# Blender 4.0.2
# www.blender.org
mtllib bakushin.mtl
o bakushin
v -5.854315 -11.000617 -7.693628
v -5.486091 -10.907050 -7.956331
v -4.878802 -11.344485 -7.862509
v -5.426141 -11.289893 -7.419714
v -5.854315 -11.000617 -7.693628
v -4.878802 -11.344485 -7.862509
v 5.375901 -10.907050 -7.956331
v 6.041437 -10.781783 -7.624661
v 5.304256 -11.225796 -7.747726
v 5.304256 -11.225796 -7.747726
v 4.589741 -11.322779 -7.909298
v 4.510055 -11.072989 -8.123992
v 5.304256 -11.225796 -7.747726
v 4.510055 -11.072989 -8.123992
v 5.375901 -10.907050 -7.956331
v 5.783117 -11.033038 -7.295673
v 5.304256 -11.225796 -7.747726
v 6.041437 -10.781783 -7.624661
v 5.304256 -11.225796 -7.747726
v 4.699163 -11.402471 -7.529131
v 4.589741 -11.322779 -7.909298
v 5.304256 -11.225796 -7.747726
v 5.783117 -11.033038 -7.295673
v 5.312541 -11.291845 -7.415083
v -4.878802 -11.344485 -7.862509
v -4.541285 -11.009147 -8.177361
v -3.811657 -11.005498 -8.175167
v 4.699163 -11.402471 -7.529131
v 5.304256 -11.225796 -7.747726
v 5.312541 -11.291845 -7.415083
v -6.293452 -10.614358 -7.583720
v -6.210105 -10.260753 -7.840331
v -5.854315 -11.000617 -7.693628
v -6.058042 -10.914603 -7.263017
v -6.293452 -10.614358 -7.583720
v -5.854315 -11.000617 -7.693628
v -5.854315 -11.000617 -7.693628
v -6.210105 -10.260753 -7.840331
v -5.486091 -10.907050 -7.956331
v -5.486091 -10.907050 -7.956331
v -5.341819 -10.411119 -8.207580
v -4.541285 -11.009147 -8.177361
v -4.878802 -11.344485 -7.862509
v 0.704504 10.455067 7.932367
v -0.231773 10.726285 7.663813
v -0.082388 10.136555 8.460942
v -5.426141 -11.289893 -7.419714
v -4.878802 -11.344485 -7.862509
v -4.809347 -11.402471 -7.529131
v -5.426141 -11.289893 -7.419714
v -6.058042 -10.914603 -7.263017
v -5.854315 -11.000617 -7.693628
v -4.236664 -11.340325 -7.667064
v -4.878802 -11.344485 -7.862509
v -3.811657 -11.005498 -8.175167
v -4.809347 -11.402471 -7.529131
v -4.878802 -11.344485 -7.862509
v 0.704504 10.455067 7.932367
v -0.082388 10.136555 8.460942
v 0.904583 9.528767 8.729006
v 0.704504 10.455067 7.932367
v 0.574862 10.879812 7.008274
v -0.231773 10.726285 7.663813
v 5.237242 -10.419416 -8.202949
v 5.375901 -10.907050 -7.956331
v 4.510055 -11.072989 -8.123992
v 5.375901 -10.907050 -7.956331
v 5.237242 -10.419416 -8.202949
v 6.247360 -10.009266 -7.830826
v 5.375901 -10.907050 -7.956331
v 6.041437 -10.781783 -7.624661
v 4.126474 -11.340325 -7.667064
v 3.701229 -11.005498 -8.175167
v 4.589741 -11.322779 -7.909298
v 0.904583 9.528767 8.729006
v -0.082388 10.136555 8.460942
v 0.152534 9.170535 9.086022
v -0.082388 10.136555 8.460942
v -0.231773 10.726285 7.663813
v -0.959204 10.090004 8.020341
v 4.266848 -10.613638 -8.360621
v 4.510055 -11.072989 -8.123992
v 3.701229 -11.005498 -8.175167
v 0.574862 10.879812 7.008274
v -0.317798 10.956088 6.864249
v -0.231773 10.726285 7.663813
v 4.589741 -11.322779 -7.909298
v 4.699163 -11.402471 -7.529131
v 4.126474 -11.340325 -7.667064
v 6.247360 -10.009266 -7.830826
v 6.530047 -9.957857 -7.557156
v 6.041437 -10.781783 -7.624661
v 6.594383 -9.294269 -7.636846
v -5.486091 -10.907050 -7.956331
v -6.210105 -10.260753 -7.840331
v -5.341819 -10.411119 -8.207580
v -5.582592 -9.780927 -8.263630
v 5.237242 -10.419416 -8.202949
v 5.681010 -9.830894 -8.168346
v 6.247360 -10.009266 -7.830826
v -4.541285 -11.009147 -8.177361
v -5.341819 -10.411119 -8.207580
v -4.510090 -10.350205 -8.422276
v 5.783117 -11.033038 -7.295673
v 6.041437 -10.781783 -7.624661
v 6.222986 -10.618262 -7.225243
v 4.266848 -10.613638 -8.360621
v 4.714026 -9.864036 -8.470283
v 5.237242 -10.419416 -8.202949
v 4.510055 -11.072989 -8.123992
v -4.428207 11.017512 -1.021004
v -4.606590 11.008239 -0.133710
v -3.406637 11.482231 -0.543116
v -3.406637 11.482231 -0.543116
v -1.920092 11.772227 0.022499
v -1.792397 11.769787 -0.825560
v -2.744756 11.481511 -1.352674
v -3.406637 11.482231 -0.543116
v -1.792397 11.769787 -0.825560
v 4.316803 11.017512 -1.021734
v 3.292793 11.483463 -0.544337
v 4.456439 11.020673 0.114131
v -3.811657 -11.005498 -8.175167
v -4.541285 -11.009147 -8.177361
v -3.594770 -10.335332 -8.457854
v -0.082388 10.136555 8.460942
v -0.959204 10.090004 8.020341
v -0.778380 9.452978 8.621294
v 0.152534 9.170535 9.086022
v -0.082388 10.136555 8.460942
v -0.778380 9.452978 8.621294
v 6.530047 -9.957857 -7.557156
v 6.222986 -10.618262 -7.225243
v 6.041437 -10.781783 -7.624661
v -1.792397 11.769787 -0.825560
v -1.920092 11.772227 0.022499
v -0.055336 11.865330 -0.301859
v 1.077115 11.768811 -1.087045
v -0.055336 11.865330 -0.301859
v 1.919570 11.769787 -0.530933
v 2.626287 11.482231 -1.356573
v 1.919570 11.769787 -0.530933
v 3.292793 11.483463 -0.544337
v -2.770832 11.493921 0.836199
v -1.920092 11.772227 0.022499
v -3.406637 11.482231 -0.543116
v 1.919570 11.769787 -0.530933
v -0.055336 11.865330 -0.301859
v 1.590337 11.768811 0.206733
v 1.919570 11.769787 -0.530933
v 1.590337 11.768811 0.206733
v 2.660649 11.493921 0.836199
v 2.660649 11.493921 0.836199
v 3.292793 11.483463 -0.544337
v 1.919570 11.769787 -0.530933
v -5.686163 10.373422 -0.065231
v -4.606590 11.008239 -0.133710
v -5.571383 10.382183 -0.920114
v -3.406637 11.482231 -0.543116
v -4.606590 11.008239 -0.133710
v -4.143812 11.036035 0.911014
v -2.770832 11.493921 0.836199
v -3.406637 11.482231 -0.543116
v -4.143812 11.036035 0.911014
v -1.920092 11.772227 0.022499
v -0.055336 11.771739 0.673898
v -0.055336 11.865330 -0.301859
v 5.461200 10.382183 -0.920114
v 4.456439 11.020673 0.114131
v 5.575736 10.373654 -0.065961
v 4.456439 11.020673 0.114131
v 5.461200 10.382183 -0.920114
v 4.316803 11.017512 -1.021734
v 3.292793 11.483463 -0.544337
v 2.660649 11.493921 0.836199
v 4.456439 11.020673 0.114131
v -0.231773 10.726285 7.663813
v -1.088851 10.515981 7.135237
v -0.959204 10.090004 8.020341
v -4.809347 -11.402471 -7.529131
v -5.118598 -11.294750 -6.337948
v -5.426141 -11.289893 -7.419714
v -6.538611 -10.289036 -7.208672
v -6.635600 -9.946888 -7.583720
v -6.293452 -10.614358 -7.583720
v 4.699163 -11.402471 -7.529131
v 5.312541 -11.291845 -7.415083
v 5.003296 -11.293797 -6.331856
v 2.660649 11.493921 0.836199
v 3.515531 11.034803 1.580933
v 4.456439 11.020673 0.114131
v -0.231773 10.726285 7.663813
v -0.317798 10.956088 6.864249
v -1.088851 10.515981 7.135237
v 3.581087 11.019209 -1.793031
v 3.292793 11.483463 -0.544337
v 4.316803 11.017512 -1.021734
v -3.375443 11.025554 -2.006508
v -4.428207 11.017512 -1.021004
v -3.406637 11.482231 -0.543116
v -6.635600 -9.946888 -7.583720
v -6.214492 -9.488490 -8.003852
v -6.210105 -10.260753 -7.840331
v -4.143812 11.036035 0.911014
v -4.606590 11.008239 -0.133710
v -5.091547 10.423134 1.396455
v -1.437333 11.492713 -1.841282
v -2.744756 11.481511 -1.352674
v -1.792397 11.769787 -0.825560
v -6.210105 -10.260753 -7.840331
v -6.214492 -9.488490 -8.003852
v -5.582592 -9.780927 -8.263630
v -1.920092 11.772227 0.022499
v -0.972120 11.492225 1.652822
v -0.055336 11.771739 0.673898
v -2.770832 11.493921 0.836199
v -0.972120 11.492225 1.652822
v -1.920092 11.772227 0.022499
v 1.590337 11.768811 0.206733
v 1.165580 11.483208 1.597503
v 2.660649 11.493921 0.836199
v 5.006218 10.423366 -1.241793
v 5.561355 10.160421 -0.313554
v 5.736816 10.077336 -0.898669
v 5.736816 10.077336 -0.898669
v 5.561355 10.160421 -0.313554
v 5.810901 10.042476 -0.625243
v 5.561355 10.160421 -0.313554
v 5.006218 10.423366 -1.241793
v 4.611430 10.610291 -0.064743
v 3.771410 11.008007 -1.283951
v 4.611430 10.610291 -0.064743
v 5.006218 10.423366 -1.241793
v 3.030825 11.358685 -1.069255
v 3.506032 11.133506 -0.115919
v 4.611430 10.610291 -0.064743
v 3.771410 11.008007 -1.283951
v 3.506032 11.133506 -0.115919
v 3.506032 11.133506 -0.115919
v 3.030825 11.358685 -1.069255
v 2.873393 11.433240 -0.386420
v 2.873393 11.433240 -0.386420
v 3.030825 11.358685 -1.069255
v 2.744239 11.494410 -0.837502
v 2.873393 11.433240 -0.386420
v 2.744239 11.494410 -0.837502
v 2.702319 11.514164 -0.612327
v -3.185119 10.999477 2.081971
v -2.770832 11.493921 0.836199
v -4.143812 11.036035 0.911014
v 1.590337 11.768811 0.206733
v -0.055336 11.865330 -0.301859
v -0.055336 11.771739 0.673898
v 1.165580 11.483208 1.597503
v 2.660649 11.493921 0.836199
v 2.471052 11.016768 2.415590
v 4.456439 11.020673 0.114131
v 4.967959 10.416556 1.448851
v 5.575736 10.373654 -0.065961
v 4.456439 11.020673 0.114131
v 3.515531 11.034803 1.580933
v 4.967959 10.416556 1.448851
v -4.606590 11.008239 -0.133710
v -4.428207 11.017512 -1.021004
v -5.571383 10.382183 -0.920114
v -6.320504 9.470037 -1.326598
v -5.086672 10.389016 -1.713342
v -5.571383 10.382183 -0.920114
v -4.428207 11.017512 -1.021004
v 2.660649 11.493921 0.836199
v 2.471052 11.016768 2.415590
v 3.515531 11.034803 1.580933
v -1.437333 11.492713 -1.841282
v -0.771559 11.768323 -1.145774
v 1.403913 11.487344 -1.831535
v 0.696951 11.024322 -2.587720
v -1.792397 11.769787 -0.825560
v -0.055336 11.865330 -0.301859
v -1.437333 11.492713 -1.841282
v -0.771559 11.768323 -1.145774
v -0.771559 11.768323 -1.145774
v 1.077115 11.768811 -1.087045
v -4.143812 11.036035 0.911014
v -4.199374 10.382183 2.643444
v -3.185119 10.999477 2.081971
v 5.003296 -11.293797 -6.331856
v 5.312541 -11.291845 -7.415083
v 5.783117 -11.033038 -7.295673
v -3.185119 10.999477 2.081971
v -0.972120 11.492225 1.652822
v -2.770832 11.493921 0.836199
v -5.118598 -11.294750 -6.337948
v -6.058042 -10.914603 -7.263017
v -5.426141 -11.289893 -7.419714
v 4.967959 10.416556 1.448851
v 3.515531 11.034803 1.580933
v 4.089190 10.382183 2.643444
v -0.055336 11.771739 0.673898
v -0.972120 11.492225 1.652822
v 1.165580 11.483208 1.597503
v 1.165580 11.483208 1.597503
v 0.639924 11.025785 2.922233
v -4.541285 -11.009147 -8.177361
v -4.510090 -10.350205 -8.422276
v -3.594770 -10.335332 -8.457854
v -3.594770 -10.335332 -8.457854
v -3.825793 -9.731215 -8.613091
v -6.058042 -10.914603 -7.263017
v -6.538611 -10.289036 -7.208672
v -6.293452 -10.614358 -7.583720
v -0.972120 11.492225 1.652822
v -3.185119 10.999477 2.081971
v -1.629608 11.011168 2.790394
v -3.172686 10.407539 3.393540
v -1.629608 11.011168 2.790394
v 4.976244 10.389016 -1.713342
v 3.581087 11.019209 -1.793031
v 4.316803 11.017512 -1.021734
v -6.282000 9.530973 0.913939
v -5.091547 10.423134 1.396455
v -5.686163 10.373422 -0.065231
v -4.199374 10.382183 2.643444
v -4.143812 11.036035 0.911014
v 2.471052 11.016768 2.415590
v 1.165580 11.483208 1.597503
v 0.639924 11.025785 2.922233
v -4.199374 10.382183 2.643444
v -3.172686 10.407539 3.393540
v -3.185119 10.999477 2.081971
v 2.471052 11.016768 2.415590
v 3.095643 10.392177 3.405724
v 4.089190 10.382183 2.643444
v -4.809347 -11.402471 -7.529131
v -4.318302 -11.383716 -6.529494
v -5.118598 -11.294750 -6.337948
v -5.571383 10.382183 -0.920114
v -6.549331 9.457603 -0.319405
v -5.686163 10.373422 -0.065231
v 4.089190 10.382183 2.643444
v 3.515531 11.034803 1.580933
v 2.471052 11.016768 2.415590
v 4.699163 -11.402471 -7.529131
v 5.003296 -11.293797 -6.331856
v 4.207869 -11.383716 -6.529494
v 0.639924 11.025785 2.922233
v -0.972120 11.492225 1.652822
v -1.629608 11.011168 2.790394
v 6.456450 9.422765 -0.712729
v 5.461200 10.382183 -0.920114
v 5.575736 10.373654 -0.065961
v -4.606590 11.008239 -0.133710
v -5.686163 10.373422 -0.065231
v -5.091547 10.423134 1.396455
v -5.556027 9.457603 2.429724
v -4.199374 10.382183 2.643444
v 3.407817 -10.165466 -8.505620
v 3.701229 -11.005498 -8.175167
v 3.031551 -10.164025 -8.398882
v 2.969900 -9.177531 -8.542174
v 4.510055 -11.072989 -8.123992
v 4.589741 -11.322779 -7.909298
v 3.701229 -11.005498 -8.175167
v 4.266848 -10.613638 -8.360621
v 3.610085 -11.095903 -7.823761
v 3.701229 -11.005498 -8.175167
v 4.126474 -11.340325 -7.667064
v -6.476710 -9.033509 -7.852760
v -6.214492 -9.488490 -8.003852
v -6.635600 -9.946888 -7.583720
v -6.635600 -9.946888 -7.583720
v -6.210105 -10.260753 -7.840331
v -6.293452 -10.614358 -7.583720
v -6.718459 -9.220178 -7.603704
v -6.476710 -9.033509 -7.852760
v -6.507173 -8.488354 -7.718484
v -6.476710 -9.033509 -7.852760
v -3.720269 -11.095903 -7.823761
v -4.236664 -11.340325 -7.667064
v -3.811657 -11.005498 -8.175167
v -6.549331 9.457603 -0.319405
v -5.571383 10.382183 -0.920114
v -6.320504 9.470037 -1.326598
v 0.482498 10.924178 5.968669
v -0.317798 10.956088 6.864249
v 0.574862 10.879812 7.008274
v 5.575736 10.373654 -0.065961
v 4.967959 10.416556 1.448851
v 6.166942 9.522444 0.960728
v 2.626287 11.482231 -1.356573
v 1.077115 11.768811 -1.087045
v 1.919570 11.769787 -0.530933
v 1.403913 11.487344 -1.831535
v 2.626287 11.482231 -1.356573
v 2.354814 11.014816 -2.357673
v 1.403913 11.487344 -1.831535
v 0.696951 11.024322 -2.587720
v 1.403913 11.487344 -1.831535
v 3.638358 10.389249 -2.620376
v 3.581087 11.019209 -1.793031
v 3.581087 11.019209 -1.793031
v 4.976244 10.389016 -1.713342
v 3.292793 11.483463 -0.544337
v 2.626287 11.482231 -1.356573
v 3.581087 11.019209 -1.793031
v 2.354814 11.014816 -2.357673
v 4.699163 -11.402471 -7.529131
v 4.207869 -11.383716 -6.529494
v 4.126474 -11.340325 -7.667064
v -4.318302 -11.383716 -6.529494
v -4.809347 -11.402471 -7.529131
v -4.236664 -11.340325 -7.667064
v -5.118598 -11.294750 -6.337948
v -6.002724 -10.725982 -6.140798
v -6.058042 -10.914603 -7.263017
v -5.341819 -10.411119 -8.207580
v -4.726977 -9.498716 -8.534863
v -4.510090 -10.350205 -8.422276
v 2.471052 11.016768 2.415590
v 1.453869 10.382183 3.907736
v 3.095643 10.392177 3.405724
v 1.453869 10.382183 3.907736
v 2.471052 11.016768 2.415590
v 0.639924 11.025785 2.922233
v -6.282000 9.530973 0.913939
v -5.686163 10.373422 -0.065231
v -6.549331 9.457603 -0.319405
v -0.862453 10.389249 4.021298
v 0.639924 11.025785 2.922233
v -1.629608 11.011168 2.790394
v -5.341819 -10.411119 -8.207580
v -5.582592 -9.780927 -8.263630
v -4.726977 -9.498716 -8.534863
v -0.317798 10.956088 6.864249
v 0.482498 10.924178 5.968669
v -0.367265 10.974122 6.030568
v -4.374109 -11.201182 -5.886136
v -4.399209 -11.120770 -5.185269
v -5.181470 -11.063017 -5.730415
v 0.152534 9.170535 9.086022
v -0.778380 9.452978 8.621294
v -0.585617 8.779419 8.958568
v 0.904583 9.528767 8.729006
v 0.152534 9.170535 9.086022
v 1.136332 8.105093 9.131591
v 4.264163 -11.200927 -5.885407
v 5.071774 -11.063017 -5.731636
v 4.290239 -11.120515 -5.184781
v 3.875226 10.269118 -0.689579
v 3.882297 10.271302 -0.645468
v 4.311929 10.117287 -0.691528
v 1.464838 9.806584 7.831964
v 0.704504 10.455067 7.932367
v 0.904583 9.528767 8.729006
v 5.681010 -9.830894 -8.168346
v 6.063370 -9.086637 -8.049665
v 6.247360 -10.009266 -7.830826
v 5.783117 -11.033038 -7.295673
v 6.222986 -10.618262 -7.225243
v 5.891076 -10.727190 -6.141042
v -3.172686 10.407539 3.393540
v -0.862453 10.389249 4.021298
v -1.629608 11.011168 2.790394
v 1.357612 10.279345 7.205668
v 0.574862 10.879812 7.008274
v 0.704504 10.455067 7.932367
v 5.891076 -10.727190 -6.141042
v 5.003296 -11.293797 -6.331856
v 5.783117 -11.033038 -7.295673
v -3.811657 -11.005498 -8.175167
v -3.594770 -10.335332 -8.457854
v -3.147586 -10.141598 -8.418378
v 5.575736 10.373654 -0.065961
v 6.166942 9.522444 0.960728
v 6.456450 9.422765 -0.712729
v 4.311929 10.117287 -0.691528
v 3.882297 10.271302 -0.645468
v 4.323869 10.123631 -0.645468
v 4.370414 -10.084564 -0.942290
v 3.987083 -10.306094 0.694857
v 2.985250 -10.349716 -1.946313
v -4.199374 10.382183 2.643444
v -5.556027 9.457603 2.429724
v -4.822995 9.457603 3.377943
v -6.282000 9.530973 0.913939
v -5.556027 9.457603 2.429724
v -5.091547 10.423134 1.396455
v -1.621323 11.032851 -2.508034
v -3.375443 11.025554 -2.006508
v -1.437333 11.492713 -1.841282
v 4.714026 -9.864036 -8.470283
v 5.681010 -9.830894 -8.168346
v 5.237242 -10.419416 -8.202949
v 5.316684 -9.183875 -8.372317
v 3.966614 -9.879374 -8.569956
v 4.266848 -10.613638 -8.360621
v 4.353355 -9.160240 -8.600904
v 4.967959 10.416556 1.448851
v 4.089190 10.382183 2.643444
v 5.445600 9.457603 2.429724
v 4.976244 10.389016 -1.713342
v 6.456450 9.422765 -0.712729
v 5.767523 9.454698 -1.955576
v 6.166942 9.522444 0.960728
v 4.967959 10.416556 1.448851
v 5.445600 9.457603 2.429724
v 6.594383 -9.294269 -7.636846
v 6.247360 -10.009266 -7.830826
v 6.063370 -9.086637 -8.049665
v 8.205695 -7.586687 -0.147842
v 7.997581 -7.878148 -0.162951
v 8.027067 -7.674188 -0.501930
v -8.180874 -7.594984 -0.135170
v -8.100699 -7.570372 -0.447343
v -8.018085 -7.832340 -0.145892
v 8.027067 -7.674188 0.210392
v 7.997581 -7.878148 -0.162951
v 8.205695 -7.586687 -0.147842
v 4.089190 10.382183 2.643444
v 4.712562 9.457603 3.377943
v 5.445600 9.457603 2.429724
v 4.089190 10.382183 2.643444
v 3.819420 9.457603 4.033241
v 1.132921 -7.691734 8.800167
v 0.190067 -6.593383 9.098696
v 1.168503 -8.035579 8.684412
v -3.929847 9.457603 4.033241
v -4.199374 10.382183 2.643444
v -4.822995 9.457603 3.377943
v -4.199374 10.382183 2.643444
v -3.929847 9.457603 4.033241
v -3.172686 10.407539 3.393540
v 1.357612 10.279345 7.205668
v 0.704504 10.455067 7.932367
v 1.464838 9.806584 7.831964
v 3.819420 9.457603 4.033241
v 4.089190 10.382183 2.643444
v 3.095643 10.392177 3.405724
v -8.100699 -7.570372 -0.447343
v -7.867236 -7.767267 -0.564316
v -8.018085 -7.832340 -0.145892
v -3.825793 -9.731215 -8.613091
v -4.510090 -10.350205 -8.422276
v -4.726977 -9.498716 -8.534863
v -6.214492 -9.488490 -8.003852
v -5.740749 -8.878029 -8.260220
v -5.582592 -9.780927 -8.263630
v -3.989070 10.274231 -0.645224
v -3.962994 10.274487 -0.671300
v -4.444778 10.105853 -0.667889
v -4.430398 10.122656 -0.644251
v -7.789008 -7.983660 -0.142238
v -7.947654 -7.710722 0.243533
v -8.018085 -7.832340 -0.145892
v -7.947654 -7.710722 0.243533
v -8.180874 -7.594984 -0.135170
v -7.867236 -7.767267 -0.564316
v -7.789008 -7.983660 -0.142238
v -8.018085 -7.832340 -0.145892
v 6.456450 9.422765 -0.712729
v 4.976244 10.389016 -1.713342
v 5.461200 10.382183 -0.920114
v 3.549160 -9.258431 -8.643309
v 3.966614 -9.879374 -8.569956
v 3.407817 -10.165466 -8.505620
v 4.266848 -10.613638 -8.360621
v 3.407817 -10.165466 -8.505620
v 2.381860 9.411796 4.743611
v 3.095643 10.392177 3.405724
v 1.453869 10.382183 3.907736
v -4.187678 -10.815156 -5.275193
v -3.790212 -10.628976 -3.671922
v -5.173429 -10.483257 -5.106800
v -4.233491 -10.792752 -3.680693
v -3.014045 -10.425736 -0.744163
v -3.612805 -10.247597 -0.628164
v 8.208861 -7.303756 -0.566266
v 8.205695 -7.586687 -0.147842
v 8.027067 -7.674188 -0.501930
v -1.763887 9.457603 4.850837
v -3.172686 10.407539 3.393540
v -2.906087 9.457603 4.545487
v 4.127939 -10.790800 -3.679719
v 3.507490 -10.245645 -0.627679
v 2.907998 -10.425992 -0.743675
v -3.577467 -10.872444 -3.804978
v -3.014045 -10.425736 -0.744163
v -4.233491 -10.792752 -3.680693
v 3.471182 -10.872444 -3.804004
v 4.127939 -10.790800 -3.679719
v 2.907998 -10.425992 -0.743675
v 0.211751 -10.274161 -2.865046
v 2.985250 -10.349716 -1.946313
v -1.395662 -10.514934 -0.658138
v -2.912420 -10.214457 -2.306496
v 0.211751 -10.274161 -2.865046
v -3.434904 -10.297797 1.689622
v -4.471586 -10.297309 -0.444662
v -2.912420 -10.214457 -2.306496
v -0.515674 -10.333866 2.599582
v -3.434904 -10.297797 1.689622
v 1.176544 -10.493971 0.665371
v 2.985250 -10.349716 -1.946313
v 2.652851 -10.251734 2.092695
v -0.515674 -10.333866 2.599582
v 3.987083 -10.306094 0.694857
v 2.652851 -10.251734 2.092695
v 2.985250 -10.349716 -1.946313
v -0.077757 -5.839388 9.298036
v 0.190067 -6.593383 9.098696
v 1.132921 -7.691734 8.800167
v -3.929847 9.457603 4.033241
v -2.906087 9.457603 4.545487
v -3.172686 10.407539 3.393540
v -6.549331 9.457603 -0.319405
v -6.320504 9.470037 -1.326598
v -7.078636 8.261060 -1.090212
v -0.317798 10.956088 6.864249
v -1.124915 10.590071 6.123173
v -1.088851 10.515981 7.135237
v -4.233491 -10.792752 -3.680693
v -3.612805 -10.247597 -0.628164
v -4.790581 -10.478632 -3.583460
v -7.450764 -8.019730 -0.531663
v -7.789008 -7.983660 -0.142238
v -7.867236 -7.767267 -0.564316
v 8.027067 -7.674188 -0.501930
v 7.997581 -7.878148 -0.162951
v 7.562093 -7.911544 -0.691771
v -1.124915 10.590071 6.123173
v -0.317798 10.956088 6.864249
v -0.367265 10.974122 6.030568
v -5.582592 -9.780927 -8.263630
v -5.231182 -8.882166 -8.432999
v -4.726977 -9.498716 -8.534863
v 7.094201 8.261060 -0.310144
v 6.166942 9.522444 0.960728
v 6.967964 8.261060 0.636127
v 7.834060 -7.970273 -0.105439
v 7.997581 -7.878148 -0.162951
v 8.027067 -7.674188 0.210392
v -6.282000 9.530973 0.913939
v -7.204141 8.261060 -0.310144
v -6.917799 8.387302 1.078921
v 6.166942 9.522444 0.960728
v 7.094201 8.261060 -0.310144
v 6.456450 9.422765 -0.712729
v -5.181470 -11.063017 -5.730415
v -4.399209 -11.120770 -5.185269
v -5.042805 -10.926292 -5.073412
v 5.071774 -11.063017 -5.731636
v 4.934330 -10.925572 -5.072927
v 4.290239 -11.120515 -5.184781
v -0.077757 -5.839388 9.298036
v -0.835651 -5.488223 9.270254
v 0.190067 -6.593383 9.098696
v -1.596467 -4.519042 9.319481
v -1.264068 -4.325077 9.421835
v -0.077757 -5.839388 9.298036
v -0.835651 -5.488223 9.270254
v -5.181470 -11.063017 -5.730415
v -6.002724 -10.725982 -6.140798
v -5.118598 -11.294750 -6.337948
v 4.370414 -10.084564 -0.942290
v 5.042770 -9.333985 -0.013078
v 3.987083 -10.306094 0.694857
v 7.834060 -7.970273 -0.105439
v 8.027067 -7.674188 0.210392
v 7.562093 -7.911544 0.400474
v 0.639924 11.025785 2.922233
v -0.862453 10.389249 4.021298
v 1.453869 10.382183 3.907736
v -0.055336 9.457603 5.002415
v -0.055336 9.457603 5.002415
v 2.381860 9.411796 4.743611
v 2.381860 9.411796 4.743611
v 1.793338 8.261060 5.668436
v -4.619262 -9.449492 1.344548
v -4.471586 -10.297309 -0.444662
v -3.434904 -10.297797 1.689622
v 5.071774 -11.063017 -5.731636
v 5.003296 -11.293797 -6.331856
v 5.891076 -10.727190 -6.141042
v 7.997581 -7.878148 -0.162951
v 7.370793 -8.073833 -0.420535
v 7.562093 -7.911544 -0.691771
v -7.204141 8.261060 -0.310144
v -6.282000 9.530973 0.913939
v -6.549331 9.457603 -0.319405
v -7.383988 -7.973202 0.436541
v -7.947654 -7.710722 0.243533
v -7.789008 -7.983660 -0.142238
v 1.132921 -7.691734 8.800167
v 1.168503 -8.035579 8.684412
v 1.228940 -8.016567 8.662237
v 7.997581 -7.878148 -0.162951
v 7.834060 -7.970273 -0.105439
v 7.370793 -8.073833 -0.420535
v 4.127939 -10.790800 -3.679719
v 4.934330 -10.256870 -3.542274
v 3.507490 -10.245645 -0.627679
v 8.027067 -7.674188 0.210392
v 8.205695 -7.586687 -0.147842
v 8.277340 -7.242842 0.108037
v 0.152534 9.170535 9.086022
v -0.585617 8.779419 8.958568
v -0.284651 7.767337 9.206161
v -3.375443 11.025554 -2.006508
v -2.744756 11.481511 -1.352674
v -1.437333 11.492713 -1.841282
v -3.375443 11.025554 -2.006508
v -3.406637 11.482231 -0.543116
v -2.085078 10.393641 -3.012483
v -3.751708 10.400474 -2.605023
v -2.085078 10.393641 -3.012483
v -2.329261 9.472964 -3.382901
v -7.204141 8.261060 -0.310144
v -6.549331 9.457603 -0.319405
v -7.078636 8.261060 -1.090212
v -6.705787 8.261060 -1.787912
v -6.320504 9.470037 -1.326598
v 6.967964 8.261060 -1.090212
v 6.456450 9.422765 -0.712729
v 7.094201 8.261060 -0.310144
v 8.208861 -7.303756 -0.566266
v 8.027067 -7.674188 -0.501930
v 7.785319 -7.465813 -1.079732
v 7.562093 -7.911544 -0.691771
v 8.027067 -7.674188 0.210392
v 8.277340 -7.242842 0.108037
v 8.031210 -7.323022 0.612245
v -3.825793 -9.731215 -8.613091
v -4.726977 -9.498716 -8.534863
v -4.049746 -9.115642 -8.647451
v 3.630311 -11.027435 -6.024557
v 4.264163 -11.200927 -5.885407
v 3.625686 -11.051559 -5.318572
v 1.464838 9.806584 7.831964
v 0.904583 9.528767 8.729006
v 1.560119 9.064535 8.317406
v -3.740012 -11.027180 -6.025286
v -3.734893 -11.051071 -5.319059
v -4.374109 -11.201182 -5.886136
v 4.339225 -10.780086 -5.226698
v 5.065192 -10.480584 -5.106556
v 3.684415 -10.629231 -3.671190
v 4.609728 -10.178387 -3.508889
v 2.262938 6.596638 7.217853
v 2.187150 10.213317 4.723385
v 1.392699 6.865671 7.230768
v -7.632802 -7.591800 -1.079488
v -7.450764 -8.019730 -0.531663
v -7.867236 -7.767267 -0.564316
v -8.100699 -7.570372 -0.447343
v -8.118240 -7.133914 -0.861869
v -4.471586 -10.297309 -0.444662
v -4.613905 -9.450724 -1.549578
v -2.912420 -10.214457 -2.306496
v 6.166942 9.522444 0.960728
v 5.445600 9.457603 2.429724
v 6.595353 8.261060 1.728613
v 3.819420 9.457603 4.033241
v 3.095643 10.392177 3.405724
v 2.381860 9.411796 4.743611
v 3.051050 8.261060 5.298995
v 4.183257 8.261060 4.662460
v -1.621323 11.032851 -2.508034
v 0.696951 11.024322 -2.587720
v -0.050461 10.384624 -3.098508
v -1.621323 11.032851 -2.508034
v -1.437333 11.492713 -1.841282
v -5.556027 9.457603 2.429724
v -6.282000 9.530973 0.913939
v -6.917799 8.387302 1.078921
v 5.316684 -9.183875 -8.372317
v 4.714026 -9.864036 -8.470283
v 4.353355 -9.160240 -8.600904
v 4.871696 -8.673814 -8.489779
v -0.871471 6.607352 7.424261
v 1.392699 6.865671 7.230768
v 0.264147 10.854479 4.243060
v -1.211428 10.500618 4.508204
v -0.871471 6.607352 7.424261
v 0.264147 10.854479 4.243060
v 0.264147 10.854479 4.243060
v 1.392699 6.865671 7.230768
v 2.187150 10.213317 4.723385
v 2.187150 10.213317 4.723385
v 3.655660 7.048923 7.093567
v 4.994767 7.058196 7.086743
v 4.520287 6.835946 7.252943
v -4.322933 6.791580 7.286331
v -2.814943 6.798157 7.281456
v -2.839799 8.984121 5.644068
v -3.896950 6.543742 7.471782
v 1.136332 8.105093 9.131591
v 0.486641 7.718833 9.383816
v 1.526490 5.561176 9.309246
v -5.556027 9.457603 2.429724
v -6.100444 8.261060 2.873250
v -4.822995 9.457603 3.377943
v 6.967964 8.261060 0.636127
v 6.166942 9.522444 0.960728
v 6.595353 8.261060 1.728613
v 6.063370 -9.086637 -8.049665
v 6.449867 -8.593889 -7.721409
v 6.594383 -9.294269 -7.636846
v 6.967964 8.261060 -1.090212
v 5.767523 9.454698 -1.955576
v 6.456450 9.422765 -0.712729
v 4.264163 -11.200927 -5.885407
v 4.290239 -11.120515 -5.184781
v 3.625686 -11.051559 -5.318572
v 3.471182 -10.872444 -3.804004
v 2.907998 -10.425992 -0.743675
v 2.287550 -10.358734 -0.864062
v -5.173429 -10.483257 -5.106800
v -3.790212 -10.628976 -3.671922
v -4.718935 -10.179619 -3.508889
v -1.596467 -4.519042 9.319481
v -1.337660 -5.348105 9.034603
v -0.835651 -5.488223 9.270254
v -8.337080 -6.928722 -0.325740
v -8.100699 -7.570372 -0.447343
v -8.180874 -7.594984 -0.135170
v -2.906087 9.457603 4.545487
v -1.903766 8.261060 5.668436
v -1.763887 9.457603 4.850837
v -3.172686 10.407539 3.393540
v -0.862453 10.389249 4.021298
v -0.055336 8.261060 5.820746
v -1.763887 9.457603 4.850837
v -0.055336 9.457603 5.002415
v -0.862453 10.389249 4.021298
v -4.374109 -11.201182 -5.886136
v -3.734893 -11.051071 -5.319059
v -4.399209 -11.120770 -5.185269
v -8.337080 -6.928722 -0.325740
v -8.118240 -7.133914 -0.861869
v -8.100699 -7.570372 -0.447343
v -3.577467 -10.872444 -3.804978
v -2.394323 -10.357269 -0.864550
v -3.014045 -10.425736 -0.744163
v -2.085078 10.393641 -3.012483
v -3.375443 11.025554 -2.006508
v -1.621323 11.032851 -2.508034
v 4.712562 9.457603 3.377943
v 5.990505 8.261060 2.873250
v 5.445600 9.457603 2.429724
v 0.190067 -6.593383 9.098696
v -1.337660 -5.348105 9.034603
v 0.425233 -7.118319 8.844034
v 0.107697 -9.547706 8.170217
v 0.040439 -9.754848 7.231258
v 0.143761 -9.529671 8.167047
v -0.835651 -5.488223 9.270254
v -1.337660 -5.348105 9.034603
v 0.190067 -6.593383 9.098696
v 0.642853 -6.395257 9.077006
v -0.077757 -5.839388 9.298036
v 1.132921 -7.691734 8.800167
v 6.222986 -10.618262 -7.225243
v 6.530047 -9.957857 -7.557156
v 6.571717 -9.919580 -7.206479
v 6.594383 -9.294269 -7.636846
v 6.571717 -9.919580 -7.206479
v -4.790581 -10.478632 -3.583460
v -3.612805 -10.247597 -0.628164
v -4.117254 -9.832822 -0.532392
v 5.445600 9.457603 2.429724
v 5.990505 8.261060 2.873250
v 6.595353 8.261060 1.728613
v 4.712562 9.457603 3.377943
v 5.175828 8.261060 3.856560
v -5.042805 -10.926292 -5.073412
v -5.703222 -10.344581 -4.984221
v -5.181470 -11.063017 -5.730415
v 1.392699 6.865671 7.230768
v -0.871471 6.607352 7.424261
v -0.037789 6.320283 7.424749
v -2.839799 8.984121 5.644068
v -1.792153 6.389494 7.373085
v -1.211428 10.500618 4.508204
v 7.216046 -8.121848 0.115106
v 7.834060 -7.970273 -0.105439
v 7.562093 -7.911544 0.400474
v -5.286012 8.261060 3.856560
v -4.822995 9.457603 3.377943
v -6.100444 8.261060 2.873250
v 4.934330 -10.256870 -3.542274
v 4.008284 -9.830405 -0.532148
v 3.507490 -10.245645 -0.627679
v -5.740749 -8.878029 -8.260220
v -5.231182 -8.882166 -8.432999
v -5.582592 -9.780927 -8.263630
v -4.818609 -8.427208 -8.514637
v 8.027067 -7.674188 0.210392
v 8.031210 -7.323022 0.612245
v 7.645927 -7.585479 0.786486
v 3.051050 8.261060 5.298995
v 3.819420 9.457603 4.033241
v 2.381860 9.411796 4.743611
v 8.277340 -7.242842 0.108037
v 8.205695 -7.586687 -0.147842
v 8.398947 -6.699152 -0.172698
v 5.071774 -11.063017 -5.731636
v 5.593038 -10.343860 -4.984221
v 4.934330 -10.925572 -5.072927
v 1.357612 10.279345 7.205668
v 1.217726 10.491856 6.154120
v 0.574862 10.879812 7.008274
v 1.217726 10.491856 6.154120
v 0.482498 10.924178 5.968669
v 0.574862 10.879812 7.008274
v -4.822995 9.457603 3.377943
v -4.293685 8.261060 4.662460
v -3.929847 9.457603 4.033241
v 8.398947 -6.699152 -0.172698
v 8.205695 -7.586687 -0.147842
v 8.208861 -7.303756 -0.566266
v -5.556027 9.457603 -2.224371
v -5.086672 10.389016 -1.713342
v -4.570039 9.463459 -2.855786
v -6.538611 -10.289036 -7.208672
v -6.716018 -9.732912 -7.209648
v -6.635600 -9.946888 -7.583720
v -3.147586 -10.141598 -8.418378
v -3.594770 -10.335332 -8.457854
v -3.825793 -9.731215 -8.613091
v -6.476710 -9.033509 -7.852760
v -5.740749 -8.878029 -8.260220
v -6.214492 -9.488490 -8.003852
v -5.909145 -8.169121 -8.094261
v -6.476710 -9.033509 -7.852760
v 7.370793 -8.073833 -0.420535
v 7.834060 -7.970273 -0.105439
v 7.216046 -8.121848 0.115106
v 4.183257 8.261060 4.662460
v 4.712562 9.457603 3.377943
v 3.819420 9.457603 4.033241
v -8.312956 -6.751304 0.277650
v -8.180874 -7.594984 -0.135170
v -8.185261 -7.303756 0.274969
v -5.898420 9.029185 -0.946919
v -6.601971 7.933298 -0.298933
v -6.002235 9.029185 -0.307706
v 4.126474 -11.340325 -7.667064
v 4.207869 -11.383716 -6.529494
v 3.282805 -11.069107 -6.767827
v -8.185261 -7.303756 0.274969
v -8.180874 -7.594984 -0.135170
v -7.947654 -7.710722 0.243533
v -7.947654 -7.710722 0.243533
v -7.761718 -7.465813 0.788435
v -7.383988 -7.973202 0.436541
v -7.383988 -7.973202 0.436541
v -7.178553 -7.770916 0.860327
v -7.383988 -7.973202 0.436541
v -6.682389 -8.020473 0.545716
v 2.017291 10.392177 -3.008096
v 2.354814 11.014816 -2.357673
v 3.638358 10.389249 -2.620376
v 2.017291 10.392177 -3.008096
v 0.696951 11.024322 -2.587720
v 3.554279 -10.675782 -5.386318
v 3.684415 -10.629231 -3.671190
v 2.880708 -10.428177 -3.834952
v 4.339225 -10.780086 -5.226698
v -4.236664 -11.340325 -7.667064
v -3.393233 -11.069107 -6.767827
v -4.318302 -11.383716 -6.529494
v 1.560119 9.064535 8.317406
v 0.904583 9.528767 8.729006
v 1.136332 8.105093 9.131591
v -8.337080 -6.928722 -0.325740
v -8.180874 -7.594984 -0.135170
v -8.312956 -6.751304 0.277650
v -4.293685 8.261060 4.662460
v -4.822995 9.457603 3.377943
v -5.286012 8.261060 3.856560
v -6.100444 8.261060 2.873250
v -6.436016 6.962421 3.193465
v -5.556027 9.457603 2.429724
v -6.917799 8.387302 1.078921
v 7.562093 -7.911544 0.400474
v 8.027067 -7.674188 0.210392
v 7.645927 -7.585479 0.786486
v 7.562093 -7.911544 0.400474
v 7.202404 -7.770916 0.860327
v 3.610085 -11.095903 -7.823761
v 4.126474 -11.340325 -7.667064
v 3.282805 -11.069107 -6.767827
v -0.539804 7.750046 6.267439
v 0.338476 7.722738 6.178004
v 0.304847 7.763920 6.083205
v 6.491543 7.933298 -0.298933
v 5.787992 9.029185 -0.946919
v 5.891564 9.029185 -0.307706
v 4.976244 10.389016 -1.713342
v 4.483491 9.424461 -2.859441
v 3.638358 10.389249 -2.620376
v 4.712562 9.457603 3.377943
v 4.183257 8.261060 4.662460
v 5.175828 8.261060 3.856560
v -3.720269 -11.095903 -7.823761
v -3.393233 -11.069107 -6.767827
v -4.236664 -11.340325 -7.667064
v -6.847374 -8.191547 -0.048901
v -7.789008 -7.983660 -0.142238
v -7.450764 -8.019730 -0.531663
v -6.705787 8.261060 -1.787912
v -7.072303 7.021871 -1.750872
v -7.078636 8.261060 -1.090212
v -5.556027 9.457603 -2.224371
v -6.320504 9.470037 -1.326598
v -6.320504 9.470037 -1.326598
v -5.086672 10.389016 -1.713342
v 8.090672 -6.919217 -1.024902
v 8.208861 -7.303756 -0.566266
v 7.785319 -7.465813 -1.079732
v -1.558695 -3.174085 9.434749
v -0.748650 -1.926855 9.355062
v -1.110779 -1.745299 9.463506
v 0.586558 0.478897 9.416717
v -1.110779 -1.745299 9.463506
v -1.919848 -3.519650 9.325332
v -1.264068 -4.325077 9.421835
v -1.558695 -3.174085 9.434749
v -1.743656 -2.163002 9.342634
v -0.902177 -4.179102 9.319481
v -0.077757 -5.839388 9.298036
v -1.919848 -3.519650 9.325332
v -1.596467 -4.519042 9.319481
v -6.847374 -8.191547 -0.048901
v -7.383988 -7.973202 0.436541
v -7.789008 -7.983660 -0.142238
v 3.875226 10.269118 -0.689579
v 3.697331 10.485023 -0.739290
v 3.882297 10.271302 -0.645468
v 5.003296 -11.293797 -6.331856
v 4.264163 -11.200927 -5.885407
v 4.207869 -11.383716 -6.529494
v -4.374109 -11.201182 -5.886136
v -5.118598 -11.294750 -6.337948
v -4.318302 -11.383716 -6.529494
v -4.818609 -8.427208 -8.514637
v -4.726977 -9.498716 -8.534863
v -5.231182 -8.882166 -8.432999
v -5.898420 9.029185 -0.946919
v -5.591365 9.029185 -1.522043
v -6.375334 7.952308 -1.318068
v 8.398947 -6.699152 -0.172698
v 8.208861 -7.303756 -0.566266
v 8.290011 -6.727180 -0.682753
v -5.703222 -10.344581 -4.984221
v -5.818001 -10.558557 -5.658526
v -5.181470 -11.063017 -5.730415
v 2.187150 10.213317 4.723385
v 2.262938 6.596638 7.217853
v 3.655660 7.048923 7.093567
v 7.785319 -7.465813 -1.079732
v 7.562093 -7.911544 -0.691771
v 7.202404 -7.770916 -1.151868
v -1.558695 -3.174085 9.434749
v -1.110779 -1.745299 9.463506
v -1.743656 -2.163002 9.342634
v -7.474156 6.962421 0.714596
v -6.917799 8.387302 1.078921
v -7.204141 8.261060 -0.310144
v 3.182400 -10.725239 -7.966810
v 3.031551 -10.164025 -8.398882
v 3.701229 -11.005498 -8.175167
v -5.086672 10.389016 -1.713342
v -4.428207 11.017512 -1.021004
v -3.375443 11.025554 -2.006508
v -3.751708 10.400474 -2.605023
v -5.086672 10.389016 -1.713342
v -3.751708 10.400474 -2.605023
v -4.570039 9.463459 -2.855786
v -3.126629 8.264244 -3.570545
v -5.052799 8.307379 -3.040752
v 5.593038 -10.343860 -4.984221
v 5.071774 -11.063017 -5.731636
v 5.708549 -10.559045 -5.660719
v 6.264906 7.952308 -1.318068
v 5.480693 9.029185 -1.522043
v 5.787992 9.029185 -0.946919
v 6.957732 -8.004879 -0.872591
v 7.562093 -7.911544 -0.691771
v 7.370793 -8.073833 -0.420535
v -7.632802 -7.591800 -1.079488
v -6.985790 -7.966113 -0.941558
v -7.450764 -8.019730 -0.531663
v -1.792153 6.389494 7.373085
v -2.839799 8.984121 5.644068
v -2.814943 6.798157 7.281456
v 0.190067 -6.593383 9.098696
v 0.425233 -7.118319 8.844034
v 1.168503 -8.035579 8.684412
v -7.204141 8.261060 -0.310144
v -7.078636 8.261060 -1.090212
v -7.463436 7.021871 -1.018567
v 2.835621 -10.692585 -3.933893
v 3.471182 -10.872444 -3.804004
v 2.287550 -10.358734 -0.864062
v -7.612089 -7.292787 -1.330983
v -7.632802 -7.591800 -1.079488
v -8.118240 -7.133914 -0.861869
v -6.812525 -8.131099 -0.570896
v -6.847374 -8.191547 -0.048901
v -7.450764 -8.019730 -0.531663
v -7.474156 6.962421 0.714596
v -7.204141 8.261060 -0.310144
v -7.607702 6.962421 -0.304052
v -3.296000 -10.731584 -7.960962
v -3.811657 -11.005498 -8.175167
v -3.147586 -10.141598 -8.418378
v 6.063370 -9.086637 -8.049665
v 5.316684 -9.183875 -8.372317
v 5.591818 -8.369431 -8.232194
v 5.681010 -9.830894 -8.168346
v 6.063370 -9.086637 -8.049665
v 5.591818 -8.369431 -8.232194
v 6.449867 -8.593889 -7.721409
v 5.591818 -8.369431 -8.232194
v 5.785069 -7.828692 -7.960230
v -2.942151 -10.691121 -3.934870
v -2.394323 -10.357269 -0.864550
v -3.577467 -10.872444 -3.804978
v -1.110779 -1.745299 9.463506
v 0.586558 0.478897 9.416717
v 0.657715 1.669838 9.563176
v 1.347374 2.346582 9.425734
v 1.083942 4.564456 9.524187
v 3.182400 -10.725239 -7.966810
v 3.701229 -11.005498 -8.175167
v 3.610085 -11.095903 -7.823761
v 0.657715 1.669838 9.563176
v 0.362356 2.490836 9.433531
v -0.306096 0.709932 9.412818
v -1.110779 -1.745299 9.463506
v 0.657715 1.669838 9.563176
v 1.083942 4.564456 9.524187
v 0.362356 2.490836 9.433531
v -8.066827 -6.919217 0.733361
v -8.185261 -7.303756 0.274969
v -7.761718 -7.465813 0.788435
v 5.591818 -8.369431 -8.232194
v 5.316684 -9.183875 -8.372317
v 4.871696 -8.673814 -8.489779
v -1.110779 -1.745299 9.463506
v -0.306096 0.709932 9.412818
v -1.743656 -2.163002 9.342634
v 7.094201 8.261060 -0.310144
v 7.484847 7.021871 -0.199751
v 7.353003 7.021871 -1.018567
v 7.094201 8.261060 -0.310144
v 7.353003 7.021871 -1.018567
v 6.967964 8.261060 -1.090212
v -3.296000 -10.731584 -7.960962
v -3.720269 -11.095903 -7.823761
v -3.811657 -11.005498 -8.175167
v 7.497519 6.962421 -0.304052
v 6.967964 8.261060 0.636127
v 7.363729 6.962421 0.714596
v -4.187678 -10.815156 -5.275193
v -2.988457 -10.426480 -3.835440
v -3.790212 -10.628976 -3.671922
v 6.967964 8.261060 0.636127
v 7.497519 6.962421 -0.304052
v 7.094201 8.261060 -0.310144
v 7.216046 -8.121848 0.115106
v 7.562093 -7.911544 0.400474
v 6.957732 -8.004879 0.581051
v 8.290011 -6.727180 -0.682753
v 8.208861 -7.303756 -0.566266
v 8.090672 -6.919217 -1.024902
v 1.588879 4.035151 9.384061
v 1.083942 4.564456 9.524187
v 1.347374 2.346582 9.425734
v 1.961246 5.295303 8.896426
v 1.949056 3.702996 9.003164
v 1.526490 5.561176 9.309246
v 1.588879 4.035151 9.384061
v 0.486641 7.718833 9.383816
v 1.136332 8.105093 9.131591
v 0.152534 9.170535 9.086022
v 1.961246 5.295303 8.896426
v 1.526490 5.561176 9.309246
v 1.680749 7.885539 8.619589
v 1.136332 8.105093 9.131591
v 1.680749 7.885539 8.619589
v 1.526490 5.561176 9.309246
v 1.560119 9.064535 8.317406
v 1.136332 8.105093 9.131591
v 8.031210 -7.323022 0.612245
v 8.277340 -7.242842 0.108037
v 8.290011 -6.727180 0.391213
v -6.100444 8.261060 2.873250
v -6.917799 8.387302 1.078921
v -7.078636 6.962421 1.897493
v 7.202404 -7.770916 -1.151868
v 7.562093 -7.911544 -0.691771
v 6.957732 -8.004879 -0.872591
v 3.987083 -10.306094 0.694857
v 4.344344 -9.231401 1.575572
v 2.652851 -10.251734 2.092695
v -6.436016 6.962421 3.193465
v -6.100444 8.261060 2.873250
v -7.078636 6.962421 1.897493
v 4.323380 -8.357510 -8.573610
v 4.353355 -9.160240 -8.600904
v 3.549160 -9.258431 -8.643309
v 3.549160 -9.258431 -8.643309
v 3.966614 -9.879374 -8.569956
v -3.147586 -10.141598 -8.418378
v -3.825793 -9.731215 -8.613091
v -3.054984 -9.273305 -8.523167
v 6.105040 7.998859 -2.440529
v 5.767523 9.454698 -1.955576
v 6.595353 8.261060 -1.787912
v 6.967964 8.261060 -1.090212
v 6.595353 8.261060 -1.787912
v 6.967964 8.261060 -1.090212
v 6.961875 7.021871 -1.750872
v -3.929847 9.457603 4.033241
v -3.161722 8.261060 5.298995
v -2.906087 9.457603 4.545487
v -1.903766 8.261060 5.668436
v -3.161722 8.261060 5.298995
v -1.981262 6.962421 6.130970
v -1.903766 8.261060 5.668436
v -4.293685 8.261060 4.662460
v -3.315981 6.962421 5.781266
v -6.985790 -7.966113 -0.941558
v -6.812525 -8.131099 -0.570896
v -7.450764 -8.019730 -0.531663
v -4.117254 -9.832822 -0.532392
v -5.197064 -9.987326 -3.524484
v -4.790581 -10.478632 -3.583460
v 8.277340 -7.242842 0.108037
v 8.398947 -6.699152 -0.172698
v 8.290011 -6.727180 0.391213
v 4.311929 10.117287 -0.691528
v 4.323869 10.123631 -0.645468
v 4.591205 10.175296 -0.739049
v 3.051050 8.261060 5.298995
v 2.381860 9.411796 4.743611
v 1.793338 8.261060 5.668436
v 3.205554 6.962421 5.781266
v 4.183257 8.261060 4.662460
v -8.251787 -6.664058 -0.697619
v -8.118240 -7.133914 -0.861869
v -8.337080 -6.928722 -0.325740
v -7.595519 7.021871 -0.199751
v -7.204141 8.261060 -0.310144
v -7.463436 7.021871 -1.018567
v -7.078636 8.261060 -1.090212
v -7.072303 7.021871 -1.750872
v 6.806151 -8.148901 -0.480728
v 7.216046 -8.121848 0.115106
v 6.734750 -8.172769 0.062224
v 7.370793 -8.073833 -0.420535
v 6.967964 6.962421 1.897493
v 7.363729 6.962421 0.714596
v 6.595353 8.261060 1.728613
v -7.474156 6.962421 0.714596
v -7.078636 6.962421 1.897493
v -6.917799 8.387302 1.078921
v 0.486641 7.718833 9.383816
v 0.508818 4.742827 9.385281
v 1.083942 4.564456 9.524187
v 6.957732 -8.004879 -0.872591
v 7.370793 -8.073833 -0.420535
v 6.806151 -8.148901 -0.480728
v -1.919848 -3.519650 9.325332
v -2.043645 -4.221749 9.034359
v -1.596467 -4.519042 9.319481
v 6.325826 6.962421 3.193465
v 6.967964 6.962421 1.897493
v 5.990505 8.261060 2.873250
v 6.595353 8.261060 1.728613
v 7.363729 6.962421 0.714596
v 6.967964 8.261060 0.636127
v 3.987083 -10.306094 0.694857
v 5.042770 -9.333985 -0.013078
v 4.344344 -9.231401 1.575572
v -8.312956 -6.751304 0.277650
v -8.185261 -7.303756 0.274969
v -8.066827 -6.919217 0.733361
v 0.586558 0.478897 9.416717
v 1.347374 2.346582 9.425734
v 0.657715 1.669838 9.563176
v 0.338476 7.722738 6.178004
v 1.117327 8.093657 6.194330
v 0.304847 7.763920 6.083205
v 7.562093 -7.911544 0.400474
v 7.202404 -7.770916 0.860327
v 6.957732 -8.004879 0.581051
v -6.705787 8.261060 -1.787912
v -5.556027 9.457603 -2.224371
v -6.193535 8.027352 -2.452957
v 6.222986 -10.618262 -7.225243
v 6.386751 -9.845256 -6.139825
v 5.891076 -10.727190 -6.141042
v 6.386751 -9.845256 -6.139825
v 6.222986 -10.618262 -7.225243
v 6.571717 -9.919580 -7.206479
v 8.290011 -6.727180 0.391213
v 7.980278 -7.007670 0.868856
v 8.031210 -7.323022 0.612245
v -2.610484 -9.473383 2.735563
v -3.434904 -10.297797 1.689622
v -0.515674 -10.333866 2.599582
v 5.175828 8.261060 3.856560
v 6.325826 6.962421 3.193465
v 5.990505 8.261060 2.873250
v -5.181470 -11.063017 -5.730415
v -5.118598 -11.294750 -6.337948
v -4.374109 -11.201182 -5.886136
v 5.990505 8.261060 2.873250
v 6.967964 6.962421 1.897493
v 6.595353 8.261060 1.728613
v 4.264163 -11.200927 -5.885407
v 5.003296 -11.293797 -6.331856
v 5.071774 -11.063017 -5.731636
v 0.482498 10.924178 5.968669
v -0.372384 10.640759 4.915417
v -0.367265 10.974122 6.030568
v -6.718459 -9.220178 -7.603704
v -6.635600 -9.946888 -7.583720
v -6.716018 -9.732912 -7.209648
v -6.538611 -10.289036 -7.208672
v -6.002724 -10.725982 -6.140798
v -6.497911 -9.842815 -6.140069
v 8.090672 -6.919217 -1.024902
v 7.785319 -7.465813 -1.079732
v 7.635446 -7.292787 -1.330983
v 7.202404 -7.770916 -1.151868
v -5.286012 8.261060 3.856560
v -4.517643 6.962421 5.088440
v -4.293685 8.261060 4.662460
v -0.372384 10.640759 4.915417
v 0.482498 10.924178 5.968669
v 0.397937 10.593952 4.890805
v -6.714804 -8.137187 0.201863
v -7.383988 -7.973202 0.436541
v -6.847374 -8.191547 -0.048901
v -1.211428 10.500618 4.508204
v -1.881589 9.889436 4.536958
v -2.839799 8.984121 5.644068
v 4.407703 6.962421 5.088440
v 5.175828 8.261060 3.856560
v 4.183257 8.261060 4.662460
v -5.571383 6.962421 4.177019
v -5.286012 8.261060 3.856560
v -6.436016 6.962421 3.193465
v -4.517643 6.962421 5.088440
v -5.571383 6.962421 4.177019
v 5.175828 8.261060 3.856560
v 5.461200 6.962421 4.177019
v 6.325826 6.962421 3.193465
v -3.648380 -8.617037 -8.631122
v -3.825793 -9.731215 -8.613091
v -4.049746 -9.115642 -8.647451
v -1.596467 -4.519042 9.319481
v -2.043645 -4.221749 9.034359
v -1.337660 -5.348105 9.034603
v -3.315981 6.962421 5.781266
v -4.293685 8.261060 4.662460
v -4.517643 6.962421 5.088440
v -6.507173 -8.488354 -7.718484
v -5.909145 -8.169121 -8.094261
v -6.476710 -9.033509 -7.852760
v 4.183257 8.261060 4.662460
v 3.205554 6.962421 5.781266
v 4.407703 6.962421 5.088440
v 6.967964 8.261060 -1.090212
v 7.353003 7.021871 -1.018567
v 6.961875 7.021871 -1.750872
v -7.383988 -7.973202 0.436541
v -6.714804 -8.137187 0.201863
v -6.682389 -8.020473 0.545716
v -8.338300 -6.445225 -0.145892
v -8.337080 -6.928722 -0.325740
v -8.312956 -6.751304 0.277650
v -1.168538 -3.264514 9.325816
v -1.264068 -4.325077 9.421835
v -0.902177 -4.179102 9.319481
v 7.980278 -7.007670 0.868856
v 7.645927 -7.585479 0.786486
v 8.031210 -7.323022 0.612245
v -3.054984 -9.273305 -8.523167
v -3.825793 -9.731215 -8.613091
v -3.648380 -8.617037 -8.631122
v 4.670891 -9.231634 -1.359982
v 5.042770 -9.333985 -0.013078
v 4.370414 -10.084564 -0.942290
v -8.066827 -6.919217 0.733361
v -7.761718 -7.465813 0.788435
v -7.612089 -7.292787 1.039199
v -7.178553 -7.770916 0.860327
v 4.370414 -10.084564 -0.942290
v 2.985250 -10.349716 -1.946313
v 3.177526 -9.455092 -2.525820
v 4.370414 -10.084564 -0.942290
v 4.670891 -9.231634 -1.359982
v -0.959204 10.090004 8.020341
v -1.581599 9.791478 6.996819
v -1.481688 9.462740 7.677217
v -0.959204 10.090004 8.020341
v -1.088851 10.515981 7.135237
v 2.652851 -10.251734 2.092695
v 0.897756 -9.456325 3.062845
v -0.515674 -10.333866 2.599582
v 1.870590 6.962421 6.130970
v 3.051050 8.261060 5.298995
v 1.793338 8.261060 5.668436
v 7.216046 -8.121848 0.115106
v 6.957732 -8.004879 0.581051
v 6.734750 -8.172769 0.062224
v -2.912420 -10.214457 -2.306496
v -1.013302 -9.336426 -3.311251
v 0.211751 -10.274161 -2.865046
v -7.612089 -7.292787 -1.330983
v -7.012842 -7.695384 -1.263237
v -7.632802 -7.591800 -1.079488
v -7.012842 -7.695384 -1.263237
v -6.985790 -7.966113 -0.941558
v -0.902177 -4.179102 9.319481
v -0.077757 -5.839388 9.298036
v -0.018296 -5.390984 9.233700
v -1.249932 8.749927 8.312531
v -0.778380 9.452978 8.621294
v -1.481688 9.462740 7.677217
v -0.959204 10.090004 8.020341
v -7.463436 7.021871 -1.018567
v -7.670330 5.154929 -0.993223
v -7.595519 7.021871 -0.199751
v 2.652851 -10.251734 2.092695
v 4.344344 -9.231401 1.575572
v 3.164610 -9.456325 2.331272
v 1.506752 -9.294012 -3.178681
v 2.985250 -10.349716 -1.946313
v 0.211751 -10.274161 -2.865046
v 2.985250 -10.349716 -1.946313
v 3.177526 -9.455092 -2.525820
v 3.549160 -9.258431 -8.643309
v 3.407817 -10.165466 -8.505620
v 2.969900 -9.177531 -8.542174
v 3.640304 -8.414286 -8.599198
v 4.871696 -8.673814 -8.489779
v 4.323380 -8.357510 -8.573610
v 5.591818 -8.369431 -8.232194
v 4.940907 -7.819907 -8.316999
v 4.323380 -8.357510 -8.573610
v 4.353355 -9.160240 -8.600904
v -7.934256 -6.774707 -1.199142
v -7.612089 -7.292787 -1.330983
v -8.118240 -7.133914 -0.861869
v 3.630311 -11.027435 -6.024557
v 3.625686 -11.051559 -5.318572
v 3.041301 -10.729398 -5.454064
v -4.049746 -9.115642 -8.647451
v -4.726977 -9.498716 -8.534863
v -4.818609 -8.427208 -8.514637
v -3.648380 -8.617037 -8.631122
v -4.818609 -8.427208 -8.514637
v -4.769379 -7.822347 -8.396933
v 7.484847 7.021871 -0.199751
v 7.559902 5.154929 -0.993223
v 7.353003 7.021871 -1.018567
v -7.607702 5.585299 0.741401
v -7.474156 6.962421 0.714596
v -7.607702 6.962421 -0.304052
v -5.092523 9.029185 -2.052079
v -6.375334 7.952308 -1.318068
v -5.591365 9.029185 -1.522043
v -5.818001 -10.558557 -5.658526
v -6.002724 -10.725982 -6.140798
v -5.181470 -11.063017 -5.730415
v -3.740012 -11.027180 -6.025286
v -3.150514 -10.728167 -5.454308
v -3.734893 -11.051071 -5.319059
v -0.018296 -5.390984 9.233700
v -0.077757 -5.839388 9.298036
v 0.642853 -6.395257 9.077006
v 6.264906 7.952308 -1.318068
v 4.982333 9.029185 -2.052079
v 5.480693 9.029185 -1.522043
v 5.708549 -10.559045 -5.660719
v 5.071774 -11.063017 -5.731636
v 5.891076 -10.727190 -6.141042
v 7.363729 6.962421 0.714596
v 7.497519 5.585299 0.741401
v 7.497519 6.962421 -0.304052
v 6.571717 -9.919580 -7.206479
v 6.594383 -9.294269 -7.636846
v 6.639464 -9.144390 -7.255949
v -0.367265 10.974122 6.030568
v -1.061799 10.315413 5.063828
v -1.124915 10.590071 6.123173
v -1.061799 10.315413 5.063828
v -0.367265 10.974122 6.030568
v -0.372384 10.640759 4.915417
v -1.919848 -3.519650 9.325332
v -2.204732 -3.414370 9.043373
v -2.043645 -4.221749 9.034359
v -2.140884 -2.626513 9.047519
v -2.204732 -3.414370 9.043373
v 1.176788 -8.034347 8.617639
v 1.167283 -8.037531 8.688311
v 1.151444 -8.042876 8.644446
v 1.218215 -8.019984 8.634456
v 1.167283 -8.037531 8.688311
v 1.176788 -8.034347 8.617639
v 3.697331 10.485023 -0.739290
v 3.608139 10.680964 -0.691284
v 3.882297 10.271302 -0.645468
v 1.218215 -8.019984 8.634456
v 1.211149 -8.022425 8.681001
v 1.167283 -8.037531 8.688311
v -1.919848 -3.519650 9.325332
v -1.743656 -2.163002 9.342634
v -2.140884 -2.626513 9.047519
v -7.607702 6.962421 -0.304052
v -7.734910 4.924150 -0.303075
v -7.607702 5.585299 0.741401
v -7.204141 5.585299 1.955493
v -7.078636 6.962421 1.897493
v -7.607702 5.585299 0.741401
v -7.078636 6.962421 1.897493
v -7.474156 6.962421 0.714596
v -7.607702 5.585299 0.741401
v 2.835621 -10.692585 -3.933893
v 2.287550 -10.358734 -0.864062
v 1.739966 -10.055560 -0.970071
v -7.808751 4.844203 -0.192926
v -7.595519 7.021871 -0.199751
v -7.670330 5.154929 -0.993223
v -7.651325 2.765725 -1.068281
v -7.670330 5.154929 -0.993223
v 5.708549 -10.559045 -5.660719
v 6.005855 -9.981725 -5.635620
v 5.593038 -10.343860 -4.984221
v -0.050461 10.384624 -3.098508
v -2.085078 10.393641 -3.012483
v -1.621323 11.032851 -2.508034
v -0.060211 9.454929 -3.481110
v -2.942151 -10.691121 -3.934870
v -1.847471 -10.053144 -0.970312
v -2.394323 -10.357269 -0.864550
v -6.168191 15.081132 -0.640597
v -6.102641 15.357230 -0.662771
v -6.196707 15.068954 -0.673250
v -6.193535 8.027352 -2.452957
v -5.556027 9.457603 -2.224371
v -5.052799 8.307379 -3.040752
v 4.976244 10.389016 -1.713342
v 4.316803 11.017512 -1.021734
v 5.461200 10.382183 -0.920114
v 5.767523 9.454698 -1.955576
v 4.483491 9.424461 -2.859441
v 5.767523 9.454698 -1.955576
v 5.175828 8.261060 -2.934255
v 6.105040 7.998859 -2.440529
v 5.510911 6.805710 -2.958138
v 5.767523 9.454698 -1.955576
v 6.514691 5.237782 -2.430538
v 5.510911 6.805710 -2.958138
v 7.497519 5.585299 0.741401
v 7.624970 4.927078 -0.303319
v 7.497519 6.962421 -0.304052
v -5.599894 -9.811138 -5.068784
v -5.173429 -10.483257 -5.106800
v -4.718935 -10.179619 -3.508889
v -5.556027 9.457603 -2.224371
v -4.570039 9.463459 -2.855786
v -5.052799 8.307379 -3.040752
v -5.818001 -10.558557 -5.658526
v -5.703222 -10.344581 -4.984221
v -6.165024 -9.825036 -5.627820
v 7.484847 7.021871 -0.199751
v 7.698079 4.846155 -0.192926
v 7.559902 5.154929 -0.993223
v 7.665908 2.765725 -0.293329
v 7.559902 5.154929 -0.993223
v 6.967964 6.962421 1.897493
v 7.497519 5.585299 0.741401
v 7.363729 6.962421 0.714596
v -0.055336 9.457603 5.002415
v -0.055336 8.261060 5.820746
v 1.793338 8.261060 5.668436
v -0.055336 6.962421 6.239658
v -0.055336 6.962421 6.239658
v 1.870590 6.962421 6.130970
v -0.055336 5.585299 6.350539
v -1.981262 6.962421 6.130970
v -0.055336 5.585299 6.350539
v -1.903766 8.261060 5.668436
v -0.055336 8.261060 5.820746
v -0.055336 6.962421 6.239658
v 5.175828 8.261060 3.856560
v 4.407703 6.962421 5.088440
v 5.461200 6.962421 4.177019
v 3.257706 5.585044 5.911402
v 3.205554 6.962421 5.781266
v -8.338300 -6.445225 -0.145892
v -8.251787 -6.664058 -0.697619
v -8.337080 -6.928722 -0.325740
v -6.193535 8.027352 -2.452957
v -7.072303 7.021871 -1.750872
v -6.705787 8.261060 -1.787912
v -6.549331 5.585299 3.265842
v -6.436016 6.962421 3.193465
v -7.204141 5.585299 1.955493
v -8.251787 -6.664058 -0.697619
v -7.934256 -6.774707 -1.199142
v -8.118240 -7.133914 -0.861869
v 3.113922 -10.619726 -6.158345
v 3.630311 -11.027435 -6.024557
v 3.041301 -10.729398 -5.454064
v -0.348743 -9.314742 5.654792
v 0.386241 -9.654939 6.284256
v 0.040439 -9.754848 7.231258
v 4.609728 -10.178387 -3.508889
v 5.065192 -10.480584 -5.106556
v 5.489466 -9.811138 -5.068784
v 6.595353 8.261060 -1.787912
v 6.961875 7.021871 -1.750872
v 6.105040 7.998859 -2.440529
v -7.072303 7.021871 -1.750872
v -7.276030 5.188070 -1.741611
v -7.463436 7.021871 -1.018567
v -7.670330 5.154929 -0.993223
v -7.463436 7.021871 -1.018567
v -7.276030 5.188070 -1.741611
v -0.050461 10.384624 -3.098508
v 0.696951 11.024322 -2.587720
v 2.017291 10.392177 -3.008096
v -0.060211 9.454929 -3.481110
v -5.909145 -8.169121 -8.094261
v -4.769379 -7.822347 -8.396933
v -4.818609 -8.427208 -8.514637
v -3.223379 -10.618982 -6.159077
v -3.150514 -10.728167 -5.454308
v -3.740012 -11.027180 -6.025286
v 0.264147 10.854479 4.243060
v 0.106477 10.669019 3.953308
v -1.211428 10.500618 4.508204
v 6.438903 5.585299 3.265842
v 7.094201 5.585299 1.955493
v 6.325826 6.962421 3.193465
v -5.909145 -8.169121 -8.094261
v -4.818609 -8.427208 -8.514637
v -5.740749 -8.878029 -8.260220
v -5.069613 -7.534536 -8.156404
v -5.897932 -7.815770 -7.941222
v -4.117254 -9.832822 -0.532392
v -4.412613 -9.246740 -0.473907
v -5.197064 -9.987326 -3.524484
v 3.051050 8.261060 5.298995
v 1.870590 6.962421 6.130970
v 3.205554 6.962421 5.781266
v 1.896910 5.585299 6.239658
v -3.296000 -10.731584 -7.960962
v -3.393233 -11.069107 -6.767827
v -3.720269 -11.095903 -7.823761
v -6.963856 6.236454 -1.041717
v -6.755743 3.148103 -1.264943
v -7.051345 4.144800 -0.293329
v -7.061339 6.261299 -0.290159
v -6.963856 6.236454 -1.041717
v -6.601971 7.933298 -0.298933
v -6.601971 7.933298 -0.298933
v -6.375334 7.952308 -1.318068
v -5.898420 9.029185 -0.946919
v -6.436016 6.962421 3.193465
v -7.078636 6.962421 1.897493
v -7.204141 5.585299 1.955493
v -5.571383 6.962421 4.177019
v -6.549331 5.585299 3.265842
v 7.353003 7.021871 -1.018567
v 7.165602 5.188070 -1.741611
v 6.961875 7.021871 -1.750872
v -5.667884 5.585044 4.290093
v -5.571383 6.962421 4.177019
v -6.549331 5.585299 3.265842
v 7.520422 2.216201 -1.010769
v 7.559902 5.154929 -0.993223
v 7.665908 2.765725 -0.293329
v 6.325826 6.962421 3.193465
v 7.094201 5.585299 1.955493
v 6.967964 6.962421 1.897493
v 5.461200 6.962421 4.177019
v 6.438903 5.585299 3.265842
v 6.645315 3.148103 -1.264943
v 6.853428 6.236454 -1.041717
v 6.941162 4.144800 -0.293329
v 6.491543 7.933298 -0.298933
v 6.264906 7.952308 -1.318068
v 5.787992 9.029185 -0.946919
v 6.950905 6.261299 -0.290159
v 6.853428 6.236454 -1.041717
v 6.491543 7.933298 -0.298933
v -3.807514 10.484791 -0.739049
v -3.989070 10.274231 -0.645224
v -3.681527 10.764562 -0.700786
v -2.329261 9.472964 -3.382901
v -4.570039 9.463459 -2.855786
v -3.751708 10.400474 -2.605023
v -5.571383 6.962421 4.177019
v -4.593431 5.585044 5.233198
v -4.517643 6.962421 5.088440
v 3.640304 -8.414286 -8.599198
v 4.323380 -8.357510 -8.573610
v 3.549160 -9.258431 -8.643309
v 3.623002 -7.973434 -8.462485
v 3.640304 -8.414286 -8.599198
v -3.432469 -10.497643 -5.443341
v -2.988457 -10.426480 -3.835440
v -4.187678 -10.815156 -5.275193
v -2.377508 -9.819923 -3.975808
v 4.483003 5.585044 5.233198
v 5.461200 6.962421 4.177019
v 4.407703 6.962421 5.088440
v 3.638358 10.389249 -2.620376
v 2.218827 9.475893 -3.382413
v 2.017291 10.392177 -3.008096
v -4.894885 10.273511 -0.691284
v -4.430398 10.122656 -0.644251
v -4.701633 10.175296 -0.739049
v 5.461200 6.962421 4.177019
v 4.483003 5.585044 5.233198
v 5.557213 5.585044 4.290093
v 7.353003 7.021871 -1.018567
v 7.559902 5.154929 -0.993223
v 7.165602 5.188070 -1.741611
v 7.559902 5.154929 -0.993223
v 7.170965 2.765725 -1.761351
v -7.344020 0.836894 -1.101422
v -7.349627 -0.081598 -1.115799
v -7.476835 1.015522 -0.685920
v -7.670330 5.154929 -0.993223
v -7.281148 2.765725 -1.761351
v -7.651325 2.765725 -1.068281
v -7.276030 5.188070 -1.741611
v -7.476835 1.015522 -0.685920
v -7.776092 2.765725 -0.293329
v -6.081922 7.194664 -2.135179
v -5.092523 9.029185 -2.052079
v -4.995528 7.477108 -2.761964
v 4.207869 -11.383716 -6.529494
v 3.630311 -11.027435 -6.024557
v 3.282805 -11.069107 -6.767827
v 4.407703 6.962421 5.088440
v 3.257706 5.585044 5.911402
v 4.483003 5.585044 5.233198
v 7.094201 5.585299 1.955493
v 7.497519 5.585299 0.741401
v 6.967964 6.962421 1.897493
v 6.967964 4.123860 1.897494
v -4.995528 7.477108 -2.761964
v -5.092523 9.029185 -2.052079
v -4.261032 9.029674 -2.609166
v -6.375334 7.952308 -1.318068
v -6.081922 7.194664 -2.135179
v -6.963856 6.236454 -1.041717
v -6.081922 7.194664 -2.135179
v -6.667039 4.868837 -1.724064
v -3.740012 -11.027180 -6.025286
v -4.318302 -11.383716 -6.529494
v -3.393233 -11.069107 -6.767827
v -4.517643 6.962421 5.088440
v -3.368133 5.585044 5.911402
v -3.315981 6.962421 5.781266
v 7.202404 -7.770916 0.860327
v 7.272340 -7.476782 1.092812
v 6.733774 -7.651505 0.981443
v 7.980278 -7.007670 0.868856
v 7.645927 -7.585479 0.786486
v 7.202404 -7.770916 0.860327
v 7.645927 -7.585479 0.786486
v 7.980278 -7.007670 0.868856
v 7.430010 -7.070792 1.178349
v 5.971738 7.194664 -2.135179
v 4.885344 7.477108 -2.761964
v 4.982333 9.029185 -2.052079
v -1.743656 -2.163002 9.342634
v -0.306096 0.709932 9.412818
v -1.759744 -1.477986 9.058483
v 4.982333 9.029185 -2.052079
v 4.885344 7.477108 -2.761964
v 4.151092 9.029674 -2.609166
v 2.187150 10.213317 4.723385
v 4.994767 7.058196 7.086743
v 2.432304 9.855086 4.563034
v 5.291584 -9.348372 -3.507425
v 4.302423 -9.246740 -0.473907
v 4.934330 -10.256870 -3.542274
v 4.934330 -10.256870 -3.542274
v 4.008284 -9.830405 -0.532148
v 0.482498 10.924178 5.968669
v 1.040075 10.180176 4.965131
v 0.397937 10.593952 4.890805
v 1.040075 10.180176 4.965131
v 0.482498 10.924178 5.968669
v 1.217726 10.491856 6.154120
v -7.476835 1.015522 -0.685920
v -7.651325 2.765725 -1.068281
v -7.344020 0.836894 -1.101422
v -7.808751 4.844203 -0.192926
v -7.651325 2.765725 -1.068281
v -7.776092 2.765725 -0.293329
v -6.926816 1.320136 -1.884171
v -7.344020 0.836894 -1.101422
v 5.971738 7.194664 -2.135179
v 6.264906 7.952308 -1.318068
v 6.853428 6.236454 -1.041717
v 6.556849 4.868837 -1.724064
v 5.971738 7.194664 -2.135179
v 7.520422 2.216201 -1.010769
v 7.665908 2.765725 -0.293329
v 7.355443 0.940710 -0.710047
v -1.088851 10.515981 7.135237
v -1.584527 9.881163 6.145591
v -1.581599 9.791478 6.996819
v -7.149555 0.726013 -1.517896
v -7.344020 0.836894 -1.101422
v -6.926816 1.320136 -1.884171
v -0.682850 -4.005100 9.040695
v -0.018296 -5.390984 9.233700
v 0.337500 -5.483598 8.971240
v -0.868548 -3.206994 9.037282
v -1.168538 -3.264514 9.325816
v -0.748650 -1.926855 9.355062
v -0.474492 -2.042616 9.059459
v -0.748650 -1.926855 9.355062
v -0.748650 -1.926855 9.355062
v -1.558695 -3.174085 9.434749
v -1.264068 -4.325077 9.421835
v 3.630311 -11.027435 -6.024557
v 4.207869 -11.383716 -6.529494
v 4.264163 -11.200927 -5.885407
v -7.149555 0.726013 -1.517896
v -7.349627 -0.081598 -1.115799
v -7.344020 0.836894 -1.101422
v 7.039127 0.726013 -1.517896
v 7.355443 0.940710 -0.710047
v 7.239687 -0.081598 -1.115799
v 6.816389 1.320136 -1.884171
v 7.355443 0.940710 -0.710047
v 7.039127 0.726013 -1.517896
v -1.584527 9.881163 6.145591
v -1.088851 10.515981 7.135237
v -1.124915 10.590071 6.123173
v -4.374109 -11.201182 -5.886136
v -4.318302 -11.383716 -6.529494
v -3.740012 -11.027180 -6.025286
v -0.984548 -5.840620 8.654192
v 0.425233 -7.118319 8.844034
v -1.337660 -5.348105 9.034603
v -2.959697 -7.852816 -3.935843
v -2.513251 -7.923723 -4.120321
v -2.290025 -8.722060 -4.033564
v -2.959697 -7.852816 -3.935843
v -3.262127 -7.497002 -3.990917
v -4.073875 -7.700497 -3.725533
v -3.920836 -7.440225 -3.865415
v 3.963447 -7.700497 -3.725533
v 2.962103 -7.544785 -4.027716
v 3.810646 -7.440225 -3.865415
v -7.734910 4.924150 -0.303075
v -7.474156 4.123860 0.714596
v -7.607702 5.585299 0.741401
v 3.610085 -11.095903 -7.823761
v 3.282805 -11.069107 -6.767827
v 3.182400 -10.725239 -7.966810
v 3.182400 -10.725239 -7.966810
v 2.750084 -10.507126 -6.967170
v 3.963447 -7.700497 -3.725533
v 2.849757 -7.852816 -3.935843
v 2.962103 -7.544785 -4.027716
v 3.963447 -7.700497 -3.725533
v 3.810646 -7.440225 -3.865415
v 4.439136 -7.644208 -3.736014
v -4.073875 -7.700497 -3.725533
v -4.549325 -7.644208 -3.736014
v -3.920836 -7.440225 -3.865415
v 1.949056 3.702996 9.003164
v 1.347374 2.346582 9.425734
v 1.643465 2.100440 9.062140
v 0.586558 0.478897 9.416717
v 1.643465 2.100440 9.062140
v 1.643465 2.100440 9.062140
v 0.888738 0.341452 9.086264
v 0.941378 -6.649672 8.860116
v 0.642853 -6.395257 9.077006
v 1.132921 -7.691734 8.800167
v 7.624970 4.927078 -0.303319
v 7.497519 5.585299 0.741401
v 7.363729 4.123860 0.714596
v 4.591205 10.175296 -0.739049
v 4.323869 10.123631 -0.645468
v 4.867065 10.316157 -0.700786
v 5.557213 5.585044 4.290093
v 6.438903 5.585299 3.265842
v 5.461200 6.962421 4.177019
v 5.461200 4.123860 4.177019
v -1.743656 -2.163002 9.342634
v -1.759744 -1.477986 9.058483
v -2.140884 -2.626513 9.047519
v -0.306096 0.709932 9.412818
v -0.596586 0.867108 9.084558
v -0.162318 2.001505 9.082609
v -0.596586 0.867108 9.084558
v -0.060211 9.454929 -3.481110
v 2.017291 10.392177 -3.008096
v 2.218827 9.475893 -3.382413
v 3.674177 8.268868 -3.434565
v 4.483491 9.424461 -2.859441
v 5.175828 8.261060 -2.934255
v 2.218827 9.475893 -3.382413
v 3.638358 10.389249 -2.620376
v -2.959697 -7.852816 -3.935843
v -4.073875 -7.700497 -3.725533
v -3.262127 -7.497002 -3.990917
v 3.640304 -8.414286 -8.599198
v 2.969900 -9.177531 -8.542174
v 3.138534 -8.555147 -8.512688
v 8.272953 -6.309964 -0.408107
v 8.398947 -6.699152 -0.172698
v 8.290011 -6.727180 -0.682753
v -7.072303 7.021871 -1.750872
v -6.193535 8.027352 -2.452957
v -6.625362 5.237782 -2.430538
v -7.078636 4.123860 1.897494
v -7.204141 5.585299 1.955493
v -7.607702 5.585299 0.741401
v -7.078636 4.123860 1.897494
v -7.607702 5.585299 0.741401
v -7.474156 4.123860 0.714596
v -2.993814 -10.217130 -8.080616
v -3.296000 -10.731584 -7.960962
v -3.147586 -10.141598 -8.418378
v -4.593431 5.585044 5.233198
v -5.571383 6.962421 4.177019
v -5.667884 5.585044 4.290093
v -5.571383 4.123860 4.177019
v 6.961875 7.021871 -1.750872
v 7.165602 5.188070 -1.741611
v 6.514691 5.237782 -2.430538
v 0.425233 -7.118319 8.844034
v -0.984548 -5.840620 8.654192
v 0.331649 -7.094172 8.654193
v 0.143761 -9.529671 8.167047
v 0.040439 -9.754848 7.231258
v 0.389164 -9.424158 6.506993
v 6.514691 5.237782 -2.430538
v 6.105040 7.998859 -2.440529
v 6.961875 7.021871 -1.750872
v -5.897932 -7.815770 -7.941222
v -5.909145 -8.169121 -8.094261
v -6.507173 -8.488354 -7.718484
v -0.474492 -2.042616 9.059459
v 0.888738 0.341452 9.086264
v 0.586558 0.478897 9.416717
v -0.748650 -1.926855 9.355062
v 2.883387 -10.217130 -8.080616
v 3.031551 -10.164025 -8.398882
v 3.182400 -10.725239 -7.966810
v -1.337660 -5.348105 9.034603
v -2.043645 -4.221749 9.034359
v -1.666648 -5.080280 8.654192
v -4.619262 -9.449492 1.344548
v -4.893664 -7.824299 0.201863
v -5.194874 -9.456812 -0.097398
v -4.471586 -10.297309 -0.444662
v 7.202404 -7.770916 -1.151868
v 7.234813 -7.241378 -1.478663
v 7.635446 -7.292787 -1.330983
v -6.327325 14.379521 -0.658628
v -6.168191 15.081132 -0.640597
v -6.196707 15.068954 -0.673250
v -6.436016 4.123860 3.193465
v -6.549331 5.585299 3.265842
v -7.204141 5.585299 1.955493
v -0.585617 8.779419 8.958568
v -0.831264 7.605048 8.697326
v -0.284651 7.767337 9.206161
v -6.963856 6.236454 -1.041717
v -6.667039 4.868837 -1.724064
v -6.755743 3.148103 -1.264943
v -6.755743 3.148103 -1.264943
v -6.087529 4.833256 -2.374976
v -6.081922 7.194664 -2.135179
v -6.375334 7.952308 -1.318068
v -5.092523 9.029185 -2.052079
v -7.276030 5.188070 -1.741611
v -7.072303 7.021871 -1.750872
v -6.625362 5.237782 -2.430538
v -7.281148 2.765725 -1.761351
v -7.276030 5.188070 -1.741611
v -3.368133 5.585044 5.911402
v -4.517643 6.962421 5.088440
v -4.593431 5.585044 5.233198
v -4.517643 4.123860 5.088440
v -5.150764 -9.233098 -3.459907
v -5.599894 -9.811138 -5.068784
v -4.718935 -10.179619 -3.508889
v -0.372384 10.640759 4.915417
v 0.330679 10.098764 4.058341
v -0.334124 10.125328 4.047374
v 0.362356 2.490836 9.433531
v 0.080157 3.063299 9.060920
v -0.162318 2.001505 9.082609
v 0.508818 4.742827 9.385281
v 0.362356 2.490836 9.433531
v -0.306096 0.709932 9.412818
v -0.162318 2.001505 9.082609
v 6.438903 5.585299 3.265842
v 6.325826 4.123860 3.193465
v 7.094201 5.585299 1.955493
v -0.092132 -7.226992 2.308853
v 0.278039 -7.518708 3.619934
v -0.303418 -7.405619 3.698403
v 5.977101 4.833256 -2.374976
v 5.971738 7.194664 -2.135179
v 6.556849 4.868837 -1.724064
v 6.645315 3.148103 -1.264943
v 4.982333 9.029185 -2.052079
v 6.264906 7.952308 -1.318068
v 6.853428 6.236454 -1.041717
v 6.645315 3.148103 -1.264943
v 0.330679 10.098764 4.058341
v -0.372384 10.640759 4.915417
v 0.397937 10.593952 4.890805
v 0.331649 -7.094172 8.654193
v 1.168503 -8.035579 8.684412
v 0.425233 -7.118319 8.844034
v 8.290011 -6.727180 0.391213
v 8.398947 -6.699152 -0.172698
v 8.232747 -6.334576 0.257425
v 5.489466 -9.811138 -5.068784
v 5.040824 -9.233098 -3.459907
v 4.609728 -10.178387 -3.508889
v 7.984909 -6.549040 -1.113364
v 8.290011 -6.727180 -0.682753
v 8.090672 -6.919217 -1.024902
v -5.818001 -10.558557 -5.658526
v -6.497911 -9.842815 -6.140069
v -6.002724 -10.725982 -6.140798
v 7.234813 -7.241378 -1.478663
v 7.202404 -7.770916 -1.151868
v 6.911913 -7.498722 -1.396780
v 6.957732 -8.004879 -0.872591
v 6.577812 -7.786045 -1.104103
v -7.138585 -7.251116 -1.488409
v -7.012842 -7.695384 -1.263237
v -7.612089 -7.292787 -1.330983
v 2.849757 -7.852816 -3.935843
v 2.284139 -8.087476 -4.135918
v 2.962103 -7.544785 -4.027716
v 2.177401 -8.726708 -4.034296
v 2.284139 -8.087476 -4.135918
v 1.925908 -9.362990 -4.159557
v 1.979519 -8.692103 -4.173934
v 3.697331 10.485023 -0.739290
v 3.536732 10.966336 -0.788032
v 3.608139 10.680964 -0.691284
v 6.386751 -9.845256 -6.139825
v 5.708549 -10.559045 -5.660719
v 5.891076 -10.727190 -6.141042
v -7.715905 -6.755440 1.048216
v -8.066827 -6.919217 0.733361
v -7.612089 -7.292787 1.039199
v -4.570039 9.463459 -2.855786
v -2.329261 9.472964 -3.382901
v -3.126629 8.264244 -3.570545
v -6.681657 2.501805 -2.386427
v -6.926816 1.320136 -1.884171
v -7.281148 2.765725 -1.761351
v -6.625362 5.237782 -2.430538
v -6.681657 2.501805 -2.386427
v -6.926816 1.320136 -1.884171
v -7.651325 2.765725 -1.068281
v -8.021740 -6.494448 -1.008331
v -7.934256 -6.774707 -1.199142
v -8.251787 -6.664058 -0.697619
v 7.556248 -6.912640 -1.439915
v 8.090672 -6.919217 -1.024902
v 7.635446 -7.292787 -1.330983
v 7.355443 0.940710 -0.710047
v 6.816389 1.320136 -1.884171
v 7.520422 2.216201 -1.010769
v -5.571383 4.123860 4.177019
v -5.667884 5.585044 4.290093
v -6.549331 5.585299 3.265842
v -2.860512 -10.507126 -6.967170
v -3.393233 -11.069107 -6.767827
v -3.296000 -10.731584 -7.960962
v 1.768970 9.403522 7.088205
v 1.357612 10.279345 7.205668
v 1.464838 9.806584 7.831964
v 6.514691 5.237782 -2.430538
v 7.170965 2.765725 -1.761351
v 6.571229 2.501805 -2.386427
v 2.177401 -8.726708 -4.034296
v 1.979519 -8.692103 -4.173934
v 2.284139 -8.087476 -4.135918
v -8.208897 -6.334576 -0.548963
v -8.251787 -6.664058 -0.697619
v -8.338300 -6.445225 -0.145892
v -0.284651 7.767337 9.206161
v -0.075073 5.379364 8.941510
v 0.508818 4.742827 9.385281
v -0.075073 5.379364 8.941510
v 0.112816 4.124581 9.020711
v -0.831264 7.605048 8.697326
v -0.077513 2.867357 8.572798
v 0.080157 3.063299 9.060920
v 0.486641 7.718833 9.383816
v 0.152534 9.170535 9.086022
v 0.508818 4.742827 9.385281
v 1.083942 4.564456 9.524187
v 0.362356 2.490836 9.433531
v 0.112816 4.124581 9.020711
v -0.059723 4.317594 8.468740
v -0.075073 5.379364 8.941510
v -0.059723 4.317594 8.468740
v -0.075073 5.379364 8.941510
v -0.386764 5.752213 8.306928
v -0.831264 7.605048 8.697326
v -0.386764 5.752213 8.306928
v -0.585617 8.779419 8.958568
v -1.249932 8.749927 8.312531
v -0.778380 9.452978 8.621294
v -4.769379 -7.822347 -8.396933
v -3.733673 -7.973434 -8.462485
v -3.648380 -8.617037 -8.631122
v 0.508818 4.742827 9.385281
v 0.112816 4.124581 9.020711
v 0.080157 3.063299 9.060920
v -3.161722 8.261060 5.298995
v -3.929847 9.457603 4.033241
v -4.293685 8.261060 4.662460
v -1.981262 6.962421 6.130970
v -3.315981 6.962421 5.781266
v -1.981262 6.962421 6.130970
v -2.007338 5.585299 6.239658
v -3.368133 5.585044 5.911402
v -2.007338 5.585299 6.239658
v -3.315981 4.123860 5.781266
v -2.007338 5.585299 6.239658
v -2.007338 5.585299 6.239658
v -0.055336 5.585299 6.350539
v -1.981262 4.123860 6.130970
v -1.903766 2.615127 5.668437
v -0.055336 4.123860 6.239658
v -0.055336 5.585299 6.350539
v 6.967964 4.123860 1.897494
v 7.363729 4.123860 0.714596
v 7.497519 5.585299 0.741401
v 7.363729 4.123860 0.714596
v 6.800788 2.442355 1.073559
v -3.807514 10.484791 -0.739049
v -3.681527 10.764562 -0.700786
v -3.647166 10.966081 -0.788032
v -6.944363 -7.419518 1.142770
v -7.612089 -7.292787 1.039199
v -7.178553 -7.770916 0.860327
v 6.734750 -8.172769 0.062224
v 6.291953 -8.025586 -0.405185
v 6.806151 -8.148901 -0.480728
v -4.593431 5.585044 5.233198
v -5.571383 4.123860 4.177019
v -4.517643 4.123860 5.088440
v 3.554279 -10.675782 -5.386318
v 2.880708 -10.428177 -3.834952
v 2.269759 -9.825036 -3.975322
v 6.734750 -8.172769 0.062224
v 6.957732 -8.004879 0.581051
v 6.450111 -7.896670 0.604933
v -7.734910 4.924150 -0.303075
v -6.980188 1.961298 -0.313313
v -7.474156 4.123860 0.714596
v -6.812525 -8.131099 -0.570896
v -6.985790 -7.966113 -0.941558
v -6.461847 -7.843310 -0.985666
v -5.621095 6.805710 -2.958138
v -6.193535 8.027352 -2.452957
v -5.052799 8.307379 -3.040752
v 4.483003 5.585044 5.233198
v 5.461200 4.123860 4.177019
v 5.557213 5.585044 4.290093
v 5.591818 -8.369431 -8.232194
v 4.940907 -7.819907 -8.316999
v 5.785069 -7.828692 -7.960230
v 5.785069 -7.828692 -7.960230
v 4.959186 -7.534536 -8.156404
v 6.957732 -8.004879 0.581051
v 7.202404 -7.770916 0.860327
v 6.733774 -7.651505 0.981443
v -6.847374 -8.191547 -0.048901
v -6.812525 -8.131099 -0.570896
v -6.283702 -8.001462 -0.510218
v 7.170965 2.765725 -1.761351
v 7.520422 2.216201 -1.010769
v 6.816389 1.320136 -1.884171
v 7.559902 5.154929 -0.993223
v 7.520422 2.216201 -1.010769
v 6.571229 2.501805 -2.386427
v 7.170965 2.765725 -1.761351
v 6.514691 5.237782 -2.430538
v 7.165602 5.188070 -1.741611
v 5.803104 2.890016 -2.902819
v 5.510911 6.805710 -2.958138
v -8.208897 -6.334576 0.257425
v -8.338300 -6.445225 -0.145892
v -8.312956 -6.751304 0.277650
v -0.060211 9.454929 -3.481110
v -2.329261 9.472964 -3.382901
v -2.085078 10.393641 -3.012483
v -0.039009 8.259596 -3.771106
v -2.329261 9.472964 -3.382901
v -6.640963 1.900361 -0.319649
v -7.051345 4.144800 -0.293329
v -6.755743 3.148103 -1.264943
v -7.934256 -6.774707 -1.199142
v -7.532397 -6.912640 -1.439915
v -7.612089 -7.292787 -1.330983
v -5.621095 6.805710 -2.958138
v -6.625362 5.237782 -2.430538
v -6.193535 8.027352 -2.452957
v -6.436016 4.123860 3.193465
v -7.204141 5.585299 1.955493
v -7.078636 4.123860 1.897494
v -6.100444 2.616590 2.873250
v -7.078636 4.123860 1.897494
v -3.368133 5.585044 5.911402
v -4.517643 4.123860 5.088440
v -3.315981 4.123860 5.781266
v 4.940907 -7.819907 -8.316999
v 4.323380 -8.357510 -8.573610
v 4.237844 -7.640792 -8.354771
v 5.708549 -10.559045 -5.660719
v 6.386751 -9.845256 -6.139825
v 6.005855 -9.981725 -5.635620
v 6.594383 -9.294269 -7.636846
v 6.449867 -8.593889 -7.721409
v 6.639464 -9.144390 -7.255949
v 7.363729 4.123860 0.714596
v 6.872439 1.967875 -0.313554
v 7.624970 4.927078 -0.303319
v -6.609280 2.163817 0.527196
v -6.932423 4.144800 0.639294
v -7.051345 4.144800 -0.293329
v -6.640963 1.900361 -0.319649
v -6.609280 2.163817 0.527196
v -6.599049 -7.721692 0.886403
v -7.178553 -7.770916 0.860327
v -6.682389 -8.020473 0.545716
v -3.962994 10.274487 -0.671300
v -3.989070 10.274231 -0.645224
v -3.807514 10.484791 -0.739049
v 6.645315 3.148103 -1.264943
v 6.941162 4.144800 -0.293329
v 6.530535 1.900361 -0.319649
v -8.208897 -6.334576 0.257425
v -8.312956 -6.751304 0.277650
v -8.021740 -6.494448 0.716790
v -8.066827 -6.919217 0.733361
v 6.325826 4.123860 3.193465
v 6.967964 4.123860 1.897494
v 7.094201 5.585299 1.955493
v 5.990505 2.616590 2.873250
v -6.253972 -8.027538 -0.012102
v -6.714804 -8.137187 0.201863
v -6.847374 -8.191547 -0.048901
v -6.909758 2.442100 1.077214
v -7.078636 4.123860 1.897494
v -7.474156 4.123860 0.714596
v -5.909145 -8.169121 -8.094261
v -5.069613 -7.534536 -8.156404
v -4.769379 -7.822347 -8.396933
v -4.671659 -7.691247 -0.974943
v -4.613905 -9.450724 -1.549578
v -5.194874 -9.456812 -0.097398
v -4.471586 -10.297309 -0.444662
v 8.290011 -6.727180 0.391213
v 8.232747 -6.334576 0.257425
v 8.045585 -6.494448 0.716790
v 7.980278 -7.007670 0.868856
v -6.314409 13.851936 -0.724913
v -6.418957 13.469559 -0.654974
v -6.327325 14.379521 -0.658628
v -6.253972 -8.027538 -0.012102
v -6.847374 -8.191547 -0.048901
v -6.283702 -8.001462 -0.510218
v 6.530535 1.900361 -0.319649
v 6.941162 4.144800 -0.293329
v 6.498608 2.163817 0.527196
v 6.822234 4.144800 0.639294
v 6.498608 2.163817 0.527196
v -2.513251 -7.923723 -4.120321
v -2.090923 -8.686480 -4.174178
v -2.290025 -8.722060 -4.033564
v -2.034872 -9.357877 -4.160042
v -2.290025 -8.722060 -4.033564
v -1.337660 -5.348105 9.034603
v -1.666648 -5.080280 8.654192
v -0.984548 -5.840620 8.654192
v 3.257706 5.585044 5.911402
v 4.407703 4.123860 5.088440
v 4.483003 5.585044 5.233198
v -4.261032 9.029674 -2.609166
v -2.152580 9.029441 -3.116052
v -3.685182 7.557032 -3.194280
v 6.261008 13.503676 -0.714923
v 6.207636 14.450685 -0.676907
v 6.301458 13.438370 -0.654974
v 6.247360 12.505748 -0.704200
v -7.474156 4.123860 0.714596
v -6.980188 1.961298 -0.313313
v -6.909758 2.442100 1.077214
v -5.571383 4.123860 4.177019
v -6.549331 5.585299 3.265842
v -6.436016 4.123860 3.193465
v -5.286012 2.616102 3.856561
v 0.278039 -7.518708 3.619934
v -0.092132 -7.226992 2.308853
v 0.553661 -7.022777 2.307633
v -0.372384 10.640759 4.915417
v -0.924354 9.840933 4.164591
v -1.061799 10.315413 5.063828
v -0.924354 9.840933 4.164591
v -0.372384 10.640759 4.915417
v -0.334124 10.125328 4.047374
v 2.850490 -9.861339 -5.578105
v 3.554279 -10.675782 -5.386318
v 2.269759 -9.825036 -3.975322
v -6.926816 1.320136 -1.884171
v -5.789003 -0.356488 -2.632560
v -6.368752 -0.273635 -2.098380
v 8.090672 -6.919217 -1.024902
v 7.556248 -6.912640 -1.439915
v 7.984909 -6.549040 -1.113364
v 7.363729 4.123860 0.714596
v 6.800788 2.442355 1.073559
v 6.872439 1.967875 -0.313554
v 6.816389 1.320136 -1.884171
v 5.678575 -0.356488 -2.632560
v 6.571229 2.501805 -2.386427
v 5.461200 4.123860 4.177019
v 6.325826 4.123860 3.193465
v 6.438903 5.585299 3.265842
v 5.175828 2.616102 3.856561
v 4.323380 -8.357510 -8.573610
v 3.623002 -7.973434 -8.462485
v 4.237844 -7.640792 -8.354771
v 4.439136 -7.644208 -3.736014
v 4.762523 -8.282441 -3.549343
v 3.963447 -7.700497 -3.725533
v -4.073875 -7.700497 -3.725533
v -4.873195 -8.282441 -3.549343
v -4.549325 -7.644208 -3.736014
v -7.012842 -7.695384 -1.263237
v -6.461847 -7.843310 -0.985666
v -6.985790 -7.966113 -0.941558
v 3.205554 6.962421 5.781266
v 1.896910 5.585299 6.239658
v 3.257706 5.585044 5.911402
v 3.205554 4.123860 5.781266
v 4.183257 2.615126 4.662461
v 3.051050 2.614639 5.298995
v -3.054984 -9.273305 -8.523167
v -3.648380 -8.617037 -8.631122
v -3.248723 -8.555147 -8.512688
v -3.733673 -7.973434 -8.462485
v -5.449045 -1.642948 -2.347194
v -6.368752 -0.273635 -2.098380
v -5.789003 -0.356488 -2.632560
v -5.703222 -10.344581 -4.984221
v -5.970553 -9.503108 -4.989824
v -6.165024 -9.825036 -5.627820
v 1.793338 8.266661 -3.707990
v -0.060211 9.454929 -3.481110
v 2.218827 9.475893 -3.382413
v 5.678575 -0.356488 -2.632560
v 6.816389 1.320136 -1.884171
v 6.258080 -0.273635 -2.098380
v 5.338861 -1.642948 -2.347194
v -6.716018 -9.732912 -7.209648
v -6.749648 -9.144390 -7.255949
v -6.718459 -9.220178 -7.603704
v -6.507173 -8.488354 -7.718484
v -6.749648 -9.144390 -7.255949
v -6.523987 -8.404293 -7.363420
v 6.957732 -8.004879 -0.872591
v 6.911913 -7.498722 -1.396780
v 7.202404 -7.770916 -1.151868
v -4.894885 10.273511 -0.691284
v -4.701633 10.175296 -0.739049
v -5.130783 10.451882 -0.788032
v -6.559324 -9.009151 -6.193194
v -6.716018 -9.732912 -7.209648
v -6.497911 -9.842815 -6.140069
v 4.439136 -7.644208 -3.736014
v 4.941883 -8.078714 -3.622452
v 4.762523 -8.282441 -3.549343
v 4.407703 4.123860 5.088440
v 5.175828 2.616102 3.856561
v 5.461200 4.123860 4.177019
v 5.461200 4.123860 4.177019
v 4.483003 5.585044 5.233198
v -4.549325 -7.644208 -3.736014
v -4.873195 -8.282441 -3.549343
v -5.052310 -8.078714 -3.622452
v -5.789003 -0.356488 -2.632560
v -5.140044 -1.697796 -2.610873
v -5.449045 -1.642948 -2.347194
v -6.640963 1.900361 -0.319649
v -6.755743 3.148103 -1.264943
v -6.239110 1.389347 -1.221808
v 6.005855 -9.981725 -5.635620
v 5.860369 -9.503108 -4.989824
v 5.593038 -10.343860 -4.984221
v 7.609614 -5.913480 -1.027339
v 7.303047 -4.902397 -1.063894
v 7.842589 -5.704152 -0.286992
v -1.666648 -5.080280 8.654192
v -2.043645 -4.221749 9.034359
v -2.185477 -4.139616 8.654192
v -0.039009 8.259596 -3.771106
v -0.060211 9.454929 -3.481110
v 1.793338 8.266661 -3.707990
v -5.140044 -1.697796 -2.610873
v -4.674337 -2.346744 -2.599418
v -5.449045 -1.642948 -2.347194
v 6.301458 13.438370 -0.654974
v 6.266121 12.455316 -0.652048
v 6.247360 12.505748 -0.704200
v -7.279446 -4.902397 -1.063894
v -7.585769 -5.913480 -1.027339
v -7.818745 -5.704152 -0.286992
v 6.806151 -8.148901 -0.480728
v 6.577812 -7.786045 -1.104103
v 6.957732 -8.004879 -0.872591
v 1.870590 6.962421 6.130970
v -0.055336 5.585299 6.350539
v 1.896910 5.585299 6.239658
v 1.870590 4.123860 6.130970
v -0.055336 4.123860 6.239658
v 1.870590 4.123860 6.130970
v 1.793338 2.615127 5.668437
v -6.283702 -8.001462 -0.510218
v -6.812525 -8.131099 -0.570896
v -6.461847 -7.843310 -0.985666
v 5.029610 -1.697796 -2.610873
v 5.678575 -0.356488 -2.632560
v 5.338861 -1.642948 -2.347194
v -5.913288 2.890016 -2.902819
v -5.789003 -0.356488 -2.632560
v -6.681657 2.501805 -2.386427
v -5.789003 -0.356488 -2.632560
v -6.926816 1.320136 -1.884171
v 6.645315 3.148103 -1.264943
v 6.530535 1.900361 -0.319649
v 6.128920 1.389347 -1.221808
v 5.029610 -1.697796 -2.610873
v 5.338861 -1.642948 -2.347194
v 4.572195 -2.350160 -2.593082
v -6.482805 -5.659065 -1.932424
v -6.714072 -6.744238 -1.561030
v -7.208039 -6.275847 -1.453319
v 7.980278 -7.007670 0.868856
v 7.739750 -6.755440 1.048216
v 7.430010 -7.070792 1.178349
v 6.957732 -8.004879 0.581051
v 6.733774 -7.651505 0.981443
v 6.450111 -7.896670 0.604933
v -6.497911 -9.842815 -6.140069
v -5.818001 -10.558557 -5.658526
v -6.165024 -9.825036 -5.627820
v -5.913288 2.890016 -2.902819
v -6.625362 5.237782 -2.430538
v -5.621095 6.805710 -2.958138
v 6.734750 -8.172769 0.062224
v 6.450111 -7.896670 0.604933
v 6.284156 -8.016336 0.119248
v 7.716840 -5.811848 0.501849
v 7.842589 -5.704152 -0.286992
v 7.441956 -4.772993 0.213070
v 4.591205 10.175296 -0.739049
v 4.867065 10.316157 -0.700786
v 5.020355 10.451882 -0.788032
v -2.152580 9.029441 -3.116052
v 0.674286 9.038202 -3.234001
v -1.232386 8.036858 -3.426764
v 8.398947 -6.699152 -0.172698
v 8.272953 -6.309964 -0.408107
v 8.232747 -6.334576 0.257425
v -7.693240 -5.811848 0.501849
v -7.418350 -4.772993 0.213070
v -7.818745 -5.704152 -0.286992
v 4.407703 4.123860 5.088440
v 3.257706 5.585044 5.911402
v 3.205554 4.123860 5.781266
v 4.183257 2.615126 4.662461
v 4.407703 4.123860 5.088440
v 6.284156 -8.016336 0.119248
v 6.291953 -8.025586 -0.405185
v 6.734750 -8.172769 0.062224
v 6.291953 -8.025586 -0.405185
v 6.577812 -7.786045 -1.104103
v 6.806151 -8.148901 -0.480728
v 3.113922 -10.619726 -6.158345
v 3.041301 -10.729398 -5.454064
v 2.625555 -10.203486 -5.570308
v 0.397937 10.593952 4.890805
v 0.892637 9.768561 4.194566
v 0.330679 10.098764 4.058341
v -4.348033 -7.621060 -8.331376
v -3.733673 -7.973434 -8.462485
v -4.769379 -7.822347 -8.396933
v -6.314409 13.851936 -0.724913
v -6.327325 14.379521 -0.658628
v -6.196707 15.068954 -0.673250
v -2.043645 -4.221749 9.034359
v -2.204732 -3.414370 9.043373
v -2.185477 -4.139616 8.654192
v -4.430398 10.122656 -0.644251
v -4.444778 10.105853 -0.667889
v -4.701633 10.175296 -0.739049
v 0.892637 9.768561 4.194566
v 0.397937 10.593952 4.890805
v 1.040075 10.180176 4.965131
v -6.087529 4.833256 -2.374976
v -5.705412 1.945936 -2.167591
v -6.755743 3.148103 -1.264943
v -3.223379 -10.618982 -6.159077
v -2.735013 -10.201302 -5.570796
v -3.150514 -10.728167 -5.454308
v 1.768970 9.403522 7.088205
v 1.217726 10.491856 6.154120
v 1.357612 10.279345 7.205668
v -0.039009 8.259596 -3.771106
v -3.126629 8.264244 -3.570545
v -2.329261 9.472964 -3.382901
v -5.286012 2.616102 3.856561
v -4.517643 4.123860 5.088440
v -5.571383 4.123860 4.177019
v -8.021740 -6.494448 0.716790
v -8.066827 -6.919217 0.733361
v -7.715905 -6.755440 1.048216
v -2.007338 5.585299 6.239658
v -3.315981 4.123860 5.781266
v -1.981262 4.123860 6.130970
v -3.161722 2.614639 5.298995
v -1.981262 4.123860 6.130970
v 6.645315 3.148103 -1.264943
v 5.595229 1.945936 -2.167591
v 5.977101 4.833256 -2.374976
v 1.793338 8.266661 -3.707990
v 2.218827 9.475893 -3.382413
v 3.674177 8.268868 -3.434565
v 2.218827 9.475893 -3.382413
v 4.483491 9.424461 -2.859441
v 4.007308 6.956332 -3.456251
v 2.139629 6.091944 -3.781340
v 1.896910 5.585299 6.239658
v 1.870590 4.123860 6.130970
v 3.205554 4.123860 5.781266
v 3.051050 2.614639 5.298995
v 3.205554 4.123860 5.781266
v -6.100444 2.616590 2.873250
v -7.078636 4.123860 1.897494
v -6.909758 2.442100 1.077214
v -5.556027 1.136396 2.429724
v -6.980188 1.961298 -0.313313
v -6.253484 0.984333 0.905896
v -6.909758 2.442100 1.077214
v -5.052799 8.307379 -3.040752
v -3.126629 8.264244 -3.570545
v -4.570527 6.987521 -3.333918
v 4.007308 6.956332 -3.456251
v 3.674177 8.268868 -3.434565
v 5.175828 8.261060 -2.934255
v -6.239110 1.389347 -1.221808
v -6.755743 3.148103 -1.264943
v -5.705412 1.945936 -2.167591
v -2.957751 -9.854761 -5.579325
v -2.377508 -9.819923 -3.975808
v -3.432469 -10.497643 -5.443341
v 6.748398 -5.428518 -1.763787
v 7.609614 -5.913480 -1.027339
v 7.231646 -6.275847 -1.453319
v 5.990505 2.616590 2.873250
v 6.800788 2.442355 1.073559
v 6.967964 4.123860 1.897494
v 5.445600 1.136396 2.429724
v 5.510911 6.805710 -2.958138
v 4.007308 6.956332 -3.456251
v 5.175828 8.261060 -2.934255
v -5.790223 0.176466 -0.634989
v -6.640963 1.900361 -0.319649
v -6.239110 1.389347 -1.221808
v 6.737429 -6.744238 -1.561030
v 6.264419 -5.890564 -1.958012
v 7.231646 -6.275847 -1.453319
v 7.231646 -6.275847 -1.453319
v 6.748398 -5.428518 -1.763787
v 7.127831 -6.371389 1.205642
v 7.471687 -6.044092 0.936115
v 6.965774 -5.222118 1.318231
v -4.603180 14.120970 -0.714923
v -5.235569 14.820628 -0.677151
v -4.529339 14.093430 -0.654974
v -3.985172 13.332857 -0.704200
v 4.923604 4.788890 -2.977390
v 3.574510 7.557032 -3.194280
v 4.885344 7.477108 -2.761964
v 4.151092 9.029674 -2.609166
v 6.872439 1.967875 -0.313554
v 6.800788 2.442355 1.073559
v 6.143056 0.984798 0.906140
v -7.103985 -6.371389 1.205642
v -6.941923 -5.222118 1.318231
v -7.448080 -6.044092 0.936115
v 5.595229 1.945936 -2.167591
v 6.645315 3.148103 -1.264943
v 6.128920 1.389347 -1.221808
v 7.556248 -6.912640 -1.439915
v 7.635446 -7.292787 -1.330983
v 7.234813 -7.241378 -1.478663
v -8.208897 -6.334576 -0.548963
v -8.021740 -6.494448 -1.008331
v -8.251787 -6.664058 -0.697619
v 0.278039 -7.518708 3.619934
v 0.553661 -7.022777 2.307633
v 0.595575 -7.207005 3.541462
v 0.337500 -5.483598 8.971240
v -0.018296 -5.390984 9.233700
v 0.642853 -6.395257 9.077006
v 6.128920 1.389347 -1.221808
v 6.530535 1.900361 -0.319649
v 5.679790 0.176466 -0.634989
v -1.124915 10.590071 6.123173
v -1.061799 10.315413 5.063828
v -1.584527 9.881163 6.145591
v -1.061799 10.315413 5.063828
v -1.459510 9.657449 5.151803
v -6.058042 -10.914603 -7.263017
v -6.002724 -10.725982 -6.140798
v -6.538611 -10.289036 -7.208672
v -6.497911 -9.842815 -6.140069
v -6.716018 -9.732912 -7.209648
v -6.559324 -9.009151 -6.193194
v -6.749648 -9.144390 -7.255949
v -6.312219 -8.241492 -6.322595
v -5.808984 -7.649809 -6.494889
v -6.523987 -8.404293 -7.363420
v -5.286012 2.616102 3.856561
v -6.436016 4.123860 3.193465
v -6.100444 2.616590 2.873250
v -4.822995 1.134188 3.377944
v 0.040439 -9.754848 7.231258
v 0.386241 -9.654939 6.284256
v 0.389164 -9.424158 6.506993
v 6.514691 5.237782 -2.430538
v 6.571229 2.501805 -2.386427
v 5.803104 2.890016 -2.902819
v 5.678575 -0.356488 -2.632560
v 5.803104 2.890016 -2.902819
v 4.781284 1.320136 -3.148463
v -6.081922 7.194664 -2.135179
v -5.034032 4.788890 -2.977390
v -6.087529 4.833256 -2.374976
v -5.705412 1.945936 -2.167591
v -6.081922 7.194664 -2.135179
v -4.995528 7.477108 -2.761964
v 7.980278 -7.007670 0.868856
v 8.045585 -6.494448 0.716790
v 7.739750 -6.755440 1.048216
v -6.682389 -8.020473 0.545716
v -6.714804 -8.137187 0.201863
v -6.253972 -8.027538 -0.012102
v -5.712483 0.169656 0.308844
v -6.609280 2.163817 0.527196
v -6.640963 1.900361 -0.319649
v -2.152580 9.029441 -3.116052
v -1.232386 8.036858 -3.426764
v -3.685182 7.557032 -3.194280
v -3.758773 -7.542576 -2.018934
v -3.390067 -9.455092 -2.525820
v -4.613905 -9.450724 -1.549578
v -2.912420 -10.214457 -2.306496
v 7.471687 -6.044092 0.936115
v 7.716840 -5.811848 0.501849
v 6.965774 -5.222118 1.318231
v 5.990505 2.616590 2.873250
v 6.325826 4.123860 3.193465
v 5.175828 2.616102 3.856561
v 4.712562 1.134188 3.377944
v -7.532397 -6.912640 -1.439915
v -7.138585 -7.251116 -1.488409
v -7.612089 -7.292787 -1.330983
v -7.448080 -6.044092 0.936115
v -6.941923 -5.222118 1.318231
v -7.693240 -5.811848 0.501849
v 4.923604 4.788890 -2.977390
v 5.971738 7.194664 -2.135179
v 5.977101 4.833256 -2.374976
v 5.595229 1.945936 -2.167591
v 5.971738 7.194664 -2.135179
v 4.885344 7.477108 -2.761964
v -5.556027 1.136396 2.429724
v -6.909758 2.442100 1.077214
v -6.253484 0.984333 0.905896
v 6.357021 -7.119272 -1.403604
v 5.666147 -6.464468 -1.835188
v 6.737429 -6.744238 -1.561030
v 5.666147 -6.464468 -1.835188
v 6.264419 -5.890564 -1.958012
v -5.913288 2.890016 -2.902819
v -6.681657 2.501805 -2.386427
v -6.625362 5.237782 -2.430538
v -5.789003 -0.356488 -2.632560
v -4.884647 2.166722 -3.224010
v -3.315981 4.123860 5.781266
v -4.293685 2.615126 4.662461
v -3.161722 2.614639 5.298995
v -5.836280 -7.592288 -0.560418
v -4.864178 -7.218951 -0.504611
v -5.787051 -7.622524 -0.006010
v 8.272953 -6.309964 -0.408107
v 8.290011 -6.727180 -0.682753
v 7.984909 -6.549040 -1.113364
v -5.001379 -7.085898 0.773814
v -6.253240 -7.207006 1.053091
v -5.911580 -7.519197 0.525976
v -5.642296 -6.464468 1.543647
v -6.714072 -6.744238 1.269734
v 5.859881 -7.592288 -0.560418
v 5.810901 -7.622524 -0.006010
v 4.888022 -7.218951 -0.504611
v 6.498608 2.163817 0.527196
v 5.602056 0.169656 0.308844
v 6.530535 1.900361 -0.319649
v 7.609614 -5.913480 -1.027339
v 6.748398 -5.428518 -1.763787
v 7.303047 -4.902397 -1.063894
v 1.768970 9.403522 7.088205
v 1.464838 9.806584 7.831964
v 1.560119 9.064535 8.317406
v 1.836717 8.162869 7.842688
v 1.836717 8.162869 7.842688
v 1.680749 7.885539 8.619589
v 1.680749 7.885539 8.619589
v 1.961246 5.295303 8.896426
v -4.570527 6.987521 -3.333918
v -5.621095 6.805710 -2.958138
v -5.052799 8.307379 -3.040752
v -5.913288 2.890016 -2.902819
v -5.621095 6.805710 -2.958138
v 5.666147 -6.464468 -1.835188
v 6.044603 -7.413173 -1.049028
v 5.181679 -6.933579 -1.323915
v -6.021002 -7.413173 -1.049028
v -5.642296 -6.464468 -1.835188
v -5.157829 -6.933579 -1.323915
v -4.517643 4.123860 5.088440
v -5.286012 2.616102 3.856561
v -4.293685 2.615126 4.662461
v -4.822995 1.134188 3.377944
v -4.293685 2.615126 4.662461
v -3.315981 4.123860 5.781266
v 5.445600 1.136396 2.429724
v 6.143056 0.984798 0.906140
v 6.800788 2.442355 1.073559
v -6.253484 0.984333 0.905896
v -6.980188 1.961298 -0.313313
v -5.667884 -0.217834 -0.330856
v 2.394288 6.159923 -3.569328
v 0.674286 9.038202 -3.234001
v 3.574510 7.557032 -3.194280
v 6.277091 -7.207006 1.053091
v 5.024980 -7.085898 0.773814
v 5.935431 -7.519197 0.525976
v -5.642296 -6.464468 -1.835188
v -6.328545 -7.177048 -1.391176
v -6.714072 -6.744238 -1.561030
v -6.021002 -7.413173 -1.049028
v 5.510911 6.805710 -2.958138
v 5.803104 2.890016 -2.902819
v 4.723775 3.504126 -3.300530
v -3.685182 7.557032 -3.194280
v -1.232386 8.036858 -3.426764
v -2.504478 6.159923 -3.569328
v 3.623002 -7.973434 -8.462485
v 3.640304 -8.414286 -8.599198
v 3.138534 -8.555147 -8.512688
v -5.571383 -0.217346 0.353684
v -6.253484 0.984333 0.905896
v -5.667884 -0.217834 -0.330856
v 6.143056 0.984798 0.906140
v 5.557213 -0.217834 -0.330856
v 6.872439 1.967875 -0.313554
v 5.868410 15.398668 -0.663503
v 5.408072 14.907618 -0.722476
v 5.668338 15.275099 -0.649611
v -0.682850 -4.005100 9.040695
v -1.168538 -3.264514 9.325816
v -0.902177 -4.179102 9.319481
v 2.794195 -10.041430 -6.267032
v 3.113922 -10.619726 -6.158345
v 2.625555 -10.203486 -5.570308
v -2.034872 -9.357877 -4.160042
v -2.377508 -9.819923 -3.975808
v -2.290025 -8.722060 -4.033564
v -5.001379 -7.085898 0.773814
v -5.911580 -7.519197 0.525976
v -5.787051 -7.622524 -0.006010
v 6.203005 -7.797480 -0.781206
v 6.577812 -7.786045 -1.104103
v 6.291953 -8.025586 -0.405185
v 5.935431 -7.519197 0.525976
v 5.024980 -7.085898 0.773814
v 5.810901 -7.622524 -0.006010
v -6.347306 12.514765 -0.614764
v -6.418957 13.469559 -0.654974
v -6.376310 12.454572 -0.678368
v 5.175828 2.616102 3.856561
v 4.407703 4.123860 5.088440
v 4.183257 2.615126 4.662461
v 4.183257 2.615126 4.662461
v 4.712562 1.134188 3.377944
v 5.445600 1.136396 2.429724
v 5.990505 2.616590 2.873250
v -4.529339 14.093430 -0.654974
v -3.938621 13.304597 -0.652048
v -3.985172 13.332857 -0.704200
v -6.482805 -5.659065 -1.932424
v -7.585769 -5.913480 -1.027339
v -7.279446 -4.902397 -1.063894
v 2.269759 -9.825036 -3.975322
v 1.925908 -9.362990 -4.159557
v 2.177401 -8.726708 -4.034296
v 5.859881 -7.592288 -0.560418
v 5.181679 -6.933579 -1.323915
v 6.044603 -7.413173 -1.049028
v -5.157829 -6.933579 -1.323915
v -5.836280 -7.592288 -0.560418
v -6.021002 -7.413173 -1.049028
v 2.187150 10.213317 4.723385
v 0.106477 10.669019 3.953308
v 0.264147 10.854479 4.243060
v -2.904135 -10.039966 -6.267520
v -2.735013 -10.201302 -5.570796
v -3.223379 -10.618982 -6.159077
v -4.884647 2.166722 -3.224010
v -4.961411 -0.273635 -2.972273
v -5.789003 -0.356488 -2.632560
v -6.714072 -6.744238 1.269734
v -6.240812 -5.890564 1.666715
v -7.103985 -6.371389 1.205642
v -6.714072 -6.744238 1.269734
v -5.642296 -6.464468 1.543647
v -5.712483 0.169656 0.308844
v -6.640963 1.900361 -0.319649
v -5.790223 0.176466 -0.634989
v -4.834203 -0.882632 0.144106
v -4.662641 -1.907380 0.889325
v -4.662641 -2.134255 -1.243985
v -4.662641 -2.134255 0.889325
v -4.662641 -1.907380 -1.243985
v 6.044603 -7.413173 -1.049028
v 5.666147 -6.464468 -1.835188
v 6.357021 -7.119272 -1.403604
v 7.127831 -6.371389 1.205642
v 6.965774 -5.222118 1.318231
v 6.264419 -5.890564 1.666715
v 6.715496 -6.809545 1.273635
v 6.264419 -5.890564 1.666715
v 3.536732 10.966336 -0.788032
v 3.516263 11.391569 -0.729056
v 3.608139 10.680964 -0.691284
v 4.781284 1.320136 -3.148463
v 5.678575 -0.356488 -2.632560
v 4.851227 -0.273635 -2.972273
v -5.836280 -7.592288 -0.560418
v -5.157829 -6.933579 -1.323915
v -4.864178 -7.218951 -0.504611
v 2.729859 -9.650803 -8.160546
v 2.969900 -9.177531 -8.542174
v 3.031551 -10.164025 -8.398882
v 5.181679 -6.933579 -1.323915
v 5.859881 -7.592288 -0.560418
v 4.888022 -7.218951 -0.504611
v -5.284310 0.178906 -1.562495
v -6.239110 1.389347 -1.221808
v -5.705412 1.945936 -2.167591
v 5.557213 -0.217834 -0.330856
v 6.143056 0.984798 0.906140
v 5.352754 -0.244398 0.673411
v -6.482805 -5.659065 -1.932424
v -5.642296 -6.464468 -1.835188
v -6.714072 -6.744238 -1.561030
v -7.585769 -5.913480 -1.027339
v -6.482805 -5.659065 -1.932424
v -7.208039 -6.275847 -1.453319
v 0.674286 9.038202 -3.234001
v 2.042152 9.029441 -3.116052
v 3.574510 7.557032 -3.194280
v -0.055336 6.191855 -3.671435
v -1.232386 8.036858 -3.426764
v 0.674286 9.038202 -3.234001
v -4.884647 2.166722 -3.224010
v -5.913288 2.890016 -2.902819
v -4.570527 6.987521 -3.333918
v -5.140044 -1.697796 -2.610873
v -5.789003 -0.356488 -2.632560
v -4.961411 -0.273635 -2.972273
v 5.679790 0.176466 -0.634989
v 6.530535 1.900361 -0.319649
v 5.602056 0.169656 0.308844
v 4.724264 -0.882632 0.144106
v -2.319511 -10.158888 -4.075480
v -1.456588 -9.559652 -1.046347
v -1.847471 -10.053144 -0.970312
v -2.319511 -10.158888 -4.075480
v -2.034872 -9.357877 -4.160042
v -1.847471 -10.053144 -0.970312
v -2.942151 -10.691121 -3.934870
v 5.029610 -1.697796 -2.610873
v 4.851227 -0.273635 -2.972273
v 5.678575 -0.356488 -2.632560
v 6.277091 -7.207006 1.053091
v 6.715496 -6.809545 1.273635
v 5.665903 -6.464468 1.543647
v 6.715496 -6.809545 1.273635
v 6.264419 -5.890564 1.666715
v -5.150764 -9.233098 -3.459907
v -5.660331 -9.140252 -5.102658
v -5.599894 -9.811138 -5.068784
v 5.595229 1.945936 -2.167591
v 6.128920 1.389347 -1.221808
v 5.173882 0.178906 -1.562495
v 4.492020 -2.134255 0.889325
v 4.492020 -2.134255 -1.243985
v 4.492020 -1.907380 0.889325
v 4.492020 -1.907380 -1.243985
v 4.723775 3.504126 -3.300530
v 5.803104 2.890016 -2.902819
v 4.781284 1.320136 -3.148463
v -3.014045 -10.425736 -0.744163
v -2.668481 -9.668581 -0.311604
v -3.612805 -10.247597 -0.628164
v -5.061816 -0.321394 1.387926
v -5.556027 1.136396 2.429724
v -6.253484 0.984333 0.905896
v 4.762523 -8.282441 -3.549343
v 4.941883 -8.078714 -3.622452
v 5.241385 -8.677229 -3.542031
v 2.907998 -10.425992 -0.743675
v 3.507490 -10.245645 -0.627679
v 2.558053 -9.668581 -0.311604
v -2.610484 -9.473383 2.735563
v -4.076066 -7.536743 1.570944
v -4.619262 -9.449492 1.344548
v -3.434904 -10.297797 1.689622
v -4.873195 -8.282441 -3.549343
v -5.351812 -8.677229 -3.542031
v -5.052310 -8.078714 -3.622452
v 5.549903 -9.140252 -5.102658
v 5.040824 -9.233098 -3.459907
v 5.489466 -9.811138 -5.068784
v 4.007308 6.956332 -3.456251
v 1.793338 8.266661 -3.707990
v 3.674177 8.268868 -3.434565
v -2.839799 -9.650803 -8.160546
v -3.147586 -10.141598 -8.418378
v -3.054984 -9.273305 -8.523167
v -7.103985 -6.371389 1.205642
v -6.240812 -5.890564 1.666715
v -6.941923 -5.222118 1.318231
v 4.712562 1.134188 3.377944
v 4.183257 2.615126 4.662461
v 3.819420 1.129076 4.033242
v -5.790223 0.176466 -0.634989
v -6.239110 1.389347 -1.221808
v -5.284310 0.178906 -1.562495
v -4.739161 -0.840706 -0.938145
v -0.682850 -4.005100 9.040695
v -0.902177 -4.179102 9.319481
v -0.018296 -5.390984 9.233700
v 4.723775 3.504126 -3.300530
v 4.007308 6.956332 -3.456251
v 5.510911 6.805710 -2.958138
v 4.007308 6.956332 -3.456251
v 3.405870 4.359008 -3.597838
v 4.723775 3.504126 -3.300530
v 4.781284 1.320136 -3.148463
v -4.822995 1.134188 3.377944
v -6.100444 2.616590 2.873250
v -5.556027 1.136396 2.429724
v -3.810193 -0.239029 3.034090
v 7.716840 -5.811848 0.501849
v 7.441956 -4.772993 0.213070
v 6.965774 -5.222118 1.318231
v 3.051050 2.614639 5.298995
v 1.870590 4.123860 6.130970
v 1.793338 2.615127 5.668437
v 2.795659 1.124683 4.545488
v 7.842589 -5.704152 -0.286992
v 7.303047 -4.902397 -1.063894
v 7.441956 -4.772993 0.213070
v -7.693240 -5.811848 0.501849
v -6.941923 -5.222118 1.318231
v -7.418350 -4.772993 0.213070
v 4.940907 -7.819907 -8.316999
v 4.237844 -7.640792 -8.354771
v 4.959186 -7.534536 -8.156404
v -3.929847 1.129076 4.033242
v -3.161722 2.614639 5.298995
v -4.293685 2.615126 4.662461
v 1.168503 -8.035579 8.684412
v 0.331649 -7.094172 8.654193
v 1.167527 -8.033138 8.629093
v 6.128920 1.389347 -1.221808
v 5.679790 0.176466 -0.634989
v 5.173882 0.178906 -1.562495
v 4.628733 -0.840706 -0.938145
v -7.418350 -4.772993 0.213070
v -7.279446 -4.902397 -1.063894
v -7.818745 -5.704152 -0.286992
v -4.322933 6.585900 7.011685
v -4.322933 6.791580 7.286331
v -2.839799 8.984121 5.644068
v 3.051050 2.614639 5.298995
v 3.819420 1.129076 4.033242
v 4.183257 2.615126 4.662461
v 4.372122 -0.195174 2.405842
v 5.352754 -0.244398 0.673411
v 6.143056 0.984798 0.906140
v 4.007308 6.956332 -3.456251
v 3.405870 4.359008 -3.597838
v 2.139629 6.091944 -3.781340
v -0.055336 4.123860 6.239658
v -1.903766 2.615127 5.668437
v -0.055336 2.615870 5.820746
v -1.761690 1.124451 4.850838
v -4.961411 -0.273635 -2.972273
v -4.674337 -2.346744 -2.599418
v -5.140044 -1.697796 -2.610873
v -4.293685 2.615126 4.662461
v -4.822995 1.134188 3.377944
v -3.929847 1.129076 4.033242
v -3.810193 -0.239029 3.034090
v 6.207636 14.450685 -0.676907
v 6.155484 13.977436 -0.593075
v 6.301458 13.438370 -0.654974
v -0.055336 4.123860 6.239658
v -0.055336 2.615870 5.820746
v 1.793338 2.615127 5.668437
v 1.651751 1.124451 4.850838
v -5.705412 1.945936 -2.167591
v -5.034032 4.788890 -2.977390
v -4.750618 1.814115 -2.716392
v -5.284310 0.178906 -1.562495
v -5.705412 1.945936 -2.167591
v -1.903766 2.615127 5.668437
v -2.906087 1.124683 4.545488
v -1.761690 1.124451 4.850838
v -2.906087 1.124683 4.545488
v -3.161722 2.614639 5.298995
v -1.981262 4.123860 6.130970
v -1.903766 2.615127 5.668437
v 5.445600 1.136396 2.429724
v 4.712562 1.134188 3.377944
v 4.372122 -0.195174 2.405842
v -6.179648 -7.797480 0.489666
v -6.682389 -8.020473 0.545716
v -6.253972 -8.027538 -0.012102
v -2.912420 -10.214457 -2.306496
v -3.390067 -9.455092 -2.525820
v -1.013302 -9.336426 -3.311251
v -2.297334 -7.370294 -2.751240
v -3.390067 -9.455092 -2.525820
v 4.572195 -2.350160 -2.593082
v 4.851227 -0.273635 -2.972273
v 5.029610 -1.697796 -2.610873
v -4.517643 -1.338334 0.172617
v -5.571383 -0.217346 0.353684
v -5.667884 -0.217834 -0.330856
v 5.081518 14.778934 -0.659116
v 5.668338 15.275099 -0.649611
v 5.408072 14.907618 -0.722476
v 4.845864 14.219905 -0.773411
v 5.040824 -9.233098 -3.459907
v 4.762523 -8.282441 -3.549343
v 5.241385 -8.677229 -3.542031
v -5.316963 10.655865 -0.722720
v -4.894885 10.273511 -0.691284
v -5.130783 10.451882 -0.788032
v 4.640429 1.814115 -2.716392
v 4.923604 4.788890 -2.977390
v 5.595229 1.945936 -2.167591
v 5.173882 0.178906 -1.562495
v 5.595229 1.945936 -2.167591
v 5.445600 1.136396 2.429724
v 4.372122 -0.195174 2.405842
v 6.143056 0.984798 0.906140
v 1.793338 8.266661 -3.707990
v 2.139629 6.091944 -3.781340
v -0.039009 8.259596 -3.771106
v 6.639464 -9.144390 -7.255949
v 6.449867 -8.593889 -7.721409
v 6.413559 -8.404293 -7.363420
v 3.031551 -10.164025 -8.398882
v 2.883387 -10.217130 -8.080616
v 2.729859 -9.650803 -8.160546
v -5.150764 -9.233098 -3.459907
v -5.351812 -8.677229 -3.542031
v -4.873195 -8.282441 -3.549343
v -4.261032 9.029674 -2.609166
v -3.685182 7.557032 -3.194280
v -4.995528 7.477108 -2.761964
v -5.034032 4.788890 -2.977390
v -3.685182 7.557032 -3.194280
v -2.504478 6.159923 -3.569328
v -0.014886 3.466848 -3.571033
v -0.055336 6.191855 -3.671435
v -1.232386 8.036858 -3.426764
v -2.993814 -10.217130 -8.080616
v -3.147586 -10.141598 -8.418378
v -2.839799 -9.650803 -8.160546
v 2.287550 -10.358734 -0.864062
v 2.907998 -10.425992 -0.743675
v 2.558053 -9.668581 -0.311604
v 2.287550 -10.358734 -0.864062
v 1.958806 -9.458997 -0.427603
v 1.836717 8.162869 7.842688
v 1.961246 5.295303 8.896426
v 2.118184 4.950715 8.360053
v 1.949056 3.702996 9.003164
v 2.054580 3.474169 8.489213
v 3.819420 1.129076 4.033242
v 3.051050 2.614639 5.298995
v 2.795659 1.124683 4.545488
v 4.407703 -1.338334 0.172617
v 5.557213 -0.217834 -0.330856
v 5.352754 -0.244398 0.673411
v -2.394323 -10.357269 -0.864550
v -2.668481 -9.668581 -0.311604
v -3.014045 -10.425736 -0.744163
v -2.394323 -10.357269 -0.864550
v -2.068989 -9.458997 -0.427603
v -2.204732 -3.414370 9.043373
v -2.140884 -2.626513 9.047519
v -2.309274 -2.918950 8.653948
v -1.759744 -1.477986 9.058483
v -1.888416 -1.503806 8.653219
v -3.810193 -0.239029 3.034090
v -5.556027 1.136396 2.429724
v -5.061816 -0.321394 1.387926
v 0.337500 -5.483598 8.971240
v 0.642853 -6.395257 9.077006
v 0.941378 -6.649672 8.860116
v -6.314409 13.851936 -0.724913
v -6.259090 12.542072 -0.754644
v -6.418957 13.469559 -0.654974
v 6.277091 -7.207006 1.053091
v 5.665903 -6.464468 1.543647
v 5.024980 -7.085898 0.773814
v -5.001379 -7.085898 0.773814
v -5.642296 -6.464468 1.543647
v -6.253240 -7.207006 1.053091
v -6.376310 12.454572 -0.678368
v -6.418957 13.469559 -0.654974
v -6.259090 12.542072 -0.754644
v -4.834203 -0.882632 0.144106
v -5.790223 0.176466 -0.634989
v -4.739161 -0.840706 -0.938145
v -4.864178 -7.218951 -0.504611
v -5.001379 -7.085898 0.773814
v -5.787051 -7.622524 -0.006010
v 5.810901 -7.622524 -0.006010
v 5.024980 -7.085898 0.773814
v 4.888022 -7.218951 -0.504611
v 4.372122 -0.195174 2.405842
v 3.819420 1.129076 4.033242
v 3.329839 -0.233173 3.278271
v -0.348743 -9.314742 5.654792
v -0.024385 -9.238699 5.175199
v 0.386241 -9.654939 6.284256
v -0.348743 -9.314742 5.654792
v -0.303418 -7.405619 3.698403
v 6.086761 15.081620 -0.670327
v 6.155484 13.977436 -0.593075
v 6.207636 14.450685 -0.676907
v 2.432304 9.855086 4.563034
v 4.994767 7.058196 7.086743
v 4.979167 6.822048 6.834275
v -3.161722 2.614639 5.298995
v -3.929847 1.129076 4.033242
v -2.906087 1.124683 4.545488
v -3.810193 -0.239029 3.034090
v 3.507490 -10.245645 -0.627679
v 3.130736 -9.382721 -0.200479
v 2.558053 -9.668581 -0.311604
v -3.612805 -10.247597 -0.628164
v -2.668481 -9.668581 -0.311604
v -3.241164 -9.382977 -0.200479
v -5.061816 -0.321394 1.387926
v -5.571383 -0.217346 0.353684
v -4.517643 -1.338334 0.172617
v -6.253484 0.984333 0.905896
v -3.196571 -1.347839 2.039082
v -4.199136 -1.334917 0.909309
v 2.750084 -10.507126 -6.967170
v 2.883387 -10.217130 -8.080616
v 3.182400 -10.725239 -7.966810
v 2.409156 -9.725846 -7.119480
v 2.729859 -9.650803 -8.160546
v 4.407703 -1.338334 0.172617
v 5.352754 -0.244398 0.673411
v 4.094798 -1.337125 0.901997
v -3.612805 -10.247597 -0.628164
v -3.241164 -9.382977 -0.200479
v -4.117254 -9.832822 -0.532392
v 3.888386 13.333578 -0.614764
v 4.436458 14.126338 -0.654974
v 3.828437 13.305318 -0.678368
v 4.094798 -1.337125 0.901997
v 5.352754 -0.244398 0.673411
v 4.372122 -0.195174 2.405842
v 3.507490 -10.245645 -0.627679
v 4.008284 -9.830405 -0.532148
v 3.130736 -9.382721 -0.200479
v -4.662641 -2.134255 0.889325
v -4.662641 -2.134255 -1.243985
v -4.904146 -2.918207 1.109870
v -4.904146 -2.918207 -1.464771
v 2.040444 -7.345914 2.553766
v 0.897756 -9.456325 3.062845
v 3.164610 -9.456325 2.331272
v 2.652851 -10.251734 2.092695
v -0.055336 2.615870 5.820746
v -1.761690 1.124451 4.850838
v -0.055336 1.126635 5.002416
v -6.253240 -7.207006 1.053091
v -6.944363 -7.419518 1.142770
v -6.599049 -7.721692 0.886403
v -7.178553 -7.770916 0.860327
v -6.599049 -7.721692 0.886403
v -0.162318 2.001505 9.082609
v -0.077513 2.867357 8.572798
v -0.620954 1.094726 8.633235
v -4.975547 14.420959 -0.594048
v -4.529339 14.093430 -0.654974
v -5.235569 14.820628 -0.677151
v 3.819420 1.129076 4.033242
v 4.372122 -0.195174 2.405842
v 4.712562 1.134188 3.377944
v 2.795659 1.124683 4.545488
v 1.793338 2.615127 5.668437
v 1.651751 1.124451 4.850838
v 2.090644 -0.221250 3.805385
v -5.284310 0.178906 -1.562495
v -4.750618 1.814115 -2.716392
v -4.022943 0.184019 -2.389840
v -3.740500 -0.826576 -1.835677
v -4.750618 1.814115 -2.716392
v -5.034032 4.788890 -2.977390
v -2.709425 3.456134 -3.451134
v 6.266121 12.455316 -0.652048
v 6.078232 11.523902 -0.650587
v 6.058495 11.529503 -0.704932
v 6.266121 12.455316 -0.652048
v 6.058495 11.529503 -0.704932
v 6.247360 12.505748 -0.704200
v 5.679790 0.176466 -0.634989
v 4.724264 -0.882632 0.144106
v 4.628733 -0.840706 -0.938145
v 4.724264 -0.882632 0.144106
v 3.656387 -1.588124 -0.390076
v 4.733525 -2.918207 1.109870
v 4.492020 -2.134255 -1.243985
v 4.492020 -2.134255 0.889325
v 4.733525 -2.918207 -1.464771
v 1.739966 -10.055560 -0.970071
v 2.287550 -10.358734 -0.864062
v 1.958806 -9.458997 -0.427603
v -0.924354 9.840933 4.164591
v -1.459510 9.657449 5.151803
v -1.061799 10.315413 5.063828
v 3.912510 0.184019 -2.389840
v 4.640429 1.814115 -2.716392
v 5.173882 0.178906 -1.562495
v 3.912510 0.184019 -2.389840
v 3.916896 -0.826088 -1.645595
v -4.517643 -1.338334 0.172617
v -4.199136 -1.334917 0.909309
v -5.061816 -0.321394 1.387926
v -3.196571 -1.347839 2.039082
v -3.810193 -0.239029 3.034090
v -1.847471 -10.053144 -0.970312
v -2.068989 -9.458997 -0.427603
v -2.394323 -10.357269 -0.864550
v 3.574510 7.557032 -3.194280
v 2.042152 9.029441 -3.116052
v 4.151092 9.029674 -2.609166
v 2.394288 6.159923 -3.569328
v 4.923604 4.788890 -2.977390
v 2.423292 3.453438 -3.482082
v 4.640429 1.814115 -2.716392
v 2.423292 3.453438 -3.482082
v 2.394288 6.159923 -3.569328
v -0.055336 6.191855 -3.671435
v 0.674286 9.038202 -3.234001
v 2.423292 3.453438 -3.482082
v -0.055336 6.191855 -3.671435
v -0.014886 3.466848 -3.571033
v -0.055336 0.547874 -2.988844
v -2.210333 -0.215626 3.806846
v -1.761690 1.124451 4.850838
v -2.906087 1.124683 4.545488
v -6.599049 -7.721692 0.886403
v -6.682389 -8.020473 0.545716
v -6.179648 -7.797480 0.489666
v -6.215468 11.830468 -0.730761
v -6.197195 11.531711 -0.667889
v -6.376310 12.454572 -0.678368
v 0.897756 -9.456325 3.062845
v -0.106756 -7.145836 2.888605
v -2.610484 -9.473383 2.735563
v -0.515674 -10.333866 2.599582
v -5.733685 15.242701 -0.670327
v -4.975547 14.420959 -0.594048
v -5.235569 14.820628 -0.677151
v 2.432304 9.855086 4.563034
v 0.106477 10.669019 3.953308
v 2.187150 10.213317 4.723385
v 1.570356 9.733236 5.881183
v 1.040075 10.180176 4.965131
v 1.217726 10.491856 6.154120
v 1.200180 9.222942 4.419985
v 1.040075 10.180176 4.965131
v 4.372122 -0.195174 2.405842
v 3.087846 -1.347607 2.037617
v 4.094798 -1.337125 0.901997
v 4.372122 -0.195174 2.405842
v 3.329839 -0.233173 3.278271
v 3.087846 -1.347607 2.037617
v -4.739161 -0.840706 -0.938145
v -5.284310 0.178906 -1.562495
v -3.740500 -0.826576 -1.835677
v -3.405417 -1.577898 -1.022953
v -7.138585 -7.251116 -1.488409
v -6.328545 -7.177048 -1.391176
v -7.012842 -7.695384 -1.263237
v -0.055336 1.126635 5.002416
v -1.761690 1.124451 4.850838
v -0.055336 -0.241470 4.033971
v 4.436458 14.126338 -0.654974
v 5.081518 14.778934 -0.659116
v 4.845864 14.219905 -0.773411
v 3.828437 13.089900 -0.756349
v -1.459510 9.657449 5.151803
v -0.924354 9.840933 4.164591
v -1.281609 9.321877 4.379288
v -2.034872 -9.357877 -4.160042
v -2.319511 -10.158888 -4.075480
v -2.377508 -9.819923 -3.975808
v -1.761690 1.124451 4.850838
v -2.210333 -0.215626 3.806846
v -0.055336 -0.241470 4.033971
v -4.348033 -7.621060 -8.331376
v -4.769379 -7.822347 -8.396933
v -5.069613 -7.534536 -8.156404
v 6.042169 13.845824 -0.762688
v 6.207636 14.450685 -0.676907
v 6.261008 13.503676 -0.714923
v 4.436458 14.126338 -0.654974
v 3.828437 13.089900 -0.756349
v 3.828437 13.305318 -0.678368
v -0.055336 -0.241470 4.033971
v 2.090644 -0.221250 3.805385
v 1.651751 1.124451 4.850838
v 3.113922 -10.619726 -6.158345
v 3.282805 -11.069107 -6.767827
v 3.630311 -11.027435 -6.024557
v -7.818745 -5.704152 -0.286992
v -8.208897 -6.334576 -0.548963
v -8.338300 -6.445225 -0.145892
v -2.204732 -3.414370 9.043373
v -2.309274 -2.918950 8.653948
v -2.185477 -4.139616 8.654192
v -1.888416 -1.503806 8.653219
v -2.140884 -2.626513 9.047519
v 2.795659 1.124683 4.545488
v 3.329839 -0.233173 3.278271
v 3.819420 1.129076 4.033242
v 1.540870 -1.357832 2.786008
v 3.087846 -1.347607 2.037617
v 1.540870 -1.357832 2.786008
v 2.090644 -0.221250 3.805385
v 2.795659 1.124683 4.545488
v -5.034032 4.788890 -2.977390
v -2.504478 6.159923 -3.569328
v -2.709425 3.456134 -3.451134
v -2.709425 3.456134 -3.451134
v -0.014886 3.466848 -3.571033
v -2.399198 0.500091 -2.892828
v 6.042169 13.845824 -0.762688
v 6.086761 15.081620 -0.670327
v 6.207636 14.450685 -0.676907
v 1.651751 1.124451 4.850838
v -0.055336 2.615870 5.820746
v -0.055336 1.126635 5.002416
v -0.055336 -0.241470 4.033971
v -0.055336 -1.358088 2.959032
v 1.540870 -1.357832 2.786008
v -2.906087 1.124683 4.545488
v -3.810193 -0.239029 3.034090
v -2.210333 -0.215626 3.806846
v -3.196571 -1.347839 2.039082
v -1.654708 -1.357600 2.784544
v -3.196571 -1.347839 2.039082
v -3.810193 -0.239029 3.034090
v 2.269759 -9.825036 -3.975322
v 2.212250 -10.162560 -4.074261
v 1.925908 -9.362990 -4.159557
v -1.481688 9.462740 7.677217
v -1.581599 9.791478 6.996819
v -1.643744 8.890044 6.922005
v -7.208039 -6.275847 -1.453319
v -7.532397 -6.912640 -1.439915
v -7.934256 -6.774707 -1.199142
v 0.278039 -7.518708 3.619934
v 0.629205 -9.020098 5.291927
v -0.024385 -9.238699 5.175199
v 0.386241 -9.654939 6.284256
v 0.595575 -7.207005 3.541462
v -1.759744 -1.477986 9.058483
v -0.596586 0.867108 9.084558
v -0.620954 1.094726 8.633235
v -3.393233 -11.069107 -6.767827
v -3.223379 -10.618982 -6.159077
v -3.740012 -11.027180 -6.025286
v 6.130384 12.287658 -0.756349
v 6.261008 13.503676 -0.714923
v 6.247360 12.505748 -0.704200
v 7.842589 -5.704152 -0.286992
v 8.232747 -6.334576 0.257425
v 8.272953 -6.309964 -0.408107
v -3.594038 -1.602254 0.184072
v -4.834203 -0.882632 0.144106
v -4.739161 -0.840706 -0.938145
v -4.750618 1.814115 -2.716392
v -2.709425 3.456134 -3.451134
v -2.399198 0.500091 -2.892828
v -4.022943 0.184019 -2.389840
v -4.750618 1.814115 -2.716392
v -6.215468 11.830468 -0.730761
v -6.376310 12.454572 -0.678368
v -6.259090 12.542072 -0.754644
v 7.609614 -5.913480 -1.027339
v 8.272953 -6.309964 -0.408107
v 7.984909 -6.549040 -1.113364
v 2.423292 3.453438 -3.482082
v 4.640429 1.814115 -2.716392
v 2.288526 0.500091 -2.892828
v 3.912510 0.184019 -2.389840
v -3.594038 -1.602254 0.184072
v -4.739161 -0.840706 -0.938145
v -3.405417 -1.577898 -1.022953
v -4.592704 -0.856788 0.658546
v -4.834203 -0.882632 0.144106
v -3.594038 -1.602254 0.184072
v -0.984548 -5.840620 8.654192
v -1.666648 -5.080280 8.654192
v -1.337660 -5.348105 8.273784
v -1.759744 -1.477986 9.058483
v -0.620954 1.094726 8.633235
v -1.888416 -1.503806 8.653219
v -0.596586 0.867108 9.084558
v -0.162318 2.001505 9.082609
v -4.893664 -7.824299 0.201863
v -4.671659 -7.691247 -0.974943
v -5.194874 -9.456812 -0.097398
v 2.118184 4.950715 8.360053
v 1.961246 5.295303 8.896426
v 1.949056 3.702996 9.003164
v 1.643465 2.100440 9.062140
v 2.054580 3.474169 8.489213
v 1.755566 2.041223 8.576211
v 1.643465 2.100440 9.062140
v 0.888738 0.341452 9.086264
v 1.755566 2.041223 8.576211
v 1.016190 0.320489 8.632018
v -0.293912 -1.939777 8.653219
v -0.656536 -2.778089 8.653948
v -0.474492 -2.042616 9.059459
v -4.990659 14.252070 -0.762688
v -5.235569 14.820628 -0.677151
v -4.603180 14.120970 -0.714923
v -6.314409 13.851936 -0.724913
v -6.196707 15.068954 -0.673250
v -6.152108 13.847056 -0.762688
v -4.990659 14.252070 -0.762688
v -5.733685 15.242701 -0.670327
v -5.235569 14.820628 -0.677151
v 2.090644 -0.221250 3.805385
v -0.055336 -0.241470 4.033971
v 1.540870 -1.357832 2.786008
v -2.210333 -0.215626 3.806846
v -1.654708 -1.357600 2.784544
v -0.055336 -0.241470 4.033971
v -0.055336 -0.241470 4.033971
v -1.654708 -1.357600 2.784544
v -0.055336 -1.358088 2.959032
v -1.013302 -9.336426 -3.311251
v 0.299972 -6.094547 -2.785601
v 1.506752 -9.294012 -3.178681
v 0.211751 -10.274161 -2.865046
v 3.536732 10.966336 -0.788032
v 3.548434 11.548513 -0.816786
v 3.516263 11.391569 -0.729056
v -4.222284 -0.858020 1.152760
v -4.592704 -0.856788 0.658546
v -3.594038 -1.602254 0.184072
v -6.197195 11.531711 -0.667889
v -6.347306 12.514765 -0.614764
v -6.376310 12.454572 -0.678368
v 7.984909 -6.549040 -1.113364
v 7.556248 -6.912640 -1.439915
v 7.231646 -6.275847 -1.453319
v 6.737429 -6.744238 -1.561030
v 7.234813 -7.241378 -1.478663
v 6.911913 -7.498722 -1.396780
v -6.328545 -7.177048 -1.391176
v -6.461847 -7.843310 -0.985666
v -7.012842 -7.695384 -1.263237
v -6.021002 -7.413173 -1.049028
v -6.328545 -7.177048 -1.391176
v 5.040824 -9.233098 -3.459907
v 5.241385 -8.677229 -3.542031
v 5.291584 -9.348372 -3.507425
v -5.150764 -9.233098 -3.459907
v -5.402012 -9.348372 -3.507425
v -5.351812 -8.677229 -3.542031
v 3.916896 -0.826088 -1.645595
v 4.628733 -0.840706 -0.938145
v 3.656387 -1.588124 -0.390076
v 1.217726 10.491856 6.154120
v 1.768970 9.403522 7.088205
v 1.570356 9.733236 5.881183
v 1.643953 8.707513 6.508453
v 1.768970 9.403522 7.088205
v -7.818745 -5.704152 -0.286992
v -8.338300 -6.445225 -0.145892
v -8.208897 -6.334576 0.257425
v 5.173882 0.178906 -1.562495
v 4.628733 -0.840706 -0.938145
v 3.916896 -0.826088 -1.645595
v 3.656387 -1.588124 -0.390076
v 2.585593 -1.567649 -1.456242
v 2.093328 -1.993626 -0.627923
v 4.733525 -2.918207 1.109870
v 1.920058 -2.918207 1.109870
v 1.920058 -2.918207 -1.464771
v 4.733525 -2.918207 -1.464771
v -4.904146 -2.918207 1.109870
v -2.090678 -2.918207 -1.464771
v -2.090678 -2.918207 1.109870
v -4.904146 -2.918207 -1.464771
v 3.656387 -1.588124 -0.390076
v 4.724264 -0.882632 0.144106
v 4.482271 -0.856788 0.658546
v 5.906426 -8.686480 -5.768676
v 5.782629 -8.828572 -5.050262
v 6.085791 -9.329361 -5.682409
v 6.005855 -9.981725 -5.635620
v 6.386751 -9.845256 -6.139825
v 5.860369 -9.503108 -4.989824
v 6.005855 -9.981725 -5.635620
v 5.782629 -8.828572 -5.050262
v 5.860369 -9.503108 -4.989824
v -0.293912 -1.939777 8.653219
v 0.888738 0.341452 9.086264
v -0.474492 -2.042616 9.059459
v 3.912510 0.184019 -2.389840
v 3.916896 -0.826088 -1.645595
v 2.265372 -0.830712 -2.260681
v 2.585593 -1.567649 -1.456242
v 2.288526 0.500091 -2.892828
v 3.912510 0.184019 -2.389840
v 2.265372 -0.830712 -2.260681
v -8.208897 -6.334576 -0.548963
v -7.585769 -5.913480 -1.027339
v -8.021740 -6.494448 -1.008331
v 6.130384 12.287658 -0.756349
v 6.247360 12.505748 -0.704200
v 6.058495 11.529503 -0.704932
v 6.449623 -9.015241 -6.191733
v 6.386751 -9.845256 -6.139825
v 6.639464 -9.144390 -7.255949
v 6.206904 -8.250022 -6.319428
v 6.571717 -9.919580 -7.206479
v 6.639464 -9.144390 -7.255949
v 6.206904 -8.250022 -6.319428
v 6.413559 -8.404293 -7.363420
v 6.413559 -8.404293 -7.363420
v 5.556725 -7.529423 -6.535586
v -4.619262 -9.449492 1.344548
v -4.076066 -7.536743 1.570944
v -4.893664 -7.824299 0.201863
v 7.471687 -6.044092 0.936115
v 7.739750 -6.755440 1.048216
v 8.045585 -6.494448 0.716790
v -3.938621 13.304597 -0.652048
v -3.517274 12.453108 -0.704932
v -3.985172 13.332857 -0.704200
v -4.671659 -7.691247 -0.974943
v -3.758773 -7.542576 -2.018934
v -4.613905 -9.450724 -1.549578
v -7.448080 -6.044092 0.936115
v -8.021740 -6.494448 0.716790
v -7.715905 -6.755440 1.048216
v -3.938865 13.089644 -0.756349
v -4.603180 14.120970 -0.714923
v -3.985172 13.332857 -0.704200
v -5.970553 -9.503108 -4.989824
v -5.892818 -8.828572 -5.050262
v -6.134074 -8.990374 -5.717744
v -3.712716 -0.861669 1.644049
v -4.222284 -0.858020 1.152760
v -3.594038 -1.602254 0.184072
v -2.399198 0.500091 -2.892828
v -0.014886 3.466848 -3.571033
v -0.055336 0.547874 -2.988844
v -1.406138 -0.859972 -2.363520
v -3.938621 13.304597 -0.652048
v -3.498019 12.461149 -0.650587
v -3.517274 12.453108 -0.704932
v 3.177526 -9.455092 -2.525820
v 2.868524 -7.449498 -2.431998
v 4.670891 -9.231634 -1.359982
v 0.629205 -9.020098 5.291927
v 0.389164 -9.424158 6.506993
v 0.386241 -9.654939 6.284256
v -7.337443 -7.080042 1.198821
v -7.612089 -7.292787 1.039199
v -6.944363 -7.419518 1.142770
v -7.715905 -6.755440 1.048216
v -6.253240 -7.207006 1.053091
v -6.714072 -6.744238 1.269734
v -7.103985 -6.371389 1.205642
v -7.337443 -7.080042 1.198821
v -6.714072 -6.744238 1.269734
v -6.944363 -7.419518 1.142770
v -7.532397 -6.912640 -1.439915
v -6.714072 -6.744238 -1.561030
v -7.138585 -7.251116 -1.488409
v 1.040075 10.180176 4.965131
v 1.200180 9.222942 4.419985
v 0.892637 9.768561 4.194566
v 3.828437 13.305318 -0.678368
v 3.406847 12.453108 -0.704932
v 3.387592 12.460917 -0.650587
v 2.423292 3.453438 -3.482082
v 2.288526 0.500091 -2.892828
v -0.055336 0.547874 -2.988844
v 2.265372 -0.830712 -2.260681
v 2.659429 -1.573273 1.013122
v 4.111612 -0.858020 1.152760
v 3.602532 -0.861669 1.644049
v 3.113922 -10.619726 -6.158345
v 2.750084 -10.507126 -6.967170
v 3.282805 -11.069107 -6.767827
v 0.595575 -7.207005 3.541462
v 0.553661 -7.022777 2.307633
v 0.738865 -6.928234 4.039819
v -1.406138 -0.859972 -2.363520
v -3.740500 -0.826576 -1.835677
v -2.399198 0.500091 -2.892828
v -1.853078 -1.560584 -1.673864
v -3.405417 -1.577898 -1.022953
v -3.740500 -0.826576 -1.835677
v -1.853078 -1.560584 -1.673864
v 4.111612 -0.858020 1.152760
v 3.656387 -1.588124 -0.390076
v 4.482271 -0.856788 0.658546
v -0.984548 -5.840620 8.654192
v 0.425233 -7.118319 8.464355
v 0.331649 -7.094172 8.654193
v -2.319511 -10.158888 -4.075480
v -2.988457 -10.426480 -3.835440
v -2.377508 -9.819923 -3.975808
v -2.399198 0.500091 -2.892828
v -3.740500 -0.826576 -1.835677
v -4.022943 0.184019 -2.389840
v -7.103985 -6.371389 1.205642
v -7.715905 -6.755440 1.048216
v -7.337443 -7.080042 1.198821
v 7.127831 -6.371389 1.205642
v 7.430010 -7.070792 1.178349
v 7.739750 -6.755440 1.048216
v -7.208039 -6.275847 -1.453319
v -8.021740 -6.494448 -1.008331
v -7.585769 -5.913480 -1.027339
v -7.934256 -6.774707 -1.199142
v 1.506752 -9.294012 -3.178681
v 2.868524 -7.449498 -2.431998
v 3.177526 -9.455092 -2.525820
v -3.393233 -11.069107 -6.767827
v -2.860512 -10.507126 -6.967170
v -3.223379 -10.618982 -6.159077
v -1.352284 8.165774 7.724251
v -1.481688 9.462740 7.677217
v -1.643744 8.890044 6.922005
v -1.352284 8.165774 7.724251
v -1.249932 8.749927 8.312531
v 2.269759 -9.825036 -3.975322
v 2.880708 -10.428177 -3.834952
v 2.212250 -10.162560 -4.074261
v 6.042169 13.845824 -0.762688
v 5.991481 15.357230 -0.663747
v 6.086761 15.081620 -0.670327
v 2.659429 -1.573273 1.013122
v 3.602532 -0.861669 1.644049
v 2.970388 -0.867037 2.054676
v -2.086292 -1.999482 -0.764636
v -3.594038 -1.602254 0.184072
v -3.405417 -1.577898 -1.022953
v -0.162318 2.001505 9.082609
v 0.080157 3.063299 9.060920
v -0.077513 2.867357 8.572798
v 3.656387 -1.588124 -0.390076
v 4.111612 -0.858020 1.152760
v 2.659429 -1.573273 1.013122
v 1.767018 -2.000458 0.244021
v 3.656387 -1.588124 -0.390076
v -2.086292 -1.999482 -0.764636
v -3.405417 -1.577898 -1.022953
v -1.853078 -1.560584 -1.673864
v 7.272340 -7.476782 1.092812
v 6.715496 -6.809545 1.273635
v 6.733774 -7.651505 0.981443
v 6.277091 -7.207006 1.053091
v 6.733774 -7.651505 0.981443
v -1.406138 -0.859972 -2.363520
v -0.055336 0.547874 -2.988844
v 2.265372 -0.830712 -2.260681
v 0.693540 -1.561072 -1.757693
v -3.758773 -7.542576 -2.018934
v -2.297334 -7.370294 -2.751240
v -3.390067 -9.455092 -2.525820
v -4.990659 14.252070 -0.762688
v -5.981034 15.398668 -0.663015
v -5.733685 15.242701 -0.670327
v 6.715496 -6.809545 1.273635
v 7.430010 -7.070792 1.178349
v 7.127831 -6.371389 1.205642
v 7.272340 -7.476782 1.092812
v 7.430010 -7.070792 1.178349
v 7.716840 -5.811848 0.501849
v 8.232747 -6.334576 0.257425
v 7.842589 -5.704152 -0.286992
v 8.045585 -6.494448 0.716790
v 6.155484 13.977436 -0.593075
v 6.086761 15.081620 -0.670327
v 5.959554 15.413287 -0.659604
v -7.693240 -5.811848 0.501849
v -8.208897 -6.334576 0.257425
v -8.021740 -6.494448 0.716790
v -7.818745 -5.704152 -0.286992
v -8.208897 -6.334576 0.257425
v -3.712716 -0.861669 1.644049
v -1.866482 -1.566184 1.389632
v -3.080328 -0.867037 2.054676
v -6.102641 15.357230 -0.662771
v -6.152108 13.847056 -0.762688
v -6.196707 15.068954 -0.673250
v 8.272953 -6.309964 -0.408107
v 7.609614 -5.913480 -1.027339
v 7.842589 -5.704152 -0.286992
v 2.265372 -0.830712 -2.260681
v 2.585593 -1.567649 -1.456242
v 0.693540 -1.561072 -1.757693
v 0.743008 -1.993882 -1.081197
v 3.828437 13.305318 -0.678368
v 3.828437 13.089900 -0.756349
v 3.406847 12.453108 -0.704932
v -2.326576 -0.872871 2.364415
v -3.080328 -0.867037 2.054676
v -1.866482 -1.566184 1.389632
v -6.152108 13.847056 -0.762688
v -6.259090 12.542072 -0.754644
v -6.314409 13.851936 -0.724913
v -4.322933 6.791580 7.286331
v -3.954465 6.346104 7.191288
v -3.896950 6.543742 7.471782
v -1.866482 -1.566184 1.389632
v -3.712716 -0.861669 1.644049
v -3.594038 -1.602254 0.184072
v -1.775338 -2.006803 0.302265
v 2.659429 -1.573273 1.013122
v 2.970388 -0.867037 2.054676
v 2.216393 -0.872871 2.364415
v 1.228940 -8.016567 8.662237
v 1.008881 -6.681604 8.654193
v 1.132921 -7.691734 8.800167
v 0.941378 -6.649672 8.860116
v 1.132921 -7.691734 8.800167
v 1.008881 -6.681604 8.654193
v 6.261008 13.503676 -0.714923
v 6.130384 12.287658 -0.756349
v 5.907402 12.582767 -0.807769
v 5.907402 12.582767 -0.807769
v 6.042169 13.845824 -0.762688
v 6.261008 13.503676 -0.714923
v -0.284169 -6.623364 2.305440
v -0.303418 -7.405619 3.698403
v -0.575141 -7.481407 4.868385
v 5.923246 -7.804313 -7.558133
v 6.449867 -8.593889 -7.721409
v 5.785069 -7.828692 -7.960230
v -1.853078 -1.560584 -1.673864
v -1.406138 -0.859972 -2.363520
v 0.693540 -1.561072 -1.757693
v 0.743008 -1.993882 -1.081197
v -6.165024 -9.825036 -5.627820
v -6.559324 -9.009151 -6.193194
v -6.497911 -9.842815 -6.140069
v -0.831264 7.605048 8.697326
v -1.249932 8.749927 8.312531
v -1.352284 8.165774 7.724251
v -1.581599 9.791478 6.996819
v -1.584527 9.881163 6.145591
v -1.643744 8.890044 6.922005
v -6.259090 12.542072 -0.754644
v -6.152108 13.847056 -0.762688
v -6.018074 12.583488 -0.807528
v -6.328545 -7.177048 -1.391176
v -7.138585 -7.251116 -1.488409
v -6.714072 -6.744238 -1.561030
v -7.208039 -6.275847 -1.453319
v -7.532397 -6.912640 -1.439915
v 6.577812 -7.786045 -1.104103
v 6.203005 -7.797480 -0.781206
v 6.044603 -7.413173 -1.049028
v 7.556248 -6.912640 -1.439915
v 6.737429 -6.744238 -1.561030
v 7.231646 -6.275847 -1.453319
v 5.868410 15.398668 -0.663503
v 5.959554 15.413287 -0.659604
v 5.991481 15.357230 -0.663747
v -1.451713 -0.876055 2.585689
v -2.326576 -0.872871 2.364415
v -1.866482 -1.566184 1.389632
v 4.609728 -10.178387 -3.508889
v 5.040824 -9.233098 -3.459907
v 4.934330 -10.256870 -3.542274
v 5.959554 15.413287 -0.659604
v 5.868410 15.398668 -0.663503
v 5.668338 15.275099 -0.649611
v 7.984909 -6.549040 -1.113364
v 7.231646 -6.275847 -1.453319
v 7.609614 -5.913480 -1.027339
v 6.911913 -7.498722 -1.396780
v 6.577812 -7.786045 -1.104103
v 6.357021 -7.119272 -1.403604
v 6.577812 -7.786045 -1.104103
v 6.044603 -7.413173 -1.049028
v -6.041716 15.423025 -0.659604
v -6.102641 15.357230 -0.662771
v -6.168191 15.081132 -0.640597
v 2.585593 -1.567649 -1.456242
v 2.093328 -1.993626 -0.627923
v 0.743008 -1.993882 -1.081197
v -0.055336 -2.132047 -0.291623
v -3.938865 13.089644 -0.756349
v -3.985172 13.332857 -0.704200
v -3.517274 12.453108 -0.704932
v -7.818745 -5.704152 -0.286992
v -7.585769 -5.913480 -1.027339
v -8.208897 -6.334576 -0.548963
v -4.089226 -5.292793 -1.240084
v -3.390555 -4.373557 -1.667528
v -3.691759 -5.290585 -1.758181
v -3.426130 -5.294977 -1.982868
v -2.825907 -5.302530 -2.399830
v -2.596592 -4.373557 -2.272135
v -2.495948 -5.303995 -2.586990
v -2.897069 -4.373557 -2.096186
v -3.594038 -1.602254 0.184072
v -2.086292 -1.999482 -0.764636
v -1.775338 -2.006803 0.302265
v -0.055336 -2.132047 -0.291623
v -0.055336 -2.132047 -0.291623
v -2.086292 -1.999482 -0.764636
v 0.743008 -1.993882 -1.081197
v -1.853078 -1.560584 -1.673864
v -4.416755 -5.294257 -0.095934
v -3.982731 -4.373557 -0.647660
v -4.334141 -5.294001 -0.679099
v -3.982731 -4.373557 -0.647660
v -4.416755 -5.294257 -0.095934
v -4.059007 -4.373557 -0.095934
v -3.153925 -5.300578 -2.212918
v -2.897069 -4.373557 -2.096186
v -2.825907 -5.302530 -2.399830
v -3.146616 -4.373557 -1.879299
v -3.426130 -5.294977 -1.982868
v -3.390555 -4.373557 -1.667528
v -3.146616 -4.373557 -1.879299
v -3.426130 -5.294977 -1.982868
v -3.146616 -4.373557 -1.879299
v -3.153925 -5.300578 -2.212918
v -3.390555 -4.373557 -1.667528
v -4.089226 -5.292793 -1.240084
v -3.757071 -4.373557 -1.178429
v -0.055336 -2.132047 -0.291623
v 2.093328 -1.993626 -0.627923
v 1.767018 -2.000458 0.244021
v 3.656387 -1.588124 -0.390076
v 7.471687 -6.044092 0.936115
v 8.045585 -6.494448 0.716790
v 7.716840 -5.811848 0.501849
v -5.316963 10.655865 -0.722720
v -5.130783 10.451882 -0.788032
v -5.488525 10.912952 -0.816786
v -2.495948 -5.303995 -2.586990
v -2.596592 -4.373557 -2.272135
v -2.295870 -4.373557 -2.448084
v -1.747316 -5.292305 -2.865290
v -7.448080 -6.044092 0.936115
v -7.693240 -5.811848 0.501849
v -8.021740 -6.494448 0.716790
v -4.975547 14.420959 -0.594048
v -5.733685 15.242701 -0.670327
v -6.041716 15.423025 -0.659604
v -2.519584 -9.725846 -7.119480
v -2.993814 -10.217130 -8.080616
v -2.839799 -9.650803 -8.160546
v -2.860512 -10.507126 -6.967170
v -3.296000 -10.731584 -7.960962
v -2.595860 -8.719621 -7.191126
v -2.519584 -9.725846 -7.119480
v -2.993814 -10.217130 -8.080616
v -2.860512 -10.507126 -6.967170
v 3.387592 12.460917 -0.650587
v 3.888386 13.333578 -0.614764
v 3.828437 13.305318 -0.678368
v 6.911913 -7.498722 -1.396780
v 6.357021 -7.119272 -1.403604
v 6.737429 -6.744238 -1.561030
v -0.937026 -5.289121 -3.037094
v -1.609627 -4.373557 -2.709326
v -0.864893 -4.373557 -2.870406
v 0.643585 -1.578618 1.541942
v 1.341279 -0.876055 2.585689
v -0.055336 -0.875078 2.694376
v -0.109678 -5.288888 -3.095093
v -0.864893 -4.373557 -2.870406
v -0.109678 -4.373557 -2.924752
v 5.810901 -7.622524 -0.006010
v 6.291953 -8.025586 -0.405185
v 6.284156 -8.016336 0.119248
v 4.670891 -9.231634 -1.359982
v 3.934199 -6.362860 -0.896718
v 5.042770 -9.333985 -0.013078
v -0.109678 -5.288888 -3.095093
v -0.109678 -4.373557 -2.924752
v 0.645043 -4.373557 -2.870406
v -6.283702 -8.001462 -0.510218
v -6.021002 -7.413173 -1.049028
v -5.836280 -7.592288 -0.560418
v 0.643585 -1.578618 1.541942
v 2.216393 -0.872871 2.364415
v 1.341279 -0.876055 2.585689
v 2.659429 -1.573273 1.013122
v 1.767018 -2.000458 0.244021
v -4.603180 14.120970 -0.714923
v -4.299536 13.182259 -0.807769
v -4.990659 14.252070 -0.762688
v -6.507173 -8.488354 -7.718484
v -6.033430 -7.804313 -7.558133
v -5.897932 -7.815770 -7.941222
v 0.717176 -5.289121 -3.037094
v 0.645043 -4.373557 -2.870406
v 1.389777 -4.373557 -2.709326
v -4.603180 14.120970 -0.714923
v -3.938865 13.089644 -0.756349
v -4.299536 13.182259 -0.807769
v 5.935431 -7.519197 0.525976
v 6.284156 -8.016336 0.119248
v 6.450111 -7.896670 0.604933
v -3.757071 -4.373557 0.986805
v -4.334141 -5.294001 0.487228
v -4.089226 -5.293513 1.048460
v 0.569744 -9.042293 4.035436
v -0.109678 -8.355068 3.820251
v -0.109678 -9.914234 4.120973
v 2.276586 -5.303995 -2.586990
v 1.527466 -5.292305 -2.865290
v 2.076025 -4.373557 -2.448084
v 2.376503 -4.373557 -2.272135
v 2.376503 -4.373557 -2.272135
v 2.605818 -5.302530 -2.399830
v 2.276586 -5.303995 -2.586990
v 2.677219 -4.373557 -2.096186
v -1.866482 -1.566184 1.389632
v -0.055336 -0.875078 2.694376
v -1.451713 -0.876055 2.585689
v 2.677219 -4.373557 -2.096186
v 2.934074 -5.300578 -2.212918
v 2.605818 -5.302530 -2.399830
v 2.927253 -4.373557 -1.879299
v -0.109678 -8.355068 3.820251
v -0.789588 -9.042293 4.035436
v -0.109678 -9.914234 4.120973
v 3.206042 -5.294977 -1.982868
v 2.927253 -4.373557 -1.879299
v 3.170704 -4.373557 -1.667528
v 2.927253 -4.373557 -1.879299
v 3.206042 -5.294977 -1.982868
v 2.934074 -5.300578 -2.212918
v -0.024385 -9.238699 5.175199
v -0.303418 -7.405619 3.698403
v 0.278039 -7.518708 3.619934
v 3.170704 -4.373557 -1.667528
v 3.869863 -5.292793 -1.240084
v 3.471909 -5.290585 -1.758181
v 3.471909 -5.290585 -1.758181
v 3.206042 -5.294977 -1.982868
v 6.203005 -7.797480 -0.781206
v 6.291953 -8.025586 -0.405185
v 5.859881 -7.592288 -0.560418
v -3.390555 -4.373557 1.475657
v -4.089226 -5.293513 1.048460
v -3.691759 -5.292537 1.566313
v -5.337920 -1.578618 -2.258487
v -4.674337 -2.346744 -2.599418
v -4.611953 -2.277789 -2.477571
v 3.869863 -5.292793 -1.240084
v 3.170704 -4.373557 -1.667528
v 3.537220 -4.373557 -1.178429
v -5.981034 15.398668 -0.663015
v -6.102641 15.357230 -0.662771
v -6.041716 15.423025 -0.659604
v 7.127831 -6.371389 1.205642
v 7.739750 -6.755440 1.048216
v 7.471687 -6.044092 0.936115
v -1.866482 -1.566184 1.389632
v 0.643585 -1.578618 1.541942
v -0.055336 -0.875078 2.694376
v -1.775338 -2.006803 0.302265
v 2.764464 -9.061769 -8.212942
v 2.969900 -9.177531 -8.542174
v 2.729859 -9.650803 -8.160546
v -7.103985 -6.371389 1.205642
v -7.448080 -6.044092 0.936115
v -7.715905 -6.755440 1.048216
v 3.762881 -4.373557 -0.647660
v 4.196905 -5.294257 -0.095934
v 4.114291 -5.294001 -0.679099
v 4.845864 14.219905 -0.773411
v 4.189108 13.182259 -0.807769
v 3.828437 13.089900 -0.756349
v -4.529339 14.093430 -0.654974
v -4.084839 13.298973 -0.575773
v -3.938621 13.304597 -0.652048
v -6.118479 13.671357 -0.553107
v -6.168191 15.081132 -0.640597
v -6.327325 14.379521 -0.658628
v 4.196905 -5.294257 -0.095934
v 3.762881 -4.373557 -0.647660
v 3.839162 -4.373557 -0.095934
v -5.150764 -9.233098 -3.459907
v -5.197064 -9.987326 -3.524484
v -5.402012 -9.348372 -3.507425
v -2.610484 -9.473383 2.735563
v -0.106756 -7.145836 2.888605
v -2.222761 -7.360301 2.563515
v 6.277091 -7.207006 1.053091
v 6.450111 -7.896670 0.604933
v 6.733774 -7.651505 0.981443
v -5.828971 -8.395762 -5.824482
v -6.134074 -8.990374 -5.717744
v -5.892818 -8.828572 -5.050262
v -6.165024 -9.825036 -5.627820
v -5.970553 -9.503108 -4.989824
v -2.988457 -10.426480 -3.835440
v -2.319511 -10.158888 -4.075480
v -2.942151 -10.691121 -3.934870
v -0.087751 -9.033764 6.278895
v -0.575141 -7.481407 4.868385
v -0.348743 -9.314742 5.654792
v -3.390555 -4.373557 1.475657
v -3.149050 -5.291561 2.021291
v -2.892683 -4.373557 1.904562
v 6.386751 -9.845256 -6.139825
v 6.449623 -9.015241 -6.191733
v 6.085791 -9.329361 -5.682409
v 1.767018 -2.000458 0.244021
v 0.643585 -1.578618 1.541942
v -1.775338 -2.006803 0.302265
v -0.055336 -2.132047 -0.291623
v -1.666648 -5.080280 8.654192
v -2.185477 -4.139616 8.654192
v -2.043645 -4.221981 8.273784
v 2.212250 -10.162560 -4.074261
v 2.880708 -10.428177 -3.834952
v 2.835621 -10.692585 -3.933893
v 6.155484 13.977436 -0.593075
v 6.130140 12.286914 -0.574067
v 6.301458 13.438370 -0.654974
v -6.021002 -7.413173 -1.049028
v -6.283702 -8.001462 -0.510218
v -6.461847 -7.843310 -0.985666
v -3.149050 -5.291561 2.021291
v -3.390555 -4.373557 1.475657
v -3.691759 -5.292537 1.566313
v -4.718935 -10.179619 -3.508889
v -5.197064 -9.987326 -3.524484
v -5.150764 -9.233098 -3.459907
v -4.790581 -10.478632 -3.583460
v -5.197064 -9.987326 -3.524484
v 3.537220 -4.373557 0.986805
v 3.869863 -5.293513 1.048460
v 4.114291 -5.294001 0.487228
v 5.923246 -7.804313 -7.558133
v 6.413559 -8.404293 -7.363420
v 6.449867 -8.593889 -7.721409
v 0.389164 -9.424158 6.506993
v 0.629205 -9.020098 5.291927
v 0.734967 -7.496513 5.042140
v 1.167527 -8.033138 8.629093
v 0.331649 -7.094172 8.654193
v 0.425233 -7.118319 8.464355
v -6.179648 -7.797480 0.489666
v -6.253972 -8.027538 -0.012102
v -5.787051 -7.622524 -0.006010
v 2.883387 -10.217130 -8.080616
v 2.750084 -10.507126 -6.967170
v 2.409156 -9.725846 -7.119480
v 2.764464 -9.061769 -8.212942
v 2.729859 -9.650803 -8.160546
v -1.747316 -5.292305 -2.865290
v -2.295870 -4.373557 -2.448084
v -1.609627 -4.373557 -2.709326
v -1.747316 -5.292305 -2.865290
v -0.937026 -5.289121 -3.037094
v -2.596592 -4.373557 -2.272135
v -2.291239 -3.523323 -2.054516
v -2.555409 -3.523323 -1.896114
v -2.291239 -3.523323 -2.054516
v -2.482788 -5.290585 2.395363
v -2.892683 -4.373557 1.904562
v -3.149050 -5.291561 2.021291
v 5.040824 -9.233098 -3.459907
v 5.291584 -9.348372 -3.507425
v 4.934330 -10.256870 -3.542274
v 3.170704 -4.373557 1.475657
v 3.471909 -5.292537 1.566313
v 3.869863 -5.293513 1.048460
v -4.322933 6.791580 7.286331
v -4.322933 6.585900 7.011685
v -3.954465 6.346104 7.191288
v -2.892683 -4.373557 1.904562
v -2.482788 -5.290585 2.395363
v -2.283442 -4.373557 2.256213
v -1.725627 -5.289608 2.673664
v -2.482788 -5.290585 2.395363
v -6.253972 -8.027538 -0.012102
v -5.836280 -7.592288 -0.560418
v -5.787051 -7.622524 -0.006010
v -6.253972 -8.027538 -0.012102
v -6.283702 -8.001462 -0.510218
v 2.929200 -5.291561 2.021291
v 3.170704 -4.373557 1.475657
v 2.672832 -4.373557 1.904562
v -1.592324 -4.373557 2.517455
v -0.916801 -5.289121 2.845470
v -0.850757 -4.373557 2.678782
v -0.284169 -6.623364 2.305440
v -0.092132 -7.226992 2.308853
v -0.303418 -7.405619 3.698403
v -0.916801 -5.289121 2.845470
v -1.592324 -4.373557 2.517455
v -1.725627 -5.289608 2.673664
v -2.283442 -4.373557 2.256213
v -0.850757 -4.373557 2.678782
v -0.109678 -5.288888 2.903470
v -0.109678 -4.373557 2.733125
v 1.527466 -5.292305 -2.865290
v 1.389777 -4.373557 -2.709326
v 2.076025 -4.373557 -2.448084
v 1.527466 -5.292305 -2.865290
v 0.717176 -5.289121 -3.037094
v 2.071883 -3.523323 -2.054516
v 2.376503 -4.373557 -2.272135
v 2.071883 -3.523323 -2.054516
v 2.335559 -3.523323 -1.896114
v -0.109678 -5.288888 2.903470
v -0.850757 -4.373557 2.678782
v -0.916801 -5.289121 2.845470
v -4.117254 -9.832822 -0.532392
v -3.241164 -9.382977 -0.200479
v -4.412613 -9.246740 -0.473907
v -3.423208 -8.478615 -0.162951
v -0.109678 -5.288888 2.903470
v 0.630913 -4.373557 2.678782
v -0.109678 -4.373557 2.733125
v -6.327325 14.379521 -0.658628
v -6.418957 13.469559 -0.654974
v -6.118479 13.671357 -0.553107
v -6.347306 12.514765 -0.614764
v 0.696951 -5.289121 2.845470
v 1.372474 -4.373557 2.517455
v 0.630913 -4.373557 2.678782
v 3.170704 -4.373557 1.475657
v 2.929200 -5.291561 2.021291
v 3.471909 -5.292537 1.566313
v 0.630913 -4.373557 2.678782
v -0.109678 -5.288888 2.903470
v 0.696951 -5.289121 2.845470
v 3.532346 -6.183001 1.197601
v 4.344344 -9.231401 1.575572
v 5.042770 -9.333985 -0.013078
v 2.262938 -5.290585 2.395363
v 2.672832 -4.373557 1.904562
v 2.064085 -4.373557 2.256213
v 1.506264 -5.289608 2.673664
v 2.262938 -5.290585 2.395363
v 4.302423 -9.246740 -0.473907
v 3.313750 -8.478383 -0.163195
v 3.130736 -9.382721 -0.200479
v 4.008284 -9.830405 -0.532148
v 1.372474 -4.373557 2.517455
v 0.696951 -5.289121 2.845470
v 1.506264 -5.289608 2.673664
v 2.064085 -4.373557 2.256213
v 2.672832 -4.373557 1.904562
v 2.262938 -5.290585 2.395363
v 2.929200 -5.291561 2.021291
v -2.495948 -5.303995 -2.586990
v -1.824568 -6.683790 -3.254228
v -2.665558 -6.627013 -2.938156
v -2.665558 -6.627013 -2.938156
v -2.825907 -5.302530 -2.399830
v -3.982731 -4.373557 0.456036
v -4.416755 -5.294257 -0.095934
v -4.334141 -5.294001 0.487228
v -4.059007 -4.373557 -0.095934
v -5.272370 -6.785421 -0.095934
v -4.334141 -5.294001 0.487228
v 6.258080 -0.273635 -2.098380
v 6.686741 1.341331 -1.799366
v 6.140133 -0.235869 -2.004313
v 6.058495 11.529503 -0.704932
v 6.078232 11.523902 -0.650587
v 5.858666 10.979002 -0.679585
v 0.425233 -7.118319 8.464355
v -0.984548 -5.840620 8.654192
v -1.337660 -5.348105 8.273784
v -2.043645 -4.221981 8.273784
v -1.666648 -5.080280 8.654192
v -1.824568 -6.683790 -3.254228
v -2.495948 -5.303995 -2.586990
v -1.747316 -5.292305 -2.865290
v -0.991613 -6.729365 -3.448696
v -1.824568 -6.683790 -3.254228
v 6.266121 12.455316 -0.652048
v 6.130140 12.286914 -0.574067
v 6.078232 11.523902 -0.650587
v -6.215468 11.830468 -0.730761
v -6.018074 12.583488 -0.807528
v -5.773164 11.587511 -0.823854
v -0.937026 -5.289121 -3.037094
v -0.864893 -4.373557 -2.870406
v -0.109678 -5.288888 -3.095093
v -0.991613 -6.729365 -3.448696
v -0.109678 -6.778844 -3.514250
v -0.937026 -5.289121 -3.037094
v -1.747316 -5.292305 -2.865290
v -4.975547 14.420959 -0.594048
v -4.084839 13.298973 -0.575773
v -4.529339 14.093430 -0.654974
v -0.636793 -3.873744 8.654192
v -0.752792 -3.285454 8.653948
v -0.868548 -3.206994 9.037282
v -0.752792 -3.285454 8.653948
v -0.656536 -2.778089 8.653948
v 2.040444 -7.345914 2.553766
v -0.106756 -7.145836 2.888605
v 0.897756 -9.456325 3.062845
v 4.572195 -2.350160 -2.593082
v 5.227492 -1.578618 -2.258487
v 4.503228 -2.276813 -2.476350
v 0.717176 -5.289121 -3.037094
v -0.109678 -5.288888 -3.095093
v 0.645043 -4.373557 -2.870406
v 0.772251 -6.729365 -3.448696
v -0.109678 -6.778844 -3.514250
v 0.717176 -5.289121 -3.037094
v 1.527466 -5.292305 -2.865290
v 2.276586 -5.303995 -2.586990
v 2.445708 -6.627013 -2.938156
v 1.604717 -6.683790 -3.254228
v 2.445708 -6.627013 -2.938156
v 2.605818 -5.302530 -2.399830
v 6.130384 12.287658 -0.756349
v 6.058495 11.529503 -0.704932
v 5.773129 11.103525 -0.764878
v 2.212250 -10.162560 -4.074261
v 1.739966 -10.055560 -0.970071
v 1.264033 -9.409053 -1.058531
v 1.925908 -9.362990 -4.159557
v 2.212250 -10.162560 -4.074261
v 2.835621 -10.692585 -3.933893
v 1.739966 -10.055560 -0.970071
v 1.979519 -8.692103 -4.173934
v 1.173378 -8.620453 -1.080708
v 1.264033 -9.409053 -1.058531
v 1.173378 -8.620453 -1.080708
v 1.362486 -8.015360 -1.043909
v -2.825907 -5.302530 -2.399830
v -2.665558 -6.627013 -2.938156
v -3.109814 -6.595592 -2.725652
v -3.153925 -5.300578 -2.212918
v 1.527466 -5.292305 -2.865290
v 1.604717 -6.683790 -3.254228
v 0.772251 -6.729365 -3.448696
v 1.604717 -6.683790 -3.254228
v 2.276586 -5.303995 -2.586990
v -0.656536 -2.778089 8.653948
v -0.474492 -2.042616 9.059459
v -0.868548 -3.206994 9.037282
v -3.757071 -4.373557 -1.178429
v -4.334141 -5.294001 -0.679099
v -3.982731 -4.373557 -0.647660
v -4.089226 -5.292793 -1.240084
v -5.172697 -6.774451 -0.762686
v -6.253240 -7.207006 1.053091
v -6.179648 -7.797480 0.489666
v -5.911580 -7.519197 0.525976
v -4.217897 -5.872785 -0.524595
v -6.216688 -7.191899 -1.124572
v -2.800081 -4.284127 -0.912072
v -4.435029 -5.553297 -1.108489
v -4.334141 -5.294001 -0.679099
v -3.757071 -4.373557 -1.178429
v -4.089226 -5.292793 -1.240084
v -5.172697 -6.774451 -0.762686
v -4.863446 -6.698175 -1.404092
v 4.994767 7.058196 7.086743
v 4.457659 6.627338 6.980493
v 4.979167 6.822048 6.834275
v 5.378098 10.912952 -0.816786
v 5.020355 10.451882 -0.788032
v 5.385406 10.919530 -0.729788
v 4.867065 10.316157 -0.700786
v 5.662731 11.587255 -0.823854
v -1.645203 -9.591817 -4.289690
v -0.109678 -8.307308 -4.012362
v -0.109678 -9.912769 -4.374982
v -0.916801 -8.074810 -3.933649
v -2.046574 -7.680022 -3.702382
v -0.109678 -6.778844 -3.514250
v -0.109678 -8.307308 -4.012362
v -0.991613 -6.729365 -3.448696
v -0.916801 -8.074810 -3.933649
v 1.425358 -9.591817 -4.289690
v -0.109678 -9.912769 -4.374982
v -0.109678 -8.307308 -4.012362
v 0.696951 -8.074810 -3.933649
v 1.826479 -7.680022 -3.702382
v -0.109678 -6.778844 -3.514250
v -0.109678 -8.307308 -4.012362
v 0.772251 -6.729365 -3.448696
v 0.696951 -8.074810 -3.933649
v 5.662731 11.587255 -0.823854
v 5.907402 12.582767 -0.807769
v 6.130384 12.287658 -0.756349
v -5.208034 -4.794421 -1.330251
v -5.104218 -5.089786 -1.370461
v -5.470735 -4.661624 -1.192806
v -3.125896 -3.955133 -1.282730
v -4.743059 -5.285728 -1.327814
v -4.435029 -5.553297 -1.108489
v 2.605818 -5.302530 -2.399830
v 2.889970 -6.595592 -2.725652
v 2.445708 -6.627013 -2.938156
v 2.934074 -5.300578 -2.212918
v -5.684943 -8.006087 -1.578577
v -6.647052 -9.880605 -1.751600
v -6.044394 -8.280977 -0.849929
v 2.802236 -4.316292 -0.878439
v 6.066292 -7.340313 -0.860651
v 4.241748 -5.872785 -0.524595
v -5.684943 -8.006087 -1.578577
v -5.982986 -8.972827 -2.381310
v -6.647052 -9.880605 -1.751600
v -6.216688 -7.191899 -1.124572
v -4.217897 -5.872785 -0.524595
v -5.933269 -7.468253 -0.508025
v 6.066292 -7.340313 -0.860651
v 5.957119 -7.468253 -0.508025
v 4.241748 -5.872785 -0.524595
v -6.197195 11.531711 -0.667889
v -6.215468 11.830468 -0.730761
v -5.883801 11.103525 -0.764878
v 4.960649 14.359047 -0.689091
v 5.868410 15.398668 -0.663503
v 4.250760 13.289723 -0.728083
v 3.762881 -4.373557 0.456036
v 4.114291 -5.294001 0.487228
v 4.196905 -5.294257 -0.095934
v 3.839162 -4.373557 -0.095934
v 4.114291 -5.294001 0.487228
v 5.052520 -6.785421 -0.095934
v -6.018074 12.583488 -0.807528
v -6.215468 11.830468 -0.730761
v -6.259090 12.542072 -0.754644
v 2.868524 -7.449498 -2.431998
v 3.934199 -6.362860 -0.896718
v 4.670891 -9.231634 -1.359982
v -6.033430 -7.804313 -7.558133
v -6.507173 -8.488354 -7.718484
v -6.523987 -8.404293 -7.363420
v -3.560165 -6.572188 -2.513149
v -3.153925 -5.300578 -2.212918
v -3.109814 -6.595592 -2.725652
v -3.426130 -5.294977 -1.982868
v -3.153925 -5.300578 -2.212918
v 1.506752 -9.294012 -3.178681
v 0.299972 -6.094547 -2.785601
v 2.868524 -7.449498 -2.431998
v -4.305631 -5.941252 0.254256
v -6.044150 -7.370038 0.547177
v -5.882825 -7.490192 -0.026238
v -5.470735 -4.661624 -1.192806
v -5.104218 -5.089786 -1.370461
v -6.860773 -6.570724 -1.373630
v -4.743059 -5.285728 -1.327814
v -4.743059 -5.285728 -1.327814
v -6.216688 -7.191899 -1.124572
v -2.297334 -7.370294 -2.751240
v 0.299972 -6.094547 -2.785601
v -1.013302 -9.336426 -3.311251
v 6.291953 -8.025586 -0.405185
v 5.810901 -7.622524 -0.006010
v 5.859881 -7.592288 -0.560418
v 5.906670 -7.490192 -0.026238
v 6.067757 -7.370038 0.547177
v 4.329231 -5.941252 0.254256
v -5.883801 11.103525 -0.764878
v -6.215468 11.830468 -0.730761
v -5.773164 11.587511 -0.823854
v -4.743059 -5.285728 -1.327814
v -4.435029 -5.553297 -1.108489
v -6.216688 -7.191899 -1.124572
v -4.718935 -10.179619 -3.508889
v -3.790212 -10.628976 -3.671922
v -4.233491 -10.792752 -3.680693
v 4.127939 -10.790800 -3.679719
v 3.684415 -10.629231 -3.671190
v 4.609728 -10.178387 -3.508889
v -5.933269 -7.468253 -0.508025
v -4.217897 -5.872785 -0.524595
v -5.882825 -7.490192 -0.026238
v 5.810901 -7.622524 -0.006010
v 6.284156 -8.016336 0.119248
v 5.935431 -7.519197 0.525976
v -4.162091 -5.878386 -0.084238
v -5.882825 -7.490192 -0.026238
v -4.217897 -5.872785 -0.524595
v -1.609627 -4.373557 -2.709326
v -2.027319 -3.523323 -2.212674
v -1.425149 -3.523323 -2.448084
v 5.906670 -7.490192 -0.026238
v 4.241748 -5.872785 -0.524595
v 5.957119 -7.468253 -0.508025
v 4.576825 13.713260 -0.525814
v 5.081518 14.778934 -0.659116
v 4.436458 14.126338 -0.654974
v -0.864893 -4.373557 -2.870406
v -1.425149 -3.523323 -2.448084
v -0.771071 -3.523323 -2.593082
v -2.988457 -10.426480 -3.835440
v -3.577467 -10.872444 -3.804978
v -3.790212 -10.628976 -3.671922
v 5.935431 -7.519197 0.525976
v 6.450111 -7.896670 0.604933
v 6.277091 -7.207006 1.053091
v -5.470735 -4.661624 -1.192806
v -6.860773 -6.570724 -1.373630
v -7.444913 -6.014134 -0.904271
v -2.800081 -4.284127 -0.912072
v -2.408703 -4.148890 -0.515090
v -4.217897 -5.872785 -0.524595
v 5.210190 12.827909 -0.770973
v 5.991481 15.357230 -0.663747
v 6.046311 13.725205 -0.697132
v -4.694324 12.964146 -0.762444
v -5.981034 15.398668 -0.663015
v -4.353152 13.277778 -0.724425
v 5.662731 11.587255 -0.823854
v 6.130384 12.287658 -0.756349
v 5.773129 11.103525 -0.764878
v -0.109678 -4.373557 -2.924752
v -0.771071 -3.523323 -2.593082
v -0.109678 -3.523323 -2.641821
v 4.114291 -5.294001 -0.679099
v 3.537220 -4.373557 -1.178429
v 3.762881 -4.373557 -0.647660
v 4.952847 -6.774451 -0.762686
v 3.869863 -5.292793 -1.240084
v -2.295870 -4.373557 -2.448084
v -2.027319 -3.523323 -2.212674
v -1.609627 -4.373557 -2.709326
v -2.291239 -3.523323 -2.054516
v 4.241748 -5.872785 -0.524595
v 5.906670 -7.490192 -0.026238
v 4.185941 -5.878386 -0.084238
v 4.576825 13.713260 -0.525814
v 5.668338 15.275099 -0.649611
v 5.081518 14.778934 -0.659116
v -2.897069 -4.373557 -2.096186
v -2.555409 -3.523323 -1.896114
v -2.596592 -4.373557 -2.272135
v -2.774731 -3.523323 -1.700913
v -2.555409 -3.523323 -1.896114
v -3.146616 -4.373557 -1.879299
v -2.774731 -3.523323 -1.700913
v -2.897069 -4.373557 -2.096186
v -3.125896 -3.955133 -1.282730
v -2.800081 -4.284127 -0.912072
v -4.435029 -5.553297 -1.108489
v -0.864893 -4.373557 -2.870406
v -0.771071 -3.523323 -2.593082
v -0.109678 -4.373557 -2.924752
v -1.609627 -4.373557 -2.709326
v -1.425149 -3.523323 -2.448084
v -0.864893 -4.373557 -2.870406
v -0.109678 -4.373557 -2.924752
v -0.109678 -3.523323 -2.641821
v 0.551221 -3.523323 -2.593082
v 3.471182 -10.872444 -3.804004
v 2.880708 -10.428177 -3.834952
v 3.684415 -10.629231 -3.671190
v 4.607288 -5.429006 -1.238866
v 6.544665 -6.897510 -1.339757
v 6.066292 -7.340313 -0.860651
v 5.071043 -4.948925 -1.373874
v 4.854882 -5.207012 -1.351453
v 5.341784 -4.800022 -1.296622
v 6.544665 -6.897510 -1.339757
v 3.830389 -3.329077 -1.270058
v 5.341784 -4.800022 -1.296622
v 5.071043 -4.948925 -1.373874
v 3.124647 -3.485789 -1.323915
v 4.854882 -5.207012 -1.351453
v -6.179648 -7.797480 0.489666
v -6.253240 -7.207006 1.053091
v -6.599049 -7.721692 0.886403
v -3.390555 -4.373557 -1.667528
v -2.988696 -3.523323 -1.510587
v -3.146616 -4.373557 -1.879299
v -3.146616 -4.373557 -1.879299
v -2.988696 -3.523323 -1.510587
v -2.774731 -3.523323 -1.700913
v -3.757071 -4.373557 -1.178429
v -3.390555 -4.373557 -1.667528
v -5.296982 12.682911 -0.772923
v -6.156251 13.965235 -0.695671
v -6.102641 15.357230 -0.662771
v 0.645043 -4.373557 -2.870406
v -0.109678 -4.373557 -2.924752
v 0.551221 -3.523323 -2.593082
v 0.645043 -4.373557 -2.870406
v 0.551221 -3.523323 -2.593082
v 1.205299 -3.523323 -2.448084
v 3.537220 -4.373557 -1.178429
v 4.114291 -5.294001 -0.679099
v 3.869863 -5.292793 -1.240084
v 4.952847 -6.774451 -0.762686
v 4.643357 -6.698175 -1.404092
v 5.991481 15.357230 -0.663747
v 5.959554 15.413287 -0.659604
v 6.086761 15.081620 -0.670327
v 2.384544 -4.155211 -0.299420
v 4.241748 -5.872785 -0.524595
v 4.185941 -5.878386 -0.084238
v -4.089226 -5.293513 1.048460
v -3.390555 -4.373557 1.475657
v -3.757071 -4.373557 0.986805
v -2.988696 -3.523323 1.318475
v -3.390555 -4.373557 1.475657
v -4.877826 -6.785421 1.212466
v -3.691759 -5.292537 1.566313
v -5.449045 -1.642948 -2.347194
v -6.250805 -0.235869 -2.004313
v -6.368752 -0.273635 -2.098380
v -2.988696 -3.523323 -1.510587
v -3.757071 -4.373557 -1.178429
v -3.310131 -3.523323 -1.070230
v -3.982731 -4.373557 -0.647660
v -3.310131 -3.523323 -1.070230
v -3.757071 -4.373557 -1.178429
v -4.334141 -5.294001 0.487228
v -3.757071 -4.373557 0.986805
v -3.982731 -4.373557 0.456036
v -3.310131 -3.523323 0.878359
v -3.757071 -4.373557 0.986805
v -5.172697 -6.785421 0.570816
v -4.089226 -5.293513 1.048460
v -6.044394 -8.334337 0.658302
v -4.877826 -6.785421 1.212466
v -6.137246 -9.143413 1.322618
v -5.701757 -8.335314 1.383784
v 4.854882 -5.207012 -1.351453
v 6.544665 -6.897510 -1.339757
v 4.607288 -5.429006 -1.238866
v 5.341784 -4.800022 -1.296622
v 7.035710 -6.420613 -1.302470
v 6.066292 -7.340313 -0.860651
v 2.802236 -4.316292 -0.878439
v 2.934074 -5.300578 -2.212918
v 3.340314 -6.572188 -2.513149
v 2.889970 -6.595592 -2.725652
v 2.934074 -5.300578 -2.212918
v 3.206042 -5.294977 -1.982868
v 1.389777 -4.373557 -2.709326
v 0.645043 -4.373557 -2.870406
v 1.205299 -3.523323 -2.448084
v 3.828437 13.089900 -0.756349
v 4.189108 13.182259 -0.807769
v 3.751673 12.252309 -0.823854
v 1.389777 -4.373557 -2.709326
v 1.205299 -3.523323 -2.448084
v 1.807957 -3.523323 -2.212674
v -4.217897 -5.872785 -0.524595
v -2.408703 -4.148890 -0.515090
v -4.162091 -5.878386 -0.084238
v 5.868410 15.398668 -0.663503
v 5.991481 15.357230 -0.663747
v 5.210190 12.827909 -0.770973
v -5.895497 10.842533 -0.679585
v -6.197195 11.531711 -0.667889
v -5.883801 11.103525 -0.764878
v -3.862101 12.252309 -0.823854
v -4.299536 13.182259 -0.807769
v -3.938865 13.089644 -0.756349
v -4.353152 13.277778 -0.724425
v -5.981034 15.398668 -0.663015
v -5.071077 14.359047 -0.689091
v -3.310131 -3.523323 -1.070230
v -3.982731 -4.373557 -0.647660
v -3.508501 -3.523323 -0.592830
v -2.360938 -4.155211 -0.076438
v -4.162091 -5.878386 -0.084238
v -2.408703 -4.148890 -0.515090
v -5.296982 12.682911 -0.772923
v -6.029287 12.645888 -0.723452
v -6.156251 13.965235 -0.695671
v 5.465098 -8.006087 -1.578577
v 5.824549 -8.280977 -0.849929
v 6.427695 -9.880605 -1.751600
v -4.305631 -5.941252 0.254256
v -5.882825 -7.490192 -0.026238
v -4.162091 -5.878386 -0.084238
v -5.981034 15.398668 -0.663015
v -5.296982 12.682911 -0.772923
v -6.102641 15.357230 -0.662771
v -4.059007 -4.373557 -0.095934
v -3.508501 -3.523323 -0.592830
v -3.982731 -4.373557 -0.647660
v 5.763136 -8.972827 -2.381310
v 5.465098 -8.006087 -1.578577
v 6.427695 -9.880605 -1.751600
v -3.959584 -6.579974 -2.251178
v -3.426130 -5.294977 -1.982868
v -3.560165 -6.572188 -2.513149
v 1.807957 -3.523323 -2.212674
v 2.076025 -4.373557 -2.448084
v 1.389777 -4.373557 -2.709326
v 2.071883 -3.523323 -2.054516
v 5.906670 -7.490192 -0.026238
v 4.329231 -5.941252 0.254256
v 4.185941 -5.878386 -0.084238
v 5.210190 12.827909 -0.770973
v 6.046311 13.725205 -0.697132
v 5.781903 11.962313 -0.734175
v 6.155484 13.977436 -0.593075
v 5.500430 14.012274 -0.524353
v 5.850619 13.732526 -0.535563
v -7.204141 8.261060 -0.310144
v -7.451247 6.930976 -0.321354
v -7.607702 6.962421 -0.304052
v 2.802236 -4.316292 -0.878439
v 4.241748 -5.872785 -0.524595
v 2.384544 -4.155211 -0.299420
v 3.406847 12.453108 -0.704932
v 3.828437 13.089900 -0.756349
v 3.360301 11.942581 -0.764878
v -0.831264 7.605048 8.697326
v -1.352284 8.165774 7.724251
v -0.386764 5.752213 8.306928
v -6.118479 13.671357 -0.553107
v -6.347306 12.514765 -0.614764
v -6.124812 12.154094 -0.542387
v -3.508501 -3.523323 0.400962
v -4.059007 -4.373557 -0.095934
v -3.982731 -4.373557 0.456036
v -4.059007 -4.373557 -0.095934
v -3.575027 -3.523323 -0.095934
v -4.412613 -9.246740 -0.473907
v -5.402012 -9.348372 -3.507425
v -5.197064 -9.987326 -3.524484
v -4.412613 -9.246740 -0.473907
v -4.463301 -8.616293 -0.465378
v -4.463301 -8.616293 -0.465378
v -5.351812 -8.677229 -3.542031
v -4.274924 -8.016336 -0.499980
v -3.873314 -7.530143 -0.577964
v -5.052310 -8.078714 -3.622452
v -4.274924 -8.016336 -0.499980
v -5.052310 -8.078714 -3.622452
v -3.873314 -7.530143 -0.577964
v -4.549325 -7.644208 -3.736014
v 2.335559 -3.523323 -1.896114
v 2.677219 -4.373557 -2.096186
v 2.376503 -4.373557 -2.272135
v 2.335559 -3.523323 -1.896114
v 2.554886 -3.523323 -1.700913
v 2.554886 -3.523323 -1.700913
v 2.927253 -4.373557 -1.879299
v 2.677219 -4.373557 -2.096186
v 4.185941 -5.878386 -0.084238
v 4.329231 -5.941252 0.254256
v 2.480557 -4.195185 0.185045
v -3.517274 12.453108 -0.704932
v -3.470729 11.942326 -0.764878
v -3.938865 13.089644 -0.756349
v -6.179648 -7.797480 0.489666
v -5.787051 -7.622524 -0.006010
v -5.911580 -7.519197 0.525976
v -2.482788 -5.290585 2.395363
v -2.031706 -6.785421 3.062357
v -1.725627 -5.289608 2.673664
v 2.161074 -1.907380 -1.243985
v 4.492020 -1.907380 -1.243985
v 2.161074 -2.134255 -1.243985
v 4.492020 -2.134255 -1.243985
v -2.331939 -2.134255 -1.243985
v -4.662641 -2.134255 -1.243985
v -4.662641 -1.907380 -1.243985
v -2.331939 -1.907380 -1.243985
v 3.532346 -6.183001 1.197601
v 2.040444 -7.345914 2.553766
v 4.344344 -9.231401 1.575572
v -4.533969 -5.894469 0.621748
v -6.044150 -7.370038 0.547177
v -4.305631 -5.941252 0.254256
v -2.718686 -4.357242 0.367086
v -4.162091 -5.878386 -0.084238
v -2.360938 -4.155211 -0.076438
v -0.916801 -5.289121 2.845470
v -0.109678 -6.785420 3.322626
v -0.109678 -5.288888 2.903470
v 2.768851 -3.523323 -1.510587
v 3.170704 -4.373557 -1.667528
v 2.927253 -4.373557 -1.879299
v 2.927253 -4.373557 -1.879299
v 2.554886 -3.523323 -1.700913
v 2.768851 -3.523323 -1.510587
v 3.537220 -4.373557 -1.178429
v 3.170704 -4.373557 -1.667528
v 6.067757 -7.370038 0.547177
v 4.557820 -5.894469 0.621748
v 4.329231 -5.941252 0.254256
v 4.185941 -5.878386 -0.084238
v 2.480557 -4.195185 0.185045
v 2.384544 -4.155211 -0.299420
v -0.109678 -6.785420 3.322626
v 0.696951 -5.289121 2.845470
v -0.109678 -5.288888 2.903470
v -3.577467 -10.872444 -3.804978
v -2.988457 -10.426480 -3.835440
v -2.942151 -10.691121 -3.934870
v -3.982731 -4.373557 0.456036
v -3.310131 -3.523323 0.878359
v -3.508501 -3.523323 0.400962
v -1.076906 -6.785420 3.257070
v -1.725627 -5.289608 2.673664
v -2.031706 -6.785421 3.062357
v -4.863446 -6.698175 -1.404092
v -3.691759 -5.290585 -1.758181
v -4.327320 -6.595592 -1.995052
v -3.691759 -5.290585 -1.758181
v -3.959584 -6.579974 -2.251178
v -3.959584 -6.579974 -2.251178
v -3.426130 -5.294977 -1.982868
v 7.094201 8.261060 -0.310144
v 7.497519 6.962421 -0.304052
v 7.341063 6.930976 -0.321354
v 7.624970 4.927078 -0.303319
v -7.734910 4.924150 -0.303075
v -7.451247 6.930976 -0.321354
v -7.575531 4.936096 -0.320866
v 3.170704 -4.373557 1.475657
v 3.869863 -5.293513 1.048460
v 3.537220 -4.373557 0.986805
v 3.471909 -5.292537 1.566313
v 4.657976 -6.785421 1.212466
v 2.768851 -3.523323 1.318475
v 3.170704 -4.373557 1.475657
v 2.880708 -10.428177 -3.834952
v 3.471182 -10.872444 -3.804004
v 2.835621 -10.692585 -3.933893
v 3.537220 -4.373557 -1.178429
v 2.768851 -3.523323 -1.510587
v 3.090774 -3.523323 -1.070230
v 3.206042 -5.294977 -1.982868
v 3.739977 -6.579974 -2.251178
v 3.340314 -6.572188 -2.513149
v -4.428939 -5.545488 0.735310
v -4.305631 -5.941252 0.254256
v -2.718686 -4.357242 0.367086
v 5.688319 -4.508329 -1.003212
v 7.035710 -6.420613 -1.302470
v 5.341784 -4.800022 -1.296622
v 1.506264 -5.289608 2.673664
v 0.857549 -6.785420 3.257070
v 1.811855 -6.785421 3.062357
v 1.811855 -6.785421 3.062357
v 2.262938 -5.290585 2.395363
v 1.506264 -5.289608 2.673664
v -3.757071 -4.373557 0.986805
v -2.988696 -3.523323 1.318475
v -3.310131 -3.523323 0.878359
v -7.451247 6.930976 -0.321354
v -7.734910 4.924150 -0.303075
v -7.607702 6.962421 -0.304052
v -4.832257 11.538775 -0.786324
v -5.296982 12.682911 -0.772923
v -4.694324 12.964146 -0.762444
v -5.981034 15.398668 -0.663015
v 7.465104 4.933400 -0.320866
v 7.341063 6.930976 -0.321354
v 7.624970 4.927078 -0.303319
v -2.718686 -4.357242 0.367086
v -4.305631 -5.941252 0.254256
v -4.162091 -5.878386 -0.084238
v 5.868410 15.398668 -0.663503
v 5.210190 12.827909 -0.770973
v 4.250760 13.289723 -0.728083
v 4.094553 11.585071 -0.777553
v -5.984933 11.136179 -0.592831
v -6.124812 12.154094 -0.542387
v -6.197195 11.531711 -0.667889
v 4.576825 13.713260 -0.525814
v 3.888386 13.333578 -0.614764
v 3.846472 13.004352 -0.553107
v 3.888386 13.333578 -0.614764
v 4.436458 14.126338 -0.654974
v 3.090774 -3.523323 -1.070230
v 3.762881 -4.373557 -0.647660
v 3.537220 -4.373557 -1.178429
v 3.537220 -4.373557 0.986805
v 4.114291 -5.294001 0.487228
v 3.762881 -4.373557 0.456036
v 3.090774 -3.523323 0.878359
v 3.537220 -4.373557 0.986805
v 3.869863 -5.293513 1.048460
v 4.952847 -6.785421 0.570816
v 4.657976 -6.785421 1.212466
v 5.824549 -8.334337 0.658302
v 5.481913 -8.335314 1.383784
v 5.917396 -9.143413 1.322618
v 3.360301 11.942581 -0.764878
v 3.828437 13.089900 -0.756349
v 3.751673 12.252309 -0.823854
v 3.762881 -4.373557 -0.647660
v 3.090774 -3.523323 -1.070230
v 3.288651 -3.523323 -0.592830
v -3.470729 11.942326 -0.764878
v -3.862101 12.252309 -0.823854
v -3.938865 13.089644 -0.756349
v -3.691759 -5.290585 -1.758181
v -4.863446 -6.698175 -1.404092
v -4.089226 -5.292793 -1.240084
v -2.988696 -3.523323 1.318475
v -2.892683 -4.373557 1.904562
v -2.552481 -3.523322 1.704487
v -2.283442 -4.373557 2.256213
v -2.892683 -4.373557 1.904562
v 2.607282 -3.794540 -1.045371
v 2.856822 -3.796005 -1.204749
v 2.802236 -4.316292 -0.878439
v -2.020254 -3.523322 2.021047
v -1.592324 -4.373557 2.517455
v -1.415155 -3.523322 2.256213
v -5.272370 -6.785421 -0.095934
v -4.334141 -5.294001 -0.679099
v -5.172697 -6.774451 -0.762686
v -2.940936 -6.785421 2.746285
v -3.149050 -5.291561 2.021291
v -3.744887 -6.785421 2.321281
v 3.288651 -3.523323 -0.592830
v 3.839162 -4.373557 -0.095934
v 3.762881 -4.373557 -0.647660
v -2.031706 -6.785421 3.062357
v -2.482788 -5.290585 2.395363
v -2.940936 -6.785421 2.746285
v -3.149050 -5.291561 2.021291
v -2.940936 -6.785421 2.746285
v -3.446117 -8.345563 3.140829
v -2.031706 -6.785421 3.062357
v -4.089226 -5.293513 1.048460
v -5.172697 -6.785421 0.570816
v -4.877826 -6.785421 1.212466
v -6.044394 -8.334337 0.658302
v -5.172697 -6.785421 0.570816
v -5.272370 -6.785421 -0.095934
v 4.329231 -5.941252 0.254256
v 2.847805 -4.225654 0.621992
v 2.480557 -4.195185 0.185045
v -4.877826 -6.785421 1.212466
v -6.044394 -8.334337 0.658302
v -5.701757 -8.335314 1.383784
v -1.592324 -4.373557 2.517455
v -2.020254 -3.523322 2.021047
v -2.283442 -4.373557 2.256213
v -3.691759 -5.292537 1.566313
v -4.877826 -6.785421 1.212466
v -4.398965 -6.785421 1.803428
v -5.701757 -8.335314 1.383784
v 3.288651 -3.523323 0.400962
v 3.762881 -4.373557 0.456036
v 3.839162 -4.373557 -0.095934
v 3.839162 -4.373557 -0.095934
v 3.355671 -3.523323 -0.095934
v -2.906819 -8.883142 -8.221472
v -3.054984 -9.273305 -8.523167
v -3.248723 -8.555147 -8.512688
v -2.906819 -8.883142 -8.221472
v -2.839799 -9.650803 -8.160546
v 5.773129 11.103525 -0.764878
v 6.058495 11.529503 -0.704932
v 5.858666 10.979002 -0.679585
v -5.296982 12.682911 -0.772923
v -5.708341 11.369886 -0.740755
v -6.029287 12.645888 -0.723452
v -0.850757 -4.373557 2.678782
v -1.415155 -3.523322 2.256213
v -1.592324 -4.373557 2.517455
v -4.334141 -5.294001 0.487228
v -5.272370 -6.785421 -0.095934
v -5.172697 -6.785421 0.570816
v -5.172697 -6.774451 -0.762686
v -6.044394 -8.280977 -0.849929
v -4.334141 -5.294001 -0.679099
v -4.416755 -5.294257 -0.095934
v -4.398965 -6.785421 1.803428
v -5.701757 -8.335314 1.383784
v -5.150032 -8.338242 2.056870
v 3.830389 -3.329077 -1.270058
v 5.688319 -4.508329 -1.003212
v 5.341784 -4.800022 -1.296622
v 4.074816 -3.029576 -0.962515
v 3.830389 -3.329077 -1.270058
v -0.109678 -4.373557 2.733125
v -0.763274 -3.523322 2.401211
v -0.850757 -4.373557 2.678782
v 3.471909 -5.290585 -1.758181
v 4.643357 -6.698175 -1.404092
v 4.107957 -6.595592 -1.995052
v 3.471909 -5.290585 -1.758181
v 3.739977 -6.579974 -2.251178
v 3.739977 -6.579974 -2.251178
v 3.206042 -5.294977 -1.982868
v -2.685051 -3.157283 -1.127986
v -2.711371 -3.671714 -1.166489
v -3.184143 -3.413650 -1.336099
v -3.125896 -3.955133 -1.282730
v -5.104218 -5.089786 -1.370461
v -5.208034 -4.794421 -1.330251
v -3.744887 -6.785421 2.321281
v -3.446117 -8.345563 3.140829
v -2.940936 -6.785421 2.746285
v -5.150032 -8.338242 2.056870
v -6.137246 -9.143413 1.322618
v -6.077053 -9.896199 2.207963
v -5.150032 -8.338242 2.056870
v -5.701757 -8.335314 1.383784
v -2.667266 -3.900076 0.692175
v -4.428939 -5.545488 0.735310
v -2.718686 -4.357242 0.367086
v 1.372474 -4.373557 2.517455
v 1.800403 -3.523322 2.021047
v 1.195311 -3.523322 2.256213
v 0.543423 -3.523322 2.401211
v -0.109678 -4.373557 2.733125
v 0.630913 -4.373557 2.678782
v 3.090774 -3.523323 0.878359
v 3.762881 -4.373557 0.456036
v 3.288651 -3.523323 0.400962
v 2.262938 -5.290585 2.395363
v 1.811855 -6.785421 3.062357
v 2.721574 -6.785421 2.746285
v 2.721574 -6.785421 2.746285
v 2.929200 -5.291561 2.021291
v 3.226755 -8.345563 3.140829
v 1.811855 -6.785421 3.062357
v -3.691759 -5.292537 1.566313
v -3.744887 -6.785421 2.321281
v -3.149050 -5.291561 2.021291
v -3.446117 -8.345563 3.140829
v -4.391411 -8.342379 2.651487
v -4.953613 -9.209207 2.731420
v -3.446117 -8.345563 3.140829
v 1.195311 -3.523322 2.256213
v 0.630913 -4.373557 2.678782
v 1.372474 -4.373557 2.517455
v 0.738865 -6.928234 4.039819
v 0.734967 -7.496513 5.042140
v 0.629205 -9.020098 5.291927
v -6.797169 1.341331 -1.799366
v -6.368752 -0.273635 -2.098380
v -6.250805 -0.235869 -2.004313
v -6.926816 1.320136 -1.884171
v -5.449045 -1.642948 -2.347194
v -5.337920 -1.578618 -2.258487
v -4.674337 -2.346744 -2.599418
v -1.725627 -5.289608 2.673664
v -1.076906 -6.785420 3.257070
v -0.916801 -5.289121 2.845470
v -0.109678 -6.785420 3.322626
v -0.916801 -5.289121 2.845470
v -0.109678 -8.355068 3.820251
v -1.269425 -8.353604 3.741782
v -0.109678 -8.355068 3.820251
v -0.109678 -6.785420 3.322626
v -0.789588 -9.042293 4.035436
v 1.800403 -3.523322 2.021047
v 1.372474 -4.373557 2.517455
v 2.064085 -4.373557 2.256213
v 5.815776 -4.271461 -0.527762
v 7.645683 -5.845478 -0.024774
v 7.468270 -6.014134 -0.904271
v -5.648635 -4.429125 -0.937415
v -5.470735 -4.661624 -1.192806
v -7.444913 -6.014134 -0.904271
v 0.595575 -7.207005 3.541462
v 0.738865 -6.928234 4.039819
v 0.629205 -9.020098 5.291927
v 2.929200 -5.291561 2.021291
v 2.721574 -6.785421 2.746285
v 3.524792 -6.785421 2.321281
v 0.857549 -6.785420 3.257070
v 1.506264 -5.289608 2.673664
v 0.696951 -5.289121 2.845470
v 0.696951 -5.289121 2.845470
v -0.109678 -6.785420 3.322626
v -0.109678 -8.355068 3.820251
v -0.109678 -6.785420 3.322626
v -0.109678 -8.355068 3.820251
v 1.049581 -8.353604 3.741782
v 0.569744 -9.042293 4.035436
v -4.233491 -10.792752 -3.680693
v -4.790581 -10.478632 -3.583460
v -4.718935 -10.179619 -3.508889
v 2.768851 -3.523323 1.318475
v 3.537220 -4.373557 0.986805
v 3.090774 -3.523323 0.878359
v 2.672832 -4.373557 1.904562
v 2.768851 -3.523323 1.318475
v 2.332637 -3.523322 1.704487
v 2.064085 -4.373557 2.256213
v 2.672832 -4.373557 1.904562
v -3.894760 12.336138 -0.735392
v -4.694324 12.964146 -0.762444
v -4.353152 13.277778 -0.724425
v -6.834458 2.028324 -0.330615
v -7.734910 4.924150 -0.303075
v -7.575531 4.936096 -0.320866
v -7.734910 4.924150 -0.303075
v -6.834458 2.028324 -0.330615
v -6.980188 1.961298 -0.313313
v 0.305091 -7.422190 5.404028
v -0.087751 -9.033764 6.278895
v 0.389164 -9.424158 6.506993
v 5.815776 -4.271461 -0.527762
v 7.468270 -6.014134 -0.904271
v 5.688319 -4.508329 -1.003212
v 7.035710 -6.420613 -1.302470
v -3.744887 -6.785421 2.321281
v -3.691759 -5.292537 1.566313
v -4.398965 -6.785421 1.803428
v -4.391411 -8.342379 2.651487
v -5.150032 -8.338242 2.056870
v -6.077053 -9.896199 2.207963
v -4.953613 -9.209207 2.731420
v 7.624970 4.927078 -0.303319
v 6.872439 1.967875 -0.313554
v 7.465104 4.933400 -0.320866
v -5.791925 -4.271461 -0.527762
v -7.444913 -6.014134 -0.904271
v -7.621839 -5.845478 -0.024774
v 4.643357 -6.698175 -1.404092
v 3.471909 -5.290585 -1.758181
v 3.869863 -5.292793 -1.240084
v -1.269425 -8.353604 3.741782
v -1.076906 -6.785420 3.257070
v -2.031706 -6.785421 3.062357
v 6.722322 2.022467 -0.330615
v 7.465104 4.933400 -0.320866
v 6.872439 1.967875 -0.313554
v -2.222761 -7.360301 2.563515
v -1.231409 -3.963918 1.711799
v -4.076066 -7.536743 1.570944
v -2.610484 -9.473383 2.735563
v -4.076066 -7.536743 1.570944
v -2.800081 -4.284127 -0.912072
v -2.711371 -3.671714 -1.166489
v -2.474991 -3.899100 -0.891355
v -2.711371 -3.671714 -1.166489
v -3.125896 -3.955133 -1.282730
v -0.575141 -7.481407 4.868385
v -0.303418 -7.405619 3.698403
v -0.348743 -9.314742 5.654792
v 3.226755 -8.345563 3.140829
v 3.524792 -6.785421 2.321281
v 2.721574 -6.785421 2.746285
v 7.094201 8.261060 -0.310144
v 7.329367 6.990194 -0.178549
v 7.484847 7.021871 -0.199751
v 7.534802 4.914645 -0.173186
v 3.471909 -5.292537 1.566313
v 4.179114 -6.785421 1.803428
v 4.657976 -6.785421 1.212466
v 5.481913 -8.335314 1.383784
v 3.524792 -6.785421 2.321281
v 3.471909 -5.292537 1.566313
v 2.929200 -5.291561 2.021291
v 3.226755 -8.345563 3.140829
v 4.171561 -8.342379 2.651487
v 3.226755 -8.345563 3.140829
v 4.734007 -9.209207 2.731420
v 3.869863 -5.293513 1.048460
v 4.657976 -6.785421 1.212466
v 4.952847 -6.785421 0.570816
v 1.049581 -8.353604 3.741782
v 1.811855 -6.785421 3.062357
v 0.857549 -6.785420 3.257070
v -4.412613 -9.246740 -0.473907
v -3.423208 -8.478615 -0.162951
v -4.463301 -8.616293 -0.465378
v -4.671659 -7.691247 -0.974943
v -4.893664 -7.824299 0.201863
v -3.009171 -3.965615 -0.092279
v 4.114291 -5.294001 -0.679099
v 5.052520 -6.785421 -0.095934
v 4.952847 -6.774451 -0.762686
v -3.496073 -3.115845 -1.250806
v -5.208034 -4.794421 -1.330251
v -5.470735 -4.661624 -1.192806
v -3.496073 -3.115845 -1.250806
v -3.184143 -3.413650 -1.336099
v -2.711371 -3.671714 -1.166489
v -3.125896 -3.955133 -1.282730
v -5.470735 -4.661624 -1.192806
v -3.761701 -2.863150 -1.003701
v 6.301458 13.438370 -0.654974
v 6.130140 12.286914 -0.574067
v 6.266121 12.455316 -0.652048
v 5.850619 13.732526 -0.535563
v 5.649333 12.486505 -0.481706
v -1.211428 10.500618 4.508204
v 0.106477 10.669019 3.953308
v -1.881589 9.889436 4.536958
v -3.016236 -3.697557 0.926368
v -4.428939 -5.545488 0.735310
v -2.667266 -3.900076 0.692175
v -3.508501 -3.523323 -0.592830
v -4.059007 -4.373557 -0.095934
v -3.575027 -3.523323 -0.095934
v -2.951168 -2.778089 0.326632
v -3.508501 -3.523323 0.400962
v -7.315754 0.981404 -0.664719
v -7.349627 -0.081598 -1.115799
v -7.197320 -0.085735 -1.070230
v 6.686741 1.341331 -1.799366
v 6.258080 -0.273635 -2.098380
v 6.816389 1.320136 -1.884171
v 5.338861 -1.642948 -2.347194
v 6.140133 -0.235869 -2.004313
v 5.227492 -1.578618 -2.258487
v 4.572195 -2.350160 -2.593082
v 4.179114 -6.785421 1.803428
v 4.930431 -8.338242 2.056870
v 5.481913 -8.335314 1.383784
v 4.657976 -6.785421 1.212466
v 5.481913 -8.335314 1.383784
v 5.824549 -8.334337 0.658302
v 5.824549 -8.334337 0.658302
v 5.052520 -6.785421 -0.095934
v 4.952847 -6.785421 0.570816
v 4.302423 -9.246740 -0.473907
v 4.352873 -8.616293 -0.465378
v 3.313750 -8.478383 -0.163195
v 5.210190 12.827909 -0.770973
v 5.781903 11.962313 -0.734175
v 4.830514 10.970241 -0.773652
v -4.398965 -6.785421 1.803428
v -4.391411 -8.342379 2.651487
v -3.744887 -6.785421 2.321281
v -4.953613 -9.209207 2.731420
v -5.150032 -8.338242 2.056870
v 7.355443 0.940710 -0.710047
v 7.087130 -0.085735 -1.070230
v 7.239687 -0.081598 -1.115799
v 3.934199 -6.362860 -0.896718
v 3.532346 -6.183001 1.197601
v 5.042770 -9.333985 -0.013078
v 2.746186 -3.967334 0.084887
v 6.203005 -7.797480 -0.781206
v 5.859881 -7.592288 -0.560418
v 6.044603 -7.413173 -1.049028
v -1.881589 9.889436 4.536958
v -4.322933 6.585900 7.011685
v -2.839799 8.984121 5.644068
v 4.930431 -8.338242 2.056870
v 5.917396 -9.143413 1.322618
v 5.481913 -8.335314 1.383784
v 4.930431 -8.338242 2.056870
v 5.857203 -9.896199 2.207963
v 4.114291 -5.294001 0.487228
v 4.952847 -6.785421 0.570816
v 5.052520 -6.785421 -0.095934
v 4.952847 -6.774451 -0.762686
v 5.824549 -8.280977 -0.849929
v 4.114291 -5.294001 -0.679099
v 4.196905 -5.294257 -0.095934
v 3.471909 -5.292537 1.566313
v 3.524792 -6.785421 2.321281
v 4.179114 -6.785421 1.803428
v 4.171561 -8.342379 2.651487
v 4.930431 -8.338242 2.056870
v 5.857203 -9.896199 2.207963
v 4.734007 -9.209207 2.731420
v -5.541409 -0.120340 -0.345966
v -6.980188 1.961298 -0.313313
v -6.834458 2.028324 -0.330615
v -3.777052 -2.651870 -0.713701
v -3.761701 -2.863150 -1.003701
v -4.298071 -2.869471 -0.367167
v 6.872439 1.967875 -0.313554
v 5.557213 -0.217834 -0.330856
v 6.722322 2.022467 -0.330615
v 2.288038 -3.817456 -0.689090
v 2.802236 -4.316292 -0.878439
v 2.384544 -4.155211 -0.299420
v -6.124812 12.154094 -0.542387
v -6.347306 12.514765 -0.614764
v -6.197195 11.531711 -0.667889
v 3.124647 -3.485789 -1.323915
v 4.854882 -5.207012 -1.351453
v 4.607288 -5.429006 -1.238866
v 3.333493 -3.097810 -1.251782
v 3.830389 -3.329077 -1.270058
v 2.896791 -3.007892 -1.143824
v 3.333493 -3.097810 -1.251782
v 3.401240 -2.738371 -1.046347
v 3.830389 -3.329077 -1.270058
v 3.357861 -2.566321 -0.802408
v 3.800903 -2.651870 -0.713460
v 3.124647 -3.485789 -1.323915
v 2.497372 -3.410001 -1.045127
v 4.607288 -5.429006 -1.238866
v 2.856822 -3.796005 -1.204749
v 2.802236 -4.316292 -0.878439
v -5.150764 -9.233098 -3.459907
v -4.873195 -8.282441 -3.549343
v -5.660331 -9.140252 -5.102658
v -2.474991 -3.899100 -0.891355
v -2.408703 -4.148890 -0.515090
v -2.800081 -4.284127 -0.912072
v -2.892683 -4.373557 1.904562
v -2.988696 -3.523323 1.318475
v -3.390555 -4.373557 1.475657
v -2.516418 -2.778089 1.106945
v -3.310131 -3.523323 0.878359
v -5.883801 11.103525 -0.764878
v -5.773164 11.587511 -0.823854
v -5.488525 10.912952 -0.816786
v -3.941793 11.364285 -0.761956
v -4.694324 12.964146 -0.762444
v -3.894760 12.336138 -0.735392
v -6.980188 1.961298 -0.313313
v -5.541409 -0.120340 -0.345966
v -5.667884 -0.217834 -0.330856
v 5.662731 11.587255 -0.823854
v 5.773129 11.103525 -0.764878
v 5.378098 10.912952 -0.816786
v -2.552481 -3.523322 1.704487
v -2.283442 -4.373557 2.256213
v -2.020254 -3.523322 2.021047
v -2.152580 -2.778089 1.434960
v -2.552481 -3.523322 1.704487
v 5.688319 -4.508329 -1.003212
v 4.074816 -3.029576 -0.962515
v 4.321922 -2.869471 -0.367167
v -5.791925 -4.271461 -0.527762
v -5.648635 -4.429125 -0.937415
v -7.444913 -6.014134 -0.904271
v 4.094553 11.585071 -0.777553
v 5.210190 12.827909 -0.770973
v 4.830514 10.970241 -0.773652
v -3.761701 -2.863150 -1.003701
v -5.470735 -4.661624 -1.192806
v -5.648635 -4.429125 -0.937415
v -4.298071 -2.869471 -0.367167
v -5.791925 -4.271461 -0.527762
v 4.321922 -2.869471 -0.367167
v 7.645683 -5.845478 -0.024774
v 5.815776 -4.271461 -0.527762
v 5.959554 15.413287 -0.659604
v 5.500430 14.012274 -0.524353
v 6.155484 13.977436 -0.593075
v 0.022160 -9.416349 7.034351
v -0.348743 -9.314742 5.654792
v 0.040439 -9.754848 7.231258
v -2.297334 -7.370294 -2.751240
v -3.758773 -7.542576 -2.018934
v -1.867697 -3.967822 -1.577845
v -1.415155 -3.523322 2.256213
v -0.850757 -4.373557 2.678782
v -0.763274 -3.523322 2.401211
v -1.203631 -2.778089 1.904562
v 4.171561 -8.342379 2.651487
v 4.179114 -6.785421 1.803428
v 3.524792 -6.785421 2.321281
v 4.734007 -9.209207 2.731420
v 4.930431 -8.338242 2.056870
v -4.298071 -2.869471 -0.367167
v -5.791925 -4.271461 -0.527762
v -7.621839 -5.845478 -0.024774
v -0.763274 -3.523322 2.401211
v -0.109678 -4.373557 2.733125
v -0.109678 -3.523322 2.450197
v -0.109678 -3.523322 2.450197
v -0.657262 -2.778089 2.027627
v 4.344344 -9.231401 1.575572
v 2.040444 -7.345914 2.553766
v 3.164610 -9.456325 2.331272
v 3.532346 -6.183001 1.197601
v 1.666131 -3.968055 1.374037
v -0.109678 -4.373557 2.733125
v 0.543423 -3.523322 2.401211
v -0.109678 -3.523322 2.450197
v 0.437905 -2.778089 2.027627
v -0.109678 -3.523322 2.450197
v 2.161074 -1.907380 0.889325
v 4.492020 -2.134255 0.889325
v 4.492020 -1.907380 0.889325
v 2.161074 -2.134255 0.889325
v -2.331939 -1.907380 0.889325
v -4.662641 -1.907380 0.889325
v -4.662641 -2.134255 0.889325
v -2.331939 -2.134255 0.889325
v 7.665908 2.765725 -0.293329
v 7.221165 1.076435 -0.638158
v 7.355443 0.940710 -0.710047
v 5.549903 -9.140252 -5.102658
v 4.762523 -8.282441 -3.549343
v 5.040824 -9.233098 -3.459907
v -3.938621 13.304597 -0.652048
v -3.615971 12.405348 -0.568948
v -3.498019 12.461149 -0.650587
v -0.109678 -3.523323 -2.641821
v -0.660678 -2.778090 -2.219498
v -0.109678 -2.778090 -2.260925
v -0.771071 -3.523323 -2.593082
v -1.208018 -2.778090 -2.096186
v -0.660678 -2.778090 -2.219498
v 3.839162 -4.373557 -0.095934
v 3.288651 -3.523323 -0.592830
v 3.355671 -3.523323 -0.095934
v 2.731806 -2.778089 0.326632
v 3.288651 -3.523323 0.400962
v 4.329231 -5.941252 0.254256
v 4.452540 -5.545488 0.735310
v 2.847805 -4.225654 0.621992
v 4.452540 -5.545488 0.735310
v 3.233576 -3.883018 0.938064
v 4.767398 -5.531125 0.928073
v 3.233576 -3.883018 0.938064
v 3.360301 -3.391711 0.969991
v 2.770554 -3.323965 0.841319
v 4.557820 -5.894469 0.621748
v 4.452540 -5.545488 0.735310
v 4.557820 -5.894469 0.621748
v 6.544665 -6.897510 1.048216
v 6.544665 -6.897510 1.048216
v 5.100285 -5.199946 1.046998
v 5.100285 -5.199946 1.046998
v 3.360301 -3.391711 0.969991
v 3.233576 -3.883018 0.938064
v 4.767398 -5.531125 0.928073
v 5.392233 -4.646750 0.861788
v 3.360301 -3.391711 0.969991
v 3.586938 -3.045658 0.822067
v 0.630913 -4.373557 2.678782
v 1.195311 -3.523322 2.256213
v 0.543423 -3.523322 2.401211
v 0.984269 -2.778089 1.904562
v -7.439795 6.990194 -0.178549
v -7.204141 8.261060 -0.310144
v -7.595519 7.021871 -0.199751
v -7.056220 8.199170 -0.307950
v -7.645718 4.909044 -0.173186
v -2.027319 -3.523323 -2.212674
v -1.712223 -2.778090 -1.896114
v -1.425149 -3.523323 -2.448084
v -1.933008 -2.778090 -1.761350
v -1.712223 -2.778090 -1.896114
v -1.425149 -3.523323 -2.448084
v -1.712223 -2.778090 -1.896114
v -1.208018 -2.778090 -2.096186
v -1.208018 -2.778090 -2.096186
v -0.771071 -3.523323 -2.593082
v -4.084839 13.298973 -0.575773
v -3.615971 12.405348 -0.568948
v -3.938621 13.304597 -0.652048
v 2.868524 -7.449498 -2.431998
v 2.063109 -3.968055 -1.322454
v 3.934199 -6.362860 -0.896718
v -5.708341 11.369886 -0.740755
v -5.296982 12.682911 -0.772923
v -4.832257 11.538775 -0.786324
v -4.562968 10.809625 -0.763417
v -0.660678 -2.778090 -2.219498
v -0.109678 -3.523323 -2.641821
v -0.771071 -3.523323 -2.593082
v -2.555409 -3.523323 -1.896114
v -2.154044 -2.778090 -1.626831
v -2.291239 -3.523323 -2.054516
v -2.337790 -2.778089 -1.460872
v -2.291239 -3.523323 -2.054516
v -2.154044 -2.778090 -1.626831
v -1.933008 -2.778090 -1.761350
v -2.027319 -3.523323 -2.212674
v -0.109678 -3.523323 -2.641821
v -0.109678 -2.778090 -2.260925
v 0.440828 -2.778090 -2.219498
v -7.645718 4.909044 -0.173186
v -7.595519 7.021871 -0.199751
v -7.808751 4.844203 -0.192926
v 7.484847 7.021871 -0.199751
v 7.534802 4.914645 -0.173186
v 7.698079 4.846155 -0.192926
v -5.512893 14.049319 -0.524353
v -6.041716 15.423025 -0.659604
v -6.168191 15.081132 -0.640597
v 0.551221 -3.523323 -2.593082
v -0.109678 -3.523323 -2.641821
v 0.440828 -2.778090 -2.219498
v 2.064085 -4.373557 2.256213
v 2.332637 -3.523322 1.704487
v 1.800403 -3.523322 2.021047
v 1.932730 -2.778089 1.434960
v 2.332637 -3.523322 1.704487
v 4.321922 -2.869471 -0.367167
v 5.815776 -4.271461 -0.527762
v 5.688319 -4.508329 -1.003212
v -2.516906 -2.778089 -1.298816
v -3.310131 -3.523323 -1.070230
v -2.785944 -2.778089 -0.924500
v -3.310131 -3.523323 -1.070230
v -2.516906 -2.778089 -1.298816
v -2.988696 -3.523323 -1.510587
v -2.516906 -2.778089 -1.298816
v -2.774731 -3.523323 -1.700913
v -2.337790 -2.778089 -1.460872
v -2.774731 -3.523323 -1.700913
v -2.555409 -3.523323 -1.896114
v 2.847805 -4.225654 0.621992
v 3.233576 -3.883018 0.938064
v 2.734978 -3.671714 0.790872
v -3.325487 11.898703 -0.679585
v -3.517274 12.453108 -0.704932
v -3.498019 12.461149 -0.650587
v -5.512893 14.049319 -0.524353
v -4.975547 14.420959 -0.594048
v -6.041716 15.423025 -0.659604
v 0.551221 -3.523323 -2.593082
v 0.440828 -2.778090 -2.219498
v 0.988167 -2.778090 -2.096186
v 5.864267 -4.316548 0.171156
v 7.447801 -6.028497 0.609076
v 7.645683 -5.845478 -0.024774
v -4.764261 13.634312 -0.512654
v -4.975547 14.420959 -0.594048
v -5.512893 14.049319 -0.524353
v 2.768851 -3.523323 1.318475
v 2.672832 -4.373557 1.904562
v 3.170704 -4.373557 1.475657
v 2.296567 -2.778089 1.106945
v 3.090774 -3.523323 0.878359
v -3.508501 -3.523323 -0.592830
v -2.785944 -2.778089 -0.924500
v -3.310131 -3.523323 -1.070230
v -7.424201 -6.028497 0.609076
v -5.840667 -4.316548 0.171156
v -7.621839 -5.845478 -0.024774
v -2.785944 -2.778089 -0.924500
v -3.508501 -3.523323 -0.592830
v -2.951168 -2.778089 -0.518259
v 1.205299 -3.523323 -2.448084
v 0.551221 -3.523323 -2.593082
v 0.988167 -2.778090 -2.096186
v 0.988167 -2.778090 -2.096186
v 1.492372 -2.778090 -1.896114
v -5.648635 -4.429125 -0.937415
v -4.298071 -2.869471 -0.367167
v -3.761701 -2.863150 -1.003701
v 5.500430 14.012274 -0.524353
v 5.959554 15.413287 -0.659604
v 5.668338 15.275099 -0.649611
v -4.562968 10.809625 -0.763417
v -4.832257 11.538775 -0.786324
v -3.941793 11.364285 -0.761956
v -4.694324 12.964146 -0.762444
v -2.951168 -2.778089 -0.518259
v -3.575027 -3.523323 -0.095934
v -3.007218 -2.778089 -0.095934
v -3.575027 -3.523323 -0.095934
v -2.951168 -2.778089 -0.518259
v -3.508501 -3.523323 -0.592830
v 1.492372 -2.778090 -1.896114
v 1.807957 -3.523323 -2.212674
v 1.205299 -3.523323 -2.448084
v 1.492372 -2.778090 -1.896114
v 1.713646 -2.778090 -1.761350
v 3.360301 11.942581 -0.764878
v 3.751673 12.252309 -0.823854
v 3.548434 11.548513 -0.816786
v -0.087751 -9.033764 6.278895
v 0.305091 -7.422190 5.404028
v -0.247611 -7.254532 5.185677
v -5.512893 14.049319 -0.524353
v -6.168191 15.081132 -0.640597
v -6.118479 13.671357 -0.553107
v -3.470729 11.942326 -0.764878
v -3.658862 11.548281 -0.816786
v -3.862101 12.252309 -0.823854
v 2.071883 -3.523323 -2.054516
v 1.713646 -2.778090 -1.761350
v 1.934682 -2.778090 -1.626831
v 1.807957 -3.523323 -2.212674
v -4.076066 -7.536743 1.570944
v -3.009171 -3.965615 -0.092279
v -4.893664 -7.824299 0.201863
v 4.611430 10.610291 -0.064743
v 5.747786 11.203437 -0.203650
v 5.561355 10.160421 -0.313554
v 1.934682 -2.778090 -1.626831
v 2.335559 -3.523323 -1.896114
v 2.071883 -3.523323 -2.054516
v 2.117940 -2.778089 -1.460872
v -3.575027 -3.523323 -0.095934
v -2.951168 -2.778089 0.326632
v -3.007218 -2.778089 -0.095934
v -5.076434 -5.199946 1.046998
v -6.521065 -6.897510 1.048216
v -4.743547 -5.531125 0.928073
v -6.521065 -6.897510 1.048216
v -4.533969 -5.894469 0.621748
v -4.428939 -5.545488 0.735310
v -4.533969 -5.894469 0.621748
v -3.016236 -3.697557 0.926368
v -4.743547 -5.531125 0.928073
v -5.076434 -5.199946 1.046998
v -3.336451 -3.391711 0.969991
v -3.016236 -3.697557 0.926368
v -4.743547 -5.531125 0.928073
v -5.368383 -4.646750 0.861788
v -3.336451 -3.391711 0.969991
v -3.563087 -3.045658 0.822067
v -5.368383 -4.646750 0.861788
v -3.809467 -2.811974 0.540841
v -5.669593 -4.457153 0.584952
v -5.533124 -4.970632 0.988023
v -3.809467 -2.811974 0.540841
v -5.368383 -4.646750 0.861788
v -6.521065 -6.897510 1.048216
v -7.100081 -6.337760 0.973889
v -4.533969 -5.894469 0.621748
v -6.044150 -7.370038 0.547177
v -5.533124 -4.970632 0.988023
v -7.424201 -6.028497 0.609076
v -5.669593 -4.457153 0.584952
v -7.424201 -6.028497 0.609076
v -7.100081 -6.337760 0.973889
v 1.920058 -2.918207 -1.464771
v 4.492020 -2.134255 -1.243985
v 4.733525 -2.918207 -1.464771
v 2.161074 -2.134255 -1.243985
v -2.090678 -2.918207 -1.464771
v -4.662641 -2.134255 -1.243985
v -2.331939 -2.134255 -1.243985
v -4.904146 -2.918207 -1.464771
v 2.480557 -4.195185 0.185045
v 2.847805 -4.225654 0.621992
v 2.498836 -3.899100 0.515253
v -6.749648 -9.144390 -7.255949
v -6.312219 -8.241492 -6.322595
v -6.523987 -8.404293 -7.363420
v -5.808984 -7.649809 -6.494889
v -6.033430 -7.804313 -7.558133
v 3.800903 -2.651870 -0.713460
v 4.321922 -2.869471 -0.367167
v 4.074816 -3.029576 -0.962515
v -2.264437 -3.817456 0.313231
v -2.718686 -4.357242 0.367086
v -2.360938 -4.155211 -0.076438
v 5.500430 14.012274 -0.524353
v 5.668338 15.275099 -0.649611
v 4.576825 13.713260 -0.525814
v 2.297055 -2.778089 -1.298816
v 3.090774 -3.523323 -1.070230
v 2.768851 -3.523323 -1.510587
v 2.297055 -2.778089 -1.298816
v 2.554886 -3.523323 -1.700913
v 2.117940 -2.778089 -1.460872
v 2.554886 -3.523323 -1.700913
v 2.335559 -3.523323 -1.896114
v -2.785944 -2.778089 0.732628
v -3.508501 -3.523323 0.400962
v -3.310131 -3.523323 0.878359
v 2.607282 -3.794540 -1.045371
v 2.802236 -4.316292 -0.878439
v 2.288038 -3.817456 -0.689090
v 7.645683 -5.845478 -0.024774
v 4.321922 -2.869471 -0.367167
v 5.864267 -4.316548 0.171156
v -4.764261 13.634312 -0.512654
v -4.084839 13.298973 -0.575773
v -4.975547 14.420959 -0.594048
v 3.090774 -3.523323 -1.070230
v 2.297055 -2.778089 -1.298816
v 2.566094 -2.778089 -0.924500
v 5.693193 -4.457153 0.584952
v 7.447801 -6.028497 0.609076
v 5.864267 -4.316548 0.171156
v -7.618178 2.774998 -0.269934
v -7.808751 4.844203 -0.192926
v -7.776092 2.765725 -0.293329
v -0.106756 -7.145836 2.888605
v -1.231409 -3.963918 1.711799
v -2.222761 -7.360301 2.563515
v 5.864267 -4.316548 0.171156
v 4.321922 -2.869471 -0.367167
v 3.983917 -2.668673 0.148734
v -7.424201 -6.028497 0.609076
v -5.669593 -4.457153 0.584952
v -5.840667 -4.316548 0.171156
v -4.298071 -2.869471 -0.367167
v -7.621839 -5.845478 -0.024774
v -5.840667 -4.316548 0.171156
v 7.698079 4.846155 -0.192926
v 7.507751 2.774998 -0.269934
v 7.665908 2.765725 -0.293329
v -3.310131 -3.523323 0.878359
v -2.516418 -2.778089 1.106945
v -2.785944 -2.778089 0.732628
v 2.566094 -2.778089 -0.924500
v 3.288651 -3.523323 -0.592830
v 3.090774 -3.523323 -1.070230
v 3.846472 13.004352 -0.553107
v 3.888386 13.333578 -0.614764
v 3.387592 12.460917 -0.650587
v -4.298071 -2.869471 -0.367167
v -5.840667 -4.316548 0.171156
v -3.960310 -2.668673 0.148734
v -3.325487 11.898703 -0.679585
v -3.470729 11.942326 -0.764878
v -3.517274 12.453108 -0.704932
v -5.488525 10.912952 -0.816786
v -5.708341 11.369886 -0.740755
v -5.316963 10.655865 -0.722720
v 0.022160 -9.416349 7.034351
v 0.040439 -9.754848 7.231258
v 0.112572 -9.509684 8.163148
v -6.197195 11.531711 -0.667889
v -5.895497 10.842533 -0.679585
v -5.984933 11.136179 -0.592831
v 3.288651 -3.523323 -0.592830
v 2.566094 -2.778089 -0.924500
v 2.731806 -2.778089 -0.518259
v -2.552481 -3.523322 1.704487
v -2.516418 -2.778089 1.106945
v -2.988696 -3.523323 1.318475
v 5.850619 13.732526 -0.535563
v 6.130140 12.286914 -0.574067
v 6.155484 13.977436 -0.593075
v 3.516263 11.391569 -0.729056
v 4.094553 11.585071 -0.777553
v 4.097720 10.543753 -0.731005
v 4.250760 13.289723 -0.728083
v 3.780672 12.327120 -0.736612
v 3.516263 11.391569 -0.729056
v 4.094553 11.585071 -0.777553
v 3.355671 -3.523323 -0.095934
v 2.731806 -2.778089 -0.518259
v 2.787368 -2.778089 -0.095934
v 2.731806 -2.778089 -0.518259
v 3.355671 -3.523323 -0.095934
v 3.288651 -3.523323 -0.592830
v -3.960310 -2.668673 0.148734
v -5.669593 -4.457153 0.584952
v -3.809467 -2.811974 0.540841
v -5.840667 -4.316548 0.171156
v 5.858666 10.979002 -0.679585
v 6.078232 11.523902 -0.650587
v 5.835757 11.023833 -0.604286
v 5.693193 -4.457153 0.584952
v 3.833068 -2.811974 0.540841
v 5.392233 -4.646750 0.861788
v 5.556725 -4.970632 0.988023
v 3.833068 -2.811974 0.540841
v 3.586938 -3.045658 0.822067
v 6.544665 -6.897510 1.048216
v 7.123932 -6.337760 0.973889
v 4.557820 -5.894469 0.621748
v 6.067757 -7.370038 0.547177
v 5.693193 -4.457153 0.584952
v 3.983917 -2.668673 0.148734
v 5.864267 -4.316548 0.171156
v 5.556725 -4.970632 0.988023
v 7.447801 -6.028497 0.609076
v 7.123932 -6.337760 0.973889
v 7.447801 -6.028497 0.609076
v 5.693193 -4.457153 0.584952
v -2.667266 -3.900076 0.692175
v -2.718686 -4.357242 0.367086
v -2.264437 -3.817456 0.313231
v 3.186299 11.746152 -0.679585
v 3.387592 12.460917 -0.650587
v 3.406847 12.453108 -0.704932
v 3.186299 11.746152 -0.679585
v 3.406847 12.453108 -0.704932
v 3.360301 11.942581 -0.764878
v 3.401240 -2.738371 -1.046347
v 4.074816 -3.029576 -0.962515
v 3.830389 -3.329077 -1.270058
v -5.982986 -8.972827 -2.381310
v -5.684943 -8.006087 -1.578577
v -4.951667 -7.485567 -2.288461
v 2.731806 -2.778089 0.326632
v 3.355671 -3.523323 -0.095934
v 2.787368 -2.778089 -0.095934
v 6.078232 11.523902 -0.650587
v 6.130140 12.286914 -0.574067
v 5.835757 11.023833 -0.604286
v 4.830514 10.970241 -0.773652
v 5.385406 10.919530 -0.729788
v 4.867065 10.316157 -0.700786
v 4.830514 10.970241 -0.773652
v 5.781903 11.962313 -0.734175
v 2.566094 -2.778089 0.732628
v 3.090774 -3.523323 0.878359
v 3.288651 -3.523323 0.400962
v -6.041716 15.423025 -0.659604
v -5.733685 15.242701 -0.670327
v -5.981034 15.398668 -0.663015
v 0.299972 -6.094547 -2.785601
v -1.867697 -3.967822 -1.577845
v 0.177634 -3.968311 -1.964104
v -2.297334 -7.370294 -2.751240
v -5.684943 -8.006087 -1.578577
v -4.863446 -6.698175 -1.404092
v -4.951667 -7.485567 -2.288461
v -4.327320 -6.595592 -1.995052
v -4.951667 -7.485567 -2.288461
v -4.419678 -7.275240 -2.588695
v -5.684943 -8.006087 -1.578577
v -5.172697 -6.774451 -0.762686
v -6.044394 -8.280977 -0.849929
v 3.506032 11.133506 -0.115919
v 4.732793 11.684262 -0.048658
v 4.611430 10.610291 -0.064743
v 4.457659 6.627338 6.980493
v 4.994767 7.058196 7.086743
v 4.520287 6.835946 7.252943
v -4.671659 -7.691247 -0.974943
v -1.867697 -3.967822 -1.577845
v -3.758773 -7.542576 -2.018934
v 0.299972 -6.094547 -2.785601
v 2.063109 -3.968055 -1.322454
v 2.868524 -7.449498 -2.431998
v 2.296567 -2.778089 1.106945
v 3.090774 -3.523323 0.878359
v 2.566094 -2.778089 0.732628
v 2.296567 -2.778089 1.106945
v 2.332637 -3.523322 1.704487
v 2.768851 -3.523323 1.318475
v -1.867697 -3.967822 -1.577845
v -4.671659 -7.691247 -0.974943
v -3.009171 -3.965615 -0.092279
v -7.349627 -0.081598 -1.115799
v -7.315754 0.981404 -0.664719
v -7.476835 1.015522 -0.685920
v 2.063109 -3.968055 -1.322454
v 0.299972 -6.094547 -2.785601
v 0.177634 -3.968311 -1.964104
v 2.764464 -9.061769 -8.212942
v 3.138534 -8.555147 -8.512688
v 2.969900 -9.177531 -8.542174
v 4.439136 -7.644208 -3.736014
v 3.762881 -7.530143 -0.577964
v 4.941883 -8.078714 -3.622452
v 4.164496 -8.016336 -0.499980
v 5.241385 -8.677229 -3.542031
v 4.352873 -8.616293 -0.465378
v 5.291584 -9.348372 -3.507425
v 4.164496 -8.016336 -0.499980
v 4.352873 -8.616293 -0.465378
v 4.302423 -9.246740 -0.473907
v 4.941883 -8.078714 -3.622452
v 3.762881 -7.530143 -0.577964
v 5.465098 -8.006087 -1.578577
v 5.763136 -8.972827 -2.381310
v 4.732305 -7.485567 -2.288461
v -7.618178 2.774998 -0.269934
v -7.476835 1.015522 -0.685920
v -7.315754 0.981404 -0.664719
v 4.934330 -10.256870 -3.542274
v 4.127939 -10.790800 -3.679719
v 4.609728 -10.178387 -3.508889
v -5.512893 14.049319 -0.524353
v -6.118479 13.671357 -0.553107
v -5.616465 12.549858 -0.473421
v -2.309274 -2.918950 8.653948
v -2.204732 -3.414370 8.264525
v -2.185477 -4.139616 8.654192
v -1.888416 -1.503806 8.653219
v -2.140884 -2.627001 8.259895
v -0.991613 -6.729365 -3.448696
v -2.046574 -7.680022 -3.702382
v -1.824568 -6.683790 -3.254228
v -2.046574 -7.680022 -3.702382
v -2.665558 -6.627013 -2.938156
v 5.430737 -0.120340 -0.345966
v 6.722322 2.022467 -0.330615
v 5.557213 -0.217834 -0.330856
v 4.407703 -1.338334 0.172617
v -3.508501 -3.523323 0.400962
v -2.785944 -2.778089 0.732628
v -2.951168 -2.778089 0.326632
v -2.785944 -2.778089 0.732628
v -2.324142 -2.166652 0.235979
v 4.643357 -6.698175 -1.404092
v 5.465098 -8.006087 -1.578577
v 4.732305 -7.485567 -2.288461
v 4.107957 -6.595592 -1.995052
v 4.732305 -7.485567 -2.288461
v 4.199828 -7.275240 -2.588695
v 4.952847 -6.774451 -0.762686
v 5.465098 -8.006087 -1.578577
v 5.824549 -8.280977 -0.849929
v -7.451247 6.930976 -0.321354
v -7.204141 8.261060 -0.310144
v -7.056220 8.199170 -0.307950
v 7.094201 8.261060 -0.310144
v 7.341063 6.930976 -0.321354
v 6.945793 8.199170 -0.307950
v -7.808751 4.844203 -0.192926
v -7.618178 2.774998 -0.269934
v -7.645718 4.909044 -0.173186
v 2.847805 -4.225654 0.621992
v 2.734978 -3.671714 0.790872
v 2.498836 -3.899100 0.515253
v 1.826479 -7.680022 -3.702382
v 0.772251 -6.729365 -3.448696
v 1.604717 -6.683790 -3.254228
v 1.826479 -7.680022 -3.702382
v 2.445708 -6.627013 -2.938156
v 7.534802 4.914645 -0.173186
v 7.507751 2.774998 -0.269934
v 7.698079 4.846155 -0.192926
v 3.138534 -8.555147 -8.512688
v 2.764464 -9.061769 -8.212942
v 2.946746 -8.497139 -8.220495
v -1.708568 -2.778089 1.704487
v -1.415155 -3.523322 2.256213
v -1.203631 -2.778089 1.904562
v -1.355938 -2.166652 1.318475
v -1.708568 -2.778089 1.704487
v 7.329367 6.990194 -0.178549
v 7.094201 8.261060 -0.310144
v 6.945793 8.199170 -0.307950
v -1.203631 -2.778089 1.904562
v -0.763274 -3.523322 2.401211
v -0.657262 -2.778089 2.027627
v -0.962370 -2.166652 1.475657
v 0.337500 -5.483598 8.971240
v 0.941378 -6.649672 8.860116
v 0.396229 -5.413411 8.654192
v -3.658862 11.548281 -0.816786
v -3.647166 10.966081 -0.788032
v -3.657886 11.561923 -0.731981
v -3.862101 12.252309 -0.823854
v -4.299536 13.182259 -0.807769
v -3.894760 12.336138 -0.735392
v -0.657262 -2.778089 2.027627
v -0.109678 -3.523322 2.450197
v -0.109678 -2.778089 2.069300
v -0.109678 -2.778089 2.069300
v -0.535417 -2.166652 1.572648
v 4.492020 -2.134255 0.889325
v 2.161074 -2.134255 0.889325
v 1.920058 -2.918207 1.109870
v 4.733525 -2.918207 1.109870
v -4.904146 -2.918207 1.109870
v -2.090678 -2.918207 1.109870
v -4.662641 -2.134255 0.889325
v -2.331939 -2.134255 0.889325
v 2.794195 -10.041430 -6.267032
v 2.625555 -10.203486 -5.570308
v 2.417442 -9.238699 -5.676317
v 2.718163 -9.381258 -6.334538
v 2.794195 -10.041430 -6.267032
v 2.972578 -8.567558 -6.355739
v 2.417442 -9.238699 -5.676317
v -0.109678 -3.523322 2.450197
v 0.437905 -2.778089 2.027627
v -0.109678 -2.778089 2.069300
v 0.315567 -2.166652 1.572648
v -0.109678 -2.778089 2.069300
v 5.850619 13.732526 -0.535563
v 5.500430 14.012274 -0.524353
v 5.649333 12.486505 -0.481706
v -5.316963 10.655865 -0.722720
v -5.708341 11.369886 -0.740755
v -4.562968 10.809625 -0.763417
v -4.894885 10.273511 -0.691284
v 0.543423 -3.523322 2.401211
v 0.984269 -2.778089 1.904562
v 0.437905 -2.778089 2.027627
v 0.742520 -2.166652 1.475657
v 2.850490 -9.861339 -5.578105
v 2.269759 -9.825036 -3.975322
v 2.177401 -8.726708 -4.034296
v -2.348754 -3.591789 -0.892332
v -2.474991 -3.899100 -0.891355
v -2.711371 -3.671714 -1.166489
v -5.616465 12.549858 -0.473421
v -6.118479 13.671357 -0.553107
v -6.124812 12.154094 -0.542387
v -5.984933 11.136179 -0.592831
v -5.672027 11.182497 -0.511925
v -2.185477 -4.139616 8.654192
v -2.204732 -3.414370 8.264525
v -2.043645 -4.221981 8.273784
v -0.660678 -2.778090 -2.219498
v -0.962858 -2.166652 -1.667528
v -0.535661 -2.166652 -1.764273
v -1.208018 -2.778090 -2.096186
v -0.962858 -2.166652 -1.667528
v -0.660678 -2.778090 -2.219498
v -1.208018 -2.778090 -2.096186
v -1.356426 -2.166652 -1.510587
v -0.962858 -2.166652 -1.667528
v -2.516418 -2.778089 1.106945
v -2.552481 -3.523322 1.704487
v -2.152580 -2.778089 1.434960
v -2.152580 -2.778089 1.434960
v -1.984184 -2.166652 0.849360
v -2.194738 -2.166652 0.555218
v -1.984184 -2.166652 0.849360
v 2.566094 -2.778089 0.732628
v 3.288651 -3.523323 0.400962
v 2.731806 -2.778089 0.326632
v 2.104292 -2.166652 0.235979
v 2.566094 -2.778089 0.732628
v 1.195311 -3.523322 2.256213
v 1.489206 -2.778089 1.704487
v 0.984269 -2.778089 1.904562
v 1.136088 -2.166652 1.318475
v 1.489206 -2.778089 1.704487
v -5.512893 14.049319 -0.524353
v -4.857357 12.816475 -0.459529
v -4.764261 13.634312 -0.512654
v 3.233576 -3.883018 0.938064
v 2.770554 -3.323965 0.841319
v 2.734978 -3.671714 0.790872
v -0.535661 -2.166652 -1.764273
v -0.109678 -2.778090 -2.260925
v -0.660678 -2.778090 -2.219498
v -0.109678 -2.778090 -2.260925
v -0.535661 -2.166652 -1.764273
v -0.109678 -2.166652 -1.797173
v -0.636793 -3.873744 8.654192
v -0.868548 -3.206994 9.037282
v -0.682850 -4.005100 9.040695
v 5.561355 10.160421 -0.313554
v 6.192041 10.993388 -0.499738
v 5.810901 10.042476 -0.625243
v 1.647120 8.384631 6.855476
v 1.643953 8.707513 6.508453
v 1.768970 9.403522 7.088205
v -1.712223 -2.778090 -1.896114
v -1.356426 -2.166652 -1.510587
v -1.208018 -2.778090 -2.096186
v -1.528721 -2.166652 -1.404578
v -1.933008 -2.778090 -1.761350
v -1.933008 -2.778090 -1.761350
v -1.701253 -2.166652 -1.298816
v 0.440828 -2.778090 -2.219498
v -0.109678 -2.778090 -2.260925
v 0.315811 -2.166652 -1.764273
v -0.109678 -2.778090 -2.260925
v -0.109678 -2.166652 -1.797173
v 0.315811 -2.166652 -1.764273
v 0.440828 -2.778090 -2.219498
v 0.315811 -2.166652 -1.764273
v 0.743008 -2.166652 -1.667528
v 0.743008 -2.166652 -1.667528
v 0.988167 -2.778090 -2.096186
v 0.440828 -2.778090 -2.219498
v 1.666131 -3.968055 1.374037
v -0.106756 -7.145836 2.888605
v 2.040444 -7.345914 2.553766
v 2.873393 11.433240 -0.386420
v 3.630555 12.206245 -0.199995
v 3.506032 11.133506 -0.115919
v 3.846472 13.004352 -0.553107
v 3.387592 12.460917 -0.650587
v 3.261604 11.919178 -0.604286
v 2.497372 -3.410001 -1.045127
v 2.856822 -3.796005 -1.204749
v 2.607282 -3.794540 -1.045371
v 0.988167 -2.778090 -2.096186
v 0.743008 -2.166652 -1.667528
v 1.136576 -2.166652 -1.510587
v -3.870874 -2.571689 -0.319648
v -4.298071 -2.869471 -0.367167
v -3.960310 -2.668673 0.148734
v 3.688802 -2.455672 -0.366193
v 4.321922 -2.869471 -0.367167
v 3.800903 -2.651870 -0.713460
v 3.800903 -2.651870 -0.713460
v 4.074816 -3.029576 -0.962515
v 3.401240 -2.738371 -1.046347
v -3.870874 -2.571689 -0.319648
v -3.777052 -2.651870 -0.713701
v -4.298071 -2.869471 -0.367167
v 4.521995 12.289843 -0.446128
v 5.500430 14.012274 -0.524353
v 4.576825 13.713260 -0.525814
v 1.136576 -2.166652 -1.510587
v 1.492372 -2.778090 -1.896114
v 0.988167 -2.778090 -2.096186
v 1.309358 -2.166652 -1.404578
v 1.713646 -2.778090 -1.761350
v 1.713646 -2.778090 -1.761350
v 1.481897 -2.166652 -1.298816
v -2.152580 -2.778089 1.434960
v -2.020254 -3.523322 2.021047
v -1.708568 -2.778089 1.704487
v -1.415155 -3.523322 2.256213
v -1.708568 -2.778089 1.704487
v -1.984184 -2.166652 0.849360
v -1.700765 -2.166652 1.106944
v -1.539440 -1.712159 0.352464
v -2.194738 -2.166652 0.555218
v -3.053031 -2.911885 -1.159421
v -3.184143 -3.413650 -1.336099
v -3.496073 -3.115845 -1.250806
v -4.857357 12.816475 -0.459529
v -5.512893 14.049319 -0.524353
v -5.616465 12.549858 -0.473421
v -2.474991 -3.899100 -0.891355
v -2.179388 -3.756286 -0.473176
v -2.408703 -4.148890 -0.515090
v 2.332637 -3.523322 1.704487
v 2.296567 -2.778089 1.106945
v 1.932730 -2.778089 1.434960
v 1.764584 -2.166652 0.849360
v 1.932730 -2.778089 1.434960
v 1.974888 -2.166652 0.555218
v 1.764584 -2.166652 0.849360
v 5.835757 11.023833 -0.604286
v 6.130140 12.286914 -0.574067
v 5.621305 11.139595 -0.527278
v -4.764261 13.634312 -0.512654
v -3.933508 12.259862 -0.496815
v -4.084839 13.298973 -0.575773
v -2.957751 -9.854761 -5.579325
v -2.290025 -8.722060 -4.033564
v -2.377508 -9.819923 -3.975808
v 2.480557 -4.195185 0.185045
v 2.203233 -3.756286 0.097073
v 2.384544 -4.155211 -0.299420
v 4.097720 10.543753 -0.731005
v 4.094553 11.585071 -0.777553
v 4.830514 10.970241 -0.773652
v 3.608139 10.680964 -0.691284
v 3.516263 11.391569 -0.729056
v 5.430737 -0.120340 -0.345966
v 4.407703 -1.338334 0.172617
v 4.296578 -1.227453 0.141669
v -2.360938 -4.155211 -0.076438
v -2.408703 -4.148890 -0.515090
v -2.179388 -3.756286 -0.473176
v 7.507751 2.774998 -0.269934
v 7.221165 1.076435 -0.638158
v 7.665908 2.765725 -0.293329
v 2.497372 -3.410001 -1.045127
v 3.124647 -3.485789 -1.323915
v 2.856822 -3.796005 -1.204749
v 3.303763 11.321871 -0.753426
v 3.360301 11.942581 -0.764878
v 3.548434 11.548513 -0.816786
v 1.800403 -3.523322 2.021047
v 1.932730 -2.778089 1.434960
v 1.489206 -2.778089 1.704487
v 1.489206 -2.778089 1.704487
v 1.195311 -3.523322 2.256213
v 1.764584 -2.166652 0.849360
v 1.481409 -2.166652 1.106944
v 1.320078 -1.712159 0.352464
v 1.974888 -2.166652 0.555218
v -7.476835 1.015522 -0.685920
v -7.618178 2.774998 -0.269934
v -7.776092 2.765725 -0.293329
v -1.310369 8.707279 4.632974
v -1.459510 9.657449 5.151803
v -1.281609 9.321877 4.379288
v -1.310369 8.707279 4.632974
v -1.575754 8.996300 5.756166
v -2.516906 -2.778089 -1.298816
v -1.984184 -2.166652 -1.040984
v -2.337790 -2.778089 -1.460872
v -2.194738 -2.166652 -0.746845
v -2.785944 -2.778089 -0.924500
v -2.324142 -2.166652 -0.428092
v -2.324142 -2.166652 -0.428092
v -2.951168 -2.778089 -0.518259
v -2.337790 -2.778089 -1.460872
v -1.844793 -2.166652 -1.168439
v -2.154044 -2.778090 -1.626831
v -1.701253 -2.166652 -1.298816
v -1.933008 -2.778090 -1.761350
v -1.844793 -2.166652 -1.168439
v -2.951168 -2.778089 -0.518259
v -2.367521 -2.166652 -0.095934
v -3.007218 -2.778089 -0.095934
v -2.951168 -2.778089 0.326632
v -3.007218 -2.778089 -0.095934
v 3.934199 -6.362860 -0.896718
v 2.063109 -3.968055 -1.322454
v 2.746186 -3.967334 0.084887
v -3.414434 11.320918 -0.753426
v -3.658862 11.548281 -0.816786
v -3.470729 11.942326 -0.764878
v 5.621305 11.139595 -0.527278
v 6.130140 12.286914 -0.574067
v 5.649333 12.486505 -0.481706
v 5.649333 12.486505 -0.481706
v 5.500430 14.012274 -0.524353
v 4.521995 12.289843 -0.446128
v 1.008881 -6.681604 8.654193
v 0.396229 -5.413411 8.654192
v 0.941378 -6.649672 8.860116
v -2.508620 -3.433637 0.700463
v -3.016236 -3.697557 0.926368
v -2.667266 -3.900076 0.692175
v -1.700765 -2.166652 1.106944
v -1.708568 -2.778089 1.704487
v -1.355938 -2.166652 1.318475
v -4.873195 -8.282441 -3.549343
v -5.374234 -8.512988 -5.200623
v -5.660331 -9.140252 -5.102658
v 3.983917 -2.668673 0.148734
v 4.321922 -2.869471 -0.367167
v 3.688802 -2.455672 -0.366193
v -1.708568 -2.778089 1.704487
v -1.700765 -2.166652 1.106944
v -2.152580 -2.778089 1.434960
v -4.562968 10.809625 -0.763417
v -3.681527 10.764562 -0.700786
v -4.330486 10.311996 -0.703224
v -3.941793 11.364285 -0.761956
v -3.657886 11.561923 -0.731981
v -3.894760 12.336138 -0.735392
v -5.895497 10.842533 -0.679585
v -5.883801 11.103525 -0.764878
v -5.537023 10.584702 -0.753426
v -0.535417 -2.166652 1.572648
v -0.109678 -2.778089 2.069300
v -0.109678 -2.166652 1.605304
v -5.833358 10.808161 -0.614520
v -5.984933 11.136179 -0.592831
v -5.895497 10.842533 -0.679585
v 7.221165 1.076435 -0.638158
v 7.087130 -0.085735 -1.070230
v 7.355443 0.940710 -0.710047
v -4.076066 -7.536743 1.570944
v -1.231409 -3.963918 1.711799
v -3.009171 -3.965615 -0.092279
v -0.109678 -2.778089 2.069300
v 0.315567 -2.166652 1.572648
v -0.109678 -2.166652 1.605304
v -4.517643 -1.338334 0.172617
v -5.667884 -0.217834 -0.330856
v -5.541409 -0.120340 -0.345966
v -4.407006 -1.227453 0.141669
v -1.231409 -3.963918 1.711799
v -0.106756 -7.145836 2.888605
v 1.666131 -3.968055 1.374037
v 1.489206 -2.778089 1.704487
v 1.481409 -2.166652 1.106944
v 1.136088 -2.166652 1.318475
v 1.647120 8.384631 6.855476
v 1.768970 9.403522 7.088205
v 1.836717 8.162869 7.842688
v 1.712432 7.256555 7.328489
v 1.647120 8.384631 6.855476
v 1.481409 -2.166652 1.106944
v 1.489206 -2.778089 1.704487
v 1.932730 -2.778089 1.434960
v 1.481897 -2.166652 -1.298816
v 1.934682 -2.778090 -1.626831
v 1.713646 -2.778090 -1.761350
v 1.624699 -2.166652 -1.168439
v 1.624699 -2.166652 -1.168439
v 2.117940 -2.778089 -1.460872
v 1.764822 -2.166652 -1.040984
v 2.297055 -2.778089 -1.298816
v 2.117940 -2.778089 -1.460872
v 1.974888 -2.166652 -0.746845
v 2.566094 -2.778089 -0.924500
v 2.104292 -2.166652 -0.428092
v 2.104292 -2.166652 -0.428092
v 2.731806 -2.778089 -0.518259
v 2.148158 -2.166652 -0.095934
v 2.731806 -2.778089 -0.518259
v 2.787368 -2.778089 -0.095934
v 2.731806 -2.778089 0.326632
v 2.787368 -2.778089 -0.095934
v 5.264050 -8.512988 -5.200623
v 4.762523 -8.282441 -3.549343
v 5.549903 -9.140252 -5.102658
v 3.599854 11.938421 -0.507538
v 4.576825 13.713260 -0.525814
v 3.846472 13.004352 -0.553107
v -3.356676 11.864098 -0.610134
v -3.498019 12.461149 -0.650587
v -3.615971 12.405348 -0.568948
v -4.857357 12.816475 -0.459529
v -3.933508 12.259862 -0.496815
v -4.764261 13.634312 -0.512654
v 4.611430 10.610291 -0.064743
v 4.732793 11.684262 -0.048658
v 5.747786 11.203437 -0.203650
v -5.672027 11.182497 -0.511925
v -5.202672 11.294842 -0.459285
v -6.124812 12.154094 -0.542387
v 2.498836 -3.899100 0.515253
v 2.203233 -3.756286 0.097073
v 2.480557 -4.195185 0.185045
v 4.521995 12.289843 -0.446128
v 4.576825 13.713260 -0.525814
v 3.599854 11.938421 -0.507538
v 5.426839 10.584702 -0.753426
v 5.773129 11.103525 -0.764878
v 5.575736 10.581774 -0.678856
v 5.575736 10.581774 -0.678856
v 5.773129 11.103525 -0.764878
v 5.858666 10.979002 -0.679585
v -0.636793 -3.873744 8.654192
v -0.682850 -4.005100 9.040695
v 0.396229 -5.413411 8.654192
v 3.532346 -6.183001 1.197601
v 2.746186 -3.967334 0.084887
v 1.666131 -3.968055 1.374037
v -2.127724 -3.690980 -0.149059
v -2.360938 -4.155211 -0.076438
v -2.179388 -3.756286 -0.473176
v -5.537023 10.584702 -0.753426
v -5.488525 10.912952 -0.816786
v -5.130783 10.451882 -0.788032
v 5.378098 10.912952 -0.816786
v 5.426839 10.584702 -0.753426
v 5.020355 10.451882 -0.788032
v -3.577467 -10.872444 -3.804978
v -4.233491 -10.792752 -3.680693
v -3.790212 -10.628976 -3.671922
v 2.203233 -3.756286 0.097073
v 2.151325 -3.690980 -0.227043
v 2.384544 -4.155211 -0.299420
v 1.712432 7.256555 7.328489
v 1.836717 8.162869 7.842688
v 2.118184 4.950715 8.360053
v -3.681527 10.764562 -0.700786
v -4.562968 10.809625 -0.763417
v -3.941793 11.364285 -0.761956
v -2.179388 -3.756286 -0.473176
v -2.474991 -3.899100 -0.891355
v -2.348754 -3.591789 -0.892332
v -4.520321 11.729581 -0.438327
v -4.857357 12.816475 -0.459529
v -5.616465 12.549858 -0.473421
v 3.684415 -10.629231 -3.671190
v 4.127939 -10.790800 -3.679719
v 3.471182 -10.872444 -3.804004
v 4.951144 11.265350 -0.449538
v 5.649333 12.486505 -0.481706
v 4.521995 12.289843 -0.446128
v 3.846472 13.004352 -0.553107
v 3.261604 11.919178 -0.604286
v 3.599854 11.938421 -0.507538
v 3.387592 12.460917 -0.650587
v 3.186299 11.746152 -0.679585
v 3.261604 11.919178 -0.604286
v -5.202672 11.294842 -0.459285
v -5.616465 12.549858 -0.473421
v -6.124812 12.154094 -0.542387
v -4.520321 11.729581 -0.438327
v 0.396229 -5.413411 8.654192
v -0.682850 -4.005100 9.040695
v 0.337500 -5.483598 8.971240
v -3.933508 12.259862 -0.496815
v -4.857357 12.816475 -0.459529
v -4.520321 11.729581 -0.438327
v 2.794195 -10.041430 -6.267032
v 2.750084 -10.507126 -6.967170
v 3.113922 -10.619726 -6.158345
v -2.367521 -2.166652 -0.095934
v -2.951168 -2.778089 0.326632
v -2.324142 -2.166652 0.235979
v -2.324142 -2.166652 0.235979
v -1.658851 -1.712159 -0.095934
v -2.324142 -2.166652 0.235979
v -1.628876 -1.712159 0.132652
v -2.785944 -2.778089 0.732628
v -2.194738 -2.166652 0.555218
v -2.516418 -2.778089 1.106945
v -2.194738 -2.166652 0.555218
v -2.194738 -2.166652 0.555218
v -1.539440 -1.712159 0.352464
v -2.194738 -2.166652 0.555218
v -2.324142 -2.166652 0.235979
v -1.355938 -2.166652 1.318475
v -1.203631 -2.778089 1.904562
v -0.962370 -2.166652 1.475657
v -0.962370 -1.712159 0.878359
v -1.355938 -2.166652 1.318475
v -0.962370 -2.166652 1.475657
v -0.657262 -2.778089 2.027627
v -0.535417 -2.166652 1.572648
v -0.691135 -1.712159 0.986805
v -4.084839 13.298973 -0.575773
v -3.933508 12.259862 -0.496815
v -3.615971 12.405348 -0.568948
v -3.596228 11.403028 -0.520210
v 2.497372 -3.410001 -1.045127
v 2.607282 -3.794540 -1.045371
v 2.288038 -3.817456 -0.689090
v 0.437905 -2.778089 2.027627
v 0.742520 -2.166652 1.475657
v 0.315567 -2.166652 1.572648
v 0.471779 -1.712159 0.986805
v 3.303763 11.321871 -0.753426
v 3.548434 11.548513 -0.816786
v 3.536732 10.966336 -0.788032
v -0.247611 -7.254532 5.185677
v -0.307072 -6.620435 3.916511
v -0.575141 -7.481407 4.868385
v -0.087751 -9.033764 6.278895
v -0.247611 -7.254532 5.185677
v -3.053031 -2.911885 -1.159421
v -2.685051 -3.157283 -1.127986
v -3.184143 -3.413650 -1.336099
v 0.984269 -2.778089 1.904562
v 1.136088 -2.166652 1.318475
v 0.742520 -2.166652 1.475657
v 0.742520 -1.712159 0.878359
v 1.136088 -2.166652 1.318475
v 3.586938 -3.045658 0.822067
v 3.833068 -2.811974 0.540841
v 3.324964 -2.673785 0.600790
v -3.414434 11.320918 -0.753426
v -3.647166 10.966081 -0.788032
v -3.658862 11.548281 -0.816786
v 2.262938 6.596638 7.217853
v 3.642983 6.844708 6.817704
v 3.655660 7.048923 7.093567
v -0.109678 -1.712159 -1.267621
v -0.109678 -2.166652 -1.797173
v -0.397240 -1.712159 -1.245447
v -5.537023 10.584702 -0.753426
v -5.883801 11.103525 -0.764878
v -5.488525 10.912952 -0.816786
v -5.054751 10.228656 -0.728568
v -5.130783 10.451882 -0.788032
v -0.397240 -1.712159 -1.245447
v -0.535661 -2.166652 -1.764273
v -0.691135 -1.712159 -1.178429
v -0.691135 -1.712159 -1.178429
v -0.962858 -2.166652 -1.667528
v -0.962370 -1.712159 -1.070230
v -3.223379 -10.618982 -6.159077
v -2.860512 -10.507126 -6.967170
v -2.904135 -10.039966 -6.267520
v 0.177396 -1.712159 -1.245447
v -0.109678 -2.166652 -1.797173
v -0.109678 -1.712159 -1.267621
v -1.792153 6.389494 7.373085
v -2.814943 6.798157 7.281456
v -2.803735 6.601007 7.000233
v 3.983917 -2.668673 0.148734
v 3.688802 -2.455672 -0.366193
v 3.587664 -2.441310 0.009584
v -2.508620 -3.433637 0.700463
v -2.667266 -3.900076 0.692175
v -2.264437 -3.817456 0.313231
v 5.378098 10.912952 -0.816786
v 5.773129 11.103525 -0.764878
v 5.426839 10.584702 -0.753426
v 5.020355 10.451882 -0.788032
v 4.944561 10.228656 -0.728568
v 0.471779 -1.712159 -1.178429
v 0.315811 -2.166652 -1.764273
v 0.177396 -1.712159 -1.245447
v 2.731806 -2.778089 0.326632
v 2.148158 -2.166652 -0.095934
v 2.104292 -2.166652 0.235979
v 1.439494 -1.712159 -0.095934
v 2.104292 -2.166652 0.235979
v 2.104292 -2.166652 0.235979
v 1.409032 -1.712159 0.132652
v 1.974888 -2.166652 0.555218
v 1.320078 -1.712159 0.352464
v 1.974888 -2.166652 0.555218
v 2.104292 -2.166652 0.235979
v 2.566094 -2.778089 0.732628
v 1.974888 -2.166652 0.555218
v 1.974888 -2.166652 0.555218
v 2.296567 -2.778089 1.106945
v 3.506032 11.133506 -0.115919
v 3.630555 12.206245 -0.199995
v 4.732793 11.684262 -0.048658
v 2.897035 -8.860970 -5.637082
v 2.850490 -9.861339 -5.578105
v 2.177401 -8.726708 -4.034296
v -3.564063 -2.441054 0.009584
v -3.870874 -2.571689 -0.319648
v -3.960310 -2.668673 0.148734
v -4.894885 10.273511 -0.691284
v -4.562968 10.809625 -0.763417
v -4.330486 10.311996 -0.703224
v -3.053031 -2.911885 -1.159421
v -3.496073 -3.115845 -1.250806
v -3.761701 -2.863150 -1.003701
v 0.743008 -2.166652 -1.667528
v 0.471779 -1.712159 -1.178429
v 0.742520 -1.712159 -1.070230
v -1.701253 -2.166652 -1.298816
v -1.199976 -1.712159 -0.924500
v -1.528721 -2.166652 -1.404578
v -1.081048 -1.712159 -0.997365
v -1.701253 -2.166652 -1.298816
v -1.298429 -1.712159 -0.834576
v -1.528721 -2.166652 -1.404578
v -1.356426 -2.166652 -1.510587
v -0.962370 -1.712159 -1.070230
v -0.962858 -2.166652 -1.667528
v -0.535661 -2.166652 -1.764273
v -0.691135 -1.712159 -1.178429
v -0.109678 -2.166652 -1.797173
v -0.397240 -1.712159 -1.245447
v 3.186299 11.746152 -0.679585
v 3.360301 11.942581 -0.764878
v 3.303763 11.321871 -0.753426
v 2.203233 -3.756286 0.097073
v 2.498836 -3.899100 0.515253
v 2.313382 -3.543774 0.445802
v 0.980126 -1.712159 -0.924500
v 1.481897 -2.166652 -1.298816
v 1.309358 -2.166652 -1.404578
v 0.861204 -1.712159 -0.997365
v 1.481897 -2.166652 -1.298816
v 1.078823 -1.712159 -0.834576
v 1.136576 -2.166652 -1.510587
v 1.309358 -2.166652 -1.404578
v 0.742520 -1.712159 -1.070230
v 0.743008 -2.166652 -1.667528
v 0.315811 -2.166652 -1.764273
v 0.471779 -1.712159 -1.178429
v -0.109678 -2.166652 -1.797173
v 0.177396 -1.712159 -1.245447
v 2.498836 -3.899100 0.515253
v 2.734978 -3.671714 0.790872
v 2.313382 -3.543774 0.445802
v 1.469951 8.872497 5.756166
v 1.200180 9.222942 4.419985
v 1.570356 9.733236 5.881183
v -5.567241 -8.239306 -5.153590
v -5.828971 -8.395762 -5.824482
v -5.892818 -8.828572 -5.050262
v -1.658851 -1.712159 -0.095934
v -2.324142 -2.166652 -0.428092
v -2.367521 -2.166652 -0.095934
v -1.658851 -1.712159 -0.095934
v -1.628876 -1.712159 -0.324520
v -2.194738 -2.166652 -0.746845
v -2.324142 -2.166652 -0.428092
v -1.628876 -1.712159 -0.324520
v -1.539440 -1.712159 -0.544336
v -1.539440 -1.712159 -0.544336
v -1.984184 -2.166652 -1.040984
v -1.394930 -1.712159 -0.746845
v -1.844793 -2.166652 -1.168439
v -1.844793 -2.166652 -1.168439
v -1.298429 -1.712159 -0.834576
v 0.738865 -6.928234 4.039819
v 0.252207 -6.496144 4.225518
v 0.734967 -7.496513 5.042140
v 0.305091 -7.422190 5.404028
v 0.389164 -9.424158 6.506993
v -3.480717 -2.501503 -0.673736
v -3.777052 -2.651870 -0.713701
v -3.870874 -2.571689 -0.319648
v 5.736816 10.077336 -0.898669
v 5.783605 11.186634 -1.144069
v 5.006218 10.423366 -1.241793
v 5.561355 10.160421 -0.313554
v 5.747786 11.203437 -0.203650
v 6.192041 10.993388 -0.499738
v -3.008682 -8.858529 -5.636593
v -2.290025 -8.722060 -4.033564
v -2.957751 -9.854761 -5.579325
v 5.235045 -7.452659 -7.754795
v 5.785069 -7.828692 -7.960230
v 4.959186 -7.534536 -8.156404
v 4.521995 12.289843 -0.446128
v 3.599854 11.938421 -0.507538
v 4.062627 11.319942 -0.460261
v -1.539440 -1.712159 0.352464
v -1.984184 -2.166652 0.849360
v -1.394930 -1.712159 0.555218
v 5.621305 11.139595 -0.527278
v 5.649333 12.486505 -0.481706
v 4.951144 11.265350 -0.449538
v 5.292072 10.615170 -0.543604
v 4.951144 11.265350 -0.449538
v -0.871471 6.607352 7.424261
v -0.871471 6.401672 7.149618
v -0.037789 6.320283 7.424749
v -5.345235 -7.452659 -7.754795
v -5.069613 -7.534536 -8.156404
v -5.897932 -7.815770 -7.941222
v -1.700765 -2.166652 1.106944
v -1.394930 -1.712159 0.555218
v -1.984184 -2.166652 0.849360
v -1.394930 -1.712159 0.555218
v -1.700765 -2.166652 1.106944
v -1.199976 -1.712159 0.732628
v -1.355938 -2.166652 1.318475
v -1.199976 -1.712159 0.732628
v -1.700765 -2.166652 1.106944
v -1.199976 -1.712159 0.732628
v -1.355938 -2.166652 1.318475
v -0.962370 -1.712159 0.878359
v -0.348743 -9.314742 5.654792
v 0.022160 -9.416349 7.034351
v -0.087751 -9.033764 6.278895
v 5.736816 10.077336 -0.898669
v 5.810901 10.042476 -0.625243
v 6.249550 10.966081 -0.770485
v -0.109678 -2.166652 1.605304
v -0.397240 -1.712159 1.053334
v -0.535417 -2.166652 1.572648
v -0.397240 -1.712159 1.053334
v -0.109678 -2.166652 1.605304
v -0.109678 -1.712159 1.075753
v 1.439494 -1.712159 -0.095934
v 2.148158 -2.166652 -0.095934
v 2.104292 -2.166652 -0.428092
v 1.439494 -1.712159 -0.095934
v 1.409032 -1.712159 -0.324520
v 2.104292 -2.166652 -0.428092
v 1.974888 -2.166652 -0.746845
v 1.320078 -1.712159 -0.544336
v 1.409032 -1.712159 -0.324520
v 1.320078 -1.712159 -0.544336
v 1.764822 -2.166652 -1.040984
v 1.175080 -1.712159 -0.746845
v 1.624699 -2.166652 -1.168439
v 1.624699 -2.166652 -1.168439
v 1.078823 -1.712159 -0.834576
v 0.177396 -1.712159 1.053334
v -0.109678 -2.166652 1.605304
v 0.315567 -2.166652 1.572648
v -0.109678 -2.166652 1.605304
v 0.177396 -1.712159 1.053334
v -0.109678 -1.712159 1.075753
v -5.277727 -8.111856 -2.961062
v -4.951667 -7.485567 -2.288461
v -4.419678 -7.275240 -2.588695
v -5.277727 -8.111856 -2.961062
v -5.982986 -8.972827 -2.381310
v 4.951144 11.265350 -0.449538
v 4.521995 12.289843 -0.446128
v 4.062627 11.319942 -0.460261
v -4.009295 11.211734 -0.471957
v -3.933508 12.259862 -0.496815
v -4.520321 11.729581 -0.438327
v 0.980126 -1.712159 0.732628
v 1.136088 -2.166652 1.318475
v 1.481409 -2.166652 1.106944
v 1.136088 -2.166652 1.318475
v 0.980126 -1.712159 0.732628
v 0.742520 -1.712159 0.878359
v 7.039127 0.726013 -1.517896
v 7.239687 -0.081598 -1.115799
v 7.087130 -0.085735 -1.070230
v 1.764584 -2.166652 0.849360
v 1.320078 -1.712159 0.352464
v 1.175080 -1.712159 0.555218
v 1.175080 -1.712159 0.555218
v 1.481409 -2.166652 1.106944
v 1.764584 -2.166652 0.849360
v 1.481409 -2.166652 1.106944
v 1.175080 -1.712159 0.555218
v 0.980126 -1.712159 0.732628
v -3.295756 11.411812 -0.678856
v -3.470729 11.942326 -0.764878
v -3.325487 11.898703 -0.679585
v -3.883546 -7.125617 -2.874549
v -4.419678 -7.275240 -2.588695
v -3.959584 -6.579974 -2.251178
v -7.349627 -0.081598 -1.115799
v -7.149555 0.726013 -1.517896
v -7.197320 -0.085735 -1.070230
v -4.419678 -7.275240 -2.588695
v -4.327320 -6.595592 -1.995052
v -3.959584 -6.579974 -2.251178
v -2.685051 -3.157283 -1.127986
v -2.348754 -3.591789 -0.892332
v -2.711371 -3.671714 -1.166489
v -2.508620 -3.433637 0.700463
v -3.004296 -2.901404 0.766016
v -3.016236 -3.697557 0.926368
v -3.563087 -3.045658 0.822067
v -3.336451 -3.391711 0.969991
v -3.016236 -3.697557 0.926368
v -3.004296 -2.901404 0.766016
v -4.428939 -5.545488 0.735310
v -4.533969 -5.894469 0.621748
v -4.305631 -5.941252 0.254256
v -3.596228 11.403028 -0.520210
v -3.933508 12.259862 -0.496815
v -4.009295 11.211734 -0.471957
v 4.830514 10.970241 -0.773652
v 4.867065 10.316157 -0.700786
v 4.097720 10.543753 -0.731005
v 4.323869 10.123631 -0.645468
v 3.401240 -2.738371 -1.046347
v 3.333493 -3.097810 -1.251782
v 2.896791 -3.007892 -1.143824
v 2.770554 -3.323965 0.841319
v 3.360301 -3.391711 0.969991
v 2.781767 -3.082959 0.761142
v -0.620954 1.094726 8.633235
v -0.042664 2.413120 8.108072
v -0.629239 0.794736 8.188491
v 5.006218 10.423366 -1.241793
v 4.574147 11.759306 -1.314899
v 3.771410 11.008007 -1.283951
v 4.557820 -5.894469 0.621748
v 4.452540 -5.545488 0.735310
v 4.329231 -5.941252 0.254256
v -3.480717 -2.501503 -0.673736
v -3.761701 -2.863150 -1.003701
v -3.777052 -2.651870 -0.713701
v -3.053031 -2.911885 -1.159421
v -3.761701 -2.863150 -1.003701
v 4.732305 -7.485567 -2.288461
v 5.058371 -8.111856 -2.961062
v 4.199828 -7.275240 -2.588695
v 5.058371 -8.111856 -2.961062
v 5.763136 -8.972827 -2.381310
v 3.548434 11.548513 -0.816786
v 3.780672 12.327120 -0.736612
v 3.516263 11.391569 -0.729056
v 3.751673 12.252309 -0.823854
v 4.189108 13.182259 -0.807769
v 4.250760 13.289723 -0.728083
v 4.199828 -7.275240 -2.588695
v 3.664190 -7.125617 -2.874549
v 3.739977 -6.579974 -2.251178
v 4.199828 -7.275240 -2.588695
v 3.739977 -6.579974 -2.251178
v 4.107957 -6.595592 -1.995052
v 3.130736 -9.382721 -0.200479
v 1.670273 -8.825644 -0.483410
v 1.958806 -9.458997 -0.427603
v 1.958806 -9.458997 -0.427603
v 2.558053 -9.668581 -0.311604
v 1.670273 -8.825644 -0.483410
v 3.130736 -9.382721 -0.200479
v 1.957829 -8.190083 -0.428091
v 1.957829 -8.190083 -0.428091
v 3.130736 -9.382721 -0.200479
v 2.558785 -7.979779 -0.311604
v 2.558785 -7.979779 -0.311604
v 3.130736 -9.382721 -0.200479
v 3.313750 -8.478383 -0.163195
v 5.906426 -8.686480 -5.768676
v 5.456813 -8.239306 -5.153590
v 5.782629 -8.828572 -5.050262
v 1.966359 4.656070 7.837569
v 2.118184 4.950715 8.360053
v 2.054580 3.474169 8.489213
v 1.712432 7.256555 7.328489
v 1.857918 3.094720 8.004257
v 2.054580 3.474169 8.489213
v 1.857918 3.094720 8.004257
v 1.755566 2.041223 8.576211
v 1.016190 0.320489 8.632018
v 1.527222 1.791921 8.105392
v -0.962370 -1.712159 0.878359
v -0.962370 -2.166652 1.475657
v -0.691135 -1.712159 0.986805
v -0.535417 -1.432412 0.400718
v -3.241164 -9.382977 -0.200479
v -2.068989 -9.458997 -0.427603
v -1.780701 -8.825644 -0.483166
v -2.068989 -9.458997 -0.427603
v -2.668481 -9.668581 -0.311604
v -3.241164 -9.382977 -0.200479
v -2.068019 -8.190083 -0.428091
v -2.668725 -7.979779 -0.311604
v -3.241164 -9.382977 -0.200479
v -2.668725 -7.979779 -0.311604
v -3.423208 -8.478615 -0.162951
v -0.691135 -1.712159 0.986805
v -0.535417 -2.166652 1.572648
v -0.397240 -1.712159 1.053334
v -0.397240 -1.432412 0.456036
v -2.068019 -8.190083 -0.428091
v -3.241164 -9.382977 -0.200479
v -1.780701 -8.825644 -0.483166
v 3.587664 -2.441310 0.009584
v 3.833068 -2.811974 0.540841
v 3.983917 -2.668673 0.148734
v -3.809467 -2.811974 0.540841
v -3.563087 -3.045658 0.822067
v -3.334260 -2.566321 0.426550
v 2.750084 -10.507126 -6.967170
v 2.794195 -10.041430 -6.267032
v 2.409156 -9.725846 -7.119480
v -3.564063 -2.441054 0.009584
v -3.809467 -2.811974 0.540841
v -3.334260 -2.566321 0.426550
v -3.809467 -2.811974 0.540841
v -3.564063 -2.441054 0.009584
v -3.960310 -2.668673 0.148734
v 0.315567 -2.166652 1.572648
v 0.471779 -1.712159 0.986805
v 0.177396 -1.712159 1.053334
v 0.177396 -1.432412 0.456036
v -4.804717 10.729213 -0.477563
v -4.520321 11.729581 -0.438327
v -5.202672 11.294842 -0.459285
v -3.356676 11.864098 -0.610134
v -3.615971 12.405348 -0.568948
v -3.596228 11.403028 -0.520210
v 0.742520 -2.166652 1.475657
v 0.742520 -1.712159 0.878359
v 0.471779 -1.712159 0.986805
v 0.315567 -1.432412 0.400718
v 5.385406 10.919530 -0.729788
v 5.781903 11.962313 -0.734175
v 5.662731 11.587255 -0.823854
v -0.109678 -1.432412 -0.693476
v -0.109678 -1.712159 -1.267621
v -0.247123 -1.432412 -0.681778
v 0.027761 -1.432412 -0.681778
v -0.109678 -1.712159 -1.267621
v -0.109678 -1.432412 -0.693476
v -0.109678 -1.712159 -1.267621
v -0.397240 -1.712159 -1.245447
v -0.247123 -1.432412 -0.681778
v -0.691135 -1.712159 -1.178429
v -0.397240 -1.432412 -0.647660
v -0.247123 -1.432412 -0.681778
v -0.397240 -1.712159 -1.245447
v -0.397240 -1.432412 -0.647660
v -0.397240 -1.432412 -0.647660
v -0.691135 -1.712159 -1.178429
v -0.535417 -1.432412 -0.592830
v -0.109678 -1.712159 -1.267621
v 0.027761 -1.432412 -0.681778
v 0.177396 -1.712159 -1.245447
v 0.177396 -1.432412 -0.647660
v 0.471779 -1.712159 -1.178429
v 0.177396 -1.432412 -0.647660
v 0.177396 -1.712159 -1.245447
v 0.027761 -1.432412 -0.681778
v -0.037789 6.320283 7.424749
v 1.347862 6.657063 6.958072
v 1.392699 6.865671 7.230768
v -0.962370 -1.712159 -1.070230
v -0.535417 -1.432412 -0.592830
v -0.691135 -1.712159 -1.178429
v -0.962370 -1.712159 -1.070230
v -0.595854 -1.432412 -0.555299
v -1.081048 -1.712159 -0.997365
v -0.656291 -1.432412 -0.518260
v -1.199976 -1.712159 -0.924500
v -0.656291 -1.432412 -0.518260
v -0.706735 -1.432412 -0.472444
v -1.298429 -1.712159 -0.834576
v -1.199976 -1.712159 -0.924500
v -0.755959 -1.432412 -0.428092
v -1.394930 -1.712159 -0.746845
v -1.298429 -1.712159 -0.834576
v -0.829556 -1.432412 -0.324520
v -0.755959 -1.432412 -0.428092
v 0.040439 -9.754848 7.231258
v 0.107697 -9.547706 8.170217
v 0.112572 -9.509684 8.163148
v 0.471779 -1.712159 -1.178429
v 0.177396 -1.432412 -0.647660
v 0.315567 -1.432412 -0.592830
v -2.904135 -10.039966 -6.267520
v -2.860512 -10.507126 -6.967170
v -2.519584 -9.725846 -7.119480
v -1.792153 6.389494 7.373085
v -0.871471 6.401672 7.149618
v -0.871471 6.607352 7.424261
v -1.539440 -1.712159 -0.544336
v -0.829556 -1.432412 -0.324520
v -1.394930 -1.712159 -0.746845
v 1.264033 -9.409053 -1.058531
v 1.670273 -8.825644 -0.483410
v 1.173378 -8.620453 -1.080708
v 2.288038 -3.817456 -0.689090
v 2.384544 -4.155211 -0.299420
v 2.151325 -3.690980 -0.227043
v 2.237350 -3.440935 -0.553594
v -5.773164 11.587511 -0.823854
v -5.708341 11.369886 -0.740755
v -5.488525 10.912952 -0.816786
v 3.360301 -3.391711 0.969991
v 3.324964 -2.673785 0.600790
v 2.781767 -3.082959 0.761142
v -0.890481 -1.432412 -0.095934
v -1.628876 -1.712159 -0.324520
v -1.658851 -1.712159 -0.095934
v 2.734978 -3.671714 0.790872
v 2.770554 -3.323965 0.841319
v 2.313382 -3.543774 0.445802
v -2.309274 -2.918950 8.653948
v -2.140884 -2.627001 8.259895
v -2.204732 -3.414370 8.264525
v 3.688802 -2.455672 -0.366193
v 3.800903 -2.651870 -0.713460
v 3.357861 -2.566321 -0.802408
v 0.471779 -1.712159 -1.178429
v 0.315567 -1.432412 -0.592830
v 0.742520 -1.712159 -1.070230
v 0.742520 -1.712159 -1.070230
v 0.376004 -1.432412 -0.555299
v 0.861204 -1.712159 -0.997365
v 0.436929 -1.432412 -0.518260
v 0.436929 -1.432412 -0.518260
v 0.980126 -1.712159 -0.924500
v 0.486885 -1.432412 -0.472444
v 1.078823 -1.712159 -0.834576
v 0.980126 -1.712159 -0.924500
v 0.536114 -1.432412 -0.428092
v 1.175080 -1.712159 -0.746845
v 1.078823 -1.712159 -0.834576
v 0.536114 -1.432412 -0.428092
v 0.610194 -1.432412 -0.324520
v -1.628876 -1.712159 -0.324520
v -0.890481 -1.432412 -0.095934
v -0.875125 -1.432412 -0.212422
v -1.628876 -1.712159 0.132652
v -1.658851 -1.712159 -0.095934
v -0.890481 -1.432412 -0.095934
v -1.628876 -1.712159 0.132652
v -0.875125 -1.432412 0.020795
v -1.539440 -1.712159 0.352464
v -0.875125 -1.432412 0.020795
v -1.628876 -1.712159 0.132652
v 3.833068 -2.811974 0.540841
v 3.587664 -2.441310 0.009584
v 3.324964 -2.673785 0.600790
v 0.610194 -1.432412 -0.324520
v 1.320078 -1.712159 -0.544336
v 1.175080 -1.712159 -0.746845
v -0.875125 -1.432412 0.020795
v -1.539440 -1.712159 0.352464
v -0.829556 -1.432412 0.132652
v -1.394930 -1.712159 0.555218
v -0.829556 -1.432412 0.132652
v -1.394930 -1.712159 0.555218
v -0.755959 -1.432412 0.235979
v -2.665558 -6.627013 -2.938156
v -3.308428 -7.178977 -3.103135
v -3.109814 -6.595592 -2.725652
v -3.308428 -7.178977 -3.103135
v -3.560165 -6.572188 -2.513149
v -3.883546 -7.125617 -2.874549
v -3.560165 -6.572188 -2.513149
v -3.959584 -6.579974 -2.251178
v -1.199976 -1.712159 0.732628
v -0.755959 -1.432412 0.235979
v -1.394930 -1.712159 0.555218
v -0.962370 -1.712159 0.878359
v -0.656291 -1.432412 0.326632
v 3.324964 -2.673785 0.600790
v 3.360301 -3.391711 0.969991
v 3.586938 -3.045658 0.822067
v 1.392699 6.865671 7.230768
v 1.347862 6.657063 6.958072
v 2.262938 6.596638 7.217853
v -0.109678 -1.712159 1.075753
v 0.027761 -1.432412 0.490153
v -0.109678 -1.432412 0.501605
v 0.027761 -1.432412 0.490153
v -0.109678 -1.712159 1.075753
v 0.177396 -1.712159 1.053334
v -0.109678 -1.712159 1.075753
v -0.247123 -1.432412 0.490153
v -0.397240 -1.712159 1.053334
v -0.247123 -1.432412 0.490153
v -0.109678 -1.712159 1.075753
v -0.109678 -1.432412 0.501605
v 4.951144 11.265350 -0.449538
v 4.062627 11.319942 -0.460261
v 4.694533 10.728724 -0.477563
v -3.563087 -3.045658 0.822067
v -3.004296 -2.901404 0.766016
v -3.334260 -2.566321 0.426550
v -5.076434 -5.199946 1.046998
v -5.368383 -4.646750 0.861788
v -5.533124 -4.970632 0.988023
v 0.670631 -1.432412 -0.095934
v 1.439494 -1.712159 -0.095934
v 1.409032 -1.712159 -0.324520
v 5.100285 -5.199946 1.046998
v 5.556725 -4.970632 0.988023
v 5.392233 -4.646750 0.861788
v 4.062627 11.319942 -0.460261
v 3.599854 11.938421 -0.507538
v 3.731204 10.957807 -0.502419
v -4.196452 10.165558 -0.665208
v -4.444778 10.105853 -0.667889
v -3.962994 10.274487 -0.671300
v 0.670631 -1.432412 -0.095934
v 1.409032 -1.712159 -0.324520
v 0.655281 -1.432412 -0.212422
v 1.409032 -1.712159 0.132652
v 1.439494 -1.712159 -0.095934
v 5.810901 10.042476 -0.625243
v 6.192041 10.993388 -0.499738
v 6.249550 10.966081 -0.770485
v 1.409032 -1.712159 0.132652
v 0.670631 -1.432412 -0.095934
v 0.655281 -1.432412 0.020795
v 0.655281 -1.432412 0.020795
v 1.320078 -1.712159 0.352464
v 1.409032 -1.712159 0.132652
v -4.804717 10.729213 -0.477563
v -5.202672 11.294842 -0.459285
v -5.672027 11.182497 -0.511925
v -4.009295 11.211734 -0.471957
v -4.520321 11.729581 -0.438327
v -4.804717 10.729213 -0.477563
v 1.200180 9.222942 4.419985
v 1.469951 8.872497 5.756166
v 1.171181 8.608344 4.673671
v 2.445708 -6.627013 -2.938156
v 2.889970 -6.595592 -2.725652
v 3.088334 -7.178977 -3.103135
v 3.088334 -7.178977 -3.103135
v 3.340314 -6.572188 -2.513149
v 3.664190 -7.125617 -2.874549
v 3.340314 -6.572188 -2.513149
v 3.739977 -6.579974 -2.251178
v 1.320078 -1.712159 0.352464
v 0.655281 -1.432412 0.020795
v 0.610194 -1.432412 0.132652
v 1.175080 -1.712159 0.555218
v 0.536114 -1.432412 0.235979
v 0.610194 -1.432412 0.132652
v 1.175080 -1.712159 0.555218
v 0.536114 -1.432412 0.235979
v 0.980126 -1.712159 0.732628
v 1.175080 -1.712159 0.555218
v 0.436929 -1.432412 0.326632
v 0.742520 -1.712159 0.878359
v -5.833358 10.808161 -0.614520
v -5.401286 10.614915 -0.543116
v -5.984933 11.136179 -0.592831
v 4.097720 10.543753 -0.731005
v 4.323869 10.123631 -0.645468
v 4.046788 10.319806 -0.688358
v -3.115909 -2.638460 -0.854316
v -3.053031 -2.911885 -1.159421
v -3.480717 -2.501503 -0.673736
v -0.055336 -1.358088 2.959032
v 1.501634 -1.246231 2.684386
v 1.540870 -1.357832 2.786008
v -3.414434 11.320918 -0.753426
v -3.470729 11.942326 -0.764878
v -3.295756 11.411812 -0.678856
v -3.454159 10.924178 -0.717360
v -3.647166 10.966081 -0.788032
v -2.140884 -2.627001 8.259895
v -1.888416 -1.503806 8.653219
v -1.777773 -1.522561 8.248440
v -0.629239 0.794736 8.188491
v -1.608895 -1.246231 2.685606
v -0.055336 -1.358088 2.959032
v -1.654708 -1.357600 2.784544
v -3.681527 10.764562 -0.700786
v -3.657886 11.561923 -0.731981
v -3.647166 10.966081 -0.788032
v -3.894760 12.336138 -0.735392
v -3.862101 12.252309 -0.823854
v -4.353152 13.277778 -0.724425
v -4.299536 13.182259 -0.807769
v -4.990659 14.252070 -0.762688
v -5.071077 14.359047 -0.689091
v 2.702319 11.514164 -0.612327
v 3.188739 12.415110 -0.512654
v 2.873393 11.433240 -0.386420
v -6.134074 -8.990374 -5.717744
v -6.559324 -9.009151 -6.193194
v -6.165024 -9.825036 -5.627820
v -6.312219 -8.241492 -6.322595
v 2.873393 11.433240 -0.386420
v 3.188739 12.415110 -0.512654
v 3.630555 12.206245 -0.199995
v -0.755959 -1.432412 0.235979
v -1.199976 -1.712159 0.732628
v -0.656291 -1.432412 0.326632
v -0.962370 -1.712159 0.878359
v -0.535417 -1.432412 0.400718
v -0.691135 -1.712159 0.986805
v -0.397240 -1.432412 0.456036
v -0.109678 -1.337846 -0.095934
v -0.247123 -1.432412 0.490153
v -0.397240 -1.432412 0.456036
v -0.397240 -1.712159 1.053334
v -0.247123 -1.432412 0.490153
v -0.109678 -1.432412 0.501605
v 1.501634 -1.246231 2.684386
v -0.055336 -1.358088 2.959032
v -0.055336 -1.241838 2.857165
v -1.608895 -1.246231 2.685606
v 0.980126 -1.712159 0.732628
v 0.536114 -1.432412 0.235979
v 0.436929 -1.432412 0.326632
v 0.742520 -1.712159 0.878359
v 0.315567 -1.432412 0.400718
v 0.471779 -1.712159 0.986805
v 0.177396 -1.432412 0.456036
v -0.109678 -1.337846 -0.095934
v 0.027761 -1.432412 0.490153
v 0.027761 -1.432412 0.490153
v -0.109678 -1.432412 0.501605
v 0.177396 -1.712159 1.053334
v 0.177396 -1.432412 0.456036
v -0.595854 -1.432412 -0.555299
v -0.109678 -1.337846 -0.095934
v -0.535417 -1.432412 -0.592830
v -0.656291 -1.432412 -0.518260
v -0.706735 -1.432412 -0.472444
v -0.755959 -1.432412 -0.428092
v -0.829556 -1.432412 -0.324520
v -0.875125 -1.432412 -0.212422
v -0.890481 -1.432412 -0.095934
v -0.875125 -1.432412 0.020795
v -0.109678 -1.337846 -0.095934
v -1.539440 -1.712159 -0.544336
v -0.829556 -1.432412 -0.324520
v -0.875125 -1.432412 -0.212422
v -1.628876 -1.712159 -0.324520
v -1.279419 -8.944798 -1.078759
v -1.780701 -8.825644 -0.483166
v -1.456588 -9.559652 -1.046347
v -1.350576 -8.304125 -1.067304
v 2.962103 -1.232077 2.004964
v 1.540870 -1.357832 2.786008
v 1.501634 -1.246231 2.684386
v -0.629239 0.794736 8.188491
v -1.888416 -1.503806 8.653219
v -0.620954 1.094726 8.633235
v -0.109678 -1.432412 -0.693476
v -0.109678 -1.337846 -0.095934
v 0.027761 -1.432412 -0.681778
v -0.109678 -1.432412 -0.693476
v -0.247123 -1.432412 -0.681778
v -0.109678 -1.337846 -0.095934
v -0.247123 -1.432412 -0.681778
v -0.397240 -1.432412 -0.647660
v -0.109678 -1.337846 -0.095934
v -0.397240 -1.432412 -0.647660
v -0.535417 -1.432412 -0.592830
v -0.109678 -1.337846 -0.095934
v -0.109678 -1.337846 -0.095934
v 0.376004 -1.432412 -0.555299
v 0.315567 -1.432412 -0.592830
v 0.436929 -1.432412 -0.518260
v 0.486885 -1.432412 -0.472444
v 0.536114 -1.432412 -0.428092
v 0.610194 -1.432412 -0.324520
v 0.655281 -1.432412 -0.212422
v 0.670631 -1.432412 -0.095934
v -0.109678 -1.337846 -0.095934
v 0.655281 -1.432412 0.020795
v 1.320078 -1.712159 -0.544336
v 0.610194 -1.432412 -0.324520
v 0.655281 -1.432412 -0.212422
v 1.409032 -1.712159 -0.324520
v 0.027761 -1.432412 -0.681778
v -0.109678 -1.337846 -0.095934
v 0.177396 -1.432412 -0.647660
v 0.177396 -1.432412 -0.647660
v -0.109678 -1.337846 -0.095934
v 0.315567 -1.432412 -0.592830
v -3.069608 -1.232821 2.006670
v -1.608895 -1.246231 2.685606
v -1.654708 -1.357600 2.784544
v 5.517488 10.566668 -0.614764
v 5.835757 11.023833 -0.604286
v 5.621305 11.139595 -0.527278
v 5.556725 -7.529423 -6.535586
v 6.413559 -8.404293 -7.363420
v 5.923246 -7.804313 -7.558133
v -0.875125 -1.432412 0.020795
v -0.829556 -1.432412 0.132652
v -0.109678 -1.337846 -0.095934
v -0.829556 -1.432412 0.132652
v -0.755959 -1.432412 0.235979
v -0.109678 -1.337846 -0.095934
v -0.755959 -1.432412 0.235979
v -0.656291 -1.432412 0.326632
v -0.109678 -1.337846 -0.095934
v -0.656291 -1.432412 0.326632
v -0.535417 -1.432412 0.400718
v -0.109678 -1.337846 -0.095934
v 3.599854 11.938421 -0.507538
v 3.261604 11.919178 -0.604286
v 3.236016 11.350388 -0.601604
v 0.655281 -1.432412 0.020795
v -0.109678 -1.337846 -0.095934
v 0.610194 -1.432412 0.132652
v 0.610194 -1.432412 0.132652
v -0.109678 -1.337846 -0.095934
v 0.536114 -1.432412 0.235979
v 0.536114 -1.432412 0.235979
v -0.109678 -1.337846 -0.095934
v 0.436929 -1.432412 0.326632
v 0.436929 -1.432412 0.326632
v -0.109678 -1.337846 -0.095934
v 0.315567 -1.432412 0.400718
v -3.423208 -8.478615 -0.162951
v -3.873314 -7.530143 -0.577964
v -4.274924 -8.016336 -0.499980
v -4.274924 -8.016336 -0.499980
v -4.463301 -8.616293 -0.465378
v 3.762881 -7.530143 -0.577964
v 3.313750 -8.478383 -0.163195
v 4.164496 -8.016336 -0.499980
v 4.164496 -8.016336 -0.499980
v 4.352873 -8.616293 -0.465378
v -1.459510 9.657449 5.151803
v -1.575754 8.996300 5.756166
v -1.584527 9.881163 6.145591
v -1.002826 8.161636 4.858393
v -1.310369 8.707279 4.632974
v 3.608139 10.680964 -0.691284
v 4.097720 10.543753 -0.731005
v 4.046788 10.319806 -0.688358
v -3.325487 11.898703 -0.679585
v -3.498019 12.461149 -0.650587
v -3.356676 11.864098 -0.610134
v -3.295756 11.411812 -0.678856
v -5.401286 10.614915 -0.543116
v -5.672027 11.182497 -0.511925
v -5.984933 11.136179 -0.592831
v -5.401286 10.614915 -0.543116
v -4.804717 10.729213 -0.477563
v -4.859059 10.269838 -0.560175
v -3.346200 11.350388 -0.601604
v -3.356676 11.864098 -0.610134
v -3.596228 11.403028 -0.520210
v -3.161722 -8.330457 -8.207824
v -2.906819 -8.883142 -8.221472
v -3.248723 -8.555147 -8.512688
v -3.306476 -2.436197 -0.331832
v -3.480717 -2.501503 -0.673736
v -3.564063 -2.441054 0.009584
v -3.564063 -2.441054 0.009584
v -3.870874 -2.571689 -0.319648
v 5.496287 -8.166448 -5.889550
v 5.456813 -8.239306 -5.153590
v 5.906426 -8.686480 -5.768676
v 1.527222 1.791921 8.105392
v 1.857918 3.094720 8.004257
v 1.755566 2.041223 8.576211
v 0.890934 0.344124 8.178988
v 1.527222 1.791921 8.105392
v 1.016190 0.320489 8.632018
v -0.404311 -1.913956 8.245759
v -0.293912 -1.939777 8.653219
v -0.656536 -2.778089 8.653948
v 1.016190 0.320489 8.632018
v 3.030825 11.358685 -1.069255
v 3.771410 11.008007 -1.283951
v 3.406847 12.312014 -1.059264
v -3.161722 -8.330457 -8.207824
v -3.733673 -7.973434 -8.462485
v -3.498263 -7.922514 -8.174194
v 4.951144 11.265350 -0.449538
v 4.694533 10.728724 -0.477563
v 5.292072 10.615170 -0.543604
v 4.848061 10.251083 -0.578698
v 5.292072 10.615170 -0.543604
v -1.456588 -9.559652 -1.046347
v -2.068989 -9.458997 -0.427603
v -1.847471 -10.053144 -0.970312
v -1.780701 -8.825644 -0.483166
v -2.068019 -8.190083 -0.428091
v -1.350576 -8.304125 -1.067304
v -1.350576 -8.304125 -1.067304
v -1.653732 -7.748744 -1.008575
v 2.962103 -1.232077 2.004964
v 3.978310 -1.218435 0.881528
v 3.087846 -1.347607 2.037617
v -2.267359 -3.439006 0.340281
v -2.508620 -3.433637 0.700463
v -2.264437 -3.817456 0.313231
v 3.599854 11.938421 -0.507538
v 3.236016 11.350388 -0.601604
v 3.731204 10.957807 -0.502419
v -0.307072 -6.620435 3.916511
v -0.284169 -6.623364 2.305440
v -0.575141 -7.481407 4.868385
v 3.623002 -7.973434 -8.462485
v 2.946746 -8.497139 -8.220495
v 3.423905 -7.883261 -8.161278
v 1.167527 -8.033138 8.629093
v 0.425233 -7.118319 8.464355
v 0.190067 -6.593383 8.209693
v -4.204981 10.465780 -0.527763
v -4.009295 11.211734 -0.471957
v -4.804717 10.729213 -0.477563
v -0.840038 -3.018861 8.262573
v -0.752792 -3.285454 8.653948
v -0.804700 -3.687563 8.271834
v -0.404311 -1.913956 8.245759
v -0.656536 -2.778089 8.653948
v -3.733673 -7.973434 -8.462485
v -3.161722 -8.330457 -8.207824
v -3.248723 -8.555147 -8.512688
v -2.247622 -3.413882 -0.660332
v -2.179388 -3.756286 -0.473176
v -2.348754 -3.591789 -0.892332
v -5.446123 10.374398 -0.677636
v -5.895497 10.842533 -0.679585
v -5.537023 10.584702 -0.753426
v -7.149555 0.726013 -1.517896
v -6.926816 1.320136 -1.884171
v -7.004556 0.732590 -1.455025
v -7.197320 -0.085735 -1.070230
v 3.087846 -1.347607 2.037617
v 1.540870 -1.357832 2.786008
v 2.962103 -1.232077 2.004964
v -4.199136 -1.334917 0.909309
v -4.407006 -1.227453 0.141669
v -4.092154 -1.220155 0.879823
v -3.069608 -1.232821 2.006670
v -3.196571 -1.347839 2.039082
v 5.020355 10.451882 -0.788032
v 4.944561 10.228656 -0.728568
v 4.591205 10.175296 -0.739049
v 5.858666 10.979002 -0.679585
v 5.517488 10.566668 -0.614764
v 5.575736 10.581774 -0.678856
v -1.654708 -1.357600 2.784544
v -3.196571 -1.347839 2.039082
v -3.069608 -1.232821 2.006670
v 5.517488 10.566668 -0.614764
v 5.858666 10.979002 -0.679585
v 5.835757 11.023833 -0.604286
v 1.264033 -9.409053 -1.058531
v 1.958806 -9.458997 -0.427603
v 1.670273 -8.825644 -0.483410
v 1.739966 -10.055560 -0.970071
v 1.958806 -9.458997 -0.427603
v 1.362486 -8.015360 -1.043909
v 1.957829 -8.190083 -0.428091
v 1.957829 -8.190083 -0.428091
v 1.873268 -7.437064 -0.941558
v 3.455094 10.744806 -0.728568
v 3.303763 11.321871 -0.753426
v 3.536732 10.966336 -0.788032
v 3.030825 11.358685 -1.069255
v 3.406847 12.312014 -1.059264
v 2.744239 11.494410 -0.837502
v 3.655660 7.048923 7.093567
v 4.457659 6.627338 6.980493
v 4.520287 6.835946 7.252943
v -0.077513 2.867357 8.572798
v 0.098680 3.620609 7.997191
v -0.042664 2.413120 8.108072
v -0.059723 4.317594 8.468740
v -0.010499 4.851779 7.841956
v -0.386764 5.752213 8.306928
v -0.580742 6.649998 7.462765
v 2.497372 -3.410001 -1.045127
v 2.288038 -3.817456 -0.689090
v 2.237350 -3.440935 -0.553594
v 5.006218 10.423366 -1.241793
v 5.783605 11.186634 -1.144069
v 4.574147 11.759306 -1.314899
v 4.094798 -1.337125 0.901997
v 3.087846 -1.347607 2.037617
v 3.978310 -1.218435 0.881528
v 3.455094 10.744806 -0.728568
v 3.536732 10.966336 -0.788032
v 3.697331 10.485023 -0.739290
v -2.264437 -3.817456 0.313231
v -2.360938 -4.155211 -0.076438
v -2.127724 -3.690980 -0.149059
v -2.267359 -3.439006 0.340281
v -2.127724 -3.690980 -0.149059
v -2.241771 -3.224541 -0.125179
v -2.127724 -3.690980 -0.149059
v 4.094798 -1.337125 0.901997
v 4.296578 -1.227453 0.141669
v 4.407703 -1.338334 0.172617
v 2.161074 -1.907380 0.889325
v 4.492020 -1.907380 0.889325
v 4.492020 -1.907380 -1.243985
v 2.161074 -1.907380 -1.243985
v -2.331939 -1.907380 0.889325
v -4.662641 -1.907380 -1.243985
v -4.662641 -1.907380 0.889325
v -2.331939 -1.907380 -1.243985
v -3.196571 -1.347839 2.039082
v -4.199136 -1.334917 0.909309
v -4.092154 -1.220155 0.879823
v 5.736816 10.077336 -0.898669
v 6.249550 10.966081 -0.770485
v 5.783605 11.186634 -1.144069
v -3.989070 10.274231 -0.645224
v -4.330486 10.311996 -0.703224
v -3.681527 10.764562 -0.700786
v -4.407006 -1.227453 0.141669
v -4.199136 -1.334917 0.909309
v -4.517643 -1.338334 0.172617
v 5.923246 -7.804313 -7.558133
v 5.785069 -7.828692 -7.960230
v 5.235045 -7.452659 -7.754795
v 2.984762 -2.730818 -0.891600
v 3.401240 -2.738371 -1.046347
v 2.896791 -3.007892 -1.143824
v 4.694533 10.728724 -0.477563
v 3.731204 10.957807 -0.502419
v 4.436458 10.351738 -0.533370
v -2.836632 -9.195565 -6.354522
v -2.551511 -9.549891 -5.650485
v -2.904135 -10.039966 -6.267520
v -2.904135 -10.039966 -6.267520
v -2.735013 -10.201302 -5.570796
v -2.836632 -9.195565 -6.354522
v -2.725751 -8.572437 -5.682895
v -3.205101 -8.422815 -6.337461
v -3.425886 -7.874499 -5.594191
v 4.296578 -1.227453 0.141669
v 4.094798 -1.337125 0.901997
v 3.978310 -1.218435 0.881528
v -2.595860 -8.719621 -7.191126
v -2.906819 -8.883142 -8.221472
v -3.161722 -8.330457 -8.207824
v -2.839799 -9.650803 -8.160546
v -2.814943 6.798157 7.281456
v -3.954465 6.346104 7.191288
v -2.803735 6.601007 7.000233
v 5.621305 11.139595 -0.527278
v 5.292072 10.615170 -0.543604
v 5.517488 10.566668 -0.614764
v 5.203125 10.288849 -0.653753
v 5.292072 10.615170 -0.543604
v 7.087130 -0.085735 -1.070230
v 6.894129 0.732590 -1.455025
v 7.039127 0.726013 -1.517896
v 6.816389 1.320136 -1.884171
v 6.686741 1.341331 -1.799366
v 2.896791 -3.007892 -1.143824
v 2.497372 -3.410001 -1.045127
v 2.563904 -3.129998 -0.937171
v 0.425233 -7.118319 8.464355
v -1.337660 -5.348105 8.273784
v 0.190067 -6.593383 8.209693
v -4.419678 -7.275240 -2.588695
v -4.608787 -7.339593 -3.127261
v -5.277727 -8.111856 -2.961062
v 3.771410 11.008007 -1.283951
v 4.574147 11.759306 -1.314899
v 3.406847 12.312014 -1.059264
v 3.262819 -2.474683 -0.486821
v 3.688802 -2.455672 -0.366193
v 3.357861 -2.566321 -0.802408
v 0.734967 -7.496513 5.042140
v 0.252207 -6.496144 4.225518
v 0.305091 -7.422190 5.404028
v -0.077513 2.867357 8.572798
v -0.042664 2.413120 8.108072
v -0.620954 1.094726 8.633235
v -0.059723 4.317594 8.468740
v 0.098680 3.620609 7.997191
v -6.033430 -7.804313 -7.558133
v -5.345235 -7.452659 -7.754795
v -5.897932 -7.815770 -7.941222
v 2.161074 -1.907380 -1.243985
v 2.161074 -2.134255 0.889325
v 2.161074 -1.907380 0.889325
v 2.161074 -2.134255 -1.243985
v -5.388125 10.364149 -0.620612
v -5.401286 10.614915 -0.543116
v -5.833358 10.808161 -0.614520
v -2.034872 -9.357877 -4.160042
v -1.279419 -8.944798 -1.078759
v -1.456588 -9.559652 -1.046347
v -2.090923 -8.686480 -4.174178
v -1.350576 -8.304125 -1.067304
v -2.513251 -7.923723 -4.120321
v 3.357861 -2.566321 -0.802408
v 3.401240 -2.738371 -1.046347
v 2.984762 -2.730818 -0.891600
v 1.469951 8.872497 5.756166
v 1.570356 9.733236 5.881183
v 1.643953 8.707513 6.508453
v 1.022041 8.194057 5.846822
v 1.117327 8.093657 6.194330
v -3.596228 11.403028 -0.520210
v -4.009295 11.211734 -0.471957
v -3.622792 10.710945 -0.582352
v -0.192293 -7.177048 2.305440
v 0.432055 -7.177048 2.305440
v 0.120125 -7.293530 2.305440
v -0.308781 -6.864857 2.305440
v -0.308781 -6.864857 2.305440
v 0.546346 -6.750583 2.305440
v 0.432055 -7.177048 2.305440
v -0.192293 -6.552689 2.305440
v -0.192293 -6.552689 2.305440
v 0.234172 -6.438392 2.305440
v 0.546346 -6.750583 2.305440
v 4.694533 10.728724 -0.477563
v 4.436458 10.351738 -0.533370
v 4.848061 10.251083 -0.578698
v 2.744239 11.494410 -0.837502
v 3.134879 12.440697 -0.721991
v 2.702319 11.514164 -0.612327
v 5.906426 -8.686480 -5.768676
v 6.085791 -9.329361 -5.682409
v 6.449623 -9.015241 -6.191733
v 4.388937 -7.339593 -3.127261
v 4.199828 -7.275240 -2.588695
v 5.058371 -8.111856 -2.961062
v 2.313382 -3.543774 0.445802
v 2.770554 -3.323965 0.841319
v 2.781767 -3.082959 0.761142
v 2.764464 -9.061769 -8.212942
v 2.409156 -9.725846 -7.119480
v 2.481533 -8.739376 -7.186010
v 2.946746 -8.497139 -8.220495
v 2.838550 -8.031676 -7.164565
v -5.446123 10.374398 -0.677636
v -5.537023 10.584702 -0.753426
v -5.054751 10.228656 -0.728568
v -2.331939 -1.907380 -1.243985
v -2.331939 -1.907380 0.889325
v -2.331939 -2.134255 0.889325
v -2.331939 -2.134255 -1.243985
v -2.685051 -3.157283 -1.127986
v -2.247622 -3.413882 -0.660332
v -2.348754 -3.591789 -0.892332
v 3.241861 11.101086 -0.677636
v 3.186299 11.746152 -0.679585
v 3.303763 11.321871 -0.753426
v 2.946746 -8.497139 -8.220495
v 3.623002 -7.973434 -8.462485
v 3.138534 -8.555147 -8.512688
v -4.430398 10.122656 -0.644251
v -4.894885 10.273511 -0.691284
v -4.330486 10.311996 -0.703224
v 3.688802 -2.455672 -0.366193
v 3.330327 -2.436197 -0.043541
v 3.587664 -2.441310 0.009584
v 3.882297 10.271302 -0.645468
v 3.608139 10.680964 -0.691284
v 4.046788 10.319806 -0.688358
v -3.239706 -2.475171 0.114132
v -3.564063 -2.441054 0.009584
v -3.334260 -2.566321 0.426550
v -2.247622 -3.413882 -0.660332
v -2.127724 -3.690980 -0.149059
v -2.179388 -3.756286 -0.473176
v -1.584527 9.881163 6.145591
v -1.575754 8.996300 5.756166
v -1.643744 8.890044 6.922005
v -1.181454 8.284951 5.775174
v -1.236284 8.102421 6.668076
v -1.575754 8.996300 5.756166
v -1.002826 8.161636 4.858393
v -1.181454 8.284951 5.775174
v -1.643744 8.890044 6.922005
v -1.236284 8.102421 6.668076
v -1.352284 8.165774 7.724251
v -1.088119 7.816328 6.971232
v 4.457659 6.627338 6.980493
v 3.655660 7.048923 7.093567
v 3.642983 6.844708 6.817704
v 3.261604 11.919178 -0.604286
v 3.186299 11.746152 -0.679585
v 3.236016 11.350388 -0.601604
v 6.449623 -9.015241 -6.191733
v 6.206904 -8.250022 -6.319428
v 5.906426 -8.686480 -5.768676
v 3.688802 -2.455672 -0.366193
v 3.262819 -2.474683 -0.486821
v 3.330327 -2.436197 -0.043541
v 2.702319 11.514164 -0.612327
v 3.134879 12.440697 -0.721991
v 3.188739 12.415110 -0.512654
v 3.587664 -2.441310 0.009584
v 3.139998 -2.638204 0.478455
v 3.324964 -2.673785 0.600790
v 2.781767 -3.082959 0.761142
v 3.324964 -2.673785 0.600790
v 3.139998 -2.638204 0.478455
v 3.139998 -2.638204 0.478455
v 3.587664 -2.441310 0.009584
v 3.330327 -2.436197 -0.043541
v -1.337660 -5.348105 8.273784
v -2.043645 -4.221981 8.273784
v -1.240183 -5.040794 7.999382
v -3.334260 -2.566321 0.426550
v -3.004296 -2.901404 0.766016
v -2.960917 -2.731306 0.516473
v 0.305091 -7.422190 5.404028
v 0.252207 -6.496144 4.225518
v -0.247611 -7.254532 5.185677
v 1.228940 -8.016567 8.662237
v 0.941378 -6.649672 8.448273
v 1.008881 -6.681604 8.654193
v 4.694533 10.728724 -0.477563
v 4.062627 11.319942 -0.460261
v 3.731204 10.957807 -0.502419
v 3.342755 10.925154 -0.613300
v 3.751185 10.592023 -0.548964
v 3.433405 10.679012 -0.646932
v 4.436458 10.351738 -0.533370
v 3.731204 10.957807 -0.502419
v 3.930544 10.253756 -0.616470
v 3.731204 10.957807 -0.502419
v 3.236016 11.350388 -0.601604
v 3.342755 10.925154 -0.613300
v 4.503228 -2.276813 -2.476350
v 4.851227 -0.273635 -2.972273
v 4.572195 -2.350160 -2.593082
v -3.954465 6.346104 7.191288
v -2.814943 6.798157 7.281456
v -3.896950 6.543742 7.471782
v -6.029287 12.645888 -0.723452
v -5.708341 11.369886 -0.740755
v -5.773164 11.587511 -0.823854
v -2.725751 -8.572437 -5.682895
v -2.836632 -9.195565 -6.354522
v -3.205101 -8.422815 -6.337461
v -4.009295 11.211734 -0.471957
v -4.204981 10.465780 -0.527763
v -3.622792 10.710945 -0.582352
v -3.805324 10.420949 -0.615493
v -3.622792 10.710945 -0.582352
v 1.920058 -2.918207 -1.464771
v 1.920058 -2.918207 1.109870
v 2.161074 -2.134255 0.889325
v 2.161074 -2.134255 -1.243985
v 3.241861 11.101086 -0.677636
v 3.303763 11.321871 -0.753426
v 3.455094 10.744806 -0.728568
v -3.622792 10.710945 -0.582352
v -3.346200 11.350388 -0.601604
v -3.596228 11.403028 -0.520210
v -3.306476 -2.436197 -0.331832
v -3.564063 -2.441054 0.009584
v -3.239706 -2.475171 0.114132
v 4.237844 -7.640792 -8.354771
v 4.671135 -7.392233 -7.893945
v 4.959186 -7.534536 -8.156404
v -2.960917 -2.731306 0.516473
v -3.004296 -2.901404 0.766016
v -2.540053 -3.129998 0.561313
v -2.508620 -3.433637 0.700463
v -2.540053 -3.129998 0.561313
v -2.540053 -3.129998 0.561313
v -2.508620 -3.433637 0.700463
v -2.267359 -3.439006 0.340281
v -3.807514 10.484791 -0.739049
v -3.647166 10.966081 -0.788032
v -3.544570 10.677548 -0.683728
v -4.348033 -7.621060 -8.331376
v -5.069613 -7.534536 -8.156404
v -4.781319 -7.392233 -7.893945
v -3.647166 10.966081 -0.788032
v -3.454159 10.924178 -0.717360
v -3.544570 10.677548 -0.683728
v 2.203233 -3.756286 0.097073
v 2.313382 -3.543774 0.445802
v 2.151325 -3.690980 -0.227043
v -3.356676 11.864098 -0.610134
v -3.346200 11.350388 -0.601604
v -3.295756 11.411812 -0.678856
v 2.744239 11.494410 -0.837502
v 3.406847 12.312014 -1.059264
v 3.134879 12.440697 -0.721991
v 2.563904 -3.129998 -0.937171
v 2.497372 -3.410001 -1.045127
v 2.237350 -3.440935 -0.553594
v -3.115909 -2.638460 -0.854316
v -2.576855 -2.937473 -0.745869
v -2.685051 -3.157283 -1.127986
v -2.090678 -2.918207 1.109870
v -2.090678 -2.918207 -1.464771
v -2.331939 -2.134255 0.889325
v -2.331939 -2.134255 -1.243985
v -3.306476 -2.436197 -0.331832
v -3.115909 -2.638460 -0.854316
v -3.480717 -2.501503 -0.673736
v -1.608895 -1.246231 2.685606
v -0.055336 -0.134493 3.923822
v -0.055336 -1.241838 2.857165
v -0.055336 -0.134493 3.923822
v -1.608895 -1.246231 2.685606
v -2.164764 -0.114018 3.700108
v -2.576855 -2.937473 -0.745869
v -2.247622 -3.413882 -0.660332
v -2.685051 -3.157283 -1.127986
v -3.454159 10.924178 -0.717360
v -3.414434 11.320918 -0.753426
v -3.295756 11.411812 -0.678856
v -5.388125 10.364149 -0.620612
v -4.859059 10.269838 -0.560175
v -5.401286 10.614915 -0.543116
v 0.738865 -6.928234 4.039819
v 0.553661 -7.022777 2.307633
v 0.264879 -6.443017 2.305440
v 2.151325 -3.690980 -0.227043
v 2.313382 -3.543774 0.445802
v 2.268789 -3.209179 -0.155639
v -3.115909 -2.638460 -0.854316
v -2.685051 -3.157283 -1.127986
v -3.053031 -2.911885 -1.159421
v -2.247622 -3.413882 -0.660332
v -2.241771 -3.224541 -0.125179
v -2.127724 -3.690980 -0.149059
v -0.840038 -3.018861 8.262573
v -0.656536 -2.778089 8.653948
v -0.752792 -3.285454 8.653948
v 5.907402 12.582767 -0.807769
v 5.662731 11.587255 -0.823854
v 5.781903 11.962313 -0.734175
v 2.984762 -2.730818 -0.891600
v 2.896791 -3.007892 -1.143824
v 2.563904 -3.129998 -0.937171
v -4.674337 -2.346744 -2.599418
v -4.961411 -0.273635 -2.972273
v -4.611953 -2.277789 -2.477571
v 2.237350 -3.440935 -0.553594
v 2.151325 -3.690980 -0.227043
v 2.268789 -3.209179 -0.155639
v -3.373008 -0.126940 3.186642
v -1.608895 -1.246231 2.685606
v -3.069608 -1.232821 2.006670
v -1.608895 -1.246231 2.685606
v -2.164764 -0.114018 3.700108
v -0.055336 -0.134493 3.923822
v 1.626651 1.214136 4.730454
v 2.064085 -0.108417 3.701572
v 2.064085 -0.108417 3.701572
v 1.501634 -1.246231 2.684386
v 3.262819 -2.474683 -0.486821
v 3.357861 -2.566321 -0.802408
v 2.984762 -2.730818 -0.891600
v 2.064085 -0.108417 3.701572
v 2.962103 -1.232077 2.004964
v 1.501634 -1.246231 2.684386
v -4.189631 10.201371 -0.610622
v -4.204981 10.465780 -0.527763
v -4.859059 10.269838 -0.560175
v -4.859059 10.269838 -0.560175
v -4.804717 10.729213 -0.477563
v -2.894873 -2.625050 -0.589905
v -3.115909 -2.638460 -0.854316
v -3.306476 -2.436197 -0.331832
v 4.944561 10.228656 -0.728568
v 5.426839 10.584702 -0.753426
v 5.203125 10.288849 -0.653753
v -7.004556 0.732590 -1.455025
v -6.926816 1.320136 -1.884171
v -6.797169 1.341331 -1.799366
v 5.575736 10.581774 -0.678856
v 5.203125 10.288849 -0.653753
v 5.426839 10.584702 -0.753426
v -2.576855 -2.937473 -0.745869
v -3.115909 -2.638460 -0.854316
v -2.894873 -2.625050 -0.589905
v 2.313382 -3.543774 0.445802
v 2.388199 -3.137064 0.238414
v 2.268789 -3.209179 -0.155639
v 2.781767 -3.082959 0.761142
v 2.680147 -2.864358 0.376103
v 2.388199 -3.137064 0.238414
v 2.313382 -3.543774 0.445802
v 2.388199 -3.137064 0.238414
v 3.623002 -7.973434 -8.462485
v 4.086268 -7.491657 -8.028952
v 4.237844 -7.640792 -8.354771
v -2.204732 -3.414370 8.264525
v -1.876958 -3.827448 7.985005
v -2.043645 -4.221981 8.273784
v 2.781767 -3.082959 0.761142
v 3.139998 -2.638204 0.478455
v 2.680147 -2.864358 0.376103
v 3.139998 -2.638204 0.478455
v 3.330327 -2.436197 -0.043541
v 2.943824 -2.603599 0.174566
v -0.055336 2.681664 5.685983
v 1.626651 1.214136 4.730454
v -0.055336 1.216809 4.880083
v -0.055336 -0.134493 3.923822
v 1.501634 -1.246231 2.684386
v -0.055336 -1.241838 2.857165
v -5.054751 10.228656 -0.728568
v -5.130783 10.451882 -0.788032
v -4.701633 10.175296 -0.739049
v -5.039639 10.166999 -0.655461
v -5.446123 10.374398 -0.677636
v -3.239706 -2.475171 0.114132
v -3.334260 -2.566321 0.426550
v -2.960917 -2.731306 0.516473
v -1.736591 1.214136 4.730454
v -0.055336 -0.134493 3.923822
v -2.164764 -0.114018 3.700108
v -1.352284 8.165774 7.724251
v -1.088119 7.816328 6.971232
v -0.580742 6.649998 7.462765
v 1.173378 -8.620453 -1.080708
v 1.670273 -8.825644 -0.483410
v 1.362486 -8.015360 -1.043909
v -5.320618 -7.971250 -5.957541
v -5.828971 -8.395762 -5.824482
v -5.567241 -8.239306 -5.153590
v -0.055336 -0.134493 3.923822
v -1.736591 1.214136 4.730454
v -0.055336 1.216809 4.880083
v -3.733673 -7.973434 -8.462485
v -4.348033 -7.621060 -8.331376
v -4.196696 -7.491657 -8.028952
v -1.337660 -5.348105 8.273784
v -1.240183 -5.040794 7.999382
v 0.190067 -6.593383 8.209693
v -2.043645 -4.221981 8.273784
v -1.876958 -3.827448 7.985005
v 2.504199 -2.914326 -0.527762
v 2.563904 -3.129998 -0.937171
v 2.237350 -3.440935 -0.553594
v 2.984762 -2.730818 -0.891600
v 5.292072 10.615170 -0.543604
v 4.848061 10.251083 -0.578698
v 5.203125 10.288849 -0.653753
v 4.851227 -0.273635 -2.972273
v 4.503228 -2.276813 -2.476350
v 4.794200 -0.249999 -2.836046
v -2.390424 -2.986929 -0.408840
v -2.241771 -3.224541 -0.125179
v -2.247622 -3.413882 -0.660332
v -3.319636 -7.237474 -0.685191
v -3.423208 -8.478615 -0.162951
v -2.668725 -7.979779 -0.311604
v 3.313750 -8.478383 -0.163195
v 3.209452 -7.237474 -0.685191
v 2.558785 -7.979779 -0.311604
v -2.357283 -2.991089 -0.075221
v -2.267359 -3.439006 0.340281
v -2.241771 -3.224541 -0.125179
v -2.357283 -2.991089 -0.075221
v -2.241771 -3.224541 -0.125179
v -2.390424 -2.986929 -0.408840
v -2.576855 -2.937473 -0.745869
v -2.247622 -3.413882 -0.660332
v 3.262819 -2.474683 -0.486821
v 2.984762 -2.730818 -0.891600
v 2.741067 -2.635531 -0.235816
v -5.895497 10.842533 -0.679585
v -5.446123 10.374398 -0.677636
v -5.833358 10.808161 -0.614520
v -2.761577 -2.620913 -0.080337
v -3.306476 -2.436197 -0.331832
v -3.239706 -2.475171 0.114132
v 5.907402 12.582767 -0.807769
v 5.781903 11.962313 -0.734175
v 6.046311 13.725205 -0.697132
v -0.059723 4.317594 8.468740
v -0.386764 5.752213 8.306928
v -0.010499 4.851779 7.841956
v 3.620811 -0.132541 2.950258
v 2.743507 1.212184 4.431437
v 3.741924 1.212904 3.929426
v 2.064085 -0.108417 3.701572
v 2.962103 -1.232077 2.004964
v 2.991589 2.680433 5.175927
v 2.743507 1.212184 4.431437
v -4.961411 -0.273635 -2.972273
v -4.884647 2.166722 -3.224010
v -4.904634 -0.249999 -2.836046
v -4.611953 -2.277789 -2.477571
v -4.385561 -0.090615 2.337607
v -3.373008 -0.126940 3.186642
v -3.069608 -1.232821 2.006670
v 3.330327 -2.436197 -0.043541
v 3.262819 -2.474683 -0.486821
v 2.741067 -2.635531 -0.235816
v 4.843186 -0.218555 1.333825
v 2.962103 -1.232077 2.004964
v 3.620811 -0.132541 2.950258
v -4.385561 -0.090615 2.337607
v -3.069608 -1.232821 2.006670
v -4.092154 -1.220155 0.879823
v 2.504199 -2.914326 -0.527762
v 2.237350 -3.440935 -0.553594
v 2.268789 -3.209179 -0.155639
v -2.600734 -2.788826 0.124611
v -2.960917 -2.731306 0.516473
v -2.540053 -3.129998 0.561313
v 3.139998 -2.638204 0.478455
v 2.943824 -2.603599 0.174566
v 2.680147 -2.864358 0.376103
v -2.761577 -2.620913 -0.080337
v -3.239706 -2.475171 0.114132
v -2.960917 -2.731306 0.516473
v -2.894873 -2.625050 -0.589905
v -3.306476 -2.436197 -0.331832
v -2.761577 -2.620913 -0.080337
v 4.671135 -7.392233 -7.893945
v 4.237844 -7.640792 -8.354771
v 4.086268 -7.491657 -8.028952
v -3.423208 -8.478615 -0.162951
v -3.319636 -7.237474 -0.685191
v -3.873314 -7.530143 -0.577964
v 3.209452 -7.237474 -0.685191
v 3.313750 -8.478383 -0.163195
v 3.762881 -7.530143 -0.577964
v 4.960649 14.359047 -0.689091
v 4.250760 13.289723 -0.728083
v 4.845864 14.219905 -0.773411
v -4.430398 10.122656 -0.644251
v -4.330486 10.311996 -0.703224
v -3.989070 10.274231 -0.645224
v 2.741067 -2.635531 -0.235816
v 2.984762 -2.730818 -0.891600
v 2.504199 -2.914326 -0.527762
v -2.600734 -2.788826 0.124611
v -2.540053 -3.129998 0.561313
v -2.357283 -2.991089 -0.075221
v -2.267359 -3.439006 0.340281
v -2.854179 1.212184 4.431437
v -1.736591 1.214136 4.730454
v -2.164764 -0.114018 3.700108
v 2.943824 -2.603599 0.174566
v 3.330327 -2.436197 -0.043541
v 2.741067 -2.635531 -0.235816
v -5.388125 10.364149 -0.620612
v -5.833358 10.808161 -0.614520
v -5.446123 10.374398 -0.677636
v -3.373008 -0.126940 3.186642
v -2.854179 1.212184 4.431437
v -2.164764 -0.114018 3.700108
v 4.781284 1.320136 -3.148463
v 4.794200 -0.249999 -2.836046
v 4.726942 1.333290 -3.010045
v 4.851227 -0.273635 -2.972273
v 3.370533 4.360472 -3.453816
v 2.109654 6.086808 -3.635854
v 3.405870 4.359008 -3.597838
v -2.761577 -2.620913 -0.080337
v -2.960917 -2.731306 0.516473
v -2.600734 -2.788826 0.124611
v 4.843186 -0.218555 1.333825
v 5.338130 -0.117923 0.327364
v 4.296578 -1.227453 0.141669
v 2.962103 -1.232077 2.004964
v 3.978310 -1.218435 0.881528
v 2.268789 -3.209179 -0.155639
v 2.388199 -3.137064 0.238414
v 2.468861 -2.855829 -0.145161
v -2.563939 -2.744460 -0.227287
v -2.390424 -2.986929 -0.408840
v -2.576855 -2.937473 -0.745869
v 3.423905 -7.883261 -8.161278
v 4.086268 -7.491657 -8.028952
v 3.623002 -7.973434 -8.462485
v -2.563939 -2.744460 -0.227287
v -2.894873 -2.625050 -0.589905
v -2.761577 -2.620913 -0.080337
v 2.972578 -8.567558 -6.355739
v 2.417442 -9.238699 -5.676317
v 2.805403 -8.321927 -5.662913
v 5.923246 -7.804313 -7.558133
v 5.235045 -7.452659 -7.754795
v 5.556725 -7.529423 -6.535586
v 1.766042 2.681664 5.536354
v 2.743507 1.212184 4.431437
v 1.626651 1.214136 4.730454
v 2.064085 -0.108417 3.701572
v 2.743507 1.212184 4.431437
v -5.345235 -7.452659 -7.754795
v -4.781319 -7.392233 -7.893945
v -5.069613 -7.534536 -8.156404
v 4.189108 13.182259 -0.807769
v 4.845864 14.219905 -0.773411
v 4.250760 13.289723 -0.728083
v 5.235045 -7.452659 -7.754795
v 4.959186 -7.534536 -8.156404
v 4.671135 -7.392233 -7.893945
v 0.252207 -6.496144 4.225518
v -0.307072 -6.620435 3.916511
v -0.247611 -7.254532 5.185677
v 5.114903 -6.948453 0.598353
v 5.744370 -6.341153 1.357952
v 6.067757 -7.370038 0.547177
v 2.764464 -9.061769 -8.212942
v 2.481533 -8.739376 -7.186010
v 2.946746 -8.497139 -8.220495
v 2.838550 -8.031676 -7.164565
v 3.423905 -7.883261 -8.161278
v -2.563939 -2.744460 -0.227287
v -2.576855 -2.937473 -0.745869
v -2.894873 -2.625050 -0.589905
v -2.357283 -2.991089 -0.075221
v -2.390424 -2.986929 -0.408840
v 5.906670 -7.490192 -0.026238
v 5.009629 -7.052990 -0.414443
v 5.114903 -6.948453 0.598353
v -4.522029 6.954612 -3.194280
v -4.832983 2.370216 -3.096070
v -4.570527 6.987521 -3.333918
v -5.720524 -6.341153 1.357952
v -5.091058 -6.948453 0.598353
v -6.044150 -7.370038 0.547177
v -1.736591 1.214136 4.730454
v -0.055336 2.681664 5.685983
v -0.055336 1.216809 4.880083
v -5.882825 -7.490192 -0.026238
v -5.091058 -6.948453 0.598353
v -4.985784 -7.052990 -0.414443
v 2.468861 -2.855829 -0.145161
v 2.504199 -2.914326 -0.527762
v 2.268789 -3.209179 -0.155639
v 2.741067 -2.635531 -0.235816
v 5.365669 -6.706960 -1.343167
v 5.957119 -7.468253 -0.508025
v 6.066292 -7.340313 -0.860651
v -4.781319 -7.392233 -7.893945
v -4.196696 -7.491657 -8.028952
v -4.348033 -7.621060 -8.331376
v -6.029287 12.645888 -0.723452
v -5.773164 11.587511 -0.823854
v -6.018074 12.583488 -0.807528
v -6.156251 13.965235 -0.695671
v -6.152108 13.847056 -0.762688
v 4.296578 -1.227453 0.141669
v 3.978310 -1.218435 0.881528
v 4.843186 -0.218555 1.333825
v 2.388199 -3.137064 0.238414
v 2.680147 -2.864358 0.376103
v 2.468861 -2.855829 -0.145161
v 2.943824 -2.603599 0.174566
v 2.680147 -2.864358 0.376103
v 2.943824 -2.603599 0.174566
v 2.741067 -2.635531 -0.235816
v 2.468861 -2.855829 -0.145161
v 4.046788 10.319806 -0.688358
v 4.323869 10.123631 -0.645468
v 3.882297 10.271302 -0.645468
v -0.519579 -4.257330 8.274028
v -0.804700 -3.687563 8.271834
v -0.636793 -3.873744 8.654192
v -2.563939 -2.744460 -0.227287
v -2.600734 -2.788826 0.124611
v -2.357283 -2.991089 -0.075221
v -2.563939 -2.744460 -0.227287
v -2.761577 -2.620913 -0.080337
v -2.600734 -2.788826 0.124611
v 4.287561 10.124841 -0.631823
v 4.552701 10.124120 -0.615493
v 3.930544 10.253756 -0.616470
v -4.092154 -1.220155 0.879823
v -5.344015 -0.143999 0.638077
v -4.385561 -0.090615 2.337607
v -4.407006 -1.227453 0.141669
v -5.344015 -0.143999 0.638077
v -4.092154 -1.220155 0.879823
v -4.832983 2.370216 -3.096070
v -4.904634 -0.249999 -2.836046
v -4.884647 2.166722 -3.224010
v 5.744370 -6.341153 1.357952
v 6.499096 -5.617882 1.317987
v 6.544665 -6.897510 1.048216
v -6.475252 -5.617882 1.317987
v -5.720524 -6.341153 1.357952
v -6.521065 -6.897510 1.048216
v -3.852113 1.212904 3.929426
v -3.102261 2.680433 5.175927
v -2.854179 1.212184 4.431437
v -3.373008 -0.126940 3.186642
v -5.111283 -7.284746 -6.706172
v -5.345235 -7.452659 -7.754795
v -6.033430 -7.804313 -7.558133
v -5.111283 -7.284746 -6.706172
v -6.033430 -7.804313 -7.558133
v -5.808984 -7.649809 -6.494889
v 3.620811 -0.132541 2.950258
v 3.741924 1.212904 3.929426
v 4.611430 1.215833 3.290946
v 3.620811 -0.132541 2.950258
v 5.327166 1.216321 2.362707
v 4.843186 -0.218555 1.333825
v 0.941378 -6.649672 8.448273
v 0.396229 -5.413411 8.654192
v 1.008881 -6.681604 8.654193
v -4.196696 -7.491657 -8.028952
v -3.498263 -7.922514 -8.174194
v -3.733673 -7.973434 -8.462485
v 4.552701 10.124120 -0.615493
v 4.848061 10.251083 -0.578698
v 4.436458 10.351738 -0.533370
v 5.957119 -7.468253 -0.508025
v 5.365669 -6.706960 -1.343167
v 5.009629 -7.052990 -0.414443
v -4.385561 -0.090615 2.337607
v -3.852113 1.212904 3.929426
v -3.373008 -0.126940 3.186642
v -7.621839 -5.845478 -0.024774
v -7.054024 -5.068823 -0.933029
v -7.172946 -4.956478 0.161406
v -5.933269 -7.468253 -0.508025
v -4.985784 -7.052990 -0.414443
v -5.341819 -6.706960 -1.343167
v -4.884647 2.166722 -3.224010
v -4.570527 6.987521 -3.333918
v -4.832983 2.370216 -3.096070
v 7.645683 -5.845478 -0.024774
v 7.196797 -4.956478 0.161406
v 7.077875 -5.068823 -0.933029
v -0.386764 5.752213 8.306928
v -1.352284 8.165774 7.724251
v -0.580742 6.649998 7.462765
v -3.852113 1.212904 3.929426
v -4.385561 -0.090615 2.337607
v -4.721858 1.215833 3.290946
v -4.206445 2.677039 4.552556
v 4.296578 -1.227453 0.141669
v 5.338130 -0.117923 0.327364
v 5.430737 -0.120340 -0.345966
v -7.424201 -6.028497 0.609076
v -6.475252 -5.617882 1.317987
v -7.100081 -6.337760 0.973889
v 6.499096 -5.617882 1.317987
v 7.447801 -6.028497 0.609076
v 7.123932 -6.337760 0.973889
v 0.177634 -3.968311 -1.964104
v -1.231409 -3.963918 1.711799
v 1.666131 -3.968055 1.374037
v -1.231409 -3.963918 1.711799
v 0.177634 -3.968311 -1.964104
v -1.867697 -3.967822 -1.577845
v -1.231409 -3.963918 1.711799
v -1.867697 -3.967822 -1.577845
v -3.009171 -3.965615 -0.092279
v 0.177634 -3.968311 -1.964104
v 1.666131 -3.968055 1.374037
v 2.063109 -3.968055 -1.322454
v 2.746186 -3.967334 0.084887
v -7.444913 -6.014134 -0.904271
v -6.475252 -5.617882 -1.609284
v -7.054024 -5.068823 -0.933029
v -0.030480 8.222085 -3.628789
v 2.109654 6.086808 -3.635854
v 1.783345 8.241328 -3.562260
v 7.468270 -6.014134 -0.904271
v 7.077875 -5.068823 -0.933029
v 6.499096 -5.617882 -1.609284
v -3.161722 -8.330457 -8.207824
v -2.967012 -8.012665 -7.158717
v -2.595860 -8.719621 -7.191126
v -4.407006 -1.227453 0.141669
v -5.541409 -0.120340 -0.345966
v -5.344015 -0.143999 0.638077
v 4.794200 -0.249999 -2.836046
v 4.503228 -2.276813 -2.476350
v 4.951632 -1.633699 -2.494141
v -0.804700 -3.687563 8.271834
v -0.752792 -3.285454 8.653948
v -0.636793 -3.873744 8.654192
v -4.882700 -7.739007 -5.320521
v -5.320618 -7.971250 -5.957541
v -5.567241 -8.239306 -5.153590
v -4.742333 -8.036555 -5.355855
v -5.374234 -8.512988 -5.200623
v -4.873195 -8.282441 -3.549343
v -4.611953 -2.277789 -2.477571
v -4.904634 -0.249999 -2.836046
v -5.062304 -1.632978 -2.494629
v -5.437593 1.216321 2.362707
v -4.385561 -0.090615 2.337607
v -6.120669 1.064745 0.866907
v -6.860773 -6.570724 -1.373630
v -5.948625 -6.121831 -1.691651
v -6.475252 -5.617882 -1.609284
v 1.766042 2.681664 5.536354
v -0.055336 2.681664 5.685983
v -0.055336 4.154794 6.094904
v 1.626651 1.214136 4.730454
v -1.876470 2.681664 5.536354
v -0.055336 4.154794 6.094904
v -0.055336 2.681664 5.685983
v -0.055336 2.681664 5.685983
v -1.736591 1.214136 4.730454
v 4.781284 1.320136 -3.148463
v 3.370533 4.360472 -3.453816
v 3.405870 4.359008 -3.597838
v 3.967346 6.913197 -3.315151
v 2.109654 6.086808 -3.635854
v 3.370533 4.360472 -3.453816
v 4.762523 -8.282441 -3.549343
v 5.264050 -8.512988 -5.200623
v 4.631899 -8.036555 -5.355855
v -5.437593 1.216321 2.362707
v -4.721858 1.215833 3.290946
v -4.385561 -0.090615 2.337607
v 0.396229 -5.413411 8.654192
v 0.941378 -6.649672 8.448273
v 0.337500 -5.483598 8.337147
v 5.744370 -6.341153 1.357952
v 6.544665 -6.897510 1.048216
v 6.067757 -7.370038 0.547177
v -5.720524 -6.341153 1.357952
v -6.044150 -7.370038 0.547177
v -6.521065 -6.897510 1.048216
v 6.499096 -5.617882 1.317987
v 7.123932 -6.337760 0.973889
v 6.544665 -6.897510 1.048216
v -6.475252 -5.617882 1.317987
v -6.521065 -6.897510 1.048216
v -7.100081 -6.337760 0.973889
v -2.140884 -2.627001 8.259895
v -1.893772 -2.879232 7.974526
v -2.204732 -3.414370 8.264525
v -6.475252 -5.617882 1.317987
v -7.424201 -6.028497 0.609076
v -6.917799 -5.197506 0.862764
v -4.073875 -7.700497 -3.725533
v -4.742333 -8.036555 -5.355855
v -4.873195 -8.282441 -3.549343
v -4.385561 -0.090615 2.337607
v -5.344015 -0.143999 0.638077
v -6.120669 1.064745 0.866907
v 7.447801 -6.028497 0.609076
v 6.499096 -5.617882 1.317987
v 6.941644 -5.197506 0.862764
v 5.338130 -0.117923 0.327364
v 4.843186 -0.218555 1.333825
v 6.010242 1.063769 0.866418
v 5.496287 -8.166448 -5.889550
v 4.772273 -7.739007 -5.320521
v 5.456813 -8.239306 -5.153590
v -5.948625 -6.121831 -1.691651
v -6.216688 -7.191899 -1.124572
v -5.341819 -6.706960 -1.343167
v 4.631899 -8.036555 -5.355855
v 3.963447 -7.700497 -3.725533
v 4.762523 -8.282441 -3.549343
v 4.843186 -0.218555 1.333825
v 5.327166 1.216321 2.362707
v 6.010242 1.063769 0.866418
v 4.919217 -7.849144 -6.026995
v 4.772273 -7.739007 -5.320521
v 5.496287 -8.166448 -5.889550
v -7.621839 -5.845478 -0.024774
v -6.917799 -5.197506 0.862764
v -7.424201 -6.028497 0.609076
v -6.917799 -5.197506 0.862764
v -7.172946 -4.956478 0.161406
v 3.236016 11.350388 -0.601604
v 3.186299 11.746152 -0.679585
v 3.241861 11.101086 -0.677636
v -5.828971 -8.395762 -5.824482
v -6.312219 -8.241492 -6.322595
v -6.134074 -8.990374 -5.717744
v 6.941644 -5.197506 0.862764
v 7.645683 -5.845478 -0.024774
v 7.447801 -6.028497 0.609076
v 6.941644 -5.197506 0.862764
v 7.196797 -4.956478 0.161406
v 1.033736 -7.494328 8.444130
v 0.941378 -6.649672 8.448273
v 1.228940 -8.016567 8.662237
v 4.096017 2.677039 4.552556
v 4.611430 1.215833 3.290946
v 3.741924 1.212904 3.929426
v -3.805324 10.420949 -0.615493
v -4.204981 10.465780 -0.527763
v -4.189631 10.201371 -0.610622
v -4.684818 10.121192 -0.621100
v -4.189631 10.201371 -0.610622
v -4.859059 10.269838 -0.560175
v 6.544665 -6.897510 -1.339757
v 5.972226 -6.121831 -1.691651
v 5.365669 -6.706960 -1.343167
v 7.035710 -6.420613 -1.302470
v 6.499096 -5.617882 -1.609284
v 5.972226 -6.121831 -1.691651
v 6.544665 -6.897510 -1.339757
v 4.611430 1.215833 3.290946
v 5.862565 2.673623 2.800874
v 5.327166 1.216321 2.362707
v 3.620811 -0.132541 2.950258
v 4.611430 1.215833 3.290946
v 4.096017 2.677039 4.552556
v 5.066656 2.674831 3.763226
v 4.312661 4.157722 4.973661
v 4.096017 2.677039 4.552556
v 6.067757 -7.370038 0.547177
v 5.906670 -7.490192 -0.026238
v 5.114903 -6.948453 0.598353
v 2.718163 -9.381258 -6.334538
v 2.409156 -9.725846 -7.119480
v 2.794195 -10.041430 -6.267032
v -6.044150 -7.370038 0.547177
v -5.091058 -6.948453 0.598353
v -5.882825 -7.490192 -0.026238
v -3.406393 10.960968 -0.653268
v -3.346200 11.350388 -0.601604
v -3.622792 10.710945 -0.582352
v -5.341819 -6.706960 -1.343167
v -6.216688 -7.191899 -1.124572
v -5.933269 -7.468253 -0.508025
v 1.022041 8.194057 5.846822
v 0.814171 8.089265 4.888124
v 1.469951 8.872497 5.756166
v 5.590354 -0.322138 -2.512905
v 4.794200 -0.249999 -2.836046
v 4.951632 -1.633699 -2.494141
v 5.957119 -7.468253 -0.508025
v 5.009629 -7.052990 -0.414443
v 5.906670 -7.490192 -0.026238
v -5.837744 2.902194 -2.772686
v -5.700055 -0.320418 -2.513149
v -4.832983 2.370216 -3.096070
v -2.854179 1.212184 4.431437
v -1.876470 2.681664 5.536354
v -1.736591 1.214136 4.730454
v -3.102261 2.680433 5.175927
v -1.954210 4.156258 5.988651
v -1.876470 2.681664 5.536354
v -1.954210 4.156258 5.988651
v -3.252866 4.158210 5.649184
v -3.252866 4.158210 5.649184
v -1.981018 5.584811 6.094172
v -4.985784 -7.052990 -0.414443
v -5.933269 -7.468253 -0.508025
v -5.882825 -7.490192 -0.026238
v -5.700055 -0.320418 -2.513149
v -5.062304 -1.632978 -2.494629
v -4.904634 -0.249999 -2.836046
v 3.751185 10.592023 -0.548964
v 3.433405 10.679012 -0.646932
v 3.673689 10.434103 -0.621585
v 1.171181 8.608344 4.673671
v 1.469951 8.872497 5.756166
v 0.814171 8.089265 4.888124
v -5.837744 2.902194 -2.772686
v -4.832983 2.370216 -3.096070
v -4.522029 6.954612 -3.194280
v -4.832983 2.370216 -3.096070
v -5.700055 -0.320418 -2.513149
v -4.904634 -0.249999 -2.836046
v -5.039639 10.166999 -0.655461
v -4.859059 10.269838 -0.560175
v -5.388125 10.364149 -0.620612
v -5.541409 -0.120340 -0.345966
v -6.120669 1.064745 0.866907
v -5.344015 -0.143999 0.638077
v 0.738865 -6.928234 4.039819
v 0.264879 -6.443017 2.305440
v 0.252207 -6.496144 4.225518
v -4.608787 -7.339593 -3.127261
v -3.883546 -7.125617 -2.874549
v -3.308428 -7.178977 -3.103135
v 4.388937 -7.339593 -3.127261
v 3.088334 -7.178977 -3.103135
v 3.664190 -7.125617 -2.874549
v 5.338130 -0.117923 0.327364
v 6.010242 1.063769 0.866418
v 5.430737 -0.120340 -0.345966
v 5.203125 10.288849 -0.653753
v 5.575736 10.581774 -0.678856
v 5.517488 10.566668 -0.614764
v -2.204732 -3.414370 8.264525
v -1.893772 -2.879232 7.974526
v -1.876958 -3.827448 7.985005
v 2.743507 1.212184 4.431437
v 1.766042 2.681664 5.536354
v 2.991589 2.680433 5.175927
v 1.843538 4.156258 5.988651
v 1.843538 4.156258 5.988651
v 3.142676 4.158210 5.649184
v 3.142676 4.158210 5.649184
v 1.870590 5.584811 6.094172
v 5.868410 15.398668 -0.663503
v 4.960649 14.359047 -0.689091
v 5.408072 14.907618 -0.722476
v 4.591205 10.175296 -0.739049
v 4.944561 10.228656 -0.728568
v 4.636774 10.109014 -0.686409
v -4.206445 2.677039 4.552556
v -4.721858 1.215833 3.290946
v -5.177083 2.674831 3.763226
v -4.422844 4.157722 4.973661
v -5.437593 1.216321 2.362707
v -5.972505 2.673623 2.800874
v 6.010242 1.063769 0.866418
v 6.722322 2.022467 -0.330615
v 5.430737 -0.120340 -0.345966
v -4.746958 10.109014 -0.686165
v -5.054751 10.228656 -0.728568
v -4.701633 10.175296 -0.739049
v 1.558660 4.437492 7.467639
v 1.966359 4.656070 7.837569
v 1.857918 3.094720 8.004257
v 1.558660 4.437492 7.467639
v 1.258915 6.794741 6.941013
v 1.712432 7.256555 7.328489
v 1.114161 7.854838 6.461420
v 1.647120 8.384631 6.855476
v 1.258915 6.794741 6.941013
v 1.114161 7.854838 6.461420
v 3.967346 6.913197 -3.315151
v 1.783345 8.241328 -3.562260
v 2.109654 6.086808 -3.635854
v 3.630072 8.237679 -3.294682
v 2.196656 9.416908 -3.245700
v -5.547986 6.788907 -2.827517
v -5.837744 2.902194 -2.772686
v -4.522029 6.954612 -3.194280
v 7.035710 -6.420613 -1.302470
v 7.468270 -6.014134 -0.904271
v 6.499096 -5.617882 -1.609284
v 5.437559 6.788907 -2.827517
v 5.981244 7.987634 -2.344513
v 5.102719 8.224014 -2.807292
v 5.352021 9.376214 -2.130548
v 5.437559 6.788907 -2.827517
v 6.408441 5.229253 -2.319657
v 5.726823 2.898057 -2.772930
v 4.686736 3.475377 -3.155043
v 4.726942 1.333290 -3.010045
v 3.370533 4.360472 -3.453816
v 4.726942 1.333290 -3.010045
v 3.967346 6.913197 -3.315151
v 5.437559 6.788907 -2.827517
v 3.370533 4.360472 -3.453816
v 4.686736 3.475377 -3.155043
v 3.751185 10.592023 -0.548964
v 3.673689 10.434103 -0.621585
v 3.930544 10.253756 -0.616470
v -6.018074 12.583488 -0.807528
v -6.152108 13.847056 -0.762688
v -6.029287 12.645888 -0.723452
v -7.444913 -6.014134 -0.904271
v -7.054024 -5.068823 -0.933029
v -7.621839 -5.845478 -0.024774
v 6.042169 13.845824 -0.762688
v 5.907402 12.582767 -0.807769
v 6.046311 13.725205 -0.697132
v -6.120669 1.064745 0.866907
v -5.541409 -0.120340 -0.345966
v -6.834458 2.028324 -0.330615
v 5.327166 1.216321 2.362707
v 5.862565 2.673623 2.800874
v 6.655546 2.498412 1.035543
v 5.327166 1.216321 2.362707
v 6.655546 2.498412 1.035543
v 6.010242 1.063769 0.866418
v -2.967012 -8.012665 -7.158717
v -3.161722 -8.330457 -8.207824
v -3.498263 -7.922514 -8.174194
v 7.468270 -6.014134 -0.904271
v 7.645683 -5.845478 -0.024774
v 7.077875 -5.068823 -0.933029
v 4.552701 10.124120 -0.615493
v 4.436458 10.351738 -0.533370
v 3.930544 10.253756 -0.616470
v -2.668725 -7.979779 -0.311604
v -2.698455 -7.182649 -0.805574
v -3.319636 -7.237474 -0.685191
v 4.930431 10.167487 -0.655705
v 5.203125 10.288849 -0.653753
v 4.848061 10.251083 -0.578698
v -6.216688 -7.191899 -1.124572
v -5.948625 -6.121831 -1.691651
v -6.860773 -6.570724 -1.373630
v -5.437593 1.216321 2.362707
v -6.120669 1.064745 0.866907
v -6.767194 2.498900 1.032374
v 2.109654 6.086808 -3.635854
v -0.039009 8.259596 -3.771106
v 2.139629 6.091944 -3.781340
v 3.405870 4.359008 -3.597838
v -2.519584 -9.725846 -7.119480
v -2.836632 -9.195565 -6.354522
v -2.904135 -10.039966 -6.267520
v 4.611430 1.215833 3.290946
v 5.066656 2.674831 3.763226
v 5.862565 2.673623 2.800874
v 6.191797 4.154305 3.117190
v -3.731727 10.460179 -0.686653
v -3.807514 10.484791 -0.739049
v -3.544570 10.677548 -0.683728
v 0.337500 -5.483598 8.337147
v -0.519579 -4.257330 8.274028
v 0.396229 -5.413411 8.654192
v 3.620079 10.461155 -0.686409
v 3.455094 10.744806 -0.728568
v 3.697331 10.485023 -0.739290
v 5.726823 2.898057 -2.772930
v 5.590354 -0.322138 -2.512905
v 6.464247 2.513750 -2.276766
v 6.408441 5.229253 -2.319657
v 5.590354 -0.322138 -2.512905
v 4.726942 1.333290 -3.010045
v -5.177083 2.674831 3.763226
v -4.721858 1.215833 3.290946
v -5.972505 2.673623 2.800874
v -6.302225 4.154305 3.117190
v -3.873314 -7.530143 -0.577964
v -3.319636 -7.237474 -0.685191
v -4.549325 -7.644208 -3.736014
v -6.860773 -6.570724 -1.373630
v -6.475252 -5.617882 -1.609284
v -7.444913 -6.014134 -0.904271
v 3.563296 -8.121105 -5.557880
v 2.177401 -8.726708 -4.034296
v 2.849757 -7.852816 -3.935843
v 6.066292 -7.340313 -0.860651
v 6.544665 -6.897510 -1.339757
v 5.365669 -6.706960 -1.343167
v 4.439136 -7.644208 -3.736014
v 3.209452 -7.237474 -0.685191
v 3.762881 -7.530143 -0.577964
v 6.722322 2.022467 -0.330615
v 6.010242 1.063769 0.866418
v 6.655546 2.498412 1.035543
v -1.777773 -1.522561 8.248440
v -1.565516 -1.761893 7.956980
v -2.140884 -2.627001 8.259895
v -1.893772 -2.879232 7.974526
v -0.629239 0.794736 8.188491
v -1.777773 -1.522561 8.248440
v -2.290025 -8.722060 -4.033564
v -3.673724 -8.121105 -5.557880
v -2.959697 -7.852816 -3.935843
v 2.588027 -7.182649 -0.805574
v 2.558785 -7.979779 -0.311604
v 3.209452 -7.237474 -0.685191
v 1.873268 -7.437064 -0.941558
v 1.957829 -8.190083 -0.428091
v -4.882700 -7.739007 -5.320521
v -4.690425 -7.780677 -6.095715
v -5.320618 -7.971250 -5.957541
v 5.102719 8.224014 -2.807292
v 3.967346 6.913197 -3.315151
v 5.437559 6.788907 -2.827517
v 3.741924 1.212904 3.929426
v 2.991589 2.680433 5.175927
v 4.096017 2.677039 4.552556
v 3.142676 4.158210 5.649184
v 2.991589 2.680433 5.175927
v 1.870590 5.584811 6.094172
v 3.194096 5.584556 5.775418
v 3.143164 6.923656 5.649916
v -0.519579 -4.257330 8.274028
v -0.636793 -3.873744 8.654192
v 0.396229 -5.413411 8.654192
v -5.002599 8.277143 -2.903552
v -4.522029 6.954612 -3.194280
v -3.129313 8.224014 -3.407268
v 3.630072 8.237679 -3.294682
v 3.967346 6.913197 -3.315151
v 5.102719 8.224014 -2.807292
v -6.834458 2.028324 -0.330615
v -6.767194 2.498900 1.032374
v -6.120669 1.064745 0.866907
v 5.235045 -7.452659 -7.754795
v 4.643845 -7.223088 -6.792686
v 5.556725 -7.529423 -6.535586
v -4.684818 10.121192 -0.621100
v -4.859059 10.269838 -0.560175
v -5.039639 10.166999 -0.655461
v -2.126748 -7.363949 -0.914994
v -2.668725 -7.979779 -0.311604
v -2.068019 -8.190083 -0.428091
v -5.972505 2.673623 2.800874
v -5.437593 1.216321 2.362707
v -6.767194 2.498900 1.032374
v -6.931203 4.152841 1.845342
v -5.002599 8.277143 -2.903552
v -5.547986 6.788907 -2.827517
v -4.522029 6.954612 -3.194280
v 1.873268 -7.437064 -0.941558
v 2.558785 -7.979779 -0.311604
v 2.588027 -7.182649 -0.805574
v -5.837744 2.902194 -2.772686
v -6.575651 2.514238 -2.276034
v -5.700055 -0.320418 -2.513149
v -2.698455 -7.182649 -0.805574
v -2.668725 -7.979779 -0.311604
v -2.126748 -7.363949 -0.914994
v 1.350541 2.382395 7.711091
v 1.558660 4.437492 7.467639
v 1.857918 3.094720 8.004257
v 2.109654 6.086808 -3.635854
v -0.030480 8.222085 -3.628789
v -0.039009 8.259596 -3.771106
v -2.068019 -8.190083 -0.428091
v -1.653732 -7.748744 -1.008575
v -2.126748 -7.363949 -0.914994
v 0.389164 -9.424158 6.506993
v -0.087751 -9.033764 6.278895
v 0.022160 -9.416349 7.034351
v -4.422844 4.157722 4.973661
v -5.177083 2.674831 3.763226
v -5.456116 4.155770 4.078810
v 3.236016 11.350388 -0.601604
v 3.241861 11.101086 -0.677636
v 3.342755 10.925154 -0.613300
v 5.408072 14.907618 -0.722476
v 4.960649 14.359047 -0.689091
v 4.845864 14.219905 -0.773411
v 1.350541 2.382395 7.711091
v 1.857918 3.094720 8.004257
v 1.527222 1.791921 8.105392
v 0.612390 0.531769 7.844393
v 0.890934 0.344124 8.178988
v -0.843448 -2.104762 7.958688
v 5.590354 -0.322138 -2.512905
v 4.726942 1.333290 -3.010045
v 4.794200 -0.249999 -2.836046
v 6.686741 1.341331 -1.799366
v 6.464247 2.513750 -2.276766
v -0.629239 0.794736 8.188491
v -0.322185 0.679463 7.859015
v -1.565516 -1.761893 7.956980
v -0.042664 2.413120 8.108072
v -0.629239 0.794736 8.188491
v -0.322185 0.679463 7.859015
v 0.297294 2.307839 7.745208
v 0.472749 3.566272 7.608251
v -0.042664 2.413120 8.108072
v 0.098680 3.620609 7.997191
v -0.010499 4.851779 7.841956
v -0.010499 4.851779 7.841956
v 0.389408 4.878808 7.409640
v 0.013387 6.307850 7.054575
v 1.167527 -8.033138 8.629093
v 0.190067 -6.593383 8.209693
v 1.033736 -7.494328 8.444130
v 2.972578 -8.567558 -6.355739
v 2.805403 -8.321927 -5.662913
v 3.315459 -7.874499 -5.594191
v 1.167527 -8.033138 8.629093
v 1.033736 -7.494328 8.444130
v 1.228940 -8.016567 8.662237
v 4.096017 2.677039 4.552556
v 3.142676 4.158210 5.649184
v 4.312661 4.157722 4.973661
v 3.194096 5.584556 5.775418
v 4.312661 4.157722 4.973661
v 3.630072 8.237679 -3.294682
v 4.401364 9.393528 -2.733451
v 2.196656 9.416908 -3.245700
v 1.783345 8.241328 -3.562260
v 3.967346 6.913197 -3.315151
v 4.671135 -7.392233 -7.893945
v 4.643845 -7.223088 -6.792686
v 5.235045 -7.452659 -7.754795
v 1.117327 8.093657 6.194330
v 1.643953 8.707513 6.508453
v 1.647120 8.384631 6.855476
v -3.252866 4.158210 5.649184
v -4.206445 2.677039 4.552556
v -4.422844 4.157722 4.973661
v -3.304286 5.584556 5.775418
v -3.252866 4.158210 5.649184
v 1.527222 1.791921 8.105392
v 0.612390 0.531769 7.844393
v 1.350541 2.382395 7.711091
v -6.518624 5.229253 -2.319657
v -5.837744 2.902194 -2.772686
v -5.547986 6.788907 -2.827517
v 5.862565 2.673623 2.800874
v 6.821020 4.152841 1.845342
v 6.655546 2.498412 1.035543
v 3.315459 -7.874499 -5.594191
v 3.607407 -7.986101 -6.267277
v 2.972578 -8.567558 -6.355739
v -3.406393 10.960968 -0.653268
v -3.295756 11.411812 -0.678856
v -3.346200 11.350388 -0.601604
v 0.190067 -6.593383 8.209693
v -1.240183 -5.040794 7.999382
v -0.077513 -5.839643 8.010349
v 1.643953 8.707513 6.508453
v 1.022041 8.194057 5.846822
v 1.469951 8.872497 5.756166
v 4.951632 -1.633699 -2.494141
v 4.503228 -2.276813 -2.476350
v 5.227492 -1.578618 -2.258487
v -0.843448 -2.104762 7.958688
v 0.890934 0.344124 8.178988
v -0.404311 -1.913956 8.245759
v -0.840038 -3.018861 8.262573
v -1.155378 -3.381717 7.982568
v -0.843448 -2.104762 7.958688
v -0.404311 -1.913956 8.245759
v -0.840038 -3.018861 8.262573
v -0.804700 -3.687563 8.271834
v -3.205101 -8.422815 -6.337461
v -3.864297 -7.898367 -6.242421
v -3.425886 -7.874499 -5.594191
v 1.114161 7.854838 6.461420
v 1.117327 8.093657 6.194330
v 1.647120 8.384631 6.855476
v 5.227492 -1.578618 -2.258487
v 5.590354 -0.322138 -2.512905
v 4.951632 -1.633699 -2.494141
v -0.055336 5.584811 6.202859
v 1.843782 6.925864 5.989383
v 1.870590 5.584811 6.094172
v 1.843538 4.156258 5.988651
v 1.843538 4.156258 5.988651
v -0.055336 4.154794 6.094904
v 1.766042 2.681664 5.536354
v -0.030480 8.222085 -3.628789
v 1.783345 8.241328 -3.562260
v -0.056556 9.403033 -3.341227
v -5.062304 -1.632978 -2.494629
v -5.337920 -1.578618 -2.258487
v -4.611953 -2.277789 -2.477571
v -0.056556 9.403033 -3.341227
v -1.885975 8.220366 -3.567135
v -0.030480 8.222085 -3.628789
v 4.944561 10.228656 -0.728568
v 5.203125 10.288849 -0.653753
v 4.930431 10.167487 -0.655705
v 5.227492 -1.578618 -2.258487
v 6.140133 -0.235869 -2.004313
v 5.590354 -0.322138 -2.512905
v 5.066656 2.674831 3.763226
v 4.312661 4.157722 4.973661
v 5.345688 4.155770 4.078810
v 4.385526 5.584556 5.115736
v -5.062304 -1.632978 -2.494629
v -5.700055 -0.320418 -2.513149
v -5.337920 -1.578618 -2.258487
v -6.518624 5.229253 -2.319657
v -6.575651 2.514238 -2.276034
v -5.837744 2.902194 -2.772686
v -4.781319 -7.392233 -7.893945
v -5.345235 -7.452659 -7.754795
v -5.111283 -7.284746 -6.706172
v 1.783345 8.241328 -3.562260
v 2.196656 9.416908 -3.245700
v -0.056556 9.403033 -3.341227
v -2.519584 -9.725846 -7.119480
v -2.595860 -8.719621 -7.191126
v -2.836632 -9.195565 -6.354522
v -3.544570 10.677548 -0.683728
v -3.454159 10.924178 -0.717360
v -3.406393 10.960968 -0.653268
v -3.295756 11.411812 -0.678856
v -6.250805 -0.235869 -2.004313
v -5.337920 -1.578618 -2.258487
v -5.700055 -0.320418 -2.513149
v 2.177401 -8.726708 -4.034296
v 3.563296 -8.121105 -5.557880
v 2.897035 -8.860970 -5.637082
v -0.039009 8.259596 -3.771106
v -1.885975 8.220366 -3.567135
v -3.126629 8.264244 -3.570545
v -4.608787 -7.339593 -3.127261
v -4.419678 -7.275240 -2.588695
v -3.883546 -7.125617 -2.874549
v -3.673724 -8.121105 -5.557880
v -2.290025 -8.722060 -4.033564
v -3.008682 -8.858529 -5.636593
v 4.086268 -7.491657 -8.028952
v 3.423905 -7.883261 -8.161278
v 3.634215 -7.375639 -7.035649
v 6.686741 1.341331 -1.799366
v 5.590354 -0.322138 -2.512905
v 6.140133 -0.235869 -2.004313
v 5.066656 2.674831 3.763226
v 5.345688 4.155770 4.078810
v 6.191797 4.154305 3.117190
v 5.345688 4.155770 4.078810
v 6.302190 5.584811 3.188346
v -5.071077 14.359047 -0.689091
v -5.981034 15.398668 -0.663015
v -4.990659 14.252070 -0.762688
v 4.591205 10.175296 -0.739049
v 4.636774 10.109014 -0.686409
v 4.311929 10.117287 -0.691528
v 7.209225 4.152121 0.684133
v 6.722322 2.022467 -0.330615
v 6.655546 2.498412 1.035543
v -3.102261 2.680433 5.175927
v -3.852113 1.212904 3.929426
v -4.206445 2.677039 4.552556
v -3.252866 4.158210 5.649184
v -1.981018 5.584811 6.094172
v -3.304286 5.584556 5.775418
v -3.253354 6.923656 5.649916
v -1.981018 5.584811 6.094172
v -1.954210 6.925864 5.989383
v -3.103969 8.184552 5.180314
v -1.954210 6.925864 5.989383
v -2.454760 9.305795 4.637361
v -1.877446 8.184064 5.541228
v -1.981018 5.584811 6.094172
v -0.055336 5.584811 6.202859
v -1.954210 4.156258 5.988651
v -0.055336 4.154794 6.094904
v -1.876470 2.681664 5.536354
v -0.055336 5.584811 6.202859
v -0.055336 4.154794 6.094904
v 4.199828 -7.275240 -2.588695
v 4.388937 -7.339593 -3.127261
v 3.664190 -7.125617 -2.874549
v 4.552701 10.124120 -0.615493
v 4.930431 10.167487 -0.655705
v 4.848061 10.251083 -0.578698
v -5.700055 -0.320418 -2.513149
v -6.797169 1.341331 -1.799366
v -6.250805 -0.235869 -2.004313
v -4.196696 -7.491657 -8.028952
v -3.504602 -7.530399 -7.073180
v -3.498263 -7.922514 -8.174194
v -5.456116 4.155770 4.078810
v -5.177083 2.674831 3.763226
v -6.302225 4.154305 3.117190
v -5.456116 4.155770 4.078810
v -6.412862 5.584811 3.188346
v -7.319653 4.152121 0.684133
v -6.767194 2.498900 1.032374
v -6.834458 2.028324 -0.330615
v -3.319636 -7.237474 -0.685191
v -3.920836 -7.440225 -3.865415
v -4.549325 -7.644208 -3.736014
v 5.726823 2.898057 -2.772930
v 6.408441 5.229253 -2.319657
v 5.437559 6.788907 -2.827517
v 6.829549 6.996050 -1.670939
v 7.031812 5.177101 -1.660216
v 7.037663 2.776695 -1.679468
v 7.031812 5.177101 -1.660216
v 6.464247 2.513750 -2.276766
v 6.686741 1.341331 -1.799366
v 3.810646 -7.440225 -3.865415
v 3.209452 -7.237474 -0.685191
v 4.439136 -7.644208 -3.736014
v -3.504602 -7.530399 -7.073180
v -2.967012 -8.012665 -7.158717
v -3.498263 -7.922514 -8.174194
v 2.284139 -8.087476 -4.135918
v 1.979519 -8.692103 -4.173934
v 1.362486 -8.015360 -1.043909
v 2.962103 -7.544785 -4.027716
v 1.873268 -7.437064 -0.941558
v -7.319653 4.152121 0.684133
v -6.931203 4.152841 1.845342
v -6.767194 2.498900 1.032374
v 5.862565 2.673623 2.800874
v 6.191797 4.154305 3.117190
v 6.821020 4.152841 1.845342
v 6.943841 5.584811 1.902853
v 3.875226 10.269118 -0.689579
v 3.620079 10.461155 -0.686409
v 3.697331 10.485023 -0.739290
v 7.465104 4.933400 -0.320866
v 6.722322 2.022467 -0.330615
v 7.209225 4.152121 0.684133
v 3.563296 -8.121105 -5.557880
v 3.952722 -7.657362 -5.485259
v 3.315459 -7.874499 -5.594191
v -4.292470 -7.236986 -6.907953
v -4.781319 -7.392233 -7.893945
v -5.111283 -7.284746 -6.706172
v -3.673724 -8.121105 -5.557880
v -3.425886 -7.874499 -5.594191
v -4.062905 -7.657362 -5.485259
v -6.302225 4.154305 3.117190
v -5.972505 2.673623 2.800874
v -6.931203 4.152841 1.845342
v -6.931203 4.152841 1.845342
v -7.054512 5.584811 1.902853
v -6.111658 7.961326 -2.333058
v -6.518624 5.229253 -2.319657
v -5.547986 6.788907 -2.827517
v -5.828971 -8.395762 -5.824482
v -5.808984 -7.649809 -6.494889
v -6.312219 -8.241492 -6.322595
v -6.575651 2.514238 -2.276034
v -7.148090 2.776695 -1.679468
v -6.797169 1.341331 -1.799366
v -6.518624 5.229253 -2.319657
v -6.575651 2.514238 -2.276034
v -6.797169 1.341331 -1.799366
v -5.700055 -0.320418 -2.513149
v 4.631899 -8.036555 -5.355855
v 4.772273 -7.739007 -5.320521
v 3.952722 -7.657362 -5.485259
v -4.781319 -7.392233 -7.893945
v -4.292470 -7.236986 -6.907953
v -4.196696 -7.491657 -8.028952
v 2.284139 -8.087476 -4.135918
v 1.362486 -8.015360 -1.043909
v 1.873268 -7.437064 -0.941558
v -6.111658 7.961326 -2.333058
v -5.547986 6.788907 -2.827517
v -5.002599 8.277143 -2.903552
v -4.742333 -8.036555 -5.355855
v -4.062905 -7.657362 -5.485259
v -4.882700 -7.739007 -5.320521
v -4.444778 10.105853 -0.667889
v -4.746958 10.109014 -0.686165
v -4.701633 10.175296 -0.739049
v -4.530803 9.357203 -2.738081
v -5.002599 8.277143 -2.903552
v -3.129313 8.224014 -3.407268
v -7.319653 4.152121 0.684133
v -6.834458 2.028324 -0.330615
v -7.575531 4.936096 -0.320866
v 5.345688 4.155770 4.078810
v 4.385526 5.584556 5.115736
v 5.439267 5.584556 4.190179
v -4.062905 -7.657362 -5.485259
v -3.864297 -7.898367 -6.242421
v -4.690425 -7.780677 -6.095715
v -5.456116 4.155770 4.078810
v -4.496198 5.584556 5.115736
v -4.422844 4.157722 4.973661
v 3.563296 -8.121105 -5.557880
v 3.315459 -7.874499 -5.594191
v 2.805403 -8.321927 -5.662913
v 5.496287 -8.166448 -5.889550
v 5.906426 -8.686480 -5.768676
v 6.206904 -8.250022 -6.319428
v 5.556725 -7.529423 -6.535586
v -3.673724 -8.121105 -5.557880
v -2.725751 -8.572437 -5.682895
v -3.425886 -7.874499 -5.594191
v 0.264879 -6.443017 2.305440
v -0.284169 -6.623364 2.305440
v 0.252207 -6.496144 4.225518
v 6.655546 2.498412 1.035543
v 6.821020 4.152841 1.845342
v 7.209225 4.152121 0.684133
v 7.340331 5.584811 0.710941
v 7.209225 4.152121 0.684133
v 3.423905 -7.883261 -8.161278
v 2.838550 -8.031676 -7.164565
v 3.634215 -7.375639 -7.035649
v 0.190067 -6.593383 8.209693
v -0.077513 -5.839643 8.010349
v 1.033736 -7.494328 8.444130
v -3.962994 10.274487 -0.671300
v -3.807514 10.484791 -0.739049
v -3.731727 10.460179 -0.686653
v 3.630072 8.237679 -3.294682
v 5.102719 8.224014 -2.807292
v 4.401364 9.393528 -2.733451
v 3.563296 -8.121105 -5.557880
v 4.631899 -8.036555 -5.355855
v 3.952722 -7.657362 -5.485259
v -3.673724 -8.121105 -5.557880
v -4.062905 -7.657362 -5.485259
v -4.742333 -8.036555 -5.355855
v -2.189376 9.432991 -3.260565
v -4.530803 9.357203 -2.738081
v -3.129313 8.224014 -3.407268
v 2.897035 -8.860970 -5.637082
v 2.805403 -8.321927 -5.662913
v 2.417442 -9.238699 -5.676317
v -3.008682 -8.858529 -5.636593
v -2.725751 -8.572437 -5.682895
v -3.673724 -8.121105 -5.557880
v 2.897035 -8.860970 -5.637082
v 3.563296 -8.121105 -5.557880
v 2.805403 -8.321927 -5.662913
v -4.746958 10.109014 -0.686165
v -5.039639 10.166999 -0.655461
v -5.054751 10.228656 -0.728568
v 7.037663 2.776695 -1.679468
v 6.408441 5.229253 -2.319657
v 6.464247 2.513750 -2.276766
v -5.549695 5.584556 4.190179
v -5.456116 4.155770 4.078810
v -6.412862 5.584811 3.188346
v 4.944561 10.228656 -0.728568
v 4.930431 10.167487 -0.655705
v 4.636774 10.109014 -0.686409
v 4.772273 -7.739007 -5.320521
v 4.919217 -7.849144 -6.026995
v 4.264163 -7.782373 -6.159565
v 5.456813 -8.239306 -5.153590
v 4.772273 -7.739007 -5.320521
v 4.631899 -8.036555 -5.355855
v 3.952722 -7.657362 -5.485259
v 4.772273 -7.739007 -5.320521
v 4.264163 -7.782373 -6.159565
v 3.433405 10.679012 -0.646932
v 3.241861 11.101086 -0.677636
v 3.455094 10.744806 -0.728568
v 4.631899 -8.036555 -5.355855
v 5.264050 -8.512988 -5.200623
v 5.456813 -8.239306 -5.153590
v -5.567241 -8.239306 -5.153590
v -4.742333 -8.036555 -5.355855
v -4.882700 -7.739007 -5.320521
v -4.742333 -8.036555 -5.355855
v -5.567241 -8.239306 -5.153590
v -5.374234 -8.512988 -5.200623
v 1.033736 -7.494328 8.444130
v 0.642853 -6.395257 8.231138
v 0.941378 -6.649672 8.448273
v 0.252207 -6.496144 4.225518
v -0.284169 -6.623364 2.305440
v -0.307072 -6.620435 3.916511
v -0.441351 7.831434 4.994618
v -1.181454 8.284951 5.775174
v -1.002826 8.161636 4.858393
v -3.126629 8.264244 -3.570545
v -4.522029 6.954612 -3.194280
v -4.570527 6.987521 -3.333918
v -1.181454 8.284951 5.775174
v -0.441351 7.831434 4.994618
v -0.506419 7.867992 5.816604
v 3.634215 -7.375639 -7.035649
v 4.671135 -7.392233 -7.893945
v 4.086268 -7.491657 -8.028952
v 6.686741 1.341331 -1.799366
v 7.388828 2.776695 -1.021977
v 7.037663 2.776695 -1.679468
v -3.008682 -8.858529 -5.636593
v -2.551511 -9.549891 -5.650485
v -2.725751 -8.572437 -5.682895
v 3.952722 -7.657362 -5.485259
v 4.264163 -7.782373 -6.159565
v 3.607407 -7.986101 -6.267277
v 4.312661 4.157722 4.973661
v 3.194096 5.584556 5.775418
v 4.385526 5.584556 5.115736
v 4.313393 6.924400 4.974393
v 4.385526 5.584556 5.115736
v -2.513251 -7.923723 -4.120321
v -1.653732 -7.748744 -1.008575
v -1.350576 -8.304125 -1.067304
v -2.126748 -7.363949 -0.914994
v -3.262127 -7.497002 -3.990917
v 5.991481 15.357230 -0.663747
v 6.042169 13.845824 -0.762688
v 6.046311 13.725205 -0.697132
v -5.039639 10.166999 -0.655461
v -5.388125 10.364149 -0.620612
v -5.446123 10.374398 -0.677636
v -4.423333 6.924400 4.974393
v -3.304286 5.584556 5.775418
v -4.496198 5.584556 5.115736
v -4.422844 4.157722 4.973661
v 6.894129 0.732590 -1.455025
v 7.082505 0.846888 -1.051707
v 6.686741 1.341331 -1.799366
v 7.388828 2.776695 -1.021977
v 4.643845 -7.223088 -6.792686
v 4.671135 -7.392233 -7.893945
v 3.634215 -7.375639 -7.035649
v -3.008682 -8.858529 -5.636593
v -2.957751 -9.854761 -5.579325
v -2.551511 -9.549891 -5.650485
v -7.148090 2.776695 -1.679468
v -6.518624 5.229253 -2.319657
v -7.142245 5.176125 -1.660216
v -6.939733 6.996050 -1.670939
v -6.518624 5.229253 -2.319657
v -6.111658 7.961326 -2.333058
v -6.939733 6.996050 -1.670939
v 2.897035 -8.860970 -5.637082
v 2.417442 -9.238699 -5.676317
v 2.850490 -9.861339 -5.578105
v 0.642853 -6.395257 8.231138
v 0.337500 -5.483598 8.337147
v 0.941378 -6.649672 8.448273
v -1.893772 -2.879232 7.974526
v -1.509222 -3.880577 7.876562
v -1.876958 -3.827448 7.985005
v -1.240183 -5.040794 7.999382
v 3.607407 -7.986101 -6.267277
v 3.315459 -7.874499 -5.594191
v 3.952722 -7.657362 -5.485259
v -4.882700 -7.739007 -5.320521
v -4.062905 -7.657362 -5.485259
v -4.690425 -7.780677 -6.095715
v -6.797169 1.341331 -1.799366
v -7.315754 0.981404 -0.664719
v -7.004556 0.732590 -1.455025
v -6.797169 1.341331 -1.799366
v -7.479763 2.238628 -0.964465
v 1.957585 10.302515 -2.891853
v -0.056556 9.403033 -3.341227
v 2.196656 9.416908 -3.245700
v -0.901933 -4.179102 7.988904
v -1.155378 -3.381717 7.982568
v -0.804700 -3.687563 8.271834
v -7.054512 5.584811 1.902853
v -6.931203 4.152841 1.845342
v -7.450521 5.584811 0.710941
v 4.086024 10.165558 -0.665208
v 3.875226 10.269118 -0.689579
v 4.311929 10.117287 -0.691528
v -5.456360 6.926352 4.079054
v -4.496198 5.584556 5.115736
v -5.549695 5.584556 4.190179
v -5.456116 4.155770 4.078810
v -0.057532 10.298611 -2.973735
v -0.799093 10.902239 -2.491949
v -2.102380 10.302747 -2.887222
v -2.189376 9.432991 -3.260565
v -2.102380 10.302747 -2.887222
v -0.056556 9.403033 -3.341227
v -1.885975 8.220366 -3.567135
v -6.931203 4.152841 1.845342
v -7.319653 4.152121 0.684133
v -7.450521 5.584811 0.710941
v -6.102641 15.357230 -0.662771
v -6.156251 13.965235 -0.695671
v -6.152108 13.847056 -0.762688
v 5.439267 5.584556 4.190179
v 5.346170 6.926352 4.079054
v 6.302190 5.584811 3.188346
v 5.345688 4.155770 4.078810
v -4.292470 -7.236986 -6.907953
v -3.504602 -7.530399 -7.073180
v -4.196696 -7.491657 -8.028952
v 7.465104 4.933400 -0.320866
v 7.209225 4.152121 0.684133
v 7.340331 5.584811 0.710941
v 5.549903 -9.140252 -5.102658
v 5.860369 -9.503108 -4.989824
v 5.782629 -8.828572 -5.050262
v 5.264050 -8.512988 -5.200623
v 5.782629 -8.828572 -5.050262
v 5.456813 -8.239306 -5.153590
v -2.513251 -7.923723 -4.120321
v -2.126748 -7.363949 -0.914994
v -1.653732 -7.748744 -1.008575
v -2.735013 -10.201302 -5.570796
v -2.551511 -9.549891 -5.650485
v -2.957751 -9.854761 -5.579325
v -5.660331 -9.140252 -5.102658
v -5.892818 -8.828572 -5.050262
v -5.970553 -9.503108 -4.989824
v -5.374234 -8.512988 -5.200623
v -5.892818 -8.828572 -5.050262
v -5.567241 -8.239306 -5.153590
v 3.963447 -7.700497 -3.725533
v 4.631899 -8.036555 -5.355855
v 3.563296 -8.121105 -5.557880
v -3.319636 -7.237474 -0.685191
v -2.698455 -7.182649 -0.805574
v -3.920836 -7.440225 -3.865415
v 3.810646 -7.440225 -3.865415
v 2.588027 -7.182649 -0.805574
v 3.209452 -7.237474 -0.685191
v -3.673724 -8.121105 -5.557880
v -4.742333 -8.036555 -5.355855
v -4.073875 -7.700497 -3.725533
v -0.010499 4.851779 7.841956
v -0.580742 6.649998 7.462765
v 0.013387 6.307850 7.054575
v 0.814171 8.089265 4.888124
v 0.270974 7.836315 5.656008
v 0.223941 7.804871 5.005341
v -7.148090 2.776695 -1.679468
v -7.479763 2.238628 -0.964465
v -6.797169 1.341331 -1.799366
v -7.517291 5.142263 -0.950088
v 6.894129 0.732590 -1.455025
v 7.087130 -0.085735 -1.070230
v 7.082505 0.846888 -1.051707
v -7.575531 4.936096 -0.320866
v -7.450521 5.584811 0.710941
v -7.319653 4.152121 0.684133
v 2.850490 -9.861339 -5.578105
v 2.417442 -9.238699 -5.676317
v 2.625555 -10.203486 -5.570308
v 3.554279 -10.675782 -5.386318
v 3.041301 -10.729398 -5.454064
v 0.143761 -9.529671 8.167047
v 0.389164 -9.424158 6.506993
v 0.112572 -9.509684 8.163148
v 0.270974 7.836315 5.656008
v 0.814171 8.089265 4.888124
v 1.022041 8.194057 5.846822
v 7.221165 1.076435 -0.638158
v 7.388828 2.776695 -1.021977
v 7.082505 0.846888 -1.051707
v 6.302190 5.584811 3.188346
v 6.192286 6.928048 3.117434
v 6.943841 5.584811 1.902853
v 6.191797 4.154305 3.117190
v 6.943841 5.584811 1.902853
v 3.620079 10.461155 -0.686409
v 3.433405 10.679012 -0.646932
v 3.455094 10.744806 -0.728568
v -0.039009 8.259596 -3.771106
v -0.030480 8.222085 -3.628789
v -1.885975 8.220366 -3.567135
v -3.544570 10.677548 -0.683728
v -3.406393 10.960968 -0.653268
v -3.622792 10.710945 -0.582352
v -0.580742 6.649998 7.462765
v -0.366289 7.426908 6.606906
v 0.013387 6.307850 7.054575
v 3.041301 -10.729398 -5.454064
v 2.850490 -9.861339 -5.578105
v 2.625555 -10.203486 -5.570308
v -3.432469 -10.497643 -5.443341
v -2.735013 -10.201302 -5.570796
v -2.957751 -9.854761 -5.579325
v -3.126629 8.264244 -3.570545
v -1.885975 8.220366 -3.567135
v -3.129313 8.224014 -3.407268
v -4.062905 -7.657362 -5.485259
v -3.425886 -7.874499 -5.594191
v -3.864297 -7.898367 -6.242421
v 7.406619 5.144192 -0.950088
v 7.037663 2.776695 -1.679468
v 7.388828 2.776695 -1.021977
v 7.221165 1.076435 -0.638158
v 7.507751 2.774998 -0.269934
v 4.313393 6.924400 4.974393
v 3.194096 5.584556 5.775418
v 3.143164 6.923656 5.649916
v -2.735013 -10.201302 -5.570796
v -3.432469 -10.497643 -5.443341
v -3.150514 -10.728167 -5.454308
v 1.033736 -7.494328 8.444130
v -0.077513 -5.839643 8.010349
v 0.642853 -6.395257 8.231138
v 7.082505 0.846888 -1.051707
v 7.087130 -0.085735 -1.070230
v 7.221165 1.076435 -0.638158
v -6.412862 5.584811 3.188346
v -7.054512 5.584811 1.902853
v -6.302957 6.928048 3.117434
v -6.302225 4.154305 3.117190
v -7.004556 0.732590 -1.455025
v -7.315754 0.981404 -0.664719
v -7.197320 -0.085735 -1.070230
v 5.549903 -9.140252 -5.102658
v 5.489466 -9.811138 -5.068784
v 5.860369 -9.503108 -4.989824
v 3.342755 10.925154 -0.613300
v 3.241861 11.101086 -0.677636
v 3.433405 10.679012 -0.646932
v -3.304286 5.584556 5.775418
v -4.423333 6.924400 4.974393
v -3.253354 6.923656 5.649916
v 6.821020 4.152841 1.845342
v 6.943841 5.584811 1.902853
v 7.340331 5.584811 0.710941
v 6.943841 5.584811 1.902853
v 6.821752 6.929768 1.845586
v 3.563296 -8.121105 -5.557880
v 2.849757 -7.852816 -3.935843
v 3.963447 -7.700497 -3.725533
v -2.959697 -7.852816 -3.935843
v -3.673724 -8.121105 -5.557880
v -4.073875 -7.700497 -3.725533
v -5.660331 -9.140252 -5.102658
v -5.970553 -9.503108 -4.989824
v -5.599894 -9.811138 -5.068784
v -1.240183 -5.040794 7.999382
v -1.509222 -3.880577 7.876562
v -0.077513 -5.839643 8.010349
v -7.517291 5.142263 -0.950088
v -7.148090 2.776695 -1.679468
v -7.142245 5.176125 -1.660216
v -2.698455 -7.182649 -0.805574
v -3.262127 -7.497002 -3.990917
v -3.920836 -7.440225 -3.865415
v 7.037663 2.776695 -1.679468
v 7.406619 5.144192 -0.950088
v 7.031812 5.177101 -1.660216
v 7.406619 5.144192 -0.950088
v 7.202159 6.991426 -0.976164
v -4.530803 9.357203 -2.738081
v -2.189376 9.432991 -3.260565
v -3.692979 10.286665 -2.518269
v -1.885975 8.220366 -3.567135
v -2.189376 9.432991 -3.260565
v -3.129313 8.224014 -3.407268
v -2.102380 10.302747 -2.887222
v -3.692979 10.286665 -2.518269
v -2.434291 10.886876 -2.272624
v -3.692979 10.286665 -2.518269
v 4.385526 5.584556 5.115736
v 5.346170 6.926352 4.079054
v 5.439267 5.584556 4.190179
v 2.962103 -7.544785 -4.027716
v 2.588027 -7.182649 -0.805574
v 3.810646 -7.440225 -3.865415
v 6.192286 6.928048 3.117434
v 6.821752 6.929768 1.845586
v 6.943841 5.584811 1.902853
v 5.346170 6.926352 4.079054
v 6.302190 5.584811 3.188346
v 4.385526 5.584556 5.115736
v 4.313393 6.924400 4.974393
v -1.565516 -1.761893 7.956980
v -1.287704 -2.107923 7.855604
v -1.893772 -2.879232 7.974526
v 1.957585 10.302515 -2.891853
v 2.196656 9.416908 -3.245700
v 3.593271 10.295426 -2.501939
v 2.972578 -8.567558 -6.355739
v 2.481533 -8.739376 -7.186010
v 2.718163 -9.381258 -6.334538
v 2.838550 -8.031676 -7.164565
v 2.481533 -8.739376 -7.186010
v 2.409156 -9.725846 -7.119480
v -3.734893 -11.051071 -5.319059
v -3.432469 -10.497643 -5.443341
v -4.187678 -10.815156 -5.275193
v 5.065192 -10.480584 -5.106556
v 5.593038 -10.343860 -4.984221
v 5.489466 -9.811138 -5.068784
v -1.181454 8.284951 5.775174
v -0.539804 7.750046 6.267439
v -1.236284 8.102421 6.668076
v -4.496198 5.584556 5.115736
v -5.456360 6.926352 4.079054
v -4.423333 6.924400 4.974393
v -3.432469 -10.497643 -5.443341
v -3.734893 -11.051071 -5.319059
v -3.150514 -10.728167 -5.454308
v -7.479763 2.238628 -0.964465
v -7.517291 5.142263 -0.950088
v -7.618178 2.774998 -0.269934
v -7.618178 2.774998 -0.269934
v -7.315754 0.981404 -0.664719
v -5.703222 -10.344581 -4.984221
v -5.173429 -10.483257 -5.106800
v -5.599894 -9.811138 -5.068784
v -5.320618 -7.971250 -5.957541
v -5.808984 -7.649809 -6.494889
v -5.828971 -8.395762 -5.824482
v -1.565516 -1.761893 7.956980
v 0.075282 0.472552 7.739117
v -1.287704 -2.107923 7.855604
v 0.075282 0.472552 7.739117
v -1.565516 -1.761893 7.956980
v -0.322185 0.679463 7.859015
v 0.297294 2.307839 7.745208
v 0.776155 2.194030 7.607278
v 0.075282 0.472552 7.739117
v -0.322185 0.679463 7.859015
v 0.472749 3.566272 7.608251
v 0.776155 2.194030 7.607278
v 0.389408 4.878808 7.409640
v 1.021797 4.028806 7.393313
v 5.489466 -9.811138 -5.068784
v 5.593038 -10.343860 -4.984221
v 5.860369 -9.503108 -4.989824
v 1.021797 4.028806 7.393313
v 1.558660 4.437492 7.467639
v 1.350541 2.382395 7.711091
v 0.776155 2.194030 7.607278
v 0.612390 0.531769 7.844393
v 1.021797 4.028806 7.393313
v 1.350541 2.382395 7.711091
v 0.745936 6.030776 6.979029
v 1.558660 4.437492 7.467639
v 0.745936 6.030776 6.979029
v 1.258915 6.794741 6.941013
v 2.962103 -7.544785 -4.027716
v 1.873268 -7.437064 -0.941558
v 2.588027 -7.182649 -0.805574
v 3.554279 -10.675782 -5.386318
v 3.041301 -10.729398 -5.454064
v 3.625686 -11.051559 -5.318572
v -5.970553 -9.503108 -4.989824
v -5.703222 -10.344581 -4.984221
v -5.599894 -9.811138 -5.068784
v -5.549695 5.584556 4.190179
v -6.412862 5.584811 3.188346
v -5.456360 6.926352 4.079054
v 7.534802 4.914645 -0.173186
v 7.388828 2.776695 -1.021977
v 7.507751 2.774998 -0.269934
v -2.698455 -7.182649 -0.805574
v -2.126748 -7.363949 -0.914994
v -3.262127 -7.497002 -3.990917
v 3.625686 -11.051559 -5.318572
v 4.339225 -10.780086 -5.226698
v 3.554279 -10.675782 -5.386318
v 0.776155 2.194030 7.607278
v 0.612390 0.531769 7.844393
v 0.075282 0.472552 7.739117
v -0.843448 -2.104762 7.958688
v 4.339225 -10.780086 -5.226698
v 3.625686 -11.051559 -5.318572
v 4.290239 -11.120515 -5.184781
v -6.302957 6.928048 3.117434
v -7.054512 5.584811 1.902853
v -6.931935 6.929768 1.845586
v -7.450521 5.584811 0.710941
v -7.320385 6.930489 0.684621
v -5.456360 6.926352 4.079054
v -6.412862 5.584811 3.188346
v 0.776155 2.194030 7.607278
v 0.472749 3.566272 7.608251
v 1.021797 4.028806 7.393313
v -4.522029 6.954612 -3.194280
v -3.126629 8.264244 -3.570545
v -3.129313 8.224014 -3.407268
v -4.187678 -10.815156 -5.275193
v -5.173429 -10.483257 -5.106800
v -5.042805 -10.926292 -5.073412
v -4.187678 -10.815156 -5.275193
v -4.399209 -11.120770 -5.185269
v -0.441351 7.831434 4.994618
v 0.814171 8.089265 4.888124
v 0.223941 7.804871 5.005341
v -1.002826 8.161636 4.858393
v 1.171181 8.608344 4.673671
v -1.310369 8.707279 4.632974
v 1.200180 9.222942 4.419985
v -1.281609 9.321877 4.379288
v 0.892637 9.768561 4.194566
v -0.924354 9.840933 4.164591
v 0.330679 10.098764 4.058341
v -0.334124 10.125328 4.047374
v 4.339225 -10.780086 -5.226698
v 4.934330 -10.925572 -5.072927
v 5.065192 -10.480584 -5.106556
v 0.270974 7.836315 5.656008
v -0.441351 7.831434 4.994618
v 0.223941 7.804871 5.005341
v -7.312831 6.991426 -0.976164
v -7.517291 5.142263 -0.950088
v -7.142245 5.176125 -1.660216
v 5.981244 7.987634 -2.344513
v 6.408441 5.229253 -2.319657
v 6.829549 6.996050 -1.670939
v 7.031812 5.177101 -1.660216
v 7.202159 6.991426 -0.976164
v 7.329367 6.990194 -0.178549
v 6.945793 8.199170 -0.307950
v 7.406619 5.144192 -0.950088
v 7.329367 6.990194 -0.178549
v -0.506419 7.867992 5.816604
v -0.441351 7.831434 4.994618
v 0.270974 7.836315 5.656008
v 0.745936 6.030776 6.979029
v 0.380147 7.541670 6.369303
v 1.258915 6.794741 6.941013
v -3.805324 10.420949 -0.615493
v -3.544570 10.677548 -0.683728
v -3.622792 10.710945 -0.582352
v -0.901933 -4.179102 7.988904
v -0.804700 -3.687563 8.271834
v -0.519579 -4.257330 8.274028
v -1.236284 8.102421 6.668076
v -0.539804 7.750046 6.267439
v -1.088119 7.816328 6.971232
v -1.088119 7.816328 6.971232
v -0.366289 7.426908 6.606906
v -0.018052 -5.390984 8.074685
v -0.519579 -4.257330 8.274028
v 0.337500 -5.483598 8.337147
v -0.018052 -5.390984 8.074685
v -0.901933 -4.179102 7.988904
v 0.642853 -6.395257 8.231138
v 0.337500 -5.483598 8.337147
v 4.934330 -10.925572 -5.072927
v 4.339225 -10.780086 -5.226698
v 4.290239 -11.120515 -5.184781
v -6.579550 8.207700 -1.710660
v -6.939733 6.996050 -1.670939
v -6.111658 7.961326 -2.333058
v 7.388828 2.776695 -1.021977
v 7.534802 4.914645 -0.173186
v 7.406619 5.144192 -0.950088
v 7.534802 4.914645 -0.173186
v 7.329367 6.990194 -0.178549
v -1.088119 7.816328 6.971232
v -0.366289 7.426908 6.606906
v -0.580742 6.649998 7.462765
v -1.893772 -2.879232 7.974526
v -1.287704 -2.107923 7.855604
v -1.509222 -3.880577 7.876562
v -0.843448 -2.104762 7.958688
v -1.155378 -3.381717 7.982568
v 0.075282 0.472552 7.739117
v 6.821752 6.929768 1.845586
v 7.209957 6.930489 0.684621
v 7.340331 5.584811 0.710941
v -4.399209 -11.120770 -5.185269
v -3.734893 -11.051071 -5.319059
v -4.187678 -10.815156 -5.275193
v 7.341063 6.930976 -0.321354
v 7.465104 4.933400 -0.320866
v 7.340331 5.584811 0.710941
v -0.539804 7.750046 6.267439
v -1.181454 8.284951 5.775174
v -0.506419 7.867992 5.816604
v 4.401364 9.393528 -2.733451
v 5.102719 8.224014 -2.807292
v 5.352021 9.376214 -2.130548
v -7.618178 2.774998 -0.269934
v -7.517291 5.142263 -0.950088
v -7.645718 4.909044 -0.173186
v -7.439795 6.990194 -0.178549
v -7.645718 4.909044 -0.173186
v -7.054512 5.584811 1.902853
v -7.450521 5.584811 0.710941
v -6.931935 6.929768 1.845586
v -7.450521 5.584811 0.710941
v -7.575531 4.936096 -0.320866
v -7.451247 6.930976 -0.321354
v 3.143164 6.923656 5.649916
v 1.870590 5.584811 6.094172
v 1.843782 6.925864 5.989383
v 2.993779 8.184552 5.180314
v 4.098940 8.188944 4.555966
v 3.143164 6.923656 5.649916
v 5.065192 -10.480584 -5.106556
v 4.934330 -10.925572 -5.072927
v 5.593038 -10.343860 -4.984221
v -5.703222 -10.344581 -4.984221
v -5.042805 -10.926292 -5.073412
v -5.173429 -10.483257 -5.106800
v -1.509222 -3.880577 7.876562
v -1.155378 -3.381717 7.982568
v -0.901933 -4.179102 7.988904
v -1.287704 -2.107923 7.855604
v -4.530803 9.357203 -2.738081
v -5.771212 9.371101 -1.874425
v -5.002599 8.277143 -2.903552
v 1.843782 6.925864 5.989383
v -0.055336 5.584811 6.202859
v -0.055336 6.927561 6.095633
v 1.767018 8.184064 5.541228
v -0.055336 6.927561 6.095633
v -0.055336 8.184784 5.690613
v 1.630793 9.349649 4.743611
v 1.767018 8.184064 5.541228
v -0.055336 5.584811 6.202859
v -1.954210 6.925864 5.989383
v -1.877446 8.184064 5.541228
v -0.055336 9.349418 4.893242
v -0.055336 8.184784 5.690613
v -0.055336 6.927561 6.095633
v -0.055336 8.184784 5.690613
v 7.340331 5.584811 0.710941
v 7.209957 6.930489 0.684621
v 7.341063 6.930976 -0.321354
v 0.270974 7.836315 5.656008
v 1.022041 8.194057 5.846822
v 0.338476 7.722738 6.178004
v -4.444778 10.105853 -0.667889
v -4.189631 10.201371 -0.610622
v -4.684818 10.121192 -0.621100
v -0.077513 -5.839643 8.010349
v -0.018052 -5.390984 8.074685
v 0.642853 -6.395257 8.231138
v -5.771212 9.371101 -1.874425
v -6.111658 7.961326 -2.333058
v -5.002599 8.277143 -2.903552
v 0.389408 4.878808 7.409640
v 0.745936 6.030776 6.979029
v 1.021797 4.028806 7.393313
v -7.320385 6.930489 0.684621
v -7.450521 5.584811 0.710941
v -7.451247 6.930976 -0.321354
v -5.157829 -6.933579 -1.323915
v -5.642296 -6.464468 -1.835188
v -5.341819 -6.706960 -1.343167
v 5.365669 -6.706960 -1.343167
v 5.666147 -6.464468 -1.835188
v 5.181679 -6.933579 -1.323915
v -5.642296 -6.464468 -1.835188
v -6.482805 -5.659065 -1.932424
v -5.948625 -6.121831 -1.691651
v 5.972226 -6.121831 -1.691651
v 6.264419 -5.890564 -1.958012
v 5.666147 -6.464468 -1.835188
v -5.001379 -7.085898 0.773814
v -4.864178 -7.218951 -0.504611
v -5.091058 -6.948453 0.598353
v -5.091058 -6.948453 0.598353
v -4.985784 -7.052990 -0.414443
v -6.475252 -5.617882 1.317987
v -6.941923 -5.222118 1.318231
v -6.240812 -5.890564 1.666715
v -7.312831 6.991426 -0.976164
v -7.142245 5.176125 -1.660216
v -6.939733 6.996050 -1.670939
v -7.056220 8.199170 -0.307950
v -7.439795 6.990194 -0.178549
v -7.439795 6.990194 -0.178549
v -7.517291 5.142263 -0.950088
v 6.499096 -5.617882 1.317987
v 6.264419 -5.890564 1.666715
v 6.965774 -5.222118 1.318231
v 4.888022 -7.218951 -0.504611
v 5.024980 -7.085898 0.773814
v 5.114903 -6.948453 0.598353
v 5.114903 -6.948453 0.598353
v 5.009629 -7.052990 -0.414443
v 6.499096 -5.617882 -1.609284
v 6.748398 -5.428518 -1.763787
v 6.264419 -5.890564 -1.958012
v -5.720524 -6.341153 1.357952
v -6.240812 -5.890564 1.666715
v -5.642296 -6.464468 1.543647
v -6.917799 -5.197506 0.862764
v -7.418350 -4.772993 0.213070
v -6.941923 -5.222118 1.318231
v -1.954210 6.925864 5.989383
v -3.103969 8.184552 5.180314
v -1.877446 8.184064 5.541228
v 5.981244 7.987634 -2.344513
v 6.829549 6.996050 -1.670939
v 6.469610 8.207700 -1.710660
v 6.469610 8.207700 -1.710660
v 5.352021 9.376214 -2.130548
v 6.829549 6.996050 -1.670939
v 6.825650 8.202099 -1.048785
v 5.744370 -6.341153 1.357952
v 5.665903 -6.464468 1.543647
v 6.264419 -5.890564 1.666715
v 7.441956 -4.772993 0.213070
v 6.941644 -5.197506 0.862764
v 6.965774 -5.222118 1.318231
v -5.157829 -6.933579 -1.323915
v -4.985784 -7.052990 -0.414443
v -4.864178 -7.218951 -0.504611
v 5.009629 -7.052990 -0.414443
v 5.181679 -6.933579 -1.323915
v 4.888022 -7.218951 -0.504611
v -4.985784 -7.052990 -0.414443
v -5.157829 -6.933579 -1.323915
v -5.341819 -6.706960 -1.343167
v -6.475252 -5.617882 -1.609284
v -7.279446 -4.902397 -1.063894
v -7.054024 -5.068823 -0.933029
v -5.720524 -6.341153 1.357952
v -5.001379 -7.085898 0.773814
v -5.091058 -6.948453 0.598353
v -7.418350 -4.772993 0.213070
v -7.054024 -5.068823 -0.933029
v -7.279446 -4.902397 -1.063894
v -7.172946 -4.956478 0.161406
v 7.303047 -4.902397 -1.063894
v 6.748398 -5.428518 -1.763787
v 7.077875 -5.068823 -0.933029
v -7.418350 -4.772993 0.213070
v -6.917799 -5.197506 0.862764
v -7.172946 -4.956478 0.161406
v 5.181679 -6.933579 -1.323915
v 5.009629 -7.052990 -0.414443
v 5.365669 -6.706960 -1.343167
v -5.001379 -7.085898 0.773814
v -5.720524 -6.341153 1.357952
v -5.642296 -6.464468 1.543647
v 7.441956 -4.772993 0.213070
v 7.077875 -5.068823 -0.933029
v 7.196797 -4.956478 0.161406
v 7.303047 -4.902397 -1.063894
v 0.380147 7.541670 6.369303
v 1.114161 7.854838 6.461420
v 1.258915 6.794741 6.941013
v 5.744370 -6.341153 1.357952
v 5.114903 -6.948453 0.598353
v 5.024980 -7.085898 0.773814
v 6.941644 -5.197506 0.862764
v 7.441956 -4.772993 0.213070
v 7.196797 -4.956478 0.161406
v 5.024980 -7.085898 0.773814
v 5.665903 -6.464468 1.543647
v 5.744370 -6.341153 1.357952
v -0.077513 -5.839643 8.010349
v -1.509222 -3.880577 7.876562
v -0.901933 -4.179102 7.988904
v -7.279446 -4.902397 -1.063894
v -6.475252 -5.617882 -1.609284
v -6.482805 -5.659065 -1.932424
v -6.482805 -5.659065 -1.932424
v -5.948625 -6.121831 -1.691651
v -5.642296 -6.464468 -1.835188
v -5.341819 -6.706960 -1.343167
v 6.499096 -5.617882 -1.609284
v 7.077875 -5.068823 -0.933029
v 6.748398 -5.428518 -1.763787
v 6.499096 -5.617882 -1.609284
v 6.264419 -5.890564 -1.958012
v 5.972226 -6.121831 -1.691651
v -0.077513 -5.839643 8.010349
v -0.901933 -4.179102 7.988904
v -0.018052 -5.390984 8.074685
v 7.202159 6.991426 -0.976164
v 6.825650 8.202099 -1.048785
v 6.829549 6.996050 -1.670939
v 5.972226 -6.121831 -1.691651
v 5.666147 -6.464468 -1.835188
v 5.365669 -6.706960 -1.343167
v 0.389408 4.878808 7.409640
v 0.013387 6.307850 7.054575
v 0.745936 6.030776 6.979029
v -6.917799 -5.197506 0.862764
v -6.941923 -5.222118 1.318231
v -6.475252 -5.617882 1.317987
v -6.475252 -5.617882 1.317987
v -6.240812 -5.890564 1.666715
v -5.720524 -6.341153 1.357952
v 4.313393 6.924400 4.974393
v 5.069578 8.192593 3.765663
v 5.346170 6.926352 4.079054
v 3.143164 6.923656 5.649916
v 4.098940 8.188944 4.555966
v 6.941644 -5.197506 0.862764
v 6.499096 -5.617882 1.317987
v 6.965774 -5.222118 1.318231
v 6.499096 -5.617882 1.317987
v 5.744370 -6.341153 1.357952
v 6.264419 -5.890564 1.666715
v -6.936322 8.202099 -1.048785
v -7.312831 6.991426 -0.976164
v -6.939733 6.996050 -1.670939
v 5.346170 6.926352 4.079054
v 5.069578 8.192593 3.765663
v 6.192286 6.928048 3.117434
v -5.180250 8.192593 3.765663
v -5.456360 6.926352 4.079054
v -6.302957 6.928048 3.117434
v -4.423333 6.924400 4.974393
v -5.456360 6.926352 4.079054
v -3.253354 6.923656 5.649916
v -4.208880 8.188944 4.555966
v -3.103969 8.184552 5.180314
v 0.338476 7.722738 6.178004
v 1.022041 8.194057 5.846822
v 1.117327 8.093657 6.194330
v -4.423333 6.924400 4.974393
v -5.180250 8.192593 3.765663
v -4.208880 8.188944 4.555966
v 4.919217 -7.849144 -6.026995
v 5.496287 -8.166448 -5.889550
v 5.556725 -7.529423 -6.535586
v 1.957585 10.302515 -2.891853
v -0.057532 10.298611 -2.973735
v -0.056556 9.403033 -3.341227
v 1.499926 10.907607 -2.416161
v -0.057532 10.298611 -2.973735
v 3.226267 10.889572 -1.935348
v 1.317888 11.346971 -1.779627
v 7.209957 6.930489 0.684621
v 6.821752 6.929768 1.845586
v 6.666272 8.321997 1.041147
v -2.836632 -9.195565 -6.354522
v -2.595860 -8.719621 -7.191126
v -3.205101 -8.422815 -6.337461
v -3.205101 -8.422815 -6.337461
v -2.967012 -8.012665 -7.158717
v -5.320618 -7.971250 -5.957541
v -5.111283 -7.284746 -6.706172
v -5.808984 -7.649809 -6.494889
v -5.976160 8.194289 2.802822
v -6.931935 6.929768 1.845586
v -6.569074 8.196730 1.678654
v 0.013387 6.307850 7.054575
v 0.380147 7.541670 6.369303
v 0.745936 6.030776 6.979029
v 4.896070 10.270327 -1.645352
v 4.401364 9.393528 -2.733451
v 5.352021 9.376214 -2.130548
v 3.593271 10.295426 -2.501939
v 2.196656 9.416908 -3.245700
v 6.090660 9.378654 -1.272253
v 5.363229 10.258892 -0.891357
v 2.993779 8.184552 5.180314
v 1.843782 6.925864 5.989383
v 1.767018 8.184064 5.541228
v 1.767018 8.184064 5.541228
v 2.749108 9.352090 4.443136
v 6.192286 6.928048 3.117434
v 5.865732 8.194289 2.802822
v 6.821752 6.929768 1.845586
v -3.962994 10.274487 -0.671300
v -3.805324 10.420949 -0.615493
v -4.189631 10.201371 -0.610622
v -0.506419 7.867992 5.816604
v 0.270974 7.836315 5.656008
v 0.338476 7.722738 6.178004
v 0.112572 -9.509684 8.163148
v 0.389164 -9.424158 6.506993
v 0.022160 -9.416349 7.034351
v 0.380147 7.541670 6.369303
v 0.013387 6.307850 7.054575
v -0.366289 7.426908 6.606906
v 5.865732 8.194289 2.802822
v 6.666272 8.321997 1.041147
v 6.821752 6.929768 1.845586
v -4.208880 8.188944 4.555966
v -3.253354 6.923656 5.649916
v -4.423333 6.924400 4.974393
v -5.027699 9.307259 3.058702
v -5.180250 8.192593 3.765663
v -6.569074 8.196730 1.678654
v -7.320385 6.930489 0.684621
v -6.934126 8.198426 0.607125
v -6.302957 6.928048 3.117434
v -6.931935 6.929768 1.845586
v -5.976160 8.194289 2.802822
v -6.931935 6.929768 1.845586
v -7.320385 6.930489 0.684621
v -6.569074 8.196730 1.678654
v 2.993779 8.184552 5.180314
v 3.749483 9.355507 3.939416
v 4.098940 8.188944 4.555966
v 5.069578 8.192593 3.765663
v 4.313393 6.924400 4.974393
v 7.209957 6.930489 0.684621
v 6.945793 8.199170 -0.307950
v 7.341063 6.930976 -0.321354
v 6.825650 8.202099 -1.048785
v 7.202159 6.991426 -0.976164
v 6.945793 8.199170 -0.307950
v 0.380147 7.541670 6.369303
v 1.117327 8.093657 6.194330
v 1.114161 7.854838 6.461420
v 1.117327 8.093657 6.194330
v 0.380147 7.541670 6.369303
v 0.304847 7.763920 6.083205
v 5.865732 8.194289 2.802822
v 6.192286 6.928048 3.117434
v 5.069578 8.192593 3.765663
v 4.098940 8.188944 4.555966
v 4.938960 9.355019 2.983887
v -0.539804 7.750046 6.267439
v -0.506419 7.867992 5.816604
v 0.338476 7.722738 6.178004
v 5.352021 9.376214 -2.130548
v 6.469610 8.207700 -1.710660
v 6.090660 9.378654 -1.272253
v -6.934126 8.198426 0.607125
v -7.451247 6.930976 -0.321354
v -7.056220 8.199170 -0.307950
v 7.209957 6.930489 0.684621
v 6.666272 8.321997 1.041147
v 6.945793 8.199170 -0.307950
v -7.451247 6.930976 -0.321354
v -6.934126 8.198426 0.607125
v -7.320385 6.930489 0.684621
v -7.056220 8.199170 -0.307950
v -7.312831 6.991426 -0.976164
v -6.936322 8.202099 -1.048785
v 1.347862 6.657063 6.958072
v 2.432304 9.855086 4.563034
v 2.262938 6.596638 7.217853
v -6.111658 7.961326 -2.333058
v -5.771212 9.371101 -1.874425
v -6.579550 8.207700 -1.710660
v -6.936322 8.202099 -1.048785
v -6.579550 8.207700 -1.710660
v -6.435284 9.331871 -0.692501
v -7.056220 8.199170 -0.307950
v -6.936322 8.202099 -1.048785
v -6.939733 6.996050 -1.670939
v 4.086024 10.165558 -0.665208
v 4.287561 10.124841 -0.631823
v 3.930544 10.253756 -0.616470
v -5.001623 10.271791 -1.648033
v -5.771212 9.371101 -1.874425
v -4.530803 9.357203 -2.738081
v 5.865732 8.194289 2.802822
v 5.069578 8.192593 3.765663
v 4.938960 9.355019 2.983887
v 3.593271 10.295426 -2.501939
v 4.401364 9.393528 -2.733451
v 4.896070 10.270327 -1.645352
v -5.976160 8.194289 2.802822
v -5.027699 9.307259 3.058702
v -5.180250 8.192593 3.765663
v -6.302957 6.928048 3.117434
v -6.569074 8.196730 1.678654
v -5.976160 8.194289 2.802822
v 6.469610 8.207700 -1.710660
v 6.825650 8.202099 -1.048785
v 6.090660 9.378654 -1.272253
v 4.938960 9.355019 2.983887
v 4.098940 8.188944 4.555966
v 3.749483 9.355507 3.939416
v 3.749483 9.355507 3.939416
v 2.993779 8.184552 5.180314
v 2.749108 9.352090 4.443136
v 4.919217 -7.849144 -6.026995
v 5.556725 -7.529423 -6.535586
v 4.643845 -7.223088 -6.792686
v -4.444778 10.105853 -0.667889
v -4.684818 10.121192 -0.621100
v -4.746958 10.109014 -0.686165
v -5.039639 10.166999 -0.655461
v -4.690425 -7.780677 -6.095715
v -5.111283 -7.284746 -6.706172
v -5.320618 -7.971250 -5.957541
v -4.322933 6.585900 7.011685
v -1.881589 9.889436 4.536958
v -2.803735 6.601007 7.000233
v -3.954465 6.346104 7.191288
v 2.432304 9.855086 4.563034
v 1.347862 6.657063 6.958072
v 0.106477 10.669019 3.953308
v 4.979167 6.822048 6.834275
v 3.642983 6.844708 6.817704
v 2.432304 9.855086 4.563034
v 4.457659 6.627338 6.980493
v -3.103969 8.184552 5.180314
v -3.859666 9.355507 3.939416
v -2.454760 9.305795 4.637361
v 4.938960 9.355019 2.983887
v 6.048501 9.434222 0.880307
v 6.666272 8.321997 1.041147
v -0.055336 9.349418 4.893242
v 0.741794 10.257916 3.936981
v 1.630793 9.349649 4.743611
v -0.055336 8.184784 5.690613
v -0.055336 9.349418 4.893242
v -1.792153 6.389494 7.373085
v -1.881589 9.889436 4.536958
v -0.871471 6.401672 7.149618
v -0.037789 6.320283 7.424749
v -0.037789 6.320283 7.424749
v 0.106477 10.669019 3.953308
v 1.347862 6.657063 6.958072
v 4.552701 10.124120 -0.615493
v 4.311929 10.117287 -0.691528
v 4.636774 10.109014 -0.686409
v 4.930431 10.167487 -0.655705
v -4.196452 10.165558 -0.665208
v -4.189631 10.201371 -0.610622
v -4.444778 10.105853 -0.667889
v -0.037789 6.320283 7.424749
v -1.881589 9.889436 4.536958
v 0.106477 10.669019 3.953308
v -6.936322 8.202099 -1.048785
v -5.771212 9.371101 -1.874425
v -6.435284 9.331871 -0.692501
v -3.859666 9.355507 3.939416
v -3.103969 8.184552 5.180314
v -4.208880 8.188944 4.555966
v -3.161234 10.261310 3.330422
v -2.454760 9.305795 4.637361
v -6.934126 8.198426 0.607125
v -6.154305 9.425925 0.925391
v -6.569074 8.196730 1.678654
v 0.304847 7.763920 6.083205
v -0.366289 7.426908 6.606906
v -0.539804 7.750046 6.267439
v -6.154305 9.425925 0.925391
v -5.027699 9.307259 3.058702
v -6.569074 8.196730 1.678654
v -0.366289 7.426908 6.606906
v 0.304847 7.763920 6.083205
v 0.380147 7.541670 6.369303
v -3.731727 10.460179 -0.686653
v -3.544570 10.677548 -0.683728
v -3.805324 10.420949 -0.615493
v -3.962994 10.274487 -0.671300
v 6.945793 8.199170 -0.307950
v 6.048501 9.434222 0.880307
v 6.309011 9.363780 -0.317941
v -1.881589 9.889436 4.536958
v -1.792153 6.389494 7.373085
v -2.803735 6.601007 7.000233
v 6.666272 8.321997 1.041147
v 5.865732 8.194289 2.802822
v 4.938960 9.355019 2.983887
v -4.208880 8.188944 4.555966
v -5.027699 9.307259 3.058702
v -3.859666 9.355507 3.939416
v -4.130170 10.252780 2.583739
v -3.161234 10.261310 3.330422
v 2.262938 6.596638 7.217853
v 2.432304 9.855086 4.563034
v 3.642983 6.844708 6.817704
v 2.749108 9.352090 4.443136
v 1.767018 8.184064 5.541228
v 1.630793 9.349649 4.743611
v 3.016933 10.276183 3.319211
v 0.741794 10.257916 3.936981
v -0.743531 10.879091 2.862283
v 0.741794 10.257916 3.936981
v -1.546994 10.250851 3.824392
v -0.055336 9.349418 4.893242
v -2.454760 9.305795 4.637361
v -1.877446 8.184064 5.541228
v 6.048501 9.434222 0.880307
v 6.945793 8.199170 -0.307950
v 6.666272 8.321997 1.041147
v 5.352021 9.376214 -2.130548
v 6.090660 9.378654 -1.272253
v 4.896070 10.270327 -1.645352
v 6.945793 8.199170 -0.307950
v 6.309011 9.363780 -0.317941
v 6.825650 8.202099 -1.048785
v -4.196452 10.165558 -0.665208
v -3.962994 10.274487 -0.671300
v -4.189631 10.201371 -0.610622
v 6.309011 9.363780 -0.317941
v 6.090660 9.378654 -1.272253
v 6.825650 8.202099 -1.048785
v -4.530803 9.357203 -2.738081
v -3.692979 10.286665 -2.518269
v -5.001623 10.271791 -1.648033
v -5.473419 10.258892 -0.891357
v -5.771212 9.371101 -1.874425
v -3.692979 10.286665 -2.518269
v -3.639119 10.883227 -1.729913
v 3.433405 10.679012 -0.646932
v 3.620079 10.461155 -0.686409
v 3.673689 10.434103 -0.621585
v 3.875226 10.269118 -0.689579
v -6.154305 9.425925 0.925391
v -7.056220 8.199170 -0.307950
v -6.435284 9.331871 -0.692501
v -6.934126 8.198426 0.607125
v -0.055336 9.349418 4.893242
v -1.546994 10.250851 3.824392
v 0.741794 10.257916 3.936981
v 3.749483 9.355507 3.939416
v 2.749108 9.352090 4.443136
v 3.016933 10.276183 3.319211
v 4.264163 -7.782373 -6.159565
v 4.919217 -7.849144 -6.026995
v 4.643845 -7.223088 -6.792686
v 3.634215 -7.375639 -7.035649
v 2.972578 -8.567558 -6.355739
v 3.607407 -7.986101 -6.267277
v -3.504602 -7.530399 -7.073180
v -3.205101 -8.422815 -6.337461
v -2.967012 -8.012665 -7.158717
v -2.454760 9.305795 4.637361
v -3.161234 10.261310 3.330422
v -1.546994 10.250851 3.824392
v -4.690425 -7.780677 -6.095715
v -4.292470 -7.236986 -6.907953
v -5.111283 -7.284746 -6.706172
v 2.972578 -8.567558 -6.355739
v 3.634215 -7.375639 -7.035649
v 2.838550 -8.031676 -7.164565
v 3.226267 10.889572 -1.935348
v 1.957585 10.302515 -2.891853
v 3.593271 10.295426 -2.501939
v 2.604354 11.331376 -1.307834
v 1.317888 11.346971 -1.779627
v 3.749483 9.355507 3.939416
v 4.019736 10.252780 2.583739
v 4.938960 9.355019 2.983887
v 4.019736 10.252780 2.583739
v 3.749483 9.355507 3.939416
v 3.016933 10.276183 3.319211
v -4.130170 10.252780 2.583739
v -3.859666 9.355507 3.939416
v -5.027699 9.307259 3.058702
v 3.930544 10.253756 -0.616470
v 3.673689 10.434103 -0.621585
v 3.875226 10.269118 -0.689579
v -3.205101 -8.422815 -6.337461
v -3.504602 -7.530399 -7.073180
v -3.864297 -7.898367 -6.242421
v 6.048501 9.434222 0.880307
v 4.938960 9.355019 2.983887
v 4.895582 10.295426 1.353808
v 4.086024 10.165558 -0.665208
v 4.311929 10.117287 -0.691528
v 4.287561 10.124841 -0.631823
v 4.552701 10.124120 -0.615493
v -6.154305 9.425925 0.925391
v -4.993093 10.289104 1.404496
v -5.027699 9.307259 3.058702
v 1.630793 9.349649 4.743611
v 3.016933 10.276183 3.319211
v 2.749108 9.352090 4.443136
v 0.741794 10.257916 3.936981
v 1.499443 10.864472 2.732395
v -6.435284 9.331871 -0.692501
v -5.771212 9.371101 -1.874425
v -5.473419 10.258892 -0.891357
v -0.799093 10.902239 -2.491949
v -1.498746 11.341625 -1.770125
v -2.434291 10.886876 -2.272624
v -2.102380 10.302747 -2.887222
v -3.692979 10.286665 -2.518269
v -3.639119 10.883227 -1.729913
v -3.353753 11.330168 -0.535319
v -4.359973 10.875443 -0.991518
v 0.813439 11.612123 -1.107029
v -1.178769 11.611891 -1.057071
v -0.055336 11.704737 -0.301615
v 1.317888 11.346971 -1.779627
v -0.799093 10.902239 -2.491949
v 1.499926 10.907607 -2.416161
v -0.057532 10.298611 -2.973735
v 1.317888 11.346971 -1.779627
v 1.731437 11.610426 -0.732713
v 0.813439 11.612123 -1.107029
v 4.264163 -7.782373 -6.159565
v 4.643845 -7.223088 -6.792686
v 3.634215 -7.375639 -7.035649
v -3.864297 -7.898367 -6.242421
v -4.292470 -7.236986 -6.907953
v -4.690425 -7.780677 -6.095715
v 4.938960 9.355019 2.983887
v 4.019736 10.252780 2.583739
v 4.895582 10.295426 1.353808
v -5.027699 9.307259 3.058702
v -4.993093 10.289104 1.404496
v -4.130170 10.252780 2.583739
v -3.864297 -7.898367 -6.242421
v -3.504602 -7.530399 -7.073180
v -4.292470 -7.236986 -6.907953
v -5.584788 10.248899 -0.074246
v -6.154305 9.425925 0.925391
v -6.435284 9.331871 -0.692501
v 3.607407 -7.986101 -6.267277
v 4.264163 -7.782373 -6.159565
v 3.634215 -7.375639 -7.035649
v 4.896070 10.270327 -1.645352
v 4.252468 10.874466 -0.989080
v 3.226267 10.889572 -1.935348
v 3.593271 10.295426 -2.501939
v 4.896070 10.270327 -1.645352
v 6.048501 9.434222 0.880307
v 5.474354 10.248643 -0.073029
v 6.309011 9.363780 -0.317941
v 4.086024 10.165558 -0.665208
v 3.930544 10.253756 -0.616470
v 3.875226 10.269118 -0.689579
v 6.309011 9.363780 -0.317941
v 5.363229 10.258892 -0.891357
v 6.090660 9.378654 -1.272253
v -2.550779 10.869586 2.363438
v -1.546994 10.250851 3.824392
v -3.161234 10.261310 3.330422
v -1.546994 10.250851 3.824392
v -2.550779 10.869586 2.363438
v -0.743531 10.879091 2.862283
v -0.743531 10.879091 2.862283
v 0.853163 11.338209 1.611881
v 1.499443 10.864472 2.732395
v 0.741794 10.257916 3.936981
v 1.499443 10.864472 2.732395
v -5.584788 10.248899 -0.074246
v -4.993093 10.289104 1.404496
v -6.154305 9.425925 0.925391
v 5.363229 10.258892 -0.891357
v 6.309011 9.363780 -0.317941
v 5.474354 10.248643 -0.073029
v 6.048501 9.434222 0.880307
v 4.895582 10.295426 1.353808
v 5.474354 10.248643 -0.073029
v 4.019736 10.252780 2.583739
v 3.972947 10.891269 0.880307
v -2.701140 11.332608 -1.313682
v -3.639119 10.883227 -1.729913
v -2.434291 10.886876 -2.272624
v -1.498746 11.341625 -1.770125
v -2.701140 11.332608 -1.313682
v -1.498746 11.341625 -1.770125
v -1.178769 11.611891 -1.057071
v -2.550779 10.869586 2.363438
v -1.263580 11.329448 1.556562
v -0.743531 10.879091 2.862283
v 3.016933 10.276183 3.319211
v 1.499443 10.864472 2.732395
v 3.031551 10.852759 2.037132
v 0.853163 11.338209 1.611881
v 3.031551 10.852759 2.037132
v -4.130170 10.252780 2.583739
v -3.574783 10.889085 1.539747
v -2.550779 10.869586 2.363438
v 3.972947 10.891269 0.880307
v 4.019736 10.252780 2.583739
v 3.031551 10.852759 2.037132
v 4.019736 10.252780 2.583739
v 3.016933 10.276183 3.319211
v -2.550779 10.869586 2.363438
v -3.161234 10.261310 3.330422
v -4.130170 10.252780 2.583739
v -1.263580 11.329448 1.556562
v 0.853163 11.338209 1.611881
v -0.743531 10.879091 2.862283
v -5.001623 10.271791 -1.648033
v -3.639119 10.883227 -1.729913
v -4.359973 10.875443 -0.991518
v 1.957585 10.302515 -2.891853
v 3.226267 10.889572 -1.935348
v 1.499926 10.907607 -2.416161
v 3.247712 11.328704 -0.533126
v 2.604354 11.331376 -1.307834
v 2.604354 11.331376 -1.307834
v 1.731437 11.610426 -0.732713
v 3.247712 11.328704 -0.533126
v 1.789196 11.613332 0.011291
v 3.031551 10.852759 2.037132
v 0.853163 11.338209 1.611881
v 2.625555 11.340394 0.806225
v -4.993093 10.289104 1.404496
v -3.574783 10.889085 1.539747
v -4.130170 10.252780 2.583739
v -2.735989 11.340394 0.806225
v -1.263580 11.329448 1.556562
v -2.550779 10.869586 2.363438
v -2.735989 11.340394 0.806225
v -2.550779 10.869586 2.363438
v -3.574783 10.889085 1.539747
v 4.896070 10.270327 -1.645352
v 5.363229 10.258892 -0.891357
v 4.252468 10.874466 -0.989080
v -1.263580 11.329448 1.556562
v 0.622866 11.610914 0.552783
v 0.853163 11.338209 1.611881
v 3.031551 10.852759 2.037132
v 2.625555 11.340394 0.806225
v 3.972947 10.891269 0.880307
v 0.622866 11.610914 0.552783
v -1.263580 11.329448 1.556562
v -1.465599 11.613332 0.358070
v 1.789196 11.613332 0.011291
v 0.853163 11.338209 1.611881
v -5.001623 10.271791 -1.648033
v -4.359973 10.875443 -0.991518
v -5.473419 10.258892 -0.891357
v -4.496442 10.876395 0.101944
v -3.574783 10.889085 1.539747
v -4.993093 10.289104 1.404496
v -1.465599 11.613332 0.358070
v -1.263580 11.329448 1.556562
v -2.735989 11.340394 0.806225
v 4.425250 10.864217 -0.139314
v 5.474354 10.248643 -0.073029
v 4.895582 10.295426 1.353808
v 2.625555 11.340394 0.806225
v 0.853163 11.338209 1.611881
v 1.789196 11.613332 0.011291
v 3.972947 10.891269 0.880307
v 4.425250 10.864217 -0.139314
v 4.895582 10.295426 1.353808
v -4.496442 10.876395 0.101944
v -4.993093 10.289104 1.404496
v -5.584788 10.248899 -0.074246
v 3.226267 10.889572 -1.935348
v 4.252468 10.874466 -0.989080
v 3.247712 11.328704 -0.533126
v -6.435284 9.331871 -0.692501
v -5.473419 10.258892 -0.891357
v -5.584788 10.248899 -0.074246
v -4.496442 10.876395 0.101944
v -4.359973 10.875443 -0.991518
v 1.317888 11.346971 -1.779627
v 2.604354 11.331376 -1.307834
v 1.731437 11.610426 -0.732713
v -2.735989 11.340394 0.806225
v -3.574783 10.889085 1.539747
v -4.496442 10.876395 0.101944
v -3.353753 11.330168 -0.535319
v -3.639119 10.883227 -1.729913
v -2.701140 11.332608 -1.313682
v -1.465599 11.613332 0.358070
v -0.055336 11.704737 -0.301615
v 0.622866 11.610914 0.552783
v 5.474354 10.248643 -0.073029
v 4.425250 10.864217 -0.139314
v 5.363229 10.258892 -0.891357
v 2.625555 11.340394 0.806225
v 3.247712 11.328704 -0.533126
v 3.972947 10.891269 0.880307
v 4.425250 10.864217 -0.139314
v 4.252468 10.874466 -0.989080
v 5.363229 10.258892 -0.891357
v 3.247712 11.328704 -0.533126
v 4.425250 10.864217 -0.139314
v 3.972947 10.891269 0.880307
v -2.701140 11.332608 -1.313682
v -1.178769 11.611891 -1.057071
v -2.007338 11.610914 -0.522891
v 1.789196 11.613332 0.011291
v 0.622866 11.610914 0.552783
v -0.055336 11.704737 -0.301615
v -3.353753 11.330168 -0.535319
v -2.735989 11.340394 0.806225
v -4.496442 10.876395 0.101944
v 2.625555 11.340394 0.806225
v 1.789196 11.613332 0.011291
v 3.247712 11.328704 -0.533126
v -5.473419 10.258892 -0.891357
v -4.496442 10.876395 0.101944
v -5.584788 10.248899 -0.074246
v -2.735989 11.340394 0.806225
v -3.353753 11.330168 -0.535319
v -2.007338 11.610914 -0.522891
v -1.465599 11.613332 0.358070
v -2.735989 11.340394 0.806225
v -2.007338 11.610914 -0.522891
v -0.055336 11.704737 -0.301615
v -1.465599 11.613332 0.358070
v 0.813439 11.612123 -1.107029
v 1.731437 11.610426 -0.732713
v -0.055336 11.704737 -0.301615
v 1.731437 11.610426 -0.732713
v 1.789196 11.613332 0.011291
v -0.055336 11.704737 -0.301615
v -1.178769 11.611891 -1.057071
v -0.055336 11.704737 -0.301615
v -2.007338 11.610914 -0.522891
v -2.701140 11.332608 -1.313682
v -2.007338 11.610914 -0.522891
v -3.353753 11.330168 -0.535319
v 4.252468 10.874466 -0.989080
v 4.425250 10.864217 -0.139314
v 3.247712 11.328704 -0.533126
v -4.359973 10.875443 -0.991518
v -3.353753 11.330168 -0.535319
v -4.496442 10.876395 0.101944
v 3.188739 12.415110 -0.512654
v 3.406847 12.312014 -1.059264
v 3.630555 12.206245 -0.199995
v 3.406847 12.312014 -1.059264
v 3.188739 12.415110 -0.512654
v 3.134879 12.440697 -0.721991
v 4.574147 11.759306 -1.314899
v 3.630555 12.206245 -0.199995
v 3.406847 12.312014 -1.059264
v 3.630555 12.206245 -0.199995
v 4.574147 11.759306 -1.314899
v 4.732793 11.684262 -0.048658
v 5.783605 11.186634 -1.144069
v 4.732793 11.684262 -0.048658
v 4.574147 11.759306 -1.314899
v 6.192041 10.993388 -0.499738
v 6.249550 10.966081 -0.770485
v 5.747786 11.203437 -0.203650
v 4.732793 11.684262 -0.048658
v 5.783605 11.186634 -1.144069
v 5.747786 11.203437 -0.203650
vn -0.4554 -0.4476 -0.7696
vn -0.3545 -0.4648 -0.8114
vn -0.2131 -0.5761 -0.7891
vn -0.3689 -0.9262 -0.0785
vn -0.5417 -0.8243 -0.1649
vn -0.0785 -0.9648 -0.2510
vn 0.3695 -0.4559 -0.8097
vn 0.5044 -0.3862 -0.7723
vn 0.3308 -0.5750 -0.7483
vn 0.1728 -0.6047 -0.7775
vn 0.1262 -0.5208 -0.8443
vn 0.1263 -0.5208 -0.8443
vn 0.3695 -0.4560 -0.8097
vn 0.5745 -0.8185 0.0079
vn 0.3554 -0.9082 -0.2211
vn 0.7151 -0.6915 -0.1022
vn 0.0709 -0.9930 -0.0946
vn -0.0079 -0.9633 -0.2684
vn 0.3627 -0.9303 -0.0552
vn -0.0941 -0.5099 -0.8551
vn 0.0395 -0.4500 -0.8921
vn -0.5821 -0.3855 -0.7159
vn -0.5411 -0.2824 -0.7921
vn -0.4555 -0.4476 -0.7696
vn -0.6537 -0.7561 0.0315
vn -0.7893 -0.6078 -0.0868
vn -0.5416 -0.8243 -0.1648
vn -0.5411 -0.2823 -0.7921
vn -0.3064 -0.2750 -0.9113
vn 0.3621 0.7792 0.5116
vn -0.1660 0.8772 0.4505
vn -0.1021 0.6672 0.7378
vn -0.0784 -0.9648 -0.2510
vn -0.0553 -0.9959 -0.0711
vn -0.5417 -0.8243 -0.1648
vn 0.2203 -0.9520 -0.2124
vn 0.4316 -0.8004 -0.4159
vn -0.1020 0.6672 0.7379
vn 0.4337 0.4889 0.7569
vn 0.3228 0.9290 0.1811
vn -0.1659 0.8772 0.4505
vn 0.3150 -0.2835 -0.9057
vn 0.5818 -0.2359 -0.7784
vn -0.2285 -0.9534 -0.1970
vn -0.4408 -0.8028 -0.4014
vn 0.4337 0.4888 0.7569
vn -0.0316 0.3630 0.9312
vn -0.1020 0.6672 0.7378
vn -0.6085 0.5690 0.5531
vn 0.0944 -0.3383 -0.9363
vn -0.0472 -0.4404 -0.8966
vn -0.1969 0.9689 0.1497
vn -0.0079 -0.9633 -0.2685
vn 0.7002 -0.2281 -0.6766
vn 0.6230 -0.0473 -0.7808
vn 0.7002 -0.2282 -0.6766
vn -0.5412 -0.2823 -0.7921
vn -0.3455 -0.1492 -0.9265
vn 0.3151 -0.2835 -0.9057
vn 0.4027 -0.1658 -0.9002
vn -0.1341 -0.2681 -0.9540
vn 0.8115 -0.5830 0.0394
vn 0.2131 -0.1657 -0.9629
vn -0.4100 0.8830 -0.2286
vn -0.4339 0.8993 0.0552
vn -0.2917 0.9539 -0.0709
vn -0.1178 0.9893 0.0864
vn -0.1102 0.9838 -0.1417
vn -0.2123 0.9278 -0.3067
vn -0.2917 0.9539 -0.0710
vn 0.4179 0.8832 -0.2129
vn 0.2846 0.9566 -0.0632
vn 0.4262 0.8997 0.0947
vn 0.1258 -0.3302 -0.9355
vn -0.6085 0.5690 0.5532
vn -0.5511 0.3700 0.7479
vn 0.9444 -0.3069 -0.1180
vn 0.7151 -0.6915 -0.1021
vn -0.1102 0.9838 -0.1416
vn -0.1178 0.9893 0.0863
vn -0.0000 1.0000 -0.0000
vn 0.0551 0.9756 -0.2124
vn 0.1412 0.9885 -0.0549
vn 0.2118 0.9256 -0.3137
vn -0.2128 0.9536 0.2128
vn 0.1026 0.9867 0.1263
vn 0.2131 0.9552 0.2052
vn 0.2132 0.9552 0.2053
vn 0.2846 0.9566 -0.0633
vn -0.6228 0.7805 0.0552
vn -0.6048 0.7697 -0.2042
vn -0.3764 0.9019 0.2117
vn -0.3765 0.9019 0.2117
vn -0.0000 0.9821 0.1886
vn 0.6075 0.7653 -0.2130
vn 0.6273 0.7763 0.0627
vn 0.2131 0.9552 0.2053
vn -0.6535 0.7165 0.2441
vn -0.2669 -0.9419 0.2041
vn -0.3689 -0.9261 -0.0785
vn -0.8890 -0.4563 0.0393
vn -0.9555 -0.2764 -0.1026
vn 0.2669 -0.9419 0.2041
vn 0.3237 0.9000 0.2921
vn 0.3073 0.8431 -0.4413
vn -0.2682 0.8204 -0.5049
vn -0.6324 -0.1897 -0.7510
vn -0.5187 -0.1022 -0.8488
vn -0.3764 0.9019 0.2118
vn -0.5331 0.7918 0.2979
vn -0.0791 0.8932 -0.4427
vn -0.0629 0.9522 0.2990
vn -0.0000 0.9821 0.1885
vn -0.0630 0.9522 0.2990
vn 0.0788 0.9533 0.2915
vn 0.4250 0.9052 -0.0000
vn 0.4251 0.9052 -0.0000
vn -0.2596 0.9046 0.3382
vn 0.1891 0.9062 0.3782
vn 0.5352 0.7870 0.3069
vn 0.5352 0.7870 0.3070
vn -0.4099 0.8830 -0.2287
vn -0.7411 0.5598 -0.3706
vn -0.6048 0.7698 -0.2042
vn -0.4966 0.7173 -0.4887
vn -0.0790 0.8932 -0.4426
vn -0.0237 0.9713 -0.2369
vn 0.0869 0.8926 -0.4423
vn 0.0235 0.7376 -0.6748
vn -0.0790 0.8932 -0.4427
vn 0.0869 0.8926 -0.4424
vn -0.0237 0.9712 -0.2369
vn -0.4315 0.7923 0.4314
vn -0.2595 0.9046 0.3382
vn 0.2668 -0.9419 0.2041
vn 0.3626 -0.9303 -0.0552
vn 0.4250 0.7949 0.4329
vn 0.0473 0.8997 0.4340
vn -0.1340 -0.2681 -0.9540
vn 0.0314 -0.1414 -0.9895
vn -0.7893 -0.6078 -0.0869
vn -0.1099 0.9027 0.4160
vn -0.2689 0.7989 0.5379
vn 0.5112 0.7078 -0.4876
vn -0.7570 0.5993 0.2602
vn -0.5331 0.7919 0.2979
vn -0.4314 0.7923 0.4314
vn -0.2690 0.7989 0.5379
vn 0.2835 0.7955 0.5355
vn 0.1420 -0.9784 0.1499
vn -0.8120 0.5834 -0.0158
vn -0.1420 -0.9784 0.1499
vn 0.0473 0.8996 0.4340
vn 0.8031 0.5747 -0.1575
vn 0.6075 0.7652 -0.2130
vn -0.6691 0.5983 0.4408
vn -0.1492 -0.2748 -0.9499
vn -0.2601 -0.2601 -0.9299
vn -0.1885 -0.0236 -0.9818
vn -0.0472 -0.4404 -0.8965
vn -0.4728 -0.8510 -0.2285
vn -0.4408 -0.8029 -0.4014
vn -0.6319 0.0395 -0.7741
vn -0.7026 -0.0395 -0.7105
vn -0.6324 -0.1898 -0.7510
vn -0.6296 0.1810 -0.7555
vn 0.4728 -0.8510 -0.2285
vn 0.4316 -0.8005 -0.4159
vn 0.2982 0.9415 -0.1569
vn 0.7619 0.5969 0.2514
vn 0.2118 0.9256 -0.3138
vn 0.1728 0.7775 -0.6047
vn 0.2985 0.6048 -0.7383
vn -0.6830 -0.6594 0.3140
vn -0.1967 -0.0944 -0.9759
vn 0.1028 0.7986 0.5930
vn 0.2835 0.7955 0.5356
vn 0.0474 0.8996 0.4340
vn -0.0550 0.7941 0.6053
vn 0.0474 0.8997 0.4340
vn -0.1968 -0.0945 -0.9759
vn -0.1970 0.9689 0.1497
vn 0.2981 0.9415 -0.1569
vn -0.2129 0.9699 -0.1183
vn 0.0791 -0.9802 0.1818
vn -0.0553 -0.9871 0.1500
vn -0.3702 -0.8821 0.2914
vn -0.5041 0.1496 0.8506
vn 0.4890 0.2208 0.8439
vn -0.0791 -0.9802 0.1818
vn 0.3702 -0.8821 0.2914
vn 0.0553 -0.9871 0.1501
vn 0.3240 0.9405 -0.1027
vn 0.3237 0.9397 -0.1106
vn 0.3148 0.9286 -0.1967
vn 0.7869 0.4879 0.3777
vn 0.5122 0.0079 -0.8589
vn 0.6847 -0.6611 0.3069
vn -0.0550 0.7940 0.6054
vn 0.7576 0.6313 0.1657
vn 0.2045 -0.2281 -0.9519
vn 0.7619 0.5969 0.2513
vn 0.8031 0.5747 -0.1574
vn 0.3238 0.9397 -0.1106
vn 0.3143 0.9271 -0.2043
vn 0.6003 -0.7504 -0.2765
vn 0.4573 -0.8594 0.2286
vn 0.2998 -0.8283 -0.4733
vn -0.5586 0.6058 0.5665
vn -0.0869 0.7502 -0.6554
vn 0.3232 -0.0315 -0.9458
vn 0.0551 -0.1731 -0.9834
vn 0.1336 -0.0315 -0.9905
vn 0.4250 0.7950 0.4329
vn 0.6691 0.5983 0.4408
vn 0.6305 0.5123 -0.5832
vn 0.7619 0.5970 0.2513
vn 0.5122 0.0079 -0.8588
vn 0.8976 -0.4409 -0.0000
vn 0.6453 -0.7633 -0.0315
vn 0.6993 -0.5972 -0.3929
vn -0.9004 -0.4344 0.0237
vn -0.8114 -0.4648 -0.3545
vn -0.6611 -0.6847 -0.3069
vn 0.7075 -0.5975 0.3774
vn 0.5586 0.6058 0.5665
vn 0.4175 0.6144 0.6695
vn 0.5662 -0.1022 0.8179
vn -0.2444 -0.4178 0.8750
vn -0.2510 -0.5883 0.7687
vn -0.4262 0.6156 0.6629
vn -0.5909 -0.6854 -0.4254
vn -0.1968 -0.0944 -0.9759
vn -0.3927 0.0393 -0.9188
vn -0.3143 0.8958 -0.3143
vn -0.2982 0.8553 -0.4237
vn -0.2910 0.8573 -0.4247
vn -0.4409 -0.8974 0.0157
vn -0.6530 -0.6373 0.4091
vn -0.6517 -0.6831 0.3298
vn 0.8030 0.5747 -0.1574
vn -0.0706 -0.0314 -0.9970
vn -0.1491 -0.2748 -0.9499
vn 0.2126 0.6379 0.7402
vn -0.2826 -0.9421 0.1806
vn -0.3465 -0.9057 0.2442
vn -0.3231 -0.9221 0.2128
vn -0.2762 -0.9390 0.2052
vn -0.0473 -0.9851 0.1655
vn -0.4162 -0.8716 0.2591
vn 0.8834 -0.3234 -0.3392
vn -0.1420 0.6468 0.7493
vn -0.2761 0.6390 0.7179
vn 0.3067 -0.9278 0.2123
vn 0.4170 -0.8733 0.2518
vn 0.0473 -0.9851 0.1655
vn 0.0865 -0.9902 0.1100
vn -0.0865 -0.9902 0.1100
vn 0.3066 -0.9278 0.2123
vn 0.0315 -0.7561 -0.6537
vn -0.0315 -0.9987 -0.0393
vn -0.2753 -0.7710 -0.5743
vn -0.3705 -0.8040 0.4651
vn -0.5041 -0.8585 -0.0945
vn -0.0314 -0.9987 -0.0393
vn -0.2754 -0.7710 -0.5743
vn -0.0472 -0.7628 0.6449
vn 0.0315 -0.9984 0.0472
vn 0.0314 -0.9984 0.0471
vn 0.2749 -0.7776 0.5655
vn 0.4573 -0.8594 0.2287
vn 0.2997 -0.8283 -0.4734
vn 0.0865 -0.1100 0.9902
vn -0.2444 -0.4178 0.8751
vn 0.5662 -0.1023 0.8179
vn -0.8826 0.3625 -0.2995
vn -0.6686 0.7394 -0.0787
vn -0.2761 -0.9390 0.2051
vn -0.5917 -0.7574 0.2761
vn -0.3151 -0.8980 -0.3072
vn 0.4096 -0.8112 -0.4174
vn -0.2829 0.0236 -0.9588
vn 0.9224 0.3863 -0.0000
vn 0.8964 0.3932 0.2045
vn 0.4398 -0.8953 0.0707
vn -0.9195 0.3930 -0.0079
vn -0.8735 0.4014 0.2754
vn -0.4257 -0.8592 0.2838
vn 0.3701 -0.8821 0.2914
vn 0.4321 -0.8563 0.2828
vn 0.0553 -0.9871 0.1500
vn 0.0864 -0.1100 0.9902
vn -0.3242 -0.3717 0.8699
vn -0.4487 -0.2755 0.8502
vn -0.0000 -0.0393 0.9992
vn -0.6830 -0.6595 0.3140
vn 0.6004 -0.7504 -0.2765
vn 0.9788 -0.1815 0.0947
vn 0.4004 -0.8164 0.4161
vn 0.0158 0.6455 0.7636
vn 0.0157 0.6455 0.7636
vn 0.2126 0.6378 0.7402
vn 0.1495 0.4485 0.8812
vn -0.7726 -0.2680 0.5755
vn 0.2437 -0.9513 -0.1887
vn 0.4095 -0.8112 -0.4174
vn -0.9195 0.3929 -0.0079
vn -0.8120 0.5834 -0.0157
vn -0.3143 -0.8642 0.3928
vn -0.4409 -0.8974 0.0158
vn 0.9722 -0.2293 0.0474
vn 0.7256 -0.6231 0.2918
vn 0.7075 -0.5975 0.3773
vn 0.8975 -0.4409 -0.0000
vn 0.9362 -0.2675 0.2281
vn -0.4566 0.0078 0.8896
vn -0.2682 0.8205 -0.5049
vn -0.1185 0.5453 -0.8298
vn -0.2913 0.6062 -0.7400
vn -0.2913 0.6062 -0.7401
vn -0.1264 0.3161 -0.9403
vn -0.9195 0.3930 -0.0078
vn -0.8826 0.3625 -0.2994
vn -0.7651 0.3313 -0.5521
vn 0.8765 0.3633 -0.3159
vn 0.6054 -0.5346 -0.5896
vn 0.6054 -0.5346 -0.5897
vn 0.7460 -0.4083 0.5261
vn 0.0314 -0.1413 -0.9895
vn -0.0550 -0.0079 -0.9985
vn -0.4417 -0.8913 0.1025
vn -0.3162 -0.9486 0.0079
vn 0.8357 0.2917 0.4652
vn 0.4417 -0.8913 0.1025
vn 0.3233 -0.9463 0.0079
vn 0.0790 -0.9802 0.1818
vn 0.3384 -0.9129 0.2282
vn 0.3534 -0.9032 0.2435
vn 0.3708 -0.8915 0.2604
vn 0.3786 -0.8834 0.2761
vn 0.3708 -0.8915 0.2603
vn -0.0000 0.5835 0.8121
vn -0.5017 -0.6271 -0.5958
vn -0.5909 -0.6855 -0.4254
vn -0.5017 -0.6272 -0.5958
vn -0.8271 -0.2915 -0.4805
vn -0.7590 -0.2688 -0.5930
vn 0.8418 0.3934 0.3698
vn 0.3456 0.4477 0.8247
vn 0.5037 0.4329 0.7476
vn -0.0079 0.5063 -0.8623
vn -0.8735 0.4013 0.2754
vn 0.3231 -0.0315 -0.9458
vn 0.1336 -0.0314 -0.9905
vn 0.2436 0.0786 -0.9667
vn 0.0236 0.1182 0.9927
vn 0.5183 0.1099 0.8481
vn -0.7649 0.4100 0.4968
vn 0.8418 0.3934 0.3697
vn 0.5742 0.1180 -0.8102
vn 0.8765 0.3632 -0.3158
vn 0.8030 0.5747 -0.1575
vn -0.3162 -0.9487 0.0079
vn -0.3227 -0.9444 0.0630
vn -0.3465 -0.9057 0.2441
vn -0.3786 -0.8834 0.2761
vn -0.4487 -0.2755 0.8501
vn -0.6598 -0.5655 0.4949
vn -0.9839 -0.1338 -0.1181
vn -0.1572 0.4479 0.8802
vn -0.0000 0.4504 0.8928
vn -0.1572 0.4479 0.8801
vn -0.0553 -0.9871 0.1501
vn 0.0864 -0.9902 0.1100
vn 0.3227 -0.9444 0.0629
vn -0.0869 0.7502 -0.6555
vn 0.7619 0.4085 0.5027
vn -0.6598 -0.5655 0.4948
vn -0.6371 -0.6213 0.4562
vn -0.5519 -0.8042 0.2207
vn -0.3226 -0.9205 0.2204
vn 0.9614 -0.1103 0.2522
vn 0.4948 0.0942 0.8639
vn 0.9602 -0.2755 0.0472
vn 0.9909 0.0157 -0.1337
vn 0.9602 -0.2754 0.0472
vn -0.7240 -0.6138 0.3148
vn 0.7619 0.4084 0.5027
vn 0.6406 0.4112 0.6485
vn -0.7696 -0.5419 0.3377
vn 0.1889 -0.9680 0.1653
vn -0.6406 0.4113 0.6485
vn 0.7258 -0.6153 0.3077
vn -0.1974 0.1342 -0.9711
vn 0.7076 -0.5975 0.3774
vn 0.5124 -0.5913 0.6228
vn 0.9985 0.0550 -0.0078
vn 0.7664 -0.5452 0.3397
vn 0.7261 0.6787 -0.1105
vn -0.5037 0.4328 0.7476
vn -0.4262 0.6155 0.6629
vn 0.9985 0.0550 -0.0079
vn -0.5615 0.4824 -0.6723
vn -0.3619 0.4169 -0.8338
vn -0.9851 -0.1655 0.0473
vn -0.9555 -0.2764 -0.1027
vn -0.6319 0.0395 -0.7740
vn -0.4733 0.2524 -0.8440
vn 0.5037 0.4328 0.7476
vn -0.9563 0.0079 0.2924
vn -0.8770 -0.3397 0.3397
vn -0.8364 0.4734 -0.2762
vn -0.9155 0.3630 -0.1736
vn -0.8741 0.4567 -0.1654
vn -0.5724 -0.8154 0.0863
vn -0.8770 -0.3398 0.3397
vn -0.6531 -0.6373 0.4091
vn -0.6054 -0.5346 0.5896
vn -0.6054 -0.5346 0.5897
vn -0.3143 -0.8642 0.3929
vn -0.2044 -0.7154 0.6682
vn 0.1500 -0.8763 0.4579
vn 0.1183 0.5362 -0.8358
vn -0.1732 -0.9841 0.0394
vn -0.2200 -0.9744 0.0471
vn -0.2515 -0.9667 0.0471
vn -0.1413 -0.9892 0.0393
vn 0.2203 -0.9520 -0.2125
vn 0.5724 -0.8155 0.0862
vn -0.6406 0.4112 0.6485
vn -0.8118 0.2128 0.5438
vn -0.7649 0.4101 0.4968
vn 0.5124 -0.5912 0.6228
vn 0.2052 -0.7341 0.6473
vn -0.5724 -0.8154 0.0862
vn -0.3695 -0.8491 -0.3774
vn 0.0788 -0.4646 0.8820
vn -0.0079 0.4250 -0.9052
vn 0.9155 0.3630 -0.1736
vn 0.8364 0.4734 -0.2762
vn 0.8741 0.4567 -0.1654
vn 0.3791 0.4107 -0.8293
vn 0.5037 0.4328 0.7477
vn 0.5724 -0.8154 0.0863
vn 0.0078 -0.9985 0.0550
vn -0.8013 0.1414 -0.5813
vn -0.7412 0.5598 -0.3706
vn 0.7784 -0.1337 -0.6133
vn -0.0550 -0.0157 0.9984
vn 0.4402 -0.2122 0.8725
vn -0.0236 -0.0079 0.9997
vn 0.4472 -0.2354 0.8629
vn -0.5112 -0.0629 0.8572
vn -0.5133 0.1501 0.8450
vn 0.4392 0.1882 0.8784
vn -0.0000 -0.0394 0.9992
vn 0.0079 -0.9985 0.0550
vn 0.7795 0.6063 -0.1575
vn 0.7635 0.4644 -0.4487
vn 0.7825 0.5849 -0.2134
vn -0.0790 -0.9802 0.1818
vn -0.1967 -0.0945 -0.9759
vn -0.2829 0.0236 -0.9589
vn -0.7172 0.4256 -0.5517
vn -0.8416 0.3618 -0.4011
vn 0.9276 0.0550 -0.3695
vn -0.6993 -0.5972 0.3929
vn 0.2131 -0.7103 -0.6709
vn -0.5133 0.1500 0.8450
vn -0.9574 0.1962 0.2119
vn -0.6803 -0.6407 -0.3560
vn -0.7660 -0.3870 -0.5133
vn -0.3618 0.4169 -0.8338
vn -0.1970 0.2285 -0.9534
vn -0.3852 0.2201 -0.8962
vn 0.7664 -0.5452 0.3398
vn 0.6941 -0.6073 0.3865
vn 0.8416 0.3618 -0.4011
vn 0.7172 0.4256 -0.5517
vn 0.0158 -0.8763 -0.4816
vn -0.0788 -0.8506 -0.5198
vn -0.9346 0.1807 -0.3063
vn -0.4566 -0.8897 -0.0000
vn -0.0864 -0.9902 0.1100
vn -0.4789 -0.3768 -0.7929
vn 0.0632 -0.9634 -0.2606
vn -0.9725 0.1961 0.1255
vn 0.6803 -0.6407 -0.3559
vn 0.7629 -0.3854 -0.5191
vn 0.4093 0.1653 -0.8973
vn 0.4507 0.2847 -0.8461
vn 0.4567 -0.8896 -0.0000
vn 0.3227 -0.9444 0.0630
vn 0.4472 -0.2353 0.8629
vn 0.0550 -0.0315 0.9980
vn 0.4973 -0.1105 0.8605
vn 0.0550 0.0393 0.9977
vn 0.0550 -0.0314 0.9980
vn -0.4636 0.1021 0.8801
vn -0.4642 0.1888 0.8654
vn -0.4636 0.1022 0.8801
vn -0.7906 -0.1186 0.6008
vn 0.9704 0.1894 -0.1499
vn 0.9346 0.1806 -0.3063
vn 0.6803 -0.6407 -0.3560
vn 0.9758 0.1888 0.1102
vn 0.8964 0.3932 0.2044
vn 0.9588 0.1886 0.2122
vn 0.3397 -0.9400 -0.0316
vn 0.5106 -0.8562 -0.0786
vn 0.2515 -0.9667 0.0472
vn 0.8965 0.3932 0.2044
vn 0.9758 0.1889 0.1102
vn 0.0315 -0.8811 0.4720
vn 0.5272 -0.0000 0.8498
vn 0.4974 -0.1105 0.8605
vn 0.8764 0.0868 0.4737
vn 0.8746 -0.0630 0.4807
vn 0.5183 0.1100 0.8481
vn 0.8594 0.1735 0.4810
vn 0.8594 0.1735 0.4809
vn 0.8358 0.2917 0.4652
vn 0.9286 0.0315 0.3698
vn -0.9034 0.2043 0.3771
vn 0.7494 -0.1420 0.6468
vn 0.1105 0.1736 -0.9786
vn -0.0707 -0.0314 -0.9970
vn 0.1337 -0.0314 -0.9905
vn 0.1808 -0.0471 -0.9824
vn 0.6139 0.2283 -0.7556
vn 0.7729 0.3391 -0.5363
vn 0.8765 0.3632 -0.3159
vn 0.8013 0.1414 -0.5813
vn -0.3387 0.4489 0.8269
vn -0.3386 0.4489 0.8269
vn -0.1569 0.2118 0.9647
vn -0.5037 0.4329 0.7476
vn -0.3616 0.2280 0.9040
vn -0.0787 -0.8506 -0.5198
vn -0.8263 -0.4722 0.3069
vn -0.2121 0.9741 -0.0786
vn -0.2361 0.9602 -0.1495
vn -0.3298 0.8088 -0.4869
vn 0.3616 0.2280 0.9040
vn -0.9189 0.0864 -0.3849
vn -0.9704 0.1893 -0.1499
vn -0.9346 0.1806 -0.3063
vn -0.0786 -0.9741 -0.2121
vn -0.1104 -0.9858 0.1262
vn -0.0785 -0.9741 -0.2121
vn 0.9034 0.2042 0.3771
vn 0.8418 0.3933 0.3697
vn -0.9034 0.2042 0.3771
vn 0.0237 0.1182 0.9927
vn -0.4472 -0.0157 0.8943
vn -0.7958 -0.3231 0.5121
vn 0.8118 0.2128 0.5438
vn 0.9034 0.2043 0.3771
vn 0.9589 0.1886 0.2122
vn 0.9788 -0.1816 0.0947
vn 0.7493 -0.1420 0.6468
vn -0.7905 -0.1186 0.6008
vn 0.4471 -0.2353 0.8629
vn 0.6374 -0.6375 -0.4329
vn -0.0079 0.4250 -0.9051
vn 0.0314 -0.8810 0.4720
vn -0.6153 0.2445 -0.7494
vn 0.8983 -0.2364 0.3704
vn 0.8983 -0.2364 0.3703
vn 0.9601 -0.2755 0.0472
vn 0.7004 -0.1731 0.6925
vn -0.3220 -0.2278 0.9189
vn -0.3701 -0.8821 0.2914
vn -0.2210 0.8919 -0.3946
vn -0.9895 0.0707 -0.1257
vn -0.9009 -0.2371 0.3635
vn 0.7784 -0.1336 -0.6133
vn 0.4800 -0.3541 -0.8026
vn 0.2131 -0.7103 -0.6708
vn -0.5599 0.2287 0.7964
vn 0.2919 0.8677 -0.4023
vn 0.1185 -0.9642 0.2371
vn -0.6705 0.7415 0.0237
vn 0.5599 0.2287 0.7964
vn -0.6869 0.2132 0.6948
vn 0.6869 0.2132 0.6948
vn 0.1024 0.1418 -0.9846
vn -0.7958 -0.3231 0.5122
vn 0.9346 0.1807 -0.3063
vn 0.1186 -0.9642 0.2371
vn -0.9518 0.3068 -0.0000
vn 0.4566 -0.0079 0.8896
vn 0.7003 -0.1731 0.6925
vn 0.1808 -0.0472 -0.9824
vn 0.8172 -0.1100 -0.5658
vn -0.4712 -0.3691 0.8011
vn 0.4658 -0.2368 -0.8526
vn -0.9337 0.3217 0.1569
vn -0.9060 0.2048 0.3703
vn 0.1181 -0.2204 0.9682
vn 0.1569 0.2118 0.9647
vn -0.1260 -0.1733 -0.9768
vn -0.0392 -0.6280 -0.7772
vn -0.0393 -0.6280 -0.7772
vn 0.4565 0.2361 0.8578
vn -0.8530 0.0237 0.5213
vn -0.9061 0.2048 0.3703
vn -0.9472 0.0552 -0.3158
vn -0.9704 0.1894 -0.1499
vn 0.4580 -0.1895 0.8685
vn -0.0947 0.1815 -0.9788
vn 0.2522 0.3389 -0.9064
vn -0.6697 0.0552 -0.7406
vn -0.6298 -0.7637 -0.1417
vn -0.1729 0.3536 -0.9193
vn 0.9704 0.1893 -0.1499
vn 0.9503 0.0550 -0.3063
vn -0.9754 0.0079 0.2203
vn -0.5959 0.3528 -0.7214
vn 0.6384 -0.7565 -0.1419
vn 0.5959 0.3528 -0.7214
vn 0.9754 0.0079 0.2202
vn 0.9944 0.1026 0.0237
vn -0.6632 0.6710 -0.3316
vn -0.6631 0.6710 -0.3316
vn -0.8750 -0.0552 0.4809
vn -0.7958 -0.3230 0.5122
vn -0.8451 0.1738 0.5055
vn -0.8751 -0.0552 0.4809
vn 0.3233 -0.9463 -0.0000
vn 0.7636 0.4566 -0.4566
vn -0.9882 -0.0869 0.1265
vn -0.9754 0.0079 0.2202
vn -0.9224 -0.0000 0.3863
vn -0.6697 -0.7406 -0.0551
vn -0.9867 0.0394 -0.1579
vn -0.9472 0.0553 -0.3158
vn -0.9381 -0.0710 -0.3390
vn -0.9867 0.0395 -0.1579
vn -0.9472 0.0553 -0.3157
vn 0.8592 -0.2838 0.4257
vn -0.0079 0.3068 -0.9518
vn 0.4566 -0.8897 -0.0000
vn 0.6530 -0.7553 -0.0551
vn -0.7765 0.2040 0.5961
vn -0.7798 0.2284 0.5829
vn -0.7721 0.1891 0.6067
vn 0.3791 0.4107 -0.8292
vn 0.4259 0.2287 -0.8754
vn 0.6139 0.2282 -0.7556
vn 0.4334 0.0709 -0.8984
vn 0.6233 0.0394 -0.7810
vn 0.9754 0.0079 0.2203
vn 0.9881 -0.0870 0.1265
vn -0.8916 -0.2998 0.3393
vn -0.8199 -0.4493 0.3548
vn -0.8722 -0.1964 0.4479
vn 0.9857 0.0316 -0.1656
vn 0.9863 -0.0474 -0.1578
vn -0.0000 0.2052 0.9787
vn 0.1569 0.2117 0.9647
vn 0.1568 0.2117 0.9647
vn -0.0000 -0.0000 1.0000
vn -0.1568 0.2117 0.9647
vn 0.5598 0.2287 0.7964
vn 0.3700 -0.0000 0.9290
vn -0.9189 0.0864 -0.3848
vn -0.8308 -0.0000 0.5565
vn -0.7091 -0.6697 -0.2206
vn -0.4417 -0.8913 0.1026
vn -0.8133 -0.5764 -0.0790
vn 0.5739 -0.8176 -0.0472
vn -0.3226 -0.9205 0.2203
vn 0.8199 -0.4494 0.3548
vn 0.8916 -0.2998 0.3393
vn 0.6140 0.2283 -0.7556
vn -0.8112 0.0473 -0.5828
vn -0.8112 0.0472 -0.5828
vn 0.0236 0.7376 -0.6748
vn 0.7091 -0.6697 -0.2206
vn 0.6383 -0.7566 -0.1419
vn 0.4417 -0.8913 0.1026
vn -0.2827 0.8716 -0.4004
vn 0.8308 -0.0000 0.5565
vn 0.9224 -0.0000 0.3863
vn -0.2992 0.4172 -0.8581
vn -0.4732 0.2524 -0.8440
vn -0.4481 0.3616 -0.8176
vn -0.9107 -0.2591 0.3219
vn 0.1491 -0.0000 0.9888
vn 0.5724 -0.8154 0.0862
vn -0.9329 0.1186 -0.3400
vn -0.9002 -0.1658 -0.4027
vn -0.9910 -0.1023 -0.0865
vn -0.9910 -0.1022 -0.0865
vn -0.9740 0.1257 -0.1885
vn -0.9329 0.1186 -0.3399
vn -0.8309 -0.0000 0.5565
vn 0.8112 0.0473 -0.5828
vn -0.7071 -0.0000 0.7071
vn 0.9437 -0.1022 -0.3146
vn 0.9863 -0.0473 -0.1578
vn 0.8309 -0.0000 0.5565
vn 0.9002 -0.1658 -0.4027
vn 0.9329 0.1186 -0.3400
vn 0.9910 -0.1022 -0.0865
vn 0.9740 0.1257 -0.1885
vn -0.7417 0.4024 -0.5366
vn -0.6942 0.3156 -0.6469
vn -0.7460 0.4083 -0.5261
vn -0.5745 -0.0000 0.8185
vn -0.0552 0.2920 -0.9548
vn -0.0947 0.1816 -0.9788
vn 0.5665 -0.8104 -0.1495
vn 0.7021 -0.6864 -0.1893
vn 0.5106 -0.8562 -0.0785
vn 0.5745 -0.0000 0.8185
vn 0.1261 0.3231 -0.9379
vn 0.3144 0.8411 -0.4402
vn 0.3557 0.6955 -0.6244
vn 0.3225 0.8337 -0.4483
vn 0.7071 -0.0000 0.7071
vn 0.8112 0.0472 -0.5828
vn 0.8173 -0.0550 -0.5736
vn -0.9283 -0.0393 -0.3698
vn -0.9262 0.0157 -0.3768
vn -0.9699 -0.1025 -0.2208
vn -0.8105 -0.0630 -0.5823
vn -0.9815 -0.0628 -0.1806
vn -0.6763 0.2044 -0.7077
vn -0.5959 0.3529 -0.7214
vn -0.4322 0.1964 -0.8801
vn -0.1421 -0.9784 0.1499
vn 0.9075 -0.1815 0.3788
vn -0.4322 0.1965 -0.8801
vn -0.3702 0.2914 -0.8821
vn -0.6763 0.2045 -0.7077
vn -0.8436 -0.0315 -0.5361
vn -0.3701 -0.0000 0.9290
vn 0.2197 -0.4550 0.8630
vn -0.1815 -0.5761 0.7970
vn 0.2196 -0.4550 0.8630
vn 0.3071 -0.1654 0.9372
vn 0.6763 0.2044 -0.7077
vn 0.4322 0.1965 -0.8801
vn -0.8040 0.3389 0.4887
vn 0.4322 0.1964 -0.8801
vn 0.3702 0.2914 -0.8821
vn 0.8187 0.5038 -0.2755
vn 0.9427 -0.1492 0.2985
vn 0.9107 -0.2590 0.3219
vn 0.7257 -0.6231 0.2918
vn 0.7156 0.5976 -0.3617
vn -0.9381 -0.0709 -0.3390
vn -0.7793 -0.1259 -0.6139
vn 0.6763 0.2045 -0.7077
vn 0.8436 -0.0315 -0.5361
vn 0.6762 0.2044 -0.7077
vn 0.9250 -0.0791 -0.3716
vn -0.9463 0.3154 -0.0710
vn -0.8996 0.0473 -0.4340
vn -0.7792 -0.1259 -0.6139
vn 0.7876 0.3544 0.5041
vn 0.7591 0.4191 0.4981
vn 0.8485 -0.0550 0.5264
vn 0.7823 -0.3635 0.5058
vn -0.8997 0.0473 -0.4340
vn -0.9283 -0.0393 -0.3697
vn 0.9034 -0.0628 -0.4242
vn 0.9250 -0.0790 -0.3716
vn 0.9280 0.0472 -0.3696
vn 0.7804 -0.1498 -0.6070
vn -0.9463 0.3155 -0.0710
vn 0.1421 -0.9784 0.1499
vn -0.7031 -0.7110 -0.0000
vn -0.3616 -0.3852 -0.8490
vn -0.4170 -0.2518 -0.8733
vn -0.5191 -0.1494 -0.8416
vn -0.2445 -0.3628 -0.8992
vn -0.0789 -0.3946 -0.9155
vn -0.1655 -0.3704 -0.9140
vn 0.0789 -0.3946 -0.9155
vn 0.2842 -0.3710 -0.8841
vn 0.1733 -0.3861 -0.9060
vn -0.9881 -0.0870 0.1265
vn -0.9589 -0.1886 0.2122
vn -0.9754 0.0078 0.2202
vn -0.5724 -0.8155 0.0862
vn -0.6803 -0.6407 -0.3559
vn -0.8433 -0.5360 0.0394
vn 0.3785 -0.3627 -0.8516
vn -0.0000 -0.3139 -0.9495
vn -0.1655 -0.3703 -0.9140
vn 0.8746 -0.0630 0.4806
vn 0.8353 -0.2522 0.4886
vn 0.7785 -0.3853 0.4954
vn 0.8229 0.2351 0.5173
vn 0.9754 0.0078 0.2202
vn 0.9588 -0.1886 0.2122
vn -0.2361 0.9601 -0.1495
vn -0.3325 0.7907 -0.5140
vn 0.6943 -0.1894 0.6943
vn -0.8039 0.3389 0.4887
vn -0.7958 0.3467 0.4964
vn -0.8112 0.2678 0.5198
vn 0.1183 0.5361 -0.8358
vn 0.2206 0.1655 -0.9612
vn -0.2445 -0.3629 -0.8992
vn -0.2047 0.1417 -0.9685
vn 0.8753 0.4416 -0.1972
vn -0.6233 0.0394 -0.7810
vn -0.9075 -0.1815 0.3788
vn -0.9588 -0.1886 0.2122
vn 0.8362 -0.4181 -0.3550
vn -0.6943 -0.1894 0.6943
vn 0.6232 0.0395 -0.7810
vn -0.6370 -0.6213 0.4562
vn -0.7149 -0.6992 -0.0079
vn 0.8802 0.2122 0.4244
vn 0.6232 0.0394 -0.7810
vn 0.7824 -0.3635 0.5057
vn -0.8408 -0.4165 -0.3458
vn -0.7660 -0.3869 -0.5133
vn -0.8345 -0.5511 -0.0000
vn -0.7726 -0.2681 0.5755
vn -0.9382 0.2996 0.1734
vn -0.9598 -0.2754 0.0551
vn -0.9598 -0.2753 0.0550
vn 0.1568 -0.2744 -0.9487
vn -0.7726 0.1577 0.6150
vn -0.7765 0.2039 0.5961
vn -0.8183 -0.1888 0.5429
vn -0.5040 0.1497 0.8506
vn -0.8109 -0.1732 0.5590
vn -0.4566 0.0079 0.8896
vn -0.6282 -0.0314 -0.7774
vn -0.6232 0.0395 -0.7810
vn -0.3700 -0.0000 0.9290
vn -0.5592 -0.2048 0.8034
vn -0.9361 -0.0629 0.3461
vn -0.8199 -0.4494 0.3548
vn 0.2835 0.8110 -0.5118
vn -0.2131 0.8364 -0.5050
vn -0.8578 0.1023 0.5037
vn 0.8183 -0.1888 0.5429
vn -0.4713 -0.8327 -0.2906
vn 0.2043 -0.8252 -0.5266
vn -0.7023 -0.6076 -0.3709
vn 0.6282 -0.0314 -0.7774
vn 0.9985 0.0551 -0.0079
vn 0.8600 0.4340 0.2683
vn 0.9361 -0.0629 0.3461
vn 0.6852 0.2678 -0.6773
vn -0.0550 -0.4869 -0.8717
vn -0.2837 -0.7013 -0.6540
vn -0.0947 -0.2839 -0.9542
vn -0.0393 -0.6281 -0.7772
vn 0.4251 -0.2362 -0.8738
vn 0.5202 -0.1340 -0.8434
vn 0.4970 -0.0000 -0.8678
vn 0.5588 -0.1338 -0.8185
vn 0.8918 0.3315 0.3078
vn -0.5191 0.0944 0.8495
vn -0.1264 0.3160 -0.9403
vn -0.6440 -0.0707 -0.7618
vn -0.7792 -0.1259 -0.6140
vn -0.8105 -0.0629 -0.5823
vn -0.7196 0.3479 -0.6010
vn 0.4025 0.0079 -0.9154
vn 0.7805 -0.1498 -0.6070
vn 0.8433 -0.5360 0.0394
vn 0.9806 0.1961 0.0078
vn 0.6440 -0.0707 -0.7618
vn -0.8402 0.4476 -0.3062
vn -0.8192 -0.1576 0.5514
vn -0.8192 -0.1575 0.5514
vn -0.8498 -0.0000 0.5272
vn -0.9887 0.1491 0.0157
vn -0.4471 -0.0157 0.8943
vn -0.9939 -0.1025 0.0394
vn -0.9511 -0.2987 0.0786
vn -0.9939 -0.1026 0.0394
vn -0.5041 0.1497 0.8506
vn 0.0316 0.2683 -0.9628
vn -0.1569 0.2117 0.9647
vn -0.1491 -0.0000 0.9888
vn -0.3709 -0.1973 0.9075
vn -0.1576 -0.1891 0.9692
vn -0.1580 -0.3871 0.9084
vn -0.0000 -0.1809 0.9835
vn -0.0000 -0.1810 0.9835
vn 0.9589 -0.1886 0.2122
vn 0.9754 0.0078 0.2203
vn 0.8973 -0.3384 0.2834
vn -0.8497 0.3226 0.4170
vn 0.0158 -0.4185 0.9081
vn -0.4580 -0.8685 -0.1895
vn -0.5592 -0.2048 0.8033
vn -0.6936 -0.6857 -0.2207
vn -0.6684 -0.7234 -0.1730
vn -0.6853 -0.7011 -0.1969
vn 0.0315 -0.8810 0.4720
vn -0.3719 -0.7675 0.5222
vn -0.9138 -0.3860 0.1261
vn 0.3459 -0.7234 -0.5976
vn -0.4495 0.0631 -0.8911
vn 0.4507 0.2846 -0.8461
vn 0.2673 0.4559 -0.8489
vn 0.2053 -0.7341 0.6473
vn 0.4569 -0.8507 -0.2599
vn 0.8173 -0.0550 -0.5737
vn 0.6233 0.0395 -0.7810
vn 0.4407 -0.0315 -0.8971
vn -0.8452 0.4423 0.3001
vn -0.1186 0.5453 -0.8298
vn -0.0000 0.1885 -0.9821
vn -0.9458 -0.3232 -0.0315
vn -0.6697 0.0551 -0.7406
vn -0.3632 -0.0000 -0.9317
vn -0.7866 -0.3461 0.5113
vn 0.0869 0.3316 -0.9394
vn 0.9045 0.3933 -0.1652
vn 0.9129 -0.3856 0.1338
vn 0.9882 -0.0869 0.1265
vn -0.9547 -0.2762 0.1105
vn -0.9786 -0.1736 0.1105
vn 0.2600 -0.6381 0.7247
vn -0.2044 -0.7153 0.6682
vn -0.6759 0.2751 -0.6838
vn 0.9910 -0.1023 -0.0865
vn 0.9458 -0.3232 -0.0315
vn -0.8451 0.4423 0.3001
vn -0.7347 0.3002 0.6083
vn 0.7866 -0.3461 0.5113
vn 0.4892 -0.8679 0.0868
vn -0.8973 -0.3385 0.2834
vn -0.2992 0.4173 -0.8581
vn -0.8636 0.3062 -0.4004
vn -0.9598 -0.2754 0.0550
vn -0.9598 -0.2753 0.0551
vn 0.8601 0.4340 0.2683
vn 0.7312 0.2988 0.6132
vn 0.7312 0.2988 0.6133
vn -0.4715 0.0550 -0.8801
vn -0.5602 -0.0000 -0.8284
vn -0.5760 0.0868 -0.8128
vn 0.9458 -0.3231 -0.0315
vn 0.9547 -0.2762 0.1105
vn 0.9786 -0.1736 0.1105
vn -0.5527 -0.1421 -0.8212
vn -0.5191 -0.1495 -0.8415
vn -0.4970 -0.0000 -0.8678
vn -0.7031 -0.7111 -0.0000
vn 0.5592 -0.2048 0.8033
vn -0.1343 0.2292 -0.9641
vn -0.2355 0.1649 -0.9578
vn 0.8634 0.0471 -0.5023
vn 0.8602 0.0710 -0.5050
vn 0.8678 -0.0000 -0.4970
vn 0.8677 -0.0000 -0.4970
vn 0.7063 -0.0471 -0.7063
vn -0.9138 -0.3860 0.1260
vn -0.8973 -0.3384 0.2834
vn -0.8183 -0.1889 0.5429
vn -0.6533 -0.3542 0.6691
vn 0.2066 -0.8244 -0.5270
vn 0.9125 -0.3225 -0.2518
vn -0.6562 0.6167 -0.4348
vn -0.2130 0.8364 -0.5050
vn -0.7052 -0.6660 -0.2430
vn -0.5266 -0.2044 -0.8252
vn -0.6843 -0.2045 -0.7000
vn 0.8973 -0.3385 0.2834
vn 0.5274 -0.1968 -0.8265
vn 0.6943 -0.1893 0.6943
vn 0.6533 -0.3542 0.6691
vn 0.0868 0.3316 -0.9394
vn -0.0789 -0.2288 -0.9703
vn 0.0789 -0.2287 -0.9703
vn 0.3701 -0.0000 0.9290
vn 0.3709 -0.1973 0.9075
vn 0.5190 -0.3696 0.7707
vn 0.3478 -0.3874 0.8538
vn 0.2595 0.1652 -0.9515
vn 0.2595 0.1651 -0.9515
vn -0.6533 -0.3542 -0.6691
vn -0.9394 -0.0474 0.3395
vn 0.0789 0.1421 -0.9867
vn 0.6843 -0.2045 -0.7000
vn 0.6533 -0.3542 -0.6691
vn -0.9927 0.1182 0.0236
vn -0.9896 0.0707 -0.1257
vn -0.8784 0.4392 -0.1882
vn -0.8841 0.4657 -0.0395
vn 0.0158 -0.8763 -0.4815
vn 0.4874 0.8176 0.3066
vn -0.8990 0.1735 0.4022
vn -0.0706 -0.2512 -0.9654
vn 0.5592 -0.2048 0.8034
vn 0.0789 -0.2288 -0.9703
vn 0.0706 -0.2511 -0.9654
vn -0.5266 -0.2043 -0.8252
vn -0.4953 -0.3145 -0.8098
vn -0.9458 -0.3231 -0.0315
vn -0.8338 -0.3619 -0.4169
vn 0.7338 0.3472 -0.5839
vn 0.8411 0.2909 -0.4559
vn 0.8751 0.4730 -0.1025
vn -0.9495 -0.3139 -0.0000
vn -0.4505 -0.3082 -0.8379
vn 0.8880 -0.1336 -0.4401
vn -0.8283 0.2998 -0.4733
vn -0.7162 0.3463 -0.6060
vn -0.8718 0.4791 -0.1021
vn 0.1568 0.2118 0.9647
vn 0.1576 -0.1891 0.9692
vn 0.1580 -0.3871 0.9084
vn 0.3460 -0.7234 -0.5976
vn 0.4953 -0.3145 -0.8098
vn -0.4343 -0.0316 -0.9002
vn 0.8338 -0.3618 -0.4169
vn 0.4568 -0.3072 -0.8348
vn -0.4490 -0.0788 -0.8901
vn -0.1333 -0.2274 -0.9646
vn -0.4730 0.1025 -0.8751
vn 0.5033 0.1101 0.8571
vn 0.3072 -0.1654 0.9372
vn -0.4803 -0.8582 0.1811
vn 0.7950 0.4329 0.4250
vn 0.8992 0.3944 0.1893
vn -0.4561 0.7863 0.4167
vn 0.0394 0.1656 -0.9854
vn -0.0472 0.1807 -0.9824
vn -0.7949 0.4329 0.4250
vn -0.8992 0.3944 0.1893
vn -0.4579 -0.8685 -0.1895
vn -0.8589 -0.4413 -0.2600
vn 0.7172 0.5517 -0.4256
vn -0.0394 0.3860 -0.9217
vn -0.1728 0.3536 -0.9193
vn -0.4715 0.0550 -0.8802
vn -0.1897 0.0632 -0.9798
vn 0.3556 0.6955 -0.6244
vn 0.3611 0.6515 -0.6672
vn 0.7173 0.5517 -0.4256
vn 0.7155 0.5976 -0.3617
vn -0.6310 -0.2524 -0.7335
vn 0.8489 -0.4559 -0.2673
vn 0.7260 0.6787 -0.1105
vn -0.0000 0.1886 -0.9821
vn -0.3478 -0.3874 0.8538
vn 0.6310 -0.2524 -0.7336
vn 0.2206 0.1654 -0.9612
vn 0.2441 0.0472 -0.9686
vn 0.1336 0.0393 -0.9903
vn 0.3479 -0.3874 0.8538
vn -0.7267 -0.4897 0.4818
vn -0.8245 -0.4947 0.2748
vn -0.8973 -0.3385 0.2833
vn -0.3154 0.0710 -0.9463
vn 0.2441 0.0473 -0.9686
vn -0.8338 -0.3618 -0.4169
vn -0.6310 -0.2524 -0.7336
vn 0.7500 -0.6079 -0.2606
vn 0.7022 -0.6864 -0.1893
vn 0.5828 0.0473 -0.8112
vn 0.4640 0.0944 -0.8808
vn 0.7367 -0.4859 0.4702
vn 0.8973 -0.3385 0.2833
vn -0.8166 -0.5575 -0.1492
vn 0.1343 -0.2292 -0.9641
vn 0.3078 -0.2289 -0.9235
vn 0.3929 0.0236 0.9193
vn 0.6394 0.2526 0.7262
vn 0.6760 0.1415 0.7232
vn 0.6453 0.5744 -0.5036
vn 0.6301 0.5907 -0.5041
vn 0.6772 0.5433 -0.4961
vn 0.6772 0.5434 -0.4961
vn 0.5818 0.4010 -0.7076
vn 0.3795 -0.0237 -0.9249
vn 0.2281 0.1652 -0.9595
vn 0.8219 -0.4979 0.2766
vn -0.3928 0.0314 0.9191
vn -0.6760 0.1415 0.7232
vn -0.6394 0.2526 0.7262
vn 0.6310 -0.2524 -0.7335
vn 0.2044 -0.8252 -0.5266
vn 0.8508 -0.4805 -0.2127
vn 0.7591 0.4191 0.4982
vn 0.8167 -0.5575 -0.1492
vn -0.6686 0.7394 -0.0786
vn -0.9347 0.2514 -0.2513
vn -0.8639 0.4948 0.0942
vn -0.6236 0.7816 0.0158
vn -0.8841 0.4657 -0.0394
vn -0.8639 0.4948 0.0943
vn -0.6140 -0.4959 0.6140
vn -0.3226 -0.9206 0.2203
vn 0.3388 -0.0788 -0.9376
vn -0.3862 -0.0236 -0.9221
vn 0.5032 0.1101 0.8571
vn -0.8349 -0.5435 0.0867
vn -0.9547 -0.2761 0.1104
vn -0.0472 0.1808 -0.9824
vn -0.6152 0.2682 -0.7414
vn -0.4728 -0.1970 -0.8589
vn 0.7949 0.4329 0.4250
vn 0.6534 -0.3542 0.6691
vn 0.6134 -0.4876 0.6213
vn -0.0946 -0.2839 -0.9542
vn -0.7950 0.4329 0.4250
vn 0.3794 -0.0237 -0.9249
vn -0.1569 -0.4942 -0.8551
vn -0.0000 -0.5272 -0.8498
vn -0.6232 0.0394 -0.7810
vn -0.5265 -0.2043 -0.8252
vn -0.3392 -0.0631 -0.9386
vn -0.5190 -0.3696 0.7707
vn 0.4968 -0.8201 -0.2839
vn 0.4027 -0.9002 -0.1658
vn 0.5340 -0.8402 0.0943
vn 0.8753 0.4416 -0.1971
vn 0.3316 -0.8291 0.4501
vn 0.2207 -0.5519 0.8042
vn 0.4397 -0.7695 0.4633
vn 0.0236 -0.5270 0.8495
vn -0.1105 -0.2448 0.9633
vn -0.5187 -0.8095 -0.2751
vn -0.5375 -0.8379 0.0948
vn -0.4027 -0.9002 -0.1658
vn 0.8349 -0.5435 0.0866
vn 0.8411 0.2909 -0.4560
vn 0.9805 0.1961 0.0078
vn 0.9964 0.0785 0.0314
vn 0.9805 0.1961 0.0079
vn 0.9964 0.0784 0.0314
vn -0.0000 -0.5271 -0.8498
vn -0.3869 -0.6791 -0.6238
vn -0.2525 -0.7655 -0.5919
vn 0.3862 -0.7015 -0.5990
vn -0.0000 -0.5063 -0.8623
vn 0.2611 -0.7675 -0.5855
vn -0.5191 -0.3696 0.7707
vn -0.7986 -0.5930 0.1028
vn 0.1258 0.0550 -0.9905
vn -0.2212 -0.5609 0.7978
vn -0.3316 -0.8291 0.4501
vn -0.4397 -0.7695 0.4633
vn 0.1577 -0.5127 -0.8440
vn 0.2591 -0.0235 -0.9656
vn -0.0471 0.1808 -0.9824
vn -0.1336 0.0472 -0.9899
vn -0.7652 -0.6153 0.1893
vn 0.7972 -0.5920 0.1184
vn -0.3143 0.3928 -0.8642
vn -0.3162 0.3794 -0.8695
vn -0.8874 -0.3299 -0.3220
vn -0.8589 -0.4412 -0.2600
vn -0.5295 0.1344 -0.8376
vn 0.3317 -0.8291 0.4501
vn 0.4397 -0.7695 0.4632
vn 0.5340 -0.8402 0.0942
vn -0.5206 -0.7258 -0.4496
vn -0.4397 -0.7695 0.4632
vn -0.3317 -0.8291 0.4501
vn -0.5375 -0.8379 0.0949
vn -0.6533 -0.0472 0.7556
vn -0.8918 -0.0474 0.4499
vn -0.8534 -0.1264 0.5057
vn 0.5191 -0.3696 0.7707
vn 0.7754 0.4543 -0.4386
vn 0.5294 0.1343 -0.8376
vn 0.5203 -0.1340 -0.8434
vn 0.3862 -0.7014 -0.5990
vn 0.3869 0.6238 -0.6791
vn 0.8788 -0.3295 -0.3452
vn 0.8490 -0.4559 -0.2673
vn -0.3389 -0.1419 -0.9301
vn -0.1106 -0.2448 0.9633
vn -0.3143 -0.2043 0.9271
vn -0.8349 -0.5435 0.0866
vn -0.8167 -0.5575 -0.1492
vn -0.5972 -0.8015 0.0314
vn -1.0000 -0.0000 -0.0000
vn 0.3152 -0.1891 0.9300
vn 0.1027 -0.2764 0.9555
vn 0.3928 0.0236 0.9193
vn 0.9170 0.0949 -0.3874
vn 0.3459 -0.1415 -0.9276
vn -0.8889 -0.1259 -0.4405
vn -0.8096 0.0786 -0.5817
vn -0.6224 -0.5042 -0.5987
vn 0.7429 -0.6165 0.2608
vn 0.1181 0.1811 -0.9764
vn 0.0079 0.0472 -0.9989
vn 0.0394 0.1655 -0.9854
vn 0.8166 -0.5575 -0.1492
vn 0.6001 -0.7975 0.0632
vn 0.8021 -0.5820 -0.1337
vn 0.8731 -0.4641 -0.1495
vn 0.8731 -0.4641 -0.1494
vn 0.8022 -0.5819 -0.1337
vn 0.9673 -0.1258 -0.2202
vn 0.6531 -0.7553 -0.0551
vn -0.0316 -0.5212 0.8529
vn 0.3152 -0.1892 0.9300
vn -0.9462 0.1813 0.2681
vn 0.6224 -0.5042 -0.5987
vn 1.0000 -0.0000 -0.0000
vn 0.2591 -0.0236 -0.9656
vn 0.1024 -0.5279 0.8431
vn 0.1739 -0.3162 0.9326
vn -0.0707 -0.4398 0.8953
vn -0.6617 -0.6380 0.3939
vn -0.1104 -0.1262 -0.9858
vn -0.1024 -0.5279 0.8431
vn 0.0709 -0.4334 0.8984
vn -0.1739 -0.3161 0.9326
vn -0.6852 0.2678 0.6773
vn 0.1104 -0.1262 -0.9858
vn 0.0707 -0.2511 -0.9654
vn 0.9462 0.1814 0.2681
vn 0.8944 -0.1177 -0.4315
vn 0.8280 0.0316 -0.5599
vn 0.4632 -0.5024 0.7301
vn -0.5832 -0.7487 -0.3152
vn 0.4564 0.2361 0.8579
vn 0.1976 -0.0079 -0.9802
vn -0.4645 -0.6456 0.6062
vn 0.1580 -0.3870 0.9084
vn 0.3140 -0.5102 0.8007
vn -0.4570 -0.5043 0.7327
vn -0.2511 -0.5883 0.7687
vn -0.2356 -0.6989 -0.6753
vn 0.8338 -0.3619 -0.4169
vn 0.5903 -0.7399 -0.3227
vn -0.8489 0.2673 -0.4559
vn -0.8490 0.2673 -0.4559
vn 0.5907 -0.6301 0.5041
vn -0.1580 -0.3870 0.9084
vn -0.0000 -0.3863 0.9224
vn -0.1498 -0.5283 0.8358
vn -0.4506 -0.3083 -0.8378
vn 0.4264 0.0869 0.9003
vn 0.3693 0.0629 0.9272
vn 0.4567 -0.0000 0.8896
vn 0.1498 -0.5283 0.8358
vn -0.3771 -0.2357 -0.8957
vn -0.6223 -0.5042 -0.5987
vn -0.3147 -0.5192 0.7946
vn -0.3479 -0.3874 0.8538
vn 0.5350 -0.7160 0.4485
vn -0.2754 -0.7709 -0.5743
vn -0.3078 0.2289 -0.9235
vn -0.6833 -0.6911 0.2356
vn -0.3157 0.3236 -0.8920
vn -0.3158 0.3000 -0.9001
vn -0.3157 0.3236 -0.8919
vn -0.1580 -0.0079 -0.9874
vn -0.0789 -0.2287 -0.9703
vn 0.6531 0.6924 -0.3068
vn 0.3771 -0.2357 -0.8957
vn 0.9045 0.3932 -0.1652
vn 0.8726 0.4874 -0.0314
vn -0.8889 -0.1258 -0.4405
vn 0.1580 -0.0158 -0.9873
vn -0.1336 0.0471 -0.9899
vn -0.0000 -0.1182 -0.9930
vn -0.3140 -0.5339 0.7851
vn -0.5366 -0.4024 0.7417
vn 0.9996 0.0236 -0.0157
vn 0.9919 -0.1260 -0.0158
vn 0.6790 -0.6948 0.2369
vn 0.3140 -0.5339 0.7851
vn 0.1739 -0.3161 0.9326
vn 0.5334 -0.4001 0.7452
vn -0.9947 0.1027 -0.0000
vn -0.9317 0.3632 -0.0000
vn -0.6617 -0.6380 0.3938
vn 0.8229 0.2351 0.5172
vn -0.3862 -0.0237 -0.9221
vn -0.5601 -0.0000 -0.8284
vn 0.2208 -0.5519 0.8042
vn -0.5358 -0.0473 -0.8430
vn 0.4005 -0.6440 0.6518
vn -0.8133 -0.5764 -0.0789
vn -0.1494 -0.7938 -0.5895
vn -0.1493 -0.7939 -0.5895
vn 0.4105 0.0868 0.9077
vn 0.4265 0.0869 0.9003
vn -0.4570 -0.5042 0.7328
vn 0.0314 -0.1885 0.9816
vn -0.0314 -0.1885 0.9816
vn -0.6616 -0.6380 0.3939
vn -0.4339 -0.7179 0.5444
vn -0.6126 -0.6989 0.3691
vn -0.8433 -0.5359 0.0394
vn -0.9374 -0.2127 -0.2757
vn 0.6159 -0.6949 0.3711
vn -0.2053 -0.3000 0.9316
vn -0.5352 0.3778 0.7556
vn -0.7257 0.5207 0.4497
vn -0.7416 0.4418 0.5049
vn 0.2042 -0.2906 0.9348
vn -0.9563 0.2924 -0.0000
vn 0.3238 0.2369 0.9160
vn -0.0000 -0.5364 0.8440
vn 0.2600 -0.6381 0.7248
vn 0.2599 -0.6381 0.7248
vn -0.9290 0.3700 0.0079
vn 0.2529 0.2845 0.9247
vn 0.3693 0.2986 0.8800
vn 0.2834 0.3385 0.8973
vn 0.2051 -0.6389 0.7415
vn -0.3377 -0.4241 -0.8403
vn -0.3400 -0.6326 -0.6958
vn -0.1339 -0.1103 -0.9848
vn 0.8880 -0.2515 -0.3850
vn 0.6853 -0.1970 -0.7011
vn 0.6853 -0.1969 -0.7011
vn 0.6000 -0.7975 0.0632
vn 0.5903 -0.7398 -0.3227
vn 0.4082 -0.9107 -0.0628
vn 0.9563 0.2924 -0.0000
vn -0.5275 -0.4566 0.7164
vn -0.3141 -0.5339 0.7851
vn -0.9347 0.2513 -0.2514
vn 0.3469 -0.4257 -0.8357
vn 0.4022 -0.6782 -0.6151
vn 0.5199 -0.4647 0.7168
vn 0.2281 0.1651 -0.9595
vn 0.1262 -0.1104 -0.9858
vn 0.1258 0.0551 -0.9905
vn 0.0079 -0.3068 -0.9518
vn -0.2126 -0.6379 0.7402
vn -0.5599 -0.1183 -0.8201
vn -0.5646 -0.2038 -0.7998
vn -0.0000 0.2128 0.9771
vn 0.2676 0.3306 0.9051
vn 0.9534 0.2285 -0.1970
vn 0.9448 0.1338 -0.2992
vn 0.4186 -0.7265 0.5449
vn -0.5832 -0.7487 -0.3153
vn -0.3400 -0.6326 -0.6959
vn -0.3536 -0.8722 -0.3379
vn -0.0000 -0.6371 0.7708
vn -0.3377 0.2906 -0.8953
vn -0.3471 0.2051 -0.9151
vn -0.9347 0.2514 -0.2514
vn -0.6562 0.6167 -0.4349
vn -0.9278 0.2123 -0.3067
vn -0.4573 0.1971 -0.8672
vn -0.5294 0.1343 -0.8376
vn -0.1498 -0.5282 0.8358
vn -0.2126 -0.6378 0.7402
vn 0.2755 0.0472 -0.9602
vn 0.2198 0.0628 -0.9735
vn 0.2518 0.0157 -0.9677
vn -0.3769 0.2905 -0.8795
vn 0.2051 -0.6389 0.7414
vn -0.7607 -0.5725 0.3059
vn -0.5724 -0.8155 0.0863
vn -0.9947 0.1026 -0.0000
vn 0.1740 -0.7120 0.6803
vn 0.1741 -0.7120 0.6803
vn -0.1335 0.0471 -0.9899
vn -0.1258 -0.3302 -0.9355
vn 0.2123 0.0629 -0.9752
vn -0.0000 -0.6912 0.7226
vn -0.4339 -0.7179 0.5443
vn -0.1807 -0.7072 0.6836
vn 0.4565 0.2047 -0.8658
vn -0.9827 -0.1808 0.0393
vn 0.2043 -0.8252 -0.5265
vn 0.8169 -0.5027 -0.2828
vn -0.1494 -0.7939 -0.5895
vn 0.7607 -0.5725 0.3059
vn 0.3855 -0.0630 -0.9205
vn -0.3708 -0.9152 0.1578
vn 0.1178 -0.3140 -0.9421
vn -0.4722 -0.8263 0.3069
vn -0.5972 -0.8015 0.0315
vn -0.7032 -0.7110 -0.0000
vn -0.6619 -0.5752 -0.4807
vn -0.9382 0.2996 0.1735
vn -0.8637 0.3062 -0.4004
vn 0.8353 -0.2521 0.4886
vn 0.9540 -0.2996 -0.0079
vn 0.8944 -0.4472 0.0078
vn 0.8895 -0.4566 0.0157
vn 0.9492 -0.3138 -0.0235
vn 0.8896 -0.4566 0.0158
vn 0.7824 -0.3635 0.5058
vn 0.1813 0.2050 -0.9618
vn 0.1334 0.1883 -0.9730
vn 0.1810 0.1731 -0.9681
vn -0.1896 0.0632 -0.9798
vn -0.1975 0.0395 -0.9795
vn 0.1259 0.1809 -0.9754
vn 0.0631 0.2918 -0.9544
vn 0.9414 -0.0000 0.3373
vn -0.4092 -0.8341 0.3698
vn -0.5178 -0.1177 0.8474
vn -0.6533 -0.0473 0.7556
vn 0.1578 -0.5127 -0.8440
vn 0.3460 -0.7233 -0.5976
vn 0.3460 -0.7234 -0.5975
vn -0.1732 0.0315 -0.9844
vn 0.1809 0.0236 -0.9832
vn 0.9347 -0.2514 -0.2514
vn -0.8451 0.4423 0.3002
vn 0.4083 -0.9107 -0.0628
vn 0.2362 -0.8109 -0.5354
vn 0.1739 -0.9720 -0.1581
vn -0.0000 -1.0000 -0.0000
vn 0.4173 -0.8660 0.2755
vn 0.7663 0.4503 0.4582
vn 0.9027 0.3375 0.2669
vn 0.8814 0.0866 0.4643
vn 0.8814 0.0865 0.4643
vn 0.9361 -0.0630 0.3461
vn 0.8895 -0.4566 0.0158
vn 0.3469 -0.4258 -0.8357
vn 0.1418 -0.5671 -0.8113
vn 0.1177 -0.3140 -0.9421
vn 0.8973 0.1653 0.4093
vn 0.8578 0.5037 0.1023
vn 0.5601 0.8284 0.0079
vn 0.6554 0.2764 -0.7028
vn -0.6396 0.2531 0.7258
vn 0.3382 0.1966 -0.9203
vn 0.1810 0.1732 -0.9681
vn -0.9143 0.3232 0.2443
vn -0.8351 0.2678 0.4806
vn -0.3073 -0.8589 0.4097
vn -0.4092 -0.8341 0.3699
vn -0.0710 -0.5442 -0.8360
vn 0.0079 -0.3067 -0.9518
vn 0.8490 0.3616 -0.3852
vn 0.6554 0.2764 -0.7029
vn 0.4658 -0.2369 -0.8526
vn 0.4640 0.2517 -0.8493
vn -0.2361 -0.1495 0.9602
vn -0.1105 -0.2447 0.9633
vn -0.2361 -0.1496 0.9602
vn -0.8334 0.4246 -0.3538
vn -0.8680 0.3472 -0.3551
vn 0.2512 -0.8949 0.3689
vn 0.3945 -0.8601 0.3235
vn 0.3469 -0.8357 0.4257
vn 0.9125 -0.3225 -0.2517
vn 0.9372 0.3465 0.0394
vn -0.1182 -0.7800 -0.6145
vn -0.6230 -0.6230 -0.4731
vn -0.4572 0.1971 -0.8672
vn -0.3459 0.2515 -0.9039
vn -0.5295 0.1343 -0.8376
vn -0.3923 0.0306 0.9193
vn 0.2131 -0.1658 -0.9629
vn 0.7607 -0.5725 0.3058
vn -0.9459 -0.2917 0.1419
vn 0.5295 0.1343 -0.8376
vn 0.3459 0.2515 -0.9039
vn 0.4565 0.2047 -0.8659
vn 0.2124 0.0629 -0.9752
vn 0.2522 -0.8353 0.4886
vn -0.1492 -0.9658 -0.2120
vn 0.1265 -0.9721 0.1976
vn -0.1815 -0.5760 0.7970
vn 0.0079 -0.3068 -0.9517
vn 0.0315 -0.7413 -0.6704
vn 0.1258 0.1809 -0.9754
vn 0.1026 -0.2764 0.9555
vn 0.0787 0.1101 0.9908
vn -0.1418 -0.8901 0.4332
vn -0.2518 -0.8576 0.4485
vn -0.1806 0.0628 -0.9815
vn 0.1418 -0.5672 -0.8113
vn 0.0315 -0.7414 -0.6704
vn 0.0395 -0.9310 -0.3629
vn -0.3769 0.2906 -0.8795
vn -0.3549 0.1498 -0.9228
vn -0.1731 -0.8418 0.5113
vn -0.6067 -0.6146 0.5043
vn -0.1183 -0.9699 0.2129
vn 0.1569 -0.8551 0.4942
vn 0.9722 -0.2292 0.0474
vn 0.9591 0.2830 -0.0000
vn 0.3855 -0.0629 -0.9205
vn 0.2203 -0.0000 -0.9754
vn 0.2754 0.0472 -0.9602
vn -0.8529 0.5133 -0.0947
vn -0.9681 0.1810 0.1732
vn 0.6699 0.7330 -0.1182
vn 0.5904 0.7557 -0.2834
vn 0.0394 -0.9310 -0.3629
vn 0.0316 -0.7413 -0.6704
vn -0.9463 0.3154 -0.0709
vn -0.2202 -0.0157 -0.9753
vn 0.1577 -0.5127 -0.8439
vn -0.5207 -0.7258 -0.4496
vn 0.0079 0.0550 -0.9985
vn 0.0316 0.0948 -0.9950
vn 0.0236 0.0550 -0.9982
vn -0.0709 -0.8511 0.5201
vn -0.0157 0.1885 -0.9819
vn -0.0549 0.1412 -0.9885
vn -0.0706 0.2197 0.9730
vn -0.0394 0.1181 0.9922
vn -0.0078 0.1337 0.9910
vn -0.1809 0.1259 0.9754
vn -0.0868 0.0710 0.9937
vn -0.0000 -0.9999 0.0157
vn 0.1738 -0.9720 -0.1580
vn 0.6555 0.2764 -0.7028
vn -0.7885 0.4022 -0.4652
vn -0.6784 0.3628 -0.6389
vn -0.6628 0.3630 -0.6549
vn -0.6783 0.3628 -0.6389
vn -0.5888 0.3297 -0.7380
vn -0.4549 0.2745 -0.8471
vn -0.4814 0.3078 -0.8207
vn -0.4011 0.2517 -0.8808
vn -0.4549 0.2746 -0.8471
vn -0.5502 0.3223 -0.7703
vn -0.0000 -0.9999 0.0158
vn -0.9021 0.4315 -0.0000
vn -0.8751 0.4178 -0.2444
vn -0.8722 0.4243 -0.2436
vn -0.8750 0.4178 -0.2444
vn -0.9052 0.4250 -0.0000
vn -0.5218 0.3004 -0.7985
vn -0.6160 0.3396 -0.7108
vn -0.5217 0.3004 -0.7985
vn -0.6783 0.3629 -0.6389
vn -0.7885 0.4022 -0.4653
vn -0.7940 0.3930 -0.4638
vn 0.1264 -0.9721 0.1976
vn 0.7555 0.5981 0.2676
vn 0.7555 0.5981 0.2675
vn -0.4089 0.2909 -0.8650
vn -0.2763 0.2368 -0.9314
vn 0.2676 0.3305 0.9051
vn -0.0079 0.1337 0.9910
vn 0.9390 -0.2051 -0.2762
vn 0.8433 -0.5359 0.0394
vn 0.9170 0.2530 -0.3083
vn 0.9390 -0.2052 -0.2762
vn -0.4082 0.1805 0.8949
vn -0.5352 0.3778 0.7555
vn 0.1344 -0.2291 -0.9641
vn -0.2761 0.2682 -0.9230
vn -0.1336 0.2515 -0.9586
vn 0.0393 -0.8969 0.4406
vn 0.0941 -0.8551 0.5099
vn -0.0079 -0.8554 0.5179
vn -0.0000 0.2277 -0.9737
vn -0.1336 0.2514 -0.9586
vn -0.0000 0.2518 -0.9678
vn 0.8508 0.4018 -0.3387
vn 0.1336 0.2515 -0.9586
vn 0.0942 -0.8551 0.5099
vn 0.2512 -0.8949 0.3690
vn 0.1731 0.1338 -0.9758
vn -0.6628 0.7417 -0.1026
vn -0.5820 0.7707 -0.2595
vn 0.1343 0.2292 -0.9641
vn 0.1336 0.2514 -0.9586
vn 0.2761 0.2682 -0.9229
vn -0.7940 0.3931 0.4638
vn -0.8733 0.4170 0.2518
vn -0.7881 0.3941 0.4729
vn -0.0395 0.2609 0.9646
vn -0.0000 0.2830 0.9591
vn -0.0000 0.2591 0.9658
vn 0.4011 0.2517 -0.8808
vn 0.2763 0.2368 -0.9314
vn 0.4089 0.2909 -0.8650
vn 0.4011 0.2516 -0.8808
vn 0.4814 0.3078 -0.8207
vn 0.4550 0.2745 -0.8471
vn 0.4549 0.2745 -0.8471
vn 0.4814 0.3077 -0.8207
vn 0.5502 0.3223 -0.7703
vn -0.0078 -0.8554 0.5179
vn 0.5218 0.3004 -0.7984
vn 0.6160 0.3396 -0.7108
vn 0.0395 0.2609 0.9646
vn 0.5888 0.3297 -0.7380
vn 0.6783 0.3628 -0.6389
vn 0.5218 0.3004 -0.7985
vn 0.6784 0.3628 -0.6389
vn 0.7886 0.4021 -0.4652
vn 0.6628 0.3630 -0.6549
vn -0.6803 0.3560 0.6407
vn -0.6691 0.3542 0.6533
vn -0.4001 -0.5334 0.7452
vn -0.3625 -0.6226 0.6935
vn 0.7886 0.4022 -0.4652
vn 0.7940 0.3930 -0.4638
vn -0.0079 0.0550 -0.9985
vn -0.0157 0.0472 -0.9988
vn -0.0235 0.0785 -0.9966
vn -0.8901 0.1418 -0.4332
vn 0.8751 0.4178 -0.2444
vn 0.9021 0.4315 -0.0000
vn 0.8722 0.4243 -0.2436
vn -0.1733 0.1260 -0.9768
vn 0.2839 0.1971 0.9384
vn 0.4255 0.2600 0.8668
vn -0.2050 0.0394 0.9780
vn -0.3300 0.0471 0.9428
vn 0.8750 0.4178 -0.2444
vn 0.9052 0.4250 -0.0000
vn 0.0865 0.1022 -0.9910
vn -0.3226 0.2203 0.9205
vn -0.7548 0.6368 0.1572
vn -0.8351 0.2679 0.4806
vn -0.3242 0.2609 -0.9093
vn -0.5880 0.4469 0.6742
vn -0.9681 0.1810 0.1731
vn -0.5352 0.3069 0.7870
vn -0.5447 0.3237 0.7737
vn 0.0393 -0.8969 0.4405
vn -0.7887 -0.3392 -0.5127
vn 0.3219 0.2591 -0.9107
vn 0.3922 -0.0628 0.9177
vn 0.4566 -0.0000 0.8897
vn 0.3459 -0.7234 -0.5975
vn 0.0474 0.1974 -0.9792
vn 0.0865 0.1023 -0.9910
vn 0.0079 0.2277 -0.9737
vn 0.7940 0.3931 0.4638
vn 0.7881 0.3941 0.4728
vn 0.8733 0.4170 0.2518
vn 0.8803 0.2122 0.4244
vn 0.8873 0.3141 0.3377
vn 0.4891 -0.8679 0.0868
vn -0.8408 -0.4165 -0.3457
vn -0.2761 0.2682 -0.9229
vn -0.2763 0.2368 -0.9315
vn -0.4814 0.3077 -0.8207
vn -0.4570 0.4413 -0.7723
vn -0.5275 0.4566 -0.7164
vn -0.4570 0.4413 -0.7722
vn -0.4014 0.2754 0.8735
vn -0.5447 0.3237 0.7736
vn -0.1733 0.0315 -0.9844
vn 0.6803 0.3559 0.6407
vn 0.6691 0.3542 0.6534
vn 0.7881 0.3941 0.4729
vn -0.6067 -0.6145 0.5043
vn -0.4089 0.2909 0.8650
vn -0.2684 0.2448 0.9317
vn -0.4089 0.2910 0.8650
vn -0.4013 0.2754 0.8735
vn 0.4569 -0.8507 -0.2600
vn 0.5352 0.3069 0.7870
vn 0.6803 0.3560 0.6407
vn 0.5447 0.3237 0.7736
vn -0.2761 0.2682 0.9229
vn -0.1341 0.2366 0.9623
vn -0.1336 0.2514 0.9586
vn -0.4713 -0.8327 -0.2907
vn -0.0000 0.2277 0.9737
vn -0.0000 0.2518 0.9678
vn 0.2761 0.2682 -0.9230
vn 0.4089 0.2910 -0.8650
vn 0.4570 0.4413 -0.7722
vn 0.4571 0.4413 -0.7723
vn 0.5275 0.4566 -0.7164
vn -0.2519 -0.1181 0.9605
vn -0.0707 0.1179 0.9905
vn 0.1336 0.2515 0.9586
vn -0.3300 0.0472 0.9428
vn -0.3162 0.0237 0.9484
vn -0.2051 0.0394 0.9780
vn -0.3161 0.0237 0.9484
vn 0.1341 0.2366 0.9623
vn 0.2761 0.2682 0.9229
vn 0.1336 0.2514 0.9586
vn 0.6691 0.3542 0.6533
vn 0.7390 0.3773 0.5582
vn 0.4013 0.2754 0.8735
vn 0.5447 0.3237 0.7737
vn 0.4089 0.2909 0.8650
vn 0.2684 0.2448 0.9317
vn 0.4014 0.2754 0.8735
vn 0.2519 -0.1181 0.9605
vn 0.0707 0.1179 0.9905
vn 0.2042 -0.2907 0.9348
vn 0.2685 0.2448 0.9317
vn 0.4089 0.2910 0.8650
vn 0.2761 0.2682 0.9230
vn -0.2367 0.3472 -0.9074
vn -0.3534 0.3770 -0.8561
vn -0.4550 0.2745 -0.8471
vn -0.8750 0.4178 0.2444
vn -0.8678 0.4970 -0.0000
vn 0.4726 -0.3623 0.8034
vn 0.5118 -0.2835 0.8110
vn 0.8880 -0.2515 -0.3851
vn 0.8745 -0.3309 -0.3545
vn -0.1022 0.3146 -0.9437
vn 0.4721 -0.0236 0.8812
vn 0.3922 -0.0627 0.9177
vn 0.4251 -0.1181 0.8974
vn -0.2198 -0.0628 -0.9735
vn -0.0000 0.2996 -0.9541
vn -0.1344 0.2292 -0.9641
vn 0.9251 0.3796 -0.0079
vn 0.9997 0.0236 0.0079
vn 0.9997 0.0236 0.0078
vn -0.0000 0.2127 0.9771
vn 0.3463 -0.6060 0.7162
vn 0.3928 -0.5263 0.7541
vn 0.1022 0.3146 -0.9437
vn 0.1344 0.2292 -0.9641
vn 0.3534 0.3770 -0.8561
vn 0.2367 0.3472 -0.9074
vn 0.4549 0.2745 -0.8472
vn 0.3397 -0.1738 -0.9243
vn -0.7956 -0.5908 -0.1339
vn -0.6697 -0.7406 -0.0552
vn -0.9231 -0.3471 -0.1657
vn -0.9619 -0.1498 -0.2286
vn -0.9299 0.2600 -0.2601
vn -0.9619 -0.1498 -0.2287
vn -0.9656 0.1099 -0.2355
vn -0.9231 -0.3472 -0.1657
vn -0.8280 0.5047 -0.2445
vn -0.3695 0.4560 -0.8097
vn -0.3695 0.4559 -0.8097
vn 0.2763 0.2368 -0.9315
vn -0.7940 0.3931 -0.4638
vn -0.8721 0.4243 -0.2436
vn -0.8388 0.5017 -0.2117
vn 0.6469 -0.6942 -0.3155
vn 0.3945 -0.4576 -0.7969
vn 0.5740 -0.5425 -0.6133
vn 0.4157 -0.4470 -0.7921
vn -0.7886 0.4021 -0.4652
vn -0.7636 0.5117 -0.3937
vn 0.4635 -0.7070 0.5342
vn -0.8496 0.5035 -0.1573
vn -0.7626 0.6211 -0.1808
vn -0.8584 0.4882 -0.1575
vn -0.9295 0.3544 -0.1024
vn -0.0394 0.2442 -0.9689
vn -0.0000 0.2685 -0.9633
vn -0.0553 0.2920 -0.9548
vn -0.1417 0.3622 -0.9213
vn 0.0394 0.2442 -0.9689
vn 0.0552 0.2920 -0.9548
vn 0.1417 0.3622 -0.9213
vn -0.0000 0.2684 -0.9633
vn 0.1418 0.3622 -0.9213
vn 0.1023 0.3146 -0.9437
vn 0.2198 -0.0628 -0.9735
vn -0.3066 0.1258 -0.9435
vn -0.0550 0.0315 -0.9980
vn -0.3555 0.3634 -0.8611
vn -0.0550 0.0314 -0.9980
vn 0.3138 -0.2432 -0.9178
vn 0.2049 -0.2207 -0.9536
vn 0.4156 -0.4470 -0.7921
vn 0.3695 0.4559 -0.8097
vn 0.3695 0.4560 -0.8097
vn -0.8046 0.5127 -0.2997
vn -0.8259 0.4876 -0.2831
vn -0.8409 0.4872 -0.2358
vn -0.5982 -0.5667 -0.5666
vn -0.5204 -0.5756 -0.6308
vn -0.6532 -0.7083 -0.2676
vn -0.8045 0.5127 -0.2997
vn -0.7937 0.5343 -0.2907
vn -0.8258 0.4877 -0.2832
vn 0.3945 -0.4576 -0.7968
vn 0.6469 -0.6942 -0.3156
vn 0.6406 -0.6960 -0.3243
vn -0.5646 -0.2039 -0.7998
vn -0.3699 -0.1731 -0.9128
vn -0.0553 0.0711 -0.9959
vn -0.0315 0.0393 -0.9987
vn 0.8750 0.4178 0.2444
vn 0.8678 0.4970 -0.0000
vn 0.4640 0.2516 -0.8493
vn 0.8172 -0.1100 -0.5657
vn -0.4400 0.4872 -0.7543
vn -0.4400 0.4872 -0.7544
vn 0.6613 -0.6612 0.3542
vn 0.5346 -0.5976 0.5976
vn 0.6705 -0.7336 0.1104
vn -0.1178 0.0864 -0.9893
vn 0.0631 0.2919 -0.9544
vn -0.1261 -0.1733 -0.9768
vn -0.6705 -0.7336 0.1104
vn -0.5347 -0.5975 0.5976
vn -0.6613 -0.6613 0.3542
vn -0.3698 -0.1731 -0.9128
vn -0.1500 0.3315 -0.9314
vn -0.0632 0.2606 -0.9634
vn 0.0472 0.2754 -0.9602
vn 0.1422 0.3319 -0.9325
vn 0.6909 -0.7223 0.0314
vn -0.3950 0.4266 -0.8137
vn -0.2681 0.4022 -0.8754
vn -0.6705 -0.7336 0.1105
vn -0.1258 0.1337 0.9830
vn -0.2052 0.2131 0.9552
vn -0.2128 0.2128 0.9536
vn -0.1338 0.3856 -0.9129
vn -0.2283 0.3149 -0.9212
vn -0.1178 0.0863 -0.9893
vn -0.5613 0.5692 -0.6008
vn 0.7710 -0.5743 -0.2754
vn 0.0236 0.0236 -0.9994
vn 0.0629 0.0236 -0.9977
vn 0.0314 0.0393 -0.9987
vn 0.0550 0.0549 -0.9970
vn -0.0000 0.3863 -0.9224
vn 0.8721 0.4243 -0.2436
vn 0.7940 0.3931 -0.4638
vn 0.8388 0.5017 -0.2117
vn 0.7885 0.4022 -0.4653
vn -0.4089 0.2910 -0.8650
vn -0.3950 0.4266 -0.8136
vn -0.4571 0.4413 -0.7723
vn -0.6867 -0.7262 0.0316
vn -0.2053 0.2131 0.9552
vn -0.5826 0.4724 -0.6614
vn -0.5826 0.4724 -0.6613
vn 0.1338 0.3856 -0.9129
vn 0.2283 0.3149 -0.9212
vn 0.3458 0.2515 -0.9039
vn 0.1423 0.3319 -0.9325
vn -0.3393 -0.3629 -0.8679
vn -0.1497 -0.1969 -0.9689
vn 0.0471 0.0550 -0.9974
vn -0.1336 -0.1336 -0.9820
vn 0.2522 0.2679 -0.9299
vn -0.1497 -0.1970 -0.9689
vn 0.2213 0.3320 -0.9170
vn 0.2214 0.3320 -0.9169
vn -0.1973 0.0553 -0.9788
vn -0.6444 0.4872 -0.5894
vn -0.0315 0.0157 -0.9994
vn -0.0550 0.0236 -0.9982
vn 0.2681 0.4022 -0.8754
vn 0.8388 0.5017 -0.2116
vn 0.7637 0.5117 -0.3936
vn 0.2199 0.0550 0.9740
vn 0.0786 0.1101 0.9908
vn -0.7949 -0.5981 -0.1023
vn -0.7881 0.3940 0.4729
vn -0.6444 0.4872 0.5894
vn -0.7547 0.4560 0.4717
vn -0.4001 -0.5335 0.7452
vn -0.4726 -0.3623 0.8034
vn -0.7406 0.5200 -0.4255
vn -0.7406 0.5200 0.4255
vn -0.8353 0.4886 0.2522
vn -0.8214 0.4581 0.3397
vn -0.8214 0.4581 0.3396
vn -0.7660 0.4344 0.4738
vn -0.7662 0.4424 0.4661
vn 0.2522 0.2679 -0.9298
vn 0.2445 0.2444 -0.9384
vn -0.3392 -0.3629 -0.8679
vn -0.5981 -0.5667 -0.5667
vn 0.5217 0.3004 -0.7985
vn 0.4400 0.4872 -0.7544
vn 0.4400 0.4872 -0.7543
vn -0.2120 0.0864 -0.9735
vn 0.3950 0.4266 -0.8136
vn 0.7709 -0.5743 -0.2753
vn -0.4257 -0.2838 -0.8592
vn 0.2120 0.0863 -0.9735
vn 0.0550 0.0550 -0.9970
vn 0.0393 0.0550 -0.9977
vn -0.8104 0.5429 -0.2203
vn 0.7960 -0.5990 0.0867
vn 0.7710 -0.5743 -0.2753
vn -0.0707 0.0078 -0.9975
vn 0.8045 0.5127 -0.2997
vn 0.8409 0.4872 -0.2358
vn 0.8259 0.4876 -0.2831
vn 0.6613 -0.6612 0.3543
vn -0.0315 0.0158 -0.9994
vn 0.7937 0.5344 -0.2908
vn 0.8046 0.5127 -0.2997
vn 0.8258 0.4877 -0.2832
vn -0.5271 0.5035 -0.6845
vn 0.3950 0.4266 -0.8137
vn 0.4570 0.4413 -0.7723
vn 0.0629 -0.0078 -0.9980
vn 0.3693 0.0628 0.9272
vn 0.0314 0.0706 0.9970
vn 0.1259 0.0393 0.9913
vn -0.0472 0.0157 -0.9988
vn -0.0785 0.0078 -0.9969
vn -0.0785 0.0157 -0.9968
vn -0.3549 0.1499 -0.9228
vn -0.3849 0.0864 -0.9189
vn -0.8109 -0.1732 0.5589
vn -0.3062 -0.0628 0.9499
vn -0.8104 0.5429 0.2203
vn -0.8345 0.5511 -0.0000
vn -0.9106 -0.2591 0.3219
vn -0.9466 -0.1183 0.2998
vn -0.9107 -0.2590 0.3219
vn -0.9487 0.1255 0.2901
vn -0.9299 0.2679 0.2522
vn -0.8421 0.4958 0.2125
vn -0.6008 0.7906 0.1186
vn -0.7716 0.6142 0.1654
vn -0.7717 0.6142 0.1654
vn -0.4900 0.8694 0.0632
vn 0.5826 0.4724 -0.6614
vn 0.5826 0.4724 -0.6613
vn -0.7575 -0.5839 0.2919
vn 0.3716 0.0791 -0.9250
vn 0.3382 0.1967 -0.9203
vn -0.2511 0.3061 0.9183
vn -0.0000 -0.0000 -1.0000
vn 0.5901 -0.4957 0.6373
vn 0.6612 -0.6613 0.3543
vn 0.6379 -0.6142 0.4646
vn 0.6444 0.4872 -0.5894
vn -0.5347 -0.5976 0.5976
vn -0.5901 -0.4957 0.6373
vn -0.6613 -0.6612 0.3542
vn -0.7575 -0.5839 0.2920
vn -0.7948 -0.5981 -0.1023
vn -0.2284 0.3149 -0.9212
vn -0.1264 0.2923 0.9479
vn -0.2685 0.2448 0.9317
vn -0.7637 0.5117 -0.3936
vn -0.6305 0.5123 -0.5832
vn -0.6305 0.5122 -0.5832
vn -0.5272 0.5036 -0.6845
vn -0.5271 0.5036 -0.6845
vn 0.0472 0.0157 -0.9988
vn 0.0785 0.0157 -0.9968
vn 0.0785 0.0078 -0.9969
vn 0.1104 -0.0079 -0.9939
vn 0.0785 0.0079 -0.9969
vn -0.1104 -0.0079 -0.9939
vn 0.7547 0.4560 0.4717
vn 0.7881 0.3940 0.4729
vn 0.6444 0.4872 0.5894
vn 0.2283 0.3150 -0.9212
vn 0.3218 0.2591 -0.9107
vn 0.7406 0.5200 -0.4255
vn 0.5272 0.5036 -0.6845
vn 0.6612 -0.6613 0.3542
vn 0.4961 0.5434 -0.6772
vn 0.2444 0.2444 -0.9384
vn 0.1264 0.2923 0.9479
vn 0.2512 0.3061 0.9183
vn 0.2511 0.3061 0.9183
vn -0.0785 0.0079 -0.9969
vn -0.0079 -0.0157 -0.9998
vn 0.0315 0.0393 -0.9987
vn 0.6378 -0.6143 0.4646
vn 0.0078 0.0550 -0.9985
vn -0.0472 -0.0079 -0.9989
vn -0.2686 -0.1185 0.9559
vn -0.5178 -0.1177 0.8473
vn -0.2748 0.1492 0.9499
vn 0.7407 0.5200 -0.4255
vn 0.7406 0.5200 0.4255
vn 0.8751 0.4178 0.2444
vn 0.8353 0.4886 0.2522
vn 0.8214 0.4581 0.3397
vn 0.8214 0.4581 0.3396
vn 0.7662 0.4424 0.4661
vn 0.7660 0.4344 0.4738
vn -0.3848 0.0864 -0.9189
vn 0.8104 0.5429 -0.2203
vn 0.2120 0.0864 -0.9735
vn -0.5188 0.4559 0.7232
vn -0.6069 -0.3074 -0.7330
vn -0.4026 -0.2368 -0.8842
vn -0.3924 0.4239 0.8163
vn -0.2681 0.4022 0.8754
vn -0.3775 0.3303 0.8651
vn -0.5101 0.3689 0.7770
vn -0.2512 0.3061 0.9183
vn -0.4099 0.3469 0.8436
vn -0.5370 -0.4896 0.6870
vn -0.2761 0.2682 0.9230
vn -0.3925 0.4238 0.8163
vn -0.6691 0.3542 0.6534
vn 0.8104 0.5429 0.2203
vn 0.9052 0.4251 -0.0000
vn 0.8345 0.5511 -0.0000
vn 0.8675 0.2287 -0.4417
vn 0.8280 0.0315 -0.5599
vn 0.7179 0.4024 -0.5680
vn 0.4487 -0.2755 -0.8502
vn -0.0472 -0.0236 -0.9986
vn -0.0707 0.0079 -0.9975
vn -0.2682 0.4022 0.8754
vn -0.8353 0.4886 0.2521
vn -0.8388 0.5017 -0.2116
vn -0.9021 0.4314 -0.0000
vn -0.7662 0.4424 0.4660
vn -0.6442 0.4243 0.6364
vn 0.2213 0.3320 -0.9169
vn 0.4731 0.6150 -0.6308
vn -0.1338 0.3856 0.9129
vn 0.6305 0.5122 -0.5832
vn 0.5272 0.5035 -0.6845
vn 0.5271 0.5036 -0.6845
vn 0.5527 0.3632 -0.7501
vn 0.4889 -0.1498 -0.8594
vn 0.1339 0.1103 -0.9848
vn 0.1340 0.1103 -0.9848
vn -0.6691 0.4408 0.5983
vn -0.6442 0.4242 0.6364
vn 0.5494 -0.3611 0.7535
vn 0.3924 0.4238 0.8163
vn 0.2681 0.4022 0.8754
vn 0.1338 0.3856 0.9129
vn 0.3775 0.3303 0.8651
vn 0.4014 0.2755 0.8735
vn 0.4100 0.3469 0.8436
vn -0.4969 0.3786 0.7809
vn -0.5436 0.4096 0.7326
vn -0.4100 0.3469 0.8436
vn 0.2682 0.4022 0.8754
vn 0.8169 -0.5027 -0.2827
vn -0.5118 -0.2835 0.8110
vn -0.0553 0.2920 0.9548
vn -0.0552 0.2920 0.9548
vn 0.3925 0.4239 0.8163
vn 0.6387 0.7018 -0.3154
vn 0.6764 0.7314 0.0865
vn 0.5588 0.5903 -0.5824
vn -0.5123 0.5832 -0.6305
vn 0.5101 0.3689 0.7770
vn 0.0553 0.2920 0.9548
vn 0.0552 0.2920 0.9548
vn 0.0078 0.2277 -0.9737
vn 0.5188 0.4559 0.7232
vn 0.0628 0.0314 -0.9975
vn -0.1026 -0.0316 -0.9942
vn -0.0947 -0.0395 -0.9947
vn 0.2516 0.6055 0.7550
vn 0.8802 0.2122 0.4245
vn 0.4961 0.5433 -0.6772
vn 0.2444 0.2445 -0.9383
vn 0.0947 -0.0316 -0.9950
vn -0.6352 0.7058 -0.3137
vn -0.6764 0.7314 0.0865
vn 0.0947 -0.0395 -0.9947
vn 0.0948 -0.0316 -0.9950
vn -0.1893 0.7176 0.6703
vn 0.5740 -0.5426 -0.6133
vn 0.4888 -0.1498 -0.8594
vn 0.6782 -0.4022 -0.6151
vn 0.0394 0.1103 0.9931
vn 0.0868 0.0631 0.9942
vn 0.1260 -0.0079 0.9920
vn 0.7662 0.4424 0.4660
vn 0.4969 0.3786 0.7808
vn 0.4969 0.3786 0.7809
vn 0.4099 0.3469 0.8436
vn 0.5435 0.4096 0.7326
vn 0.8353 0.4886 0.2521
vn -0.0708 0.1179 0.9905
vn -0.2828 0.0393 0.9584
vn -0.5972 0.8015 0.0314
vn -0.1576 0.4098 -0.8984
vn -0.3628 0.6389 -0.6783
vn 0.1104 -0.0000 0.9939
vn -0.4003 0.4003 -0.8243
vn 0.3238 -0.1105 0.9397
vn 0.5494 -0.3610 0.7535
vn -0.7278 0.6566 0.1978
vn -0.2052 -0.3237 0.9236
vn -0.2364 -0.3704 0.8983
vn 0.3944 -0.5206 0.7573
vn 0.3944 -0.5206 0.7572
vn 0.6442 0.4243 0.6364
vn 0.2828 0.0393 0.9584
vn 0.0708 0.1179 0.9905
vn 0.0629 -0.0079 -0.9980
vn 0.0236 -0.0550 -0.9982
vn -0.5436 0.4097 0.7326
vn 0.1966 -0.3382 0.9203
vn 0.2049 -0.3703 0.9060
vn 0.8508 0.4017 -0.3388
vn 0.7390 0.3773 0.5581
vn 0.5764 0.8133 0.0790
vn -0.5206 -0.7258 -0.4497
vn 0.6691 0.4408 0.5983
vn 0.8409 0.4872 -0.2357
vn 0.5436 0.4096 0.7326
vn -0.0000 -0.1810 -0.9835
vn -0.4571 0.7722 -0.4413
vn -0.3629 0.6389 -0.6783
vn -0.6220 0.7637 -0.1732
vn -0.0078 -0.1885 -0.9820
vn -0.8553 -0.2982 -0.4237
vn -0.0000 0.3632 -0.9317
vn -0.1973 0.0552 -0.9788
vn -0.3792 0.4819 -0.7899
vn 0.0709 0.6853 -0.7248
vn -0.0236 0.8894 -0.4565
vn 0.4167 0.7863 -0.4561
vn -0.3792 0.4819 -0.7900
vn -0.6936 0.1261 -0.7093
vn -0.7637 0.6219 0.1732
vn -0.9462 0.1814 0.2681
vn 0.7709 -0.5743 -0.2754
vn -0.6803 0.3559 0.6407
vn -0.5841 0.6157 0.5289
vn -0.1805 -0.1413 -0.9734
vn 0.0785 -0.0235 -0.9966
vn 0.0079 -0.1886 -0.9820
vn 0.1805 -0.1413 -0.9734
vn -0.3924 0.4238 0.8163
vn -0.3925 0.4239 0.8163
vn -0.4787 0.5886 0.6514
vn 0.6236 0.7656 -0.1579
vn -0.5122 0.5832 -0.6305
vn 0.6236 0.7657 -0.1579
vn 0.0314 0.0707 0.9970
vn -0.5720 0.7757 0.2664
vn -0.3227 0.7399 -0.5903
vn -0.2441 0.5433 0.8032
vn -0.6219 0.7637 -0.1732
vn -0.0000 0.3863 0.9224
vn -0.1266 0.5300 0.8385
vn 0.3237 0.2369 0.9160
vn 0.2840 0.7417 0.6076
vn 0.1266 0.5300 0.8385
vn 0.1574 -0.1496 0.9761
vn 0.1885 -0.2750 0.9428
vn 0.1967 -0.3382 0.9203
vn 0.7637 0.6220 0.1732
vn 0.3389 0.1419 0.9300
vn 0.4958 0.2125 0.8421
vn -0.1260 0.5356 -0.8350
vn -0.0000 0.5272 -0.8498
vn -0.2441 0.5434 -0.8032
vn -0.1260 0.5357 -0.8350
vn 0.7278 0.6566 0.1978
vn -0.5199 -0.4647 0.7168
vn -0.2762 -0.2052 0.9390
vn -0.3136 -0.2979 0.9016
vn -0.2761 -0.2052 0.9390
vn -0.2762 -0.2051 0.9390
vn -0.0474 0.1974 0.9792
vn -0.4484 0.1495 0.8812
vn -0.1650 -0.1964 0.9665
vn -0.1650 -0.1965 0.9665
vn -0.0315 0.0314 0.9990
vn -0.0315 0.0315 0.9990
vn 0.2846 0.4033 0.8697
vn 0.2846 0.4032 0.8697
vn 0.1736 0.4655 0.8679
vn 0.2441 0.5433 0.8032
vn -0.0868 0.0631 0.9942
vn -0.0394 0.1103 0.9931
vn -0.1260 -0.0079 0.9920
vn -0.3621 0.5668 -0.7400
vn -0.4247 0.5742 -0.7000
vn -0.2682 0.4022 -0.8754
vn -0.2441 0.5433 -0.8032
vn 0.3389 0.1419 0.9301
vn 0.3854 0.7629 -0.5191
vn 0.8508 0.4018 -0.3388
vn 0.0079 -0.0707 -0.9975
vn -0.0079 -0.0158 -0.9998
vn -0.4787 0.5886 -0.6514
vn -0.5372 0.6004 -0.5925
vn -0.4788 0.5886 -0.6514
vn -0.4247 0.5741 -0.7000
vn 0.1260 0.5356 -0.8350
vn -0.1259 -0.0236 0.9918
vn 0.1259 -0.0236 0.9918
vn -0.0157 0.0785 0.9968
vn -0.0867 0.0710 0.9937
vn 0.1260 0.5357 -0.8350
vn 0.3924 0.4239 0.8163
vn 0.4787 0.5886 0.6514
vn 0.3925 0.4238 0.8163
vn -0.5841 0.6157 -0.5289
vn -0.7407 0.5200 -0.4255
vn -0.6701 0.6386 -0.3784
vn -0.5041 -0.1890 0.8427
vn 0.8888 0.2910 -0.3540
vn 0.2441 0.5434 -0.8032
vn 0.6315 0.7183 0.2920
vn 0.5290 0.5921 0.6079
vn 0.0943 0.1022 0.9903
vn 0.5841 0.6157 0.5289
vn -0.5290 0.5921 0.6079
vn -0.6315 0.7183 0.2920
vn -0.6764 0.7315 0.0865
vn -0.7278 0.6566 -0.1978
vn 0.2441 0.5433 -0.8032
vn 0.3621 0.5668 -0.7400
vn 0.0078 -0.0707 -0.9975
vn -0.7492 0.6624 -0.0000
vn 0.4247 0.5741 -0.7000
vn -0.2120 0.0863 -0.9735
vn -0.2277 -0.0000 -0.9737
vn 0.2517 0.6055 0.7550
vn -0.4562 0.6213 0.6371
vn 0.2277 -0.0000 -0.9737
vn 0.4247 0.5742 -0.7000
vn 0.4787 0.5886 -0.6514
vn -0.1883 0.1334 -0.9730
vn 0.4788 0.5886 -0.6514
vn 0.5372 0.6004 -0.5925
vn -0.7491 0.6624 -0.0000
vn 0.0315 0.0315 0.9990
vn 0.1650 -0.1965 0.9665
vn 0.3136 -0.2979 0.9016
vn 0.5901 -0.4956 0.6373
vn 0.3237 -0.1106 0.9397
vn 0.5198 -0.4647 0.7168
vn 0.0314 0.0315 0.9990
vn 0.3238 -0.1106 0.9397
vn 0.0629 0.1730 0.9829
vn -0.2847 0.4032 0.8697
vn -0.1976 0.4821 0.8536
vn -0.2846 0.4032 0.8697
vn -0.1976 0.4821 0.8535
vn -0.3781 0.6854 0.6223
vn -0.5124 0.5912 0.6228
vn -0.1971 0.3312 0.9227
vn -0.3781 0.6853 0.6223
vn 0.1650 -0.1964 0.9665
vn -0.1972 0.3312 0.9227
vn -0.0710 0.0710 0.9949
vn 0.5346 -0.5976 0.5975
vn -0.4237 0.4787 0.7690
vn -0.7023 -0.3709 0.6076
vn 0.8511 -0.3074 0.4256
vn 0.6378 -0.6142 0.4646
vn 0.5841 0.6157 -0.5289
vn -0.6701 0.6386 0.3784
vn 0.6315 0.7183 0.2921
vn 0.6701 0.6386 -0.3784
vn 0.5124 0.5912 0.6228
vn -0.1422 -0.1422 0.9796
vn -0.1892 0.7176 0.6703
vn 0.5106 0.8092 0.2907
vn -0.5124 0.5913 0.6228
vn -0.6220 0.7636 -0.1732
vn -0.2748 0.1491 0.9499
vn -0.4082 0.1806 0.8949
vn -0.6315 0.7183 0.2921
vn -0.5197 0.8031 0.2913
vn 0.5201 0.0709 -0.8511
vn 0.8411 0.4560 -0.2908
vn -0.5720 0.7758 0.2664
vn -0.4734 0.8680 0.1499
vn -0.8157 -0.3765 0.4392
vn -0.7808 -0.4496 0.4338
vn 0.7278 0.6566 -0.1978
vn -0.0785 -0.0235 -0.9966
vn -0.0550 -0.1258 -0.9905
vn -0.0628 0.0314 -0.9975
vn 0.7492 0.6624 -0.0000
vn -0.5197 0.8032 0.2913
vn 0.7480 -0.4409 0.4961
vn 0.8143 -0.3558 0.4586
vn 0.7715 -0.4173 0.4802
vn 0.4019 0.6857 0.6068
vn 0.1972 0.3312 0.9227
vn 0.5124 0.5913 0.6228
vn 0.4020 0.6857 0.6069
vn 0.0711 0.0711 0.9949
vn -0.5346 -0.5976 0.5976
vn 0.4019 0.6857 0.6069
vn 0.4237 0.4787 0.7690
vn 0.5290 0.5922 0.6079
vn 0.8511 -0.3073 0.4256
vn -0.8963 0.2673 -0.3538
vn -0.5025 0.0392 -0.8637
vn 0.0709 0.6854 -0.7247
vn -0.7937 0.5344 -0.2908
vn -0.7076 0.5975 -0.3774
vn 0.7491 0.6624 -0.0000
vn 0.2844 -0.1422 0.9481
vn 0.0711 -0.0554 -0.9959
vn 0.0157 -0.1337 -0.9909
vn 0.0711 -0.0553 -0.9959
vn 0.6701 0.6386 0.3784
vn 0.1027 0.1185 0.9876
vn 0.0473 0.7258 -0.6863
vn -0.7075 0.5975 -0.3773
vn -0.7075 0.5975 -0.3774
vn -0.5976 0.7233 -0.3460
vn -0.8409 0.4872 -0.2357
vn 0.0472 0.0079 -0.9989
vn -0.1891 -0.2915 0.9377
vn 0.0473 0.7257 -0.6863
vn -0.7156 0.4089 -0.5662
vn 0.4900 0.8694 0.0632
vn 0.6008 0.7906 0.1186
vn 0.7717 0.6142 0.1653
vn 0.7717 0.6142 0.1654
vn 0.8421 0.4958 0.2125
vn 0.9299 0.2679 0.2522
vn 0.9487 0.1255 0.2901
vn 0.9427 -0.1493 0.2985
vn 0.9106 -0.2591 0.3219
vn 0.7716 0.6142 0.1654
vn 0.7937 0.5344 -0.2907
vn 0.7075 0.5975 -0.3774
vn -0.0785 0.0078 0.9969
vn -0.8797 -0.0628 -0.4713
vn -0.8470 0.1960 -0.4941
vn -0.0079 -0.1886 -0.9820
vn -0.0942 -0.3219 -0.9421
vn -0.6055 0.7785 0.1651
vn 0.8045 0.5127 -0.2998
vn 0.7076 0.5975 -0.3774
vn 0.7075 0.5975 -0.3773
vn 0.5976 0.7234 -0.3460
vn 0.7637 0.5117 -0.3937
vn 0.8408 0.4872 -0.2357
vn -0.1260 -0.0236 0.9918
vn -0.7156 0.4090 -0.5662
vn -0.7865 0.4247 -0.4483
vn -0.3638 0.5614 0.7433
vn -0.2441 0.5434 0.8032
vn -0.3153 0.7093 0.6305
vn 0.0394 0.1104 0.9931
vn -0.2120 0.6910 0.6910
vn 0.8643 0.5029 -0.0000
vn -0.9848 -0.1339 -0.1103
vn -0.9821 -0.0000 -0.1886
vn -0.9830 -0.1573 -0.0944
vn -0.9462 -0.3233 -0.0158
vn -0.8896 -0.4566 -0.0079
vn -0.9195 -0.3930 -0.0079
vn -0.0000 0.5272 0.8498
vn -0.1099 0.6829 0.7222
vn -0.0000 0.2685 0.9633
vn -0.8874 -0.3298 -0.3220
vn -0.9223 0.0788 -0.3784
vn -0.9042 0.0472 -0.4246
vn 0.1099 0.6829 0.7222
vn -0.0392 -0.0706 -0.9967
vn -0.0157 -0.1491 -0.9887
vn 0.2441 0.5434 0.8032
vn 0.2120 0.6910 0.6910
vn -0.9221 -0.0237 -0.3862
vn -0.9363 -0.0944 -0.3383
vn -0.9303 -0.0552 -0.3627
vn 0.7911 -0.0554 -0.6092
vn -0.1651 -0.0865 0.9825
vn -0.2120 0.6910 -0.6910
vn -0.1099 0.6829 -0.7222
vn -0.3152 0.7093 -0.6305
vn -0.4788 0.5886 0.6514
vn -0.4960 0.7480 0.4409
vn -0.5604 0.7657 0.3157
vn 0.6055 0.7785 0.1651
vn 0.3638 0.5614 0.7433
vn 0.3152 0.7093 0.6305
vn 0.3637 0.5614 0.7433
vn 0.0157 0.0393 0.9991
vn -0.4485 0.1495 0.8812
vn -0.5040 -0.1890 0.8427
vn -0.1261 0.5356 -0.8350
vn -0.0000 0.6789 -0.7342
vn 0.9251 0.3795 -0.0079
vn -0.6613 0.3543 -0.6612
vn 0.9188 -0.2042 -0.3377
vn 0.9347 -0.2513 -0.2514
vn -0.3634 0.7189 -0.5925
vn -0.4102 0.7258 -0.5522
vn 0.1261 0.5356 -0.8350
vn 0.1099 0.6829 -0.7222
vn 0.2120 0.6910 -0.6910
vn 0.2841 0.7417 0.6076
vn 0.3472 -0.1105 -0.9312
vn -0.2918 0.0631 0.9544
vn 0.3152 0.7093 -0.6305
vn -0.4636 0.8801 -0.1021
vn 0.2985 0.9427 -0.1493
vn -0.4571 0.7723 -0.4413
vn 0.3153 0.7093 -0.6305
vn 0.3634 0.7189 -0.5925
vn 0.4102 0.7258 -0.5522
vn -0.3637 0.5614 0.7433
vn -0.4102 0.7258 0.5522
vn -0.4961 0.7480 0.4409
vn -0.4100 0.8830 0.2286
vn 0.0471 0.4871 -0.8721
vn -0.1576 0.4098 -0.8985
vn -0.0785 0.0079 0.9969
vn 0.9383 -0.2365 -0.2523
vn 0.4788 0.5886 0.6514
vn 0.4960 0.7480 0.4409
vn 0.5604 0.7657 0.3157
vn 0.1966 -0.1022 0.9751
vn 0.1258 0.0550 0.9905
vn 0.9223 -0.0158 -0.3862
vn 0.9303 -0.0552 -0.3627
vn 0.9363 -0.0944 -0.3383
vn -0.8559 -0.4476 0.2591
vn -0.1099 -0.0942 -0.9895
vn -0.0000 -0.1809 -0.9835
vn 0.1886 -0.2750 0.9428
vn -0.6935 0.1261 -0.7093
vn -0.4654 -0.0552 -0.8834
vn 0.4961 0.7480 0.4409
vn 0.4102 0.7258 0.5522
vn 0.4099 0.8830 0.2286
vn -0.1891 -0.2916 0.9377
vn -0.9527 -0.2599 -0.1575
vn -0.9347 0.2513 -0.2513
vn -0.9527 -0.2598 -0.1575
vn -0.9690 -0.2127 -0.1260
vn -0.4960 0.7480 -0.4409
vn -0.5372 0.6003 -0.5925
vn -0.5604 0.7657 -0.3157
vn -0.6055 0.7785 -0.1651
vn -0.4561 0.7392 -0.4954
vn -0.4561 0.7392 -0.4955
vn -0.4561 0.7393 -0.4954
vn -0.6237 0.7816 -0.0000
vn 0.8508 0.4017 -0.3387
vn 0.4242 -0.0628 -0.9034
vn 0.6296 0.0944 0.7712
vn 0.3237 -0.1105 0.9397
vn -0.7628 0.6291 0.1494
vn 0.6236 0.7657 -0.1578
vn 0.2985 0.9427 -0.1492
vn 0.0866 -0.0945 -0.9918
vn 0.0628 -0.2198 -0.9735
vn 0.0866 -0.0944 -0.9918
vn 0.1026 -0.0000 -0.9947
vn 0.0785 -0.0236 -0.9966
vn -0.3220 -0.3299 -0.8874
vn -0.0000 0.6789 0.7342
vn -0.7095 -0.5675 0.4178
vn 0.0942 -0.3219 -0.9421
vn -0.1892 0.7176 0.6702
vn 0.3153 0.7093 0.6305
vn 0.8742 -0.0709 -0.4804
vn 0.4561 0.7392 -0.4954
vn 0.4561 0.7392 -0.4955
vn 0.4561 0.7393 -0.4954
vn 0.4960 0.7480 -0.4409
vn 0.4961 0.7480 -0.4409
vn 0.5604 0.7657 -0.3158
vn 0.5604 0.7657 -0.3157
vn 0.6055 0.7785 -0.1651
vn 0.6237 0.7816 -0.0000
vn 0.6237 0.7817 -0.0000
vn 0.7628 0.6291 0.1494
vn -0.1883 0.0471 0.9810
vn 0.6295 0.0944 0.7712
vn 0.0158 0.0393 0.9991
vn -0.1337 0.0314 -0.9905
vn -0.0628 -0.0471 0.9969
vn -0.1884 0.0471 0.9810
vn 0.2834 -0.3385 -0.8973
vn 0.4026 -0.3711 -0.8368
vn 0.4026 -0.3710 -0.8368
vn 0.9942 -0.1026 0.0316
vn 0.9383 -0.2366 -0.2523
vn -0.1499 -0.2841 -0.9470
vn 0.1499 -0.2841 -0.9470
vn -0.2283 0.3150 -0.9212
vn -0.9939 -0.1104 -0.0079
vn 0.0236 -0.0000 0.9997
vn 0.0472 0.2755 -0.9602
vn 0.0471 -0.0471 0.9978
vn -0.9057 0.2442 0.3465
vn -0.7763 0.0628 0.6273
vn -0.8878 0.2121 0.4085
vn 0.8644 0.5029 -0.0000
vn -0.9027 -0.2669 0.3375
vn -0.7607 -0.5725 0.3058
vn -0.6055 0.7785 0.1652
vn -0.4504 0.8928 -0.0000
vn -0.4409 0.8897 0.1181
vn -0.5604 0.7656 0.3158
vn -0.3152 0.7093 0.6305
vn -0.2360 0.8495 0.4719
vn -0.1571 0.8405 0.5185
vn 0.2127 -0.0236 0.9768
vn 0.1571 0.8405 0.5185
vn -0.2923 -0.1264 -0.9479
vn -0.6666 0.7373 0.1098
vn 0.2360 0.8495 0.4719
vn 0.0079 0.7565 0.6540
vn 0.3079 -0.1500 -0.9395
vn 0.2996 -0.7726 0.5597
vn -0.0000 0.8284 -0.5601
vn -0.0785 0.8319 -0.5494
vn -0.3220 -0.3298 -0.8874
vn -0.1806 -0.1413 -0.9734
vn -0.2123 -0.5583 -0.8020
vn -0.0785 0.8319 -0.5493
vn -0.1571 0.8405 -0.5185
vn -0.2360 0.8495 -0.4719
vn 0.9046 -0.2596 0.3382
vn 0.0785 0.8319 -0.5494
vn -0.3544 -0.7719 0.5277
vn 0.1965 0.9590 0.2044
vn 0.1806 -0.1413 -0.9734
vn 0.2132 -0.5528 -0.8056
vn 0.1571 0.8406 -0.5184
vn 0.4504 0.8928 -0.0000
vn 0.4409 0.8897 0.1181
vn 0.5604 0.7657 0.3158
vn 0.4100 0.8830 0.2286
vn 0.6055 0.7785 0.1652
vn 0.0945 -0.0866 -0.9918
vn -0.9124 0.0157 -0.4090
vn -0.9221 -0.0236 -0.3862
vn -0.2134 0.9641 0.1581
vn -0.5197 0.8032 0.2914
vn 0.1571 0.8405 -0.5185
vn 0.2360 0.8495 -0.4719
vn -0.3073 0.8589 -0.4097
vn -0.2674 0.8571 -0.4403
vn -0.3313 0.8676 -0.3707
vn -0.2674 0.8571 -0.4404
vn -0.2673 0.8571 -0.4403
vn -0.5025 0.0393 -0.8637
vn -0.8585 0.0315 0.5119
vn 0.3073 0.8589 -0.4097
vn 0.2674 0.8571 -0.4403
vn 0.3073 0.8589 -0.4098
vn 0.3313 0.8677 -0.3707
vn 0.2674 0.8571 -0.4404
vn 0.1571 0.8406 -0.5185
vn 0.0785 0.8319 -0.5493
vn 0.9268 -0.2985 -0.2278
vn 0.9448 0.1339 -0.2992
vn -0.7240 0.6767 0.1338
vn -0.7548 0.6369 0.1572
vn -0.9143 0.3231 0.2443
vn -0.4409 0.8897 -0.1181
vn -0.6055 0.7785 -0.1652
vn -0.4961 0.7480 -0.4409
vn -0.3623 0.8743 -0.3229
vn -0.3623 0.8743 -0.3230
vn 0.1896 0.9323 0.3081
vn 0.8873 0.3141 0.3376
vn -0.1184 0.9077 -0.4025
vn -0.4570 0.7722 -0.4413
vn -0.3296 0.2197 0.9182
vn -0.4863 0.1804 -0.8550
vn 0.9123 0.0236 -0.4089
vn 0.9303 -0.0552 -0.3626
vn 0.3384 0.9129 -0.2282
vn 0.1735 0.8990 -0.4022
vn -0.0628 -0.0236 0.9977
vn -0.3623 0.8743 0.3229
vn 0.1654 -0.2206 0.9612
vn -0.2680 -0.7726 0.5755
vn -0.3296 0.9182 -0.2197
vn -0.1728 0.9033 -0.3927
vn -0.5819 0.7707 -0.2595
vn -0.3073 0.8589 0.4097
vn -0.3073 0.8589 0.4098
vn -0.5880 0.4468 0.6742
vn -0.8483 0.4477 0.2828
vn -0.0785 0.8319 0.5494
vn -0.0000 0.8284 0.5602
vn 0.6055 0.7785 -0.1652
vn 0.4409 0.8897 -0.1181
vn 0.4100 0.8830 -0.2286
vn 0.3623 0.8743 -0.3229
vn 0.4099 0.8830 -0.2286
vn 0.3623 0.8743 -0.3230
vn 0.3313 0.8676 -0.3707
vn 0.0785 0.8319 0.5493
vn -0.7081 0.6845 -0.1731
vn -0.5976 0.7234 -0.3459
vn -0.0629 -0.0236 0.9977
vn 0.0947 -0.0552 0.9940
vn 0.3073 0.8589 0.4097
vn -0.3696 -0.5190 -0.7707
vn -0.3069 -0.4722 -0.8263
vn 0.3623 0.8743 0.3229
vn 0.3623 0.8743 0.3230
vn 0.5600 -0.0236 -0.8282
vn -0.3308 0.7876 -0.5198
vn -0.5975 0.7234 -0.3460
vn 0.3069 -0.4722 -0.8263
vn 0.3696 -0.5190 -0.7707
vn 0.7911 -0.0554 -0.6091
vn 0.2593 0.5502 0.7938
vn 0.2594 0.5501 0.7938
vn -0.0314 -0.2276 -0.9732
vn -0.4569 0.4806 0.7485
vn -0.8451 0.1738 -0.5055
vn -0.8030 0.3306 -0.4959
vn -0.0079 0.0550 0.9985
vn -0.1184 0.9077 -0.4026
vn -0.4570 0.7723 -0.4413
vn 0.7082 0.6845 -0.1731
vn 0.7081 0.6845 -0.1731
vn 0.7076 0.5975 -0.3773
vn 0.9547 -0.2762 -0.1104
vn 0.9185 -0.3925 -0.0471
vn 0.9547 -0.2762 -0.1105
vn 0.9451 -0.3150 -0.0866
vn 0.8924 -0.4501 -0.0316
vn 0.8506 -0.5198 -0.0788
vn 0.8924 -0.4502 -0.0316
vn 0.5976 0.7234 -0.3459
vn 0.3308 0.7876 -0.5198
vn 0.5975 0.7234 -0.3460
vn 0.5271 0.5035 -0.6845
vn -0.1886 -0.0000 0.9821
vn -0.1730 0.3068 0.9359
vn -0.1730 0.3067 0.9359
vn 0.7147 0.6833 0.1492
vn 0.8660 -0.0630 -0.4960
vn 0.9996 0.0236 -0.0158
vn 0.9919 -0.1259 -0.0157
vn 0.8440 -0.1814 -0.5048
vn 0.9919 -0.1260 -0.0157
vn 0.8029 -0.3306 -0.4960
vn -0.1343 0.9560 0.2607
vn 0.1886 -0.0000 0.9821
vn 0.1654 0.3071 0.9372
vn -0.0866 0.9527 0.2913
vn 0.5107 0.8092 0.2907
vn -0.0158 0.8588 0.5121
vn -0.9356 -0.1022 0.3381
vn -0.2133 0.9641 0.1581
vn 0.0785 0.8319 0.5494
vn 0.0866 0.9527 0.2913
vn -0.0237 -0.1104 0.9936
vn 0.6296 0.0945 0.7712
vn 0.1343 0.9560 0.2607
vn -0.9345 0.2355 0.2670
vn -0.9295 0.3545 -0.1024
vn -0.0000 0.9495 -0.3139
vn -0.0000 0.8284 -0.5602
vn -0.0471 0.9507 -0.3064
vn 0.0472 0.9507 -0.3064
vn -0.0866 0.9527 -0.2913
vn -0.0471 0.9507 -0.3065
vn -0.1343 0.9560 -0.2607
vn 0.0471 0.9507 -0.3064
vn 0.0866 0.9527 -0.2913
vn 0.3613 -0.7698 0.5262
vn -0.2359 0.8495 -0.4719
vn -0.1495 0.9602 -0.2361
vn -0.1655 0.9612 -0.2206
vn -0.1654 0.9612 -0.2206
vn -0.1816 0.9634 -0.1974
vn -0.1974 0.9634 -0.1816
vn -0.1974 0.9633 -0.1816
vn -0.3313 0.8677 -0.3707
vn -0.2202 0.9673 -0.1258
vn -0.5519 -0.8042 0.2208
vn 0.1343 0.9560 -0.2607
vn 0.9328 -0.0949 0.3478
vn 0.1580 -0.7900 0.5925
vn -0.7039 -0.2294 0.6723
vn -0.7189 -0.0000 0.6951
vn -0.7546 0.0707 0.6524
vn -0.9306 0.2208 -0.2918
vn 0.9648 0.2589 -0.0471
vn 0.8992 0.3628 0.2445
vn 0.8795 0.3769 0.2905
vn 0.0079 0.7564 0.6540
vn -0.4570 0.4806 0.7485
vn -0.2370 0.9715 -0.0000
vn -0.8470 0.1961 -0.4941
vn 0.1495 0.9602 -0.2361
vn 0.1495 0.9601 -0.2361
vn 0.2673 0.8571 -0.4403
vn 0.1655 0.9612 -0.2206
vn 0.1654 0.9612 -0.2206
vn 0.1816 0.9633 -0.1974
vn 0.1816 0.9634 -0.1974
vn 0.1974 0.9633 -0.1816
vn 0.1974 0.9634 -0.1816
vn 0.2202 0.9673 -0.1258
vn -0.2365 0.9696 -0.0631
vn -0.2365 0.9696 0.0631
vn -0.4099 0.8830 0.2286
vn -0.2202 0.9673 0.1258
vn -0.1974 0.9634 0.1816
vn -0.3535 0.3770 -0.8561
vn -0.2516 0.6684 -0.6999
vn -0.5272 0.5035 -0.6845
vn -0.1974 0.9633 0.1816
vn -0.1655 0.9612 0.2206
vn -0.2208 -0.7570 0.6150
vn 0.0471 0.9507 0.3064
vn -0.0000 0.9495 0.3139
vn -0.0471 0.9507 0.3064
vn -0.0000 0.8284 0.5601
vn 0.0472 -0.0471 0.9978
vn 0.0236 -0.1182 0.9927
vn 0.2594 0.5502 0.7938
vn -0.0157 0.8588 0.5121
vn 0.2369 0.9715 -0.0000
vn -0.0314 0.0315 0.9990
vn 0.1971 0.3312 0.9227
vn -0.1574 -0.0866 0.9837
vn 0.0473 -0.1655 -0.9851
vn 0.2370 0.9715 -0.0000
vn 0.2365 0.9696 -0.0631
vn 0.4410 0.8897 0.1181
vn -0.8930 0.3873 -0.2292
vn 0.2365 0.9696 0.0631
vn 0.9267 -0.3377 -0.1649
vn 0.2516 0.6684 -0.6999
vn 0.2517 0.6685 -0.6999
vn 0.3307 0.7876 -0.5199
vn 0.2202 0.9673 0.1258
vn 0.1974 0.9634 0.1816
vn 0.3073 0.8589 0.4098
vn 0.1654 0.9612 0.2206
vn -0.2437 -0.1887 0.9513
vn -0.1810 -0.2125 0.9602
vn -0.1023 -0.2597 -0.9602
vn 0.2282 0.8185 -0.5273
vn -0.0000 -0.6707 -0.7417
vn -0.2043 -0.6600 -0.7229
vn -0.2055 -0.6638 -0.7191
vn 0.5600 -0.0237 -0.8282
vn 0.6214 -0.2595 -0.7393
vn -0.8109 0.3228 -0.4881
vn 0.1967 -0.6611 -0.7241
vn 0.2130 -0.6627 -0.7179
vn -0.8497 -0.5272 -0.0079
vn -0.8247 -0.5655 0.0079
vn -0.8497 -0.5271 -0.0079
vn -0.7622 -0.6365 0.1179
vn -0.8247 -0.5655 0.0078
vn 0.7000 -0.3067 -0.6449
vn -0.8350 0.2679 0.4806
vn -0.5677 0.4889 0.6623
vn 0.4722 -0.2597 -0.8424
vn -0.1654 0.9612 0.2206
vn -0.0472 0.9507 0.3065
vn -0.2043 -0.6602 -0.7228
vn 0.1655 0.9612 0.2206
vn 0.0472 0.9507 0.3064
vn -0.4099 0.8830 -0.2286
vn 0.7589 -0.0632 0.6482
vn 0.7189 -0.0000 0.6952
vn 0.6744 -0.2823 0.6823
vn 0.7088 0.1969 0.6773
vn -0.4090 -0.6608 -0.6293
vn -0.2043 -0.6601 -0.7229
vn 0.1343 0.9560 -0.2608
vn 0.2365 0.9696 -0.0630
vn 0.4089 -0.6684 -0.6213
vn 0.1968 -0.6611 -0.7240
vn 0.2440 -0.2518 0.9365
vn -0.2368 -0.0395 0.9708
vn 0.1974 0.9633 0.1816
vn -0.1099 0.3610 0.9261
vn -0.2436 0.2278 0.9428
vn -0.2435 0.2278 0.9428
vn 0.1099 0.3610 0.9261
vn 0.2435 0.2278 0.9428
vn -0.7181 -0.6944 -0.0473
vn -0.9690 -0.2127 -0.1261
vn 0.8529 0.1580 0.4975
vn 0.4958 0.2125 0.8420
vn 0.8728 -0.0236 0.4875
vn 0.8529 0.1580 0.4976
vn -0.0236 -0.1104 0.9936
vn -0.1650 -0.0865 0.9825
vn -0.0786 -0.3457 0.9350
vn 0.3228 -0.0551 0.9449
vn 0.7411 0.5125 -0.4337
vn 0.7180 0.4024 -0.5680
vn 0.1185 0.9876 -0.1027
vn -0.2134 0.9641 0.1580
vn -0.4636 0.8801 -0.1022
vn 0.6440 0.7618 0.0707
vn 0.8030 -0.3306 -0.4959
vn 0.7681 -0.4076 -0.4938
vn 0.8029 -0.3307 -0.4959
vn 0.8944 -0.4472 0.0079
vn 0.7643 -0.4019 -0.5043
vn 0.9492 -0.3138 -0.0236
vn 0.7643 -0.4018 -0.5043
vn 0.2283 -0.1023 0.9682
vn 0.7411 0.5125 -0.4336
vn 0.4722 0.7005 -0.5352
vn 0.5657 0.7071 -0.4243
vn 0.1655 -0.2206 0.9612
vn 0.1257 -0.3927 0.9110
vn 0.6744 -0.2823 0.6822
vn 0.5334 -0.4001 0.7453
vn 0.5279 0.3861 0.7564
vn 0.7188 -0.0000 0.6952
vn 0.5976 0.3617 0.7156
vn -0.4091 -0.6608 -0.6293
vn -0.5986 -0.6931 -0.4017
vn -0.4721 -0.6688 -0.5744
vn 0.9006 0.1975 0.3871
vn -0.6667 0.7372 0.1098
vn -0.8529 0.5133 -0.0948
vn -0.4803 0.7007 -0.5275
vn -0.5590 0.7165 -0.4173
vn -0.2591 -0.4162 -0.8716
vn 0.0945 -0.1968 0.9759
vn 0.8518 -0.1656 -0.4969
vn 0.8350 0.2205 -0.5041
vn 0.8519 -0.1656 -0.4969
vn 0.4722 0.7004 -0.5352
vn 0.7179 0.4023 -0.5680
vn 0.9039 0.2515 -0.3459
vn -0.3152 -0.4649 -0.8274
vn 0.3696 -0.5191 -0.7707
vn 0.4330 -0.5669 -0.7008
vn 0.3703 -0.5279 -0.7643
vn 0.6058 -0.7002 -0.3777
vn 0.6518 -0.7068 -0.2749
vn 0.5953 -0.6971 -0.3995
vn 0.4655 -0.6786 -0.5681
vn 0.2132 -0.5528 -0.8055
vn 0.0474 -0.5686 -0.8213
vn 0.6305 -0.6542 0.4177
vn 0.6761 -0.5660 0.4717
vn 0.4656 -0.6786 -0.5681
vn 0.7480 -0.4409 0.4960
vn -0.7188 -0.0000 0.6952
vn -0.6606 0.2910 0.6921
vn -0.7189 -0.0000 0.6952
vn -0.5263 0.3928 0.7541
vn -0.4407 0.4722 0.7634
vn -0.5352 -0.3070 -0.7870
vn 0.5429 -0.2203 0.8104
vn -0.3070 -0.7401 0.5984
vn -0.8724 -0.0393 -0.4873
vn -0.8510 -0.2443 -0.4649
vn -0.8031 -0.4330 -0.4094
vn -0.1337 0.0079 0.9910
vn -0.6126 -0.6989 -0.3691
vn -0.5352 -0.3069 -0.7870
vn -0.3846 -0.4159 -0.8241
vn 0.9942 -0.1026 0.0315
vn -0.6518 -0.7068 -0.2749
vn -0.5502 0.2044 0.8096
vn 0.1421 -0.2289 -0.9630
vn -0.4026 0.7736 -0.4894
vn -0.0315 -0.2443 0.9692
vn 0.9021 0.1412 -0.4079
vn 0.9350 -0.0786 -0.3457
vn 0.9020 0.1412 -0.4079
vn 0.7944 0.4562 -0.4011
vn 0.6793 0.6082 -0.4107
vn 0.4874 0.8176 -0.3066
vn -0.5998 -0.6917 -0.4022
vn 0.7412 0.5125 -0.4336
vn 0.8675 0.2287 -0.4416
vn 0.2763 -0.7972 0.5367
vn 0.2201 -0.3852 0.8962
vn 0.2440 -0.2519 0.9365
vn -0.3703 -0.5279 -0.7643
vn -0.4331 -0.5669 -0.7008
vn -0.6942 0.4970 -0.5206
vn -0.5214 0.8532 0.0158
vn 0.1580 -0.1264 0.9793
vn -0.1892 0.9619 -0.1971
vn -0.1963 -0.3218 0.9262
vn 0.9690 -0.0945 -0.2285
vn 0.9690 -0.0946 -0.2284
vn 0.9228 0.2839 -0.2603
vn 0.9228 0.2840 -0.2603
vn 0.9152 0.3077 -0.2604
vn 0.6753 0.6989 -0.2356
vn 0.9347 -0.2514 -0.2513
vn 0.6545 -0.7255 -0.2129
vn 0.6374 -0.6374 -0.4328
vn 0.4257 -0.2838 0.8592
vn 0.8964 -0.3932 0.2044
vn 0.5214 0.8532 0.0158
vn 0.5976 0.7233 -0.3460
vn -0.9223 0.2443 -0.2995
vn -0.7382 0.6125 -0.2827
vn -0.5361 -0.1656 -0.8278
vn 0.0395 -0.3160 -0.9479
vn -0.1417 0.9838 0.1102
vn -0.1660 -0.2688 -0.9488
vn 0.2040 0.9575 0.2041
vn -0.7411 -0.6622 -0.1104
vn -0.7801 -0.5989 -0.1812
vn -0.7411 -0.6623 -0.1104
vn -0.7801 -0.5988 -0.1812
vn -0.7726 -0.5755 -0.2680
vn -0.7763 0.0627 0.6273
vn -0.7486 0.0394 0.6619
vn 0.5572 0.4944 0.6671
vn 0.8582 -0.4330 -0.2756
vn -0.2754 0.8418 0.4642
vn -0.3710 -0.3078 -0.8761
vn 0.4087 0.7860 0.4638
vn 0.2517 0.6056 0.7550
vn -0.4562 0.6214 0.6370
vn 0.8229 0.2351 -0.5173
vn -0.2823 -0.1412 0.9489
vn -0.2040 -0.2041 0.9575
vn -0.2040 -0.2040 0.9575
vn -0.3458 -0.2515 0.9039
vn -0.2041 -0.2040 0.9575
vn -0.1257 -0.2829 0.9509
vn -0.2368 -0.0394 0.9708
vn -0.8890 0.0393 -0.4563
vn -0.9122 -0.0236 -0.4090
vn 0.2763 -0.7972 0.5368
vn 0.9892 0.1413 -0.0393
vn 0.8992 0.3629 0.2445
vn 0.9648 0.2588 -0.0471
vn 0.0944 -0.1967 0.9759
vn 0.1811 -0.2441 0.9527
vn 0.0944 -0.1968 0.9759
vn 0.2041 0.9575 0.2040
vn -0.1892 0.8516 -0.4889
vn 0.0157 0.9590 -0.2830
vn 0.4087 0.7861 0.4637
vn 0.6772 0.4961 0.5434
vn 0.6772 0.4961 0.5433
vn 0.3846 -0.4160 -0.8241
vn 0.3378 -0.2357 -0.9112
vn 0.1894 0.8602 -0.4735
vn -0.0236 0.9589 -0.2829
vn 0.6213 -0.2595 -0.7393
vn -0.9634 0.1895 0.1895
vn 0.8818 -0.1181 0.4567
vn 0.6613 -0.3543 0.6612
vn -0.6942 0.4970 -0.5207
vn 0.6552 0.6236 -0.4263
vn 0.1731 0.7081 -0.6845
vn -0.0000 0.6371 -0.7708
vn -0.0000 0.6912 -0.7226
vn 0.2051 0.6389 -0.7414
vn 0.6552 0.6237 -0.4263
vn 0.9040 0.2515 -0.3459
vn 0.6213 -0.2596 -0.7393
vn -0.1962 -0.3218 0.9262
vn 0.3465 0.9372 -0.0393
vn -0.8584 0.0315 0.5119
vn -0.9285 0.3699 0.0315
vn 0.5049 0.6943 -0.5128
vn 0.9039 0.2515 -0.3458
vn -0.9285 0.2204 0.2990
vn -0.9294 0.3545 -0.1024
vn -0.9345 0.2356 0.2670
vn 0.8997 0.0474 -0.4340
vn 0.9224 -0.0079 -0.3863
vn -0.9286 0.3698 0.0315
vn 0.4005 0.6440 -0.6518
vn -0.1421 0.5289 -0.8367
vn -0.2126 0.6379 -0.7402
vn -0.2126 0.6378 -0.7402
vn -0.1807 0.7071 -0.6836
vn -0.1893 0.9619 -0.1971
vn -0.4256 0.7172 -0.5517
vn 0.2202 -0.5978 0.7708
vn 0.4394 0.8474 -0.2982
vn 0.2133 -0.5528 -0.8055
vn 0.3548 -0.5597 -0.7489
vn 0.4331 -0.5669 -0.7008
vn 0.3547 -0.5597 -0.7489
vn 0.2834 -0.3384 -0.8973
vn 0.4394 0.8474 -0.2981
vn -0.8269 0.4489 0.3387
vn -0.9286 0.3699 0.0315
vn -0.6082 0.6793 0.4107
vn -0.8269 0.4489 0.3386
vn -0.2361 0.9049 -0.3541
vn -0.5259 -0.1335 -0.8400
vn -0.4235 0.8705 0.2509
vn -0.0000 0.5364 -0.8440
vn -0.0315 -0.5742 -0.8181
vn -0.2672 -0.7623 -0.5894
vn 0.2040 0.9575 0.2040
vn 0.1421 0.5289 -0.8367
vn 0.2051 0.6389 -0.7415
vn -0.8030 -0.4330 -0.4094
vn -0.5029 0.8643 0.0079
vn -0.7548 0.6369 0.1573
vn 0.2526 0.9000 -0.3553
vn -0.5260 -0.1335 -0.8400
vn -0.7256 0.6231 -0.2919
vn -0.7256 0.6231 -0.2918
vn -0.9123 -0.0236 -0.4089
vn -0.9081 -0.0158 -0.4185
vn 0.8083 0.5493 -0.2119
vn 0.0079 0.4472 0.8944
vn -0.0078 0.4472 0.8944
vn 0.8290 0.5448 0.1263
vn 0.9040 0.2515 -0.3458
vn -0.5116 0.8579 -0.0473
vn -0.6058 -0.7002 0.3776
vn -0.7095 -0.5676 0.4178
vn 0.4578 0.8840 0.0947
vn -0.9265 0.1492 -0.3455
vn -0.9939 -0.1025 0.0395
vn -0.4645 0.6456 -0.6062
vn -0.3147 0.5192 -0.7946
vn -0.4570 0.5043 -0.7327
vn -0.4256 0.7173 -0.5517
vn -0.3478 0.3874 -0.8538
vn -0.4570 0.5042 -0.7327
vn 0.9223 -0.0079 -0.3863
vn 0.9420 -0.0628 -0.3297
vn 0.5907 0.6301 -0.5041
vn -0.5116 0.8579 -0.0472
vn -0.6616 0.6380 -0.3939
vn 0.6108 0.6969 -0.3758
vn 0.6300 0.7166 0.2992
vn -0.1893 0.8516 -0.4889
vn 0.0078 0.4472 0.8944
vn 0.7812 -0.6234 -0.0316
vn 0.8506 -0.5198 -0.0787
vn 0.8295 -0.5530 -0.0790
vn 0.3140 0.5102 -0.8007
vn -0.5140 -0.7908 0.3322
vn -0.7094 -0.5676 0.4178
vn -0.6058 -0.7003 0.3777
vn -0.9141 -0.2527 -0.3172
vn -0.9129 -0.2597 -0.3148
vn -0.9148 -0.2524 -0.3155
vn -0.8292 -0.5133 -0.2211
vn -0.9148 -0.2523 -0.3154
vn -0.9132 -0.2597 -0.3140
vn -0.7431 -0.6482 -0.1660
vn -0.6617 0.6380 -0.3938
vn -0.7652 0.6153 -0.1893
vn -0.6833 0.6911 -0.2356
vn -0.6617 0.6380 -0.3939
vn -0.6076 0.7023 -0.3709
vn -0.7480 0.6614 0.0551
vn 0.6443 0.7622 -0.0629
vn 0.6443 0.7622 -0.0628
vn -0.7273 0.5771 -0.3715
vn -0.1580 0.3871 -0.9084
vn 0.8294 -0.5530 -0.0790
vn 0.2052 0.6473 -0.7341
vn -0.9223 0.2444 -0.2995
vn 0.4255 0.8982 -0.1103
vn 0.4504 0.8772 0.1660
vn 0.4479 0.8722 -0.1964
vn 0.9486 -0.0711 -0.3083
vn 0.9463 -0.0710 -0.3155
vn -0.2052 0.6473 -0.7341
vn -0.4255 0.8982 -0.1103
vn -0.4479 0.8722 -0.1964
vn -0.4335 0.8827 0.1813
vn 0.2282 0.6845 0.6924
vn 0.4089 0.8650 0.2910
vn 0.2916 0.7643 0.5752
vn -0.0236 0.9588 -0.2829
vn 0.9763 0.2047 -0.0709
vn 0.9946 -0.0158 0.1026
vn 0.9892 0.1413 -0.0392
vn 0.9969 0.0785 -0.0000
vn -0.4234 0.8705 0.2509
vn 0.7324 0.4489 -0.5119
vn 0.8350 0.2206 -0.5041
vn 0.6300 0.7166 0.2993
vn -0.0629 -0.2752 0.9593
vn -0.0000 -0.3700 0.9290
vn -0.1258 -0.2829 0.9509
vn 0.6108 0.6969 -0.3759
vn 0.7429 0.6165 -0.2608
vn 0.5907 0.6301 -0.5040
vn 0.6790 0.6948 -0.2369
vn 0.9463 -0.0710 -0.3154
vn -0.2604 0.1894 -0.9468
vn 0.2604 0.1894 -0.9468
vn 0.4632 0.5024 -0.7301
vn 0.3478 0.3874 -0.8538
vn -0.2915 0.9533 -0.0788
vn -0.6237 0.7815 0.0158
vn -0.4570 0.5042 -0.7328
vn -0.6140 0.4959 -0.6140
vn -0.7267 0.4897 -0.4818
vn 0.4089 0.8650 0.2909
vn 0.4505 0.8772 0.1660
vn 0.8877 -0.4164 0.1964
vn 0.8709 -0.4708 0.1412
vn -0.3928 0.8642 0.3143
vn -0.3623 0.8034 0.4726
vn -0.8877 -0.4164 0.1964
vn -0.8709 -0.4708 0.1412
vn 0.6134 0.4876 -0.6213
vn 0.5190 0.3696 -0.7707
vn -0.7986 0.5930 -0.1028
vn 0.7626 -0.2830 -0.5817
vn 0.6390 -0.1736 -0.7494
vn -0.6390 -0.1736 -0.7494
vn -0.7626 -0.2830 -0.5817
vn 0.0474 0.7257 -0.6863
vn -0.1893 0.7176 0.6702
vn -0.3227 0.7398 -0.5903
vn -0.5972 0.8015 0.0315
vn 0.6213 -0.1416 0.7707
vn 0.4874 -0.0315 0.8726
vn 0.6335 -0.2376 0.7364
vn -0.0078 -0.1961 0.9806
vn -0.1336 -0.0393 0.9903
vn -0.0789 -0.1421 0.9867
vn -0.6220 -0.1732 0.7637
vn -0.6335 -0.2376 0.7364
vn -0.4816 -0.0079 0.8764
vn 0.7471 0.5977 -0.2910
vn 0.7972 0.5920 -0.1184
vn -0.3389 0.1419 0.9301
vn -0.4476 0.3062 0.8402
vn -0.4953 0.3145 0.8098
vn 0.8350 0.2206 -0.5042
vn -0.3534 0.9346 -0.0393
vn -0.5820 0.8101 0.0708
vn 0.4476 0.3062 0.8402
vn 0.3393 0.1341 0.9311
vn 0.4953 0.3145 0.8098
vn 0.7367 0.4859 -0.4702
vn 0.8219 0.4979 -0.2766
vn 0.3307 0.2047 0.9213
vn 0.1258 0.3302 0.9355
vn 0.4874 -0.0314 0.8726
vn -0.0000 0.1810 -0.9835
vn 0.1580 0.3871 -0.9084
vn -0.9148 -0.2524 -0.3154
vn -0.2441 -0.0473 0.9686
vn -0.1976 0.0079 0.9802
vn 0.7637 0.6219 0.1732
vn 0.5820 0.8101 0.0708
vn 0.7591 0.4191 -0.4981
vn 0.2053 0.6473 -0.7341
vn -0.2604 0.1893 -0.9468
vn -0.4962 0.0551 -0.8664
vn 0.6390 -0.1735 -0.7494
vn 0.7625 -0.2830 -0.5818
vn 0.7538 -0.2748 -0.5968
vn -0.7636 0.6220 0.1732
vn -0.7625 -0.2830 -0.5817
vn -0.7538 -0.2749 -0.5968
vn -0.8245 0.4947 -0.2748
vn 0.3300 0.9428 -0.0471
vn 0.0237 0.4659 0.8845
vn 0.3153 0.9457 -0.0788
vn 0.3300 0.9428 -0.0472
vn 0.8416 -0.3618 -0.4011
vn 0.7539 -0.2748 -0.5968
vn -0.9641 -0.1027 0.2450
vn -0.9766 -0.0866 0.1969
vn -0.8020 -0.2123 0.5583
vn -0.4976 0.5292 0.6872
vn -0.8351 0.2679 0.4805
vn -0.7538 -0.2748 -0.5968
vn -0.8416 -0.3618 -0.4011
vn -0.7539 -0.2748 -0.5968
vn 0.4396 -0.1413 -0.8870
vn 0.8229 0.2351 -0.5172
vn -0.5190 0.3696 -0.7707
vn -0.0000 -0.4186 0.9082
vn -0.0790 0.4268 0.9009
vn -0.1342 0.3157 0.9393
vn -0.4561 0.0472 0.8887
vn -0.7866 0.3461 -0.5113
vn -0.5191 0.3696 -0.7707
vn -0.6533 0.3542 -0.6691
vn -0.5592 0.2048 -0.8033
vn 0.3770 0.8795 -0.2906
vn -0.9149 0.0868 0.3943
vn -0.3769 0.8795 -0.2906
vn -0.4479 0.8722 -0.1965
vn 0.5191 -0.2202 0.8258
vn 0.3228 -0.0551 0.9448
vn 0.6449 -0.7628 -0.0472
vn -0.5266 0.2043 0.8252
vn 0.4505 0.8772 0.1659
vn 0.4407 0.0315 0.8971
vn 0.5266 0.2044 0.8252
vn 0.3393 0.0552 0.9390
vn 0.1576 0.1891 -0.9692
vn 0.3479 0.3874 -0.8538
vn 0.3709 0.1973 -0.9075
vn 0.1491 -0.0000 -0.9888
vn 0.5266 0.2043 0.8252
vn 0.3393 0.1342 0.9311
vn -0.3459 -0.2515 0.9039
vn -0.2842 -0.2842 0.9157
vn 0.3154 -0.0710 0.9463
vn 0.3393 0.0552 0.9391
vn -0.1728 -0.4870 0.8562
vn 0.9372 0.3466 0.0394
vn 0.3465 0.9372 -0.0394
vn -0.5213 0.8532 0.0158
vn -0.2517 0.6684 -0.6999
vn 0.5213 0.8532 0.0158
vn 0.2517 0.6684 -0.6999
vn 0.5892 -0.7227 0.3614
vn 0.6761 -0.5661 0.4717
vn -0.4962 0.0552 -0.8664
vn -0.1576 0.1891 -0.9692
vn -0.3709 0.1973 -0.9075
vn -0.1491 -0.0000 -0.9888
vn 0.6773 -0.5828 -0.4489
vn 0.7813 -0.6234 -0.0316
vn 0.6839 -0.5817 -0.4402
vn 0.0786 -0.6131 -0.7861
vn 0.6533 0.3542 -0.6691
vn 0.5592 0.2048 -0.8034
vn 0.7367 0.4859 -0.4703
vn 0.7866 0.3461 -0.5113
vn -0.9138 0.3860 -0.1260
vn -0.0630 -0.6225 -0.7801
vn 0.5018 -0.1333 -0.8546
vn 0.5266 -0.2043 -0.8252
vn 0.5734 -0.4635 -0.6755
vn 0.5735 -0.4635 -0.6755
vn -0.2441 -0.0472 0.9686
vn -0.2206 -0.1655 0.9612
vn -0.1261 -0.3232 0.9379
vn 0.4495 -0.0631 0.8911
vn -0.6219 -0.1732 0.7637
vn -0.4337 -0.0631 0.8989
vn -0.6213 -0.2359 0.7472
vn -0.4172 -0.2204 0.8817
vn -0.5594 -0.4885 0.6697
vn -0.6213 -0.2360 0.7472
vn -0.6233 -0.0394 0.7810
vn -0.6211 -0.2361 0.7473
vn -0.4407 0.0315 0.8971
vn -0.2591 0.0235 0.9656
vn -0.2591 0.0236 0.9656
vn -0.3318 0.0790 0.9400
vn -0.3318 0.0790 0.9401
vn 0.9763 0.2047 -0.0708
vn 0.8974 -0.3621 0.2519
vn -0.9989 -0.0079 0.0472
vn -0.9672 0.0944 0.2358
vn -0.9763 0.0709 0.2047
vn 0.9129 0.3856 -0.1338
vn -0.8973 0.3385 -0.2834
vn -0.8974 -0.3622 0.2519
vn -0.0315 -0.2442 0.9692
vn 0.1654 0.3072 0.9372
vn 0.2202 0.5191 0.8259
vn 0.2044 -0.5502 0.8096
vn 0.8993 0.3392 -0.2761
vn -0.6983 -0.6983 -0.1569
vn -0.7456 -0.6436 -0.1727
vn 0.9002 0.1658 0.4027
vn -0.6140 0.4960 -0.6140
vn -0.8183 0.1888 -0.5429
vn 0.4173 -0.4252 -0.8031
vn -0.4496 -0.4338 -0.7808
vn -0.3846 -0.4160 -0.8241
vn -0.6440 0.0707 0.7618
vn -0.6232 -0.0394 0.7810
vn 0.8183 0.1888 -0.5429
vn -0.2684 0.9633 0.0079
vn -0.6908 0.6123 -0.3846
vn 0.2915 0.7643 0.5752
vn -0.0790 0.4267 0.9009
vn 0.2685 0.9633 0.0079
vn 0.6008 0.7905 0.1186
vn -0.4870 0.1728 -0.8561
vn -0.4870 0.1728 -0.8562
vn 0.6908 0.6123 -0.3846
vn 0.6908 0.6123 -0.3847
vn -0.2202 0.5191 0.8258
vn -0.0079 0.4472 0.8944
vn -0.1262 0.9781 -0.1656
vn -0.3700 -0.0000 -0.9290
vn -0.3616 -0.2280 -0.9040
vn 0.3939 -0.2285 0.8903
vn 0.2121 -0.2278 0.9503
vn 0.1020 0.9887 -0.1099
vn -0.1728 -0.4870 0.8561
vn 0.3935 0.4879 0.7791
vn 0.5279 0.3861 0.7565
vn 0.9075 0.1815 -0.3788
vn 0.4494 -0.0620 0.8912
vn -0.2202 0.5191 0.8259
vn 0.6440 0.0707 0.7618
vn 0.3935 0.4880 0.7791
vn 0.4874 -0.2044 -0.8490
vn 0.5018 -0.1333 -0.8547
vn -0.7431 -0.6483 -0.1660
vn -0.6983 -0.6983 -0.1570
vn -0.5880 0.4468 0.6743
vn 0.6943 0.1894 -0.6943
vn -0.8512 -0.3468 0.3940
vn 0.7812 -0.6234 -0.0315
vn 0.4874 -0.2044 -0.8489
vn 0.4319 -0.2591 -0.8639
vn 0.4319 -0.2592 -0.8639
vn 0.4251 -0.2047 -0.8817
vn -0.7792 0.1259 0.6140
vn -0.4729 0.1576 -0.8669
vn -0.8452 0.1738 -0.5055
vn -0.4728 0.1576 -0.8669
vn -0.5023 0.0471 -0.8634
vn -0.5106 -0.0786 -0.8562
vn -0.5106 -0.0785 -0.8562
vn -0.5037 -0.2518 -0.8264
vn -0.4638 -0.3931 -0.7940
vn -0.7273 0.5771 -0.3716
vn -0.4489 0.8269 -0.3386
vn -0.5592 0.2048 -0.8034
vn -0.2206 -0.1654 0.9612
vn -0.3687 -0.4157 0.8314
vn -0.1261 -0.3231 0.9379
vn 0.6375 -0.6374 -0.4328
vn 0.9347 -0.2513 -0.2513
vn 0.3700 -0.0000 -0.9290
vn 0.8029 -0.3306 -0.4959
vn 0.6232 -0.0394 0.7810
vn -0.9075 0.1815 -0.3788
vn -0.4159 0.8476 -0.3296
vn 0.8831 -0.1971 0.4258
vn 0.8818 -0.1181 0.4566
vn 0.0708 -0.1102 -0.9914
vn -0.6549 0.3630 0.6628
vn 0.4970 -0.0079 -0.8677
vn 0.3454 0.8871 -0.3062
vn 0.5734 -0.4634 -0.6756
vn 0.9189 -0.2042 -0.3377
vn -0.1569 -0.2118 -0.9647
vn -0.0078 -0.1961 0.9805
vn -0.0000 -0.3068 0.9518
vn 0.6568 0.3561 0.6647
vn 0.0710 -0.2289 0.9709
vn 0.2672 -0.7623 -0.5894
vn -0.6843 0.2045 0.7000
vn -0.6943 0.1893 -0.6943
vn -0.5745 -0.0000 -0.8185
vn -0.6943 0.1894 -0.6943
vn 0.9328 -0.0948 0.3478
vn 0.8677 0.2919 0.4023
vn 0.8405 -0.2671 -0.4713
vn 0.6843 0.2045 0.7000
vn -0.0079 -0.9658 -0.2591
vn -0.0316 -0.9002 -0.4343
vn -0.0315 -0.9673 -0.2517
vn -0.3554 0.9082 -0.2211
vn -0.7792 0.1259 0.6139
vn -0.8309 -0.0000 -0.5565
vn -0.7420 -0.6552 0.1421
vn -0.0000 -0.6237 -0.7816
vn -0.9589 0.1886 -0.2122
vn 0.1485 0.0005 -0.9889
vn 0.3616 -0.2280 -0.9040
vn 0.1568 -0.2118 -0.9647
vn 0.3456 -0.4477 -0.8247
vn 0.1569 -0.2118 -0.9647
vn 0.2201 -0.6368 -0.7390
vn 0.1495 -0.4485 -0.8812
vn -0.0000 0.1809 -0.9835
vn 0.7805 0.1498 0.6070
vn 0.4710 0.8479 -0.2434
vn 0.6535 0.3544 -0.6689
vn 0.8308 -0.0000 -0.5565
vn 0.9588 0.1886 -0.2122
vn -0.1335 0.9895 -0.0550
vn -0.8013 -0.1414 0.5813
vn -0.8075 -0.0470 0.5880
vn -0.8105 0.0630 0.5823
vn 0.1180 0.9910 -0.0629
vn 0.2684 0.9633 0.0079
vn 0.4711 0.8479 -0.2434
vn -0.7408 0.6226 -0.2522
vn -0.3462 0.9205 -0.1810
vn -0.5274 0.8265 -0.1968
vn -0.9224 -0.0000 -0.3863
vn -0.3853 -0.4954 -0.7785
vn -0.9882 0.0869 -0.1265
vn -0.9588 0.1886 -0.2122
vn -0.1580 -0.0000 0.9874
vn -0.1809 -0.0079 0.9835
vn 0.0943 0.9818 -0.1650
vn 0.1580 -0.0000 0.9874
vn 0.1810 -0.0079 0.9835
vn 0.9224 -0.0000 -0.3863
vn 0.6139 -0.2282 0.7556
vn -0.4976 0.5293 0.6872
vn -0.3156 0.6866 0.6550
vn 0.8172 0.0550 0.5737
vn 0.7804 0.1498 0.6070
vn -0.2127 -0.0079 0.9771
vn -0.2203 -0.0079 0.9754
vn -0.1810 -0.0079 0.9835
vn 0.0942 0.9818 -0.1649
vn 0.2526 0.9000 -0.3552
vn -0.8280 0.5047 -0.2444
vn 0.6139 -0.2283 0.7556
vn 0.2128 -0.0079 0.9771
vn 0.2203 -0.0079 0.9754
vn 0.0395 -0.6405 -0.7669
vn 0.3687 -0.4157 0.8314
vn 0.2120 -0.2278 0.9503
vn 0.9881 0.0870 -0.1265
vn -0.7071 -0.0000 -0.7071
vn 0.0943 0.9744 -0.2043
vn 0.3454 0.8871 -0.3061
vn 0.5745 -0.0000 -0.8185
vn 0.5592 0.2048 -0.8033
vn -0.1337 0.0236 0.9907
vn 0.3869 0.6238 0.6791
vn 0.2516 0.7075 0.6604
vn 0.1336 0.0315 0.9905
vn 0.1896 0.9322 0.3082
vn -0.9754 -0.0079 -0.2202
vn 0.3628 -0.5205 -0.7729
vn 0.3846 -0.4159 -0.8241
vn 0.4173 -0.4252 -0.8032
vn 0.1810 -0.0078 0.9835
vn 0.2127 -0.0079 0.9771
vn 0.1261 -0.3232 0.9379
vn -0.1181 0.0394 0.9922
vn -0.1180 0.0629 0.9910
vn 0.1258 0.0472 0.9909
vn -0.8105 0.0629 0.5823
vn 0.7071 -0.0000 -0.7071
vn 0.3152 0.9457 -0.0788
vn -0.0395 0.9795 -0.1975
vn -0.2518 0.0079 0.9677
vn -0.2202 -0.0079 0.9754
vn -0.0949 0.9723 -0.2134
vn -0.7085 -0.4408 -0.5511
vn -0.2517 0.0157 0.9677
vn -0.2518 0.0079 0.9678
vn 0.2518 0.0079 0.9678
vn 0.2202 -0.0079 0.9754
vn 0.2518 0.0157 0.9677
vn 0.5037 0.1023 -0.8578
vn -0.6666 0.7372 0.1098
vn -0.2901 -0.9567 0.0235
vn -0.7411 -0.6623 -0.1103
vn 0.6201 -0.7378 -0.2669
vn 0.6200 -0.7378 -0.2669
vn -0.3069 -0.9444 -0.1180
vn -0.9381 0.0710 0.3390
vn 0.1180 0.0629 0.9910
vn 0.1337 0.0314 0.9905
vn -0.5599 -0.2287 -0.7964
vn 0.7290 0.6428 -0.2352
vn 0.4399 0.8797 -0.1807
vn 0.2599 0.9527 -0.1575
vn -0.9995 -0.0315 0.0079
vn -0.9763 0.0708 0.2047
vn -0.4486 -0.8422 0.2991
vn -0.6058 -0.7002 0.3777
vn 0.5598 -0.2287 -0.7964
vn -0.9000 -0.0395 0.4342
vn -0.9283 0.0393 0.3698
vn -0.7793 0.1259 0.6139
vn -0.9283 0.0393 0.3697
vn 0.1178 0.0863 0.9893
vn 0.8173 0.0550 0.5736
vn 0.6233 -0.0394 0.7810
vn 0.8112 -0.0473 0.5828
vn 0.8013 -0.1414 0.5813
vn 0.6140 -0.2282 0.7556
vn -0.1177 0.0941 0.9886
vn 0.7591 0.4191 -0.4982
vn -0.0706 -0.0471 -0.9964
vn -0.4489 0.8269 -0.3387
vn 0.9244 0.0869 0.3714
vn 0.9064 0.0631 0.4177
vn 0.9437 0.1022 0.3146
vn -0.1185 -0.5453 0.8298
vn 0.4258 0.1971 -0.8831
vn 0.4969 -0.0079 -0.8677
vn 0.9754 -0.0079 -0.2203
vn -0.2199 -0.6283 -0.7462
vn 0.6869 -0.2132 -0.6948
vn -0.0079 -0.5063 0.8623
vn 0.0235 -0.7376 0.6748
vn 0.1183 -0.5362 0.8358
vn 0.1183 -0.5361 0.8358
vn 0.1261 -0.3231 0.9379
vn 0.9913 -0.0393 0.1259
vn -0.6869 -0.2132 -0.6948
vn -0.8308 -0.0000 -0.5565
vn 0.0943 0.9818 -0.1649
vn -0.9881 0.0870 -0.1265
vn -0.2755 0.0472 0.9601
vn -0.2751 0.0707 0.9588
vn -0.2683 0.0316 0.9628
vn -0.2518 0.0157 0.9677
vn -0.2755 0.0472 0.9602
vn 0.4398 0.8797 -0.1807
vn 0.1263 0.1026 0.9867
vn 0.1178 0.0864 0.9893
vn 0.2754 0.0472 0.9602
vn 0.2683 0.0316 0.9628
vn 0.2751 0.0707 0.9588
vn 0.2755 0.0472 0.9602
vn -0.0629 0.9752 -0.2123
vn 0.0943 0.9903 -0.1022
vn -0.1098 0.9887 -0.1020
vn 0.0629 0.9752 -0.2123
vn 0.2045 -0.9750 -0.0865
vn 0.2051 -0.9782 0.0315
vn 0.9507 -0.0471 0.3064
vn -0.9223 -0.0158 0.3863
vn 0.9882 0.0870 -0.1265
vn 0.9589 0.1886 -0.2122
vn -0.1263 0.1026 0.9867
vn -0.1578 0.1341 0.9783
vn -0.1177 0.0942 0.9886
vn -0.1415 0.1179 0.9829
vn -0.4735 0.8680 0.1499
vn -0.9699 0.1025 0.2208
vn -0.9381 0.0709 0.3390
vn -0.8116 -0.2124 -0.5442
vn -0.0079 -0.9678 -0.2518
vn 0.6508 -0.4391 0.6194
vn 0.5191 -0.2202 0.8259
vn 0.4256 -0.2838 0.8592
vn -0.4155 -0.6193 -0.6663
vn 0.1491 0.1255 0.9808
vn -0.0315 -0.9673 -0.2516
vn -0.0315 -0.9692 -0.2443
vn -0.9472 -0.0553 0.3157
vn -0.9829 0.0629 0.1730
vn -0.5598 -0.2287 -0.7964
vn 0.1415 0.1179 0.9829
vn -0.9223 -0.0158 0.3862
vn 0.8118 -0.2128 -0.5438
vn 0.9244 -0.0395 0.3793
vn -0.2745 0.0942 0.9570
vn -0.8632 -0.3609 0.3531
vn -0.9034 -0.2042 -0.3771
vn -0.9754 -0.0079 -0.2203
vn 0.2745 0.0941 0.9570
vn 0.0708 -0.1101 -0.9914
vn 0.2598 0.9527 -0.1575
vn -0.9346 -0.1806 0.3063
vn 0.2985 -0.6048 0.7383
vn 0.1728 -0.7775 0.6047
vn -0.5734 -0.0013 -0.8193
vn -0.1099 0.9887 -0.1020
vn -0.8118 -0.2128 -0.5438
vn -0.9034 -0.2043 -0.3771
vn -0.0393 -0.0157 -0.9991
vn -0.4963 0.0552 -0.8664
vn -0.2913 -0.6062 0.7400
vn -0.7636 0.4487 0.4644
vn -0.8763 0.2763 0.3947
vn -0.9149 0.0867 0.3943
vn -0.7635 0.4487 0.4644
vn -0.7070 0.5342 0.4635
vn -0.9149 0.0868 0.3944
vn 0.1653 0.1417 0.9760
vn 0.1817 0.1501 0.9718
vn -0.2441 0.1338 0.9605
vn -0.2595 0.1101 0.9594
vn -0.2746 0.0941 0.9570
vn 0.5599 -0.2287 -0.7964
vn 0.9867 0.0395 0.1579
vn 0.2595 0.1101 0.9594
vn 0.2441 0.1339 0.9605
vn -0.2294 0.7039 0.6723
vn -0.0157 -0.0550 -0.9984
vn -0.0158 -0.0948 -0.9954
vn -0.5024 0.0471 -0.8634
vn -0.5037 -0.2519 -0.8264
vn 0.0079 -0.1580 -0.9874
vn 0.0158 -0.2757 -0.9611
vn -0.3462 0.9206 -0.1809
vn -0.1415 0.1180 0.9829
vn -0.1653 0.1417 0.9760
vn 0.2751 0.0708 0.9588
vn -0.9867 -0.0394 0.1579
vn 0.4399 0.8797 -0.1806
vn -0.1972 0.1420 0.9700
vn 0.4320 -0.2592 -0.8639
vn 0.9034 -0.2043 -0.3771
vn 0.9588 -0.1886 -0.2122
vn 0.2440 0.1338 0.9605
vn 0.2197 0.1413 0.9653
vn 0.2048 0.1417 0.9685
vn -0.0000 -0.3795 -0.9252
vn -0.0000 -0.3796 -0.9252
vn -0.0000 -0.3796 -0.9251
vn -0.2197 0.1413 0.9653
vn -0.2902 -0.9567 0.0235
vn 0.2051 -0.9782 0.0316
vn 0.9346 -0.1806 0.3063
vn -0.9346 -0.1807 0.3063
vn -0.9704 -0.1893 0.1499
vn -0.9195 -0.3930 0.0078
vn -0.9472 -0.0552 0.3157
vn 0.2044 -0.9750 -0.0865
vn 0.0866 -0.5902 -0.8026
vn 0.6227 -0.7015 0.3468
vn -0.7801 -0.5989 -0.1813
vn -0.4154 -0.6193 -0.6663
vn 0.4556 0.2435 -0.8562
vn -0.2198 0.1412 0.9653
vn 0.7729 -0.3391 0.5363
vn 0.6140 -0.2283 0.7556
vn -0.9867 -0.0395 0.1579
vn -0.9704 -0.1894 0.1499
vn -0.9472 -0.0553 0.3158
vn -0.7726 -0.5755 -0.2681
vn -0.4155 -0.6192 -0.6663
vn -0.0394 -0.0157 -0.9991
vn -0.9574 -0.1962 -0.2119
vn 0.2047 0.1417 0.9685
vn -0.9740 -0.1885 -0.1257
vn -0.3069 -0.9444 -0.1181
vn -0.3686 -0.4157 0.8314
vn 0.9854 -0.0394 0.1655
vn 0.9704 -0.1894 0.1499
vn 0.9754 -0.0079 -0.2202
vn 0.9034 -0.2042 -0.3771
vn 0.9758 -0.1889 -0.1102
vn -0.1569 -0.2117 -0.9647
vn -0.3386 -0.4489 -0.8269
vn -0.5037 -0.4328 -0.7476
vn -0.2440 0.1338 0.9605
vn 0.2441 0.1338 0.9605
vn 0.6305 -0.5122 0.5832
vn -0.1568 -0.2117 -0.9647
vn -0.0000 -0.2052 -0.9787
vn -0.1572 -0.4479 -0.8801
vn -0.1568 -0.2118 -0.9647
vn -0.0000 -0.4504 -0.8928
vn -0.1420 -0.6468 -0.7493
vn 0.1568 -0.2117 -0.9647
vn 0.0157 -0.6455 -0.7636
vn -0.0000 -0.4504 -0.8929
vn 0.1027 -0.7034 0.7034
vn -0.0000 -0.4185 0.9082
vn 0.7787 0.6214 -0.0865
vn 0.7208 0.6817 -0.1254
vn 0.7715 0.6220 -0.1338
vn -0.7715 0.6220 -0.1338
vn -0.7215 0.6823 -0.1176
vn -0.7787 0.6214 -0.0865
vn 0.6617 0.7404 -0.1182
vn 0.6934 0.7013 -0.1655
vn -0.7000 0.7000 -0.1416
vn -0.6774 0.7247 -0.1260
vn -0.7215 0.6823 -0.1177
vn 0.7792 0.6218 0.0787
vn 0.7949 0.6060 -0.0315
vn 0.7937 0.6051 0.0629
vn 0.8018 0.5974 -0.0157
vn 0.6475 0.7502 0.1342
vn 0.6347 0.7679 0.0862
vn 0.6781 0.7254 0.1183
vn 0.9224 -0.3863 -0.0000
vn -0.6475 0.7502 0.1342
vn -0.6781 0.7254 0.1183
vn -0.6347 0.7679 0.0862
vn -0.7949 0.6060 -0.0315
vn -0.7792 0.6218 0.0787
vn -0.7937 0.6051 0.0629
vn -0.8018 0.5974 -0.0157
vn -0.6533 0.7478 -0.1181
vn -0.6376 0.7635 -0.1023
vn 0.7240 0.6768 0.1338
vn 0.7354 0.6642 0.1344
vn 0.6085 0.7903 0.0711
vn 0.5973 0.8017 0.0236
vn -0.7651 -0.3313 0.5522
vn -0.7651 -0.3313 0.5521
vn -0.8826 -0.3625 0.2995
vn -0.7240 0.6768 0.1338
vn -0.7354 0.6642 0.1344
vn -0.5973 0.8017 0.0236
vn -0.6085 0.7903 0.0711
vn 0.6461 0.7564 -0.1024
vn 0.6092 0.7911 -0.0554
vn 0.6089 0.7907 -0.0633
vn 0.7240 0.6767 0.1338
vn 0.6089 0.7907 -0.0632
vn -0.6143 0.7876 -0.0472
vn -0.6376 0.7636 -0.1023
vn -0.6141 0.7873 -0.0551
vn -0.7715 0.6219 -0.1339
vn -0.6143 0.7876 -0.0473
vn 0.5734 -0.4635 -0.6756
vn 0.5265 -0.2043 -0.8252
vn -0.6086 0.7903 0.0711
vn -0.7715 0.6219 -0.1338
vn -0.4638 -0.3930 -0.7940
vn 0.0157 -0.2757 -0.9611
vn -0.6373 -0.4091 -0.6531
vn -0.5037 -0.4329 -0.7476
vn -0.6475 0.7501 0.1342
vn 0.8765 -0.3632 0.3159
vn -0.6373 -0.4091 -0.6530
vn 0.6373 -0.4091 -0.6530
vn 0.5037 -0.4328 -0.7476
vn 0.0787 -0.4646 0.8820
vn 0.0869 0.7502 0.6555
vn -0.0869 -0.7502 0.6555
vn -0.1186 -0.5453 0.8298
vn -0.0869 -0.7502 0.6554
vn -0.2682 -0.8205 0.5049
vn -0.0785 -0.8948 0.4395
vn -0.8669 -0.4098 -0.2837
vn 0.7172 0.5044 0.4808
vn 0.7036 0.5218 0.4823
vn -0.2293 0.7039 0.6722
vn -0.0395 0.7810 0.6232
vn 0.7649 -0.4100 -0.4968
vn 0.8368 -0.4026 -0.3710
vn 0.0866 -0.5901 -0.8026
vn -0.4966 -0.7173 0.4887
vn -0.7412 -0.5598 0.3706
vn -0.6048 -0.7697 0.2042
vn -0.2761 -0.6390 -0.7179
vn -0.7711 -0.4092 -0.4878
vn 0.4170 -0.6845 0.5980
vn 0.6226 -0.7015 0.3468
vn 0.8803 0.2122 0.4243
vn -0.5720 0.7758 0.2665
vn 0.0865 -0.5902 -0.8026
vn -0.7711 -0.4091 -0.4878
vn 0.5037 -0.4329 -0.7476
vn 0.6001 -0.6001 -0.5290
vn 0.9589 -0.1886 -0.2122
vn 0.8964 -0.3932 -0.2045
vn 0.9034 -0.2042 -0.3770
vn -0.4326 -0.6135 -0.6607
vn -0.9195 -0.3930 0.0079
vn 0.6374 -0.6375 -0.4328
vn -0.0078 0.4250 -0.9051
vn -0.7711 -0.4091 -0.4879
vn -0.6047 -0.6047 -0.5183
vn -0.7411 -0.5598 0.3706
vn 0.8965 -0.3932 -0.2044
vn 0.8765 -0.3632 0.3158
vn -0.0000 -0.6150 -0.7885
vn 0.6305 -0.5123 0.5832
vn 0.8765 -0.3633 0.3159
vn 0.8031 -0.5747 0.1575
vn 0.8765 -0.3633 0.3158
vn -0.2823 -0.7921 0.5412
vn -0.2522 -0.7722 0.5832
vn -0.4745 -0.8540 0.2135
vn 0.5053 -0.7106 0.4896
vn 0.3686 -0.4157 0.8314
vn 0.6000 -0.6001 -0.5290
vn -0.8826 -0.3625 0.2994
vn 0.2516 0.7076 0.6604
vn -0.0945 0.7955 0.5986
vn -0.0237 -0.9784 0.2052
vn -0.0552 -0.9700 0.2366
vn -0.1177 -0.9496 0.2904
vn -0.1493 -0.9349 0.3221
vn 0.0631 0.7731 0.6311
vn -0.0395 0.7810 0.6233
vn 0.4262 -0.6156 -0.6629
vn -0.7570 -0.5993 -0.2602
vn -0.8672 -0.4085 -0.2847
vn 0.0158 -0.6455 -0.7636
vn -0.0550 -0.7940 -0.6054
vn 0.0158 -0.9802 0.1976
vn 0.1023 -0.9437 0.3146
vn 0.1022 -0.9437 0.3146
vn 0.1417 -0.9213 0.3622
vn 0.2755 -0.8187 0.5038
vn 0.8030 -0.5747 0.1575
vn 0.2835 -0.7955 -0.5356
vn 0.7570 -0.5993 -0.2602
vn -0.0080 0.4250 -0.9051
vn -0.4154 -0.6192 -0.6663
vn 0.6845 -0.6373 0.3541
vn 0.6227 -0.7014 0.3468
vn -0.8120 -0.5834 0.0158
vn -0.6044 -0.6056 -0.5176
vn 0.4185 -0.7976 -0.4343
vn -0.2763 -0.7972 -0.5368
vn 0.0473 -0.8996 -0.4341
vn -0.0550 -0.7941 -0.6054
vn 0.1028 -0.7986 -0.5930
vn -0.9195 -0.3929 0.0079
vn -0.8120 -0.5834 0.0157
vn 0.5053 -0.7106 0.4895
vn 0.6075 -0.7652 0.2130
vn 0.3073 -0.8431 0.4413
vn -0.6940 -0.6546 0.2997
vn -0.6636 -0.6952 0.2765
vn -0.6079 -0.7579 0.2368
vn -0.5421 -0.8170 0.1964
vn -0.1976 0.7746 0.6007
vn 0.0869 0.7502 0.6554
vn -0.4403 0.7155 0.5425
vn -0.4956 0.6843 0.5349
vn 0.5193 0.6846 0.5115
vn 0.7037 0.5218 0.4823
vn 0.2440 0.7870 0.5666
vn -0.2682 -0.8204 0.5049
vn -0.2123 -0.9278 0.3067
vn -0.4250 -0.7950 -0.4329
vn -0.2763 -0.7972 -0.5367
vn -0.4744 -0.8540 0.2135
vn -0.5421 -0.8171 0.1964
vn 0.4256 0.7173 0.5517
vn -0.5365 -0.7889 -0.2998
vn -0.2051 -0.9780 0.0394
vn -0.1342 -0.9871 0.0869
vn -0.1343 -0.9871 0.0869
vn 0.5352 -0.7870 -0.3069
vn -0.1099 -0.9027 -0.4160
vn 0.6075 -0.7653 0.2130
vn 0.0869 -0.8926 0.4424
vn 0.2846 -0.9566 0.0632
vn 0.4179 -0.8832 0.2129
vn 0.0869 -0.8926 0.4423
vn -0.0314 -0.9732 0.2276
vn 0.0551 -0.9756 0.2124
vn -0.0785 -0.8948 0.4396
vn -0.1181 -0.9839 0.1338
vn -0.4403 0.7154 0.5425
vn 0.2440 0.7870 0.5667
vn -0.4250 -0.7949 -0.4329
vn -0.5364 -0.7889 -0.2998
vn 0.6001 -0.6000 -0.5290
vn 0.6273 -0.7763 -0.0627
vn -0.4100 -0.8830 0.2286
vn -0.6228 -0.7805 -0.0552
vn -0.2824 -0.7921 0.5412
vn 0.1891 -0.9062 -0.3782
vn 0.0473 -0.8997 -0.4340
vn 0.0482 -0.9000 -0.4332
vn -0.0629 -0.9522 -0.2990
vn 0.0474 -0.8997 -0.4340
vn -0.6228 -0.7804 -0.0552
vn -0.3697 -0.9046 -0.2124
vn 0.2043 -0.9271 0.3143
vn 0.0551 -0.9756 0.2125
vn 0.0708 -0.9517 -0.2989
vn 0.0473 -0.8996 -0.4340
vn -0.2596 -0.9046 -0.3382
vn -0.0630 -0.9522 -0.2990
vn 0.3237 -0.9000 -0.2921
vn -0.2595 -0.9046 -0.3382
vn 0.2835 -0.7955 -0.5355
vn 0.4186 -0.7976 -0.4343
vn -0.2918 -0.9544 0.0631
vn -0.2123 -0.9278 0.3066
vn -0.1265 -0.9881 -0.0870
vn -0.2128 -0.9536 -0.2128
vn 0.2207 -0.9536 -0.2049
vn -0.6048 -0.7698 0.2042
vn -0.4099 -0.8830 0.2286
vn -0.0315 -0.9830 -0.1809
vn 0.0868 -0.9861 -0.1420
vn -0.1265 -0.9882 -0.0869
vn -0.0314 -0.9830 -0.1809
vn 0.4262 -0.8997 -0.0947
vn -0.4339 -0.8993 -0.0552
vn 0.2846 -0.9566 0.0633
vn 0.1412 -0.9885 0.0549
vn -0.1181 -0.9840 0.1338
vn -0.4250 -0.9052 -0.0000
vn -0.4251 -0.9052 -0.0000
vt 0.613986 0.877397
vt 0.617360 0.881419
vt 0.610946 0.871431
vt 0.602857 0.868831
vt 0.274882 0.398319
vt 0.271740 0.399424
vt 0.269577 0.388659
vt 0.268106 0.388559
vt 0.272037 0.396128
vt 0.261272 0.390823
vt 0.259362 0.384411
vt 0.260375 0.385718
vt 0.614907 0.881355
vt 0.609527 0.883403
vt 0.614236 0.886158
vt 0.619433 0.896790
vt 0.604067 0.877212
vt 0.621612 0.895937
vt 0.462851 0.972389
vt 0.470225 0.974488
vt 0.469018 0.969963
vt 0.601840 0.867511
vt 0.601005 0.871401
vt 0.461350 0.965069
vt 0.463879 0.975696
vt 0.279128 0.412794
vt 0.277181 0.421105
vt 0.258527 0.388301
vt 0.267049 0.400304
vt 0.467213 0.962332
vt 0.475924 0.969553
vt 0.275139 0.409210
vt 0.470930 0.976485
vt 0.272877 0.421217
vt 0.274296 0.439830
vt 0.623917 0.912609
vt 0.281205 0.428265
vt 0.619910 0.899090
vt 0.262186 0.401647
vt 0.280318 0.428751
vt 0.274698 0.970283
vt 0.281050 0.981344
vt 0.256967 0.982371
vt 0.235592 0.989502
vt 0.230430 0.982567
vt 0.245830 0.970402
vt 0.131349 0.973119
vt 0.149317 0.984677
vt 0.125188 0.984292
vt 0.613088 0.900073
vt 0.474532 0.964614
vt 0.203231 0.992639
vt 0.184936 0.979125
vt 0.172277 0.987906
vt 0.160063 0.972338
vt 0.174648 0.807990
vt 0.187056 0.824936
vt 0.160789 0.823086
vt 0.247271 0.827985
vt 0.215480 0.831873
vt 0.240630 0.820611
vt 0.255459 0.806589
vt 0.269839 0.821209
vt 0.301657 0.973802
vt 0.295815 0.964355
vt 0.139677 0.813813
vt 0.153164 0.798601
vt 0.215232 0.815926
vt 0.110269 0.967411
vt 0.104392 0.976872
vt 0.287613 0.807784
vt 0.476911 0.972861
vt 0.573117 0.866108
vt 0.605162 0.893670
vt 0.615739 0.904704
vt 0.230639 0.382994
vt 0.265393 0.789167
vt 0.145040 0.961902
vt 0.254919 0.956880
vt 0.622602 0.919230
vt 0.141717 0.783453
vt 0.224364 0.964279
vt 0.202095 0.798064
vt 0.231981 0.797846
vt 0.393943 0.468785
vt 0.403655 0.430575
vt 0.406697 0.453898
vt 0.408228 0.442907
vt 0.386988 0.418489
vt 0.372077 0.470907
vt 0.358873 0.462186
vt 0.367397 0.421548
vt 0.356095 0.432493
vt 0.353832 0.451934
vt 0.353166 0.442357
vt 0.172708 0.786365
vt 0.247781 0.781840
vt 0.286829 0.780502
vt 0.308700 0.798343
vt 0.308901 0.948903
vt 0.283983 0.953742
vt 0.214354 0.977252
vt 0.179669 0.965415
vt 0.190306 0.949963
vt 0.161086 0.771831
vt 0.267760 0.769982
vt 0.223347 0.778238
vt 0.617051 0.913728
vt 0.194541 0.779814
vt 0.176471 0.765960
vt 0.121956 0.956885
vt 0.118644 0.775519
vt 0.121161 0.801584
vt 0.252475 0.764700
vt 0.572942 0.866420
vt 0.321403 0.962878
vt 0.230464 0.383320
vt 0.089256 0.960113
vt 0.141428 0.762216
vt 0.270692 0.421714
vt 0.265719 0.421734
vt 0.266884 0.444943
vt 0.257831 0.395640
vt 0.619874 0.932280
vt 0.615900 0.926019
vt 0.615728 0.947871
vt 0.600309 0.878740
vt 0.464661 0.976059
vt 0.309645 0.771797
vt 0.164632 0.954008
vt 0.144357 0.945260
vt 0.573349 0.879192
vt 0.623207 0.921414
vt 0.231954 0.762077
vt 0.100186 0.789564
vt 0.204874 0.762269
vt 0.471281 0.976434
vt 0.556627 0.868765
vt 0.538567 0.868490
vt 0.557190 0.870518
vt 0.473030 0.959360
vt 0.459503 0.954057
vt 0.214150 0.385661
vt 0.214713 0.387425
vt 0.196088 0.385390
vt 0.236503 0.978134
vt 0.236172 0.978207
vt 0.234589 0.978134
vt 0.456961 0.967394
vt 0.280199 0.448258
vt 0.230870 0.396059
vt 0.457764 0.971014
vt 0.608399 0.905416
vt 0.329238 0.785595
vt 0.234842 0.978204
vt 0.714518 0.009341
vt 0.718552 0.007009
vt 0.729099 0.006549
vt 0.156094 0.755331
vt 0.226966 0.949778
vt 0.281947 0.445884
vt 0.276669 0.428880
vt 0.279541 0.446556
vt 0.287074 0.759691
vt 0.107606 0.944386
vt 0.918816 0.951420
vt 0.917432 0.943442
vt 0.920348 0.946364
vt 0.868087 0.984319
vt 0.868650 0.983589
vt 0.867289 0.981458
vt 0.272178 0.753319
vt 0.259020 0.749787
vt 0.459006 0.830726
vt 0.467156 0.838464
vt 0.459249 0.827253
vt 0.169121 0.751345
vt 0.868782 0.980825
vt 0.623712 0.936985
vt 0.236200 0.978204
vt 0.236740 0.978134
vt 0.234387 0.978134
vt 0.234853 0.978202
vt 0.868138 0.978630
vt 0.868676 0.981770
vt 0.273950 0.444983
vt 0.240890 0.746900
vt 0.153432 0.417506
vt 0.115372 0.416528
vt 0.155737 0.395571
vt 0.089892 0.385237
vt 0.032623 0.386827
vt 0.030654 0.388044
vt 0.923788 0.956138
vt 0.195216 0.746851
vt 0.182097 0.748444
vt 0.089890 0.385249
vt 0.030634 0.388075
vt 0.032612 0.386820
vt 0.090019 0.385980
vt 0.090020 0.385960
vt 0.907685 0.006455
vt 0.969329 0.026874
vt 0.871957 0.055507
vt 0.838240 0.018871
vt 0.826626 0.107691
vt 0.803588 0.060254
vt 0.891517 0.127918
vt 0.929127 0.084928
vt 0.961939 0.116652
vt 0.991600 0.085585
vt 0.469171 0.844463
vt 0.329972 0.937869
vt 0.477204 0.973466
vt 0.089335 0.389014
vt 0.870021 0.976437
vt 0.924127 0.934799
vt 0.623923 0.936936
vt 0.343948 0.764984
vt 0.327827 0.756548
vt 0.918846 0.937974
vt 0.084771 0.769476
vt 0.107669 0.757061
vt 0.538359 0.871615
vt 0.195880 0.388537
vt 0.474972 0.847311
vt 0.480677 0.855058
vt 0.478094 0.856565
vt 0.707441 0.017241
vt 0.213992 0.746039
vt 0.233070 0.730167
vt 0.809146 0.016025
vt 0.807588 0.007100
vt 0.796678 0.007096
vt 0.924360 0.928897
vt 0.870656 0.976405
vt 0.458897 0.827390
vt 0.088853 0.393110
vt 0.923685 0.958606
vt 0.470656 0.951406
vt 0.234349 0.936858
vt 0.260965 0.942203
vt 0.239316 0.920716
vt 0.340367 0.948167
vt 0.319120 0.929403
vt 0.076863 0.940310
vt 0.066011 0.950158
vt 0.928123 0.946099
vt 0.926268 0.951823
vt 0.619332 0.931542
vt 0.213624 0.391928
vt 0.196078 0.389127
vt 0.456157 0.961516
vt 0.556102 0.875041
vt 0.538556 0.872242
vt 0.153902 0.411535
vt 0.155745 0.395510
vt 0.115380 0.416433
vt 0.117478 0.395483
vt 0.944996 0.794006
vt 0.942493 0.866101
vt 0.930455 0.797194
vt 0.871589 0.980495
vt 0.871503 0.986564
vt 0.809086 0.016013
vt 0.791178 0.007972
vt 0.310178 0.748753
vt 0.247010 0.731301
vt 0.261324 0.733719
vt 0.201581 0.935993
vt 0.280461 0.459645
vt 0.892425 0.792077
vt 0.911476 0.881063
vt 0.887202 0.872732
vt 0.968388 0.801175
vt 0.989545 0.800902
vt 0.982845 0.797382
vt 0.834547 0.795935
vt 0.859751 0.795641
vt 0.860099 0.841432
vt 0.841749 0.791378
vt 0.464623 0.951033
vt 0.456597 0.934077
vt 0.135575 0.744703
vt 0.273814 0.461773
vt 0.033816 0.389927
vt 0.117475 0.395515
vt 0.478691 0.848604
vt 0.871473 0.989486
vt 0.194376 0.730838
vt 0.213714 0.730014
vt 0.033821 0.389955
vt 0.292316 0.741986
vt 0.465165 0.834412
vt 0.435139 0.593642
vt 0.420620 0.613269
vt 0.435387 0.593852
vt 0.463552 0.840076
vt 0.263093 0.421052
vt 0.028064 0.394060
vt 0.276250 0.737124
vt 0.537784 0.886281
vt 0.906412 0.788218
vt 0.876991 0.789665
vt 0.926264 0.926030
vt 0.151463 0.739287
vt 0.028052 0.394094
vt 0.621224 0.949509
vt 0.928173 0.941721
vt 0.930943 0.968628
vt 0.195305 0.403196
vt 0.458881 0.972438
vt 0.166261 0.735366
vt 0.292997 0.937321
vt 0.275943 0.929414
vt 0.605741 0.909442
vt 0.619218 0.956801
vt 0.872641 0.989974
vt 0.869895 0.986011
vt 0.345273 0.305674
vt 0.360054 0.282651
vt 0.347452 0.305674
vt 0.230300 0.394540
vt 0.871570 0.982134
vt 0.873265 0.976363
vt 0.874936 0.971662
vt 0.169037 0.939176
vt 0.152660 0.429224
vt 0.113950 0.434973
vt 0.572778 0.877640
vt 0.131634 0.727298
vt 0.932512 0.931154
vt 0.472680 0.951248
vt 0.465835 0.950950
vt 0.465954 0.951378
vt 0.084973 0.282651
vt 0.099755 0.305674
vt 0.097576 0.305674
vt 0.129345 0.933370
vt 0.872419 0.972030
vt 0.333999 0.914662
vt 0.932162 0.960393
vt 0.480123 0.865426
vt 0.474137 0.875174
vt 0.476987 0.876605
vt 0.463972 0.894240
vt 0.483303 0.862767
vt 0.481561 0.873211
vt 0.475352 0.857661
vt 0.236231 0.978643
vt 0.338820 0.305674
vt 0.354424 0.282651
vt 0.932094 0.966940
vt 0.557536 0.881856
vt 0.091581 0.740027
vt 0.257356 0.406267
vt 0.256139 0.901390
vt 0.288693 0.912800
vt 0.215058 0.398751
vt 0.090603 0.282651
vt 0.106207 0.305674
vt 0.932618 0.923111
vt 0.873158 0.973827
vt 0.345975 0.923330
vt 0.089703 0.390986
vt 0.873652 0.982238
vt 0.873184 0.971733
vt 0.073305 0.746839
vt 0.599839 0.889203
vt 0.279110 0.468291
vt 0.272392 0.483280
vt 0.089700 0.391027
vt 0.464128 0.903850
vt 0.458236 0.908946
vt 0.460599 0.926235
vt 0.465961 0.910064
vt 0.470964 0.896039
vt 0.873129 0.987655
vt 0.049198 0.934153
vt 0.061746 0.925022
vt 0.354622 0.741964
vt 0.336121 0.735788
vt 0.113946 0.435042
vt 0.456090 0.922110
vt 0.453191 0.931992
vt 0.453268 0.919510
vt 0.455202 0.952341
vt 0.111380 0.733386
vt 0.714792 0.018321
vt 0.732599 0.007579
vt 0.276805 0.467702
vt 0.608670 0.927075
vt 0.097529 0.921754
vt 0.087922 0.932405
vt 0.074088 0.917213
vt 0.180484 0.732454
vt 0.193601 0.716374
vt 0.179263 0.717630
vt 0.088414 0.396847
vt 0.234835 0.978642
vt 0.247716 0.716443
vt 0.873536 0.990539
vt 0.357906 0.933236
vt 0.932698 0.918149
vt 0.933477 0.916852
vt 0.316104 0.729838
vt 0.465098 0.927594
vt 0.484272 0.857315
vt 0.295651 0.724455
vt 0.459630 0.953947
vt 0.309374 0.918484
vt 0.231043 0.419645
vt 0.932711 0.956638
vt 0.787997 0.015773
vt 0.765948 0.006716
vt 0.471325 0.973867
vt 0.573521 0.902818
vt 0.933516 0.946367
vt 0.164248 0.720018
vt 0.465319 0.973507
vt 0.873773 0.970912
vt 0.877436 0.863535
vt 0.262805 0.718310
vt 0.148089 0.723335
vt 0.279069 0.721065
vt 0.614094 0.944553
vt 0.874626 0.992254
vt 0.477074 0.864729
vt 0.711355 0.018318
vt 0.727075 0.015965
vt 0.480796 0.967245
vt 0.480032 0.964664
vt 0.751070 0.015954
vt 0.233343 0.715685
vt 0.771187 0.017214
vt 0.758291 0.007346
vt 0.874851 0.975777
vt 0.468602 0.848030
vt 0.478168 0.959011
vt 0.365534 0.897962
vt 0.727208 0.015954
vt 0.744664 0.017661
vt 0.272003 0.465972
vt 0.274710 0.483588
vt 0.875067 0.987765
vt 0.195869 0.398673
vt 0.616603 0.965176
vt 0.044315 0.898391
vt 0.085322 0.718101
vt 0.328342 0.305674
vt 0.538346 0.881803
vt 0.116686 0.305674
vt 0.341617 0.713659
vt 0.263520 0.443952
vt 0.476710 0.971354
vt 0.485648 0.863581
vt 0.485124 0.869739
vt 0.459182 0.827276
vt 0.459236 0.827258
vt 0.459368 0.827212
vt 0.458901 0.827374
vt 0.236231 0.978956
vt 0.458928 0.827364
vt 0.064580 0.709946
vt 0.106658 0.713821
vt 0.034135 0.396659
vt 0.381475 0.902665
vt 0.387846 0.863143
vt 0.215095 0.414272
vt 0.201021 0.919293
vt 0.034134 0.396702
vt 0.233487 0.982631
vt 0.234443 0.983016
vt 0.234263 0.982671
vt 0.113919 0.918828
vt 0.100679 0.899496
vt 0.072470 0.884621
vt 0.362059 0.704846
vt 0.157563 0.385281
vt 0.557533 0.901926
vt 0.028076 0.901714
vt 0.012083 0.868452
vt 0.213467 0.715751
vt 0.213215 0.701200
vt 0.248604 0.701961
vt 0.127995 0.709886
vt 0.213121 0.403379
vt 0.415279 0.641942
vt 0.412520 0.630134
vt 0.352637 0.889846
vt 0.555598 0.886504
vt 0.909042 0.880527
vt 0.298685 0.706928
vt 0.320146 0.710122
vt 0.612873 0.974237
vt 0.614567 0.966796
vt 0.025353 0.404151
vt 0.233829 0.701336
vt 0.366353 0.246869
vt 0.361726 0.181805
vt 0.369496 0.203057
vt 0.368871 0.247435
vt 0.057711 0.891485
vt 0.145440 0.707078
vt 0.021689 0.852920
vt 0.083302 0.181805
vt 0.078674 0.246869
vt 0.075531 0.203057
vt 0.076156 0.247435
vt 0.236231 0.978642
vt 0.236231 0.979055
vt 0.162431 0.704786
vt 0.267708 0.477310
vt 0.152361 0.435204
vt 0.113370 0.448212
vt 0.264093 0.703024
vt 0.164024 0.923923
vt 0.234835 0.978956
vt 0.281153 0.704726
vt 0.038433 0.855187
vt 0.404916 0.833041
vt 0.412603 0.818365
vt 0.409513 0.839726
vt 0.375653 0.855199
vt 0.400532 0.871152
vt 0.347318 0.266416
vt 0.325323 0.272811
vt 0.322440 0.688632
vt 0.310607 0.305674
vt 0.360069 0.218282
vt 0.177873 0.703187
vt 0.936640 0.937448
vt 0.942831 0.924826
vt 0.940539 0.946592
vt 0.097710 0.266416
vt 0.119704 0.272811
vt 0.482091 0.878714
vt 0.134420 0.305674
vt 0.946549 0.862839
vt 0.087188 0.408380
vt 0.460285 0.970289
vt 0.385035 0.830662
vt 0.084959 0.218282
vt 0.006447 0.834764
vt 0.480826 0.967882
vt 0.397723 0.826205
vt 0.473566 0.859056
vt 0.465856 0.847270
vt 0.474897 0.865171
vt 0.471987 0.874265
vt 0.019680 0.823953
vt 0.005691 0.814523
vt 0.031851 0.829779
vt 0.476133 0.844548
vt 0.083092 0.439262
vt 0.085020 0.439114
vt 0.084707 0.425515
vt 0.084074 0.446489
vt 0.082534 0.440735
vt 0.083821 0.446984
vt 0.084254 0.445196
vt 0.082360 0.693967
vt 0.230215 0.408936
vt 0.084062 0.442529
vt 0.455821 0.906999
vt 0.461597 0.893162
vt 0.461295 0.838064
vt 0.343741 0.689437
vt 0.234835 0.979055
vt 0.282879 0.686909
vt 0.473239 0.897269
vt 0.469773 0.906148
vt 0.137394 0.910480
vt 0.266421 0.462023
vt 0.939577 0.973108
vt 0.338231 0.881543
vt 0.103620 0.692424
vt 0.599544 0.902341
vt 0.143097 0.689331
vt 0.465880 0.834610
vt 0.422287 0.625838
vt 0.257066 0.419241
vt 0.481426 0.850564
vt 0.812034 0.033131
vt 0.815201 0.015949
vt 0.940876 0.940598
vt 0.233920 0.982322
vt 0.125446 0.690809
vt 0.474971 0.950118
vt 0.347934 0.217523
vt 0.160442 0.688154
vt 0.119006 0.386470
vt 0.465834 0.969749
vt 0.471059 0.969957
vt 0.467971 0.914490
vt 0.300571 0.687774
vt 0.413860 0.723493
vt 0.420132 0.696081
vt 0.423138 0.696877
vt 0.097093 0.217523
vt 0.939602 0.972570
vt 0.940200 0.964719
vt 0.942543 0.930043
vt 0.943073 0.920248
vt 0.876960 0.979702
vt 0.085287 0.436833
vt 0.084715 0.425437
vt 0.087500 0.415599
vt 0.086366 0.426841
vt 0.236231 0.979355
vt 0.876477 0.986584
vt 0.364319 0.842374
vt 0.876170 0.990175
vt 0.941239 0.951976
vt 0.572693 0.892036
vt 0.454639 0.964032
vt 0.051011 0.843760
vt 0.876003 0.992357
vt 0.469265 0.932604
vt 0.467629 0.922804
vt 0.469381 0.912986
vt 0.469083 0.924304
vt 0.471654 0.935521
vt 0.610186 0.960410
vt 0.192618 0.702051
vt 0.176535 0.687254
vt 0.191825 0.686374
vt 0.190668 0.668121
vt 0.212941 0.685419
vt 0.334465 0.663960
vt 0.877111 0.977361
vt 0.943776 0.912133
vt 0.113371 0.448155
vt 0.943264 0.916489
vt 0.066963 0.653553
vt 0.877446 0.971464
vt 0.307635 0.894585
vt 0.270395 0.491137
vt 0.877554 0.969225
vt 0.068760 0.841991
vt 0.199514 0.897175
vt 0.359779 0.156226
vt 0.876635 0.984404
vt 0.123111 0.669254
vt 0.269237 0.487116
vt 0.357759 0.648634
vt 0.359155 0.161758
vt 0.366997 0.203057
vt 0.877357 0.973158
vt 0.085248 0.156225
vt 0.876169 0.990175
vt 0.302158 0.666151
vt 0.877470 0.968805
vt 0.090812 0.668187
vt 0.809698 0.034532
vt 0.940033 0.966918
vt 0.234538 0.982113
vt 0.234056 0.981973
vt 0.085872 0.161758
vt 0.078030 0.203057
vt 0.086357 0.426933
vt 0.087491 0.415691
vt 0.265504 0.686333
vt 0.266496 0.305674
vt 0.298781 0.274464
vt 0.234422 0.981973
vt 0.234615 0.982322
vt 0.234106 0.981973
vt 0.234312 0.981386
vt 0.141471 0.669272
vt 0.417052 0.725731
vt 0.475696 0.967723
vt 0.152518 0.445264
vt 0.379799 0.793395
vt 0.392114 0.801123
vt 0.041711 0.793404
vt 0.283809 0.666806
vt 0.083350 0.429413
vt 0.249389 0.685991
vt 0.266787 0.667118
vt 0.250455 0.667416
vt 0.608899 0.945123
vt 0.392723 0.771581
vt 0.537015 0.908917
vt 0.167353 0.902500
vt 0.028500 0.799519
vt 0.031651 0.770095
vt 0.605998 0.927052
vt 0.605848 0.949224
vt 0.234835 0.979355
vt 0.573585 0.927307
vt 0.084791 0.433536
vt 0.386309 0.767708
vt 0.351708 0.145663
vt 0.194537 0.425818
vt 0.957314 0.969057
vt 0.979844 0.979314
vt 0.957194 0.975500
vt 0.485307 0.857977
vt 0.388825 0.753211
vt 0.234104 0.981357
vt 0.234078 0.685642
vt 0.234602 0.667360
vt 0.038515 0.767064
vt 0.346618 0.838548
vt 0.093320 0.145663
vt 0.037819 0.752277
vt 0.980250 0.954062
vt 0.957737 0.940332
vt 0.957521 0.956373
vt 0.940829 0.957620
vt 0.943786 0.911976
vt 0.957249 0.972585
vt 0.979749 0.984421
vt 0.211856 0.298763
vt 0.247249 0.282651
vt 0.195499 0.412450
vt 0.461422 0.967154
vt 0.611333 0.970786
vt 0.340693 0.157125
vt 0.537975 0.895602
vt 0.174827 0.668726
vt 0.104334 0.157125
vt 0.125268 0.890276
vt 0.151058 0.867472
vt 0.122677 0.645193
vt 0.094113 0.641670
vt 0.288295 0.888445
vt 0.152524 0.445312
vt 0.980131 0.962492
vt 0.301758 0.642089
vt 0.342166 0.119638
vt 0.980356 0.946535
vt 0.957570 0.953203
vt 0.957392 0.964529
vt 0.980029 0.968615
vt 0.236645 0.981973
vt 0.236487 0.982322
vt 0.236929 0.981973
vt 0.236755 0.981385
vt 0.120270 0.217103
vt 0.146246 0.274464
vt 0.330181 0.637579
vt 0.980029 0.968614
vt 0.424907 0.701113
vt 0.102861 0.119638
vt 0.479850 0.966202
vt 0.573563 0.950246
vt 0.573466 0.967397
vt 0.141138 0.646810
vt 0.071550 0.809689
vt 0.324758 0.217103
vt 0.341366 0.119542
vt 0.800085 0.036096
vt 0.796205 0.015965
vt 0.283364 0.644345
vt 0.957868 0.927586
vt 0.980572 0.926969
vt 0.339058 0.817910
vt 0.158494 0.668995
vt 0.957983 0.911226
vt 0.980757 0.901770
vt 0.957989 0.909938
vt 0.980728 0.906890
vt 0.957888 0.925034
vt 0.957969 0.913732
vt 0.980572 0.926968
vt 0.103661 0.119542
vt 0.453863 0.954350
vt 0.957946 0.917363
vt 0.980705 0.910690
vt 0.080891 0.608603
vt 0.171163 0.245225
vt 0.090306 0.843150
vt 0.273864 0.245225
vt 0.093817 0.613204
vt 0.342251 0.604074
vt 0.236579 0.983016
vt 0.236006 0.982322
vt 0.236905 0.982671
vt 0.212701 0.418280
vt 0.086511 0.407277
vt 0.948672 0.913618
vt 0.233929 0.981387
vt 0.234171 0.981356
vt 0.236929 0.981349
vt 0.086519 0.407188
vt 0.555178 0.901419
vt 0.366833 0.783970
vt 0.322567 0.097974
vt 0.690994 0.944487
vt 0.734525 0.937619
vt 0.690994 0.937619
vt 0.734525 0.944487
vt 0.956800 0.940184
vt 0.236231 0.979877
vt 0.055793 0.785700
vt 0.257037 0.433563
vt 0.331827 0.119878
vt 0.323409 0.610808
vt 0.178532 0.305674
vt 0.222514 0.246014
vt 0.122461 0.097974
vt 0.088788 0.401839
vt 0.033570 0.406009
vt 0.158627 0.384684
vt 0.113200 0.119878
vt 0.021832 0.400361
vt 0.114640 0.617696
vt 0.085899 0.421421
vt 0.803426 0.036159
vt 0.599515 0.916663
vt 0.267326 0.645019
vt 0.320394 0.098419
vt 0.118663 0.846170
vt 0.149829 0.621924
vt 0.251361 0.645394
vt 0.157189 0.646928
vt 0.459252 0.827252
vt 0.124633 0.098419
vt 0.288779 0.617834
vt 0.212632 0.667554
vt 0.189267 0.646083
vt 0.233616 0.982135
vt 0.235239 0.645286
vt 0.320442 0.154995
vt 0.173158 0.646750
vt 0.879505 0.969591
vt 0.784701 0.037911
vt 0.103563 0.586778
vt 0.236895 0.982322
vt 0.236146 0.981973
vt 0.085092 0.411172
vt 0.234835 0.979663
vt 0.124586 0.154995
vt 0.263370 0.466124
vt 0.222614 0.188737
vt 0.022774 0.405369
vt 0.451998 0.929279
vt 0.452385 0.917708
vt 0.318836 0.583047
vt 0.486215 0.867429
vt 0.483107 0.878516
vt 0.234536 0.981388
vt 0.266748 0.620544
vt 0.410235 0.651976
vt 0.234351 0.982671
vt 0.989745 0.800493
vt 0.019398 0.403831
vt 0.147843 0.593375
vt 0.118958 0.590518
vt 0.230193 0.428919
vt 0.303755 0.587283
vt 0.231554 0.981386
vt 0.231443 0.981973
vt 0.231346 0.981349
vt 0.769602 0.993966
vt 0.828856 0.993966
vt 0.763471 0.961674
vt 0.834988 0.961674
vt 0.739042 0.038167
vt 0.212247 0.645350
vt 0.883065 0.974000
vt 0.473541 0.899101
vt 0.231851 0.982137
vt 0.231374 0.981973
vt 0.231369 0.982322
vt 0.245535 0.620335
vt 0.305580 0.120022
vt 0.299151 0.098662
vt 0.275805 0.188544
vt 0.234100 0.980708
vt 0.234312 0.980722
vt 0.147750 0.083000
vt 0.139447 0.120022
vt 0.139405 0.098625
vt 0.172383 0.188566
vt 0.222513 0.127591
vt 0.177980 0.621510
vt 0.234366 0.980926
vt 0.234143 0.980715
vt 0.761644 0.040273
vt 0.231366 0.982671
vt 0.456239 0.966149
vt 0.459004 0.962868
vt 0.274855 0.591172
vt 0.291612 0.083097
vt 0.882660 0.974950
vt 0.211804 0.619802
vt 0.236898 0.981973
vt 0.236536 0.981222
vt 0.478504 0.963645
vt 0.234835 0.982082
vt 0.236895 0.981356
vt 0.882796 0.993489
vt 0.242160 0.591456
vt 0.270791 0.127031
vt 0.211322 0.592004
vt 0.180409 0.592529
vt 0.088795 0.401766
vt 0.481117 0.959958
vt 0.882923 0.986102
vt 0.414106 0.653240
vt 0.234530 0.981223
vt 0.294741 0.082954
vt 0.174236 0.127031
vt 0.317844 0.097981
vt 0.478690 0.848604
vt 0.454893 0.906517
vt 0.460604 0.893001
vt 0.470630 0.875101
vt 0.473520 0.868550
vt 0.236231 0.982082
vt 0.236716 0.982671
vt 0.757366 0.051338
vt 0.236231 0.980047
vt 0.310057 0.097955
vt 0.883087 0.971037
vt 0.455498 0.958899
vt 0.167744 0.083178
vt 0.178907 0.074154
vt 0.798228 0.981010
vt 0.814325 0.981010
vt 0.127184 0.097981
vt 0.214486 0.451876
vt 0.193940 0.445322
vt 0.214899 0.433039
vt 0.174047 0.098747
vt 0.882843 0.991001
vt 0.231107 0.444025
vt 0.231086 0.466882
vt 0.230954 0.486770
vt 0.236755 0.980722
vt 0.882873 0.989252
vt 0.536418 0.928422
vt 0.557188 0.926060
vt 0.299357 0.097876
vt 0.250854 0.098766
vt 0.236929 0.980708
vt 0.730329 0.037077
vt 0.876799 0.982081
vt 0.883006 0.979907
vt 0.882942 0.984878
vt 0.166733 0.082939
vt 0.134971 0.097955
vt 0.145671 0.097876
vt 0.435456 0.695062
vt 0.260104 0.083215
vt 0.087537 0.395130
vt 0.478957 0.954278
vt 0.087539 0.395095
vt 0.234722 0.983014
vt 0.158954 0.097763
vt 0.263020 0.074154
vt 0.185959 0.074154
vt 0.206797 0.083231
vt 0.236387 0.983014
vt 0.232593 0.983318
vt 0.882818 0.992363
vt 0.260043 0.082939
vt 0.286075 0.097763
vt 0.205836 0.074154
vt 0.270237 0.097642
vt 0.840778 0.791467
vt 0.256930 0.074154
vt 0.174793 0.097642
vt 0.460780 0.837811
vt 0.234835 0.981375
vt 0.422663 0.729137
vt 0.435462 0.675450
vt 0.262657 0.483634
vt 0.234835 0.981376
vt 0.251854 0.097579
vt 0.086902 0.394926
vt 0.231531 0.983020
vt 0.231243 0.982709
vt 0.231677 0.983315
vt 0.222514 0.071187
vt 0.694518 0.320869
vt 0.728153 0.274455
vt 0.685741 0.285696
vt 0.683287 0.267385
vt 0.681257 0.229492
vt 0.725241 0.226104
vt 0.681644 0.210332
vt 0.725026 0.242565
vt 0.725147 0.383426
vt 0.746337 0.333172
vt 0.707779 0.353531
vt 0.761110 0.359396
vt 0.681296 0.248645
vt 0.726394 0.258736
vt 0.735272 0.304753
vt 0.234835 0.980048
vt 0.725848 0.209565
vt 0.686508 0.171227
vt 0.572671 0.912019
vt 0.572718 0.936690
vt 0.231383 0.980708
vt 0.694582 0.131548
vt 0.730503 0.175741
vt 0.738756 0.141070
vt 0.207880 0.082940
vt 0.193176 0.097579
vt 0.222515 0.097594
vt 0.705429 0.092139
vt 0.750044 0.106247
vt 0.719108 0.048516
vt 0.883101 0.968667
vt 0.236231 0.981375
vt 0.605135 0.966734
vt 0.801283 0.404159
vt 0.746221 0.410605
vt 0.770998 0.434887
vt 0.919257 0.713069
vt 0.958675 0.681363
vt 0.947378 0.761402
vt 0.826073 0.422496
vt 0.799255 0.456229
vt 0.388750 0.753304
vt 0.257216 0.448278
vt 0.231744 0.981387
vt 0.231379 0.981356
vt 0.233391 0.981973
vt 0.783920 0.038016
vt 0.556691 0.943422
vt 0.423650 0.633801
vt 0.831001 0.474613
vt 0.853876 0.437992
vt 0.484272 0.857314
vt 0.233744 0.981223
vt 0.086904 0.394913
vt 0.436560 0.672015
vt 0.883104 0.968169
vt 0.765681 0.224266
vt 0.765091 0.238125
vt 0.866030 0.490007
vt 0.884503 0.450576
vt 0.903821 0.502318
vt 0.917601 0.460185
vt 0.943522 0.511538
vt 0.952783 0.466844
vt 0.983433 0.517914
vt 0.988937 0.470738
vt 0.016398 0.418973
vt 0.723338 0.050409
vt 0.016397 0.418973
vt 0.616311 0.156162
vt 0.614547 0.202177
vt 0.779563 0.383075
vt 0.658144 0.429066
vt 0.234172 0.980228
vt 0.621658 0.113440
vt 0.234835 0.980696
vt 0.630410 0.070464
vt 0.473145 0.860105
vt 0.474256 0.864585
vt 0.037931 0.752457
vt 0.234530 0.980335
vt 0.033243 0.408817
vt 0.031271 0.422239
vt 0.029080 0.432340
vt 0.614036 0.227798
vt 0.637286 0.393067
vt 0.883096 0.969635
vt 0.025758 0.342916
vt 0.012000 0.344788
vt 0.038101 0.344678
vt 0.026050 0.345134
vt 0.623345 0.352147
vt 0.981799 0.797382
vt 0.234835 0.980054
vt 0.468033 0.100727
vt 0.552312 0.046944
vt 0.473510 0.023605
vt 0.552848 0.088548
vt 0.559056 0.148779
vt 0.025524 0.351368
vt 0.024869 0.349650
vt 0.024847 0.352994
vt 0.037880 0.347283
vt 0.025723 0.347426
vt 0.554852 0.386970
vt 0.466026 0.437276
vt 0.564762 0.436180
vt 0.038152 0.344461
vt 0.012195 0.343675
vt 0.025759 0.342916
vt 0.486555 0.374262
vt 0.012230 0.342350
vt 0.234530 0.980336
vt 0.251136 0.906751
vt 0.250807 0.907719
vt 0.251300 0.905937
vt 0.613263 0.254185
vt 0.025101 0.343016
vt 0.012141 0.343298
vt 0.012256 0.342071
vt 0.011513 0.349742
vt 0.087735 0.390235
vt 0.087734 0.390230
vt 0.026202 0.342692
vt 0.766488 0.210255
vt 0.771527 0.181719
vt 0.232179 0.981735
vt 0.231568 0.982322
vt 0.780171 0.152524
vt 0.011053 0.354201
vt 0.040347 0.343794
vt 0.250554 0.905803
vt 0.250528 0.907719
vt 0.250171 0.906610
vt 0.251031 0.905809
vt 0.250810 0.907718
vt 0.251309 0.905948
vt 0.792122 0.123431
vt 0.766092 0.251816
vt 0.025880 0.346218
vt 0.011772 0.347134
vt 0.025541 0.350069
vt 0.025643 0.348083
vt 0.025000 0.351821
vt 0.037358 0.352505
vt 0.039797 0.349250
vt 0.767282 0.265061
vt 0.250524 0.905767
vt 0.250200 0.906747
vt 0.250534 0.907719
vt 0.040445 0.343562
vt 0.850088 0.390593
vt 0.714118 0.490367
vt 0.772956 0.290732
vt 0.828824 0.375272
vt 0.684040 0.461370
vt 0.617971 0.516591
vt 0.615362 0.574199
vt 0.653040 0.549679
vt 0.011387 0.350995
vt 0.236231 0.980695
vt 0.234171 0.980061
vt 0.782087 0.314899
vt 0.250016 0.905930
vt 0.614314 0.280844
vt 0.249968 0.905428
vt 0.232713 0.982018
vt 0.233202 0.981973
vt 0.236536 0.980335
vt 0.233616 0.981113
vt 0.810235 0.357435
vt 0.794522 0.337267
vt 0.023112 0.416096
vt 0.021649 0.428073
vt 0.021213 0.438066
vt 0.039930 0.343751
vt 0.875656 0.575812
vt 0.735023 0.945117
vt 0.686783 0.945117
vt 0.735023 0.937506
vt 0.686783 0.937506
vt 0.024330 0.344014
vt 0.038199 0.343958
vt 0.971639 0.597078
vt 0.923632 0.588192
vt 0.616014 0.305730
vt 0.064578 0.709936
vt 0.026137 0.345154
vt 0.024595 0.354182
vt 0.250580 0.904900
vt 0.362069 0.704732
vt 0.250971 0.904755
vt 0.233835 0.980400
vt 0.231833 0.981170
vt 0.873928 0.403237
vt 0.040927 0.345937
vt 0.039725 0.347193
vt 0.900147 0.413081
vt 0.928518 0.420009
vt 0.829472 0.558811
vt 0.786782 0.538985
vt 0.787762 0.631942
vt 0.038100 0.345004
vt 0.748268 0.516192
vt 0.599810 0.935776
vt 0.249947 0.904962
vt 0.692508 0.580209
vt 0.037122 0.354779
vt 0.958870 0.423915
vt 0.042921 0.348940
vt 0.040827 0.346956
vt 0.039619 0.349662
vt 0.626330 0.640112
vt 0.040144 0.345845
vt 0.737476 0.607556
vt 0.698841 0.640832
vt 0.901110 0.670479
vt 0.024888 0.355848
vt 0.010906 0.355591
vt 0.024949 0.354592
vt 0.251401 0.905192
vt 0.066947 0.653625
vt 0.441485 0.666171
vt 0.357719 0.648475
vt 0.773485 0.073768
vt 0.041011 0.345070
vt 0.028766 0.902859
vt 0.792198 0.073750
vt 0.039370 0.352104
vt 0.039151 0.354207
vt 0.233231 0.981246
vt 0.039364 0.347991
vt 0.838036 0.333603
vt 0.409589 0.838828
vt 0.250371 0.904550
vt 0.731614 0.073732
vt 0.039975 0.355411
vt 0.036919 0.356315
vt 0.042191 0.344769
vt 0.040352 0.351712
vt 0.042566 0.350458
vt 0.041168 0.353175
vt 0.042204 0.354082
vt 0.039974 0.355411
vt 0.042759 0.347303
vt 0.119297 0.392273
vt 0.871071 0.360377
vt 0.251086 0.904544
vt 0.890861 0.370210
vt 0.424573 0.615126
vt 0.780181 0.073724
vt 0.936058 0.381832
vt 0.990279 0.424727
vt 0.961136 0.383187
vt 0.742983 0.073724
vt 0.006514 0.836954
vt 0.231736 0.980721
vt 0.818152 0.166482
vt 0.830105 0.143759
vt 0.809412 0.189875
vt 0.037822 0.347881
vt 0.024695 0.346512
vt 0.039106 0.350484
vt 0.041880 0.348423
vt 0.024500 0.349144
vt 0.025395 0.352620
vt 0.039419 0.352866
vt 0.380728 0.903691
vt 0.804118 0.213011
vt 0.803086 0.224453
vt 0.738808 0.073724
vt 0.250576 0.904344
vt 0.802157 0.235748
vt 0.802744 0.246959
vt 0.232769 0.982018
vt 0.803404 0.257794
vt 0.807705 0.278854
vt 0.040827 0.346955
vt 0.236895 0.980228
vt 0.024485 0.355847
vt 0.011047 0.354263
vt 0.232199 0.981707
vt 0.814991 0.298703
vt 0.825116 0.317078
vt 0.442000 0.672072
vt 0.352112 0.504851
vt 0.382463 0.481903
vt 0.400332 0.507842
vt 0.039216 0.354784
vt 0.024781 0.354607
vt 0.023565 0.351776
vt 0.011319 0.351649
vt 0.833732 0.966138
vt 0.771403 0.996921
vt 0.765558 0.966138
vt 0.827887 0.996921
vt 0.041012 0.345070
vt 0.853410 0.348109
vt 0.039091 0.355956
vt 0.234835 0.980489
vt 0.435647 0.594071
vt 0.251335 0.904488
vt 0.250738 0.904066
vt 0.251390 0.905176
vt 0.233892 0.980272
vt 0.039216 0.354785
vt 0.236896 0.980061
vt 0.559861 0.323405
vt 0.249965 0.904609
vt 0.250187 0.904064
vt 0.231386 0.983020
vt 0.758650 0.073721
vt 0.565796 0.288281
vt 0.321282 0.469773
vt 0.358867 0.474463
vt 0.233119 0.981276
vt 0.485648 0.863580
vt 0.485124 0.869734
vt 0.863355 0.311261
vt 0.257645 0.462444
vt 0.912585 0.377427
vt 0.921936 0.343355
vt 0.940216 0.345563
vt 0.465425 0.847803
vt 0.236231 0.980056
vt 0.236231 0.980754
vt 0.986852 0.381309
vt 0.959535 0.344948
vt 0.194778 0.436246
vt 0.212413 0.434738
vt 0.212299 0.454795
vt 0.250032 0.904370
vt 0.250220 0.904019
vt 0.114048 0.450586
vt 0.042726 0.345989
vt 0.233455 0.980386
vt 0.844223 0.200307
vt 0.852387 0.182932
vt 0.839035 0.217878
vt 0.889338 0.331526
vt 0.875425 0.322344
vt 0.232575 0.981294
vt 0.863170 0.166806
vt 0.399965 0.476475
vt 0.426933 0.492169
vt 0.455473 0.956175
vt 0.837853 0.226670
vt 0.836703 0.235354
vt 0.317125 0.432943
vt 0.346374 0.450384
vt 0.231591 0.980271
vt 0.039923 0.356106
vt 0.041019 0.355649
vt 0.232562 0.980907
vt 0.904908 0.338599
vt 0.895729 0.297229
vt 0.042176 0.351496
vt 0.042868 0.344571
vt 0.233558 0.980337
vt 0.232104 0.980721
vt 0.114054 0.450563
vt 0.251119 0.904013
vt 0.236530 0.979675
vt 0.478729 0.958816
vt 0.480701 0.960958
vt 0.837094 0.252430
vt 0.840060 0.268798
vt 0.845505 0.284237
vt 0.836895 0.244036
vt 0.853299 0.298493
vt 0.236529 0.979675
vt 0.042594 0.347315
vt 0.159060 0.391056
vt 0.251151 0.904058
vt 0.250617 0.903914
vt 0.251374 0.904601
vt 0.234537 0.979675
vt 0.978777 0.341405
vt 0.233942 0.980024
vt 0.454921 0.947349
vt 0.231996 0.980406
vt 0.231552 0.980228
vt 0.233088 0.980376
vt 0.234170 0.979699
vt 0.043251 0.344760
vt 0.232598 0.980533
vt 0.233030 0.980342
vt 0.231346 0.980061
vt 0.880117 0.280786
vt 0.887175 0.289652
vt 0.928624 0.310355
vt 0.941306 0.310928
vt 0.232039 0.979896
vt 0.439719 0.700792
vt 0.041985 0.353404
vt 0.968201 0.801124
vt 0.891033 0.191760
vt 0.882898 0.201537
vt 0.234540 0.978961
vt 0.876304 0.212873
vt 0.871886 0.224695
vt 0.859903 0.795612
vt 0.041783 0.355421
vt 0.154008 0.445139
vt 0.869588 0.236697
vt 0.870736 0.230732
vt 0.869475 0.242731
vt 0.043090 0.346131
vt 0.456912 0.959745
vt 0.535946 0.945437
vt 0.874716 0.270831
vt 0.871092 0.260016
vt 0.869352 0.248571
vt 0.443758 0.696036
vt 0.041846 0.354789
vt 0.440494 0.469822
vt 0.414591 0.443748
vt 0.439538 0.423497
vt 0.154013 0.445126
vt 0.261544 0.492901
vt 0.232473 0.980043
vt 0.905615 0.303326
vt 0.233552 0.979675
vt 0.604022 0.976001
vt 0.916649 0.307761
vt 0.409667 0.465953
vt 0.954419 0.309294
vt 0.966712 0.305610
vt 0.505840 0.313095
vt 0.232407 0.979877
vt 0.236896 0.979699
vt 0.571599 0.253083
vt 0.042352 0.351366
vt 0.250500 0.903808
vt 0.042845 0.349895
vt 0.469038 0.909419
vt 0.473507 0.896703
vt 0.400112 0.418104
vt 0.402966 0.386716
vt 0.236231 0.980728
vt 0.236231 0.981423
vt 0.021619 0.416534
vt 0.019011 0.426849
vt 0.016680 0.429577
vt 0.193468 0.462337
vt 0.453231 0.926961
vt 0.453988 0.914740
vt 0.456577 0.904529
vt 0.932869 0.277622
vt 0.939411 0.277406
vt 0.042204 0.354081
vt 0.233023 0.979673
vt 0.234835 0.980972
vt 0.914319 0.217853
vt 0.910073 0.222126
vt 0.906245 0.227577
vt 0.903542 0.233494
vt 0.929715 0.797059
vt 0.902758 0.236597
vt 0.901974 0.239674
vt 0.901768 0.242837
vt 0.901561 0.245907
vt 0.902286 0.251970
vt 0.043819 0.346080
vt 0.906948 0.263006
vt 0.904103 0.257724
vt 0.910717 0.267679
vt 0.915326 0.271595
vt 0.920652 0.274629
vt 0.576394 0.220268
vt 0.926554 0.276670
vt 0.945970 0.275966
vt 0.951609 0.273674
vt 0.232285 0.979503
vt 0.235621 0.977785
vt 0.459230 0.958039
vt 0.233551 0.979674
vt 0.250734 0.903871
vt 0.042924 0.352909
vt 0.241998 0.591452
vt 0.236655 0.979181
vt 0.482247 0.878371
vt 0.180718 0.592511
vt 0.236231 0.981429
vt 0.236231 0.982133
vt 0.326354 0.410614
vt 0.348641 0.431379
vt 0.934187 0.244717
vt 0.032207 0.416747
vt 0.030207 0.427538
vt 0.273508 0.591255
vt 0.149208 0.593412
vt 0.233926 0.979679
vt 0.231596 0.979676
vt 0.476312 0.954529
vt 0.231346 0.980228
vt 0.231346 0.979699
vt 0.233415 0.978954
vt 0.600296 0.950058
vt 0.042875 0.354499
vt 0.213938 0.466877
vt 0.461579 0.893180
vt 0.471488 0.875300
vt 0.365967 0.382867
vt 0.370390 0.412861
vt 0.600907 0.960759
vt 0.233552 0.978955
vt 0.027859 0.436766
vt 0.303132 0.587408
vt 0.043678 0.346504
vt 0.258499 0.478631
vt 0.467156 0.838463
vt 0.232645 0.978945
vt 0.474755 0.866630
vt 0.474621 0.861467
vt 0.043734 0.346461
vt 0.234173 0.979349
vt 0.119351 0.590583
vt 0.026124 0.441585
vt 0.236527 0.978960
vt 0.341657 0.394110
vt 0.467738 0.918849
vt 0.468786 0.928451
vt 0.473075 0.942564
vt 0.044493 0.347041
vt 0.666206 0.931996
vt 0.759310 0.931996
vt 0.759652 0.997108
vt 0.666547 0.997108
vt 0.250834 0.903805
vt 0.043224 0.352029
vt 0.233025 0.978947
vt 0.554850 0.922304
vt 0.537495 0.911816
vt 0.536726 0.935400
vt 0.554780 0.941975
vt 0.536042 0.954146
vt 0.234095 0.979181
vt 0.043559 0.348673
vt 0.533557 0.271178
vt 0.043024 0.354153
vt 0.233920 0.979326
vt 0.460409 0.954445
vt 0.231858 0.978958
vt 0.414244 0.724022
vt 0.411822 0.722552
vt 0.419464 0.727189
vt 0.421375 0.728348
vt 0.424684 0.730356
vt 0.426595 0.731516
vt 0.354919 0.421797
vt 0.230239 0.453103
vt 0.230335 0.471022
vt 0.236893 0.979349
vt 0.250502 0.903807
vt 0.250830 0.903806
vt 0.043022 0.354155
vt 0.477682 0.955379
vt 0.478115 0.954018
vt 0.476965 0.951717
vt 0.042924 0.352912
vt 0.477905 0.851015
vt 0.043225 0.352027
vt 0.231617 0.979181
vt 0.232231 0.978920
vt 0.231453 0.978832
vt 0.232046 0.978214
vt 0.234835 0.981418
vt 0.231803 0.978483
vt 0.260606 0.494124
vt 0.236820 0.978832
vt 0.603084 0.977224
vt 0.044135 0.349656
vt 0.178112 0.621503
vt 0.426438 0.731421
vt 0.044520 0.347132
vt 0.156919 0.622448
vt 0.245669 0.620337
vt 0.232646 0.978190
vt 0.043923 0.352167
vt 0.044308 0.347979
vt 0.044064 0.350278
vt 0.259625 0.489898
vt 0.482848 0.860413
vt 0.043897 0.352385
vt 0.234098 0.978832
vt 0.556111 0.955358
vt 0.602103 0.972998
vt 0.044625 0.349461
vt 0.044758 0.348838
vt 0.021863 0.444272
vt 0.044867 0.348688
vt 0.044541 0.351580
vt 0.044433 0.351828
vt 0.234835 0.982007
vt 0.273773 0.619780
vt 0.134877 0.620511
vt 0.308884 0.614322
vt 0.044628 0.350323
vt 0.151066 0.867485
vt 0.329492 0.609120
vt 0.044979 0.349478
vt 0.044945 0.350300
vt 0.194011 0.459228
vt 0.981548 0.910354
vt 0.981384 0.930582
vt 0.958594 0.918859
vt 0.958623 0.913772
vt 0.981571 0.906332
vt 0.288513 0.888122
vt 0.336970 0.820712
vt 0.981491 0.918496
vt 0.958617 0.914927
vt 0.958585 0.920418
vt 0.234835 0.982126
vt 0.472461 0.856988
vt 0.233561 0.978134
vt 0.233679 0.978483
vt 0.099938 0.614677
vt 0.981087 0.954887
vt 0.958459 0.934778
vt 0.573312 0.976764
vt 0.957942 0.969888
vt 0.980788 0.972889
vt 0.980707 0.977274
vt 0.958045 0.964373
vt 0.958223 0.953521
vt 0.958048 0.964117
vt 0.199314 0.897138
vt 0.167291 0.902511
vt 0.572817 0.954672
vt 0.038500 0.767071
vt 0.535667 0.958392
vt 0.158444 0.406252
vt 0.386321 0.767717
vt 0.094075 0.641665
vt 0.958332 0.945602
vt 0.981313 0.937689
vt 0.124911 0.889752
vt 0.483176 0.867758
vt 0.980848 0.969633
vt 0.118193 0.410856
vt 0.330230 0.637570
vt 0.193189 0.475292
vt 0.958549 0.925044
vt 0.213359 0.475468
vt 0.231346 0.979349
vt 0.459985 0.832091
vt 0.233735 0.978483
vt 0.958264 0.950805
vt 0.231383 0.979181
vt 0.462037 0.953960
vt 0.041706 0.793407
vt 0.346571 0.838632
vt 0.379795 0.793392
vt 0.231739 0.978483
vt 0.234258 0.978483
vt 0.456481 0.925237
vt 0.458531 0.943712
vt 0.459661 0.952028
vt 0.137467 0.910457
vt 0.164045 0.923919
vt 0.307676 0.894526
vt 0.100644 0.899437
vt 0.097865 0.922167
vt 0.113208 0.940811
vt 0.072452 0.884589
vt 0.068767 0.842015
vt 0.089995 0.842638
vt 0.334464 0.663960
vt 0.023429 0.445869
vt 0.234101 0.978832
vt 0.090688 0.668181
vt 0.236802 0.978483
vt 0.236808 0.978483
vt 0.051018 0.843780
vt 0.156338 0.430066
vt 0.115996 0.435661
vt 0.480499 0.876456
vt 0.555557 0.960101
vt 0.288980 0.912914
vt 0.256829 0.901496
vt 0.230754 0.494869
vt 0.025509 0.443126
vt 0.364306 0.842402
vt 0.458294 0.909234
vt 0.463752 0.894643
vt 0.474703 0.873704
vt 0.471081 0.895794
vt 0.466367 0.908598
vt 0.464803 0.918423
vt 0.465635 0.928666
vt 0.468348 0.939939
vt 0.193564 0.471047
vt 0.129557 0.933297
vt 0.338253 0.881512
vt 0.212476 0.470506
vt 0.469170 0.844462
vt 0.477171 0.863849
vt 0.555039 0.955398
vt 0.200958 0.919295
vt 0.233680 0.897954
vt 0.236929 0.979181
vt 0.230526 0.488125
vt 0.187137 0.747832
vt 0.572945 0.967761
vt 0.057684 0.891439
vt 0.194471 0.463638
vt 0.193262 0.477431
vt 0.573126 0.976780
vt 0.536949 0.946738
vt 0.535740 0.960531
vt 0.309703 0.918116
vt 0.194252 0.466282
vt 0.536730 0.949382
vt 0.276284 0.929529
vt 0.237291 0.920462
vt 0.195121 0.445344
vt 0.537596 0.928513
vt 0.212851 0.476639
vt 0.236886 0.978832
vt 0.194524 0.454545
vt 0.537002 0.937645
vt 0.471900 0.951934
vt 0.472410 0.952077
vt 0.025526 0.861781
vt 0.011760 0.829975
vt 0.538354 0.904200
vt 0.352678 0.889788
vt 0.195881 0.420931
vt 0.479215 0.860230
vt 0.392546 0.854850
vt 0.169663 0.939074
vt 0.201697 0.935987
vt 0.213986 0.949230
vt 0.234940 0.936919
vt 0.195047 0.436467
vt 0.537525 0.919567
vt 0.466303 0.951894
vt 0.466675 0.951726
vt 0.365577 0.897903
vt 0.196449 0.399967
vt 0.231389 0.978832
vt 0.471361 0.948581
vt 0.538837 0.886978
vt 0.044296 0.898359
vt 0.195636 0.417738
vt 0.538114 0.900837
vt 0.260727 0.942116
vt 0.240244 0.951901
vt 0.478092 0.873656
vt 0.144188 0.945325
vt 0.539007 0.878411
vt 0.196215 0.401273
vt 0.538694 0.884326
vt 0.467954 0.894169
vt 0.462636 0.907719
vt 0.460739 0.922039
vt 0.462685 0.937705
vt 0.196531 0.394172
vt 0.465449 0.949461
vt 0.468602 0.848029
vt 0.298646 0.941050
vt 0.232785 0.746200
vt 0.177538 0.951265
vt 0.150424 0.959452
vt 0.180829 0.965417
vt 0.320643 0.753375
vt 0.117958 0.752084
vt 0.121897 0.956927
vt 0.097363 0.951958
vt 0.245952 0.747338
vt 0.231476 0.978134
vt 0.151551 0.757463
vt 0.100590 0.760486
vt 0.277741 0.755699
vt 0.316895 0.957276
vt 0.232654 0.977785
vt 0.283970 0.953733
vt 0.310298 0.772193
vt 0.223652 0.761944
vt 0.233352 0.977785
vt 0.176152 0.766028
vt 0.119287 0.775098
vt 0.231346 0.978483
vt 0.252193 0.764650
vt 0.205756 0.778543
vt 0.196596 0.762689
vt 0.084619 0.965619
vt 0.231956 0.977785
vt 0.260560 0.959231
vt 0.231346 0.978134
vt 0.159875 0.972456
vt 0.287550 0.780944
vt 0.234050 0.977785
vt 0.142355 0.783031
vt 0.234563 0.779114
vt 0.225563 0.964217
vt 0.256953 0.982353
vt 0.274687 0.970270
vt 0.188989 0.978315
vt 0.220958 0.978265
vt 0.174339 0.984754
vt 0.121143 0.801605
vt 0.131309 0.973168
vt 0.308693 0.798336
vt 0.231433 0.977785
vt 0.181459 0.782990
vt 0.227688 0.797620
vt 0.276605 0.796462
vt 0.245682 0.970317
vt 0.197818 0.798437
vt 0.256610 0.784894
vt 0.164111 0.790926
vt 0.149291 0.984716
vt 0.170870 0.990959
vt 0.255462 0.806589
vt 0.174646 0.807990
vt 0.225461 0.815699
vt 0.193912 0.819835
vt 0.243657 0.823965
vt 0.142555 0.810300
vt 0.290607 0.811191
vt 0.269830 0.821190
vt 0.234066 0.986519
vt 0.160782 0.823101
vt 0.183572 0.829090
vt 0.353945 0.438028
vt 0.358047 0.460168
vt 0.361903 0.425612
vt 0.353064 0.446940
vt 0.378556 0.472176
vt 0.381361 0.417770
vt 0.399926 0.464323
vt 0.407245 0.437533
vt 0.407930 0.448685
vt 0.399314 0.425394
s 0
usemtl Handle1Mtl.009
f 1/1/1 2/2/2 3/3/3
f 4/4/4 5/1/5 6/3/6
f 7/5/7 8/6/8 9/7/9
f 10/7/9 11/8/10 12/9/11
f 13/7/9 14/9/12 15/5/13
f 16/10/14 17/7/15 18/6/16
f 19/7/15 20/11/17 21/8/18
f 22/7/15 23/10/14 24/12/19
f 25/3/3 26/13/20 27/14/21
f 28/11/17 29/7/15 30/12/19
f 31/15/22 32/16/23 33/1/24
f 34/17/25 35/15/26 36/1/27
f 37/1/24 38/16/28 39/2/2
f 40/2/2 41/18/29 42/13/20
f 43/3/3 40/2/2 42/13/20
f 44/19/30 45/20/31 46/21/32
f 47/4/4 48/3/33 49/22/34
f 50/4/4 51/17/25 52/1/35
f 53/23/36 54/3/33 55/14/37
f 56/22/34 57/3/33 53/23/36
f 58/19/30 59/21/38 60/24/39
f 61/19/30 62/25/40 63/20/41
f 64/26/42 65/5/7 66/9/11
f 67/5/7 68/26/42 69/27/43
f 70/5/7 69/27/43 71/6/8
f 72/28/44 73/29/45 74/8/18
f 75/24/46 76/21/38 77/30/47
f 78/21/48 79/20/31 80/31/49
f 81/32/50 82/9/11 83/29/51
f 84/25/40 85/33/52 86/20/41
f 87/8/53 88/11/17 89/28/44
f 90/27/43 91/34/54 92/6/8
f 90/27/43 93/35/55 91/34/56
f 94/2/2 95/16/57 96/18/29
f 95/16/57 97/36/58 96/18/29
f 98/26/59 99/37/60 100/27/43
f 101/13/20 102/18/29 103/38/61
f 104/10/14 105/6/16 106/39/62
f 107/32/50 108/40/63 109/26/42
f 110/9/12 107/32/50 109/26/42
f 111/41/64 112/42/65 113/43/66
f 114/43/66 115/44/67 116/45/68
f 117/46/69 118/43/70 119/45/68
f 120/47/71 121/48/72 122/49/73
f 123/14/21 124/13/20 125/50/74
f 126/21/48 127/31/75 128/51/76
f 129/30/47 130/21/38 131/51/76
f 132/34/77 133/39/62 134/6/78
f 135/45/79 136/44/80 137/52/81
f 138/53/82 139/52/81 140/54/83
f 141/55/84 142/54/83 143/48/72
f 144/56/85 145/57/67 146/58/66
f 147/59/83 148/60/81 149/61/86
f 150/59/83 151/61/86 152/62/87
f 153/62/88 154/63/89 155/59/83
f 156/64/90 157/42/65 158/65/91
f 159/58/66 160/66/65 161/67/92
f 162/56/85 163/58/66 164/67/93
f 165/57/67 166/68/94 167/60/81
f 168/69/95 169/49/73 170/70/96
f 171/49/73 172/69/95 173/47/71
f 174/63/72 175/62/97 176/71/73
f 177/20/41 178/72/98 179/31/75
f 180/22/34 181/73/99 182/4/100
f 183/74/101 184/75/102 185/15/26
f 186/11/17 187/12/19 188/76/103
f 189/62/88 190/77/104 191/71/73
f 192/20/31 193/33/52 194/72/98
f 195/78/105 196/48/72 197/47/71
f 198/79/106 199/41/64 200/43/66
f 201/75/107 202/80/108 203/16/57
f 204/67/109 205/66/65 206/81/110
f 207/82/111 208/46/69 209/45/79
f 210/16/57 211/80/108 212/36/58
f 213/57/67 214/83/112 215/68/113
f 216/56/85 217/83/114 218/57/67
f 219/61/86 220/84/115 221/62/97
f 222/85/116 223/86/116 224/87/116
f 225/87/117 226/86/117 227/88/117
f 228/86/116 229/85/116 230/89/116
f 231/90/117 232/89/117 233/85/117
f 234/91/117 235/92/117 231/90/117
f 236/89/117 237/90/117 238/92/117
f 239/92/117 240/91/117 241/93/117
f 242/93/116 243/91/116 244/94/116
f 245/93/116 246/94/116 247/95/116
f 248/96/118 249/56/85 250/67/93
f 251/61/86 252/60/81 253/68/94
f 254/84/115 251/61/86 253/68/94
f 255/62/97 254/84/115 256/97/119
f 257/71/73 258/98/120 259/99/96
f 260/71/73 261/77/104 262/98/121
f 263/42/65 264/41/122 265/65/91
f 266/100/123 265/65/124 267/101/125
f 267/101/125 268/65/124 269/41/64
f 270/62/87 271/97/119 272/77/104
f 273/82/126 274/102/127 275/103/128
f 276/104/129 273/82/130 275/103/131
f 274/102/127 277/45/79 278/52/81
f 279/82/111 277/45/79 280/102/132
f 275/103/131 281/102/127 282/53/82
f 278/52/81 282/53/82 281/102/127
f 283/67/109 284/105/133 285/96/134
f 286/76/135 287/12/136 288/10/14
f 289/96/118 290/83/112 291/56/85
f 292/73/99 293/17/25 294/4/4
f 295/98/120 296/77/104 297/106/137
f 298/68/94 299/83/112 300/84/115
f 301/84/115 299/83/112 302/107/138
f 303/13/20 304/38/139 305/50/74
f 306/50/74 304/38/61 307/108/140
f 308/17/25 309/74/101 310/15/141
f 311/83/114 312/96/118 313/109/142
f 314/110/143 315/109/142 312/96/118
f 316/111/144 317/78/105 318/47/71
f 319/112/145 320/81/146 321/113/90
f 322/105/147 323/67/92 320/81/110
f 324/97/119 325/84/115 326/107/138
f 327/105/147 328/110/148 329/96/118
f 330/97/119 331/114/149 332/106/137
f 333/22/34 334/115/150 335/73/99
f 336/65/91 337/116/151 338/64/90
f 339/106/137 340/77/104 341/97/119
f 342/11/17 343/76/135 344/117/152
f 345/107/153 346/83/114 347/109/142
f 348/118/154 349/69/155 350/70/96
f 351/66/65 352/113/90 353/81/110
f 354/119/156 355/105/133 353/81/146
f 356/120/157 357/29/51 358/121/158
f 359/122/159 356/120/157 358/121/158
f 360/9/12 361/8/10 357/29/51
f 362/29/160 356/120/157 363/32/50
f 364/123/161 365/29/162 366/28/44
f 367/124/163 368/80/108 369/75/107
f 370/75/107 371/16/28 372/15/22
f 373/125/164 374/124/163 370/75/165
f 375/126/166 376/124/163 373/125/164
f 377/127/167 378/23/36 379/14/168
f 380/116/151 381/65/91 382/100/123
f 383/128/169 384/33/52 385/25/40
f 386/99/96 387/98/121 388/129/170
f 389/55/171 390/53/82 391/54/83
f 392/103/128 390/53/82 393/55/84
f 394/130/172 395/103/131 389/55/171
f 396/104/129 397/103/131 394/130/172
f 398/131/173 394/130/172 399/78/105
f 398/131/173 400/78/105 401/111/144
f 402/48/72 399/78/105 403/55/84
f 403/55/84 404/78/105 405/130/172
f 406/11/17 407/117/152 408/28/44
f 409/115/150 410/22/34 411/23/36
f 412/73/99 413/132/174 414/17/25
f 415/18/29 416/133/175 417/38/139
f 418/97/119 419/134/176 420/114/177
f 421/134/176 422/97/119 423/107/178
f 424/112/145 425/113/90 426/135/151
f 427/136/179 428/107/180 429/109/142
f 430/18/29 431/36/58 432/133/181
f 433/33/182 434/128/183 435/137/184
f 436/138/185 437/139/186 438/140/187
f 439/30/47 440/51/76 441/141/188
f 442/24/39 443/30/47 444/142/189
f 445/143/190 446/144/191 447/145/192
f 448/146/193 449/147/194 450/148/195
f 451/149/196 452/19/30 453/24/39
f 454/37/60 455/150/197 456/27/43
f 457/10/14 458/39/62 459/151/198
f 460/110/143 461/136/199 462/109/142
f 463/152/200 464/25/40 465/19/30
f 466/151/198 467/76/103 468/10/14
f 469/14/21 470/50/74 471/153/201
f 472/99/96 473/129/202 474/154/203
f 475/148/195 476/147/204 477/155/205
f 478/156/206 479/157/207 480/158/208
f 481/105/133 482/119/156 483/159/209
f 484/112/145 485/119/156 486/81/110
f 487/160/210 488/79/106 489/82/130
f 490/40/63 491/37/60 492/26/42
f 491/37/60 490/40/63 493/161/211
f 494/162/212 490/40/63 495/32/50
f 494/162/212 496/163/213 490/40/63
f 497/98/120 498/106/214 499/164/215
f 500/111/144 501/118/203 502/165/216
f 503/129/217 504/98/120 505/164/215
f 506/35/55 507/27/43 508/150/218
f 509/166/219 510/167/220 511/168/221
f 512/169/222 513/170/223 514/171/224
f 515/168/225 516/167/220 517/166/219
f 518/106/214 519/172/226 520/164/215
f 521/106/214 522/173/227 519/172/226
f 523/174/228 524/175/229 525/176/230
f 526/177/231 527/105/147 528/159/209
f 529/105/147 530/177/231 531/110/148
f 532/152/200 533/19/30 534/149/196
f 535/173/227 536/106/214 537/114/177
f 538/170/223 539/178/232 540/171/224
f 541/108/140 542/38/139 543/133/233
f 544/80/108 545/179/234 546/36/58
f 547/180/235 548/181/235 549/182/236
f 549/182/236 550/183/237 547/180/235
f 551/184/238 552/185/239 553/171/240
f 554/185/239 555/169/222 553/171/240
f 556/178/232 557/184/238 558/171/224
f 559/118/241 560/111/144 561/69/95
f 562/186/242 563/162/212 564/120/243
f 563/162/212 565/32/50 566/120/157
f 567/187/244 568/114/177 569/134/176
f 570/188/245 571/189/246 572/190/247
f 573/191/248 574/192/249 575/193/250
f 576/194/251 577/166/219 578/168/221
f 579/195/252 580/110/148 581/196/253
f 582/197/254 583/198/255 584/199/256
f 585/200/257 586/192/249 587/191/248
f 588/201/258 589/197/259 590/199/256
f 591/202/260 592/203/208 593/204/261
f 593/204/261 594/205/262 595/202/260
f 596/206/263 597/207/264 593/204/265
f 597/207/264 598/205/266 593/204/261
f 599/208/267 600/206/263 593/204/261
f 601/209/268 599/208/267 593/204/261
f 602/203/208 601/209/269 593/204/261
f 601/209/268 603/210/270 604/208/267
f 605/211/271 606/210/270 601/209/268
f 607/203/272 605/211/207 601/209/268
f 608/212/273 609/175/274 610/174/275
f 611/177/231 612/196/253 613/110/143
f 614/116/151 615/100/123 616/213/276
f 617/33/52 618/214/277 619/72/98
f 620/191/278 621/193/250 622/215/279
f 623/216/280 624/184/238 625/178/232
f 626/168/221 627/167/220 628/217/281
f 629/214/277 630/33/52 631/137/184
f 632/36/58 633/218/282 634/133/233
f 635/219/283 636/129/170 637/220/284
f 638/221/285 639/167/220 640/168/225
f 641/112/145 642/222/286 643/223/287
f 644/129/202 645/219/283 646/154/154
f 647/140/187 648/139/186 649/224/288
f 650/144/289 651/225/290 652/145/291
f 653/212/292 654/226/293 655/175/229
f 656/227/294 654/226/293 657/228/295
f 658/212/273 657/228/295 659/226/293
f 660/140/187 661/132/296 662/73/99
f 663/156/297 664/229/298 665/157/271
f 666/221/285 667/168/225 668/217/299
f 669/107/138 670/136/199 671/134/176
f 672/230/300 671/134/176 670/136/199
f 671/134/176 673/230/301 674/187/244
f 675/187/302 673/230/301 676/231/303
f 677/232/304 678/233/264 679/234/263
f 680/144/289 681/76/103 682/151/198
f 683/167/220 684/235/305 685/217/306
f 686/222/307 687/112/145 688/135/308
f 689/236/309 690/185/239 691/184/310
f 692/174/228 693/176/230 694/237/311
f 695/167/220 696/221/285 697/235/305
f 698/197/254 699/238/312 700/198/255
f 701/168/313 702/166/314 703/239/315
f 704/30/47 705/141/188 706/240/316
f 707/79/317 708/46/69 709/82/126
f 710/79/317 711/43/70 708/46/69
f 707/79/317 712/241/318 713/242/319
f 713/242/320 714/241/318 715/243/321
f 716/244/322 717/116/151 718/213/323
f 719/245/324 718/213/276 720/100/123
f 721/246/325 722/118/154 723/247/283
f 724/194/251 725/168/221 726/248/326
f 726/248/327 725/168/221 727/217/281
f 728/168/313 729/239/315 730/249/328
f 731/108/329 732/133/233 733/250/330
f 734/251/331 735/143/190 736/252/332
f 737/149/196 738/24/39 739/253/333
f 740/254/334 741/255/335 742/138/336
f 743/256/337 744/257/338 745/258/339
f 744/257/338 746/259/340 745/258/341
f 747/260/342 748/261/342 749/262/342
f 750/263/343 751/216/280 752/178/344
f 753/170/223 750/263/343 752/178/344
f 750/263/345 753/170/223 754/264/346
f 755/233/264 756/265/347 757/266/266
f 758/129/170 759/164/215 760/267/348
f 761/173/227 762/114/177 763/187/244
f 761/173/227 764/268/349 765/269/350
f 766/160/210 767/104/129 768/270/351
f 767/104/129 769/160/210 770/82/130
f 771/119/156 772/112/145 773/223/352
f 774/161/353 775/40/63 776/163/354
f 774/161/211 776/163/354 777/271/355
f 778/272/342 779/262/342 780/273/342
f 781/274/342 782/272/342 783/273/342
f 784/273/342 785/262/342 786/261/342
f 787/261/342 788/275/342 789/276/342
f 789/276/342 788/275/342 790/277/342
f 791/278/342 792/279/342 793/280/342
f 792/279/342 791/278/342 794/281/342
f 795/142/189 796/282/356 797/283/357
f 798/119/156 799/284/358 800/159/209
f 801/220/284 802/129/217 803/267/359
f 804/150/197 805/285/360 806/35/55
f 807/246/361 808/165/216 809/118/362
f 810/143/190 811/145/291 812/252/363
f 813/201/258 814/199/256 815/286/364
f 816/190/247 817/189/365 818/287/366
f 819/227/367 820/288/368 821/226/293
f 822/289/369 823/170/223 824/169/222
f 825/196/253 826/290/370 827/195/252
f 828/110/148 827/195/252 829/136/199
f 830/291/371 831/195/252 826/290/372
f 831/195/252 830/291/371 832/230/300
f 832/230/301 833/136/179 831/195/252
f 834/138/185 835/255/335 836/139/373
f 837/289/369 838/264/346 839/170/223
f 840/200/374 841/292/375 842/192/249
f 843/241/318 844/79/317 845/160/376
f 846/172/226 847/293/377 848/164/215
f 849/175/229 850/288/378 851/294/379
f 852/295/380 853/296/381 854/297/382
f 855/226/293 856/288/378 857/175/274
f 858/298/383 859/212/292 860/174/228
f 861/39/62 862/34/77 863/299/384
f 864/35/385 865/299/386 862/34/77
f 866/215/279 867/193/250 868/300/387
f 869/164/215 870/293/388 871/267/348
f 872/172/226 873/301/389 870/293/388
f 874/224/288 875/302/390 876/140/187
f 877/262/342 878/272/342 879/303/342
f 878/272/342 880/280/342 881/304/342
f 880/280/342 878/272/342 882/274/342
f 883/305/391 884/221/285 885/217/299
f 886/306/392 887/159/209 888/284/358
f 889/238/312 890/307/393 891/198/255
f 892/179/234 893/218/282 894/36/58
f 892/179/234 895/308/394 893/218/282
f 896/168/395 897/249/328 898/309/396
f 899/268/349 900/173/227 901/187/244
f 902/239/315 903/166/219 904/310/397
f 905/144/191 906/311/398 907/225/290
f 908/152/200 909/312/399 910/25/40
f 911/312/399 912/128/183 913/25/40
f 914/159/209 915/313/400 916/177/401
f 917/310/402 918/166/219 919/194/251
f 920/314/403 921/101/125 922/315/404
f 923/74/101 924/316/405 925/75/406
f 926/153/201 927/50/74 928/108/329
f 929/124/407 930/179/234 931/80/108
f 932/317/408 930/179/234 933/124/163
f 934/235/305 935/221/285 936/305/391
f 937/269/409 938/172/226 939/173/227
f 940/318/410 941/169/222 942/319/411
f 943/320/412 944/321/413 945/322/414
f 946/28/44 947/117/152 948/323/415
f 949/319/416 950/169/222 951/185/417
f 949/319/411 952/185/239 953/324/418
f 953/324/419 952/185/239 954/236/309
f 953/324/419 955/236/420 956/325/421
f 956/325/421 957/236/309 958/326/422
f 959/327/423 960/130/172 961/131/173
f 962/327/423 963/104/129 960/130/172
f 964/328/424 965/258/425 966/329/426
f 964/328/424 967/256/427 965/258/425
f 968/23/428 969/330/429 970/115/150
f 971/253/333 972/24/39 973/142/189
f 974/289/369 975/169/222 976/318/410
f 977/313/400 978/159/209 979/306/430
f 980/284/358 981/331/431 979/306/392
f 980/284/432 982/119/156 983/223/287
f 984/217/299 985/168/313 986/309/433
f 987/217/299 986/309/433 988/332/434
f 989/123/161 990/28/44 991/323/435
f 992/333/436 993/334/437 994/335/438
f 995/336/439 996/337/440 997/338/441
f 998/111/144 999/339/442 1000/131/173
f 1001/172/226 1002/269/443 1003/301/389
f 1004/127/167 1005/330/444 1006/23/36
f 1007/340/445 1008/184/238 1009/216/280
f 1010/245/324 1011/341/446 1012/213/323
f 1013/314/403 1010/245/324 1014/100/123
f 1013/314/403 1015/100/447 1016/101/125
f 1017/342/448 1018/194/251 1019/248/327
f 1020/343/449 1021/344/450 1022/345/451
f 1023/346/452 1024/345/451 1021/344/450
f 1025/347/453 1026/228/295 1020/343/449
f 1027/343/449 1028/348/454 1025/347/453
f 1029/349/455 1026/228/456 1030/212/273
f 1026/228/456 1031/347/453 1032/227/294
f 1033/340/457 1034/236/309 1035/184/238
f 1036/146/458 1037/350/459 1038/147/460
f 1039/76/103 1040/143/461 1041/117/152
f 1042/138/336 1043/73/99 1044/115/150
f 1045/308/394 1046/133/462 1047/218/463
f 1048/320/412 1049/351/464 1050/352/465
f 1051/310/402 1052/194/251 1053/353/466
f 1054/302/390 1055/354/467 1056/140/187
f 1057/261/342 1058/260/342 1059/275/342
f 1060/248/327 1061/217/306 1062/332/468
f 1063/343/449 1064/345/451 1065/348/469
f 1066/355/470 1067/223/352 1068/222/322
f 1069/356/471 1070/121/472 1071/29/162
f 1072/101/125 1073/41/64 1074/79/106
f 1075/242/320 1076/101/125 1074/79/106
f 1072/101/125 1077/242/320 1078/315/473
f 1079/357/474 1080/358/475 1078/315/473
f 1081/311/476 1082/144/191 1083/359/477
f 1084/360/478 1085/361/479 1086/337/440
f 1087/362/480 1088/217/306 1089/235/305
f 1090/263/343 1091/363/481 1092/216/280
f 1093/304/342 1094/280/342 1095/279/342
f 1096/175/274 1097/294/379 1098/176/230
f 1099/244/286 1100/213/323 1101/364/482
f 1102/365/483 1103/201/484 1104/286/364
f 1105/366/485 1106/263/345 1107/264/346
f 1108/367/486 1109/340/457 1110/216/280
f 1111/355/470 1112/222/286 1113/368/487
f 1114/369/488 1115/14/168 1116/153/489
f 1117/150/218 1118/161/353 1119/370/490
f 1120/37/60 1118/161/353 1121/150/197
f 1121/150/197 1122/370/490 1123/285/360
f 1123/285/360 1124/370/490 1125/371/491
f 1126/372/492 1127/292/493 1128/200/374
f 1129/345/451 1130/346/494 1131/373/495
f 1132/374/496 1133/375/497 1131/373/498
f 1134/356/471 1135/29/162 1136/123/161
f 1137/373/498 1138/376/499 1139/377/500
f 1140/345/451 1141/373/498 1139/377/500
f 1142/375/497 1143/376/501 1141/373/498
f 1144/378/502 1145/319/411 1146/324/419
f 1147/370/490 1148/161/211 1149/271/355
f 1150/345/451 1151/377/500 1152/348/469
f 1153/247/283 1154/379/503 1155/380/504
f 1156/247/283 1157/380/504 1158/246/361
f 1159/369/505 1160/127/167 1161/14/37
f 1162/381/506 1163/220/507 1164/382/508
f 1165/188/509 1166/383/510 1167/189/511
f 1168/220/512 1169/381/513 1170/219/283
f 1171/305/391 1172/217/299 1173/362/514
f 1174/353/466 1175/194/251 1176/342/448
f 1177/384/515 1178/375/497 1179/374/516
f 1180/385/517 1177/384/515 1181/386/518
f 1182/283/519 1178/375/497 1183/384/515
f 1182/283/357 1184/282/356 1178/375/497
f 1185/142/189 1186/30/47 1184/282/356
f 1187/385/517 1188/283/357 1177/384/515
f 1189/387/520 1190/142/189 1188/283/357
f 1191/387/521 1192/283/357 1187/385/517
f 1193/253/522 1194/142/189 1191/387/520
f 1195/249/328 1196/239/315 1197/353/523
f 1198/284/432 1199/223/352 1200/388/524
f 1201/332/468 1202/217/306 1203/362/480
f 1204/157/207 1205/389/525 1206/390/270
f 1207/331/431 1208/284/358 1209/388/524
f 1210/391/526 1211/163/354 1212/186/527
f 1213/186/527 1211/163/528 1214/162/212
f 1215/153/201 1216/108/329 1217/392/529
f 1218/393/530 1219/165/216 1220/394/531
f 1219/165/216 1221/246/532 1222/394/531
f 1223/246/325 1224/395/533 1220/394/531
f 1225/177/231 1226/396/534 1227/196/253
f 1228/290/370 1227/196/253 1229/396/534
f 1229/396/535 1230/397/536 1231/290/372
f 1232/313/537 1233/398/538 1229/396/535
f 1234/363/539 1235/367/486 1236/216/280
f 1237/300/387 1238/399/540 1239/215/279
f 1240/239/315 1241/310/397 1242/353/523
f 1243/148/541 1244/155/542 1245/400/543
f 1246/268/349 1247/187/302 1248/231/303
f 1249/401/544 1250/269/350 1246/268/349
f 1251/402/545 1252/264/346 1253/289/369
f 1254/403/546 1255/244/286 1256/364/547
f 1256/364/547 1257/213/323 1258/341/446
f 1259/404/548 1260/305/391 1261/405/549
f 1260/305/391 1259/404/550 1262/235/305
f 1263/406/551 1264/382/508 1265/267/552
f 1266/355/470 1267/388/553 1268/223/287
f 1269/282/554 1270/407/555 1271/375/497
f 1272/362/480 1273/235/305 1274/404/548
f 1275/347/453 1276/408/556 1277/227/294
f 1278/409/557 1279/406/558 1280/293/388
f 1281/267/348 1282/382/559 1283/220/284
f 1284/157/207 1285/229/560 1286/389/561
f 1287/318/410 1288/319/411 1289/378/562
f 1290/346/563 1291/374/496 1292/373/498
f 1293/334/437 1294/410/564 1295/335/565
f 1296/217/299 1297/332/434 1298/362/566
f 1299/245/324 1300/314/403 1301/411/567
f 1302/39/62 1303/412/568 1304/151/198
f 1305/412/569 1306/39/62 1307/299/570
f 1308/353/523 1309/413/571 1310/249/328
f 1311/414/572 1312/234/263 1313/415/267
f 1314/301/389 1315/409/557 1316/293/388
f 1317/140/573 1318/73/99 1319/138/336
f 1320/293/388 1321/406/551 1322/267/359
f 1323/143/461 1324/76/103 1325/144/191
f 1326/128/183 1327/416/574 1328/137/184
f 1329/125/575 1330/75/406 1331/316/405
f 1332/74/101 1333/132/296 1334/417/576
f 1335/342/577 1336/248/327 1337/418/578
f 1337/418/578 1336/248/327 1338/332/579
f 1339/306/430 1340/419/580 1341/313/400
f 1342/416/574 1343/128/169 1344/420/581
f 1345/421/582 1346/236/309 1347/340/445
f 1348/274/583 1349/422/583 1350/280/583
f 1351/423/584 1352/301/389 1353/269/350
f 1354/424/585 1355/306/430 1356/331/431
f 1357/419/580 1355/306/430 1358/424/585
f 1359/301/389 1360/425/586 1361/409/557
f 1362/426/587 1363/108/329 1364/250/330
f 1365/227/294 1366/408/588 1367/288/378
f 1368/398/538 1369/313/400 1370/419/580
f 1371/126/166 1372/317/408 1373/124/163
f 1374/269/350 1375/401/544 1376/423/584
f 1377/246/325 1378/380/589 1379/395/533
f 1380/236/309 1381/421/590 1382/326/422
f 1383/427/591 1384/289/369 1385/318/410
f 1386/428/592 1387/228/295 1388/349/455
f 1389/413/593 1390/309/433 1391/249/328
f 1392/392/594 1393/108/329 1394/426/587
f 1395/429/595 1396/229/298 1397/156/206
f 1398/378/562 1399/324/418 1400/366/596
f 1400/366/596 1399/324/419 1401/325/421
f 1402/156/206 1403/158/208 1404/430/597
f 1405/156/206 1404/430/597 1406/429/595
f 1407/31/75 1408/431/598 1409/432/599
f 1408/431/598 1410/31/75 1411/72/98
f 1412/390/270 1413/433/600 1414/415/267
f 1415/434/601 1416/268/349 1417/231/303
f 1418/305/391 1419/362/514 1420/405/549
f 1421/266/262 1422/435/602 1423/436/260
f 1424/366/485 1425/437/603 1426/263/345
f 1427/437/604 1428/363/539 1426/263/343
f 1429/349/455 1430/212/292 1431/438/605
f 1432/439/606 1433/51/76 1434/432/607
f 1434/432/607 1433/51/76 1435/31/75
f 1436/364/547 1437/440/608 1438/403/609
f 1439/390/270 1440/389/561 1441/441/610
f 1442/442/63 1443/158/208 1444/436/260
f 1445/158/208 1442/442/63 1446/430/597
f 1447/186/527 1448/120/157 1449/122/159
f 1450/443/611 1447/186/242 1449/122/159
f 1451/271/355 1452/391/526 1453/370/490
f 1454/444/612 1453/370/490 1452/391/526
f 1455/391/526 1451/271/355 1456/163/354
f 1457/445/613 1458/366/485 1459/264/346
f 1460/251/331 1461/252/363 1462/446/614
f 1463/250/330 1464/133/181 1465/308/394
f 1466/426/587 1463/250/330 1467/308/394
f 1468/447/615 1466/426/587 1467/308/394
f 1469/379/616 1470/448/617 1471/380/504
f 1472/449/618 1473/355/470 1474/368/487
f 1475/450/619 1476/352/465 1477/351/464
f 1478/354/467 1479/132/296 1480/140/187
f 1481/254/334 1482/451/620 1483/255/335
f 1484/438/605 1485/212/273 1486/298/383
f 1487/360/478 1488/452/621 1489/361/479
f 1490/359/477 1491/144/191 1492/151/198
f 1493/382/559 1494/453/622 1495/381/513
f 1496/299/386 1497/35/385 1498/454/623
f 1499/137/184 1500/455/624 1501/214/277
f 1502/455/625 1503/137/184 1504/416/574
f 1505/347/453 1506/456/626 1507/408/627
f 1505/347/453 1508/457/628 1509/456/629
f 1510/458/630 1511/459/630 1512/460/630
f 1513/461/630 1514/459/630 1515/458/630
f 1516/350/459 1517/462/631 1518/147/460
f 1519/461/630 1520/463/630 1521/459/630
f 1522/347/453 1523/348/469 1524/457/628
f 1525/368/487 1526/464/632 1527/449/633
f 1528/465/634 1529/388/524 1530/449/618
f 1531/388/553 1532/355/470 1533/449/633
f 1534/365/483 1535/286/364 1536/466/635
f 1537/467/636 1538/403/546 1539/440/637
f 1540/468/638 1537/467/639 1541/440/640
f 1542/359/477 1543/469/641 1544/311/398
f 1545/270/351 1546/241/318 1547/160/210
f 1548/470/642 1546/241/318 1545/270/351
f 1549/372/643 1550/471/644 1551/292/493
f 1552/472/645 1553/473/646 1554/474/647
f 1555/411/567 1556/314/403 1557/358/475
f 1558/111/144 1559/47/71 1560/69/95
f 1561/165/216 1562/339/648 1558/111/144
f 1563/165/216 1564/475/649 1562/339/648
f 1565/393/650 1566/476/651 1564/475/649
f 1564/475/649 1567/165/216 1565/393/650
f 1565/393/650 1568/477/652 1569/476/651
f 1570/453/653 1571/478/654 1572/381/506
f 1573/479/655 1574/190/656 1575/287/656
f 1576/314/403 1577/315/404 1578/358/475
f 1579/354/467 1580/302/390 1581/480/657
f 1582/379/503 1583/481/658 1584/448/617
f 1585/482/659 1586/448/617 1583/481/658
f 1587/406/551 1588/453/653 1589/382/508
f 1590/230/301 1591/291/371 1592/231/303
f 1592/231/303 1591/291/371 1593/483/660
f 1592/231/303 1594/483/660 1595/434/661
f 1595/434/662 1594/483/660 1596/484/663
f 1594/483/660 1597/397/664 1598/484/663
f 1599/290/372 1597/397/536 1594/483/660
f 1600/291/371 1599/290/370 1601/483/660
f 1602/301/389 1603/423/665 1604/425/586
f 1605/485/666 1603/423/584 1606/401/544
f 1607/427/591 1608/402/667 1609/289/369
f 1610/411/567 1611/341/446 1612/245/324
f 1613/486/668 1614/331/431 1615/465/634
f 1616/402/667 1617/445/613 1618/264/346
f 1619/487/669 1620/251/670 1621/446/614
f 1622/488/671 1623/489/672 1624/296/673
f 1625/259/674 1626/257/674 1627/479/675
f 1628/394/531 1629/395/533 1630/393/676
f 1631/341/446 1632/490/677 1633/364/547
f 1634/440/640 1635/364/482 1636/490/678
f 1637/270/351 1638/104/679 1639/327/423
f 1639/327/423 1640/470/642 1637/270/351
f 1641/317/408 1642/447/615 1643/308/394
f 1644/491/680 1645/451/681 1646/254/682
f 1647/273/683 1648/492/683 1649/274/683
f 1650/493/684 1651/494/685 1652/409/557
f 1653/317/408 1654/308/394 1655/179/234
f 1656/495/686 1653/317/687 1657/496/688
f 1658/300/387 1659/497/689 1660/399/540
f 1661/268/349 1662/434/601 1663/401/544
f 1663/401/544 1662/434/661 1664/498/690
f 1665/369/505 1666/330/691 1667/127/167
f 1668/499/692 1669/500/693 1670/501/694
f 1670/501/695 1671/502/696 1672/499/697
f 1673/321/413 1672/499/692 1671/502/696
f 1668/499/692 1674/321/413 1675/352/465
f 1674/321/413 1676/320/412 1675/352/465
f 1677/331/431 1678/388/553 1679/465/634
f 1680/424/585 1677/331/431 1681/486/698
f 1682/380/504 1683/503/699 1684/395/533
f 1685/504/700 1686/424/585 1687/486/668
f 1688/505/701 1689/448/617 1690/482/702
f 1691/409/557 1692/494/685 1693/406/551
f 1694/425/586 1695/493/703 1691/409/557
f 1696/506/704 1697/507/705 1698/508/706
f 1699/336/439 1697/507/705 1700/360/478
f 1701/337/440 1699/336/439 1700/360/478
f 1702/509/707 1698/508/706 1703/507/705
f 1704/336/439 1702/509/707 1703/507/705
f 1705/510/708 1706/180/709 1707/511/710
f 1708/243/321 1709/315/473 1710/242/319
f 1711/424/585 1712/512/711 1713/419/580
f 1714/443/611 1715/391/526 1716/186/527
f 1717/513/712 1715/391/526 1718/443/713
f 1719/514/714 1720/383/510 1721/188/509
f 1719/514/714 1722/515/715 1720/383/716
f 1723/516/717 1724/425/586 1725/423/584
f 1726/131/173 1727/517/718 1728/327/423
f 1729/518/719 1730/183/720 1731/400/721
f 1732/425/586 1733/516/717 1734/519/722
f 1735/380/589 1736/448/617 1737/503/723
f 1738/448/617 1739/520/724 1737/503/723
f 1740/521/725 1741/522/726 1742/523/727
f 1743/440/608 1744/524/728 1745/468/638
f 1744/524/728 1743/440/640 1746/490/678
f 1747/523/727 1748/525/729 1745/468/638
f 1749/526/730 1750/450/731 1751/527/732
f 1752/117/733 1753/251/331 1754/323/435
f 1755/423/584 1756/485/666 1757/516/717
f 1758/494/685 1759/453/622 1760/406/558
f 1758/494/685 1761/528/734 1759/453/653
f 1762/527/735 1763/450/619 1764/529/736
f 1765/352/465 1766/526/737 1767/499/692
f 1767/499/692 1768/526/730 1769/530/738
f 1770/254/334 1771/115/150 1772/330/691
f 1773/419/580 1774/531/739 1775/398/538
f 1776/332/434 1777/532/740 1778/533/741
f 1779/413/571 1777/532/742 1780/309/433
f 1781/332/434 1782/309/396 1777/532/740
f 1777/532/740 1783/413/593 1784/534/743
f 1785/535/744 1786/536/745 1787/452/621
f 1788/348/469 1789/377/500 1790/537/746
f 1791/452/621 1792/536/747 1793/538/748
f 1794/261/749 1795/276/749 1796/539/749
f 1797/540/750 1798/497/751 1799/238/752
f 1800/238/312 1798/497/751 1801/307/393
f 1802/128/169 1803/541/753 1804/420/581
f 1805/541/753 1806/128/169 1807/312/399
f 1808/523/727 1809/468/754 1810/521/725
f 1811/467/639 1812/468/754 1813/525/729
f 1812/468/754 1814/542/755 1815/521/725
f 1816/535/756 1817/360/478 1818/507/705
f 1819/543/757 1820/535/758 1818/507/705
f 1821/505/701 1822/482/659 1823/544/759
f 1824/72/98 1825/545/760 1826/431/598
f 1827/546/761 1828/521/725 1829/542/762
f 1830/547/763 1831/438/605 1832/548/764
f 1833/549/765 1834/428/592 1830/547/763
f 1835/344/450 1834/428/592 1833/549/765
f 1833/549/765 1836/550/766 1837/344/450
f 1838/344/450 1839/343/449 1834/428/592
f 1834/428/592 1839/343/449 1840/228/295
f 1841/251/331 1842/117/152 1843/143/190
f 1844/546/767 1845/522/726 1846/521/768
f 1847/551/769 1848/544/770 1849/552/771
f 1850/553/772 1851/544/759 1852/551/769
f 1853/545/773 1854/72/98 1855/214/277
f 1856/138/185 1857/115/774 1858/254/334
f 1859/554/775 1860/294/379 1861/288/378
f 1862/555/776 1863/556/777 1864/557/778
f 1865/555/776 1866/558/779 1863/556/777
f 1866/558/779 1867/559/780 1868/560/781
f 1869/559/782 1870/561/783 1871/560/784
f 1872/464/785 1873/562/786 1874/449/787
f 1875/123/161 1876/323/788 1877/356/789
f 1878/356/789 1876/323/435 1879/563/790
f 1880/559/782 1881/555/791 1882/561/783
f 1883/559/782 1884/560/784 1885/564/792
f 1886/559/780 1887/564/792 1888/560/793
f 1889/386/794 1177/384/515 1890/374/516
f 1889/386/794 1890/374/496 1891/565/795
f 1892/346/452 1893/565/795 1890/374/516
f 1894/565/795 1892/346/494 1895/566/796
f 1896/567/797 1897/298/383 1898/174/228
f 1899/478/654 1900/453/798 1901/568/799
f 1902/400/543 1903/155/800 1904/569/801
f 1905/519/722 1906/493/684 1907/425/586
f 1905/519/722 1908/570/802 1906/493/684
f 1909/348/469 1910/537/803 1911/457/628
f 1912/377/500 1913/571/804 1910/537/746
f 1912/377/500 1914/572/805 1915/571/804
f 1916/470/642 1917/327/806 1918/517/718
f 1919/573/807 1920/339/648 1921/475/649
f 1920/339/442 1922/517/718 1923/131/173
f 1924/555/776 1925/559/780 1926/558/808
f 1927/443/611 1928/122/159 1929/574/809
f 1930/575/810 1931/310/402 1932/353/466
f 1933/341/446 1934/411/567 1935/576/811
f 1936/577/812 1937/465/634 1938/449/618
f 1939/577/812 1940/449/618 1941/562/813
f 1942/578/814 1943/369/505 1944/153/489
f 1945/512/711 1946/424/585 1947/504/700
f 1948/579/815 1945/512/711 1947/504/700
f 1949/395/533 1950/503/699 1951/477/816
f 1952/294/817 1953/554/775 1954/580/818
f 1955/297/382 1956/296/673 1957/581/819
f 1958/477/820 1959/393/676 1960/395/533
f 1961/496/688 1962/317/408 1963/126/166
f 1964/550/821 1965/566/796 1966/346/452
f 1964/550/821 1966/346/452 1967/344/450
f 1968/582/822 1969/121/823 1970/356/471
f 1971/288/378 1972/408/627 1973/583/824
f 1974/232/825 1975/584/826 1976/585/827
f 1977/233/264 1974/232/825 1976/585/828
f 1978/332/579 1979/586/829 1980/418/578
f 1981/587/830 1982/472/831 1983/474/647
f 1984/588/832 1985/486/668 1986/465/634
f 1987/141/833 1988/589/834 1989/240/835
f 1990/499/692 1991/530/738 1992/500/693
f 1993/500/693 1991/530/738 1994/590/836
f 1995/526/737 1994/590/836 1991/530/738
f 1996/352/465 1997/450/731 1995/526/737
f 1998/490/677 1999/341/446 2000/576/837
f 2000/576/837 2001/524/728 2002/490/677
f 2003/531/838 2004/419/580 2005/512/711
f 2006/591/839 2003/531/838 2005/512/711
f 2007/592/840 2008/479/655 2009/287/841
f 2010/416/574 2011/593/842 2012/594/843
f 2013/376/501 2014/595/844 2015/572/805
f 2016/407/555 2014/595/844 2017/376/499
f 2018/377/500 2017/376/501 2019/572/805
f 2020/493/703 2021/596/845 2022/494/685
f 2023/597/846 2024/598/847 2025/599/848
f 2026/600/849 2027/535/756 2028/543/757
f 2028/543/757 2029/506/704 2026/600/849
f 2030/452/621 2031/360/478 2027/535/756
f 2028/543/757 2032/507/705 2033/506/704
f 2034/593/842 2035/416/574 2036/420/581
f 2037/580/818 2038/176/230 2039/294/379
f 2040/353/523 2041/310/850 2042/601/851
f 2043/479/675 2044/592/852 2045/259/674
f 2046/602/853 2047/353/466 2048/342/448
f 2049/354/467 2050/417/576 2051/132/174
f 2052/586/829 2053/332/468 2054/603/854
f 2054/603/854 2055/362/480 2056/604/855
f 2057/605/856 2058/437/857 2059/366/485
f 2060/555/791 2061/606/858 2062/561/783
f 2060/555/791 2063/607/859 2064/606/858
f 2063/607/859 2065/608/860 2066/609/861
f 2067/350/862 2068/610/862 2069/462/862
f 2070/412/568 2071/359/477 2072/151/198
f 2073/611/863 2074/378/502 2075/366/596
f 2076/315/473 2077/243/864 2078/357/474
f 2079/612/865 2080/542/866 2081/524/867
f 2081/524/867 2082/576/811 2083/612/865
f 2084/542/866 2085/468/638 2081/524/728
f 2086/613/868 2087/445/613 2088/402/667
f 2089/614/869 2090/342/577 2091/418/578
f 2092/544/759 2093/553/870 2094/505/701
f 2095/579/815 2096/504/700 2097/486/668
f 2098/615/871 2099/330/691 2100/369/505
f 2101/616/872 2102/152/200 2103/149/196
f 2104/477/816 2105/520/724 2106/617/873
f 2107/607/859 2108/609/861 2109/606/858
f 2110/618/874 2111/402/667 2112/427/591
f 2113/240/835 2114/619/875 2115/407/555
f 2115/407/555 2116/619/876 2117/620/877
f 2113/240/835 2118/589/834 2116/619/876
f 2117/620/877 2119/621/878 2120/595/844
f 2121/282/356 2122/30/47 2113/240/835
f 2121/282/554 2113/240/835 2123/407/555
f 2124/375/497 2123/407/879 2125/376/501
f 2119/621/878 2126/620/877 2127/622/880
f 2128/619/876 2129/622/880 2126/620/877
f 2130/619/876 2131/623/881 2127/622/882
f 2132/589/834 2133/623/881 2130/619/876
f 2118/589/834 2134/141/883 2135/439/606
f 2134/141/188 2136/51/76 2135/439/606
f 2137/447/615 2138/624/884 2139/426/587
f 2140/407/555 2141/620/877 2142/595/844
f 2143/396/534 2144/177/231 2145/313/400
f 2146/397/536 2143/396/535 2147/398/538
f 2148/397/885 2147/398/538 2149/625/886
f 2147/398/538 2150/531/838 2151/625/886
f 2150/531/739 2152/626/887 2153/625/886
f 2146/397/664 2154/625/886 2155/484/663
f 2156/627/888 2155/484/663 2154/625/886
f 2156/627/888 2157/628/889 2158/629/890
f 2159/484/663 2156/627/888 2158/629/891
f 2160/528/734 2161/568/892 2162/453/893
f 2163/568/892 2160/528/734 2164/630/894
f 2165/510/895 2166/511/895 2167/610/895
f 2168/631/896 2169/366/596 2170/325/421
f 2171/405/549 2172/632/897 2173/404/548
f 2174/512/711 2175/579/815 2176/591/898
f 2177/328/899 2178/329/900 2179/633/901
f 2180/405/549 2181/362/902 2182/634/903
f 2183/464/632 2184/635/904 2185/562/813
f 2186/367/486 2187/363/481 2188/636/905
f 2189/637/906 2190/411/567 2191/358/475
f 2192/516/717 2193/570/802 2194/519/722
f 2195/370/490 2196/444/612 2197/371/907
f 2198/371/491 2196/444/612 2199/638/908
f 2200/362/902 2201/332/909 2202/533/741
f 2203/340/457 2204/367/486 2205/639/910
f 2206/520/911 2207/505/701 2208/553/772
f 2206/520/724 2209/448/617 2210/505/701
f 2211/617/873 2212/520/724 2208/553/772
f 2212/520/724 2213/477/816 2214/503/699
f 2213/477/912 2215/640/913 2216/476/651
f 2217/618/914 2218/427/591 2219/318/410
f 2220/470/642 2221/243/321 2222/241/915
f 2223/641/916 2224/243/321 2220/470/642
f 2225/642/917 2226/501/694 2227/500/693
f 2228/445/918 2229/643/919 2230/366/485
f 2231/637/906 2232/576/811 2233/411/567
f 2234/588/832 2235/465/634 2236/577/812
f 2237/644/920 2234/588/832 2238/577/812
f 2239/531/838 2240/591/898 2241/626/887
f 2242/444/612 2243/391/526 2244/645/921
f 2245/359/477 2246/412/568 2247/469/641
f 2248/35/385 2249/285/922 2250/454/623
f 2251/568/799 2252/646/923 2253/478/924
f 2254/647/925 2255/648/926 2256/501/695
f 2256/501/695 2257/642/917 2258/647/925
f 2259/649/927 2260/325/928 2261/326/422
f 2262/181/929 2263/180/709 2264/510/708
f 2265/506/704 2266/508/930 2267/650/931
f 2268/618/932 2269/318/410 2270/651/933
f 2270/651/933 2269/318/410 2271/378/562
f 2272/596/845 2273/528/734 2274/494/685
f 2272/596/845 2275/652/934 2273/528/734
f 2276/653/935 2277/421/590 2278/340/445
f 2279/654/936 2280/577/812 2281/562/786
f 2282/317/408 2283/495/937 2284/447/615
f 2285/655/938 2286/265/347 2287/585/939
f 2288/233/264 2287/585/940 2286/265/347
f 2289/353/523 2290/601/941 2291/656/942
f 2292/413/571 2289/353/523 2291/656/943
f 2293/657/944 2294/658/945 2295/587/946
f 2296/653/935 2297/340/457 2298/639/910
f 2299/650/947 2300/508/706 2301/659/948
f 2302/660/949 2303/659/948 2300/508/706
f 2304/556/777 2305/661/950 2306/557/951
f 2305/661/950 2307/662/952 2308/557/778
f 2309/288/378 2310/583/824 2311/554/953
f 2312/485/666 2313/663/954 2314/516/717
f 2315/529/736 2316/664/955 2317/665/956
f 2318/666/957 2319/667/958 2320/668/959
f 2320/668/960 2321/669/961 2318/666/957
f 2322/562/786 2323/635/962 2324/654/963
f 2325/579/815 2326/486/668 2327/588/964
f 2328/670/965 2325/579/815 2327/588/832
f 2329/598/966 2330/597/846 2331/671/967
f 2332/416/574 2333/672/968 2334/455/624
f 2335/672/968 2336/416/574 2337/594/969
f 2338/673/970 2339/328/899 2340/633/901
f 2341/542/762 2342/674/971 2343/675/972
f 2344/342/448 2345/614/869 2346/602/853
f 2347/568/799 2348/630/973 2349/646/923
f 2350/553/870 2351/676/974 2352/617/873
f 2353/570/975 2354/596/845 2355/493/684
f 2353/570/802 2356/677/976 2354/596/845
f 2357/391/526 2358/513/712 2359/645/977
f 2360/564/792 2361/678/978 2362/559/782
f 2363/559/780 2364/678/979 2365/564/792
f 2366/437/604 2367/636/905 2368/363/481
f 2369/401/544 2370/498/690 2371/485/666
f 2371/485/980 2370/498/690 2372/679/981
f 2373/680/982 2372/679/981 2374/681/983
f 2375/392/529 2376/426/587 2377/682/984
f 2378/624/884 2377/682/985 2376/426/587
f 2379/683/986 2380/675/972 2381/674/971
f 2382/302/390 2383/684/987 2384/480/657
f 2385/685/988 2386/470/642 2387/517/718
f 2388/676/974 2389/553/772 2390/686/989
f 2391/687/990 2388/676/974 2390/686/989
f 2392/316/405 2393/688/991 2394/125/992
f 2395/126/993 2394/125/992 2396/688/991
f 2396/688/991 2397/689/994 2395/126/993
f 2398/362/995 2399/603/854 2400/332/579
f 2401/518/996 2402/400/996 2403/690/996
f 2404/691/997 2405/316/405 2406/417/576
f 2407/564/792 2408/692/998 2409/678/978
f 2410/663/954 2411/677/976 2412/570/802
f 2413/570/802 2414/516/717 2410/663/999
f 2415/564/792 2416/678/1000 2417/692/1001
f 2418/674/1002 2419/693/1003 2420/683/986
f 2421/642/1004 2422/500/693 2423/694/1005
f 2424/469/641 2425/695/852 2426/311/476
f 2427/696/1006 2428/697/1007 2429/698/1008
f 2430/583/824 2431/408/556 2432/699/1009
f 2433/641/916 2434/470/642 2435/685/988
f 2436/693/1003 2437/700/1010 2438/683/986
f 2439/668/960 2440/701/1011 2441/669/961
f 2442/697/1012 2443/696/1013 2444/698/1014
f 2445/404/548 2446/604/855 2447/362/995
f 2448/434/1015 2449/484/663 2450/498/690
f 2450/498/690 2449/484/663 2451/702/1016
f 2449/484/663 2452/629/891 2453/702/1016
f 2453/702/1016 2452/629/891 2454/703/1017
f 2455/639/910 2456/367/486 2457/636/1018
f 2458/704/1019 2459/676/974 2460/687/990
f 2461/705/1020 2462/674/1002 2463/612/865
f 2464/674/971 2465/542/866 2463/612/865
f 2466/506/704 2467/650/931 2468/706/1021
f 2469/704/1019 2470/687/990 2471/707/1022
f 2472/708/1023 2473/709/1024 2474/710/1025
f 2475/413/571 2476/711/1026 2477/534/1027
f 2478/362/566 2479/533/741 2480/634/903
f 2481/417/576 2482/354/467 2483/480/657
f 2484/705/1020 2485/576/811 2486/637/906
f 2487/405/549 2488/634/903 2489/712/1028
f 2490/713/1029 2491/698/1008 2492/714/1030
f 2493/400/1031 2494/569/1031 2495/690/1031
f 2496/664/955 2497/715/1032 2498/716/1033
f 2499/310/850 2500/575/810 2501/601/851
f 2502/713/1034 2503/714/1035 2504/698/1014
f 2505/663/954 2506/485/666 2507/679/981
f 2507/679/981 2508/680/982 2509/663/954
f 2510/712/1028 2511/632/897 2512/405/549
f 2513/632/1036 2514/604/855 2515/404/550
f 2516/487/669 2517/446/614 2518/717/1037
f 2519/420/581 2520/718/1038 2521/593/842
f 2522/719/1039 2523/624/884 2524/447/1040
f 2525/657/1041 2526/587/946 2527/474/1042
f 2528/408/627 2529/456/629 2530/699/1009
f 2531/183/1043 2532/182/1044 2533/400/721
f 2534/718/1045 2535/420/581 2536/541/1046
f 2537/590/836 2538/720/1047 2539/500/693
f 2540/491/680 2541/721/1048 2542/451/681
f 2543/616/872 2544/312/1049 2545/152/200
f 2546/641/1050 2547/357/474 2548/243/864
f 2549/670/965 2550/591/898 2551/579/815
f 2552/651/933 2553/378/502 2554/611/863
f 2555/625/886 2556/626/887 2557/627/888
f 2558/722/1051 2559/627/888 2556/626/887
f 2560/506/704 2561/723/1052 2562/600/849
f 2563/685/988 2564/517/718 2565/573/807
f 2565/573/1053 2566/517/718 2567/339/648
f 2563/685/988 2568/724/1054 2569/725/1055
f 2570/498/690 2571/702/1016 2572/679/981
f 2571/702/1016 2573/681/1056 2574/679/981
f 2575/644/920 2576/577/812 2577/654/936
f 2578/726/1057 2575/644/920 2577/654/963
f 2579/635/904 2580/727/1058 2581/654/1059
f 2582/358/475 2583/357/474 2584/728/1060
f 2585/724/1061 2586/573/1053 2587/475/649
f 2588/694/1062 2589/500/693 2590/720/1063
f 2591/729/1064 2592/515/1065 2593/514/714
f 2594/730/1066 2595/696/1006 2596/710/1067
f 2597/652/934 2598/630/973 2599/528/734
f 2597/652/934 2600/731/1068 2598/630/1069
f 2601/476/651 2602/724/1054 2603/475/649
f 2604/732/1070 2605/642/917 2606/694/1005
f 2607/709/1071 2608/733/1072 2609/710/1067
f 2610/710/1067 2608/733/1072 2611/730/1066
f 2612/734/1073 2613/735/1074 2614/736/1075
f 2615/737/1076 2616/738/1077 2617/739/1078
f 2617/739/1079 2618/740/1080 2615/737/1076
f 2619/741/1081 2620/742/1082 2621/536/745
f 2620/742/1082 2622/538/748 2621/536/747
f 2623/646/923 2624/630/894 2625/743/1083
f 2626/734/1084 2627/744/1085 2628/735/1086
f 2629/723/1087 2630/506/704 2631/706/1021
f 2632/614/869 2633/418/578 2634/586/829
f 2635/618/874 2636/613/868 2637/402/545
f 2638/598/1088 2639/671/967 2640/745/1089
f 2641/548/1090 2642/438/605 2643/298/383
f 2644/706/1021 2645/650/931 2646/746/1091
f 2647/214/1092 2648/455/625 2649/545/760
f 2649/545/760 2650/455/625 2651/747/1093
f 2652/17/25 2653/132/296 2654/74/101
f 2655/417/576 2656/316/405 2654/74/101
f 2656/316/405 2657/691/997 2658/688/991
f 2659/748/1094 2658/688/991 2657/691/997
f 2660/749/1095 2661/689/1096 2659/748/1097
f 2662/670/965 2663/588/832 2664/644/920
f 2665/750/1098 2662/670/965 2664/644/920
f 2666/296/1099 2667/489/672 2668/581/819
f 2669/477/820 2670/617/873 2671/640/913
f 2671/640/913 2670/617/873 2672/676/974
f 2673/640/913 2672/676/974 2674/751/1100
f 2675/526/730 2676/752/1101 2677/590/836
f 2676/752/1101 2678/720/1047 2677/590/836
f 2676/752/1101 2679/526/730 2680/527/735
f 2681/413/593 2682/656/943 2683/711/1102
f 2684/326/422 2685/421/590 2686/653/935
f 2687/753/1103 2688/647/1104 2689/642/1004
f 2690/664/955 2691/716/1105 2692/665/956
f 2693/754/1106 2694/755/1107 2695/265/347
f 2696/266/266 2695/265/347 2694/755/1107
f 2697/735/1074 2698/713/1108 2699/736/1075
f 2700/652/934 2701/596/845 2702/677/1109
f 2702/677/976 2703/756/1110 2700/652/934
f 2704/643/919 2705/605/1111 2706/366/485
f 2707/735/1086 2708/744/1085 2709/713/1112
f 2710/741/1113 2711/535/756 2712/600/849
f 2713/723/1052 2710/741/1081 2712/600/849
f 2714/535/744 2710/741/1081 2715/536/745
f 2716/726/1057 2717/654/963 2718/727/1058
f 2719/757/1114 2720/758/1115 2721/709/1071
f 2721/709/1071 2722/758/1115 2723/733/1072
f 2724/705/1020 2725/612/865 2726/576/1116
f 2727/674/1117 2724/705/1020 2728/759/1118
f 2729/626/887 2730/760/1119 2731/722/1051
f 2732/761/1120 2733/762/1121 2734/763/1122
f 2735/575/1123 2736/353/466 2737/602/853
f 2738/764/1124 2739/765/1125 2740/766/1126
f 2739/765/1125 2741/767/1127 2742/709/1128
f 2743/761/1129 2744/763/1130 2745/762/1131
f 2746/659/948 2747/768/1132 2748/650/931
f 2749/696/1006 2750/730/1066 2751/697/1133
f 2752/616/1134 2753/149/196 2754/253/522
f 2755/769/1135 2752/616/1136 2754/253/333
f 2756/769/1135 2754/253/522 2757/387/521
f 2756/769/1137 2758/387/520 2759/385/517
f 2760/728/1060 2761/637/906 2762/358/475
f 2760/728/1060 2763/705/1020 2764/637/906
f 2765/758/1138 2766/770/1139 2767/771/1140
f 2768/770/1141 2769/758/1142 2770/771/1143
f 2771/591/898 2772/670/965 2773/760/1119
f 2774/750/1098 2773/760/1119 2772/670/965
f 2775/760/1144 2776/626/887 2771/591/839
f 2777/731/1068 2778/743/1083 2779/630/1069
f 2780/727/1058 2781/635/962 2782/772/1145
f 2783/773/1146 2784/715/1032 2785/742/1082
f 2786/765/1147 2787/764/1148 2788/766/1149
f 2789/758/1142 2790/757/1150 2791/709/1024
f 2789/758/1142 2792/770/1141 2790/757/1150
f 2793/476/651 2794/640/913 2795/774/1151
f 2796/665/956 2797/716/1152 2798/775/1153
f 2799/513/712 2800/443/611 2801/574/809
f 2802/776/1154 2803/727/1058 2804/772/1145
f 2805/743/1083 2806/777/1155 2807/646/923
f 2808/778/1156 2809/779/1157 2810/780/1156
f 2811/547/763 2812/428/592 2813/349/455
f 2814/781/1158 2815/487/669 2816/717/1159
f 2817/662/952 2818/782/1160 2819/557/778
f 2820/764/1161 2821/766/1162 2822/763/1163
f 2823/783/1164 2824/604/855 2825/632/897
f 2826/766/1165 2827/764/1166 2828/763/1167
f 2829/784/1168 2830/658/1169 2831/785/1170
f 2832/677/976 2833/663/999 2834/680/1171
f 2835/680/982 2836/756/1110 2832/677/976
f 2837/731/1068 2838/652/934 2836/756/1110
f 2839/739/1079 2840/786/1172 2841/740/1080
f 2842/708/1023 2843/696/1013 2844/697/1012
f 2845/787/1173 2846/608/860 2847/607/1174
f 2848/761/1129 2849/771/1140 2850/770/1139
f 2851/771/1143 2852/761/1120 2853/770/1175
f 2854/261/1176 2855/492/1176 2856/273/1176
f 2857/788/1177 2858/721/1178 2859/491/680
f 2860/759/1118 2861/789/1179 2862/674/1002
f 2863/709/1180 2864/733/1181 2865/734/1084
f 2866/709/1128 2867/767/1127 2864/733/1181
f 2868/753/1182 2869/642/1004 2870/732/1070
f 2868/753/1182 2870/732/1183 2871/790/1184
f 2872/791/1185 2873/792/1185 2874/793/1185
f 2873/792/1185 2872/791/1185 2875/794/1185
f 2876/770/1139 2877/758/1115 2878/757/1114
f 2879/734/1073 2880/736/1075 2881/733/1186
f 2882/795/1187 2879/734/1188 2883/733/1186
f 2884/610/1189 2885/796/1189 2886/462/1189
f 2887/751/1100 2888/676/974 2889/797/1190
f 2890/761/1120 2891/771/1143 2892/762/1121
f 2893/798/1191 2894/122/1192 2895/121/472
f 2896/771/1140 2897/761/1129 2898/762/1131
f 2899/799/1193 2900/694/1062 2901/720/1063
f 2902/777/1155 2903/743/1083 2904/800/1194
f 2905/708/1023 2906/758/1142 2907/709/1024
f 2908/696/1013 2909/708/1023 2910/710/1025
f 2911/715/1032 2912/801/1195 2913/742/1082
f 2914/802/1196 2915/716/1105 2916/715/1197
f 2917/759/1118 2918/705/1020 2919/728/1060
f 2920/693/1003 2921/674/1002 2922/789/1179
f 2923/746/1198 2924/650/947 2925/768/1132
f 2926/803/1199 2923/746/1091 2925/768/1132
f 2927/804/1200 2928/805/1201 2929/471/644
f 2928/805/1202 2930/804/1203 2931/662/1204
f 2930/804/1203 2932/471/1205 2933/372/643
f 2934/704/1019 2935/797/1190 2936/676/974
f 2937/765/1147 2938/795/1187 2939/767/1206
f 2940/795/1187 2941/733/1207 2939/767/1206
f 2942/592/840 2943/806/1208 2944/479/655
f 2945/723/1052 2946/706/1021 2947/807/1209
f 2948/793/1210 2949/792/1210 2950/791/1210
f 2950/791/1210 2949/792/1210 2951/794/1210
f 2952/774/1211 2953/640/913 2954/751/1100
f 2955/192/1212 2956/808/1213 2957/193/1214
f 2958/809/1215 2959/726/1057 2960/727/1058
f 2961/678/978 2962/692/998 2963/810/1216
f 2964/199/1217 2965/198/1218 2966/808/1219
f 2967/414/572 2968/811/1220 2969/232/825
f 2967/414/572 2969/232/304 2970/234/263
f 2971/678/1000 2972/810/1221 2973/692/1222
f 2974/806/1223 2975/592/852 2976/479/675
f 2977/724/1061 2978/685/988 2979/573/807
f 2980/812/1224 2981/153/489 2982/392/1225
f 2983/734/1084 2984/733/1181 2985/744/1085
f 2986/756/1110 2987/680/982 2988/813/1226
f 2989/732/1183 2990/694/1062 2991/799/1193
f 2992/814/1227 2989/732/1070 2991/799/1193
f 2993/547/763 2994/349/455 2995/438/1228
f 2996/774/1151 2997/724/1061 2998/476/651
f 2999/724/1054 2996/774/1151 3000/815/1229
f 3001/774/1151 3002/751/1100 3000/815/1229
f 3003/750/1098 3004/644/920 3005/726/1057
f 3006/816/1230 3003/750/1098 3005/726/1057
f 3007/713/1029 3008/714/1030 3009/736/1075
f 3010/681/983 3011/702/1016 3012/703/1231
f 3012/703/1017 3013/817/1232 3010/681/983
f 3014/698/1008 3015/697/1007 3016/714/1030
f 3017/713/1112 3018/744/1085 3019/714/1035
f 3020/444/612 3021/645/977 3022/638/908
f 3023/818/1233 3024/722/1051 3025/760/1119
f 3026/176/1234 3027/580/818 3028/819/1235
f 3029/706/1236 3030/746/1091 3031/807/1209
f 3031/807/1209 3030/746/1198 3032/820/1237
f 3033/714/1035 3034/697/1012 3035/698/1014
f 3036/278/1238 3037/278/1239 3038/280/1238
f 3039/681/1056 3040/813/1226 3041/680/1171
f 3042/821/1240 3043/800/1194 3044/743/1083
f 3045/724/1061 3046/815/1229 3047/725/1055
f 3048/629/891 3049/628/1241 3050/822/1242
f 3051/823/1243 3050/822/1242 3049/628/1241
f 3052/789/1179 3053/700/1244 3054/693/1003
f 3055/760/1119 3056/750/1098 3057/818/1233
f 3058/816/1230 3057/818/1233 3056/750/1098
f 3059/667/1245 3060/824/1246 3061/668/1247
f 3062/629/890 3063/822/1242 3064/703/1231
f 3063/822/1242 3065/825/1248 3064/703/1017
f 3066/720/1063 3067/752/1101 3068/826/1249
f 3068/826/1249 3069/799/1250 3070/720/1063
f 3071/628/889 3072/827/1251 3073/823/1243
f 3074/827/1251 3071/628/889 3075/722/1252
f 3076/627/888 3075/722/1051 3077/628/889
f 3078/731/1068 3079/756/1110 3080/821/1240
f 3081/828/1253 3082/326/422 3083/653/935
f 3084/266/1254 3085/755/1107 3086/435/602
f 3087/829/1255 3086/435/602 3088/755/1107
f 3089/707/1022 3090/797/1190 3091/704/1019
f 3092/830/1256 3093/776/1154 3094/772/1145
f 3095/831/1257 3096/780/1156 3097/779/1157
f 3098/832/1258 3095/831/1259 3097/779/1157
f 3099/833/1260 3100/678/1261 3101/810/1216
f 3102/834/1262 3103/518/1262 3104/690/1262
f 3105/835/1263 3106/741/1113 3107/723/1052
f 3108/807/1209 3105/835/1263 3109/723/1052
f 3110/731/1068 3111/821/1240 3112/743/1083
f 3113/685/988 3114/725/1055 3115/641/1050
f 3116/454/623 3117/285/1264 3118/836/1265
f 3119/121/472 3120/582/822 3121/798/1266
f 3122/833/1267 3123/810/1221 3124/678/1000
f 3125/529/736 3126/665/956 3127/527/735
f 3127/527/735 3126/665/956 3128/752/1101
f 3129/665/956 3130/775/1268 3128/752/1101
f 3131/837/1269 3130/775/1153 3132/802/1196
f 3133/716/1105 3132/802/1196 3130/775/1268
f 3134/578/814 3135/153/489 3136/812/1224
f 3137/286/1270 3138/199/1217 3139/808/1219
f 3140/286/1270 3139/808/1219 3141/838/1271
f 3142/769/1137 3143/385/517 3144/839/1272
f 3144/839/1272 3145/386/518 3146/840/1273
f 3147/813/1226 3148/681/983 3149/817/1232
f 3150/841/1274 3151/777/1155 3152/800/1194
f 3153/292/1275 3154/808/1276 3155/192/1212
f 3156/292/1275 3157/838/1277 3154/808/1276
f 3158/456/629 3159/457/628 3160/842/1278
f 3159/457/628 3161/537/803 3162/843/1279
f 3163/816/1230 3164/726/1057 3165/809/1280
f 3166/548/1090 3167/298/383 3168/567/1281
f 3169/657/944 3170/844/1282 3171/658/1283
f 3172/765/1147 3173/767/1206 3174/764/1166
f 3175/764/1124 3176/767/1127 3177/765/1284
f 3178/785/1285 3179/658/1283 3180/844/1282
f 3181/790/1184 3182/732/1070 3183/814/1227
f 3184/762/1121 3185/764/1124 3186/763/1163
f 3187/763/1167 3188/764/1148 3189/762/1131
f 3190/821/1240 3191/813/1226 3192/845/1286
f 3193/488/1287 3194/846/1288 3195/489/672
f 3196/488/671 3197/599/848 3194/846/1289
f 3198/847/1290 3199/824/1246 3200/667/1291
f 3201/539/749 3202/276/749 3203/848/749
f 3204/722/1051 3205/818/1292 3206/827/1251
f 3207/816/1230 3206/827/1251 3205/818/1233
f 3208/198/1218 3209/849/1293 3210/808/1219
f 3211/193/1214 3212/808/1276 3213/849/1294
f 3214/809/1215 3215/776/1154 3216/830/1256
f 3215/776/1154 3214/809/1295 3217/727/1058
f 3218/850/1296 3214/809/1280 3219/851/1297
f 3220/563/1298 3221/582/822 3222/356/471
f 3221/582/822 3223/852/1299 3224/798/1266
f 3225/841/1274 3226/800/1194 3227/853/1300
f 3228/193/1214 3229/849/1294 3230/300/1301
f 3231/854/1302 3232/855/1303 3233/856/1304
f 3234/853/1300 3235/800/1194 3236/821/1240
f 3237/198/1218 3238/307/1305 3239/849/1293
f 3240/857/1306 3241/858/1306 3242/859/1306
f 3242/859/1306 3241/858/1306 3243/860/1306
f 3244/861/1307 3245/433/600 3246/441/610
f 3247/390/270 3246/441/610 3245/433/600
f 3248/822/1242 3249/823/1243 3250/862/1308
f 3251/863/1125 3252/631/896 3253/649/1309
f 3252/631/896 3254/325/421 3255/649/1310
f 3256/572/805 3257/621/878 3258/864/1311
f 3259/865/1312 3260/866/1313 3261/867/1314
f 3262/813/1226 3263/821/1240 3264/756/1110
f 3265/817/1232 3266/703/1017 3267/825/1248
f 3265/817/1232 3267/825/1248 3268/868/1315
f 3269/799/1193 3270/826/1249 3271/869/1316
f 3272/870/1317 3269/799/1250 3271/869/1316
f 3273/826/1249 3274/752/1101 3275/871/1318
f 3276/701/1011 3277/872/1319 3278/873/1320
f 3279/701/1011 3280/873/1321 3281/669/961
f 3282/746/1091 3283/803/1322 3284/820/1323
f 3284/820/1237 3285/803/1199 3286/874/1324
f 3287/859/1325 3288/858/1325 3289/857/1325
f 3288/858/1325 3287/859/1325 3290/860/1325
f 3291/466/1326 3292/286/1327 3293/838/1271
f 3294/672/968 3295/747/1328 3296/455/625
f 3297/875/1329 3298/835/1263 3299/807/1209
f 3300/875/1329 3299/807/1209 3301/876/1330
f 3302/830/1256 3303/851/1297 3304/809/1215
f 3304/809/1295 3305/850/1296 3306/816/1230
f 3307/471/1331 3308/838/1277 3309/292/1275
f 3310/742/1082 3311/801/1195 3312/538/748
f 3313/773/1146 3310/742/1332 3314/741/1081
f 3315/877/1333 3314/741/1081 3316/835/1263
f 3317/877/1333 3318/773/1334 3314/741/1081
f 3319/802/1196 3320/715/1197 3313/773/1146
f 3321/877/1333 3322/802/1196 3313/773/1146
f 3323/837/1269 3322/802/1196 3321/877/1333
f 3323/837/1269 3321/877/1333 3324/878/1335
f 3325/879/1336 3326/823/1243 3327/827/1251
f 3328/649/927 3329/326/422 3330/828/1253
f 3331/880/1337 3332/881/1338 3333/785/1285
f 3334/433/600 3335/882/1339 3336/414/572
f 3334/433/600 3336/414/572 3337/415/267
f 3338/883/1340 3339/865/1312 3340/867/1314
f 3341/539/1176 3342/492/1176 3343/261/1176
f 3344/884/1341 3345/541/753 3346/312/399
f 3347/885/1342 3348/541/753 3344/884/1341
f 3349/821/1240 3350/886/1343 3351/853/1300
f 3352/821/1240 3353/845/1286 3354/886/1343
f 3355/814/1344 3356/799/1193 3357/870/1345
f 3358/887/1346 3355/814/1227 3357/870/1345
f 3359/605/1111 3360/888/1150 3361/437/603
f 3362/862/1308 3363/823/1243 3364/889/1347
f 3365/890/1348 3366/831/1259 3367/832/1258
f 3367/832/1258 3368/891/1349 3365/890/1348
f 3369/747/1350 3370/672/1351 3371/892/1352
f 3372/662/952 3373/804/1353 3374/782/1354
f 3375/823/1355 3376/879/1356 3377/889/1347
f 3378/719/1039 3379/447/615 3380/495/937
f 3381/893/1357 3382/667/1358 3383/666/1359
f 3384/890/1348 3385/891/1349 3386/894/1360
f 3387/889/1347 3388/868/1361 3389/825/1248
f 3390/487/1362 3391/323/1363 3392/251/331
f 3393/895/1014 3394/618/874 3395/427/591
f 3396/456/626 3397/842/1364 3398/699/1009
f 3399/843/1279 3397/842/1278 3400/457/628
f 3401/817/1232 3402/845/1286 3403/813/1226
f 3402/845/1286 3404/896/1365 3405/886/1343
f 3406/896/1366 3402/845/1286 3407/868/1361
f 3402/845/1286 3408/817/1232 3407/868/1315
f 3409/752/1101 3410/775/1268 3411/871/1318
f 3412/871/1318 3410/775/1367 3413/837/1269
f 3413/837/1269 3414/897/1368 3412/871/1318
f 3415/893/1357 3416/847/1369 3417/667/1358
f 3418/825/1248 3419/822/1242 3420/862/1308
f 3418/825/1248 3420/862/1308 3421/889/1347
f 3421/889/1347 3422/898/1370 3423/896/1365
f 3424/827/1251 3425/816/1230 3426/879/1356
f 3426/879/1336 3427/850/1371 3428/899/1372
f 3429/850/1371 3426/879/1336 3430/816/1230
f 3431/787/1173 3432/900/1373 3433/608/860
f 3434/432/599 3435/431/598 3436/901/1374
f 3437/902/1025 3438/643/919 3439/445/613
f 3440/598/1375 3441/903/1376 3442/846/1288
f 3442/846/1377 3441/903/1376 3443/489/672
f 3440/598/1375 3444/745/1089 3441/903/1376
f 3445/537/803 3446/571/804 3447/864/1311
f 3448/330/444 3449/491/1378 3450/254/334
f 3451/904/1379 3452/666/1359 3453/669/961
f 3454/698/1008 3455/601/851 3456/575/810
f 3457/905/1380 3458/790/1184 3459/814/1227
f 3460/826/1249 3461/871/1318 3462/897/1368
f 3463/869/1316 3464/826/1249 3462/897/1368
f 3465/880/1337 3466/785/1285 3467/844/1282
f 3468/696/1006 3469/575/1123 3470/602/853
f 3471/877/1333 3472/835/1263 3473/906/1381
f 3473/906/1381 3472/835/1263 3474/875/1329
f 3475/905/1380 3476/814/1227 3477/887/1346
f 3478/907/1382 3479/790/1383 3480/905/1380
f 3481/554/1384 3482/583/824 3483/908/1385
f 3484/537/803 3485/864/1311 3486/843/1279
f 3487/571/804 3488/572/805 3485/864/1311
f 3489/584/1386 3490/655/1387 3491/585/827
f 3492/839/1272 3493/385/517 3494/386/518
f 3494/386/518 3495/565/1388 3496/840/1273
f 3497/909/1389 3496/840/1273 3498/565/795
f 3499/566/796 3500/909/1389 3495/565/795
f 3500/909/1389 3499/566/796 3501/910/1390
f 3499/566/796 3502/911/1391 3501/910/1390
f 3503/912/1392 3502/911/1393 3504/550/1394
f 3505/913/1395 3506/738/1396 3507/737/1397
f 3508/657/944 3509/474/1398 3510/893/1399
f 3511/913/1395 3512/914/1400 3513/738/1396
f 3514/868/1361 3515/889/1347 3516/896/1365
f 3517/879/1336 3518/899/1372 3519/889/1347
f 3520/889/1347 3521/899/1372 3522/898/1370
f 3523/435/602 3524/915/1401 3525/442/63
f 3523/435/602 3525/442/63 3526/436/260
f 3527/610/1402 3528/916/1402 3529/796/1402
f 3530/917/1403 3531/907/1382 3532/905/1380
f 3533/881/1404 3534/784/1405 3535/785/1170
f 3536/602/853 3537/614/869 3538/710/1067
f 3539/709/1071 3537/614/869 3540/586/829
f 3540/586/829 3541/603/854 3539/709/1071
f 3542/888/1406 3543/636/1407 3544/437/604
f 3545/918/1141 3543/636/1408 3546/888/1150
f 3547/833/1260 3548/810/1216 3549/540/1409
f 3550/833/1267 3551/540/1410 3552/810/1221
f 3553/876/1330 3554/820/1237 3555/874/1324
f 3556/312/1049 3557/616/1134 3558/884/1341
f 3559/919/1411 3558/884/1341 3560/616/872
f 3561/895/1014 3562/427/591 3563/618/1412
f 3564/807/1209 3565/820/1237 3566/876/1330
f 3567/874/1413 3568/920/1414 3566/876/1330
f 3568/920/1414 3567/874/1324 3569/921/1415
f 3570/922/1416 3571/923/1416 3572/923/1416
f 3570/922/1416 3572/923/1416 3573/922/1416
f 3574/922/1416 3575/923/1416 3576/923/1416
f 3575/923/1416 3574/922/1416 3577/922/1416
f 3578/874/1324 3579/803/1199 3580/924/1417
f 3581/925/1418 3582/926/1419 3583/927/1420
f 3583/927/1420 3584/469/641 3585/412/569
f 3583/927/1421 3586/695/852 3587/469/641
f 3583/927/1420 3588/926/1419 3589/695/1422
f 3590/911/1423 3591/566/796 3592/550/766
f 3593/875/1424 3594/876/1330 3595/928/1425
f 3595/928/1425 3594/876/1330 3596/920/1414
f 3597/906/1426 3598/875/1329 3599/928/1425
f 3600/618/874 3601/929/1013 3602/613/868
f 3603/904/1379 3604/669/961 3605/873/1321
f 3606/930/1427 3607/412/569 3608/454/623
f 3608/454/623 3609/931/1428 3606/930/1427
f 3607/412/568 3610/299/386 3611/454/623
f 3612/931/1428 3608/454/623 3613/836/1265
f 3614/836/1265 3615/932/1429 3609/931/1428
f 3616/232/825 3617/811/1220 3618/584/826
f 3619/735/1074 3620/711/1026 3621/656/943
f 3622/786/1172 3623/933/1430 3624/740/1080
f 3625/655/938 3626/754/1106 3627/265/347
f 3628/934/1431 3629/651/933 3630/611/863
f 3631/891/1432 3632/737/1433 3633/740/1080
f 3634/684/987 3635/935/1434 3636/936/1435
f 3637/937/1436 3638/917/1437 3639/905/1380
f 3640/897/1368 3641/837/1269 3642/878/1335
f 3643/938/1438 3640/897/1368 3642/878/1439
f 3644/786/1172 3645/939/1440 3646/933/1441
f 3647/430/1442 3648/940/1443 3649/429/595
f 3650/903/1376 3651/581/819 3652/489/672
f 3653/941/1444 3654/366/596 3655/631/896
f 3656/611/863 3654/366/596 3653/941/1444
f 3657/863/1125 3658/942/1445 3655/631/896
f 3658/942/1180 3659/943/1084 3660/941/1446
f 3661/942/1128 3660/941/1444 3662/631/896
f 3663/643/919 3664/942/1024 3665/605/1111
f 3666/541/753 3667/885/1342 3668/718/1038
f 3669/894/1447 3670/933/1448 3671/939/1448
f 3672/877/1333 3673/906/1381 3674/878/1335
f 3675/928/1425 3674/878/1335 3673/906/1426
f 3676/944/1449 3677/945/1450 3678/946/1451
f 3679/487/1362 3680/563/1298 3681/323/435
f 3682/745/1089 3683/671/1452 3684/947/1453
f 3685/938/1438 3686/870/1317 3687/897/1368
f 3688/948/1454 3686/870/1345 3685/938/1438
f 3689/887/1346 3690/870/1345 3691/948/1454
f 3692/945/1450 3693/874/1324 3694/924/1417
f 3695/554/1384 3696/294/1455 3697/580/818
f 3698/804/1456 3699/949/1457 3700/782/1458
f 3701/897/1368 3702/870/1345 3703/869/1316
f 3704/943/1459 3705/611/863 3706/941/1444
f 3707/734/1073 3708/534/743 3709/711/1102
f 3710/902/1025 3711/613/868 3712/929/1013
f 3711/613/868 3710/902/1025 3713/445/613
f 3714/442/1460 3715/940/1443 3716/430/597
f 3717/330/444 3718/615/871 3719/491/1461
f 3720/950/1462 3721/432/607 3722/901/1374
f 3721/432/599 3723/950/1462 3724/439/606
f 3725/787/1463 3726/951/1464 3727/900/1465
f 3728/893/1357 3729/952/1466 3730/847/1466
f 3731/944/1449 3732/946/1451 3733/953/1467
f 3734/954/1468 3735/905/1380 3736/887/1346
f 3737/572/805 3738/595/844 3739/621/878
f 3740/874/1324 3741/945/1450 3742/944/1449
f 3743/955/1469 3744/874/1324 3742/944/1449
f 3745/954/1468 3746/887/1346 3747/948/1454
f 3748/532/742 3749/795/1187 3750/533/741
f 3751/765/1147 3752/533/1470 3749/795/1187
f 3753/938/1438 3754/878/1471 3755/928/1425
f 3753/938/1438 3755/928/1425 3756/956/1472
f 3757/754/1106 3758/829/1255 3759/755/1107
f 3760/913/1395 3761/957/1473 3762/914/1473
f 3763/795/1474 3764/534/743 3765/734/1073
f 3766/532/740 3767/534/743 3763/795/1187
f 3768/713/1029 3769/601/941 3770/698/1008
f 3768/713/1029 3771/656/943 3769/601/941
f 3772/824/1246 3773/847/1290 3774/958/1475
f 3775/959/1112 3776/618/932 3777/651/933
f 3775/959/1034 3778/895/1014 3779/618/932
f 3780/937/1436 3781/960/1476 3782/961/1477
f 3783/473/1478 3784/893/1399 3785/474/1398
f 3786/575/1123 3787/696/1006 3788/698/1008
f 3789/928/1479 3790/920/1414 3791/956/1480
f 3791/956/1480 3790/920/1414 3792/962/1481
f 3793/894/1482 3794/891/1349 3795/933/1483
f 3796/963/1484 3797/961/1477 3798/960/1476
f 3799/893/1399 3800/844/1282 3801/657/944
f 3802/278/1485 3803/964/1485 3804/281/1485
f 3805/960/1476 3806/937/1436 3807/905/1380
f 3805/960/1476 3807/905/1380 3808/965/1486
f 3809/944/1449 3810/953/1467 3811/966/1487
f 3812/237/1488 3813/967/1489 3814/174/275
f 3815/567/1281 3816/174/228 3817/967/1489
f 3818/666/1359 3819/904/1490 3820/968/1491
f 3821/968/1491 3822/893/1492 3823/666/1359
f 3824/969/1493 3825/599/848 3826/970/1494
f 3827/971/1495 3828/285/1264 3829/371/1496
f 3830/948/1454 3831/938/1438 3832/956/1472
f 3833/962/1497 3830/948/1454 3832/956/1498
f 3834/480/657 3835/691/997 3836/417/576
f 3837/589/834 3838/439/606 3839/950/1462
f 3840/431/598 3841/545/1499 3842/901/1374
f 3843/844/1282 3844/893/1399 3845/972/1500
f 3846/888/1501 3847/605/1111 3848/942/1024
f 3849/902/1025 3848/942/1024 3850/643/919
f 3851/604/855 3852/783/1502 3853/770/1139
f 3854/614/869 3855/709/1071 3856/710/1067
f 3857/778/1503 3858/958/1504 3859/952/1505
f 3860/973/1506 3861/963/1484 3862/960/1476
f 3863/974/1507 3864/833/1260 3865/238/1508
f 3866/958/1475 3867/975/1509 3868/976/1510
f 3869/602/853 3870/710/1067 3871/696/1006
f 3872/603/854 3873/604/855 3874/757/1114
f 3875/604/855 3876/770/1139 3874/757/1114
f 3877/977/1511 3878/473/1512 3879/472/1513
f 3880/920/1414 3881/921/1415 3882/962/1481
f 3883/978/1514 3882/962/1481 3881/921/1515
f 3884/891/1432 3885/740/1080 3886/933/1516
f 3887/895/1014 3888/929/1013 3889/618/874
f 3890/979/1517 3891/980/1518 3892/981/1519
f 3892/981/1519 3891/980/1520 3893/982/1521
f 3894/983/1522 3895/984/1523 3896/985/1524
f 3894/983/1525 3897/986/1526 3895/984/1523
f 3898/905/1380 3899/954/1468 3900/965/1486
f 3901/978/1527 3900/965/1486 3899/954/1468
f 3902/978/1514 3903/954/1468 3904/962/1497
f 3903/954/1468 3905/948/1454 3904/962/1497
f 3906/987/1528 3907/988/1529 3908/989/1530
f 3909/988/1531 3910/987/1528 3911/990/1532
f 3912/991/1533 3913/986/1526 3914/983/1525
f 3912/991/1533 3915/992/1534 3913/986/1526
f 3916/982/1521 3917/980/1520 3918/992/1534
f 3919/982/1521 3920/992/1534 3921/991/1535
f 3922/980/1536 3923/979/1537 3924/993/1538
f 3925/978/1527 3926/921/1515 3927/955/1469
f 3926/921/1415 3928/874/1413 3927/955/1539
f 3929/735/1074 3930/656/943 3931/713/1029
f 3932/834/1540 3933/690/1540 3934/994/1541
f 3935/985/1524 3936/984/1523 3937/995/1542
f 3935/985/1524 3937/995/1542 3938/996/1543
f 3939/934/1086 3940/959/1112 3941/651/933
f 3942/865/1312 3943/883/1544 3944/977/1545
f 3945/997/1546 3946/578/814 3947/812/1224
f 3948/615/1547 3949/369/505 3946/578/814
f 3947/812/1224 3950/998/1548 3951/997/1549
f 3952/578/814 3951/997/1546 3953/615/1547
f 3954/999/1550 3955/854/1551 3956/856/1304
f 3957/603/854 3958/757/1114 3959/709/1552
f 3960/1000/955 3961/1001/1553 3962/1002/1554
f 3963/1003/1555 3964/1004/1556 3965/1005/1557
f 3966/1006/1558 3967/1002/1559 3968/1007/1560
f 3969/763/1167 3970/632/897 3971/712/1028
f 3972/429/595 3973/1008/1561 3974/229/298
f 3975/1006/1558 3976/1007/1560 3977/1002/1562
f 3978/639/910 3979/918/1141 3980/1009/1120
f 3981/1003/1555 3982/966/1487 3983/1004/1563
f 3982/966/1487 3981/1003/1555 3984/944/1564
f 3985/955/1539 3984/944/1449 3981/1003/1555
f 3986/737/1397 3987/1010/1565 3988/913/1395
f 3989/126/993 3990/1011/1566 3991/496/1567
f 3992/1000/1568 3993/1002/1569 3994/1001/1570
f 3995/737/1397 3996/891/1432 3997/1010/1565
f 3998/766/1165 3999/712/1028 4000/634/903
f 4001/1012/1571 4002/1013/1572 4003/1014/1573
f 4004/1015/1574 4005/1016/1575 4006/1017/1576
f 4007/985/1577 4008/996/1578 4009/995/1579
f 4007/985/1580 4009/995/1579 4010/984/1581
f 4011/984/1581 4012/983/1582 4013/985/1577
f 4012/983/1583 4011/984/1584 4014/986/1585
f 4015/960/1476 4016/1005/1586 4017/973/1506
f 4018/986/1585 4019/991/1587 4020/983/1583
f 4019/991/1587 4018/986/1585 4021/992/1588
f 4022/1016/1575 4023/1015/1589 4024/1017/1576
f 4025/982/1590 4026/992/1588 4027/980/1591
f 4028/992/1588 4029/982/1590 4030/991/1592
f 4031/846/1377 4032/599/848 4033/598/1375
f 4034/980/1593 4035/979/1594 4036/981/1595
f 4034/980/1591 4037/981/1595 4038/982/1590
f 4039/783/1502 4040/632/897 4041/761/1129
f 4042/1018/1596 4043/1014/1573 4044/1019/1597
f 4045/683/1598 4046/700/1599 4047/1020/1599
f 4048/979/1600 4049/980/1591 4050/993/1601
f 4051/957/1602 4052/473/1603 4053/977/1604
f 4054/734/1073 4055/711/1026 4056/735/1074
f 4057/960/1476 4058/1003/1555 4059/1005/1557
f 4058/1003/1555 4057/960/1476 4060/965/1486
f 4061/1021/1605 4062/122/1192 4063/798/1191
f 4064/943/1084 4065/934/1086 4066/611/863
f 4067/988/1606 4068/987/1607 4069/989/1608
f 4070/832/1258 4071/1010/1609 4072/891/1349
f 4073/866/1313 4074/1022/1610 4075/1023/1611
f 4076/1024/1612 4077/472/1513 4078/587/1613
f 4079/987/1607 4080/988/1614 4081/990/1615
f 4082/833/1267 4083/399/1616 4084/540/1410
f 4085/414/572 4086/882/1339 4087/1025/1617
f 4088/765/1147 4089/634/903 4090/533/741
f 4091/1026/1618 4092/936/1619 4093/935/1434
f 4092/936/1435 4094/480/657 4095/684/987
f 4096/949/1457 4097/804/1353 4098/372/1620
f 4099/1027/1621 4100/970/1622 4101/488/1287
f 4102/1018/1596 4103/1028/1623 4104/1029/1624
f 4105/412/568 4106/930/1427 4107/927/1420
f 4108/955/1469 4109/1003/1625 4110/965/1486
f 4111/978/1514 4108/955/1469 4110/965/1486
f 4112/583/824 4113/699/1009 4114/1030/1626
f 4115/900/1465 4116/951/1464 4117/365/1627
f 4118/824/1246 4119/1031/1628 4120/668/1629
f 4121/918/1141 4122/639/910 4123/636/1630
f 4124/1028/1623 4125/1018/1596 4126/1019/1597
f 4127/1032/1631 4128/399/1632 4129/833/1267
f 4130/215/1633 4131/399/1616 4127/1032/1631
f 4132/1012/1634 4133/1014/1635 4134/1013/1636
f 4135/971/1495 4136/836/1265 4137/285/922
f 4138/581/1637 4139/903/1376 4140/1033/1638
f 4141/819/1235 4142/580/818 4143/294/1455
f 4144/828/1253 4145/653/1639 4146/1034/1163
f 4147/582/1640 4148/563/1298 4149/852/1299
f 4149/852/1299 4150/1021/1605 4151/798/1191
f 4152/996/1543 4153/995/1542 4154/1001/1641
f 4155/996/1642 4154/1001/1553 4156/1000/955
f 4157/984/1643 4158/1035/1644 4153/995/1542
f 4157/984/1523 4159/1036/1645 4160/1035/1646
f 4161/1037/1647 4162/1029/1648 4163/1028/1623
f 4164/833/1260 4165/540/1649 4166/238/1508
f 4167/1018/1650 4168/1019/1651 4169/1014/1652
f 4170/278/1485 4171/278/1485 4172/964/1653
f 4173/1029/1648 4174/1037/1647 4175/1038/1654
f 4176/1039/1655 4175/1038/1656 4177/1037/1657
f 4178/653/935 4179/1009/1120 4180/1034/1163
f 4179/1009/1120 4181/653/935 4182/639/1658
f 4183/1028/1659 4184/1018/1660 4185/1029/1661
f 4186/1040/1662 4187/1041/1663 4188/1042/1664
f 4189/969/1493 4190/597/1665 4191/599/848
f 4192/1041/1663 4193/1040/1662 4194/1039/1655
f 4195/1038/1654 4194/1039/1655 4193/1040/1662
f 4196/1042/1664 4197/1043/1666 4198/1044/1667
f 4199/996/1578 4200/1001/1668 4201/995/1669
f 4202/996/1578 4203/1000/1568 4200/1001/1570
f 4204/1035/1670 4205/984/1581 4201/995/1579
f 4205/984/1581 4206/1035/1671 4207/1036/1672
f 4208/1043/1666 4209/1042/1664 4210/1041/1663
f 4211/300/1301 4212/849/1294 4213/497/1673
f 4213/497/1673 4212/849/1294 4214/1045/1674
f 4215/1043/1666 4216/1042/1675 4217/1044/1667
f 4218/587/1676 4219/658/1677 4220/1024/1612
f 4221/784/1168 4220/1024/1678 4219/658/1679
f 4222/1041/1680 4223/1040/1681 4224/1042/1682
f 4225/1018/1660 4226/1028/1659 4227/1019/1683
f 4228/1042/1682 4229/1043/1666 4230/1041/1680
f 4231/1046/1684 4232/389/561 4233/229/298
f 4234/1037/1685 4235/1029/1686 4236/1038/1687
f 4236/1038/1687 4237/1039/1688 4238/1037/1689
f 4239/497/1690 4240/1047/1691 4241/849/1293
f 4242/307/1692 4239/497/1690 4241/849/1293
f 4243/1040/1681 4244/1041/1680 4245/1039/1693
f 4245/1039/1688 4246/1038/1694 4243/1040/1695
f 4247/1029/1661 4248/1037/1689 4249/1028/1659
f 4250/985/1524 4251/1048/1696 4252/1049/1697
f 4253/1049/1697 4254/983/1698 4250/985/1524
f 4255/1050/1699 4256/987/1528 4257/1013/1572
f 4256/987/1528 4255/1050/1699 4258/990/1532
f 4259/1051/1700 4260/1013/1572 4256/987/1528
f 4261/686/1701 4262/553/1702 4263/686/1701
f 4264/873/1321 4265/872/1703 4266/1052/1704
f 4267/294/1455 4268/554/953 4269/908/1385
f 4270/1030/1626 4269/908/1385 4271/583/824
f 4272/1048/1696 4273/985/1524 4274/996/1543
f 4274/996/1543 4275/1053/1705 4276/1048/1696
f 4277/701/1706 4278/1031/1707 4279/872/1708
f 4280/880/1337 4281/972/1500 4282/1054/1709
f 4283/1000/955 4284/1002/1559 4285/1006/1558
f 4286/1053/1705 4285/1006/1558 4287/1055/1710
f 4285/1006/1558 4286/1053/1705 4288/1000/1711
f 4286/1053/1705 4289/996/1642 4288/1000/955
f 4290/865/1312 4291/1022/1610 4292/866/1313
f 4293/1056/1712 4294/1057/1713 4295/549/765
f 4296/1057/1714 4297/912/1392 4295/549/765
f 4298/861/1307 4299/882/1715 4300/433/600
f 4301/707/1716 4302/687/1717 4303/1058/1716
f 4304/1000/1568 4305/1006/1558 4306/1002/1569
f 4305/1006/1558 4307/1053/1718 4308/1055/1710
f 4307/1053/1718 4305/1006/1558 4309/1000/1568
f 4307/1053/1718 4309/1000/1719 4310/996/1578
f 4311/985/1577 4312/1049/1720 4313/1048/1721
f 4314/1049/1720 4311/985/1577 4315/983/1722
f 4316/904/1490 4317/873/1320 4318/1059/1723
f 4319/900/1724 4320/466/1725 4321/1060/1726
f 4322/608/1727 4323/900/1724 4321/1060/1726
f 4323/900/1724 4324/365/483 4325/466/1725
f 4326/609/1728 4322/608/1729 4327/1061/1730
f 4322/608/1727 4328/1060/1731 4329/1061/1730
f 4326/609/1728 4329/1061/1730 4330/1062/1732
f 4331/983/1522 4332/1049/1697 4333/1063/1733
f 4333/1063/1734 4334/991/1535 4331/983/1522
f 4335/996/1735 4336/1048/1721 4337/1053/1718
f 4338/1048/1721 4335/996/1578 4339/985/1577
f 4340/912/1392 4341/550/766 4342/549/765
f 4343/993/1736 4344/989/1737 4345/988/1531
f 4346/979/1517 4347/1064/1738 4344/989/1530
f 4348/863/1125 4349/828/1253 4350/1065/1162
f 4351/1066/1739 4352/1067/1740 4353/1068/1741
f 4354/1069/1742 4353/1068/1741 4352/1067/1740
f 4355/989/1530 4356/993/1736 4357/979/1743
f 4358/1064/1738 4357/979/1517 4359/1070/1744
f 4360/276/1745 4361/1071/1745 4362/848/1745
f 4363/994/1746 4364/690/1747 4365/1072/1748
f 4366/569/1747 4365/1072/1748 4364/690/1747
f 4365/1072/1748 4367/1054/1749 4363/994/1746
f 4368/1073/1750 4369/1074/1751 4370/1075/1558
f 4369/1074/1751 4368/1073/1750 4371/1076/712
f 4371/1076/1752 4368/1073/1750 4372/1077/1753
f 4371/1076/712 4373/1055/1710 4374/1074/1751
f 4372/1077/1753 4375/1053/1705 4376/1076/712
f 4373/1055/1710 4376/1076/712 4375/1053/1705
f 4377/1073/1754 4378/1075/1558 4379/1074/1751
f 4377/1073/1754 4379/1074/1751 4380/1076/1755
f 4380/1076/1755 4381/1077/1756 4377/1073/1754
f 4382/1055/1710 4380/1076/1755 4383/1074/1757
f 4384/1053/1718 4381/1077/1758 4385/1076/1755
f 4385/1076/1755 4382/1055/1710 4384/1053/1759
f 4386/1054/1760 4387/968/1491 4388/904/1379
f 4389/1078/1761 4390/1079/1762 4391/1080/1763
f 4390/1079/1764 4392/1081/1765 4393/1082/1766
f 4392/1081/1765 4394/1069/1767 4393/1082/1766
f 4395/983/1583 4396/1063/1768 4397/1049/1720
f 4396/1063/1769 4395/983/1582 4398/991/1587
f 4399/1083/1770 4400/1084/1771 4401/1085/1772
f 4402/1086/1773 4403/1087/1774 4404/1088/1775
f 4405/1083/1776 4406/1089/1777 4407/1084/1778
f 4408/1067/1779 4409/1066/1780 4410/1090/1781
f 4411/1087/1774 4412/1090/1775 4413/1088/1775
f 4414/881/1782 4415/880/1337 4416/1091/1783
f 4417/1092/1784 4418/1093/1503 4419/1094/1785
f 4420/1050/1786 4421/1013/1636 4422/987/1607
f 4420/1050/1786 4422/987/1607 4423/990/1615
f 4424/1013/1636 4425/1051/1787 4422/987/1607
f 4426/972/1500 4427/880/1337 4428/844/1101
f 4429/940/1788 4430/1008/1561 4431/429/1789
f 4432/1011/1566 4433/126/993 4434/689/994
f 4435/1095/1790 4436/991/1535 4437/1063/1734
f 4435/1095/1791 4438/982/1521 4439/991/1535
f 4440/442/1460 4441/915/1401 4442/940/1443
f 4443/1096/1792 4444/1097/1793 4445/1098/1794
f 4446/1080/1763 4447/1079/1764 4448/1099/1795
f 4447/1079/1764 4449/1082/1766 4448/1099/1795
f 4450/1082/1766 4451/1067/1740 4448/1099/1795
f 4452/829/1255 4453/915/1796 4454/435/1797
f 4455/632/897 4456/763/1130 4457/761/1129
f 4458/1098/1798 4459/1097/1799 4460/1096/1800
f 4461/1091/1801 4462/880/1337 4463/1054/1709
f 4464/1082/1766 4465/1069/1767 4466/1067/1740
f 4467/1032/1631 4468/1100/1802 4469/191/1803
f 4470/197/1804 4471/1101/1805 4472/974/1507
f 4473/1090/1781 4474/1066/1780 4475/1098/1794
f 4476/763/1167 4477/712/1028 4478/766/1165
f 4479/1102/1806 4480/1098/1794 4481/1066/1739
f 4482/1001/1641 4483/1103/1807 4484/1104/1808
f 4485/1098/1809 4486/1088/1775 4487/1090/1775
f 4488/1105/1810 4489/1106/1811 4490/855/1812
f 4491/1002/1559 4492/1104/1808 4493/1107/1813
f 4494/949/1457 4495/200/1814 4496/1100/1802
f 4497/766/1149 4498/634/903 4499/765/1147
f 4500/1080/1763 4501/1099/1815 4502/1108/1816
f 4503/1068/1741 4504/1109/1817 4505/1066/1780
f 4506/1110/1818 4507/1111/1505 4508/1112/1819
f 4509/1113/1820 4510/1114/1602 4511/1115/1821
f 4512/1054/1760 4513/904/1379 4514/1059/1723
f 4515/1007/1560 4516/1107/1813 4517/1116/1822
f 4518/989/1823 4519/993/1824 4520/988/1606
f 4521/1064/1825 4522/979/1826 4518/989/1608
f 4523/995/1827 4524/1103/1828 4525/1001/1553
f 4523/995/1542 4526/1035/1829 4524/1103/1828
f 4527/1088/1775 4528/1098/1798 4529/1102/1830
f 4530/1105/1810 4531/976/1510 4532/1106/1831
f 4533/986/1526 4534/1036/1645 4535/984/1523
f 4533/986/1526 4536/1117/1832 4537/1036/1645
f 4538/992/1534 4539/1117/1833 4540/986/1526
f 4541/1081/1765 4542/1068/1741 4543/1069/1767
f 4544/1002/1559 4545/1107/1813 4546/1007/1560
f 4547/1001/1553 4548/1104/1808 4549/1002/1559
f 4550/1007/1560 4551/1116/1822 4552/1107/1834
f 4553/201/1835 4554/951/1836 4555/1101/1837
f 4556/1118/1838 4557/1119/1839 4558/1087/1774
f 4559/1120/1840 4557/1119/1839 4560/1121/1841
f 4561/1122/1842 4562/1119/1843 4559/1120/1840
f 4563/1123/1844 4564/1122/1842 4559/1120/1840
f 4563/1123/1845 4565/1120/1840 4566/1124/1846
f 4566/1124/1846 4565/1120/1840 4567/1121/1841
f 4568/828/1253 4569/863/1284 4570/649/1309
f 4571/980/1520 4572/1125/1847 4573/992/1534
f 4574/992/1534 4575/1125/1847 4576/1117/1832
f 4577/993/1736 4575/1125/1847 4578/980/1518
f 4579/1126/1848 4580/1127/1849 4581/1128/1603
f 4582/1002/1569 4583/1007/1560 4584/1107/1834
f 4585/1002/1569 4586/1107/1834 4587/1104/1850
f 4588/993/1824 4589/989/1608 4590/979/1826
f 4590/979/1600 4591/1064/1851 4592/1070/1852
f 4593/952/1853 4594/958/1854 4595/847/1290
f 4596/1129/1855 4597/1088/1775 4598/1102/1830
f 4599/1014/1856 4600/1018/1596 4601/1012/1571
f 4602/1130/1857 4601/1012/1571 4603/1018/1596
f 4604/1131/1858 4605/1019/1597 4599/1014/1573
f 4606/683/1859 4607/675/1860 4608/675/1860
f 4609/1125/1847 4610/993/1736 4611/1132/1861
f 4612/988/1531 4613/1132/1861 4614/993/1736
f 4615/1013/1572 4616/1012/1571 4617/1050/1699
f 4618/1133/1862 4617/1050/1699 4619/1012/1571
f 4620/1134/1863 4621/1014/1573 4615/1013/1572
f 4622/1135/1864 4623/1131/1858 4620/1134/1863
f 4622/1135/1865 4624/1136/1866 4625/1137/1867
f 4626/1121/1841 4627/1119/1839 4628/1118/1838
f 4627/1119/1839 4629/1122/1868 4630/1138/1869
f 4628/1118/1870 4631/1087/1774 4632/1086/1871
f 4633/991/1872 4634/1095/1873 4635/1063/1768
f 4634/1095/1874 4636/991/1587 4637/982/1590
f 4638/1001/1570 4639/1002/1569 4640/1104/1850
f 4641/891/1349 4642/1010/1609 4643/1139/1875
f 4644/1001/1570 4645/1104/1850 4646/1103/1876
f 4647/1066/1780 4648/1109/1877 4649/1102/1806
f 4650/1093/1503 4651/1111/1505 4652/1110/1818
f 4653/1140/1878 4654/881/1782 4655/1091/1801
f 4656/1139/1879 4657/1010/1565 4658/891/1432
f 4659/1115/1880 4660/1114/1602 4661/1092/1881
f 4662/1132/1861 4663/988/1531 4664/1141/1882
f 4665/1129/1883 4666/1102/1806 4667/1109/1884
f 4668/1126/1848 4669/1142/1885 4670/1127/1849
f 4671/1083/1886 4672/1085/1887 4673/1084/1888
f 4674/1096/1889 4675/1098/1794 4676/1102/1806
f 4677/1114/1602 4678/1126/1890 4679/1128/1603
f 4680/990/1532 4681/1141/1882 4682/988/1531
f 4683/1089/1891 4684/1083/1892 4685/1084/1893
f 4686/1143/1894 4687/982/1521 4688/1095/1790
f 4689/1103/1895 4690/995/1579 4691/1001/1668
f 4690/995/1669 4689/1103/1895 4692/1035/1896
f 4693/1098/1809 4694/1096/1800 4695/1102/1830
f 4696/1110/1818 4697/1112/1819 4698/1144/1897
f 4699/824/1898 4700/1145/1899 4701/1146/1900
f 4702/222/1901 4703/368/1902 4704/368/1903
f 4705/1086/1871 4706/1088/1775 4707/1129/1855
f 4708/933/1904 4709/891/1349 4710/1147/1905
f 4711/589/1906 4712/950/1462 4713/623/881
f 4714/1024/1612 4715/784/1168 4716/1148/1907
f 4717/1149/1908 4718/990/1532 4719/1050/1699
f 4720/990/1532 4717/1149/1908 4721/1150/1909
f 4722/497/1910 4723/540/1911 4724/399/540
f 4725/497/1912 4726/1151/1913 4723/540/1911
f 4727/1151/1913 4728/810/1914 4723/540/1911
f 4727/1151/1913 4729/1152/1915 4728/810/1914
f 4729/1152/1915 4730/1153/1916 4731/692/1917
f 4732/1152/1915 4733/692/1918 4728/810/1914
f 4734/1153/1916 4735/564/1919 4733/692/1918
f 4736/1036/1672 4737/986/1585 4738/984/1581
f 4737/986/1585 4739/1036/1672 4740/1117/1920
f 4741/1117/1921 4742/992/1588 4743/986/1585
f 4744/1102/1830 4745/1096/1800 4746/1154/1922
f 4747/933/1516 4748/1147/1923 4749/891/1924
f 4750/828/1253 4751/1034/1163 4752/1065/1126
f 4753/1037/1657 4754/1155/1925 4755/1039/1655
f 4756/1156/1926 4757/1157/1926 4758/1158/1926
f 4759/1159/1926 4758/1158/1926 4757/1157/1926
f 4760/1158/1926 4761/1159/1926 4762/1157/1926
f 4760/1158/1926 4762/1157/1926 4763/1156/1926
f 4764/1046/1684 4765/861/1307 4766/389/561
f 4767/1160/1927 4768/1097/1793 4769/1096/1928
f 4770/1161/1929 4771/1102/1806 4772/1129/1883
f 4773/1041/1663 4774/1162/1575 4775/1043/1666
f 4776/1125/1930 4777/980/1591 4778/992/1588
f 4779/992/1588 4780/1117/1920 4781/1125/1930
f 4781/1125/1930 4782/993/1824 4783/980/1591
f 4784/1097/1931 4785/1160/1932 4786/1096/1933
f 4787/1102/1830 4788/1154/1934 4789/1129/1935
f 4790/1162/1575 4791/1041/1680 4792/1043/1666
f 4793/200/1936 4794/949/1457 4795/372/1620
f 4796/1050/1699 4797/1133/1862 4798/1149/1908
f 4799/1163/1937 4800/1039/1938 4801/1155/1925
f 4802/1070/1939 4803/981/1519 4804/1164/1940
f 4804/1164/1941 4805/981/1519 4806/1143/1942
f 4807/1143/1943 4805/981/1519 4808/982/1521
f 4809/219/1944 4810/381/1945 4811/381/1946
f 4812/478/1947 4811/381/1948 4810/381/1945
f 4813/464/1949 4814/368/1902 4815/1165/1949
f 4816/1018/1660 4817/1014/1652 4818/1012/1634
f 4819/1019/1683 4820/1131/1950 4817/1014/1951
f 4821/1130/1952 4822/1018/1660 4818/1012/1634
f 4823/951/1836 4824/201/1953 4825/365/1954
f 4826/993/1824 4827/1125/1930 4828/1132/1955
f 4829/982/1590 4830/1143/1956 4831/1095/1874
f 4832/1166/1331 4833/1096/1957 4834/1161/1929
f 4835/1167/1958 4836/1138/1959 4837/1122/1868
f 4838/1039/1693 4839/1163/1960 4840/1155/1961
f 4841/1155/1962 4842/1037/1689 4843/1039/1693
f 4844/1012/1571 4845/1130/1857 4846/1133/1862
f 4847/368/1963 4848/464/1949 4849/368/1903
f 4850/1168/1964 4851/1126/1848 4852/1113/1820
f 4851/1126/1848 4853/1114/1602 4852/1113/1965
f 4854/1169/1947 4855/381/1946 4856/478/1947
f 4857/1161/1966 4858/1096/1889 4859/1102/1806
f 4860/1093/1967 4861/1110/1818 4862/1094/1785
f 4862/1094/1785 4861/1110/1818 4863/1170/1968
f 4864/1171/1969 4865/1148/1907 4866/881/1970
f 4867/1105/1810 4868/854/1302 4869/1172/1971
f 4870/854/1302 4867/1105/1810 4871/855/1812
f 4872/1132/1972 4873/988/1606 4874/993/1824
f 4875/1012/1634 4876/1013/1636 4877/1050/1786
f 4878/1133/1973 4879/1012/1634 4877/1050/1974
f 4880/1014/1652 4881/1134/1975 4876/1013/1636
f 4882/1131/1950 4883/1135/1976 4881/1134/1975
f 4883/1135/1977 4884/1137/1978 4885/1136/1979
f 4886/1147/1980 4887/891/1349 4888/1139/1875
f 4889/988/1614 4890/1132/1972 4891/1141/1981
f 4892/1147/1923 4893/1139/1982 4894/891/1432
f 4895/981/1519 4896/1070/1939 4897/979/1537
f 4898/1130/1857 4899/1029/1648 4900/1173/1983
f 4901/1038/1654 4900/1173/1983 4902/1029/1624
f 4903/1174/1984 4904/1175/1985 4905/1086/1871
f 4906/1176/1986 4907/1040/1662 4908/1177/1987
f 4909/1051/1700 4910/989/1530 4911/1064/1738
f 4912/1178/1988 4913/1028/1623 4914/1179/1989
f 4915/1141/1981 4916/990/1615 4917/988/1606
f 4918/1155/1990 4919/1037/1647 4920/1178/1988
f 4921/1028/1623 4922/1178/1988 4919/1037/1657
f 4923/1180/1991 4924/1155/1990 4922/1178/1988
f 4925/1014/1573 4926/1134/1863 4927/1131/1858
f 4928/1135/1864 4929/1134/1863 4930/1051/1700
f 4931/1096/1800 4932/1181/1992 4933/1154/1922
f 4934/1131/1858 4935/1135/1865 4936/1137/1867
f 4937/1040/1993 4938/1176/1994 4939/1038/1654
f 4940/1019/1995 4941/1131/1858 4942/1182/430
f 4943/1137/1867 4942/1182/430 4941/1131/1858
f 4944/1149/1996 4945/1050/1786 4946/990/1997
f 4944/1149/1996 4947/990/1997 4948/1150/1998
f 4949/1183/1999 4950/392/2000 4951/682/2001
f 4952/1183/1999 4953/812/1224 4950/392/2000
f 4954/1059/1723 4955/873/1321 4956/1052/2002
f 4957/1126/1848 4958/1184/2003 4959/1142/2004
f 4960/1042/1664 4961/1177/2005 4962/1040/1993
f 4963/1013/1572 4964/1051/1700 4965/1134/2006
f 4966/1064/2007 4967/1085/1772 4964/1051/1700
f 4968/989/1530 4964/1051/1700 4969/987/2008
f 4970/1182/430 4971/1137/2009 4972/1185/2010
f 4973/1123/2011 4974/1167/1958 4975/1122/1842
f 4976/1186/2012 4974/1167/1958 4977/1123/1844
f 4978/1044/1667 4979/1187/2013 4980/1042/1664
f 4981/981/1595 4982/1070/1852 4983/1164/2014
f 4984/981/1595 4983/1164/2014 4985/1143/2015
f 4986/1143/2016 4987/982/1590 4984/981/1595
f 4988/1188/2017 4989/1189/2018 4990/1190/2019
f 4991/1081/1765 4992/1079/1764 4990/1190/2019
f 4990/1190/2020 4992/1079/1764 4993/1078/1761
f 4994/1179/1989 4995/1180/1991 4996/1178/1988
f 4997/1185/2010 4998/1136/1866 4999/1191/2021
f 4998/1136/1866 5000/1185/2022 5001/1137/1867
f 5002/1192/2023 5003/1166/1331 5004/1161/1929
f 5005/1040/1695 5006/1176/2024 5007/1177/2025
f 5008/1187/2026 5009/1044/1667 5010/1042/1682
f 5011/1133/1973 5012/1050/1786 5013/1149/1996
f 5014/1037/1685 5015/1155/1962 5016/1178/2027
f 5017/1178/2027 5018/1028/1659 5014/1037/2028
f 5019/1180/2029 5017/1178/2027 5020/1155/1961
f 5021/1019/1995 5022/1179/1989 5023/1028/1623
f 5024/1180/1991 5022/1179/1989 5025/1193/2030
f 5025/1193/2030 5026/1194/2031 5027/1180/2032
f 5028/1177/2033 5029/1042/1682 5030/1040/1681
f 5031/947/1453 5032/1033/1638 5033/903/2034
f 5034/542/2035 5035/675/1860 5036/675/1860
f 5035/675/1860 5034/542/2035 5037/542/2035
f 5036/675/1860 5038/683/1598 5039/683/1598
f 5040/700/1599 5039/683/1598 5038/683/1598
f 5041/1039/1655 5042/1163/1937 5043/1041/1663
f 5044/1162/1575 5045/1041/1663 5042/1163/1937
f 5046/1016/1575 5042/1163/1937 5047/1195/2036
f 5042/1163/1937 5048/1016/1575 5049/1162/1575
f 5048/1016/1575 5047/1195/2037 5050/1015/1589
f 5051/1176/2038 5052/1040/1695 5053/1038/1694
f 5054/1196/2039 5055/1197/2040 5056/1108/2041
f 5057/1198/2042 5058/1080/1763 5059/1108/1816
f 5060/745/1089 5061/947/1453 5062/903/1376
f 5063/1028/1659 5064/1178/2027 5065/1179/2043
f 5066/1163/1960 5067/1039/1693 5068/1041/1680
f 5069/1041/1680 5070/1162/1575 5066/1163/1960
f 5071/1016/1575 5066/1163/1960 5072/1162/1575
f 5066/1163/1960 5073/1016/1575 5074/1195/2044
f 5071/1016/1575 5075/1015/1574 5074/1195/2045
f 5076/191/1803 5077/215/2046 5078/1032/1631
f 5079/1130/1952 5080/1012/1634 5081/1133/1973
f 5082/1029/1661 5083/1130/1952 5084/1173/2047
f 5084/1173/2047 5085/1038/1687 5086/1029/1686
f 5087/1199/2048 5088/1113/1965 5089/1115/1821
f 5090/1200/2049 5091/464/1949 5092/1165/1949
f 5093/464/1949 5094/1200/2049 5095/635/2050
f 5096/1201/2051 5097/1027/1621 5098/581/2052
f 5099/1196/2039 5100/1108/2041 5101/1167/2053
f 5102/1138/2054 5101/1167/2053 5100/1108/2041
f 5103/1179/1989 5104/1019/1995 5105/1182/430
f 5106/1193/2030 5105/1182/430 5107/1185/2022
f 5107/1185/2022 5108/1191/2021 5109/1194/2031
f 5110/478/1947 5111/646/2055 5112/1169/1947
f 5113/1196/2056 5114/1108/1816 5115/1197/2057
f 5116/1070/1852 5117/981/1595 5118/979/1600
f 5119/1195/2037 5120/1163/1937 5121/1155/1925
f 5122/1202/2058 5123/1169/1947 5124/646/2059
f 5125/1025/1617 5126/1203/2060 5127/811/1220
f 5128/414/572 5125/1025/1617 5129/811/1220
f 5130/1068/2061 5131/1189/2062 5132/1204/2063
f 5133/1189/2062 5130/1068/1741 5134/1081/1765
f 5135/970/1622 5136/599/848 5137/488/671
f 5138/1180/2029 5139/1179/2043 5140/1178/2027
f 5141/247/2064 5142/379/2065 5143/379/2065
f 5144/1205/2066 5143/379/2065 5142/379/2065
f 5145/1019/1651 5146/1182/389 5147/1131/1950
f 5146/1182/389 5148/1137/2067 5147/1131/1950
f 5149/1179/2043 5150/1019/1683 5151/1028/1659
f 5149/1179/2043 5152/1180/2029 5153/1193/2068
f 5153/1193/2069 5154/1180/2070 5155/1194/2071
f 5156/1014/1951 5157/1131/1950 5158/1134/2072
f 5159/1195/2045 5160/1155/1962 5161/1163/1960
f 5162/497/1673 5163/1045/2073 5164/1151/2074
f 5165/655/1387 5166/584/826 5167/1206/2075
f 5168/989/1608 5169/1051/1787 5170/1064/1851
f 5171/1207/2076 5172/1078/1761 5173/1080/1763
f 5174/1207/2076 5175/1190/2019 5172/1078/1761
f 5175/1190/2019 5176/1189/2062 5177/1081/1765
f 5174/1207/2076 5178/1080/1763 5179/1208/2077
f 5180/668/1629 5181/1031/1628 5182/701/1706
f 5181/1031/1628 5183/1146/1900 5184/1209/2078
f 5185/274/2079 5186/492/2079 5187/422/2079
f 5188/1210/2080 5189/1166/1331 5190/1192/2081
f 5191/1141/1882 5192/990/1532 5193/1150/1909
f 5194/1211/2082 5193/1150/1909 5195/1149/1908
f 5196/1212/2083 5197/522/2084 5198/522/2084
f 5199/553/1702 5200/686/1701 5201/553/1702
f 5202/687/2085 5200/686/1701 5203/686/1701
f 5202/687/2085 5203/686/1701 5204/687/1717
f 5204/687/1717 5205/707/1716 5202/687/2086
f 5206/1182/389 5207/1185/2087 5208/1137/2067
f 5209/1131/1950 5210/1137/2067 5211/1135/1977
f 5212/1135/1976 5213/1051/1787 5214/1134/1975
f 5215/497/1690 5216/1151/2088 5217/1047/2089
f 5218/1110/1818 5219/1144/2090 5220/1213/2091
f 5221/1182/430 5222/1193/2030 5223/1179/1989
f 5224/1194/2092 5222/1193/2030 5225/1185/2010
f 5226/544/2093 5227/552/2094 5228/552/2094
f 5229/1008/2095 5230/1046/1684 5231/229/298
f 5230/1046/2096 5229/1008/1561 5232/1214/2097
f 5233/783/2098 5234/761/1129 5235/770/1139
f 5236/422/1238 5237/278/1238 5238/280/1238
f 5239/1185/2087 5240/1136/1979 5241/1137/2067
f 5240/1136/1979 5242/1185/2087 5243/1191/2099
f 5244/1013/1636 5245/1134/2072 5246/1051/1787
f 5247/1064/1825 5246/1051/1787 5248/1085/2100
f 5246/1051/1787 5249/989/1823 5250/987/1607
f 5251/1019/1651 5252/1179/2043 5253/1182/389
f 5253/1182/389 5254/1193/2069 5255/1185/2087
f 5256/1191/2099 5255/1185/2087 5257/1194/2101
f 5258/772/2102 5259/635/2050 5260/1200/2049
f 5261/1215/2103 5262/1208/2104 5263/1216/2105
f 5264/646/2059 5265/777/2106 5266/1202/2058
f 5267/1217/2107 5268/1086/1871 5269/1129/1855
f 5270/1148/1907 5271/784/1168 5272/881/1970
f 5273/1124/1846 5274/1121/1841 5275/1118/1838
f 5276/1218/2108 5277/1123/2011 5273/1124/2109
f 5278/1219/2110 5279/1218/2108 5273/1124/1846
f 5280/1220/2111 5281/1123/2011 5279/1218/2108
f 5282/1221/2112 5283/1222/2113 5280/1220/2111
f 5278/1219/2114 5284/1124/1846 5285/1223/2115
f 5284/1124/1846 5286/1118/1870 5287/1175/1985
f 5287/1175/1985 5286/1118/1870 5288/1086/1871
f 5289/592/840 5290/1224/2116 5291/806/2117
f 5292/1204/2063 5293/1109/2118 5294/1068/1741
f 5295/1029/1648 5296/1130/1857 5297/1018/2119
f 5298/1225/2120 5299/1133/1862 5296/1130/1857
f 5300/1091/1801 5301/1054/1709 5302/994/2121
f 5303/1226/2122 5304/1113/1965 5305/1199/2048
f 5306/635/2050 5307/772/2102 5308/772/2123
f 5309/1054/1760 5310/1059/1723 5311/994/2124
f 5312/1173/1983 5313/1038/1654 5314/1176/2125
f 5314/1176/2126 5315/1227/2127 5316/1173/1983
f 5317/1167/1958 5318/1186/2012 5319/1216/2128
f 5320/1196/2056 5321/1198/2129 5322/1108/1816
f 5323/1170/1968 5324/1110/1818 5325/1213/2091
f 5326/1208/2104 5327/1080/1763 5328/1198/2042
f 5329/1216/2105 5328/1198/2042 5330/1196/2056
f 5331/1216/2130 5332/1197/2040 5333/1196/2039
f 5334/958/1854 5335/1145/2131 5336/824/1898
f 5337/1228/2132 5338/488/671 5339/296/1099
f 5340/829/1255 5341/754/1106 5342/1229/2133
f 5343/1177/2005 5344/1042/1664 5345/1187/2013
f 5345/1187/2013 5346/1230/2134 5343/1177/1987
f 5347/1193/2069 5348/1182/389 5349/1179/2043
f 5347/1193/2069 5350/1194/2101 5351/1185/2087
f 5352/1216/2135 5353/1196/2056 5354/1197/2057
f 5355/1187/2013 5356/1044/1667 5357/1231/2136
f 5358/1231/2136 5359/1232/2137 5355/1187/2013
f 5360/389/525 5361/861/2138 5362/441/610
f 5361/861/1307 5363/1046/2096 5364/1233/2139
f 5365/1044/1667 5366/1187/2026 5367/1231/2136
f 5368/1232/2140 5369/1231/2136 5366/1187/2026
f 5370/1156/663 5371/1159/663 5372/1157/663
f 5371/1159/663 5370/1156/663 5373/1158/663
f 5374/1156/663 5375/1157/663 5376/1159/663
f 5374/1156/663 5376/1159/663 5377/1158/663
f 5378/482/2141 5379/1234/2142 5380/544/2143
f 5381/806/1223 5382/1224/2144 5383/592/852
f 5384/1023/1611 5385/1235/2145 5386/999/2146
f 5387/1116/1822 5388/1236/2147 5389/1237/2148
f 5390/1107/1813 5391/1238/2149 5392/1236/2150
f 5393/990/1615 5394/1141/1981 5395/1150/1998
f 5396/1211/2151 5397/1149/1996 5395/1150/1998
f 5398/1096/1800 5399/1166/2152 5400/1181/1992
f 5401/1166/2152 5402/1239/2153 5400/1181/1992
f 5401/1166/2152 5403/1240/2154 5404/1239/2155
f 5404/1239/2156 5405/1241/2157 5406/1242/2158
f 5407/1160/1932 5403/1240/2154 5408/1166/2152
f 5409/1160/1932 5410/1119/2159 5403/1240/2154
f 5411/1119/2160 5412/1243/2161 5403/1240/2154
f 5404/1239/2156 5413/1243/2161 5414/1241/2157
f 5413/1243/2161 5415/1239/2156 5416/1240/2154
f 5413/1243/2162 5417/1244/2163 5418/1241/2157
f 5418/1241/2157 5417/1244/2164 5419/1245/2165
f 5420/1042/1682 5421/1177/2025 5422/1187/2026
f 5423/1230/2166 5422/1187/2026 5421/1177/2025
f 5424/403/2167 5425/244/2168 5426/403/2167
f 5425/244/2168 5424/403/2167 5427/244/2168
f 5426/403/2167 5428/1246/2169 5424/403/2167
f 5429/1103/1807 5430/1247/2170 5431/1104/1808
f 5429/1103/1807 5432/1248/2171 5433/1247/2170
f 5434/1104/2172 5435/1247/2170 5436/1238/2149
f 5434/1104/1808 5437/1238/2173 5438/1107/1813
f 5439/1022/1610 5440/1235/2174 5441/1023/1611
f 5442/940/1788 5443/1249/2175 5444/1008/2176
f 5445/1184/2003 5446/1126/1848 5447/1168/1964
f 5448/1250/2177 5445/1184/2003 5447/1168/2178
f 5449/1236/2150 5450/1116/1822 5451/1107/1813
f 5452/1036/1645 5453/1251/2179 5454/1035/1829
f 5452/1036/1645 5455/1252/2180 5453/1251/2181
f 5456/1035/1646 5457/1251/2181 5458/1248/2182
f 5456/1035/1829 5458/1248/2171 5459/1103/1828
f 5460/1116/1822 5461/1237/2148 5462/1236/2183
f 5463/1246/2169 5464/403/2167 5465/467/2184
f 5466/379/2065 5467/1205/2066 5468/481/2185
f 5469/1253/2186 5470/977/1511 5471/472/2187
f 5472/1107/1834 5473/1116/1822 5474/1236/2188
f 5475/1038/1687 5476/1173/2047 5477/1176/2189
f 5478/1227/2190 5477/1176/2191 5479/1173/2047
f 5480/1216/2128 5481/1196/2039 5482/1167/1958
f 5483/1254/2192 5484/1132/2193 5485/1255/2194
f 5486/1132/1861 5487/1254/2192 5488/1125/1847
f 5488/1125/1847 5489/1254/2192 5490/1117/1832
f 5490/1117/1832 5487/1254/2192 5491/1252/2180
f 5492/1117/1832 5491/1252/2180 5493/1036/1645
f 5494/1181/1992 5495/1239/2153 5496/1256/2195
f 5497/1257/2196 5498/933/1441 5499/939/1440
f 5500/1253/2186 5501/865/1312 5502/977/1511
f 5503/1107/1834 5504/1236/2188 5505/1238/2197
f 5506/1258/2198 5507/1259/2199 5508/1197/2040
f 5509/1260/2200 5510/865/1312 5511/1253/2186
f 5512/1130/1952 5513/1029/1661 5514/1018/1660
f 5515/1225/2201 5512/1130/1952 5516/1133/1973
f 5517/1141/1882 5518/1255/2194 5519/1132/1861
f 5520/1259/2202 5521/1258/2203 5522/1197/2204
f 5523/1255/2194 5524/1141/1882 5525/1261/2205
f 5526/1104/1850 5527/1107/1834 5528/1238/2206
f 5526/1104/1850 5529/1238/2197 5530/1247/2207
f 5531/1198/2129 5532/1216/2135 5533/1208/2077
f 5534/1145/2131 5535/958/1475 5536/976/1510
f 5537/1250/2208 5538/1168/1964 5539/1226/2122
f 5539/1226/2122 5538/1168/2178 5540/1113/1965
f 5541/1261/2205 5542/1150/1909 5543/1262/2209
f 5544/1150/1909 5545/1261/2205 5546/1141/1882
f 5547/1247/2207 5548/1103/1876 5549/1104/1850
f 5548/1103/1895 5550/1247/2207 5551/1248/2210
f 5552/1147/1980 5553/1139/2211 5554/916/2212
f 5555/1027/1621 5556/1201/2213 5557/1263/2214
f 5558/1253/2186 5559/472/2187 5560/1024/1678
f 5561/1147/1923 5562/916/2215 5563/1139/1879
f 5564/1035/1671 5565/1248/2216 5566/1251/2217
f 5565/1248/2216 5564/1035/1896 5567/1103/1876
f 5568/811/1220 5569/1206/2075 5570/584/1386
f 5571/1264/2218 5572/1265/2218 5573/1266/2218
f 5574/1251/2217 5575/1036/1672 5576/1035/1896
f 5575/1036/1672 5574/1251/2219 5577/1252/2220
f 5578/1150/1909 5579/1211/2082 5580/1262/2221
f 5581/1243/2222 5582/1119/2223 5583/1240/2224
f 5584/1119/2223 5585/1160/1927 5583/1240/2224
f 5586/1166/1331 5583/1240/2224 5587/1160/2225
f 5588/1210/2226 5589/1240/2224 5586/1166/2227
f 5590/1243/2228 5588/1210/2229 5591/1241/2230
f 5592/1210/2080 5590/1243/2222 5593/1240/2224
f 5594/1244/2231 5590/1243/2222 5595/1241/2230
f 5596/1245/2232 5594/1244/2233 5595/1241/2230
f 5597/1244/2233 5596/1245/2234 5598/1267/2235
f 5597/1244/2233 5599/1268/2236 5600/1269/2237
f 5601/1267/2238 5599/1268/2236 5602/1244/2233
f 5603/1119/2239 5600/1269/2240 5604/1270/2241
f 5605/1160/1927 5603/1119/2239 5606/1097/2242
f 5603/1119/2239 5581/1243/2228 5607/1269/2237
f 5608/1259/2202 5607/1269/2240 5609/1268/2236
f 5607/1269/2240 5610/1259/2202 5611/1270/2243
f 5612/1271/1751 5613/1272/1751 5614/1273/1751
f 5613/1272/1751 5612/1271/1751 5615/1274/1751
f 5616/1271/1751 5617/1272/1751 5618/1274/1751
f 5617/1272/1751 5616/1271/1751 5619/1273/1751
f 5620/1154/1922 5621/1181/1992 5622/1275/2244
f 5623/688/991 5624/748/1094 5625/689/1096
f 5625/689/994 5626/749/1095 5627/1011/1566
f 5628/1222/2113 5629/1216/2130 5630/1186/2012
f 5631/1217/2245 5632/1161/2246 5633/1129/1883
f 5634/1145/1899 5635/976/1510 5636/1105/1810
f 5637/1254/2247 5638/1132/1955 5639/1125/1930
f 5640/1254/2247 5639/1125/1930 5641/1117/1920
f 5641/1117/1921 5642/1252/2220 5637/1254/2247
f 5642/1252/2220 5643/1117/1920 5644/1036/1672
f 5645/1276/2248 5646/1149/1908 5647/1133/1862
f 5648/1174/1984 5649/1086/1871 5650/1217/2107
f 5651/1197/2040 5652/1216/2128 5653/1258/2249
f 5654/1260/2200 5655/1022/1610 5656/865/1312
f 5657/1132/1955 5658/1254/2247 5659/1255/2250
f 5660/1268/2251 5661/1259/2199 5662/1258/2249
f 5663/525/2252 5664/467/2184 5665/525/2252
f 5666/882/1339 5667/1203/2253 5668/1025/1617
f 5669/1258/2198 5670/1216/2130 5671/1277/2254
f 5672/1259/2202 5673/1268/2255 5674/1258/2203
f 5675/1216/2256 5676/1197/2057 5677/1258/2203
f 5678/481/2185 5679/482/2141 5680/482/2141
f 5681/1133/1862 5682/1225/2120 5683/1276/2248
f 5684/1255/2250 5685/1141/1981 5686/1132/1955
f 5687/1172/2257 5688/854/1302 5689/999/2258
f 5690/1216/2135 5691/1258/2259 5692/1277/2260
f 5693/1257/2261 5694/1147/1923 5695/933/1516
f 5696/994/2262 5697/1278/2262 5698/834/2262
f 5699/1228/2263 5700/296/673 5701/1279/2264
f 5702/881/2265 5703/1140/2266 5704/1171/2265
f 5705/1141/1981 5706/1255/2250 5707/1261/2267
f 5708/1173/1983 5709/1225/2120 5710/1130/1857
f 5711/1146/1900 5712/1031/1628 5713/824/1246
f 5714/1280/2268 5715/1170/1968 5716/1281/2269
f 5717/1094/1785 5715/1170/1968 5718/1282/2270
f 5719/1280/2268 5718/1282/2270 5720/1170/1968
f 5721/1150/1998 5722/1261/2267 5723/1262/2271
f 5724/1261/2267 5725/1150/1998 5726/1141/1981
f 5727/1277/2272 5728/1268/2255 5729/1267/2235
f 5728/1268/2255 5727/1277/2272 5730/1258/2259
f 5731/1052/2273 5732/872/2274 5733/1283/2275
f 5734/1268/2251 5735/1284/2276 5417/1244/2164
f 5736/1244/2164 5737/1269/2277 5734/1268/2278
f 5736/1244/2164 5738/1284/2279 5739/1245/2165
f 5737/1269/2277 5740/1119/2160 5741/1270/2280
f 5740/1119/2160 5742/1160/1932 5743/1097/2281
f 5744/1268/2251 5745/1277/2254 5738/1284/2282
f 5745/1277/2254 5744/1268/2278 5746/1258/2249
f 5740/1119/2159 5747/1269/2277 5412/1243/2162
f 5748/1259/2199 5747/1269/2277 5749/1270/2283
f 5747/1269/2277 5750/1259/2284 5751/1268/2251
f 5752/1192/2023 5753/1161/1929 5754/1217/2285
f 5755/1285/2286 5756/939/1448 5757/933/1448
f 5758/1285/2287 5759/933/1904 5760/1147/1905
f 5761/1220/2288 5762/1186/2012 5763/1123/2011
f 5764/1089/2289 5765/1083/1770 5766/1286/2290
f 5767/1211/2151 5768/1150/1998 5769/1262/2291
f 5770/872/1708 5771/1031/1628 5772/1283/2292
f 5773/1213/2091 5774/1287/2293 5775/1288/2294
f 5776/1213/2091 5777/1144/2090 5774/1287/2295
f 5778/1276/2296 5779/1133/1973 5780/1149/1996
f 5781/977/1545 5782/883/1340 5783/1289/2297
f 5784/915/1401 5785/1229/2133 5786/1290/2298
f 5784/915/1796 5787/829/1255 5785/1229/2133
f 5788/1083/1770 5789/1070/1939 5790/1286/2299
f 5790/1286/2300 5789/1070/1939 5791/1164/1940
f 5792/1286/2300 5791/1164/1940 5793/1291/2301
f 5794/1083/1776 5795/1064/1738 5789/1070/1939
f 5795/1064/1738 5794/1083/1770 5796/1085/2302
f 5797/1292/2303 5798/1293/2303 5799/1264/2303
f 5800/1071/1745 5801/276/1745 5802/277/1745
f 5803/655/1387 5804/1229/2133 5805/754/1106
f 5806/915/1401 5807/1249/2175 5808/940/1443
f 5809/1225/2201 5810/1133/1973 5811/1276/2296
f 5812/1225/2201 5813/1173/2047 5814/1130/1952
f 5815/1229/2133 5816/655/1387 5817/1206/2075
f 5818/522/2084 5819/1212/2083 5820/523/2304
f 5821/1249/2175 5822/915/1401 5823/1290/2305
f 5824/1021/1605 5825/574/2306 5826/122/1192
f 5827/564/2307 5828/1153/2308 5829/692/2309
f 5829/692/2310 5830/1152/2311 5831/810/2312
f 5831/810/2312 5832/1151/2313 5833/540/2314
f 5831/810/2312 5834/1152/2311 5832/1151/2313
f 5833/540/2314 5835/1151/2313 5836/497/2315
f 5837/692/2316 5838/1153/2308 5834/1152/2311
f 5839/1083/1886 5840/1089/2317 5841/1286/2318
f 5842/525/2252 5843/523/2304 5844/1212/2083
f 5845/238/1508 5846/197/1804 5847/974/1507
f 5848/1253/2186 5849/1024/1612 5850/1294/2319
f 5851/842/1364 5852/1295/2320 5853/699/1009
f 5851/842/1364 5854/843/1279 5855/1296/2321
f 5856/1053/1705 5857/1077/1753 5858/1048/1696
f 5859/1077/1753 5860/1049/1697 5858/1048/1696
f 5861/777/2102 5862/1202/2058 5863/777/2322
f 5863/777/2322 5864/841/2323 5861/777/2102
f 5865/1149/1908 5866/1276/2248 5867/1211/2082
f 5868/1276/2248 5869/1297/2324 5867/1211/2082
f 5870/1070/1852 5871/1083/2325 5872/1286/2326
f 5870/1070/1852 5872/1286/2318 5873/1164/216
f 5873/1164/216 5874/1286/2327 5875/1291/2328
f 5876/1064/1851 5877/1083/1886 5870/1070/2329
f 5876/1064/1825 5878/1085/2330 5877/1083/2325
f 5879/368/1902 5880/222/1901 5881/222/1901
f 5882/219/1944 5883/381/1946 5884/219/1944
f 5885/467/2331 5886/525/2252 5887/1246/2169
f 5888/1181/1992 5889/1256/2195 5890/1275/2244
f 5891/1077/1756 5892/1053/1718 5893/1048/1721
f 5894/1077/1756 5893/1048/1721 5895/1049/1720
f 5896/1205/2066 5897/482/2141 5898/481/2185
f 5899/574/2332 5900/1021/1605 5901/1298/2333
f 5902/1299/2334 5903/1177/1987 5904/1230/2335
f 5904/1230/2335 5905/1300/2336 5906/1299/2334
f 5907/379/2065 5908/247/2337 5909/247/2064
f 5910/1230/2335 5911/1187/2013 5912/1232/2137
f 5912/1232/2137 5913/1301/2338 5910/1230/2134
f 5914/548/764 5915/567/797 5916/1302/2339
f 5917/916/2340 5918/610/2341 5919/1303/2342
f 5919/1303/2342 5920/1139/2343 5917/916/2340
f 5921/1010/2344 5920/1139/2343 5922/1304/2345
f 5923/1232/2137 5924/1231/2136 5925/1305/2346
f 5926/1305/2346 5927/1306/2347 5923/1232/2137
f 5928/1272/2348 5929/1274/2348 5930/1271/2348
f 5928/1272/2348 5930/1271/2348 5931/1273/2348
f 5932/1273/2348 5933/1271/2348 5934/1272/2348
f 5934/1272/2348 5933/1271/2348 5935/1274/2348
f 5936/781/2349 5937/717/1037 5938/1307/2350
f 5939/1308/2351 5940/781/2349 5938/1307/2350
f 5941/1309/1939 5939/1308/2351 5942/1307/2350
f 5943/1231/2136 5944/1232/2140 5945/1305/2346
f 5946/1306/2352 5947/1305/2346 5944/1232/2140
f 5948/1146/1900 5949/1145/1899 5950/1209/2078
f 5951/1310/2353 5952/1184/2003 5953/1250/2208
f 5953/1250/2177 5954/1311/2354 5951/1310/2353
f 5955/1187/2026 5956/1230/2355 5957/1232/2140
f 5958/1301/2356 5957/1232/2140 5956/1230/2166
f 5959/673/2357 5960/633/2358 5961/1312/2359
f 5962/1313/2360 5963/1204/2063 5964/1189/2018
f 5965/1294/2319 5966/1024/1612 5967/1148/1907
f 5968/1171/1969 5969/1314/2361 5967/1148/1907
f 5970/699/1009 5971/1295/2320 5972/1030/1626
f 5973/1236/2147 5974/1315/2362 5975/1316/2363
f 5976/1238/2149 5977/1315/2362 5978/1236/2147
f 5979/1238/2173 5980/1317/2364 5981/1315/2362
f 5982/1225/2120 5983/1173/1983 5984/1227/2365
f 5985/1227/2365 5986/1318/2366 5982/1225/2120
f 5987/1319/2367 5982/1225/2120 5988/1318/2366
f 5989/1276/2296 5990/1149/1996 5991/1211/2151
f 5992/1297/2368 5993/1276/2296 5991/1211/2151
f 5994/1177/2025 5995/1299/2369 5996/1230/2166
f 5997/1300/2370 5996/1230/2355 5998/1299/2371
f 5999/1253/2186 6000/1320/2372 6001/1260/2200
f 6002/1239/2156 6003/1242/2373 6004/1256/2374
f 6005/1316/2363 6006/1237/2148 6007/1236/2375
f 6008/1237/2148 6009/1316/2363 6010/1321/2376
f 6011/1056/2377 6012/549/765 6013/547/763
f 6014/1266/2378 6015/1322/2378 6016/1323/2378
f 6017/1324/2379 6018/919/2380 6019/616/872
f 6020/1247/2170 6021/1317/2364 6022/1238/2149
f 6020/1247/2170 6023/1325/2381 6021/1317/2364
f 6024/1248/2182 6023/1325/2381 6020/1247/2170
f 6025/1248/2182 6026/1326/2382 6023/1325/2381
f 6027/1236/2383 6028/1237/2148 6029/1316/2384
f 6030/1237/2148 6031/1321/2376 6032/1316/2384
f 6033/1236/2183 6034/1316/2384 6035/1315/2385
f 6036/1315/2385 6037/1238/2197 6038/1236/2188
f 6039/1233/2386 6040/882/1715 6041/861/2138
f 6042/1327/2387 6043/1328/2387 6044/1292/2387
f 6045/1172/2257 6046/999/1550 6047/1329/2388
f 6048/1223/2115 6049/1175/1985 6050/1174/1984
f 6051/1238/2197 6052/1315/2385 6053/1317/2389
f 6054/1330/2390 6055/1216/2135 6056/1277/2260
f 6057/1331/2391 6058/1216/2130 6059/1222/2113
f 6060/1222/2113 6061/1186/2012 6062/1220/2288
f 6063/1330/2390 6064/1215/2392 6065/1216/2135
f 6066/1332/2162 6067/1145/1899 6068/1105/1810
f 6069/1317/2393 6070/1247/2207 6071/1238/2197
f 6070/1247/2207 6069/1317/2393 6072/1325/2394
f 6072/1325/2394 6073/1248/2216 6070/1247/2207
f 6074/1248/2210 6072/1325/2394 6075/1326/2395
f 6076/1227/2127 6077/1176/1994 6078/1299/2396
f 6079/1177/1987 6080/1299/2396 6077/1176/1994
f 6081/1318/2366 6076/1227/2127 6082/1333/2397
f 6081/1318/2398 6083/1334/2399 6084/1319/2367
f 6085/1335/2400 6086/1190/2019 6087/1207/2401
f 6088/1320/2372 6089/1253/2186 6090/1294/2402
f 6091/1204/2063 6092/1336/2403 6093/1109/1884
f 6094/1173/2047 6095/1225/2201 6096/1227/2404
f 6097/1318/2405 6098/1227/2190 6095/1225/2201
f 6095/1225/2201 6099/1319/2406 6100/1318/2405
f 6101/1283/2292 6102/1031/1707 6103/1337/2407
f 6104/1260/2200 6105/1338/2408 6106/1022/1610
f 6107/729/2409 6108/1339/2410 6109/515/2411
f 6110/1154/1922 6111/1336/2412 6112/1129/1855
f 6113/1281/2269 6114/1170/1968 6115/1213/2091
f 6116/1340/2413 6117/1280/2268 6113/1281/2269
f 6118/777/2414 6119/841/2323 6120/841/2323
f 6121/1129/1883 6122/1109/1884 6123/1336/2403
f 6124/482/2141 6125/1234/2415 6126/482/2141
f 6127/1223/2416 6128/1124/1846 6129/1175/1985
f 6130/1341/2417 6131/1147/1905 6132/916/2212
f 6133/1176/2038 6134/1227/2190 6135/1299/2371
f 6136/1299/2371 6137/1177/2025 6133/1176/2189
f 6134/1227/2404 6138/1318/2418 6139/1333/2419
f 6140/1334/2420 6138/1318/2405 6141/1319/2406
f 6142/523/2421 6143/525/2252 6144/525/2252
f 6145/1342/2422 6146/747/2423 6147/892/1352
f 6146/747/2423 6148/1342/2424 6149/1343/2425
f 6150/1254/2192 6151/1344/2426 6152/1252/2427
f 6150/1254/2192 6153/1345/2428 6151/1344/2426
f 6154/1255/2194 6153/1345/2428 6150/1254/2192
f 6154/1255/2194 6155/1346/2429 6153/1345/2428
f 6156/1346/2429 6154/1255/2194 6157/1261/2205
f 6158/1252/2427 6151/1344/2426 6159/1347/2430
f 6158/1252/2180 6159/1347/2431 6160/1251/2181
f 6160/1251/2179 6161/1326/2382 6162/1248/2171
f 6160/1251/2181 6163/1347/2432 6161/1326/2382
f 6164/1261/2205 6165/1348/2433 6156/1346/2429
f 6165/1348/2433 6164/1261/2205 6166/1262/2221
f 6167/1211/2082 6165/1348/2433 6168/1262/2209
f 6169/1008/2434 6170/1249/2175 6171/1214/2097
f 6172/1349/2435 6173/916/2215 6174/1147/1923
f 6175/1337/2407 6176/1031/1628 6177/1209/2078
f 6178/1209/2078 6179/1145/1899 6180/1332/2162
f 6181/967/1489 6182/1302/2339 6183/567/797
f 6184/1350/2436 6185/1210/2437 6186/1192/2023
f 6187/1333/2397 6188/1299/2396 6189/1300/2336
f 6190/1224/2116 6191/1351/2438 6192/806/2117
f 6193/1277/2254 6194/1216/2439 6195/1331/2440
f 6196/1299/2396 6197/1333/2397 6198/1227/2127
f 6199/1250/2177 6200/1352/2441 6201/1353/2442
f 6200/1352/2443 6202/1226/2122 6203/1354/2444
f 6203/1354/2444 6202/1226/2445 6204/1199/2048
f 6205/1140/1878 6206/1091/1783 6207/1355/2446
f 6208/1306/2347 6209/1305/2346 6210/1356/2447
f 6211/1357/2448 6212/1171/2265 6213/1140/2266
f 6214/1234/2415 6215/552/2094 6216/544/2093
f 6217/811/1220 6218/1203/2253 6219/1206/2075
f 6220/1305/2346 6221/1306/2352 6222/1356/2447
f 6223/830/2449 6224/772/2123 6225/772/2102
f 6225/772/2102 6226/830/2449 6223/830/2449
f 6227/1203/2450 6228/882/1715 6229/1233/2139
f 6230/1299/2371 6231/1333/2419 6232/1300/2451
f 6233/1324/2379 6234/616/1136 6235/769/1137
f 6236/1358/2452 6237/1324/2379 6235/769/1135
f 6238/1333/2419 6239/1299/2371 6240/1227/2190
f 6241/1326/2395 6242/1251/2217 6243/1248/2210
f 6242/1251/2217 6241/1326/2395 6244/1347/2453
f 6245/1347/2454 6246/1252/2220 6242/1251/2217
f 6246/1252/2220 6245/1347/2455 6247/1344/2456
f 6247/1344/2457 6248/1254/2247 6249/1252/2220
f 6248/1254/2247 6247/1344/2457 6250/1345/2458
f 6250/1345/2459 6251/1255/2250 6248/1254/2247
f 6251/1255/2250 6250/1345/2459 6252/1346/2460
f 6253/1346/2460 6254/1261/2267 6251/1255/2250
f 6255/1348/2461 6256/1261/2267 6253/1346/2460
f 6255/1348/2462 6257/1262/2291 6256/1261/2267
f 6255/1348/2461 6258/1211/2151 6259/1262/2291
f 6260/1351/2463 6261/1224/2144 6262/806/1223
f 6263/1359/2464 6264/1105/1810 6265/1172/2257
f 6266/1360/2465 6267/999/2146 6268/1235/2174
f 6269/1320/2466 6270/1338/2408 6271/1260/2200
f 6272/1264/2467 6273/1293/2467 6274/1265/2467
f 6275/1314/2361 6276/1361/2468 6277/1148/1907
f 6278/1275/2244 6279/1336/2412 6280/1154/1934
f 6281/1332/2162 6282/1105/1810 6283/1359/2469
f 6284/1355/2470 6285/1059/1723 6286/1362/2471
f 6287/1362/2472 6288/1059/1723 6289/1052/2002
f 6290/1056/1712 6291/547/763 6292/1302/2339
f 6293/1046/1684 6294/1214/2097 6295/1233/2386
f 6296/1363/2473 6297/1129/1883 6298/1336/2474
f 6299/1355/2446 6300/994/2121 6301/690/2475
f 6302/994/2124 6303/1355/2470 6304/690/2476
f 6305/200/2477 6306/191/1803 6307/1100/1802
f 6308/1336/2412 6309/1363/2478 6310/1129/1935
f 6311/1358/2452 6312/769/1135 6313/839/1272
f 6314/1352/2441 6315/1250/2177 6316/1226/2122
f 6317/1336/2403 6318/1204/2063 6319/1313/2360
f 6320/1364/2479 6321/1320/2372 6322/1294/2319
f 6323/1101/1805 6324/197/2480 6325/201/1953
f 6326/1365/2481 6327/1209/2078 6328/1332/2162
f 6329/1172/1971 6330/1329/2388 6331/1359/2464
f 6332/999/2482 6333/1366/2483 6334/1329/2484
f 6335/1361/2468 6336/1294/2319 6337/1148/1907
f 6335/1361/2468 6338/1364/2479 6336/1294/2402
f 6339/1302/2485 6340/547/763 6341/548/1090
f 6342/1338/2408 6343/1320/2372 6344/1364/2479
f 6345/781/2486 6346/563/790 6347/487/2487
f 6348/1348/2433 6349/1211/2082 6350/1297/2488
f 6351/1297/2324 6352/1367/2489 6348/1348/2433
f 6352/1367/2489 6353/1297/2324 6354/1368/2490
f 6353/1297/2488 6355/1276/2248 6356/1319/2367
f 6357/1225/2120 6358/1319/2491 6355/1276/2248
f 6354/1368/2490 6359/1319/2367 6360/1334/2399
f 6361/1319/2367 6354/1368/2490 6362/1297/2324
f 6363/1300/2492 6364/1230/2335 6365/1301/2338
f 6365/1301/2338 6366/1369/2493 6367/1300/2492
f 6368/1301/2338 6369/1232/2137 6370/1306/2347
f 6370/1306/2347 6371/1370/2494 6368/1301/2338
f 6372/1022/1610 6373/1338/2408 6374/1235/2174
f 6375/1371/2495 6374/1235/2145 6373/1338/2408
f 6376/1223/2416 6377/1174/1984 6378/1217/2107
f 6379/1232/2140 6380/1301/2356 6381/1306/2352
f 6382/1370/2496 6381/1306/2352 6380/1301/2356
f 6383/1341/2417 6384/916/2212 6385/610/2497
f 6386/1263/2214 6387/1372/2498 6388/970/1622
f 6389/1027/1621 6390/1263/2214 6388/970/1494
f 6391/1335/2400 6392/1188/2017 6393/1190/2019
f 6394/1230/2355 6395/1300/2370 6396/1301/2356
f 6397/1369/2499 6396/1301/2356 6398/1300/2370
f 6399/1245/2165 6400/1284/2282 6401/1373/2500
f 6402/1349/2435 6403/610/2501 6404/916/2215
f 6405/260/2502 6406/1374/2502 6407/275/2502
f 6408/1375/2503 6409/1321/2376 6410/1376/2504
f 6411/1355/2505 6412/1091/1783 6413/994/2506
f 6414/1377/2507 6411/1355/2505 6415/690/2475
f 6416/1376/2508 6417/1316/2363 6418/1378/2509
f 6419/1378/2509 6420/1315/2362 6421/1379/2510
f 6422/491/1461 6423/615/871 6424/788/2511
f 6425/1376/2512 6426/1321/2376 6427/1375/2503
f 6428/304/2513 6429/279/2513 6430/1380/2513
f 6431/1277/2254 6432/1331/2440 6433/1381/2514
f 6434/1350/2436 6435/1192/2081 6436/1217/2245
f 6437/994/2515 6438/1059/1723 6439/1355/2470
f 6440/690/2476 6439/1355/2470 6441/1377/2516
f 6442/1378/2517 6443/1316/2384 6444/1376/2512
f 6445/1211/2151 6446/1348/2461 6447/1297/2368
f 6448/1367/2518 6449/1297/2368 6446/1348/2461
f 6450/1297/2368 6448/1367/2518 6451/1368/2519
f 6452/1319/2520 6451/1368/2519 6453/1334/2521
f 6451/1368/2519 6454/1319/2406 6455/1297/2368
f 6456/1276/2296 6450/1297/2522 6457/1319/2406
f 6458/1319/2406 6459/1225/2201 6456/1276/2296
f 6460/1292/2523 6461/1328/2523 6462/1293/2523
f 6463/1382/2524 6464/673/2525 6465/1312/2359
f 6466/1381/2526 6467/1330/2390 6468/1277/2527
f 6469/1311/2354 6470/1250/2177 6471/1353/2442
f 6472/1335/2400 6473/1207/2076 6474/1208/2077
f 6475/1315/2385 6476/1378/2528 6477/1379/2529
f 6478/1326/2382 6479/1383/2530 6480/1325/2381
f 6481/1384/2531 6480/1325/2381 6479/1383/2530
f 6482/1326/2382 6483/1385/2532 6479/1383/2530
f 6484/1325/2381 6481/1384/2533 6485/1317/2364
f 6486/1379/2510 6485/1317/2364 6481/1384/2534
f 6485/1317/2364 6486/1379/2510 6487/1315/2362
f 6488/1316/2363 6487/1315/2362 6489/1378/2509
f 6490/1321/2376 6488/1316/2363 6491/1376/2504
f 6492/1285/2535 6493/1147/1980 6494/1341/2417
f 6495/1336/2412 6496/1275/2244 6497/1386/2536
f 6498/1383/2537 6499/1326/2395 6500/1325/2394
f 6500/1325/2394 6501/1384/2538 6498/1383/2537
f 6502/1326/2395 6498/1383/2539 6503/1385/2540
f 6504/1317/2393 6501/1384/2538 6505/1325/2394
f 6504/1317/2389 6506/1379/2529 6501/1384/2541
f 6507/1315/2385 6506/1379/2529 6504/1317/2389
f 6508/1316/2384 6509/1378/2542 6507/1315/2385
f 6510/1321/2376 6511/1376/2543 6508/1316/2384
f 6512/1275/2244 6513/1256/2195 6514/1386/2536
f 6515/1387/2544 6516/885/2545 6517/884/1341
f 6518/1388/2546 6519/1026/2547 6520/935/2548
f 6521/1367/2489 6522/1346/2429 6523/1348/2433
f 6522/1346/2429 6524/1367/2489 6525/1389/2549
f 6525/1389/2549 6526/1345/2428 6527/1346/2550
f 6526/1345/2428 6528/1389/2549 6529/1390/64
f 6526/1345/2428 6530/1390/64 6531/1344/2426
f 6531/1344/2551 6530/1390/64 6532/1391/2552
f 6531/1344/2551 6532/1391/2553 6533/1347/2430
f 6534/1347/2432 6532/1391/2552 6535/1385/2532
f 6534/1347/2432 6535/1385/2532 6478/1326/2382
f 6536/947/1453 6537/1392/2554 6538/1033/2555
f 6538/1033/1638 6539/1201/2213 6540/581/1637
f 6541/1393/2556 6542/1215/2557 6543/1330/2390
f 6544/1394/2558 6545/1395/2558 6546/1396/2558
f 6547/1266/2559 6548/1265/2559 6549/1322/2559
f 6550/1397/2560 6551/1339/2561 6552/729/2409
f 6553/1398/2562 6554/371/1496 6555/638/2563
f 6556/1332/2162 6557/1359/2464 6558/1399/2564
f 6559/1334/2399 6560/1318/2366 6561/1400/2565
f 6562/1337/2407 6563/1209/2078 6564/1365/2481
f 6565/1401/2566 6562/1337/2407 6566/1365/2481
f 6567/272/2567 6568/272/2567 6569/303/2567
f 6570/1402/2568 6571/495/2569 6572/496/2570
f 6573/1333/2397 6574/1400/2565 6575/1318/2366
f 6576/1400/2565 6577/1333/2397 6578/1403/2571
f 6579/1300/2336 6580/1403/2572 6581/1333/2397
f 6582/1403/2572 6583/1300/2492 6584/1369/2493
f 6585/488/671 6586/1228/2263 6587/1027/2573
f 6588/1394/2574 6589/1323/2574 6590/1404/2574
f 6591/1356/2447 6592/1405/2575 6593/1306/2347
f 6594/1405/2575 6595/1356/2447 6596/1406/2576
f 6597/1367/2518 6598/1348/2461 6599/1346/2577
f 6600/1367/2518 6599/1346/2577 6601/1389/2578
f 6601/1389/2578 6602/1346/2460 6603/1345/2459
f 6603/1345/2459 6604/1390/2579 6605/1389/2578
f 6606/1390/2579 6603/1345/2459 6607/1344/2457
f 6607/1344/2456 6608/1391/2580 6606/1390/2581
f 6608/1391/2582 6607/1344/2456 6609/1347/2455
f 6610/1347/2454 6611/1385/2583 6608/1391/2582
f 6611/1385/2583 6610/1347/2454 6499/1326/2395
f 6612/1405/2584 6613/1356/2447 6614/1306/2352
f 6615/1356/2447 6616/1405/2584 6617/1406/2576
f 6618/1407/2585 6619/1286/2300 6620/1291/2586
f 6619/1286/2300 6621/1407/2585 6622/1089/2289
f 6623/1365/2481 6624/1332/2162 6625/1399/2587
f 6626/1408/2588 6627/1338/2408 6628/1364/2479
f 6629/1403/2589 6630/1300/2451 6631/1333/2419
f 6632/1300/2370 6633/1403/2589 6634/1369/2499
f 6635/551/2590 6636/552/2591 6637/552/2591
f 6638/1318/2418 6639/1334/2521 6640/1400/2592
f 6641/1400/2592 6642/1333/2419 6643/1318/2418
f 6644/1333/2419 6645/1400/2593 6646/1403/2589
f 6647/1409/2594 6648/1147/1923 6649/1257/2261
f 6650/1410/2595 6651/1291/2596 6652/1143/1942
f 6653/522/2597 6654/546/2598 6655/522/2597
f 6656/1291/2301 6657/1164/1940 6658/1143/1942
f 6659/1188/2017 6660/1313/2599 6661/1189/2062
f 6662/1350/2465 6663/1411/2600 6664/1210/2229
f 6663/1411/2601 6665/1245/2232 6666/1241/2230
f 6667/1210/2226 6668/1411/2600 6666/1241/2230
f 6669/1166/1331 6670/1160/1927 6671/1096/1928
f 6672/1371/2495 6673/1338/2408 6674/1408/2588
f 6675/1213/2091 6676/1288/2294 6677/1281/2269
f 6677/1281/2269 6676/1288/2294 6678/1412/2602
f 6679/1220/2288 6680/1218/2108 6681/1219/2114
f 6682/1242/2373 6683/1241/2157 6684/1413/2603
f 6685/864/1311 6686/1414/2604 6687/1415/2605
f 6688/1396/2606 6689/1416/2606 6690/1417/2606
f 6691/1160/1932 6692/1166/2152 6693/1096/1933
f 6694/1393/2607 6695/1208/2077 6696/1215/2608
f 6694/1393/2607 6697/1335/2400 6698/1208/2104
f 6699/1286/2318 6700/1407/2609 6701/1291/2328
f 6702/1407/2610 6699/1286/2611 6703/1089/1891
f 6704/916/2612 6705/1418/2613 6706/796/2612
f 6705/1418/2613 6704/916/2614 6707/1139/2615
f 6707/1139/2615 6708/1010/2616 6705/1418/2613
f 6709/1419/2617 6705/1418/2613 6708/1010/2618
f 6710/1291/2619 6711/1410/2620 6712/1143/2015
f 6713/1291/2621 6714/1143/2622 6715/1164/2014
f 6716/849/1293 6717/1420/2623 6718/838/2623
f 6716/849/1293 6719/838/2623 6720/808/1219
f 6721/1420/2623 6722/849/1293 6723/1421/2623
f 6724/1421/2623 6725/849/1293 6726/1422/2624
f 6727/1422/2625 6728/849/1293 6729/1047/2089
f 6730/925/1418 6731/1423/2626 6732/926/1419
f 6733/1424/2627 6734/839/2628 6735/840/2629
f 6733/1424/2627 6736/1358/2452 6734/839/1272
f 6737/1425/2630 6733/1424/2627 6738/840/2631
f 6739/1425/2630 6735/840/1273 6740/909/1389
f 6740/909/1389 6741/910/1390 6742/1426/2632
f 6743/1369/2493 6744/1301/2338 6745/1370/2494
f 6745/1370/2494 6746/1427/2633 6743/1369/2493
f 6747/849/1294 6748/838/2634 6749/1420/2634
f 6750/838/2634 6747/849/1294 6751/808/1213
f 6752/849/1294 6753/1421/2634 6754/1422/2635
f 6755/849/1294 6756/1422/2635 6757/1045/1674
f 6758/1370/2494 6759/1306/2347 6760/1405/2575
f 6760/1405/2575 6761/1428/2636 6758/1370/2494
f 6762/1421/2634 6763/849/1294 6764/1420/2634
f 6765/1381/2514 6766/1284/2282 6767/1277/2637
f 6768/1267/2235 6769/1245/2234 6770/1429/2638
f 6771/563/1298 6772/781/2486 6773/852/2639
f 6774/1381/2526 6775/1267/2235 6776/1429/2638
f 6777/1267/2235 6778/1381/2640 6779/1277/2260
f 6780/1306/2352 6781/1370/2496 6782/1405/2641
f 6783/1428/2642 6782/1405/2584 6781/1370/2496
f 6784/1430/2643 6785/1364/2479 6786/1361/2468
f 6787/1360/2644 6788/1235/2174 6789/1371/2495
f 6790/1301/2356 6791/1369/2499 6792/1370/2496
f 6793/1427/2645 6792/1370/2496 6791/1369/2499
f 6794/1072/1748 6795/1431/2646 6796/1054/2647
f 6797/1432/2648 6798/1375/2649 6799/1433/2650
f 6800/1433/2651 6801/1375/2649 6802/1432/2648
f 6803/1375/2503 6804/1376/2504 6805/1433/2650
f 6806/1378/2509 6807/1434/2652 6804/1376/2504
f 6808/1433/2653 6809/1376/2504 6810/1434/2652
f 6811/1434/2652 6812/1378/2509 6813/1435/2654
f 6814/1375/2503 6815/1433/2655 6816/1376/2512
f 6816/1376/2512 6817/1434/2656 6818/1378/2528
f 6819/1434/2656 6820/1376/2512 6821/1433/2655
f 6822/303/2657 6823/1436/2657 6824/262/2657
f 6825/1379/2658 6826/1435/2654 6827/1378/2509
f 6826/1435/2654 6828/1379/2510 6829/1437/2659
f 6830/1384/2534 6829/1437/2659 6828/1379/2510
f 6829/1437/2659 6830/1384/2534 6831/1438/2660
f 6832/1383/2530 6833/1438/2661 6830/1384/2531
f 6831/1438/2661 6832/1383/2530 6834/1439/2662
f 6835/1385/2532 6834/1439/2662 6836/1383/2530
f 6834/1439/2662 6835/1385/2532 6837/1440/2663
f 6838/1391/2553 6837/1440/2664 6839/1385/2665
f 6838/1391/2552 6840/1441/2666 6841/1440/2664
f 6842/296/381 6843/295/2667 6844/1279/2264
f 6845/1378/2528 6846/1434/2656 6847/1435/2668
f 6848/788/2511 6849/615/1547 6850/997/2669
f 6851/304/2670 6852/272/2670 6853/272/2670
f 6854/1390/64 6855/1441/2666 6856/1391/2552
f 6857/1060/2671 6858/1420/2672 6859/1061/2673
f 6860/1217/2107 6861/1129/1855 6862/1363/2478
f 6863/1442/2674 6860/1217/2107 6862/1363/2478
f 6864/1054/2675 6865/1278/2676 6866/994/2677
f 6867/1241/2157 6868/1373/2678 6869/1413/2679
f 6870/1443/2680 6871/1389/2549 6872/1367/2489
f 6873/1256/2195 6874/1242/2373 6875/1386/2536
f 6876/842/1364 6877/1296/2681 6878/1295/2320
f 6879/1331/2391 6880/1222/2113 6881/1221/2112
f 6882/1378/2528 6883/1435/2668 6884/1379/2529
f 6885/1379/2529 6883/1435/2668 6886/1437/2682
f 6886/1437/2683 6887/1384/2684 6885/1379/2529
f 6887/1384/2684 6886/1437/2682 6888/1438/2685
f 6889/1438/2685 6890/1383/2537 6887/1384/2541
f 6890/1383/2537 6888/1438/2686 6891/1439/2687
f 6891/1439/2688 6892/1385/2540 6893/1383/2537
f 6892/1385/2540 6891/1439/2688 6894/1440/2689
f 6894/1440/2690 6895/1391/2580 6896/1385/2540
f 6895/1391/2580 6897/1440/2690 6898/1441/2691
f 6899/1389/2549 6900/1443/2680 6901/1444/2692
f 6902/1368/2490 6900/1443/2680 6903/1367/2489
f 6904/1443/2680 6905/1368/2490 6906/1445/2693
f 6907/1334/2694 6908/1445/2693 6909/1368/2490
f 6910/1284/2282 6911/1381/2514 6912/1373/2678
f 6913/1441/2691 6914/1390/2579 6915/1391/2580
f 6916/1445/2693 6917/1334/2399 6918/1446/2695
f 6919/1400/2565 6920/1446/2695 6917/1334/2399
f 6918/1446/2695 6921/1400/2565 6922/1447/2696
f 6923/1049/2697 6924/1448/2698 6925/1063/1734
f 6926/1448/2698 6927/1095/1790 6925/1063/1733
f 6927/1095/1791 6926/1448/2698 6928/1410/2595
f 6929/1095/1790 6928/1410/2595 6930/1143/2699
f 6931/1403/2572 6932/1447/2700 6933/1400/2565
f 6934/1369/2493 6935/1449/2701 6931/1403/2571
f 6936/1373/2678 6937/1241/2157 6938/1245/2165
f 6939/262/2702 6940/1436/2702 6941/260/2702
f 6942/1406/2576 6943/1450/2703 6944/1451/2704
f 6945/1450/2703 6946/1406/2576 6947/1405/2641
f 6948/1406/2576 6949/1450/2705 6950/1405/2575
f 6951/1450/2705 6952/1406/2706 6953/1451/2704
f 6954/1365/2707 6955/1399/2564 6956/1430/2708
f 6957/1245/2234 6958/1411/2709 6959/1429/2710
f 6960/1243/2228 6961/1244/2233 6962/1269/2240
f 6963/1443/2711 6964/1367/2518 6965/1389/2578
f 6966/1243/2712 6967/1269/2713 6968/1244/2163
f 6969/1399/2564 6970/1359/2469 6971/1452/2714
f 6972/1453/2715 6973/182/2715 6974/181/2715
f 6975/1443/2716 6976/1389/2578 6977/1444/2717
f 6975/1443/2716 6978/1368/2718 6979/1367/2518
f 6980/1323/2719 6981/1322/2719 6982/1404/2719
f 6983/1368/2519 6984/1443/2711 6985/1445/2720
f 6986/1445/2720 6987/1334/2521 6988/1368/2718
f 6989/1430/2643 6990/1361/2468 6991/1314/2361
f 6992/1408/2588 6993/1364/2479 6994/1430/2643
f 6995/885/1342 6996/1387/2544 6997/1454/2721
f 6998/1049/1720 6999/1063/1768 7000/1448/2722
f 7001/1448/2722 6999/1063/1768 7002/1095/1874
f 7002/1095/1874 7003/1410/2620 7001/1448/2723
f 7004/1095/1874 7005/1143/2016 7003/1410/2724
f 7006/1334/2521 7007/1445/2720 7008/1446/2725
f 7009/1400/2593 7008/1446/2725 7010/1447/2726
f 7011/1446/2725 7012/1400/2592 7006/1334/2521
f 7013/1447/2726 7014/1403/2727 7015/1400/2592
f 7016/1449/2728 7017/1369/2499 7014/1403/2589
f 7018/1357/2729 7019/1455/2730 7020/1171/1969
f 7021/1281/2269 7022/1412/2602 7023/1456/2731
f 7024/1457/2732 7025/1335/2400 7026/1393/2607
f 7027/898/2733 7028/1458/2734 7029/896/2735
f 7030/1349/2435 7031/1147/1923 7032/1409/2736
f 7033/1459/2737 7034/610/2501 7030/1349/2435
f 7035/1296/2681 7036/843/1279 7037/1460/2738
f 7036/843/1279 7038/1415/2605 7037/1460/2738
f 7039/1461/2739 7040/898/2733 7041/899/2740
f 7042/511/2341 7043/1303/2342 7044/610/2341
f 7043/1303/2342 7045/1304/2345 7046/1139/2343
f 7045/1304/2345 7047/1462/2741 7048/1010/2344
f 7049/913/2742 7048/1010/2344 7047/1462/2743
f 7047/1462/2743 7050/1463/2744 7049/913/2745
f 7051/1464/2746 7052/1465/2746 7053/1327/2746
f 7054/936/1435 7055/691/997 7056/480/657
f 7054/936/2747 7057/748/2748 7055/691/997
f 7058/1327/2749 7059/1465/2749 7060/1328/2749
f 7061/1447/2700 7062/1403/2572 7063/1449/2701
f 7063/1449/2750 7064/1369/2493 7065/1427/2633
f 7065/1427/2633 7066/1370/2494 7067/1428/2636
f 7065/1427/2633 7067/1428/2636 7068/1466/81
f 7067/1428/2636 7069/1450/2751 7068/1466/81
f 7070/1428/2636 7071/1405/2575 7069/1450/2705
f 7072/1450/2705 7073/1451/2704 7068/1466/81
f 7074/1458/2752 7075/898/2733 7076/898/2733
f 7075/898/2733 7077/1461/2739 7076/898/2733
f 7078/1403/2589 7079/1447/2726 7080/1449/2753
f 7081/1369/2499 7080/1449/2753 7082/1427/2645
f 7083/1370/2496 7082/1427/2645 7084/1428/2642
f 7082/1427/2645 7085/1466/81 7084/1428/2642
f 7084/1428/2642 7085/1466/81 7086/1450/2703
f 7087/1450/2754 7085/1466/81 7088/1451/2704
f 7089/1405/2641 7090/1428/2642 7086/1450/2703
f 7091/1437/2659 7092/1466/81 7093/1435/2654
f 7094/1438/2661 7092/1466/81 7091/1437/2659
f 7095/1439/2662 7092/1466/81 7094/1438/2660
f 7096/1440/2663 7092/1466/81 7095/1439/2662
f 7096/1440/2663 7097/1441/2666 7092/1466/81
f 7097/1441/2666 7098/1444/2692 7092/1466/81
f 7098/1444/2692 7099/1443/2680 7092/1466/81
f 7099/1443/2680 7100/1445/2693 7101/1466/81
f 7102/1390/64 7098/1444/2692 7103/1441/2666
f 7104/1444/2692 7102/1390/2755 7105/1389/2549
f 7106/1467/2756 7107/1420/2757 7108/805/2758
f 7107/1420/2757 7106/1467/2756 7109/1468/2759
f 7110/1469/2760 7111/896/2735 7112/1458/2761
f 7113/1415/2605 7114/843/1279 7115/864/1311
f 7116/1432/2648 7117/1466/81 7118/1433/2655
f 7119/1432/2648 7120/1433/2650 7121/1466/81
f 7122/1433/2650 7123/1434/2652 7124/1466/81
f 7125/1434/2652 7126/1435/2654 7127/1466/81
f 7128/1466/81 7129/1437/2682 7130/1435/2762
f 7129/1437/2683 7128/1466/81 7131/1438/2685
f 7131/1438/2686 7128/1466/81 7132/1439/2688
f 7128/1466/81 7133/1440/2689 7132/1439/2687
f 7133/1440/2690 7128/1466/81 7134/1441/2691
f 7134/1441/2691 7128/1466/81 7135/1444/2717
f 7135/1444/2717 7128/1466/81 7136/1443/2716
f 7136/1443/2716 7137/1466/81 7138/1445/2720
f 7139/1390/2579 7140/1441/2691 7135/1444/2717
f 7141/1444/2763 7142/1389/2578 7139/1390/2579
f 7143/1433/2651 7144/1466/81 7145/1434/2656
f 7146/1434/2656 7147/1466/81 7148/1435/2668
f 7149/1470/2764 7150/1461/2765 7151/899/2740
f 7152/1471/2766 7153/1283/2292 7154/1337/2407
f 7155/932/1429 7156/836/1265 7157/971/1495
f 7158/1445/2693 7159/1446/2695 7160/1466/81
f 7161/1446/2695 7162/1447/2700 7163/1466/81
f 7164/1447/2696 7165/1449/2701 7166/1466/81
f 7167/1449/2701 7168/1427/2633 7169/1466/81
f 7170/1359/2469 7171/1329/2388 7172/1472/2767
f 7173/1445/2720 7174/1466/81 7175/1446/2725
f 7176/1446/2725 7177/1466/81 7178/1447/2768
f 7179/1447/2726 7180/1466/81 7181/1449/2753
f 7182/1449/2753 7183/1466/81 7184/1427/2645
f 7185/1045/1674 7186/1153/2769 7187/1152/2770
f 7185/1045/1674 7188/1152/2771 7189/1151/2074
f 7190/1153/2772 7191/1047/2089 7192/1152/2773
f 7193/1152/2773 7191/1047/2089 7194/1151/2088
f 7195/747/1350 7196/1343/2425 7197/545/760
f 7198/1473/2774 7196/1343/2775 7199/1342/2424
f 7200/1340/2413 7201/1281/2269 7202/1456/2731
f 7203/1474/2776 7204/999/2777 7205/1360/2465
f 7205/1360/2436 7206/1475/2778 7203/1474/2779
f 7207/1455/2730 7208/1314/2361 7209/1171/1969
f 7210/1455/2730 7211/1430/2780 7208/1314/2781
f 7212/1476/2782 7211/1430/2643 7210/1455/2730
f 7213/1472/2783 7214/1360/2436 7215/1371/2495
f 7216/1477/2784 7217/1183/1999 7218/682/2785
f 7219/1478/2786 7220/1393/2556 7221/1381/2787
f 7222/1381/2640 7220/1393/2607 7223/1330/2788
f 7224/1479/2789 7225/1423/2626 7226/925/1418
f 7227/1426/2790 7228/1425/2630 7229/909/1389
f 7230/1480/2791 7231/1426/2792 7232/910/2793
f 7232/910/1390 7233/1481/2794 7230/1480/2791
f 7234/911/1423 7235/912/2795 7233/1481/2794
f 7233/1481/2796 7236/910/1390 7234/911/1391
f 7237/1482/2797 7238/1417/2797 7239/1483/2797
f 7240/1477/2798 7241/624/2799 7242/1484/2800
f 7243/1365/2707 7244/1430/2708 7245/1401/2801
f 7246/1485/2802 7247/1401/2801 7244/1430/2708
f 7248/805/2758 7249/838/1277 7250/471/1331
f 7248/805/2803 7251/1420/2757 7249/838/2804
f 7252/1421/2805 7251/1420/2806 7253/1468/2759
f 7254/1468/2759 7255/1486/2807 7252/1421/2805
f 7256/1469/2808 7257/1487/2809 7258/886/2810
f 7259/1488/2811 7260/1350/2436 7261/1217/2245
f 7262/1359/2464 7263/1472/2767 7264/1452/2714
f 7265/1372/2812 7266/969/2813 7267/970/1494
f 7268/513/2814 7269/1298/2333 7270/1489/2815
f 7271/819/1235 7272/294/1455 7273/1490/2816
f 7274/1491/2817 7275/1408/2588 7276/1430/2780
f 7277/1492/2818 7278/1057/1713 7279/1493/2819
f 7277/1492/2820 7280/1481/2794 7281/912/1392
f 7282/624/2821 7283/1477/2784 7284/682/2822
f 7285/1494/2823 7286/1336/2474 7287/1313/2360
f 7288/1495/2824 7289/1140/1878 7290/1355/2505
f 7291/546/2825 7292/542/2826 7293/546/2827
f 7294/522/2597 7291/546/2825 7293/546/2827
f 7295/886/2810 7296/896/2735 7297/1469/2760
f 7298/851/2828 7299/830/2829 7300/1496/2830
f 7300/1496/2830 7301/1470/2764 7302/850/2831
f 7303/690/2476 7304/1377/2832 7305/400/2833
f 7306/1052/2273 7307/1471/2834 7308/1362/2835
f 7309/899/2740 7310/850/2836 7311/1470/2764
f 7312/1471/2834 7313/1052/2837 7314/1283/2275
f 7315/1060/2671 7316/838/1271 7317/1420/2838
f 7315/1060/2671 7318/466/1326 7319/838/1271
f 7320/1062/2839 7317/1420/2840 7321/1421/2841
f 7320/1062/2839 7322/1421/2841 7323/1497/2842
f 7324/1498/2843 7325/1341/2417 7326/610/2497
f 7327/1482/2844 7328/1483/2844 7329/1499/2844
f 7330/275/2845 7331/1071/2845 7332/277/2845
f 7333/621/878 7334/1500/2846 7335/1414/2604
f 7336/622/880 7337/1501/2847 7334/1500/2846
f 7338/623/881 7339/1502/2848 7337/1501/2847
f 7340/1223/2416 7341/1217/2107 7342/1442/2674
f 7343/1396/2849 7344/1395/2849 7345/1416/2849
f 7346/853/2850 7347/886/2810 7348/1487/2809
f 7349/1498/2851 7350/610/2497 7351/350/2852
f 7352/1217/2285 7353/1129/1883 7354/1363/2473
f 7355/1488/2811 7352/1217/2285 7356/1363/2853
f 7357/1503/1453 7355/1488/2811 7358/1363/2473
f 7359/853/2850 7360/841/2854 7361/841/2854
f 7362/1504/81 7363/1505/81 7364/1506/81
f 7362/1504/81 7364/1506/81 7365/1507/81
f 7366/1504/81 7367/1506/81 7368/1505/81
f 7367/1506/81 7366/1504/81 7369/1507/81
f 7370/850/2836 7371/851/2828 7372/1496/2830
f 7373/1394/2855 7374/1404/2855 7375/1395/2855
f 7376/1508/2856 7377/1353/2442 7378/1352/2441
f 7379/830/2829 7380/851/2828 7381/830/2829
f 7382/971/1495 7383/371/1496 7384/1398/2562
f 7385/1509/2857 7386/1220/2288 7387/1219/2114
f 7388/1430/2708 7389/1452/2714 7390/1510/2858
f 7391/1511/2859 7392/1512/2860 7393/788/1177
f 7394/788/1177 7392/1512/2860 7395/721/1048
f 7396/1511/2861 7397/1513/2862 7392/1512/2860
f 7397/1513/2862 7398/1514/2863 7399/1515/2864
f 7400/841/2854 7401/853/2850 7402/1487/2865
f 7403/998/1548 7404/1183/1999 7405/1477/2866
f 7403/998/1548 7406/812/1224 7404/1183/2867
f 7407/279/2868 7408/964/2868 7409/1380/2868
f 7410/1337/2407 7411/1401/2801 7412/1471/2766
f 7413/1516/2869 7412/1471/2870 7414/1401/2566
f 7415/552/2591 7416/551/2871 7417/551/2590
f 7418/553/2872 7417/551/2590 7416/551/2871
f 7416/551/2871 7419/553/2872 7418/553/2872
f 7420/1219/2110 7421/1223/2416 7422/1517/2873
f 7423/294/1455 7424/908/1385 7425/1490/2816
f 7426/1291/2301 7427/1518/2874 7428/1407/2585
f 7429/1417/2875 7430/1416/2875 7431/1483/2875
f 7432/1519/2876 7433/1331/2440 7434/1221/2112
f 7435/1033/1638 7436/1392/2554 7437/1201/2213
f 7438/621/878 7439/1414/2604 7440/864/1311
f 7438/621/878 7441/622/882 7442/1500/2846
f 7443/1011/1566 7444/1402/2568 7445/496/1567
f 7446/794/1185 7447/793/1185 7448/791/1185
f 7447/793/1185 7446/794/1185 7449/792/1185
f 7450/1520/2877 7451/1455/2730 7452/1357/2729
f 7453/662/1204 7454/1467/2878 7455/805/1202
f 7454/1467/2879 7453/662/1204 7456/661/2880
f 7456/661/2881 7457/1468/2882 7454/1467/2878
f 7457/1468/2882 7456/661/2881 7458/556/2883
f 7459/1221/2112 7460/1220/2288 7461/1509/2857
f 7462/1387/2544 7463/884/1341 7464/919/2884
f 7465/1521/2885 7464/919/2884 7466/410/2886
f 7467/1371/2495 7468/1408/2588 7469/1522/2887
f 7470/1523/1926 7471/1523/1926 7472/1524/1926
f 7473/1525/1926 7471/1523/1926 7470/1523/1926
f 7474/1525/1926 7475/1526/1926 7476/1523/1926
f 7477/1527/1926 7475/1526/1926 7474/1525/1926
f 7478/1527/1926 7479/1528/1926 7480/1526/1926
f 7481/1430/2708 7482/1510/2858 7483/1485/2802
f 7484/1499/2888 7485/1529/2888 7486/1464/2888
f 7487/925/1418 7488/927/1421 7489/930/1427
f 7490/1518/2889 7491/1291/2890 7492/1407/2610
f 7493/1386/2536 7494/1242/2373 7495/1413/2603
f 7496/1021/1605 7497/852/1299 7498/1530/2891
f 7499/1298/2333 7498/1530/2891 7500/1531/2892
f 7501/1495/2824 7502/1355/2505 7503/1377/2507
f 7504/794/1210 7505/791/1210 7506/793/1210
f 7506/793/1210 7507/792/1210 7504/794/1210
f 7508/1188/2017 7509/1494/2823 7510/1313/2360
f 7511/1532/2893 7512/1285/2535 7513/1341/2417
f 7514/1298/2333 7515/513/2814 7516/574/2332
f 7517/1533/2894 7518/1311/2354 7519/1353/2442
f 7520/1331/2440 7521/1478/2895 7522/1381/2514
f 7523/1534/2896 7524/1340/2413 7525/1456/2731
f 7526/1535/2897 7527/1381/2787 7528/1429/2638
f 7529/1494/2823 7530/1363/2473 7531/1336/2403
f 7532/545/773 7533/1343/2775 7534/901/1374
f 7534/901/1374 7535/1536/2898 7536/1537/2899
f 7537/1343/2425 7538/1473/2774 7535/1536/2900
f 7539/1536/2900 7540/901/1374 7537/1343/2775
f 7540/901/1374 7541/1537/2901 7542/950/1462
f 7542/950/1462 7541/1537/2899 7543/1538/2902
f 7544/1071/2845 7545/275/2845 7546/1374/2845
f 7547/1329/2484 7548/1366/2903 7549/1472/2904
f 7550/930/1427 7551/931/2905 7552/925/1418
f 7553/1331/2391 7554/1519/2876 7555/1478/2895
f 7556/1464/2906 7557/1529/2906 7558/1465/2906
f 7559/1381/2514 7560/1539/2907 7561/1373/2678
f 7562/1413/2679 7563/1373/2678 7564/1539/2907
f 7565/1539/2907 7566/1381/2514 7567/1478/2895
f 7568/908/1385 7569/1030/1626 7570/1540/2908
f 7571/1429/2710 7572/1411/2601 7573/1541/2909
f 7574/1201/2910 7575/1392/2554 7576/1263/2911
f 7577/237/1488 7578/567/2912 7579/967/1489
f 7580/1430/2708 7581/1399/2564 7582/1452/2714
f 7582/1452/2714 7583/1542/2913 7584/1543/2914
f 7584/1543/2915 7583/1542/2913 7585/1544/2916
f 7586/1510/2858 7587/1452/2714 7584/1543/2917
f 7586/1510/2858 7584/1543/2915 7588/1545/2918
f 7589/1452/2714 7590/1472/2919 7591/1542/2913
f 7592/1058/2920 7593/797/2921 7594/707/2920
f 7595/964/2922 7596/279/2922 7597/281/2922
f 7598/1546/2923 7599/1278/2924 7600/1054/2925
f 7601/1513/2862 7602/1511/2859 7603/1514/2863
f 7604/1408/2588 7605/1491/2926 7606/1522/2887
f 7607/1547/2927 7608/1522/2887 7605/1491/2928
f 7609/860/1306 7610/859/1306 7611/857/1306
f 7611/857/1306 7612/858/1306 7609/860/1306
f 7613/1532/2893 7614/1341/2417 7615/1498/2851
f 7616/1522/2887 7617/1472/2783 7618/1371/2495
f 7619/1478/2786 7620/1381/2787 7621/1535/2929
f 7622/645/2930 7623/1548/2931 7624/638/2563
f 7625/1541/2932 7626/1411/2601 7627/1517/2933
f 7626/1411/2601 7628/1350/2436 7629/1517/2933
f 7630/1517/2934 7631/1350/2436 7632/1488/2811
f 7633/510/2935 7634/610/2501 7635/1549/2936
f 7636/719/2937 7637/495/2569 7638/1550/2938
f 7639/610/2501 7640/1459/2939 7641/1549/2936
f 7642/1336/2940 7643/1386/2536 7644/1363/2478
f 7645/1360/2436 7646/1472/2941 7647/1475/2778
f 7648/1499/2942 7649/1483/2942 7650/1529/2942
f 7651/1517/2943 7652/1223/2416 7653/1442/2674
f 7654/1457/2732 7655/1551/2944 7656/1188/2017
f 7657/859/1325 7658/860/1325 7659/857/1325
f 7659/857/1325 7658/860/1325 7660/858/1325
f 7661/1478/2786 7662/1457/2732 7663/1393/2607
f 7664/1461/2945 7665/889/2946 7666/898/2947
f 7667/889/2946 7668/1461/2945 7669/1552/2948
f 7670/1551/2949 7671/1494/2950 7672/1188/2017
f 7673/1459/2951 7674/1349/2435 7675/1409/2736
f 7676/1520/2952 7677/1476/2782 7678/1455/2730
f 7679/947/1453 7680/671/1452 7681/1553/2953
f 7682/1363/2478 7683/1386/2954 7684/1554/2955
f 7685/1457/2732 7686/1188/2017 7687/1335/2956
f 7688/1494/2957 7689/1503/1453 7690/1363/2473
f 7691/1492/2820 7692/912/1392 7693/1057/1713
f 7694/968/2958 7695/1054/2959 7696/1431/2960
f 7697/1509/2857 7698/1219/2110 7699/1517/2873
f 7700/700/2961 7701/789/2962 7702/1020/2961
f 7703/1442/2674 7704/1363/2478 7705/1554/2963
f 7706/1555/2964 7707/1461/2945 7708/1470/2395
f 7709/1461/2945 7706/1555/2964 7710/1552/2948
f 7711/889/2946 7712/825/2965 7713/1556/2966
f 7711/889/2946 7714/1556/2967 7715/1458/2968
f 7716/1519/2969 7717/1221/2112 7718/1509/2857
f 7719/1556/2967 7720/1469/2970 7721/1458/2968
f 7722/1557/2971 7723/1491/2928 7724/1476/2782
f 7725/1476/2782 7723/1491/2817 7726/1430/2643
f 7727/1558/2972 7728/1457/2732 7729/1478/2786
f 7730/1377/2973 7731/1355/2470 7732/1516/2974
f 7733/546/2827 7734/542/2975 7735/542/2975
f 7736/1362/2472 7737/1516/2976 7738/1355/2977
f 7739/1551/2949 7740/1457/2732 7741/1558/2978
f 7742/1386/2536 7743/1559/2979 7744/1554/2980
f 7745/1413/2679 7746/1560/2981 7747/1559/2982
f 7748/1386/2954 7745/1413/2679 7749/1559/2982
f 7750/513/2814 7751/1561/2983 7752/645/2930
f 7753/1295/2320 7754/1562/2984 7755/1030/1626
f 7756/1413/2679 7757/1539/2907 7758/1560/2981
f 7759/1539/2907 7760/1478/2895 7761/1563/2985
f 7762/822/1822 7763/825/2965 7764/862/2986
f 7763/825/2965 7765/889/2946 7764/862/2986
f 7766/1458/2968 7767/898/2947 7765/889/2946
f 7768/1377/2507 7769/690/2475 7770/400/2987
f 7771/1564/2988 7772/1495/2824 7768/1377/2507
f 7773/1535/2989 7774/1429/2638 7775/1541/2932
f 7776/823/2990 7777/889/2946 7778/1552/2991
f 7779/950/1462 7780/1538/2902 7781/1502/2992
f 7782/1061/2673 7783/1420/2840 7784/1062/2839
f 7785/1565/2993 7786/1026/2994 7787/1388/2546
f 7788/889/2946 7789/823/2990 7790/862/2986
f 7791/624/2821 7792/719/2937 7793/1566/2995
f 7794/908/1385 7795/1540/2908 7796/1490/2816
f 7797/1030/1626 7798/1562/2996 7795/1540/2908
f 7799/1567/2997 7800/1517/2943 7801/1442/2674
f 7799/1567/2998 7802/1509/2857 7800/1517/2943
f 7803/1401/2566 7804/1485/2802 7805/1516/2869
f 7806/797/2999 7807/1058/2920 7808/797/3000
f 7809/1568/3001 7810/1503/1453 7811/1494/2823
f 7812/1569/3002 7813/1045/2073 7814/1422/2635
f 7815/1047/1691 7816/1569/3003 7817/1422/2625
f 7818/1570/3004 7819/1488/2811 7820/1503/1453
f 7821/1570/3004 7822/1503/1453 7823/1568/3001
f 7824/1551/2944 7823/1568/3001 7825/1494/3005
f 7826/1519/2876 7827/1509/2857 7828/1571/3006
f 7829/1140/2266 7830/1495/3007 7831/1357/3008
f 7832/1572/3009 7833/1478/2786 7834/1535/2897
f 7835/968/3010 7836/1431/3010 7837/1573/3010
f 7838/622/3011 7839/623/881 7840/1501/2847
f 7841/1574/3012 7842/817/3013 7843/813/3014
f 7842/817/3013 7841/1574/3012 7844/1556/2966
f 7845/1469/3015 7844/1556/2966 7841/1574/3012
f 7846/681/3016 7843/813/3017 7847/817/3013
f 7848/789/3018 7849/759/3019 7850/789/3018
f 7850/789/3018 7851/1020/2961 7848/789/3018
f 7852/1575/3020 7853/1555/2964 7854/1470/2395
f 7855/1478/2895 7856/1519/2876 7857/1571/3021
f 7858/1576/3022 7859/1469/3015 7860/1574/3012
f 7861/1575/3020 7862/1470/2395 7863/1496/3023
f 7864/1567/2998 7865/1442/2674 7866/1554/2980
f 7867/1577/3024 7868/1541/2909 7869/1517/2933
f 7870/1539/2907 7871/1563/2985 7872/1560/2981
f 7873/1572/3009 7874/1535/2989 7875/1541/2909
f 7876/1558/2972 7877/1478/2786 7878/1572/3009
f 7879/1548/2931 7880/645/3025 7881/1561/2983
f 7882/1045/2073 7883/1569/3026 7884/1153/2769
f 7885/1569/3003 7886/1047/1691 7887/1153/2772
f 7888/1463/3027 7889/1419/3028 7890/832/3029
f 7891/1533/2894 7892/1353/2442 7893/1508/2856
f 7894/1571/3021 7895/1509/2857 7896/1567/2998
f 7897/1577/3024 7898/1517/2934 7899/1570/3004
f 7899/1570/3004 7898/1517/2934 7900/1488/2811
f 7901/827/3030 7902/823/2990 7903/1552/2991
f 7904/1563/2985 7905/1478/2895 7906/1571/3021
f 7907/1520/3031 7908/1357/3032 7909/1495/3033
f 7910/1555/2964 7911/827/3030 7912/1552/2948
f 7913/751/3034 7914/797/3000 7915/751/3035
f 7914/797/3000 7913/751/3036 7916/797/2999
f 7917/815/3037 7913/751/3038 7915/751/3039
f 7918/1578/3040 7919/815/3037 7917/815/3037
f 7920/1572/3009 7921/1541/2909 7922/1577/3024
f 7923/1576/3041 7924/1579/3042 7925/841/3043
f 7926/1469/2970 7923/1576/3044 7927/1487/3045
f 7928/1554/2963 7929/1559/2979 7930/1580/3046
f 7931/1581/3047 7932/1568/3001 7933/1551/2944
f 7934/1489/2815 7935/1561/2983 7936/513/2814
f 7937/1581/3048 7938/1558/2978 7939/1572/3009
f 7940/1309/1939 7941/1307/2350 7942/1582/3049
f 7943/971/1495 7944/1398/2562 7945/932/1429
f 7946/703/3050 7947/817/3013 7948/825/2965
f 7949/1556/2967 7948/825/2965 7950/817/3013
f 7951/1402/2568 7952/1550/2938 7953/495/2569
f 7954/1010/2618 7955/832/3051 7956/1419/3028
f 7957/1398/2562 7958/638/2563 7959/1548/2931
f 7960/1392/2554 7961/1372/2812 7962/1263/2214
f 7963/1583/3052 7964/1584/3052 7965/1585/3052
f 7966/1021/1605 7967/1530/3053 7968/1298/2333
f 7968/1298/2333 7969/1531/2892 7970/1489/2815
f 7971/1581/3047 7972/1551/2949 7973/1558/2978
f 7971/1581/3047 7974/1570/3004 7975/1568/3001
f 7976/1586/3054 7977/1587/3055 7978/1583/3056
f 7979/1588/3057 7980/1589/3058 7981/728/3057
f 7982/1584/3059 7983/1583/3059 7984/1585/3059
f 7985/823/2990 7986/822/1822 7987/862/2986
f 7988/1586/3060 7989/1583/3061 7990/1587/3062
f 7991/1580/3046 7992/1567/2998 7993/1554/2963
f 7991/1580/3046 7994/1571/3021 7992/1567/2998
f 7995/1590/3063 7996/1591/3064 7997/1592/3065
f 7998/1550/3066 7999/1566/2995 8000/719/2937
f 8001/1546/2923 8002/1054/2925 8003/972/3067
f 8004/1593/3068 8001/1546/3069 8005/893/3070
f 8006/841/3043 8007/1487/3045 8008/1576/3044
f 8009/1559/2979 8010/1560/2981 8011/1580/3046
f 8012/1563/3071 8011/1580/3046 8013/1560/2981
f 8014/1563/2985 8015/1571/3021 8016/1580/3046
f 8017/1456/2731 8018/1412/2602 8019/1534/2896
f 8020/1594/3072 8021/1493/3073 8022/1056/1712
f 8023/1581/3047 8024/1577/3024 8025/1570/3004
f 8026/1581/3048 8027/1572/3009 8028/1577/3074
f 8029/1595/3075 8030/1596/3076 8031/1545/3077
f 8032/1496/3078 8033/1597/3079 8034/1575/3080
f 8035/830/3081 8036/1597/3079 8037/1496/3078
f 8038/1589/3082 8039/789/2962 8040/759/3019
f 8041/1584/3083 8042/1598/3083 8043/1599/3083
f 8044/1598/3084 8045/1584/3084 8046/1599/3084
f 8047/818/3085 8048/722/3086 8049/827/3030
f 8049/827/3030 8050/1555/2964 8047/818/3085
f 8051/1600/3087 8052/1402/2568 8053/1011/1566
f 8054/1600/3087 8055/1011/1566 8056/749/3088
f 8057/1574/3012 8058/813/3089 8059/756/3090
f 8060/1574/3012 8061/731/3091 8062/1576/3044
f 8063/567/2912 8064/1302/2339 8065/967/1489
f 8066/1566/2995 8067/1484/2800 8068/624/2799
f 8069/1596/3076 8070/1485/2802 8071/1510/2858
f 8072/1591/3092 8073/1590/3063 8074/1587/3093
f 8075/1575/3020 8076/818/3085 8077/1555/2964
f 8078/1601/3094 8079/1602/3094 8080/1603/3095
f 8081/1591/3096 8082/1587/3062 8083/1590/3097
f 8084/759/3019 8085/728/3057 8086/1589/3082
f 8087/1601/3098 8088/1603/3099 8089/1602/3098
f 8090/623/881 8091/950/1462 8092/1502/2992
f 8093/818/3085 8094/1575/3020 8095/750/3100
f 8095/750/3100 8096/760/3101 8093/818/3085
f 8097/841/3043 8098/1579/3042 8099/777/3102
f 8100/1604/3103 8101/1598/3104 8102/1605/3104
f 8103/1598/3105 8104/1604/3106 8105/1605/3105
f 8106/1290/3107 8107/1203/2060 8108/1233/2386
f 8109/1203/3108 8110/1290/2298 8111/1229/3109
f 8112/1203/2060 8113/1229/2133 8114/1206/3110
f 8115/1290/2305 8116/1233/2139 8117/1249/2175
f 8117/1249/2175 8116/1233/2386 8118/1214/2097
f 8119/1606/3111 8120/1598/3112 8121/1602/3113
f 8122/1607/3114 8123/1578/3115 8124/1608/3116
f 8125/1606/3117 8126/1602/3118 8127/1598/3119
f 8128/1477/2866 8129/1609/3120 8130/998/1548
f 8131/830/3081 8132/772/3121 8133/1597/3079
f 8134/797/3122 8135/1058/3123 8136/1610/3124
f 8137/1493/3125 8138/1057/1713 8139/1056/2377
f 8140/1611/3126 8141/1565/2993 8142/1388/2546
f 8143/1612/3127 8144/1351/2438 8145/1224/2116
f 8146/1020/3128 8147/789/3129 8148/1613/3130
f 8149/726/3131 8150/1575/3020 8151/1614/3132
f 8152/1615/3133 8153/1616/3134 8154/1598/3135
f 8155/703/3050 8156/822/1822 8157/629/3136
f 8158/825/2965 8156/822/1822 8155/703/3050
f 8159/628/3137 8160/629/3136 8161/822/1822
f 8162/822/1822 8163/823/2990 8159/628/3137
f 8164/751/3138 8165/815/3037 8166/815/3037
f 8167/1617/3139 8168/1578/3115 8169/815/3140
f 8170/1224/3141 8171/1351/2463 8172/1612/3142
f 8173/726/3131 8174/750/3100 8175/1575/3020
f 8176/1302/2485 8177/567/2912 8178/548/3143
f 8179/1584/3144 8180/1599/3144 8181/1585/3052
f 8182/1584/3059 8183/1585/3059 8184/1599/3059
f 8185/1598/3145 8186/1605/3083 8187/1599/3083
f 8188/1598/3084 8189/1599/3084 8190/1605/3084
f 8191/1296/2681 8192/1618/3146 8193/1295/2320
f 8194/1598/3147 8195/1604/3148 8196/1619/3149
f 8197/1620/3127 8198/1612/3127 8199/1224/3150
f 8200/1575/3080 8201/1597/3079 8202/1614/3132
f 8203/1604/3151 8204/1598/3105 8205/1619/3152
f 8206/1579/3042 8207/1576/3044 8208/1621/3153
f 8209/1479/2789 8210/1622/3154 8211/1423/2626
f 8212/1616/3134 8213/1623/3155 8214/1590/3155
f 8215/1612/3142 8216/1620/3142 8217/1224/3141
f 8218/1576/3041 8219/731/3091 8220/1621/3153
f 8221/1624/3156 8222/1622/3157 8223/1479/2789
f 8224/1601/3158 8225/1619/3149 8226/1604/3103
f 8227/1619/3159 8224/1601/3158 8228/1603/3158
f 8229/1472/3160 8230/1366/3161 8231/1625/3162
f 8232/1026/3163 8233/748/2748 8234/936/3164
f 8235/1619/3165 8236/1601/3166 8237/1604/3106
f 8236/1601/3166 8238/1619/3167 8239/1603/3166
f 8240/1626/3168 8241/567/3169 8242/237/1488
f 8243/680/3170 8244/756/3090 8245/813/3017
f 8246/1547/2927 8247/1491/2928 8248/1557/2971
f 8249/1627/3171 8250/1557/2971 8251/1476/2782
f 8252/1599/3172 8253/1616/3173 8254/1590/3063
f 8253/1616/3173 8255/1628/3174 8256/1598/3119
f 8255/1628/3174 8257/1616/3173 8258/1599/3172
f 8259/756/3090 8260/652/3175 8261/731/3091
f 8262/1574/3012 8263/756/3090 8261/731/3091
f 8259/756/3090 8264/680/3176 8265/677/3177
f 8266/663/3178 8265/677/3177 8267/680/3176
f 8268/1585/3179 8269/1586/3054 8270/1583/3056
f 8271/1308/3180 8272/852/2639 8273/781/2486
f 8274/1585/3181 8275/1583/3182 8276/1586/3060
f 8277/1629/3183 8278/1472/3184 8279/1522/2887
f 8280/1590/3097 8281/1623/3097 8282/1591/3096
f 8283/1521/2885 8284/1630/3185 8285/1387/2544
f 8286/1631/3186 8287/797/3122 8288/1610/3124
f 8289/1591/3092 8290/1587/3187 8291/1586/3054
f 8292/1632/3188 8293/1633/3189 8294/1589/3190
f 8295/827/3030 8296/628/3137 8297/823/2990
f 8296/628/3137 8295/827/3030 8298/722/3086
f 8298/722/3086 8299/627/3191 8300/628/3137
f 8301/627/3191 8298/722/3192 8302/626/3193
f 8303/626/3193 8304/625/3194 8301/627/3191
f 8305/1587/3062 8306/1591/3096 8307/1586/3060
f 8308/1633/3195 8309/1613/3130 8310/789/3196
f 8311/1543/2914 8312/1544/3197 8313/1634/3198
f 8314/1454/2721 8315/1387/2544 8316/1630/3185
f 8317/1632/3188 8318/1589/3190 8319/1588/3199
f 8320/1589/3200 8321/1633/3195 8322/789/3129
f 8323/1564/3201 8324/1476/2782 8325/1520/2952
f 8326/772/3121 8327/1614/3132 8328/1597/3079
f 8329/947/3202 8330/1553/3203 8331/1392/2554
f 8332/1518/3204 8333/1410/2595 8334/1448/3205
f 8335/1518/3206 8336/1448/3207 8337/1410/2620
f 8338/1579/3042 8339/1621/3153 8340/777/3102
f 8341/1516/3208 8342/1362/3209 8343/1471/2834
f 8344/1295/2320 8345/1618/3210 8346/1562/2996
f 8347/817/3013 8348/703/3050 8349/681/3016
f 8350/702/3211 8349/681/3016 8348/703/3050
f 8349/681/3016 8351/702/3211 8352/679/3212
f 8353/679/3212 8351/702/3211 8354/498/3213
f 8355/778/3214 8356/1463/3215 8357/779/3216
f 8358/400/2833 8359/1377/2973 8360/1635/3217
f 8361/760/3101 8362/750/3100 8363/670/3218
f 8363/670/3218 8364/591/3219 8361/760/3101
f 8365/726/3220 8366/644/3221 8362/750/3100
f 8367/1621/3153 8368/1202/3222 8369/777/3102
f 8370/1635/3223 8371/1377/2507 8372/400/2987
f 8373/1636/3224 8374/1424/2627 8375/1425/2630
f 8376/1636/3224 8377/1637/3225 8374/1424/2627
f 8377/1637/3225 8378/1358/2452 8374/1424/2627
f 8379/1638/3226 8380/1324/2379 8378/1358/2452
f 8381/1637/3225 8382/1638/3227 8378/1358/2452
f 8383/1617/3228 8384/1608/3116 8385/1578/3115
f 8384/1608/3116 8386/1639/3229 8387/1640/3230
f 8388/1641/3231 8389/1632/3188 8390/1588/3199
f 8391/1628/3174 8392/1606/3232 8393/1598/3119
f 8394/1642/3233 8395/1643/3234 8396/475/3235
f 8397/1644/3236 8396/475/3235 8395/1643/3237
f 8398/1642/3233 8399/1645/3238 8395/1643/3239
f 8400/1646/3240 8398/1642/3233 8401/1647/3241
f 8401/1647/3242 8402/751/3243 8400/1646/3240
f 8401/1647/3241 8403/815/3140 8404/751/3244
f 8405/1617/3228 8401/1647/3241 8406/1642/3233
f 8405/1617/3139 8407/815/3140 8408/1647/3241
f 8409/1543/2915 8410/1634/3198 8411/1545/2918
f 8412/972/3245 8413/893/3070 8414/1546/3069
f 8415/1606/3246 8416/1602/3094 8417/1601/3094
f 8418/893/3247 8419/968/3248 8420/1573/3249
f 8421/1614/3132 8422/772/3121 8423/1200/3250
f 8424/731/3091 8425/652/3175 8426/1648/3251
f 8427/731/3091 8428/1648/3251 8429/1621/3153
f 8430/1609/3120 8431/1477/2784 8432/1484/2800
f 8433/1606/3252 8434/1601/3098 8435/1602/3098
f 8436/1596/3076 8437/1510/3253 8438/1545/2918
f 8439/1422/3254 8440/1649/3255 8441/1569/3026
f 8442/1650/3256 8443/1516/2869 8444/1485/2802
f 8445/1623/3155 8446/1616/3134 8447/1615/3133
f 8448/726/3131 8449/1614/3132 8450/1651/3257
f 8451/1578/3040 8452/641/3258 8453/725/3259
f 8454/815/3037 8451/1578/3040 8453/725/3259
f 8455/997/2669 8456/1511/3260 8457/788/2511
f 8458/756/3261 8459/677/3177 8460/652/3175
f 8459/677/3177 8461/596/3262 8460/652/3175
f 8462/1652/3263 8463/510/2935 8464/1549/2936
f 8465/548/3143 8466/1594/3072 8467/1302/2485
f 8468/1653/3264 8469/1498/2851 8470/350/3265
f 8471/1646/3240 8472/1631/3186 8473/1654/3266
f 8471/1646/3240 8473/1654/3266 8474/1645/3267
f 8475/1631/3186 8471/1646/3240 8476/751/3243
f 8477/670/3218 8478/750/3100 8479/644/3221
f 8479/644/3221 8480/588/3268 8477/670/3218
f 8481/1153/1916 8482/1569/3269 8483/564/1919
f 8484/1615/3133 8485/1598/3135 8486/1606/3111
f 8487/1655/3270 8488/1312/3270 8489/1656/3270
f 8490/1592/3271 8491/1599/3272 8492/1590/3063
f 8493/564/2307 8494/1569/3273 8495/1153/3274
f 8496/1202/3222 8497/1621/3153 8498/1648/3251
f 8499/1460/2738 8500/1657/3275 8501/1296/2681
f 8501/1296/2681 8500/1657/3276 8502/1618/3210
f 8503/1415/2605 8500/1657/3275 8504/1460/2738
f 8505/1339/3277 8506/1655/3277 8507/1656/3278
f 8508/1649/3279 8509/1422/2625 8510/1569/3280
f 8509/1422/2625 8511/1497/2842 8512/1421/2841
f 8513/1611/3126 8514/1658/3281 8515/1565/2993
f 8516/475/3235 8517/1617/3228 8518/1642/3233
f 8519/813/3017 8520/681/3016 8521/680/3170
f 8522/679/3212 8521/680/3176 8523/681/3016
f 8522/679/3212 8524/498/3213 8525/485/3282
f 8524/498/3213 8526/401/3283 8525/485/3282
f 8527/1594/3072 8528/1056/2377 8529/1302/2485
f 8530/1659/3284 8531/1588/3199 8532/1660/3285
f 8533/1639/3229 8534/1617/3139 8535/475/3235
f 8536/1200/3250 8537/1651/3257 8538/1614/3132
f 8539/1398/2562 8540/1661/3286 8541/932/1429
f 8542/1627/3171 8543/1476/2782 8544/1564/3287
f 8545/1662/3288 8546/1422/3254 8547/1421/3289
f 8548/644/3221 8549/726/3131 8550/1651/3257
f 8548/644/3221 8550/1651/3257 8551/577/3290
f 8552/1659/3284 8553/1641/3291 8554/1588/3199
f 8555/1497/2842 8556/1422/2625 8557/1649/3292
f 8558/1632/3188 8559/1663/3293 8560/1633/3189
f 8561/1649/3255 8562/1422/3254 8563/1662/3294
f 8564/1664/3295 8565/1636/3296 8566/1425/2630
f 8567/1578/3297 8568/1607/3258 8569/641/3298
f 8570/1421/2805 8571/1486/2807 8572/1662/3294
f 8573/581/1637 8574/1027/3299 8575/1228/2263
f 8576/591/3219 8577/670/3218 8578/579/3300
f 8579/1472/3160 8580/1625/3162 8581/1542/3301
f 8582/779/3216 8583/1463/3302 8584/832/3029
f 8585/1664/3303 8586/1425/2630 8587/1426/2790
f 8588/1665/3304 8587/1426/2790 8589/1480/2791
f 8588/1665/3305 8589/1480/2791 8590/1666/3306
f 8591/1631/3186 8592/751/3244 8593/797/3122
f 8591/1631/3186 8594/553/3307 8595/1654/3266
f 8596/1415/2605 8597/1667/3308 8598/1657/3275
f 8599/1414/3309 8597/1667/3310 8600/1415/2605
f 8601/1667/3308 8599/1414/3309 8602/1668/3311
f 8603/1669/3312 8602/1668/3311 8604/1414/2604
f 8604/1414/2604 8605/1500/2846 8603/1669/3313
f 8606/1501/2847 8603/1669/3312 8605/1500/2846
f 8603/1669/3312 8607/1501/2847 8608/1670/3314
f 8607/1501/2847 8609/1671/3315 8608/1670/3314
f 8610/819/1235 8611/1490/2816 8612/1626/3168
f 8613/1309/1939 8614/1582/3316 8615/1672/3317
f 8616/819/1235 8617/1626/3168 8618/237/1488
f 8619/680/3170 8620/679/3212 8621/663/3178
f 8622/485/3282 8623/663/3318 8620/679/3212
f 8624/1639/3319 8625/1673/3320 8626/1640/3321
f 8627/1608/3116 8628/1617/3139 8624/1639/3319
f 8629/1548/2931 8630/1661/3286 8631/1398/2562
f 8632/410/3322 8633/919/3323 8634/1324/2379
f 8635/626/3193 8636/760/3101 8637/591/3219
f 8637/591/3219 8638/531/3324 8639/626/3193
f 8640/1426/3325 8641/1665/3305 8642/1664/3303
f 8643/1674/3326 8644/1632/3188 8645/1641/3231
f 8646/652/3175 8647/528/3327 8648/1648/3251
f 8649/1672/3317 8650/1675/3328 8651/1309/1939
f 8652/1629/3329 8653/1475/2778 8654/1472/3330
f 8655/1490/2816 8656/1540/2908 8657/1676/3331
f 8658/919/1411 8659/1521/2885 8660/1387/2544
f 8661/1610/3124 8662/1058/3123 8663/687/3332
f 8664/1666/3306 8665/1480/2791 8666/1481/2794
f 8664/1666/3306 8667/1492/2820 8668/1677/3333
f 8669/1666/3306 8670/1481/2794 8667/1492/2818
f 8668/1677/3333 8671/1492/2818 8672/1493/3073
f 8673/1514/2863 8674/1678/3334 8675/1515/2864
f 8676/1638/3335 8677/410/3322 8678/1324/3336
f 8679/687/3332 8680/1631/3186 8681/1610/3124
f 8682/484/1926 8683/434/3337 8684/498/3213
f 8685/702/3211 8682/484/1926 8684/498/3213
f 8686/702/3211 8687/629/3136 8682/484/1926
f 8688/703/3050 8687/629/3136 8686/702/3211
f 8689/1607/3338 8690/1608/3116 8691/1679/3339
f 8692/1613/3130 8693/683/3340 8694/1020/3128
f 8695/1679/3339 8696/1680/3341 8697/1607/3338
f 8698/1377/2832 8699/1516/2976 8700/1650/3342
f 8701/687/3332 8702/686/3343 8703/1631/3186
f 8704/677/3177 8705/663/3318 8706/570/3344
f 8707/516/3345 8706/570/3346 8705/663/3178
f 8708/1613/3130 8709/1633/3195 8710/683/3340
f 8711/1674/3326 8712/1663/3293 8713/1632/3188
f 8714/1550/3066 8715/1402/2568 8716/1600/3087
f 8717/1608/3116 8718/1640/3230 8719/1679/3339
f 8720/997/3347 8721/998/3348 8722/1511/3260
f 8723/1549/1021 8724/1459/2737 8725/1681/3349
f 8725/1681/3349 8724/1459/2951 8726/1409/2594
f 8727/675/3350 8728/683/3340 8729/1633/3195
f 8730/1312/3270 8731/1655/3270 8732/1382/3270
f 8733/641/3351 8734/1680/3352 8735/357/3353
f 8736/1518/2874 8737/1291/2586 8738/1410/2595
f 8739/1655/3277 8740/1339/3277 8741/1397/3277
f 8742/1561/2983 8743/1489/2815 8744/1682/3354
f 8745/553/3355 8746/1631/3186 8747/686/3343
f 8748/677/3177 8749/570/3346 8750/596/3262
f 8751/570/3344 8752/493/3356 8750/596/3262
f 8753/1463/2744 8754/957/3357 8755/913/2745
f 8756/400/2833 8757/1635/3217 8758/148/3358
f 8759/568/3359 8760/1202/3222 8761/1648/3251
f 8762/722/3086 8763/818/3085 8764/760/3101
f 8764/760/3101 8765/626/3193 8762/722/3086
f 8766/625/3360 8765/626/3193 8767/531/3324
f 8767/531/3324 8768/398/3361 8766/625/3194
f 8769/625/3194 8768/398/3361 8770/397/3362
f 8771/396/3363 8772/397/3364 8768/398/3361
f 8771/396/3363 8773/1683/3365 8774/290/3366
f 8775/625/3194 8772/397/3364 8776/484/1926
f 8776/484/1926 8777/627/3191 8775/625/3194
f 8778/629/3367 8779/628/3137 8777/627/3191
f 8777/627/3191 8780/484/1926 8781/629/3136
f 8782/1291/2619 8783/1518/2889 8784/1410/2620
f 8785/1596/3076 8786/1650/3256 8787/1485/2802
f 8788/1633/3195 8789/542/3368 8790/675/3350
f 8791/1566/2995 8792/1684/3369 8793/1484/2800
f 8794/579/3300 8795/670/3370 8796/588/3268
f 8797/579/3300 8796/588/3268 8798/486/3371
f 8799/562/3372 8800/1651/3257 8801/1200/3250
f 8802/1569/3269 8803/560/3373 8804/564/1919
f 8805/1646/3240 8806/1645/3267 8807/1642/3233
f 8808/395/3374 8806/1645/3267 8809/1685/3375
f 8806/1645/3238 8810/520/3376 8811/1685/3375
f 8812/1654/3266 8813/553/3355 8810/520/3376
f 8814/560/3377 8815/1569/3378 8816/564/2307
f 8817/1684/3379 8818/1609/3120 8819/1484/2800
f 8820/606/3380 8821/609/1728 8822/1062/1732
f 8823/561/3381 8820/606/3380 8824/1497/3382
f 8825/562/3372 8826/577/3290 8827/1651/3257
f 8828/652/3175 8829/596/3262 8830/528/3327
f 8829/596/3262 8831/494/3383 8830/528/3327
f 8832/146/3384 8833/1653/3264 8834/350/3265
f 8835/1169/3385 8836/1202/3222 8837/568/3386
f 8838/1686/3387 8839/1687/3388 8840/1672/886
f 8841/1688/3389 8842/1550/2938 8843/1600/3087
f 8844/1689/3390 8845/1515/690 8846/1690/3391
f 8847/588/3268 8848/644/3221 8849/577/3290
f 8847/588/3268 8850/577/3290 8851/465/3392
f 8852/1691/3393 8853/1674/3326 8854/1641/3231
f 8855/1026/3394 8856/749/3395 8857/748/2748
f 8858/1663/3293 8859/524/3396 8860/542/3368
f 8861/1674/3326 8859/524/3396 8862/1663/3293
f 8863/542/3397 8864/1633/3195 8862/1663/3293
f 8865/1692/3398 8866/1622/3399 8867/1687/3400
f 8868/1550/3066 8869/1688/3401 8870/1566/3402
f 8871/606/3380 8872/1062/3403 8873/1497/3382
f 8874/1691/3404 8875/1641/3231 8876/1659/3284
f 8877/1693/3405 8878/1690/3391 8879/1611/3406
f 8880/182/3407 8881/1635/3223 8882/400/2987
f 8883/1694/3408 8884/1659/3284 8885/1660/3409
f 8886/562/3372 8887/1200/3250 8888/1165/3410
f 8889/570/3344 8890/516/3345 8891/519/3411
f 8892/1690/3412 8893/1678/3413 8894/1658/3281
f 8895/579/3300 8896/512/3414 8897/591/3415
f 8898/1686/3387 8899/1672/886 8900/1582/3416
f 8901/1479/3417 8902/925/1418 8903/931/2905
f 8903/931/2905 8904/932/3418 8901/1479/3417
f 8905/1689/3390 8906/1513/3419 8907/1515/690
f 8908/1553/2953 8909/969/1493 8910/1392/3420
f 8911/1648/3251 8912/528/3327 8913/568/3359
f 8912/528/3327 8914/453/3421 8915/568/3386
f 8916/1489/2815 8917/1531/2892 8918/1682/3354
f 8919/1490/2816 8920/1676/3331 8921/1626/3168
f 8922/181/3422 8923/510/3423 8924/1652/3424
f 8925/1639/3229 8926/475/3235 8927/1673/3320
f 8928/1686/3387 8929/1692/3398 8930/1687/3400
f 8931/1689/3390 8932/1690/3425 8933/1693/3426
f 8934/1695/3427 8935/1694/3408 8936/1660/3285
f 8937/1696/3428 8938/1582/3416 8939/1307/3429
f 8940/1697/3430 8941/1513/3419 8942/1689/3390
f 8943/1696/3428 8944/1686/3387 8945/1582/3416
f 8946/1635/3223 8947/1564/2988 8948/1377/2507
f 8949/520/3431 8950/1645/3238 8951/1654/3266
f 8952/504/3432 8953/579/3300 8954/486/3371
f 8955/1377/2516 8956/1650/3342 8957/1635/3217
f 8958/1622/3154 8959/1624/3433 8960/1698/3434
f 8961/1423/3435 8962/1622/3436 8963/1692/3398
f 8964/1687/3437 8965/1622/3154 8966/1698/3434
f 8967/1699/3438 8968/1532/2893 8969/1498/2851
f 8970/1692/3398 8971/1700/3439 8972/1423/3440
f 8973/1388/3441 8974/1693/3405 8975/1611/3442
f 8976/1693/3405 8977/1388/3441 8978/1701/3443
f 8979/1626/3168 8980/298/3444 8981/567/3169
f 8982/1392/2554 8983/969/2813 8984/1372/3445
f 8985/1702/3446 8986/1536/3447 8987/1473/2774
f 8988/357/3448 8989/1588/3449 8990/728/3449
f 8991/1536/2900 8992/1702/3446 8993/1703/3450
f 8994/1682/3354 8995/1548/2931 8996/1561/2983
f 8997/553/3307 8998/1704/3451 8999/520/3431
f 9000/1697/3430 9001/1512/3452 9002/1513/3453
f 9003/1687/3437 9004/1698/3434 9005/1675/3328
f 9006/663/3178 9007/485/3282 9008/516/3345
f 9007/485/3282 9009/423/3454 9010/516/3345
f 9011/556/2883 9012/1486/3455 9013/1468/2882
f 9014/1662/3456 9011/556/2883 9015/558/3457
f 9016/952/3458 9017/893/3247 9018/1573/3459
f 9019/1564/3460 9020/1520/3031 9021/1495/3461
f 9022/419/3462 9023/531/3324 9024/512/3414
f 9023/531/3324 9025/591/3415 9024/512/3414
f 9026/551/3463 9027/1705/3464 9028/553/3465
f 9029/1704/3451 9028/553/3355 9027/1705/3466
f 9030/1661/3286 9031/1548/2931 9032/1682/3354
f 9033/1697/3430 9034/1706/3467 9035/1512/3452
f 9036/524/3468 9037/1674/3469 9038/1707/3470
f 9039/341/3471 9038/1707/3470 9040/1674/3326
f 9040/1674/3326 9041/1691/3472 9042/341/3471
f 9043/1696/3428 9044/1307/3429 9045/1708/3473
f 9046/298/3444 9047/548/3474 9048/567/3169
f 9049/1618/3210 9050/1709/3475 9051/1562/2984
f 9052/1540/2908 9051/1562/2996 9050/1709/3475
f 9053/1675/3328 9054/1672/3476 9055/1687/3437
f 9056/1611/3126 9057/1690/3412 9058/1658/3281
f 9059/542/3368 9060/1212/3477 9061/546/3478
f 9060/1212/3477 9062/542/3397 9063/1710/3479
f 9064/1711/3480 9065/1679/3339 9066/1640/3321
f 9067/349/3481 9068/1677/3482 9069/1493/3073
f 9070/465/3392 9071/577/3290 9072/449/3483
f 9073/1453/3484 9074/146/3484 9075/148/3484
f 9076/424/3485 9077/512/3414 9078/504/3432
f 9077/512/3414 9079/579/3300 9078/504/3432
f 9080/1712/3486 9081/1713/3487 9082/1714/3488
f 9083/1695/3427 9080/1712/3486 9084/1714/3489
f 9085/1679/3339 9080/1712/3486 9083/1695/3490
f 9086/1680/3341 9085/1679/3339 9083/1695/3490
f 9087/577/3290 9088/562/3372 9089/449/3483
f 9090/473/3491 9091/1593/3068 9092/893/3070
f 9093/519/3411 9094/425/3492 9095/493/3493
f 9096/570/3346 9093/519/3411 9095/493/3493
f 9097/1688/3494 9098/1684/3369 9099/1566/3402
f 9100/1169/3495 9101/568/3359 9102/453/3421
f 9103/1715/3496 9104/695/3497 9105/926/3498
f 9106/1700/3499 9103/1715/3500 9107/926/3498
f 9107/926/3498 9108/1423/3440 9106/1700/3499
f 9109/556/2883 9110/1662/3501 9111/1486/3455
f 9112/721/3502 9113/1512/3452 9114/1706/3503
f 9115/1716/3504 9116/935/3505 9117/684/3506
f 9118/1701/3443 9119/935/3505 9115/1716/3507
f 9119/935/3505 9118/1701/3443 9120/1388/3441
f 9121/1620/3508 9122/1612/3508 9123/1655/3508
f 9124/1569/3269 9125/1649/3509 9126/560/3373
f 9127/560/3377 9128/1649/3510 9129/1569/3378
f 9130/1655/3511 9131/1612/3511 9132/1620/3511
f 9133/1501/2847 9134/1502/2992 9135/1671/3315
f 9136/1630/3185 9137/1717/3512 9138/1718/3513
f 9139/524/3468 9140/1710/3479 9141/542/3368
f 9139/524/3396 9142/1719/3514 9140/1710/3479
f 9143/551/3463 9144/552/3515 9145/1705/3466
f 9146/1165/3516 9147/449/3483 9148/562/3517
f 9149/1708/3473 9150/1307/3429 9151/717/3518
f 9152/1720/3519 9149/1708/3520 9153/446/3521
f 9154/297/382 9155/581/2052 9156/1279/3522
f 9157/1717/3512 9158/1630/3185 9159/1521/2885
f 9160/1234/3523 9161/1704/3524 9162/1705/3466
f 9163/493/3493 9164/409/3525 9165/494/3383
f 9166/596/3262 9163/493/3493 9167/494/3383
f 9168/1653/3264 9169/1699/3438 9170/1498/2851
f 9171/641/3351 9172/1607/3526 9173/1680/3352
f 9174/1721/3527 9175/1629/3528 9176/1522/3529
f 9177/1502/2992 9178/1722/3530 9179/1671/3315
f 9180/446/3521 9181/1708/3473 9182/717/3518
f 9183/1723/3531 9184/721/3502 9185/1706/3503
f 9186/357/3532 9187/1680/3352 9188/1660/3533
f 9189/1690/3412 9190/1515/2864 9191/1678/3334
f 9192/1724/3534 9193/520/3376 9194/1704/3451
f 9195/1234/3523 9196/482/3535 9194/1704/3524
f 9197/423/3536 9198/485/3282 9199/401/3283
f 9200/721/3502 9201/1723/3531 9202/451/3537
f 9203/1626/3168 9204/1676/3331 9205/298/3444
f 9206/1705/3466 9207/552/3538 9208/1234/3523
f 9209/486/3371 9210/465/3392 9211/331/3539
f 9209/486/3371 9212/588/3268 9210/465/3392
f 9213/546/3478 9214/1212/3477 9215/522/3540
f 9216/1715/3500 9217/1725/3541 9218/695/3497
f 9219/1542/3301 9220/1625/3162 9221/1544/3542
f 9222/531/3324 9223/419/3462 9224/398/3361
f 9225/528/3327 9226/494/3383 9227/453/3421
f 9228/494/3383 9229/406/3543 9227/453/3544
f 9230/1655/3508 9231/1656/3508 9232/1620/3508
f 9233/1656/3511 9234/1655/3511 9235/1620/3511
f 9236/1716/3507 9237/684/3506 9238/1726/3545
f 9239/1540/2908 9240/1709/3475 9241/1676/3546
f 9242/1719/3514 9243/524/3468 9244/1707/3470
f 9245/1649/3509 9246/558/3547 9247/560/3373
f 9248/520/3431 9249/1724/3534 9250/1685/3375
f 9251/1724/3534 9252/380/3548 9250/1685/3375
f 9253/1694/3408 9254/1695/3490 9255/1727/3549
f 9256/1680/3341 9257/1695/3427 9258/1660/3285
f 9259/1714/3488 9260/1727/3549 9257/1695/3490
f 9259/1714/3488 9261/1728/3550 9262/1727/3549
f 9263/516/3551 9264/425/3492 9265/519/3411
f 9266/561/3381 9267/1649/3552 9268/560/3377
f 9269/409/3553 9270/406/3554 9271/494/3383
f 9272/425/3492 9269/409/3553 9273/493/3493
f 9272/425/3492 9274/516/3345 9275/423/3454
f 9276/1657/3275 9277/1729/3555 9278/1618/3556
f 9279/1711/3480 9280/1640/3230 9281/1730/3557
f 9282/1309/3558 9283/1530/3559 9284/1308/3560
f 9282/1309/3561 9285/1531/3562 9283/1530/3559
f 9284/1308/3563 9286/1530/3559 9287/852/2639
f 9288/255/3564 9289/1723/3531 9290/1731/3565
f 9291/1732/3566 9292/311/3567 9293/1725/3568
f 9294/1536/2900 9295/333/436 9296/1537/2899
f 9297/512/3414 9298/424/3485 9299/419/3569
f 9300/1723/3531 9301/255/3564 9302/451/3537
f 9303/1710/3479 9304/1719/3514 9305/525/3570
f 9303/1710/3479 9306/525/3570 9307/1212/3477
f 9308/302/3571 9309/1733/3572 9310/1726/3545
f 9311/1565/3573 9312/749/3395 9313/1026/3163
f 9314/1657/3275 9315/1734/3574 9316/1729/3555
f 9317/1734/3574 9318/1657/3275 9319/1667/3308
f 9317/1734/3574 9320/1668/3311 9321/1735/3575
f 9320/1668/3311 9322/1734/3574 9323/1667/3308
f 9324/1669/3313 9325/1735/3575 9320/1668/3576
f 9324/1669/3312 9326/1670/3577 9327/1736/3578
f 9328/1725/3568 9329/311/3567 9330/695/3497
f 9331/1736/3578 9332/1636/3296 9333/1664/3295
f 9334/1735/3575 9333/1664/3303 9335/1665/3304
f 9334/1735/3575 9336/1736/3578 9337/1664/3295
f 9331/1736/3578 9338/1737/3579 9339/1636/3296
f 9340/1737/3579 9341/1637/3225 9339/1636/3224
f 9342/561/3580 9343/1497/3382 9344/1649/3552
f 9345/1720/3519 9346/446/3581 9347/252/3582
f 9348/684/3583 9349/302/3571 9350/1726/3545
f 9351/504/3432 9352/486/3371 9353/424/3485
f 9354/1205/3584 9355/1704/3451 9356/482/3535
f 9357/1649/3509 9358/1662/3585 9359/558/3457
f 9360/252/3582 9361/1738/3586 9362/1720/3519
f 9363/1735/3575 9364/1665/3587 9365/1734/3574
f 9365/1734/3574 9364/1665/3305 9366/1666/3306
f 9367/1738/3586 9368/252/3582 9369/145/3586
f 9370/331/3539 9371/465/3392 9372/388/3588
f 9372/388/3588 9373/449/3483 9374/355/3589
f 9375/424/3485 9376/486/3371 9370/331/3539
f 9377/1735/3575 9378/1669/3312 9379/1736/3578
f 9380/1588/3449 9381/357/3449 9382/1660/3449
f 9383/1731/3565 9384/1733/3590 9385/224/3591
f 9386/1731/3565 9385/224/3591 9387/139/3592
f 9388/1702/3593 9389/1630/3593 9390/1718/3593
f 9391/1473/3594 9389/1630/3594 9388/1702/3594
f 9391/1473/3594 9392/1454/3594 9389/1630/3594
f 9393/1342/3594 9392/1454/3594 9391/1473/3594
f 9393/1342/3593 9394/885/3593 9392/1454/3593
f 9395/892/3593 9394/885/3593 9393/1342/3593
f 9395/892/3595 9396/718/3595 9394/885/3595
f 9397/672/3593 9396/718/3593 9395/892/3593
f 9397/672/3594 9398/593/3594 9396/718/3594
f 9399/594/3594 9398/593/3594 9397/672/3594
f 9400/1738/3586 9401/225/3596 9402/1732/3566
f 9403/1717/3512 9404/1702/3597 9405/1718/3598
f 9406/364/3599 9407/1719/3514 9408/1707/3470
f 9409/1643/3237 9410/1645/3267 9411/395/3374
f 9411/395/3374 9412/1685/3375 9413/380/3600
f 9414/379/3601 9415/247/3602 9413/380/3548
f 9413/380/3600 9416/1724/3603 9417/379/3601
f 9418/1703/3450 9419/1702/3446 9420/1717/3604
f 9421/1737/3579 9422/1739/3605 9423/1637/3225
f 9424/1547/3606 9425/1721/3527 9426/1522/2887
f 9427/349/3481 9428/1493/2819 9429/1594/3072
f 9430/1537/3607 9431/333/436 9432/1538/2902
f 9433/1538/2902 9431/333/436 9434/1722/3608
f 9435/1740/3609 9436/1594/3072 9437/548/3143
f 9438/1740/3609 9439/349/3481 9436/1594/3072
f 9440/298/3444 9435/1740/3609 9441/548/3474
f 9442/225/3610 9443/1738/3586 9444/145/3586
f 9445/245/3611 9446/341/3471 9447/1691/3612
f 9448/1704/3524 9449/1205/3613 9450/1724/3534
f 9451/1205/3613 9452/379/3614 9450/1724/3615
f 9453/1538/3616 9454/1722/3617 9455/1502/2848
f 9456/1618/3210 9457/1729/3555 9458/1709/3475
f 9457/1729/3618 9459/1666/3306 9460/1677/3333
f 9461/1734/3574 9459/1666/3306 9457/1729/3555
f 9462/406/3554 9463/382/3619 9464/453/3421
f 9465/139/3620 9466/255/3564 9467/1731/3565
f 9468/381/3621 9469/1169/3385 9470/453/3544
f 9471/333/436 9472/1536/2898 9473/1703/3622
f 9474/1673/3623 9475/475/3235 9476/1644/3236
f 9477/525/3570 9478/1719/3514 9479/1246/3624
f 9480/403/3625 9481/1246/3624 9478/1719/3514
f 9482/465/3392 9483/449/3626 9484/388/3627
f 9485/449/3483 9486/1165/3410 9487/368/3628
f 9488/401/3283 9489/498/3213 9490/434/3629
f 9490/434/3337 9491/268/3630 9488/401/3283
f 9492/269/3631 9493/401/3283 9491/268/3630
f 9494/1732/3632 9495/225/3596 9496/311/3567
f 9497/302/3571 9498/224/3591 9499/1733/3633
f 9500/1709/3475 9501/1677/3333 9502/349/3481
f 9503/1729/3555 9501/1677/3333 9500/1709/3475
f 9504/1694/3408 9505/1741/3634 9506/1659/3284
f 9507/434/3635 9508/484/1926 9509/483/3636
f 9509/483/3636 9510/231/3637 9507/434/3638
f 9510/231/3637 9511/483/3636 9512/291/3639
f 9512/291/3639 9513/1742/3640 9514/231/3637
f 9515/484/1926 9516/397/3641 9509/483/3636
f 9516/397/3364 9517/290/3366 9509/483/3636
f 9517/290/3366 9518/230/3642 9519/291/3639
f 9520/483/3636 9517/290/3366 9521/291/3643
f 9522/453/3544 9523/382/3619 9524/381/3621
f 9525/1717/3512 9526/1521/2885 9527/334/437
f 9528/182/3644 9529/1557/2971 9530/1627/3645
f 9531/1676/3331 9532/1740/3609 9533/298/3444
f 9534/1741/3634 9535/1691/3404 9536/1659/3284
f 9537/1670/3577 9538/1737/3579 9539/1736/3578
f 9540/355/3589 9541/449/3483 9542/368/3628
f 9543/771/3646 9544/758/3647 9545/1590/3648
f 9546/1590/3649 9547/758/3650 9548/771/3651
f 9549/758/3647 9550/708/3652 9551/1616/3653
f 9552/1616/3654 9553/733/3655 9554/758/3656
f 9555/764/3657 9556/762/3658 9557/1583/3659
f 9558/1583/3659 9556/762/3658 9559/1587/3660
f 9560/1598/3661 9561/744/3662 9562/733/3663
f 9563/364/3599 9564/1707/3470 9565/341/3471
f 9566/244/3664 9567/403/3625 9563/364/3599
f 9568/403/3625 9569/1719/3514 9563/364/3599
f 9570/1598/3665 9571/733/3666 9572/736/3667
f 9573/762/3668 9574/764/3669 9575/1583/3670
f 9573/762/3668 9576/1583/3670 9577/1587/3671
f 9578/1598/3672 9579/730/3673 9580/733/3655
f 9581/1584/3674 9582/733/3663 9583/767/3675
f 9584/1619/3676 9585/714/3677 9586/744/3662
f 9587/397/3641 9588/396/3363 9589/290/3366
f 9590/1643/3237 9591/395/3374 9592/394/3678
f 9593/394/3678 9594/1644/3236 9590/1643/3237
f 9593/394/3679 9595/395/3374 9596/246/3680
f 9597/1584/3681 9598/767/3682 9599/733/3666
f 9600/714/3683 9601/1619/3684 9602/736/3667
f 9603/771/3646 9604/1587/3660 9605/762/3658
f 9606/1587/3671 9607/771/3651 9608/762/3668
f 9609/1587/3660 9610/771/3646 9611/1590/3648
f 9612/1598/3685 9613/697/3686 9614/1602/3687
f 9615/1584/3688 9616/764/3657 9617/1583/3659
f 9618/714/3677 9619/1602/3687 9620/697/3686
f 9619/1602/3689 9618/714/3677 9621/1603/3677
f 9622/697/3690 9623/730/3691 9624/1602/3692
f 9625/714/3677 9626/1619/3676 9627/1603/3677
f 9628/771/3651 9629/1587/3671 9630/1590/3693
f 9631/764/3657 9632/1584/3688 9633/767/3675
f 9634/714/3683 9635/1602/3692 9636/1603/3683
f 9635/1602/3692 9634/714/3683 9637/697/3694
f 9638/1739/3605 9639/1638/3695 9640/1637/3696
f 9641/1584/2546 9642/1583/3670 9643/764/3669
f 9644/1619/3697 9645/714/3683 9646/1603/3683
f 9647/764/3669 9648/767/3682 9649/1584/3681
f 9650/1676/3546 9651/1709/3475 9652/349/3481
f 9653/697/3686 9654/1598/3685 9655/708/3652
f 9656/708/3652 9654/1598/3685 9657/1616/3653
f 9658/758/3647 9657/1616/3653 9659/1590/3648
f 9660/1598/3672 9661/1602/3692 9662/730/3673
f 9663/1598/3672 9664/733/3655 9665/1616/3654
f 9666/1676/3331 9667/349/3481 9668/1740/3609
f 9669/380/3548 9670/246/3680 9671/395/3374
f 9672/1616/3654 9673/758/3650 9674/1590/3698
f 9675/1670/3577 9676/1671/3699 9677/1737/3700
f 9678/1619/3676 9679/744/3662 9680/1598/3661
f 9681/1598/3661 9682/733/3663 9683/1584/3674
f 9684/423/3454 9685/301/3701 9686/425/3492
f 9687/401/3283 9688/269/3702 9684/423/3454
f 9689/1619/3697 9690/1598/3665 9691/736/3667
f 9692/1598/3703 9693/1584/2546 9694/733/3666
f 9695/213/3704 9696/364/3599 9697/341/3471
f 9698/425/3492 9699/301/3705 9700/409/3553
f 9701/306/3706 9702/424/3485 9703/331/3539
f 9701/306/3706 9704/419/3569 9705/424/3485
f 9706/398/3361 9707/313/3707 9708/396/3363
f 9709/334/3708 9710/1521/2885 9711/410/2886
f 9712/419/3569 9713/306/3706 9714/313/3707
f 9715/1624/3709 9716/1479/3417 9717/932/3418
f 9718/1711/3480 9719/1712/3486 9720/1679/3339
f 9721/1743/3710 9722/1712/3486 9718/1711/3711
f 9721/1743/3712 9723/1744/3713 9724/1745/3714
f 9725/382/3619 9726/406/3543 9727/1746/3715
f 9728/1511/3260 9729/998/3348 9730/1514/3716
f 9731/1514/3716 9729/998/3348 9732/1609/3717
f 9733/1565/3718 9734/1600/3719 9735/749/3395
f 9736/284/3720 9737/388/3588 9738/1747/3721
f 9739/1671/3315 9740/1739/3722 9741/1737/3579
f 9742/1748/3723 9743/1673/3320 9744/1644/3236
f 9745/1730/3557 9746/1640/3321 9743/1673/3320
f 9747/1749/3724 9748/69/3725 9742/1748/3723
f 9749/268/3630 9750/434/3337 9751/231/3637
f 9752/231/3637 9753/1750/3726 9749/268/3630
f 9754/409/3553 9755/293/3727 9756/406/3543
f 9757/1751/3728 9758/1547/3729 9759/1557/2971
f 9760/1703/3622 9761/1717/3604 9762/334/3708
f 9763/1279/2264 9764/581/3730 9765/1228/3731
f 9766/1739/3732 9767/1671/3315 9768/1722/3617
f 9769/293/3733 9770/1746/3715 9771/406/3554
f 9772/313/3734 9773/398/3361 9774/419/3569
f 9775/1752/3735 9772/313/3707 9776/306/3706
f 9777/1747/3721 9778/355/3736 9779/1753/3737
f 9780/331/3539 9781/388/3738 9782/284/3720
f 9783/388/3588 9784/355/3589 9785/1747/3721
f 9786/268/3630 9787/173/3739 9788/269/3631
f 9789/301/3705 9790/423/3454 9788/269/3702
f 9791/382/3619 9792/219/3740 9793/381/3621
f 9794/246/3680 9795/380/3600 9796/247/3740
f 9797/1739/3732 9798/410/3741 9799/1638/3226
f 9800/410/2886 9801/1739/3605 9802/335/3742
f 9803/293/3743 9804/409/3553 9805/301/3705
f 9806/269/3631 9807/1754/3744 9805/301/3705
f 9808/333/436 9809/1703/3450 9810/334/3708
f 9811/1644/3236 9812/394/3679 9813/1749/3745
f 9814/1753/3737 9815/368/3628 9816/222/3664
f 9817/382/3619 9818/1746/3715 9819/219/3740
f 9820/368/3628 9821/1753/3746 9822/355/3589
f 9823/244/3664 9824/364/3599 9825/213/3747
f 9826/1436/3748 9827/539/3748 9828/260/3748
f 9829/1691/3404 9830/1741/3749 9831/245/3611
f 9830/1741/3749 9832/213/3750 9833/245/3611
f 9832/213/3704 9834/1755/3751 9835/244/3664
f 9836/213/3752 9837/341/3471 9833/245/3611
f 9838/1756/3753 9839/1595/3754 9840/1545/3755
f 9841/1757/3756 9842/1741/3749 9843/1694/3757
f 9844/293/3727 9845/301/3705 9846/1754/3744
f 9847/1730/3557 9848/1673/3320 9849/1748/3723
f 9850/284/3720 9851/1752/3735 9852/306/3706
f 9852/306/3706 9853/331/3539 9850/284/3720
f 9854/1747/3721 9851/1752/3758 9855/284/3720
f 9856/394/3679 9857/246/3759 9858/1749/3745
f 9859/1754/3744 9860/269/3631 9861/173/3739
f 9862/173/3739 9863/268/3630 9864/1750/3726
f 9865/1624/3709 9866/932/3760 9867/1661/3761
f 9868/182/3762 9869/1627/3763 9870/1635/3764
f 9870/1635/3764 9869/1627/3763 9871/1564/3765
f 9872/1658/3766 9873/1600/3767 9874/1565/3573
f 9875/278/3748 9876/422/3748 9877/1380/3748
f 9877/1380/3748 9878/964/3748 9875/278/3748
f 9879/539/3748 9880/1436/3748 9881/492/3748
f 9882/848/3748 9883/1374/3748 9884/539/3748
f 9883/1374/3748 9882/848/3748 9885/1071/3748
f 9886/396/3363 9887/177/3768 9888/1683/3365
f 9889/1754/3744 9890/1758/3769 9891/1746/3770
f 9892/230/3771 9893/1759/3772 9894/1742/3640
f 9894/1742/3640 9895/291/3639 9896/230/3771
f 9897/304/3748 9898/422/3748 9899/272/3748
f 9898/422/3748 9900/303/3748 9899/272/3748
f 9901/303/3748 9902/492/3748 9903/1436/3748
f 9904/1596/3773 9905/148/258 9906/1635/3774
f 9906/1635/3775 9907/1650/3776 9904/1596/3773
f 9908/1760/3777 9909/1557/2971 9910/182/3644
f 9911/303/3748 9912/422/3748 9913/492/3748
f 9914/213/3704 9915/1741/3749 9916/1755/3778
f 9917/177/3768 9918/396/3363 9919/313/3707
f 9917/177/3768 9920/1761/3779 9921/1683/3365
f 9922/1753/3737 9923/1762/3780 9924/1747/3721
f 9925/335/3781 9926/1722/3617 9927/333/436
f 9928/1762/3780 9929/1752/3735 9930/1747/3721
f 9931/1722/3782 9932/335/565 9933/1739/3605
f 9934/1763/3783 9935/1721/3527 9936/1547/3784
f 9937/1751/3728 9934/1763/3783 9936/1547/3729
f 9938/219/3740 9939/1758/3769 9940/154/3785
f 9941/422/3748 9942/304/3748 9943/1380/3748
f 9944/1746/3715 9945/293/3727 9946/1754/3786
f 9947/313/3707 9948/1752/3735 9949/177/3768
f 9949/177/3768 9950/105/3787 9951/1761/3779
f 9952/260/3748 9953/539/3748 9954/1374/3748
f 9955/1750/3726 9956/231/3637 9957/1742/3640
f 9958/1764/3788 9957/1742/3640 9959/1759/3772
f 9960/1765/3789 9961/1759/3790 9962/1766/3791
f 9962/1766/3791 9963/230/3642 9964/1683/3365
f 9963/230/3642 9965/290/3366 9964/1683/3365
f 9966/1758/3769 9967/219/3792 9968/1746/3715
f 9969/1644/3236 9970/1749/3724 9971/1748/3723
f 9972/247/3602 9973/1767/3793 9974/246/3759
f 9975/1768/3777 9976/1751/3728 9977/1557/2971
f 9978/1767/3785 9979/1749/3745 9980/246/3680
f 9981/1694/3757 9982/1727/3549 9983/1757/3794
f 9984/65/3795 9985/1741/3749 9983/1757/3794
f 9986/1727/3549 9987/1769/3796 9983/1757/3794
f 9988/1544/3797 9989/1763/3798 9990/1634/3799
f 9991/1770/3800 9990/1634/3799 9989/1763/3798
f 9992/1762/3780 9993/222/3664 9994/135/3778
f 9993/222/3664 9992/1762/3780 9995/1753/3737
f 9996/230/3642 9997/1766/3791 9998/1759/3772
f 9999/173/3739 10000/1750/3726 10001/1764/3788
f 10002/1698/3801 10003/1624/3802 10004/1661/3761
f 10005/1682/3803 10006/1309/3561 10007/1675/3804
f 10008/1684/3805 10009/1514/3716 10010/1609/3806
f 10011/1683/3365 10012/1761/3779 10013/1766/3791
f 10014/1658/3766 10015/1688/3807 10016/1600/3719
f 10017/1309/3561 10018/1682/3803 10019/1531/3562
f 10020/1744/3808 10021/1711/3480 10022/1730/3557
f 10020/1744/3713 10023/1771/3809 10024/1745/3714
f 10025/173/3739 10026/106/3810 10027/1754/3744
f 10028/106/3810 10029/173/3739 10030/1764/3811
f 10031/105/3787 10032/177/3768 10033/1752/3735
f 10034/1545/3812 10035/1634/3799 10036/1770/3813
f 10037/1514/3716 10038/1684/3805 10039/1678/3814
f 10040/1758/3769 10041/1754/3744 10042/1772/3815
f 10043/1773/3816 10044/148/258 10045/1595/3817
f 10046/1596/3773 10045/1595/3818 10044/148/484
f 10047/1762/3780 10048/1774/3819 10049/1752/3735
f 10050/1742/3640 10051/1764/3788 10052/1750/3726
f 10051/1764/3811 10053/1759/3772 10054/1775/3820
f 10055/1755/3751 10056/1741/3749 10057/65/3821
f 10058/1713/3487 10059/1776/3822 10060/1728/3550
f 10061/1714/3489 10058/1713/3487 10060/1728/3550
f 10062/1727/3549 10060/1728/3550 10063/1769/3796
f 10063/1769/3796 10064/1777/3823 10065/1778/3824
f 10059/1776/3825 10066/1779/3826 10067/1780/3827
f 10068/52/1416 10067/1780/3827 10066/1779/3826
f 10069/1745/3714 10066/1779/3826 10059/1776/3822
f 10070/1713/3487 10069/1745/3828 10059/1776/3822
f 10071/1743/3710 10070/1713/3487 10072/1712/3486
f 10070/1713/3487 10071/1743/3710 10073/1745/3714
f 10073/1745/3828 10074/1781/3829 10075/1779/3826
f 10076/1698/3801 10077/1661/3761 10078/1682/3830
f 10079/1678/3814 10080/1688/3831 10081/1658/3766
f 10082/1754/3744 10083/106/3832 10084/1772/3833
f 10085/1752/3834 10086/1774/3819 10087/105/3787
f 10088/1678/3814 10089/1684/3805 10090/1688/3831
f 10091/1782/3835 10092/1762/3780 10093/135/3751
f 10094/1675/3804 10095/1698/3801 10096/1682/3830
f 10097/1748/3723 10098/1783/3836 10099/1744/3808
f 10100/1730/3557 10101/1748/3723 10099/1744/3713
f 10102/1758/3769 10103/1784/3837 10104/154/3785
f 10105/1785/3838 10106/1545/3812 10107/1770/3813
f 10108/1767/3785 10109/69/3725 10110/1749/3745
f 10111/1786/3839 10112/1766/3791 10113/1761/3779
f 10114/1766/3791 10115/1786/3839 10116/1765/3840
f 10117/1765/3841 10118/1787/3842 10119/1775/3820
f 10120/1759/3772 10117/1765/3843 10121/1775/3820
f 10122/1782/3835 10123/1774/3819 10124/1762/3780
f 10125/69/3725 10126/1767/3785 10127/70/3837
f 10128/1758/3769 10129/1772/3815 10130/1784/3844
f 10131/106/3810 10132/1788/3845 10129/1772/3815
f 10133/1789/3846 10134/1769/3796 10135/1728/3550
f 10135/1728/3550 10136/1776/3822 10137/1789/3846
f 10138/1776/3822 10139/1780/3847 10137/1789/3846
f 10140/1786/3839 10141/1790/3848 10142/1765/3849
f 10143/1764/3811 10144/1775/3820 10145/1791/3850
f 10146/1787/3851 10147/1791/3850 10144/1775/3820
f 10148/105/3787 10149/1792/3852 10150/1786/3839
f 10151/1788/3845 10152/106/3832 10153/1791/3853
f 10154/106/3810 10155/1764/3788 10153/1791/3850
f 10156/1786/3839 10157/1761/3854 10158/105/3855
f 10159/1790/3848 10160/1787/3851 10161/1765/3840
f 10162/1757/3794 10163/1769/3796 10164/1778/3824
f 10165/1711/3480 10166/1744/3713 10167/1743/3710
f 10166/1744/3808 10168/1793/3856 10169/1771/3809
f 10170/1771/3857 10168/1793/3856 10171/1781/3829
f 10172/1793/3856 10173/1794/3858 10171/1781/3829
f 10174/1791/3850 10175/1787/3842 10176/1795/3859
f 10177/1774/3819 10178/1792/3852 10179/105/3787
f 10180/1796/3860 10181/1790/3848 10182/1786/3839
f 10183/1796/3860 10184/1786/3839 10185/1792/3852
f 10186/1748/3723 10187/69/3861 10188/1783/3862
f 10189/1790/3848 10190/1797/3863 10191/1787/3842
f 10192/1791/3850 10193/1795/3859 10194/1788/3845
f 10195/1797/3863 10196/1790/3848 10197/1798/3864
f 10198/1799/3865 10199/1787/3851 10195/1797/3866
f 10200/1757/3794 10201/1778/3824 10202/65/3821
f 10203/1800/3867 10204/1792/3852 10205/1774/3819
f 10206/1798/3864 10207/1790/3848 10208/1796/3860
f 10209/1801/3868 10210/1784/3837 10211/1772/3833
f 10212/1795/3859 10213/1787/3851 10214/1799/3858
f 10215/1788/3845 10216/1801/3868 10217/1772/3815
f 10218/1800/3867 10219/1774/3819 10220/1782/3835
f 10221/1744/3808 10222/1783/3836 10223/1793/3856
f 10224/1755/3778 10225/65/3795 10226/64/3835
f 10227/42/3867 10225/65/3795 10228/1778/3824
f 10229/1745/3828 10230/1771/3809 10231/1781/3829
f 10232/1796/3860 10233/1792/3852 10234/1800/3867
f 10235/1777/3869 10236/1769/3796 10237/1789/3846
f 10238/1798/3864 10239/60/1416 10240/1797/3863
f 10241/70/3837 10242/49/3868 10243/69/3725
f 10244/1795/3859 10245/1802/3856 10246/1788/3845
f 10247/49/3868 10248/1783/3836 10249/69/3725
f 10250/1802/3856 10251/1801/3868 10252/1788/3845
f 10253/1789/3846 10254/1780/3827 10255/1803/3870
f 10256/1799/3858 10257/1797/3863 10258/60/1416
f 10259/1804/3823 10260/1796/3860 10261/1800/3867
f 10262/1795/3859 10263/1799/3858 10264/1802/3856
f 10265/65/3795 10266/42/3867 10267/64/3835
f 10268/1796/3860 10269/1804/3869 10270/1805/3870
f 10270/1805/3870 10271/1798/3864 10272/1796/3860
f 10273/1805/3870 10274/60/1416 10275/1798/3864
f 10276/1779/3826 10277/1781/3829 10278/52/1416
f 10279/1781/3871 10280/1794/3865 10281/52/1416
f 10282/1780/3827 10283/52/1416 10284/1803/3870
f 10285/1789/3846 10286/1803/3870 10287/1777/3869
f 10288/1783/3836 10289/49/3868 10290/1793/3856
f 10291/1778/3824 10292/1777/3823 10293/42/3867
f 10294/1806/3872 10295/1807/3872 10296/1808/3872
f 10297/1807/3872 10298/1806/3872 10299/1809/3872
f 10300/1810/3873 10301/1808/3873 10302/1807/3873
f 10303/1808/3872 10304/1810/3872 10305/1811/3872
f 10306/1812/3872 10307/1811/3872 10308/1810/3872
f 10309/1813/3872 10306/1812/3872 10310/1814/3872
f 10306/1812/3872 10309/1813/3872 10311/1815/3872
f 10312/1811/3872 10313/1812/3872 10314/1815/3872
