# Wavefront OBJ file
# Exported by Misfit Model 3D 1.3.8
# Tue Mar 31 10:23:09 2015

mtllib bluemoon.mtl

# 252 Vertices
v 0.213379 0.202026 0.352295
v 0.268799 0.411133 0.436768
v -0.147705 0.520996 0.448486
v -0.306641 0.325928 0.364746
v 0.175903 4.542969 0.419678
v -0.253174 4.398438 0.45166
v 0.118774 4.128906 0.466064
v 0.372559 2.265625 0.14856
v 0.414551 2.302734 0.072632
v 0.366943 2.429688 0.069214
v 0.275879 2.521484 0.144287
v 0.39917 2.466797 0.000031
v 0.463379 2.269531 0.000031
v 0.370605 1.408203 0.380371
v 0.574219 1.583984 0.231445
v 0.563965 1.762695 0.238647
v 0.203613 1.704102 0.390869
v -0.318604 1.771484 0.530762
v -0.167603 1.514648 0.525879
v 0.083984 1.645508 0.467041
v -0.135498 1.824219 0.460449
v -1.194336 0.986328 0.418457
v -0.869141 1.15332 0.501953
v -1.105469 1.494141 0.523926
v -1.464844 1.37207 0.441895
v 0.060883 1.203125 0.507324
v 0.273193 1.342773 0.453125
v -0.792969 0.616699 0.390381
v -0.523438 0.804688 0.474121
v 0.633789 1.635742 0.192505
v 0.621582 1.78418 0.196777
v 0.297607 0.908691 0.488281
v 0.431885 1.144531 0.398926
v 0.791992 0.202759 0.352783
v 0.791016 0.378906 0.434082
v 0.794434 0.920898 0.345947
v 0.793457 0.74707 0.468018
v 1.397461 0.353516 0.369629
v 1.347656 0.465576 0.420166
v 1.196289 0.822266 0.354004
v 1.245117 0.712402 0.449219
v 1.701172 0.556641 0.29541
v 1.645508 0.631836 0.363037
v 1.469727 0.875 0.355469
v 1.519531 0.801758 0.472168
v 1.895508 0.757324 0.186279
v 1.797852 0.827637 0.324463
v 1.628906 0.964844 0.447021
v 1.5625 1.027344 0.39917
v 1.966797 0.941895 0.162109
v 1.878906 1.061523 0.312744
v 1.665039 1.136719 0.351074
v 1.724609 1.116211 0.373535
v 1.954102 1.069336 0.168091
v 1.896484 1.125977 0.153687
v 1.710938 1.197266 0.236328
v 1.788086 1.185547 0.216675
v -0.409424 2.097656 0.543457
v -0.102905 2.140625 0.477295
v -1.260742 1.96875 0.540527
v -1.65332 1.902344 0.461426
v -0.29834 2.748047 0.483154
v -0.581055 2.716797 0.550293
v -1.370117 2.628906 0.549316
v -1.736328 2.587891 0.470215
v -0.383789 3.115234 0.468506
v -0.613281 3.134766 0.539063
v -1.62207 3.220703 0.459473
v -1.289063 3.191406 0.540039
v -0.482178 3.488281 0.522949
v -0.283203 3.425781 0.456299
v -1.353516 3.759766 0.43457
v -1.066406 3.671875 0.515137
v -0.262939 3.796875 0.503418
v -0.116333 3.708984 0.440918
v -0.93457 4.214844 0.403564
v -0.70752 4.074219 0.485352
v 0.186768 3.972656 0.36499
v -0.397949 4.585938 0.369629
v 0.691895 3.826172 0.303467
v 0.700684 4.039063 0.438721
v 0.741211 4.789063 0.303711
v 0.140015 4.792969 0.340332
v 0.726074 4.492188 0.411377
v 1.116211 3.939453 0.25
v 1.129883 4.089844 0.418457
v 1.137695 4.632813 0.261475
v 1.140625 4.410156 0.399902
v 1.27832 4.140625 0.154053
v 1.258789 4.199219 0.298096
v 1.271484 4.472656 0.174561
v 1.256836 4.34375 0.290527
v 0.04245 2.160156 0.396484
v 0.20752 2.212891 0.272705
v 0.055206 2.642578 0.273682
v -0.165405 2.763672 0.402344
v -0.426514 0.158569 -0.000031
v 0.172485 0.023117 -0.000031
v 0.798828 0.045776 -0.000031
v 1.450195 0.242065 -0.000031
v 1.767578 0.478516 -0.000031
v 1.953125 0.711426 -0.000031
v 2.019531 0.937012 -0.000031
v 1.979492 1.085938 -0.000031
v 1.800781 1.216797 0.000031
v 1.708008 1.227539 -0.000031
v 1.914063 1.152344 0.000031
v 1.605469 1.199219 0.000031
v 1.482422 1.091797 0.000031
v 1.418945 0.943359 -0.000031
v 1.168945 0.930176 -0.000031
v 0.812988 1.066406 -0.000031
v 0.558594 1.31543 -0.000031
v 0.553711 1.414063 -0.000031
v 0.602051 1.530273 0.000031
v 0.67041 1.611328 -0.000031
v 0.658203 1.816406 -0.000031
v 0.57373 1.828125 -0.000031
v 0.346191 1.787109 -0.000031
v 0.241211 1.950195 0.000031
v -0.023346 1.860352 0.380127
v 0.259521 2.115234 0.000031
v 0.339844 2.15625 0.000031
v 0.420166 2.197266 0.000031
v 0.29126 2.585938 0.000031
v 0.152954 2.714844 0.000031
v 0.014648 2.84375 0.000031
v -0.024002 3.083984 0.000031
v -0.280029 3.105469 0.387451
v 0.028503 3.326172 0.000031
v -0.194946 3.398438 0.378174
v 0.121704 3.556641 0.000031
v -0.055115 3.671875 0.366943
v 0.266113 3.798828 0.000031
v 0.543457 3.652344 0.000031
v 0.827148 3.640625 0.000031
v 1.140625 3.808594 0.000031
v 1.330078 4.117188 0.000031
v 1.337891 4.363281 0.000031
v 1.31543 4.429688 0.000031
v 1.345703 4.195313 0.000031
v 1.171875 4.691406 0.000031
v 0.90918 4.855469 0.000031
v 0.601563 4.945313 0.000031
v 0.10437 4.917969 0.000031
v -0.509766 4.699219 0.000031
v -1.111328 4.335938 0.000031
v -1.577148 3.841797 0.000031
v -1.880859 3.251953 0.000031
v -2.019531 2.5625 0.000031
v -1.953125 1.849609 0.000031
v -1.738281 1.272461 -0.000031
v -1.439453 0.849609 -0.000031
v -0.995117 0.459961 -0.000031
v 0.213379 0.202026 -0.352295
v -0.306641 0.325928 -0.364746
v -0.147705 0.520996 -0.448486
v 0.268799 0.411133 -0.436768
v 0.175903 4.542969 -0.419678
v 0.118774 4.128906 -0.466064
v -0.253174 4.398438 -0.45166
v 0.372559 2.265625 -0.14856
v 0.275879 2.521484 -0.144287
v 0.366943 2.429688 -0.069214
v 0.414551 2.302734 -0.072632
v 0.370605 1.408203 -0.380371
v 0.203613 1.704102 -0.390869
v 0.563965 1.762695 -0.238647
v 0.574219 1.583984 -0.231445
v -0.318604 1.771484 -0.530762
v -0.135498 1.824219 -0.460449
v 0.083984 1.645508 -0.467041
v -0.167603 1.514648 -0.525879
v -1.194336 0.986328 -0.418457
v -1.464844 1.37207 -0.441895
v -1.105469 1.494141 -0.523926
v -0.869141 1.15332 -0.501953
v 0.273193 1.342773 -0.453125
v 0.060883 1.203125 -0.507324
v -0.792969 0.616699 -0.390381
v -0.523438 0.804688 -0.474121
v 0.633789 1.635742 -0.192505
v 0.621582 1.78418 -0.196777
v 0.431885 1.144531 -0.398926
v 0.297607 0.908691 -0.488281
v 0.791992 0.202759 -0.352783
v 0.791016 0.378906 -0.434082
v 0.794434 0.920898 -0.345947
v 0.793457 0.74707 -0.468018
v 1.397461 0.353516 -0.369629
v 1.347656 0.465576 -0.420166
v 1.196289 0.822266 -0.354004
v 1.245117 0.712402 -0.449219
v 1.701172 0.556641 -0.29541
v 1.645508 0.631836 -0.363037
v 1.469727 0.875 -0.355469
v 1.519531 0.801758 -0.472168
v 1.895508 0.757324 -0.186279
v 1.797852 0.827637 -0.324463
v 1.5625 1.027344 -0.39917
v 1.628906 0.964844 -0.447021
v 1.966797 0.941895 -0.162109
v 1.878906 1.061523 -0.312744
v 1.665039 1.136719 -0.351074
v 1.724609 1.116211 -0.373535
v 1.954102 1.069336 -0.168091
v 1.896484 1.125977 -0.153687
v 1.710938 1.197266 -0.236328
v 1.788086 1.185547 -0.216675
v -0.409424 2.097656 -0.543457
v -0.102905 2.140625 -0.477295
v -1.65332 1.902344 -0.461426
v -1.260742 1.96875 -0.540527
v -0.29834 2.748047 -0.483154
v -0.581055 2.716797 -0.550293
v -1.736328 2.587891 -0.470215
v -1.370117 2.628906 -0.549316
v -0.383789 3.115234 -0.468506
v -0.613281 3.134766 -0.539063
v -1.62207 3.220703 -0.459473
v -1.289063 3.191406 -0.540039
v -0.482178 3.488281 -0.522949
v -0.283203 3.425781 -0.456299
v -1.353516 3.759766 -0.43457
v -1.066406 3.671875 -0.515137
v -0.262939 3.796875 -0.503418
v -0.116333 3.708984 -0.440918
v -0.93457 4.214844 -0.403564
v -0.70752 4.074219 -0.485352
v 0.186768 3.972656 -0.36499
v -0.397949 4.585938 -0.369629
v 0.700684 4.039063 -0.438721
v 0.691895 3.826172 -0.303467
v 0.741211 4.789063 -0.303711
v 0.726074 4.492188 -0.411377
v 0.140015 4.824219 -0.33667
v 1.116211 3.939453 -0.25
v 1.129883 4.089844 -0.418457
v 1.137695 4.632813 -0.261475
v 1.140625 4.410156 -0.399902
v 1.27832 4.140625 -0.154053
v 1.258789 4.199219 -0.298096
v 1.271484 4.472656 -0.174561
v 1.256836 4.34375 -0.290527
v 0.04245 2.160156 -0.396484
v -0.165405 2.763672 -0.402344
v 0.055206 2.642578 -0.273682
v 0.20752 2.212891 -0.272705
v -0.023346 1.860352 -0.380127
v -0.280029 3.105469 -0.387451
v -0.194946 3.398438 -0.378174
v -0.055115 3.671875 -0.366943

# 1500 Texture Coordinates
vt 0.726074 0.497559
vt 0.720215 0.492187
vt 0.725098 0.464844
vt 0.726074 0.497559
vt 0.708496 0.524414
vt 0.705078 0.513184
vt 0.725098 0.464844
vt 0.731445 0.45752
vt 0.726074 0.497559
vt 0.705078 0.513184
vt 0.720215 0.492187
vt 0.726074 0.497559
vt 0.705078 0.513184
vt 0.708496 0.524414
vt 0.683105 0.553467
vt 0.714844 0.458984
vt 0.725098 0.464844
vt 0.720215 0.492187
vt 0.731445 0.45752
vt 0.725098 0.464844
vt 0.714844 0.458984
vt 0.720215 0.492187
vt 0.705078 0.513184
vt 0.714844 0.458984
vt 0.714844 0.458984
vt 0.720703 0.445801
vt 0.731445 0.45752
vt 0.703125 0.439453
vt 0.720703 0.445801
vt 0.714844 0.458984
vt 0.664551 0.544434
vt 0.683105 0.553467
vt 0.662598 0.585693
vt 0.683105 0.553467
vt 0.664551 0.544434
vt 0.705078 0.513184
vt 0.714844 0.458984
vt 0.679199 0.454102
vt 0.703125 0.439453
vt 0.624023 0.575928
vt 0.662598 0.585693
vt 0.658691 0.637207
vt 0.679199 0.454102
vt 0.714844 0.458984
vt 0.705078 0.513184
vt 0.705078 0.513184
vt 0.664551 0.544434
vt 0.679199 0.454102
vt 0.685547 0.433594
vt 0.703125 0.439453
vt 0.679199 0.454102
vt 0.662598 0.585693
vt 0.624023 0.575928
vt 0.664551 0.544434
vt 0.61377 0.647949
vt 0.658691 0.637207
vt 0.673828 0.687744
vt 0.679199 0.454102
vt 0.643555 0.449219
vt 0.685547 0.433594
vt 0.643555 0.449219
vt 0.679199 0.454102
vt 0.664551 0.544434
vt 0.658691 0.637207
vt 0.61377 0.647949
vt 0.624023 0.575928
vt 0.664551 0.544434
vt 0.624023 0.575928
vt 0.643555 0.449219
vt 0.642578 0.703369
vt 0.673828 0.687744
vt 0.708984 0.72876
vt 0.618652 0.391602
vt 0.674805 0.400391
vt 0.685547 0.433594
vt 0.673828 0.687744
vt 0.642578 0.703369
vt 0.61377 0.647949
vt 0.685547 0.433594
vt 0.643555 0.449219
vt 0.618652 0.391602
vt 0.613281 0.449707
vt 0.643555 0.449219
vt 0.624023 0.575928
vt 0.681152 0.753052
vt 0.708984 0.72876
vt 0.750488 0.775024
vt 0.618652 0.391602
vt 0.643555 0.449219
vt 0.613281 0.449707
vt 0.708984 0.72876
vt 0.681152 0.753052
vt 0.642578 0.703369
vt 0.65918 0.353027
vt 0.693359 0.372559
vt 0.674805 0.400391
vt 0.674805 0.400391
vt 0.618652 0.391602
vt 0.65918 0.353027
vt 0.59668 0.577393
vt 0.624023 0.575928
vt 0.61377 0.647949
vt 0.750488 0.775024
vt 0.742188 0.804932
vt 0.681152 0.753052
vt 0.624023 0.575928
vt 0.59668 0.577393
vt 0.613281 0.449707
vt 0.642578 0.703369
vt 0.681152 0.753052
vt 0.67041 0.762451
vt 0.742188 0.804932
vt 0.750488 0.775024
vt 0.810059 0.742187
vt 0.67041 0.762451
vt 0.681152 0.753052
vt 0.742188 0.804932
vt 0.632324 0.345215
vt 0.65918 0.353027
vt 0.618652 0.391602
vt 0.61377 0.647949
vt 0.642578 0.703369
vt 0.625488 0.71167
vt 0.67041 0.762451
vt 0.625488 0.71167
vt 0.642578 0.703369
vt 0.549316 0.45166
vt 0.613281 0.449707
vt 0.59668 0.577393
vt 0.613281 0.449707
vt 0.594238 0.387695
vt 0.618652 0.391602
vt 0.644043 0.785034
vt 0.67041 0.762451
vt 0.742188 0.804932
vt 0.594238 0.387695
vt 0.613281 0.449707
vt 0.549316 0.45166
vt 0.618652 0.391602
vt 0.594238 0.387695
vt 0.632324 0.345215
vt 0.625488 0.71167
vt 0.67041 0.762451
vt 0.644043 0.785034
vt 0.61377 0.647949
vt 0.593262 0.65332
vt 0.59668 0.577393
vt 0.810059 0.742187
vt 0.839355 0.759399
vt 0.742188 0.804932
vt 0.625488 0.71167
vt 0.593262 0.65332
vt 0.61377 0.647949
vt 0.839355 0.759399
vt 0.810059 0.742187
vt 0.860352 0.72168
vt 0.632324 0.345215
vt 0.594238 0.387695
vt 0.555176 0.383301
vt 0.593262 0.65332
vt 0.625488 0.71167
vt 0.587402 0.730469
vt 0.839355 0.759399
vt 0.860352 0.72168
vt 0.927246 0.739502
vt 0.549316 0.45166
vt 0.555176 0.383301
vt 0.594238 0.387695
vt 0.644043 0.785034
vt 0.587402 0.730469
vt 0.625488 0.71167
vt 0.927246 0.739502
vt 0.930176 0.7677
vt 0.839355 0.759399
vt 0.555176 0.383301
vt 0.576172 0.327637
vt 0.632324 0.345215
vt 0.930176 0.7677
vt 0.927246 0.739502
vt 0.980469 0.794434
vt 0.59668 0.577393
vt 0.537598 0.580322
vt 0.549316 0.45166
vt 0.537598 0.580322
vt 0.59668 0.577393
vt 0.593262 0.65332
vt 0.742188 0.804932
vt 0.839355 0.759399
vt 0.849609 0.80127
vt 0.632324 0.345215
vt 0.576172 0.327637
vt 0.61084 0.257812
vt 0.849609 0.80127
vt 0.839355 0.759399
vt 0.930176 0.7677
vt 0.971191 0.802124
vt 0.980469 0.794434
vt 0.986816 0.811157
vt 0.593262 0.65332
vt 0.546875 0.664551
vt 0.537598 0.580322
vt 0.980469 0.794434
vt 0.971191 0.802124
vt 0.930176 0.7677
vt 0.587402 0.730469
vt 0.546875 0.664551
vt 0.593262 0.65332
vt 0.476318 0.197754
vt 0.61084 0.257812
vt 0.576172 0.327637
vt 0.986816 0.811157
vt 0.969238 0.815063
vt 0.971191 0.802124
vt 0.537598 0.580322
vt 0.546875 0.664551
vt 0.411621 0.698486
vt 0.930176 0.7677
vt 0.938965 0.796997
vt 0.849609 0.80127
vt 0.974609 0.843872
vt 0.969238 0.815063
vt 0.986816 0.811157
vt 0.938965 0.796997
vt 0.930176 0.7677
vt 0.971191 0.802124
vt 0.546875 0.664551
vt 0.587402 0.730469
vt 0.475098 0.786377
vt 0.971191 0.802124
vt 0.969238 0.815063
vt 0.938965 0.796997
vt 0.938965 0.796997
vt 0.969238 0.815063
vt 0.974609 0.843872
vt 0.986816 0.811157
vt 0.990723 0.845337
vt 0.974609 0.843872
vt 0.475098 0.786377
vt 0.411621 0.698486
vt 0.546875 0.664551
vt 0.849609 0.80127
vt 0.938965 0.796997
vt 0.953125 0.860596
vt 0.563965 0.854614
vt 0.475098 0.786377
vt 0.587402 0.730469
vt 0.974121 0.865601
vt 0.974609 0.843872
vt 0.990723 0.845337
vt 0.974609 0.843872
vt 0.953125 0.860596
vt 0.938965 0.796997
vt 0.587402 0.730469
vt 0.644043 0.785034
vt 0.563965 0.854614
vt 0.953125 0.860596
vt 0.974609 0.843872
vt 0.974121 0.865601
vt 0.990723 0.845337
vt 0.987793 0.862061
vt 0.974121 0.865601
vt 0.953125 0.860596
vt 0.87207 0.890869
vt 0.849609 0.80127
vt 0.742188 0.804932
vt 0.734375 0.838257
vt 0.644043 0.785034
vt 0.974121 0.865601
vt 0.987793 0.862061
vt 0.969727 0.911987
vt 0.974121 0.865601
vt 0.956055 0.891663
vt 0.953125 0.860596
vt 0.849609 0.80127
vt 0.734375 0.838257
vt 0.742188 0.804932
vt 0.734375 0.838257
vt 0.849609 0.80127
vt 0.87207 0.890869
vt 0.969727 0.911987
vt 0.956055 0.891663
vt 0.974121 0.865601
vt 0.87207 0.890869
vt 0.953125 0.860596
vt 0.956055 0.891663
vt 0.644043 0.785034
vt 0.734375 0.838257
vt 0.668945 0.904419
vt 0.956055 0.891663
vt 0.969727 0.911987
vt 0.922363 0.950714
vt 0.668945 0.904419
vt 0.563965 0.854614
vt 0.644043 0.785034
vt 0.87207 0.890869
vt 0.761719 0.91864
vt 0.734375 0.838257
vt 0.956055 0.891663
vt 0.878418 0.928223
vt 0.87207 0.890869
vt 0.922363 0.950714
vt 0.878418 0.928223
vt 0.956055 0.891663
vt 0.761719 0.91864
vt 0.668945 0.904419
vt 0.734375 0.838257
vt 0.761719 0.91864
vt 0.87207 0.890869
vt 0.878418 0.928223
vt 0.878418 0.928223
vt 0.922363 0.950714
vt 0.86377 0.97966
vt 0.475098 0.786377
vt 0.563965 0.854614
vt 0.534668 0.878235
vt 0.878418 0.928223
vt 0.86377 0.97966
vt 0.762207 0.987297
vt 0.668945 0.904419
vt 0.761719 0.91864
vt 0.762207 0.948242
vt 0.878418 0.928223
vt 0.762207 0.948242
vt 0.761719 0.91864
vt 0.762207 0.987297
vt 0.762207 0.948242
vt 0.878418 0.928223
vt 0.411621 0.698486
vt 0.475098 0.786377
vt 0.436279 0.805054
vt 0.563965 0.854614
vt 0.668945 0.904419
vt 0.653809 0.930847
vt 0.762207 0.948242
vt 0.762207 0.987297
vt 0.628906 0.968231
vt 0.534668 0.878235
vt 0.436279 0.805054
vt 0.475098 0.786377
vt 0.653809 0.930847
vt 0.534668 0.878235
vt 0.563965 0.854614
vt 0.762207 0.948242
vt 0.653809 0.930847
vt 0.668945 0.904419
vt 0.628906 0.968231
vt 0.653809 0.930847
vt 0.762207 0.948242
vt 0.436279 0.805054
vt 0.365234 0.709229
vt 0.411621 0.698486
vt 0.384033 0.832886
vt 0.436279 0.805054
vt 0.534668 0.878235
vt 0.653809 0.930847
vt 0.628906 0.968231
vt 0.494385 0.915588
vt 0.494385 0.915588
vt 0.534668 0.878235
vt 0.653809 0.930847
vt 0.534668 0.878235
vt 0.494385 0.915588
vt 0.384033 0.832886
vt 0.436279 0.805054
vt 0.384033 0.832886
vt 0.298828 0.726562
vt 0.298828 0.726562
vt 0.365234 0.709229
vt 0.436279 0.805054
vt 0.373535 0.588867
vt 0.411621 0.698486
vt 0.365234 0.709229
vt 0.411621 0.698486
vt 0.373535 0.588867
vt 0.537598 0.580322
vt 0.365234 0.709229
vt 0.298828 0.726562
vt 0.244385 0.596924
vt 0.370605 0.454102
vt 0.549316 0.45166
vt 0.537598 0.580322
vt 0.365234 0.709229
vt 0.320068 0.593018
vt 0.373535 0.588867
vt 0.537598 0.580322
vt 0.373535 0.588867
vt 0.370605 0.454102
vt 0.244385 0.596924
vt 0.320068 0.593018
vt 0.365234 0.709229
vt 0.384033 0.354004
vt 0.555176 0.383301
vt 0.549316 0.45166
vt 0.320068 0.593018
vt 0.244385 0.596924
vt 0.233398 0.454102
vt 0.316895 0.453613
vt 0.370605 0.454102
vt 0.373535 0.588867
vt 0.549316 0.45166
vt 0.370605 0.454102
vt 0.384033 0.354004
vt 0.555176 0.383301
vt 0.384033 0.354004
vt 0.419189 0.278809
vt 0.373535 0.588867
vt 0.320068 0.593018
vt 0.316895 0.453613
vt 0.233398 0.454102
vt 0.316895 0.453613
vt 0.320068 0.593018
vt 0.419189 0.278809
vt 0.576172 0.327637
vt 0.555176 0.383301
vt 0.332764 0.344727
vt 0.384033 0.354004
vt 0.370605 0.454102
vt 0.316895 0.453613
vt 0.233398 0.454102
vt 0.254639 0.331543
vt 0.576172 0.327637
vt 0.419189 0.278809
vt 0.476318 0.197754
vt 0.370605 0.454102
vt 0.316895 0.453613
vt 0.332764 0.344727
vt 0.254639 0.331543
vt 0.332764 0.344727
vt 0.316895 0.453613
vt 0.367676 0.262207
vt 0.419189 0.278809
vt 0.384033 0.354004
vt 0.332764 0.344727
vt 0.254639 0.331543
vt 0.297119 0.238281
vt 0.384033 0.354004
vt 0.332764 0.344727
vt 0.367676 0.262207
vt 0.297119 0.238281
vt 0.367676 0.262207
vt 0.332764 0.344727
vt 0.434082 0.17627
vt 0.476318 0.197754
vt 0.419189 0.278809
vt 0.367676 0.262207
vt 0.297119 0.238281
vt 0.373047 0.146973
vt 0.419189 0.278809
vt 0.367676 0.262207
vt 0.434082 0.17627
vt 0.373047 0.146973
vt 0.434082 0.17627
vt 0.367676 0.262207
vt 0.61084 0.257812
vt 0.476318 0.197754
vt 0.541992 0.128906
vt 0.434082 0.17627
vt 0.373047 0.146973
vt 0.476318 0.069824
vt 0.61084 0.257812
vt 0.65918 0.27832
vt 0.632324 0.345215
vt 0.476318 0.197754
vt 0.434082 0.17627
vt 0.513672 0.104492
vt 0.65918 0.353027
vt 0.632324 0.345215
vt 0.65918 0.27832
vt 0.476318 0.069824
vt 0.513672 0.104492
vt 0.434082 0.17627
vt 0.513672 0.104492
vt 0.541992 0.128906
vt 0.476318 0.197754
vt 0.541992 0.128906
vt 0.647949 0.191406
vt 0.61084 0.257812
vt 0.65918 0.27832
vt 0.61084 0.257812
vt 0.647949 0.191406
vt 0.513672 0.104492
vt 0.476318 0.069824
vt 0.589844 0.022461
vt 0.693359 0.372559
vt 0.65918 0.353027
vt 0.734863 0.352539
vt 0.541992 0.128906
vt 0.513672 0.104492
vt 0.609863 0.064453
vt 0.589844 0.022461
vt 0.609863 0.064453
vt 0.513672 0.104492
vt 0.734863 0.352539
vt 0.738281 0.363281
vt 0.693359 0.372559
vt 0.609863 0.064453
vt 0.589844 0.022461
vt 0.719238 0.009766
vt 0.65918 0.27832
vt 0.681641 0.288574
vt 0.65918 0.353027
vt 0.734863 0.352539
vt 0.65918 0.353027
vt 0.681641 0.288574
vt 0.738281 0.363281
vt 0.734863 0.352539
vt 0.749512 0.34668
vt 0.609863 0.064453
vt 0.623047 0.093262
vt 0.541992 0.128906
vt 0.719238 0.009766
vt 0.724121 0.043457
vt 0.609863 0.064453
vt 0.749512 0.34668
vt 0.755859 0.351074
vt 0.738281 0.363281
vt 0.647949 0.191406
vt 0.541992 0.128906
vt 0.623047 0.093262
vt 0.623047 0.093262
vt 0.609863 0.064453
vt 0.724121 0.043457
vt 0.724121 0.043457
vt 0.719238 0.009766
vt 0.855957 0.026367
vt 0.744141 0.325195
vt 0.749512 0.34668
vt 0.734863 0.352539
vt 0.755859 0.351074
vt 0.749512 0.34668
vt 0.744141 0.325195
vt 0.742676 0.142578
vt 0.647949 0.191406
vt 0.623047 0.093262
vt 0.744141 0.325195
vt 0.748535 0.320312
vt 0.755859 0.351074
vt 0.855957 0.026367
vt 0.850586 0.048828
vt 0.724121 0.043457
vt 0.681641 0.288574
vt 0.72998 0.316895
vt 0.734863 0.352539
vt 0.748535 0.320312
vt 0.744141 0.325195
vt 0.72998 0.316895
vt 0.850586 0.048828
vt 0.855957 0.026367
vt 0.929688 0.058594
vt 0.734863 0.352539
vt 0.72998 0.316895
vt 0.744141 0.325195
vt 0.724121 0.043457
vt 0.728027 0.069824
vt 0.623047 0.093262
vt 0.72998 0.316895
vt 0.732422 0.306641
vt 0.748535 0.320312
vt 0.728027 0.069824
vt 0.724121 0.043457
vt 0.850586 0.048828
vt 0.623047 0.093262
vt 0.728027 0.069824
vt 0.742676 0.142578
vt 0.72998 0.316895
vt 0.681641 0.288574
vt 0.714844 0.291992
vt 0.714844 0.291992
vt 0.732422 0.306641
vt 0.72998 0.316895
vt 0.850586 0.048828
vt 0.845215 0.068359
vt 0.728027 0.069824
vt 0.684082 0.233887
vt 0.681641 0.288574
vt 0.65918 0.27832
vt 0.714844 0.291992
vt 0.681641 0.288574
vt 0.684082 0.233887
vt 0.929688 0.058594
vt 0.92041 0.075195
vt 0.850586 0.048828
vt 0.647949 0.191406
vt 0.684082 0.233887
vt 0.65918 0.27832
vt 0.684082 0.233887
vt 0.725586 0.265625
vt 0.714844 0.291992
vt 0.845215 0.068359
vt 0.850586 0.048828
vt 0.92041 0.075195
vt 0.92041 0.075195
vt 0.929688 0.058594
vt 0.976074 0.098633
vt 0.749512 0.177246
vt 0.684082 0.233887
vt 0.647949 0.191406
vt 0.725586 0.265625
vt 0.684082 0.233887
vt 0.749512 0.177246
vt 0.647949 0.191406
vt 0.742676 0.142578
vt 0.749512 0.177246
vt 0.92041 0.075195
vt 0.912109 0.092285
vt 0.845215 0.068359
vt 0.976074 0.098633
vt 0.964844 0.111328
vt 0.92041 0.075195
vt 0.749512 0.177246
vt 0.766602 0.21582
vt 0.725586 0.265625
vt 0.833496 0.121094
vt 0.742676 0.142578
vt 0.728027 0.069824
vt 0.912109 0.092285
vt 0.92041 0.075195
vt 0.964844 0.111328
vt 0.728027 0.069824
vt 0.845215 0.068359
vt 0.833496 0.121094
vt 0.766602 0.21582
vt 0.749512 0.177246
vt 0.827637 0.144531
vt 0.964844 0.111328
vt 0.976074 0.098633
vt 0.997559 0.139648
vt 0.827637 0.144531
vt 0.749512 0.177246
vt 0.742676 0.142578
vt 0.845215 0.068359
vt 0.912109 0.092285
vt 0.893066 0.129883
vt 0.827637 0.144531
vt 0.825195 0.185547
vt 0.766602 0.21582
vt 0.742676 0.142578
vt 0.833496 0.121094
vt 0.827637 0.144531
vt 0.893066 0.129883
vt 0.833496 0.121094
vt 0.845215 0.068359
vt 0.964844 0.111328
vt 0.950684 0.125488
vt 0.912109 0.092285
vt 0.825195 0.185547
vt 0.827637 0.144531
vt 0.885254 0.145996
vt 0.893066 0.129883
vt 0.912109 0.092285
vt 0.950684 0.125488
vt 0.833496 0.121094
vt 0.893066 0.129883
vt 0.885254 0.145996
vt 0.885254 0.145996
vt 0.827637 0.144531
vt 0.833496 0.121094
vt 0.997559 0.139648
vt 0.986816 0.147949
vt 0.964844 0.111328
vt 0.885254 0.145996
vt 0.875488 0.1875
vt 0.825195 0.185547
vt 0.950684 0.125488
vt 0.964844 0.111328
vt 0.986816 0.147949
vt 0.986816 0.147949
vt 0.997559 0.139648
vt 0.998047 0.169922
vt 0.950684 0.125488
vt 0.921387 0.158691
vt 0.893066 0.129883
vt 0.875488 0.1875
vt 0.885254 0.145996
vt 0.910156 0.17334
vt 0.998047 0.169922
vt 0.991699 0.168457
vt 0.986816 0.147949
vt 0.885254 0.145996
vt 0.893066 0.129883
vt 0.921387 0.158691
vt 0.910156 0.17334
vt 0.897461 0.20166
vt 0.875488 0.1875
vt 0.991699 0.168457
vt 0.998047 0.169922
vt 0.987793 0.19043
vt 0.921387 0.158691
vt 0.910156 0.17334
vt 0.885254 0.145996
vt 0.986816 0.147949
vt 0.976074 0.169434
vt 0.950684 0.125488
vt 0.976074 0.169434
vt 0.986816 0.147949
vt 0.991699 0.168457
vt 0.987793 0.19043
vt 0.981934 0.181641
vt 0.991699 0.168457
vt 0.921387 0.158691
vt 0.950684 0.125488
vt 0.976074 0.169434
vt 0.897461 0.20166
vt 0.910156 0.17334
vt 0.935547 0.191406
vt 0.981934 0.181641
vt 0.987793 0.19043
vt 0.968262 0.208008
vt 0.991699 0.168457
vt 0.981934 0.181641
vt 0.976074 0.169434
vt 0.935547 0.191406
vt 0.910156 0.17334
vt 0.921387 0.158691
vt 0.935547 0.191406
vt 0.924805 0.217285
vt 0.897461 0.20166
vt 0.968262 0.208008
vt 0.947754 0.216797
vt 0.946777 0.202148
vt 0.968262 0.208008
vt 0.962402 0.197266
vt 0.981934 0.181641
vt 0.976074 0.169434
vt 0.946777 0.185547
vt 0.921387 0.158691
vt 0.946777 0.202148
vt 0.947754 0.216797
vt 0.924805 0.217285
vt 0.946777 0.202148
vt 0.962402 0.197266
vt 0.968262 0.208008
vt 0.946777 0.185547
vt 0.976074 0.169434
vt 0.981934 0.181641
vt 0.921387 0.158691
vt 0.946777 0.185547
vt 0.935547 0.191406
vt 0.924805 0.217285
vt 0.935547 0.191406
vt 0.946777 0.202148
vt 0.981934 0.181641
vt 0.962402 0.197266
vt 0.946777 0.185547
vt 0.946777 0.202148
vt 0.935547 0.191406
vt 0.946777 0.185547
vt 0.946777 0.185547
vt 0.962402 0.197266
vt 0.946777 0.202148
vt 0.726074 0.497559
vt 0.731445 0.45752
vt 0.725098 0.464844
vt 0.726074 0.497559
vt 0.720215 0.492187
vt 0.705078 0.513184
vt 0.714844 0.458984
vt 0.725098 0.464844
vt 0.731445 0.45752
vt 0.725098 0.464844
vt 0.720215 0.492187
vt 0.726074 0.497559
vt 0.705078 0.513184
vt 0.708496 0.524414
vt 0.726074 0.497559
vt 0.720215 0.492187
vt 0.725098 0.464844
vt 0.714844 0.458984
vt 0.731445 0.45752
vt 0.720703 0.445801
vt 0.714844 0.458984
vt 0.683105 0.553467
vt 0.708496 0.524414
vt 0.705078 0.513184
vt 0.714844 0.458984
vt 0.705078 0.513184
vt 0.720215 0.492187
vt 0.714844 0.458984
vt 0.720703 0.445801
vt 0.703125 0.439453
vt 0.662598 0.585693
vt 0.683105 0.553467
vt 0.664551 0.544434
vt 0.705078 0.513184
vt 0.664551 0.544434
vt 0.683105 0.553467
vt 0.703125 0.439453
vt 0.679199 0.454102
vt 0.714844 0.458984
vt 0.705078 0.513184
vt 0.714844 0.458984
vt 0.679199 0.454102
vt 0.664551 0.544434
vt 0.624023 0.575928
vt 0.662598 0.585693
vt 0.679199 0.454102
vt 0.664551 0.544434
vt 0.705078 0.513184
vt 0.679199 0.454102
vt 0.703125 0.439453
vt 0.685547 0.433594
vt 0.658691 0.637207
vt 0.662598 0.585693
vt 0.624023 0.575928
vt 0.664551 0.544434
vt 0.679199 0.454102
vt 0.643555 0.449219
vt 0.685547 0.433594
vt 0.643555 0.449219
vt 0.679199 0.454102
vt 0.624023 0.575928
vt 0.61377 0.647949
vt 0.658691 0.637207
vt 0.643555 0.449219
vt 0.624023 0.575928
vt 0.664551 0.544434
vt 0.618652 0.391602
vt 0.643555 0.449219
vt 0.685547 0.433594
vt 0.673828 0.687744
vt 0.658691 0.637207
vt 0.61377 0.647949
vt 0.624023 0.575928
vt 0.643555 0.449219
vt 0.613281 0.449707
vt 0.685547 0.433594
vt 0.674805 0.400391
vt 0.618652 0.391602
vt 0.613281 0.449707
vt 0.643555 0.449219
vt 0.618652 0.391602
vt 0.61377 0.647949
vt 0.642578 0.703369
vt 0.673828 0.687744
vt 0.613281 0.449707
vt 0.59668 0.577393
vt 0.624023 0.575928
vt 0.65918 0.353027
vt 0.618652 0.391602
vt 0.674805 0.400391
vt 0.61377 0.647949
vt 0.624023 0.575928
vt 0.59668 0.577393
vt 0.708984 0.72876
vt 0.673828 0.687744
vt 0.642578 0.703369
vt 0.674805 0.400391
vt 0.693359 0.372559
vt 0.65918 0.353027
vt 0.618652 0.391602
vt 0.594238 0.387695
vt 0.613281 0.449707
vt 0.625488 0.71167
vt 0.642578 0.703369
vt 0.61377 0.647949
vt 0.59668 0.577393
vt 0.593262 0.65332
vt 0.61377 0.647949
vt 0.734863 0.352539
vt 0.65918 0.353027
vt 0.693359 0.372559
vt 0.61377 0.647949
vt 0.593262 0.65332
vt 0.625488 0.71167
vt 0.642578 0.703369
vt 0.681152 0.753052
vt 0.708984 0.72876
vt 0.693359 0.372559
vt 0.738281 0.363281
vt 0.734863 0.352539
vt 0.549316 0.45166
vt 0.613281 0.449707
vt 0.594238 0.387695
vt 0.642578 0.703369
vt 0.625488 0.71167
vt 0.67041 0.762451
vt 0.750488 0.775024
vt 0.708984 0.72876
vt 0.681152 0.753052
vt 0.59668 0.577393
vt 0.613281 0.449707
vt 0.549316 0.45166
vt 0.67041 0.762451
vt 0.681152 0.753052
vt 0.642578 0.703369
vt 0.749512 0.34668
vt 0.734863 0.352539
vt 0.738281 0.363281
vt 0.587402 0.730469
vt 0.625488 0.71167
vt 0.593262 0.65332
vt 0.67041 0.762451
vt 0.742188 0.804932
vt 0.681152 0.753052
vt 0.738281 0.363281
vt 0.755859 0.351074
vt 0.749512 0.34668
vt 0.681152 0.753052
vt 0.742188 0.804932
vt 0.750488 0.775024
vt 0.644043 0.785034
vt 0.67041 0.762451
vt 0.625488 0.71167
vt 0.744141 0.325195
vt 0.749512 0.34668
vt 0.755859 0.351074
vt 0.810059 0.742187
vt 0.750488 0.775024
vt 0.742188 0.804932
vt 0.742188 0.804932
vt 0.67041 0.762451
vt 0.644043 0.785034
vt 0.625488 0.71167
vt 0.587402 0.730469
vt 0.644043 0.785034
vt 0.734863 0.352539
vt 0.749512 0.34668
vt 0.744141 0.325195
vt 0.755859 0.351074
vt 0.748535 0.320312
vt 0.744141 0.325195
vt 0.742188 0.804932
vt 0.839355 0.759399
vt 0.810059 0.742187
vt 0.563965 0.854614
vt 0.644043 0.785034
vt 0.587402 0.730469
vt 0.72998 0.316895
vt 0.744141 0.325195
vt 0.748535 0.320312
vt 0.839355 0.759399
vt 0.860352 0.72168
vt 0.810059 0.742187
vt 0.744141 0.325195
vt 0.72998 0.316895
vt 0.734863 0.352539
vt 0.748535 0.320312
vt 0.732422 0.306641
vt 0.72998 0.316895
vt 0.927246 0.739502
vt 0.860352 0.72168
vt 0.839355 0.759399
vt 0.587402 0.730469
vt 0.475098 0.786377
vt 0.563965 0.854614
vt 0.72998 0.316895
vt 0.732422 0.306641
vt 0.714844 0.291992
vt 0.839355 0.759399
vt 0.930176 0.7677
vt 0.927246 0.739502
vt 0.593262 0.65332
vt 0.546875 0.664551
vt 0.587402 0.730469
vt 0.734863 0.352539
vt 0.72998 0.316895
vt 0.681641 0.288574
vt 0.714844 0.291992
vt 0.681641 0.288574
vt 0.72998 0.316895
vt 0.980469 0.794434
vt 0.927246 0.739502
vt 0.930176 0.7677
vt 0.475098 0.786377
vt 0.587402 0.730469
vt 0.546875 0.664551
vt 0.681641 0.288574
vt 0.65918 0.353027
vt 0.734863 0.352539
vt 0.593262 0.65332
vt 0.59668 0.577393
vt 0.537598 0.580322
vt 0.930176 0.7677
vt 0.971191 0.802124
vt 0.980469 0.794434
vt 0.684082 0.233887
vt 0.681641 0.288574
vt 0.714844 0.291992
vt 0.537598 0.580322
vt 0.546875 0.664551
vt 0.593262 0.65332
vt 0.549316 0.45166
vt 0.537598 0.580322
vt 0.59668 0.577393
vt 0.986816 0.811157
vt 0.980469 0.794434
vt 0.971191 0.802124
vt 0.714844 0.291992
vt 0.725586 0.265625
vt 0.684082 0.233887
vt 0.65918 0.353027
vt 0.681641 0.288574
vt 0.65918 0.27832
vt 0.537598 0.580322
vt 0.549316 0.45166
vt 0.370605 0.454102
vt 0.684082 0.233887
vt 0.65918 0.27832
vt 0.681641 0.288574
vt 0.618652 0.391602
vt 0.65918 0.353027
vt 0.632324 0.345215
vt 0.411621 0.698486
vt 0.546875 0.664551
vt 0.537598 0.580322
vt 0.749512 0.177246
vt 0.684082 0.233887
vt 0.725586 0.265625
vt 0.632324 0.345215
vt 0.594238 0.387695
vt 0.618652 0.391602
vt 0.65918 0.27832
vt 0.632324 0.345215
vt 0.65918 0.353027
vt 0.546875 0.664551
vt 0.411621 0.698486
vt 0.475098 0.786377
vt 0.725586 0.265625
vt 0.766602 0.21582
vt 0.749512 0.177246
vt 0.65918 0.27832
vt 0.684082 0.233887
vt 0.647949 0.191406
vt 0.555176 0.383301
vt 0.594238 0.387695
vt 0.632324 0.345215
vt 0.647949 0.191406
vt 0.684082 0.233887
vt 0.749512 0.177246
vt 0.594238 0.387695
vt 0.555176 0.383301
vt 0.549316 0.45166
vt 0.436279 0.805054
vt 0.475098 0.786377
vt 0.411621 0.698486
vt 0.827637 0.144531
vt 0.749512 0.177246
vt 0.766602 0.21582
vt 0.632324 0.345215
vt 0.576172 0.327637
vt 0.555176 0.383301
vt 0.549316 0.45166
vt 0.555176 0.383301
vt 0.384033 0.354004
vt 0.537598 0.580322
vt 0.373535 0.588867
vt 0.411621 0.698486
vt 0.766602 0.21582
vt 0.825195 0.185547
vt 0.827637 0.144531
vt 0.384033 0.354004
vt 0.370605 0.454102
vt 0.549316 0.45166
vt 0.370605 0.454102
vt 0.373535 0.588867
vt 0.537598 0.580322
vt 0.632324 0.345215
vt 0.65918 0.27832
vt 0.61084 0.257812
vt 0.365234 0.709229
vt 0.411621 0.698486
vt 0.373535 0.588867
vt 0.61084 0.257812
vt 0.576172 0.327637
vt 0.632324 0.345215
vt 0.647949 0.191406
vt 0.61084 0.257812
vt 0.65918 0.27832
vt 0.411621 0.698486
vt 0.365234 0.709229
vt 0.436279 0.805054
vt 0.370605 0.454102
vt 0.384033 0.354004
vt 0.332764 0.344727
vt 0.373535 0.588867
vt 0.370605 0.454102
vt 0.316895 0.453613
vt 0.61084 0.257812
vt 0.647949 0.191406
vt 0.541992 0.128906
vt 0.332764 0.344727
vt 0.316895 0.453613
vt 0.370605 0.454102
vt 0.244385 0.596924
vt 0.298828 0.726562
vt 0.365234 0.709229
vt 0.576172 0.327637
vt 0.61084 0.257812
vt 0.476318 0.197754
vt 0.436279 0.805054
vt 0.365234 0.709229
vt 0.298828 0.726562
vt 0.316895 0.453613
vt 0.320068 0.593018
vt 0.373535 0.588867
vt 0.541992 0.128906
vt 0.476318 0.197754
vt 0.61084 0.257812
vt 0.365234 0.709229
vt 0.320068 0.593018
vt 0.244385 0.596924
vt 0.298828 0.726562
vt 0.384033 0.832886
vt 0.436279 0.805054
vt 0.373535 0.588867
vt 0.320068 0.593018
vt 0.365234 0.709229
vt 0.555176 0.383301
vt 0.576172 0.327637
vt 0.419189 0.278809
vt 0.233398 0.454102
vt 0.244385 0.596924
vt 0.320068 0.593018
vt 0.534668 0.878235
vt 0.436279 0.805054
vt 0.384033 0.832886
vt 0.419189 0.278809
vt 0.384033 0.354004
vt 0.555176 0.383301
vt 0.320068 0.593018
vt 0.316895 0.453613
vt 0.233398 0.454102
vt 0.475098 0.786377
vt 0.436279 0.805054
vt 0.534668 0.878235
vt 0.476318 0.197754
vt 0.419189 0.278809
vt 0.576172 0.327637
vt 0.254639 0.331543
vt 0.233398 0.454102
vt 0.316895 0.453613
vt 0.534668 0.878235
vt 0.563965 0.854614
vt 0.475098 0.786377
vt 0.316895 0.453613
vt 0.332764 0.344727
vt 0.254639 0.331543
vt 0.384033 0.354004
vt 0.419189 0.278809
vt 0.367676 0.262207
vt 0.384033 0.832886
vt 0.494385 0.915588
vt 0.534668 0.878235
vt 0.367676 0.262207
vt 0.332764 0.344727
vt 0.384033 0.354004
vt 0.297119 0.238281
vt 0.254639 0.331543
vt 0.332764 0.344727
vt 0.419189 0.278809
vt 0.476318 0.197754
vt 0.434082 0.17627
vt 0.332764 0.344727
vt 0.367676 0.262207
vt 0.297119 0.238281
vt 0.653809 0.93103
vt 0.534668 0.878235
vt 0.494385 0.915588
vt 0.434082 0.17627
vt 0.367676 0.262207
vt 0.419189 0.278809
vt 0.373047 0.146973
vt 0.297119 0.238281
vt 0.367676 0.262207
vt 0.563965 0.854614
vt 0.534668 0.878235
vt 0.653809 0.93103
vt 0.367676 0.262207
vt 0.434082 0.17627
vt 0.373047 0.146973
vt 0.494385 0.915588
vt 0.628906 0.968231
vt 0.653809 0.93103
vt 0.476318 0.069824
vt 0.373047 0.146973
vt 0.434082 0.17627
vt 0.644043 0.785034
vt 0.563965 0.854614
vt 0.668945 0.904419
vt 0.653809 0.93103
vt 0.668945 0.904419
vt 0.563965 0.854614
vt 0.762207 0.947693
vt 0.653809 0.93103
vt 0.628906 0.968231
vt 0.434082 0.17627
vt 0.513672 0.104492
vt 0.476318 0.069824
vt 0.644043 0.785034
vt 0.734375 0.838257
vt 0.742188 0.804932
vt 0.668945 0.904419
vt 0.653809 0.93103
vt 0.762207 0.947693
vt 0.513672 0.104492
vt 0.434082 0.17627
vt 0.476318 0.197754
vt 0.668945 0.904419
vt 0.734375 0.838257
vt 0.644043 0.785034
vt 0.628906 0.968231
vt 0.762207 0.987297
vt 0.762207 0.947693
vt 0.476318 0.197754
vt 0.541992 0.128906
vt 0.513672 0.104492
vt 0.849609 0.80127
vt 0.839355 0.759399
vt 0.742188 0.804932
vt 0.589844 0.022461
vt 0.476318 0.069824
vt 0.513672 0.104492
vt 0.878418 0.928101
vt 0.762207 0.947693
vt 0.762207 0.987297
vt 0.930176 0.7677
vt 0.839355 0.759399
vt 0.849609 0.80127
vt 0.742188 0.804932
vt 0.734375 0.838257
vt 0.849609 0.80127
vt 0.513672 0.104492
vt 0.609863 0.064453
vt 0.589844 0.022461
vt 0.762207 0.987297
vt 0.86377 0.97966
vt 0.878418 0.928101
vt 0.762207 0.947693
vt 0.761719 0.91864
vt 0.668945 0.904419
vt 0.609863 0.064453
vt 0.513672 0.104492
vt 0.541992 0.128906
vt 0.761719 0.91864
vt 0.734375 0.838257
vt 0.668945 0.904419
vt 0.719238 0.009766
vt 0.589844 0.022461
vt 0.609863 0.064453
vt 0.761719 0.91864
vt 0.762207 0.947693
vt 0.878418 0.928101
vt 0.878418 0.928101
vt 0.86377 0.97966
vt 0.922363 0.950714
vt 0.647949 0.191406
vt 0.623047 0.093262
vt 0.541992 0.128906
vt 0.609863 0.064453
vt 0.724121 0.043457
vt 0.719238 0.009766
vt 0.734375 0.838257
vt 0.761719 0.91864
vt 0.87207 0.890869
vt 0.541992 0.128906
vt 0.623047 0.093262
vt 0.609863 0.064453
vt 0.749512 0.177246
vt 0.742676 0.142578
vt 0.647949 0.191406
vt 0.878418 0.928101
vt 0.87207 0.890869
vt 0.761719 0.91864
vt 0.87207 0.890869
vt 0.849609 0.80127
vt 0.734375 0.838257
vt 0.724121 0.043457
vt 0.609863 0.064453
vt 0.623047 0.093262
vt 0.742676 0.142578
vt 0.749512 0.177246
vt 0.827637 0.144531
vt 0.623047 0.093262
vt 0.647949 0.191406
vt 0.742676 0.142578
vt 0.87207 0.890869
vt 0.878418 0.928101
vt 0.957031 0.892578
vt 0.855957 0.026367
vt 0.719238 0.009766
vt 0.724121 0.043457
vt 0.742676 0.142578
vt 0.728027 0.069824
vt 0.623047 0.093262
vt 0.957031 0.892578
vt 0.878418 0.928101
vt 0.922363 0.950714
vt 0.724121 0.043457
vt 0.850586 0.048828
vt 0.855957 0.026367
vt 0.623047 0.093262
vt 0.728027 0.069824
vt 0.724121 0.043457
vt 0.827637 0.144531
vt 0.833496 0.121094
vt 0.742676 0.142578
vt 0.922363 0.950714
vt 0.969727 0.911987
vt 0.957031 0.892578
vt 0.850586 0.048828
vt 0.724121 0.043457
vt 0.728027 0.069824
vt 0.728027 0.069824
vt 0.742676 0.142578
vt 0.833496 0.121094
vt 0.929688 0.058594
vt 0.855957 0.026367
vt 0.850586 0.048828
vt 0.885254 0.145996
vt 0.827637 0.144531
vt 0.825195 0.185547
vt 0.976074 0.862061
vt 0.957031 0.892578
vt 0.969727 0.911987
vt 0.850586 0.048828
vt 0.92041 0.075195
vt 0.929688 0.058594
vt 0.833496 0.121094
vt 0.827637 0.144531
vt 0.885254 0.145996
vt 0.825195 0.185547
vt 0.875488 0.1875
vt 0.885254 0.145996
vt 0.969727 0.911987
vt 0.987793 0.862061
vt 0.976074 0.862061
vt 0.957031 0.892578
vt 0.953125 0.860596
vt 0.87207 0.890869
vt 0.976074 0.098633
vt 0.929688 0.058594
vt 0.92041 0.075195
vt 0.976074 0.862061
vt 0.987793 0.862061
vt 0.990723 0.845337
vt 0.953125 0.860596
vt 0.957031 0.892578
vt 0.976074 0.862061
vt 0.849609 0.80127
vt 0.87207 0.890869
vt 0.953125 0.860596
vt 0.885254 0.145996
vt 0.893066 0.129883
vt 0.833496 0.121094
vt 0.974609 0.843872
vt 0.990723 0.845337
vt 0.986816 0.811157
vt 0.990723 0.845337
vt 0.974609 0.843872
vt 0.976074 0.862061
vt 0.849609 0.80127
vt 0.938965 0.796997
vt 0.930176 0.7677
vt 0.976074 0.862061
vt 0.974609 0.843872
vt 0.953125 0.860596
vt 0.833496 0.121094
vt 0.845215 0.068359
vt 0.728027 0.069824
vt 0.953125 0.860596
vt 0.938965 0.796997
vt 0.849609 0.80127
vt 0.971191 0.802124
vt 0.930176 0.7677
vt 0.938965 0.796997
vt 0.728027 0.069824
vt 0.845215 0.068359
vt 0.850586 0.048828
vt 0.845215 0.068359
vt 0.833496 0.121094
vt 0.893066 0.129883
vt 0.938965 0.796997
vt 0.953125 0.860596
vt 0.974609 0.843872
vt 0.92041 0.075195
vt 0.850586 0.048828
vt 0.845215 0.068359
vt 0.971191 0.802124
vt 0.969238 0.815063
vt 0.986816 0.811157
vt 0.974609 0.843872
vt 0.969238 0.815063
vt 0.938965 0.796997
vt 0.938965 0.796997
vt 0.969238 0.815063
vt 0.971191 0.802124
vt 0.986816 0.811157
vt 0.969238 0.815063
vt 0.974609 0.843872
vt 0.921387 0.158691
vt 0.893066 0.129883
vt 0.885254 0.145996
vt 0.893066 0.129883
vt 0.912109 0.092285
vt 0.845215 0.068359
vt 0.845215 0.068359
vt 0.912109 0.092285
vt 0.92041 0.075195
vt 0.885254 0.145996
vt 0.910156 0.17334
vt 0.921387 0.158691
vt 0.910156 0.17334
vt 0.885254 0.145996
vt 0.875488 0.1875
vt 0.893066 0.129883
vt 0.921387 0.158691
vt 0.950684 0.125488
vt 0.950684 0.125488
vt 0.912109 0.092285
vt 0.893066 0.129883
vt 0.92041 0.075195
vt 0.964844 0.111328
vt 0.976074 0.098633
vt 0.875488 0.1875
vt 0.897461 0.20166
vt 0.910156 0.17334
vt 0.964844 0.111328
vt 0.92041 0.075195
vt 0.912109 0.092285
vt 0.912109 0.092285
vt 0.950684 0.125488
vt 0.964844 0.111328
vt 0.997559 0.139648
vt 0.976074 0.098633
vt 0.964844 0.111328
vt 0.935547 0.191406
vt 0.910156 0.17334
vt 0.897461 0.20166
vt 0.976074 0.169434
vt 0.950684 0.125488
vt 0.921387 0.158691
vt 0.964844 0.111328
vt 0.986816 0.147949
vt 0.997559 0.139648
vt 0.921387 0.158691
vt 0.910156 0.17334
vt 0.935547 0.191406
vt 0.897461 0.20166
vt 0.924805 0.217285
vt 0.935547 0.191406
vt 0.986816 0.147949
vt 0.964844 0.111328
vt 0.950684 0.125488
vt 0.950684 0.125488
vt 0.976074 0.169434
vt 0.986816 0.147949
vt 0.998047 0.169922
vt 0.997559 0.139648
vt 0.986816 0.147949
vt 0.935547 0.191406
vt 0.946777 0.185547
vt 0.921387 0.158691
vt 0.946777 0.202148
vt 0.935547 0.191406
vt 0.924805 0.217285
vt 0.921387 0.158691
vt 0.946777 0.185547
vt 0.976074 0.169434
vt 0.986816 0.147949
vt 0.991699 0.168457
vt 0.998047 0.169922
vt 0.946777 0.185547
vt 0.935547 0.191406
vt 0.946777 0.202148
vt 0.924805 0.217285
vt 0.947754 0.216797
vt 0.946777 0.202148
vt 0.991699 0.168457
vt 0.986816 0.147949
vt 0.976074 0.169434
vt 0.987793 0.19043
vt 0.998047 0.169922
vt 0.991699 0.168457
vt 0.946777 0.202148
vt 0.947754 0.216797
vt 0.968262 0.208008
vt 0.946777 0.202148
vt 0.962402 0.197266
vt 0.946777 0.185547
vt 0.981934 0.181641
vt 0.976074 0.169434
vt 0.946777 0.185547
vt 0.991699 0.168457
vt 0.981934 0.181641
vt 0.987793 0.19043
vt 0.968262 0.208008
vt 0.962402 0.197266
vt 0.946777 0.202148
vt 0.976074 0.169434
vt 0.981934 0.181641
vt 0.991699 0.168457
vt 0.968262 0.208008
vt 0.987793 0.19043
vt 0.981934 0.181641
vt 0.946777 0.185547
vt 0.962402 0.197266
vt 0.981934 0.181641
vt 0.981934 0.181641
vt 0.962402 0.197266
vt 0.968262 0.208008

# 1500 Vertex Normals
vn 0.895541 0.444978 0.000154
vn 0.774114 0.310281 0.551791
vn 0.81666 0.250189 0.520069
vn 0.895541 0.444978 0.000154
vn 0.712234 0.701942 0.000073
vn 0.684739 0.453085 0.57083
vn 0.81666 0.250189 0.520069
vn 0.999559 -0.029684 0.000121
vn 0.895541 0.444978 0.000154
vn 0.684739 0.453085 0.57083
vn 0.774114 0.310281 0.551791
vn 0.895541 0.444978 0.000154
vn 0.684739 0.453085 0.57083
vn 0.712234 0.701942 0.000073
vn 0.676206 0.736713 0.000053
vn 0.759536 -0.170124 0.627825
vn 0.81666 0.250189 0.520069
vn 0.774114 0.310281 0.551791
vn 0.999559 -0.029684 0.000121
vn 0.81666 0.250189 0.520069
vn 0.759536 -0.170124 0.627825
vn 0.774114 0.310281 0.551791
vn 0.684739 0.453085 0.57083
vn 0.759536 -0.170124 0.627825
vn 0.759536 -0.170124 0.627825
vn 0.685028 -0.728517 0.00009
vn 0.999559 -0.029684 0.000121
vn 0.505019 -0.863108 0.00006
vn 0.685028 -0.728517 0.00009
vn 0.759536 -0.170124 0.627825
vn 0.621484 0.459606 0.634445
vn 0.676206 0.736713 0.000053
vn 0.818673 0.57426 0.000036
vn 0.676206 0.736713 0.000053
vn 0.621484 0.459606 0.634445
vn 0.684739 0.453085 0.57083
vn 0.759536 -0.170124 0.627825
vn 0.622516 -0.336201 0.706712
vn 0.505019 -0.863108 0.00006
vn 0.650647 0.271579 0.709157
vn 0.818673 0.57426 0.000036
vn 0.994734 0.102491 0.000035
vn 0.622516 -0.336201 0.706712
vn 0.759536 -0.170124 0.627825
vn 0.684739 0.453085 0.57083
vn 0.684739 0.453085 0.57083
vn 0.621484 0.459606 0.634445
vn 0.622516 -0.336201 0.706712
vn 0.810405 -0.58587 0.000041
vn 0.505019 -0.863108 0.00006
vn 0.622516 -0.336201 0.706712
vn 0.818673 0.57426 0.000036
vn 0.650647 0.271579 0.709157
vn 0.621484 0.459606 0.634445
vn 0.708457 -0.007559 0.705713
vn 0.994734 0.102491 0.000035
vn 0.958931 -0.283638 0.000037
vn 0.622516 -0.336201 0.706712
vn 0.630801 -0.109676 0.768155
vn 0.810405 -0.58587 0.000041
vn 0.630801 -0.109676 0.768155
vn 0.622516 -0.336201 0.706712
vn 0.621484 0.459606 0.634445
vn 0.994734 0.102491 0.000035
vn 0.708457 -0.007559 0.705713
vn 0.650647 0.271579 0.709157
vn 0.621484 0.459606 0.634445
vn 0.650647 0.271579 0.709157
vn 0.630801 -0.109676 0.768155
vn 0.717553 -0.284187 0.635889
vn 0.958931 -0.283638 0.000037
vn 0.896758 -0.442521 0.000037
vn 0.623492 0.181993 0.760352
vn 0.878271 0.478163 0.000016
vn 0.810405 -0.58587 0.000041
vn 0.958931 -0.283638 0.000037
vn 0.717553 -0.284187 0.635889
vn 0.708457 -0.007559 0.705713
vn 0.810405 -0.58587 0.000041
vn 0.630801 -0.109676 0.768155
vn 0.623492 0.181993 0.760352
vn 0.423142 0.004458 0.906052
vn 0.630801 -0.109676 0.768155
vn 0.650647 0.271579 0.709157
vn 0.699097 -0.434394 0.567948
vn 0.896758 -0.442521 0.000037
vn 0.649537 -0.756063 0.080447
vn 0.623492 0.181993 0.760352
vn 0.630801 -0.109676 0.768155
vn 0.423142 0.004458 0.906052
vn 0.896758 -0.442521 0.000037
vn 0.699097 -0.434394 0.567948
vn 0.717553 -0.284187 0.635889
vn 0.436861 0.532418 0.72504
vn 0.208669 0.977986 -0.000029
vn 0.878271 0.478163 0.000016
vn 0.878271 0.478163 0.000016
vn 0.623492 0.181993 0.760352
vn 0.436861 0.532418 0.72504
vn 0.383342 0.123345 0.915333
vn 0.650647 0.271579 0.709157
vn 0.708457 -0.007559 0.705713
vn 0.477669 -0.87854 0.00004
vn 0.184436 -0.606061 0.77374
vn 0.699097 -0.434394 0.567948
vn 0.650647 0.271579 0.709157
vn 0.383342 0.123345 0.915333
vn 0.423142 0.004458 0.906052
vn 0.717553 -0.284187 0.635889
vn 0.699097 -0.434394 0.567948
vn 0.501017 -0.266896 0.823255
vn 0.184436 -0.606061 0.77374
vn 0.359206 -0.922543 0.141016
vn -0.249932 -0.968263 0.000038
vn 0.501017 -0.266896 0.823255
vn 0.699097 -0.434394 0.567948
vn 0.184436 -0.606061 0.77374
vn 0.283075 0.264191 0.921993
vn 0.436861 0.532418 0.72504
vn 0.623492 0.181993 0.760352
vn 0.708457 -0.007559 0.705713
vn 0.717553 -0.284187 0.635889
vn 0.457983 -0.161725 0.874126
vn 0.501017 -0.266896 0.823255
vn 0.457983 -0.161725 0.874126
vn 0.717553 -0.284187 0.635889
vn 0.143772 0.001253 0.98961
vn 0.423142 0.004458 0.906052
vn 0.383342 0.123345 0.915333
vn 0.423142 0.004458 0.906052
vn 0.376335 0.151664 0.913986
vn 0.623492 0.181993 0.760352
vn 0.200118 -0.075958 0.976823
vn 0.501017 -0.266896 0.823255
vn 0.184436 -0.606061 0.77374
vn 0.376335 0.151664 0.913986
vn 0.423142 0.004458 0.906052
vn 0.143772 0.001253 0.98961
vn 0.623492 0.181993 0.760352
vn 0.376335 0.151664 0.913986
vn 0.283075 0.264191 0.921993
vn 0.457983 -0.161725 0.874126
vn 0.501017 -0.266896 0.823255
vn 0.200118 -0.075958 0.976823
vn 0.708457 -0.007559 0.705713
vn 0.395746 0.004562 0.918349
vn 0.383342 0.123345 0.915333
vn -0.249932 -0.968263 0.000038
vn 0.112406 -0.74445 0.658148
vn 0.184436 -0.606061 0.77374
vn 0.457983 -0.161725 0.874126
vn 0.395746 0.004562 0.918349
vn 0.708457 -0.007559 0.705713
vn 0.112406 -0.74445 0.658148
vn -0.249932 -0.968263 0.000038
vn 0.213758 -0.976887 0.000049
vn 0.283075 0.264191 0.921993
vn 0.376335 0.151664 0.913986
vn 0.131403 0.061913 0.989394
vn 0.395746 0.004562 0.918349
vn 0.457983 -0.161725 0.874126
vn 0.147371 -0.014044 0.988981
vn 0.112406 -0.74445 0.658148
vn 0.213758 -0.976887 0.000049
vn 0.583498 -0.812115 0.000048
vn 0.143772 0.001253 0.98961
vn 0.131403 0.061913 0.989394
vn 0.376335 0.151664 0.913986
vn 0.200118 -0.075958 0.976823
vn 0.147371 -0.014044 0.988981
vn 0.457983 -0.161725 0.874126
vn 0.583498 -0.812115 0.000048
vn 0.549689 -0.641166 0.535489
vn 0.112406 -0.74445 0.658148
vn 0.131403 0.061913 0.989394
vn 0.069628 -0.00083 0.997573
vn 0.283075 0.264191 0.921993
vn 0.549689 -0.641166 0.535489
vn 0.583498 -0.812115 0.000048
vn 0.908795 -0.417243 0.000057
vn 0.383342 0.123345 0.915333
vn 0.10698 0.030211 0.993802
vn 0.143772 0.001253 0.98961
vn 0.10698 0.030211 0.993802
vn 0.383342 0.123345 0.915333
vn 0.395746 0.004562 0.918349
vn 0.184436 -0.606061 0.77374
vn 0.112406 -0.74445 0.658148
vn 0.061066 -0.335848 0.939935
vn 0.283075 0.264191 0.921993
vn 0.069628 -0.00083 0.997573
vn 0.092138 0.002322 0.995743
vn 0.061066 -0.335848 0.939935
vn 0.112406 -0.74445 0.658148
vn 0.549689 -0.641166 0.535489
vn 0.848278 -0.413793 0.330452
vn 0.908795 -0.417243 0.000057
vn 0.992285 -0.123978 0.000035
vn 0.395746 0.004562 0.918349
vn 0.120518 0.021585 0.992476
vn 0.10698 0.030211 0.993802
vn 0.908795 -0.417243 0.000057
vn 0.848278 -0.413793 0.330452
vn 0.549689 -0.641166 0.535489
vn 0.147371 -0.014044 0.988981
vn 0.120518 0.021585 0.992476
vn 0.395746 0.004562 0.918349
vn -0.068659 -0.168315 0.983339
vn 0.092138 0.002322 0.995743
vn 0.069628 -0.00083 0.997573
vn 0.992285 -0.123978 0.000035
vn 0.874607 -0.220126 0.43198
vn 0.848278 -0.413793 0.330452
vn 0.10698 0.030211 0.993802
vn 0.120518 0.021585 0.992476
vn -0.112145 0.07558 0.990813
vn 0.549689 -0.641166 0.535489
vn 0.596094 -0.318114 0.737208
vn 0.061066 -0.335848 0.939935
vn 0.86187 0.118246 0.493151
vn 0.874607 -0.220126 0.43198
vn 0.992285 -0.123978 0.000035
vn 0.596094 -0.318114 0.737208
vn 0.549689 -0.641166 0.535489
vn 0.848278 -0.413793 0.330452
vn 0.120518 0.021585 0.992476
vn 0.147371 -0.014044 0.988981
vn -0.099988 0.134432 0.985865
vn 0.848278 -0.413793 0.330452
vn 0.874607 -0.220126 0.43198
vn 0.596094 -0.318114 0.737208
vn 0.596094 -0.318114 0.737208
vn 0.874607 -0.220126 0.43198
vn 0.86187 0.118246 0.493151
vn 0.992285 -0.123978 0.000035
vn 0.984928 0.172967 0.000028
vn 0.86187 0.118246 0.493151
vn -0.099988 0.134432 0.985865
vn -0.112145 0.07558 0.990813
vn 0.120518 0.021585 0.992476
vn 0.061066 -0.335848 0.939935
vn 0.596094 -0.318114 0.737208
vn 0.443921 0.259952 0.857531
vn -0.078797 0.178923 0.980703
vn -0.099988 0.134432 0.985865
vn 0.147371 -0.014044 0.988981
vn 0.868374 0.382246 0.315933
vn 0.86187 0.118246 0.493151
vn 0.984928 0.172967 0.000028
vn 0.86187 0.118246 0.493151
vn 0.443921 0.259952 0.857531
vn 0.596094 -0.318114 0.737208
vn 0.147371 -0.014044 0.988981
vn 0.200118 -0.075958 0.976823
vn -0.078797 0.178923 0.980703
vn 0.443921 0.259952 0.857531
vn 0.86187 0.118246 0.493151
vn 0.868374 0.382246 0.315933
vn 0.984928 0.172967 0.000028
vn 0.915419 0.402503 0.000023
vn 0.868374 0.382246 0.315933
vn 0.443921 0.259952 0.857531
vn 0.087896 0.239373 0.966941
vn 0.061066 -0.335848 0.939935
vn 0.184436 -0.606061 0.77374
vn 0.087224 -0.099718 0.991185
vn 0.200118 -0.075958 0.976823
vn 0.868374 0.382246 0.315933
vn 0.915419 0.402503 0.000023
vn 0.764229 0.644945 0.000025
vn 0.868374 0.382246 0.315933
vn 0.516805 0.626362 0.583596
vn 0.443921 0.259952 0.857531
vn 0.061066 -0.335848 0.939935
vn 0.087224 -0.099718 0.991185
vn 0.184436 -0.606061 0.77374
vn 0.087224 -0.099718 0.991185
vn 0.061066 -0.335848 0.939935
vn 0.087896 0.239373 0.966941
vn 0.764229 0.644945 0.000025
vn 0.516805 0.626362 0.583596
vn 0.868374 0.382246 0.315933
vn 0.087896 0.239373 0.966941
vn 0.443921 0.259952 0.857531
vn 0.516805 0.626362 0.583596
vn 0.200118 -0.075958 0.976823
vn 0.087224 -0.099718 0.991185
vn -0.030563 0.205427 0.978195
vn 0.516805 0.626362 0.583596
vn 0.764229 0.644945 0.000025
vn 0.40901 0.91253 0.000033
vn -0.030563 0.205427 0.978195
vn -0.078797 0.178923 0.980703
vn 0.200118 -0.075958 0.976823
vn 0.087896 0.239373 0.966941
vn 0.027988 0.233568 0.971938
vn 0.087224 -0.099718 0.991185
vn 0.516805 0.626362 0.583596
vn 0.14868 0.712753 0.685476
vn 0.087896 0.239373 0.966941
vn 0.40901 0.91253 0.000033
vn 0.14868 0.712753 0.685476
vn 0.516805 0.626362 0.583596
vn 0.027988 0.233568 0.971938
vn -0.030563 0.205427 0.978195
vn 0.087224 -0.099718 0.991185
vn 0.027988 0.233568 0.971938
vn 0.087896 0.239373 0.966941
vn 0.14868 0.712753 0.685476
vn 0.14868 0.712753 0.685476
vn 0.40901 0.91253 0.000033
vn 0.119881 0.992788 0.000038
vn -0.099988 0.134432 0.985865
vn -0.078797 0.178923 0.980703
vn -0.418174 0.500295 0.758179
vn 0.14868 0.712753 0.685476
vn 0.119881 0.992788 0.000038
vn -0.115697 0.992896 0.027797
vn -0.030563 0.205427 0.978195
vn 0.027988 0.233568 0.971938
vn -0.121804 0.678099 0.724807
vn 0.14868 0.712753 0.685476
vn -0.121804 0.678099 0.724807
vn 0.027988 0.233568 0.971938
vn -0.115697 0.992896 0.027797
vn -0.121804 0.678099 0.724807
vn 0.14868 0.712753 0.685476
vn -0.112145 0.07558 0.990813
vn -0.099988 0.134432 0.985865
vn -0.516487 0.360827 0.77656
vn -0.078797 0.178923 0.980703
vn -0.030563 0.205427 0.978195
vn -0.302729 0.612853 0.729908
vn -0.121804 0.678099 0.724807
vn -0.115697 0.992896 0.027797
vn -0.405872 0.913857 0.011548
vn -0.418174 0.500295 0.758179
vn -0.516487 0.360827 0.77656
vn -0.099988 0.134432 0.985865
vn -0.302729 0.612853 0.729908
vn -0.418174 0.500295 0.758179
vn -0.078797 0.178923 0.980703
vn -0.121804 0.678099 0.724807
vn -0.302729 0.612853 0.729908
vn -0.030563 0.205427 0.978195
vn -0.405872 0.913857 0.011548
vn -0.302729 0.612853 0.729908
vn -0.121804 0.678099 0.724807
vn -0.516487 0.360827 0.77656
vn -0.574767 0.183022 0.797588
vn -0.112145 0.07558 0.990813
vn -0.785061 0.619419 0.00003
vn -0.516487 0.360827 0.77656
vn -0.418174 0.500295 0.758179
vn -0.302729 0.612853 0.729908
vn -0.405872 0.913857 0.011548
vn -0.600394 0.799704 0.000031
vn -0.600394 0.799704 0.000031
vn -0.418174 0.500295 0.758179
vn -0.302729 0.612853 0.729908
vn -0.418174 0.500295 0.758179
vn -0.600394 0.799704 0.000031
vn -0.785061 0.619419 0.00003
vn -0.516487 0.360827 0.77656
vn -0.785061 0.619419 0.00003
vn -0.926018 0.37748 0.000029
vn -0.926018 0.37748 0.000029
vn -0.574767 0.183022 0.797588
vn -0.516487 0.360827 0.77656
vn -0.142066 0.00444 0.989847
vn -0.112145 0.07558 0.990813
vn -0.574767 0.183022 0.797588
vn -0.112145 0.07558 0.990813
vn -0.142066 0.00444 0.989847
vn 0.10698 0.030211 0.993802
vn -0.574767 0.183022 0.797588
vn -0.926018 0.37748 0.000029
vn -0.995088 0.098991 0.000029
vn -0.093854 -0.050294 0.994315
vn 0.143772 0.001253 0.98961
vn 0.10698 0.030211 0.993802
vn -0.574767 0.183022 0.797588
vn -0.642399 -0.001466 0.766369
vn -0.142066 0.00444 0.989847
vn 0.10698 0.030211 0.993802
vn -0.142066 0.00444 0.989847
vn -0.093854 -0.050294 0.994315
vn -0.995088 0.098991 0.000029
vn -0.642399 -0.001466 0.766369
vn -0.574767 0.183022 0.797588
vn -0.083111 -0.095884 0.991917
vn 0.131403 0.061913 0.989394
vn 0.143772 0.001253 0.98961
vn -0.642399 -0.001466 0.766369
vn -0.995088 0.098991 0.000029
vn -0.981631 -0.190791 0.000029
vn -0.537275 -0.159075 0.82827
vn -0.093854 -0.050294 0.994315
vn -0.142066 0.00444 0.989847
vn 0.143772 0.001253 0.98961
vn -0.093854 -0.050294 0.994315
vn -0.083111 -0.095884 0.991917
vn 0.131403 0.061913 0.989394
vn -0.083111 -0.095884 0.991917
vn -0.074349 -0.130185 0.988698
vn -0.142066 0.00444 0.989847
vn -0.642399 -0.001466 0.766369
vn -0.537275 -0.159075 0.82827
vn -0.981631 -0.190791 0.000029
vn -0.537275 -0.159075 0.82827
vn -0.642399 -0.001466 0.766369
vn -0.074349 -0.130185 0.988698
vn 0.069628 -0.00083 0.997573
vn 0.131403 0.061913 0.989394
vn -0.48155 -0.298624 0.823974
vn -0.083111 -0.095884 0.991917
vn -0.093854 -0.050294 0.994315
vn -0.537275 -0.159075 0.82827
vn -0.981631 -0.190791 0.000029
vn -0.902365 -0.430972 -0.000013
vn 0.069628 -0.00083 0.997573
vn -0.074349 -0.130185 0.988698
vn -0.068659 -0.168315 0.983339
vn -0.093854 -0.050294 0.994315
vn -0.537275 -0.159075 0.82827
vn -0.48155 -0.298624 0.823974
vn -0.902365 -0.430972 -0.000013
vn -0.48155 -0.298624 0.823974
vn -0.537275 -0.159075 0.82827
vn -0.400377 -0.420128 0.814365
vn -0.074349 -0.130185 0.988698
vn -0.083111 -0.095884 0.991917
vn -0.48155 -0.298624 0.823974
vn -0.902365 -0.430972 -0.000013
vn -0.762396 -0.64711 -0.000033
vn -0.083111 -0.095884 0.991917
vn -0.48155 -0.298624 0.823974
vn -0.400377 -0.420128 0.814365
vn -0.762396 -0.64711 -0.000033
vn -0.400377 -0.420128 0.814365
vn -0.48155 -0.298624 0.823974
vn -0.318116 -0.514904 0.796038
vn -0.068659 -0.168315 0.983339
vn -0.074349 -0.130185 0.988698
vn -0.400377 -0.420128 0.814365
vn -0.762396 -0.64711 -0.000033
vn -0.596198 -0.802838 -0.000035
vn -0.074349 -0.130185 0.988698
vn -0.400377 -0.420128 0.814365
vn -0.318116 -0.514904 0.796038
vn -0.596198 -0.802838 -0.000035
vn -0.318116 -0.514904 0.796038
vn -0.400377 -0.420128 0.814365
vn 0.092138 0.002322 0.995743
vn -0.068659 -0.168315 0.983339
vn -0.049743 -0.212553 0.975883
vn -0.318116 -0.514904 0.796038
vn -0.596198 -0.802838 -0.000035
vn -0.395425 -0.918498 -0.000036
vn 0.092138 0.002322 0.995743
vn 0.377544 0.154275 0.91305
vn 0.283075 0.264191 0.921993
vn -0.068659 -0.168315 0.983339
vn -0.318116 -0.514904 0.796038
vn -0.205213 -0.610676 0.764828
vn 0.436861 0.532418 0.72504
vn 0.283075 0.264191 0.921993
vn 0.377544 0.154275 0.91305
vn -0.395425 -0.918498 -0.000036
vn -0.205213 -0.610676 0.764828
vn -0.318116 -0.514904 0.796038
vn -0.205213 -0.610676 0.764828
vn -0.049743 -0.212553 0.975883
vn -0.068659 -0.168315 0.983339
vn -0.049743 -0.212553 0.975883
vn 0.161595 0.099145 0.981864
vn 0.092138 0.002322 0.995743
vn 0.377544 0.154275 0.91305
vn 0.092138 0.002322 0.995743
vn 0.161595 0.099145 0.981864
vn -0.205213 -0.610676 0.764828
vn -0.395425 -0.918498 -0.000036
vn -0.135395 -0.990792 -0.000036
vn 0.208669 0.977986 -0.000029
vn 0.436861 0.532418 0.72504
vn 0.308636 0.574741 0.757903
vn -0.049743 -0.212553 0.975883
vn -0.205213 -0.610676 0.764828
vn -0.052342 -0.673529 0.737305
vn -0.135395 -0.990792 -0.000036
vn -0.052342 -0.673529 0.737305
vn -0.205213 -0.610676 0.764828
vn 0.308636 0.574741 0.757903
vn -0.071729 0.997424 -0.000032
vn 0.208669 0.977986 -0.000029
vn -0.052342 -0.673529 0.737305
vn -0.135395 -0.990792 -0.000036
vn 0.110301 -0.993898 -0.000033
vn 0.377544 0.154275 0.91305
vn 0.646108 0.046007 0.761858
vn 0.436861 0.532418 0.72504
vn 0.308636 0.574741 0.757903
vn 0.436861 0.532418 0.72504
vn 0.646108 0.046007 0.761858
vn -0.071729 0.997424 -0.000032
vn 0.308636 0.574741 0.757903
vn 0.229493 0.819108 0.525733
vn -0.052342 -0.673529 0.737305
vn -0.013915 -0.24442 0.96957
vn -0.049743 -0.212553 0.975883
vn 0.110301 -0.993898 -0.000033
vn 0.098475 -0.710396 0.696879
vn -0.052342 -0.673529 0.737305
vn 0.522435 0.693932 0.4955
vn 0.884209 0.467091 -0.000036
vn -0.071729 0.997424 -0.000032
vn 0.161595 0.099145 0.981864
vn -0.049743 -0.212553 0.975883
vn -0.013915 -0.24442 0.96957
vn -0.013915 -0.24442 0.96957
vn -0.052342 -0.673529 0.737305
vn 0.098475 -0.710396 0.696879
vn 0.098475 -0.710396 0.696879
vn 0.110301 -0.993898 -0.000033
vn 0.380078 -0.924955 -0.000027
vn 0.856071 -0.113509 0.50424
vn 0.522435 0.693932 0.4955
vn 0.308636 0.574741 0.757903
vn 0.884209 0.467091 -0.000036
vn 0.726408 0.459791 0.510807
vn 0.856071 -0.113509 0.50424
vn 0.083038 0.272591 0.95854
vn 0.161595 0.099145 0.981864
vn -0.013915 -0.24442 0.96957
vn 0.856071 -0.113509 0.50424
vn 0.893374 -0.449314 -0.000017
vn 0.884209 0.467091 -0.000036
vn 0.380078 -0.924955 -0.000027
vn 0.353246 -0.64223 0.680263
vn 0.098475 -0.710396 0.696879
vn 0.646108 0.046007 0.761858
vn 0.775417 -0.407162 0.482647
vn 0.308636 0.574741 0.757903
vn 0.893374 -0.449314 -0.000017
vn 0.856071 -0.113509 0.50424
vn 0.775417 -0.407162 0.482647
vn 0.353246 -0.64223 0.680263
vn 0.380078 -0.924955 -0.000027
vn 0.668749 -0.743488 -0.00003
vn 0.308636 0.574741 0.757903
vn 0.775417 -0.407162 0.482647
vn 0.856071 -0.113509 0.50424
vn 0.098475 -0.710396 0.696879
vn 0.036151 -0.253439 0.966676
vn -0.013915 -0.24442 0.96957
vn 0.775417 -0.407162 0.482647
vn 0.854223 -0.519906 0.00003
vn 0.893374 -0.449314 -0.000017
vn 0.036151 -0.253439 0.966676
vn 0.098475 -0.710396 0.696879
vn 0.353246 -0.64223 0.680263
vn -0.013915 -0.24442 0.96957
vn 0.036151 -0.253439 0.966676
vn 0.083038 0.272591 0.95854
vn 0.775417 -0.407162 0.482647
vn 0.646108 0.046007 0.761858
vn 0.982222 -0.187723 -0.000011
vn 0.982222 -0.187723 -0.000011
vn 0.854223 -0.519906 0.00003
vn 0.775417 -0.407162 0.482647
vn 0.353246 -0.64223 0.680263
vn 0.205492 -0.27282 0.939863
vn 0.036151 -0.253439 0.966676
vn 0.646694 0.270621 0.713127
vn 0.646108 0.046007 0.761858
vn 0.377544 0.154275 0.91305
vn 0.982222 -0.187723 -0.000011
vn 0.646108 0.046007 0.761858
vn 0.646694 0.270621 0.713127
vn 0.668749 -0.743488 -0.00003
vn 0.618715 -0.487723 0.615888
vn 0.353246 -0.64223 0.680263
vn 0.161595 0.099145 0.981864
vn 0.646694 0.270621 0.713127
vn 0.377544 0.154275 0.91305
vn 0.646694 0.270621 0.713127
vn 0.82687 0.562393 -0.00003
vn 0.982222 -0.187723 -0.000011
vn 0.205492 -0.27282 0.939863
vn 0.353246 -0.64223 0.680263
vn 0.618715 -0.487723 0.615888
vn 0.618715 -0.487723 0.615888
vn 0.668749 -0.743488 -0.00003
vn 0.865252 -0.501338 -0.000048
vn 0.357153 0.65101 0.669797
vn 0.646694 0.270621 0.713127
vn 0.161595 0.099145 0.981864
vn 0.82687 0.562393 -0.00003
vn 0.646694 0.270621 0.713127
vn 0.357153 0.65101 0.669797
vn 0.161595 0.099145 0.981864
vn 0.083038 0.272591 0.95854
vn 0.357153 0.65101 0.669797
vn 0.618715 -0.487723 0.615888
vn 0.507955 -0.31093 0.803308
vn 0.205492 -0.27282 0.939863
vn 0.865252 -0.501338 -0.000048
vn 0.787775 -0.325811 0.522741
vn 0.618715 -0.487723 0.615888
vn 0.357153 0.65101 0.669797
vn 0.442013 0.897009 -0.000027
vn 0.82687 0.562393 -0.00003
vn -0.055665 0.318975 0.946127
vn 0.083038 0.272591 0.95854
vn 0.036151 -0.253439 0.966676
vn 0.507955 -0.31093 0.803308
vn 0.618715 -0.487723 0.615888
vn 0.787775 -0.325811 0.522741
vn 0.036151 -0.253439 0.966676
vn 0.205492 -0.27282 0.939863
vn -0.055665 0.318975 0.946127
vn 0.442013 0.897009 -0.000027
vn 0.357153 0.65101 0.669797
vn 0.081103 0.813089 0.576462
vn 0.787775 -0.325811 0.522741
vn 0.865252 -0.501338 -0.000048
vn 0.992943 -0.118596 -0.000056
vn 0.081103 0.813089 0.576462
vn 0.357153 0.65101 0.669797
vn 0.083038 0.272591 0.95854
vn 0.205492 -0.27282 0.939863
vn 0.507955 -0.31093 0.803308
vn 0.069178 0.089135 0.993614
vn 0.081103 0.813089 0.576462
vn 0.039793 0.999208 -0.000022
vn 0.442013 0.897009 -0.000027
vn 0.083038 0.272591 0.95854
vn -0.055665 0.318975 0.946127
vn 0.081103 0.813089 0.576462
vn 0.069178 0.089135 0.993614
vn -0.055665 0.318975 0.946127
vn 0.205492 -0.27282 0.939863
vn 0.787775 -0.325811 0.522741
vn 0.611263 -0.225811 0.75853
vn 0.507955 -0.31093 0.803308
vn 0.039793 0.999208 -0.000022
vn 0.081103 0.813089 0.576462
vn -0.43148 0.701292 0.567463
vn 0.069178 0.089135 0.993614
vn 0.507955 -0.31093 0.803308
vn 0.611263 -0.225811 0.75853
vn -0.055665 0.318975 0.946127
vn 0.069178 0.089135 0.993614
vn -0.43148 0.701292 0.567463
vn -0.43148 0.701292 0.567463
vn 0.081103 0.813089 0.576462
vn -0.055665 0.318975 0.946127
vn 0.992943 -0.118596 -0.000056
vn 0.901512 -0.058755 0.428748
vn 0.787775 -0.325811 0.522741
vn -0.43148 0.701292 0.567463
vn -0.703285 0.710908 -0.000009
vn 0.039793 0.999208 -0.000022
vn 0.611263 -0.225811 0.75853
vn 0.787775 -0.325811 0.522741
vn 0.901512 -0.058755 0.428748
vn 0.901512 -0.058755 0.428748
vn 0.992943 -0.118596 -0.000056
vn 0.930107 0.367287 -0.000038
vn 0.611263 -0.225811 0.75853
vn -0.007976 0.24599 0.96924
vn 0.069178 0.089135 0.993614
vn -0.703285 0.710908 -0.000009
vn -0.43148 0.701292 0.567463
vn -0.69071 0.483033 0.538144
vn 0.930107 0.367287 -0.000038
vn 0.822952 0.488958 0.289257
vn 0.901512 -0.058755 0.428748
vn -0.43148 0.701292 0.567463
vn 0.069178 0.089135 0.993614
vn -0.007976 0.24599 0.96924
vn -0.69071 0.483033 0.538144
vn -0.765895 0.642965 0.000017
vn -0.703285 0.710908 -0.000009
vn 0.822952 0.488958 0.289257
vn 0.930107 0.367287 -0.000038
vn 0.631827 0.77511 0.000017
vn -0.007976 0.24599 0.96924
vn -0.69071 0.483033 0.538144
vn -0.43148 0.701292 0.567463
vn 0.901512 -0.058755 0.428748
vn 0.685535 0.266545 0.677492
vn 0.611263 -0.225811 0.75853
vn 0.685535 0.266545 0.677492
vn 0.901512 -0.058755 0.428748
vn 0.822952 0.488958 0.289257
vn 0.631827 0.77511 0.000017
vn 0.568225 0.76447 0.304476
vn 0.822952 0.488958 0.289257
vn -0.007976 0.24599 0.96924
vn 0.611263 -0.225811 0.75853
vn 0.685535 0.266545 0.677492
vn -0.765895 0.642965 0.000017
vn -0.69071 0.483033 0.538144
vn -0.362705 0.762214 0.536166
vn 0.568225 0.76447 0.304476
vn 0.631827 0.77511 0.000017
vn 0.342844 0.939393 0.000017
vn 0.822952 0.488958 0.289257
vn 0.568225 0.76447 0.304476
vn 0.685535 0.266545 0.677492
vn -0.362705 0.762214 0.536166
vn -0.69071 0.483033 0.538144
vn -0.007976 0.24599 0.96924
vn -0.362705 0.762214 0.536166
vn -0.489162 0.872193 0.000008
vn -0.765895 0.642965 0.000017
vn 0.342844 0.939393 0.000017
vn -0.07701 0.99703 -0.000015
vn -0.020228 0.958927 0.282931
vn 0.342844 0.939393 0.000017
vn 0.417656 0.843975 0.336555
vn 0.568225 0.76447 0.304476
vn 0.685535 0.266545 0.677492
vn 0.30663 0.689331 0.656354
vn -0.007976 0.24599 0.96924
vn -0.020228 0.958927 0.282931
vn -0.07701 0.99703 -0.000015
vn -0.489162 0.872193 0.000008
vn -0.020228 0.958927 0.282931
vn 0.417656 0.843975 0.336555
vn 0.342844 0.939393 0.000017
vn 0.30663 0.689331 0.656354
vn 0.685535 0.266545 0.677492
vn 0.568225 0.76447 0.304476
vn -0.007976 0.24599 0.96924
vn 0.30663 0.689331 0.656354
vn -0.362705 0.762214 0.536166
vn -0.489162 0.872193 0.000008
vn -0.362705 0.762214 0.536166
vn -0.020228 0.958927 0.282931
vn 0.568225 0.76447 0.304476
vn 0.417656 0.843975 0.336555
vn 0.30663 0.689331 0.656354
vn -0.020228 0.958927 0.282931
vn -0.362705 0.762214 0.536166
vn 0.30663 0.689331 0.656354
vn 0.30663 0.689331 0.656354
vn 0.417656 0.843975 0.336555
vn -0.020228 0.958927 0.282931
vn 0.895541 0.444978 0.000154
vn 0.999559 -0.029684 0.000121
vn 0.816803 0.25011 -0.519883
vn 0.895541 0.444978 0.000154
vn 0.774187 0.310375 -0.551636
vn 0.684766 0.453155 -0.570742
vn 0.759578 -0.170234 -0.627743
vn 0.816803 0.25011 -0.519883
vn 0.999559 -0.029684 0.000121
vn 0.816803 0.25011 -0.519883
vn 0.774187 0.310375 -0.551636
vn 0.895541 0.444978 0.000154
vn 0.684766 0.453155 -0.570742
vn 0.712234 0.701942 0.000073
vn 0.895541 0.444978 0.000154
vn 0.774187 0.310375 -0.551636
vn 0.816803 0.25011 -0.519883
vn 0.759578 -0.170234 -0.627743
vn 0.999559 -0.029684 0.000121
vn 0.685028 -0.728517 0.00009
vn 0.759578 -0.170234 -0.627743
vn 0.676206 0.736713 0.000053
vn 0.712234 0.701942 0.000073
vn 0.684766 0.453155 -0.570742
vn 0.759578 -0.170234 -0.627743
vn 0.684766 0.453155 -0.570742
vn 0.774187 0.310375 -0.551636
vn 0.759578 -0.170234 -0.627743
vn 0.685028 -0.728517 0.00009
vn 0.505019 -0.863108 0.00006
vn 0.818673 0.57426 0.000036
vn 0.676206 0.736713 0.000053
vn 0.621492 0.459635 -0.634416
vn 0.684766 0.453155 -0.570742
vn 0.621492 0.459635 -0.634416
vn 0.676206 0.736713 0.000053
vn 0.505019 -0.863108 0.00006
vn 0.622522 -0.336246 -0.706686
vn 0.759578 -0.170234 -0.627743
vn 0.684766 0.453155 -0.570742
vn 0.759578 -0.170234 -0.627743
vn 0.622522 -0.336246 -0.706686
vn 0.621492 0.459635 -0.634416
vn 0.650662 0.271591 -0.709139
vn 0.818673 0.57426 0.000036
vn 0.622522 -0.336246 -0.706686
vn 0.621492 0.459635 -0.634416
vn 0.684766 0.453155 -0.570742
vn 0.622522 -0.336246 -0.706686
vn 0.505019 -0.863108 0.00006
vn 0.810405 -0.58587 0.000041
vn 0.994734 0.102491 0.000035
vn 0.818673 0.57426 0.000036
vn 0.650662 0.271591 -0.709139
vn 0.621492 0.459635 -0.634416
vn 0.622522 -0.336246 -0.706686
vn 0.630811 -0.109689 -0.768144
vn 0.810405 -0.58587 0.000041
vn 0.630811 -0.109689 -0.768144
vn 0.622522 -0.336246 -0.706686
vn 0.650662 0.271591 -0.709139
vn 0.708479 -0.00756 -0.705691
vn 0.994734 0.102491 0.000035
vn 0.630811 -0.109689 -0.768144
vn 0.650662 0.271591 -0.709139
vn 0.621492 0.459635 -0.634416
vn 0.623515 0.181998 -0.760333
vn 0.630811 -0.109689 -0.768144
vn 0.810405 -0.58587 0.000041
vn 0.958931 -0.283638 0.000037
vn 0.994734 0.102491 0.000035
vn 0.708479 -0.00756 -0.705691
vn 0.650662 0.271591 -0.709139
vn 0.630811 -0.109689 -0.768144
vn 0.423142 0.004458 -0.906052
vn 0.810405 -0.58587 0.000041
vn 0.878271 0.478163 0.000016
vn 0.623515 0.181998 -0.760333
vn 0.423142 0.004458 -0.906052
vn 0.630811 -0.109689 -0.768144
vn 0.623515 0.181998 -0.760333
vn 0.708479 -0.00756 -0.705691
vn 0.717574 -0.284196 -0.635861
vn 0.958931 -0.283638 0.000037
vn 0.423142 0.004458 -0.906052
vn 0.383343 0.123345 -0.915333
vn 0.650662 0.271591 -0.709139
vn 0.436837 0.532446 -0.725034
vn 0.623515 0.181998 -0.760333
vn 0.878271 0.478163 0.000016
vn 0.708479 -0.00756 -0.705691
vn 0.650662 0.271591 -0.709139
vn 0.383343 0.123345 -0.915333
vn 0.896758 -0.442521 0.000037
vn 0.958931 -0.283638 0.000037
vn 0.717574 -0.284196 -0.635861
vn 0.878271 0.478163 0.000016
vn 0.208669 0.977986 -0.000029
vn 0.436837 0.532446 -0.725034
vn 0.623515 0.181998 -0.760333
vn 0.376335 0.151663 -0.913986
vn 0.423142 0.004458 -0.906052
vn 0.457983 -0.161725 -0.874126
vn 0.717574 -0.284196 -0.635861
vn 0.708479 -0.00756 -0.705691
vn 0.383343 0.123345 -0.915333
vn 0.395746 0.004561 -0.918349
vn 0.708479 -0.00756 -0.705691
vn 0.308642 0.574722 -0.757915
vn 0.436837 0.532446 -0.725034
vn 0.208669 0.977986 -0.000029
vn 0.708479 -0.00756 -0.705691
vn 0.395746 0.004561 -0.918349
vn 0.457983 -0.161725 -0.874126
vn 0.717574 -0.284196 -0.635861
vn 0.699118 -0.434407 -0.567913
vn 0.896758 -0.442521 0.000037
vn 0.208669 0.977986 -0.000029
vn -0.071729 0.997424 -0.000032
vn 0.308642 0.574722 -0.757915
vn 0.143772 0.001253 -0.98961
vn 0.423142 0.004458 -0.906052
vn 0.376335 0.151663 -0.913986
vn 0.717574 -0.284196 -0.635861
vn 0.457983 -0.161725 -0.874126
vn 0.501017 -0.266896 -0.823255
vn 0.649538 -0.75607 -0.08037
vn 0.896758 -0.442521 0.000037
vn 0.699118 -0.434407 -0.567913
vn 0.383343 0.123345 -0.915333
vn 0.423142 0.004458 -0.906052
vn 0.143772 0.001253 -0.98961
vn 0.501017 -0.266896 -0.823255
vn 0.699118 -0.434407 -0.567913
vn 0.717574 -0.284196 -0.635861
vn 0.229509 0.819079 -0.525771
vn 0.308642 0.574722 -0.757915
vn -0.071729 0.997424 -0.000032
vn 0.147371 -0.014045 -0.988981
vn 0.457983 -0.161725 -0.874126
vn 0.395746 0.004561 -0.918349
vn 0.501017 -0.266896 -0.823255
vn 0.184438 -0.606081 -0.773724
vn 0.699118 -0.434407 -0.567913
vn -0.071729 0.997424 -0.000032
vn 0.884209 0.467091 -0.000036
vn 0.522432 0.693902 -0.495546
vn 0.699118 -0.434407 -0.567913
vn 0.184438 -0.606081 -0.773724
vn 0.477669 -0.87854 0.00004
vn 0.200118 -0.075958 -0.976823
vn 0.501017 -0.266896 -0.823255
vn 0.457983 -0.161725 -0.874126
vn 0.856054 -0.113499 -0.504272
vn 0.726389 0.459777 -0.510846
vn 0.884209 0.467091 -0.000036
vn -0.249932 -0.968263 0.000038
vn 0.359216 -0.922551 -0.140939
vn 0.184438 -0.606081 -0.773724
vn 0.184438 -0.606081 -0.773724
vn 0.501017 -0.266896 -0.823255
vn 0.200118 -0.075958 -0.976823
vn 0.457983 -0.161725 -0.874126
vn 0.147371 -0.014045 -0.988981
vn 0.200118 -0.075958 -0.976823
vn 0.308642 0.574722 -0.757915
vn 0.522432 0.693902 -0.495546
vn 0.856054 -0.113499 -0.504272
vn 0.884209 0.467091 -0.000036
vn 0.893374 -0.449314 -0.000017
vn 0.856054 -0.113499 -0.504272
vn 0.184438 -0.606081 -0.773724
vn 0.112408 -0.744492 -0.6581
vn -0.249932 -0.968263 0.000038
vn -0.078797 0.178923 -0.980703
vn 0.200118 -0.075958 -0.976823
vn 0.147371 -0.014045 -0.988981
vn 0.775413 -0.407159 -0.482654
vn 0.856054 -0.113499 -0.504272
vn 0.893374 -0.449314 -0.000017
vn 0.112408 -0.744492 -0.6581
vn 0.213758 -0.976887 0.000049
vn -0.249932 -0.968263 0.000038
vn 0.856054 -0.113499 -0.504272
vn 0.775413 -0.407159 -0.482654
vn 0.308642 0.574722 -0.757915
vn 0.893374 -0.449314 -0.000017
vn 0.854223 -0.519906 0.00003
vn 0.775413 -0.407159 -0.482654
vn 0.583498 -0.812115 0.000048
vn 0.213758 -0.976887 0.000049
vn 0.112408 -0.744492 -0.6581
vn 0.147371 -0.014045 -0.988981
vn -0.099988 0.134432 -0.985865
vn -0.078797 0.178923 -0.980703
vn 0.775413 -0.407159 -0.482654
vn 0.854223 -0.519906 0.00003
vn 0.982222 -0.187723 -0.000011
vn 0.112408 -0.744492 -0.6581
vn 0.549701 -0.641195 -0.535442
vn 0.583498 -0.812115 0.000048
vn 0.395746 0.004561 -0.918349
vn 0.120518 0.021585 -0.992476
vn 0.147371 -0.014045 -0.988981
vn 0.308642 0.574722 -0.757915
vn 0.775413 -0.407159 -0.482654
vn 0.646095 0.046014 -0.761869
vn 0.982222 -0.187723 -0.000011
vn 0.646095 0.046014 -0.761869
vn 0.775413 -0.407159 -0.482654
vn 0.908795 -0.417243 0.000057
vn 0.583498 -0.812115 0.000048
vn 0.549701 -0.641195 -0.535442
vn -0.099988 0.134432 -0.985865
vn 0.147371 -0.014045 -0.988981
vn 0.120518 0.021585 -0.992476
vn 0.646095 0.046014 -0.761869
vn 0.436837 0.532446 -0.725034
vn 0.308642 0.574722 -0.757915
vn 0.395746 0.004561 -0.918349
vn 0.383343 0.123345 -0.915333
vn 0.10698 0.030211 -0.993802
vn 0.549701 -0.641195 -0.535442
vn 0.848304 -0.413787 -0.330396
vn 0.908795 -0.417243 0.000057
vn 0.646676 0.270612 -0.713147
vn 0.646095 0.046014 -0.761869
vn 0.982222 -0.187723 -0.000011
vn 0.10698 0.030211 -0.993802
vn 0.120518 0.021585 -0.992476
vn 0.395746 0.004561 -0.918349
vn 0.143772 0.001253 -0.98961
vn 0.10698 0.030211 -0.993802
vn 0.383343 0.123345 -0.915333
vn 0.992285 -0.123978 0.000035
vn 0.908795 -0.417243 0.000057
vn 0.848304 -0.413787 -0.330396
vn 0.982222 -0.187723 -0.000011
vn 0.82687 0.562393 -0.00003
vn 0.646676 0.270612 -0.713147
vn 0.436837 0.532446 -0.725034
vn 0.646095 0.046014 -0.761869
vn 0.377544 0.154275 -0.91305
vn 0.10698 0.030211 -0.993802
vn 0.143772 0.001253 -0.98961
vn -0.093854 -0.050295 -0.994315
vn 0.646676 0.270612 -0.713147
vn 0.377544 0.154275 -0.91305
vn 0.646095 0.046014 -0.761869
vn 0.623515 0.181998 -0.760333
vn 0.436837 0.532446 -0.725034
vn 0.283075 0.264191 -0.921993
vn -0.112145 0.075579 -0.990813
vn 0.120518 0.021585 -0.992476
vn 0.10698 0.030211 -0.993802
vn 0.357144 0.650991 -0.66982
vn 0.646676 0.270612 -0.713147
vn 0.82687 0.562393 -0.00003
vn 0.283075 0.264191 -0.921993
vn 0.376335 0.151663 -0.913986
vn 0.623515 0.181998 -0.760333
vn 0.377544 0.154275 -0.91305
vn 0.283075 0.264191 -0.921993
vn 0.436837 0.532446 -0.725034
vn 0.120518 0.021585 -0.992476
vn -0.112145 0.075579 -0.990813
vn -0.099988 0.134432 -0.985865
vn 0.82687 0.562393 -0.00003
vn 0.442013 0.897009 -0.000027
vn 0.357144 0.650991 -0.66982
vn 0.377544 0.154275 -0.91305
vn 0.646676 0.270612 -0.713147
vn 0.161595 0.099144 -0.981864
vn 0.131403 0.061913 -0.989394
vn 0.376335 0.151663 -0.913986
vn 0.283075 0.264191 -0.921993
vn 0.161595 0.099144 -0.981864
vn 0.646676 0.270612 -0.713147
vn 0.357144 0.650991 -0.66982
vn 0.376335 0.151663 -0.913986
vn 0.131403 0.061913 -0.989394
vn 0.143772 0.001253 -0.98961
vn -0.516506 0.360838 -0.776542
vn -0.099988 0.134432 -0.985865
vn -0.112145 0.075579 -0.990813
vn 0.081101 0.813074 -0.576484
vn 0.357144 0.650991 -0.66982
vn 0.442013 0.897009 -0.000027
vn 0.283075 0.264191 -0.921993
vn 0.069628 -0.00083 -0.997573
vn 0.131403 0.061913 -0.989394
vn 0.143772 0.001253 -0.98961
vn 0.131403 0.061913 -0.989394
vn -0.083111 -0.095884 -0.991917
vn 0.10698 0.030211 -0.993802
vn -0.142067 0.00444 -0.989847
vn -0.112145 0.075579 -0.990813
vn 0.442013 0.897009 -0.000027
vn 0.039793 0.999208 -0.000022
vn 0.081101 0.813074 -0.576484
vn -0.083111 -0.095884 -0.991917
vn -0.093854 -0.050295 -0.994315
vn 0.143772 0.001253 -0.98961
vn -0.093854 -0.050295 -0.994315
vn -0.142067 0.00444 -0.989847
vn 0.10698 0.030211 -0.993802
vn 0.283075 0.264191 -0.921993
vn 0.377544 0.154275 -0.91305
vn 0.092138 0.002322 -0.995743
vn -0.574789 0.183028 -0.79757
vn -0.112145 0.075579 -0.990813
vn -0.142067 0.00444 -0.989847
vn 0.092138 0.002322 -0.995743
vn 0.069628 -0.00083 -0.997573
vn 0.283075 0.264191 -0.921993
vn 0.161595 0.099144 -0.981864
vn 0.092138 0.002322 -0.995743
vn 0.377544 0.154275 -0.91305
vn -0.112145 0.075579 -0.990813
vn -0.574789 0.183028 -0.79757
vn -0.516506 0.360838 -0.776542
vn -0.093854 -0.050295 -0.994315
vn -0.083111 -0.095884 -0.991917
vn -0.481526 -0.298611 -0.823993
vn -0.142067 0.00444 -0.989847
vn -0.093854 -0.050295 -0.994315
vn -0.537288 -0.159057 -0.828265
vn 0.092138 0.002322 -0.995743
vn 0.161595 0.099144 -0.981864
vn -0.049743 -0.212553 -0.975883
vn -0.481526 -0.298611 -0.823993
vn -0.537288 -0.159057 -0.828265
vn -0.093854 -0.050295 -0.994315
vn -0.995088 0.098991 0.000029
vn -0.926018 0.37748 0.000029
vn -0.574789 0.183028 -0.79757
vn 0.069628 -0.00083 -0.997573
vn 0.092138 0.002322 -0.995743
vn -0.068659 -0.168315 -0.983339
vn -0.516506 0.360838 -0.776542
vn -0.574789 0.183028 -0.79757
vn -0.926018 0.37748 0.000029
vn -0.537288 -0.159057 -0.828265
vn -0.642427 -0.001466 -0.766346
vn -0.142067 0.00444 -0.989847
vn -0.049743 -0.212553 -0.975883
vn -0.068659 -0.168315 -0.983339
vn 0.092138 0.002322 -0.995743
vn -0.574789 0.183028 -0.79757
vn -0.642427 -0.001466 -0.766346
vn -0.995088 0.098991 0.000029
vn -0.926018 0.37748 0.000029
vn -0.785061 0.619419 0.00003
vn -0.516506 0.360838 -0.776542
vn -0.142067 0.00444 -0.989847
vn -0.642427 -0.001466 -0.766346
vn -0.574789 0.183028 -0.79757
vn 0.131403 0.061913 -0.989394
vn 0.069628 -0.00083 -0.997573
vn -0.074349 -0.130185 -0.988698
vn -0.981631 -0.190791 0.000029
vn -0.995088 0.098991 0.000029
vn -0.642427 -0.001466 -0.766346
vn -0.41819 0.500311 -0.758159
vn -0.516506 0.360838 -0.776542
vn -0.785061 0.619419 0.00003
vn -0.074349 -0.130185 -0.988698
vn -0.083111 -0.095884 -0.991917
vn 0.131403 0.061913 -0.989394
vn -0.642427 -0.001466 -0.766346
vn -0.537288 -0.159057 -0.828265
vn -0.981631 -0.190791 0.000029
vn -0.099988 0.134432 -0.985865
vn -0.516506 0.360838 -0.776542
vn -0.41819 0.500311 -0.758159
vn -0.068659 -0.168315 -0.983339
vn -0.074349 -0.130185 -0.988698
vn 0.069628 -0.00083 -0.997573
vn -0.902365 -0.430972 -0.000013
vn -0.981631 -0.190791 0.000029
vn -0.537288 -0.159057 -0.828265
vn -0.41819 0.500311 -0.758159
vn -0.078797 0.178923 -0.980703
vn -0.099988 0.134432 -0.985865
vn -0.537288 -0.159057 -0.828265
vn -0.481526 -0.298611 -0.823993
vn -0.902365 -0.430972 -0.000013
vn -0.083111 -0.095884 -0.991917
vn -0.074349 -0.130185 -0.988698
vn -0.400356 -0.42011 -0.814385
vn -0.785061 0.619419 0.00003
vn -0.600394 0.799704 0.000031
vn -0.41819 0.500311 -0.758159
vn -0.400356 -0.42011 -0.814385
vn -0.481526 -0.298611 -0.823993
vn -0.083111 -0.095884 -0.991917
vn -0.762396 -0.64711 -0.000033
vn -0.902365 -0.430972 -0.000013
vn -0.481526 -0.298611 -0.823993
vn -0.074349 -0.130185 -0.988698
vn -0.068659 -0.168315 -0.983339
vn -0.3181 -0.514881 -0.796059
vn -0.481526 -0.298611 -0.823993
vn -0.400356 -0.42011 -0.814385
vn -0.762396 -0.64711 -0.000033
vn -0.311564 0.607578 -0.730601
vn -0.41819 0.500311 -0.758159
vn -0.600394 0.799704 0.000031
vn -0.3181 -0.514881 -0.796059
vn -0.400356 -0.42011 -0.814385
vn -0.074349 -0.130185 -0.988698
vn -0.596198 -0.802838 -0.000035
vn -0.762396 -0.64711 -0.000033
vn -0.400356 -0.42011 -0.814385
vn -0.078797 0.178923 -0.980703
vn -0.41819 0.500311 -0.758159
vn -0.311564 0.607578 -0.730601
vn -0.400356 -0.42011 -0.814385
vn -0.3181 -0.514881 -0.796059
vn -0.596198 -0.802838 -0.000035
vn -0.600394 0.799704 0.000031
vn -0.405872 0.913857 0.011548
vn -0.311564 0.607578 -0.730601
vn -0.395425 -0.918498 -0.000036
vn -0.596198 -0.802838 -0.000035
vn -0.3181 -0.514881 -0.796059
vn 0.200118 -0.075958 -0.976823
vn -0.078797 0.178923 -0.980703
vn -0.031194 0.201065 -0.979081
vn -0.311564 0.607578 -0.730601
vn -0.031194 0.201065 -0.979081
vn -0.078797 0.178923 -0.980703
vn -0.124026 0.688724 -0.714337
vn -0.311564 0.607578 -0.730601
vn -0.405872 0.913857 0.011548
vn -0.3181 -0.514881 -0.796059
vn -0.205203 -0.610651 -0.764851
vn -0.395425 -0.918498 -0.000036
vn 0.200118 -0.075958 -0.976823
vn 0.087224 -0.099718 -0.991185
vn 0.184438 -0.606081 -0.773724
vn -0.031194 0.201065 -0.979081
vn -0.311564 0.607578 -0.730601
vn -0.124026 0.688724 -0.714337
vn -0.205203 -0.610651 -0.764851
vn -0.3181 -0.514881 -0.796059
vn -0.068659 -0.168315 -0.983339
vn -0.031194 0.201065 -0.979081
vn 0.087224 -0.099718 -0.991185
vn 0.200118 -0.075958 -0.976823
vn -0.405872 0.913857 0.011548
vn -0.115697 0.992896 0.027797
vn -0.124026 0.688724 -0.714337
vn -0.068659 -0.168315 -0.983339
vn -0.049743 -0.212553 -0.975883
vn -0.205203 -0.610651 -0.764851
vn 0.061066 -0.335848 -0.939935
vn 0.112408 -0.744492 -0.6581
vn 0.184438 -0.606081 -0.773724
vn -0.135395 -0.990792 -0.000036
vn -0.395425 -0.918498 -0.000036
vn -0.205203 -0.610651 -0.764851
vn 0.158051 0.71805 -0.677808
vn -0.124026 0.688724 -0.714337
vn -0.115697 0.992896 0.027797
vn 0.549701 -0.641195 -0.535442
vn 0.112408 -0.744492 -0.6581
vn 0.061066 -0.335848 -0.939935
vn 0.184438 -0.606081 -0.773724
vn 0.087224 -0.099718 -0.991185
vn 0.061066 -0.335848 -0.939935
vn -0.205203 -0.610651 -0.764851
vn -0.05234 -0.673503 -0.737329
vn -0.135395 -0.990792 -0.000036
vn -0.115697 0.992896 0.027797
vn 0.119881 0.992788 0.000038
vn 0.158051 0.71805 -0.677808
vn -0.124026 0.688724 -0.714337
vn 0.031202 0.225903 -0.97365
vn -0.031194 0.201065 -0.979081
vn -0.05234 -0.673503 -0.737329
vn -0.205203 -0.610651 -0.764851
vn -0.049743 -0.212553 -0.975883
vn 0.031202 0.225903 -0.97365
vn 0.087224 -0.099718 -0.991185
vn -0.031194 0.201065 -0.979081
vn 0.110301 -0.993898 -0.000033
vn -0.135395 -0.990792 -0.000036
vn -0.05234 -0.673503 -0.737329
vn 0.031202 0.225903 -0.97365
vn -0.124026 0.688724 -0.714337
vn 0.158051 0.71805 -0.677808
vn 0.158051 0.71805 -0.677808
vn 0.119881 0.992788 0.000038
vn 0.40901 0.91253 0.000033
vn 0.161595 0.099144 -0.981864
vn -0.013915 -0.24442 -0.96957
vn -0.049743 -0.212553 -0.975883
vn -0.05234 -0.673503 -0.737329
vn 0.098471 -0.710376 -0.6969
vn 0.110301 -0.993898 -0.000033
vn 0.087224 -0.099718 -0.991185
vn 0.031202 0.225903 -0.97365
vn 0.087896 0.239373 -0.966941
vn -0.049743 -0.212553 -0.975883
vn -0.013915 -0.24442 -0.96957
vn -0.05234 -0.673503 -0.737329
vn 0.357144 0.650991 -0.66982
vn 0.083038 0.27259 -0.95854
vn 0.161595 0.099144 -0.981864
vn 0.158051 0.71805 -0.677808
vn 0.087896 0.239373 -0.966941
vn 0.031202 0.225903 -0.97365
vn 0.087896 0.239373 -0.966941
vn 0.061066 -0.335848 -0.939935
vn 0.087224 -0.099718 -0.991185
vn 0.098471 -0.710376 -0.6969
vn -0.05234 -0.673503 -0.737329
vn -0.013915 -0.24442 -0.96957
vn 0.083038 0.27259 -0.95854
vn 0.357144 0.650991 -0.66982
vn 0.081101 0.813074 -0.576484
vn -0.013915 -0.24442 -0.96957
vn 0.161595 0.099144 -0.981864
vn 0.083038 0.27259 -0.95854
vn 0.087896 0.239373 -0.966941
vn 0.158051 0.71805 -0.677808
vn 0.516812 0.62638 -0.583569
vn 0.380078 -0.924955 -0.000027
vn 0.110301 -0.993898 -0.000033
vn 0.098471 -0.710376 -0.6969
vn 0.083038 0.27259 -0.95854
vn 0.036151 -0.25344 -0.966676
vn -0.013915 -0.24442 -0.96957
vn 0.516812 0.62638 -0.583569
vn 0.158051 0.71805 -0.677808
vn 0.40901 0.91253 0.000033
vn 0.098471 -0.710376 -0.6969
vn 0.353239 -0.642213 -0.680283
vn 0.380078 -0.924955 -0.000027
vn -0.013915 -0.24442 -0.96957
vn 0.036151 -0.25344 -0.966676
vn 0.098471 -0.710376 -0.6969
vn 0.081101 0.813074 -0.576484
vn -0.055665 0.318974 -0.946127
vn 0.083038 0.27259 -0.95854
vn 0.40901 0.91253 0.000033
vn 0.764229 0.644945 0.000025
vn 0.516812 0.62638 -0.583569
vn 0.353239 -0.642213 -0.680283
vn 0.098471 -0.710376 -0.6969
vn 0.036151 -0.25344 -0.966676
vn 0.036151 -0.25344 -0.966676
vn 0.083038 0.27259 -0.95854
vn -0.055665 0.318974 -0.946127
vn 0.668749 -0.743488 -0.00003
vn 0.380078 -0.924955 -0.000027
vn 0.353239 -0.642213 -0.680283
vn -0.431477 0.701282 -0.567478
vn 0.081101 0.813074 -0.576484
vn 0.039793 0.999208 -0.000022
vn 0.868386 0.382245 -0.315902
vn 0.516812 0.62638 -0.583569
vn 0.764229 0.644945 0.000025
vn 0.353239 -0.642213 -0.680283
vn 0.618703 -0.487699 -0.61592
vn 0.668749 -0.743488 -0.00003
vn -0.055665 0.318974 -0.946127
vn 0.081101 0.813074 -0.576484
vn -0.431477 0.701282 -0.567478
vn 0.039793 0.999208 -0.000022
vn -0.703285 0.710908 -0.000009
vn -0.431477 0.701282 -0.567478
vn 0.764229 0.644945 0.000025
vn 0.915419 0.402503 0.000023
vn 0.868386 0.382245 -0.315902
vn 0.516812 0.62638 -0.583569
vn 0.443921 0.259953 -0.857531
vn 0.087896 0.239373 -0.966941
vn 0.865252 -0.501338 -0.000048
vn 0.668749 -0.743488 -0.00003
vn 0.618703 -0.487699 -0.61592
vn 0.868386 0.382245 -0.315902
vn 0.915419 0.402503 0.000023
vn 0.984928 0.172967 0.000028
vn 0.443921 0.259953 -0.857531
vn 0.516812 0.62638 -0.583569
vn 0.868386 0.382245 -0.315902
vn 0.061066 -0.335848 -0.939935
vn 0.087896 0.239373 -0.966941
vn 0.443921 0.259953 -0.857531
vn -0.431477 0.701282 -0.567478
vn 0.069178 0.089135 -0.993614
vn -0.055665 0.318974 -0.946127
vn 0.861885 0.118237 -0.493127
vn 0.984928 0.172967 0.000028
vn 0.992285 -0.123978 0.000035
vn 0.984928 0.172967 0.000028
vn 0.861885 0.118237 -0.493127
vn 0.868386 0.382245 -0.315902
vn 0.061066 -0.335848 -0.939935
vn 0.596094 -0.318114 -0.737208
vn 0.549701 -0.641195 -0.535442
vn 0.868386 0.382245 -0.315902
vn 0.861885 0.118237 -0.493127
vn 0.443921 0.259953 -0.857531
vn -0.055665 0.318974 -0.946127
vn 0.205492 -0.27282 -0.939863
vn 0.036151 -0.25344 -0.966676
vn 0.443921 0.259953 -0.857531
vn 0.596094 -0.318114 -0.737208
vn 0.061066 -0.335848 -0.939935
vn 0.848304 -0.413787 -0.330396
vn 0.549701 -0.641195 -0.535442
vn 0.596094 -0.318114 -0.737208
vn 0.036151 -0.25344 -0.966676
vn 0.205492 -0.27282 -0.939863
vn 0.353239 -0.642213 -0.680283
vn 0.205492 -0.27282 -0.939863
vn -0.055665 0.318974 -0.946127
vn 0.069178 0.089135 -0.993614
vn 0.596094 -0.318114 -0.737208
vn 0.443921 0.259953 -0.857531
vn 0.861885 0.118237 -0.493127
vn 0.618703 -0.487699 -0.61592
vn 0.353239 -0.642213 -0.680283
vn 0.205492 -0.27282 -0.939863
vn 0.848304 -0.413787 -0.330396
vn 0.874627 -0.220096 -0.431955
vn 0.992285 -0.123978 0.000035
vn 0.861885 0.118237 -0.493127
vn 0.874627 -0.220096 -0.431955
vn 0.596094 -0.318114 -0.737208
vn 0.596094 -0.318114 -0.737208
vn 0.874627 -0.220096 -0.431955
vn 0.848304 -0.413787 -0.330396
vn 0.992285 -0.123978 0.000035
vn 0.874627 -0.220096 -0.431955
vn 0.861885 0.118237 -0.493127
vn -0.007975 0.245989 -0.96924
vn 0.069178 0.089135 -0.993614
vn -0.431477 0.701282 -0.567478
vn 0.069178 0.089135 -0.993614
vn 0.507955 -0.31093 -0.803308
vn 0.205492 -0.27282 -0.939863
vn 0.205492 -0.27282 -0.939863
vn 0.507955 -0.31093 -0.803308
vn 0.618703 -0.487699 -0.61592
vn -0.431477 0.701282 -0.567478
vn -0.690694 0.483066 -0.538135
vn -0.007975 0.245989 -0.96924
vn -0.690694 0.483066 -0.538135
vn -0.431477 0.701282 -0.567478
vn -0.703285 0.710908 -0.000009
vn 0.069178 0.089135 -0.993614
vn -0.007975 0.245989 -0.96924
vn 0.611263 -0.225811 -0.75853
vn 0.611263 -0.225811 -0.75853
vn 0.507955 -0.31093 -0.803308
vn 0.069178 0.089135 -0.993614
vn 0.618703 -0.487699 -0.61592
vn 0.787752 -0.32579 -0.522788
vn 0.865252 -0.501338 -0.000048
vn -0.703285 0.710908 -0.000009
vn -0.765895 0.642965 0.000017
vn -0.690694 0.483066 -0.538135
vn 0.787752 -0.32579 -0.522788
vn 0.618703 -0.487699 -0.61592
vn 0.507955 -0.31093 -0.803308
vn 0.507955 -0.31093 -0.803308
vn 0.611263 -0.225811 -0.75853
vn 0.787752 -0.32579 -0.522788
vn 0.992943 -0.118596 -0.000056
vn 0.865252 -0.501338 -0.000048
vn 0.787752 -0.32579 -0.522788
vn -0.362723 0.762217 -0.53615
vn -0.690694 0.483066 -0.538135
vn -0.765895 0.642965 0.000017
vn 0.685535 0.266545 -0.677492
vn 0.611263 -0.225811 -0.75853
vn -0.007975 0.245989 -0.96924
vn 0.787752 -0.32579 -0.522788
vn 0.901492 -0.058752 -0.42879
vn 0.992943 -0.118596 -0.000056
vn -0.007975 0.245989 -0.96924
vn -0.690694 0.483066 -0.538135
vn -0.362723 0.762217 -0.53615
vn -0.765895 0.642965 0.000017
vn -0.489162 0.872193 0.000008
vn -0.362723 0.762217 -0.53615
vn 0.901492 -0.058752 -0.42879
vn 0.787752 -0.32579 -0.522788
vn 0.611263 -0.225811 -0.75853
vn 0.611263 -0.225811 -0.75853
vn 0.685535 0.266545 -0.677492
vn 0.901492 -0.058752 -0.42879
vn 0.930107 0.367287 -0.000038
vn 0.992943 -0.118596 -0.000056
vn 0.901492 -0.058752 -0.42879
vn -0.362723 0.762217 -0.53615
vn 0.30663 0.689331 -0.656354
vn -0.007975 0.245989 -0.96924
vn -0.020237 0.958927 -0.282931
vn -0.362723 0.762217 -0.53615
vn -0.489162 0.872193 0.000008
vn -0.007975 0.245989 -0.96924
vn 0.30663 0.689331 -0.656354
vn 0.685535 0.266545 -0.677492
vn 0.901492 -0.058752 -0.42879
vn 0.822926 0.488996 -0.289267
vn 0.930107 0.367287 -0.000038
vn 0.30663 0.689331 -0.656354
vn -0.362723 0.762217 -0.53615
vn -0.020237 0.958927 -0.282931
vn -0.489162 0.872193 0.000008
vn -0.07701 0.99703 -0.000015
vn -0.020237 0.958927 -0.282931
vn 0.822926 0.488996 -0.289267
vn 0.901492 -0.058752 -0.42879
vn 0.685535 0.266545 -0.677492
vn 0.631827 0.77511 0.000017
vn 0.930107 0.367287 -0.000038
vn 0.822926 0.488996 -0.289267
vn -0.020237 0.958927 -0.282931
vn -0.07701 0.99703 -0.000015
vn 0.342844 0.939393 0.000017
vn -0.020237 0.958927 -0.282931
vn 0.417652 0.843986 -0.336535
vn 0.30663 0.689331 -0.656354
vn 0.56823 0.764479 -0.304444
vn 0.685535 0.266545 -0.677492
vn 0.30663 0.689331 -0.656354
vn 0.822926 0.488996 -0.289267
vn 0.56823 0.764479 -0.304444
vn 0.631827 0.77511 0.000017
vn 0.342844 0.939393 0.000017
vn 0.417652 0.843986 -0.336535
vn -0.020237 0.958927 -0.282931
vn 0.685535 0.266545 -0.677492
vn 0.56823 0.764479 -0.304444
vn 0.822926 0.488996 -0.289267
vn 0.342844 0.939393 0.000017
vn 0.631827 0.77511 0.000017
vn 0.56823 0.764479 -0.304444
vn 0.30663 0.689331 -0.656354
vn 0.417652 0.843986 -0.336535
vn 0.56823 0.764479 -0.304444
vn 0.56823 0.764479 -0.304444
vn 0.417652 0.843986 -0.336535
vn 0.342844 0.939393 0.000017

# submesh_0, 500 grouped triangles

usemtl bluemoon
o submesh_0
g submesh_0

f 12/1/1 10/2/2 9/3/3
f 12/4/4 125/5/5 11/6/6
f 9/7/7 13/8/8 12/9/9
f 11/10/10 10/11/11 12/12/12
f 11/13/13 125/14/14 126/15/15
f 8/16/16 9/17/17 10/18/18
f 13/19/19 9/20/20 8/21/21
f 10/22/22 11/23/23 8/24/24
f 8/25/25 124/26/26 13/27/27
f 123/28/28 124/29/29 8/30/30
f 95/31/31 126/32/32 127/33/33
f 126/34/34 95/35/35 11/36/36
f 8/37/37 94/38/38 123/39/39
f 96/40/40 127/41/41 128/42/42
f 94/43/43 8/44/44 11/45/45
f 11/46/46 95/47/47 94/48/48
f 122/49/49 123/50/50 94/51/51
f 127/52/52 96/53/53 95/54/54
f 129/55/55 128/56/56 130/57/57
f 94/58/58 93/59/59 122/60/60
f 93/61/61 94/62/62 95/63/63
f 128/64/64 129/65/65 96/66/66
f 95/67/67 96/68/68 93/69/69
f 131/70/70 130/71/71 132/72/72
f 121/73/73 120/74/74 122/75/75
f 130/76/76 131/77/77 129/78/78
f 122/79/79 93/80/80 121/81/81
f 59/82/82 93/83/83 96/84/84
f 133/85/85 132/86/86 134/87/87
f 121/88/88 93/89/89 59/90/90
f 132/91/91 133/92/92 131/93/93
f 17/94/94 119/95/95 120/96/96
f 120/97/97 121/98/98 17/99/99
f 62/100/100 96/101/101 129/102/102
f 134/103/103 78/104/104 133/105/105
f 96/106/106 62/107/107 59/108/108
f 131/109/109 133/110/110 75/111/111
f 78/112/112 134/113/113 135/114/114
f 75/115/115 133/116/116 78/117/117
f 20/118/118 17/119/119 121/120/120
f 129/121/121 131/122/122 71/123/123
f 75/124/124 71/125/125 131/126/126
f 58/127/127 59/128/128 62/129/129
f 59/130/130 21/131/131 121/132/132
f 74/133/133 75/134/134 78/135/135
f 21/136/136 59/137/137 58/138/138
f 121/139/139 21/140/140 20/141/141
f 71/142/142 75/143/143 74/144/144
f 129/145/145 66/146/146 62/147/147
f 135/148/148 80/149/149 78/150/150
f 71/151/151 66/152/152 129/153/153
f 80/154/154 135/155/155 136/156/156
f 20/157/157 21/158/158 18/159/159
f 66/160/160 71/161/161 70/162/162
f 80/163/163 136/164/164 137/165/165
f 58/166/166 18/167/167 21/168/168
f 74/169/169 70/170/170 71/171/171
f 137/172/172 85/173/173 80/174/174
f 18/175/175 19/176/176 20/177/177
f 85/178/178 137/179/179 138/180/180
f 62/181/181 63/182/182 58/183/183
f 63/184/184 62/185/185 66/186/186
f 78/187/187 80/188/188 81/189/189
f 20/190/190 19/191/191 26/192/192
f 81/193/193 80/194/194 85/195/195
f 89/196/196 138/197/197 141/198/198
f 66/199/199 67/200/200 63/201/201
f 138/202/202 89/203/203 85/204/204
f 70/205/205 67/206/206 66/207/207
f 29/208/208 26/209/209 19/210/210
f 141/211/211 90/212/212 89/213/213
f 63/214/214 67/215/215 69/216/216
f 85/217/217 86/218/218 81/219/219
f 92/220/220 90/221/221 141/222/222
f 86/223/223 85/224/224 89/225/225
f 67/226/226 70/227/227 73/228/228
f 89/229/229 90/230/230 86/231/231
f 86/232/232 90/233/233 92/234/234
f 141/235/235 139/236/236 92/237/237
f 73/238/238 69/239/239 67/240/240
f 81/241/241 86/242/242 88/243/243
f 77/244/244 73/245/245 70/246/246
f 91/247/247 92/248/248 139/249/249
f 92/250/250 88/251/251 86/252/252
f 70/253/253 74/254/254 77/255/255
f 88/256/256 92/257/257 91/258/258
f 139/259/259 140/260/260 91/261/261
f 88/262/262 84/263/263 81/264/264
f 78/265/265 7/266/266 74/267/267
f 91/268/268 140/269/269 142/270/270
f 91/271/271 87/272/272 88/273/273
f 81/274/274 7/275/275 78/276/276
f 7/277/277 81/278/278 84/279/279
f 142/280/280 87/281/281 91/282/282
f 84/283/283 88/284/284 87/285/285
f 74/286/286 7/287/287 6/288/288
f 87/289/289 142/290/290 143/291/291
f 6/292/292 77/293/293 74/294/294
f 84/295/295 5/296/296 7/297/297
f 87/298/298 82/299/299 84/300/300
f 143/301/301 82/302/302 87/303/303
f 5/304/304 6/305/305 7/306/306
f 5/307/307 84/308/308 82/309/309
f 82/310/310 143/311/311 144/312/312
f 73/313/313 77/314/314 76/315/315
f 82/316/316 144/317/317 145/318/318
f 6/319/319 5/320/320 83/321/321
f 82/322/322 83/323/323 5/324/324
f 145/325/325 83/326/326 82/327/327
f 69/328/328 73/329/329 72/330/330
f 77/331/331 6/332/332 79/333/333
f 83/334/334 145/335/335 146/336/336
f 76/337/337 72/338/338 73/339/339
f 79/340/340 76/341/341 77/342/342
f 83/343/343 79/344/344 6/345/345
f 146/346/346 79/347/347 83/348/348
f 72/349/349 68/350/350 69/351/351
f 148/352/352 72/353/353 76/354/354
f 79/355/355 146/356/356 147/357/357
f 147/358/358 76/359/359 79/360/360
f 76/361/361 147/362/362 148/363/363
f 72/364/364 148/365/365 149/366/366
f 149/367/367 68/368/368 72/369/369
f 64/370/370 69/371/371 68/372/372
f 69/373/373 64/374/374 63/375/375
f 68/376/376 149/377/377 150/378/378
f 60/379/379 58/380/380 63/381/381
f 68/382/382 65/383/383 64/384/384
f 63/385/385 64/386/386 60/387/387
f 150/388/388 65/389/389 68/390/390
f 24/391/391 18/392/392 58/393/393
f 65/394/394 150/395/395 151/396/396
f 61/397/397 60/398/398 64/399/399
f 58/400/400 60/401/401 24/402/402
f 18/403/403 24/404/404 23/405/405
f 64/406/406 65/407/407 61/408/408
f 151/409/409 61/410/410 65/411/411
f 23/412/412 19/413/413 18/414/414
f 25/415/415 24/416/416 60/417/417
f 61/418/418 151/419/419 152/420/420
f 19/421/421 23/422/422 29/423/423
f 60/424/424 61/425/425 25/426/426
f 152/427/427 25/428/428 61/429/429
f 22/430/430 23/431/431 24/432/432
f 25/433/433 152/434/434 153/435/435
f 24/436/436 25/437/437 22/438/438
f 153/439/439 22/440/440 25/441/441
f 28/442/442 29/443/443 23/444/444
f 22/445/445 153/446/446 154/447/447
f 23/448/448 22/449/449 28/450/450
f 154/451/451 28/452/452 22/453/453
f 26/454/454 29/455/455 3/456/456
f 28/457/457 154/458/458 97/459/459
f 26/460/460 27/461/461 20/462/462
f 29/463/463 28/464/464 4/465/465
f 17/466/466 20/467/467 27/468/468
f 97/469/469 4/470/470 28/471/471
f 4/472/472 3/473/473 29/474/474
f 3/475/475 32/476/476 26/477/477
f 27/478/478 26/479/479 32/480/480
f 4/481/481 97/482/482 98/483/483
f 119/484/484 17/485/485 16/486/486
f 3/487/487 4/488/488 1/489/489
f 98/490/490 1/491/491 4/492/492
f 16/493/493 118/494/494 119/495/495
f 1/496/496 98/497/497 99/498/498
f 27/499/499 14/500/500 17/501/501
f 16/502/502 17/503/503 14/504/504
f 118/505/505 16/506/506 31/507/507
f 1/508/508 2/509/509 3/510/510
f 99/511/511 34/512/512 1/513/513
f 31/514/514 117/515/515 118/516/516
f 32/517/517 3/518/518 2/519/519
f 2/520/520 1/521/521 34/522/522
f 34/523/523 99/524/524 100/525/525
f 30/526/526 31/527/527 16/528/528
f 117/529/529 31/530/530 30/531/531
f 37/532/532 32/533/533 2/534/534
f 30/535/535 116/536/536 117/537/537
f 100/538/538 38/539/539 34/540/540
f 14/541/541 15/542/542 16/543/543
f 116/544/544 30/545/545 15/546/546
f 38/547/547 100/548/548 101/549/549
f 16/550/550 15/551/551 30/552/552
f 34/553/553 35/554/554 2/555/555
f 15/556/556 115/557/557 116/558/558
f 35/559/559 34/560/560 38/561/561
f 2/562/562 35/563/563 37/564/564
f 15/565/565 14/566/566 114/567/567
f 114/568/568 115/569/569 15/570/570
f 38/571/571 39/572/572 35/573/573
f 33/574/574 14/575/575 27/576/576
f 114/577/577 14/578/578 33/579/579
f 101/580/580 42/581/581 38/582/582
f 32/583/583 33/584/584 27/585/585
f 33/586/586 113/587/587 114/588/588
f 39/589/589 38/590/590 42/591/591
f 42/592/592 101/593/593 102/594/594
f 36/595/595 33/596/596 32/597/597
f 113/598/598 33/599/599 36/600/600
f 32/601/601 37/602/602 36/603/603
f 42/604/604 43/605/605 39/606/606
f 102/607/607 46/608/608 42/609/609
f 36/610/610 112/611/611 113/612/612
f 41/613/613 37/614/614 35/615/615
f 43/616/616 42/617/617 46/618/618
f 35/619/619 39/620/620 41/621/621
f 112/622/622 36/623/623 40/624/624
f 46/625/625 102/626/626 103/627/627
f 40/628/628 36/629/629 37/630/630
f 39/631/631 43/632/632 45/633/633
f 40/634/634 111/635/635 112/636/636
f 37/637/637 41/638/638 40/639/639
f 45/640/640 41/641/641 39/642/642
f 46/643/643 47/644/644 43/645/645
f 111/646/646 40/647/647 44/648/648
f 45/649/649 43/650/650 47/651/651
f 41/652/652 45/653/653 44/654/654
f 44/655/655 40/656/656 41/657/657
f 103/658/658 50/659/659 46/660/660
f 44/661/661 110/662/662 111/663/663
f 47/664/664 46/665/665 50/666/666
f 50/667/667 103/668/668 104/669/669
f 47/670/670 48/671/671 45/672/672
f 110/673/673 44/674/674 49/675/675
f 104/676/676 54/677/677 50/678/678
f 44/679/679 45/680/680 48/681/681
f 49/682/682 109/683/683 110/684/684
f 54/685/685 104/686/686 107/687/687
f 48/688/688 49/689/689 44/690/690
f 50/691/691 51/692/692 47/693/693
f 51/694/694 50/695/695 54/696/696
f 107/697/697 55/698/698 54/699/699
f 48/700/700 47/701/701 51/702/702
f 109/703/703 49/704/704 52/705/705
f 55/706/706 107/707/707 105/708/708
f 54/709/709 55/710/710 51/711/711
f 52/712/712 49/713/713 48/714/714
f 52/715/715 108/716/716 109/717/717
f 105/718/718 106/719/719 56/720/720
f 105/721/721 57/722/722 55/723/723
f 51/724/724 53/725/725 48/726/726
f 56/727/727 106/728/728 108/729/729
f 56/730/730 57/731/731 105/732/732
f 53/733/733 51/734/734 55/735/735
f 48/736/736 53/737/737 52/738/738
f 108/739/739 52/740/740 56/741/741
f 55/742/742 57/743/743 53/744/744
f 56/745/745 52/746/746 53/747/747
f 53/748/748 57/749/749 56/750/750
f 12/751/751 13/752/752 165/753/753
f 12/754/754 164/755/755 163/756/756
f 162/757/757 165/758/758 13/759/759
f 165/760/760 164/761/761 12/762/762
f 163/763/763 125/764/764 12/765/765
f 164/766/766 165/767/767 162/768/768
f 13/769/769 124/770/770 162/771/771
f 126/772/772 125/773/773 163/774/774
f 162/775/775 163/776/776 164/777/777
f 162/778/778 124/779/779 123/780/780
f 127/781/781 126/782/782 247/783/783
f 163/784/784 247/785/785 126/786/786
f 123/787/787 248/788/788 162/789/789
f 163/790/790 162/791/791 248/792/792
f 247/793/793 246/794/794 127/795/795
f 248/796/796 247/797/797 163/798/798
f 248/799/799 123/800/800 122/801/801
f 128/802/802 127/803/803 246/804/804
f 247/805/805 248/806/806 245/807/807
f 122/808/808 245/809/809 248/810/810
f 246/811/811 250/812/812 128/813/813
f 245/814/814 246/815/815 247/816/816
f 249/817/817 245/818/818 122/819/819
f 130/820/820 128/821/821 250/822/822
f 246/823/823 245/824/824 211/825/825
f 122/826/826 120/827/827 249/828/828
f 211/829/829 245/830/830 249/831/831
f 250/832/832 251/833/833 130/834/834
f 211/835/835 214/836/836 246/837/837
f 167/838/838 249/839/839 120/840/840
f 250/841/841 246/842/842 214/843/843
f 132/844/844 130/845/845 251/846/846
f 120/847/847 119/848/848 167/849/849
f 249/850/850 171/851/851 211/852/852
f 223/853/853 251/854/854 250/855/855
f 214/856/856 218/857/857 250/858/858
f 168/859/859 167/860/860 119/861/861
f 250/862/862 218/863/863 223/864/864
f 251/865/865 252/866/866 132/867/867
f 119/868/868 118/869/869 168/870/870
f 210/871/871 211/872/872 171/873/873
f 251/874/874 223/875/875 227/876/876
f 134/877/877 132/878/878 252/879/879
f 214/880/880 211/881/881 210/882/882
f 227/883/883 252/884/884 251/885/885
f 183/886/886 168/887/887 118/888/888
f 222/889/889 223/890/890 218/891/891
f 227/892/892 230/893/893 252/894/894
f 118/895/895 117/896/896 183/897/897
f 252/898/898 230/899/899 134/900/900
f 226/901/901 227/902/902 223/903/903
f 182/904/904 183/905/905 117/906/906
f 135/907/907 134/908/908 230/909/909
f 230/910/910 227/911/911 226/912/912
f 223/913/913 222/914/914 226/915/915
f 168/916/916 183/917/917 182/918/918
f 117/919/919 116/920/920 182/921/921
f 230/922/922 233/923/923 135/924/924
f 229/925/925 226/926/926 222/927/927
f 169/928/928 182/929/929 116/930/930
f 233/931/931 136/932/932 135/933/933
f 182/934/934 169/935/935 168/936/936
f 116/937/937 115/938/938 169/939/939
f 137/940/940 136/941/941 233/942/942
f 222/943/943 225/944/944 229/945/945
f 169/946/946 115/947/947 114/948/948
f 233/949/949 237/950/950 137/951/951
f 218/952/952 219/953/953 222/954/954
f 168/955/955 169/956/956 166/957/957
f 114/958/958 166/959/959 169/960/960
f 138/961/961 137/962/962 237/963/963
f 225/964/964 222/965/965 219/966/966
f 166/967/967 167/968/968 168/969/969
f 218/970/970 214/971/971 215/972/972
f 237/973/973 241/974/974 138/975/975
f 184/976/976 166/977/977 114/978/978
f 215/979/979 219/980/980 218/981/981
f 210/982/982 215/983/983 214/984/984
f 141/985/985 138/986/986 241/987/987
f 114/988/988 113/989/989 184/990/990
f 167/991/991 166/992/992 178/993/993
f 215/994/994 210/995/995 213/996/996
f 184/997/997 178/998/998 166/999/999
f 249/1000/1000 167/1001/1001 172/1002/1002
f 221/1003/1003 219/1004/1004 215/1005/1005
f 188/1006/1006 184/1007/1007 113/1008/1008
f 172/1009/1009 171/1010/1010 249/1011/1011
f 178/1012/1012 172/1013/1013 167/1014/1014
f 219/1015/1015 221/1016/1016 225/1017/1017
f 113/1018/1018 112/1019/1019 188/1020/1020
f 178/1021/1021 184/1022/1022 185/1023/1023
f 170/1024/1024 171/1025/1025 172/1026/1026
f 185/1027/1027 184/1028/1028 188/1029/1029
f 171/1030/1030 170/1031/1031 210/1032/1032
f 224/1033/1033 225/1034/1034 221/1035/1035
f 192/1036/1036 188/1037/1037 112/1038/1038
f 172/1039/1039 173/1040/1040 170/1041/1041
f 210/1042/1042 170/1043/1043 176/1044/1044
f 215/1045/1045 217/1046/1046 221/1047/1047
f 112/1048/1048 111/1049/1049 192/1050/1050
f 176/1051/1051 213/1052/1052 210/1053/1053
f 213/1054/1054 217/1055/1055 215/1056/1056
f 172/1057/1057 178/1058/1058 179/1059/1059
f 220/1060/1060 221/1061/1061 217/1062/1062
f 179/1063/1063 173/1064/1064 172/1065/1065
f 185/1066/1066 179/1067/1067 178/1068/1068
f 221/1069/1069 220/1070/1070 224/1071/1071
f 213/1072/1072 176/1073/1073 175/1074/1074
f 217/1075/1075 213/1076/1076 212/1077/1077
f 179/1078/1078 185/1079/1079 157/1080/1080
f 175/1081/1081 212/1082/1082 213/1083/1083
f 150/1084/1084 149/1085/1085 220/1086/1086
f 173/1087/1087 179/1088/1088 181/1089/1089
f 224/1090/1090 220/1091/1091 149/1092/1092
f 212/1093/1093 216/1094/1094 217/1095/1095
f 157/1096/1096 181/1097/1097 179/1098/1098
f 220/1099/1099 216/1100/1100 150/1101/1101
f 149/1102/1102 148/1103/1103 224/1104/1104
f 217/1105/1105 216/1106/1106 220/1107/1107
f 170/1108/1108 173/1109/1109 177/1110/1110
f 151/1111/1111 150/1112/1112 216/1113/1113
f 228/1114/1114 224/1115/1115 148/1116/1116
f 177/1117/1117 176/1118/1118 170/1119/1119
f 216/1120/1120 212/1121/1121 151/1122/1122
f 225/1123/1123 224/1124/1124 228/1125/1125
f 181/1126/1126 177/1127/1127 173/1128/1128
f 152/1129/1129 151/1130/1130 212/1131/1131
f 228/1132/1132 229/1133/1133 225/1134/1134
f 212/1135/1135 175/1136/1136 152/1137/1137
f 176/1138/1138 177/1139/1139 174/1140/1140
f 148/1141/1141 147/1142/1142 228/1143/1143
f 174/1144/1144 175/1145/1145 176/1146/1146
f 153/1147/1147 152/1148/1148 175/1149/1149
f 177/1150/1150 181/1151/1151 180/1152/1152
f 175/1153/1153 174/1154/1154 153/1155/1155
f 231/1156/1156 228/1157/1157 147/1158/1158
f 180/1159/1159 174/1160/1160 177/1161/1161
f 154/1162/1162 153/1163/1163 174/1164/1164
f 229/1165/1165 228/1166/1166 231/1167/1167
f 174/1168/1168 180/1169/1169 154/1170/1170
f 147/1171/1171 146/1172/1172 231/1173/1173
f 97/1174/1174 154/1175/1175 180/1176/1176
f 226/1177/1177 229/1178/1178 161/1179/1179
f 231/1180/1180 161/1181/1181 229/1182/1182
f 236/1183/1183 231/1184/1184 146/1185/1185
f 180/1186/1186 156/1187/1187 97/1188/1188
f 226/1189/1189 160/1190/1190 230/1191/1191
f 161/1192/1192 231/1193/1193 236/1194/1194
f 156/1195/1195 180/1196/1196 181/1197/1197
f 161/1198/1198 160/1199/1199 226/1200/1200
f 146/1201/1201 145/1202/1202 236/1203/1203
f 181/1204/1204 157/1205/1205 156/1206/1206
f 232/1207/1207 233/1208/1208 230/1209/1209
f 98/1210/1210 97/1211/1211 156/1212/1212
f 234/1213/1213 236/1214/1214 145/1215/1215
f 237/1216/1216 233/1217/1217 232/1218/1218
f 230/1219/1219 160/1220/1220 232/1221/1221
f 156/1222/1222 155/1223/1223 98/1224/1224
f 145/1225/1225 144/1226/1226 234/1227/1227
f 236/1228/1228 159/1229/1229 161/1230/1230
f 155/1231/1231 156/1232/1232 157/1233/1233
f 159/1234/1234 160/1235/1235 161/1236/1236
f 99/1237/1237 98/1238/1238 155/1239/1239
f 159/1240/1240 236/1241/1241 234/1242/1242
f 234/1243/1243 144/1244/1244 143/1245/1245
f 185/1246/1246 158/1247/1247 157/1248/1248
f 155/1249/1249 186/1250/1250 99/1251/1251
f 160/1252/1252 159/1253/1253 235/1254/1254
f 157/1255/1255 158/1256/1256 155/1257/1257
f 188/1258/1258 189/1259/1259 185/1260/1260
f 234/1261/1261 235/1262/1262 159/1263/1263
f 235/1264/1264 232/1265/1265 160/1266/1266
f 186/1267/1267 155/1268/1268 158/1269/1269
f 189/1270/1270 188/1271/1271 192/1272/1272
f 158/1273/1273 185/1274/1274 189/1275/1275
f 235/1276/1276 234/1277/1277 239/1278/1278
f 100/1279/1279 99/1280/1280 186/1281/1281
f 189/1282/1282 187/1283/1283 158/1284/1284
f 239/1285/1285 234/1286/1286 143/1287/1287
f 186/1288/1288 190/1289/1289 100/1290/1290
f 158/1291/1291 187/1292/1292 186/1293/1293
f 192/1294/1294 193/1295/1295 189/1296/1296
f 143/1297/1297 142/1298/1298 239/1299/1299
f 190/1300/1300 186/1301/1301 187/1302/1302
f 187/1303/1303 189/1304/1304 193/1305/1305
f 101/1306/1306 100/1307/1307 190/1308/1308
f 196/1309/1309 192/1310/1310 111/1311/1311
f 243/1312/1312 239/1313/1313 142/1314/1314
f 190/1315/1315 194/1316/1316 101/1317/1317
f 193/1318/1318 192/1319/1319 196/1320/1320
f 111/1321/1321 110/1322/1322 196/1323/1323
f 142/1324/1324 140/1325/1325 243/1326/1326
f 239/1327/1327 240/1328/1328 235/1329/1329
f 102/1330/1330 101/1331/1331 194/1332/1332
f 243/1333/1333 140/1334/1334 139/1335/1335
f 240/1336/1336 239/1337/1337 243/1338/1338
f 232/1339/1339 235/1340/1340 240/1341/1341
f 196/1342/1342 197/1343/1343 193/1344/1344
f 244/1345/1345 139/1346/1346 141/1347/1347
f 139/1348/1348 244/1349/1349 243/1350/1350
f 232/1351/1351 238/1352/1352 237/1353/1353
f 243/1354/1354 244/1355/1355 240/1356/1356
f 193/1357/1357 191/1358/1358 187/1359/1359
f 240/1360/1360 238/1361/1361 232/1362/1362
f 241/1363/1363 237/1364/1364 238/1365/1365
f 187/1366/1366 191/1367/1367 190/1368/1368
f 191/1369/1369 193/1370/1370 197/1371/1371
f 238/1372/1372 240/1373/1373 244/1374/1374
f 194/1375/1375 190/1376/1376 191/1377/1377
f 241/1378/1378 242/1379/1379 141/1380/1380
f 244/1381/1381 242/1382/1382 238/1383/1383
f 238/1384/1384 242/1385/1385 241/1386/1386
f 141/1387/1387 242/1388/1388 244/1389/1389
f 201/1390/1390 197/1391/1391 196/1392/1392
f 197/1393/1393 195/1394/1394 191/1395/1395
f 191/1396/1396 195/1397/1397 194/1398/1398
f 196/1399/1399 200/1400/1400 201/1401/1401
f 200/1402/1402 196/1403/1403 110/1404/1404
f 197/1405/1405 201/1406/1406 199/1407/1407
f 199/1408/1408 195/1409/1409 197/1410/1410
f 194/1411/1411 198/1412/1412 102/1413/1413
f 110/1414/1414 109/1415/1415 200/1416/1416
f 198/1417/1417 194/1418/1418 195/1419/1419
f 195/1420/1420 199/1421/1421 198/1422/1422
f 103/1423/1423 102/1424/1424 198/1425/1425
f 204/1426/1426 200/1427/1427 109/1428/1428
f 203/1429/1429 199/1430/1430 201/1431/1431
f 198/1432/1432 202/1433/1433 103/1434/1434
f 201/1435/1435 200/1436/1436 204/1437/1437
f 109/1438/1438 108/1439/1439 204/1440/1440
f 202/1441/1441 198/1442/1442 199/1443/1443
f 199/1444/1444 203/1445/1445 202/1446/1446
f 104/1447/1447 103/1448/1448 202/1449/1449
f 204/1450/1450 205/1451/1451 201/1452/1452
f 208/1453/1453 204/1454/1454 108/1455/1455
f 201/1456/1456 205/1457/1457 203/1458/1458
f 202/1459/1459 206/1460/1460 104/1461/1461
f 205/1462/1462 204/1463/1463 208/1464/1464
f 108/1465/1465 106/1466/1466 208/1467/1467
f 206/1468/1468 202/1469/1469 203/1470/1470
f 107/1471/1471 104/1472/1472 206/1473/1473
f 208/1474/1474 106/1475/1475 105/1476/1476
f 208/1477/1477 209/1478/1478 205/1479/1479
f 207/1480/1480 203/1481/1481 205/1482/1482
f 206/1483/1483 207/1484/1484 107/1485/1485
f 105/1486/1486 209/1487/1487 208/1488/1488
f 203/1489/1489 207/1490/1490 206/1491/1491
f 105/1492/1492 107/1493/1493 207/1494/1494
f 205/1495/1495 209/1496/1496 207/1497/1497
f 207/1498/1498 209/1499/1499 105/1500/1500
