# This file is brought to you by Roblox Corporation
# Generated by Roblox Studio

mtllib chito.mtl

g Handle1

v -4.66753 12.9618 0.712089 
v -4.75622 12.9621 0.743481 
v -4.68293 12.9454 0.791428 
v -4.5727 12.9303 0.7526 
v -4.76824 12.9387 0.819989 
v -4.75622 12.9621 0.743481 
v -4.84481 12.9471 0.769479 
v -4.88265 12.9061 0.845319 
v -4.66753 12.9618 0.712089 
v -4.5727 12.9303 0.7526 
v -4.61599 12.9515 0.641833 
v -4.50276 12.9066 0.669624 
v -4.74441 12.9691 0.665168 
v -4.75622 12.9621 0.743481 
v -4.66753 12.9618 0.712089 
v -4.61599 12.9515 0.641833 
v -4.74441 12.9691 0.665168 
v -4.73868 12.9597 0.585917 
v -4.61599 12.9515 0.641833 
v -4.62951 12.9295 0.539345 
v -4.5727 12.9303 0.7526 
v -4.68293 12.9454 0.791428 
v -4.62866 12.9101 0.846058 
v -4.53873 12.8714 0.853108 
v -4.68293 12.9454 0.791428 
v -4.75622 12.9621 0.743481 
v -4.76824 12.9387 0.819989 
v -4.72039 12.9023 0.883135 
v -4.68293 12.9454 0.791428 
v -4.62866 12.9101 0.846058 
v -4.72039 12.9023 0.883135 
v -4.65991 12.8526 0.93261 
v -4.82833 12.9631 0.690031 
v -4.75622 12.9621 0.743481 
v -4.74441 12.9691 0.665168 
v -4.74441 12.9691 0.665168 
v -4.86093 12.952 0.614116 
v -4.73868 12.9597 0.585917 
v -4.82943 12.93 0.522405 
v -4.86093 12.952 0.614116 
v -4.84481 12.9471 0.769479 
v -4.93387 12.9204 0.76956 
v -4.88265 12.9061 0.845319 
v -4.98978 12.8662 0.828533 
v -4.84481 12.9471 0.769479 
v -4.75622 12.9621 0.743481 
v -4.82833 12.9631 0.690031 
v -4.92613 12.9375 0.682656 
v -4.84481 12.9471 0.769479 
v -4.93387 12.9204 0.76956 
v -5.01686 12.8827 0.747715 
v -4.92613 12.9375 0.682656 
v -4.99676 12.9042 0.640681 
v -5.01686 12.8827 0.747715 
v -5.08853 12.836 0.695804 
v -4.72039 12.9023 0.883135 
v -4.76824 12.9387 0.819989 
v -4.80691 12.9007 0.880196 
v -4.81301 12.8484 0.941405 
v -4.5727 12.9303 0.7526 
v -4.53873 12.8714 0.853108 
v -4.49224 12.889 0.754141 
v -4.43145 12.8274 0.79533 
v -4.93387 12.9204 0.76956 
v -5.01686 12.8827 0.747715 
v -4.98978 12.8662 0.828533 
v -5.07339 12.8153 0.802716 
v -4.50276 12.9066 0.669624 
v -4.5727 12.9303 0.7526 
v -4.49224 12.889 0.754141 
v -4.41937 12.8417 0.719827 
v -4.50276 12.9066 0.669624 
v -4.43556 12.8594 0.638388 
v -4.35977 12.7837 0.681333 
v -4.41937 12.8417 0.719827 
v -4.61599 12.9515 0.641833 
v -4.5504 12.9202 0.593565 
v -4.62951 12.9295 0.539345 
v -4.54456 12.8834 0.506349 
v -4.61599 12.9515 0.641833 
v -4.50276 12.9066 0.669624 
v -4.5504 12.9202 0.593565 
v -4.50276 12.9066 0.669624 
v -4.47582 12.8707 0.56679 
v -4.43556 12.8594 0.638388 
v -4.47582 12.8707 0.56679 
v -4.4019 12.8069 0.559482 
v -4.53873 12.8714 0.853108 
v -4.62866 12.9101 0.846058 
v -4.65991 12.8526 0.93261 
v -4.53677 12.7993 0.929669 
v -4.91873 12.9207 0.558985 
v -4.86093 12.952 0.614116 
v -4.82943 12.93 0.522405 
v -4.9175 12.8816 0.477649 
v -4.73868 12.9597 0.585917 
v -4.62951 12.9295 0.539345 
v -4.72901 12.9318 0.511847 
v -4.65254 12.8891 0.455362 
v -4.82833 12.9631 0.690031 
v -4.86093 12.952 0.614116 
v -4.92613 12.9375 0.682656 
v -4.91873 12.9207 0.558985 
v -4.99676 12.9042 0.640681 
v -4.99089 12.8706 0.523593 
v -4.99676 12.9042 0.640681 
v -5.05276 12.8568 0.592421 
v -5.09779 12.7977 0.547424 
v -5.03146 12.8116 0.476509 
v -4.82943 12.93 0.522405 
v -4.73868 12.9597 0.585917 
v -4.72901 12.9318 0.511847 
v -4.78715 12.8903 0.444019 
v -4.9258 12.855 0.893962 
v -4.88265 12.9061 0.845319 
v -4.98978 12.8662 0.828533 
v -4.98978 12.8662 0.828533 
v -4.96378 12.7931 0.932125 
v -5.03245 12.8019 0.870916 
v -5.0624 12.7279 0.906743 
v -4.96378 12.7931 0.932125 
v -4.65991 12.8526 0.93261 
v -4.72039 12.9023 0.883135 
v -4.81301 12.8484 0.941405 
v -4.65991 12.8526 0.93261 
v -4.78111 12.7827 0.993752 
v -4.65109 12.7873 0.981709 
v -4.99676 12.9042 0.640681 
v -5.05276 12.8568 0.592421 
v -5.08853 12.836 0.695804 
v -5.05276 12.8568 0.592421 
v -5.14504 12.7733 0.667725 
v -5.09779 12.7977 0.547424 
v -4.53873 12.8714 0.853108 
v -4.53677 12.7993 0.929669 
v -4.47575 12.8108 0.872537 
v -4.45244 12.7359 0.917312 
v -4.49224 12.889 0.754141 
v -4.43145 12.8274 0.79533 
v -4.41937 12.8417 0.719827 
v -4.37752 12.7588 0.806986 
v -4.41937 12.8417 0.719827 
v -4.35977 12.7837 0.681333 
v -4.37752 12.7588 0.806986 
v -4.31447 12.6994 0.722111 
v -4.53873 12.8714 0.853108 
v -4.47575 12.8108 0.872537 
v -4.43145 12.8274 0.79533 
v -4.47575 12.8108 0.872537 
v -4.37752 12.7588 0.806986 
v -4.45244 12.7359 0.917312 
v -5.01686 12.8827 0.747715 
v -5.08853 12.836 0.695804 
v -5.07339 12.8153 0.802716 
v -5.08853 12.836 0.695804 
v -5.13261 12.7488 0.793901 
v -5.14504 12.7733 0.667725 
v -5.13261 12.7488 0.793901 
v -5.1877 12.683 0.732157 
v -4.80691 12.9007 0.880196 
v -4.76824 12.9387 0.819989 
v -4.88265 12.9061 0.845319 
v -4.9258 12.855 0.893962 
v -4.80691 12.9007 0.880196 
v -4.81301 12.8484 0.941405 
v -4.9258 12.855 0.893962 
v -4.88219 12.7845 0.972699 
v -4.96378 12.7931 0.932125 
v -4.88219 12.7845 0.972699 
v -4.97169 12.7151 0.974504 
v -4.8723 12.7077 1.01576 
v -4.97169 12.7151 0.974504 
v -4.9518 12.632 1.01222 
v -4.98978 12.8662 0.828533 
v -5.07339 12.8153 0.802716 
v -5.03245 12.8019 0.870916 
v -5.13261 12.7488 0.793901 
v -5.03245 12.8019 0.870916 
v -5.0624 12.7279 0.906743 
v -4.62951 12.9295 0.539345 
v -4.54456 12.8834 0.506349 
v -4.65254 12.8891 0.455362 
v -4.5661 12.8315 0.421395 
v -4.4019 12.8069 0.559482 
v -4.43556 12.8594 0.638388 
v -4.35977 12.7837 0.681333 
v -4.32285 12.7176 0.622684 
v -4.4019 12.8069 0.559482 
v -4.36859 12.7386 0.51733 
v -4.81301 12.8484 0.941405 
v -4.88219 12.7845 0.972699 
v -4.78111 12.7827 0.993752 
v -4.8723 12.7077 1.01576 
v -4.5504 12.9202 0.593565 
v -4.47582 12.8707 0.56679 
v -4.54456 12.8834 0.506349 
v -4.47582 12.8707 0.56679 
v -4.47476 12.8205 0.47813 
v -4.4019 12.8069 0.559482 
v -4.36859 12.7386 0.51733 
v -4.47476 12.8205 0.47813 
v -4.47953 12.7578 0.409805 
v -4.91873 12.9207 0.558985 
v -4.9175 12.8816 0.477649 
v -4.99089 12.8706 0.523593 
v -4.9175 12.8816 0.477649 
v -5.03146 12.8116 0.476509 
v -4.93302 12.8259 0.417109 
v -5.03618 12.7474 0.41621 
v -4.54456 12.8834 0.506349 
v -4.47476 12.8205 0.47813 
v -4.5661 12.8315 0.421395 
v -4.47953 12.7578 0.409805 
v -4.3477 12.6765 0.830332 
v -4.45244 12.7359 0.917312 
v -4.40777 12.6598 0.91667 
v -4.37752 12.7588 0.806986 
v -4.3431 12.5865 0.86358 
v -4.65254 12.8891 0.455362 
v -4.5661 12.8315 0.421395 
v -4.67633 12.8346 0.388992 
v -4.62474 12.7676 0.347548 
v -4.82943 12.93 0.522405 
v -4.78715 12.8903 0.444019 
v -4.9175 12.8816 0.477649 
v -4.78715 12.8903 0.444019 
v -4.93302 12.8259 0.417109 
v -4.79176 12.8348 0.383926 
v -4.83724 12.7647 0.338713 
v -4.91928 12.7594 0.358933 
v -4.87817 12.6866 0.306718 
v -4.83724 12.7647 0.338713 
v -4.65991 12.8526 0.93261 
v -4.65109 12.7873 0.981709 
v -4.53677 12.7993 0.929669 
v -4.65109 12.7873 0.981709 
v -4.5343 12.7221 0.975777 
v -4.6451 12.7129 1.0186 
v -4.5343 12.7221 0.975777 
v -4.61705 12.633 1.03543 
v -4.50876 12.6424 0.991211 
v -4.53776 12.553 1.01756 
v -4.61705 12.633 1.03543 
v -5.0624 12.7279 0.906743 
v -5.15589 12.6636 0.827979 
v -5.08605 12.647 0.924474 
v -5.13261 12.7488 0.793901 
v -5.16551 12.5756 0.849329 
v -5.15589 12.6636 0.827979 
v -5.18083 12.7039 0.620186 
v -5.09779 12.7977 0.547424 
v -5.14243 12.724 0.526233 
v -5.14504 12.7733 0.667725 
v -5.20592 12.6238 0.600015 
v -5.18083 12.7039 0.620186 
v -5.15794 12.6464 0.488056 
v -4.35977 12.7837 0.681333 
v -4.31447 12.6994 0.722111 
v -4.32285 12.7176 0.622684 
v -4.2951 12.6383 0.602667 
v -4.28727 12.6152 0.721406 
v -5.14243 12.724 0.526233 
v -5.03146 12.8116 0.476509 
v -5.03618 12.7474 0.41621 
v -5.09779 12.7977 0.547424 
v -4.78715 12.8903 0.444019 
v -4.72901 12.9318 0.511847 
v -4.65254 12.8891 0.455362 
v -4.78715 12.8903 0.444019 
v -4.67633 12.8346 0.388992 
v -4.79176 12.8348 0.383926 
v -4.67633 12.8346 0.388992 
v -4.75191 12.7674 0.332054 
v -4.62474 12.7676 0.347548 
v -4.75191 12.7674 0.332054 
v -4.70509 12.6919 0.295081 
v -5.14504 12.7733 0.667725 
v -5.18083 12.7039 0.620186 
v -5.1877 12.683 0.732157 
v -5.18083 12.7039 0.620186 
v -5.21532 12.6029 0.705374 
v -5.20592 12.6238 0.600015 
v -4.75299 12.7079 1.02967 
v -4.78111 12.7827 0.993752 
v -4.8723 12.7077 1.01576 
v -4.78711 12.6271 1.05118 
v -4.37752 12.7588 0.806986 
v -4.3477 12.6765 0.830332 
v -4.31447 12.6994 0.722111 
v -4.3477 12.6765 0.830332 
v -4.28727 12.6152 0.721406 
v -4.3431 12.5865 0.86358 
v -4.75299 12.7079 1.02967 
v -4.65109 12.7873 0.981709 
v -4.78111 12.7827 0.993752 
v -4.6451 12.7129 1.0186 
v -4.61705 12.633 1.03543 
v -4.78711 12.6271 1.05118 
v -4.2951 12.6383 0.602667 
v -4.36859 12.7386 0.51733 
v -4.32285 12.7176 0.622684 
v -4.33548 12.6573 0.502202 
v -4.99749 11.7558 0.290605 
v -5.01876 11.767 0.302007 
v -5.01176 11.7775 0.279786 
v -4.99482 11.7711 0.270268 
v -4.48061 11.767 0.302007 
v -4.50187 11.7558 0.290605 
v -4.4876 11.7775 0.279786 
v -4.50455 11.7711 0.270268 
v -4.97121 11.7364 0.311119 
v -4.99749 11.7558 0.290605 
v -4.97421 11.7548 0.277924 
v -4.97534 11.7713 0.260978 
v -4.95108 11.7624 0.267863 
v -4.97421 11.7548 0.277924 
v -4.99482 11.7711 0.270268 
v -4.99749 11.7558 0.290605 
v -4.52402 11.7714 0.260979 
v -4.52515 11.7548 0.277925 
v -4.54827 11.7624 0.267859 
v -4.50455 11.7711 0.270268 
v -4.52515 11.7548 0.277925 
v -4.50187 11.7558 0.290605 
v -4.50187 11.7558 0.290605 
v -4.52816 11.7364 0.311116 
v -4.52515 11.7548 0.277925 
v -5.13261 12.7488 0.793901 
v -5.1877 12.683 0.732157 
v -5.15589 12.6636 0.827979 
v -5.21532 12.6029 0.705374 
v -5.15589 12.6636 0.827979 
v -5.16551 12.5756 0.849329 
v -4.97121 11.7364 0.311119 
v -5.00278 11.7435 0.328101 
v -4.99749 11.7558 0.290605 
v -5.00278 11.7435 0.328101 
v -5.01876 11.767 0.302007 
v -4.99749 11.7558 0.290605 
v -4.50187 11.7558 0.290605 
v -4.49659 11.7435 0.328101 
v -4.52816 11.7364 0.311116 
v -4.45244 12.7359 0.917312 
v -4.53677 12.7993 0.929669 
v -4.5343 12.7221 0.975777 
v -4.50876 12.6424 0.991211 
v -4.40777 12.6598 0.91667 
v -4.50876 12.6424 0.991211 
v -4.4221 12.5689 0.946633 
v -4.53776 12.553 1.01756 
v -4.48061 11.767 0.302007 
v -4.49659 11.7435 0.328101 
v -4.50187 11.7558 0.290605 
v -4.85408 12.65 0.994622 
v -4.74968 12.7204 0.976084 
v -4.8869 12.7203 0.960305 
v -4.74968 12.65 1.00112 
v -5.01412 12.7205 0.879759 
v -4.92643 12.65 0.973729 
v -4.99159 12.65 0.932349 
v -4.97169 12.7151 0.974504 
v -4.96378 12.7931 0.932125 
v -5.0624 12.7279 0.906743 
v -5.08605 12.647 0.924474 
v -4.97169 12.7151 0.974504 
v -4.9518 12.632 1.01222 
v -5.07876 12.5584 0.944721 
v -5.08605 12.647 0.924474 
v -4.97737 12.5472 1.01 
v -4.57293 12.65 0.973729 
v -4.61247 12.7203 0.960305 
v -4.64529 12.65 0.994622 
v -4.74968 12.7204 0.976084 
v -4.64529 12.65 0.994622 
v -4.74968 12.65 1.00112 
v -4.48525 12.7205 0.879759 
v -4.50778 12.65 0.932349 
v -4.61247 12.7203 0.960305 
v -5.01412 12.7205 0.879759 
v -5.09556 12.65 0.819153 
v -5.0487 12.65 0.877901 
v -5.07738 12.7204 0.800018 
v -4.8869 12.7203 0.960305 
v -4.92643 12.65 0.973729 
v -4.85408 12.65 0.994622 
v -5.01412 12.7205 0.879759 
v -4.79944 12.7204 0.403538 
v -5.07738 12.7204 0.800018 
v -4.8869 12.7203 0.960305 
v -4.74968 12.7204 0.976084 
v -4.94651 12.7204 0.421895 
v -5.12398 12.7204 0.694422 
v -5.05589 12.7204 0.464818 
v -5.13721 12.7204 0.609871 
v -5.12255 12.7204 0.540055 
v -4.67184 12.7203 0.406027 
v -4.61247 12.7203 0.960305 
v -4.48525 12.7205 0.879759 
v -4.42199 12.7204 0.800018 
v -4.55285 12.7204 0.421895 
v -4.37539 12.7204 0.694422 
v -4.44348 12.7204 0.464818 
v -4.36216 12.7204 0.609871 
v -4.37682 12.7204 0.540055 
v -4.33548 12.6573 0.502202 
v -4.47953 12.7578 0.409805 
v -4.36859 12.7386 0.51733 
v -4.44857 12.6786 0.384647 
v -5.00278 11.7435 0.328101 
v -5.02708 11.762 0.342093 
v -5.01876 11.767 0.302007 
v -4.48061 11.767 0.302007 
v -4.47228 11.762 0.342093 
v -4.49659 11.7435 0.328101 
v -5.07738 12.7204 0.800018 
v -5.14433 12.6563 0.700673 
v -5.09556 12.65 0.819153 
v -5.12398 12.7204 0.694422 
v -5.01412 12.7205 0.879759 
v -5.0487 12.65 0.877901 
v -4.99159 12.65 0.932349 
v -4.4038 12.65 0.819153 
v -4.35503 12.6563 0.700673 
v -4.42199 12.7204 0.800018 
v -4.37539 12.7204 0.694422 
v -4.94257 11.7422 0.296696 
v -4.97421 11.7548 0.277924 
v -4.95108 11.7624 0.267863 
v -4.97121 11.7364 0.311119 
v -4.5568 11.7422 0.296696 
v -4.52515 11.7548 0.277925 
v -4.52816 11.7364 0.311116 
v -4.54827 11.7624 0.267859 
v -5.15794 12.6464 0.488056 
v -5.03618 12.7474 0.41621 
v -5.04013 12.6708 0.374551 
v -5.14243 12.724 0.526233 
v -4.99482 11.7711 0.270268 
v -5.01176 11.7775 0.279786 
v -4.99905 11.7933 0.261981 
v -4.50032 11.7933 0.261981 
v -4.4876 11.7775 0.279786 
v -4.50455 11.7711 0.270268 
v -4.5661 12.8315 0.421395 
v -4.47953 12.7578 0.409805 
v -4.62474 12.7676 0.347548 
v -4.47953 12.7578 0.409805 
v -4.57288 12.6884 0.323705 
v -4.44857 12.6786 0.384647 
v -4.97534 11.7713 0.260978 
v -4.99482 11.7711 0.270268 
v -4.97969 11.7945 0.252214 
v -4.99905 11.7933 0.261981 
v -4.52402 11.7714 0.260979 
v -4.51967 11.7945 0.252216 
v -4.50455 11.7711 0.270268 
v -4.50032 11.7933 0.261981 
v -5.14433 12.6563 0.700673 
v -5.12398 12.7204 0.694422 
v -5.13721 12.7204 0.609871 
v -5.16316 12.6289 0.610128 
v -4.37539 12.7204 0.694422 
v -4.35503 12.6563 0.700673 
v -4.36216 12.7204 0.609871 
v -4.33637 12.63 0.609138 
v -5.01876 11.767 0.302007 
v -5.02454 11.7905 0.287306 
v -5.01176 11.7775 0.279786 
v -5.03596 11.7901 0.310384 
v -4.46341 11.7901 0.310384 
v -4.48061 11.767 0.302007 
v -4.47483 11.7905 0.287306 
v -4.4876 11.7775 0.279786 
v -4.3431 12.5865 0.86358 
v -4.40777 12.6598 0.91667 
v -4.4221 12.5689 0.946633 
v -5.13721 12.7204 0.609871 
v -5.15845 12.6226 0.563732 
v -5.16316 12.6289 0.610128 
v -5.12255 12.7204 0.540055 
v -4.93302 12.8259 0.417109 
v -4.91928 12.7594 0.358933 
v -5.03618 12.7474 0.41621 
v -4.91928 12.7594 0.358933 
v -5.04013 12.6708 0.374551 
v -4.87817 12.6866 0.306718 
v -4.33637 12.63 0.609138 
v -4.37682 12.7204 0.540055 
v -4.36216 12.7204 0.609871 
v -4.33988 12.6152 0.560892 
v -5.07876 12.5584 0.944721 
v -5.08605 12.647 0.924474 
v -5.16551 12.5756 0.849329 
v -4.9498 11.7877 0.249537 
v -4.95108 11.7624 0.267863 
v -4.97534 11.7713 0.260978 
v -4.54956 11.7877 0.249537 
v -4.52402 11.7714 0.260979 
v -4.54827 11.7624 0.267859 
v -5.18146 11.9347 0.660169 
v -5.20732 11.9537 0.635543 
v -5.19937 11.9417 0.63267 
v -5.20936 11.966 0.633004 
v -5.20388 11.9589 0.616694 
v -4.99905 11.7933 0.261981 
v -5.02454 11.7905 0.287306 
v -5.01351 11.8055 0.270446 
v -5.01176 11.7775 0.279786 
v -4.47483 11.7905 0.287306 
v -4.50032 11.7933 0.261981 
v -4.48586 11.8055 0.270446 
v -4.4876 11.7775 0.279786 
v -4.8723 12.7077 1.01576 
v -4.9518 12.632 1.01222 
v -4.78711 12.6271 1.05118 
v -4.9518 12.632 1.01222 
v -4.80425 12.5411 1.05639 
v -4.97737 12.5472 1.01 
v -4.83724 12.7647 0.338713 
v -4.79176 12.8348 0.383926 
v -4.75191 12.7674 0.332054 
v -4.87817 12.6866 0.306718 
v -4.70509 12.6919 0.295081 
v -4.51967 11.7945 0.252216 
v -4.52402 11.7714 0.260979 
v -4.54956 11.7877 0.249537 
v -4.97969 11.7945 0.252214 
v -4.9498 11.7877 0.249537 
v -4.97534 11.7713 0.260978 
v -4.29388 11.9668 0.649412 
v -4.29517 11.9471 0.632507 
v -4.28984 11.9687 0.62743 
v -4.45067 12.65 0.877901 
v -4.48525 12.7205 0.879759 
v -4.50778 12.65 0.932349 
v -4.4038 12.65 0.819153 
v -4.48525 12.7205 0.879759 
v -4.42199 12.7204 0.800018 
v -4.39767 12.5754 0.82348 
v -4.34592 12.5754 0.702412 
v -4.35503 12.6563 0.700673 
v -4.61705 12.633 1.03543 
v -4.78711 12.6271 1.05118 
v -4.65982 12.5446 1.05039 
v -4.80425 12.5411 1.05639 
v -5.02708 11.762 0.342093 
v -5.03596 11.7901 0.310384 
v -5.01876 11.767 0.302007 
v -5.03143 11.8075 0.291968 
v -5.02454 11.7905 0.287306 
v -5.02908 11.8265 0.288582 
v -5.01351 11.8055 0.270446 
v -4.99431 11.812 0.256341 
v -5.006 11.8234 0.264231 
v -4.99905 11.7933 0.261981 
v -4.99431 11.812 0.256341 
v -4.97969 11.7945 0.252214 
v -4.46341 11.7901 0.310384 
v -4.47228 11.762 0.342093 
v -4.48061 11.767 0.302007 
v -4.46794 11.8075 0.291968 
v -4.47483 11.7905 0.287306 
v -4.47028 11.8265 0.288582 
v -4.48586 11.8055 0.270446 
v -4.50505 11.812 0.256341 
v -4.49336 11.8234 0.264231 
v -4.50032 11.7933 0.261981 
v -4.50505 11.812 0.256341 
v -4.51967 11.7945 0.252216 
v -4.62474 12.7676 0.347548 
v -4.57288 12.6884 0.323705 
v -4.70509 12.6919 0.295081 
v -4.54268 11.731 0.633527 
v -4.61498 11.7393 0.742092 
v -4.65499 11.7233 0.722607 
v -4.93207 11.7273 0.504591 
v -5.00278 11.7435 0.328101 
v -4.97121 11.7364 0.311119 
v -4.49659 11.7435 0.328101 
v -4.5673 11.7273 0.504591 
v -4.52816 11.7364 0.311116 
v -5.12255 12.7204 0.540055 
v -5.13039 12.65 0.516352 
v -5.15845 12.6226 0.563732 
v -4.91189 11.7392 0.721031 
v -4.91872 11.7244 0.656157 
v -4.77765 11.7297 0.766285 
v -4.91189 11.7392 0.721031 
v -4.96287 11.7402 0.607082 
v -4.99159 12.65 0.932349 
v -5.0487 12.65 0.877901 
v -5.01317 12.5745 0.9279 
v -4.4862 12.5745 0.9279 
v -4.45067 12.65 0.877901 
v -4.50778 12.65 0.932349 
v -4.53776 12.553 1.01756 
v -4.61705 12.633 1.03543 
v -4.65982 12.5446 1.05039 
v -4.93207 11.7273 0.504591 
v -4.96703 11.7423 0.484178 
v -5.00278 11.7435 0.328101 
v -4.90065 11.7231 0.483502 
v -4.93207 11.7273 0.504591 
v -4.97121 11.7364 0.311119 
v -4.49659 11.7435 0.328101 
v -4.53234 11.7423 0.484178 
v -4.5673 11.7273 0.504591 
v -4.52816 11.7364 0.311116 
v -4.5673 11.7273 0.504591 
v -4.59871 11.7231 0.483502 
v -4.28984 11.9687 0.62743 
v -4.29517 11.9471 0.632507 
v -4.29633 11.9592 0.615588 
v -4.31219 11.9356 0.651537 
v -4.29388 11.9668 0.649412 
v -4.31074 11.9639 0.676886 
v -4.29517 11.9471 0.632507 
v -4.29388 11.9668 0.649412 
v -4.31219 11.9356 0.651537 
v -4.58468 11.7393 0.522921 
v -4.54268 11.731 0.633527 
v -4.63251 11.7231 0.535286 
v -5.18863 11.9639 0.676886 
v -5.20732 11.9537 0.635543 
v -5.18146 11.9347 0.660169 
v -4.91872 11.7244 0.656157 
v -4.96287 11.7402 0.607082 
v -4.88084 11.7335 0.506663 
v -5.02708 11.762 0.342093 
v -5.04267 11.7892 0.352198 
v -5.03596 11.7901 0.310384 
v -4.65499 11.7233 0.722607 
v -4.61498 11.7393 0.742092 
v -4.77765 11.7297 0.766285 
v -4.46341 11.7901 0.310384 
v -4.4567 11.7892 0.352198 
v -4.47228 11.762 0.342093 
v -4.95824 11.8018 0.246686 
v -4.9498 11.7877 0.249537 
v -4.97969 11.7945 0.252214 
v -4.54112 11.8018 0.246686 
v -4.51967 11.7945 0.252216 
v -4.54956 11.7877 0.249537 
v -4.96703 11.7423 0.484178 
v -5.02708 11.762 0.342093 
v -5.00278 11.7435 0.328101 
v -4.47228 11.762 0.342093 
v -4.53234 11.7423 0.484178 
v -4.49659 11.7435 0.328101 
v -4.91872 11.7244 0.656157 
v -4.88084 11.7335 0.506663 
v -4.80138 11.7189 0.577151 
v -4.77765 11.7297 0.766285 
v -4.91872 11.7244 0.656157 
v -4.65499 11.7233 0.722607 
v -4.57011 12.5754 0.981497 
v -4.50778 12.65 0.932349 
v -4.57293 12.65 0.973729 
v -4.4862 12.5745 0.9279 
v -4.80138 11.7189 0.577151 
v -4.63251 11.7231 0.535286 
v -4.65499 11.7233 0.722607 
v -4.54268 11.731 0.633527 
v -4.91872 11.7244 0.656157 
v -4.80138 11.7189 0.577151 
v -4.65499 11.7233 0.722607 
v -4.73166 11.733 0.474022 
v -4.63251 11.7231 0.535286 
v -4.80138 11.7189 0.577151 
v -4.80138 11.7189 0.577151 
v -4.88084 11.7335 0.506663 
v -4.73166 11.733 0.474022 
v -5.02454 11.7905 0.287306 
v -5.03143 11.8075 0.291968 
v -5.01351 11.8055 0.270446 
v -5.18524 11.9339 0.614172 
v -5.19937 11.9417 0.63267 
v -5.20388 11.9589 0.616694 
v -4.48586 11.8055 0.270446 
v -4.46794 11.8075 0.291968 
v -4.47483 11.7905 0.287306 
v -4.85408 12.65 0.994622 
v -4.92643 12.65 0.973729 
v -4.8555 12.5754 1.00112 
v -4.92926 12.5754 0.981497 
v -4.57293 12.65 0.973729 
v -4.64529 12.65 0.994622 
v -4.64387 12.5754 1.00112 
v -4.57011 12.5754 0.981497 
v -5.20431 11.9869 0.652207 
v -5.20732 11.9537 0.635543 
v -5.18863 11.9639 0.676886 
v -5.05589 12.7204 0.464818 
v -5.13039 12.65 0.516352 
v -5.12255 12.7204 0.540055 
v -5.10301 12.6267 0.477254 
v -5.09556 12.65 0.819153 
v -5.15345 12.5754 0.702412 
v -5.1017 12.5754 0.82348 
v -5.14433 12.6563 0.700673 
v -4.31219 11.9356 0.651537 
v -4.31074 11.9639 0.676886 
v -4.33088 11.9477 0.68778 
v -4.36249 12.6236 0.51634 
v -4.44348 12.7204 0.464818 
v -4.37682 12.7204 0.540055 
v -4.39692 12.6188 0.47372 
v -5.12299 11.9148 0.670244 
v -5.1407 11.9563 0.705785 
v -5.12758 11.9253 0.673861 
v -4.97908 11.8122 0.249638 
v -4.97969 11.7945 0.252214 
v -4.99431 11.812 0.256341 
v -5.11993 11.9076 0.617784 
v -5.12299 11.9148 0.670244 
v -5.12237 11.913 0.625907 
v -5.1407 11.9563 0.705785 
v -5.16588 12.0143 0.695272 
v -5.14488 11.9657 0.699392 
v -4.58213 11.7606 0.284763 
v -4.54827 11.7624 0.267859 
v -4.5568 11.7422 0.296696 
v -4.56653 11.7794 0.259957 
v -4.52029 11.8122 0.249639 
v -4.50505 11.812 0.256341 
v -4.51967 11.7945 0.252216 
v -4.37943 11.9076 0.617784 
v -4.37699 11.913 0.625908 
v -4.37637 11.9148 0.670244 
v -4.37637 11.9148 0.670244 
v -4.37179 11.9253 0.673861 
v -4.35867 11.9563 0.705785 
v -4.35867 11.9563 0.705785 
v -4.35449 11.9657 0.699392 
v -4.33349 12.0143 0.695272 
v -4.33349 12.0143 0.695272 
v -4.32826 12.0259 0.665971 
v -4.32136 12.0419 0.639939 
v -5.12299 11.9148 0.670244 
v -5.12758 11.9253 0.673861 
v -5.12237 11.913 0.625907 
v -5.1407 11.9563 0.705785 
v -5.14488 11.9657 0.699392 
v -5.12758 11.9253 0.673861 
v -5.16588 12.0143 0.695272 
v -5.16431 12.0104 0.685815 
v -5.14488 11.9657 0.699392 
v -5.17196 12.0282 0.585939 
v -5.17111 12.0259 0.599041 
v -5.17801 12.0419 0.639939 
v -5.13047 11.9324 0.572414 
v -5.11993 11.9076 0.617784 
v -5.13108 11.9335 0.581554 
v -5.12237 11.913 0.625907 
v -5.16588 12.0143 0.695272 
v -5.17391 12.0323 0.645566 
v -5.16431 12.0104 0.685815 
v -5.17801 12.0419 0.639939 
v -4.73166 11.733 0.474022 
v -4.58468 11.7393 0.522921 
v -4.63251 11.7231 0.535286 
v -4.91724 11.7606 0.284762 
v -4.95108 11.7624 0.267863 
v -4.93282 11.7794 0.259961 
v -4.94257 11.7422 0.296696 
v -5.15216 11.9828 0.55717 
v -5.1526 11.9835 0.565125 
v -5.17196 12.0282 0.585939 
v -4.37943 11.9076 0.617784 
v -4.3689 11.9324 0.572414 
v -4.36829 11.9335 0.581556 
v -4.37699 11.913 0.625908 
v -4.37637 11.9148 0.670244 
v -4.37699 11.913 0.625908 
v -4.37179 11.9253 0.673861 
v -4.35867 11.9563 0.705785 
v -4.37179 11.9253 0.673861 
v -4.35449 11.9657 0.699392 
v -4.33349 12.0143 0.695272 
v -4.35449 11.9657 0.699392 
v -4.33943 12.0005 0.691411 
v -4.33349 12.0143 0.695272 
v -4.33943 12.0005 0.691411 
v -4.32826 12.0259 0.665971 
v -5.15216 11.9828 0.55717 
v -5.13047 11.9324 0.572414 
v -5.1526 11.9835 0.565125 
v -5.13108 11.9335 0.581554 
v -5.17801 12.0419 0.639939 
v -5.17111 12.0259 0.599041 
v -5.17391 12.0323 0.645566 
v -5.17196 12.0282 0.585939 
v -5.1526 11.9835 0.565125 
v -5.17111 12.0259 0.599041 
v -4.32546 12.0323 0.619448 
v -4.32741 12.0282 0.585939 
v -4.32136 12.0419 0.639939 
v -4.33506 12.0104 0.5792 
v -4.34721 11.9828 0.55717 
v -4.32741 12.0282 0.585939 
v -4.35184 11.9718 0.565834 
v -4.36829 11.9335 0.581556 
v -4.3689 11.9324 0.572414 
v -4.34721 11.9828 0.55717 
v -4.32136 12.0419 0.639939 
v -4.32826 12.0259 0.665971 
v -4.32546 12.0323 0.619448 
v -4.32546 12.0323 0.619448 
v -4.33506 12.0104 0.5792 
v -4.32741 12.0282 0.585939 
v -4.33506 12.0104 0.5792 
v -4.35184 11.9718 0.565834 
v -4.34721 11.9828 0.55717 
v -5.0487 12.65 0.877901 
v -5.1017 12.5754 0.82348 
v -5.01317 12.5745 0.9279 
v -5.09556 12.65 0.819153 
v -4.4862 12.5745 0.9279 
v -4.39767 12.5754 0.82348 
v -4.45067 12.65 0.877901 
v -4.4038 12.65 0.819153 
v -5.14684 12.5714 0.561433 
v -5.14684 12.6439 0.610458 
v -5.13285 12.6439 0.540583 
v -4.64529 12.65 0.994622 
v -4.74968 12.65 1.00112 
v -4.74968 12.5754 1.00774 
v -4.64387 12.5754 1.00112 
v -4.93207 11.7273 0.504591 
v -4.96049 11.7553 0.540963 
v -4.96703 11.7423 0.484178 
v -4.53234 11.7423 0.484178 
v -4.53888 11.7553 0.540963 
v -4.5673 11.7273 0.504591 
v -4.90065 11.7231 0.483502 
v -4.97121 11.7364 0.311119 
v -4.94257 11.7422 0.296696 
v -4.52816 11.7364 0.311116 
v -4.59871 11.7231 0.483502 
v -4.5568 11.7422 0.296696 
v -5.14433 12.6563 0.700673 
v -5.16316 12.6289 0.610128 
v -5.15345 12.5754 0.702412 
v -5.16596 12.5396 0.610336 
v -5.18531 11.956 0.588144 
v -5.18524 11.9339 0.614172 
v -5.20388 11.9589 0.616694 
v -4.33637 12.63 0.609138 
v -4.35503 12.6563 0.700673 
v -4.34592 12.5754 0.702412 
v -4.33335 12.54 0.610154 
v -4.29633 11.9592 0.615588 
v -4.29517 11.9471 0.632507 
v -4.3123 11.9403 0.606561 
v -4.28984 11.9687 0.62743 
v -4.31074 11.9639 0.588128 
v -5.20388 11.9589 0.616694 
v -5.19937 11.9417 0.63267 
v -5.20732 11.9537 0.635543 
v -5.15514 11.9119 0.638883 
v -5.18524 11.9339 0.614172 
v -5.16173 11.9211 0.602835 
v -5.15514 11.9119 0.638883 
v -5.18531 11.956 0.588144 
v -5.16173 11.9211 0.602835 
v -4.70509 12.6919 0.295081 
v -4.63325 12.6994 0.189472 
v -4.75037 12.6994 0.179649 
v -4.57288 12.6884 0.323705 
v -4.87817 12.6866 0.306718 
v -4.52062 12.6957 0.217881 
v -4.8675 12.6957 0.18879 
v -4.41682 12.6885 0.263784 
v -4.98011 12.6884 0.216543 
v -4.44857 12.6786 0.384647 
v -5.04013 12.6708 0.374551 
v -4.32583 12.6779 0.325418 
v -5.08389 12.6778 0.261842 
v -4.33548 12.6573 0.502202 
v -5.17486 12.6643 0.322946 
v -4.25115 12.6644 0.400414 
v -5.15794 12.6464 0.488056 
v -4.19565 12.6486 0.48589 
v -5.2495 12.6485 0.397507 
v -4.2951 12.6383 0.602667 
v -5.30496 12.6309 0.48266 
v -4.16147 12.631 0.578561 
v -5.20592 12.6238 0.600015 
v -4.14991 12.6124 0.674865 
v -5.3391 12.6122 0.575131 
v -5.35062 12.5932 0.671369 
v -5.21532 12.6029 0.705374 
v -4.28727 12.6152 0.721406 
v -4.16143 12.5933 0.771102 
v -4.19557 12.5747 0.863574 
v -4.3431 12.5865 0.86358 
v -4.25103 12.5571 0.948726 
v -4.32567 12.5412 1.02329 
v -4.4221 12.5689 0.946633 
v -4.41663 12.5278 1.08439 
v -4.53776 12.553 1.01756 
v -4.52042 12.5172 1.12969 
v -4.65982 12.5446 1.05039 
v -4.63303 12.5099 1.15744 
v -4.75015 12.5061 1.16658 
v -4.80425 12.5411 1.05639 
v -4.86728 12.5061 1.15676 
v -4.97737 12.5472 1.01 
v -4.97991 12.5098 1.12835 
v -5.08371 12.5171 1.08245 
v -5.07876 12.5584 0.944721 
v -5.1747 12.5276 1.02082 
v -5.24938 12.5411 0.945819 
v -5.16551 12.5756 0.849329 
v -5.30488 12.5569 0.860344 
v -5.21532 12.6029 0.705374 
v -5.33906 12.5745 0.767673 
v -5.35062 12.5932 0.671369 
v -4.92989 11.7502 0.572241 
v -4.96049 11.7553 0.540963 
v -4.93207 11.7273 0.504591 
v -4.53888 11.7553 0.540963 
v -4.56948 11.7502 0.572238 
v -4.5673 11.7273 0.504591 
v -5.18863 11.9639 0.676886 
v -5.18146 11.9347 0.660169 
v -5.16172 11.9343 0.680963 
v -5.20391 11.998 0.623955 
v -5.20936 11.966 0.633004 
v -5.20431 11.9869 0.652207 
v -5.20431 11.9869 0.652207 
v -5.20732 11.9537 0.635543 
v -4.32357 11.9247 0.620104 
v -4.31219 11.9356 0.651537 
v -4.33914 11.9191 0.658713 
v -4.35199 11.9104 0.625758 
v -4.33545 11.9397 0.580751 
v -4.3123 11.9403 0.606561 
v -4.34241 11.9237 0.594975 
v -4.29517 11.9471 0.632507 
v -4.32357 11.9247 0.620104 
v -4.34241 11.9237 0.594975 
v -4.35199 11.9104 0.625758 
v -4.29517 11.9471 0.632507 
v -4.31219 11.9356 0.651537 
v -4.31074 11.9639 0.588128 
v -4.29633 11.9592 0.615588 
v -4.3123 11.9403 0.606561 
v -4.52029 11.8122 0.249639 
v -4.51967 11.7945 0.252216 
v -4.54112 11.8018 0.246686 
v -4.97908 11.8122 0.249638 
v -4.95824 11.8018 0.246686 
v -4.97969 11.7945 0.252214 
v -4.54268 11.731 0.633527 
v -4.52247 11.7814 0.676587 
v -4.61498 11.7393 0.742092 
v -4.31219 11.9356 0.651537 
v -4.33088 11.9477 0.68778 
v -4.33914 11.9191 0.658713 
v -4.96703 11.7423 0.484178 
v -4.98886 11.7682 0.49498 
v -5.02708 11.762 0.342093 
v -4.36249 12.6236 0.51634 
v -4.37682 12.7204 0.540055 
v -4.33988 12.6152 0.560892 
v -4.33637 12.63 0.609138 
v -4.34622 12.4963 0.589021 
v -4.47228 11.762 0.342093 
v -4.5105 11.7682 0.49498 
v -4.53234 11.7423 0.484178 
v -5.15162 11.9197 0.665358 
v -5.18146 11.9347 0.660169 
v -5.15514 11.9119 0.638883 
v -4.86978 11.7331 0.463081 
v -4.90065 11.7231 0.483502 
v -4.94257 11.7422 0.296696 
v -4.5568 11.7422 0.296696 
v -4.59871 11.7231 0.483502 
v -4.62958 11.7331 0.463077 
v -5.15352 12.5367 0.610592 
v -5.14684 12.6439 0.610458 
v -5.14684 12.5714 0.561433 
v -4.96049 11.7553 0.540963 
v -4.98886 11.7682 0.49498 
v -4.96703 11.7423 0.484178 
v -4.5105 11.7682 0.49498 
v -4.53888 11.7553 0.540963 
v -4.53234 11.7423 0.484178 
v -4.31074 11.9639 0.676886 
v -4.29388 11.9668 0.649412 
v -4.3124 11.9952 0.680817 
v -4.87409 11.7333 0.541074 
v -4.93207 11.7273 0.504591 
v -4.90065 11.7231 0.483502 
v -4.92989 11.7502 0.572241 
v -4.91189 11.7392 0.721031 
v -4.98239 11.7852 0.639851 
v -4.96287 11.7402 0.607082 
v -4.95897 11.7834 0.697772 
v -4.56948 11.7502 0.572238 
v -4.62528 11.7333 0.541074 
v -4.5673 11.7273 0.504591 
v -4.59871 11.7231 0.483502 
v -5.20391 11.998 0.623955 
v -5.19812 11.985 0.598478 
v -5.20388 11.9589 0.616694 
v -5.20936 11.966 0.633004 
v -5.09096 11.9686 0.727536 
v -5.11945 12.0061 0.706421 
v -5.09945 11.9597 0.702166 
v -4.39991 11.9597 0.702166 
v -4.37992 12.0061 0.706421 
v -4.40841 11.9686 0.727536 
v -4.29388 11.9668 0.649412 
v -4.28984 11.9687 0.62743 
v -4.29762 12.008 0.632507 
v -5.03596 11.7901 0.310384 
v -5.04253 11.8158 0.318462 
v -5.03143 11.8075 0.291968 
v -4.46794 11.8075 0.291968 
v -4.45683 11.8158 0.318462 
v -4.46341 11.7901 0.310384 
v -4.34241 11.9237 0.594975 
v -4.3123 11.9403 0.606561 
v -4.32357 11.9247 0.620104 
v -5.07005 11.9192 0.684885 
v -5.09945 11.9597 0.702166 
v -5.08366 11.9221 0.661194 
v -5.09096 11.9686 0.727536 
v -5.16172 11.9343 0.680963 
v -5.18146 11.9347 0.660169 
v -5.15162 11.9197 0.665358 
v -5.15514 11.9119 0.638883 
v -5.19937 11.9417 0.63267 
v -5.12758 11.9253 0.673861 
v -5.16172 11.9343 0.680963 
v -4.41571 11.9221 0.661194 
v -4.39991 11.9597 0.702166 
v -4.42932 11.9192 0.684885 
v -4.40841 11.9686 0.727536 
v -4.29388 11.9668 0.649412 
v -4.29762 12.008 0.632507 
v -4.30484 12.0105 0.65973 
v -5.19812 11.985 0.598478 
v -5.18531 11.956 0.588144 
v -5.20388 11.9589 0.616694 
v -4.74968 12.65 1.00112 
v -4.85408 12.65 0.994622 
v -4.74968 12.5754 1.00774 
v -4.8555 12.5754 1.00112 
v -4.85408 12.4961 0.994622 
v -4.74968 12.4961 1.00112 
v -4.8555 12.5754 1.00112 
v -4.29388 11.9668 0.649412 
v -4.30484 12.0105 0.65973 
v -4.3124 11.9952 0.680817 
v -4.51449 11.7852 0.604125 
v -4.58468 11.7393 0.522921 
v -4.5378 11.7833 0.546239 
v -4.54268 11.731 0.633527 
v -5.06624 11.9103 0.632682 
v -5.08366 11.9221 0.661194 
v -5.08495 11.9259 0.596395 
v -5.11725 12.0284 0.720069 
v -5.11945 12.0061 0.706421 
v -5.09096 11.9686 0.727536 
v -5.13386 12.0393 0.680878 
v -4.43312 11.9103 0.632682 
v -4.41442 11.9259 0.596395 
v -4.41571 11.9221 0.661194 
v -4.37992 12.0061 0.706421 
v -4.38212 12.0284 0.720069 
v -4.40841 11.9686 0.727536 
v -4.36551 12.0393 0.680878 
v -5.04267 11.7892 0.352198 
v -5.04253 11.8158 0.318462 
v -5.03596 11.7901 0.310384 
v -4.45683 11.8158 0.318462 
v -4.4567 11.7892 0.352198 
v -4.46341 11.7901 0.310384 
v -5.15845 12.6226 0.563732 
v -5.13039 12.65 0.516352 
v -5.13906 12.5377 0.519068 
v -4.31074 11.9639 0.588128 
v -4.3123 11.9403 0.606561 
v -4.33545 11.9397 0.580751 
v -4.98886 11.7682 0.49498 
v -5.04267 11.7892 0.352198 
v -5.02708 11.762 0.342093 
v -4.30564 12.0035 0.596325 
v -4.28984 11.9687 0.62743 
v -4.31074 11.9639 0.588128 
v -4.4567 11.7892 0.352198 
v -4.5105 11.7682 0.49498 
v -4.47228 11.762 0.342093 
v -4.61498 11.7393 0.742092 
v -4.70161 11.7815 0.789138 
v -4.77765 11.7297 0.766285 
v -5.02908 11.8265 0.288582 
v -5.006 11.8234 0.264231 
v -5.01351 11.8055 0.270446 
v -4.94075 11.8143 0.246591 
v -4.9498 11.7877 0.249537 
v -4.95824 11.8018 0.246686 
v -4.97908 11.8122 0.249638 
v -4.96491 11.8219 0.246695 
v -4.49336 11.8234 0.264231 
v -4.47028 11.8265 0.288582 
v -4.48586 11.8055 0.270446 
v -4.52029 11.8122 0.249639 
v -4.54112 11.8018 0.246686 
v -4.53446 11.8219 0.246695 
v -4.55862 11.8143 0.246591 
v -4.54956 11.7877 0.249537 
v -5.16456 11.9496 0.574047 
v -5.16173 11.9211 0.602835 
v -5.18531 11.956 0.588144 
v -4.31074 11.9639 0.676886 
v -4.32386 11.9751 0.691633 
v -4.33088 11.9477 0.68778 
v -5.17551 11.9751 0.691633 
v -5.18863 11.9639 0.676886 
v -5.16637 11.9539 0.691369 
v -5.18697 11.9952 0.680817 
v -5.18863 11.9639 0.676886 
v -5.17551 11.9751 0.691633 
v -4.31074 11.9639 0.676886 
v -4.3124 11.9952 0.680817 
v -4.32386 11.9751 0.691633 
v -4.33914 11.9191 0.658713 
v -4.33088 11.9477 0.68778 
v -4.35247 11.9232 0.672918 
v -5.0487 12.4961 0.877901 
v -5.01317 12.5745 0.9279 
v -5.1017 12.5754 0.82348 
v -5.09556 12.4961 0.819153 
v -4.97892 11.7821 0.584286 
v -4.88084 11.7335 0.506663 
v -4.96287 11.7402 0.607082 
v -4.93455 11.783 0.518376 
v -4.4862 12.5745 0.9279 
v -4.45067 12.4961 0.877901 
v -4.39767 12.5754 0.82348 
v -4.4038 12.4961 0.819153 
v -5.13442 12.068 0.668406 
v -5.14041 12.0546 0.646772 
v -5.13386 12.0393 0.680878 
v -4.29762 12.008 0.632507 
v -4.28984 11.9687 0.62743 
v -4.30564 12.0035 0.596325 
v -4.36551 12.0393 0.680878 
v -4.35896 12.0546 0.646772 
v -4.36495 12.068 0.668406 
v -4.87409 11.7333 0.541074 
v -4.90065 11.7231 0.483502 
v -4.86978 11.7331 0.463081 
v -4.59871 11.7231 0.483502 
v -4.62528 11.7333 0.541074 
v -4.62958 11.7331 0.463077 
v -4.51449 11.7852 0.604125 
v -4.52247 11.7814 0.676587 
v -4.54268 11.731 0.633527 
v -4.57011 12.5754 0.981497 
v -4.50778 12.4961 0.932349 
v -4.4862 12.5745 0.9279 
v -4.57293 12.4961 0.973729 
v -5.15572 12.495 0.610883 
v -5.16316 12.6289 0.610128 
v -5.15845 12.6226 0.563732 
v -5.14476 12.4528 0.554634 
v -4.43312 11.9103 0.632682 
v -4.41571 11.9221 0.661194 
v -4.42932 11.9192 0.684885 
v -5.06624 11.9103 0.632682 
v -5.07005 11.9192 0.684885 
v -5.08366 11.9221 0.661194 
v -4.64387 12.5754 1.00112 
v -4.74968 12.5754 1.00774 
v -4.64529 12.4961 0.994622 
v -4.74968 12.4961 1.00112 
v -5.13039 12.65 0.516352 
v -5.10301 12.6267 0.477254 
v -5.13906 12.5377 0.519068 
v -4.54956 11.7877 0.249537 
v -4.56653 11.7794 0.259957 
v -4.57499 11.7952 0.257215 
v -4.54827 11.7624 0.267859 
v -4.56653 11.7794 0.259957 
v -4.56653 11.7794 0.259957 
v -4.59798 11.7847 0.278149 
v -4.58213 11.7606 0.284763 
v -5.19592 12.0177 0.634649 
v -5.20391 11.998 0.623955 
v -5.20431 11.9869 0.652207 
v -4.90139 11.7847 0.278149 
v -4.93282 11.7794 0.259961 
v -4.92437 11.7952 0.257218 
v -4.91724 11.7606 0.284762 
v -4.9498 11.7877 0.249537 
v -4.93282 11.7794 0.259961 
v -4.93282 11.7794 0.259961 
v -4.95108 11.7624 0.267863 
v -5.15345 12.5754 0.702412 
v -5.16596 12.5396 0.610336 
v -5.14468 12.4892 0.699393 
v -5.13906 12.5377 0.519068 
v -5.14476 12.4528 0.554634 
v -5.15845 12.6226 0.563732 
v -5.09556 12.4961 0.819153 
v -5.1017 12.5754 0.82348 
v -5.15345 12.5754 0.702412 
v -5.14468 12.4892 0.699393 
v -4.33335 12.54 0.610154 
v -4.34592 12.5754 0.702412 
v -4.35468 12.4892 0.699393 
v -4.39767 12.5754 0.82348 
v -4.4038 12.4961 0.819153 
v -4.34592 12.5754 0.702412 
v -4.35468 12.4892 0.699393 
v -4.91189 11.7392 0.721031 
v -4.77765 11.7297 0.766285 
v -4.82081 11.7818 0.78257 
v -4.90051 11.7819 0.750257 
v -5.18275 11.9887 0.578704 
v -5.18531 11.956 0.588144 
v -5.19812 11.985 0.598478 
v -5.04267 11.7892 0.352198 
v -5.04728 11.819 0.356675 
v -5.04253 11.8158 0.318462 
v -4.99431 11.812 0.256341 
v -5.006 11.8234 0.264231 
v -4.98257 11.8361 0.253692 
v -4.99431 11.812 0.256341 
v -4.97908 11.8122 0.249638 
v -4.96049 11.7553 0.540963 
v -4.97565 11.7846 0.550999 
v -4.98886 11.7682 0.49498 
v -4.45683 11.8158 0.318462 
v -4.45209 11.819 0.356675 
v -4.4567 11.7892 0.352198 
v -4.50505 11.812 0.256341 
v -4.5168 11.8361 0.253692 
v -4.49336 11.8234 0.264231 
v -4.50505 11.812 0.256341 
v -4.52029 11.8122 0.249639 
v -4.5105 11.7682 0.49498 
v -4.52372 11.7846 0.550999 
v -4.53888 11.7553 0.540963 
v -5.05589 12.7204 0.464818 
v -5.0487 12.65 0.445749 
v -5.10301 12.6267 0.477254 
v -4.33988 12.6152 0.560892 
v -4.34622 12.4963 0.589021 
v -4.36103 12.4593 0.529911 
v -5.04253 11.8158 0.318462 
v -5.02908 11.8265 0.288582 
v -5.03143 11.8075 0.291968 
v -4.61498 11.7393 0.742092 
v -4.52247 11.7814 0.676587 
v -4.5946 11.7825 0.749518 
v -4.47028 11.8265 0.288582 
v -4.45683 11.8158 0.318462 
v -4.46794 11.8075 0.291968 
v -4.98239 11.7852 0.639851 
v -4.97892 11.7821 0.584286 
v -4.96287 11.7402 0.607082 
v -4.99159 12.4961 0.932349 
v -5.01317 12.5745 0.9279 
v -5.0487 12.4961 0.877901 
v -5.15352 12.5367 0.610592 
v -5.14684 12.5714 0.561433 
v -5.13982 12.4946 0.562307 
v -5.19592 12.0177 0.634649 
v -5.20431 11.9869 0.652207 
v -5.19174 12.0129 0.660508 
v -5.18697 11.9952 0.680817 
v -4.4862 12.5745 0.9279 
v -4.50778 12.4961 0.932349 
v -4.45067 12.4961 0.877901 
v -4.33056 11.9602 0.572764 
v -4.31074 11.9639 0.588128 
v -4.33545 11.9397 0.580751 
v -4.4436 12.6151 0.443887 
v -4.44348 12.7204 0.464818 
v -4.39692 12.6188 0.47372 
v -4.35252 12.5714 0.561433 
v -4.34585 12.5367 0.610592 
v -4.35955 12.4946 0.562307 
v -4.39692 12.6188 0.47372 
v -4.36249 12.6236 0.51634 
v -4.38078 12.4526 0.489932 
v -4.36249 12.6236 0.51634 
v -4.33988 12.6152 0.560892 
v -4.38078 12.4526 0.489932 
v -4.38078 12.4526 0.489932 
v -4.36103 12.4593 0.529911 
v -4.39692 12.6188 0.47372 
v -4.42274 12.3837 0.444975 
v -5.13442 12.068 0.668406 
v -5.13386 12.0393 0.680878 
v -5.11725 12.0284 0.720069 
v -4.36551 12.0393 0.680878 
v -4.36495 12.068 0.668406 
v -4.38212 12.0284 0.720069 
v -5.006 11.8234 0.264231 
v -5.02908 11.8265 0.288582 
v -5.0201 11.8431 0.283187 
v -4.49336 11.8234 0.264231 
v -4.47927 11.8431 0.283187 
v -4.47028 11.8265 0.288582 
v -4.30564 12.0035 0.596325 
v -4.31074 11.9639 0.588128 
v -4.32033 11.9858 0.576091 
v -4.53446 11.8219 0.246695 
v -4.54112 11.8018 0.246686 
v -4.55862 11.8143 0.246591 
v -4.98257 11.8361 0.253692 
v -4.96491 11.8219 0.246695 
v -4.97908 11.8122 0.249638 
v -4.96491 11.8219 0.246695 
v -4.94075 11.8143 0.246591 
v -4.95824 11.8018 0.246686 
v -4.52029 11.8122 0.249639 
v -4.53446 11.8219 0.246695 
v -4.5168 11.8361 0.253692 
v -4.86978 11.7331 0.463081 
v -4.94257 11.7422 0.296696 
v -4.91724 11.7606 0.284762 
v -4.5568 11.7422 0.296696 
v -4.62958 11.7331 0.463077 
v -4.58213 11.7606 0.284763 
v -4.88082 11.7495 0.56742 
v -4.92989 11.7502 0.572241 
v -4.87409 11.7333 0.541074 
v -4.56948 11.7502 0.572238 
v -4.61855 11.7495 0.567418 
v -4.62528 11.7333 0.541074 
v -5.19025 12.0151 0.603482 
v -5.19812 11.985 0.598478 
v -5.20391 11.998 0.623955 
v -4.92989 11.7502 0.572241 
v -4.95175 11.7871 0.585077 
v -4.97565 11.7846 0.550999 
v -4.96049 11.7553 0.540963 
v -4.54762 11.787 0.585079 
v -4.56948 11.7502 0.572238 
v -4.52372 11.7846 0.550999 
v -4.53888 11.7553 0.540963 
v -4.88084 11.7335 0.506663 
v -4.84461 11.7822 0.466311 
v -4.73166 11.733 0.474022 
v -4.42805 11.9228 0.590248 
v -4.41442 11.9259 0.596395 
v -4.43312 11.9103 0.632682 
v -5.07131 11.9228 0.590248 
v -5.06624 11.9103 0.632682 
v -5.08495 11.9259 0.596395 
v -4.38078 12.4526 0.489932 
v -4.36103 12.4593 0.529911 
v -4.3973 12.3572 0.484876 
v -4.50778 12.65 0.423428 
v -4.44348 12.7204 0.464818 
v -4.4436 12.6151 0.443887 
v -4.55285 12.7204 0.421895 
v -5.14684 12.5714 0.671043 
v -5.15352 12.5367 0.610592 
v -5.13982 12.4946 0.669487 
v -5.14684 12.6439 0.610458 
v -5.14684 12.5714 0.671043 
v -5.13982 12.6439 0.669487 
v -5.12563 12.4153 0.610105 
v -5.15352 12.5367 0.610592 
v -5.10367 12.3719 0.661623 
v -5.10367 12.3719 0.661623 
v -5.09118 12.3376 0.609561 
v -4.34585 12.5367 0.610592 
v -4.35252 12.5714 0.671043 
v -4.35955 12.4946 0.669487 
v -4.35252 12.5714 0.671043 
v -4.35252 12.6439 0.610458 
v -4.35955 12.6439 0.669487 
v -4.37374 12.4153 0.610105 
v -4.34585 12.5367 0.610592 
v -4.3957 12.3719 0.661623 
v -4.40818 12.3376 0.609561 
v -4.3957 12.3719 0.661623 
v -4.74968 12.3899 0.964332 
v -4.84989 12.4144 0.966993 
v -4.88048 12.3324 0.909568 
v -4.85408 12.4961 0.994622 
v -4.91807 12.4143 0.944925 
v -4.92643 12.4961 0.973729 
v -4.92926 12.5754 0.981497 
v -4.99159 12.4961 0.932349 
v -5.01317 12.5745 0.9279 
v -4.8555 12.5754 1.00112 
v -4.92643 12.4961 0.973729 
v -4.85408 12.4961 0.994622 
v -4.92926 12.5754 0.981497 
v -4.99159 12.65 0.932349 
v -4.92643 12.65 0.973729 
v -5.18697 11.9952 0.680817 
v -5.20431 11.9869 0.652207 
v -5.18863 11.9639 0.676886 
v -5.16431 12.0104 0.685815 
v -5.19174 12.0129 0.660508 
v -5.05589 12.7204 0.464818 
v -4.99387 12.6349 0.423155 
v -5.0487 12.65 0.445749 
v -4.94651 12.7204 0.421895 
v -4.8938 11.8111 0.275846 
v -4.90139 11.7847 0.278149 
v -4.89769 11.8391 0.279592 
v -5.0845 11.9529 0.561148 
v -5.07131 11.9228 0.590248 
v -5.08495 11.9259 0.596395 
v -5.10267 11.9669 0.559021 
v -4.90051 11.7819 0.750257 
v -4.95897 11.7834 0.697772 
v -4.91189 11.7392 0.721031 
v -4.59798 11.7847 0.278149 
v -4.60557 11.8111 0.275846 
v -4.60168 11.8392 0.279593 
v -4.41487 11.9529 0.561148 
v -4.41442 11.9259 0.596395 
v -4.42805 11.9228 0.590248 
v -4.3967 11.9669 0.559021 
v -4.57011 12.5754 0.981497 
v -4.64387 12.5754 1.00112 
v -4.57293 12.4961 0.973729 
v -4.64529 12.4961 0.994622 
v -4.5813 12.4143 0.944925 
v -4.64948 12.4144 0.966993 
v -4.57293 12.4961 0.973729 
v -4.98886 11.7682 0.49498 
v -4.99936 11.8001 0.500683 
v -5.04267 11.7892 0.352198 
v -4.4567 11.7892 0.352198 
v -4.50001 11.8001 0.500683 
v -4.5105 11.7682 0.49498 
v -4.58468 11.7393 0.522921 
v -4.73166 11.733 0.474022 
v -4.70081 11.7816 0.454882 
v -4.59429 11.7826 0.494246 
v -4.97565 11.7846 0.550999 
v -4.99936 11.8001 0.500683 
v -4.98886 11.7682 0.49498 
v -4.52659 12.5871 0.404618 
v -4.55285 12.7204 0.421895 
v -4.50778 12.65 0.423428 
v -4.45163 12.537 0.432855 
v -4.48459 12.5627 0.416694 
v -4.4436 12.6151 0.443887 
v -4.50149 12.5984 0.419019 
v -4.77041 11.8925 0.448282 
v -4.76795 11.8962 0.441015 
v -4.76532 11.8925 0.447904 
v -4.7634 11.8962 0.440637 
v -4.74755 11.8925 0.446586 
v -4.73164 11.8962 0.440641 
v -4.72958 11.8925 0.447909 
v -4.74755 11.8962 0.439318 
v -4.72958 11.8925 0.447909 
v -4.72715 11.8962 0.441015 
v -4.72451 11.8925 0.448282 
v -4.73164 11.8962 0.440641 
v -4.74755 11.8925 0.446586 
v -4.76532 11.8925 0.447904 
v -4.7634 11.8962 0.440637 
v -4.74755 11.8962 0.439318 
v -5.14476 12.4528 0.554634 
v -5.13535 12.4113 0.5867 
v -5.15572 12.495 0.610883 
v -4.50001 11.8001 0.500683 
v -4.52372 11.7846 0.550999 
v -4.5105 11.7682 0.49498 
v -5.006 11.8234 0.264231 
v -4.99469 11.8494 0.264858 
v -4.98257 11.8361 0.253692 
v -4.4436 12.6151 0.443887 
v -4.39692 12.6188 0.47372 
v -4.45163 12.537 0.432855 
v -4.49336 11.8234 0.264231 
v -4.5168 11.8361 0.253692 
v -4.50467 11.8494 0.264857 
v -5.14468 12.4892 0.699393 
v -5.13622 12.4115 0.610325 
v -5.12132 12.405 0.692534 
v -5.16596 12.5396 0.610336 
v -5.13285 12.6439 0.540583 
v -5.12563 12.5714 0.517665 
v -5.14684 12.5714 0.561433 
v -5.11901 12.4946 0.51938 
v -5.13982 12.4946 0.562307 
v -5.11261 12.4138 0.545795 
v -5.08523 12.6439 0.479819 
v -5.13285 12.6439 0.540583 
v -5.09118 12.5714 0.477328 
v -5.01901 12.6439 0.440365 
v -5.08523 12.6439 0.479819 
v -5.04984 12.534 0.450951 
v -5.11901 12.4946 0.51938 
v -5.09118 12.5714 0.477328 
v -5.07899 12.4547 0.482141 
v -5.07899 12.4547 0.482141 
v -4.37805 12.405 0.692534 
v -4.36299 12.4117 0.610139 
v -4.35468 12.4892 0.699393 
v -4.33335 12.54 0.610154 
v -4.54956 11.7877 0.249537 
v -4.57499 11.7952 0.257215 
v -4.55862 11.8143 0.246591 
v -4.57938 11.8134 0.256387 
v -4.9498 11.7877 0.249537 
v -4.94075 11.8143 0.246591 
v -4.92437 11.7952 0.257218 
v -4.91999 11.8134 0.256386 
v -4.70161 11.7815 0.789138 
v -4.82081 11.7818 0.78257 
v -4.77765 11.7297 0.766285 
v -4.45163 12.537 0.432855 
v -4.42274 12.3837 0.444975 
v -4.45617 12.3886 0.4236 
v -4.39692 12.6188 0.47372 
v -4.36103 12.4593 0.529911 
v -4.34622 12.4963 0.589021 
v -4.38115 12.3758 0.537957 
v -4.52659 12.5871 0.404618 
v -4.56779 12.5003 0.376913 
v -4.67184 12.7203 0.406027 
v -5.12563 12.4153 0.610105 
v -5.15352 12.5367 0.610592 
v -5.13982 12.4946 0.562307 
v -4.61498 11.7393 0.742092 
v -4.5946 11.7825 0.749518 
v -4.70161 11.7815 0.789138 
v -4.36103 12.4593 0.529911 
v -4.38115 12.3758 0.537957 
v -4.3973 12.3572 0.484876 
v -4.58213 11.7606 0.284763 
v -4.62958 11.7331 0.463077 
v -4.64809 11.761 0.423014 
v -4.91724 11.7606 0.284762 
v -4.85126 11.761 0.423041 
v -4.86978 11.7331 0.463081 
v -5.00812 12.4079 0.881741 
v -4.99159 12.4961 0.932349 
v -5.0487 12.4961 0.877901 
v -4.45067 12.4961 0.877901 
v -4.50778 12.4961 0.932349 
v -4.49125 12.4079 0.881741 
v -5.1016 11.9913 0.550217 
v -5.10267 11.9669 0.559021 
v -5.12182 12.0123 0.56179 
v -4.39776 11.9913 0.550217 
v -4.37755 12.0123 0.56179 
v -4.3967 11.9669 0.559021 
v -5.19592 12.0177 0.634649 
v -5.19025 12.0151 0.603482 
v -5.20391 11.998 0.623955 
v -4.4436 12.6151 0.443887 
v -4.50149 12.5984 0.419019 
v -4.50778 12.65 0.423428 
v -5.18275 11.9887 0.578704 
v -5.16456 11.9496 0.574047 
v -5.18531 11.956 0.588144 
v -4.37374 12.5714 0.517665 
v -4.36652 12.6439 0.540583 
v -4.35252 12.5714 0.561433 
v -4.38035 12.4946 0.51938 
v -4.35955 12.4946 0.562307 
v -4.38676 12.4138 0.545795 
v -4.35252 12.6439 0.610458 
v -4.36652 12.6439 0.540583 
v -4.34585 12.5367 0.610592 
v -4.37374 12.4153 0.610105 
v -4.35955 12.4946 0.562307 
v -4.38676 12.4138 0.545795 
v -4.37374 12.4153 0.610105 
v -4.42024 12.3364 0.551735 
v -4.40818 12.3376 0.609561 
v -4.4533 12.2684 0.590422 
v -5.006 11.8234 0.264231 
v -5.0201 11.8431 0.283187 
v -4.99469 11.8494 0.264858 
v -5.13442 12.068 0.668406 
v -5.13236 12.0633 0.59897 
v -5.14041 12.0546 0.646772 
v -5.13729 12.0469 0.593992 
v -5.07738 12.4145 0.800018 
v -5.09556 12.4961 0.819153 
v -5.14468 12.4892 0.699393 
v -5.12132 12.405 0.692534 
v -4.49336 11.8234 0.264231 
v -4.50467 11.8494 0.264857 
v -4.47927 11.8431 0.283187 
v -4.62528 11.7333 0.541074 
v -4.66042 11.7648 0.545233 
v -4.66282 11.7537 0.522009 
v -4.65302 11.7485 0.478425 
v -4.66282 11.7537 0.522009 
v -4.62958 11.7331 0.463077 
v -5.04253 11.8158 0.318462 
v -5.03641 11.845 0.317422 
v -5.02908 11.8265 0.288582 
v -4.36701 12.0633 0.59897 
v -4.36495 12.068 0.668406 
v -4.35896 12.0546 0.646772 
v -4.36208 12.0469 0.593991 
v -4.4038 12.4961 0.819153 
v -4.42199 12.4145 0.800018 
v -4.35468 12.4892 0.699393 
v -4.37805 12.405 0.692534 
v -4.83895 11.7648 0.545233 
v -4.87409 11.7333 0.541074 
v -4.83655 11.7537 0.522009 
v -4.84634 11.7485 0.478421 
v -4.86978 11.7331 0.463081 
v -4.83655 11.7537 0.522009 
v -4.47028 11.8265 0.288582 
v -4.46295 11.845 0.31742 
v -4.45683 11.8158 0.318462 
v -4.59429 11.7826 0.494246 
v -4.5378 11.7833 0.546239 
v -4.58468 11.7393 0.522921 
v -5.00812 12.4079 0.881741 
v -5.0487 12.4961 0.877901 
v -5.09556 12.4961 0.819153 
v -5.07738 12.4145 0.800018 
v -5.19025 12.0151 0.603482 
v -5.18275 11.9887 0.578704 
v -5.19812 11.985 0.598478 
v -4.45067 12.4961 0.877901 
v -4.49125 12.4079 0.881741 
v -4.4038 12.4961 0.819153 
v -4.42199 12.4145 0.800018 
v -4.92643 12.65 0.406842 
v -4.94651 12.7204 0.421895 
v -4.85409 12.6459 0.396299 
v -4.79944 12.7204 0.403538 
v -5.11383 12.4104 0.51753 
v -5.03623 12.1731 0.526869 
v -5.14476 12.4528 0.554634 
v -5.13906 12.5377 0.519068 
v -5.10301 12.6267 0.477254 
v -5.09686 12.4666 0.479489 
v -5.0487 12.65 0.445749 
v -5.02342 12.5436 0.423948 
v -4.30782 12.0227 0.626364 
v -4.29762 12.008 0.632507 
v -4.30564 12.0035 0.596325 
v -4.94651 12.7204 0.421895 
v -4.92643 12.65 0.406842 
v -4.99387 12.6349 0.423155 
v -4.69878 12.6493 0.394615 
v -4.67018 12.4924 0.369739 
v -4.70732 12.5441 0.373749 
v -4.44992 12.3009 0.438707 
v -4.43315 12.2842 0.468995 
v -4.51026 12.1759 0.452249 
v -4.44992 12.3009 0.438707 
v -4.3973 12.3572 0.484876 
v -4.42274 12.3837 0.444975 
v -4.38078 12.4526 0.489932 
v -4.72451 11.8925 0.448282 
v -4.74744 11.8925 0.799703 
v -4.72958 11.8925 0.447909 
v -4.76532 11.8925 0.447904 
v -4.77041 11.8925 0.448282 
v -4.7026 11.8925 0.796311 
v -4.79227 11.8925 0.796311 
v -4.70156 11.8925 0.449979 
v -4.79337 11.8925 0.449979 
v -4.65928 11.8925 0.786264 
v -4.83538 11.8925 0.786264 
v -4.65743 11.8925 0.460026 
v -4.8375 11.8925 0.460026 
v -4.61801 11.8925 0.769948 
v -4.87567 11.8925 0.769948 
v -4.61675 11.8925 0.476342 
v -4.87817 11.8925 0.476342 
v -4.58111 11.8925 0.498299 
v -4.91236 11.8925 0.747991 
v -4.58155 11.8925 0.747991 
v -4.91382 11.8925 0.498299 
v -4.55186 11.8925 0.525054 
v -4.94307 11.8925 0.525054 
v -4.55186 11.8925 0.721236 
v -4.94261 11.8925 0.721235 
v -4.53013 11.8925 0.690711 
v -4.9648 11.8925 0.555579 
v -4.53013 11.8925 0.555579 
v -4.9648 11.8925 0.690711 
v -4.51675 11.8925 0.65759 
v -4.51674 11.8925 0.5887 
v -4.51223 11.8925 0.623145 
v -4.97818 11.8925 0.5887 
v -4.97818 11.8925 0.65759 
v -4.9827 11.8925 0.623145 
v -4.72958 11.8925 0.447909 
v -4.76532 11.8925 0.447904 
v -4.74755 11.8925 0.446586 
v -4.94573 11.8416 0.250238 
v -4.94075 11.8143 0.246591 
v -4.96491 11.8219 0.246695 
v -4.53446 11.8219 0.246695 
v -4.55862 11.8143 0.246591 
v -4.55364 11.8416 0.250239 
v -5.10301 12.6267 0.477254 
v -5.04962 12.4946 0.445749 
v -5.09686 12.4666 0.479489 
v -5.02342 12.5436 0.423948 
v -4.84634 11.7485 0.478421 
v -4.86978 11.7331 0.463081 
v -4.85126 11.761 0.423041 
v -4.62958 11.7331 0.463077 
v -4.65302 11.7485 0.478425 
v -4.64809 11.761 0.423014 
v -4.50778 12.4961 0.932349 
v -4.57293 12.4961 0.973729 
v -4.5813 12.4143 0.944925 
v -4.49125 12.4079 0.881741 
v -4.92643 12.4961 0.973729 
v -4.99159 12.4961 0.932349 
v -4.91807 12.4143 0.944925 
v -5.00812 12.4079 0.881741 
v -4.74968 12.4961 1.00112 
v -4.85408 12.4961 0.994622 
v -4.84989 12.4144 0.966993 
v -4.74968 12.3899 0.964332 
v -4.99936 11.8001 0.500683 
v -5.04728 11.819 0.356675 
v -5.04267 11.7892 0.352198 
v -4.67184 12.7203 0.406027 
v -4.55285 12.7204 0.421895 
v -4.52659 12.5871 0.404618 
v -4.69878 12.6493 0.394615 
v -4.70732 12.5441 0.373749 
v -4.74928 12.6487 0.393039 
v -4.79944 12.7204 0.403538 
v -4.67184 12.7203 0.406027 
v -4.45209 11.819 0.356675 
v -4.50001 11.8001 0.500683 
v -4.4567 11.7892 0.352198 
v -4.74928 12.6487 0.393039 
v -4.79944 12.7204 0.403538 
v -4.69878 12.6493 0.394615 
v -5.02342 12.5436 0.423948 
v -5.0487 12.65 0.445749 
v -5.00472 12.5865 0.425831 
v -4.99387 12.6349 0.423155 
v -5.14476 12.4528 0.554634 
v -5.03623 12.1731 0.526869 
v -5.06674 12.2507 0.555126 
v -5.13535 12.4113 0.5867 
v -4.67184 12.7203 0.406027 
v -4.56779 12.5003 0.376913 
v -4.69878 12.6493 0.394615 
v -4.48128 12.2762 0.426252 
v -4.45617 12.3886 0.4236 
v -4.44992 12.3009 0.438707 
v -4.42274 12.3837 0.444975 
v -5.12237 11.913 0.625907 
v -5.15514 11.9119 0.638883 
v -5.14423 11.9169 0.602379 
v -4.92989 11.7502 0.572241 
v -4.92104 11.77 0.589144 
v -4.95175 11.7871 0.585077 
v -4.56948 11.7502 0.572238 
v -4.54762 11.787 0.585079 
v -4.57834 11.77 0.589141 
v -5.02927 12.1862 0.511413 
v -5.03623 12.1731 0.526869 
v -5.11383 12.4104 0.51753 
v -5.06575 12.3324 0.74197 
v -5.07738 12.4145 0.800018 
v -5.12132 12.405 0.692534 
v -5.12132 12.405 0.692534 
v -5.13622 12.4115 0.610325 
v -5.08443 12.2923 0.609188 
v -5.02927 12.1862 0.511413 
v -5.01802 12.1335 0.521798 
v -5.03623 12.1731 0.526869 
v -4.37805 12.405 0.692534 
v -4.42199 12.4145 0.800018 
v -4.43362 12.3324 0.74197 
v -4.36299 12.4117 0.610139 
v -4.37805 12.405 0.692534 
v -4.41573 12.2907 0.608991 
v -4.33914 11.9191 0.658713 
v -4.35247 11.9232 0.672918 
v -4.35199 11.9104 0.625758 
v -4.88084 11.7335 0.506663 
v -4.93455 11.783 0.518376 
v -4.84461 11.7822 0.466311 
v -4.73166 11.733 0.474022 
v -4.70081 11.7816 0.454882 
v -4.79944 12.7204 0.403538 
v -4.74928 12.6487 0.393039 
v -4.85409 12.6459 0.396299 
v -5.16637 11.9539 0.691369 
v -5.16172 11.9343 0.680963 
v -5.14488 11.9657 0.699392 
v -5.12758 11.9253 0.673861 
v -5.18863 11.9639 0.676886 
v -5.16172 11.9343 0.680963 
v -4.56948 11.7502 0.572238 
v -4.57834 11.77 0.589141 
v -4.61855 11.7495 0.567418 
v -4.92989 11.7502 0.572241 
v -4.88082 11.7495 0.56742 
v -4.92104 11.77 0.589144 
v -5.13108 11.9335 0.581554 
v -5.14423 11.9169 0.602379 
v -5.16456 11.9496 0.574047 
v -5.16456 11.9496 0.574047 
v -5.14423 11.9169 0.602379 
v -5.16173 11.9211 0.602835 
v -4.30484 12.0105 0.65973 
v -4.29762 12.008 0.632507 
v -4.30782 12.0227 0.626364 
v -5.02908 11.8265 0.288582 
v -5.03641 11.845 0.317422 
v -5.0201 11.8431 0.283187 
v -5.04728 11.819 0.356675 
v -5.04121 11.8488 0.355226 
v -5.03641 11.845 0.317422 
v -5.04253 11.8158 0.318462 
v -4.47028 11.8265 0.288582 
v -4.47927 11.8431 0.283187 
v -4.46295 11.845 0.31742 
v -4.94573 11.8416 0.250238 
v -4.96491 11.8219 0.246695 
v -4.98257 11.8361 0.253692 
v -4.53446 11.8219 0.246695 
v -4.55364 11.8416 0.250239 
v -4.5168 11.8361 0.253692 
v -4.45815 11.8488 0.355223 
v -4.45209 11.819 0.356675 
v -4.46295 11.845 0.31742 
v -4.45683 11.8158 0.318462 
v -4.51026 12.1759 0.452249 
v -4.43315 12.2842 0.468995 
v -4.52455 12.1429 0.462102 
v -4.97565 11.7846 0.550999 
v -4.97909 11.8163 0.554795 
v -4.99936 11.8001 0.500683 
v -4.99387 12.6349 0.423155 
v -4.92643 12.65 0.406842 
v -4.96384 12.4978 0.409663 
v -4.50001 11.8001 0.500683 
v -4.52028 11.8163 0.554795 
v -4.52372 11.7846 0.550999 
v -5.13236 12.0633 0.59897 
v -5.11748 12.0294 0.562101 
v -5.13729 12.0469 0.593992 
v -5.12182 12.0123 0.56179 
v -5.09686 12.4666 0.479489 
v -5.11383 12.4104 0.51753 
v -5.13906 12.5377 0.519068 
v -5.09686 12.4666 0.479489 
v -5.02927 12.1862 0.511413 
v -5.04962 12.4946 0.445749 
v -5.05463 12.4089 0.466721 
v -5.03026 12.2577 0.49145 
v -5.05463 12.4089 0.466721 
v -5.02927 12.1862 0.511413 
v -4.48128 12.2762 0.426252 
v -4.44992 12.3009 0.438707 
v -4.51026 12.1759 0.452249 
v -4.38189 12.0294 0.562101 
v -4.36701 12.0633 0.59897 
v -4.36208 12.0469 0.593991 
v -4.37755 12.0123 0.56179 
v -4.43315 12.2842 0.468995 
v -4.3973 12.3572 0.484876 
v -4.42136 12.2943 0.504404 
v -4.38115 12.3758 0.537957 
v -4.42136 12.2943 0.504404 
v -4.52455 12.1429 0.462102 
v -5.12563 12.4153 0.610105 
v -5.13982 12.4946 0.562307 
v -5.11261 12.4138 0.545795 
v -5.07913 12.3364 0.551735 
v -5.09118 12.3376 0.609561 
v -5.04607 12.2684 0.590422 
v -5.14488 11.9657 0.699392 
v -5.17551 11.9751 0.691633 
v -5.16637 11.9539 0.691369 
v -4.43362 12.3324 0.74197 
v -4.42199 12.4145 0.800018 
v -4.50912 12.3238 0.840126 
v -4.49125 12.4079 0.881741 
v -5.06575 12.3324 0.74197 
v -5.12132 12.405 0.692534 
v -5.08443 12.2923 0.609188 
v -4.37805 12.405 0.692534 
v -4.43362 12.3324 0.74197 
v -4.41573 12.2907 0.608991 
v -4.34622 12.4963 0.589021 
v -4.33637 12.63 0.609138 
v -4.34361 12.5837 0.606157 
v -4.59798 11.7847 0.278149 
v -4.58213 11.7606 0.284763 
v -4.64809 11.761 0.423014 
v -4.35199 11.9104 0.625758 
v -4.35247 11.9232 0.672918 
v -4.37179 11.9253 0.673861 
v -4.37699 11.913 0.625908 
v -4.90139 11.7847 0.278149 
v -4.85126 11.761 0.423041 
v -4.91724 11.7606 0.284762 
v -4.85409 12.6459 0.396299 
v -4.74928 12.6487 0.393039 
v -4.83061 12.497 0.388553 
v -4.5813 12.4143 0.944925 
v -4.64948 12.4144 0.966993 
v -4.61889 12.3324 0.909568 
v -4.88048 12.3324 0.909568 
v -4.84989 12.4144 0.966993 
v -4.91807 12.4143 0.944925 
v -4.57938 11.8134 0.256387 
v -4.57499 11.7952 0.257215 
v -4.59798 11.7847 0.278149 
v -4.91999 11.8134 0.256386 
v -4.90139 11.7847 0.278149 
v -4.92437 11.7952 0.257218 
v -4.36829 11.9335 0.581556 
v -4.33545 11.9397 0.580751 
v -4.34241 11.9237 0.594975 
v -4.92643 12.65 0.406842 
v -4.85409 12.6459 0.396299 
v -4.96384 12.4978 0.409663 
v -4.35449 11.9657 0.699392 
v -4.37179 11.9253 0.673861 
v -4.35247 11.9232 0.672918 
v -4.33088 11.9477 0.68778 
v -4.33088 11.9477 0.68778 
v -4.32386 11.9751 0.691633 
v -4.5813 12.4143 0.944925 
v -4.50912 12.3238 0.840126 
v -4.49125 12.4079 0.881741 
v -4.61889 12.3324 0.909568 
v -4.96384 12.4978 0.409663 
v -4.85409 12.6459 0.396299 
v -4.92032 12.5395 0.404131 
v -5.07899 12.4547 0.482141 
v -5.04984 12.534 0.450951 
v -5.02476 12.4154 0.45803 
v -4.44953 12.534 0.450951 
v -4.42038 12.4547 0.482141 
v -4.47461 12.4154 0.45803 
v -4.95175 11.7871 0.585077 
v -4.95443 11.815 0.588473 
v -4.97909 11.8163 0.554795 
v -4.97565 11.7846 0.550999 
v -5.1526 11.9835 0.565125 
v -5.16456 11.9496 0.574047 
v -5.18275 11.9887 0.578704 
v -4.54493 11.815 0.588473 
v -4.54762 11.787 0.585079 
v -4.52028 11.8163 0.554795 
v -4.52372 11.7846 0.550999 
v -4.97818 11.8925 0.5887 
v -4.96471 11.9066 0.556512 
v -4.9648 11.8925 0.555579 
v -4.97802 11.9066 0.589472 
v -4.9827 11.8925 0.623145 
v -4.98252 11.9066 0.62375 
v -5.15514 11.9119 0.638883 
v -5.12758 11.9253 0.673861 
v -5.15162 11.9197 0.665358 
v -5.12237 11.913 0.625907 
v -5.11261 12.4138 0.545795 
v -5.03895 12.3379 0.499173 
v -5.07913 12.3364 0.551735 
v -5.07899 12.4547 0.482141 
v -5.01479 12.2664 0.529743 
v -5.03895 12.3379 0.499173 
v -5.11261 12.4138 0.545795 
v -5.11901 12.4946 0.51938 
v -4.46042 12.3379 0.499173 
v -4.42024 12.3364 0.551735 
v -4.48458 12.2664 0.529743 
v -4.46042 12.3379 0.499173 
v -4.38676 12.4138 0.545795 
v -4.42038 12.4547 0.482141 
v -4.38035 12.4946 0.51938 
v -4.38676 12.4138 0.545795 
v -4.99936 11.8001 0.500683 
v -4.99908 11.8233 0.501614 
v -5.04728 11.819 0.356675 
v -4.45209 11.819 0.356675 
v -4.50029 11.8233 0.501614 
v -4.50001 11.8001 0.500683 
v -4.64529 12.4961 0.994622 
v -4.74968 12.4961 1.00112 
v -4.64948 12.4144 0.966993 
v -4.74968 12.3899 0.964332 
v -4.61889 12.3324 0.909568 
v -4.74968 12.2595 0.869357 
v -4.63336 12.2606 0.855701 
v -5.06575 12.3324 0.74197 
v -5.0487 12.2608 0.649517 
v -5.0218 12.2556 0.710668 
v -5.08443 12.2923 0.609188 
v -4.61855 11.7495 0.567418 
v -4.63937 11.7687 0.571065 
v -4.66042 11.7648 0.545233 
v -4.45067 12.2608 0.649517 
v -4.43362 12.3324 0.74197 
v -4.47757 12.2556 0.710668 
v -4.41573 12.2907 0.608991 
v -4.86 11.7687 0.571065 
v -4.88082 11.7495 0.56742 
v -4.83895 11.7648 0.545233 
v -4.95322 12.2597 0.809629 
v -4.88048 12.3324 0.909568 
v -4.99024 12.3238 0.840126 
v -4.86601 12.2606 0.855701 
v -5.00812 12.4079 0.881741 
v -5.07738 12.4145 0.800018 
v -5.06575 12.3324 0.74197 
v -4.55186 11.8925 0.721236 
v -4.53214 11.9066 0.69099 
v -4.55376 11.9066 0.721366 
v -4.53013 11.8925 0.690711 
v -4.53013 11.8925 0.690711 
v -4.51882 11.9066 0.658029 
v -4.53214 11.9066 0.69099 
v -4.51675 11.8925 0.65759 
v -4.97909 11.8163 0.554795 
v -4.99908 11.8233 0.501614 
v -4.99936 11.8001 0.500683 
v -5.0201 11.8431 0.283187 
v -5.03641 11.845 0.317422 
v -5.02168 11.8653 0.309684 
v -4.55376 11.9066 0.721366 
v -4.58331 11.9066 0.747992 
v -4.58155 11.8925 0.747991 
v -4.55186 11.8925 0.721236 
v -4.50029 11.8233 0.501614 
v -4.52028 11.8163 0.554795 
v -4.50001 11.8001 0.500683 
v -4.47927 11.8431 0.283187 
v -4.47769 11.8653 0.309669 
v -4.46295 11.845 0.31742 
v -4.64809 11.761 0.423014 
v -4.65302 11.7485 0.478425 
v -4.67185 11.7765 0.470223 
v -5.03976 12.2663 0.648567 
v -5.09118 12.3376 0.609561 
v -5.04607 12.2684 0.590422 
v -5.10367 12.3719 0.661623 
v -4.85126 11.761 0.423041 
v -4.82751 11.7765 0.470233 
v -4.84634 11.7485 0.478421 
v -4.58331 11.9066 0.747992 
v -4.6196 11.9066 0.769843 
v -4.61801 11.8925 0.769948 
v -4.58155 11.8925 0.747991 
v -4.62528 11.7333 0.541074 
v -4.61855 11.7495 0.567418 
v -4.66042 11.7648 0.545233 
v -4.83895 11.7648 0.545233 
v -4.88082 11.7495 0.56742 
v -4.87409 11.7333 0.541074 
v -4.51675 11.8925 0.65759 
v -4.51432 11.9066 0.623751 
v -4.51882 11.9066 0.658029 
v -4.51223 11.8925 0.623145 
v -5.14423 11.9169 0.602379 
v -5.15514 11.9119 0.638883 
v -5.16173 11.9211 0.602835 
v -5.13108 11.9335 0.581554 
v -5.12237 11.913 0.625907 
v -4.99024 12.3238 0.840126 
v -4.91807 12.4143 0.944925 
v -5.00812 12.4079 0.881741 
v -4.88048 12.3324 0.909568 
v -4.95322 12.2597 0.809629 
v -5.06575 12.3324 0.74197 
v -5.0218 12.2556 0.710668 
v -4.64948 12.4144 0.966993 
v -4.74968 12.3899 0.964332 
v -4.61889 12.3324 0.909568 
v -5.0201 11.8431 0.283187 
v -5.00253 11.8731 0.290276 
v -4.99469 11.8494 0.264858 
v -4.47927 11.8431 0.283187 
v -4.50467 11.8494 0.264857 
v -4.49684 11.8731 0.290262 
v -5.0487 12.2608 0.649517 
v -5.02561 12.2027 0.604764 
v -4.9889 12.2016 0.656586 
v -5.08443 12.2923 0.609188 
v -4.88082 11.7495 0.56742 
v -4.88703 11.7696 0.585515 
v -4.92104 11.77 0.589144 
v -4.92104 11.77 0.589144 
v -4.90784 11.788 0.59765 
v -4.87585 11.7868 0.590095 
v -4.90784 11.788 0.59765 
v -4.57834 11.77 0.589141 
v -4.59153 11.788 0.597647 
v -4.61235 11.7695 0.585511 
v -4.59153 11.788 0.597647 
v -4.62353 11.7868 0.590091 
v -4.61855 11.7495 0.567418 
v -4.57834 11.77 0.589141 
v -4.50912 12.3238 0.840126 
v -4.54614 12.2597 0.809629 
v -4.43362 12.3324 0.74197 
v -4.47757 12.2556 0.710668 
v -4.37943 11.9076 0.617784 
v -4.37637 11.9148 0.670244 
v -4.41571 11.9221 0.661194 
v -5.08366 11.9221 0.661194 
v -5.12299 11.9148 0.670244 
v -5.11993 11.9076 0.617784 
v -4.9648 11.8925 0.555579 
v -4.94308 11.9066 0.526135 
v -4.94307 11.8925 0.525054 
v -4.96471 11.9066 0.556512 
v -4.37699 11.913 0.625908 
v -4.36829 11.9335 0.581556 
v -4.35199 11.9104 0.625758 
v -4.34241 11.9237 0.594975 
v -4.51223 11.8925 0.623145 
v -4.51882 11.9066 0.589472 
v -4.51432 11.9066 0.623751 
v -4.51674 11.8925 0.5887 
v -4.45961 12.2663 0.648567 
v -4.40818 12.3376 0.609561 
v -4.3957 12.3719 0.661623 
v -4.4533 12.2684 0.590422 
v -4.5141 12.206 0.638145 
v -4.45961 12.2663 0.648567 
v -4.61889 12.3324 0.909568 
v -4.54614 12.2597 0.809629 
v -4.50912 12.3238 0.840126 
v -4.63336 12.2606 0.855701 
v -4.32033 11.9858 0.576091 
v -4.31074 11.9639 0.588128 
v -4.33056 11.9602 0.572764 
v -4.33545 11.9397 0.580751 
v -4.35184 11.9718 0.565834 
v -4.36829 11.9335 0.581556 
v -4.66282 11.7537 0.522009 
v -4.68325 11.7855 0.512509 
v -4.65302 11.7485 0.478425 
v -4.67185 11.7765 0.470223 
v -4.50778 12.65 0.423428 
v -4.51015 12.6324 0.428439 
v -4.52659 12.5871 0.404618 
v -4.81612 11.7855 0.51251 
v -4.83655 11.7537 0.522009 
v -4.84634 11.7485 0.478421 
v -4.82751 11.7765 0.470233 
v -4.35867 11.9563 0.705785 
v -4.33349 12.0143 0.695272 
v -4.37992 12.0061 0.706421 
v -5.11945 12.0061 0.706421 
v -5.16588 12.0143 0.695272 
v -5.1407 11.9563 0.705785 
v -4.97818 11.8925 0.65759 
v -4.98252 11.9066 0.62375 
v -4.9827 11.8925 0.623145 
v -4.97802 11.9066 0.658029 
v -4.9648 11.8925 0.690711 
v -4.96471 11.9066 0.690989 
v -4.94261 11.8925 0.721235 
v -4.94262 11.9066 0.721366 
v -4.91252 11.9066 0.747992 
v -4.91236 11.8925 0.747991 
v -4.876 11.9066 0.769843 
v -4.87567 11.8925 0.769948 
v -4.83592 11.9066 0.78608 
v -4.83538 11.8925 0.786264 
v -4.79301 11.9066 0.796078 
v -4.79227 11.8925 0.796311 
v -4.74839 11.9066 0.799454 
v -4.74744 11.8925 0.799703 
v -4.70378 11.9066 0.796078 
v -4.7026 11.8925 0.796311 
v -4.66067 11.9066 0.78608 
v -4.65928 11.8925 0.786264 
v -4.6196 11.9066 0.769843 
v -4.61801 11.8925 0.769948 
v -4.3124 11.9952 0.680817 
v -4.33943 12.0005 0.691411 
v -4.32386 11.9751 0.691633 
v -4.35449 11.9657 0.699392 
v -4.57725 11.8378 0.259504 
v -4.55862 11.8143 0.246591 
v -4.57938 11.8134 0.256387 
v -4.55364 11.8416 0.250239 
v -4.58827 12.0925 0.472814 
v -4.58122 12.0438 0.459573 
v -4.5859 12.0442 0.456231 
v -4.59231 12.0936 0.470208 
v -4.57174 11.9632 0.448882 
v -4.56705 11.963 0.452284 
v -4.91815 12.0438 0.459573 
v -4.9111 12.0925 0.472814 
v -4.91347 12.0442 0.456231 
v -4.90706 12.0936 0.470208 
v -4.92763 11.9632 0.448882 
v -4.93232 11.963 0.452284 
v -5.01901 12.6439 0.440365 
v -4.96515 12.5715 0.418672 
v -4.88169 12.6439 0.405723 
v -4.9802 12.4543 0.4321 
v -4.91808 12.4545 0.416281 
v -4.91808 12.4545 0.416281 
v -4.98778 12.3376 0.462819 
v -4.8694 12.3361 0.432317 
v -5.04984 12.534 0.450951 
v -4.9802 12.4543 0.4321 
v -5.02476 12.4154 0.45803 
v -4.88169 12.6439 0.405723 
v -4.8523 12.5715 0.399882 
v -4.91808 12.4545 0.416281 
v -4.85283 12.4623 0.40595 
v -4.88169 12.6439 0.405723 
v -4.74968 12.6439 0.399886 
v -4.74968 12.5358 0.396156 
v -4.85283 12.4623 0.40595 
v -4.64707 12.5715 0.399882 
v -4.61768 12.6439 0.405723 
v -4.64988 12.4546 0.406604 
v -4.75351 12.3655 0.418972 
v -4.85283 12.4623 0.40595 
v -4.64988 12.4546 0.406604 
v -4.53814 11.9137 0.637373 
v -4.52247 11.7814 0.676587 
v -4.51449 11.7852 0.604125 
v -4.94075 11.8143 0.246591 
v -4.92212 11.8377 0.259499 
v -4.91999 11.8134 0.256386 
v -4.94573 11.8416 0.250238 
v -4.96274 11.9137 0.622458 
v -4.97892 11.7821 0.584286 
v -4.98239 11.7852 0.639851 
v -4.51674 11.8925 0.5887 
v -4.53214 11.9066 0.556512 
v -4.51882 11.9066 0.589472 
v -4.53013 11.8925 0.555579 
v -4.53342 11.9582 0.655649 
v -4.52593 11.9709 0.683265 
v -4.57791 11.9775 0.670659 
v -4.74968 12.3899 0.964332 
v -4.88048 12.3324 0.909568 
v -4.74968 12.2595 0.869357 
v -4.86601 12.2606 0.855701 
v -4.51917 12.4543 0.4321 
v -4.47461 12.4154 0.45803 
v -4.51158 12.3376 0.462819 
v -4.98778 12.3376 0.462819 
v -5.02476 12.4154 0.45803 
v -4.9802 12.4543 0.4321 
v -5.08495 11.9259 0.596395 
v -5.11993 11.9076 0.617784 
v -5.13047 11.9324 0.572414 
v -4.41442 11.9259 0.596395 
v -4.3689 11.9324 0.572414 
v -4.37943 11.9076 0.617784 
v -5.0218 12.2556 0.710668 
v -5.0487 12.2608 0.649517 
v -4.9889 12.2016 0.656586 
v -4.94307 11.8925 0.525054 
v -4.91397 11.9066 0.499509 
v -4.91382 11.8925 0.498299 
v -4.94308 11.9066 0.526135 
v -4.61855 11.7495 0.567418 
v -4.61235 11.7695 0.585511 
v -4.63937 11.7687 0.571065 
v -4.51047 12.2016 0.656586 
v -4.45067 12.2608 0.649517 
v -4.47757 12.2556 0.710668 
v -4.86 11.7687 0.571065 
v -4.88703 11.7696 0.585515 
v -4.88082 11.7495 0.56742 
v -5.17391 12.0323 0.645566 
v -5.19592 12.0177 0.634649 
v -5.19174 12.0129 0.660508 
v -4.70161 11.7815 0.789138 
v -4.74847 11.9137 0.777794 
v -4.82081 11.7818 0.78257 
v -5.0201 11.8431 0.283187 
v -5.02168 11.8653 0.309684 
v -5.00253 11.8731 0.290276 
v -4.47927 11.8431 0.283187 
v -4.49684 11.8731 0.290262 
v -4.47769 11.8653 0.309669 
v -4.33506 12.0104 0.5792 
v -4.30564 12.0035 0.596325 
v -4.32033 11.9858 0.576091 
v -4.53641 11.956 0.624225 
v -4.53342 11.9582 0.655649 
v -4.58228 11.97 0.640591 
v -4.61808 11.9137 0.745541 
v -4.70161 11.7815 0.789138 
v -4.5946 11.7825 0.749518 
v -4.3124 11.9952 0.680817 
v -4.30484 12.0105 0.65973 
v -4.32826 12.0259 0.665971 
v -4.30782 12.0227 0.626364 
v -4.32826 12.0259 0.665971 
v -4.82081 11.7818 0.78257 
v -4.87733 11.9137 0.745699 
v -4.90051 11.7819 0.750257 
v -5.04607 12.2684 0.590422 
v -5.07913 12.3364 0.551735 
v -5.01479 12.2664 0.529743 
v -4.97985 12.2082 0.56913 
v -5.04607 12.2684 0.590422 
v -4.37755 12.0123 0.56179 
v -4.39776 11.9913 0.550217 
v -4.38189 12.0294 0.562101 
v -5.1016 11.9913 0.550217 
v -5.12182 12.0123 0.56179 
v -5.11748 12.0294 0.562101 
v -4.92104 11.77 0.589144 
v -4.90784 11.788 0.59765 
v -4.93523 11.8082 0.597549 
v -4.95175 11.7871 0.585077 
v -4.93523 11.8082 0.597549 
v -4.54762 11.787 0.585079 
v -4.56414 11.8082 0.59755 
v -4.57834 11.77 0.589141 
v -4.56414 11.8082 0.59755 
v -4.59153 11.788 0.597647 
v -4.42024 12.3364 0.551735 
v -4.4533 12.2684 0.590422 
v -4.48458 12.2664 0.529743 
v -4.48458 12.2664 0.529743 
v -4.51951 12.2082 0.56913 
v -4.61808 11.9137 0.745541 
v -4.5946 11.7825 0.749518 
v -4.52247 11.7814 0.676587 
v -4.90051 11.7819 0.750257 
v -4.87733 11.9137 0.745699 
v -4.95897 11.7834 0.697772 
v -4.51548 11.9923 0.703116 
v -4.55914 12.0211 0.711356 
v -4.57012 11.9957 0.695829 
v -4.52593 11.9709 0.683265 
v -4.51548 11.9923 0.703116 
v -4.59798 11.7847 0.278149 
v -4.64809 11.761 0.423014 
v -4.66211 11.7914 0.419243 
v -4.53013 11.8925 0.555579 
v -4.55376 11.9066 0.526135 
v -4.53214 11.9066 0.556512 
v -4.55186 11.8925 0.525054 
v -4.90139 11.7847 0.278149 
v -4.83725 11.7914 0.419255 
v -4.85126 11.761 0.423041 
v -4.39776 11.9913 0.550217 
v -4.3967 11.9669 0.559021 
v -4.41487 11.9529 0.561148 
v -5.1016 11.9913 0.550217 
v -5.0845 11.9529 0.561148 
v -5.10267 11.9669 0.559021 
v -4.51548 11.9923 0.703116 
v -4.50339 12.0191 0.712199 
v -4.55914 12.0211 0.711356 
v -4.95897 11.7834 0.697772 
v -4.96274 11.9137 0.622458 
v -4.98239 11.7852 0.639851 
v -4.53342 11.9582 0.655649 
v -4.57791 11.9775 0.670659 
v -4.58228 11.97 0.640591 
v -4.98778 12.3376 0.462819 
v -5.03895 12.3379 0.499173 
v -5.02476 12.4154 0.45803 
v -5.07899 12.4547 0.482141 
v -5.01479 12.2664 0.529743 
v -5.03895 12.3379 0.499173 
v -4.9449 12.2659 0.477604 
v -4.92566 12.2083 0.512473 
v -4.35184 11.9718 0.565834 
v -4.32033 11.9858 0.576091 
v -4.33056 11.9602 0.572764 
v -4.51158 12.3376 0.462819 
v -4.47461 12.4154 0.45803 
v -4.46042 12.3379 0.499173 
v -4.42038 12.4547 0.482141 
v -4.48458 12.2664 0.529743 
v -4.46042 12.3379 0.499173 
v -4.55447 12.2659 0.477604 
v -4.57371 12.2083 0.512473 
v -4.90826 11.9852 0.669463 
v -4.96716 11.9736 0.684712 
v -4.95872 11.9605 0.657027 
v -4.91382 11.8925 0.498299 
v -4.8785 11.9066 0.477658 
v -4.87817 11.8925 0.476342 
v -4.91397 11.9066 0.499509 
v -5.18697 11.9952 0.680817 
v -5.17551 11.9751 0.691633 
v -5.16431 12.0104 0.685815 
v -5.14488 11.9657 0.699392 
v -4.64988 12.4546 0.406604 
v -4.62997 12.3361 0.432317 
v -4.75351 12.3655 0.418972 
v -4.62997 12.3361 0.432317 
v -4.74968 12.2678 0.448444 
v -4.64159 12.2662 0.453901 
v -4.66599 12.2078 0.482784 
v -4.74968 12.2678 0.448444 
v -4.81187 12.207 0.479599 
v -4.66599 12.2078 0.482784 
v -4.67708 12.1661 0.521151 
v -4.58128 12.4545 0.416281 
v -4.62997 12.3361 0.432317 
v -4.53422 12.5715 0.418672 
v -4.61768 12.6439 0.405723 
v -4.61768 12.6439 0.405723 
v -4.48036 12.6439 0.440365 
v -4.44953 12.534 0.450951 
v -4.51917 12.4543 0.4321 
v -4.58128 12.4545 0.416281 
v -4.51158 12.3376 0.462819 
v -4.58128 12.4545 0.416281 
v -4.62997 12.3361 0.432317 
v -4.44953 12.534 0.450951 
v -4.51917 12.4543 0.4321 
v -4.47461 12.4154 0.45803 
v -4.40818 12.5714 0.477328 
v -4.42038 12.4547 0.482141 
v -4.42038 12.4547 0.482141 
v -4.38035 12.4946 0.51938 
v -4.48036 12.6439 0.440365 
v -4.40818 12.5714 0.477328 
v -4.41414 12.6439 0.479819 
v -4.41414 12.6439 0.479819 
v -4.36652 12.6439 0.540583 
v -4.58024 11.972 0.609405 
v -4.54444 11.9728 0.585477 
v -4.53641 11.956 0.624225 
v -4.37637 11.9148 0.670244 
v -4.35867 11.9563 0.705785 
v -4.39991 11.9597 0.702166 
v -4.41571 11.9221 0.661194 
v -5.1407 11.9563 0.705785 
v -5.12299 11.9148 0.670244 
v -5.09945 11.9597 0.702166 
v -5.08366 11.9221 0.661194 
v -4.91576 12.0028 0.693591 
v -4.9784 11.9953 0.704307 
v -4.96716 11.9736 0.684712 
v -4.98526 12.206 0.638145 
v -5.04607 12.2684 0.590422 
v -4.97985 12.2082 0.56913 
v -5.03976 12.2663 0.648567 
v -4.98526 12.206 0.638145 
v -4.97026 12.1596 0.579335 
v -4.89009 12.1447 0.52199 
v -4.89194 12.1363 0.524714 
v -4.96745 12.1674 0.576725 
v -4.60756 12.1362 0.522988 
v -4.53192 12.1674 0.576725 
v -4.52911 12.1596 0.579335 
v -4.93523 11.8082 0.597549 
v -4.95443 11.815 0.588473 
v -4.95175 11.7871 0.585077 
v -4.54493 11.815 0.588473 
v -4.56414 11.8082 0.59755 
v -4.54762 11.787 0.585079 
v -4.66211 11.7914 0.419243 
v -4.64809 11.761 0.423014 
v -4.67185 11.7765 0.470223 
v -4.9889 12.2016 0.656586 
v -4.91995 12.2005 0.751563 
v -5.0218 12.2556 0.710668 
v -4.95322 12.2597 0.809629 
v -4.83725 11.7914 0.419255 
v -4.82751 11.7765 0.470233 
v -4.85126 11.761 0.423041 
v -4.90408 11.9779 0.640279 
v -4.95872 11.9605 0.657027 
v -4.95332 11.9587 0.624545 
v -4.47757 12.2556 0.710668 
v -4.57941 12.2005 0.751563 
v -4.51047 12.2016 0.656586 
v -4.54614 12.2597 0.809629 
v -4.58111 11.8925 0.498299 
v -4.55376 11.9066 0.526135 
v -4.55186 11.8925 0.525054 
v -4.58287 11.9066 0.499509 
v -4.58024 11.972 0.609405 
v -4.53641 11.956 0.624225 
v -4.58228 11.97 0.640591 
v -4.51047 12.2016 0.656586 
v -4.46952 12.2006 0.607899 
v -4.45067 12.2608 0.649517 
v -4.41573 12.2907 0.608991 
v -4.51047 12.2016 0.656586 
v -4.52911 12.1596 0.579335 
v -4.58668 12.1569 0.655534 
v -4.8694 12.3361 0.432317 
v -4.91808 12.4545 0.416281 
v -4.85283 12.4623 0.40595 
v -4.85283 12.4623 0.40595 
v -4.75351 12.3655 0.418972 
v -4.59231 12.0936 0.470208 
v -4.5859 12.0442 0.456231 
v -4.59827 12.0444 0.4538 
v -4.60292 12.0943 0.46832 
v -4.58421 11.9633 0.446405 
v -4.5859 12.0442 0.456231 
v -4.57174 11.9632 0.448882 
v -4.91347 12.0442 0.456231 
v -4.90706 12.0936 0.470208 
v -4.90109 12.0444 0.4538 
v -4.89644 12.0943 0.46832 
v -4.91516 11.9633 0.446405 
v -4.91347 12.0442 0.456231 
v -4.92763 11.9632 0.448882 
v -4.4533 12.2684 0.590422 
v -4.5141 12.206 0.638145 
v -4.51951 12.2082 0.56913 
v -4.91576 12.0028 0.693591 
v -4.96716 11.9736 0.684712 
v -4.90826 11.9852 0.669463 
v -4.90684 12.0091 0.706677 
v -4.88754 11.9834 0.732294 
v -4.88258 12.0091 0.729777 
v -4.91279 11.9834 0.708692 
v -4.91279 11.9834 0.708692 
v -4.89826 11.9449 0.738643 
v -4.92562 11.9449 0.713797 
v -4.87817 11.8925 0.476342 
v -4.83802 11.9066 0.461421 
v -4.8375 11.8925 0.460026 
v -4.8785 11.9066 0.477658 
v -4.64571 12.0349 0.747228 
v -4.63314 12.0801 0.717842 
v -4.65803 12.0801 0.734701 
v -4.61722 12.0349 0.728496 
v -4.64291 12.0091 0.748734 
v -4.64571 12.0349 0.747228 
v -4.61355 12.0091 0.729777 
v -4.63905 11.9834 0.751664 
v -4.60852 11.9834 0.732294 
v -4.63069 11.9449 0.759033 
v -4.59767 11.9449 0.738643 
v -4.6226 11.909 0.76619 
v -4.59767 11.9449 0.738643 
v -4.58716 11.909 0.744823 
v -4.59429 11.7826 0.494246 
v -4.58885 11.9137 0.519007 
v -4.5378 11.7833 0.546239 
v -4.90826 11.9852 0.669463 
v -4.95872 11.9605 0.657027 
v -4.90408 11.9779 0.640279 
v -4.69878 12.6493 0.394615 
v -4.69853 12.6479 0.403404 
v -4.67018 12.4924 0.369739 
v -4.9263 12.0274 0.708416 
v -4.99092 12.0224 0.712887 
v -4.9784 11.9953 0.704307 
v -4.3124 11.9952 0.680817 
v -4.32826 12.0259 0.665971 
v -4.33943 12.0005 0.691411 
v -4.7634 11.8962 0.440637 
v -4.7484 11.9105 0.440552 
v -4.74755 11.8962 0.439318 
v -4.76418 11.9105 0.441863 
v -4.76795 11.8962 0.441015 
v -4.76418 11.9105 0.441863 
v -4.7634 11.8962 0.440637 
v -4.7687 11.9105 0.44224 
v -4.50339 12.0191 0.712199 
v -4.48859 12.0541 0.707058 
v -4.54663 12.05 0.714898 
v -4.46952 12.2006 0.607899 
v -4.53192 12.1674 0.576725 
v -4.4753 12.2077 0.60248 
v -4.61808 11.9137 0.745541 
v -4.74847 11.9137 0.777794 
v -4.70161 11.7815 0.789138 
v -4.9263 12.0274 0.708416 
v -4.9784 11.9953 0.704307 
v -4.91576 12.0028 0.693591 
v -4.82081 11.7818 0.78257 
v -4.74847 11.9137 0.777794 
v -4.87733 11.9137 0.745699 
v -4.61273 12.0801 0.6973 
v -4.59393 12.0349 0.705671 
v -4.57678 12.0349 0.67963 
v -4.59768 12.0801 0.673864 
v -4.57193 12.0091 0.680323 
v -4.58956 12.0091 0.706677 
v -4.58956 12.0091 0.706677 
v -4.5653 11.9834 0.681764 
v -4.5836 11.9834 0.708692 
v -4.55102 11.9449 0.685452 
v -4.57075 11.9449 0.713797 
v -4.57075 11.9449 0.713797 
v -4.53719 11.909 0.689083 
v -4.55831 11.909 0.718787 
v -4.61675 11.8925 0.476342 
v -4.58287 11.9066 0.499509 
v -4.58111 11.8925 0.498299 
v -4.61834 11.9066 0.477658 
v -4.50339 12.0191 0.712199 
v -4.54663 12.05 0.714898 
v -4.55914 12.0211 0.711356 
v -4.9844 12.0643 0.709294 
v -5.01078 12.0541 0.707058 
v -4.99092 12.0224 0.712887 
v -4.57941 12.2005 0.751563 
v -4.63336 12.2606 0.855701 
v -4.663 12.1993 0.794999 
v -4.54614 12.2597 0.809629 
v -4.74968 12.2595 0.869357 
v -4.86601 12.2606 0.855701 
v -4.83637 12.1993 0.794998 
v -4.74968 12.199 0.805139 
v -4.73164 11.8962 0.440641 
v -4.7281 11.9105 0.44224 
v -4.72715 11.8962 0.441015 
v -4.73257 11.9105 0.441868 
v -4.74755 11.8962 0.439318 
v -4.73257 11.9105 0.441868 
v -4.73164 11.8962 0.440641 
v -4.7484 11.9105 0.440552 
v -4.87585 11.7868 0.590095 
v -4.88703 11.7696 0.585515 
v -4.86 11.7687 0.571065 
v -4.61235 11.7695 0.585511 
v -4.62353 11.7868 0.590091 
v -4.63937 11.7687 0.571065 
v -4.64159 12.2662 0.453901 
v -4.62997 12.3361 0.432317 
v -4.55447 12.2659 0.477604 
v -4.51158 12.3376 0.462819 
v -4.9449 12.2659 0.477604 
v -4.8694 12.3361 0.432317 
v -4.85778 12.2662 0.453901 
v -4.98778 12.3376 0.462819 
v -4.90601 11.9799 0.61 
v -4.95332 11.9587 0.624545 
v -4.95555 11.9679 0.593394 
v -4.95872 11.9605 0.657027 
v -5.07005 11.9192 0.684885 
v -5.06624 11.9103 0.632682 
v -4.95332 11.9587 0.624545 
v -4.8375 11.8925 0.460026 
v -4.7941 11.9066 0.451423 
v -4.79337 11.8925 0.449979 
v -4.83802 11.9066 0.461421 
v -5.10267 11.9669 0.559021 
v -5.13047 11.9324 0.572414 
v -5.15216 11.9828 0.55717 
v -4.3967 11.9669 0.559021 
v -4.34721 11.9828 0.55717 
v -4.3689 11.9324 0.572414 
v -4.53192 12.1674 0.576725 
v -4.46952 12.2006 0.607899 
v -4.52911 12.1596 0.579335 
v -4.8446 12.1198 0.703505 
v -4.83826 12.0801 0.734701 
v -4.82384 12.1198 0.717842 
v -4.86319 12.0801 0.717842 
v -4.8504 12.0349 0.747228 
v -4.83826 12.0801 0.734701 
v -4.87896 12.0349 0.728496 
v -4.85311 12.0091 0.748734 
v -4.8504 12.0349 0.747228 
v -4.88258 12.0091 0.729777 
v -4.85687 11.9834 0.751664 
v -4.85311 12.0091 0.748734 
v -4.88754 11.9834 0.732294 
v -4.86507 11.9449 0.759033 
v -4.89826 11.9449 0.738643 
v -4.87303 11.909 0.76619 
v -4.90869 11.909 0.744823 
v -4.90163 12.1377 0.526918 
v -4.90353 12.1417 0.531709 
v -4.90388 12.1396 0.524747 
v -4.97026 12.1596 0.579335 
v -5.02561 12.2027 0.604764 
v -4.96745 12.1674 0.576725 
v -4.59774 12.1377 0.526918 
v -4.59549 12.1396 0.524747 
v -4.59584 12.1417 0.531709 
v -4.90143 12.1449 0.528116 
v -4.90388 12.1396 0.524747 
v -4.90353 12.1417 0.531709 
v -4.52593 11.9709 0.683265 
v -4.57012 11.9957 0.695829 
v -4.57791 11.9775 0.670659 
v -4.58228 11.97 0.640591 
v -4.63916 12.0077 0.652122 
v -4.59584 12.1417 0.531709 
v -4.59549 12.1396 0.524747 
v -4.59794 12.1449 0.528116 
v -4.53641 11.956 0.624225 
v -4.43312 11.9103 0.632682 
v -4.53342 11.9582 0.655649 
v -4.42932 11.9192 0.684885 
v -4.65743 11.8925 0.460026 
v -4.61834 11.9066 0.477658 
v -4.61675 11.8925 0.476342 
v -4.65882 11.9066 0.461421 
v -4.92562 11.9449 0.713797 
v -4.90869 11.909 0.744823 
v -4.89826 11.9449 0.738643 
v -4.93808 11.909 0.718787 
v -4.90601 11.9799 0.61 
v -4.90408 11.9779 0.640279 
v -4.95332 11.9587 0.624545 
v -4.99282 11.8478 0.499868 
v -5.04728 11.819 0.356675 
v -4.99908 11.8233 0.501614 
v -5.04121 11.8488 0.355226 
v -4.79337 11.8925 0.449979 
v -4.77126 11.9066 0.449735 
v -4.77041 11.8925 0.448282 
v -4.7941 11.9066 0.451423 
v -4.50655 11.8478 0.499868 
v -4.45209 11.819 0.356675 
v -4.45815 11.8488 0.355223 
v -4.50029 11.8233 0.501614 
v -4.9784 11.9953 0.704307 
v -5.09096 11.9686 0.727536 
v -5.07005 11.9192 0.684885 
v -4.96716 11.9736 0.684712 
v -4.53814 11.9137 0.637373 
v -4.61808 11.9137 0.745541 
v -4.52247 11.7814 0.676587 
v -4.70156 11.8925 0.449979 
v -4.65882 11.9066 0.461421 
v -4.65743 11.8925 0.460026 
v -4.70274 11.9066 0.451423 
v -4.90143 12.1449 0.528116 
v -4.90143 12.1415 0.522605 
v -4.90388 12.1396 0.524747 
v -4.48458 12.2664 0.529743 
v -4.51951 12.2082 0.56913 
v -4.57371 12.2083 0.512473 
v -4.72451 11.8925 0.448282 
v -4.70274 11.9066 0.451423 
v -4.70156 11.8925 0.449979 
v -4.72558 11.9066 0.449735 
v -4.59794 12.1415 0.522605 
v -4.59794 12.1449 0.528116 
v -4.59549 12.1396 0.524747 
v -4.91268 12.1569 0.655534 
v -4.9889 12.2016 0.656586 
v -4.97026 12.1596 0.579335 
v -5.02561 12.2027 0.604764 
v -4.40841 11.9686 0.727536 
v -4.51548 11.9923 0.703116 
v -4.42932 11.9192 0.684885 
v -4.52593 11.9709 0.683265 
v -4.91995 12.2005 0.751563 
v -4.9889 12.2016 0.656586 
v -4.91268 12.1569 0.655534 
v -4.53192 12.1674 0.576725 
v -4.60756 12.1362 0.522988 
v -4.60987 12.1448 0.524618 
v -4.58668 12.1569 0.655534 
v -4.51047 12.2016 0.656586 
v -4.57941 12.2005 0.751563 
v -4.57938 11.8134 0.256387 
v -4.59798 11.7847 0.278149 
v -4.60168 11.8392 0.279593 
v -5.06624 11.9103 0.632682 
v -4.95555 11.9679 0.593394 
v -4.95332 11.9587 0.624545 
v -5.07131 11.9228 0.590248 
v -4.41573 12.2907 0.608991 
v -4.46952 12.2006 0.607899 
v -4.4753 12.2077 0.60248 
v -4.91999 11.8134 0.256386 
v -4.89769 11.8391 0.279592 
v -4.90139 11.7847 0.278149 
v -4.96716 11.9736 0.684712 
v -5.07005 11.9192 0.684885 
v -4.95872 11.9605 0.657027 
v -4.93829 12.0551 0.711702 
v -4.99092 12.0224 0.712887 
v -4.9263 12.0274 0.708416 
v -4.93829 12.0551 0.711702 
v -4.9844 12.0643 0.709294 
v -4.99092 12.0224 0.712887 
v -4.91995 12.2005 0.751563 
v -4.91268 12.1569 0.655534 
v -4.83561 12.1578 0.719837 
v -4.86601 12.2606 0.855701 
v -4.83637 12.1993 0.794998 
v -4.95322 12.2597 0.809629 
v -4.54444 11.9728 0.585477 
v -4.42805 11.9228 0.590248 
v -4.53641 11.956 0.624225 
v -4.43312 11.9103 0.632682 
v -4.45815 11.8488 0.355223 
v -4.46295 11.845 0.31742 
v -4.4778 11.8778 0.346584 
v -4.47769 11.8653 0.309669 
v -4.97985 12.2082 0.56913 
v -5.01479 12.2664 0.529743 
v -4.92566 12.2083 0.512473 
v -4.90789 12.1659 0.563744 
v -4.97985 12.2082 0.56913 
v -4.42932 11.9192 0.684885 
v -4.52593 11.9709 0.683265 
v -4.53342 11.9582 0.655649 
v -4.74968 12.2678 0.448444 
v -4.8694 12.3361 0.432317 
v -4.75351 12.3655 0.418972 
v -4.85778 12.2662 0.453901 
v -4.81187 12.207 0.479599 
v -4.99068 12.6317 0.431229 
v -4.96384 12.4978 0.409663 
v -4.96238 12.4975 0.417946 
v -4.57791 11.9775 0.670659 
v -4.57012 11.9957 0.695829 
v -4.63305 12.0229 0.680862 
v -4.95897 11.7834 0.697772 
v -4.87733 11.9137 0.745699 
v -4.96274 11.9137 0.622458 
v -4.63336 12.2606 0.855701 
v -4.74968 12.2595 0.869357 
v -4.663 12.1993 0.794999 
v -4.74968 12.199 0.805139 
v -4.74968 12.1577 0.730842 
v -4.74968 12.199 0.805139 
v -4.66375 12.1578 0.719837 
v -4.48859 12.0541 0.707058 
v -4.53445 12.0778 0.705916 
v -4.54663 12.05 0.714898 
v -4.57678 12.0349 0.564347 
v -4.61273 12.0801 0.546676 
v -4.59768 12.0801 0.570112 
v -4.59393 12.0349 0.538306 
v -4.57193 12.0091 0.563654 
v -4.59393 12.0349 0.538306 
v -4.58956 12.0091 0.537299 
v -4.5653 11.9834 0.562555 
v -4.5836 11.9834 0.535627 
v -4.55102 11.9449 0.559965 
v -4.57075 11.9449 0.531619 
v -4.53719 11.909 0.557582 
v -4.55831 11.909 0.527878 
v -4.55102 11.9449 0.559965 
v -4.91155 11.993 0.582526 
v -4.95555 11.9679 0.593394 
v -4.96175 11.9868 0.569159 
v -4.60557 11.8111 0.275846 
v -4.59798 11.7847 0.278149 
v -4.66211 11.7914 0.419243 
v -4.5141 12.206 0.638145 
v -4.5748 12.1666 0.615494 
v -4.51951 12.2082 0.56913 
v -4.59148 12.1659 0.563744 
v -4.92457 12.1666 0.615494 
v -4.98526 12.206 0.638145 
v -4.97985 12.2082 0.56913 
v -4.90789 12.1659 0.563744 
v -4.91985 12.0349 0.564347 
v -4.8989 12.0801 0.570112 
v -4.88385 12.0801 0.546676 
v -4.9027 12.0349 0.538306 
v -4.9027 12.0349 0.538306 
v -4.92474 12.0091 0.563654 
v -4.9071 12.0091 0.537299 
v -4.9314 11.9834 0.562555 
v -4.9131 11.9834 0.535627 
v -4.94573 11.9449 0.559965 
v -4.926 11.9449 0.531619 
v -4.95965 11.909 0.557582 
v -4.93853 11.909 0.527878 
v -4.94573 11.9449 0.559965 
v -4.8938 11.8111 0.275846 
v -4.83725 11.7914 0.419255 
v -4.90139 11.7847 0.278149 
v -4.97172 11.8469 0.552617 
v -4.99908 11.8233 0.501614 
v -4.97909 11.8163 0.554795 
v -4.99282 11.8478 0.499868 
v -4.91155 11.993 0.582526 
v -4.90601 11.9799 0.61 
v -4.95555 11.9679 0.593394 
v -4.51449 11.7852 0.604125 
v -4.58885 11.9137 0.519007 
v -4.53814 11.9137 0.637373 
v -4.5378 11.7833 0.546239 
v -4.99469 11.8494 0.264858 
v -4.96958 11.8633 0.263756 
v -4.98257 11.8361 0.253692 
v -4.96958 11.8633 0.263756 
v -4.94573 11.8416 0.250238 
v -4.93434 11.8596 0.265833 
v -4.92212 11.8377 0.259499 
v -4.96958 11.8633 0.263756 
v -4.93434 11.8596 0.265833 
v -4.96541 11.88 0.280206 
v -4.52765 11.8469 0.552617 
v -4.50029 11.8233 0.501614 
v -4.50655 11.8478 0.499868 
v -4.52028 11.8163 0.554795 
v -4.5168 11.8361 0.253692 
v -4.52979 11.8633 0.263758 
v -4.50467 11.8494 0.264857 
v -4.55364 11.8416 0.250239 
v -4.52979 11.8633 0.263758 
v -4.57725 11.8378 0.259504 
v -4.56503 11.8596 0.265839 
v -4.56503 11.8596 0.265839 
v -4.52979 11.8633 0.263758 
v -4.53396 11.88 0.280197 
v -4.58782 11.993 0.582526 
v -4.54444 11.9728 0.585477 
v -4.58024 11.972 0.609405 
v -4.71684 12.0801 0.754942 
v -4.69623 12.1198 0.728496 
v -4.72179 12.1198 0.735056 
v -4.70753 12.1524 0.705671 
v -4.68634 12.0801 0.747228 
v -4.7275 12.1524 0.710825 
v -4.71275 12.0349 0.769718 
v -4.72021 12.1766 0.67963 
v -4.67805 12.0349 0.761147 
v -4.73396 12.1766 0.68318 
v -4.71186 12.0091 0.771495 
v -4.73396 12.1915 0.651374 
v -4.74098 12.1915 0.653184 
v -4.74827 12.1965 0.621988 
v -4.67622 12.0091 0.762821 
v -4.71061 11.9834 0.774921 
v -4.67367 11.9834 0.766058 
v -4.70766 11.9449 0.783514 
v -4.66809 11.9449 0.774184 
v -4.70482 11.909 0.791845 
v -4.6627 11.909 0.782067 
v -4.74827 12.1766 0.684379 
v -4.74098 12.1915 0.653184 
v -4.74827 12.1915 0.653795 
v -4.74827 12.1965 0.621988 
v -4.73396 12.1766 0.68318 
v -4.74827 12.1524 0.712565 
v -4.7275 12.1524 0.710825 
v -4.74827 12.1198 0.737271 
v -4.72179 12.1198 0.735056 
v -4.74828 12.0801 0.757546 
v -4.71684 12.0801 0.754942 
v -4.7483 12.0349 0.772612 
v -4.71275 12.0349 0.769718 
v -4.74831 12.0091 0.774424 
v -4.71186 12.0091 0.771495 
v -4.74832 11.9834 0.777914 
v -4.71061 11.9834 0.774921 
v -4.74835 11.9449 0.786664 
v -4.70766 11.9449 0.783514 
v -4.74839 11.909 0.795146 
v -4.70482 11.909 0.791845 
v -4.77962 12.0801 0.754942 
v -4.7483 12.0349 0.772612 
v -4.74828 12.0801 0.757546 
v -4.78375 12.0349 0.769718 
v -4.77473 12.1198 0.735056 
v -4.74831 12.0091 0.774424 
v -4.74827 12.1198 0.737271 
v -4.78472 12.0091 0.771495 
v -4.76904 12.1524 0.710825 
v -4.74832 11.9834 0.777914 
v -4.74827 12.1524 0.712565 
v -4.78604 11.9834 0.774921 
v -4.76258 12.1766 0.68318 
v -4.74835 11.9449 0.786664 
v -4.74827 12.1766 0.684379 
v -4.78904 11.9449 0.783514 
v -4.74839 11.909 0.795146 
v -4.79197 11.909 0.791845 
v -4.75557 12.1915 0.653184 
v -4.74827 12.1915 0.653795 
v -4.74827 12.1965 0.621988 
v -4.57371 12.2083 0.512473 
v -4.51951 12.2082 0.56913 
v -4.59148 12.1659 0.563744 
v -4.86865 12.0275 0.685008 
v -4.91576 12.0028 0.693591 
v -4.90826 11.9852 0.669463 
v -4.86216 12.0123 0.664457 
v -4.7275 12.1915 0.648434 
v -4.74827 12.1965 0.621988 
v -4.73396 12.1915 0.651374 
v -4.72021 12.1766 0.67963 
v -4.70753 12.1766 0.673864 
v -4.70753 12.1524 0.705671 
v -4.68912 12.1524 0.6973 
v -4.69623 12.1198 0.728496 
v -4.6726 12.1198 0.717842 
v -4.68634 12.0801 0.747228 
v -4.65803 12.0801 0.734701 
v -4.67805 12.0349 0.761147 
v -4.64571 12.0349 0.747228 
v -4.68634 12.0801 0.747228 
v -4.67622 12.0091 0.762821 
v -4.64571 12.0349 0.747228 
v -4.64291 12.0091 0.748734 
v -4.67367 11.9834 0.766058 
v -4.64291 12.0091 0.748734 
v -4.63905 11.9834 0.751664 
v -4.66809 11.9449 0.774184 
v -4.63069 11.9449 0.759033 
v -4.6627 11.909 0.782067 
v -4.6226 11.909 0.76619 
v -4.76258 12.1915 0.651374 
v -4.77634 12.1766 0.67963 
v -4.76258 12.1766 0.68318 
v -4.75557 12.1915 0.653184 
v -4.74827 12.1965 0.621988 
v -4.76904 12.1524 0.710825 
v -4.78902 12.1524 0.70567 
v -4.77473 12.1198 0.735056 
v -4.80024 12.1198 0.728496 
v -4.77962 12.0801 0.754942 
v -4.81 12.0801 0.747228 
v -4.78375 12.0349 0.769718 
v -4.81812 12.0349 0.761147 
v -4.78472 12.0091 0.771495 
v -4.81988 12.0091 0.762821 
v -4.78604 11.9834 0.774921 
v -4.82235 11.9834 0.766058 
v -4.78904 11.9449 0.783514 
v -4.82819 11.9449 0.774184 
v -4.79197 11.909 0.791845 
v -4.83387 11.909 0.782067 
v -4.57725 11.8378 0.259504 
v -4.57938 11.8134 0.256387 
v -4.60168 11.8392 0.279593 
v -4.83826 12.0801 0.734701 
v -4.81812 12.0349 0.761147 
v -4.81 12.0801 0.747228 
v -4.8504 12.0349 0.747228 
v -4.81988 12.0091 0.762821 
v -4.85311 12.0091 0.748734 
v -4.82235 11.9834 0.766058 
v -4.85687 11.9834 0.751664 
v -4.82819 11.9449 0.774184 
v -4.86507 11.9449 0.759033 
v -4.83387 11.909 0.782067 
v -4.87303 11.909 0.76619 
v -4.82384 12.1198 0.717842 
v -4.83826 12.0801 0.734701 
v -4.80024 12.1198 0.728496 
v -4.80742 12.1524 0.6973 
v -4.78902 12.1524 0.70567 
v -4.78902 12.1766 0.673864 
v -4.77634 12.1766 0.67963 
v -4.76904 12.1915 0.648434 
v -4.76258 12.1915 0.651374 
v -4.74827 12.1965 0.621988 
v -4.92212 11.8377 0.259499 
v -4.89769 11.8391 0.279592 
v -4.91999 11.8134 0.256386 
v -4.86216 12.0123 0.664457 
v -4.90826 11.9852 0.669463 
v -4.90408 11.9779 0.640279 
v -4.85888 12.0056 0.639341 
v -4.66375 12.1578 0.719837 
v -4.57941 12.2005 0.751563 
v -4.663 12.1993 0.794999 
v -4.83637 12.1993 0.794998 
v -4.91995 12.2005 0.751563 
v -4.83561 12.1578 0.719837 
v -4.60292 12.0943 0.46832 
v -4.61728 12.0945 0.467658 
v -4.61015 12.1407 0.522498 
v -4.61504 12.0445 0.452932 
v -4.61728 12.0945 0.467658 
v -4.59827 12.0444 0.4538 
v -4.60112 11.9632 0.445516 
v -4.59827 12.0444 0.4538 
v -4.58421 11.9633 0.446405 
v -4.89644 12.0943 0.46832 
v -4.88921 12.1407 0.522498 
v -4.88209 12.0945 0.467658 
v -4.88433 12.0445 0.452932 
v -4.88209 12.0945 0.467658 
v -4.90109 12.0444 0.4538 
v -4.89825 11.9632 0.445516 
v -4.90109 12.0444 0.4538 
v -4.91516 11.9633 0.446405 
v -4.65803 12.0801 0.734701 
v -4.65185 12.1198 0.703505 
v -4.6726 12.1198 0.717842 
v -4.63314 12.0801 0.717842 
v -4.66282 11.7537 0.522009 
v -4.66042 11.7648 0.545233 
v -4.68325 11.7855 0.512509 
v -4.57791 11.9775 0.670659 
v -4.63305 12.0229 0.680862 
v -4.63916 12.0077 0.652122 
v -4.83895 11.7648 0.545233 
v -4.83655 11.7537 0.522009 
v -4.81612 11.7855 0.51251 
v -4.59767 11.9449 0.738643 
v -4.5836 11.9834 0.708692 
v -4.60852 11.9834 0.732294 
v -4.57075 11.9449 0.713797 
v -4.58956 12.0091 0.706677 
v -4.5836 11.9834 0.708692 
v -4.61355 12.0091 0.729777 
v -4.58716 11.909 0.744823 
v -4.55831 11.909 0.718787 
v -4.59767 11.9449 0.738643 
v -4.59393 12.0349 0.705671 
v -4.58956 12.0091 0.706677 
v -4.61722 12.0349 0.728496 
v -4.61273 12.0801 0.6973 
v -4.63314 12.0801 0.717842 
v -4.65185 12.1198 0.703505 
v -4.61273 12.0801 0.6973 
v -4.63482 12.1198 0.686036 
v -4.65972 12.1524 0.67231 
v -4.65185 12.1198 0.703505 
v -4.67297 12.1524 0.686036 
v -4.68729 12.1766 0.656651 
v -4.65972 12.1524 0.67231 
v -4.69641 12.1766 0.666105 
v -4.71719 12.1915 0.639659 
v -4.72184 12.1915 0.644479 
v -4.74827 12.1965 0.621988 
v -4.96175 11.9868 0.569159 
v -5.07131 11.9228 0.590248 
v -5.0845 11.9529 0.561148 
v -4.32546 12.0323 0.619448 
v -4.30782 12.0227 0.626364 
v -4.30564 12.0035 0.596325 
v -4.33506 12.0104 0.5792 
v -4.60263 12.1398 0.52361 
v -4.59794 12.1415 0.522605 
v -4.59549 12.1396 0.524747 
v -4.89674 12.1398 0.52361 
v -4.90388 12.1396 0.524747 
v -4.90143 12.1415 0.522605 
v -4.64379 12.044 0.456336 
v -4.64185 12.0935 0.470342 
v -4.6317 12.0443 0.45386 
v -4.63153 12.0943 0.468398 
v -4.63016 11.9629 0.448967 
v -4.61794 11.9631 0.446454 
v -4.95555 11.9679 0.593394 
v -5.07131 11.9228 0.590248 
v -4.96175 11.9868 0.569159 
v -5.0166 12.0855 0.6827 
v -5.01078 12.0541 0.707058 
v -4.9844 12.0643 0.709294 
v -4.53752 11.9942 0.563521 
v -4.41487 11.9529 0.561148 
v -4.42805 11.9228 0.590248 
v -4.64049 12.0056 0.625673 
v -4.58024 11.972 0.609405 
v -4.58228 11.97 0.640591 
v -4.86767 12.0443 0.45386 
v -4.85752 12.0935 0.470342 
v -4.85558 12.044 0.456336 
v -4.86784 12.0943 0.468398 
v -4.8692 11.9629 0.448967 
v -4.88143 11.9631 0.446454 
v -4.42805 11.9228 0.590248 
v -4.54444 11.9728 0.585477 
v -4.53752 11.9942 0.563521 
v -4.55914 12.0211 0.711356 
v -4.62167 12.0485 0.697566 
v -4.57012 11.9957 0.695829 
v -4.63305 12.0229 0.680862 
v -4.58668 12.1569 0.655534 
v -4.57941 12.2005 0.751563 
v -4.66375 12.1578 0.719837 
v -4.58228 11.97 0.640591 
v -4.63916 12.0077 0.652122 
v -4.64049 12.0056 0.625673 
v -4.84666 12.1524 0.656651 
v -4.86166 12.1198 0.686036 
v -4.83681 12.1524 0.67231 
v -4.87433 12.1198 0.666105 
v -4.81603 12.1766 0.645864 
v -4.84666 12.1524 0.656651 
v -4.80925 12.1766 0.656651 
v -4.78281 12.1915 0.63416 
v -4.77936 12.1915 0.639659 
v -4.74827 12.1965 0.621988 
v -4.8989 12.0801 0.673864 
v -4.86166 12.1198 0.686036 
v -4.88371 12.0801 0.6973 
v -4.91985 12.0349 0.67963 
v -4.88371 12.0801 0.6973 
v -4.90248 12.0349 0.705671 
v -4.92474 12.0091 0.680323 
v -4.90248 12.0349 0.705671 
v -4.90684 12.0091 0.706677 
v -4.9314 11.9834 0.681764 
v -4.90684 12.0091 0.706677 
v -4.91279 11.9834 0.708692 
v -4.94573 11.9449 0.685452 
v -4.91279 11.9834 0.708692 
v -4.92562 11.9449 0.713797 
v -4.95965 11.909 0.689083 
v -4.93808 11.909 0.718787 
v -4.48859 12.0541 0.707058 
v -4.48277 12.0855 0.6827 
v -4.53445 12.0778 0.705916 
v -4.97892 11.7821 0.584286 
v -4.87815 11.9137 0.49765 
v -4.93455 11.783 0.518376 
v -4.96274 11.9137 0.622458 
v -4.66599 12.2078 0.482784 
v -4.64159 12.2662 0.453901 
v -4.57371 12.2083 0.512473 
v -4.55447 12.2659 0.477604 
v -4.57371 12.2083 0.512473 
v -4.67708 12.1661 0.521151 
v -4.58633 12.1663 0.647707 
v -4.5141 12.206 0.638145 
v -4.52679 12.2074 0.670694 
v -4.5748 12.1666 0.615494 
v -4.6595 12.1408 0.635259 
v -4.58633 12.1663 0.647707 
v -4.91303 12.1663 0.647707 
v -4.98526 12.206 0.638145 
v -4.92457 12.1666 0.615494 
v -4.97258 12.2074 0.670694 
v -4.91303 12.1663 0.647707 
v -4.83986 12.1408 0.635259 
v -5.00253 11.8731 0.290276 
v -4.96541 11.88 0.280206 
v -4.96958 11.8633 0.263756 
v -4.99469 11.8494 0.264858 
v -4.96958 11.8633 0.263756 
v -4.50467 11.8494 0.264857 
v -4.52979 11.8633 0.263758 
v -4.49684 11.8731 0.290262 
v -4.52979 11.8633 0.263758 
v -4.53396 11.88 0.280197 
v -4.60263 12.1398 0.52361 
v -4.59774 12.1377 0.526918 
v -4.60396 12.1389 0.524594 
v -4.60444 12.1429 0.521065 
v -4.60263 12.1398 0.52361 
v -4.61015 12.1407 0.522498 
v -4.59794 12.1415 0.522605 
v -4.89674 12.1398 0.52361 
v -4.89493 12.1429 0.521065 
v -4.88921 12.1407 0.522498 
v -4.90143 12.1415 0.522605 
v -4.57678 12.0349 0.67963 
v -4.57193 12.0091 0.680323 
v -4.56107 12.0091 0.651727 
v -4.55403 11.9834 0.652546 
v -4.5653 11.9834 0.681764 
v -4.56622 12.0349 0.651374 
v -4.59768 12.0801 0.673864 
v -4.58842 12.0801 0.648434 
v -4.62222 12.1198 0.666105 
v -4.61448 12.1198 0.644479 
v -4.64987 12.1524 0.656651 
v -4.64382 12.1524 0.639659 
v -4.67634 12.1766 0.63416 
v -4.68052 12.1766 0.645864 
v -4.7116 12.1915 0.628193 
v -4.71373 12.1915 0.63416 
v -4.74827 12.1965 0.621988 
v -4.55102 11.9449 0.685452 
v -4.53887 11.9449 0.654695 
v -4.55403 11.9834 0.652546 
v -4.55102 11.9449 0.685452 
v -4.52418 11.909 0.656852 
v -4.53719 11.909 0.689083 
v -4.90163 12.1377 0.526918 
v -4.89674 12.1398 0.52361 
v -4.89541 12.1389 0.524594 
v -4.90388 12.1396 0.524747 
v -4.81187 12.207 0.479599 
v -4.92566 12.2083 0.512473 
v -4.85778 12.2662 0.453901 
v -4.9449 12.2659 0.477604 
v -4.82757 12.1666 0.521943 
v -4.85888 12.0056 0.639341 
v -4.90408 11.9779 0.640279 
v -4.86021 12.0077 0.612891 
v -4.90601 11.9799 0.61 
v -4.59774 12.1377 0.526918 
v -4.60263 12.1398 0.52361 
v -4.59549 12.1396 0.524747 
v -4.35867 11.9563 0.705785 
v -4.37992 12.0061 0.706421 
v -4.39991 11.9597 0.702166 
v -5.11945 12.0061 0.706421 
v -5.1407 11.9563 0.705785 
v -5.09945 11.9597 0.702166 
v -4.9314 11.9834 0.681764 
v -4.95788 11.9449 0.654695 
v -4.94573 11.9449 0.685452 
v -4.97265 11.909 0.656852 
v -4.95965 11.909 0.689083 
v -4.94267 11.9834 0.652546 
v -4.92474 12.0091 0.680323 
v -4.9356 12.0091 0.651727 
v -4.91985 12.0349 0.67963 
v -4.93041 12.0349 0.651374 
v -4.8989 12.0801 0.673864 
v -4.93041 12.0349 0.651374 
v -4.90817 12.0801 0.648434 
v -4.87433 12.1198 0.666105 
v -4.88208 12.1198 0.644479 
v -4.84666 12.1524 0.656651 
v -4.87433 12.1198 0.666105 
v -4.85272 12.1524 0.639659 
v -4.8202 12.1766 0.63416 
v -4.81603 12.1766 0.645864 
v -4.78494 12.1915 0.628193 
v -4.78281 12.1915 0.63416 
v -4.74827 12.1965 0.621988 
v -5.17391 12.0323 0.645566 
v -5.19174 12.0129 0.660508 
v -5.16431 12.0104 0.685815 
v -4.83637 12.1993 0.794998 
v -4.74968 12.1577 0.730842 
v -4.74968 12.199 0.805139 
v -4.83561 12.1578 0.719837 
v -4.61015 12.1407 0.522498 
v -4.61325 12.1434 0.520541 
v -4.60444 12.1429 0.521065 
v -4.9111 12.0925 0.472814 
v -4.89674 12.1398 0.52361 
v -4.90706 12.0936 0.470208 
v -4.88921 12.1407 0.522498 
v -4.89493 12.1429 0.521065 
v -4.88612 12.1434 0.520541 
v -4.99092 12.0224 0.712887 
v -5.09096 11.9686 0.727536 
v -4.9784 11.9953 0.704307 
v -4.58827 12.0925 0.472814 
v -4.59231 12.0936 0.470208 
v -4.60263 12.1398 0.52361 
v -4.41442 11.9259 0.596395 
v -4.37943 11.9076 0.617784 
v -4.41571 11.9221 0.661194 
v -4.58782 11.993 0.582526 
v -4.53752 11.9942 0.563521 
v -4.54444 11.9728 0.585477 
v -4.57863 12.0144 0.56267 
v -4.64382 12.1524 0.639659 
v -4.67493 12.1766 0.621988 
v -4.67634 12.1766 0.63416 
v -4.71089 12.1915 0.621988 
v -4.7116 12.1915 0.628193 
v -4.74827 12.1965 0.621988 
v -4.64178 12.1524 0.621988 
v -4.61186 12.1198 0.621988 
v -4.61448 12.1198 0.644479 
v -4.58529 12.0801 0.621988 
v -4.58842 12.0801 0.648434 
v -4.56266 12.0349 0.621988 
v -4.56622 12.0349 0.651374 
v -4.5574 12.0091 0.621988 
v -4.56107 12.0091 0.651727 
v -4.55023 11.9834 0.62216 
v -4.55403 11.9834 0.652546 
v -4.53477 11.9449 0.622708 
v -4.53887 11.9449 0.654695 
v -4.53887 11.9449 0.654695 
v -4.51979 11.909 0.623332 
v -4.52418 11.909 0.656852 
v -4.90248 12.0349 0.705671 
v -4.87896 12.0349 0.728496 
v -4.90684 12.0091 0.706677 
v -4.88371 12.0801 0.6973 
v -4.86319 12.0801 0.717842 
v -4.8446 12.1198 0.703505 
v -4.88371 12.0801 0.6973 
v -4.86166 12.1198 0.686036 
v -4.8446 12.1198 0.703505 
v -4.83681 12.1524 0.67231 
v -4.82356 12.1524 0.686036 
v -4.80925 12.1766 0.656651 
v -4.83681 12.1524 0.67231 
v -4.80013 12.1766 0.666105 
v -4.77936 12.1915 0.639659 
v -4.77471 12.1915 0.644479 
v -4.74827 12.1965 0.621988 
v -5.08495 11.9259 0.596395 
v -5.08366 11.9221 0.661194 
v -5.11993 11.9076 0.617784 
v -5.17391 12.0323 0.645566 
v -5.19025 12.0151 0.603482 
v -5.19592 12.0177 0.634649 
v -5.17111 12.0259 0.599041 
v -4.88796 12.0723 0.700233 
v -4.93829 12.0551 0.711702 
v -4.9263 12.0274 0.708416 
v -4.8777 12.0485 0.697566 
v -4.9263 12.0274 0.708416 
v -4.86865 12.0275 0.685008 
v -4.91576 12.0028 0.693591 
v -4.85272 12.1524 0.639659 
v -4.8847 12.1198 0.621988 
v -4.88208 12.1198 0.644479 
v -4.9113 12.0801 0.621988 
v -4.85477 12.1524 0.621988 
v -4.90817 12.0801 0.648434 
v -4.82161 12.1766 0.621988 
v -4.93398 12.0349 0.621988 
v -4.8202 12.1766 0.63416 
v -4.93041 12.0349 0.651374 
v -4.78566 12.1915 0.621988 
v -4.78494 12.1915 0.628193 
v -4.74827 12.1965 0.621988 
v -4.93926 12.0091 0.621988 
v -4.9356 12.0091 0.651727 
v -4.94647 11.9834 0.62216 
v -4.94267 11.9834 0.652546 
v -4.96198 11.9449 0.622708 
v -4.95788 11.9449 0.654695 
v -4.97704 11.909 0.623332 
v -4.95788 11.9449 0.654695 
v -4.97265 11.909 0.656852 
v -4.5574 12.0091 0.621988 
v -4.56622 12.0349 0.592603 
v -4.56266 12.0349 0.621988 
v -4.58842 12.0801 0.595542 
v -4.56107 12.0091 0.59225 
v -4.58529 12.0801 0.621988 
v -4.55023 11.9834 0.62216 
v -4.61448 12.1198 0.599498 
v -4.55403 11.9834 0.591774 
v -4.61186 12.1198 0.621988 
v -4.53477 11.9449 0.622708 
v -4.64382 12.1524 0.604318 
v -4.53887 11.9449 0.590722 
v -4.51979 11.909 0.623332 
v -4.52418 11.909 0.589813 
v -4.64178 12.1524 0.621988 
v -4.67493 12.1766 0.621988 
v -4.67634 12.1766 0.609816 
v -4.71089 12.1915 0.621988 
v -4.7116 12.1915 0.615783 
v -4.62069 12.1403 0.522987 
v -4.61325 12.1434 0.520541 
v -4.61015 12.1407 0.522498 
v -4.62201 12.1429 0.521173 
v -4.89541 12.1389 0.524594 
v -4.89528 12.1363 0.528537 
v -4.90163 12.1377 0.526918 
v -4.88612 12.1434 0.520541 
v -4.87867 12.1403 0.522987 
v -4.88921 12.1407 0.522498 
v -4.87736 12.1429 0.521173 
v -4.40841 11.9686 0.727536 
v -4.50339 12.0191 0.712199 
v -4.51548 11.9923 0.703116 
v -4.94267 11.9834 0.591773 
v -4.96198 11.9449 0.622708 
v -4.94647 11.9834 0.62216 
v -4.95788 11.9449 0.590722 
v -4.97704 11.909 0.623332 
v -4.97265 11.909 0.589813 
v -4.9356 12.0091 0.592249 
v -4.93926 12.0091 0.621988 
v -4.93041 12.0349 0.592603 
v -4.93398 12.0349 0.621988 
v -4.90817 12.0801 0.595542 
v -4.9113 12.0801 0.621988 
v -4.88208 12.1198 0.599498 
v -4.8847 12.1198 0.621988 
v -4.85272 12.1524 0.604318 
v -4.85477 12.1524 0.621988 
v -4.82161 12.1766 0.621988 
v -4.8202 12.1766 0.609816 
v -4.78566 12.1915 0.621988 
v -4.78494 12.1915 0.615783 
v -4.60409 12.1363 0.528537 
v -4.60396 12.1389 0.524594 
v -4.59774 12.1377 0.526918 
v -4.60997 12.1383 0.525267 
v -4.89528 12.1363 0.528537 
v -4.89541 12.1389 0.524594 
v -4.8894 12.1383 0.525267 
v -4.87815 11.9137 0.49765 
v -4.84461 11.7822 0.466311 
v -4.93455 11.783 0.518376 
v -4.72759 11.9137 0.465412 
v -4.70081 11.7816 0.454882 
v -4.58885 11.9137 0.519007 
v -4.70081 11.7816 0.454882 
v -4.59429 11.7826 0.494246 
v -4.96384 12.4978 0.409663 
v -4.99068 12.6317 0.431229 
v -4.99387 12.6349 0.423155 
v -4.77126 11.9066 0.449735 
v -4.76795 11.8962 0.441015 
v -4.77041 11.8925 0.448282 
v -4.7687 11.9105 0.44224 
v -4.92074 12.0144 0.56267 
v -4.96175 11.9868 0.569159 
v -4.97457 12.0187 0.552175 
v -5.14041 12.0546 0.646772 
v -5.16588 12.0143 0.695272 
v -5.13386 12.0393 0.680878 
v -5.17801 12.0419 0.639939 
v -4.92074 12.0144 0.56267 
v -4.91155 11.993 0.582526 
v -4.96175 11.9868 0.569159 
v -4.66042 11.7648 0.545233 
v -4.63937 11.7687 0.571065 
v -4.66322 11.7913 0.55941 
v -4.63721 12.0123 0.600558 
v -4.58024 11.972 0.609405 
v -4.64049 12.0056 0.625673 
v -4.33349 12.0143 0.695272 
v -4.35896 12.0546 0.646772 
v -4.36551 12.0393 0.680878 
v -4.32136 12.0419 0.639939 
v -4.87815 11.9137 0.49765 
v -4.72759 11.9137 0.465412 
v -4.84461 11.7822 0.466311 
v -4.83614 11.7913 0.55941 
v -4.86 11.7687 0.571065 
v -4.83895 11.7648 0.545233 
v -4.54663 12.05 0.714898 
v -4.6114 12.0723 0.700233 
v -4.55914 12.0211 0.711356 
v -4.62167 12.0485 0.697566 
v -4.60997 12.1383 0.525267 
v -4.60409 12.1363 0.528537 
v -4.61285 12.1358 0.529169 
v -4.8894 12.1383 0.525267 
v -4.88652 12.1358 0.529169 
v -4.89528 12.1363 0.528537 
v -4.63721 12.0123 0.600558 
v -4.58782 11.993 0.582526 
v -4.58024 11.972 0.609405 
v -4.57371 12.2083 0.512473 
v -4.59148 12.1659 0.563744 
v -4.67708 12.1661 0.521151 
v -5.01078 12.0541 0.707058 
v -5.11725 12.0284 0.720069 
v -5.09096 11.9686 0.727536 
v -4.99092 12.0224 0.712887 
v -4.67634 12.1766 0.609816 
v -4.64382 12.1524 0.604318 
v -4.64987 12.1524 0.587326 
v -4.61448 12.1198 0.599498 
v -4.68052 12.1766 0.598112 
v -4.62222 12.1198 0.577871 
v -4.7116 12.1915 0.615783 
v -4.71373 12.1915 0.609816 
v -4.74827 12.1965 0.621988 
v -4.58842 12.0801 0.595542 
v -4.59768 12.0801 0.570112 
v -4.56622 12.0349 0.592603 
v -4.57678 12.0349 0.564347 
v -4.56107 12.0091 0.59225 
v -4.57193 12.0091 0.563654 
v -4.55403 11.9834 0.591774 
v -4.5653 11.9834 0.562555 
v -4.53887 11.9449 0.590722 
v -4.55403 11.9834 0.591774 
v -4.55102 11.9449 0.559965 
v -4.52418 11.909 0.589813 
v -4.53719 11.909 0.557582 
v -4.94777 11.8421 0.586428 
v -4.97909 11.8163 0.554795 
v -4.95443 11.815 0.588473 
v -4.97172 11.8469 0.552617 
v -4.62069 12.1403 0.522987 
v -4.62836 12.1415 0.522791 
v -4.62201 12.1429 0.521173 
v -4.87867 12.1403 0.522987 
v -4.87736 12.1429 0.521173 
v -4.87101 12.1415 0.522791 
v -4.52028 11.8163 0.554795 
v -4.5516 11.8421 0.586428 
v -4.54493 11.815 0.588473 
v -4.52765 11.8469 0.552617 
v -4.88156 12.1384 0.525154 
v -4.88652 12.1358 0.529169 
v -4.8894 12.1383 0.525267 
v -4.6595 12.1408 0.635259 
v -4.58633 12.1663 0.647707 
v -4.5995 12.1663 0.668112 
v -4.89986 12.1663 0.668112 
v -4.91303 12.1663 0.647707 
v -4.83986 12.1408 0.635259 
v -4.38212 12.0284 0.720069 
v -4.48859 12.0541 0.707058 
v -4.40841 11.9686 0.727536 
v -4.50339 12.0191 0.712199 
v -4.90817 12.0801 0.595542 
v -4.88208 12.1198 0.599498 
v -4.87434 12.1198 0.577871 
v -4.8989 12.0801 0.570112 
v -4.93041 12.0349 0.592603 
v -4.84667 12.1524 0.587326 
v -4.91985 12.0349 0.564347 
v -4.85272 12.1524 0.604318 
v -4.8202 12.1766 0.609816 
v -4.81603 12.1766 0.598112 
v -4.78494 12.1915 0.615783 
v -4.78281 12.1915 0.609816 
v -4.74827 12.1965 0.621988 
v -4.93041 12.0349 0.592603 
v -4.9356 12.0091 0.592249 
v -4.92474 12.0091 0.563654 
v -4.94267 11.9834 0.591773 
v -4.9314 11.9834 0.562555 
v -4.94267 11.9834 0.591773 
v -4.95788 11.9449 0.590722 
v -4.94573 11.9449 0.559965 
v -4.97265 11.909 0.589813 
v -4.95965 11.909 0.557582 
v -4.61728 12.0945 0.467658 
v -4.62069 12.1403 0.522987 
v -4.61015 12.1407 0.522498 
v -4.63153 12.0943 0.468398 
v -4.6317 12.0443 0.45386 
v -4.61504 12.0445 0.452932 
v -4.61794 11.9631 0.446454 
v -4.60112 11.9632 0.445516 
v -4.61781 12.1384 0.525154 
v -4.61285 12.1358 0.529169 
v -4.62166 12.1363 0.528645 
v -4.60997 12.1383 0.525267 
v -4.87867 12.1403 0.522987 
v -4.88209 12.0945 0.467658 
v -4.88921 12.1407 0.522498 
v -4.86784 12.0943 0.468398 
v -4.86767 12.0443 0.45386 
v -4.88433 12.0445 0.452932 
v -4.88143 11.9631 0.446454 
v -4.89825 11.9632 0.445516 
v -4.64049 12.0056 0.625673 
v -4.63916 12.0077 0.652122 
v -4.66718 12.028 0.632507 
v -4.94993 12.0819 0.702949 
v -4.9844 12.0643 0.709294 
v -4.93829 12.0551 0.711702 
v -4.83606 12.0427 0.667611 
v -4.86865 12.0275 0.685008 
v -4.86216 12.0123 0.664457 
v -4.87651 12.1392 0.524389 
v -4.87771 12.1363 0.528645 
v -4.88156 12.1384 0.525154 
v -4.88652 12.1358 0.529169 
v -4.56414 11.8082 0.59755 
v -4.58751 11.8202 0.601404 
v -4.59153 11.788 0.597647 
v -4.93523 11.8082 0.597549 
v -4.90784 11.788 0.59765 
v -4.91186 11.8202 0.601404 
v -4.62166 12.1363 0.528645 
v -4.62285 12.1392 0.524389 
v -4.61781 12.1384 0.525154 
v -4.90746 12.0915 0.475441 
v -4.89674 12.1398 0.52361 
v -4.9111 12.0925 0.472814 
v -4.89541 12.1389 0.524594 
v -4.90789 12.1659 0.563744 
v -4.92566 12.2083 0.512473 
v -4.82757 12.1666 0.521943 
v -4.83126 12.1418 0.572006 
v -4.82757 12.1666 0.521943 
v -4.60396 12.1389 0.524594 
v -4.5919 12.0915 0.475441 
v -4.60263 12.1398 0.52361 
v -4.58827 12.0925 0.472814 
v -4.62836 12.1415 0.522791 
v -4.62285 12.1392 0.524389 
v -4.63061 12.1396 0.524963 
v -4.62069 12.1403 0.522987 
v -4.87651 12.1392 0.524389 
v -4.87101 12.1415 0.522791 
v -4.86875 12.1396 0.524963 
v -4.87867 12.1403 0.522987 
v -4.97457 12.0187 0.552175 
v -5.0845 11.9529 0.561148 
v -5.1016 11.9913 0.550217 
v -4.97457 12.0187 0.552175 
v -4.96175 11.9868 0.569159 
v -5.0845 11.9529 0.561148 
v -4.91155 11.993 0.582526 
v -4.86502 12.019 0.58945 
v -4.90601 11.9799 0.61 
v -4.86021 12.0077 0.612891 
v -4.62285 12.1392 0.524389 
v -4.62166 12.1363 0.528645 
v -4.62816 12.1377 0.527105 
v -4.52389 12.0204 0.552055 
v -4.39776 11.9913 0.550217 
v -4.41487 11.9529 0.561148 
v -4.87771 12.1363 0.528645 
v -4.87651 12.1392 0.524389 
v -4.87121 12.1377 0.527105 
v -4.52389 12.0204 0.552055 
v -4.41487 11.9529 0.561148 
v -4.53752 11.9942 0.563521 
v -5.12182 12.0123 0.56179 
v -5.15216 11.9828 0.55717 
v -5.17196 12.0282 0.585939 
v -4.37755 12.0123 0.56179 
v -4.32741 12.0282 0.585939 
v -4.34721 11.9828 0.55717 
v -4.74832 12.0126 0.462685 
v -4.76082 12.0384 0.465621 
v -4.74831 12.0384 0.464497 
v -4.75928 12.0836 0.480575 
v -4.76119 12.0126 0.463823 
v -4.74829 12.0836 0.479562 
v -4.74834 11.9869 0.459471 
v -4.75747 12.1233 0.500699 
v -4.76169 11.9869 0.460634 
v -4.74827 12.1233 0.499838 
v -4.74836 11.9486 0.451609 
v -4.75545 12.1559 0.52522 
v -4.76276 11.9486 0.452833 
v -4.7484 11.9128 0.444181 
v -4.76381 11.9128 0.445464 
v -4.74827 12.1559 0.524544 
v -4.74827 12.1801 0.55273 
v -4.75321 12.1801 0.553196 
v -4.74827 12.195 0.583314 
v -4.75079 12.195 0.583552 
v -4.73644 12.1233 0.500945 
v -4.73415 12.0836 0.480865 
v -4.73726 12.0836 0.480578 
v -4.73575 12.0384 0.465625 
v -4.73904 12.1233 0.500702 
v -4.73221 12.0384 0.465944 
v -4.73903 12.1559 0.525414 
v -4.73541 12.0126 0.463827 
v -4.74107 12.1559 0.525222 
v -4.73176 12.0126 0.464149 
v -4.74331 12.1801 0.553198 
v -4.73493 11.9869 0.460638 
v -4.74191 12.1801 0.553329 
v -4.74574 12.195 0.583553 
v -4.74503 12.195 0.58362 
v -4.73115 11.9869 0.460967 
v -4.73391 11.9486 0.452837 
v -4.72984 11.9486 0.453184 
v -4.73294 11.9128 0.445468 
v -4.72857 11.9128 0.445831 
v -4.73391 11.9486 0.452837 
v -4.73294 11.9128 0.445468 
v -4.7484 11.9128 0.444181 
v -4.74836 11.9486 0.451609 
v -4.73493 11.9869 0.460638 
v -4.74834 11.9869 0.459471 
v -4.73541 12.0126 0.463827 
v -4.74832 12.0126 0.462685 
v -4.73575 12.0384 0.465625 
v -4.74831 12.0384 0.464497 
v -4.73726 12.0836 0.480578 
v -4.74829 12.0836 0.479562 
v -4.73904 12.1233 0.500702 
v -4.74827 12.1233 0.499838 
v -4.74107 12.1559 0.525222 
v -4.74827 12.1559 0.524544 
v -4.74827 12.1801 0.55273 
v -4.74331 12.1801 0.553198 
v -4.74827 12.195 0.583314 
v -4.74574 12.195 0.583553 
v -4.76381 11.9128 0.445464 
v -4.76688 11.9486 0.453184 
v -4.76276 11.9486 0.452833 
v -4.76822 11.9128 0.445831 
v -4.76552 11.9869 0.460967 
v -4.76169 11.9869 0.460634 
v -4.76488 12.0126 0.464149 
v -4.76119 12.0126 0.463823 
v -4.76441 12.0384 0.465944 
v -4.76082 12.0384 0.465621 
v -4.76243 12.0836 0.480865 
v -4.75928 12.0836 0.480575 
v -4.76011 12.1233 0.500945 
v -4.75747 12.1233 0.500699 
v -4.7575 12.1559 0.525414 
v -4.75545 12.1559 0.52522 
v -4.75321 12.1801 0.553196 
v -4.75463 12.1801 0.553329 
v -4.75079 12.195 0.583552 
v -4.75151 12.195 0.58362 
v -4.62285 12.1392 0.524389 
v -4.62816 12.1377 0.527105 
v -4.63061 12.1396 0.524963 
v -4.87651 12.1392 0.524389 
v -4.86875 12.1396 0.524963 
v -4.87121 12.1377 0.527105 
v -4.89194 12.1363 0.524714 
v -4.91268 12.1569 0.655534 
v -4.97026 12.1596 0.579335 
v -5.08443 12.2923 0.609188 
v -5.13622 12.4115 0.610325 
v -5.07709 12.2966 0.606755 
v -4.83218 12.028 0.632497 
v -4.86216 12.0123 0.664457 
v -4.85888 12.0056 0.639341 
v -4.86021 12.0077 0.612891 
v -4.83218 12.028 0.632497 
v -4.85888 12.0056 0.639341 
v -4.52911 12.1596 0.579335 
v -4.58668 12.1569 0.655534 
v -4.60756 12.1362 0.522988 
v -4.71719 12.1915 0.604318 
v -4.68729 12.1766 0.587326 
v -4.69641 12.1766 0.577871 
v -4.72184 12.1915 0.599498 
v -4.74827 12.1965 0.621988 
v -4.67295 12.1524 0.557941 
v -4.65971 12.1524 0.571666 
v -4.65177 12.1198 0.540471 
v -4.63481 12.1198 0.557941 
v -4.61273 12.0801 0.546676 
v -4.633 12.0801 0.526134 
v -4.59393 12.0349 0.538306 
v -4.61701 12.0349 0.515481 
v -4.6133 12.0091 0.5142 
v -4.59393 12.0349 0.538306 
v -4.58956 12.0091 0.537299 
v -4.60823 11.9834 0.512025 
v -4.5836 11.9834 0.535627 
v -4.59731 11.9449 0.506774 
v -4.57075 11.9449 0.531619 
v -4.58674 11.909 0.501842 
v -4.55831 11.909 0.527878 
v -5.17111 12.0259 0.599041 
v -5.1526 11.9835 0.565125 
v -5.18275 11.9887 0.578704 
v -5.19025 12.0151 0.603482 
v -4.95943 12.1036 0.68347 
v -5.0166 12.0855 0.6827 
v -4.9844 12.0643 0.709294 
v -4.94993 12.0819 0.702949 
v -4.88385 12.0801 0.546676 
v -4.86175 12.1198 0.557941 
v -4.84479 12.1198 0.540471 
v -4.83684 12.1524 0.571666 
v -4.86359 12.0801 0.526134 
v -4.9027 12.0349 0.538306 
v -4.87962 12.0349 0.515481 
v -4.8236 12.1524 0.557941 
v -4.80925 12.1766 0.587326 
v -4.80013 12.1766 0.577871 
v -4.77936 12.1915 0.604318 
v -4.77471 12.1915 0.599498 
v -4.74827 12.1965 0.621988 
v -4.88337 12.0091 0.5142 
v -4.9027 12.0349 0.538306 
v -4.9071 12.0091 0.537299 
v -4.88847 11.9834 0.512025 
v -4.9131 11.9834 0.535627 
v -4.89944 11.9449 0.506774 
v -4.926 11.9449 0.531619 
v -4.9101 11.909 0.501842 
v -4.93853 11.909 0.527878 
v -4.83986 12.1408 0.635259 
v -4.92457 12.1666 0.615494 
v -4.90789 12.1659 0.563744 
v -4.83126 12.1418 0.572006 
v -4.33506 12.0104 0.5792 
v -4.32033 11.9858 0.576091 
v -4.35184 11.9718 0.565834 
v -4.66718 12.028 0.632507 
v -4.63916 12.0077 0.652122 
v -4.6624 12.0416 0.668171 
v -4.63305 12.0229 0.680862 
v -4.83061 12.497 0.388553 
v -4.83143 12.495 0.397343 
v -4.85409 12.6459 0.396299 
v -4.63482 12.1198 0.686036 
v -4.64987 12.1524 0.656651 
v -4.65972 12.1524 0.67231 
v -4.62222 12.1198 0.666105 
v -4.68052 12.1766 0.645864 
v -4.68729 12.1766 0.656651 
v -4.71373 12.1915 0.63416 
v -4.71719 12.1915 0.639659 
v -4.74827 12.1965 0.621988 
v -4.63482 12.1198 0.686036 
v -4.59768 12.0801 0.673864 
v -4.61273 12.0801 0.6973 
v -4.59153 11.788 0.597647 
v -4.60839 11.8108 0.599403 
v -4.62353 11.7868 0.590091 
v -4.53445 12.0778 0.705916 
v -4.48277 12.0855 0.6827 
v -4.53994 12.1036 0.68347 
v -4.633 12.0801 0.526134 
v -4.61701 12.0349 0.515481 
v -4.64514 12.0349 0.496749 
v -4.65769 12.0801 0.509276 
v -4.65177 12.1198 0.540471 
v -4.67245 12.1198 0.526134 
v -4.67295 12.1524 0.557941 
v -4.68909 12.1524 0.546676 
v -4.69641 12.1766 0.577871 
v -4.70753 12.1766 0.570112 
v -4.72184 12.1915 0.599498 
v -4.7275 12.1915 0.595542 
v -4.74827 12.1965 0.621988 
v -4.64223 12.0091 0.495242 
v -4.61701 12.0349 0.515481 
v -4.6133 12.0091 0.5142 
v -4.63825 11.9834 0.492655 
v -4.60823 11.9834 0.512025 
v -4.62968 11.9449 0.486384 
v -4.59731 11.9449 0.506774 
v -4.62138 11.909 0.480475 
v -4.58674 11.909 0.501842 
v -4.90784 11.788 0.59765 
v -4.87585 11.7868 0.590095 
v -4.89097 11.8108 0.599403 
v -5.08443 12.2923 0.609188 
v -5.07709 12.2966 0.606755 
v -5.02561 12.2027 0.604764 
v -4.78902 12.1766 0.570112 
v -4.77471 12.1915 0.599498 
v -4.76904 12.1915 0.595542 
v -4.74827 12.1965 0.621988 
v -4.80013 12.1766 0.577871 
v -4.80746 12.1524 0.546676 
v -4.8236 12.1524 0.557941 
v -4.82411 12.1198 0.526134 
v -4.84479 12.1198 0.540471 
v -4.83889 12.0801 0.509276 
v -4.86359 12.0801 0.526134 
v -4.85149 12.0349 0.496749 
v -4.87962 12.0349 0.515481 
v -4.85444 12.0091 0.495243 
v -4.87962 12.0349 0.515481 
v -4.88337 12.0091 0.5142 
v -4.85845 11.9834 0.492655 
v -4.88847 11.9834 0.512025 
v -4.86707 11.9449 0.486384 
v -4.89944 11.9449 0.506774 
v -4.87545 11.909 0.480475 
v -4.9101 11.909 0.501842 
v -4.63937 11.7687 0.571065 
v -4.62353 11.7868 0.590091 
v -4.64749 11.7977 0.577775 
v -4.85188 11.7977 0.577775 
v -4.87585 11.7868 0.590095 
v -4.86 11.7687 0.571065 
v -5.03623 12.1731 0.526869 
v -5.01889 12.1576 0.526472 
v -5.06674 12.2507 0.555126 
v -4.7275 12.1915 0.595542 
v -4.72021 12.1766 0.564347 
v -4.73396 12.1915 0.592603 
v -4.74827 12.1965 0.621988 
v -4.70753 12.1766 0.570112 
v -4.70751 12.1524 0.538306 
v -4.68909 12.1524 0.546676 
v -4.69604 12.1198 0.515481 
v -4.67245 12.1198 0.526134 
v -4.68588 12.0801 0.496749 
v -4.65769 12.0801 0.509276 
v -4.67725 12.0349 0.48283 
v -4.64514 12.0349 0.496749 
v -4.67524 12.0091 0.481156 
v -4.64514 12.0349 0.496749 
v -4.64223 12.0091 0.495242 
v -4.67251 11.9834 0.478262 
v -4.64223 12.0091 0.495242 
v -4.63825 11.9834 0.492655 
v -4.66661 11.9449 0.471233 
v -4.62968 11.9449 0.486384 
v -4.66091 11.909 0.464597 
v -4.62138 11.909 0.480475 
v -4.83889 12.0801 0.509276 
v -4.81939 12.0349 0.48283 
v -4.85149 12.0349 0.496749 
v -4.81071 12.0801 0.496749 
v -4.82411 12.1198 0.526134 
v -4.80052 12.1198 0.515481 
v -4.80746 12.1524 0.546676 
v -4.78904 12.1524 0.538306 
v -4.78902 12.1766 0.570112 
v -4.77634 12.1766 0.564347 
v -4.76904 12.1915 0.595542 
v -4.76258 12.1915 0.592603 
v -4.74827 12.1965 0.621988 
v -4.82142 12.0091 0.481156 
v -4.85149 12.0349 0.496749 
v -4.85444 12.0091 0.495243 
v -4.82419 11.9834 0.478262 
v -4.85444 12.0091 0.495243 
v -4.85845 11.9834 0.492655 
v -4.83014 11.9449 0.471233 
v -4.86707 11.9449 0.486384 
v -4.83593 11.909 0.464598 
v -4.87545 11.909 0.480475 
v -4.30782 12.0227 0.626364 
v -4.32546 12.0323 0.619448 
v -4.32826 12.0259 0.665971 
v -4.82757 12.1666 0.521943 
v -4.81187 12.207 0.479599 
v -4.67708 12.1661 0.521151 
v -4.70462 12.1422 0.561915 
v -4.58668 12.1569 0.655534 
v -4.6173 12.1362 0.533787 
v -4.60756 12.1362 0.522988 
v -4.69604 12.1198 0.515481 
v -4.68588 12.0801 0.496749 
v -4.71647 12.0801 0.489035 
v -4.71208 12.0349 0.474258 
v -4.72164 12.1198 0.508921 
v -4.67725 12.0349 0.48283 
v -4.70751 12.1524 0.538306 
v -4.71107 12.0091 0.472481 
v -4.72749 12.1524 0.533152 
v -4.67524 12.0091 0.481156 
v -4.72021 12.1766 0.564347 
v -4.70968 11.9834 0.469398 
v -4.73396 12.1766 0.560797 
v -4.67251 11.9834 0.478262 
v -4.73396 12.1915 0.592603 
v -4.70669 11.9449 0.461903 
v -4.74098 12.1915 0.590793 
v -4.74258 12.1926 0.597656 
v -4.74827 12.1965 0.621988 
v -4.66661 11.9449 0.471233 
v -4.70381 11.909 0.45482 
v -4.66091 11.909 0.464597 
v -4.76906 12.1524 0.533152 
v -4.77634 12.1766 0.564347 
v -4.76258 12.1766 0.560797 
v -4.78904 12.1524 0.538306 
v -4.76258 12.1915 0.592603 
v -4.77491 12.1198 0.508921 
v -4.75557 12.1915 0.590793 
v -4.75394 12.1926 0.597745 
v -4.74827 12.1965 0.621988 
v -4.80052 12.1198 0.515481 
v -4.78012 12.0801 0.489035 
v -4.81071 12.0801 0.496749 
v -4.78455 12.0349 0.474258 
v -4.81939 12.0349 0.48283 
v -4.78559 12.0091 0.472481 
v -4.82142 12.0091 0.481156 
v -4.78701 11.9834 0.469398 
v -4.82419 11.9834 0.478262 
v -4.79006 11.9449 0.461903 
v -4.83014 11.9449 0.471233 
v -4.79303 11.909 0.45482 
v -4.83593 11.909 0.464598 
v -4.74968 12.1341 0.61058 
v -4.65516 12.1422 0.584292 
v -4.6595 12.1408 0.635259 
v -4.65516 12.1422 0.584292 
v -4.5748 12.1666 0.615494 
v -4.59148 12.1659 0.563744 
v -4.83725 11.7914 0.419255 
v -4.8201 11.8068 0.469316 
v -4.82751 11.7765 0.470233 
v -4.72184 12.1915 0.644479 
v -4.74827 12.1965 0.621988 
v -4.7275 12.1915 0.648434 
v -4.70753 12.1766 0.673864 
v -4.69641 12.1766 0.666105 
v -4.68912 12.1524 0.6973 
v -4.67297 12.1524 0.686036 
v -4.6726 12.1198 0.717842 
v -4.65185 12.1198 0.703505 
v -4.80013 12.1766 0.666105 
v -4.82356 12.1524 0.686036 
v -4.80742 12.1524 0.6973 
v -4.82384 12.1198 0.717842 
v -4.8446 12.1198 0.703505 
v -4.78902 12.1766 0.673864 
v -4.77471 12.1915 0.644479 
v -4.76904 12.1915 0.648434 
v -4.74827 12.1965 0.621988 
v -5.1526 11.9835 0.565125 
v -5.13108 11.9335 0.581554 
v -5.16456 11.9496 0.574047 
v -4.63937 11.7687 0.571065 
v -4.64749 11.7977 0.577775 
v -4.66322 11.7913 0.55941 
v -4.83606 12.0427 0.667611 
v -4.86216 12.0123 0.664457 
v -4.83218 12.028 0.632497 
v -4.4753 12.2077 0.60248 
v -4.38075 12.3858 0.609041 
v -4.41573 12.2907 0.608991 
v -4.71647 12.0801 0.489035 
v -4.71208 12.0349 0.474258 
v -4.7302 12.0349 0.472811 
v -4.7297 12.0091 0.471017 
v -4.73238 12.0801 0.487732 
v -4.71107 12.0091 0.472481 
v -4.72164 12.1198 0.508921 
v -4.72902 11.9834 0.467902 
v -4.73496 12.1198 0.507813 
v -4.70968 11.9834 0.469398 
v -4.72749 12.1524 0.533152 
v -4.72753 11.9449 0.460327 
v -4.73788 12.1524 0.532281 
v -4.70669 11.9449 0.461903 
v -4.72611 11.909 0.453169 
v -4.70381 11.909 0.45482 
v -4.73396 12.1766 0.560797 
v -4.74112 12.1766 0.560197 
v -4.74098 12.1915 0.590793 
v -4.74463 12.1915 0.590487 
v -4.74258 12.1926 0.597656 
v -4.74543 12.1915 0.59042 
v -4.74827 12.1915 0.590182 
v -4.74827 12.1965 0.621988 
v -4.74827 12.1965 0.621988 
v -4.74827 12.1915 0.590182 
v -4.75394 12.1926 0.597745 
v -4.75111 12.1915 0.590419 
v -4.75192 12.1915 0.590487 
v -4.75557 12.1915 0.590793 
v -4.75543 12.1766 0.560197 
v -4.76258 12.1766 0.560797 
v -4.75866 12.1524 0.532281 
v -4.76906 12.1524 0.533152 
v -4.7616 12.1198 0.507813 
v -4.77491 12.1198 0.508921 
v -4.7642 12.0801 0.487733 
v -4.78012 12.0801 0.489035 
v -4.76643 12.0349 0.472811 
v -4.78455 12.0349 0.474258 
v -4.76696 12.0091 0.471017 
v -4.78559 12.0091 0.472481 
v -4.76768 11.9834 0.467902 
v -4.78701 11.9834 0.469398 
v -4.76922 11.9449 0.460328 
v -4.79006 11.9449 0.461903 
v -4.77072 11.909 0.45317 
v -4.79303 11.909 0.45482 
v -4.85188 11.7977 0.577775 
v -4.86 11.7687 0.571065 
v -4.83614 11.7913 0.55941 
v -4.90143 12.1449 0.528116 
v -4.89493 12.1463 0.526577 
v -4.90143 12.1415 0.522605 
v -4.89493 12.1429 0.521065 
v -4.59794 12.1449 0.528116 
v -4.59794 12.1415 0.522605 
v -4.60444 12.1463 0.526577 
v -4.60444 12.1429 0.521065 
v -4.63072 12.0275 0.580006 
v -4.58782 11.993 0.582526 
v -4.63721 12.0123 0.600558 
v -4.62167 12.0485 0.697566 
v -4.6624 12.0416 0.668171 
v -4.63305 12.0229 0.680862 
v -4.65035 12.0703 0.685406 
v -4.57863 12.0144 0.56267 
v -4.52389 12.0204 0.552055 
v -4.53752 11.9942 0.563521 
v -4.5645 12.0485 0.552471 
v -4.8777 12.0485 0.697566 
v -4.83606 12.0427 0.667611 
v -4.84405 12.065 0.68149 
v -4.86865 12.0275 0.685008 
v -4.74968 12.1341 0.61058 
v -4.70462 12.1422 0.561915 
v -4.65516 12.1422 0.584292 
v -4.67708 12.1661 0.521151 
v -4.65516 12.1422 0.584292 
v -4.59148 12.1659 0.563744 
v -4.67927 11.8068 0.469317 
v -4.67185 11.7765 0.470223 
v -4.68325 11.7855 0.512509 
v -4.53445 12.0778 0.705916 
v -4.60148 12.0952 0.692602 
v -4.54663 12.05 0.714898 
v -4.6114 12.0723 0.700233 
v -4.89789 12.0952 0.692602 
v -4.94993 12.0819 0.702949 
v -4.93829 12.0551 0.711702 
v -4.88796 12.0723 0.700233 
v -4.8201 11.8068 0.469316 
v -4.81612 11.7855 0.51251 
v -4.82751 11.7765 0.470233 
v -4.74968 12.1341 0.61058 
v -4.6595 12.1408 0.635259 
v -4.66939 12.1423 0.643562 
v -4.74968 12.1341 0.61058 
v -4.69549 12.1423 0.656565 
v -4.71103 12.1423 0.660467 
v -4.74968 12.1341 0.61058 
v -4.71103 12.1423 0.660467 
v -4.74968 12.1423 0.66273 
v -4.74968 12.1341 0.61058 
v -4.74968 12.1423 0.66273 
v -4.78833 12.1423 0.660467 
v -4.74968 12.1341 0.61058 
v -4.78833 12.1423 0.660467 
v -4.80388 12.1423 0.656565 
v -4.74968 12.1341 0.61058 
v -4.82998 12.1423 0.643562 
v -4.83986 12.1408 0.635259 
v -4.63072 12.0275 0.580006 
v -4.57863 12.0144 0.56267 
v -4.58782 11.993 0.582526 
v -4.87618 12.1362 0.535945 
v -4.83561 12.1578 0.719837 
v -4.91268 12.1569 0.655534 
v -4.89194 12.1363 0.524714 
v -4.74968 12.1341 0.61058 
v -4.66939 12.1423 0.643562 
v -4.68146 12.1423 0.650825 
v -4.74968 12.1341 0.61058 
v -4.68146 12.1423 0.650825 
v -4.69549 12.1423 0.656565 
v -4.74968 12.1341 0.61058 
v -4.80388 12.1423 0.656565 
v -4.81791 12.1423 0.650825 
v -4.74968 12.1341 0.61058 
v -4.81791 12.1423 0.650825 
v -4.82998 12.1423 0.643562 
v -5.04121 11.8488 0.355226 
v -5.02159 11.8778 0.346595 
v -5.03641 11.845 0.317422 
v -5.02168 11.8653 0.309684 
v -4.99322 11.8946 0.332579 
v -5.00253 11.8731 0.290276 
v -5.02159 11.8778 0.346595 
v -4.74968 12.1341 0.61058 
v -4.83986 12.1408 0.635259 
v -4.83126 12.1418 0.572006 
v -5.13729 12.0469 0.593992 
v -5.17196 12.0282 0.585939 
v -5.17801 12.0419 0.639939 
v -4.36208 12.0469 0.593991 
v -4.32136 12.0419 0.639939 
v -4.32741 12.0282 0.585939 
v -4.68325 11.7855 0.512509 
v -4.66042 11.7648 0.545233 
v -4.67861 11.801 0.536286 
v -4.82076 11.801 0.536284 
v -4.83895 11.7648 0.545233 
v -4.81612 11.7855 0.51251 
v -4.59584 12.1417 0.531709 
v -4.60409 12.1363 0.528537 
v -4.59774 12.1377 0.526918 
v -4.83126 12.1418 0.572006 
v -4.82757 12.1666 0.521943 
v -4.70462 12.1422 0.561915 
v -4.74968 12.1341 0.61058 
v -4.93487 12.0485 0.552471 
v -4.97457 12.0187 0.552175 
v -4.99016 12.0543 0.554992 
v -4.66718 12.028 0.632507 
v -4.63721 12.0123 0.600558 
v -4.64049 12.0056 0.625673 
v -4.89674 12.1398 0.52361 
v -4.89644 12.0943 0.46832 
v -4.90706 12.0936 0.470208 
v -4.88921 12.1407 0.522498 
v -4.5645 12.0485 0.552471 
v -4.5092 12.0543 0.554992 
v -4.52389 12.0204 0.552055 
v -4.86502 12.019 0.58945 
v -4.92074 12.0144 0.56267 
v -4.87293 12.0374 0.572574 
v -4.91155 11.993 0.582526 
v -4.6173 12.1362 0.533787 
v -4.66375 12.1578 0.719837 
v -4.74968 12.1577 0.730842 
v -4.58668 12.1569 0.655534 
v -4.60263 12.1398 0.52361 
v -4.60292 12.0943 0.46832 
v -4.61015 12.1407 0.522498 
v -4.59231 12.0936 0.470208 
v -5.16316 12.6289 0.610128 
v -5.15572 12.495 0.610883 
v -5.1547 12.6253 0.610632 
v -4.71719 12.1915 0.604318 
v -4.74827 12.1965 0.621988 
v -4.71373 12.1915 0.609816 
v -4.68729 12.1766 0.587326 
v -4.68052 12.1766 0.598112 
v -4.65971 12.1524 0.571666 
v -4.64987 12.1524 0.587326 
v -4.63481 12.1198 0.557941 
v -4.62222 12.1198 0.577871 
v -4.59768 12.0801 0.570112 
v -4.63481 12.1198 0.557941 
v -4.61273 12.0801 0.546676 
v -4.93487 12.0485 0.552471 
v -4.92074 12.0144 0.56267 
v -4.97457 12.0187 0.552175 
v -4.78281 12.1915 0.609816 
v -4.74827 12.1965 0.621988 
v -4.77936 12.1915 0.604318 
v -4.80925 12.1766 0.587326 
v -4.81603 12.1766 0.598112 
v -4.83684 12.1524 0.571666 
v -4.84667 12.1524 0.587326 
v -4.86175 12.1198 0.557941 
v -4.87434 12.1198 0.577871 
v -4.8989 12.0801 0.570112 
v -4.86175 12.1198 0.557941 
v -4.88385 12.0801 0.546676 
v -4.72715 11.8962 0.441015 
v -4.72558 11.9066 0.449735 
v -4.72451 11.8925 0.448282 
v -4.7281 11.9105 0.44224 
v -4.90784 11.788 0.59765 
v -4.89097 11.8108 0.599403 
v -4.91186 11.8202 0.601404 
v -4.59153 11.788 0.597647 
v -4.58751 11.8202 0.601404 
v -4.60839 11.8108 0.599403 
v -4.74968 12.1577 0.730842 
v -4.83561 12.1578 0.719837 
v -4.87618 12.1362 0.535945 
v -4.6114 12.0723 0.700233 
v -4.65035 12.0703 0.685406 
v -4.62167 12.0485 0.697566 
v -4.63662 12.0911 0.687181 
v -5.0166 12.0855 0.6827 
v -5.13442 12.068 0.668406 
v -5.11725 12.0284 0.720069 
v -4.48277 12.0855 0.6827 
v -4.38212 12.0284 0.720069 
v -4.36495 12.068 0.668406 
v -5.0166 12.0855 0.6827 
v -4.95943 12.1036 0.68347 
v -4.9653 12.117 0.65621 
v -5.01932 12.0995 0.655047 
v -4.72984 11.9486 0.453184 
v -4.72902 11.9834 0.467902 
v -4.72753 11.9449 0.460327 
v -4.73115 11.9869 0.460967 
v -4.72857 11.9128 0.445831 
v -4.72753 11.9449 0.460327 
v -4.72611 11.909 0.453169 
v -4.72984 11.9486 0.453184 
v -4.66042 11.7648 0.545233 
v -4.66322 11.7913 0.55941 
v -4.67861 11.801 0.536286 
v -4.90163 12.1377 0.526918 
v -4.89528 12.1363 0.528537 
v -4.90353 12.1417 0.531709 
v -4.89528 12.1397 0.534048 
v -4.88652 12.1392 0.53468 
v -4.88652 12.1358 0.529169 
v -4.76822 11.9128 0.445831 
v -4.76922 11.9449 0.460328 
v -4.76688 11.9486 0.453184 
v -4.77072 11.909 0.45317 
v -4.83614 11.7913 0.55941 
v -4.83895 11.7648 0.545233 
v -4.82076 11.801 0.536284 
v -4.76441 12.0384 0.465944 
v -4.7642 12.0801 0.487733 
v -4.76243 12.0836 0.480865 
v -4.76643 12.0349 0.472811 
v -4.76488 12.0126 0.464149 
v -4.76441 12.0384 0.465944 
v -4.76696 12.0091 0.471017 
v -4.76552 11.9869 0.460967 
v -4.76768 11.9834 0.467902 
v -4.76688 11.9486 0.453184 
v -4.76768 11.9834 0.467902 
v -4.76552 11.9869 0.460967 
v -4.76922 11.9449 0.460328 
v -4.3967 11.9669 0.559021 
v -4.3689 11.9324 0.572414 
v -4.41442 11.9259 0.596395 
v -4.99016 12.0543 0.554992 
v -5.1016 11.9913 0.550217 
v -5.11748 12.0294 0.562101 
v -4.5092 12.0543 0.554992 
v -4.38189 12.0294 0.562101 
v -4.39776 11.9913 0.550217 
v -4.59584 12.1417 0.531709 
v -4.60409 12.1397 0.534048 
v -4.60409 12.1363 0.528537 
v -4.61285 12.1358 0.529169 
v -4.5092 12.0543 0.554992 
v -4.39776 11.9913 0.550217 
v -4.52389 12.0204 0.552055 
v -4.48277 12.0855 0.6827 
v -4.53252 12.1192 0.648152 
v -4.53994 12.1036 0.68347 
v -4.48005 12.0995 0.655047 
v -5.10267 11.9669 0.559021 
v -5.08495 11.9259 0.596395 
v -5.13047 11.9324 0.572414 
v -4.88796 12.0723 0.700233 
v -4.84405 12.065 0.68149 
v -4.85998 12.0905 0.686179 
v -4.8777 12.0485 0.697566 
v -4.99016 12.0543 0.554992 
v -4.97457 12.0187 0.552175 
v -5.1016 11.9913 0.550217 
v -4.64807 12.0436 0.459695 
v -4.64548 12.0925 0.472969 
v -4.64379 12.044 0.456336 
v -4.64185 12.0935 0.470342 
v -4.64379 12.044 0.456336 
v -4.63451 11.9626 0.452383 
v -4.63016 11.9629 0.448967 
v -4.85558 12.044 0.456336 
v -4.85389 12.0925 0.472969 
v -4.8513 12.0436 0.459695 
v -4.85752 12.0935 0.470342 
v -4.86485 11.9626 0.452383 
v -4.85558 12.044 0.456336 
v -4.8692 11.9629 0.448967 
v -4.6114 12.0723 0.700233 
v -4.60148 12.0952 0.692602 
v -4.63662 12.0911 0.687181 
v -5.12835 12.4151 0.60909 
v -5.16596 12.5396 0.610336 
v -5.15728 12.5398 0.609287 
v -5.13622 12.4115 0.610325 
v -5.12835 12.4151 0.60909 
v -5.07709 12.2966 0.606755 
v -5.13622 12.4115 0.610325 
v -4.6633 12.0427 0.597404 
v -4.63721 12.0123 0.600558 
v -4.66718 12.028 0.632507 
v -4.38212 12.0284 0.720069 
v -4.48277 12.0855 0.6827 
v -4.48859 12.0541 0.707058 
v -5.0166 12.0855 0.6827 
v -5.11725 12.0284 0.720069 
v -5.01078 12.0541 0.707058 
v -4.86021 12.0077 0.612891 
v -4.86502 12.019 0.58945 
v -4.84107 12.0404 0.592859 
v -4.83218 12.028 0.632497 
v -4.6633 12.0427 0.597404 
v -4.63072 12.0275 0.580006 
v -4.63721 12.0123 0.600558 
v -4.85998 12.0905 0.686179 
v -4.89789 12.0952 0.692602 
v -4.88796 12.0723 0.700233 
v -4.36299 12.4117 0.610139 
v -4.41573 12.2907 0.608991 
v -4.38075 12.3858 0.609041 
v -4.33335 12.54 0.610154 
v -4.36299 12.4117 0.610139 
v -4.34199 12.5404 0.609135 
v -4.33349 12.0143 0.695272 
v -4.36551 12.0393 0.680878 
v -4.37992 12.0061 0.706421 
v -5.13386 12.0393 0.680878 
v -5.16588 12.0143 0.695272 
v -5.11945 12.0061 0.706421 
v -4.48005 12.0995 0.655047 
v -4.48076 12.1027 0.624511 
v -4.53252 12.1192 0.648152 
v -4.60148 12.0952 0.692602 
v -4.53994 12.1036 0.68347 
v -4.59342 12.1137 0.675817 
v -4.53445 12.0778 0.705916 
v -4.61949 12.0544 0.565379 
v -4.5645 12.0485 0.552471 
v -4.57863 12.0144 0.56267 
v -4.90595 12.1137 0.675817 
v -4.95943 12.1036 0.68347 
v -4.94993 12.0819 0.702949 
v -4.89789 12.0952 0.692602 
v -4.74191 12.1801 0.553329 
v -4.73788 12.1524 0.532281 
v -4.73903 12.1559 0.525414 
v -4.74112 12.1766 0.560197 
v -4.73496 12.1198 0.507813 
v -4.73644 12.1233 0.500945 
v -4.73496 12.1198 0.507813 
v -4.73415 12.0836 0.480865 
v -4.73238 12.0801 0.487732 
v -4.73221 12.0384 0.465944 
v -4.73415 12.0836 0.480865 
v -4.7302 12.0349 0.472811 
v -4.73176 12.0126 0.464149 
v -4.73221 12.0384 0.465944 
v -4.7297 12.0091 0.471017 
v -4.73115 11.9869 0.460967 
v -4.72902 11.9834 0.467902 
v -4.61325 12.1468 0.526053 
v -4.60444 12.1463 0.526577 
v -4.60444 12.1429 0.521065 
v -4.61325 12.1434 0.520541 
v -4.88612 12.1434 0.520541 
v -4.89493 12.1429 0.521065 
v -4.88612 12.1468 0.526053 
v -4.89493 12.1463 0.526577 
v -4.61949 12.0544 0.565379 
v -4.57863 12.0144 0.56267 
v -4.63072 12.0275 0.580006 
v -4.84107 12.0404 0.592859 
v -4.86502 12.019 0.58945 
v -4.87293 12.0374 0.572574 
v -4.94993 12.0819 0.562065 
v -4.99016 12.0543 0.554992 
v -5.00187 12.079 0.570168 
v -4.7116 12.1915 0.615783 
v -4.74827 12.1965 0.621988 
v -4.71089 12.1915 0.621988 
v -4.54944 12.0819 0.562065 
v -4.4975 12.079 0.570168 
v -4.5092 12.0543 0.554992 
v -4.38075 12.3858 0.609041 
v -4.34199 12.5404 0.609135 
v -4.36299 12.4117 0.610139 
v -4.78566 12.1915 0.621988 
v -4.74827 12.1965 0.621988 
v -4.78494 12.1915 0.615783 
v -4.60557 11.8111 0.275846 
v -4.66211 11.7914 0.419243 
v -4.66437 11.8157 0.419693 
v -4.92851 11.8356 0.59602 
v -4.95443 11.815 0.588473 
v -4.93523 11.8082 0.597549 
v -4.94777 11.8421 0.586428 
v -4.57086 11.8356 0.59602 
v -4.54493 11.815 0.588473 
v -4.5516 11.8421 0.586428 
v -4.56414 11.8082 0.59755 
v -4.8938 11.8111 0.275846 
v -4.835 11.8157 0.419686 
v -4.83725 11.7914 0.419255 
v -4.87293 12.0374 0.572574 
v -4.92074 12.0144 0.56267 
v -4.88278 12.0603 0.564816 
v -4.93487 12.0485 0.552471 
v -4.60409 12.1397 0.534048 
v -4.61285 12.1392 0.53468 
v -4.61285 12.1358 0.529169 
v -4.89528 12.1363 0.528537 
v -4.88652 12.1358 0.529169 
v -4.89528 12.1397 0.534048 
v -4.96684 12.1192 0.616862 
v -5.01147 12.0963 0.594939 
v -5.01861 12.1027 0.624511 
v -4.76243 12.0836 0.480865 
v -4.7616 12.1198 0.507813 
v -4.76011 12.1233 0.500945 
v -4.7642 12.0801 0.487733 
v -4.7575 12.1559 0.525414 
v -4.7616 12.1198 0.507813 
v -4.75866 12.1524 0.532281 
v -4.75463 12.1801 0.553329 
v -4.75543 12.1766 0.560197 
v -5.00187 12.079 0.570168 
v -5.11748 12.0294 0.562101 
v -5.13236 12.0633 0.59897 
v -4.4975 12.079 0.570168 
v -4.36701 12.0633 0.59897 
v -4.38189 12.0294 0.562101 
v -4.4975 12.079 0.570168 
v -4.38189 12.0294 0.562101 
v -4.5092 12.0543 0.554992 
v -4.9653 12.117 0.65621 
v -5.01861 12.1027 0.624511 
v -5.01932 12.0995 0.655047 
v -4.96684 12.1192 0.616862 
v -5.00187 12.079 0.570168 
v -4.99016 12.0543 0.554992 
v -5.11748 12.0294 0.562101 
v -5.01861 12.1027 0.624511 
v -5.13236 12.0633 0.59897 
v -5.13442 12.068 0.668406 
v -4.53407 12.117 0.608804 
v -4.48076 12.1027 0.624511 
v -4.4879 12.0963 0.594939 
v -4.54944 12.0819 0.562065 
v -4.5092 12.0543 0.554992 
v -4.5645 12.0485 0.552471 
v -4.48076 12.1027 0.624511 
v -4.36495 12.068 0.668406 
v -4.36701 12.0633 0.59897 
v -4.94993 12.0819 0.562065 
v -4.93487 12.0485 0.552471 
v -4.99016 12.0543 0.554992 
v -4.74463 12.1915 0.590487 
v -4.74503 12.195 0.58362 
v -4.74543 12.1915 0.59042 
v -4.74574 12.195 0.583553 
v -4.74574 12.195 0.583553 
v -4.74827 12.1915 0.590182 
v -4.74827 12.195 0.583314 
v -4.74827 12.1915 0.590182 
v -4.75079 12.195 0.583552 
v -4.75111 12.1915 0.590419 
v -4.74827 12.195 0.583314 
v -4.75151 12.195 0.58362 
v -4.75079 12.195 0.583552 
v -4.75192 12.1915 0.590487 
v -4.48277 12.0855 0.6827 
v -4.36495 12.068 0.668406 
v -4.48005 12.0995 0.655047 
v -4.95943 12.1036 0.581545 
v -5.00187 12.079 0.570168 
v -5.01147 12.0963 0.594939 
v -4.53994 12.1036 0.581545 
v -4.4879 12.0963 0.594939 
v -4.4975 12.079 0.570168 
v -5.0166 12.0855 0.6827 
v -5.01932 12.0995 0.655047 
v -5.13442 12.068 0.668406 
v -4.85409 12.6459 0.396299 
v -4.83143 12.495 0.397343 
v -4.85337 12.6492 0.40538 
v -4.74503 12.195 0.58362 
v -4.74112 12.1766 0.560197 
v -4.74191 12.1801 0.553329 
v -4.74112 12.1766 0.560197 
v -4.74503 12.195 0.58362 
v -4.74463 12.1915 0.590487 
v -4.75151 12.195 0.58362 
v -4.75463 12.1801 0.553329 
v -4.75543 12.1766 0.560197 
v -4.75543 12.1766 0.560197 
v -4.75192 12.1915 0.590487 
v -4.75151 12.195 0.58362 
v -4.87585 11.7868 0.590095 
v -4.86901 11.8089 0.590717 
v -4.89097 11.8108 0.599403 
v -4.62353 11.7868 0.590091 
v -4.60839 11.8108 0.599403 
v -4.63036 11.8089 0.590717 
v -4.64749 11.7977 0.577775 
v -4.62353 11.7868 0.590091 
v -4.63036 11.8089 0.590717 
v -4.85188 11.7977 0.577775 
v -4.86901 11.8089 0.590717 
v -4.87585 11.7868 0.590095 
v -4.66437 11.8157 0.419693 
v -4.66211 11.7914 0.419243 
v -4.67927 11.8068 0.469317 
v -4.60222 12.0908 0.477385 
v -4.60396 12.1389 0.524594 
v -4.60997 12.1383 0.525267 
v -4.5919 12.0915 0.475441 
v -4.89714 12.0908 0.477385 
v -4.8894 12.1383 0.525267 
v -4.89541 12.1389 0.524594 
v -4.90746 12.0915 0.475441 
v -4.9111 12.0925 0.472814 
v -4.91815 12.0438 0.459573 
v -4.90746 12.0915 0.475441 
v -4.91386 12.0434 0.462932 
v -4.92796 11.9628 0.4557 
v -4.93232 11.963 0.452284 
v -5.16596 12.5396 0.610336 
v -5.16316 12.6289 0.610128 
v -5.1547 12.6253 0.610632 
v -5.15728 12.5398 0.609287 
v -4.835 11.8157 0.419686 
v -4.8201 11.8068 0.469316 
v -4.83725 11.7914 0.419255 
v -4.58122 12.0438 0.459573 
v -4.5919 12.0915 0.475441 
v -4.58551 12.0434 0.462932 
v -4.58827 12.0925 0.472814 
v -4.5714 11.9628 0.4557 
v -4.56705 11.963 0.452284 
v -4.53252 12.1192 0.648152 
v -4.48076 12.1027 0.624511 
v -4.53407 12.117 0.608804 
v -4.74827 12.2 0.615121 
v -4.74827 12.195 0.583314 
v -4.74827 12.1915 0.590182 
v -4.74827 12.1965 0.621988 
v -4.48005 12.0995 0.655047 
v -4.36495 12.068 0.668406 
v -4.48076 12.1027 0.624511 
v -4.4879 12.0963 0.594939 
v -4.36701 12.0633 0.59897 
v -4.4975 12.079 0.570168 
v -5.01932 12.0995 0.655047 
v -5.01861 12.1027 0.624511 
v -5.13442 12.068 0.668406 
v -5.01147 12.0963 0.594939 
v -5.00187 12.079 0.570168 
v -5.13236 12.0633 0.59897 
v -4.53994 12.1036 0.581545 
v -4.4975 12.079 0.570168 
v -4.54944 12.0819 0.562065 
v -4.95943 12.1036 0.581545 
v -4.94993 12.0819 0.562065 
v -5.00187 12.079 0.570168 
v -4.61325 12.1434 0.520541 
v -4.62201 12.1429 0.521173 
v -4.61325 12.1468 0.526053 
v -4.88612 12.1468 0.526053 
v -4.87736 12.1429 0.521173 
v -4.88612 12.1434 0.520541 
v -4.53994 12.1036 0.68347 
v -4.58848 12.125 0.652421 
v -4.59342 12.1137 0.675817 
v -4.53252 12.1192 0.648152 
v -4.37755 12.0123 0.56179 
v -4.34721 11.9828 0.55717 
v -4.3967 11.9669 0.559021 
v -5.12182 12.0123 0.56179 
v -5.10267 11.9669 0.559021 
v -5.15216 11.9828 0.55717 
v -4.91089 12.125 0.652421 
v -4.95943 12.1036 0.68347 
v -4.90595 12.1137 0.675817 
v -4.9653 12.117 0.65621 
v -4.53407 12.117 0.608804 
v -4.4879 12.0963 0.594939 
v -4.53994 12.1036 0.581545 
v -4.62069 12.1403 0.522987 
v -4.63153 12.0943 0.468398 
v -4.64185 12.0935 0.470342 
v -4.87867 12.1403 0.522987 
v -4.85752 12.0935 0.470342 
v -4.86784 12.0943 0.468398 
v -4.48076 12.1027 0.624511 
v -4.36701 12.0633 0.59897 
v -4.4879 12.0963 0.594939 
v -5.01861 12.1027 0.624511 
v -5.01147 12.0963 0.594939 
v -5.13236 12.0633 0.59897 
v -4.4778 11.8778 0.346584 
v -4.47769 11.8653 0.309669 
v -4.50622 11.8947 0.332541 
v -4.49684 11.8731 0.290262 
v -4.62166 12.1363 0.528645 
v -4.61285 12.1358 0.529169 
v -4.62166 12.1397 0.534156 
v -4.61285 12.1392 0.53468 
v -4.87771 12.1397 0.534156 
v -4.88652 12.1392 0.53468 
v -4.88652 12.1358 0.529169 
v -4.87771 12.1363 0.528645 
v -4.65532 12.065 0.583524 
v -4.63072 12.0275 0.580006 
v -4.6633 12.0427 0.597404 
v -4.61949 12.0544 0.565379 
v -4.96684 12.1192 0.616862 
v -4.95943 12.1036 0.581545 
v -5.01147 12.0963 0.594939 
v -4.83194 12.0474 0.605917 
v -4.83218 12.028 0.632497 
v -4.84107 12.0404 0.592859 
v -4.35896 12.0546 0.646772 
v -4.32136 12.0419 0.639939 
v -4.36208 12.0469 0.593991 
v -5.14041 12.0546 0.646772 
v -5.13729 12.0469 0.593992 
v -5.17801 12.0419 0.639939 
v -4.6173 12.1362 0.533787 
v -4.62361 12.1448 0.534705 
v -4.60987 12.1448 0.524618 
v -4.89306 12.0841 0.567346 
v -4.93487 12.0485 0.552471 
v -4.94993 12.0819 0.562065 
v -4.6063 12.0841 0.567345 
v -4.54944 12.0819 0.562065 
v -4.5645 12.0485 0.552471 
v -4.33637 12.63 0.609138 
v -4.34881 12.6483 0.610331 
v -4.34361 12.5837 0.606157 
v -4.5304 12.1493 0.464901 
v -4.51591 12.1825 0.457607 
v -4.51026 12.1759 0.452249 
v -4.52455 12.1429 0.462102 
v -4.84902 12.0703 0.579604 
v -4.87293 12.0374 0.572574 
v -4.88278 12.0603 0.564816 
v -4.34199 12.5404 0.609135 
v -4.33637 12.63 0.609138 
v -4.33335 12.54 0.610154 
v -4.34881 12.6483 0.610331 
v -4.6063 12.0841 0.567345 
v -4.5645 12.0485 0.552471 
v -4.61949 12.0544 0.565379 
v -4.84902 12.0703 0.579604 
v -4.84107 12.0404 0.592859 
v -4.87293 12.0374 0.572574 
v -4.66211 11.7914 0.419243 
v -4.67185 11.7765 0.470223 
v -4.67927 11.8068 0.469317 
v -4.67561 11.8383 0.472909 
v -4.68606 11.8206 0.513678 
v -4.58807 11.8682 0.288317 
v -4.57725 11.8378 0.259504 
v -4.60168 11.8392 0.279593 
v -4.56503 11.8596 0.265839 
v -4.36208 12.0469 0.593991 
v -4.32741 12.0282 0.585939 
v -4.37755 12.0123 0.56179 
v -5.13729 12.0469 0.593992 
v -5.12182 12.0123 0.56179 
v -5.17196 12.0282 0.585939 
v -4.92212 11.8377 0.259499 
v -4.91129 11.8682 0.288317 
v -4.89769 11.8391 0.279592 
v -4.93434 11.8596 0.265833 
v -4.60148 12.0952 0.692602 
v -4.6234 12.1217 0.659838 
v -4.63662 12.0911 0.687181 
v -4.59342 12.1137 0.675817 
v -4.86808 12.1189 0.659712 
v -4.89789 12.0952 0.692602 
v -4.85998 12.0905 0.686179 
v -4.90595 12.1137 0.675817 
v -4.59342 12.1137 0.675817 
v -4.58848 12.125 0.652421 
v -4.6234 12.1217 0.659838 
v -4.91204 12.1273 0.62521 
v -4.96684 12.1192 0.616862 
v -4.91089 12.125 0.652421 
v -5.03623 12.1731 0.526869 
v -5.01802 12.1335 0.521798 
v -5.01889 12.1576 0.526472 
v -4.53252 12.1192 0.648152 
v -4.53407 12.117 0.608804 
v -4.58732 12.1273 0.625212 
v -4.67927 11.8068 0.469317 
v -4.68325 11.7855 0.512509 
v -4.68606 11.8206 0.513678 
v -4.87618 12.1362 0.535945 
v -4.89194 12.1363 0.524714 
v -4.88056 12.1448 0.532989 
v -4.8201 11.8068 0.469316 
v -4.8133 11.8206 0.513676 
v -4.81612 11.7855 0.51251 
v -4.96684 12.1192 0.616862 
v -4.9653 12.117 0.65621 
v -4.91089 12.125 0.652421 
v -4.86274 12.0911 0.577833 
v -4.84902 12.0703 0.579604 
v -4.88278 12.0603 0.564816 
v -4.89306 12.0841 0.567346 
v -4.93487 12.0485 0.552471 
v -4.74968 12.1658 0.727617 
v -4.88056 12.1448 0.532989 
v -4.83468 12.1661 0.717318 
v -4.90223 12.1051 0.579788 
v -4.94993 12.0819 0.562065 
v -4.95943 12.1036 0.581545 
v -4.58848 12.125 0.652421 
v -4.53252 12.1192 0.648152 
v -4.58732 12.1273 0.625212 
v -4.59713 12.1051 0.57979 
v -4.53994 12.1036 0.581545 
v -4.54944 12.0819 0.562065 
v -4.90886 12.1203 0.60027 
v -4.95943 12.1036 0.581545 
v -4.96684 12.1192 0.616862 
v -4.62361 12.1448 0.534705 
v -4.74968 12.1658 0.727617 
v -4.66971 12.1659 0.718226 
v -4.62361 12.1448 0.534705 
v -4.59318 12.1652 0.660797 
v -4.60987 12.1448 0.524618 
v -4.59713 12.1051 0.57979 
v -4.54944 12.0819 0.562065 
v -4.6063 12.0841 0.567345 
v -4.5905 12.1204 0.600274 
v -4.53407 12.117 0.608804 
v -4.53994 12.1036 0.581545 
v -4.90223 12.1051 0.579788 
v -4.89306 12.0841 0.567346 
v -4.94993 12.0819 0.562065 
v -4.97255 11.8767 0.493266 
v -5.04121 11.8488 0.355226 
v -4.99282 11.8478 0.499868 
v -5.02159 11.8778 0.346595 
v -4.52682 11.8768 0.493212 
v -4.45815 11.8488 0.355223 
v -4.4778 11.8778 0.346584 
v -4.50655 11.8478 0.499868 
v -4.88056 12.1448 0.532989 
v -4.90947 12.1649 0.654042 
v -4.83468 12.1661 0.717318 
v -4.62816 12.1377 0.527105 
v -4.62166 12.1363 0.528645 
v -4.63011 12.1417 0.531926 
v -4.62166 12.1397 0.534156 
v -4.63011 12.1417 0.531926 
v -4.62166 12.1363 0.528645 
v -4.86925 12.1417 0.531926 
v -4.87771 12.1397 0.534156 
v -4.87771 12.1363 0.528645 
v -4.86925 12.1417 0.531926 
v -4.87771 12.1363 0.528645 
v -4.87121 12.1377 0.527105 
v -4.63939 12.0905 0.578835 
v -4.61949 12.0544 0.565379 
v -4.65532 12.065 0.583524 
v -4.58732 12.1273 0.625212 
v -4.53407 12.117 0.608804 
v -4.5905 12.1204 0.600274 
v -4.91204 12.1273 0.62521 
v -4.90886 12.1203 0.60027 
v -4.96684 12.1192 0.616862 
v -4.5905 12.1204 0.600274 
v -4.53994 12.1036 0.581545 
v -4.59713 12.1051 0.57979 
v -4.90886 12.1203 0.60027 
v -4.90223 12.1051 0.579788 
v -4.95943 12.1036 0.581545 
v -4.89194 12.1363 0.524714 
v -4.89009 12.1447 0.52199 
v -4.88056 12.1448 0.532989 
v -5.13535 12.4113 0.5867 
v -5.06674 12.2507 0.555126 
v -5.12665 12.4126 0.587507 
v -5.15572 12.495 0.610883 
v -4.88056 12.1448 0.532989 
v -4.89009 12.1447 0.52199 
v -4.90947 12.1649 0.654042 
v -4.86274 12.0911 0.577833 
v -4.89306 12.0841 0.567346 
v -4.90223 12.1051 0.579788 
v -4.88278 12.0603 0.564816 
v -4.63939 12.0905 0.578835 
v -4.59713 12.1051 0.57979 
v -4.6063 12.0841 0.567345 
v -4.63939 12.0905 0.578835 
v -4.61949 12.0544 0.565379 
v -4.6624 12.0416 0.668171 
v -4.65035 12.0703 0.685406 
v -4.66503 12.0751 0.659654 
v -4.95338 11.8733 0.544971 
v -4.99282 11.8478 0.499868 
v -4.97172 11.8469 0.552617 
v -4.97255 11.8767 0.493266 
v -4.87224 12.1268 0.635564 
v -4.91204 12.1273 0.62521 
v -4.91089 12.125 0.652421 
v -4.54598 11.8733 0.544946 
v -4.50655 11.8478 0.499868 
v -4.52682 11.8768 0.493212 
v -4.52765 11.8469 0.552617 
v -4.62285 12.1392 0.524389 
v -4.63083 12.0907 0.477463 
v -4.61781 12.1384 0.525154 
v -4.64145 12.0915 0.475575 
v -4.85792 12.0915 0.475575 
v -4.87651 12.1392 0.524389 
v -4.86854 12.0907 0.477463 
v -4.88156 12.1384 0.525154 
v -4.52659 12.5871 0.404618 
v -4.56957 12.4989 0.385605 
v -4.56779 12.5003 0.376913 
v -4.51015 12.6324 0.428439 
v -4.62836 12.1449 0.528303 
v -4.62836 12.1415 0.522791 
v -4.63061 12.1396 0.524963 
v -4.63011 12.1417 0.531926 
v -4.62836 12.1449 0.528303 
v -4.62201 12.1463 0.526685 
v -4.62201 12.1429 0.521173 
v -4.61325 12.1468 0.526053 
v -4.68606 11.8206 0.513678 
v -4.68325 11.7855 0.512509 
v -4.67861 11.801 0.536286 
v -4.86925 12.1417 0.531926 
v -4.86875 12.1396 0.524963 
v -4.87101 12.1449 0.528303 
v -4.87101 12.1415 0.522791 
v -4.87101 12.1449 0.528303 
v -4.87736 12.1463 0.526685 
v -4.87736 12.1429 0.521173 
v -4.88612 12.1468 0.526053 
v -4.58848 12.125 0.652421 
v -4.62713 12.1268 0.629431 
v -4.6234 12.1217 0.659838 
v -4.58732 12.1273 0.625212 
v -4.8133 11.8206 0.513676 
v -4.82076 11.801 0.536284 
v -4.81612 11.7855 0.51251 
v -4.63662 12.0911 0.687181 
v -4.6234 12.1217 0.659838 
v -4.64437 12.1064 0.663777 
v -4.82747 12.0669 0.638678 
v -4.83606 12.0427 0.667611 
v -4.83218 12.028 0.632497 
v -4.89009 12.1447 0.52199 
v -4.96745 12.1674 0.576725 
v -4.90947 12.1649 0.654042 
v -4.60987 12.1448 0.524618 
v -4.59318 12.1652 0.660797 
v -4.53192 12.1674 0.576725 
v -4.6173 12.1362 0.533787 
v -4.60987 12.1448 0.524618 
v -4.60756 12.1362 0.522988 
v -4.6624 12.0416 0.668171 
v -4.66503 12.0751 0.659654 
v -4.67216 12.0564 0.632507 
v -4.66718 12.028 0.632507 
v -4.87596 12.1217 0.605168 
v -4.90886 12.1203 0.60027 
v -4.91204 12.1273 0.62521 
v -4.48128 12.2762 0.426252 
v -4.51026 12.1759 0.452249 
v -4.51591 12.1825 0.457607 
v -4.6173 12.1362 0.533787 
v -4.74968 12.1577 0.730842 
v -4.74968 12.1658 0.727617 
v -4.62361 12.1448 0.534705 
v -4.86808 12.1189 0.659712 
v -4.85998 12.0905 0.686179 
v -4.85402 12.0984 0.672141 
v -4.87596 12.1217 0.605168 
v -4.90223 12.1051 0.579788 
v -4.90886 12.1203 0.60027 
v -4.52455 12.1429 0.462102 
v -4.42136 12.2943 0.504404 
v -4.49934 12.1857 0.474953 
v -4.67216 12.0564 0.632507 
v -4.6633 12.0427 0.597404 
v -4.66718 12.028 0.632507 
v -4.38115 12.3758 0.537957 
v -4.34622 12.4963 0.589021 
v -4.36094 12.4687 0.579549 
v -4.39156 12.3717 0.537553 
v -4.72857 11.9128 0.445831 
v -4.72558 11.9066 0.449735 
v -4.7281 11.9105 0.44224 
v -4.72611 11.909 0.453169 
v -4.62713 12.1268 0.629431 
v -4.58732 12.1273 0.625212 
v -4.5905 12.1204 0.600274 
v -4.77072 11.909 0.45317 
v -4.76822 11.9128 0.445831 
v -4.77126 11.9066 0.449735 
v -4.7687 11.9105 0.44224 
v -4.60839 11.8108 0.599403 
v -4.6264 11.8314 0.59125 
v -4.63036 11.8089 0.590717 
v -4.87224 12.1268 0.635564 
v -4.87596 12.1217 0.605168 
v -4.91204 12.1273 0.62521 
v -4.89097 11.8108 0.599403 
v -4.86901 11.8089 0.590717 
v -4.87296 11.8314 0.591248 
v -4.63133 12.1189 0.605366 
v -4.5905 12.1204 0.600274 
v -4.59713 12.1051 0.57979 
v -4.64812 11.819 0.578716 
v -4.64749 11.7977 0.577775 
v -4.63036 11.8089 0.590717 
v -4.64812 11.819 0.578716 
v -4.66322 11.7913 0.55941 
v -4.66299 11.8275 0.562318 
v -4.85124 11.819 0.578714 
v -4.86901 11.8089 0.590717 
v -4.85188 11.7977 0.577775 
v -4.83614 11.7913 0.55941 
v -4.85124 11.819 0.578714 
v -4.83637 11.8275 0.562313 
v -4.62713 12.1268 0.629431 
v -4.5905 12.1204 0.600274 
v -4.63133 12.1189 0.605366 
v -4.83194 12.0474 0.605917 
v -4.82747 12.0669 0.638678 
v -4.83218 12.028 0.632497 
v -4.85402 12.0984 0.672141 
v -4.85998 12.0905 0.686179 
v -4.84405 12.065 0.68149 
v -4.82747 12.0669 0.638678 
v -4.84405 12.065 0.68149 
v -4.83606 12.0427 0.667611 
v -4.62069 12.1403 0.522987 
v -4.64185 12.0935 0.470342 
v -4.64548 12.0925 0.472969 
v -4.62285 12.1392 0.524389 
v -4.62201 12.1463 0.526685 
v -4.62166 12.1397 0.534156 
v -4.61325 12.1468 0.526053 
v -4.62836 12.1449 0.528303 
v -4.63011 12.1417 0.531926 
v -4.61285 12.1392 0.53468 
v -4.60444 12.1463 0.526577 
v -4.60409 12.1397 0.534048 
v -4.59794 12.1449 0.528116 
v -4.59584 12.1417 0.531709 
v -4.87771 12.1397 0.534156 
v -4.86925 12.1417 0.531926 
v -4.87101 12.1449 0.528303 
v -4.87736 12.1463 0.526685 
v -4.88612 12.1468 0.526053 
v -4.88652 12.1392 0.53468 
v -4.89493 12.1463 0.526577 
v -4.89528 12.1397 0.534048 
v -4.90143 12.1449 0.528116 
v -4.90353 12.1417 0.531709 
v -4.84902 12.0703 0.579604 
v -4.83194 12.0474 0.605917 
v -4.84107 12.0404 0.592859 
v -4.87651 12.1392 0.524389 
v -4.85389 12.0925 0.472969 
v -4.87867 12.1403 0.522987 
v -4.85752 12.0935 0.470342 
v -4.63662 12.0911 0.687181 
v -4.64437 12.1064 0.663777 
v -4.65035 12.0703 0.685406 
v -4.87596 12.1217 0.605168 
v -4.86274 12.0911 0.577833 
v -4.90223 12.1051 0.579788 
v -4.65035 12.0703 0.685406 
v -4.64437 12.1064 0.663777 
v -4.66503 12.0751 0.659654 
v -4.74968 12.1577 0.730842 
v -4.87618 12.1362 0.535945 
v -4.74968 12.1658 0.727617 
v -4.88056 12.1448 0.532989 
v -4.96322 11.898 0.317051 
v -4.96541 11.88 0.280206 
v -5.00253 11.8731 0.290276 
v -4.99322 11.8946 0.332579 
v -4.66562 12.2062 0.790145 
v -4.74968 12.1658 0.727617 
v -4.74968 12.206 0.799839 
v -4.66971 12.1659 0.718226 
v -4.83604 12.2067 0.790101 
v -4.74968 12.1658 0.727617 
v -4.83468 12.1661 0.717318 
v -4.74968 12.206 0.799839 
v -4.50622 11.8947 0.332541 
v -4.49684 11.8731 0.290262 
v -4.53621 11.898 0.31702 
v -4.53396 11.88 0.280197 
v -4.66104 11.8396 0.423134 
v -4.60168 11.8392 0.279593 
v -4.66437 11.8157 0.419693 
v -4.60557 11.8111 0.275846 
v -4.67861 11.801 0.536286 
v -4.66322 11.7913 0.55941 
v -4.66299 11.8275 0.562318 
v -4.89769 11.8391 0.279592 
v -4.83834 11.8396 0.42311 
v -4.835 11.8157 0.419686 
v -4.8938 11.8111 0.275846 
v -4.62816 12.1377 0.527105 
v -4.63011 12.1417 0.531926 
v -4.63061 12.1396 0.524963 
v -4.82076 11.801 0.536284 
v -4.83637 11.8275 0.562313 
v -4.83614 11.7913 0.55941 
v -4.61647 12.0905 0.478125 
v -4.60222 12.0908 0.477385 
v -4.60997 12.1383 0.525267 
v -4.61426 12.0429 0.466336 
v -4.61647 12.0905 0.478125 
v -4.5976 12.043 0.465407 
v -4.60045 11.9624 0.459151 
v -4.58363 11.9625 0.458213 
v -4.87121 12.1377 0.527105 
v -4.86875 12.1396 0.524963 
v -4.86925 12.1417 0.531926 
v -4.8829 12.0905 0.478125 
v -4.8894 12.1383 0.525267 
v -4.89714 12.0908 0.477385 
v -4.88511 12.0429 0.466336 
v -4.8829 12.0905 0.478125 
v -4.90177 12.043 0.465407 
v -4.89892 11.9624 0.459151 
v -4.91574 11.9625 0.458213 
v -4.8366 12.0876 0.650092 
v -4.84405 12.065 0.68149 
v -4.82747 12.0669 0.638678 
v -4.5976 12.043 0.465407 
v -4.5919 12.0915 0.475441 
v -4.60222 12.0908 0.477385 
v -4.58551 12.0434 0.462932 
v -4.58363 11.9625 0.458213 
v -4.5714 11.9628 0.4557 
v -4.90746 12.0915 0.475441 
v -4.90177 12.043 0.465407 
v -4.89714 12.0908 0.477385 
v -4.91386 12.0434 0.462932 
v -4.91574 11.9625 0.458213 
v -4.92796 11.9628 0.4557 
v -4.93126 11.866 0.579002 
v -4.97172 11.8469 0.552617 
v -4.94777 11.8421 0.586428 
v -4.95338 11.8733 0.544971 
v -4.8366 12.0876 0.650092 
v -4.85402 12.0984 0.672141 
v -4.84405 12.065 0.68149 
v -4.52765 11.8469 0.552617 
v -4.56811 11.866 0.579002 
v -4.5516 11.8421 0.586428 
v -4.54598 11.8733 0.544946 
v -4.59318 12.1652 0.660797 
v -4.66971 12.1659 0.718226 
v -4.58421 12.2075 0.748848 
v -4.61781 12.1384 0.525154 
v -4.61647 12.0905 0.478125 
v -4.60997 12.1383 0.525267 
v -4.63083 12.0907 0.477463 
v -4.63102 12.0429 0.465468 
v -4.61647 12.0905 0.478125 
v -4.61426 12.0429 0.466336 
v -4.61736 11.9623 0.458262 
v -4.60045 11.9624 0.459151 
v -4.86854 12.0907 0.477463 
v -4.88156 12.1384 0.525154 
v -4.8829 12.0905 0.478125 
v -4.8894 12.1383 0.525267 
v -4.86835 12.0429 0.465468 
v -4.8829 12.0905 0.478125 
v -4.88511 12.0429 0.466336 
v -4.88201 11.9623 0.458262 
v -4.89892 11.9624 0.459151 
v -4.90947 12.1649 0.654042 
v -4.91746 12.2068 0.745516 
v -4.83468 12.1661 0.717318 
v -4.93434 11.8596 0.265833 
v -4.93442 11.8887 0.301494 
v -4.91129 11.8682 0.288317 
v -4.96541 11.88 0.280206 
v -4.56503 11.8596 0.265839 
v -4.56497 11.8887 0.301484 
v -4.53396 11.88 0.280197 
v -4.58807 11.8682 0.288317 
v -4.42136 12.2943 0.504404 
v -4.38115 12.3758 0.537957 
v -4.39156 12.3717 0.537553 
v -4.66971 12.1659 0.718226 
v -4.66562 12.2062 0.790145 
v -4.58421 12.2075 0.748848 
v -4.66626 12.0784 0.613375 
v -4.6633 12.0427 0.597404 
v -4.67216 12.0564 0.632507 
v -4.91186 11.8202 0.601404 
v -4.92851 11.8356 0.59602 
v -4.93523 11.8082 0.597549 
v -4.89311 11.8459 0.593188 
v -4.92851 11.8356 0.59602 
v -4.90681 11.8613 0.586892 
v -4.89097 11.8108 0.599403 
v -4.87296 11.8314 0.591248 
v -4.91186 11.8202 0.601404 
v -4.57086 11.8356 0.59602 
v -4.58751 11.8202 0.601404 
v -4.56414 11.8082 0.59755 
v -4.57086 11.8356 0.59602 
v -4.60625 11.8459 0.593188 
v -4.59256 11.8613 0.586892 
v -4.6264 11.8314 0.59125 
v -4.60839 11.8108 0.599403 
v -4.58751 11.8202 0.601404 
v -4.83315 12.075 0.609244 
v -4.83194 12.0474 0.605917 
v -4.84902 12.0703 0.579604 
v -4.83468 12.1661 0.717318 
v -4.91746 12.2068 0.745516 
v -4.83604 12.2067 0.790101 
v -4.67561 11.8383 0.472909 
v -4.66104 11.8396 0.423134 
v -4.67927 11.8068 0.469317 
v -4.66437 11.8157 0.419693 
v -4.82376 11.8383 0.472895 
v -4.8201 11.8068 0.469316 
v -4.83834 11.8396 0.42311 
v -4.835 11.8157 0.419686 
v -4.83315 12.075 0.609244 
v -4.82747 12.0669 0.638678 
v -4.83194 12.0474 0.605917 
v -4.66626 12.0784 0.613375 
v -4.65532 12.065 0.583524 
v -4.6633 12.0427 0.597404 
v -4.52455 12.1429 0.462102 
v -4.49934 12.1857 0.474953 
v -4.5304 12.1493 0.464901 
v -4.6264 11.8314 0.59125 
v -4.64812 11.819 0.578716 
v -4.63036 11.8089 0.590717 
v -4.87296 11.8314 0.591248 
v -4.86901 11.8089 0.590717 
v -4.85124 11.819 0.578714 
v -4.82376 11.8383 0.472895 
v -4.8133 11.8206 0.513676 
v -4.8201 11.8068 0.469316 
v -4.85439 12.1058 0.601216 
v -4.86274 12.0911 0.577833 
v -4.87596 12.1217 0.605168 
v -4.90947 12.1649 0.654042 
v -4.96745 12.1674 0.576725 
v -4.98674 12.2067 0.635674 
v -5.02561 12.2027 0.604764 
v -4.90947 12.1649 0.654042 
v -4.969 12.2066 0.68091 
v -4.91746 12.2068 0.745516 
v -4.98674 12.2067 0.635674 
v -4.969 12.2066 0.68091 
v -4.63133 12.1189 0.605366 
v -4.63939 12.0905 0.578835 
v -4.64535 12.0984 0.59291 
v -4.83603 12.0943 0.634244 
v -4.8366 12.0876 0.650092 
v -4.82747 12.0669 0.638678 
v -4.59318 12.1652 0.660797 
v -4.53271 12.2049 0.680601 
v -4.51262 12.2067 0.635674 
v -4.59318 12.1652 0.660797 
v -4.58421 12.2075 0.748848 
v -4.53271 12.2049 0.680601 
v -4.6234 12.1217 0.659838 
v -4.62713 12.1268 0.629431 
v -4.64437 12.1064 0.663777 
v -4.67216 12.0564 0.632507 
v -4.66503 12.0751 0.659654 
v -4.66937 12.0807 0.634905 
v -4.64437 12.1064 0.663777 
v -4.66008 12.0981 0.62981 
v -4.66503 12.0751 0.659654 
v -4.83603 12.0943 0.634244 
v -4.85402 12.0984 0.672141 
v -4.8366 12.0876 0.650092 
v -4.53192 12.1674 0.576725 
v -4.59318 12.1652 0.660797 
v -4.51262 12.2067 0.635674 
v -4.4753 12.2077 0.60248 
v -4.63133 12.1189 0.605366 
v -4.59713 12.1051 0.57979 
v -4.63939 12.0905 0.578835 
v -4.62713 12.1268 0.629431 
v -4.66008 12.0981 0.62981 
v -4.64535 12.0984 0.59291 
v -4.63939 12.0905 0.578835 
v -4.65532 12.065 0.583524 
v -4.83603 12.0943 0.634244 
v -4.86808 12.1189 0.659712 
v -4.85402 12.0984 0.672141 
v -4.83315 12.075 0.609244 
v -4.85439 12.1058 0.601216 
v -4.91089 12.125 0.652421 
v -4.87224 12.1268 0.635564 
v -4.90595 12.1137 0.675817 
v -4.66937 12.0807 0.634905 
v -4.66008 12.0981 0.62981 
v -4.66626 12.0784 0.613375 
v -4.66626 12.0784 0.613375 
v -4.67216 12.0564 0.632507 
v -4.83603 12.0943 0.634244 
v -4.82747 12.0669 0.638678 
v -4.83315 12.075 0.609244 
v -4.85439 12.1058 0.601216 
v -4.84902 12.0703 0.579604 
v -4.86274 12.0911 0.577833 
v -4.66626 12.0784 0.613375 
v -4.64535 12.0984 0.59291 
v -4.65532 12.065 0.583524 
v -4.83604 12.2067 0.790101 
v -4.78924 12.2647 0.862828 
v -4.74968 12.206 0.799839 
v -4.64437 12.1064 0.663777 
v -4.62713 12.1268 0.629431 
v -4.66008 12.0981 0.62981 
v -4.85439 12.1058 0.601216 
v -4.83315 12.075 0.609244 
v -4.84902 12.0703 0.579604 
v -4.83603 12.0943 0.634244 
v -4.87224 12.1268 0.635564 
v -4.86808 12.1189 0.659712 
v -4.67176 11.8399 0.543538 
v -4.67861 11.801 0.536286 
v -4.66299 11.8275 0.562318 
v -4.8276 11.8399 0.543531 
v -4.83637 11.8275 0.562313 
v -4.82076 11.801 0.536284 
v -4.92851 11.8356 0.59602 
v -4.90681 11.8613 0.586892 
v -4.93126 11.866 0.579002 
v -4.94777 11.8421 0.586428 
v -4.59256 11.8613 0.586892 
v -4.57086 11.8356 0.59602 
v -4.56811 11.866 0.579002 
v -4.5516 11.8421 0.586428 
v -4.87224 12.1268 0.635564 
v -4.85439 12.1058 0.601216 
v -4.87596 12.1217 0.605168 
v -5.02536 12.2514 0.500741 
v -5.01889 12.1576 0.526472 
v -5.02927 12.1862 0.511413 
v -4.47752 12.3029 0.431278 
v -4.46105 12.3876 0.430954 
v -4.45617 12.3886 0.4236 
v -4.83604 12.2067 0.790101 
v -4.91602 12.2644 0.826399 
v -4.78924 12.2647 0.862828 
v -4.91746 12.2068 0.745516 
v -4.58421 12.2075 0.748848 
v -4.63482 12.2667 0.849509 
v -4.55044 12.2654 0.804625 
v -4.66562 12.2062 0.790145 
v -4.66008 12.0981 0.62981 
v -4.64535 12.0984 0.59291 
v -4.66626 12.0784 0.613375 
v -4.63482 12.2667 0.849509 
v -4.74968 12.206 0.799839 
v -4.78924 12.2647 0.862828 
v -4.66562 12.2062 0.790145 
v -4.85439 12.1058 0.601216 
v -4.87224 12.1268 0.635564 
v -4.83603 12.0943 0.634244 
v -4.64145 12.0915 0.475575 
v -4.6434 12.0432 0.463037 
v -4.63083 12.0907 0.477463 
v -4.63102 12.0429 0.465468 
v -4.62983 11.9624 0.455785 
v -4.61736 11.9623 0.458262 
v -4.85597 12.0432 0.463037 
v -4.85792 12.0915 0.475575 
v -4.86854 12.0907 0.477463 
v -4.86835 12.0429 0.465468 
v -4.86954 11.9624 0.455785 
v -4.88201 11.9623 0.458262 
v -4.63133 12.1189 0.605366 
v -4.64535 12.0984 0.59291 
v -4.66008 12.0981 0.62981 
v -4.74928 12.6487 0.393039 
v -4.70732 12.5441 0.373749 
v -4.70923 12.5441 0.38269 
v -4.74929 12.6465 0.401708 
v -4.45163 12.537 0.432855 
v -4.46105 12.3876 0.430954 
v -4.45587 12.5383 0.438895 
v -4.45617 12.3886 0.4236 
v -4.62285 12.1392 0.524389 
v -4.64548 12.0925 0.472969 
v -4.64145 12.0915 0.475575 
v -4.64548 12.0925 0.472969 
v -4.64807 12.0436 0.459695 
v -4.6434 12.0432 0.463037 
v -4.63451 11.9626 0.452383 
v -4.62983 11.9624 0.455785 
v -4.4753 12.2077 0.60248 
v -4.51262 12.2067 0.635674 
v -4.45719 12.2658 0.646619 
v -4.87651 12.1392 0.524389 
v -4.85792 12.0915 0.475575 
v -4.85389 12.0925 0.472969 
v -4.8513 12.0436 0.459695 
v -4.85389 12.0925 0.472969 
v -4.85597 12.0432 0.463037 
v -4.86485 11.9626 0.452383 
v -4.86954 11.9624 0.455785 
v -4.91746 12.2068 0.745516 
v -4.96951 12.2662 0.781749 
v -4.91602 12.2644 0.826399 
v -4.58421 12.2075 0.748848 
v -4.48168 12.2618 0.705767 
v -4.53271 12.2049 0.680601 
v -4.55044 12.2654 0.804625 
v -4.969 12.2066 0.68091 
v -4.96951 12.2662 0.781749 
v -4.91746 12.2068 0.745516 
v -5.01715 12.2631 0.709559 
v -4.42136 12.2943 0.504404 
v -4.42631 12.3048 0.506241 
v -4.49934 12.1857 0.474953 
v -4.70482 11.909 0.791845 
v -4.74839 11.9066 0.799454 
v -4.70378 11.9066 0.796078 
v -4.74839 11.909 0.795146 
v -4.74839 11.909 0.795146 
v -4.79197 11.909 0.791845 
v -4.74839 11.9066 0.799454 
v -4.79301 11.9066 0.796078 
v -4.6627 11.909 0.782067 
v -4.70378 11.9066 0.796078 
v -4.66067 11.9066 0.78608 
v -4.70482 11.909 0.791845 
v -4.79197 11.909 0.791845 
v -4.83387 11.909 0.782067 
v -4.79301 11.9066 0.796078 
v -4.83592 11.9066 0.78608 
v -4.68606 11.8206 0.513678 
v -4.67861 11.801 0.536286 
v -4.67176 11.8399 0.543538 
v -4.67755 11.8481 0.519733 
v -4.68606 11.8206 0.513678 
v -4.70381 11.909 0.45482 
v -4.72558 11.9066 0.449735 
v -4.72611 11.909 0.453169 
v -4.70274 11.9066 0.451423 
v -4.77126 11.9066 0.449735 
v -4.79303 11.909 0.45482 
v -4.77072 11.909 0.45317 
v -4.7941 11.9066 0.451423 
v -4.82181 11.848 0.519726 
v -4.8276 11.8399 0.543531 
v -4.8133 11.8206 0.513676 
v -4.8133 11.8206 0.513676 
v -4.82076 11.801 0.536284 
v -4.53396 11.88 0.280197 
v -4.56497 11.8887 0.301484 
v -4.53621 11.898 0.31702 
v -4.96541 11.88 0.280206 
v -4.96322 11.898 0.317051 
v -4.93442 11.8887 0.301494 
v -4.66091 11.909 0.464597 
v -4.70274 11.9066 0.451423 
v -4.70381 11.909 0.45482 
v -4.65882 11.9066 0.461421 
v -4.6226 11.909 0.76619 
v -4.66067 11.9066 0.78608 
v -4.6196 11.9066 0.769843 
v -4.6627 11.909 0.782067 
v -4.83387 11.909 0.782067 
v -4.87303 11.909 0.76619 
v -4.83592 11.9066 0.78608 
v -4.876 11.9066 0.769843 
v -4.7941 11.9066 0.451423 
v -4.83593 11.909 0.464598 
v -4.79303 11.909 0.45482 
v -4.83802 11.9066 0.461421 
v -4.7484 11.9128 0.444181 
v -4.76418 11.9105 0.441863 
v -4.76381 11.9128 0.445464 
v -4.7484 11.9105 0.440552 
v -4.72857 11.9128 0.445831 
v -4.73257 11.9105 0.441868 
v -4.73294 11.9128 0.445468 
v -4.7281 11.9105 0.44224 
v -4.7484 11.9128 0.444181 
v -4.73257 11.9105 0.441868 
v -4.7484 11.9105 0.440552 
v -4.73294 11.9128 0.445468 
v -4.76822 11.9128 0.445831 
v -4.76418 11.9105 0.441863 
v -4.7687 11.9105 0.44224 
v -4.76381 11.9128 0.445464 
v -4.66091 11.909 0.464597 
v -4.62138 11.909 0.480475 
v -4.65882 11.9066 0.461421 
v -4.61834 11.9066 0.477658 
v -4.58716 11.909 0.744823 
v -4.6196 11.9066 0.769843 
v -4.58331 11.9066 0.747992 
v -4.6226 11.909 0.76619 
v -4.91252 11.9066 0.747992 
v -4.876 11.9066 0.769843 
v -4.90869 11.909 0.744823 
v -4.87303 11.909 0.76619 
v -4.83802 11.9066 0.461421 
v -4.87545 11.909 0.480475 
v -4.83593 11.909 0.464598 
v -4.8785 11.9066 0.477658 
v -4.62138 11.909 0.480475 
v -4.58674 11.909 0.501842 
v -4.61834 11.9066 0.477658 
v -4.58287 11.9066 0.499509 
v -4.55831 11.909 0.718787 
v -4.58331 11.9066 0.747992 
v -4.55376 11.9066 0.721366 
v -4.58716 11.909 0.744823 
v -4.93808 11.909 0.718787 
v -4.91252 11.9066 0.747992 
v -4.90869 11.909 0.744823 
v -4.94262 11.9066 0.721366 
v -4.8785 11.9066 0.477658 
v -4.9101 11.909 0.501842 
v -4.87545 11.909 0.480475 
v -4.91397 11.9066 0.499509 
v -4.78924 12.2647 0.862828 
v -4.91602 12.2644 0.826399 
v -4.87587 12.3406 0.90549 
v -4.58674 11.909 0.501842 
v -4.55831 11.909 0.527878 
v -4.58287 11.9066 0.499509 
v -4.55376 11.9066 0.526135 
v -4.51262 12.2067 0.635674 
v -4.53271 12.2049 0.680601 
v -4.48168 12.2618 0.705767 
v -4.45719 12.2658 0.646619 
v -4.53719 11.909 0.689083 
v -4.55376 11.9066 0.721366 
v -4.53214 11.9066 0.69099 
v -4.55831 11.909 0.718787 
v -4.93853 11.909 0.527878 
v -4.91397 11.9066 0.499509 
v -4.94308 11.9066 0.526135 
v -4.9101 11.909 0.501842 
v -4.95965 11.909 0.689083 
v -4.94262 11.9066 0.721366 
v -4.93808 11.909 0.718787 
v -4.96471 11.9066 0.690989 
v -4.98674 12.2067 0.635674 
v -5.01715 12.2631 0.709559 
v -4.969 12.2066 0.68091 
v -5.04218 12.2658 0.646619 
v -4.55831 11.909 0.527878 
v -4.53719 11.909 0.557582 
v -4.55376 11.9066 0.526135 
v -4.53214 11.9066 0.556512 
v -4.53214 11.9066 0.69099 
v -4.52418 11.909 0.656852 
v -4.53719 11.909 0.689083 
v -4.51882 11.9066 0.658029 
v -4.97265 11.909 0.656852 
v -4.96471 11.9066 0.690989 
v -4.95965 11.909 0.689083 
v -4.97802 11.9066 0.658029 
v -4.95965 11.909 0.557582 
v -4.94308 11.9066 0.526135 
v -4.96471 11.9066 0.556512 
v -4.93853 11.909 0.527878 
v -4.53719 11.909 0.557582 
v -4.52418 11.909 0.589813 
v -4.53214 11.9066 0.556512 
v -4.51882 11.9066 0.589472 
v -4.51882 11.9066 0.658029 
v -4.51432 11.9066 0.623751 
v -4.52418 11.909 0.656852 
v -4.51979 11.909 0.623332 
v -4.48128 12.2762 0.426252 
v -4.51591 12.1825 0.457607 
v -4.47752 12.3029 0.431278 
v -4.51432 11.9066 0.623751 
v -4.51882 11.9066 0.589472 
v -4.51979 11.909 0.623332 
v -4.52418 11.909 0.589813 
v -4.97265 11.909 0.656852 
v -4.98252 11.9066 0.62375 
v -4.97802 11.9066 0.658029 
v -4.97704 11.909 0.623332 
v -4.97265 11.909 0.589813 
v -4.96471 11.9066 0.556512 
v -4.97802 11.9066 0.589472 
v -4.95965 11.909 0.557582 
v -4.50778 12.65 0.423428 
v -4.50149 12.5984 0.419019 
v -4.51015 12.6324 0.428439 
v -4.50508 12.597 0.426935 
v -4.97704 11.909 0.623332 
v -4.97802 11.9066 0.589472 
v -4.98252 11.9066 0.62375 
v -4.97265 11.909 0.589813 
v -4.74729 12.3964 0.958109 
v -4.63482 12.2667 0.849509 
v -4.78924 12.2647 0.862828 
v -4.6211 12.3372 0.902556 
v -4.67561 11.8383 0.472909 
v -4.68606 11.8206 0.513678 
v -4.67755 11.8481 0.519733 
v -4.82376 11.8383 0.472895 
v -4.82181 11.848 0.519726 
v -4.8133 11.8206 0.513676 
v -4.45617 12.3886 0.4236 
v -4.48128 12.2762 0.426252 
v -4.47752 12.3029 0.431278 
v -5.03026 12.2577 0.49145 
v -5.05463 12.4089 0.466721 
v -5.04975 12.4114 0.4737 
v -5.04962 12.4946 0.445749 
v -5.02342 12.5436 0.423948 
v -5.03162 12.5169 0.438767 
v -4.83637 11.8275 0.562313 
v -4.86244 11.8502 0.577438 
v -4.85124 11.819 0.578714 
v -4.87296 11.8314 0.591248 
v -4.64812 11.819 0.578716 
v -4.6264 11.8314 0.59125 
v -4.63692 11.8502 0.577441 
v -4.66299 11.8275 0.562318 
v -4.91602 12.2644 0.826399 
v -4.96951 12.2662 0.781749 
v -4.98322 12.3321 0.840292 
v -4.52682 11.8768 0.493212 
v -4.56832 11.8945 0.51691 
v -4.54598 11.8733 0.544946 
v -4.97255 11.8767 0.493266 
v -4.95338 11.8733 0.544971 
v -4.93106 11.8945 0.516961 
v -4.6211 12.3372 0.902556 
v -4.55044 12.2654 0.804625 
v -4.63482 12.2667 0.849509 
v -4.51405 12.3284 0.834501 
v -4.34622 12.4963 0.589021 
v -4.34361 12.5837 0.606157 
v -4.36094 12.4687 0.579549 
v -4.78924 12.2647 0.862828 
v -4.87587 12.3406 0.90549 
v -4.74729 12.3964 0.958109 
v -5.02561 12.2027 0.604764 
v -5.04218 12.2658 0.646619 
v -4.98674 12.2067 0.635674 
v -5.07709 12.2966 0.606755 
v -4.97255 11.8767 0.493266 
v -4.99322 11.8946 0.332579 
v -5.02159 11.8778 0.346595 
v -4.93106 11.8945 0.516961 
v -4.55044 12.2654 0.804625 
v -4.44059 12.3382 0.740564 
v -4.48168 12.2618 0.705767 
v -4.51405 12.3284 0.834501 
v -4.52682 11.8768 0.493212 
v -4.50622 11.8947 0.332541 
v -4.56832 11.8945 0.51691 
v -4.4778 11.8778 0.346584 
v -5.01889 12.1576 0.526472 
v -5.02536 12.2514 0.500741 
v -5.03073 12.1899 0.52251 
v -4.74729 12.3964 0.958109 
v -4.65096 12.418 0.959105 
v -4.6211 12.3372 0.902556 
v -4.74729 12.3964 0.958109 
v -4.87587 12.3406 0.90549 
v -4.84841 12.418 0.959105 
v -4.96951 12.2662 0.781749 
v -5.01715 12.2631 0.709559 
v -5.05872 12.3361 0.737791 
v -4.98322 12.3321 0.840292 
v -4.65487 11.8694 0.458533 
v -4.58807 11.8682 0.288317 
v -4.66104 11.8396 0.423134 
v -4.60168 11.8392 0.279593 
v -4.91129 11.8682 0.288317 
v -4.8445 11.8694 0.458499 
v -4.83834 11.8396 0.42311 
v -4.89769 11.8391 0.279592 
v -4.91602 12.2644 0.826399 
v -4.98322 12.3321 0.840292 
v -4.87587 12.3406 0.90549 
v -5.02927 12.1862 0.511413 
v -5.03026 12.2577 0.49145 
v -5.02536 12.2514 0.500741 
v -4.63692 11.8502 0.577441 
v -4.6264 11.8314 0.59125 
v -4.60625 11.8459 0.593188 
v -4.65487 11.8694 0.458533 
v -4.66104 11.8396 0.423134 
v -4.67561 11.8383 0.472909 
v -4.87296 11.8314 0.591248 
v -4.86244 11.8502 0.577438 
v -4.89311 11.8459 0.593188 
v -4.8445 11.8694 0.458499 
v -4.82376 11.8383 0.472895 
v -4.83834 11.8396 0.42311 
v -4.74929 12.6465 0.401708 
v -4.83061 12.497 0.388553 
v -4.74928 12.6487 0.393039 
v -4.48168 12.2618 0.705767 
v -4.44059 12.3382 0.740564 
v -4.41128 12.3383 0.657036 
v -4.45719 12.2658 0.646619 
v -5.05872 12.3361 0.737791 
v -5.04218 12.2658 0.646619 
v -5.07709 12.2966 0.606755 
v -5.01715 12.2631 0.709559 
v -4.67018 12.4924 0.369739 
v -4.70923 12.5441 0.38269 
v -4.70732 12.5441 0.373749 
v -5.03026 12.2577 0.49145 
v -5.04975 12.4114 0.4737 
v -5.02536 12.2514 0.500741 
v -4.98322 12.3321 0.840292 
v -4.91484 12.4179 0.937575 
v -4.87587 12.3406 0.90549 
v -4.9747 12.4177 0.900336 
v -4.42136 12.2943 0.504404 
v -4.39156 12.3717 0.537553 
v -4.42631 12.3048 0.506241 
v -4.58452 12.4179 0.937575 
v -4.51405 12.3284 0.834501 
v -4.6211 12.3372 0.902556 
v -4.4966 12.4112 0.875601 
v -4.92456 12.6492 0.415412 
v -4.90495 12.5565 0.41118 
v -4.85337 12.6492 0.40538 
v -4.96238 12.4975 0.417946 
v -5.03073 12.1899 0.52251 
v -5.04975 12.4114 0.4737 
v -5.09125 12.4678 0.486125 
v -5.09125 12.4678 0.486125 
v -5.04975 12.4114 0.4737 
v -5.04485 12.4951 0.453108 
v -4.6211 12.3372 0.902556 
v -4.65096 12.418 0.959105 
v -4.58452 12.4179 0.937575 
v -4.85337 12.6492 0.40538 
v -4.83143 12.495 0.397343 
v -4.74929 12.6465 0.401708 
v -4.65487 11.8694 0.458533 
v -4.67561 11.8383 0.472909 
v -4.67755 11.8481 0.519733 
v -5.02927 12.1862 0.511413 
v -5.01889 12.1576 0.526472 
v -5.01802 12.1335 0.521798 
v -4.83061 12.497 0.388553 
v -4.74929 12.6465 0.401708 
v -4.83143 12.495 0.397343 
v -4.8445 11.8694 0.458499 
v -4.82181 11.848 0.519726 
v -4.82376 11.8383 0.472895 
v -4.90032 11.8838 0.564482 
v -4.95338 11.8733 0.544971 
v -4.93126 11.866 0.579002 
v -4.93106 11.8945 0.516961 
v -4.59905 11.8838 0.564474 
v -4.54598 11.8733 0.544946 
v -4.56832 11.8945 0.51691 
v -4.56811 11.866 0.579002 
v -4.90681 11.8613 0.586892 
v -4.90032 11.8838 0.564482 
v -4.93126 11.866 0.579002 
v -4.59905 11.8838 0.564474 
v -4.59256 11.8613 0.586892 
v -4.56811 11.866 0.579002 
v -4.44059 12.3382 0.740564 
v -4.38611 12.41 0.692846 
v -4.41128 12.3383 0.657036 
v -4.38075 12.3858 0.609041 
v -4.45719 12.2658 0.646619 
v -4.4753 12.2077 0.60248 
v -5.03073 12.1899 0.52251 
v -5.02536 12.2514 0.500741 
v -5.04975 12.4114 0.4737 
v -4.98322 12.3321 0.840292 
v -5.07045 12.4175 0.795706 
v -5.02731 12.4176 0.85318 
v -5.05872 12.3361 0.737791 
v -4.92032 12.5395 0.404131 
v -4.85409 12.6459 0.396299 
v -4.90495 12.5565 0.41118 
v -4.67176 11.8399 0.543538 
v -4.63692 11.8502 0.577441 
v -4.63714 11.8676 0.564509 
v -4.66299 11.8275 0.562318 
v -4.8276 11.8399 0.543531 
v -4.86244 11.8502 0.577438 
v -4.83637 11.8275 0.562313 
v -4.86222 11.8676 0.564506 
v -5.05463 12.4089 0.466721 
v -5.04962 12.4946 0.445749 
v -5.04485 12.4951 0.453108 
v -5.04975 12.4114 0.4737 
v -4.51405 12.3284 0.834501 
v -4.42892 12.4175 0.795706 
v -4.44059 12.3382 0.740564 
v -4.4966 12.4112 0.875601 
v -4.43349 12.3028 0.473433 
v -4.49934 12.1857 0.474953 
v -4.42631 12.3048 0.506241 
v -5.05872 12.3361 0.737791 
v -5.11322 12.412 0.695992 
v -5.07045 12.4175 0.795706 
v -5.05872 12.3361 0.737791 
v -5.07709 12.2966 0.606755 
v -4.74929 12.6465 0.401708 
v -4.79849 12.7139 0.409314 
v -4.85337 12.6492 0.40538 
v -4.59256 11.8613 0.586892 
v -4.63714 11.8676 0.564509 
v -4.60625 11.8459 0.593188 
v -4.63692 11.8502 0.577441 
v -4.89311 11.8459 0.593188 
v -4.86222 11.8676 0.564506 
v -4.90681 11.8613 0.586892 
v -4.86244 11.8502 0.577438 
v -4.99068 12.6317 0.431229 
v -4.96238 12.4975 0.417946 
v -4.92456 12.6492 0.415412 
v -4.99387 12.6349 0.423155 
v -4.99068 12.6317 0.431229 
v -5.00472 12.5865 0.425831 
v -4.45863 12.2933 0.445334 
v -4.5304 12.1493 0.464901 
v -4.49934 12.1857 0.474953 
v -4.51591 12.1825 0.457607 
v -4.5304 12.1493 0.464901 
v -4.45863 12.2933 0.445334 
v -4.98322 12.3321 0.840292 
v -5.02731 12.4176 0.85318 
v -4.9747 12.4177 0.900336 
v -5.10677 12.4124 0.522264 
v -5.03073 12.1899 0.52251 
v -5.09125 12.4678 0.486125 
v -4.45863 12.2933 0.445334 
v -4.49934 12.1857 0.474953 
v -4.43349 12.3028 0.473433 
v -4.42839 12.3843 0.451683 
v -4.47752 12.3029 0.431278 
v -4.45863 12.2933 0.445334 
v -4.46105 12.3876 0.430954 
v -4.47752 12.3029 0.431278 
v -4.51591 12.1825 0.457607 
v -4.64873 11.8792 0.537266 
v -4.67176 11.8399 0.543538 
v -4.63714 11.8676 0.564509 
v -4.85064 11.8793 0.537262 
v -4.86222 11.8676 0.564506 
v -4.8276 11.8399 0.543531 
v -4.41128 12.3383 0.657036 
v -4.38611 12.41 0.692846 
v -4.38075 12.3858 0.609041 
v -4.90681 11.8613 0.586892 
v -4.86222 11.8676 0.564506 
v -4.90032 11.8838 0.564482 
v -4.59905 11.8838 0.564474 
v -4.63714 11.8676 0.564509 
v -4.59256 11.8613 0.586892 
v -5.07709 12.2966 0.606755 
v -5.12835 12.4151 0.60909 
v -5.11322 12.412 0.695992 
v -4.44059 12.3382 0.740564 
v -4.42892 12.4175 0.795706 
v -4.38611 12.41 0.692846 
v -4.64873 11.8792 0.537266 
v -4.67755 11.8481 0.519733 
v -4.67176 11.8399 0.543538 
v -4.87587 12.3406 0.90549 
v -4.91484 12.4179 0.937575 
v -4.84841 12.418 0.959105 
v -4.9747 12.4177 0.900336 
v -4.92301 12.498 0.96584 
v -4.98644 12.498 0.925483 
v -4.85064 11.8793 0.537262 
v -4.8276 11.8399 0.543531 
v -4.82181 11.848 0.519726 
v -4.74929 12.6465 0.401708 
v -4.69853 12.6479 0.403404 
v -4.79849 12.7139 0.409314 
v -4.42631 12.3048 0.506241 
v -4.39156 12.3717 0.537553 
v -4.40484 12.3596 0.488738 
v -4.43349 12.3028 0.473433 
v -4.56957 12.4989 0.385605 
v -4.6704 12.7136 0.413367 
v -4.69853 12.6479 0.403404 
v -4.99322 11.8946 0.332579 
v -4.93106 11.8945 0.516961 
v -4.8994 11.8995 0.496071 
v -4.96322 11.898 0.317051 
v -4.56832 11.8945 0.51691 
v -4.50622 11.8947 0.332541 
v -4.59997 11.8995 0.496013 
v -4.53621 11.898 0.31702 
v -4.61808 11.9137 0.745541 
v -4.58885 11.9137 0.519007 
v -4.72759 11.9137 0.465412 
v -4.53814 11.9137 0.637373 
v -4.74847 11.9137 0.777794 
v -4.87815 11.9137 0.49765 
v -4.87733 11.9137 0.745699 
v -4.96274 11.9137 0.622458 
v -4.92456 12.6492 0.415412 
v -4.94523 12.7139 0.427597 
v -4.99068 12.6317 0.431229 
v -5.01889 12.1576 0.526472 
v -5.03073 12.1899 0.52251 
v -5.06674 12.2507 0.555126 
v -4.69853 12.6479 0.403404 
v -4.6704 12.7136 0.413367 
v -4.79849 12.7139 0.409314 
v -4.70923 12.5441 0.38269 
v -4.67018 12.4924 0.369739 
v -4.57197 12.6517 0.416167 
v -4.51015 12.6324 0.428439 
v -4.55421 12.7139 0.42758 
v -4.93442 11.8887 0.301494 
v -4.86904 11.8907 0.476206 
v -4.8445 11.8694 0.458499 
v -4.91129 11.8682 0.288317 
v -4.63032 11.8907 0.476205 
v -4.56497 11.8887 0.301484 
v -4.65487 11.8694 0.458533 
v -4.58807 11.8682 0.288317 
v -4.65096 12.418 0.959105 
v -4.74729 12.3964 0.958109 
v -4.74968 12.4978 0.992461 
v -4.64676 12.4979 0.98611 
v -4.84841 12.418 0.959105 
v -4.74968 12.4978 0.992461 
v -4.74729 12.3964 0.958109 
v -4.85261 12.4979 0.98611 
v -4.79849 12.7139 0.409314 
v -4.94523 12.7139 0.427597 
v -4.85337 12.6492 0.40538 
v -4.92456 12.6492 0.415412 
v -5.09739 12.6228 0.483833 
v -5.04485 12.4951 0.453108 
v -5.03162 12.5169 0.438767 
v -5.09125 12.4678 0.486125 
v -5.06674 12.2507 0.555126 
v -5.13659 12.4546 0.557151 
v -5.12665 12.4126 0.587507 
v -5.03073 12.1899 0.52251 
v -5.10677 12.4124 0.522264 
v -5.09125 12.4678 0.486125 
v -5.13175 12.538 0.523888 
v -5.03073 12.1899 0.52251 
v -5.13659 12.4546 0.557151 
v -4.65487 11.8694 0.458533 
v -4.67755 11.8481 0.519733 
v -4.64873 11.8792 0.537266 
v -4.8445 11.8694 0.458499 
v -4.85064 11.8793 0.537262 
v -4.82181 11.848 0.519726 
v -4.50149 12.5984 0.419019 
v -4.48459 12.5627 0.416694 
v -4.50508 12.597 0.426935 
v -4.56779 12.5003 0.376913 
v -4.56957 12.4989 0.385605 
v -4.69878 12.6493 0.394615 
v -4.70923 12.5441 0.38269 
v -4.69853 12.6479 0.403404 
v -4.74929 12.6465 0.401708 
v -4.4966 12.4112 0.875601 
v -4.49033 12.5 0.908874 
v -4.41106 12.4978 0.814591 
v -4.42892 12.4175 0.795706 
v -5.02731 12.4176 0.85318 
v -4.98644 12.498 0.925483 
v -4.9747 12.4177 0.900336 
v -5.04244 12.4979 0.87203 
v -4.57197 12.6517 0.416167 
v -4.56957 12.4989 0.385605 
v -4.51015 12.6324 0.428439 
v -4.6704 12.7136 0.413367 
v -4.55421 12.7139 0.42758 
v -5.02731 12.4176 0.85318 
v -5.0883 12.4978 0.814591 
v -5.04244 12.4979 0.87203 
v -5.07045 12.4175 0.795706 
v -4.42892 12.4175 0.795706 
v -4.41106 12.4978 0.814591 
v -4.3629 12.4909 0.696919 
v -4.38611 12.41 0.692846 
v -4.63032 11.8907 0.476205 
v -4.65487 11.8694 0.458533 
v -4.64873 11.8792 0.537266 
v -4.86904 11.8907 0.476206 
v -4.85064 11.8793 0.537262 
v -4.8445 11.8694 0.458499 
v -4.56957 12.4989 0.385605 
v -4.57197 12.6517 0.416167 
v -4.6704 12.7136 0.413367 
v -4.93106 11.8945 0.516961 
v -4.90032 11.8838 0.564482 
v -4.8994 11.8995 0.496071 
v -4.56832 11.8945 0.51691 
v -4.59997 11.8995 0.496013 
v -4.59905 11.8838 0.564474 
v -5.07045 12.4175 0.795706 
v -5.13609 12.4901 0.697958 
v -5.0883 12.4978 0.814591 
v -5.11322 12.412 0.695992 
v -5.09739 12.6228 0.483833 
v -5.03162 12.5169 0.438767 
v -5.04471 12.6489 0.453513 
v -4.86904 11.8907 0.476206 
v -4.93442 11.8887 0.301494 
v -4.96322 11.898 0.317051 
v -4.8994 11.8995 0.496071 
v -4.59997 11.8995 0.496013 
v -4.53621 11.898 0.31702 
v -4.63032 11.8907 0.476205 
v -4.56497 11.8887 0.301484 
v -4.3629 12.4909 0.696919 
v -4.34199 12.5404 0.609135 
v -4.38075 12.3858 0.609041 
v -4.38611 12.41 0.692846 
v -4.36927 12.4606 0.532433 
v -4.39156 12.3717 0.537553 
v -4.36094 12.4687 0.579549 
v -4.50508 12.597 0.426935 
v -4.45297 12.7138 0.465749 
v -4.51015 12.6324 0.428439 
v -4.45587 12.5383 0.438895 
v -4.36927 12.4606 0.532433 
v -4.40484 12.3596 0.488738 
v -4.39156 12.3717 0.537553 
v -4.90032 11.8838 0.564482 
v -4.86222 11.8676 0.564506 
v -4.85064 11.8793 0.537262 
v -4.59905 11.8838 0.564474 
v -4.64873 11.8792 0.537266 
v -4.63714 11.8676 0.564509 
v -4.42839 12.3843 0.451683 
v -4.40303 12.6148 0.479672 
v -4.45587 12.5383 0.438895 
v -4.46105 12.3876 0.430954 
v -5.04471 12.6489 0.453513 
v -5.00472 12.5865 0.425831 
v -4.99068 12.6317 0.431229 
v -5.03162 12.5169 0.438767 
v -5.11322 12.412 0.695992 
v -5.12835 12.4151 0.60909 
v -5.13609 12.4901 0.697958 
v -5.15728 12.5398 0.609287 
v -5.13175 12.538 0.523888 
v -5.09125 12.4678 0.486125 
v -5.09739 12.6228 0.483833 
v -4.94523 12.7139 0.427597 
v -5.05285 12.7139 0.469767 
v -4.99068 12.6317 0.431229 
v -5.04471 12.6489 0.453513 
v -4.51015 12.6324 0.428439 
v -4.45297 12.7138 0.465749 
v -4.55421 12.7139 0.42758 
v -4.59997 11.8995 0.496013 
v -4.64873 11.8792 0.537266 
v -4.59905 11.8838 0.564474 
v -4.8994 11.8995 0.496071 
v -4.85064 11.8793 0.537262 
v -4.86904 11.8907 0.476206 
v -4.8994 11.8995 0.496071 
v -4.90032 11.8838 0.564482 
v -4.85064 11.8793 0.537262 
v -4.59997 11.8995 0.496013 
v -4.63032 11.8907 0.476205 
v -4.64873 11.8792 0.537266 
v -4.38806 12.4531 0.494755 
v -4.36927 12.4606 0.532433 
v -4.34837 12.6123 0.562979 
v -4.36969 12.6194 0.520723 
v -4.34837 12.6123 0.562979 
v -4.42839 12.3843 0.451683 
v -4.40484 12.3596 0.488738 
v -4.43349 12.3028 0.473433 
v -4.42839 12.3843 0.451683 
v -4.45863 12.2933 0.445334 
v -4.69878 12.6493 0.394615 
v -4.56957 12.4989 0.385605 
v -4.69853 12.6479 0.403404 
v -4.38806 12.4531 0.494755 
v -4.40484 12.3596 0.488738 
v -4.36927 12.4606 0.532433 
v -4.49033 12.5 0.908874 
v -4.57356 12.5753 0.973398 
v -4.49174 12.5753 0.921214 
v -4.57635 12.498 0.96584 
v -4.4966 12.4112 0.875601 
v -4.58452 12.4179 0.937575 
v -4.49033 12.5 0.908874 
v -4.6453 12.5753 0.992413 
v -4.57633 12.6479 0.965889 
v -4.64675 12.648 0.986159 
v -4.57635 12.498 0.96584 
v -4.57356 12.5753 0.973398 
v -4.64676 12.4979 0.98611 
v -4.58452 12.4179 0.937575 
v -4.65096 12.418 0.959105 
v -4.57635 12.498 0.96584 
v -4.40303 12.6148 0.479672 
v -4.42839 12.3843 0.451683 
v -4.38806 12.4531 0.494755 
v -5.13659 12.4546 0.557151 
v -5.13175 12.538 0.523888 
v -5.15022 12.6189 0.566138 
v -5.13659 12.4546 0.557151 
v -5.10677 12.4124 0.522264 
v -4.85409 12.6459 0.396299 
v -4.85337 12.6492 0.40538 
v -4.90495 12.5565 0.41118 
v -4.92301 12.498 0.96584 
v -4.85407 12.5753 0.992413 
v -4.85261 12.4979 0.98611 
v -4.92581 12.5753 0.973398 
v -4.98644 12.498 0.925483 
v -5.00728 12.5753 0.921185 
v -4.92301 12.498 0.96584 
v -4.85261 12.4979 0.98611 
v -4.91484 12.4179 0.937575 
v -4.84841 12.418 0.959105 
v -5.04471 12.6489 0.453513 
v -5.05285 12.7139 0.469767 
v -5.09739 12.6228 0.483833 
v -5.04962 12.4946 0.445749 
v -5.03162 12.5169 0.438767 
v -5.04485 12.4951 0.453108 
v -4.40303 12.6148 0.479672 
v -4.38806 12.4531 0.494755 
v -4.36969 12.6194 0.520723 
v -4.98644 12.498 0.925483 
v -5.04244 12.4979 0.87203 
v -5.00728 12.5753 0.921185 
v -5.00472 12.5865 0.425831 
v -5.03162 12.5169 0.438767 
v -5.02342 12.5436 0.423948 
v -5.12665 12.4126 0.587507 
v -5.13659 12.4546 0.557151 
v -5.15572 12.495 0.610883 
v -5.15022 12.6189 0.566138 
v -5.15572 12.495 0.610883 
v -5.1547 12.6253 0.610632 
v -4.41106 12.4978 0.814591 
v -4.40507 12.5753 0.818848 
v -4.35434 12.5753 0.700085 
v -4.3629 12.4909 0.696919 
v -5.15728 12.5398 0.609287 
v -5.14515 12.5753 0.699589 
v -5.13609 12.4901 0.697958 
v -4.34199 12.5404 0.609135 
v -4.3629 12.4909 0.696919 
v -4.35434 12.5753 0.700085 
v -5.0883 12.4978 0.814591 
v -5.14515 12.5753 0.699589 
v -5.0943 12.5753 0.818848 
v -5.13609 12.4901 0.697958 
v -4.34837 12.6123 0.562979 
v -4.34361 12.5837 0.606157 
v -4.34881 12.6483 0.610331 
v -4.36094 12.4687 0.579549 
v -4.34837 12.6123 0.562979 
v -4.36927 12.4606 0.532433 
v -5.12324 12.6485 0.521143 
v -5.13175 12.538 0.523888 
v -5.09739 12.6228 0.483833 
v -4.49033 12.5 0.908874 
v -4.49174 12.5753 0.921214 
v -4.40507 12.5753 0.818848 
v -4.41106 12.4978 0.814591 
v -4.64676 12.4979 0.98611 
v -4.74968 12.4978 0.992461 
v -4.74968 12.5753 0.998916 
v -4.6453 12.5753 0.992413 
v -4.96384 12.4978 0.409663 
v -4.92032 12.5395 0.404131 
v -4.96238 12.4975 0.417946 
v -4.90495 12.5565 0.41118 
v -5.04244 12.4979 0.87203 
v -5.0943 12.5753 0.818848 
v -5.00728 12.5753 0.921185 
v -5.0883 12.4978 0.814591 
v -5.15022 12.6189 0.566138 
v -5.13175 12.538 0.523888 
v -5.12324 12.6485 0.521143 
v -4.45587 12.5383 0.438895 
v -4.40303 12.6148 0.479672 
v -4.45297 12.7138 0.465749 
v -4.36969 12.6194 0.520723 
v -4.45297 12.7138 0.465749 
v -4.38174 12.7137 0.542659 
v -5.30435 12.5251 0.85411 
v -5.16752 12.5298 0.841598 
v -5.24885 12.5093 0.939586 
v -5.17417 12.4958 1.01458 
v -5.21621 12.5561 0.703299 
v -5.33853 12.5427 0.761439 
v -5.34867 12.5726 0.60792 
v -5.05376 12.5085 0.959975 
v -5.08318 12.4852 1.07622 
v -4.89372 12.4967 1.03372 
v -4.93475 12.4756 1.13801 
v -4.74963 12.4743 1.16035 
v -4.71176 12.4962 1.05161 
v -4.6325 12.478 1.15121 
v -4.5356 12.5071 1.01093 
v -4.47478 12.489 1.1088 
v -4.39204 12.5277 0.917886 
v -4.32514 12.5094 1.01705 
v -4.22299 12.5321 0.909672 
v -4.30293 12.5549 0.786642 
v -4.1609 12.5615 0.764869 
v -4.28171 12.5859 0.630364 
v -4.14938 12.5805 0.668631 
v -4.16094 12.5992 0.572327 
v -4.21313 12.6238 0.442521 
v -4.33969 12.6143 0.480266 
v -4.3253 12.6461 0.319185 
v -4.45835 12.6349 0.365233 
v -4.41629 12.6566 0.257551 
v -4.56472 12.6663 0.195756 
v -4.62138 12.6457 0.296115 
v -4.74985 12.6676 0.173415 
v -4.80395 12.6451 0.283431 
v -4.91472 12.6617 0.189691 
v -4.97828 12.6333 0.329129 
v -5.08337 12.646 0.255608 
v -5.11782 12.612 0.426258 
v -5.17433 12.6325 0.316712 
v -5.27648 12.6098 0.424095 
v -5.20131 12.5844 0.560034 
v -5.34867 12.5726 0.60792 
v -5.21621 12.5561 0.703299 
v -4.74968 12.5753 0.998916 
v -4.85407 12.5753 0.992413 
v -4.85262 12.648 0.986159 
v -4.74968 12.6481 0.992507 
v -4.85261 12.4979 0.98611 
v -4.85407 12.5753 0.992413 
v -4.74968 12.4978 0.992461 
v -4.19565 12.6486 0.48589 
v -4.21313 12.6238 0.442521 
v -4.25115 12.6644 0.400414 
v -4.3253 12.6461 0.319185 
v -4.16094 12.5992 0.572327 
v -4.32583 12.6779 0.325418 
v -4.16147 12.631 0.578561 
v -4.41629 12.6566 0.257551 
v -4.14938 12.5805 0.668631 
v -4.41682 12.6885 0.263784 
v -4.14991 12.6124 0.674865 
v -4.52062 12.6957 0.217881 
v -4.16143 12.5933 0.771102 
v -4.56472 12.6663 0.195756 
v -4.1609 12.5615 0.764869 
v -4.63325 12.6994 0.189472 
v -4.19557 12.5747 0.863574 
v -4.74985 12.6676 0.173415 
v -4.22299 12.5321 0.909672 
v -4.75037 12.6994 0.179649 
v -4.25103 12.5571 0.948726 
v -4.8675 12.6957 0.18879 
v -4.32514 12.5094 1.01705 
v -4.91472 12.6617 0.189691 
v -4.32567 12.5412 1.02329 
v -4.98011 12.6884 0.216543 
v -4.41663 12.5278 1.08439 
v -5.08337 12.646 0.255608 
v -4.47478 12.489 1.1088 
v -5.08389 12.6778 0.261842 
v -4.52042 12.5172 1.12969 
v -5.17486 12.6643 0.322946 
v -4.6325 12.478 1.15121 
v -5.17433 12.6325 0.316712 
v -4.63303 12.5099 1.15744 
v -5.2495 12.6485 0.397507 
v -4.75015 12.5061 1.16658 
v -5.27648 12.6098 0.424095 
v -4.74963 12.4743 1.16035 
v -5.30496 12.6309 0.48266 
v -4.86728 12.5061 1.15676 
v -5.34867 12.5726 0.60792 
v -5.3391 12.6122 0.575131 
v -5.35062 12.5932 0.671369 
v -4.93475 12.4756 1.13801 
v -4.97991 12.5098 1.12835 
v -5.08318 12.4852 1.07622 
v -5.08371 12.5171 1.08245 
v -5.17417 12.4958 1.01458 
v -5.1747 12.5276 1.02082 
v -5.24938 12.5411 0.945819 
v -5.24885 12.5093 0.939586 
v -5.30488 12.5569 0.860344 
v -5.30435 12.5251 0.85411 
v -5.33906 12.5745 0.767673 
v -5.33853 12.5427 0.761439 
v -5.35062 12.5932 0.671369 
v -5.34867 12.5726 0.60792 
v -4.45163 12.537 0.432855 
v -4.45587 12.5383 0.438895 
v -4.48459 12.5627 0.416694 
v -5.14515 12.5753 0.699589 
v -5.1547 12.6253 0.610632 
v -5.1361 12.6554 0.698063 
v -5.15728 12.5398 0.609287 
v -4.35434 12.5753 0.700085 
v -4.3629 12.6547 0.696959 
v -4.34881 12.6483 0.610331 
v -4.34199 12.5404 0.609135 
v -5.12324 12.6485 0.521143 
v -5.05285 12.7139 0.469767 
v -5.11756 12.7137 0.542538 
v -5.09739 12.6228 0.483833 
v -4.49174 12.5753 0.921214 
v -4.49027 12.6462 0.908848 
v -4.40507 12.5753 0.818848 
v -4.41103 12.6482 0.814611 
v -5.0943 12.5753 0.818848 
v -5.07529 12.6507 0.835438 
v -5.00728 12.5753 0.921185 
v -5.07529 12.6507 0.835438 
v -4.98647 12.648 0.925524 
v -4.85407 12.5753 0.992413 
v -4.92581 12.5753 0.973398 
v -4.92304 12.6479 0.965889 
v -4.85262 12.648 0.986159 
v -5.0943 12.5753 0.818848 
v -5.1361 12.6554 0.698063 
v -5.07529 12.6507 0.835438 
v -5.14515 12.5753 0.699589 
v -4.92581 12.5753 0.973398 
v -4.98647 12.648 0.925524 
v -4.92304 12.6479 0.965889 
v -5.00728 12.5753 0.921185 
v -4.57356 12.5753 0.973398 
v -4.49027 12.6462 0.908848 
v -4.49174 12.5753 0.921214 
v -4.57633 12.6479 0.965889 
v -4.36969 12.6194 0.520723 
v -4.34837 12.6123 0.562979 
v -4.38174 12.7137 0.542659 
v -4.30293 12.5549 0.786642 
v -4.38741 12.6712 0.844404 
v -4.34537 12.6953 0.725054 
v -4.39204 12.5277 0.917886 
v -4.28171 12.5859 0.630364 
v -4.48571 12.6496 0.946219 
v -4.35233 12.7142 0.627533 
v -4.5356 12.5071 1.01093 
v -4.38747 12.7308 0.540135 
v -4.62408 12.635 1.00922 
v -4.33969 12.6143 0.480266 
v -4.71176 12.4962 1.05161 
v -4.48583 12.7492 0.437756 
v -4.78145 12.6295 1.02382 
v -4.45835 12.6349 0.365233 
v -4.89372 12.4967 1.03372 
v -4.62138 12.6457 0.296115 
v -4.93388 12.6341 0.987778 
v -4.62422 12.7594 0.373941 
v -5.05376 12.5085 0.959975 
v -4.7816 12.7598 0.358428 
v -5.05814 12.6479 0.906581 
v -4.80395 12.6451 0.283431 
v -5.16752 12.5298 0.841598 
v -4.93401 12.7504 0.393576 
v -5.13531 12.669 0.792584 
v -5.21621 12.5561 0.703299 
v -5.15321 12.6887 0.690038 
v -4.97828 12.6333 0.329129 
v -5.05823 12.7326 0.474059 
v -5.11782 12.612 0.426258 
v -5.20131 12.5844 0.560034 
v -5.13536 12.7091 0.587603 
v -5.15321 12.6887 0.690038 
v -5.21621 12.5561 0.703299 
v -5.12324 12.6485 0.521143 
v -5.11756 12.7137 0.542538 
v -5.15022 12.6189 0.566138 
v -4.48459 12.5627 0.416694 
v -4.45587 12.5383 0.438895 
v -4.50508 12.597 0.426935 
v -4.3629 12.6547 0.696959 
v -4.41103 12.6482 0.814611 
v -4.4372 12.7135 0.817209 
v -4.3796 12.7135 0.688942 
v -4.3629 12.6547 0.696959 
v -4.35434 12.5753 0.700085 
v -4.40507 12.5753 0.818848 
v -4.74968 12.6481 0.992507 
v -4.68272 12.7135 0.968536 
v -4.64675 12.648 0.986159 
v -4.74968 12.5753 0.998916 
v -4.74968 12.6481 0.992507 
v -4.6453 12.5753 0.992413 
v -4.55269 12.7133 0.925922 
v -4.57633 12.6479 0.965889 
v -4.68272 12.7135 0.968536 
v -4.38174 12.7137 0.542659 
v -4.34881 12.6483 0.610331 
v -4.36759 12.7136 0.609947 
v -4.34837 12.6123 0.562979 
v -5.15022 12.6189 0.566138 
v -5.13178 12.7136 0.609947 
v -5.1547 12.6253 0.610632 
v -5.11756 12.7137 0.542538 
v -5.1361 12.6554 0.698063 
v -5.13178 12.7136 0.609947 
v -5.11887 12.7135 0.692957 
v -5.1547 12.6253 0.610632 
v -5.07529 12.6507 0.835438 
v -5.01042 12.7135 0.876058 
v -4.98647 12.648 0.925524 
v -4.41103 12.6482 0.814611 
v -4.49027 12.6462 0.908848 
v -4.4372 12.7135 0.817209 
v -5.07529 12.6507 0.835438 
v -5.1361 12.6554 0.698063 
v -5.0729 12.7135 0.797251 
v -5.11887 12.7135 0.692957 
v -4.3796 12.7135 0.688942 
v -4.34881 12.6483 0.610331 
v -4.3629 12.6547 0.696959 
v -4.36759 12.7136 0.609947 
v -4.49027 12.6462 0.908848 
v -4.57633 12.6479 0.965889 
v -4.55269 12.7133 0.925922 
v -4.7816 12.7598 0.358428 
v -4.93388 12.6341 0.987778 
v -4.93401 12.7504 0.393576 
v -4.78145 12.6295 1.02382 
v -5.05814 12.6479 0.906581 
v -4.62422 12.7594 0.373941 
v -4.62408 12.635 1.00922 
v -4.48583 12.7492 0.437756 
v -4.48571 12.6496 0.946219 
v -4.38747 12.7308 0.540135 
v -4.38741 12.6712 0.844404 
v -4.35233 12.7142 0.627533 
v -4.34537 12.6953 0.725054 
v -5.05823 12.7326 0.474059 
v -5.15321 12.6887 0.690038 
v -5.13536 12.7091 0.587603 
v -5.13531 12.669 0.792584 
v -4.6704 12.7136 0.413367 
v -4.68272 12.7135 0.968536 
v -4.79849 12.7139 0.409314 
v -4.55269 12.7133 0.925922 
v -4.88409 12.7133 0.955848 
v -4.4372 12.7135 0.817209 
v -5.01042 12.7135 0.876058 
v -4.55421 12.7139 0.42758 
v -5.0729 12.7135 0.797251 
v -4.3796 12.7135 0.688942 
v -4.94523 12.7139 0.427597 
v -4.45297 12.7138 0.465749 
v -4.36759 12.7136 0.609947 
v -4.38174 12.7137 0.542659 
v -5.11887 12.7135 0.692957 
v -5.05285 12.7139 0.469767 
v -5.13178 12.7136 0.609947 
v -5.11756 12.7137 0.542538 
v -4.92304 12.6479 0.965889 
v -4.88409 12.7133 0.955848 
v -4.85262 12.648 0.986159 
v -4.74968 12.6481 0.992507 
v -4.68272 12.7135 0.968536 
v -5.07529 12.6507 0.835438 
v -5.0729 12.7135 0.797251 
v -5.01042 12.7135 0.876058 
v -5.01042 12.7135 0.876058 
v -4.92304 12.6479 0.965889 
v -4.98647 12.648 0.925524 
v -4.88409 12.7133 0.955848 
v -4.49027 12.6462 0.908848 
v -4.55269 12.7133 0.925922 
v -4.4372 12.7135 0.817209 

vn 0.15748 0.984252 0.0944882 
vn -0.015748 0.984252 0.188976 
vn 0.133858 0.937008 0.330709 
vn 0.346457 0.913386 0.220472 
vn -0.0393701 0.913386 0.401575 
vn -0.015748 0.984252 0.188976 
vn -0.19685 0.944882 0.267717 
vn -0.259843 0.834646 0.480315 
vn 0.15748 0.984252 0.0944882 
vn 0.346457 0.913386 0.220472 
vn 0.251969 0.96063 -0.0866142 
vn 0.480315 0.874016 -0.00787402 
vn 0.00787402 1 -0.0314961 
vn -0.015748 0.984252 0.188976 
vn 0.15748 0.984252 0.0944882 
vn 0.251969 0.96063 -0.0866142 
vn 0.00787402 1 -0.0314961 
vn 0.023622 0.976378 -0.228346 
vn 0.251969 0.96063 -0.0866142 
vn 0.220472 0.905512 -0.354331 
vn 0.346457 0.913386 0.220472 
vn 0.133858 0.937008 0.330709 
vn 0.228346 0.84252 0.480315 
vn 0.409449 0.76378 0.503937 
vn 0.133858 0.937008 0.330709 
vn -0.015748 0.984252 0.188976 
vn -0.0393701 0.913386 0.401575 
vn 0.0551181 0.811024 0.582677 
vn 0.133858 0.937008 0.330709 
vn 0.228346 0.84252 0.480315 
vn 0.0551181 0.811024 0.582677 
vn 0.165354 0.692913 0.700787 
vn -0.15748 0.984252 0.0393701 
vn -0.015748 0.984252 0.188976 
vn 0.00787402 1 -0.0314961 
vn 0.00787402 1 -0.0314961 
vn -0.212598 0.96063 -0.165354 
vn 0.023622 0.976378 -0.228346 
vn -0.15748 0.897638 -0.401575 
vn -0.212598 0.96063 -0.165354 
vn -0.19685 0.944882 0.267717 
vn -0.370079 0.889764 0.259843 
vn -0.259843 0.834646 0.480315 
vn -0.472441 0.755906 0.448819 
vn -0.19685 0.944882 0.267717 
vn -0.015748 0.984252 0.188976 
vn -0.15748 0.984252 0.0393701 
vn -0.354331 0.937008 0.0314961 
vn -0.19685 0.944882 0.267717 
vn -0.370079 0.889764 0.259843 
vn -0.535433 0.818898 0.204724 
vn -0.354331 0.937008 0.0314961 
vn -0.488189 0.866142 -0.0866142 
vn -0.535433 0.818898 0.204724 
vn -0.692913 0.716535 0.0708661 
vn 0.0551181 0.811024 0.582677 
vn -0.0393701 0.913386 0.401575 
vn -0.11811 0.811024 0.574803 
vn -0.11811 0.677165 0.724409 
vn 0.346457 0.913386 0.220472 
vn 0.409449 0.76378 0.503937 
vn 0.511811 0.826772 0.23622 
vn 0.637795 0.677165 0.362205 
vn -0.370079 0.889764 0.259843 
vn -0.535433 0.818898 0.204724 
vn -0.472441 0.755906 0.448819 
vn -0.661417 0.645669 0.370079 
vn 0.480315 0.874016 -0.00787402 
vn 0.346457 0.913386 0.220472 
vn 0.511811 0.826772 0.23622 
vn 0.669291 0.724409 0.141732 
vn 0.480315 0.874016 -0.00787402 
vn 0.629921 0.771654 -0.0866142 
vn 0.795276 0.598425 0.0314961 
vn 0.669291 0.724409 0.141732 
vn 0.251969 0.96063 -0.0866142 
vn 0.393701 0.889764 -0.220472 
vn 0.220472 0.905512 -0.354331 
vn 0.393701 0.80315 -0.448819 
vn 0.251969 0.96063 -0.0866142 
vn 0.480315 0.874016 -0.00787402 
vn 0.393701 0.889764 -0.220472 
vn 0.480315 0.874016 -0.00787402 
vn 0.535433 0.795276 -0.291339 
vn 0.629921 0.771654 -0.0866142 
vn 0.535433 0.795276 -0.291339 
vn 0.692913 0.653543 -0.314961 
vn 0.409449 0.76378 0.503937 
vn 0.228346 0.84252 0.480315 
vn 0.165354 0.692913 0.700787 
vn 0.385827 0.574803 0.716535 
vn -0.338583 0.889764 -0.299213 
vn -0.212598 0.96063 -0.165354 
vn -0.15748 0.897638 -0.401575 
vn -0.307087 0.787402 -0.527559 
vn 0.023622 0.976378 -0.228346 
vn 0.220472 0.905512 -0.354331 
vn 0.0393701 0.897638 -0.440945 
vn 0.173228 0.80315 -0.574803 
vn -0.15748 0.984252 0.0393701 
vn -0.212598 0.96063 -0.165354 
vn -0.354331 0.937008 0.0314961 
vn -0.338583 0.889764 -0.299213 
vn -0.488189 0.866142 -0.0866142 
vn -0.480315 0.779528 -0.401575 
vn -0.488189 0.866142 -0.0866142 
vn -0.606299 0.76378 -0.220472 
vn -0.700787 0.629921 -0.338583 
vn -0.551181 0.653543 -0.519685 
vn -0.15748 0.897638 -0.401575 
vn 0.023622 0.976378 -0.228346 
vn 0.0393701 0.897638 -0.440945 
vn -0.0787402 0.795276 -0.598425 
vn -0.338583 0.708661 0.614173 
vn -0.259843 0.834646 0.480315 
vn -0.472441 0.755906 0.448819 
vn -0.472441 0.755906 0.448819 
vn -0.409449 0.566929 0.716535 
vn -0.566929 0.606299 0.566929 
vn -0.614173 0.425197 0.661417 
vn -0.409449 0.566929 0.716535 
vn 0.165354 0.692913 0.700787 
vn 0.0551181 0.811024 0.582677 
vn -0.11811 0.677165 0.724409 
vn 0.165354 0.692913 0.700787 
vn -0.0472441 0.519685 0.858268 
vn 0.173228 0.535433 0.826772 
vn -0.488189 0.866142 -0.0866142 
vn -0.606299 0.76378 -0.220472 
vn -0.692913 0.716535 0.0708661 
vn -0.606299 0.76378 -0.220472 
vn -0.811024 0.582677 0 
vn -0.700787 0.629921 -0.338583 
vn 0.409449 0.76378 0.503937 
vn 0.385827 0.574803 0.716535 
vn 0.551181 0.622047 0.559055 
vn 0.582677 0.440945 0.677165 
vn 0.511811 0.826772 0.23622 
vn 0.637795 0.677165 0.362205 
vn 0.669291 0.724409 0.141732 
vn 0.755906 0.519685 0.409449 
vn 0.669291 0.724409 0.141732 
vn 0.795276 0.598425 0.0314961 
vn 0.755906 0.519685 0.409449 
vn 0.905512 0.385827 0.181102 
vn 0.409449 0.76378 0.503937 
vn 0.551181 0.622047 0.559055 
vn 0.637795 0.677165 0.362205 
vn 0.551181 0.622047 0.559055 
vn 0.755906 0.519685 0.409449 
vn 0.582677 0.440945 0.677165 
vn -0.535433 0.818898 0.204724 
vn -0.692913 0.716535 0.0708661 
vn -0.661417 0.645669 0.370079 
vn -0.692913 0.716535 0.0708661 
vn -0.779528 0.503937 0.370079 
vn -0.811024 0.582677 0 
vn -0.779528 0.503937 0.370079 
vn -0.913386 0.354331 0.19685 
vn -0.11811 0.811024 0.574803 
vn -0.0393701 0.913386 0.401575 
vn -0.259843 0.834646 0.480315 
vn -0.338583 0.708661 0.614173 
vn -0.11811 0.811024 0.574803 
vn -0.11811 0.677165 0.724409 
vn -0.338583 0.708661 0.614173 
vn -0.251969 0.535433 0.811024 
vn -0.409449 0.566929 0.716535 
vn -0.251969 0.535433 0.811024 
vn -0.433071 0.370079 0.818898 
vn -0.228346 0.346457 0.913386 
vn -0.433071 0.370079 0.818898 
vn -0.370079 0.188976 0.905512 
vn -0.472441 0.755906 0.448819 
vn -0.661417 0.645669 0.370079 
vn -0.566929 0.606299 0.566929 
vn -0.779528 0.503937 0.370079 
vn -0.566929 0.606299 0.566929 
vn -0.614173 0.425197 0.661417 
vn 0.220472 0.905512 -0.354331 
vn 0.393701 0.80315 -0.448819 
vn 0.173228 0.80315 -0.574803 
vn 0.338583 0.669291 -0.661417 
vn 0.692913 0.653543 -0.314961 
vn 0.629921 0.771654 -0.0866142 
vn 0.795276 0.598425 0.0314961 
vn 0.88189 0.448819 -0.141732 
vn 0.692913 0.653543 -0.314961 
vn 0.755906 0.496063 -0.433071 
vn -0.11811 0.677165 0.724409 
vn -0.251969 0.535433 0.811024 
vn -0.0472441 0.519685 0.858268 
vn -0.228346 0.346457 0.913386 
vn 0.393701 0.889764 -0.220472 
vn 0.535433 0.795276 -0.291339 
vn 0.393701 0.80315 -0.448819 
vn 0.535433 0.795276 -0.291339 
vn 0.543307 0.661417 -0.511811 
vn 0.692913 0.653543 -0.314961 
vn 0.755906 0.496063 -0.433071 
vn 0.543307 0.661417 -0.511811 
vn 0.511811 0.519685 -0.685039 
vn -0.338583 0.889764 -0.299213 
vn -0.307087 0.787402 -0.527559 
vn -0.480315 0.779528 -0.401575 
vn -0.307087 0.787402 -0.527559 
vn -0.551181 0.653543 -0.519685 
vn -0.338583 0.669291 -0.669291 
vn -0.551181 0.496063 -0.669291 
vn 0.393701 0.80315 -0.448819 
vn 0.543307 0.661417 -0.511811 
vn 0.338583 0.669291 -0.661417 
vn 0.511811 0.519685 -0.685039 
vn 0.818898 0.330709 0.472441 
vn 0.582677 0.440945 0.677165 
vn 0.653543 0.267717 0.708661 
vn 0.755906 0.519685 0.409449 
vn 0.80315 0.212598 0.559055 
vn 0.173228 0.80315 -0.574803 
vn 0.338583 0.669291 -0.661417 
vn 0.11811 0.677165 -0.724409 
vn 0.228346 0.519685 -0.818898 
vn -0.15748 0.897638 -0.401575 
vn -0.0787402 0.795276 -0.598425 
vn -0.307087 0.787402 -0.527559 
vn -0.0787402 0.795276 -0.598425 
vn -0.338583 0.669291 -0.669291 
vn -0.0787402 0.677165 -0.732283 
vn -0.15748 0.519685 -0.84252 
vn -0.322835 0.511811 -0.795276 
vn -0.23622 0.433071 -0.874016 
vn -0.15748 0.519685 -0.84252 
vn 0.165354 0.692913 0.700787 
vn 0.173228 0.535433 0.826772 
vn 0.385827 0.574803 0.716535 
vn 0.173228 0.535433 0.826772 
vn 0.401575 0.385827 0.834646 
vn 0.188976 0.354331 0.913386 
vn 0.401575 0.385827 0.834646 
vn 0.220472 0.173228 0.96063 
vn 0.456693 0.220472 0.866142 
vn 0.393701 0.110236 0.913386 
vn 0.220472 0.173228 0.96063 
vn -0.614173 0.425197 0.661417 
vn -0.826772 0.291339 0.472441 
vn -0.645669 0.23622 0.724409 
vn -0.779528 0.503937 0.370079 
vn -0.826772 0.188976 0.535433 
vn -0.826772 0.291339 0.472441 
vn -0.897638 0.425197 -0.141732 
vn -0.700787 0.629921 -0.338583 
vn -0.787402 0.464567 -0.409449 
vn -0.811024 0.582677 0 
vn -0.929134 0.330709 -0.15748 
vn -0.897638 0.425197 -0.141732 
vn -0.787402 0.377953 -0.480315 
vn 0.795276 0.598425 0.0314961 
vn 0.905512 0.385827 0.181102 
vn 0.88189 0.448819 -0.141732 
vn 0.92126 0.362205 -0.149606 
vn 0.937008 0.275591 0.204724 
vn -0.787402 0.464567 -0.409449 
vn -0.551181 0.653543 -0.519685 
vn -0.551181 0.496063 -0.669291 
vn -0.700787 0.629921 -0.338583 
vn -0.0787402 0.795276 -0.598425 
vn 0.0393701 0.897638 -0.440945 
vn 0.173228 0.80315 -0.574803 
vn -0.0787402 0.795276 -0.598425 
vn 0.11811 0.677165 -0.724409 
vn -0.0787402 0.677165 -0.732283 
vn 0.11811 0.677165 -0.724409 
vn 0 0.511811 -0.858268 
vn 0.228346 0.519685 -0.818898 
vn 0 0.511811 -0.858268 
vn 0.0629921 0.440945 -0.897638 
vn -0.811024 0.582677 0 
vn -0.897638 0.425197 -0.141732 
vn -0.913386 0.354331 0.19685 
vn -0.897638 0.425197 -0.141732 
vn -0.952756 0.267717 0.15748 
vn -0.929134 0.330709 -0.15748 
vn 0 0.338583 0.937008 
vn -0.0472441 0.519685 0.858268 
vn -0.228346 0.346457 0.913386 
vn -0.0708661 0.165354 0.984252 
vn 0.755906 0.519685 0.409449 
vn 0.818898 0.330709 0.472441 
vn 0.905512 0.385827 0.181102 
vn 0.818898 0.330709 0.472441 
vn 0.937008 0.275591 0.204724 
vn 0.80315 0.212598 0.559055 
vn 0 0.338583 0.937008 
vn 0.173228 0.535433 0.826772 
vn -0.0472441 0.519685 0.858268 
vn 0.188976 0.354331 0.913386 
vn 0.220472 0.173228 0.96063 
vn -0.0708661 0.165354 0.984252 
vn 0.92126 0.362205 -0.149606 
vn 0.755906 0.496063 -0.433071 
vn 0.88189 0.448819 -0.141732 
vn 0.795276 0.417323 -0.440945 
vn -0.464567 -0.748031 -0.472441 
vn -0.716535 -0.590551 -0.370079 
vn -0.653543 -0.433071 -0.622047 
vn -0.456693 -0.519685 -0.724409 
vn 0.716535 -0.590551 -0.370079 
vn 0.464567 -0.748031 -0.472441 
vn 0.653543 -0.433071 -0.622047 
vn 0.456693 -0.519685 -0.724409 
vn -0.133858 -0.952756 -0.283465 
vn -0.464567 -0.748031 -0.472441 
vn -0.181102 -0.787402 -0.590551 
vn -0.228346 -0.527559 -0.818898 
vn 0.102362 -0.700787 -0.708661 
vn -0.181102 -0.787402 -0.590551 
vn -0.456693 -0.519685 -0.724409 
vn -0.464567 -0.748031 -0.472441 
vn 0.228346 -0.527559 -0.818898 
vn 0.181102 -0.787402 -0.590551 
vn -0.102362 -0.700787 -0.708661 
vn 0.456693 -0.519685 -0.724409 
vn 0.181102 -0.787402 -0.590551 
vn 0.464567 -0.748031 -0.472441 
vn 0.464567 -0.748031 -0.472441 
vn 0.133858 -0.952756 -0.283465 
vn 0.181102 -0.787402 -0.590551 
vn -0.779528 0.503937 0.370079 
vn -0.913386 0.354331 0.19685 
vn -0.826772 0.291339 0.472441 
vn -0.952756 0.267717 0.15748 
vn -0.826772 0.291339 0.472441 
vn -0.826772 0.188976 0.535433 
vn -0.133858 -0.952756 -0.283465 
vn -0.496063 -0.858268 -0.133858 
vn -0.464567 -0.748031 -0.472441 
vn -0.496063 -0.858268 -0.133858 
vn -0.716535 -0.590551 -0.370079 
vn -0.464567 -0.748031 -0.472441 
vn 0.464567 -0.748031 -0.472441 
vn 0.496063 -0.858268 -0.133858 
vn 0.133858 -0.952756 -0.283465 
vn 0.582677 0.440945 0.677165 
vn 0.385827 0.574803 0.716535 
vn 0.401575 0.385827 0.834646 
vn 0.456693 0.220472 0.866142 
vn 0.653543 0.267717 0.708661 
vn 0.456693 0.220472 0.866142 
vn 0.598425 0.125984 0.795276 
vn 0.393701 0.110236 0.913386 
vn 0.716535 -0.590551 -0.370079 
vn 0.496063 -0.858268 -0.133858 
vn 0.464567 -0.748031 -0.472441 
vn -0.15748 0.220472 0.96063 
vn 0 0.370079 0.929134 
vn -0.291339 0.377953 0.874016 
vn 0 0.228346 0.976378 
vn -0.637795 0.362205 0.677165 
vn -0.409449 0.244094 0.88189 
vn -0.574803 0.251969 0.779528 
vn -0.433071 0.370079 0.818898 
vn -0.409449 0.566929 0.716535 
vn -0.614173 0.425197 0.661417 
vn -0.645669 0.23622 0.724409 
vn -0.433071 0.370079 0.818898 
vn -0.370079 0.188976 0.905512 
vn -0.606299 0.125984 0.787402 
vn -0.645669 0.23622 0.724409 
vn -0.401575 0.110236 0.905512 
vn 0.409449 0.244094 0.88189 
vn 0.291339 0.377953 0.874016 
vn 0.15748 0.220472 0.96063 
vn 0 0.370079 0.929134 
vn 0.15748 0.220472 0.96063 
vn 0 0.228346 0.976378 
vn 0.637795 0.362205 0.677165 
vn 0.574803 0.251969 0.779528 
vn 0.291339 0.377953 0.874016 
vn -0.637795 0.362205 0.677165 
vn -0.834646 0.212598 0.503937 
vn -0.732283 0.212598 0.645669 
vn -0.811024 0.338583 0.480315 
vn -0.291339 0.377953 0.874016 
vn -0.409449 0.244094 0.88189 
vn -0.15748 0.220472 0.96063 
vn 0 1 0 
vn 0 1 0 
vn 0 1 0 
vn 0 1 0 
vn 0 1 0 
vn 0 1 0 
vn 0 1 0 
vn 0 1 0 
vn 0 1 0 
vn 0 1 0 
vn 0 1 0 
vn 0 1 0 
vn 0 1 0 
vn 0 1 0 
vn 0 1 0 
vn 0 1 0 
vn 0 1 0 
vn 0 1 0 
vn 0 1 0 
vn 0.795276 0.417323 -0.440945 
vn 0.511811 0.519685 -0.685039 
vn 0.755906 0.496063 -0.433071 
vn 0.559055 0.440945 -0.700787 
vn -0.496063 -0.858268 -0.133858 
vn -0.787402 -0.622047 -0.0314961 
vn -0.716535 -0.590551 -0.370079 
vn 0.716535 -0.590551 -0.370079 
vn 0.787402 -0.622047 -0.0314961 
vn 0.496063 -0.858268 -0.133858 
vn -0.811024 0.338583 0.480315 
vn -0.944882 0.212598 0.259843 
vn -0.834646 0.212598 0.503937 
vn -0.913386 0.307087 0.251969 
vn -0.637795 0.362205 0.677165 
vn -0.732283 0.212598 0.645669 
vn -0.574803 0.251969 0.779528 
vn 0.834646 0.212598 0.503937 
vn 0.944882 0.212598 0.259843 
vn 0.811024 0.338583 0.480315 
vn 0.913386 0.307087 0.251969 
vn 0.228346 -0.874016 -0.433071 
vn -0.181102 -0.787402 -0.590551 
vn 0.102362 -0.700787 -0.708661 
vn -0.133858 -0.952756 -0.283465 
vn -0.228346 -0.874016 -0.433071 
vn 0.181102 -0.787402 -0.590551 
vn 0.133858 -0.952756 -0.283465 
vn -0.102362 -0.700787 -0.708661 
vn -0.787402 0.377953 -0.480315 
vn -0.551181 0.496063 -0.669291 
vn -0.535433 0.409449 -0.732283 
vn -0.787402 0.464567 -0.409449 
vn -0.456693 -0.519685 -0.724409 
vn -0.653543 -0.433071 -0.622047 
vn -0.527559 -0.23622 -0.818898 
vn 0.527559 -0.23622 -0.818898 
vn 0.653543 -0.433071 -0.622047 
vn 0.456693 -0.519685 -0.724409 
vn 0.338583 0.669291 -0.661417 
vn 0.511811 0.519685 -0.685039 
vn 0.228346 0.519685 -0.818898 
vn 0.511811 0.519685 -0.685039 
vn 0.330709 0.440945 -0.834646 
vn 0.559055 0.440945 -0.700787 
vn -0.228346 -0.527559 -0.818898 
vn -0.456693 -0.519685 -0.724409 
vn -0.307087 -0.251969 -0.92126 
vn -0.527559 -0.23622 -0.818898 
vn 0.228346 -0.527559 -0.818898 
vn 0.307087 -0.251969 -0.92126 
vn 0.456693 -0.519685 -0.724409 
vn 0.527559 -0.23622 -0.818898 
vn -0.944882 0.212598 0.259843 
vn -0.913386 0.307087 0.251969 
vn -0.952756 0.291339 -0.023622 
vn -0.992126 0.141732 -0.00787402 
vn 0.913386 0.307087 0.251969 
vn 0.944882 0.212598 0.259843 
vn 0.96063 0.291339 -0.023622 
vn 0.984252 0.15748 0.00787402 
vn -0.716535 -0.590551 -0.370079 
vn -0.787402 -0.291339 -0.551181 
vn -0.653543 -0.433071 -0.622047 
vn -0.905512 -0.299213 -0.299213 
vn 0.905512 -0.299213 -0.299213 
vn 0.716535 -0.590551 -0.370079 
vn 0.787402 -0.291339 -0.551181 
vn 0.653543 -0.433071 -0.622047 
vn 0.80315 0.212598 0.559055 
vn 0.653543 0.267717 0.708661 
vn 0.598425 0.125984 0.795276 
vn -0.952756 0.291339 -0.023622 
vn -0.952756 0.102362 -0.275591 
vn -0.992126 0.141732 -0.00787402 
vn -0.858268 0.283465 -0.425197 
vn -0.338583 0.669291 -0.669291 
vn -0.322835 0.511811 -0.795276 
vn -0.551181 0.496063 -0.669291 
vn -0.322835 0.511811 -0.795276 
vn -0.535433 0.409449 -0.732283 
vn -0.23622 0.433071 -0.874016 
vn 0.984252 0.15748 0.00787402 
vn 0.858268 0.275591 -0.433071 
vn 0.96063 0.291339 -0.023622 
vn 0.96063 0.0787402 -0.259843 
vn -0.606299 0.125984 0.787402 
vn -0.645669 0.23622 0.724409 
vn -0.826772 0.188976 0.535433 
vn 0.11811 -0.338583 -0.937008 
vn 0.102362 -0.700787 -0.708661 
vn -0.228346 -0.527559 -0.818898 
vn -0.11811 -0.338583 -0.937008 
vn 0.228346 -0.527559 -0.818898 
vn -0.102362 -0.700787 -0.708661 
vn -0.629921 -0.669291 0.393701 
vn -0.92126 -0.370079 0.110236 
vn -0.748031 -0.661417 -0.015748 
vn -1 -0.0314961 0 
vn -0.889764 -0.267717 -0.370079 
vn -0.527559 -0.23622 -0.818898 
vn -0.787402 -0.291339 -0.551181 
vn -0.685039 -0.110236 -0.716535 
vn -0.653543 -0.433071 -0.622047 
vn 0.787402 -0.291339 -0.551181 
vn 0.527559 -0.23622 -0.818898 
vn 0.685039 -0.110236 -0.716535 
vn 0.653543 -0.433071 -0.622047 
vn -0.228346 0.346457 0.913386 
vn -0.370079 0.188976 0.905512 
vn -0.0708661 0.165354 0.984252 
vn -0.370079 0.188976 0.905512 
vn -0.102362 0.0866142 0.992126 
vn -0.401575 0.110236 0.905512 
vn -0.15748 0.519685 -0.84252 
vn -0.0787402 0.677165 -0.732283 
vn 0 0.511811 -0.858268 
vn -0.23622 0.433071 -0.874016 
vn 0.0629921 0.440945 -0.897638 
vn 0.307087 -0.251969 -0.92126 
vn 0.228346 -0.527559 -0.818898 
vn -0.11811 -0.338583 -0.937008 
vn -0.307087 -0.251969 -0.92126 
vn 0.11811 -0.338583 -0.937008 
vn -0.228346 -0.527559 -0.818898 
vn 0.929134 -0.125984 0.354331 
vn 0.850394 -0.519685 0.023622 
vn 0.992126 -0.023622 -0.11811 
vn 0.732283 0.212598 0.645669 
vn 0.637795 0.362205 0.677165 
vn 0.574803 0.251969 0.779528 
vn 0.834646 0.212598 0.503937 
vn 0.637795 0.362205 0.677165 
vn 0.811024 0.338583 0.480315 
vn 0.858268 0 0.519685 
vn 0.96063 0 0.275591 
vn 0.944882 0.212598 0.259843 
vn 0.220472 0.173228 0.96063 
vn -0.0708661 0.165354 0.984252 
vn 0.133858 0.0708661 0.992126 
vn -0.102362 0.0866142 0.992126 
vn -0.787402 -0.622047 -0.0314961 
vn -0.905512 -0.299213 -0.299213 
vn -0.716535 -0.590551 -0.370079 
vn -0.866142 -0.0944882 -0.488189 
vn -0.787402 -0.291339 -0.551181 
vn -0.834646 0.125984 -0.527559 
vn -0.685039 -0.110236 -0.716535 
vn -0.472441 -0.023622 -0.88189 
vn -0.598425 0.0944882 -0.795276 
vn -0.527559 -0.23622 -0.818898 
vn -0.472441 -0.023622 -0.88189 
vn -0.307087 -0.251969 -0.92126 
vn 0.905512 -0.299213 -0.299213 
vn 0.787402 -0.622047 -0.0314961 
vn 0.716535 -0.590551 -0.370079 
vn 0.866142 -0.0944882 -0.488189 
vn 0.787402 -0.291339 -0.551181 
vn 0.834646 0.125984 -0.527559 
vn 0.685039 -0.110236 -0.716535 
vn 0.472441 -0.023622 -0.88189 
vn 0.598425 0.0944882 -0.795276 
vn 0.527559 -0.23622 -0.818898 
vn 0.472441 -0.023622 -0.88189 
vn 0.307087 -0.251969 -0.92126 
vn 0.228346 0.519685 -0.818898 
vn 0.330709 0.440945 -0.834646 
vn 0.0629921 0.440945 -0.897638 
vn 0.598425 -0.795276 0.0472441 
vn 0.385827 -0.653543 0.653543 
vn 0.102362 -0.968504 0.23622 
vn -0.283465 -0.937008 0.19685 
vn -0.496063 -0.858268 -0.133858 
vn -0.133858 -0.952756 -0.283465 
vn 0.496063 -0.858268 -0.133858 
vn 0.283465 -0.937008 0.19685 
vn 0.133858 -0.952756 -0.283465 
vn -0.858268 0.283465 -0.425197 
vn -0.818898 0.188976 -0.543307 
vn -0.952756 0.102362 -0.275591 
vn -0.480315 -0.685039 0.551181 
vn -0.299213 -0.944882 0.11811 
vn -0.0708661 -0.740157 0.669291 
vn -0.480315 -0.685039 0.551181 
vn -0.669291 -0.732283 -0.0944882 
vn -0.574803 0.251969 0.779528 
vn -0.732283 0.212598 0.645669 
vn -0.653543 0 0.755906 
vn 0.653543 0 0.755906 
vn 0.732283 0.212598 0.645669 
vn 0.574803 0.251969 0.779528 
vn 0.393701 0.110236 0.913386 
vn 0.220472 0.173228 0.96063 
vn 0.133858 0.0708661 0.992126 
vn -0.283465 -0.937008 0.19685 
vn -0.590551 -0.787402 0.181102 
vn -0.496063 -0.858268 -0.133858 
vn 0.0787402 -1 0.023622 
vn -0.283465 -0.937008 0.19685 
vn -0.133858 -0.952756 -0.283465 
vn 0.496063 -0.858268 -0.133858 
vn 0.590551 -0.787402 0.181102 
vn 0.283465 -0.937008 0.19685 
vn 0.133858 -0.952756 -0.283465 
vn 0.283465 -0.937008 0.19685 
vn -0.0787402 -1 0.023622 
vn 0.992126 -0.023622 -0.11811 
vn 0.850394 -0.519685 0.023622 
vn 0.866142 -0.259843 -0.425197 
vn 0.661417 -0.685039 0.314961 
vn 0.929134 -0.125984 0.354331 
vn 0.76378 -0.259843 0.590551 
vn 0.850394 -0.519685 0.023622 
vn 0.929134 -0.125984 0.354331 
vn 0.661417 -0.685039 0.314961 
vn 0.488189 -0.677165 -0.551181 
vn 0.598425 -0.795276 0.0472441 
vn 0.133858 -0.968504 -0.212598 
vn -0.76378 -0.259843 0.590551 
vn -0.92126 -0.370079 0.110236 
vn -0.629921 -0.669291 0.393701 
vn -0.299213 -0.944882 0.11811 
vn -0.669291 -0.732283 -0.0944882 
vn -0.362205 -0.732283 -0.574803 
vn -0.787402 -0.622047 -0.0314961 
vn -0.952756 -0.307087 0.0472441 
vn -0.905512 -0.299213 -0.299213 
vn 0.102362 -0.968504 0.23622 
vn 0.385827 -0.653543 0.653543 
vn -0.0708661 -0.740157 0.669291 
vn 0.905512 -0.299213 -0.299213 
vn 0.952756 -0.307087 0.0472441 
vn 0.787402 -0.622047 -0.0314961 
vn -0.0708661 -0.141732 -0.984252 
vn 0.11811 -0.338583 -0.937008 
vn -0.307087 -0.251969 -0.92126 
vn 0.0708661 -0.141732 -0.984252 
vn 0.307087 -0.251969 -0.92126 
vn -0.11811 -0.338583 -0.937008 
vn -0.590551 -0.787402 0.181102 
vn -0.787402 -0.622047 -0.0314961 
vn -0.496063 -0.858268 -0.133858 
vn 0.787402 -0.622047 -0.0314961 
vn 0.590551 -0.787402 0.181102 
vn 0.496063 -0.858268 -0.133858 
vn -0.299213 -0.944882 0.11811 
vn -0.362205 -0.732283 -0.574803 
vn -0.0314961 -1 -0.0551181 
vn -0.0708661 -0.740157 0.669291 
vn -0.299213 -0.944882 0.11811 
vn 0.102362 -0.968504 0.23622 
vn 0.409449 0 0.913386 
vn 0.574803 0.251969 0.779528 
vn 0.409449 0.244094 0.88189 
vn 0.653543 0 0.755906 
vn -0.0314961 -1 -0.0551181 
vn 0.133858 -0.968504 -0.212598 
vn 0.102362 -0.968504 0.23622 
vn 0.598425 -0.795276 0.0472441 
vn -0.299213 -0.944882 0.11811 
vn -0.0314961 -1 -0.0551181 
vn 0.102362 -0.968504 0.23622 
vn 0.023622 -0.716535 -0.700787 
vn 0.133858 -0.968504 -0.212598 
vn -0.0314961 -1 -0.0551181 
vn -0.0314961 -1 -0.0551181 
vn -0.362205 -0.732283 -0.574803 
vn 0.023622 -0.716535 -0.700787 
vn -0.787402 -0.291339 -0.551181 
vn -0.866142 -0.0944882 -0.488189 
vn -0.685039 -0.110236 -0.716535 
vn -0.637795 -0.708661 -0.307087 
vn -0.748031 -0.661417 -0.015748 
vn -0.889764 -0.267717 -0.370079 
vn 0.685039 -0.110236 -0.716535 
vn 0.866142 -0.0944882 -0.488189 
vn 0.787402 -0.291339 -0.551181 
vn -0.15748 0.220472 0.96063 
vn -0.409449 0.244094 0.88189 
vn -0.165354 0 0.984252 
vn -0.409449 0 0.913386 
vn 0.409449 0.244094 0.88189 
vn 0.15748 0.220472 0.96063 
vn 0.165354 0 0.984252 
vn 0.409449 0 0.913386 
vn -0.937008 0.125984 0.314961 
vn -0.92126 -0.370079 0.110236 
vn -0.76378 -0.259843 0.590551 
vn -0.535433 0.228346 -0.818898 
vn -0.818898 0.188976 -0.543307 
vn -0.858268 0.283465 -0.425197 
vn -0.677165 0.102362 -0.732283 
vn -0.834646 0.212598 0.503937 
vn -0.96063 0 0.275591 
vn -0.858268 0 0.519685 
vn -0.944882 0.212598 0.259843 
vn 0.661417 -0.685039 0.314961 
vn 0.76378 -0.259843 0.590551 
vn 0.393701 -0.488189 0.771654 
vn 0.834646 0.133858 -0.535433 
vn 0.543307 0.220472 -0.811024 
vn 0.858268 0.275591 -0.433071 
vn 0.669291 0.125984 -0.732283 
vn -0.370079 -0.84252 0.393701 
vn -0.503937 -0.440945 0.740157 
vn -0.637795 -0.708661 0.307087 
vn -0.307087 -0.023622 -0.952756 
vn -0.307087 -0.251969 -0.92126 
vn -0.472441 -0.023622 -0.88189 
vn -0.330709 -0.937008 -0.133858 
vn -0.370079 -0.84252 0.393701 
vn -0.590551 -0.80315 -0.0314961 
vn -0.503937 -0.440945 0.740157 
vn -0.755906 0.188976 0.622047 
vn -0.755906 -0.401575 0.511811 
vn -0.527559 -0.653543 -0.543307 
vn -0.102362 -0.700787 -0.708661 
vn -0.228346 -0.874016 -0.433071 
vn -0.362205 -0.496063 -0.787402 
vn 0.307087 -0.023622 -0.952756 
vn 0.472441 -0.023622 -0.88189 
vn 0.307087 -0.251969 -0.92126 
vn 0.322835 -0.937008 -0.133858 
vn 0.598425 -0.795276 -0.0393701 
vn 0.370079 -0.84252 0.393701 
vn 0.370079 -0.84252 0.393701 
vn 0.637795 -0.708661 0.299213 
vn 0.503937 -0.440945 0.740157 
vn 0.503937 -0.440945 0.740157 
vn 0.76378 -0.409449 0.503937 
vn 0.755906 0.188976 0.622047 
vn 0.755906 0.188976 0.622047 
vn 0.952756 0.11811 0.267717 
vn 0.88189 0.464567 0.0787402 
vn -0.370079 -0.84252 0.393701 
vn -0.637795 -0.708661 0.307087 
vn -0.590551 -0.80315 -0.0314961 
vn -0.503937 -0.440945 0.740157 
vn -0.755906 -0.401575 0.511811 
vn -0.637795 -0.708661 0.307087 
vn -0.755906 0.188976 0.622047 
vn -0.897638 -0.0393701 0.433071 
vn -0.755906 -0.401575 0.511811 
vn -0.818898 0.322835 -0.472441 
vn -0.952756 0.102362 -0.291339 
vn -0.88189 0.464567 0.0787402 
vn -0.425197 -0.677165 -0.598425 
vn -0.330709 -0.937008 -0.133858 
vn -0.669291 -0.637795 -0.385827 
vn -0.590551 -0.80315 -0.0314961 
vn -0.755906 0.188976 0.622047 
vn -0.976378 0.173228 0.102362 
vn -0.897638 -0.0393701 0.433071 
vn -0.88189 0.464567 0.0787402 
vn 0.023622 -0.716535 -0.700787 
vn 0.488189 -0.677165 -0.551181 
vn 0.133858 -0.968504 -0.212598 
vn 0.527559 -0.653543 -0.543307 
vn 0.102362 -0.700787 -0.708661 
vn 0.362205 -0.496063 -0.787402 
vn 0.228346 -0.874016 -0.433071 
vn -0.629921 -0.149606 -0.755906 
vn -0.834646 -0.267717 -0.480315 
vn -0.818898 0.322835 -0.472441 
vn 0.322835 -0.937008 -0.133858 
vn 0.425197 -0.677165 -0.598425 
vn 0.661417 -0.653543 -0.370079 
vn 0.598425 -0.795276 -0.0393701 
vn 0.370079 -0.84252 0.393701 
vn 0.598425 -0.795276 -0.0393701 
vn 0.637795 -0.708661 0.299213 
vn 0.503937 -0.440945 0.740157 
vn 0.637795 -0.708661 0.299213 
vn 0.76378 -0.409449 0.503937 
vn 0.755906 0.188976 0.622047 
vn 0.76378 -0.409449 0.503937 
vn 0.850394 -0.0944882 0.511811 
vn 0.755906 0.188976 0.622047 
vn 0.850394 -0.0944882 0.511811 
vn 0.952756 0.11811 0.267717 
vn -0.629921 -0.149606 -0.755906 
vn -0.425197 -0.677165 -0.598425 
vn -0.834646 -0.267717 -0.480315 
vn -0.669291 -0.637795 -0.385827 
vn -0.88189 0.464567 0.0787402 
vn -0.952756 0.102362 -0.291339 
vn -0.976378 0.173228 0.102362 
vn -0.818898 0.322835 -0.472441 
vn -0.834646 -0.267717 -0.480315 
vn -0.952756 0.102362 -0.291339 
vn 0.976378 0.188976 -0.133858 
vn 0.818898 0.322835 -0.472441 
vn 0.88189 0.464567 0.0787402 
vn 0.905512 -0.023622 -0.417323 
vn 0.629921 -0.149606 -0.755906 
vn 0.818898 0.322835 -0.472441 
vn 0.76378 -0.362205 -0.535433 
vn 0.661417 -0.653543 -0.370079 
vn 0.425197 -0.677165 -0.598425 
vn 0.629921 -0.149606 -0.755906 
vn 0.88189 0.464567 0.0787402 
vn 0.952756 0.11811 0.267717 
vn 0.976378 0.188976 -0.133858 
vn 0.976378 0.188976 -0.133858 
vn 0.905512 -0.023622 -0.417323 
vn 0.818898 0.322835 -0.472441 
vn 0.905512 -0.023622 -0.417323 
vn 0.76378 -0.362205 -0.535433 
vn 0.629921 -0.149606 -0.755906 
vn -0.732283 0.212598 0.645669 
vn -0.858268 0 0.519685 
vn -0.653543 0 0.755906 
vn -0.834646 0.212598 0.503937 
vn 0.653543 0 0.755906 
vn 0.858268 0 0.519685 
vn 0.732283 0.212598 0.645669 
vn 0.834646 0.212598 0.503937 
vn -0.96063 0.015748 -0.283465 
vn -0.992126 0.0866142 -0.023622 
vn -0.905512 0.0944882 -0.409449 
vn 0.15748 0.220472 0.96063 
vn 0 0.228346 0.976378 
vn 0 0 1 
vn 0.165354 0 0.984252 
vn -0.283465 -0.937008 0.19685 
vn -0.645669 -0.661417 0.370079 
vn -0.590551 -0.787402 0.181102 
vn 0.590551 -0.787402 0.181102 
vn 0.645669 -0.661417 0.370079 
vn 0.283465 -0.937008 0.19685 
vn 0.0787402 -1 0.023622 
vn -0.133858 -0.952756 -0.283465 
vn 0.228346 -0.874016 -0.433071 
vn 0.133858 -0.952756 -0.283465 
vn -0.0787402 -1 0.023622 
vn -0.228346 -0.874016 -0.433071 
vn -0.944882 0.212598 0.259843 
vn -0.992126 0.141732 -0.00787402 
vn -0.96063 0 0.275591 
vn -0.984252 -0.0866142 0.149606 
vn -0.692913 -0.370079 -0.614173 
vn -0.637795 -0.708661 -0.307087 
vn -0.889764 -0.267717 -0.370079 
vn 0.984252 0.15748 0.00787402 
vn 0.944882 0.212598 0.259843 
vn 0.96063 0 0.275591 
vn 0.984252 -0.0787402 0.149606 
vn 0.866142 -0.259843 -0.425197 
vn 0.850394 -0.519685 0.023622 
vn 0.677165 -0.598425 -0.425197 
vn 0.992126 -0.023622 -0.11811 
vn 0.76378 -0.228346 -0.606299 
vn -0.889764 -0.267717 -0.370079 
vn -0.748031 -0.661417 -0.015748 
vn -0.92126 -0.370079 0.110236 
vn -0.244094 -0.968504 0.0944882 
vn -0.637795 -0.708661 -0.307087 
vn -0.393701 -0.818898 -0.425197 
vn -0.244094 -0.968504 0.0944882 
vn -0.692913 -0.370079 -0.614173 
vn -0.393701 -0.818898 -0.425197 
vn -0.00787402 1 0.0708661 
vn 0.00787402 1 0.0708661 
vn -0.015748 1 0.0708661 
vn 0.023622 1 0.0787402 
vn -0.0472441 0.992126 0.0787402 
vn 0.023622 1 0.0787402 
vn -0.0314961 1 0.0708661 
vn 0.0393701 0.992126 0.0866142 
vn -0.0551181 0.992126 0.0787402 
vn 0.0472441 0.992126 0.102362 
vn -0.0787402 0.992126 0.102362 
vn 0.0551181 0.992126 0.110236 
vn -0.0708661 0.992126 0.0866142 
vn 0.0708661 0.984252 0.133858 
vn -0.0866142 0.992126 0.110236 
vn 0.0629921 0.992126 0.125984 
vn -0.102362 0.984252 0.133858 
vn 0.0787402 0.984252 0.149606 
vn -0.102362 0.984252 0.125984 
vn 0.0787402 0.984252 0.173228 
vn -0.110236 0.984252 0.149606 
vn 0.0787402 0.984252 0.165354 
vn -0.110236 0.976378 0.165354 
vn 0.0866142 0.976378 0.188976 
vn -0.11811 0.976378 0.165354 
vn -0.11811 0.976378 0.188976 
vn -0.11811 0.976378 0.204724 
vn 0.0866142 0.976378 0.204724 
vn 0.0787402 0.976378 0.220472 
vn 0.0787402 0.968504 0.23622 
vn 0.0708661 0.968504 0.244094 
vn 0.0708661 0.96063 0.259843 
vn 0.0551181 0.96063 0.275591 
vn 0.0551181 0.96063 0.275591 
vn 0.0393701 0.952756 0.291339 
vn 0.0314961 0.952756 0.299213 
vn 0.023622 0.952756 0.299213 
vn 0 0.952756 0.307087 
vn 0 0.952756 0.307087 
vn -0.015748 0.952756 0.307087 
vn -0.0314961 0.952756 0.307087 
vn -0.0393701 0.952756 0.307087 
vn -0.0629921 0.952756 0.291339 
vn -0.0551181 0.952756 0.299213 
vn -0.0708661 0.952756 0.291339 
vn -0.0866142 0.96063 0.275591 
vn -0.0866142 0.96063 0.275591 
vn -0.102362 0.96063 0.259843 
vn -0.102362 0.96063 0.244094 
vn -0.110236 0.968504 0.23622 
vn -0.11811 0.976378 0.204724 
vn -0.11811 0.968504 0.212598 
vn -0.11811 0.976378 0.188976 
vn -0.322835 -0.724409 0.606299 
vn -0.645669 -0.661417 0.370079 
vn -0.283465 -0.937008 0.19685 
vn 0.645669 -0.661417 0.370079 
vn 0.322835 -0.724409 0.606299 
vn 0.283465 -0.937008 0.19685 
vn -0.76378 -0.259843 0.590551 
vn -0.629921 -0.669291 0.393701 
vn -0.314961 -0.637795 0.700787 
vn -0.952756 0.267717 -0.133858 
vn -1 -0.0314961 0 
vn -0.937008 0.125984 0.314961 
vn -0.937008 0.125984 0.314961 
vn -0.92126 -0.370079 0.110236 
vn 0.543307 -0.826772 -0.149606 
vn 0.661417 -0.685039 0.314961 
vn 0.338583 -0.88189 0.330709 
vn 0.125984 -0.992126 -0.0787402 
vn 0.354331 -0.559055 -0.748031 
vn 0.677165 -0.598425 -0.425197 
vn 0.244094 -0.834646 -0.496063 
vn 0.850394 -0.519685 0.023622 
vn 0.543307 -0.826772 -0.149606 
vn 0.244094 -0.834646 -0.496063 
vn 0.125984 -0.992126 -0.0787402 
vn 0.850394 -0.519685 0.023622 
vn 0.661417 -0.685039 0.314961 
vn 0.76378 -0.228346 -0.606299 
vn 0.866142 -0.259843 -0.425197 
vn 0.677165 -0.598425 -0.425197 
vn 0.307087 -0.023622 -0.952756 
vn 0.307087 -0.251969 -0.92126 
vn 0.0708661 -0.141732 -0.984252 
vn -0.307087 -0.023622 -0.952756 
vn -0.0708661 -0.141732 -0.984252 
vn -0.307087 -0.251969 -0.92126 
vn 0.598425 -0.795276 0.0472441 
vn 0.874016 -0.181102 0.448819 
vn 0.385827 -0.653543 0.653543 
vn 0.661417 -0.685039 0.314961 
vn 0.393701 -0.488189 0.771654 
vn 0.338583 -0.88189 0.330709 
vn -0.590551 -0.787402 0.181102 
vn -0.826772 -0.496063 0.275591 
vn -0.787402 -0.622047 -0.0314961 
vn 0.834646 0.133858 -0.535433 
vn 0.858268 0.275591 -0.433071 
vn 0.96063 0.0787402 -0.259843 
vn 0.984252 0.15748 0.00787402 
vn 0.984252 -0.125984 -0.149606 
vn 0.787402 -0.622047 -0.0314961 
vn 0.826772 -0.496063 0.275591 
vn 0.590551 -0.787402 0.181102 
vn -0.165354 -0.889764 0.425197 
vn -0.629921 -0.669291 0.393701 
vn -0.244094 -0.968504 0.0944882 
vn 0.464567 -0.874016 -0.141732 
vn 0.0787402 -1 0.023622 
vn 0.228346 -0.874016 -0.433071 
vn -0.228346 -0.874016 -0.433071 
vn -0.0787402 -1 0.023622 
vn -0.464567 -0.874016 -0.141732 
vn -1 -0.0787402 -0.023622 
vn -0.992126 0.0866142 -0.023622 
vn -0.96063 0.015748 -0.283465 
vn -0.645669 -0.661417 0.370079 
vn -0.826772 -0.496063 0.275591 
vn -0.590551 -0.787402 0.181102 
vn 0.826772 -0.496063 0.275591 
vn 0.645669 -0.661417 0.370079 
vn 0.590551 -0.787402 0.181102 
vn 0.76378 -0.259843 0.590551 
vn 0.929134 -0.125984 0.354331 
vn 0.653543 0.267717 0.708661 
vn 0.330709 -0.874016 0.346457 
vn -0.283465 -0.937008 0.19685 
vn 0.0787402 -1 0.023622 
vn -0.322835 -0.724409 0.606299 
vn -0.480315 -0.685039 0.551181 
vn -0.96063 -0.173228 0.212598 
vn -0.669291 -0.732283 -0.0944882 
vn -0.834646 -0.149606 0.535433 
vn 0.322835 -0.724409 0.606299 
vn -0.330709 -0.874016 0.346457 
vn 0.283465 -0.937008 0.19685 
vn -0.0787402 -1 0.023622 
vn -0.952756 0.267717 -0.133858 
vn -0.874016 0.0708661 -0.480315 
vn -0.889764 -0.267717 -0.370079 
vn -1 -0.0314961 0 
vn -0.307087 -0.377953 0.874016 
vn -0.590551 -0.0472441 0.80315 
vn -0.385827 -0.582677 0.716535 
vn 0.385827 -0.582677 0.716535 
vn 0.590551 -0.0472441 0.80315 
vn 0.299213 -0.377953 0.874016 
vn 0.929134 -0.125984 0.354331 
vn 0.992126 -0.023622 -0.11811 
vn 0.92126 0.385827 0.00787402 
vn -0.905512 -0.299213 -0.299213 
vn -0.976378 0 -0.228346 
vn -0.866142 -0.0944882 -0.488189 
vn 0.866142 -0.0944882 -0.488189 
vn 0.976378 0 -0.228346 
vn 0.905512 -0.299213 -0.299213 
vn 0.244094 -0.834646 -0.496063 
vn 0.677165 -0.598425 -0.425197 
vn 0.543307 -0.826772 -0.149606 
vn -0.0944882 -0.866142 0.496063 
vn -0.385827 -0.582677 0.716535 
vn -0.19685 -0.937008 0.283465 
vn -0.307087 -0.377953 0.874016 
vn -0.314961 -0.637795 0.700787 
vn -0.629921 -0.669291 0.393701 
vn -0.165354 -0.889764 0.425197 
vn -0.244094 -0.968504 0.0944882 
vn -0.748031 -0.661417 -0.015748 
vn -0.637795 -0.708661 0.307087 
vn -0.314961 -0.637795 0.700787 
vn 0.19685 -0.937008 0.283465 
vn 0.385827 -0.582677 0.716535 
vn 0.0944882 -0.866142 0.496063 
vn 0.299213 -0.377953 0.874016 
vn 0.929134 -0.125984 0.354331 
vn 0.92126 0.385827 0.00787402 
vn 0.779528 0.488189 0.385827 
vn -0.874016 0.0708661 -0.480315 
vn -0.692913 -0.370079 -0.614173 
vn -0.889764 -0.267717 -0.370079 
vn 0 0.228346 0.976378 
vn -0.15748 0.220472 0.96063 
vn 0 0 1 
vn -0.165354 0 0.984252 
vn -0.165354 -0.212598 0.96063 
vn 0 -0.204724 0.976378 
vn -0.165354 0 0.984252 
vn 0.929134 -0.125984 0.354331 
vn 0.779528 0.488189 0.385827 
vn 0.653543 0.267717 0.708661 
vn 0.968504 -0.149606 -0.19685 
vn 0.488189 -0.677165 -0.551181 
vn 0.84252 -0.15748 -0.511811 
vn 0.598425 -0.795276 0.0472441 
vn -0.0551181 -1 -0.0551181 
vn -0.19685 -0.937008 0.283465 
vn -0.110236 -0.897638 -0.433071 
vn -0.535433 0.244094 0.811024 
vn -0.590551 -0.0472441 0.80315 
vn -0.307087 -0.377953 0.874016 
vn -0.708661 0.448819 0.543307 
vn 0.0472441 -1 -0.0551181 
vn 0.110236 -0.897638 -0.433071 
vn 0.19685 -0.937008 0.283465 
vn 0.590551 -0.0472441 0.80315 
vn 0.527559 0.244094 0.811024 
vn 0.299213 -0.377953 0.874016 
vn 0.708661 0.448819 0.543307 
vn -0.952756 -0.307087 0.0472441 
vn -0.976378 0 -0.228346 
vn -0.905512 -0.299213 -0.299213 
vn 0.976378 0 -0.228346 
vn 0.952756 -0.307087 0.0472441 
vn 0.905512 -0.299213 -0.299213 
vn -0.952756 0.102362 -0.275591 
vn -0.818898 0.188976 -0.543307 
vn -0.858268 -0.0551181 -0.511811 
vn 0.76378 -0.228346 -0.606299 
vn 0.677165 -0.598425 -0.425197 
vn 0.354331 -0.559055 -0.748031 
vn -0.826772 -0.496063 0.275591 
vn -0.952756 -0.307087 0.0472441 
vn -0.787402 -0.622047 -0.0314961 
vn 0.76378 0.393701 -0.511811 
vn 0.992126 -0.023622 -0.11811 
vn 0.76378 -0.228346 -0.606299 
vn 0.952756 -0.307087 0.0472441 
vn 0.826772 -0.496063 0.275591 
vn 0.787402 -0.622047 -0.0314961 
vn 0.385827 -0.653543 0.653543 
vn 0.15748 -0.188976 0.968504 
vn -0.0708661 -0.740157 0.669291 
vn -0.834646 0.125984 -0.527559 
vn -0.598425 0.0944882 -0.795276 
vn -0.685039 -0.110236 -0.716535 
vn 0.267717 -0.023622 -0.96063 
vn 0.11811 -0.338583 -0.937008 
vn -0.0708661 -0.141732 -0.984252 
vn -0.307087 -0.023622 -0.952756 
vn -0.125984 0.0944882 -0.984252 
vn 0.598425 0.0944882 -0.795276 
vn 0.834646 0.125984 -0.527559 
vn 0.685039 -0.110236 -0.716535 
vn 0.307087 -0.023622 -0.952756 
vn 0.0708661 -0.141732 -0.984252 
vn 0.125984 0.0944882 -0.984252 
vn -0.267717 -0.023622 -0.96063 
vn -0.11811 -0.338583 -0.937008 
vn -0.322835 -0.425197 -0.84252 
vn -0.393701 -0.818898 -0.425197 
vn -0.692913 -0.370079 -0.614173 
vn 0.76378 -0.259843 0.590551 
vn 0.472441 -0.023622 0.88189 
vn 0.393701 -0.488189 0.771654 
vn -0.472441 0 0.88189 
vn -0.76378 -0.259843 0.590551 
vn -0.354331 -0.401575 0.84252 
vn -0.645669 0.259843 0.716535 
vn -0.76378 -0.259843 0.590551 
vn -0.472441 0 0.88189 
vn 0.76378 -0.259843 0.590551 
vn 0.653543 0.267717 0.708661 
vn 0.472441 -0.023622 0.88189 
vn 0.338583 -0.88189 0.330709 
vn 0.393701 -0.488189 0.771654 
vn 0.0866142 -0.80315 0.590551 
vn -0.732283 -0.19685 0.653543 
vn -0.653543 0 0.755906 
vn -0.858268 0 0.519685 
vn -0.834646 -0.188976 0.511811 
vn -0.913386 -0.149606 -0.377953 
vn -0.362205 -0.732283 -0.574803 
vn -0.669291 -0.732283 -0.0944882 
vn -0.716535 -0.149606 -0.677165 
vn 0.653543 0 0.755906 
vn 0.732283 -0.19685 0.653543 
vn 0.858268 0 0.519685 
vn 0.834646 -0.188976 0.511811 
vn -0.685039 0.661417 0.307087 
vn -0.748031 0.653543 0.102362 
vn -0.708661 0.448819 0.543307 
vn 0.92126 0.385827 0.00787402 
vn 0.992126 -0.023622 -0.11811 
vn 0.76378 0.393701 -0.511811 
vn 0.708661 0.448819 0.543307 
vn 0.748031 0.653543 0.102362 
vn 0.685039 0.661417 0.307087 
vn 0.330709 -0.874016 0.346457 
vn 0.0787402 -1 0.023622 
vn 0.464567 -0.874016 -0.141732 
vn -0.0787402 -1 0.023622 
vn -0.330709 -0.874016 0.346457 
vn -0.464567 -0.874016 -0.141732 
vn 0.968504 -0.149606 -0.19685 
vn 0.874016 -0.181102 0.448819 
vn 0.598425 -0.795276 0.0472441 
vn 0.409449 0 0.913386 
vn 0.590551 -0.220472 0.779528 
vn 0.653543 0 0.755906 
vn 0.401575 -0.220472 0.889764 
vn -0.992126 -0.102362 -0.0944882 
vn -0.992126 0.141732 -0.00787402 
vn -0.952756 0.102362 -0.275591 
vn -0.944882 -0.19685 -0.259843 
vn 0.0472441 -1 -0.0551181 
vn 0.19685 -0.937008 0.283465 
vn 0.0944882 -0.866142 0.496063 
vn -0.0551181 -1 -0.0551181 
vn -0.0944882 -0.866142 0.496063 
vn -0.19685 -0.937008 0.283465 
vn 0.165354 0 0.984252 
vn 0 0 1 
vn 0.165354 -0.212598 0.96063 
vn 0 -0.204724 0.976378 
vn -0.818898 0.188976 -0.543307 
vn -0.677165 0.102362 -0.732283 
vn -0.858268 -0.0551181 -0.511811 
vn -0.11811 -0.338583 -0.937008 
vn -0.362205 -0.496063 -0.787402 
vn -0.464567 -0.291339 -0.834646 
vn -0.102362 -0.700787 -0.708661 
vn -0.362205 -0.496063 -0.787402 
vn -0.362205 -0.496063 -0.787402 
vn -0.700787 -0.314961 -0.645669 
vn -0.527559 -0.653543 -0.543307 
vn -0.771654 0.637795 0.015748 
vn -0.952756 0.267717 -0.133858 
vn -0.937008 0.125984 0.314961 
vn 0.700787 -0.314961 -0.645669 
vn 0.362205 -0.496063 -0.787402 
vn 0.464567 -0.291339 -0.834646 
vn 0.527559 -0.653543 -0.543307 
vn 0.11811 -0.338583 -0.937008 
vn 0.362205 -0.496063 -0.787402 
vn 0.362205 -0.496063 -0.787402 
vn 0.102362 -0.700787 -0.708661 
vn -0.96063 0 0.275591 
vn -0.984252 -0.0866142 0.149606 
vn -0.944882 -0.19685 0.267717 
vn -0.858268 -0.0551181 -0.511811 
vn -0.944882 -0.19685 -0.259843 
vn -0.952756 0.102362 -0.275591 
vn -0.834646 -0.188976 0.511811 
vn -0.858268 0 0.519685 
vn -0.96063 0 0.275591 
vn -0.944882 -0.19685 0.267717 
vn 0.984252 -0.0787402 0.149606 
vn 0.96063 0 0.275591 
vn 0.944882 -0.19685 0.267717 
vn 0.858268 0 0.519685 
vn 0.834646 -0.188976 0.511811 
vn 0.96063 0 0.275591 
vn 0.944882 -0.19685 0.267717 
vn -0.480315 -0.685039 0.551181 
vn -0.0708661 -0.740157 0.669291 
vn -0.244094 -0.165354 0.96063 
vn -0.503937 -0.15748 0.850394 
vn -0.582677 0.19685 -0.787402 
vn -0.692913 -0.370079 -0.614173 
vn -0.874016 0.0708661 -0.480315 
vn -0.952756 -0.307087 0.0472441 
vn -0.992126 0.023622 0.110236 
vn -0.976378 0 -0.228346 
vn -0.472441 -0.023622 -0.88189 
vn -0.598425 0.0944882 -0.795276 
vn -0.330709 0.244094 -0.913386 
vn -0.472441 -0.023622 -0.88189 
vn -0.307087 -0.023622 -0.952756 
vn -0.645669 -0.661417 0.370079 
vn -0.834646 -0.307087 0.464567 
vn -0.826772 -0.496063 0.275591 
vn 0.976378 0 -0.228346 
vn 0.992126 0.023622 0.110236 
vn 0.952756 -0.307087 0.0472441 
vn 0.472441 -0.023622 -0.88189 
vn 0.330709 0.244094 -0.913386 
vn 0.598425 0.0944882 -0.795276 
vn 0.472441 -0.023622 -0.88189 
vn 0.307087 -0.023622 -0.952756 
vn 0.826772 -0.496063 0.275591 
vn 0.834646 -0.307087 0.464567 
vn 0.645669 -0.661417 0.370079 
vn -0.535433 0.228346 -0.818898 
vn -0.440945 0.133858 -0.889764 
vn -0.677165 0.102362 -0.732283 
vn 0.96063 0.0787402 -0.259843 
vn 0.984252 -0.125984 -0.149606 
vn 0.952756 -0.141732 -0.275591 
vn -0.976378 0 -0.228346 
vn -0.834646 0.125984 -0.527559 
vn -0.866142 -0.0944882 -0.488189 
vn 0.385827 -0.653543 0.653543 
vn 0.874016 -0.181102 0.448819 
vn 0.551181 -0.11811 0.826772 
vn 0.834646 0.125984 -0.527559 
vn 0.976378 0 -0.228346 
vn 0.866142 -0.0944882 -0.488189 
vn -0.96063 -0.173228 0.212598 
vn -0.913386 -0.149606 -0.377953 
vn -0.669291 -0.732283 -0.0944882 
vn -0.590551 -0.220472 0.779528 
vn -0.653543 0 0.755906 
vn -0.732283 -0.19685 0.653543 
vn -1 -0.0787402 -0.023622 
vn -0.96063 0.015748 -0.283465 
vn -0.944882 -0.181102 -0.283465 
vn -0.771654 0.637795 0.015748 
vn -0.937008 0.125984 0.314961 
vn -0.708661 0.574803 0.417323 
vn -0.645669 0.259843 0.716535 
vn 0.653543 0 0.755906 
vn 0.590551 -0.220472 0.779528 
vn 0.732283 -0.19685 0.653543 
vn 0.385827 -0.275591 -0.88189 
vn 0.76378 -0.228346 -0.606299 
vn 0.354331 -0.559055 -0.748031 
vn 0.464567 0.133858 -0.874016 
vn 0.543307 0.220472 -0.811024 
vn 0.669291 0.125984 -0.732283 
vn 0.96063 0.015748 -0.283465 
vn 1 -0.0787402 -0.023622 
vn 0.944882 -0.181102 -0.283465 
vn 0.669291 0.125984 -0.732283 
vn 0.834646 0.133858 -0.535433 
vn 0.834646 -0.0551181 -0.551181 
vn 0.834646 0.133858 -0.535433 
vn 0.96063 0.0787402 -0.259843 
vn 0.834646 -0.0551181 -0.551181 
vn 0.834646 -0.0551181 -0.551181 
vn 0.952756 -0.141732 -0.275591 
vn 0.669291 0.125984 -0.732283 
vn 0.669291 -0.0866142 -0.740157 
vn -0.685039 0.661417 0.307087 
vn -0.708661 0.448819 0.543307 
vn -0.535433 0.244094 0.811024 
vn 0.708661 0.448819 0.543307 
vn 0.685039 0.661417 0.307087 
vn 0.527559 0.244094 0.811024 
vn -0.598425 0.0944882 -0.795276 
vn -0.834646 0.125984 -0.527559 
vn -0.724409 0.322835 -0.606299 
vn 0.598425 0.0944882 -0.795276 
vn 0.724409 0.330709 -0.606299 
vn 0.834646 0.125984 -0.527559 
vn 0.76378 0.393701 -0.511811 
vn 0.76378 -0.228346 -0.606299 
vn 0.535433 0.133858 -0.834646 
vn 0.125984 0.0944882 -0.984252 
vn 0.0708661 -0.141732 -0.984252 
vn -0.267717 -0.023622 -0.96063 
vn -0.330709 0.244094 -0.913386 
vn -0.125984 0.0944882 -0.984252 
vn -0.307087 -0.023622 -0.952756 
vn -0.125984 0.0944882 -0.984252 
vn 0.267717 -0.023622 -0.96063 
vn -0.0708661 -0.141732 -0.984252 
vn 0.307087 -0.023622 -0.952756 
vn 0.125984 0.0944882 -0.984252 
vn 0.330709 0.244094 -0.913386 
vn 0.464567 -0.874016 -0.141732 
vn 0.228346 -0.874016 -0.433071 
vn 0.527559 -0.653543 -0.543307 
vn -0.228346 -0.874016 -0.433071 
vn -0.464567 -0.874016 -0.141732 
vn -0.527559 -0.653543 -0.543307 
vn 0.275591 -0.708661 0.645669 
vn -0.322835 -0.724409 0.606299 
vn 0.330709 -0.874016 0.346457 
vn 0.322835 -0.724409 0.606299 
vn -0.275591 -0.708661 0.645669 
vn -0.330709 -0.874016 0.346457 
vn -0.661417 0.606299 -0.440945 
vn -0.874016 0.0708661 -0.480315 
vn -0.952756 0.267717 -0.133858 
vn -0.322835 -0.724409 0.606299 
vn -0.622047 -0.299213 0.724409 
vn -0.834646 -0.307087 0.464567 
vn -0.645669 -0.661417 0.370079 
vn 0.622047 -0.299213 0.724409 
vn 0.322835 -0.724409 0.606299 
vn 0.834646 -0.307087 0.464567 
vn 0.645669 -0.661417 0.370079 
vn -0.362205 -0.732283 -0.574803 
vn -0.283465 -0.165354 -0.944882 
vn 0.023622 -0.716535 -0.700787 
vn 0.023622 -0.858268 -0.511811 
vn 0.110236 -0.897638 -0.433071 
vn 0.0472441 -1 -0.0551181 
vn -0.023622 -0.858268 -0.503937 
vn -0.0551181 -1 -0.0551181 
vn -0.110236 -0.897638 -0.433071 
vn 0.834646 -0.0551181 -0.551181 
vn 0.952756 -0.141732 -0.275591 
vn 0.88189 -0.267717 -0.393701 
vn 0.346457 0.181102 -0.92126 
vn 0.543307 0.220472 -0.811024 
vn 0.464567 0.133858 -0.874016 
vn 0.23622 0.173228 -0.96063 
vn -0.992126 0.023622 0.11811 
vn -1 -0.0787402 -0.023622 
vn -0.968504 -0.204724 0.125984 
vn -0.992126 0.0866142 -0.023622 
vn -0.992126 0.023622 0.11811 
vn -0.992126 0.0787402 0.0944882 
vn -0.952756 -0.314961 -0.0314961 
vn -1 -0.0787402 -0.023622 
vn -0.913386 -0.401575 0.0866142 
vn -0.913386 -0.401575 0.0866142 
vn -0.874016 -0.480315 -0.0314961 
vn 1 -0.0787402 -0.023622 
vn 0.992126 0.023622 0.11811 
vn 0.968504 -0.204724 0.125984 
vn 0.992126 0.023622 0.11811 
vn 0.992126 0.0866142 -0.023622 
vn 0.992126 0.0787402 0.0944882 
vn 0.952756 -0.314961 -0.0314961 
vn 1 -0.0787402 -0.023622 
vn 0.913386 -0.401575 0.0866142 
vn 0.874016 -0.480315 -0.0314961 
vn 0.913386 -0.401575 0.0866142 
vn 0 -0.472441 0.88189 
vn -0.165354 -0.417323 0.889764 
vn -0.267717 -0.559055 0.787402 
vn -0.165354 -0.212598 0.96063 
vn -0.393701 -0.417323 0.818898 
vn -0.401575 -0.220472 0.889764 
vn -0.409449 0 0.913386 
vn -0.590551 -0.220472 0.779528 
vn -0.653543 0 0.755906 
vn -0.165354 0 0.984252 
vn -0.401575 -0.220472 0.889764 
vn -0.165354 -0.212598 0.96063 
vn -0.409449 0 0.913386 
vn -0.574803 0.251969 0.779528 
vn -0.409449 0.244094 0.88189 
vn -0.645669 0.259843 0.716535 
vn -0.937008 0.125984 0.314961 
vn -0.76378 -0.259843 0.590551 
vn -0.897638 -0.0393701 0.433071 
vn -0.708661 0.574803 0.417323 
vn -0.535433 0.228346 -0.818898 
vn -0.291339 0.11811 -0.944882 
vn -0.440945 0.133858 -0.889764 
vn -0.23622 0.173228 -0.952756 
vn 0.456693 -0.0551181 -0.889764 
vn 0.700787 -0.314961 -0.645669 
vn 0.740157 0.267717 -0.614173 
vn -0.11811 -0.574803 -0.811024 
vn -0.023622 -0.858268 -0.503937 
vn -0.110236 -0.897638 -0.433071 
vn -0.11811 -0.370079 -0.92126 
vn -0.503937 -0.15748 0.850394 
vn -0.834646 -0.149606 0.535433 
vn -0.480315 -0.685039 0.551181 
vn -0.700787 -0.314961 -0.645669 
vn -0.456693 -0.0551181 -0.889764 
vn -0.740157 0.267717 -0.614173 
vn 0.11811 -0.574803 -0.811024 
vn 0.110236 -0.897638 -0.433071 
vn 0.023622 -0.858268 -0.511811 
vn 0.11811 -0.370079 -0.92126 
vn 0.409449 0 0.913386 
vn 0.165354 0 0.984252 
vn 0.401575 -0.220472 0.889764 
vn 0.165354 -0.212598 0.96063 
vn 0.393701 -0.417323 0.818898 
vn 0.165354 -0.417323 0.889764 
vn 0.401575 -0.220472 0.889764 
vn -0.826772 -0.496063 0.275591 
vn -0.937008 -0.15748 0.322835 
vn -0.952756 -0.307087 0.0472441 
vn 0.952756 -0.307087 0.0472441 
vn 0.937008 -0.15748 0.322835 
vn 0.826772 -0.496063 0.275591 
vn 0.488189 -0.677165 -0.551181 
vn 0.023622 -0.716535 -0.700787 
vn 0.173228 -0.15748 -0.968504 
vn 0.480315 -0.149606 -0.866142 
vn -0.834646 -0.307087 0.464567 
vn -0.937008 -0.15748 0.322835 
vn -0.826772 -0.496063 0.275591 
vn 0.19685 0.19685 -0.96063 
vn 0.23622 0.173228 -0.96063 
vn 0.346457 0.181102 -0.92126 
vn 0.519685 0.0708661 -0.850394 
vn 0.417323 0.141732 -0.897638 
vn 0.464567 0.133858 -0.874016 
vn 0.393701 0.133858 -0.913386 
vn -0.00787402 -0.992126 -0.133858 
vn -0.0393701 -0.88189 -0.464567 
vn -0.015748 -0.968504 -0.244094 
vn -0.0393701 -0.889764 -0.464567 
vn 0 -0.968504 -0.251969 
vn 0.0393701 -0.889764 -0.464567 
vn 0.015748 -0.968504 -0.244094 
vn 0 -0.889764 -0.456693 
vn 0.015748 -0.968504 -0.244094 
vn 0.0393701 -0.88189 -0.464567 
vn 0.00787402 -0.992126 -0.133858 
vn 0.0393701 -0.889764 -0.464567 
vn 0 -0.968504 -0.251969 
vn -0.015748 -0.968504 -0.244094 
vn -0.0393701 -0.889764 -0.464567 
vn 0 -0.889764 -0.456693 
vn -0.944882 -0.19685 -0.259843 
vn -0.944882 -0.322835 -0.0866142 
vn -0.992126 -0.102362 -0.0944882 
vn 0.937008 -0.15748 0.322835 
vn 0.834646 -0.307087 0.464567 
vn 0.826772 -0.496063 0.275591 
vn -0.598425 0.0944882 -0.795276 
vn -0.480315 0.401575 -0.779528 
vn -0.330709 0.244094 -0.913386 
vn 0.464567 0.133858 -0.874016 
vn 0.669291 0.125984 -0.732283 
vn 0.519685 0.0708661 -0.850394 
vn 0.598425 0.0944882 -0.795276 
vn 0.330709 0.244094 -0.913386 
vn 0.480315 0.401575 -0.779528 
vn -0.944882 -0.19685 0.267717 
vn -0.937008 -0.314961 0.125984 
vn -0.905512 -0.346457 0.251969 
vn -0.984252 -0.0866142 0.149606 
vn -0.905512 0.0944882 -0.409449 
vn -0.834646 -0.00787402 -0.551181 
vn -0.96063 0.015748 -0.283465 
vn -0.826772 -0.149606 -0.543307 
vn -0.944882 -0.181102 -0.283465 
vn -0.866142 -0.322835 -0.377953 
vn -0.645669 0.0866142 -0.755906 
vn -0.905512 0.0944882 -0.409449 
vn -0.661417 0.00787402 -0.755906 
vn -0.385827 0.0629921 -0.92126 
vn -0.645669 0.0866142 -0.755906 
vn -0.472441 -0.0551181 -0.88189 
vn -0.826772 -0.149606 -0.543307 
vn -0.661417 0.00787402 -0.755906 
vn -0.653543 -0.212598 -0.724409 
vn -0.653543 -0.212598 -0.724409 
vn 0.905512 -0.346457 0.251969 
vn 0.937008 -0.314961 0.125984 
vn 0.944882 -0.19685 0.267717 
vn 0.984252 -0.0787402 0.149606 
vn -0.11811 -0.338583 -0.937008 
vn -0.464567 -0.291339 -0.834646 
vn -0.267717 -0.023622 -0.96063 
vn -0.551181 -0.023622 -0.834646 
vn 0.11811 -0.338583 -0.937008 
vn 0.267717 -0.023622 -0.96063 
vn 0.464567 -0.291339 -0.834646 
vn 0.551181 -0.023622 -0.834646 
vn 0.15748 -0.188976 0.968504 
vn -0.244094 -0.165354 0.96063 
vn -0.0708661 -0.740157 0.669291 
vn 0.519685 0.0708661 -0.850394 
vn 0.669291 -0.0866142 -0.740157 
vn 0.519685 -0.0393701 -0.850394 
vn 0.669291 0.125984 -0.732283 
vn 0.952756 -0.141732 -0.275591 
vn 0.984252 -0.125984 -0.149606 
vn 0.944882 -0.283465 -0.173228 
vn 0.19685 0.19685 -0.96063 
vn 0.149606 0.19685 -0.968504 
vn 0.0708661 0.15748 -0.984252 
vn -0.952756 -0.314961 -0.0314961 
vn -1 -0.0787402 -0.023622 
vn -0.944882 -0.181102 -0.283465 
vn 0.385827 -0.653543 0.653543 
vn 0.551181 -0.11811 0.826772 
vn 0.15748 -0.188976 0.968504 
vn 0.952756 -0.141732 -0.275591 
vn 0.944882 -0.283465 -0.173228 
vn 0.88189 -0.267717 -0.393701 
vn -0.527559 -0.653543 -0.543307 
vn -0.464567 -0.874016 -0.141732 
vn -0.755906 -0.582677 -0.307087 
vn 0.527559 -0.653543 -0.543307 
vn 0.755906 -0.574803 -0.307087 
vn 0.464567 -0.874016 -0.141732 
vn -0.614173 -0.401575 0.677165 
vn -0.590551 -0.220472 0.779528 
vn -0.732283 -0.19685 0.653543 
vn 0.732283 -0.19685 0.653543 
vn 0.590551 -0.220472 0.779528 
vn 0.614173 -0.401575 0.677165 
vn -0.291339 -0.0944882 -0.952756 
vn -0.11811 -0.370079 -0.92126 
vn -0.354331 0.244094 -0.905512 
vn 0.291339 -0.0944882 -0.952756 
vn 0.354331 0.244094 -0.905512 
vn 0.11811 -0.370079 -0.92126 
vn -0.771654 0.637795 0.015748 
vn -0.661417 0.606299 -0.440945 
vn -0.952756 0.267717 -0.133858 
vn 0.464567 0.133858 -0.874016 
vn 0.393701 0.133858 -0.913386 
vn 0.346457 0.181102 -0.92126 
vn -0.582677 0.19685 -0.787402 
vn -0.322835 -0.425197 -0.84252 
vn -0.692913 -0.370079 -0.614173 
vn 0.834646 -0.00787402 -0.551181 
vn 0.905512 0.0944882 -0.409449 
vn 0.96063 0.015748 -0.283465 
vn 0.826772 -0.149606 -0.543307 
vn 0.944882 -0.181102 -0.283465 
vn 0.866142 -0.322835 -0.377953 
vn 0.992126 0.0866142 -0.023622 
vn 0.905512 0.0944882 -0.409449 
vn 1 -0.0787402 -0.023622 
vn 0.952756 -0.314961 -0.0314961 
vn 0.944882 -0.181102 -0.283465 
vn 0.866142 -0.322835 -0.377953 
vn 0.952756 -0.314961 -0.0314961 
vn 0.811024 -0.448819 -0.377953 
vn 0.874016 -0.480315 -0.0314961 
vn 0.779528 -0.614173 -0.125984 
vn -0.598425 0.0944882 -0.795276 
vn -0.724409 0.322835 -0.606299 
vn -0.480315 0.401575 -0.779528 
vn -0.685039 0.661417 0.307087 
vn -0.622047 0.700787 -0.354331 
vn -0.748031 0.653543 0.102362 
vn -0.614173 0.614173 -0.503937 
vn -0.795276 -0.362205 0.488189 
vn -0.834646 -0.188976 0.511811 
vn -0.944882 -0.19685 0.267717 
vn -0.905512 -0.346457 0.251969 
vn 0.598425 0.0944882 -0.795276 
vn 0.480315 0.401575 -0.779528 
vn 0.724409 0.330709 -0.606299 
vn -0.330709 -0.874016 0.346457 
vn -0.740157 -0.488189 0.456693 
vn -0.748031 -0.645669 0.141732 
vn -0.700787 -0.708661 -0.110236 
vn -0.748031 -0.645669 0.141732 
vn -0.464567 -0.874016 -0.141732 
vn -0.976378 0 -0.228346 
vn -0.913386 0.322835 -0.251969 
vn -0.834646 0.125984 -0.527559 
vn 0.622047 0.700787 -0.354331 
vn 0.685039 0.661417 0.307087 
vn 0.748031 0.653543 0.102362 
vn 0.614173 0.614173 -0.503937 
vn 0.834646 -0.188976 0.511811 
vn 0.795276 -0.362205 0.488189 
vn 0.944882 -0.19685 0.267717 
vn 0.905512 -0.346457 0.251969 
vn 0.740157 -0.488189 0.464567 
vn 0.330709 -0.874016 0.346457 
vn 0.748031 -0.645669 0.141732 
vn 0.700787 -0.708661 -0.110236 
vn 0.464567 -0.874016 -0.141732 
vn 0.748031 -0.645669 0.141732 
vn 0.834646 0.125984 -0.527559 
vn 0.913386 0.322835 -0.251969 
vn 0.976378 0 -0.228346 
vn 0.480315 -0.149606 -0.866142 
vn 0.84252 -0.15748 -0.511811 
vn 0.488189 -0.677165 -0.551181 
vn -0.614173 -0.401575 0.677165 
vn -0.732283 -0.19685 0.653543 
vn -0.834646 -0.188976 0.511811 
vn -0.795276 -0.362205 0.488189 
vn -0.661417 0.606299 -0.440945 
vn -0.582677 0.19685 -0.787402 
vn -0.874016 0.0708661 -0.480315 
vn 0.732283 -0.19685 0.653543 
vn 0.614173 -0.401575 0.677165 
vn 0.834646 -0.188976 0.511811 
vn 0.795276 -0.362205 0.488189 
vn -0.181102 0.0944882 -0.976378 
vn -0.23622 0.173228 -0.952756 
vn -0.0866142 0.102362 -0.992126 
vn -0.0472441 0.149606 -0.984252 
vn -0.80315 -0.251969 -0.535433 
vn -0.787402 -0.283465 -0.543307 
vn -0.944882 -0.19685 -0.259843 
vn -0.858268 -0.0551181 -0.511811 
vn -0.677165 0.102362 -0.732283 
vn -0.661417 -0.141732 -0.732283 
vn -0.440945 0.133858 -0.889764 
vn -0.503937 0.00787402 -0.858268 
vn 0.653543 0.748031 -0.102362 
vn 0.92126 0.385827 0.00787402 
vn 0.76378 0.393701 -0.511811 
vn -0.23622 0.173228 -0.952756 
vn -0.181102 0.0944882 -0.976378 
vn -0.291339 0.11811 -0.944882 
vn 0.0314961 0.165354 -0.984252 
vn 0.149606 0.181102 -0.968504 
vn 0.125984 0.181102 -0.976378 
vn 0.629921 -0.23622 -0.740157 
vn 0.826772 -0.417323 -0.385827 
vn 0.740157 -0.456693 -0.496063 
vn 0.629921 -0.23622 -0.740157 
vn 0.88189 -0.267717 -0.393701 
vn 0.669291 -0.0866142 -0.740157 
vn 0.834646 -0.0551181 -0.551181 
vn 0.00787402 -0.992126 -0.133858 
vn 0 -1 0 
vn 0.015748 -0.968504 -0.244094 
vn -0.015748 -0.968504 -0.244094 
vn -0.00787402 -0.992126 -0.133858 
vn 0 -1 0 
vn 0 -1 0 
vn 0 -1 0 
vn 0 -1 0 
vn 0 -1 0 
vn 0 -1 0 
vn 0 -1 0 
vn 0 -1 0 
vn 0 -1 0 
vn 0 -1 0 
vn 0 -1 0 
vn 0 -1 0 
vn 0 -1 0 
vn 0 -1 0 
vn 0 -1 0 
vn 0 -1 0 
vn 0 -1 0 
vn 0 -1 0 
vn 0 -1 0 
vn 0 -1 0 
vn 0 -1 0 
vn 0 -1 0 
vn 0 -1 0 
vn 0 -1 0 
vn 0 -1 0 
vn 0 -1 0 
vn 0 -1 0 
vn 0 -1 0 
vn 0 -1 0 
vn 0 -1 0 
vn 0.015748 -0.968504 -0.244094 
vn -0.015748 -0.968504 -0.244094 
vn 0 -0.968504 -0.251969 
vn 0.15748 0.322835 -0.929134 
vn 0.267717 -0.023622 -0.96063 
vn -0.125984 0.0944882 -0.984252 
vn 0.125984 0.0944882 -0.984252 
vn -0.267717 -0.023622 -0.96063 
vn -0.15748 0.322835 -0.929134 
vn -0.677165 0.102362 -0.732283 
vn -0.559055 -0.0787402 -0.826772 
vn -0.661417 -0.141732 -0.732283 
vn -0.503937 0.00787402 -0.858268 
vn 0.700787 -0.708661 -0.110236 
vn 0.464567 -0.874016 -0.141732 
vn 0.755906 -0.574803 -0.307087 
vn -0.464567 -0.874016 -0.141732 
vn -0.700787 -0.708661 -0.110236 
vn -0.755906 -0.582677 -0.307087 
vn 0.590551 -0.220472 0.779528 
vn 0.401575 -0.220472 0.889764 
vn 0.393701 -0.417323 0.818898 
vn 0.614173 -0.401575 0.677165 
vn -0.401575 -0.220472 0.889764 
vn -0.590551 -0.220472 0.779528 
vn -0.393701 -0.417323 0.818898 
vn -0.614173 -0.401575 0.677165 
vn 0 -0.204724 0.976378 
vn -0.165354 -0.212598 0.96063 
vn -0.165354 -0.417323 0.889764 
vn 0 -0.472441 0.88189 
vn -0.937008 -0.15748 0.322835 
vn -0.992126 0.023622 0.110236 
vn -0.952756 -0.307087 0.0472441 
vn 0.0708661 0.15748 -0.984252 
vn 0.23622 0.173228 -0.96063 
vn 0.19685 0.19685 -0.96063 
vn 0.0314961 0.165354 -0.984252 
vn 0.125984 0.181102 -0.976378 
vn 0.00787402 0.141732 -0.992126 
vn -0.0472441 0.149606 -0.984252 
vn 0.0708661 0.15748 -0.984252 
vn 0.992126 0.023622 0.110236 
vn 0.937008 -0.15748 0.322835 
vn 0.952756 -0.307087 0.0472441 
vn 0.00787402 0.141732 -0.992126 
vn -0.0472441 0.149606 -0.984252 
vn 0.0314961 0.165354 -0.984252 
vn -0.503937 0.00787402 -0.858268 
vn -0.440945 0.133858 -0.889764 
vn -0.299213 0.0866142 -0.952756 
vn -0.291339 0.11811 -0.944882 
vn -0.944882 -0.19685 -0.259843 
vn -0.787402 -0.283465 -0.543307 
vn -0.929134 -0.354331 -0.110236 
vn -0.944882 -0.322835 -0.0866142 
vn 0.0708661 0.15748 -0.984252 
vn 0.149606 0.19685 -0.968504 
vn 0.0314961 0.165354 -0.984252 
vn 0.559055 -0.299213 -0.771654 
vn 0.519685 -0.0393701 -0.850394 
vn 0.629921 -0.23622 -0.740157 
vn 0.669291 -0.0866142 -0.740157 
vn -0.590551 -0.80315 -0.0314961 
vn -0.244094 -0.968504 0.0944882 
vn -0.00787402 -0.897638 -0.440945 
vn -0.322835 -0.724409 0.606299 
vn -0.149606 -0.464567 0.874016 
vn -0.622047 -0.299213 0.724409 
vn 0.322835 -0.724409 0.606299 
vn 0.622047 -0.299213 0.724409 
vn 0.149606 -0.464567 0.874016 
vn -0.748031 -0.267717 -0.606299 
vn -0.787402 -0.283465 -0.543307 
vn -0.80315 -0.251969 -0.535433 
vn -0.771654 -0.496063 0.393701 
vn -0.795276 -0.362205 0.488189 
vn -0.905512 -0.346457 0.251969 
vn -0.905512 -0.346457 0.251969 
vn -0.937008 -0.314961 0.125984 
vn -0.811024 -0.511811 0.275591 
vn -0.748031 -0.267717 -0.606299 
vn -0.76378 -0.275591 -0.582677 
vn -0.787402 -0.283465 -0.543307 
vn 0.905512 -0.346457 0.251969 
vn 0.795276 -0.362205 0.488189 
vn 0.771654 -0.496063 0.393701 
vn 0.937008 -0.314961 0.125984 
vn 0.905512 -0.346457 0.251969 
vn 0.811024 -0.503937 0.291339 
vn 0.338583 -0.88189 0.330709 
vn 0.0866142 -0.80315 0.590551 
vn 0.125984 -0.992126 -0.0787402 
vn -0.362205 -0.732283 -0.574803 
vn -0.716535 -0.149606 -0.677165 
vn -0.283465 -0.165354 -0.944882 
vn 0.023622 -0.716535 -0.700787 
vn 0.173228 -0.15748 -0.968504 
vn -0.0472441 0.149606 -0.984252 
vn 0.00787402 0.141732 -0.992126 
vn -0.0866142 0.102362 -0.992126 
vn -0.354331 -0.401575 0.84252 
vn -0.314961 -0.637795 0.700787 
vn -0.755906 -0.401575 0.511811 
vn -0.637795 -0.708661 0.307087 
vn -0.76378 -0.259843 0.590551 
vn -0.314961 -0.637795 0.700787 
vn 0.322835 -0.724409 0.606299 
vn 0.149606 -0.464567 0.874016 
vn -0.275591 -0.708661 0.645669 
vn -0.322835 -0.724409 0.606299 
vn 0.275591 -0.708661 0.645669 
vn -0.149606 -0.464567 0.874016 
vn -0.669291 -0.637795 -0.385827 
vn -0.00787402 -0.897638 -0.440945 
vn -0.322835 -0.425197 -0.84252 
vn -0.322835 -0.425197 -0.84252 
vn -0.00787402 -0.897638 -0.440945 
vn -0.393701 -0.818898 -0.425197 
vn 0.779528 0.488189 0.385827 
vn 0.92126 0.385827 0.00787402 
vn 0.653543 0.748031 -0.102362 
vn -0.834646 0.125984 -0.527559 
vn -0.913386 0.322835 -0.251969 
vn -0.724409 0.322835 -0.606299 
vn -0.992126 0.023622 0.110236 
vn -0.929134 0.362205 0.102362 
vn -0.913386 0.322835 -0.251969 
vn -0.976378 0 -0.228346 
vn 0.834646 0.125984 -0.527559 
vn 0.724409 0.330709 -0.606299 
vn 0.913386 0.322835 -0.251969 
vn 0.15748 0.322835 -0.929134 
vn -0.125984 0.0944882 -0.984252 
vn -0.330709 0.244094 -0.913386 
vn 0.125984 0.0944882 -0.984252 
vn -0.15748 0.322835 -0.929134 
vn 0.330709 0.244094 -0.913386 
vn 0.929134 0.362205 0.102362 
vn 0.992126 0.023622 0.110236 
vn 0.913386 0.322835 -0.251969 
vn 0.976378 0 -0.228346 
vn 0.740157 -0.456693 -0.496063 
vn 0.826772 -0.417323 -0.385827 
vn 0.795276 -0.496063 -0.346457 
vn -0.834646 -0.307087 0.464567 
vn -0.874016 0.0551181 0.488189 
vn -0.937008 -0.15748 0.322835 
vn -0.291339 0.11811 -0.944882 
vn -0.181102 0.0944882 -0.976378 
vn -0.188976 0.0314961 -0.984252 
vn 0.937008 -0.15748 0.322835 
vn 0.874016 0.0551181 0.488189 
vn 0.834646 -0.307087 0.464567 
vn -0.622047 0.700787 -0.354331 
vn -0.425197 0.393701 -0.811024 
vn -0.614173 0.614173 -0.503937 
vn -0.354331 0.244094 -0.905512 
vn -0.661417 -0.141732 -0.732283 
vn -0.80315 -0.251969 -0.535433 
vn -0.858268 -0.0551181 -0.511811 
vn -0.661417 -0.141732 -0.732283 
vn -0.748031 -0.267717 -0.606299 
vn -0.559055 -0.0787402 -0.826772 
vn -0.543307 -0.212598 -0.811024 
vn -0.559055 -0.220472 -0.795276 
vn -0.543307 -0.212598 -0.811024 
vn -0.748031 -0.267717 -0.606299 
vn 0.559055 -0.299213 -0.771654 
vn 0.629921 -0.23622 -0.740157 
vn 0.740157 -0.456693 -0.496063 
vn 0.425197 0.393701 -0.811024 
vn 0.622047 0.700787 -0.354331 
vn 0.614173 0.614173 -0.503937 
vn 0.354331 0.244094 -0.905512 
vn 0.826772 -0.417323 -0.385827 
vn 0.88189 -0.267717 -0.393701 
vn 0.889764 -0.440945 -0.149606 
vn 0.944882 -0.283465 -0.173228 
vn 0.889764 -0.440945 -0.149606 
vn 0.795276 -0.496063 -0.346457 
vn -0.952756 -0.314961 -0.0314961 
vn -0.944882 -0.181102 -0.283465 
vn -0.866142 -0.322835 -0.377953 
vn -0.811024 -0.448819 -0.377953 
vn -0.874016 -0.480315 -0.0314961 
vn -0.779528 -0.614173 -0.125984 
vn -0.755906 -0.401575 0.511811 
vn -0.472441 0 0.88189 
vn -0.354331 -0.401575 0.84252 
vn 0.771654 -0.496063 0.393701 
vn 0.795276 -0.362205 0.488189 
vn 0.574803 -0.535433 0.614173 
vn 0.614173 -0.401575 0.677165 
vn -0.771654 -0.496063 0.393701 
vn -0.905512 -0.346457 0.251969 
vn -0.811024 -0.511811 0.275591 
vn 0.905512 -0.346457 0.251969 
vn 0.771654 -0.496063 0.393701 
vn 0.811024 -0.503937 0.291339 
vn 0.708661 -0.15748 0.685039 
vn 0.708661 -0.15748 0.685039 
vn 0.708661 -0.15748 0.685039 
vn -0.700787 -0.314961 -0.645669 
vn -0.527559 -0.653543 -0.543307 
vn -0.755906 -0.582677 -0.307087 
vn 0.125984 -0.992126 -0.0787402 
vn 0.0866142 -0.80315 0.590551 
vn 0.637795 -0.708661 0.299213 
vn 0.598425 -0.795276 -0.0393701 
vn 0.700787 -0.314961 -0.645669 
vn 0.755906 -0.574803 -0.307087 
vn 0.527559 -0.653543 -0.543307 
vn -0.0866142 0.102362 -0.992126 
vn 0.00787402 0.141732 -0.992126 
vn -0.0314961 0.0472441 -1 
vn 0.393701 -0.417323 0.818898 
vn 0.165354 -0.417323 0.889764 
vn 0.267717 -0.559055 0.787402 
vn -0.267717 -0.559055 0.787402 
vn -0.165354 -0.417323 0.889764 
vn -0.393701 -0.417323 0.818898 
vn -0.551181 -0.023622 -0.834646 
vn -0.464567 -0.291339 -0.834646 
vn -0.700787 -0.314961 -0.645669 
vn 0.551181 -0.023622 -0.834646 
vn 0.700787 -0.314961 -0.645669 
vn 0.464567 -0.291339 -0.834646 
vn 0.661417 -0.653543 -0.370079 
vn 0.354331 -0.559055 -0.748031 
vn 0.244094 -0.834646 -0.496063 
vn -0.181102 0.0944882 -0.976378 
vn -0.0866142 0.102362 -0.992126 
vn -0.188976 0.0314961 -0.984252 
vn 0.76378 -0.409449 0.503937 
vn 0.637795 -0.708661 0.299213 
vn 0.0866142 -0.80315 0.590551 
vn 0.393701 -0.488189 0.771654 
vn 0.393701 -0.488189 0.771654 
vn 0.472441 -0.023622 0.88189 
vn 0.393701 -0.417323 0.818898 
vn 0.574803 -0.535433 0.614173 
vn 0.614173 -0.401575 0.677165 
vn 0.267717 -0.559055 0.787402 
vn -0.188976 0.0314961 -0.984252 
vn -0.0866142 0.102362 -0.992126 
vn -0.141732 0.015748 -0.992126 
vn -0.653543 -0.212598 -0.724409 
vn -0.472441 -0.0551181 -0.88189 
vn -0.464567 -0.23622 -0.858268 
vn 0.472441 -0.0551181 -0.88189 
vn 0.653543 -0.212598 -0.724409 
vn 0.464567 -0.23622 -0.858268 
vn -0.622047 -0.299213 0.724409 
vn -0.653543 0.0472441 0.755906 
vn -0.874016 0.0551181 0.488189 
vn -0.834646 -0.307087 0.464567 
vn -0.834646 -0.267717 -0.480315 
vn -0.322835 -0.425197 -0.84252 
vn -0.582677 0.19685 -0.787402 
vn 0.653543 0.0472441 0.755906 
vn 0.622047 -0.299213 0.724409 
vn 0.874016 0.0551181 0.488189 
vn 0.834646 -0.307087 0.464567 
vn -0.968504 0.023622 -0.259843 
vn -0.88189 0.0393701 -0.480315 
vn -0.874016 0.0393701 -0.488189 
vn -0.968504 0.023622 -0.251969 
vn -1 0.015748 -0.00787402 
vn -1 0.015748 0.00787402 
vn -0.244094 -0.968504 0.0944882 
vn -0.637795 -0.708661 0.307087 
vn -0.165354 -0.889764 0.425197 
vn -0.590551 -0.80315 -0.0314961 
vn -0.866142 -0.322835 -0.377953 
vn -0.629921 -0.401575 -0.669291 
vn -0.811024 -0.448819 -0.377953 
vn -0.653543 -0.212598 -0.724409 
vn -0.629921 -0.566929 -0.527559 
vn -0.629921 -0.401575 -0.669291 
vn -0.866142 -0.322835 -0.377953 
vn -0.826772 -0.149606 -0.543307 
vn 0.629921 -0.401575 -0.669291 
vn 0.811024 -0.448819 -0.377953 
vn 0.629921 -0.566929 -0.527559 
vn 0.629921 -0.401575 -0.669291 
vn 0.866142 -0.322835 -0.377953 
vn 0.653543 -0.212598 -0.724409 
vn 0.826772 -0.149606 -0.543307 
vn 0.866142 -0.322835 -0.377953 
vn -0.937008 -0.15748 0.322835 
vn -0.937008 0.11811 0.338583 
vn -0.992126 0.023622 0.110236 
vn 0.992126 0.023622 0.110236 
vn 0.937008 0.11811 0.338583 
vn 0.937008 -0.15748 0.322835 
vn 0.165354 -0.212598 0.96063 
vn 0 -0.204724 0.976378 
vn 0.165354 -0.417323 0.889764 
vn 0 -0.472441 0.88189 
vn 0.267717 -0.559055 0.787402 
vn 0 -0.661417 0.748031 
vn 0.228346 -0.669291 0.708661 
vn -0.771654 -0.496063 0.393701 
vn -0.748031 -0.582677 0.314961 
vn -0.677165 -0.645669 0.362205 
vn -0.811024 -0.511811 0.275591 
vn -0.275591 -0.708661 0.645669 
vn -0.559055 -0.472441 0.677165 
vn -0.740157 -0.488189 0.456693 
vn 0.748031 -0.566929 0.346457 
vn 0.771654 -0.496063 0.393701 
vn 0.677165 -0.645669 0.362205 
vn 0.811024 -0.503937 0.291339 
vn 0.559055 -0.480315 0.677165 
vn 0.275591 -0.708661 0.645669 
vn 0.740157 -0.488189 0.464567 
vn -0.480315 -0.669291 0.566929 
vn -0.267717 -0.559055 0.787402 
vn -0.574803 -0.535433 0.614173 
vn -0.228346 -0.669291 0.708661 
vn -0.614173 -0.401575 0.677165 
vn -0.795276 -0.362205 0.488189 
vn -0.771654 -0.496063 0.393701 
vn 0.748031 0.0944882 0.661417 
vn 0.866142 0.110236 0.488189 
vn 0.740157 0.0944882 0.669291 
vn 0.874016 0.11811 0.472441 
vn 0.874016 0.11811 0.472441 
vn 0.96063 0.133858 0.259843 
vn 0.866142 0.110236 0.488189 
vn 0.96063 0.133858 0.244094 
vn -0.874016 0.0551181 0.488189 
vn -0.937008 0.11811 0.338583 
vn -0.937008 -0.15748 0.322835 
vn -0.724409 0.322835 -0.606299 
vn -0.913386 0.322835 -0.251969 
vn -0.748031 0.582677 -0.322835 
vn 0.740157 0.0944882 0.669291 
vn 0.590551 0.0708661 0.80315 
vn 0.598425 0.0708661 0.795276 
vn 0.748031 0.0944882 0.661417 
vn 0.937008 0.11811 0.338583 
vn 0.874016 0.0551181 0.488189 
vn 0.937008 -0.15748 0.322835 
vn 0.724409 0.330709 -0.606299 
vn 0.748031 0.582677 -0.322835 
vn 0.913386 0.322835 -0.251969 
vn -0.755906 -0.582677 -0.307087 
vn -0.700787 -0.708661 -0.110236 
vn -0.897638 -0.393701 -0.204724 
vn -0.787402 -0.606299 0.0866142 
vn -0.874016 -0.480315 -0.0314961 
vn -0.779528 -0.614173 -0.125984 
vn -0.913386 -0.401575 0.0866142 
vn 0.755906 -0.574803 -0.307087 
vn 0.897638 -0.393701 -0.204724 
vn 0.700787 -0.708661 -0.110236 
vn 0.590551 0.0708661 0.80315 
vn 0.440945 0.0551181 0.897638 
vn 0.448819 0.0551181 0.889764 
vn 0.598425 0.0708661 0.795276 
vn -0.330709 -0.874016 0.346457 
vn -0.275591 -0.708661 0.645669 
vn -0.740157 -0.488189 0.456693 
vn 0.740157 -0.488189 0.464567 
vn 0.275591 -0.708661 0.645669 
vn 0.330709 -0.874016 0.346457 
vn 0.96063 0.133858 0.244094 
vn 0.992126 0.149606 0.00787402 
vn 0.96063 0.133858 0.259843 
vn 0.992126 0.149606 -0.00787402 
vn -0.00787402 -0.897638 -0.440945 
vn -0.244094 -0.968504 0.0944882 
vn -0.393701 -0.818898 -0.425197 
vn -0.669291 -0.637795 -0.385827 
vn -0.590551 -0.80315 -0.0314961 
vn -0.574803 -0.535433 0.614173 
vn -0.393701 -0.417323 0.818898 
vn -0.614173 -0.401575 0.677165 
vn -0.267717 -0.559055 0.787402 
vn -0.480315 -0.669291 0.566929 
vn -0.771654 -0.496063 0.393701 
vn -0.677165 -0.645669 0.362205 
vn 0.165354 -0.417323 0.889764 
vn 0 -0.472441 0.88189 
vn 0.267717 -0.559055 0.787402 
vn -0.724409 0.322835 -0.606299 
vn -0.519685 0.677165 -0.511811 
vn -0.480315 0.401575 -0.779528 
vn 0.724409 0.330709 -0.606299 
vn 0.480315 0.401575 -0.779528 
vn 0.527559 0.677165 -0.511811 
vn -0.748031 -0.582677 0.314961 
vn -0.629921 -0.685039 0.354331 
vn -0.566929 -0.748031 0.346457 
vn -0.811024 -0.511811 0.275591 
vn 0.275591 -0.708661 0.645669 
vn 0.220472 -0.511811 0.834646 
vn -0.149606 -0.464567 0.874016 
vn -0.149606 -0.464567 0.874016 
vn 0.015748 -0.259843 0.968504 
vn 0.385827 -0.283465 0.88189 
vn 0.015748 -0.259843 0.968504 
vn 0.149606 -0.464567 0.874016 
vn -0.015748 -0.259843 0.968504 
vn -0.220472 -0.511811 0.834646 
vn -0.015748 -0.259843 0.968504 
vn -0.385827 -0.283465 0.88189 
vn -0.275591 -0.708661 0.645669 
vn 0.149606 -0.464567 0.874016 
vn 0.574803 -0.535433 0.614173 
vn 0.480315 -0.669291 0.566929 
vn 0.771654 -0.496063 0.393701 
vn 0.677165 -0.645669 0.362205 
vn 0.322835 -0.937008 -0.133858 
vn 0.370079 -0.84252 0.393701 
vn 0.19685 -0.937008 0.283465 
vn -0.19685 -0.937008 0.283465 
vn -0.370079 -0.84252 0.393701 
vn -0.330709 -0.937008 -0.133858 
vn -0.874016 0.0393701 -0.488189 
vn -0.748031 0.0472441 -0.661417 
vn -0.740157 0.0472441 -0.669291 
vn -0.88189 0.0393701 -0.480315 
vn 0.598425 -0.795276 -0.0393701 
vn 0.661417 -0.653543 -0.370079 
vn 0.125984 -0.992126 -0.0787402 
vn 0.244094 -0.834646 -0.496063 
vn 0.992126 0.149606 -0.00787402 
vn 0.952756 0.15748 -0.251969 
vn 0.992126 0.149606 0.00787402 
vn 0.952756 0.15748 -0.251969 
vn 0.787402 -0.606299 0.0866142 
vn 0.874016 -0.480315 -0.0314961 
vn 0.913386 -0.401575 0.0866142 
vn 0.779528 -0.614173 -0.125984 
vn 0.590551 -0.80315 0.0314961 
vn 0.787402 -0.606299 0.0866142 
vn 0.267717 -0.559055 0.787402 
vn 0.480315 -0.669291 0.566929 
vn 0.574803 -0.535433 0.614173 
vn 0.228346 -0.669291 0.708661 
vn 0.535433 0.133858 -0.834646 
vn 0.76378 -0.228346 -0.606299 
vn 0.385827 -0.275591 -0.88189 
vn 0.354331 -0.559055 -0.748031 
vn 0.76378 -0.362205 -0.535433 
vn 0.661417 -0.653543 -0.370079 
vn -0.748031 -0.645669 0.141732 
vn -0.96063 -0.267717 0.0393701 
vn -0.700787 -0.708661 -0.110236 
vn -0.897638 -0.393701 -0.204724 
vn 0.944882 -0.204724 -0.267717 
vn 0.944882 -0.204724 -0.267717 
vn 0.944882 -0.204724 -0.267717 
vn 0.96063 -0.267717 0.0393701 
vn 0.748031 -0.645669 0.141732 
vn 0.700787 -0.708661 -0.110236 
vn 0.897638 -0.393701 -0.204724 
vn 0.503937 -0.440945 0.740157 
vn 0.755906 0.188976 0.622047 
vn 0.590551 -0.0472441 0.80315 
vn -0.590551 -0.0472441 0.80315 
vn -0.755906 0.188976 0.622047 
vn -0.503937 -0.440945 0.740157 
vn -0.968504 0 0.251969 
vn -1 0.015748 0.00787402 
vn -1 0.015748 -0.00787402 
vn -0.968504 0 0.259843 
vn -0.874016 0 0.480315 
vn -0.874016 0 0.488189 
vn -0.740157 -0.00787402 0.669291 
vn -0.740157 -0.00787402 0.677165 
vn -0.590551 -0.00787402 0.811024 
vn -0.590551 -0.00787402 0.811024 
vn -0.448819 -0.00787402 0.897638 
vn -0.440945 0 0.897638 
vn -0.307087 0 0.952756 
vn -0.299213 0 0.952756 
vn -0.15748 0.00787402 0.984252 
vn -0.149606 0.00787402 0.992126 
vn 0 0.015748 1 
vn 0 0.015748 1 
vn 0.149606 0.0314961 0.992126 
vn 0.15748 0.0314961 0.984252 
vn 0.291339 0.0393701 0.952756 
vn 0.299213 0.0393701 0.952756 
vn 0.440945 0.0551181 0.897638 
vn 0.448819 0.0551181 0.889764 
vn 0.653543 0.267717 0.708661 
vn 0.850394 -0.0944882 0.511811 
vn 0.472441 -0.023622 0.88189 
vn 0.76378 -0.409449 0.503937 
vn -0.511811 0.283465 -0.811024 
vn -0.267717 -0.023622 -0.96063 
vn -0.551181 -0.023622 -0.834646 
vn -0.15748 0.322835 -0.929134 
vn 0.929134 0.322835 -0.181102 
vn 0.984252 0.173228 -0.0866142 
vn 0.314961 0.220472 -0.92126 
vn 0.291339 0.559055 -0.779528 
vn 0.322835 0.141732 -0.937008 
vn 0.984252 0.173228 -0.0314961 
vn -0.984252 0.173228 -0.0866142 
vn -0.929134 0.322835 -0.181102 
vn -0.314961 0.220472 -0.92126 
vn -0.291339 0.559055 -0.779528 
vn -0.322835 0.141732 -0.937008 
vn -0.984252 0.173228 -0.0314961 
vn -0.385827 0.0629921 -0.92126 
vn -0.259843 0 -0.968504 
vn -0.133858 0.0551181 -0.992126 
vn -0.307087 -0.149606 -0.937008 
vn -0.19685 -0.141732 -0.968504 
vn -0.19685 -0.141732 -0.968504 
vn -0.409449 -0.338583 -0.850394 
vn -0.149606 -0.267717 -0.952756 
vn -0.472441 -0.0551181 -0.88189 
vn -0.307087 -0.149606 -0.937008 
vn -0.464567 -0.23622 -0.858268 
vn -0.133858 0.0551181 -0.992126 
vn -0.0944882 0 -0.992126 
vn -0.19685 -0.141732 -0.968504 
vn -0.0866142 -0.11811 -0.992126 
vn -0.133858 0.0551181 -0.992126 
vn 0 0.0472441 -1 
vn 0 -0.0472441 -1 
vn -0.0866142 -0.11811 -0.992126 
vn 0.0944882 0 -0.992126 
vn 0.133858 0.0551181 -0.992126 
vn 0.0866142 -0.125984 -0.992126 
vn 0 -0.220472 -0.976378 
vn -0.0866142 -0.11811 -0.992126 
vn 0.0866142 -0.125984 -0.992126 
vn 0.724409 0.677165 0.0866142 
vn 0.874016 -0.181102 0.448819 
vn 0.968504 -0.149606 -0.19685 
vn 0.267717 -0.023622 -0.96063 
vn 0.511811 0.283465 -0.811024 
vn 0.551181 -0.023622 -0.834646 
vn 0.15748 0.322835 -0.929134 
vn -0.740157 0.669291 -0.00787402 
vn -0.913386 -0.149606 -0.377953 
vn -0.96063 -0.173228 0.212598 
vn 0.952756 0.15748 -0.251969 
vn 0.866142 0.15748 -0.472441 
vn 0.952756 0.15748 -0.251969 
vn 0.866142 0.15748 -0.472441 
vn -0.338583 -0.897638 0.283465 
vn -0.283465 -0.716535 0.637795 
vn -0.370079 -0.811024 0.456693 
vn 0 -0.472441 0.88189 
vn -0.267717 -0.559055 0.787402 
vn 0 -0.661417 0.748031 
vn -0.228346 -0.669291 0.708661 
vn 0.307087 -0.149606 -0.937008 
vn 0.464567 -0.23622 -0.858268 
vn 0.409449 -0.338583 -0.850394 
vn -0.409449 -0.338583 -0.850394 
vn -0.464567 -0.23622 -0.858268 
vn -0.307087 -0.149606 -0.937008 
vn -0.110236 -0.897638 -0.433071 
vn -0.330709 -0.937008 -0.133858 
vn -0.425197 -0.677165 -0.598425 
vn 0.110236 -0.897638 -0.433071 
vn 0.425197 -0.677165 -0.598425 
vn 0.322835 -0.937008 -0.133858 
vn -0.677165 -0.645669 0.362205 
vn -0.748031 -0.582677 0.314961 
vn -0.566929 -0.748031 0.346457 
vn -0.740157 0.0472441 -0.669291 
vn -0.606299 0.0629921 -0.795276 
vn -0.598425 0.0629921 -0.80315 
vn -0.748031 0.0472441 -0.661417 
vn -0.275591 -0.708661 0.645669 
vn -0.220472 -0.511811 0.834646 
vn -0.559055 -0.472441 0.677165 
vn 0.559055 -0.748031 0.362205 
vn 0.748031 -0.566929 0.346457 
vn 0.677165 -0.645669 0.362205 
vn 0.559055 -0.480315 0.677165 
vn 0.220472 -0.511811 0.834646 
vn 0.275591 -0.708661 0.645669 
vn -0.976378 0.173228 0.102362 
vn -0.771654 0.637795 0.015748 
vn -0.708661 0.574803 0.417323 
vn 0.15748 -0.188976 0.968504 
vn 0 0.622047 0.779528 
vn -0.244094 -0.165354 0.96063 
vn -0.724409 0.322835 -0.606299 
vn -0.748031 0.582677 -0.322835 
vn -0.519685 0.677165 -0.511811 
vn 0.724409 0.330709 -0.606299 
vn 0.527559 0.677165 -0.511811 
vn 0.748031 0.582677 -0.322835 
vn 0.905512 -0.023622 -0.417323 
vn 0.76378 0.393701 -0.511811 
vn 0.535433 0.133858 -0.834646 
vn -0.330709 -0.937008 -0.102362 
vn -0.338583 -0.897638 0.283465 
vn -0.409449 -0.905512 0.0944882 
vn 0.401575 0.629921 0.661417 
vn 0.15748 -0.188976 0.968504 
vn 0.551181 -0.11811 0.826772 
vn 0.653543 0.267717 0.708661 
vn 0.779528 0.488189 0.385827 
vn 0.952756 0.11811 0.267717 
vn 0.653543 0.748031 -0.102362 
vn 0.952756 0.11811 0.267717 
vn -0.244094 -0.165354 0.96063 
vn -0.401575 0.637795 0.653543 
vn -0.503937 -0.15748 0.850394 
vn -0.779528 -0.614173 -0.125984 
vn -0.811024 -0.448819 -0.377953 
vn -0.629921 -0.566929 -0.527559 
vn -0.590551 -0.748031 -0.283465 
vn -0.779528 -0.614173 -0.125984 
vn 0.354331 0.244094 -0.905512 
vn 0.291339 -0.0944882 -0.952756 
vn 0.425197 0.393701 -0.811024 
vn -0.291339 -0.0944882 -0.952756 
vn -0.354331 0.244094 -0.905512 
vn -0.425197 0.393701 -0.811024 
vn -0.149606 -0.464567 0.874016 
vn 0.015748 -0.259843 0.968504 
vn -0.314961 -0.0393701 0.952756 
vn -0.622047 -0.299213 0.724409 
vn -0.314961 -0.0393701 0.952756 
vn 0.622047 -0.299213 0.724409 
vn 0.314961 -0.0393701 0.952756 
vn 0.149606 -0.464567 0.874016 
vn 0.314961 -0.0393701 0.952756 
vn -0.015748 -0.259843 0.968504 
vn 0.811024 -0.448819 -0.377953 
vn 0.779528 -0.614173 -0.125984 
vn 0.629921 -0.566929 -0.527559 
vn 0.629921 -0.566929 -0.527559 
vn 0.590551 -0.755906 -0.283465 
vn 0.401575 0.629921 0.661417 
vn 0.551181 -0.11811 0.826772 
vn 0.874016 -0.181102 0.448819 
vn -0.503937 -0.15748 0.850394 
vn -0.401575 0.637795 0.653543 
vn -0.834646 -0.149606 0.535433 
vn -0.19685 -0.448819 0.874016 
vn -0.188976 -0.251969 0.952756 
vn -0.299213 -0.574803 0.76378 
vn -0.283465 -0.716535 0.637795 
vn -0.19685 -0.448819 0.874016 
vn -0.700787 -0.314961 -0.645669 
vn -0.755906 -0.582677 -0.307087 
vn -0.913386 -0.23622 -0.338583 
vn 0.866142 0.15748 -0.472441 
vn 0.740157 0.149606 -0.653543 
vn 0.866142 0.15748 -0.472441 
vn 0.740157 0.149606 -0.653543 
vn 0.700787 -0.314961 -0.645669 
vn 0.913386 -0.23622 -0.338583 
vn 0.755906 -0.574803 -0.307087 
vn 0.291339 -0.0944882 -0.952756 
vn 0.11811 -0.370079 -0.92126 
vn 0.11811 -0.574803 -0.811024 
vn -0.291339 -0.0944882 -0.952756 
vn -0.11811 -0.574803 -0.811024 
vn -0.11811 -0.370079 -0.92126 
vn -0.19685 -0.448819 0.874016 
vn -0.0629921 -0.0551181 1 
vn -0.188976 -0.251969 0.952756 
vn -0.834646 -0.149606 0.535433 
vn -0.740157 0.669291 -0.00787402 
vn -0.96063 -0.173228 0.212598 
vn -0.338583 -0.897638 0.283465 
vn -0.370079 -0.811024 0.456693 
vn -0.409449 -0.905512 0.0944882 
vn -0.409449 -0.338583 -0.850394 
vn -0.629921 -0.401575 -0.669291 
vn -0.464567 -0.23622 -0.858268 
vn -0.653543 -0.212598 -0.724409 
vn -0.629921 -0.566929 -0.527559 
vn -0.629921 -0.401575 -0.669291 
vn -0.362205 -0.472441 -0.80315 
vn -0.370079 -0.669291 -0.645669 
vn 0.76378 -0.362205 -0.535433 
vn 0.535433 0.133858 -0.834646 
vn 0.385827 -0.275591 -0.88189 
vn 0.409449 -0.338583 -0.850394 
vn 0.464567 -0.23622 -0.858268 
vn 0.629921 -0.401575 -0.669291 
vn 0.653543 -0.212598 -0.724409 
vn 0.629921 -0.566929 -0.527559 
vn 0.629921 -0.401575 -0.669291 
vn 0.370079 -0.472441 -0.80315 
vn 0.377953 -0.669291 -0.637795 
vn 0.409449 -0.787402 0.456693 
vn 0.307087 -0.692913 0.645669 
vn 0.362205 -0.88189 0.299213 
vn -0.598425 0.0629921 -0.80315 
vn -0.448819 0.0708661 -0.889764 
vn -0.440945 0.0708661 -0.889764 
vn -0.606299 0.0629921 -0.795276 
vn -0.645669 0.259843 0.716535 
vn -0.472441 0 0.88189 
vn -0.897638 -0.0393701 0.433071 
vn -0.755906 -0.401575 0.511811 
vn 0.0866142 -0.125984 -0.992126 
vn 0.149606 -0.267717 -0.952756 
vn 0 -0.220472 -0.976378 
vn 0.149606 -0.267717 -0.952756 
vn 0.00787402 -0.377953 -0.929134 
vn 0.149606 -0.409449 -0.897638 
vn 0.125984 -0.590551 -0.795276 
vn 0.00787402 -0.377953 -0.929134 
vn -0.0866142 -0.590551 -0.80315 
vn 0.125984 -0.590551 -0.795276 
vn 0.125984 -0.80315 -0.590551 
vn 0.19685 -0.141732 -0.968504 
vn 0.149606 -0.267717 -0.952756 
vn 0.259843 0 -0.968504 
vn 0.133858 0.0551181 -0.992126 
vn 0.133858 0.0551181 -0.992126 
vn 0.385827 0.0629921 -0.92126 
vn 0.472441 -0.0551181 -0.88189 
vn 0.307087 -0.149606 -0.937008 
vn 0.19685 -0.141732 -0.968504 
vn 0.409449 -0.338583 -0.850394 
vn 0.19685 -0.141732 -0.968504 
vn 0.149606 -0.267717 -0.952756 
vn 0.472441 -0.0551181 -0.88189 
vn 0.307087 -0.149606 -0.937008 
vn 0.464567 -0.23622 -0.858268 
vn 0.661417 0.00787402 -0.755906 
vn 0.653543 -0.212598 -0.724409 
vn 0.653543 -0.212598 -0.724409 
vn 0.826772 -0.149606 -0.543307 
vn 0.385827 0.0629921 -0.92126 
vn 0.661417 0.00787402 -0.755906 
vn 0.645669 0.0866142 -0.755906 
vn 0.645669 0.0866142 -0.755906 
vn 0.905512 0.0944882 -0.409449 
vn -0.385827 -0.874016 -0.291339 
vn -0.283465 -0.779528 -0.559055 
vn -0.330709 -0.937008 -0.102362 
vn 0.370079 -0.84252 0.393701 
vn 0.503937 -0.440945 0.740157 
vn 0.385827 -0.582677 0.716535 
vn 0.19685 -0.937008 0.283465 
vn -0.503937 -0.440945 0.740157 
vn -0.370079 -0.84252 0.393701 
vn -0.385827 -0.582677 0.716535 
vn -0.19685 -0.937008 0.283465 
vn 0.330709 -0.559055 0.76378 
vn 0.212598 -0.417323 0.88189 
vn 0.307087 -0.692913 0.645669 
vn -0.598425 -0.80315 0.0314961 
vn -0.779528 -0.614173 -0.125984 
vn -0.590551 -0.748031 -0.283465 
vn -0.787402 -0.606299 0.0866142 
vn -0.598425 -0.80315 0.0314961 
vn -0.535433 -0.102362 -0.834646 
vn -0.590551 -0.0944882 -0.80315 
vn -0.590551 -0.0944882 -0.80315 
vn -0.543307 -0.102362 -0.834646 
vn 0.543307 0.11811 -0.834646 
vn 0.527559 -0.015748 -0.850394 
vn 0.527559 -0.023622 -0.850394 
vn -0.314961 -0.0393701 0.952756 
vn -0.653543 0.0472441 0.755906 
vn -0.622047 -0.299213 0.724409 
vn 0.653543 0.0472441 0.755906 
vn 0.314961 -0.0393701 0.952756 
vn 0.622047 -0.299213 0.724409 
vn -0.913386 -0.23622 -0.338583 
vn -0.755906 -0.582677 -0.307087 
vn -0.897638 -0.393701 -0.204724 
vn -0.566929 -0.748031 0.346457 
vn -0.401575 -0.795276 0.456693 
vn -0.677165 -0.645669 0.362205 
vn -0.480315 -0.669291 0.566929 
vn 0.913386 -0.23622 -0.338583 
vn 0.897638 -0.393701 -0.204724 
vn 0.755906 -0.574803 -0.307087 
vn 0.448819 -0.889764 0.0944882 
vn 0.362205 -0.88189 0.299213 
vn 0.362205 -0.929134 -0.0866142 
vn 0.677165 -0.645669 0.362205 
vn 0.401575 -0.795276 0.456693 
vn 0.559055 -0.748031 0.362205 
vn 0.480315 -0.669291 0.566929 
vn 0.598425 0.141732 -0.787402 
vn 0.740157 0.149606 -0.653543 
vn 0.740157 0.149606 -0.653543 
vn 0.590551 0.141732 -0.795276 
vn -0.385827 -0.874016 -0.291339 
vn -0.330709 -0.937008 -0.102362 
vn -0.409449 -0.905512 0.0944882 
vn 0.559055 -0.748031 0.362205 
vn 0.622047 -0.669291 0.409449 
vn 0.748031 -0.566929 0.346457 
vn 0.811024 -0.503937 0.291339 
vn 0.559055 -0.748031 0.362205 
vn 0.338583 -0.905512 0.244094 
vn 0.291339 -0.92126 0.251969 
vn -0.149606 -0.267717 -0.952756 
vn -0.19685 -0.141732 -0.968504 
vn -0.0866142 -0.11811 -0.992126 
vn -0.0866142 -0.11811 -0.992126 
vn 0 -0.220472 -0.976378 
vn 0.291339 0.559055 -0.779528 
vn 0.314961 0.220472 -0.92126 
vn 0.110236 0.19685 -0.976378 
vn 0.102362 0.559055 -0.826772 
vn 0.110236 0.110236 -0.984252 
vn 0.314961 0.220472 -0.92126 
vn 0.322835 0.141732 -0.937008 
vn -0.314961 0.220472 -0.92126 
vn -0.291339 0.559055 -0.779528 
vn -0.110236 0.19685 -0.976378 
vn -0.102362 0.559055 -0.826772 
vn -0.110236 0.110236 -0.984252 
vn -0.314961 0.220472 -0.92126 
vn -0.322835 0.141732 -0.937008 
vn 0.779528 -0.614173 -0.125984 
vn 0.590551 -0.80315 0.0314961 
vn 0.590551 -0.755906 -0.283465 
vn 0.330709 -0.559055 0.76378 
vn 0.307087 -0.692913 0.645669 
vn 0.409449 -0.787402 0.456693 
vn -0.748031 0.188976 0.637795 
vn -0.590551 0.244094 0.771654 
vn -0.606299 0.15748 0.779528 
vn -0.724409 0.267717 0.629921 
vn -0.724409 0.267717 0.629921 
vn -0.574803 0.291339 0.76378 
vn -0.708661 0.322835 0.629921 
vn -0.440945 0.0708661 -0.889764 
vn -0.299213 0.0787402 -0.952756 
vn -0.291339 0.0866142 -0.952756 
vn -0.448819 0.0708661 -0.889764 
vn 0.464567 0.220472 0.858268 
vn 0.574803 0.433071 0.692913 
vn 0.440945 0.417323 0.795276 
vn 0.606299 0.251969 0.755906 
vn 0.464567 0.133858 0.874016 
vn 0.464567 0.220472 0.858268 
vn 0.614173 0.15748 0.771654 
vn 0.448819 0.212598 0.866142 
vn 0.590551 0.244094 0.76378 
vn 0.433071 0.267717 0.858268 
vn 0.574803 0.291339 0.76378 
vn 0.433071 0.267717 0.858268 
vn 0.574803 0.291339 0.76378 
vn 0.574803 0.299213 0.76378 
vn 0.480315 -0.149606 -0.866142 
vn 0.496063 0.645669 -0.582677 
vn 0.84252 -0.15748 -0.511811 
vn 0.409449 -0.787402 0.456693 
vn 0.362205 -0.88189 0.299213 
vn 0.448819 -0.889764 0.0944882 
vn 0.984252 0.181102 0 
vn 0.984252 0.181102 0 
vn 0.984252 0.181102 0 
vn 0.212598 -0.23622 0.944882 
vn 0.0787402 -0.0393701 0.992126 
vn 0.212598 -0.417323 0.88189 
vn 0.653543 0.267717 0.708661 
vn 0.952756 0.11811 0.267717 
vn 0.850394 -0.0944882 0.511811 
vn -0.0866142 0.0787402 -0.992126 
vn 0 0.0866142 -1 
vn 0 0.0866142 -1 
vn -0.0866142 0.0787402 -0.992126 
vn -0.0866142 0.0787402 -0.992126 
vn -0.0866142 0.0787402 -0.992126 
vn -0.0866142 0.0787402 -0.992126 
vn -0.0866142 0.0787402 -0.992126 
vn -0.0629921 -0.0551181 1 
vn 0.0866142 0.370079 0.92126 
vn -0.0472441 0.11811 0.992126 
vn 0.488189 -0.212598 -0.850394 
vn 0.527559 -0.015748 -0.850394 
vn 0.480315 -0.212598 -0.850394 
vn 0.401575 0.629921 0.661417 
vn 0 0.622047 0.779528 
vn 0.15748 -0.188976 0.968504 
vn 0.212598 -0.23622 0.944882 
vn 0.212598 -0.417323 0.88189 
vn 0.330709 -0.559055 0.76378 
vn -0.244094 -0.165354 0.96063 
vn 0 0.622047 0.779528 
vn -0.401575 0.637795 0.653543 
vn 0.692913 0.456693 0.559055 
vn 0.740157 0.275591 0.614173 
vn 0.850394 0.299213 0.433071 
vn 0.787402 0.480315 0.393701 
vn 0.866142 0.212598 0.448819 
vn 0.748031 0.188976 0.629921 
vn 0.748031 0.188976 0.629921 
vn 0.84252 0.299213 0.448819 
vn 0.732283 0.275591 0.622047 
vn 0.826772 0.354331 0.440945 
vn 0.708661 0.322835 0.622047 
vn 0.708661 0.322835 0.622047 
vn 0.818898 0.362205 0.440945 
vn 0.708661 0.330709 0.622047 
vn 0.448819 0.133858 -0.88189 
vn 0.590551 0.141732 -0.795276 
vn 0.598425 0.141732 -0.787402 
vn 0.440945 0.133858 -0.889764 
vn -0.0629921 -0.0551181 1 
vn -0.0472441 0.11811 0.992126 
vn -0.188976 -0.251969 0.952756 
vn -0.141732 0.370079 0.92126 
vn -0.0866142 0.377953 0.92126 
vn 0.0787402 -0.0393701 0.992126 
vn 0.401575 -0.795276 0.456693 
vn 0.228346 -0.669291 0.708661 
vn 0.173228 -0.80315 0.574803 
vn 0.480315 -0.669291 0.566929 
vn 0 -0.661417 0.748031 
vn -0.228346 -0.669291 0.708661 
vn -0.173228 -0.80315 0.574803 
vn 0 -0.80315 0.598425 
vn 0.0787402 0.0866142 -0.992126 
vn 0.0787402 0.0866142 -0.992126 
vn 0.0787402 0.0866142 -0.992126 
vn 0.0787402 0.0866142 -0.992126 
vn 0 0.0866142 -1 
vn 0.0787402 0.0866142 -0.992126 
vn 0.0787402 0.0866142 -0.992126 
vn 0 0.0866142 -1 
vn 0.385827 -0.283465 0.88189 
vn 0.220472 -0.511811 0.834646 
vn 0.559055 -0.480315 0.677165 
vn -0.220472 -0.511811 0.834646 
vn -0.385827 -0.283465 0.88189 
vn -0.559055 -0.472441 0.677165 
vn 0.149606 -0.409449 -0.897638 
vn 0.149606 -0.267717 -0.952756 
vn 0.370079 -0.472441 -0.80315 
vn 0.409449 -0.338583 -0.850394 
vn -0.362205 -0.472441 -0.80315 
vn -0.149606 -0.267717 -0.952756 
vn -0.149606 -0.409449 -0.897638 
vn -0.409449 -0.338583 -0.850394 
vn 0.440945 -0.858268 -0.275591 
vn 0.362205 -0.929134 -0.0866142 
vn 0.314961 -0.818898 -0.472441 
vn 0.362205 -0.88189 0.299213 
vn -0.0944882 -0.866142 0.496063 
vn -0.0551181 -1 -0.0551181 
vn 0.362205 -0.929134 -0.0866142 
vn -0.291339 0.0866142 -0.952756 
vn -0.149606 0.0944882 -0.984252 
vn -0.141732 0.0944882 -0.984252 
vn -0.299213 0.0787402 -0.952756 
vn -0.11811 -0.370079 -0.92126 
vn -0.425197 -0.677165 -0.598425 
vn -0.629921 -0.149606 -0.755906 
vn 0.11811 -0.370079 -0.92126 
vn 0.629921 -0.149606 -0.755906 
vn 0.425197 -0.677165 -0.598425 
vn 0.527559 -0.015748 -0.850394 
vn 0.488189 -0.212598 -0.850394 
vn 0.527559 -0.023622 -0.850394 
vn -0.527559 0.566929 0.629921 
vn -0.440945 0.409449 0.795276 
vn -0.409449 0.551181 0.724409 
vn -0.566929 0.433071 0.700787 
vn -0.464567 0.220472 0.858268 
vn -0.440945 0.409449 0.795276 
vn -0.606299 0.244094 0.755906 
vn -0.464567 0.133858 0.874016 
vn -0.464567 0.220472 0.858268 
vn -0.606299 0.15748 0.779528 
vn -0.448819 0.212598 0.866142 
vn -0.464567 0.133858 0.874016 
vn -0.590551 0.244094 0.771654 
vn -0.433071 0.267717 0.858268 
vn -0.574803 0.291339 0.76378 
vn -0.433071 0.267717 0.858268 
vn -0.574803 0.299213 0.76378 
vn -0.19685 -0.929134 -0.307087 
vn -0.212598 0.551181 0.811024 
vn -0.291339 -0.716535 -0.637795 
vn -0.535433 -0.102362 -0.834646 
vn -0.488189 -0.110236 -0.866142 
vn -0.543307 -0.102362 -0.834646 
vn 0.19685 -0.929134 -0.307087 
vn 0.291339 -0.716535 -0.637795 
vn 0.212598 0.551181 0.811024 
vn -0.173228 0.897638 0.409449 
vn -0.291339 -0.716535 -0.637795 
vn -0.212598 0.551181 0.811024 
vn -0.283465 -0.716535 0.637795 
vn -0.299213 -0.574803 0.76378 
vn -0.370079 -0.811024 0.456693 
vn -0.409449 -0.905512 0.0944882 
vn -0.590551 -0.755906 0.291339 
vn 0.212598 0.551181 0.811024 
vn 0.291339 -0.716535 -0.637795 
vn 0.173228 0.897638 0.409449 
vn -0.330709 -0.937008 -0.102362 
vn 0.0472441 -1 -0.0551181 
vn -0.338583 -0.897638 0.283465 
vn 0.0944882 -0.866142 0.496063 
vn 0.299213 0.125984 -0.944882 
vn 0.440945 0.133858 -0.889764 
vn 0.448819 0.133858 -0.88189 
vn 0.291339 0.125984 -0.944882 
vn -0.708661 0.322835 0.629921 
vn -0.574803 0.299213 0.76378 
vn -0.574803 0.291339 0.76378 
vn -0.708661 0.330709 0.629921 
vn 0.440945 -0.858268 -0.275591 
vn 0.448819 -0.889764 0.0944882 
vn 0.362205 -0.929134 -0.0866142 
vn -0.858268 0.393701 0.322835 
vn -0.992126 0.023622 0.110236 
vn -0.937008 0.11811 0.338583 
vn -0.929134 0.362205 0.102362 
vn -0.141732 0.0944882 -0.984252 
vn -0.0708661 0.0944882 -0.992126 
vn -0.0708661 0.0944882 -0.992126 
vn -0.149606 0.0944882 -0.984252 
vn 0.858268 0.393701 0.322835 
vn 0.992126 0.023622 0.110236 
vn 0.929134 0.362205 0.102362 
vn 0.937008 0.11811 0.338583 
vn 0.212598 -0.417323 0.88189 
vn -0.307087 -0.377953 0.874016 
vn -0.0944882 -0.866142 0.496063 
vn 0.307087 -0.692913 0.645669 
vn 0.724409 0.677165 0.0866142 
vn 0.401575 0.629921 0.661417 
vn 0.874016 -0.181102 0.448819 
vn 0.149606 0.110236 -0.984252 
vn 0.291339 0.125984 -0.944882 
vn 0.299213 0.125984 -0.944882 
vn 0.141732 0.110236 -0.984252 
vn -0.173228 0.897638 0.409449 
vn -0.251969 -0.267717 -0.929134 
vn -0.291339 -0.716535 -0.637795 
vn 0.629921 -0.566929 -0.527559 
vn 0.590551 -0.755906 -0.283465 
vn 0.377953 -0.669291 -0.637795 
vn 0.0708661 0.110236 -0.992126 
vn 0.141732 0.110236 -0.984252 
vn 0.149606 0.110236 -0.984252 
vn 0.0708661 0.110236 -0.992126 
vn 0.251969 -0.267717 -0.929134 
vn 0.173228 0.897638 0.409449 
vn 0.291339 -0.716535 -0.637795 
vn -0.291339 -0.92126 0.251969 
vn -0.566929 -0.748031 0.346457 
vn -0.354331 -0.905512 0.23622 
vn -0.629921 -0.685039 0.354331 
vn 0.299213 -0.377953 0.874016 
vn -0.19685 -0.448819 0.874016 
vn 0.0944882 -0.866142 0.496063 
vn -0.283465 -0.716535 0.637795 
vn -0.401575 -0.795276 0.456693 
vn -0.566929 -0.748031 0.346457 
vn -0.291339 -0.92126 0.251969 
vn 0.527559 -0.015748 -0.850394 
vn 0.543307 0.11811 -0.834646 
vn 0.543307 0.11811 -0.834646 
vn 0.291339 -0.92126 0.251969 
vn 0.559055 -0.748031 0.362205 
vn 0.401575 -0.795276 0.456693 
vn -0.551181 -0.023622 -0.834646 
vn -0.700787 -0.314961 -0.645669 
vn -0.740157 0.267717 -0.614173 
vn -0.0551181 -1 -0.0551181 
vn 0.314961 -0.818898 -0.472441 
vn 0.362205 -0.929134 -0.0866142 
vn -0.023622 -0.858268 -0.503937 
vn 0.204724 -0.0787402 -0.976378 
vn 0.488189 -0.212598 -0.850394 
vn 0.480315 -0.212598 -0.850394 
vn 0.551181 -0.023622 -0.834646 
vn 0.740157 0.267717 -0.614173 
vn 0.700787 -0.314961 -0.645669 
vn 0.307087 -0.692913 0.645669 
vn -0.0944882 -0.866142 0.496063 
vn 0.362205 -0.88189 0.299213 
vn 0.0944882 0.125984 0.984252 
vn 0.0787402 -0.0393701 0.992126 
vn 0.212598 -0.23622 0.944882 
vn 0.0944882 0.125984 0.984252 
vn -0.141732 0.370079 0.92126 
vn 0.0787402 -0.0393701 0.992126 
vn -0.401575 -0.795276 0.456693 
vn -0.291339 -0.92126 0.251969 
vn -0.133858 -0.937008 0.322835 
vn -0.228346 -0.669291 0.708661 
vn -0.173228 -0.80315 0.574803 
vn -0.480315 -0.669291 0.566929 
vn -0.283465 -0.779528 -0.559055 
vn 0.023622 -0.858268 -0.511811 
vn -0.330709 -0.937008 -0.102362 
vn 0.0472441 -1 -0.0551181 
vn 0.929134 0.362205 0.102362 
vn 0.913386 0.322835 -0.251969 
vn 0.716535 0.700787 0.015748 
vn 0.748031 0.582677 -0.322835 
vn -0.590551 -0.748031 -0.283465 
vn -0.629921 -0.566929 -0.527559 
vn -0.370079 -0.669291 -0.645669 
vn -0.370079 -0.874016 -0.307087 
vn -0.590551 -0.748031 -0.283465 
vn 0.0944882 -0.866142 0.496063 
vn -0.283465 -0.716535 0.637795 
vn -0.338583 -0.897638 0.283465 
vn 0.00787402 -0.377953 -0.929134 
vn -0.149606 -0.267717 -0.952756 
vn 0 -0.220472 -0.976378 
vn -0.149606 -0.409449 -0.897638 
vn -0.0866142 -0.590551 -0.80315 
vn -0.944882 -0.228346 0.220472 
vn -0.944882 -0.228346 0.220472 
vn -0.944882 -0.228346 0.220472 
vn -0.370079 -0.811024 0.456693 
vn -0.299213 -0.574803 0.76378 
vn -0.527559 -0.519685 0.669291 
vn -0.834646 -0.149606 0.535433 
vn -0.401575 0.637795 0.653543 
vn -0.740157 0.669291 -0.00787402 
vn 0.228346 -0.669291 0.708661 
vn 0 -0.661417 0.748031 
vn 0.173228 -0.80315 0.574803 
vn 0 -0.80315 0.598425 
vn 0 -0.929134 0.370079 
vn 0 -0.80315 0.598425 
vn 0.133858 -0.937008 0.322835 
vn 0.0866142 0.370079 0.92126 
vn 0.0944882 0.488189 0.866142 
vn -0.0472441 0.11811 0.992126 
vn 0.850394 0.299213 -0.433071 
vn 0.692913 0.456693 -0.559055 
vn 0.787402 0.480315 -0.393701 
vn 0.740157 0.275591 -0.606299 
vn 0.866142 0.212598 -0.448819 
vn 0.740157 0.275591 -0.606299 
vn 0.755906 0.181102 -0.629921 
vn 0.84252 0.291339 -0.448819 
vn 0.732283 0.259843 -0.622047 
vn 0.826772 0.338583 -0.448819 
vn 0.716535 0.307087 -0.622047 
vn 0.826772 0.346457 -0.440945 
vn 0.716535 0.314961 -0.622047 
vn 0.826772 0.338583 -0.448819 
vn 0.377953 -0.685039 -0.622047 
vn 0.314961 -0.818898 -0.472441 
vn 0.228346 -0.582677 -0.787402 
vn -0.456693 -0.0551181 -0.889764 
vn -0.700787 -0.314961 -0.645669 
vn -0.913386 -0.23622 -0.338583 
vn 0.590551 -0.80315 0.0314961 
vn 0.440945 -0.897638 0.023622 
vn 0.590551 -0.755906 -0.283465 
vn 0.370079 -0.874016 -0.307087 
vn -0.433071 -0.897638 0.015748 
vn -0.598425 -0.80315 0.0314961 
vn -0.590551 -0.748031 -0.283465 
vn -0.370079 -0.874016 -0.307087 
vn -0.850394 0.299213 -0.433071 
vn -0.787402 0.480315 -0.393701 
vn -0.692913 0.464567 -0.559055 
vn -0.740157 0.275591 -0.614173 
vn -0.740157 0.275591 -0.614173 
vn -0.866142 0.212598 -0.448819 
vn -0.755906 0.188976 -0.629921 
vn -0.84252 0.291339 -0.448819 
vn -0.732283 0.259843 -0.622047 
vn -0.826772 0.346457 -0.448819 
vn -0.716535 0.307087 -0.622047 
vn -0.826772 0.346457 -0.440945 
vn -0.716535 0.314961 -0.622047 
vn -0.826772 0.346457 -0.448819 
vn 0.456693 -0.0551181 -0.889764 
vn 0.913386 -0.23622 -0.338583 
vn 0.700787 -0.314961 -0.645669 
vn -0.787402 0.393701 0.472441 
vn -0.937008 0.11811 0.338583 
vn -0.874016 0.0551181 0.488189 
vn -0.858268 0.393701 0.322835 
vn 0.377953 -0.685039 -0.622047 
vn 0.440945 -0.858268 -0.275591 
vn 0.314961 -0.818898 -0.472441 
vn 0.968504 -0.149606 -0.19685 
vn 0.496063 0.645669 -0.582677 
vn 0.724409 0.677165 0.0866142 
vn 0.84252 -0.15748 -0.511811 
vn -0.480315 0.401575 -0.779528 
vn -0.141732 0.574803 -0.80315 
vn -0.330709 0.244094 -0.913386 
vn -0.141732 0.574803 -0.80315 
vn 0.15748 0.322835 -0.929134 
vn 0.330709 0.590551 -0.732283 
vn 0.511811 0.283465 -0.811024 
vn -0.141732 0.574803 -0.80315 
vn 0.330709 0.590551 -0.732283 
vn -0.0629921 0.795276 -0.606299 
vn 0.787402 0.393701 0.472441 
vn 0.937008 0.11811 0.338583 
vn 0.858268 0.393701 0.322835 
vn 0.874016 0.0551181 0.488189 
vn 0.330709 0.244094 -0.913386 
vn 0.141732 0.574803 -0.80315 
vn 0.480315 0.401575 -0.779528 
vn -0.15748 0.322835 -0.929134 
vn 0.141732 0.574803 -0.80315 
vn -0.511811 0.283465 -0.811024 
vn -0.330709 0.590551 -0.732283 
vn -0.330709 0.590551 -0.732283 
vn 0.141732 0.574803 -0.80315 
vn 0.0629921 0.795276 -0.606299 
vn -0.377953 -0.677165 -0.629921 
vn -0.283465 -0.779528 -0.559055 
vn -0.385827 -0.874016 -0.291339 
vn 0.149606 0.385827 0.913386 
vn 0.275591 0.535433 0.795276 
vn 0.141732 0.527559 0.834646 
vn 0.244094 0.685039 0.685039 
vn 0.299213 0.393701 0.866142 
vn 0.11811 0.685039 0.724409 
vn 0.15748 0.19685 0.968504 
vn 0.181102 0.834646 0.519685 
vn 0.314961 0.204724 0.929134 
vn 0.0944882 0.834646 0.551181 
vn 0.15748 0.110236 0.984252 
vn 0.102362 0.952756 0.291339 
vn 0.0472441 0.952756 0.307087 
vn 0 1 0 
vn 0.307087 0.11811 0.944882 
vn 0.15748 0.181102 0.968504 
vn 0.299213 0.19685 0.929134 
vn 0.149606 0.228346 0.96063 
vn 0.291339 0.244094 0.92126 
vn 0.149606 0.23622 0.96063 
vn 0.291339 0.251969 0.92126 
vn 0 0.826772 0.559055 
vn 0.0472441 0.952756 0.307087 
vn 0 0.952756 0.314961 
vn 0 1 0 
vn 0.0944882 0.834646 0.551181 
vn 0 0.677165 0.732283 
vn 0.11811 0.685039 0.724409 
vn 0 0.527559 0.850394 
vn 0.141732 0.527559 0.834646 
vn 0 0.385827 0.92126 
vn 0.149606 0.385827 0.913386 
vn 0 0.188976 0.984252 
vn 0.15748 0.19685 0.968504 
vn 0 0.102362 0.992126 
vn 0.15748 0.110236 0.984252 
vn 0 0.181102 0.984252 
vn 0.15748 0.181102 0.968504 
vn 0 0.228346 0.976378 
vn 0.149606 0.228346 0.96063 
vn 0 0.228346 0.976378 
vn 0.149606 0.23622 0.96063 
vn -0.149606 0.385827 0.913386 
vn 0 0.188976 0.984252 
vn 0 0.385827 0.92126 
vn -0.15748 0.19685 0.968504 
vn -0.141732 0.527559 0.834646 
vn 0 0.102362 0.992126 
vn 0 0.527559 0.850394 
vn -0.15748 0.110236 0.984252 
vn -0.11811 0.685039 0.724409 
vn 0 0.181102 0.984252 
vn 0 0.677165 0.732283 
vn -0.15748 0.181102 0.968504 
vn -0.0944882 0.834646 0.551181 
vn 0 0.228346 0.976378 
vn 0 0.826772 0.559055 
vn -0.149606 0.228346 0.96063 
vn 0 0.228346 0.976378 
vn -0.149606 0.23622 0.96063 
vn -0.0551181 0.952756 0.307087 
vn 0 0.952756 0.314961 
vn 0 1 0 
vn 0.377953 -0.669291 -0.637795 
vn 0.590551 -0.755906 -0.283465 
vn 0.370079 -0.874016 -0.307087 
vn 0.488189 -0.464567 0.740157 
vn 0.330709 -0.559055 0.76378 
vn 0.409449 -0.787402 0.456693 
vn 0.566929 -0.692913 0.448819 
vn 0.149606 0.952756 0.259843 
vn 0 1 0 
vn 0.102362 0.952756 0.291339 
vn 0.181102 0.834646 0.519685 
vn 0.267717 0.84252 0.472441 
vn 0.244094 0.685039 0.685039 
vn 0.354331 0.700787 0.622047 
vn 0.275591 0.535433 0.795276 
vn 0.409449 0.551181 0.724409 
vn 0.299213 0.393701 0.866142 
vn 0.440945 0.417323 0.795276 
vn 0.314961 0.204724 0.929134 
vn 0.464567 0.220472 0.858268 
vn 0.299213 0.393701 0.866142 
vn 0.307087 0.11811 0.944882 
vn 0.464567 0.220472 0.858268 
vn 0.464567 0.133858 0.874016 
vn 0.299213 0.19685 0.929134 
vn 0.464567 0.133858 0.874016 
vn 0.448819 0.212598 0.866142 
vn 0.291339 0.244094 0.92126 
vn 0.433071 0.267717 0.858268 
vn 0.291339 0.251969 0.92126 
vn 0.433071 0.267717 0.858268 
vn -0.102362 0.952756 0.291339 
vn -0.181102 0.834646 0.519685 
vn -0.0944882 0.834646 0.551181 
vn -0.0551181 0.952756 0.307087 
vn 0 1 0 
vn -0.11811 0.685039 0.724409 
vn -0.244094 0.685039 0.685039 
vn -0.141732 0.527559 0.834646 
vn -0.275591 0.535433 0.795276 
vn -0.149606 0.385827 0.913386 
vn -0.299213 0.393701 0.866142 
vn -0.15748 0.19685 0.968504 
vn -0.314961 0.204724 0.929134 
vn -0.15748 0.110236 0.984252 
vn -0.314961 0.11811 0.944882 
vn -0.15748 0.181102 0.968504 
vn -0.307087 0.19685 0.929134 
vn -0.149606 0.228346 0.96063 
vn -0.299213 0.244094 0.92126 
vn -0.149606 0.23622 0.96063 
vn -0.299213 0.251969 0.92126 
vn -0.511811 0.283465 -0.811024 
vn -0.551181 -0.023622 -0.834646 
vn -0.740157 0.267717 -0.614173 
vn -0.440945 0.409449 0.795276 
vn -0.314961 0.204724 0.929134 
vn -0.299213 0.393701 0.866142 
vn -0.464567 0.220472 0.858268 
vn -0.314961 0.11811 0.944882 
vn -0.464567 0.133858 0.874016 
vn -0.307087 0.19685 0.929134 
vn -0.448819 0.212598 0.866142 
vn -0.299213 0.244094 0.92126 
vn -0.433071 0.267717 0.858268 
vn -0.299213 0.251969 0.92126 
vn -0.433071 0.267717 0.858268 
vn -0.409449 0.551181 0.724409 
vn -0.440945 0.409449 0.795276 
vn -0.275591 0.535433 0.795276 
vn -0.354331 0.700787 0.622047 
vn -0.244094 0.685039 0.685039 
vn -0.267717 0.84252 0.472441 
vn -0.181102 0.834646 0.519685 
vn -0.149606 0.952756 0.259843 
vn -0.102362 0.952756 0.291339 
vn 0 1 0 
vn 0.511811 0.283465 -0.811024 
vn 0.740157 0.267717 -0.614173 
vn 0.551181 -0.023622 -0.834646 
vn 0.566929 -0.692913 0.448819 
vn 0.409449 -0.787402 0.456693 
vn 0.448819 -0.889764 0.0944882 
vn 0.590551 -0.80315 0.102362 
vn 0.133858 -0.937008 0.322835 
vn 0.401575 -0.795276 0.456693 
vn 0.173228 -0.80315 0.574803 
vn -0.173228 -0.80315 0.574803 
vn -0.401575 -0.795276 0.456693 
vn -0.133858 -0.937008 0.322835 
vn 0.102362 0.559055 -0.826772 
vn 0 0.559055 -0.834646 
vn 0.0393701 -0.0708661 -1 
vn 0 0.188976 -0.984252 
vn 0 0.559055 -0.834646 
vn 0.110236 0.19685 -0.976378 
vn 0 0.0866142 -0.992126 
vn 0.110236 0.19685 -0.976378 
vn 0.110236 0.110236 -0.984252 
vn -0.102362 0.559055 -0.826772 
vn -0.0393701 -0.0708661 -1 
vn 0.00787402 0.559055 -0.834646 
vn 0 0.188976 -0.984252 
vn 0.00787402 0.559055 -0.834646 
vn -0.110236 0.19685 -0.976378 
vn 0 0.0866142 -0.992126 
vn -0.110236 0.19685 -0.976378 
vn -0.110236 0.110236 -0.984252 
vn 0.440945 0.417323 0.795276 
vn 0.527559 0.566929 0.629921 
vn 0.409449 0.551181 0.724409 
vn 0.574803 0.433071 0.692913 
vn -0.748031 -0.645669 0.141732 
vn -0.740157 -0.488189 0.456693 
vn -0.96063 -0.267717 0.0393701 
vn -0.370079 -0.811024 0.456693 
vn -0.527559 -0.519685 0.669291 
vn -0.590551 -0.755906 0.291339 
vn 0.740157 -0.488189 0.464567 
vn 0.748031 -0.645669 0.141732 
vn 0.96063 -0.267717 0.0393701 
vn 0.574803 0.291339 0.76378 
vn 0.732283 0.275591 0.622047 
vn 0.590551 0.244094 0.76378 
vn 0.708661 0.322835 0.622047 
vn 0.748031 0.188976 0.629921 
vn 0.732283 0.275591 0.622047 
vn 0.614173 0.15748 0.771654 
vn 0.574803 0.299213 0.76378 
vn 0.708661 0.330709 0.622047 
vn 0.574803 0.291339 0.76378 
vn 0.740157 0.275591 0.614173 
vn 0.748031 0.188976 0.629921 
vn 0.606299 0.251969 0.755906 
vn 0.692913 0.456693 0.559055 
vn 0.574803 0.433071 0.692913 
vn 0.527559 0.566929 0.629921 
vn 0.692913 0.456693 0.559055 
vn 0.637795 0.582677 0.503937 
vn 0.543307 0.724409 0.433071 
vn 0.527559 0.566929 0.629921 
vn 0.456693 0.708661 0.535433 
vn 0.409449 0.858268 0.322835 
vn 0.543307 0.724409 0.433071 
vn 0.346457 0.850394 0.401575 
vn 0.220472 0.96063 0.173228 
vn 0.188976 0.96063 0.220472 
vn 0 1 0 
vn 0.228346 -0.582677 -0.787402 
vn -0.023622 -0.858268 -0.503937 
vn -0.11811 -0.574803 -0.811024 
vn 0.976378 0.188976 -0.133858 
vn 0.653543 0.748031 -0.102362 
vn 0.76378 0.393701 -0.511811 
vn 0.905512 -0.023622 -0.417323 
vn 0.204724 -0.496063 -0.84252 
vn 0.251969 -0.267717 -0.929134 
vn 0.291339 -0.716535 -0.637795 
vn -0.204724 -0.496063 -0.84252 
vn -0.291339 -0.716535 -0.637795 
vn -0.251969 -0.267717 -0.929134 
vn -0.330709 0.149606 -0.929134 
vn -0.307087 0.559055 -0.771654 
vn -0.11811 0.173228 -0.976378 
vn -0.110236 0.559055 -0.818898 
vn -0.338583 0.0314961 -0.937008 
vn -0.11811 0.0708661 -0.992126 
vn 0.314961 -0.818898 -0.472441 
vn -0.023622 -0.858268 -0.503937 
vn 0.228346 -0.582677 -0.787402 
vn -0.19685 0.748031 0.629921 
vn -0.0866142 0.377953 0.92126 
vn -0.141732 0.370079 0.92126 
vn -0.204724 -0.488189 -0.850394 
vn 0.11811 -0.574803 -0.811024 
vn 0.023622 -0.858268 -0.511811 
vn -0.598425 -0.795276 -0.102362 
vn -0.385827 -0.874016 -0.291339 
vn -0.409449 -0.905512 0.0944882 
vn 0.11811 0.173228 -0.976378 
vn 0.307087 0.559055 -0.771654 
vn 0.330709 0.149606 -0.929134 
vn 0.110236 0.559055 -0.818898 
vn 0.338583 0.0314961 -0.937008 
vn 0.11811 0.0708661 -0.992126 
vn 0.023622 -0.858268 -0.511811 
vn -0.283465 -0.779528 -0.559055 
vn -0.204724 -0.488189 -0.850394 
vn -0.188976 -0.251969 0.952756 
vn -0.377953 -0.15748 0.913386 
vn -0.299213 -0.574803 0.76378 
vn -0.527559 -0.519685 0.669291 
vn 0.291339 -0.92126 0.251969 
vn 0.401575 -0.795276 0.456693 
vn 0.133858 -0.937008 0.322835 
vn -0.409449 -0.905512 0.0944882 
vn -0.590551 -0.755906 0.291339 
vn -0.598425 -0.795276 -0.102362 
vn -0.614173 0.732283 0.299213 
vn -0.629921 0.582677 0.503937 
vn -0.543307 0.724409 0.433071 
vn -0.716535 0.598425 0.354331 
vn -0.456693 0.858268 0.220472 
vn -0.614173 0.732283 0.299213 
vn -0.409449 0.858268 0.322835 
vn -0.244094 0.96063 0.11811 
vn -0.220472 0.96063 0.173228 
vn 0 1 0 
vn -0.779528 0.480315 0.393701 
vn -0.629921 0.582677 0.503937 
vn -0.685039 0.456693 0.559055 
vn -0.850394 0.299213 0.433071 
vn -0.685039 0.456693 0.559055 
vn -0.740157 0.275591 0.614173 
vn -0.866142 0.212598 0.448819 
vn -0.740157 0.275591 0.614173 
vn -0.748031 0.188976 0.637795 
vn -0.84252 0.299213 0.448819 
vn -0.748031 0.188976 0.637795 
vn -0.724409 0.267717 0.629921 
vn -0.818898 0.354331 0.448819 
vn -0.724409 0.267717 0.629921 
vn -0.708661 0.322835 0.629921 
vn -0.818898 0.362205 0.448819 
vn -0.708661 0.330709 0.629921 
vn 0.0866142 0.370079 0.92126 
vn 0.204724 0.755906 0.622047 
vn 0.0944882 0.488189 0.866142 
vn -0.913386 -0.149606 -0.377953 
vn -0.409449 0.637795 -0.653543 
vn -0.716535 -0.149606 -0.677165 
vn -0.740157 0.669291 -0.00787402 
vn 0.125984 -0.590551 -0.795276 
vn 0.149606 -0.409449 -0.897638 
vn 0.377953 -0.669291 -0.637795 
vn 0.370079 -0.472441 -0.80315 
vn 0.377953 -0.669291 -0.637795 
vn 0.125984 -0.80315 -0.590551 
vn 0.370079 -0.913386 0.15748 
vn 0.590551 -0.80315 0.0314961 
vn 0.496063 -0.850394 0.19685 
vn 0.440945 -0.897638 0.023622 
vn 0.173228 -0.984252 0.0472441 
vn 0.370079 -0.913386 0.15748 
vn -0.370079 -0.913386 0.15748 
vn -0.598425 -0.80315 0.0314961 
vn -0.433071 -0.897638 0.015748 
vn -0.496063 -0.850394 0.19685 
vn -0.370079 -0.913386 0.15748 
vn -0.173228 -0.984252 0.0393701 
vn -0.519685 0.677165 -0.511811 
vn -0.0629921 0.795276 -0.606299 
vn -0.141732 0.574803 -0.80315 
vn -0.480315 0.401575 -0.779528 
vn -0.141732 0.574803 -0.80315 
vn 0.480315 0.401575 -0.779528 
vn 0.141732 0.574803 -0.80315 
vn 0.527559 0.677165 -0.511811 
vn 0.141732 0.574803 -0.80315 
vn 0.0629921 0.795276 -0.606299 
vn 0.204724 -0.496063 -0.84252 
vn 0.19685 -0.929134 -0.307087 
vn 0.173228 -0.952756 -0.259843 
vn 0.133858 0.165354 -0.976378 
vn 0.204724 -0.496063 -0.84252 
vn 0.0393701 -0.0708661 -1 
vn 0.251969 -0.267717 -0.929134 
vn -0.204724 -0.496063 -0.84252 
vn -0.133858 0.165354 -0.976378 
vn -0.0393701 -0.0708661 -1 
vn -0.251969 -0.267717 -0.929134 
vn 0.850394 0.299213 0.433071 
vn 0.866142 0.212598 0.448819 
vn 0.944882 0.228346 0.23622 
vn 0.92126 0.314961 0.23622 
vn 0.84252 0.299213 0.448819 
vn 0.92126 0.314961 0.228346 
vn 0.787402 0.480315 0.393701 
vn 0.84252 0.496063 0.204724 
vn 0.716535 0.598425 0.354331 
vn 0.771654 0.614173 0.181102 
vn 0.614173 0.732283 0.299213 
vn 0.653543 0.740157 0.15748 
vn 0.488189 0.866142 0.110236 
vn 0.456693 0.858268 0.220472 
vn 0.267717 0.96063 0.0629921 
vn 0.244094 0.96063 0.11811 
vn 0 1 0 
vn 0.826772 0.354331 0.440945 
vn 0.897638 0.370079 0.228346 
vn 0.92126 0.314961 0.23622 
vn 0.826772 0.354331 0.440945 
vn 0.897638 0.377953 0.228346 
vn 0.818898 0.362205 0.440945 
vn -0.19685 -0.929134 -0.307087 
vn -0.204724 -0.496063 -0.84252 
vn -0.173228 -0.952756 -0.259843 
vn -0.291339 -0.716535 -0.637795 
vn -0.0866142 -0.590551 -0.80315 
vn -0.370079 -0.669291 -0.645669 
vn -0.149606 -0.409449 -0.897638 
vn -0.362205 -0.472441 -0.80315 
vn -0.133858 -0.795276 -0.590551 
vn 0.590551 -0.80315 0.102362 
vn 0.448819 -0.889764 0.0944882 
vn 0.590551 -0.755906 -0.283465 
vn 0.440945 -0.858268 -0.275591 
vn 0.19685 -0.929134 -0.307087 
vn 0.204724 -0.496063 -0.84252 
vn 0.291339 -0.716535 -0.637795 
vn 0.503937 -0.440945 0.740157 
vn 0.590551 -0.0472441 0.80315 
vn 0.385827 -0.582677 0.716535 
vn -0.590551 -0.0472441 0.80315 
vn -0.503937 -0.440945 0.740157 
vn -0.385827 -0.582677 0.716535 
vn -0.84252 0.299213 0.448819 
vn -0.897638 0.377953 0.228346 
vn -0.818898 0.354331 0.448819 
vn -0.897638 0.377953 0.228346 
vn -0.818898 0.362205 0.448819 
vn -0.92126 0.314961 0.23622 
vn -0.866142 0.212598 0.448819 
vn -0.944882 0.228346 0.23622 
vn -0.850394 0.299213 0.433071 
vn -0.92126 0.314961 0.228346 
vn -0.779528 0.480315 0.393701 
vn -0.92126 0.314961 0.228346 
vn -0.84252 0.496063 0.204724 
vn -0.716535 0.598425 0.354331 
vn -0.771654 0.614173 0.181102 
vn -0.614173 0.732283 0.299213 
vn -0.716535 0.598425 0.354331 
vn -0.653543 0.740157 0.15748 
vn -0.488189 0.866142 0.110236 
vn -0.456693 0.858268 0.220472 
vn -0.259843 0.96063 0.0629921 
vn -0.244094 0.96063 0.11811 
vn 0 1 0 
vn -0.976378 0.173228 0.102362 
vn -0.708661 0.574803 0.417323 
vn -0.897638 -0.0393701 0.433071 
vn -0.173228 -0.80315 0.574803 
vn 0 -0.929134 0.370079 
vn 0 -0.80315 0.598425 
vn -0.133858 -0.937008 0.322835 
vn 0.0393701 -0.0708661 -1 
vn -0.00787402 0.338583 -0.937008 
vn 0.133858 0.165354 -0.976378 
vn -0.929134 0.322835 -0.181102 
vn -0.204724 -0.496063 -0.84252 
vn -0.291339 0.559055 -0.779528 
vn -0.0393701 -0.0708661 -1 
vn -0.133858 0.165354 -0.976378 
vn 0.00787402 0.338583 -0.937008 
vn 0.0787402 -0.0393701 0.992126 
vn -0.307087 -0.377953 0.874016 
vn 0.212598 -0.417323 0.88189 
vn 0.929134 0.322835 -0.181102 
vn 0.291339 0.559055 -0.779528 
vn 0.204724 -0.496063 -0.84252 
vn 0.110236 -0.897638 -0.433071 
vn 0.322835 -0.937008 -0.133858 
vn 0.19685 -0.937008 0.283465 
vn -0.377953 -0.677165 -0.629921 
vn -0.204724 -0.488189 -0.850394 
vn -0.283465 -0.779528 -0.559055 
vn -0.267717 -0.409449 -0.874016 
vn 0.653543 0.740157 0.15748 
vn 0.496063 0.866142 0 
vn 0.488189 0.866142 0.110236 
vn 0.267717 0.96063 0 
vn 0.267717 0.96063 0.0629921 
vn 0 1 0 
vn 0.669291 0.740157 0 
vn 0.787402 0.614173 0 
vn 0.771654 0.614173 0.181102 
vn 0.866142 0.496063 0 
vn 0.84252 0.496063 0.204724 
vn 0.944882 0.322835 0 
vn 0.92126 0.314961 0.228346 
vn 0.968504 0.23622 0 
vn 0.944882 0.228346 0.23622 
vn 0.944882 0.322835 0 
vn 0.92126 0.314961 0.23622 
vn 0.929134 0.377953 0 
vn 0.897638 0.370079 0.228346 
vn 0.897638 0.370079 0.228346 
vn 0.92126 0.385827 0 
vn 0.897638 0.377953 0.228346 
vn -0.740157 0.275591 0.614173 
vn -0.606299 0.244094 0.755906 
vn -0.748031 0.188976 0.637795 
vn -0.685039 0.456693 0.559055 
vn -0.566929 0.433071 0.700787 
vn -0.527559 0.566929 0.629921 
vn -0.685039 0.456693 0.559055 
vn -0.629921 0.582677 0.503937 
vn -0.527559 0.566929 0.629921 
vn -0.543307 0.724409 0.433071 
vn -0.456693 0.708661 0.535433 
vn -0.409449 0.858268 0.322835 
vn -0.543307 0.724409 0.433071 
vn -0.346457 0.850394 0.401575 
vn -0.220472 0.96063 0.173228 
vn -0.188976 0.952756 0.220472 
vn 0 1 0 
vn -0.110236 -0.897638 -0.433071 
vn -0.19685 -0.937008 0.283465 
vn -0.330709 -0.937008 -0.133858 
vn -0.976378 0.173228 0.102362 
vn -0.661417 0.606299 -0.440945 
vn -0.771654 0.637795 0.015748 
vn -0.952756 0.102362 -0.291339 
vn 0.244094 0.188976 0.952756 
vn 0.0944882 0.125984 0.984252 
vn 0.212598 -0.23622 0.944882 
vn 0.385827 -0.149606 0.913386 
vn 0.212598 -0.23622 0.944882 
vn 0.488189 -0.464567 0.740157 
vn 0.330709 -0.559055 0.76378 
vn -0.653543 0.740157 0.15748 
vn -0.787402 0.614173 0 
vn -0.771654 0.614173 0.181102 
vn -0.866142 0.503937 0 
vn -0.669291 0.740157 0 
vn -0.84252 0.496063 0.204724 
vn -0.496063 0.866142 0 
vn -0.944882 0.322835 0 
vn -0.488189 0.866142 0.110236 
vn -0.92126 0.314961 0.228346 
vn -0.267717 0.96063 0 
vn -0.259843 0.96063 0.0629921 
vn 0 1 0 
vn -0.968504 0.23622 0 
vn -0.944882 0.228346 0.23622 
vn -0.944882 0.322835 0 
vn -0.92126 0.314961 0.23622 
vn -0.92126 0.377953 0 
vn -0.897638 0.377953 0.228346 
vn -0.92126 0.385827 0 
vn -0.897638 0.377953 0.228346 
vn -0.897638 0.377953 0.228346 
vn 0.968504 0.23622 0 
vn 0.92126 0.314961 -0.228346 
vn 0.944882 0.322835 0 
vn 0.84252 0.496063 -0.204724 
vn 0.944882 0.228346 -0.23622 
vn 0.866142 0.496063 0 
vn 0.944882 0.322835 0 
vn 0.771654 0.614173 -0.181102 
vn 0.92126 0.314961 -0.23622 
vn 0.787402 0.614173 0 
vn 0.929134 0.377953 0 
vn 0.653543 0.740157 -0.15748 
vn 0.897638 0.370079 -0.23622 
vn 0.92126 0.385827 0 
vn 0.897638 0.370079 -0.228346 
vn 0.669291 0.740157 0 
vn 0.496063 0.866142 0 
vn 0.488189 0.866142 -0.110236 
vn 0.267717 0.96063 0 
vn 0.267717 0.96063 -0.0629921 
vn -0.141732 -0.204724 -0.968504 
vn -0.00787402 0.338583 -0.937008 
vn 0.0393701 -0.0708661 -1 
vn -0.141732 0.15748 -0.976378 
vn -0.173228 -0.952756 -0.259843 
vn -0.110236 -0.992126 -0.0629921 
vn -0.19685 -0.929134 -0.307087 
vn 0.00787402 0.338583 -0.937008 
vn 0.141732 -0.204724 -0.968504 
vn -0.0393701 -0.0708661 -1 
vn 0.141732 0.15748 -0.976378 
vn 0.299213 -0.377953 0.874016 
vn -0.0629921 -0.0551181 1 
vn -0.19685 -0.448819 0.874016 
vn -0.92126 0.314961 -0.23622 
vn -0.92126 0.377953 0 
vn -0.944882 0.322835 0 
vn -0.897638 0.370079 -0.23622 
vn -0.92126 0.385827 0 
vn -0.897638 0.377953 -0.228346 
vn -0.944882 0.228346 -0.23622 
vn -0.968504 0.23622 0 
vn -0.92126 0.314961 -0.228346 
vn -0.944882 0.322835 0 
vn -0.84252 0.496063 -0.204724 
vn -0.866142 0.503937 0 
vn -0.771654 0.614173 -0.181102 
vn -0.787402 0.614173 0 
vn -0.653543 0.740157 -0.15748 
vn -0.669291 0.740157 0 
vn -0.496063 0.866142 0 
vn -0.488189 0.866142 -0.110236 
vn -0.267717 0.96063 0 
vn -0.259843 0.96063 -0.0629921 
vn 0.110236 -0.992126 -0.0629921 
vn 0.173228 -0.952756 -0.259843 
vn 0.19685 -0.929134 -0.307087 
vn 0.0393701 -1 -0.0393701 
vn -0.110236 -0.992126 -0.0629921 
vn -0.173228 -0.952756 -0.259843 
vn -0.0393701 -1 -0.0393701 
vn -0.409449 0.637795 -0.653543 
vn -0.283465 -0.165354 -0.944882 
vn -0.716535 -0.149606 -0.677165 
vn 0.0629921 0.614173 -0.787402 
vn 0.173228 -0.15748 -0.968504 
vn 0.496063 0.645669 -0.582677 
vn 0.173228 -0.15748 -0.968504 
vn 0.480315 -0.149606 -0.866142 
vn -0.944882 -0.228346 0.220472 
vn -0.944882 -0.228346 0.220472 
vn -0.944882 -0.228346 0.220472 
vn -0.952756 0.19685 -0.220472 
vn -0.944882 -0.023622 -0.330709 
vn -0.944882 -0.023622 -0.330709 
vn -0.96063 0.141732 -0.251969 
vn 0.275591 -0.393701 -0.874016 
vn 0.228346 -0.582677 -0.787402 
vn 0.0787402 -0.181102 -0.984252 
vn -0.748031 0.653543 0.102362 
vn -0.755906 0.188976 0.622047 
vn -0.708661 0.448819 0.543307 
vn -0.88189 0.464567 0.0787402 
vn 0.275591 -0.393701 -0.874016 
vn 0.377953 -0.685039 -0.622047 
vn 0.228346 -0.582677 -0.787402 
vn -0.740157 -0.488189 0.456693 
vn -0.559055 -0.472441 0.677165 
vn -0.787402 -0.19685 0.590551 
vn -0.574803 -0.692913 -0.440945 
vn -0.385827 -0.874016 -0.291339 
vn -0.598425 -0.795276 -0.102362 
vn 0.755906 0.188976 0.622047 
vn 0.748031 0.653543 0.102362 
vn 0.708661 0.448819 0.543307 
vn 0.88189 0.464567 0.0787402 
vn -0.409449 0.637795 -0.653543 
vn 0.0629921 0.614173 -0.787402 
vn -0.283465 -0.165354 -0.944882 
vn 0.787402 -0.19685 0.590551 
vn 0.559055 -0.480315 0.677165 
vn 0.740157 -0.488189 0.464567 
vn -0.0472441 0.11811 0.992126 
vn -0.228346 0.188976 0.952756 
vn -0.188976 -0.251969 0.952756 
vn -0.377953 -0.15748 0.913386 
vn 0.0393701 -1 -0.0393701 
vn 0.110236 -0.992126 -0.0629921 
vn 0 -1 0.0708661 
vn -0.0393701 -1 -0.0393701 
vn 0 -1 0.0708661 
vn -0.110236 -0.992126 -0.0629921 
vn -0.574803 -0.692913 -0.440945 
vn -0.377953 -0.677165 -0.629921 
vn -0.385827 -0.874016 -0.291339 
vn 0.377953 -0.669291 -0.637795 
vn 0.370079 -0.874016 -0.307087 
vn 0.125984 -0.80315 -0.590551 
vn -0.0866142 0.377953 0.92126 
vn -0.535433 0.244094 0.811024 
vn -0.307087 -0.377953 0.874016 
vn 0.0787402 -0.0393701 0.992126 
vn 0.488189 0.866142 -0.110236 
vn 0.653543 0.740157 -0.15748 
vn 0.614173 0.732283 -0.299213 
vn 0.771654 0.614173 -0.181102 
vn 0.456693 0.858268 -0.220472 
vn 0.716535 0.598425 -0.354331 
vn 0.267717 0.96063 -0.0629921 
vn 0.244094 0.96063 -0.11811 
vn 0 1 0 
vn 0.84252 0.496063 -0.204724 
vn 0.787402 0.480315 -0.393701 
vn 0.92126 0.314961 -0.228346 
vn 0.850394 0.299213 -0.433071 
vn 0.944882 0.228346 -0.23622 
vn 0.866142 0.212598 -0.448819 
vn 0.92126 0.314961 -0.23622 
vn 0.84252 0.291339 -0.448819 
vn 0.897638 0.370079 -0.23622 
vn 0.92126 0.314961 -0.23622 
vn 0.826772 0.338583 -0.448819 
vn 0.897638 0.370079 -0.228346 
vn 0.826772 0.346457 -0.440945 
vn -0.535433 0.338583 0.771654 
vn -0.874016 0.0551181 0.488189 
vn -0.653543 0.0472441 0.755906 
vn -0.787402 0.393701 0.472441 
vn -0.141732 -0.204724 -0.968504 
vn -0.275591 -0.283465 -0.92126 
vn -0.141732 0.15748 -0.976378 
vn 0.141732 -0.204724 -0.968504 
vn 0.141732 0.15748 -0.976378 
vn 0.275591 -0.283465 -0.92126 
vn 0.874016 0.0551181 0.488189 
vn 0.535433 0.338583 0.771654 
vn 0.653543 0.0472441 0.755906 
vn 0.787402 0.393701 0.472441 
vn 0.0787402 -1 -0.0393701 
vn 0 -1 0.0708661 
vn -0.0393701 -1 -0.0393701 
vn 0.173228 -0.984252 0.0472441 
vn 0.370079 -0.913386 0.15748 
vn 0.291339 -0.937008 0.188976 
vn -0.291339 -0.937008 0.188976 
vn -0.370079 -0.913386 0.15748 
vn -0.173228 -0.984252 0.0393701 
vn 0.527559 0.244094 0.811024 
vn 0.0866142 0.370079 0.92126 
vn 0.299213 -0.377953 0.874016 
vn -0.0629921 -0.0551181 1 
vn -0.84252 0.496063 -0.204724 
vn -0.771654 0.614173 -0.181102 
vn -0.716535 0.598425 -0.354331 
vn -0.787402 0.480315 -0.393701 
vn -0.92126 0.314961 -0.228346 
vn -0.614173 0.732283 -0.299213 
vn -0.850394 0.299213 -0.433071 
vn -0.653543 0.740157 -0.15748 
vn -0.488189 0.866142 -0.110236 
vn -0.456693 0.858268 -0.220472 
vn -0.259843 0.96063 -0.0629921 
vn -0.244094 0.96063 -0.11811 
vn 0 1 0 
vn -0.92126 0.314961 -0.228346 
vn -0.944882 0.228346 -0.23622 
vn -0.866142 0.212598 -0.448819 
vn -0.92126 0.314961 -0.23622 
vn -0.84252 0.291339 -0.448819 
vn -0.92126 0.314961 -0.23622 
vn -0.897638 0.370079 -0.23622 
vn -0.826772 0.346457 -0.448819 
vn -0.897638 0.377953 -0.228346 
vn -0.826772 0.346457 -0.440945 
vn 0 0.559055 -0.834646 
vn -0.141732 -0.204724 -0.968504 
vn 0.0393701 -0.0708661 -1 
vn -0.110236 0.559055 -0.818898 
vn -0.11811 0.173228 -0.976378 
vn 0 0.188976 -0.984252 
vn -0.11811 0.0708661 -0.992126 
vn 0 0.0866142 -0.992126 
vn -0.0787402 -1 -0.0393701 
vn 0 -1 0.0708661 
vn -0.102362 -0.992126 -0.0472441 
vn 0.0393701 -1 -0.0393701 
vn 0.141732 -0.204724 -0.968504 
vn 0.00787402 0.559055 -0.834646 
vn -0.0393701 -0.0708661 -1 
vn 0.110236 0.559055 -0.818898 
vn 0.11811 0.173228 -0.976378 
vn 0 0.188976 -0.984252 
vn 0.11811 0.0708661 -0.992126 
vn 0 0.0866142 -0.992126 
vn -0.598425 -0.795276 -0.102362 
vn -0.590551 -0.755906 0.291339 
vn -0.858268 -0.511811 0.015748 
vn -0.0314961 0.511811 0.858268 
vn -0.141732 0.370079 0.92126 
vn 0.0944882 0.125984 0.984252 
vn 0.818898 -0.283465 0.496063 
vn 0.488189 -0.464567 0.740157 
vn 0.566929 -0.692913 0.448819 
vn 0.212598 -0.850394 -0.488189 
vn 0.110236 -0.992126 -0.0472441 
vn 0.0787402 -1 -0.0393701 
vn 0 -1 0.0708661 
vn 0.314961 -0.0393701 0.952756 
vn 0.023622 0.110236 0.992126 
vn -0.015748 -0.259843 0.968504 
vn -0.314961 -0.0393701 0.952756 
vn 0.015748 -0.259843 0.968504 
vn -0.023622 0.110236 0.992126 
vn -0.102362 -0.992126 -0.0472441 
vn -0.212598 -0.850394 -0.488189 
vn -0.0787402 -1 -0.0393701 
vn -0.354331 -0.433071 0.826772 
vn -0.204724 -0.496063 -0.84252 
vn -0.929134 0.322835 -0.181102 
vn -0.173228 -0.952756 -0.259843 
vn -0.370079 -0.874016 -0.307087 
vn -0.370079 -0.669291 -0.645669 
vn -0.133858 -0.795276 -0.590551 
vn -0.149606 -0.96063 -0.244094 
vn -0.133858 -0.795276 -0.590551 
vn 0.173228 -0.952756 -0.259843 
vn 0.354331 -0.433071 0.826772 
vn 0.204724 -0.496063 -0.84252 
vn 0.929134 0.322835 -0.181102 
vn -0.275591 -0.283465 -0.92126 
vn -0.212598 -0.850394 -0.488189 
vn -0.299213 -0.716535 -0.629921 
vn -0.141732 -0.204724 -0.968504 
vn 0.212598 -0.850394 -0.488189 
vn 0.275591 -0.283465 -0.92126 
vn 0.299213 -0.716535 -0.629921 
vn 0.141732 -0.204724 -0.968504 
vn 0.0787402 -0.181102 -0.984252 
vn -0.11811 -0.574803 -0.811024 
vn -0.291339 -0.0944882 -0.952756 
vn 0.0787402 -0.181102 -0.984252 
vn 0.228346 -0.582677 -0.787402 
vn -0.11811 -0.574803 -0.811024 
vn 0.377953 -0.685039 -0.622047 
vn 0.535433 -0.606299 -0.590551 
vn 0.440945 -0.858268 -0.275591 
vn 0.590551 -0.755906 -0.283465 
vn -0.212598 -0.850394 -0.488189 
vn -0.102362 -0.992126 -0.0472441 
vn -0.19685 -0.937008 -0.291339 
vn -0.0708661 -0.133858 -0.992126 
vn 0.291339 -0.0944882 -0.952756 
vn 0.11811 -0.574803 -0.811024 
vn 0.110236 -0.992126 -0.0472441 
vn 0.212598 -0.850394 -0.488189 
vn 0.19685 -0.937008 -0.291339 
vn -0.0708661 -0.133858 -0.992126 
vn 0.11811 -0.574803 -0.811024 
vn -0.204724 -0.488189 -0.850394 
vn -0.354331 0.244094 -0.905512 
vn -0.629921 -0.149606 -0.755906 
vn -0.818898 0.322835 -0.472441 
vn 0.354331 0.244094 -0.905512 
vn 0.818898 0.322835 -0.472441 
vn 0.629921 -0.149606 -0.755906 
vn 0 0.0944882 -0.992126 
vn -0.0866142 0.19685 -0.976378 
vn 0 0.188976 -0.984252 
vn -0.0866142 0.385827 -0.92126 
vn -0.0866142 0.0944882 -0.992126 
vn 0 0.385827 -0.92126 
vn 0 0.165354 -0.984252 
vn -0.0787402 0.527559 -0.84252 
vn -0.0866142 0.165354 -0.984252 
vn 0 0.527559 -0.850394 
vn 0 0.204724 -0.976378 
vn -0.0708661 0.685039 -0.732283 
vn -0.0866142 0.204724 -0.976378 
vn 0 0.204724 -0.976378 
vn -0.0787402 0.204724 -0.976378 
vn 0 0.677165 -0.732283 
vn 0 0.826772 -0.559055 
vn -0.0551181 0.834646 -0.551181 
vn 0 0.897638 -0.440945 
vn -0.0393701 0.897638 -0.440945 
vn 0.0787402 0.527559 -0.84252 
vn 0.0866142 0.385827 -0.92126 
vn 0.0866142 0.385827 -0.92126 
vn 0.0866142 0.188976 -0.976378 
vn 0.0787402 0.527559 -0.84252 
vn 0.0866142 0.188976 -0.976378 
vn 0.0708661 0.685039 -0.724409 
vn 0.0866142 0.0944882 -0.992126 
vn 0.0708661 0.685039 -0.732283 
vn 0.0866142 0.0944882 -0.992126 
vn 0.0551181 0.834646 -0.551181 
vn 0.0866142 0.165354 -0.984252 
vn 0.0551181 0.834646 -0.551181 
vn 0.0393701 0.897638 -0.440945 
vn 0.0393701 0.897638 -0.440945 
vn 0.0866142 0.165354 -0.984252 
vn 0.0866142 0.204724 -0.976378 
vn 0.0866142 0.204724 -0.976378 
vn 0.0787402 0.204724 -0.976378 
vn 0.0787402 0.204724 -0.976378 
vn 0.0866142 0.204724 -0.976378 
vn 0.0787402 0.204724 -0.976378 
vn 0 0.204724 -0.976378 
vn 0 0.204724 -0.976378 
vn 0.0866142 0.165354 -0.984252 
vn 0 0.165354 -0.984252 
vn 0.0866142 0.0944882 -0.992126 
vn 0 0.0944882 -0.992126 
vn 0.0866142 0.188976 -0.976378 
vn 0 0.188976 -0.984252 
vn 0.0866142 0.385827 -0.92126 
vn 0 0.385827 -0.92126 
vn 0.0787402 0.527559 -0.84252 
vn 0 0.527559 -0.850394 
vn 0.0708661 0.685039 -0.732283 
vn 0 0.677165 -0.732283 
vn 0 0.826772 -0.559055 
vn 0.0551181 0.834646 -0.551181 
vn 0 0.897638 -0.440945 
vn 0.0393701 0.897638 -0.440945 
vn -0.0787402 0.204724 -0.976378 
vn -0.0866142 0.204724 -0.976378 
vn -0.0866142 0.204724 -0.976378 
vn -0.0787402 0.204724 -0.976378 
vn -0.0866142 0.165354 -0.984252 
vn -0.0866142 0.165354 -0.984252 
vn -0.0866142 0.0944882 -0.992126 
vn -0.0866142 0.0944882 -0.992126 
vn -0.0866142 0.188976 -0.976378 
vn -0.0866142 0.19685 -0.976378 
vn -0.0866142 0.385827 -0.92126 
vn -0.0866142 0.385827 -0.92126 
vn -0.0787402 0.527559 -0.84252 
vn -0.0787402 0.527559 -0.84252 
vn -0.0708661 0.685039 -0.724409 
vn -0.0708661 0.685039 -0.732283 
vn -0.0551181 0.834646 -0.551181 
vn -0.0551181 0.834646 -0.551181 
vn -0.0393701 0.897638 -0.440945 
vn -0.0393701 0.897638 -0.440945 
vn -0.212598 -0.850394 -0.488189 
vn -0.19685 -0.937008 -0.291339 
vn -0.299213 -0.716535 -0.629921 
vn 0.212598 -0.850394 -0.488189 
vn 0.299213 -0.716535 -0.629921 
vn 0.19685 -0.937008 -0.291339 
vn -0.149606 -0.984252 0.133858 
vn -0.291339 -0.92126 0.251969 
vn -0.354331 -0.905512 0.23622 
vn -0.228346 -0.0944882 -0.968504 
vn -0.165354 -0.0551181 -0.984252 
vn -0.220472 -0.0944882 -0.968504 
vn 0.866142 -0.503937 -0.00787402 
vn 0.566929 -0.692913 0.448819 
vn 0.590551 -0.80315 0.102362 
vn 0.590551 -0.755906 -0.283465 
vn 0.866142 -0.503937 -0.00787402 
vn 0.590551 -0.80315 0.102362 
vn 0.338583 -0.905512 0.244094 
vn 0.291339 -0.92126 0.251969 
vn 0.173228 -0.976378 0.125984 
vn 0.220472 0.96063 -0.173228 
vn 0.409449 0.858268 -0.322835 
vn 0.346457 0.850394 -0.401575 
vn 0.188976 0.96063 -0.220472 
vn 0 1 0 
vn 0.456693 0.708661 -0.535433 
vn 0.543307 0.724409 -0.425197 
vn 0.527559 0.566929 -0.629921 
vn 0.637795 0.582677 -0.503937 
vn 0.692913 0.456693 -0.559055 
vn 0.574803 0.440945 -0.692913 
vn 0.740157 0.275591 -0.606299 
vn 0.614173 0.251969 -0.748031 
vn 0.614173 0.15748 -0.771654 
vn 0.740157 0.275591 -0.606299 
vn 0.755906 0.181102 -0.629921 
vn 0.598425 0.228346 -0.76378 
vn 0.732283 0.259843 -0.622047 
vn 0.582677 0.275591 -0.76378 
vn 0.716535 0.307087 -0.622047 
vn 0.590551 0.275591 -0.755906 
vn 0.716535 0.314961 -0.622047 
vn -0.952756 0.102362 -0.291339 
vn -0.834646 -0.267717 -0.480315 
vn -0.582677 0.19685 -0.787402 
vn -0.661417 0.606299 -0.440945 
vn -0.149606 0.771654 0.622047 
vn -0.19685 0.748031 0.629921 
vn -0.141732 0.370079 0.92126 
vn -0.0314961 0.511811 0.858268 
vn -0.692913 0.464567 -0.559055 
vn -0.637795 0.582677 -0.503937 
vn -0.527559 0.566929 -0.629921 
vn -0.543307 0.724409 -0.425197 
vn -0.574803 0.440945 -0.692913 
vn -0.740157 0.275591 -0.614173 
vn -0.614173 0.251969 -0.748031 
vn -0.456693 0.708661 -0.535433 
vn -0.409449 0.858268 -0.322835 
vn -0.346457 0.850394 -0.401575 
vn -0.220472 0.96063 -0.173228 
vn -0.188976 0.952756 -0.220472 
vn 0 1 0 
vn -0.614173 0.15748 -0.771654 
vn -0.740157 0.275591 -0.614173 
vn -0.755906 0.188976 -0.629921 
vn -0.598425 0.228346 -0.76378 
vn -0.732283 0.259843 -0.622047 
vn -0.582677 0.275591 -0.76378 
vn -0.716535 0.307087 -0.622047 
vn -0.590551 0.283465 -0.755906 
vn -0.716535 0.314961 -0.622047 
vn -0.173228 -0.984252 0.0393701 
vn -0.433071 -0.897638 0.015748 
vn -0.370079 -0.874016 -0.307087 
vn -0.149606 -0.96063 -0.244094 
vn 0.905512 -0.023622 -0.417323 
vn 0.535433 0.133858 -0.834646 
vn 0.76378 -0.362205 -0.535433 
vn -0.858268 -0.511811 0.015748 
vn -0.590551 -0.755906 0.291339 
vn -0.80315 -0.307087 0.511811 
vn -0.527559 -0.519685 0.669291 
vn -0.984252 -0.149606 -0.125984 
vn -0.984252 -0.149606 -0.11811 
vn -0.984252 -0.149606 0.125984 
vn 0.637795 0.582677 0.503937 
vn 0.614173 0.732283 0.299213 
vn 0.543307 0.724409 0.433071 
vn 0.716535 0.598425 0.354331 
vn 0.456693 0.858268 0.220472 
vn 0.409449 0.858268 0.322835 
vn 0.244094 0.96063 0.11811 
vn 0.220472 0.96063 0.173228 
vn 0 1 0 
vn 0.637795 0.582677 0.503937 
vn 0.787402 0.480315 0.393701 
vn 0.692913 0.456693 0.559055 
vn -0.015748 -0.259843 0.968504 
vn -0.212598 0 0.976378 
vn -0.385827 -0.283465 0.88189 
vn 0.0944882 0.488189 0.866142 
vn 0.204724 0.755906 0.622047 
vn 0.149606 0.787402 0.606299 
vn 0.574803 0.440945 -0.692913 
vn 0.614173 0.251969 -0.748031 
vn 0.464567 0.228346 -0.858268 
vn 0.440945 0.417323 -0.795276 
vn 0.527559 0.566929 -0.629921 
vn 0.409449 0.551181 -0.724409 
vn 0.456693 0.708661 -0.535433 
vn 0.354331 0.700787 -0.622047 
vn 0.346457 0.850394 -0.401575 
vn 0.267717 0.84252 -0.472441 
vn 0.188976 0.96063 -0.220472 
vn 0.149606 0.952756 -0.259843 
vn 0 1 0 
vn 0.464567 0.133858 -0.874016 
vn 0.614173 0.251969 -0.748031 
vn 0.614173 0.15748 -0.771654 
vn 0.456693 0.19685 -0.866142 
vn 0.598425 0.228346 -0.76378 
vn 0.440945 0.244094 -0.866142 
vn 0.582677 0.275591 -0.76378 
vn 0.448819 0.244094 -0.858268 
vn 0.590551 0.275591 -0.755906 
vn 0.015748 -0.259843 0.968504 
vn 0.385827 -0.283465 0.88189 
vn 0.212598 0 0.976378 
vn -0.228346 -0.0944882 -0.968504 
vn -0.220472 -0.0944882 -0.968504 
vn -0.251969 -0.11811 -0.96063 
vn -0.267717 0.84252 -0.472441 
vn -0.188976 0.952756 -0.220472 
vn -0.149606 0.952756 -0.259843 
vn 0 1 0 
vn -0.346457 0.850394 -0.401575 
vn -0.354331 0.700787 -0.622047 
vn -0.456693 0.708661 -0.535433 
vn -0.409449 0.551181 -0.724409 
vn -0.527559 0.566929 -0.629921 
vn -0.440945 0.417323 -0.795276 
vn -0.574803 0.440945 -0.692913 
vn -0.464567 0.228346 -0.858268 
vn -0.614173 0.251969 -0.748031 
vn -0.464567 0.133858 -0.874016 
vn -0.614173 0.251969 -0.748031 
vn -0.614173 0.15748 -0.771654 
vn -0.456693 0.204724 -0.866142 
vn -0.598425 0.228346 -0.76378 
vn -0.440945 0.244094 -0.866142 
vn -0.582677 0.275591 -0.76378 
vn -0.448819 0.244094 -0.858268 
vn -0.590551 0.283465 -0.755906 
vn -0.559055 -0.472441 0.677165 
vn -0.385827 -0.283465 0.88189 
vn -0.653543 -0.165354 0.740157 
vn 0.653543 -0.165354 0.740157 
vn 0.385827 -0.283465 0.88189 
vn 0.559055 -0.480315 0.677165 
vn -0.346457 -0.417323 0.84252 
vn -0.188976 -0.23622 0.952756 
vn -0.377953 -0.448819 0.811024 
vn 0.149606 0.952756 -0.259843 
vn 0.181102 0.834646 -0.519685 
vn 0.102362 0.952756 -0.291339 
vn 0 1 0 
vn 0.267717 0.84252 -0.472441 
vn 0.244094 0.685039 -0.685039 
vn 0.354331 0.700787 -0.622047 
vn 0.275591 0.535433 -0.795276 
vn 0.409449 0.551181 -0.724409 
vn 0.299213 0.401575 -0.866142 
vn 0.440945 0.417323 -0.795276 
vn 0.314961 0.204724 -0.929134 
vn 0.464567 0.228346 -0.858268 
vn 0.314961 0.110236 -0.944882 
vn 0.464567 0.228346 -0.858268 
vn 0.464567 0.133858 -0.874016 
vn 0.307087 0.181102 -0.937008 
vn 0.464567 0.133858 -0.874016 
vn 0.456693 0.19685 -0.866142 
vn 0.299213 0.220472 -0.929134 
vn 0.440945 0.244094 -0.866142 
vn 0.299213 0.220472 -0.929134 
vn 0.448819 0.244094 -0.858268 
vn -0.440945 0.417323 -0.795276 
vn -0.314961 0.204724 -0.929134 
vn -0.464567 0.228346 -0.858268 
vn -0.299213 0.401575 -0.866142 
vn -0.409449 0.551181 -0.724409 
vn -0.275591 0.535433 -0.795276 
vn -0.354331 0.700787 -0.622047 
vn -0.23622 0.685039 -0.685039 
vn -0.267717 0.84252 -0.472441 
vn -0.181102 0.834646 -0.519685 
vn -0.149606 0.952756 -0.259843 
vn -0.102362 0.952756 -0.291339 
vn 0 1 0 
vn -0.314961 0.110236 -0.944882 
vn -0.464567 0.228346 -0.858268 
vn -0.464567 0.133858 -0.874016 
vn -0.307087 0.181102 -0.937008 
vn -0.464567 0.133858 -0.874016 
vn -0.456693 0.204724 -0.866142 
vn -0.299213 0.220472 -0.929134 
vn -0.440945 0.244094 -0.866142 
vn -0.299213 0.220472 -0.929134 
vn -0.448819 0.244094 -0.858268 
vn 0.653543 0.748031 -0.102362 
vn 0.976378 0.188976 -0.133858 
vn 0.952756 0.11811 0.267717 
vn -0.133858 -0.795276 -0.590551 
vn -0.0866142 -0.590551 -0.80315 
vn 0.125984 -0.80315 -0.590551 
vn 0.0551181 -0.944882 -0.330709 
vn 0.291339 -0.92126 0.251969 
vn 0.125984 -0.984252 0.125984 
vn 0.173228 -0.976378 0.125984 
vn 0.275591 0.535433 -0.795276 
vn 0.299213 0.401575 -0.866142 
vn 0.149606 0.385827 -0.905512 
vn 0.15748 0.19685 -0.968504 
vn 0.141732 0.527559 -0.834646 
vn 0.314961 0.204724 -0.929134 
vn 0.244094 0.685039 -0.685039 
vn 0.15748 0.102362 -0.984252 
vn 0.11811 0.685039 -0.724409 
vn 0.314961 0.110236 -0.944882 
vn 0.181102 0.834646 -0.519685 
vn 0.149606 0.165354 -0.976378 
vn 0.0944882 0.834646 -0.551181 
vn 0.307087 0.181102 -0.937008 
vn 0.102362 0.952756 -0.291339 
vn 0.149606 0.204724 -0.968504 
vn 0.0472441 0.952756 -0.307087 
vn 0.023622 0.984252 -0.149606 
vn 0 1 0 
vn 0.299213 0.220472 -0.929134 
vn 0.149606 0.204724 -0.968504 
vn 0.299213 0.220472 -0.929134 
vn -0.11811 0.685039 -0.724409 
vn -0.181102 0.834646 -0.519685 
vn -0.0944882 0.834646 -0.551181 
vn -0.23622 0.685039 -0.685039 
vn -0.102362 0.952756 -0.291339 
vn -0.141732 0.527559 -0.834646 
vn -0.0551181 0.952756 -0.307087 
vn -0.023622 0.984252 -0.149606 
vn 0 1 0 
vn -0.275591 0.535433 -0.795276 
vn -0.149606 0.385827 -0.905512 
vn -0.299213 0.401575 -0.866142 
vn -0.15748 0.19685 -0.968504 
vn -0.314961 0.204724 -0.929134 
vn -0.15748 0.102362 -0.984252 
vn -0.314961 0.110236 -0.944882 
vn -0.149606 0.165354 -0.976378 
vn -0.307087 0.181102 -0.937008 
vn -0.149606 0.204724 -0.968504 
vn -0.299213 0.220472 -0.929134 
vn -0.149606 0.204724 -0.968504 
vn -0.299213 0.220472 -0.929134 
vn 0 -1 -0.00787402 
vn 0.19685 -0.96063 -0.188976 
vn 0.173228 -0.984252 0.0472441 
vn 0.19685 -0.96063 -0.188976 
vn 0.440945 -0.897638 0.023622 
vn 0.370079 -0.874016 -0.307087 
vn 0.913386 -0.23622 -0.338583 
vn 0.968504 -0.0472441 -0.228346 
vn 0.897638 -0.393701 -0.204724 
vn 0.188976 0.96063 0.220472 
vn 0 1 0 
vn 0.149606 0.952756 0.259843 
vn 0.267717 0.84252 0.472441 
vn 0.346457 0.850394 0.401575 
vn 0.354331 0.700787 0.622047 
vn 0.456693 0.708661 0.535433 
vn 0.409449 0.551181 0.724409 
vn 0.527559 0.566929 0.629921 
vn -0.346457 0.850394 0.401575 
vn -0.456693 0.708661 0.535433 
vn -0.354331 0.700787 0.622047 
vn -0.409449 0.551181 0.724409 
vn -0.527559 0.566929 0.629921 
vn -0.267717 0.84252 0.472441 
vn -0.188976 0.952756 0.220472 
vn -0.149606 0.952756 0.259843 
vn 0 1 0 
vn -0.834646 -0.267717 -0.480315 
vn -0.669291 -0.637795 -0.385827 
vn -0.322835 -0.425197 -0.84252 
vn -0.559055 -0.472441 0.677165 
vn -0.653543 -0.165354 0.740157 
vn -0.787402 -0.19685 0.590551 
vn 0.818898 -0.283465 0.496063 
vn 0.566929 -0.692913 0.448819 
vn 0.866142 -0.503937 -0.00787402 
vn 0.480315 -0.212598 -0.850394 
vn 0.188976 -0.0708661 -0.976378 
vn 0.204724 -0.0787402 -0.976378 
vn 0.149606 0.385827 -0.905512 
vn 0.15748 0.19685 -0.968504 
vn 0.0787402 0.19685 -0.976378 
vn 0.0787402 0.0944882 -0.992126 
vn 0.0708661 0.385827 -0.92126 
vn 0.15748 0.102362 -0.984252 
vn 0.141732 0.527559 -0.834646 
vn 0.0787402 0.15748 -0.984252 
vn 0.0708661 0.527559 -0.84252 
vn 0.149606 0.165354 -0.976378 
vn 0.11811 0.685039 -0.724409 
vn 0.0708661 0.19685 -0.976378 
vn 0.0629921 0.685039 -0.732283 
vn 0.149606 0.204724 -0.968504 
vn 0.0708661 0.19685 -0.976378 
vn 0.149606 0.204724 -0.968504 
vn 0.0944882 0.834646 -0.551181 
vn 0.0472441 0.834646 -0.551181 
vn 0.0472441 0.952756 -0.307087 
vn 0.00787402 1 -0.0866142 
vn 0.023622 0.984252 -0.149606 
vn -0.015748 0.984252 0.165354 
vn -0.015748 0.984252 0.181102 
vn 0 1 0 
vn 0 1 0 
vn 0.015748 0.984252 0.181102 
vn -0.023622 0.984252 -0.149606 
vn 0.015748 0.984252 0.165354 
vn -0.00787402 1 -0.0866142 
vn -0.0551181 0.952756 -0.307087 
vn -0.0472441 0.834646 -0.551181 
vn -0.0944882 0.834646 -0.551181 
vn -0.0629921 0.685039 -0.732283 
vn -0.11811 0.685039 -0.724409 
vn -0.0708661 0.527559 -0.84252 
vn -0.141732 0.527559 -0.834646 
vn -0.0787402 0.385827 -0.92126 
vn -0.149606 0.385827 -0.905512 
vn -0.0787402 0.19685 -0.976378 
vn -0.15748 0.19685 -0.968504 
vn -0.0787402 0.0944882 -0.992126 
vn -0.15748 0.102362 -0.984252 
vn -0.0787402 0.15748 -0.984252 
vn -0.149606 0.165354 -0.976378 
vn -0.0708661 0.19685 -0.976378 
vn -0.149606 0.204724 -0.968504 
vn -0.0708661 0.19685 -0.976378 
vn -0.149606 0.204724 -0.968504 
vn 0.653543 -0.165354 0.740157 
vn 0.559055 -0.480315 0.677165 
vn 0.787402 -0.19685 0.590551 
vn -0.173228 0.897638 0.409449 
vn -0.102362 0.984252 0.11811 
vn -0.251969 -0.267717 -0.929134 
vn -0.133858 0.165354 -0.976378 
vn 0.173228 0.897638 0.409449 
vn 0.251969 -0.267717 -0.929134 
vn 0.102362 0.984252 0.11811 
vn 0.133858 0.165354 -0.976378 
vn -0.488189 -0.448819 -0.748031 
vn -0.377953 -0.677165 -0.629921 
vn -0.574803 -0.692913 -0.440945 
vn -0.377953 -0.15748 0.913386 
vn -0.80315 -0.307087 0.511811 
vn -0.527559 -0.519685 0.669291 
vn -0.653543 0.102362 0.748031 
vn -0.267717 -0.409449 -0.874016 
vn -0.0708661 -0.133858 -0.992126 
vn -0.204724 -0.488189 -0.850394 
vn -0.11811 0.0314961 -0.992126 
vn 0.385827 -0.149606 0.913386 
vn 0.818898 -0.283465 0.496063 
vn 0.716535 0.0629921 0.692913 
vn 0.488189 -0.464567 0.740157 
vn 0 -1 -0.00787402 
vn 0.0551181 -0.944882 -0.330709 
vn 0.19685 -0.96063 -0.188976 
vn 0.125984 -0.80315 -0.590551 
vn 0.19685 -0.96063 -0.188976 
vn 0.370079 -0.874016 -0.307087 
vn -0.968504 -0.0472441 -0.228346 
vn -0.897638 -0.393701 -0.204724 
vn -0.96063 -0.267717 0.0393701 
vn 0.0944882 0.488189 0.866142 
vn -0.110236 0.551181 0.826772 
vn -0.0472441 0.11811 0.992126 
vn -0.228346 0.188976 0.952756 
vn 0.11811 0.551181 0.826772 
vn -0.0314961 0.511811 0.858268 
vn 0.0944882 0.125984 0.984252 
vn 0.244094 0.188976 0.952756 
vn 0.968504 -0.0472441 -0.228346 
vn 0.96063 -0.267717 0.0393701 
vn 0.897638 -0.393701 -0.204724 
vn 0 -1 -0.00787402 
vn 0.173228 -0.984252 0.0472441 
vn 0.0314961 -0.984252 0.165354 
vn 0 -1 -0.00787402 
vn 0.0472441 -0.992126 0.125984 
vn 0.023622 -0.992126 0.141732 
vn 0 -1 -0.00787402 
vn 0.023622 -0.992126 0.141732 
vn 0 -0.984252 0.15748 
vn 0 -1 -0.00787402 
vn 0 -0.984252 0.15748 
vn -0.023622 -0.992126 0.141732 
vn 0 -1 -0.00787402 
vn -0.023622 -0.992126 0.141732 
vn -0.0472441 -0.992126 0.125984 
vn 0 -1 -0.00787402 
vn -0.0314961 -0.984252 0.165354 
vn -0.173228 -0.984252 0.0393701 
vn -0.488189 -0.448819 -0.748031 
vn -0.267717 -0.409449 -0.874016 
vn -0.377953 -0.677165 -0.629921 
vn -0.0944882 -0.984252 0.133858 
vn -0.133858 -0.937008 0.322835 
vn -0.291339 -0.92126 0.251969 
vn -0.149606 -0.984252 0.133858 
vn 0 -1 -0.00787402 
vn 0.0314961 -0.984252 0.165354 
vn 0.0551181 -0.992126 0.102362 
vn 0 -1 -0.00787402 
vn 0.0551181 -0.992126 0.102362 
vn 0.0472441 -0.992126 0.125984 
vn 0 -1 -0.00787402 
vn -0.0472441 -0.992126 0.125984 
vn -0.0551181 -0.992126 0.102362 
vn 0 -1 -0.00787402 
vn -0.0551181 -0.992126 0.102362 
vn -0.0314961 -0.984252 0.165354 
vn -0.929134 0.362205 0.102362 
vn -0.716535 0.700787 0.015748 
vn -0.913386 0.322835 -0.251969 
vn -0.748031 0.582677 -0.322835 
vn -0.385827 0.913386 -0.110236 
vn -0.519685 0.677165 -0.511811 
vn -0.716535 0.700787 0.015748 
vn 0 -1 -0.00787402 
vn -0.173228 -0.984252 0.0393701 
vn -0.149606 -0.96063 -0.244094 
vn -0.614173 0.614173 -0.503937 
vn -0.818898 0.322835 -0.472441 
vn -0.88189 0.464567 0.0787402 
vn 0.614173 0.614173 -0.503937 
vn 0.88189 0.464567 0.0787402 
vn 0.818898 0.322835 -0.472441 
vn -0.96063 -0.267717 0.0393701 
vn -0.740157 -0.488189 0.456693 
vn -0.913386 -0.0944882 0.401575 
vn 0.913386 -0.0944882 0.401575 
vn 0.740157 -0.488189 0.464567 
vn 0.96063 -0.267717 0.0393701 
vn 0.212598 0.551181 0.811024 
vn 0.110236 -0.992126 -0.0629921 
vn 0.19685 -0.929134 -0.307087 
vn -0.149606 -0.96063 -0.244094 
vn -0.133858 -0.795276 -0.590551 
vn 0.0551181 -0.944882 -0.330709 
vn 0 -1 -0.00787402 
vn 0.125984 0.0472441 -0.992126 
vn 0.0787402 -0.181102 -0.984252 
vn -0.0787402 0.275591 -0.96063 
vn -0.858268 -0.511811 0.015748 
vn -0.574803 -0.692913 -0.440945 
vn -0.598425 -0.795276 -0.102362 
vn -0.204724 -0.496063 -0.84252 
vn -0.102362 0.559055 -0.826772 
vn -0.291339 0.559055 -0.779528 
vn -0.0393701 -0.0708661 -1 
vn -0.11811 0.0314961 -0.992126 
vn 0.0787402 0.283465 -0.952756 
vn -0.0708661 -0.133858 -0.992126 
vn 0.535433 -0.606299 -0.590551 
vn 0.275591 -0.393701 -0.874016 
vn 0.417323 -0.314961 -0.850394 
vn 0.377953 -0.685039 -0.622047 
vn 0.125984 -0.984252 0.125984 
vn 0.133858 -0.937008 0.322835 
vn 0 -0.929134 0.370079 
vn 0.291339 -0.92126 0.251969 
vn 0.204724 -0.496063 -0.84252 
vn 0.102362 0.559055 -0.826772 
vn 0.0393701 -0.0708661 -1 
vn 0.291339 0.559055 -0.779528 
vn -0.0551181 0 1 
vn -0.0551181 0 1 
vn -0.0551181 0 1 
vn 0.220472 0.96063 -0.173228 
vn 0 1 0 
vn 0.244094 0.96063 -0.11811 
vn 0.409449 0.858268 -0.322835 
vn 0.456693 0.858268 -0.220472 
vn 0.543307 0.724409 -0.425197 
vn 0.614173 0.732283 -0.299213 
vn 0.637795 0.582677 -0.503937 
vn 0.716535 0.598425 -0.354331 
vn 0.787402 0.480315 -0.393701 
vn 0.637795 0.582677 -0.503937 
vn 0.692913 0.456693 -0.559055 
vn 0.125984 0.0472441 -0.992126 
vn 0.275591 -0.393701 -0.874016 
vn 0.0787402 -0.181102 -0.984252 
vn -0.244094 0.96063 -0.11811 
vn 0 1 0 
vn -0.220472 0.96063 -0.173228 
vn -0.409449 0.858268 -0.322835 
vn -0.456693 0.858268 -0.220472 
vn -0.543307 0.724409 -0.425197 
vn -0.614173 0.732283 -0.299213 
vn -0.637795 0.582677 -0.503937 
vn -0.716535 0.598425 -0.354331 
vn -0.787402 0.480315 -0.393701 
vn -0.637795 0.582677 -0.503937 
vn -0.692913 0.464567 -0.559055 
vn 0.952756 0.0944882 -0.283465 
vn 0.944882 0.244094 -0.19685 
vn 0.952756 0.0944882 -0.283465 
vn 0.952756 0.212598 -0.220472 
vn 0.015748 -0.259843 0.968504 
vn 0.212598 0 0.976378 
vn -0.023622 0.110236 0.992126 
vn -0.015748 -0.259843 0.968504 
vn 0.023622 0.110236 0.992126 
vn -0.212598 0 0.976378 
vn 0 -0.929134 0.370079 
vn -0.133858 -0.937008 0.322835 
vn -0.0944882 -0.984252 0.133858 
vn -0.228346 0.188976 0.952756 
vn -0.653543 0.102362 0.748031 
vn -0.377953 -0.15748 0.913386 
vn -0.440945 0.456693 0.771654 
vn -0.19685 0.748031 0.629921 
vn -0.685039 0.661417 0.307087 
vn -0.535433 0.244094 0.811024 
vn 0.204724 0.755906 0.622047 
vn 0.527559 0.244094 0.811024 
vn 0.685039 0.661417 0.307087 
vn -0.19685 0.748031 0.629921 
vn -0.149606 0.771654 0.622047 
vn -0.212598 0.937008 0.275591 
vn -0.259843 0.929134 0.275591 
vn 0.96063 0.0866142 -0.259843 
vn 0.96063 0.0708661 -0.259843 
vn 0.96063 0.0866142 -0.267717 
vn 0.96063 0.0708661 -0.259843 
vn 0.952756 0.251969 -0.188976 
vn 0.96063 0.0866142 -0.267717 
vn 0.952756 0.204724 -0.212598 
vn 0.96063 0.0866142 -0.259843 
vn -0.740157 -0.488189 0.456693 
vn -0.787402 -0.19685 0.590551 
vn -0.913386 -0.0944882 0.401575 
vn -0.19685 -0.929134 -0.307087 
vn -0.110236 -0.992126 -0.0629921 
vn -0.212598 0.551181 0.811024 
vn -0.133858 -0.00787402 0.992126 
vn -0.00787402 -0.244094 0.968504 
vn 0 -1 0.0708661 
vn -0.944882 0.251969 -0.188976 
vn -0.96063 0.0944882 -0.267717 
vn -0.96063 0.0866142 -0.267717 
vn -0.952756 0.204724 -0.212598 
vn 0.787402 -0.19685 0.590551 
vn 0.740157 -0.488189 0.464567 
vn 0.913386 -0.0944882 0.401575 
vn -0.968504 0.0787402 -0.23622 
vn -0.976378 0.125984 -0.181102 
vn -0.976378 0.125984 -0.188976 
vn -0.968504 0.0708661 -0.244094 
vn -0.96063 0.0472441 -0.267717 
vn -0.968504 0.0787402 -0.23622 
vn -0.96063 0.0472441 -0.267717 
vn -0.96063 0.0708661 -0.267717 
vn -0.96063 0.0708661 -0.259843 
vn -0.96063 0.0866142 -0.267717 
vn -0.96063 0.0708661 -0.259843 
vn -0.96063 0.0708661 -0.267717 
vn -0.96063 0.0944882 -0.267717 
vn 0.11811 -0.370079 -0.92126 
vn 0.425197 -0.677165 -0.598425 
vn 0.110236 -0.897638 -0.433071 
vn -0.0787402 0.275591 -0.96063 
vn -0.291339 -0.0944882 -0.952756 
vn -0.425197 0.393701 -0.811024 
vn 0.0787402 0.283465 -0.952756 
vn 0.425197 0.393701 -0.811024 
vn 0.291339 -0.0944882 -0.952756 
vn 0.212598 0.551181 0.811024 
vn 0.133858 -0.00787402 0.992126 
vn 0.110236 -0.992126 -0.0629921 
vn 0 -1 0.0708661 
vn 0.0787402 0.283465 -0.952756 
vn 0.291339 -0.0944882 -0.952756 
vn -0.0708661 -0.133858 -0.992126 
vn 0.204724 0.755906 0.622047 
vn 0.220472 0.952756 0.19685 
vn 0.149606 0.787402 0.606299 
vn 0.267717 0.92126 0.275591 
vn -0.11811 -0.370079 -0.92126 
vn -0.110236 -0.897638 -0.433071 
vn -0.425197 -0.677165 -0.598425 
vn 0.244094 0.188976 0.952756 
vn 0.716535 0.0629921 0.692913 
vn 0.464567 0.433071 0.771654 
vn 0.385827 -0.149606 0.913386 
vn -0.0787402 0.275591 -0.96063 
vn 0.0787402 -0.181102 -0.984252 
vn -0.291339 -0.0944882 -0.952756 
vn -1 -0.0551181 0 
vn -0.968504 0.23622 -0.023622 
vn -0.330709 0.149606 -0.929134 
vn -0.307087 0.559055 -0.771654 
vn -0.330709 0.149606 -0.929134 
vn -0.984252 -0.165354 0.0393701 
vn -0.338583 0.0314961 -0.937008 
vn 0.330709 0.149606 -0.929134 
vn 0.968504 0.23622 -0.023622 
vn 1 -0.0551181 0 
vn 0.307087 0.559055 -0.771654 
vn 0.984252 -0.165354 0.0393701 
vn 0.330709 0.149606 -0.929134 
vn 0.338583 0.0314961 -0.937008 
vn -0.228346 0.188976 0.952756 
vn -0.110236 0.551181 0.826772 
vn -0.440945 0.456693 0.771654 
vn -0.165354 -0.0472441 -0.984252 
vn -0.0787402 -0.00787402 -1 
vn -0.0866142 -0.015748 -1 
vn -0.165354 -0.0551181 -0.984252 
vn -0.165354 -0.0472441 -0.984252 
vn -0.220472 -0.0944882 -0.968504 
vn -0.165354 -0.0551181 -0.984252 
vn -0.818898 -0.283465 -0.496063 
vn -0.574803 -0.692913 -0.440945 
vn -0.858268 -0.511811 0.015748 
vn 0.527559 0.244094 0.811024 
vn 0.204724 0.755906 0.622047 
vn 0.0866142 0.370079 0.92126 
vn -0.19685 0.748031 0.629921 
vn -0.535433 0.244094 0.811024 
vn -0.0866142 0.377953 0.92126 
vn 0.590551 -0.755906 -0.283465 
vn 0.535433 -0.606299 -0.590551 
vn 0.724409 -0.362205 -0.582677 
vn 0.866142 -0.503937 -0.00787402 
vn -0.818898 -0.283465 -0.496063 
vn -0.488189 -0.448819 -0.748031 
vn -0.574803 -0.692913 -0.440945 
vn 0.464567 0.433071 0.771654 
vn 0.11811 0.551181 0.826772 
vn 0.244094 0.188976 0.952756 
vn 0.110236 -0.0314961 -0.992126 
vn 0.204724 -0.0787402 -0.976378 
vn 0.188976 -0.0708661 -0.976378 
vn 0.0472441 -0.00787402 -1 
vn 0.110236 -0.0314961 -0.992126 
vn 0.0472441 -0.015748 -1 
vn 0.755906 0.188976 0.622047 
vn 0.708661 0.448819 0.543307 
vn 0.590551 -0.0472441 0.80315 
vn -0.708661 0.448819 0.543307 
vn -0.755906 0.188976 0.622047 
vn -0.590551 -0.0472441 0.80315 
vn 0.267717 0.92126 0.275591 
vn 0.299213 0.952756 -0.0944882 
vn 0.220472 0.952756 0.19685 
vn -0.110236 0.551181 0.826772 
vn 0.149606 0.787402 0.606299 
vn -0.015748 0.795276 0.606299 
vn 0.0944882 0.488189 0.866142 
vn -0.362205 -0.0708661 -0.929134 
vn -0.11811 0.0314961 -0.992126 
vn -0.267717 -0.409449 -0.874016 
vn 0.0393701 0.811024 0.590551 
vn -0.149606 0.771654 0.622047 
vn -0.0314961 0.511811 0.858268 
vn 0.11811 0.551181 0.826772 
vn 0.984252 0.181102 -0.0314961 
vn 0.984252 0.173228 -0.0708661 
vn 0.984252 0.165354 -0.0866142 
vn 0.984252 0.188976 -0.00787402 
vn 0.976378 0.149606 -0.125984 
vn 0.976378 0.149606 -0.133858 
vn 0.976378 0.149606 -0.125984 
vn 0.976378 0.125984 -0.188976 
vn 0.976378 0.125984 -0.181102 
vn 0.968504 0.0787402 -0.23622 
vn 0.976378 0.125984 -0.188976 
vn 0.968504 0.0708661 -0.244094 
vn 0.96063 0.0472441 -0.267717 
vn 0.968504 0.0787402 -0.23622 
vn 0.96063 0.0472441 -0.267717 
vn 0.96063 0.0708661 -0.259843 
vn 0.96063 0.0708661 -0.259843 
vn 0 1 -0.015748 
vn 0.102362 0.984252 0.11811 
vn 0.133858 0.165354 -0.976378 
vn -0.00787402 0.338583 -0.937008 
vn 0.00787402 0.338583 -0.937008 
vn -0.133858 0.165354 -0.976378 
vn 0 1 -0.015748 
vn -0.102362 0.984252 0.11811 
vn -0.362205 -0.0708661 -0.929134 
vn -0.267717 -0.409449 -0.874016 
vn -0.488189 -0.448819 -0.748031 
vn 0.724409 -0.362205 -0.582677 
vn 0.535433 -0.606299 -0.590551 
vn 0.417323 -0.314961 -0.850394 
vn -0.0393701 0.480315 -0.88189 
vn -0.0787402 0.275591 -0.96063 
vn -0.19685 0.614173 -0.76378 
vn 0.267717 0.96063 -0.0629921 
vn 0 1 0 
vn 0.267717 0.96063 0 
vn 0.0393701 0.480315 -0.88189 
vn 0.19685 0.622047 -0.76378 
vn 0.0787402 0.283465 -0.952756 
vn 0.188976 -0.0708661 -0.976378 
vn 0.0472441 -0.015748 -1 
vn 0.110236 -0.0314961 -0.992126 
vn -0.267717 0.96063 0 
vn 0 1 0 
vn -0.259843 0.96063 -0.0629921 
vn -0.456693 -0.0551181 -0.889764 
vn -0.913386 -0.23622 -0.338583 
vn -0.944882 0.0393701 -0.330709 
vn -0.228346 0.275591 0.937008 
vn -0.653543 0.0472441 0.755906 
vn -0.314961 -0.0393701 0.952756 
vn -0.535433 0.338583 0.771654 
vn 0.228346 0.275591 0.937008 
vn 0.653543 0.0472441 0.755906 
vn 0.535433 0.338583 0.771654 
vn 0.314961 -0.0393701 0.952756 
vn 0.456693 -0.0551181 -0.889764 
vn 0.944882 0.0393701 -0.338583 
vn 0.913386 -0.23622 -0.338583 
vn 0.417323 -0.314961 -0.850394 
vn 0.275591 -0.393701 -0.874016 
vn 0.299213 0.015748 -0.952756 
vn 0.125984 0.0472441 -0.992126 
vn 0.133858 -0.00787402 0.992126 
vn 0.00787402 -0.244094 0.968504 
vn 0 -1 0.0708661 
vn -0.110236 -0.992126 -0.0629921 
vn 0 -1 0.0708661 
vn -0.133858 -0.00787402 0.992126 
vn -0.220472 0.96063 -0.181102 
vn -0.267717 0.850394 -0.456693 
vn -0.291339 0.952756 -0.0866142 
vn -0.976378 0.125984 -0.188976 
vn -0.976378 0.15748 -0.125984 
vn -0.976378 0.149606 -0.141732 
vn -0.976378 0.125984 -0.181102 
vn -0.984252 0.165354 -0.0866142 
vn -0.976378 0.15748 -0.125984 
vn -0.984252 0.173228 -0.0708661 
vn -0.984252 0.181102 -0.0314961 
vn -0.984252 0.188976 -0.00787402 
vn -0.19685 0.614173 -0.76378 
vn -0.425197 0.393701 -0.811024 
vn -0.622047 0.700787 -0.354331 
vn 0.19685 0.622047 -0.76378 
vn 0.622047 0.700787 -0.354331 
vn 0.425197 0.393701 -0.811024 
vn 0.19685 0.622047 -0.76378 
vn 0.425197 0.393701 -0.811024 
vn 0.0787402 0.283465 -0.952756 
vn -0.212598 0.937008 0.275591 
vn -0.291339 0.952756 -0.0866142 
vn -0.259843 0.929134 0.275591 
vn -0.220472 0.96063 -0.181102 
vn -0.19685 0.614173 -0.76378 
vn -0.0787402 0.275591 -0.96063 
vn -0.425197 0.393701 -0.811024 
vn -0.291339 0.952756 -0.0866142 
vn -0.622047 0.700787 -0.354331 
vn -0.685039 0.661417 0.307087 
vn 0.212598 0.937008 -0.275591 
vn 0.299213 0.952756 -0.0944882 
vn 0.267717 0.850394 -0.456693 
vn 0.0393701 0.480315 -0.88189 
vn 0.0787402 0.283465 -0.952756 
vn -0.11811 0.0314961 -0.992126 
vn 0.299213 0.952756 -0.0944882 
vn 0.685039 0.661417 0.307087 
vn 0.622047 0.700787 -0.354331 
vn -0.0393701 0.480315 -0.88189 
vn 0.125984 0.0472441 -0.992126 
vn -0.0787402 0.275591 -0.96063 
vn 0.00787402 1 -0.0866142 
vn -0.0393701 0.889764 0.456693 
vn -0.015748 0.984252 0.165354 
vn -0.0393701 0.889764 0.456693 
vn -0.0393701 0.889764 0.456693 
vn -0.015748 0.984252 0.181102 
vn -0.0393701 0.889764 0.456693 
vn 0.015748 0.984252 0.181102 
vn 0.0393701 0.889764 0.456693 
vn 0.015748 0.984252 0.165354 
vn 0.0393701 0.889764 0.456693 
vn 0.0393701 0.889764 0.456693 
vn 0.0393701 0.889764 0.456693 
vn -0.00787402 1 -0.0866142 
vn 0.204724 0.755906 0.622047 
vn 0.685039 0.661417 0.307087 
vn 0.267717 0.92126 0.275591 
vn -0.149606 0.779528 -0.614173 
vn -0.19685 0.614173 -0.76378 
vn -0.267717 0.850394 -0.456693 
vn 0.149606 0.76378 -0.622047 
vn 0.267717 0.850394 -0.456693 
vn 0.19685 0.622047 -0.76378 
vn -0.19685 0.748031 0.629921 
vn -0.259843 0.929134 0.275591 
vn -0.685039 0.661417 0.307087 
vn -0.984252 -0.149606 0.125984 
vn -0.984252 -0.149606 -0.11811 
vn -0.984252 -0.149606 0.133858 
vn 0.984252 0.188976 0.015748 
vn 0.984252 0.188976 -0.00787402 
vn 0.984252 0.181102 -0.0314961 
vn 0.984252 0.188976 -0.00787402 
vn 0.984252 0.188976 0.015748 
vn 0.984252 0.188976 0.015748 
vn -0.984252 0.188976 0.015748 
vn -0.984252 0.181102 -0.0314961 
vn -0.984252 0.188976 -0.00787402 
vn -0.984252 0.188976 -0.00787402 
vn -0.984252 0.188976 0.015748 
vn -0.984252 0.188976 0.015748 
vn 0.385827 -0.283465 0.88189 
vn 0.472441 -0.0393701 0.88189 
vn 0.212598 0 0.976378 
vn -0.385827 -0.283465 0.88189 
vn -0.212598 0 0.976378 
vn -0.472441 -0.0393701 0.88189 
vn -0.653543 -0.165354 0.740157 
vn -0.385827 -0.283465 0.88189 
vn -0.472441 -0.0393701 0.88189 
vn 0.653543 -0.165354 0.740157 
vn 0.472441 -0.0393701 0.88189 
vn 0.385827 -0.283465 0.88189 
vn -0.944882 0.0393701 -0.330709 
vn -0.913386 -0.23622 -0.338583 
vn -0.968504 -0.0472441 -0.228346 
vn 0.11811 -0.496063 0.858268 
vn 0.173228 -0.952756 -0.259843 
vn 0.0393701 -1 -0.0393701 
vn 0.354331 -0.433071 0.826772 
vn -0.11811 -0.496063 0.858268 
vn -0.0393701 -1 -0.0393701 
vn -0.173228 -0.952756 -0.259843 
vn -0.354331 -0.433071 0.826772 
vn -0.929134 0.322835 -0.181102 
vn -0.984252 0.173228 -0.0866142 
vn -0.354331 -0.433071 0.826772 
vn -0.346457 -0.110236 0.929134 
vn -0.338583 -0.023622 0.944882 
vn -0.984252 0.173228 -0.0314961 
vn -0.0787402 -0.00787402 -1 
vn -0.0314961 0.00787402 -1 
vn -0.0314961 0.00787402 -1 
vn -0.0866142 -0.015748 -1 
vn 0.944882 0.0393701 -0.338583 
vn 0.968504 -0.0472441 -0.228346 
vn 0.913386 -0.23622 -0.338583 
vn 0.984252 0.173228 -0.0866142 
vn 0.354331 -0.433071 0.826772 
vn 0.346457 -0.110236 0.929134 
vn 0.929134 0.322835 -0.181102 
vn 0.338583 -0.023622 0.944882 
vn 0.984252 0.173228 -0.0314961 
vn 0.220472 0.952756 0.19685 
vn 0.299213 0.952756 -0.0944882 
vn 0.212598 0.937008 -0.275591 
vn -1 0 0 
vn -1 0 0 
vn -1 0 0 
vn -1 0 0 
vn 0.267717 0.92126 0.275591 
vn 0.685039 0.661417 0.307087 
vn 0.299213 0.952756 -0.0944882 
vn 0.267717 0.850394 -0.456693 
vn 0.622047 0.700787 -0.354331 
vn 0.19685 0.622047 -0.76378 
vn -0.259843 0.929134 0.275591 
vn -0.291339 0.952756 -0.0866142 
vn -0.685039 0.661417 0.307087 
vn -0.267717 0.850394 -0.456693 
vn -0.19685 0.614173 -0.76378 
vn -0.622047 0.700787 -0.354331 
vn 0.149606 0.76378 -0.622047 
vn 0.19685 0.622047 -0.76378 
vn 0.0393701 0.480315 -0.88189 
vn -0.149606 0.779528 -0.614173 
vn -0.0393701 0.480315 -0.88189 
vn -0.19685 0.614173 -0.76378 
vn -0.00787402 0.338583 -0.937008 
vn -0.141732 0.15748 -0.976378 
vn 0 1 -0.015748 
vn 0 1 -0.015748 
vn 0.141732 0.15748 -0.976378 
vn 0.00787402 0.338583 -0.937008 
vn 0.149606 0.787402 0.606299 
vn 0.0551181 0.96063 0.267717 
vn -0.015748 0.795276 0.606299 
vn 0.220472 0.952756 0.19685 
vn 0.354331 0.244094 -0.905512 
vn 0.629921 -0.149606 -0.755906 
vn 0.11811 -0.370079 -0.92126 
vn -0.354331 0.244094 -0.905512 
vn -0.11811 -0.370079 -0.92126 
vn -0.629921 -0.149606 -0.755906 
vn -0.0472441 0.96063 0.267717 
vn -0.149606 0.771654 0.622047 
vn 0.0393701 0.811024 0.590551 
vn -0.212598 0.937008 0.275591 
vn 0.212598 0.937008 -0.275591 
vn 0.267717 0.850394 -0.456693 
vn 0.149606 0.76378 -0.622047 
vn -0.141732 -0.204724 -0.968504 
vn -0.110236 0.559055 -0.818898 
vn -0.307087 0.559055 -0.771654 
vn 0.141732 -0.204724 -0.968504 
vn 0.307087 0.559055 -0.771654 
vn 0.110236 0.559055 -0.818898 
vn 0.299213 0.952756 -0.0944882 
vn 0.622047 0.700787 -0.354331 
vn 0.267717 0.850394 -0.456693 
vn -0.291339 0.952756 -0.0866142 
vn -0.267717 0.850394 -0.456693 
vn -0.622047 0.700787 -0.354331 
vn 0.716535 0.700787 0.015748 
vn 0.748031 0.582677 -0.322835 
vn 0.385827 0.913386 -0.11811 
vn 0.527559 0.677165 -0.511811 
vn -0.102362 -0.992126 -0.0472441 
vn 0 -1 0.0708661 
vn -0.125984 -0.015748 0.992126 
vn 0.00787402 -0.244094 0.968504 
vn 0.125984 -0.015748 0.992126 
vn -0.00787402 -0.244094 0.968504 
vn 0 -1 0.0708661 
vn 0.110236 -0.992126 -0.0472441 
vn -0.716535 0.0629921 -0.700787 
vn -0.488189 -0.448819 -0.748031 
vn -0.818898 -0.283465 -0.496063 
vn -0.362205 -0.0708661 -0.929134 
vn -0.220472 0.96063 -0.181102 
vn -0.149606 0.779528 -0.614173 
vn -0.267717 0.850394 -0.456693 
vn 0.929134 -0.149606 -0.338583 
vn 0.866142 -0.503937 -0.00787402 
vn 0.724409 -0.362205 -0.582677 
vn 0.748031 0.653543 0.102362 
vn 0.88189 0.464567 0.0787402 
vn 0.614173 0.614173 -0.503937 
vn -0.748031 0.653543 0.102362 
vn -0.614173 0.614173 -0.503937 
vn -0.88189 0.464567 0.0787402 
vn -0.692913 -0.299213 -0.661417 
vn -0.724409 -0.354331 -0.582677 
vn -0.685039 -0.165354 -0.708661 
vn 0.165354 0.377953 -0.913386 
vn 0.125984 0.0472441 -0.992126 
vn -0.0393701 0.480315 -0.88189 
vn -0.173228 0.370079 -0.913386 
vn 0.0393701 0.480315 -0.88189 
vn -0.11811 0.0314961 -0.992126 
vn 0 -0.0629921 1 
vn 0 -0.0629921 1 
vn 0 -0.0629921 1 
vn -0.559055 0.0314961 -0.826772 
vn -0.645669 0.023622 -0.76378 
vn -0.614173 0.023622 -0.795276 
vn -0.559055 0.0314961 -0.826772 
vn 0.661417 0.125984 -0.740157 
vn 0.417323 -0.314961 -0.850394 
vn 0.299213 0.015748 -0.952756 
vn 0.0472441 -0.015748 -1 
vn -0.00787402 0 -1 
vn 0.0472441 -0.00787402 -1 
vn -0.00787402 0 -1 
vn -0.173228 0.370079 -0.913386 
vn -0.11811 0.0314961 -0.992126 
vn -0.362205 -0.0708661 -0.929134 
vn 0.661417 0.125984 -0.740157 
vn 0.724409 -0.362205 -0.582677 
vn 0.417323 -0.314961 -0.850394 
vn -0.913386 -0.23622 -0.338583 
vn -0.897638 -0.393701 -0.204724 
vn -0.968504 -0.0472441 -0.228346 
vn -0.937008 0.291339 -0.19685 
vn -0.992126 0.0944882 0.0708661 
vn -0.598425 0.637795 -0.488189 
vn -0.511811 0.283465 -0.811024 
vn -0.740157 0.267717 -0.614173 
vn -0.330709 0.590551 -0.732283 
vn 0.614173 0.614173 -0.503937 
vn 0.818898 0.322835 -0.472441 
vn 0.354331 0.244094 -0.905512 
vn -0.614173 0.614173 -0.503937 
vn -0.354331 0.244094 -0.905512 
vn -0.818898 0.322835 -0.472441 
vn 0.511811 0.283465 -0.811024 
vn 0.598425 0.637795 -0.488189 
vn 0.740157 0.267717 -0.614173 
vn 0.330709 0.590551 -0.732283 
vn -0.110236 0.551181 0.826772 
vn -0.267717 0.88189 0.393701 
vn -0.440945 0.456693 0.771654 
vn -0.015748 0.795276 0.606299 
vn 0.393701 0.818898 0.409449 
vn 0.11811 0.551181 0.826772 
vn 0.464567 0.433071 0.771654 
vn 0.0393701 0.811024 0.590551 
vn -0.015748 0.795276 0.606299 
vn 0.0551181 0.96063 0.267717 
vn -0.267717 0.88189 0.393701 
vn -0.0629921 0.992126 -0.0866142 
vn -0.220472 0.96063 -0.181102 
vn -0.0472441 0.96063 0.267717 
vn -0.346457 -0.417323 0.84252 
vn -0.149606 -0.19685 0.968504 
vn -0.188976 -0.23622 0.952756 
vn 0.220472 0.952756 0.19685 
vn 0.212598 0.937008 -0.275591 
vn 0.0472441 0.992126 -0.0866142 
vn -0.968504 -0.0472441 -0.228346 
vn -0.96063 -0.267717 0.0393701 
vn -0.992126 0.0944882 0.0708661 
vn 0.755906 0.015748 -0.653543 
vn 0.677165 -0.23622 -0.692913 
vn 0.708661 -0.0472441 -0.700787 
vn 0.968504 -0.0472441 -0.228346 
vn 0.992126 0.0944882 0.0708661 
vn 0.96063 -0.267717 0.0393701 
vn -0.220472 0.96063 -0.181102 
vn -0.212598 0.937008 0.275591 
vn -0.0472441 0.96063 0.267717 
vn 0.440945 0.464567 -0.76378 
vn 0.661417 0.125984 -0.740157 
vn 0.299213 0.015748 -0.952756 
vn 0.165354 0.377953 -0.913386 
vn 0.125984 0.0472441 -0.992126 
vn 0 0.929134 -0.362205 
vn 0.11811 0.984252 -0.125984 
vn 0.133858 0.937008 -0.322835 
vn 0.0708661 0.685039 -0.724409 
vn -0.0393701 0.480315 -0.88189 
vn -0.149606 0.779528 -0.614173 
vn 0.0551181 0.96063 0.267717 
vn 0.220472 0.952756 0.19685 
vn 0.0472441 0.992126 -0.0866142 
vn -0.0787402 0.692913 -0.716535 
vn 0.149606 0.76378 -0.622047 
vn 0.0393701 0.480315 -0.88189 
vn -0.0314961 0.897638 -0.440945 
vn -0.149606 0.779528 -0.614173 
vn -0.220472 0.96063 -0.181102 
vn -0.0866142 0.984252 -0.133858 
vn 0 0.929134 -0.362205 
vn -0.11811 0.937008 -0.322835 
vn -0.0866142 0.984252 -0.133858 
vn -0.283465 0.929134 -0.251969 
vn -0.141732 0.984252 -0.125984 
vn -0.0787402 0.692913 -0.716535 
vn 0.0393701 0.480315 -0.88189 
vn -0.173228 0.370079 -0.913386 
vn 0.00787402 0.897638 -0.440945 
vn 0.212598 0.937008 -0.275591 
vn 0.149606 0.76378 -0.622047 
vn 0.0708661 0.685039 -0.724409 
vn 0.165354 0.377953 -0.913386 
vn -0.0393701 0.480315 -0.88189 
vn -0.637795 0.724409 0.244094 
vn -0.929134 0.362205 0.102362 
vn -0.858268 0.393701 0.322835 
vn -0.716535 0.700787 0.015748 
vn 0.637795 0.724409 0.244094 
vn 0.929134 0.362205 0.102362 
vn 0.716535 0.700787 0.015748 
vn 0.858268 0.393701 0.322835 
vn 0.11811 0.984252 -0.125984 
vn 0.283465 0.929134 -0.251969 
vn 0.133858 0.937008 -0.322835 
vn -0.19685 -0.937008 -0.291339 
vn -0.102362 -0.992126 -0.0472441 
vn -0.204724 0.535433 0.818898 
vn -0.125984 -0.015748 0.992126 
vn -0.204724 0.535433 0.818898 
vn -0.102362 -0.992126 -0.0472441 
vn 0.204724 0.535433 0.818898 
vn 0.125984 -0.015748 0.992126 
vn 0.110236 -0.992126 -0.0472441 
vn 0.204724 0.535433 0.818898 
vn 0.110236 -0.992126 -0.0472441 
vn 0.19685 -0.937008 -0.291339 
vn -0.472441 0.433071 -0.771654 
vn -0.362205 -0.0708661 -0.929134 
vn -0.716535 0.0629921 -0.700787 
vn 0.0472441 0.992126 -0.0866142 
vn 0.212598 0.937008 -0.275591 
vn 0.00787402 0.897638 -0.440945 
vn -0.0629921 0.992126 -0.0866142 
vn -0.0314961 0.897638 -0.440945 
vn -0.220472 0.96063 -0.181102 
vn 0.00787402 0.897638 -0.440945 
vn 0.149606 0.76378 -0.622047 
vn -0.0787402 0.692913 -0.716535 
vn -0.0314961 0.897638 -0.440945 
vn 0.0708661 0.685039 -0.724409 
vn -0.149606 0.779528 -0.614173 
vn 0.677165 -0.23622 -0.692913 
vn 0.708661 -0.354331 -0.614173 
vn 0.708661 -0.0472441 -0.700787 
vn -0.0472441 -0.251969 0.968504 
vn -0.0551181 -0.212598 0.976378 
vn -0.0551181 -0.244094 0.968504 
vn -0.0472441 -0.291339 0.96063 
vn 0.11811 0.984252 -0.125984 
vn 0.173228 0.976378 -0.125984 
vn 0.283465 0.929134 -0.251969 
vn 0.440945 0.464567 -0.76378 
vn 0.165354 0.377953 -0.913386 
vn 0.0708661 0.685039 -0.724409 
vn 0.299213 0.015748 -0.952756 
vn -0.472441 0.433071 -0.771654 
vn -0.0787402 0.692913 -0.716535 
vn -0.173228 0.370079 -0.913386 
vn -0.472441 0.433071 -0.771654 
vn -0.362205 -0.0708661 -0.929134 
vn -0.80315 -0.307087 0.511811 
vn -0.653543 0.102362 0.748031 
vn -0.897638 0.259843 0.362205 
vn -0.566929 0.716535 0.401575 
vn -0.858268 0.393701 0.322835 
vn -0.787402 0.393701 0.472441 
vn -0.637795 0.724409 0.244094 
vn 0.346457 0.937008 0.0472441 
vn -0.0629921 0.992126 -0.0866142 
vn -0.0472441 0.96063 0.267717 
vn 0.566929 0.716535 0.401575 
vn 0.858268 0.393701 0.322835 
vn 0.637795 0.724409 0.244094 
vn 0.787402 0.393701 0.472441 
vn -0.212598 -0.850394 -0.488189 
vn -0.110236 -0.488189 0.866142 
vn -0.0787402 -1 -0.0393701 
vn -0.346457 -0.425197 0.834646 
vn 0.346457 -0.425197 0.834646 
vn 0.212598 -0.850394 -0.488189 
vn 0.11811 -0.488189 0.866142 
vn 0.0787402 -1 -0.0393701 
vn 0.850394 -0.464567 0.244094 
vn 0.850394 -0.464567 0.244094 
vn 0.850394 -0.464567 0.244094 
vn 0.850394 -0.464567 0.244094 
vn -0.165354 0.889764 0.425197 
vn -0.275591 -0.283465 -0.92126 
vn -0.299213 -0.716535 -0.629921 
vn -0.204724 0.535433 0.818898 
vn -0.165354 0.889764 0.425197 
vn -0.0944882 0.984252 0.133858 
vn -0.141732 0.15748 -0.976378 
vn 0 1 -0.015748 
vn -0.992126 0.0944882 0.0708661 
vn -0.96063 -0.267717 0.0393701 
vn -0.913386 -0.0944882 0.401575 
vn 0.204724 0.535433 0.818898 
vn 0.299213 -0.716535 -0.629921 
vn 0.165354 0.889764 0.425197 
vn 0.275591 -0.283465 -0.92126 
vn 0.165354 0.889764 0.425197 
vn 0.0944882 0.984252 0.133858 
vn 0.141732 0.15748 -0.976378 
vn 0 1 -0.015748 
vn 0.0551181 0.96063 0.267717 
vn -0.338583 0.937008 -0.0314961 
vn -0.267717 0.88189 0.393701 
vn 0.0472441 0.992126 -0.0866142 
vn 0.992126 0.0944882 0.0708661 
vn 0.913386 -0.0944882 0.401575 
vn 0.96063 -0.267717 0.0393701 
vn -0.440945 0.456693 0.771654 
vn -0.267717 0.88189 0.393701 
vn -0.637795 0.661417 0.393701 
vn 0.992126 0.102362 0.0944882 
vn 0.818898 -0.283465 0.496063 
vn 0.866142 -0.503937 -0.00787402 
vn 0.173228 0.976378 -0.125984 
vn 0.330709 0.905512 -0.275591 
vn 0.283465 0.929134 -0.251969 
vn -0.141732 0.984252 -0.125984 
vn -0.283465 0.929134 -0.251969 
vn -0.354331 0.897638 -0.259843 
vn -0.692913 -0.299213 -0.661417 
vn -0.685039 -0.165354 -0.708661 
vn -0.740157 -0.0708661 -0.669291 
vn -0.80315 -0.307087 0.511811 
vn -0.897638 0.259843 0.362205 
vn -1 -0.0314961 0 
vn -0.858268 -0.511811 0.015748 
vn 0.275591 0.874016 -0.401575 
vn -0.0314961 0.897638 -0.440945 
vn -0.0629921 0.992126 -0.0866142 
vn -0.889764 0.19685 -0.409449 
vn -0.614173 0.023622 -0.795276 
vn -0.645669 0.023622 -0.76378 
vn -0.692913 -0.299213 -0.661417 
vn -0.795276 -0.362205 -0.488189 
vn -0.795276 -0.362205 -0.488189 
vn -0.724409 -0.354331 -0.582677 
vn 0.393701 0.818898 0.409449 
vn 0.464567 0.433071 0.771654 
vn 0.677165 0.566929 0.464567 
vn 0.275591 0.874016 -0.401575 
vn 0.0708661 0.685039 -0.724409 
vn -0.0314961 0.897638 -0.440945 
vn 0.0944882 -0.338583 0.937008 
vn -0.0708661 -0.259843 0.96063 
vn 0.19685 -0.385827 0.905512 
vn -1 -0.0314961 0 
vn -0.818898 -0.283465 -0.496063 
vn -0.858268 -0.511811 0.015748 
vn 0.133858 -0.425197 0.897638 
vn 0.204724 -0.433071 0.874016 
vn 0.204724 -0.433071 0.874016 
vn 0.00787402 -0.393701 0.92126 
vn 0.952756 0.251969 -0.188976 
vn 0.944882 0.244094 -0.19685 
vn 0.952756 0.212598 -0.220472 
vn 0.952756 0.204724 -0.212598 
vn -0.338583 0.937008 -0.0314961 
vn 0.0472441 0.992126 -0.0866142 
vn 0.00787402 0.897638 -0.440945 
vn -0.952756 0.204724 -0.212598 
vn -0.944882 0.251969 -0.188976 
vn -0.952756 0.19685 -0.220472 
vn -0.96063 0.141732 -0.251969 
vn -0.212598 0 0.976378 
vn -0.409449 0.212598 0.889764 
vn -0.472441 -0.0393701 0.88189 
vn 0.346457 0.937008 0.0472441 
vn 0.275591 0.874016 -0.401575 
vn -0.0629921 0.992126 -0.0866142 
vn 0.212598 0 0.976378 
vn 0.472441 -0.0393701 0.88189 
vn 0.409449 0.212598 0.889764 
vn -0.393701 0.826772 -0.401575 
vn 0.00787402 0.897638 -0.440945 
vn -0.0787402 0.692913 -0.716535 
vn -0.645669 0.0944882 0.755906 
vn -0.653543 -0.165354 0.740157 
vn -0.472441 -0.0393701 0.88189 
vn -0.645669 0.0944882 0.755906 
vn -0.787402 -0.19685 0.590551 
vn -0.76378 0.165354 0.622047 
vn 0.645669 0.0944882 0.755906 
vn 0.472441 -0.0393701 0.88189 
vn 0.653543 -0.165354 0.740157 
vn 0.787402 -0.19685 0.590551 
vn 0.645669 0.0944882 0.755906 
vn 0.76378 0.165354 0.622047 
vn -0.338583 0.937008 -0.0314961 
vn 0.00787402 0.897638 -0.440945 
vn -0.393701 0.826772 -0.401575 
vn 0.929134 -0.149606 -0.338583 
vn 0.992126 0.102362 0.0944882 
vn 0.866142 -0.503937 -0.00787402 
vn 0.677165 0.566929 0.464567 
vn 0.464567 0.433071 0.771654 
vn 0.716535 0.0629921 0.692913 
vn 0.992126 0.102362 0.0944882 
vn 0.716535 0.0629921 0.692913 
vn 0.818898 -0.283465 0.496063 
vn -0.141732 -0.204724 -0.968504 
vn -0.307087 0.559055 -0.771654 
vn -0.968504 0.23622 -0.023622 
vn -0.212598 -0.850394 -0.488189 
vn -0.0944882 0.984252 0.133858 
vn -0.125984 -0.015748 0.992126 
vn 0 1 -0.015748 
vn -0.165354 0.889764 0.425197 
vn -0.204724 0.535433 0.818898 
vn 0.00787402 -0.244094 0.968504 
vn 0.102362 0.984252 0.11811 
vn 0.133858 -0.00787402 0.992126 
vn 0.173228 0.897638 0.409449 
vn 0.212598 0.551181 0.811024 
vn 0.125984 -0.015748 0.992126 
vn 0.204724 0.535433 0.818898 
vn 0.165354 0.889764 0.425197 
vn 0.0944882 0.984252 0.133858 
vn 0 1 -0.015748 
vn -0.00787402 -0.244094 0.968504 
vn -0.102362 0.984252 0.11811 
vn -0.133858 -0.00787402 0.992126 
vn -0.173228 0.897638 0.409449 
vn -0.212598 0.551181 0.811024 
vn 0.661417 0.125984 -0.740157 
vn 0.929134 -0.149606 -0.338583 
vn 0.724409 -0.362205 -0.582677 
vn 0.212598 -0.850394 -0.488189 
vn 0.968504 0.23622 -0.023622 
vn 0.141732 -0.204724 -0.968504 
vn 0.307087 0.559055 -0.771654 
vn -0.440945 0.456693 0.771654 
vn -0.637795 0.661417 0.393701 
vn -0.653543 0.102362 0.748031 
vn 0.275591 0.874016 -0.401575 
vn 0.440945 0.464567 -0.76378 
vn 0.0708661 0.685039 -0.724409 
vn -0.653543 0.102362 0.748031 
vn -0.637795 0.661417 0.393701 
vn -0.897638 0.259843 0.362205 
vn 0.834646 0.015748 -0.551181 
vn 0.755906 0.015748 -0.653543 
vn 0.834646 0.015748 -0.551181 
vn 0.708661 -0.0472441 -0.700787 
vn -0.0472441 0.968504 -0.228346 
vn -0.0629921 0.795276 -0.606299 
vn -0.519685 0.677165 -0.511811 
vn -0.385827 0.913386 -0.110236 
vn -0.165354 0.80315 -0.574803 
vn 0 0.929134 -0.362205 
vn -0.00787402 0.80315 -0.598425 
vn -0.11811 0.937008 -0.322835 
vn 0.173228 0.80315 -0.574803 
vn 0 0.929134 -0.362205 
vn 0.133858 0.937008 -0.322835 
vn -0.00787402 0.80315 -0.598425 
vn 0.385827 0.913386 -0.11811 
vn 0.527559 0.677165 -0.511811 
vn 0.0472441 0.968504 -0.228346 
vn 0.0629921 0.795276 -0.606299 
vn -0.897638 0.307087 -0.314961 
vn -0.740157 0.267717 -0.614173 
vn -0.944882 0.0393701 -0.330709 
vn -0.456693 -0.0551181 -0.889764 
vn -0.913386 -0.0944882 0.401575 
vn -0.787402 -0.19685 0.590551 
vn -0.76378 0.165354 0.622047 
vn 0.740157 0.267717 -0.614173 
vn 0.897638 0.307087 -0.314961 
vn 0.944882 0.0393701 -0.338583 
vn 0.456693 -0.0551181 -0.889764 
vn -0.19685 -0.937008 -0.291339 
vn -0.204724 0.535433 0.818898 
vn -0.299213 -0.716535 -0.629921 
vn 0.913386 -0.0944882 0.401575 
vn 0.76378 0.165354 0.622047 
vn 0.787402 -0.19685 0.590551 
vn 0.00787402 -0.496063 0.866142 
vn 0.11811 -0.496063 0.858268 
vn 0.0393701 -1 -0.0393701 
vn 0 -0.165354 0.984252 
vn 0.00787402 -0.496063 0.866142 
vn 0.11811 -0.149606 0.984252 
vn 0 -0.0866142 1 
vn 0.11811 -0.0708661 0.992126 
vn 0.19685 -0.937008 -0.291339 
vn 0.299213 -0.716535 -0.629921 
vn 0.204724 0.535433 0.818898 
vn -0.00787402 -0.496063 0.866142 
vn -0.0393701 -1 -0.0393701 
vn -0.11811 -0.496063 0.858268 
vn 0 -0.165354 0.984252 
vn -0.00787402 -0.496063 0.866142 
vn -0.11811 -0.149606 0.984252 
vn 0 -0.0866142 1 
vn -0.11811 -0.0708661 0.992126 
vn 0.858268 0.409449 0.314961 
vn 0.716535 0.0629921 0.692913 
vn 0.992126 0.102362 0.0944882 
vn 0.11811 -0.149606 0.984252 
vn 0.354331 -0.433071 0.826772 
vn 0.11811 -0.496063 0.858268 
vn 0.346457 -0.110236 0.929134 
vn 0.11811 -0.0708661 0.992126 
vn 0.338583 -0.023622 0.944882 
vn -0.354331 -0.433071 0.826772 
vn -0.11811 -0.149606 0.984252 
vn -0.11811 -0.496063 0.858268 
vn -0.346457 -0.110236 0.929134 
vn -0.11811 -0.0708661 0.992126 
vn -0.338583 -0.023622 0.944882 
vn -0.330709 0.629921 0.700787 
vn -0.787402 0.393701 0.472441 
vn -0.535433 0.338583 0.771654 
vn -0.566929 0.716535 0.401575 
vn 0.858268 0.409449 0.314961 
vn 0.677165 0.566929 0.464567 
vn 0.716535 0.0629921 0.692913 
vn 0.787402 0.393701 0.472441 
vn 0.330709 0.629921 0.700787 
vn 0.535433 0.338583 0.771654 
vn 0.566929 0.716535 0.401575 
vn -0.283465 0.929134 -0.251969 
vn -0.11811 0.937008 -0.322835 
vn -0.393701 0.795276 -0.464567 
vn -0.0787402 -1 -0.0393701 
vn 0.00787402 -0.496063 0.866142 
vn 0.0393701 -1 -0.0393701 
vn -0.110236 -0.488189 0.866142 
vn -0.110236 -0.173228 0.976378 
vn 0.00787402 -0.496063 0.866142 
vn 0 -0.165354 0.984252 
vn -0.110236 -0.110236 0.984252 
vn 0 -0.0866142 1 
vn 0.11811 -0.488189 0.866142 
vn 0.0787402 -1 -0.0393701 
vn -0.00787402 -0.496063 0.866142 
vn -0.0393701 -1 -0.0393701 
vn 0.110236 -0.173228 0.976378 
vn -0.00787402 -0.496063 0.866142 
vn 0 -0.165354 0.984252 
vn 0.110236 -0.110236 0.984252 
vn 0 -0.0866142 1 
vn 0.283465 0.929134 -0.251969 
vn 0.401575 0.795276 -0.448819 
vn 0.133858 0.937008 -0.322835 
vn 0.330709 0.590551 -0.732283 
vn 0.322835 0.874016 -0.370079 
vn 0.598425 0.637795 -0.488189 
vn -0.0629921 0.795276 -0.606299 
vn -0.330709 0.590551 -0.732283 
vn -0.322835 0.874016 -0.370079 
vn 0.0629921 0.795276 -0.606299 
vn -0.598425 0.637795 -0.488189 
vn -0.0708661 -0.259843 0.96063 
vn 0.133858 -0.425197 0.897638 
vn 0.00787402 -0.393701 0.92126 
vn -0.11811 0.937008 -0.322835 
vn -0.165354 0.80315 -0.574803 
vn -0.393701 0.795276 -0.464567 
vn -0.913386 0.283465 -0.299213 
vn -0.818898 -0.283465 -0.496063 
vn -1 -0.0314961 0 
vn -0.023622 0.110236 0.992126 
vn -0.228346 0.275591 0.937008 
vn -0.314961 -0.0393701 0.952756 
vn 0.204724 0.354331 0.913386 
vn -0.228346 0.275591 0.937008 
vn 0.015748 0.511811 0.858268 
vn 0.212598 0 0.976378 
vn 0.409449 0.212598 0.889764 
vn -0.023622 0.110236 0.992126 
vn 0.228346 0.275591 0.937008 
vn 0.023622 0.110236 0.992126 
vn 0.314961 -0.0393701 0.952756 
vn 0.228346 0.275591 0.937008 
vn -0.204724 0.354331 0.913386 
vn -0.015748 0.511811 0.858268 
vn -0.409449 0.212598 0.889764 
vn -0.212598 0 0.976378 
vn 0.023622 0.110236 0.992126 
vn 0.905512 0.267717 -0.322835 
vn 0.929134 -0.149606 -0.338583 
vn 0.661417 0.125984 -0.740157 
vn 0.133858 0.937008 -0.322835 
vn 0.401575 0.795276 -0.448819 
vn 0.173228 0.80315 -0.574803 
vn -0.937008 0.291339 -0.19685 
vn -0.897638 0.307087 -0.314961 
vn -0.968504 -0.0472441 -0.228346 
vn -0.944882 0.0393701 -0.330709 
vn 0.937008 0.291339 -0.19685 
vn 0.968504 -0.0472441 -0.228346 
vn 0.897638 0.307087 -0.314961 
vn 0.944882 0.0393701 -0.338583 
vn 0.905512 0.267717 -0.322835 
vn 0.992126 0.102362 0.0944882 
vn 0.929134 -0.149606 -0.338583 
vn -0.913386 0.283465 -0.299213 
vn -0.716535 0.0629921 -0.700787 
vn -0.818898 -0.283465 -0.496063 
vn 0.0944882 -0.338583 0.937008 
vn 0.19685 -0.385827 0.905512 
vn 0.0866142 -0.330709 0.937008 
vn -0.409449 0.212598 0.889764 
vn -0.645669 0.0944882 0.755906 
vn -0.472441 -0.0393701 0.88189 
vn 0.409449 0.212598 0.889764 
vn 0.472441 -0.0393701 0.88189 
vn 0.645669 0.0944882 0.755906 
vn 0.937008 0.291339 -0.19685 
vn 0.992126 0.0944882 0.0708661 
vn 0.968504 -0.0472441 -0.228346 
vn 0.645669 0.653543 -0.393701 
vn 0.440945 0.464567 -0.76378 
vn 0.275591 0.874016 -0.401575 
vn 0.283465 0.929134 -0.251969 
vn 0.330709 0.905512 -0.275591 
vn 0.566929 0.748031 -0.354331 
vn 0.598425 0.645669 -0.480315 
vn 0.283465 0.929134 -0.251969 
vn 0.551181 0.771654 -0.307087 
vn 0.401575 0.795276 -0.448819 
vn 0.566929 0.748031 -0.354331 
vn 0.551181 0.771654 -0.307087 
vn -0.393701 0.826772 -0.401575 
vn -0.472441 0.433071 -0.771654 
vn -0.677165 0.566929 -0.464567 
vn 0.84252 0.543307 0.00787402 
vn 0.858268 0.409449 0.314961 
vn 0.992126 0.102362 0.0944882 
vn -0.283465 0.929134 -0.251969 
vn -0.551181 0.779528 -0.307087 
vn -0.551181 0.755906 -0.354331 
vn -0.283465 0.929134 -0.251969 
vn -0.393701 0.795276 -0.464567 
vn -0.551181 0.779528 -0.307087 
vn -0.267717 0.88189 0.393701 
vn -0.338583 0.937008 -0.0314961 
vn -0.637795 0.661417 0.393701 
vn -1 -0.0314961 0 
vn -0.897638 0.259843 0.362205 
vn -0.944882 0.314961 0.0551181 
vn -0.637795 0.661417 0.393701 
vn -0.795276 0.606299 -0.0314961 
vn -0.897638 0.259843 0.362205 
vn 0.84252 0.543307 0.00787402 
vn 0.677165 0.566929 0.464567 
vn 0.858268 0.409449 0.314961 
vn -0.354331 0.897638 -0.259843 
vn -0.283465 0.929134 -0.251969 
vn -0.551181 0.755906 -0.354331 
vn -0.511811 0.700787 -0.488189 
vn -0.393701 0.826772 -0.401575 
vn -0.0787402 0.692913 -0.716535 
vn -0.472441 0.433071 -0.771654 
vn -0.338583 0.937008 -0.0314961 
vn -0.795276 0.606299 -0.0314961 
vn -0.677165 0.566929 -0.464567 
vn -0.472441 0.433071 -0.771654 
vn -0.716535 0.0629921 -0.700787 
vn 0.84252 0.543307 0.00787402 
vn 0.393701 0.818898 0.409449 
vn 0.677165 0.566929 0.464567 
vn 0.905512 0.267717 -0.322835 
vn 0.645669 0.653543 -0.393701 
vn -0.0472441 0.96063 0.267717 
vn 0.346457 0.937008 0.0472441 
vn 0.0393701 0.811024 0.590551 
vn -0.944882 0.314961 0.0551181 
vn -0.795276 0.606299 -0.0314961 
vn -0.913386 0.283465 -0.299213 
vn -0.913386 0.283465 -0.299213 
vn -1 -0.0314961 0 
vn 0.84252 0.543307 0.00787402 
vn 0.992126 0.102362 0.0944882 
vn 0.905512 0.267717 -0.322835 
vn 0.645669 0.653543 -0.393701 
vn 0.661417 0.125984 -0.740157 
vn 0.440945 0.464567 -0.76378 
vn -0.913386 0.283465 -0.299213 
vn -0.677165 0.566929 -0.464567 
vn -0.716535 0.0629921 -0.700787 
vn 0.173228 0.80315 -0.574803 
vn 0.0551181 0.669291 -0.740157 
vn -0.00787402 0.80315 -0.598425 
vn -0.637795 0.661417 0.393701 
vn -0.338583 0.937008 -0.0314961 
vn -0.795276 0.606299 -0.0314961 
vn 0.645669 0.653543 -0.393701 
vn 0.905512 0.267717 -0.322835 
vn 0.661417 0.125984 -0.740157 
vn 0.84252 0.543307 0.00787402 
vn 0.346457 0.937008 0.0472441 
vn 0.393701 0.818898 0.409449 
vn -0.850394 0.275591 0.448819 
vn -0.913386 -0.0944882 0.401575 
vn -0.76378 0.165354 0.622047 
vn 0.850394 0.275591 0.448819 
vn 0.76378 0.165354 0.622047 
vn 0.913386 -0.0944882 0.401575 
vn -0.228346 0.275591 0.937008 
vn 0.015748 0.511811 0.858268 
vn -0.330709 0.629921 0.700787 
vn -0.535433 0.338583 0.771654 
vn -0.015748 0.511811 0.858268 
vn 0.228346 0.275591 0.937008 
vn 0.330709 0.629921 0.700787 
vn 0.535433 0.338583 0.771654 
vn 0.346457 0.937008 0.0472441 
vn 0.645669 0.653543 -0.393701 
vn 0.275591 0.874016 -0.401575 
vn 0.779528 -0.102362 -0.622047 
vn 0.889764 0.0787402 -0.448819 
vn 0.748031 -0.125984 -0.653543 
vn -0.88189 0.181102 -0.440945 
vn -0.858268 0.125984 -0.503937 
vn -0.850394 0.110236 -0.511811 
vn 0.173228 0.80315 -0.574803 
vn 0.362205 0.669291 -0.645669 
vn 0.0551181 0.669291 -0.740157 
vn 0.401575 0.795276 -0.448819 
vn -0.393701 0.795276 -0.464567 
vn -0.220472 0.669291 -0.708661 
vn -0.480315 0.661417 -0.574803 
vn -0.165354 0.80315 -0.574803 
vn -0.795276 0.606299 -0.0314961 
vn -0.677165 0.566929 -0.464567 
vn -0.913386 0.283465 -0.299213 
vn -0.220472 0.669291 -0.708661 
vn -0.00787402 0.80315 -0.598425 
vn 0.0551181 0.669291 -0.740157 
vn -0.165354 0.80315 -0.574803 
vn 0.645669 0.653543 -0.393701 
vn 0.346457 0.937008 0.0472441 
vn 0.84252 0.543307 0.00787402 
vn -0.346457 -0.425197 0.834646 
vn -0.330709 -0.181102 0.929134 
vn -0.110236 -0.488189 0.866142 
vn -0.110236 -0.173228 0.976378 
vn -0.322835 -0.141732 0.937008 
vn -0.110236 -0.110236 0.984252 
vn 0.330709 -0.181102 0.929134 
vn 0.346457 -0.425197 0.834646 
vn 0.11811 -0.488189 0.866142 
vn 0.110236 -0.173228 0.976378 
vn 0.322835 -0.141732 0.937008 
vn 0.110236 -0.110236 0.984252 
vn -0.393701 0.826772 -0.401575 
vn -0.677165 0.566929 -0.464567 
vn -0.795276 0.606299 -0.0314961 
vn -0.929134 -0.338583 -0.141732 
vn -0.866142 -0.472441 -0.15748 
vn -0.889764 -0.433071 -0.15748 
vn -0.929134 -0.338583 -0.141732 
vn -0.826772 0.0629921 -0.566929 
vn -0.858268 0.125984 -0.503937 
vn -0.826772 0.0629921 -0.566929 
vn -0.850394 0.110236 -0.511811 
vn -0.212598 -0.850394 -0.488189 
vn -0.968504 0.23622 -0.023622 
vn -0.346457 -0.425197 0.834646 
vn -0.968504 0.23622 -0.023622 
vn -1 -0.0551181 0 
vn -0.330709 -0.181102 0.929134 
vn -0.984252 -0.165354 0.0393701 
vn -0.322835 -0.141732 0.937008 
vn -0.511811 0.700787 -0.488189 
vn -0.551181 0.755906 -0.354331 
vn -0.779528 0.574803 -0.267717 
vn 0.212598 -0.850394 -0.488189 
vn 0.346457 -0.425197 0.834646 
vn 0.968504 0.23622 -0.023622 
vn 1 -0.0551181 0 
vn 0.968504 0.23622 -0.023622 
vn 0.330709 -0.181102 0.929134 
vn 0.984252 -0.165354 0.0393701 
vn 0.322835 -0.141732 0.937008 
vn 0.401575 0.795276 -0.448819 
vn 0.566929 0.653543 -0.496063 
vn 0.362205 0.669291 -0.645669 
vn -0.393701 0.795276 -0.464567 
vn -0.685039 0.637795 -0.354331 
vn -0.551181 0.779528 -0.307087 
vn -0.480315 0.661417 -0.574803 
vn 0.551181 0.771654 -0.307087 
vn 0.566929 0.653543 -0.496063 
vn 0.401575 0.795276 -0.448819 
vn 0.685039 0.637795 -0.362205 
vn -0.0708661 -0.259843 0.96063 
vn -0.0708661 -0.322835 0.944882 
vn 0.19685 -0.385827 0.905512 
vn 0.0708661 0.874016 0.480315 
vn 0 0.874016 0.488189 
vn 0.0708661 0.874016 0.480315 
vn 0 0.874016 0.488189 
vn 0 0.874016 0.488189 
vn -0.0708661 0.874016 0.480315 
vn 0 0.874016 0.488189 
vn -0.0708661 0.874016 0.480315 
vn 0.141732 0.88189 0.456693 
vn 0.0708661 0.874016 0.480315 
vn 0.141732 0.88189 0.456693 
vn 0.0708661 0.874016 0.480315 
vn -0.0708661 0.874016 0.480315 
vn -0.141732 0.88189 0.456693 
vn -0.0708661 0.874016 0.480315 
vn -0.141732 0.88189 0.456693 
vn -0.992126 0.0944882 0.0708661 
vn -0.913386 -0.0944882 0.401575 
vn -0.850394 0.275591 0.448819 
vn -0.897638 0.409449 0.149606 
vn -0.992126 0.0944882 0.0708661 
vn 0.0787402 0.826772 -0.559055 
vn 0.0393701 0.818898 -0.566929 
vn 0.0393701 0.818898 -0.566929 
vn 0.0866142 0.826772 -0.559055 
vn -0.0393701 0.818898 -0.566929 
vn -0.0787402 0.826772 -0.559055 
vn -0.0393701 0.818898 -0.566929 
vn -0.0866142 0.826772 -0.559055 
vn 0.897638 0.409449 0.149606 
vn 0.850394 0.275591 0.448819 
vn 0.992126 0.0944882 0.0708661 
vn 0.992126 0.0944882 0.0708661 
vn 0.913386 -0.0944882 0.401575 
vn 0.0629921 0.795276 -0.606299 
vn -0.322835 0.874016 -0.370079 
vn 0.0472441 0.968504 -0.228346 
vn -0.0629921 0.795276 -0.606299 
vn -0.0472441 0.968504 -0.228346 
vn 0.322835 0.874016 -0.370079 
vn 0.15748 0.834646 -0.527559 
vn 0.0866142 0.826772 -0.559055 
vn 0.0787402 0.826772 -0.559055 
vn 0.165354 0.834646 -0.519685 
vn 0.204724 0.889764 0.417323 
vn 0.141732 0.88189 0.456693 
vn 0.204724 0.889764 0.409449 
vn 0.141732 0.88189 0.456693 
vn -0.141732 0.88189 0.456693 
vn -0.204724 0.889764 0.417323 
vn -0.141732 0.88189 0.456693 
vn -0.204724 0.889764 0.417323 
vn -0.0866142 0.826772 -0.559055 
vn -0.15748 0.834646 -0.527559 
vn -0.0787402 0.826772 -0.559055 
vn -0.165354 0.834646 -0.519685 
vn 0 0.84252 -0.535433 
vn -0.0472441 0.84252 -0.535433 
vn -0.0472441 0.84252 -0.535433 
vn 0 0.84252 -0.535433 
vn 0.0472441 0.84252 -0.535433 
vn 0.0472441 0.84252 -0.535433 
vn 0.0472441 0.84252 -0.535433 
vn 0.0472441 0.84252 -0.535433 
vn 0 0.84252 -0.535433 
vn 0.0472441 0.84252 -0.535433 
vn 0 0.84252 -0.535433 
vn 0.0472441 0.84252 -0.535433 
vn -0.0472441 0.84252 -0.535433 
vn -0.0472441 0.84252 -0.535433 
vn -0.0472441 0.84252 -0.535433 
vn -0.0472441 0.84252 -0.535433 
vn 0.15748 0.834646 -0.527559 
vn 0.228346 0.850394 -0.472441 
vn 0.165354 0.834646 -0.519685 
vn 0.244094 0.850394 -0.464567 
vn 0.259843 0.897638 0.362205 
vn 0.204724 0.889764 0.409449 
vn 0.267717 0.897638 0.354331 
vn 0.204724 0.889764 0.417323 
vn -0.267717 0.897638 0.354331 
vn -0.204724 0.889764 0.417323 
vn -0.259843 0.897638 0.362205 
vn -0.204724 0.889764 0.417323 
vn -0.165354 0.834646 -0.519685 
vn -0.228346 0.850394 -0.472441 
vn -0.15748 0.834646 -0.527559 
vn -0.244094 0.850394 -0.464567 
vn 0.228346 0.850394 -0.472441 
vn 0.291339 0.866142 -0.401575 
vn 0.244094 0.850394 -0.464567 
vn 0.307087 0.866142 -0.393701 
vn 0.314961 0.905512 0.283465 
vn 0.267717 0.897638 0.354331 
vn 0.314961 0.905512 0.283465 
vn 0.259843 0.897638 0.362205 
vn -0.314961 0.905512 0.291339 
vn -0.267717 0.897638 0.354331 
vn -0.259843 0.897638 0.362205 
vn -0.314961 0.905512 0.283465 
vn -0.244094 0.850394 -0.464567 
vn -0.291339 0.866142 -0.401575 
vn -0.228346 0.850394 -0.472441 
vn -0.307087 0.866142 -0.393701 
vn 0.0551181 0.669291 -0.740157 
vn 0.362205 0.669291 -0.645669 
vn 0.259843 0.559055 -0.787402 
vn 0.291339 0.866142 -0.401575 
vn 0.346457 0.88189 -0.314961 
vn 0.307087 0.866142 -0.393701 
vn 0.354331 0.88189 -0.299213 
vn -0.551181 0.755906 -0.354331 
vn -0.551181 0.779528 -0.307087 
vn -0.685039 0.637795 -0.354331 
vn -0.779528 0.574803 -0.267717 
vn 0.362205 0.913386 0.19685 
vn 0.314961 0.905512 0.283465 
vn 0.362205 0.913386 0.19685 
vn 0.314961 0.905512 0.283465 
vn -0.346457 0.88189 -0.314961 
vn -0.307087 0.866142 -0.393701 
vn -0.354331 0.889764 -0.299213 
vn -0.291339 0.866142 -0.401575 
vn -0.354331 0.913386 0.204724 
vn -0.314961 0.905512 0.283465 
vn -0.314961 0.905512 0.291339 
vn -0.362205 0.913386 0.19685 
vn 0.566929 0.748031 -0.354331 
vn 0.685039 0.637795 -0.362205 
vn 0.551181 0.771654 -0.307087 
vn 0.732283 0.574803 -0.362205 
vn 0.346457 0.88189 -0.314961 
vn 0.377953 0.897638 -0.220472 
vn 0.354331 0.88189 -0.299213 
vn 0.385827 0.897638 -0.204724 
vn 0.362205 0.913386 0.19685 
vn 0.385827 0.913386 0.102362 
vn 0.362205 0.913386 0.19685 
vn 0.385827 0.913386 0.102362 
vn -0.385827 0.913386 0.102362 
vn -0.362205 0.913386 0.19685 
vn -0.354331 0.913386 0.204724 
vn -0.385827 0.913386 0.102362 
vn -0.377953 0.897638 -0.220472 
vn -0.354331 0.889764 -0.299213 
vn -0.385827 0.897638 -0.204724 
vn -0.346457 0.88189 -0.314961 
vn 0.377953 0.897638 -0.220472 
vn 0.401575 0.913386 -0.110236 
vn 0.385827 0.897638 -0.204724 
vn 0.401575 0.913386 -0.102362 
vn 0.385827 0.913386 0.102362 
vn 0.401575 0.913386 0 
vn 0.385827 0.913386 0.102362 
vn 0.401575 0.913386 0 
vn -0.889764 0.19685 -0.409449 
vn -0.645669 0.023622 -0.76378 
vn -0.88189 0.181102 -0.440945 
vn 0.401575 0.913386 0 
vn 0.401575 0.913386 -0.102362 
vn 0.401575 0.913386 0 
vn 0.401575 0.913386 -0.110236 
vn -0.385827 0.913386 0.102362 
vn -0.401575 0.913386 0 
vn -0.385827 0.913386 0.102362 
vn -0.401575 0.913386 0 
vn -0.401575 0.913386 -0.110236 
vn -0.385827 0.897638 -0.204724 
vn -0.401575 0.913386 -0.102362 
vn -0.377953 0.897638 -0.220472 
vn -0.858268 -0.0787402 -0.511811 
vn -0.850394 -0.220472 -0.480315 
vn -0.858268 -0.0787402 -0.511811 
vn -0.850394 -0.212598 -0.480315 
vn -0.401575 0.913386 0 
vn -0.401575 0.913386 -0.102362 
vn -0.401575 0.913386 0 
vn -0.401575 0.913386 -0.110236 
vn -0.00787402 0.464567 -0.88189 
vn -0.220472 0.669291 -0.708661 
vn 0.0551181 0.669291 -0.740157 
vn -0.259843 0.559055 -0.787402 
vn -0.937008 0.291339 -0.19685 
vn -0.992126 0.0944882 0.0708661 
vn -0.897638 0.409449 0.149606 
vn 0.937008 0.291339 -0.19685 
vn 0.897638 0.409449 0.149606 
vn 0.992126 0.0944882 0.0708661 
vn -0.850394 0.110236 -0.511811 
vn -0.889764 0.19685 -0.409449 
vn -0.88189 0.181102 -0.440945 
vn 0.866142 0.00787402 -0.503937 
vn 0.826772 -0.0629921 -0.559055 
vn 0.826772 -0.0787402 -0.551181 
vn 0.496063 -0.598425 -0.629921 
vn 0.496063 -0.598425 -0.629921 
vn 0.496063 -0.598425 -0.629921 
vn 0.76378 0.165354 0.622047 
vn 0.535433 0.401575 0.740157 
vn 0.645669 0.0944882 0.755906 
vn 0.409449 0.212598 0.889764 
vn -0.645669 0.0944882 0.755906 
vn -0.409449 0.212598 0.889764 
vn -0.535433 0.401575 0.748031 
vn -0.76378 0.165354 0.622047 
vn 0.362205 0.669291 -0.645669 
vn 0.566929 0.653543 -0.496063 
vn 0.574803 0.527559 -0.629921 
vn 0.637795 0.724409 0.244094 
vn 0.267717 0.937008 0.228346 
vn 0.566929 0.716535 0.401575 
vn -0.637795 0.724409 0.244094 
vn -0.566929 0.716535 0.401575 
vn -0.267717 0.937008 0.228346 
vn -0.259843 0.559055 -0.787402 
vn -0.480315 0.661417 -0.574803 
vn -0.220472 0.669291 -0.708661 
vn -0.574803 0.535433 -0.614173 
vn -0.275591 -0.173228 0.944882 
vn -0.275591 -0.173228 0.944882 
vn -0.275591 -0.173228 0.944882 
vn 0.0551181 0.669291 -0.740157 
vn 0.259843 0.559055 -0.787402 
vn -0.00787402 0.464567 -0.88189 
vn 0.598425 0.645669 -0.480315 
vn 0.732283 0.574803 -0.362205 
vn 0.566929 0.748031 -0.354331 
vn 0.811024 0.496063 -0.314961 
vn -0.637795 0.724409 0.244094 
vn -0.385827 0.913386 -0.110236 
vn -0.716535 0.700787 0.015748 
vn -0.267717 0.937008 0.228346 
vn -0.480315 0.661417 -0.574803 
vn -0.771654 0.496063 -0.401575 
vn -0.685039 0.637795 -0.354331 
vn -0.574803 0.535433 -0.614173 
vn 0.637795 0.724409 0.244094 
vn 0.385827 0.913386 -0.11811 
vn 0.267717 0.937008 0.228346 
vn 0.716535 0.700787 0.015748 
vn 0.440945 0.267717 0.858268 
vn 0.590551 0.220472 0.779528 
vn 0.716535 0.322835 0.614173 
vn -0.00787402 0.464567 -0.88189 
vn -0.173228 0.417323 -0.889764 
vn -0.259843 0.559055 -0.787402 
vn -0.00787402 0.464567 -0.88189 
vn 0.259843 0.559055 -0.787402 
vn 0.165354 0.417323 -0.889764 
vn 0.566929 0.653543 -0.496063 
vn 0.685039 0.637795 -0.362205 
vn 0.779528 0.496063 -0.393701 
vn 0.574803 0.527559 -0.629921 
vn -0.755906 0.622047 -0.19685 
vn -0.598425 0.637795 -0.488189 
vn -0.897638 0.307087 -0.314961 
vn -0.740157 0.267717 -0.614173 
vn 0.598425 0.637795 -0.488189 
vn 0.755906 0.622047 -0.19685 
vn 0.897638 0.307087 -0.314961 
vn 0.740157 0.267717 -0.614173 
vn 0.362205 0.669291 -0.645669 
vn 0.574803 0.527559 -0.629921 
vn 0.259843 0.559055 -0.787402 
vn 0.748031 -0.125984 -0.653543 
vn 0.866142 0.00787402 -0.503937 
vn 0.779528 -0.102362 -0.622047 
vn -0.535433 0.401575 0.748031 
vn -0.409449 0.212598 0.889764 
vn -0.204724 0.354331 0.913386 
vn -0.755906 0.622047 -0.19685 
vn -0.897638 0.307087 -0.314961 
vn -0.937008 0.291339 -0.19685 
vn 0.409449 0.212598 0.889764 
vn 0.535433 0.401575 0.740157 
vn 0.204724 0.354331 0.913386 
vn 0.755906 0.622047 -0.19685 
vn 0.937008 0.291339 -0.19685 
vn 0.897638 0.307087 -0.314961 
vn 0.88189 -0.472441 -0.0708661 
vn 0.88189 -0.472441 -0.0708661 
vn 0.88189 -0.472441 -0.0708661 
vn -0.685039 0.637795 -0.354331 
vn -0.771654 0.496063 -0.401575 
vn -0.850394 0.480315 -0.220472 
vn -0.779528 0.574803 -0.267717 
vn 0.779528 0.496063 -0.393701 
vn 0.732283 0.574803 -0.362205 
vn 0.811024 0.496063 -0.314961 
vn 0.685039 0.637795 -0.362205 
vn -0.80315 -0.566929 -0.173228 
vn -0.889764 -0.433071 -0.15748 
vn -0.866142 -0.472441 -0.15748 
vn 0.866142 0.00787402 -0.503937 
vn 0.826772 -0.0787402 -0.551181 
vn 0.779528 -0.102362 -0.622047 
vn 0.574803 0.527559 -0.629921 
vn 0.385827 0.417323 -0.826772 
vn 0.259843 0.559055 -0.787402 
vn 0.543307 0.393701 -0.740157 
vn -0.0708661 -0.259843 0.96063 
vn 0.00787402 -0.393701 0.92126 
vn -0.0708661 -0.322835 0.944882 
vn -0.393701 0.409449 -0.818898 
vn -0.574803 0.535433 -0.614173 
vn -0.259843 0.559055 -0.787402 
vn -0.614173 0.401575 -0.677165 
vn 0.181102 -0.0866142 0.976378 
vn 0.133858 -0.015748 0.992126 
vn 0.0944882 -0.0944882 0.992126 
vn 0.181102 -0.0314961 0.984252 
vn 0.716535 0.322835 0.614173 
vn 0.535433 0.212598 0.818898 
vn 0.669291 0.141732 0.732283 
vn 0.669291 0.141732 0.732283 
vn 0.535433 0.212598 0.818898 
vn 0.574803 0.0866142 0.818898 
vn -0.259843 0.559055 -0.787402 
vn -0.173228 0.417323 -0.889764 
vn -0.393701 0.409449 -0.818898 
vn 0.0944882 -0.0944882 0.992126 
vn 0.0314961 -0.0472441 1 
vn -0.00787402 -0.11811 0.992126 
vn -0.755906 0.622047 -0.19685 
vn -0.937008 0.291339 -0.19685 
vn -0.897638 0.409449 0.149606 
vn 0.748031 -0.125984 -0.653543 
vn 0.889764 0.0787402 -0.448819 
vn 0.905512 0.110236 -0.409449 
vn 0.88189 -0.472441 -0.0708661 
vn 0.88189 -0.472441 -0.0708661 
vn 0.88189 -0.472441 -0.0708661 
vn 0.755906 0.622047 -0.19685 
vn 0.897638 0.409449 0.149606 
vn 0.937008 0.291339 -0.19685 
vn 0.0787402 0.826772 0.559055 
vn -0.566929 0.716535 0.401575 
vn -0.330709 0.629921 0.700787 
vn -0.267717 0.937008 0.228346 
vn -0.0787402 0.826772 0.559055 
vn 0.566929 0.716535 0.401575 
vn 0.267717 0.937008 0.228346 
vn 0.330709 0.629921 0.700787 
vn 0.015748 0.511811 0.858268 
vn 0.0787402 0.826772 0.559055 
vn -0.330709 0.629921 0.700787 
vn -0.0787402 0.826772 0.559055 
vn -0.015748 0.511811 0.858268 
vn 0.330709 0.629921 0.700787 
vn -0.771654 0.496063 -0.401575 
vn -0.905512 0.330709 -0.259843 
vn -0.850394 0.480315 -0.220472 
vn -0.92126 0.362205 -0.149606 
vn -0.779528 0.574803 -0.267717 
vn -0.850394 0.488189 -0.173228 
vn 0.716535 0.322835 0.614173 
vn 0.590551 0.220472 0.779528 
vn 0.535433 0.212598 0.818898 
vn 0.574803 0.527559 -0.629921 
vn 0.80315 0.362205 -0.480315 
vn 0.692913 0.370079 -0.622047 
vn 0.779528 0.496063 -0.393701 
vn 0.724409 -0.692913 -0.0629921 
vn 0.748031 -0.496063 -0.433071 
vn 0.755906 -0.535433 -0.385827 
vn -0.850394 0.275591 0.448819 
vn -0.535433 0.401575 0.748031 
vn -0.519685 0.590551 0.622047 
vn -0.76378 0.165354 0.622047 
vn 0.850394 0.275591 0.448819 
vn 0.535433 0.401575 0.740157 
vn 0.76378 0.165354 0.622047 
vn 0.519685 0.590551 0.622047 
vn 0.826772 -0.0629921 -0.559055 
vn 0.834646 -0.181102 -0.527559 
vn 0.834646 -0.181102 -0.527559 
vn 0.826772 -0.0787402 -0.551181 
vn -0.574803 0.535433 -0.614173 
vn -0.795276 0.354331 -0.488189 
vn -0.771654 0.496063 -0.401575 
vn -0.614173 0.401575 -0.677165 
vn -0.84252 0.370079 0.401575 
vn -0.708661 0.433071 0.559055 
vn -0.889764 0.433071 0.15748 
vn 0.779528 0.496063 -0.393701 
vn 0.897638 0.346457 -0.259843 
vn 0.80315 0.362205 -0.480315 
vn 0.779528 0.496063 -0.393701 
vn 0.811024 0.496063 -0.314961 
vn -0.00787402 -0.11811 0.992126 
vn 0.0393701 -0.11811 0.992126 
vn 0.0944882 -0.0944882 0.992126 
vn -0.015748 0.511811 0.858268 
vn -0.519685 0.590551 0.622047 
vn -0.204724 0.354331 0.913386 
vn -0.535433 0.401575 0.748031 
vn 0.204724 0.354331 0.913386 
vn 0.519685 0.590551 0.622047 
vn 0.015748 0.511811 0.858268 
vn 0.535433 0.401575 0.740157 
vn 0.338583 -0.110236 0.937008 
vn 0.181102 -0.0314961 0.984252 
vn 0.181102 -0.0866142 0.976378 
vn 0.874016 -0.220472 -0.433071 
vn 0.874016 -0.220472 -0.433071 
vn 0.874016 -0.220472 -0.433071 
vn -0.637795 0.299213 0.716535 
vn -0.692913 0.425197 0.582677 
vn -0.708661 0.433071 0.559055 
vn -0.708661 0.425197 0.566929 
vn -0.692913 0.425197 0.582677 
vn -0.637795 0.299213 0.716535 
vn 0.574803 0.527559 -0.629921 
vn 0.692913 0.370079 -0.622047 
vn 0.543307 0.393701 -0.740157 
vn 0.811024 0.244094 0.535433 
vn 0.716535 0.322835 0.614173 
vn 0.669291 0.141732 0.732283 
vn -0.637795 0.299213 0.716535 
vn -0.708661 0.433071 0.559055 
vn -0.84252 0.370079 0.401575 
vn -0.677165 0.0866142 0.732283 
vn -0.503937 0.204724 0.84252 
vn -0.637795 0.299213 0.716535 
vn -0.551181 0.0393701 0.834646 
vn -0.503937 0.204724 0.84252 
vn -0.708661 0.425197 0.566929 
vn -0.614173 0.716535 0.330709 
vn -0.850394 0.275591 0.448819 
vn -0.519685 0.590551 0.622047 
vn 0.614173 0.716535 0.330709 
vn 0.519685 0.590551 0.622047 
vn 0.850394 0.275591 0.448819 
vn -0.850394 0.480315 -0.220472 
vn -0.905512 0.330709 -0.259843 
vn -0.92126 0.362205 -0.149606 
vn 0.015748 0.511811 0.858268 
vn 0.519685 0.590551 0.622047 
vn 0.0787402 0.826772 0.559055 
vn -0.0787402 0.826772 0.559055 
vn -0.519685 0.590551 0.622047 
vn -0.015748 0.511811 0.858268 
vn 0.811024 0.496063 -0.314961 
vn 0.937008 0.314961 -0.133858 
vn 0.897638 0.346457 -0.259843 
vn -0.771654 0.496063 -0.401575 
vn -0.795276 0.354331 -0.488189 
vn -0.905512 0.330709 -0.259843 
vn -0.614173 0.716535 0.330709 
vn -0.897638 0.409449 0.149606 
vn -0.850394 0.275591 0.448819 
vn 0.259843 0.559055 -0.787402 
vn 0.385827 0.417323 -0.826772 
vn 0.165354 0.417323 -0.889764 
vn 0.543307 0.393701 -0.740157 
vn 0.401575 0.212598 -0.889764 
vn 0.590551 0.220472 -0.779528 
vn 0.614173 0.716535 0.330709 
vn 0.850394 0.275591 0.448819 
vn 0.897638 0.409449 0.149606 
vn -0.00787402 -0.11811 0.992126 
vn -0.023622 -0.15748 0.984252 
vn 0.0393701 -0.11811 0.992126 
vn -0.889764 0.433071 0.15748 
vn -0.937008 0.291339 0.173228 
vn -0.88189 0.267717 0.393701 
vn -0.84252 0.370079 0.401575 
vn -0.15748 -0.181102 0.968504 
vn -0.0708661 -0.149606 0.984252 
vn -0.023622 -0.15748 0.984252 
vn -0.385827 0.913386 -0.110236 
vn -0.267717 0.937008 0.228346 
vn 0.11811 0.992126 0.0787402 
vn -0.0472441 0.968504 -0.228346 
vn 0.267717 0.937008 0.228346 
vn 0.385827 0.913386 -0.11811 
vn -0.11811 0.992126 0.0787402 
vn 0.0472441 0.968504 -0.228346 
vn 0.401575 0.629921 0.661417 
vn 0.496063 0.645669 -0.582677 
vn 0.0629921 0.614173 -0.787402 
vn 0.724409 0.677165 0.0866142 
vn 0 0.622047 0.779528 
vn -0.409449 0.637795 -0.653543 
vn -0.401575 0.637795 0.653543 
vn -0.740157 0.669291 -0.00787402 
vn 0.181102 -0.0866142 0.976378 
vn 0.23622 -0.149606 0.96063 
vn 0.338583 -0.110236 0.937008 
vn 0.88189 0.362205 0.307087 
vn 0.716535 0.322835 0.614173 
vn 0.905512 0.314961 0.283465 
vn -0.023622 -0.15748 0.984252 
vn -0.0708661 -0.149606 0.984252 
vn 0.0393701 -0.11811 0.992126 
vn 0.0472441 -0.19685 0.976378 
vn 0.0551181 -0.204724 0.976378 
vn -0.181102 -0.165354 0.968504 
vn -0.330709 -0.149606 0.929134 
vn -0.228346 -0.149606 0.96063 
vn 0.322835 0.874016 -0.370079 
vn 0.464567 0.88189 -0.0708661 
vn 0.755906 0.622047 -0.19685 
vn 0.598425 0.637795 -0.488189 
vn -0.464567 0.88189 -0.0708661 
vn -0.322835 0.874016 -0.370079 
vn -0.755906 0.622047 -0.19685 
vn -0.598425 0.637795 -0.488189 
vn -0.173228 0.417323 -0.889764 
vn -0.00787402 0.464567 -0.88189 
vn 0 0.204724 -0.976378 
vn -0.165354 0.204724 -0.96063 
vn 0.165354 0.417323 -0.889764 
vn 0 0.204724 -0.976378 
vn -0.00787402 0.464567 -0.88189 
vn 0.165354 0.204724 -0.96063 
vn 0.0393701 -0.11811 0.992126 
vn 0.23622 -0.149606 0.96063 
vn 0.0944882 -0.0944882 0.992126 
vn 0.181102 -0.0866142 0.976378 
vn 0.677165 -0.0866142 0.732283 
vn 0.574803 0.0866142 0.818898 
vn 0.559055 0.00787402 0.834646 
vn 0.669291 0.141732 0.732283 
vn 0.905512 0.314961 0.283465 
vn 0.92126 0.204724 0.322835 
vn 0.92126 0.307087 0.23622 
vn 0.716535 0.322835 0.614173 
vn 0.811024 0.244094 0.535433 
vn 0.669291 0.141732 0.732283 
vn 0.858268 0.0551181 0.511811 
vn 0.716535 0.322835 0.614173 
vn 0.92126 0.204724 0.322835 
vn -0.755906 0.622047 -0.19685 
vn -0.897638 0.409449 0.149606 
vn -0.614173 0.716535 0.330709 
vn 0.755906 0.622047 -0.19685 
vn 0.614173 0.716535 0.330709 
vn 0.897638 0.409449 0.149606 
vn -0.850394 -0.220472 -0.480315 
vn -0.826772 -0.362205 -0.433071 
vn -0.850394 -0.212598 -0.480315 
vn -0.740157 -0.622047 -0.251969 
vn -0.740157 -0.622047 -0.244094 
vn -0.755906 -0.645669 -0.0787402 
vn 0.0472441 -0.19685 0.976378 
vn -0.023622 -0.15748 0.984252 
vn -0.00787402 -0.11811 0.992126 
vn -0.614173 0.401575 -0.677165 
vn -0.653543 0.204724 -0.732283 
vn -0.834646 0.188976 -0.519685 
vn -0.795276 0.354331 -0.488189 
vn 0.692913 0.370079 -0.622047 
vn 0.590551 0.220472 -0.779528 
vn 0.543307 0.393701 -0.740157 
vn 0.724409 0.19685 -0.661417 
vn -0.181102 -0.165354 0.968504 
vn -0.15748 -0.181102 0.968504 
vn -0.330709 -0.149606 0.929134 
vn -0.0708661 -0.149606 0.984252 
vn -0.228346 -0.149606 0.96063 
vn 0.692913 0.370079 -0.622047 
vn 0.84252 0.188976 -0.511811 
vn 0.724409 0.19685 -0.661417 
vn 0.80315 0.362205 -0.480315 
vn -0.795276 0.354331 -0.488189 
vn -0.834646 0.188976 -0.519685 
vn -0.944882 0.19685 -0.259843 
vn -0.905512 0.330709 -0.259843 
vn -0.464567 0.88189 -0.0708661 
vn -0.755906 0.622047 -0.19685 
vn -0.614173 0.716535 0.330709 
vn 0.464567 0.88189 -0.0708661 
vn 0.614173 0.716535 0.330709 
vn 0.755906 0.622047 -0.19685 
vn -0.15748 -0.181102 0.968504 
vn -0.181102 -0.165354 0.968504 
vn -0.0708661 -0.149606 0.984252 
vn -0.267717 0.937008 0.228346 
vn 0.0787402 0.826772 0.559055 
vn 0.11811 0.992126 0.0787402 
vn 0.267717 0.937008 0.228346 
vn -0.11811 0.992126 0.0787402 
vn -0.0787402 0.826772 0.559055 
vn 0.80315 0.362205 -0.480315 
vn 0.944882 0.19685 -0.267717 
vn 0.84252 0.188976 -0.511811 
vn 0.897638 0.346457 -0.259843 
vn 0.677165 -0.0866142 0.732283 
vn 0.559055 0.00787402 0.834646 
vn 0.456693 -0.125984 0.88189 
vn 0.464567 0.88189 -0.0708661 
vn 0.322835 0.874016 -0.370079 
vn -0.0472441 0.968504 -0.228346 
vn 0.11811 0.992126 0.0787402 
vn -0.11811 0.992126 0.0787402 
vn 0.0472441 0.968504 -0.228346 
vn -0.464567 0.88189 -0.0708661 
vn -0.322835 0.874016 -0.370079 
vn -0.944882 0.19685 -0.259843 
vn -0.984252 0.0866142 -0.133858 
vn -0.92126 0.362205 -0.149606 
vn -0.905512 0.330709 -0.259843 
vn -0.944882 0.141732 0.283465 
vn -0.937008 0.291339 0.173228 
vn -0.976378 0.149606 0.15748 
vn -0.393701 -0.125984 0.913386 
vn -0.527559 -0.188976 0.826772 
vn -0.330709 -0.149606 0.929134 
vn -0.519685 -0.0629921 0.850394 
vn -0.944882 0.141732 0.283465 
vn -0.88189 0.267717 0.393701 
vn -0.937008 0.291339 0.173228 
vn 0.0787402 0.826772 0.559055 
vn 0.519685 0.590551 0.622047 
vn 0.614173 0.716535 0.330709 
vn -0.0787402 0.826772 0.559055 
vn -0.614173 0.716535 0.330709 
vn -0.519685 0.590551 0.622047 
vn -0.677165 0.0866142 0.732283 
vn -0.661417 -0.125984 0.740157 
vn -0.519685 -0.0629921 0.850394 
vn -0.551181 0.0393701 0.834646 
vn 0.456693 -0.125984 0.88189 
vn 0.448819 -0.102362 0.889764 
vn 0.338583 -0.110236 0.937008 
vn 0.559055 0.00787402 0.834646 
vn 0.897638 0.346457 -0.259843 
vn 0.937008 0.314961 -0.133858 
vn 0.944882 0.19685 -0.267717 
vn 0.984252 0.0866142 -0.149606 
vn 0.858268 0.0551181 0.511811 
vn 0.669291 0.141732 0.732283 
vn 0.677165 -0.0866142 0.732283 
vn 0.23622 -0.149606 0.96063 
vn 0.535433 -0.19685 0.818898 
vn 0.338583 -0.110236 0.937008 
vn 0.456693 -0.125984 0.88189 
vn -0.330709 -0.149606 0.929134 
vn -0.527559 -0.188976 0.826772 
vn -0.228346 -0.149606 0.96063 
vn -0.11811 0.992126 0.0787402 
vn -0.614173 0.716535 0.330709 
vn -0.0787402 0.826772 0.559055 
vn 0.11811 0.992126 0.0787402 
vn 0.614173 0.716535 0.330709 
vn 0.464567 0.88189 -0.0708661 
vn 0.11811 0.992126 0.0787402 
vn 0.0787402 0.826772 0.559055 
vn 0.614173 0.716535 0.330709 
vn -0.11811 0.992126 0.0787402 
vn -0.464567 0.88189 -0.0708661 
vn -0.614173 0.716535 0.330709 
vn -0.826772 0.0551181 0.551181 
vn -0.944882 0.141732 0.283465 
vn -0.96063 -0.0787402 0.267717 
vn -0.834646 -0.125984 0.543307 
vn -0.96063 -0.0787402 0.267717 
vn -0.677165 0.0866142 0.732283 
vn -0.88189 0.267717 0.393701 
vn -0.84252 0.370079 0.401575 
vn -0.677165 0.0866142 0.732283 
vn -0.637795 0.299213 0.716535 
vn -0.755906 -0.645669 -0.0787402 
vn -0.740157 -0.622047 -0.244094 
vn -0.755906 -0.645669 -0.0787402 
vn -0.826772 0.0551181 0.551181 
vn -0.88189 0.267717 0.393701 
vn -0.944882 0.141732 0.283465 
vn -0.653543 0.204724 -0.732283 
vn -0.409449 0 -0.913386 
vn -0.653543 0 -0.755906 
vn -0.409449 0.220472 -0.889764 
vn -0.614173 0.401575 -0.677165 
vn -0.393701 0.409449 -0.818898 
vn -0.653543 0.204724 -0.732283 
vn -0.165354 0 -0.984252 
vn -0.393701 -0.244094 -0.889764 
vn -0.181102 -0.228346 -0.952756 
vn -0.409449 0.220472 -0.889764 
vn -0.409449 0 -0.913386 
vn -0.165354 0.204724 -0.96063 
vn -0.393701 0.409449 -0.818898 
vn -0.173228 0.417323 -0.889764 
vn -0.409449 0.220472 -0.889764 
vn -0.661417 -0.125984 0.740157 
vn -0.677165 0.0866142 0.732283 
vn -0.826772 0.0551181 0.551181 
vn 0.92126 0.204724 0.322835 
vn 0.858268 0.0551181 0.511811 
vn 0.944882 -0.0944882 0.307087 
vn 0.92126 0.204724 0.322835 
vn 0.811024 0.244094 0.535433 
vn 0.874016 -0.480315 0.102362 
vn 0.874016 -0.480315 0.102362 
vn 0.874016 -0.480315 0.102362 
vn 0.401575 0.212598 -0.889764 
vn 0.165354 0 -0.984252 
vn 0.165354 0.204724 -0.96063 
vn 0.409449 0 -0.913386 
vn 0.590551 0.220472 -0.779528 
vn 0.653543 -0.00787402 -0.755906 
vn 0.401575 0.212598 -0.889764 
vn 0.165354 0.204724 -0.96063 
vn 0.385827 0.417323 -0.826772 
vn 0.165354 0.417323 -0.889764 
vn 0.456693 -0.125984 0.88189 
vn 0.535433 -0.19685 0.818898 
vn 0.677165 -0.0866142 0.732283 
vn 0.496063 -0.598425 -0.629921 
vn 0.496063 -0.598425 -0.629921 
vn 0.496063 -0.598425 -0.629921 
vn -0.661417 -0.125984 0.740157 
vn -0.826772 0.0551181 0.551181 
vn -0.834646 -0.125984 0.543307 
vn 0.590551 0.220472 -0.779528 
vn 0.724409 0.19685 -0.661417 
vn 0.653543 -0.00787402 -0.755906 
vn 0.905512 -0.385827 -0.19685 
vn 0.905512 -0.385827 -0.19685 
vn 0.905512 -0.385827 -0.19685 
vn 0.92126 0.307087 0.23622 
vn 0.92126 0.204724 0.322835 
vn 0.976378 0.0944882 0.19685 
vn 0.944882 -0.0944882 0.307087 
vn 0.976378 0.0944882 0.19685 
vn 0.992126 -0.141732 0.0314961 
vn -0.834646 0.188976 -0.519685 
vn -0.850394 0 -0.519685 
vn -0.96063 -0.00787402 -0.267717 
vn -0.944882 0.19685 -0.259843 
vn 0.984252 0.0866142 -0.149606 
vn 0.96063 -0.00787402 -0.275591 
vn 0.944882 0.19685 -0.267717 
vn -0.984252 0.0866142 -0.133858 
vn -0.944882 0.19685 -0.259843 
vn -0.96063 -0.00787402 -0.267717 
vn 0.84252 0.188976 -0.511811 
vn 0.96063 -0.00787402 -0.275591 
vn 0.858268 -0.00787402 -0.511811 
vn 0.944882 0.19685 -0.267717 
vn -0.96063 -0.0787402 0.267717 
vn -0.992126 0.0393701 0.125984 
vn -0.976378 -0.19685 0.00787402 
vn -0.976378 0.149606 0.15748 
vn -0.96063 -0.0787402 0.267717 
vn -0.944882 0.141732 0.283465 
vn 0.818898 -0.173228 0.543307 
vn 0.858268 0.0551181 0.511811 
vn 0.677165 -0.0866142 0.732283 
vn -0.653543 0.204724 -0.732283 
vn -0.653543 0 -0.755906 
vn -0.850394 0 -0.519685 
vn -0.834646 0.188976 -0.519685 
vn -0.165354 0.204724 -0.96063 
vn 0 0.204724 -0.976378 
vn 0 0 -1 
vn -0.165354 0 -0.984252 
vn 0.708661 -0.708661 -0.00787402 
vn 0.724409 -0.692913 -0.0629921 
vn 0.708661 -0.708661 -0.00787402 
vn 0.755906 -0.535433 -0.385827 
vn 0.724409 0.19685 -0.661417 
vn 0.858268 -0.00787402 -0.511811 
vn 0.653543 -0.00787402 -0.755906 
vn 0.84252 0.188976 -0.511811 
vn 0.944882 -0.0944882 0.307087 
vn 0.858268 0.0551181 0.511811 
vn 0.818898 -0.173228 0.543307 
vn -0.519685 -0.0629921 0.850394 
vn -0.661417 -0.125984 0.740157 
vn -0.527559 -0.188976 0.826772 
vn -0.834646 -0.125984 0.543307 
vn -0.527559 -0.188976 0.826772 
vn -0.858268 -0.259843 0.440945 
vn 0.015748 -0.984252 -0.188976 
vn 0.015748 -0.984252 -0.188976 
vn 0.015748 -0.984252 -0.188976 
vn 0.015748 -0.984252 -0.188976 
vn 0.015748 -0.984252 -0.188976 
vn 0.015748 -0.984252 -0.188976 
vn 0.015748 -0.984252 -0.188976 
vn 0.015748 -0.984252 -0.188976 
vn 0.015748 -0.984252 -0.188976 
vn 0.015748 -0.984252 -0.188976 
vn 0.015748 -0.984252 -0.188976 
vn 0.015748 -0.984252 -0.188976 
vn 0.015748 -0.984252 -0.188976 
vn 0.015748 -0.984252 -0.188976 
vn 0.015748 -0.984252 -0.188976 
vn 0.015748 -0.984252 -0.188976 
vn 0.015748 -0.984252 -0.188976 
vn 0.015748 -0.984252 -0.188976 
vn 0.015748 -0.984252 -0.188976 
vn 0.015748 -0.984252 -0.188976 
vn 0.015748 -0.984252 -0.188976 
vn 0.015748 -0.984252 -0.188976 
vn 0.015748 -0.984252 -0.188976 
vn 0.015748 -0.984252 -0.188976 
vn 0.015748 -0.984252 -0.188976 
vn 0.015748 -0.984252 -0.188976 
vn 0.015748 -0.984252 -0.188976 
vn 0.015748 -0.984252 -0.188976 
vn 0.015748 -0.984252 -0.188976 
vn 0.015748 -0.984252 -0.188976 
vn 0.015748 -0.984252 -0.188976 
vn 0.015748 -0.984252 -0.188976 
vn 0.015748 -0.984252 -0.188976 
vn 0.015748 -0.984252 -0.188976 
vn 0.015748 -0.984252 -0.188976 
vn 0.015748 -0.984252 -0.188976 
vn 0.015748 -0.984252 -0.188976 
vn 0.015748 -0.984252 -0.188976 
vn 0.015748 -0.984252 -0.188976 
vn 0.015748 -0.984252 -0.188976 
vn 0.015748 -0.984252 -0.188976 
vn 0.015748 -0.984252 -0.188976 
vn 0 0 -1 
vn 0.165354 0 -0.984252 
vn 0.149606 -0.228346 -0.96063 
vn 0.015748 -0.228346 -0.976378 
vn 0.165354 0.204724 -0.96063 
vn 0.165354 0 -0.984252 
vn 0 0.204724 -0.976378 
vn 0.92126 0.0787402 -0.385827 
vn 0.84252 0.188976 -0.496063 
vn 0.748031 0.0866142 -0.653543 
vn 0.653543 0.110236 -0.748031 
vn 0.968504 0.0393701 -0.23622 
vn 0.653543 0.110236 -0.748031 
vn 0.968504 0.0393701 -0.23622 
vn 0.480315 0.149606 -0.866142 
vn 1 0.015748 0 
vn 0.480315 0.149606 -0.866142 
vn 1 0.015748 0 
vn 0.370079 0.181102 -0.913386 
vn 0.968504 -0.0787402 0.23622 
vn 0.251969 0.259843 -0.929134 
vn 0.968504 -0.0787402 0.23622 
vn 0.125984 0.141732 -0.984252 
vn 0.92126 -0.11811 0.377953 
vn 0.00787402 0.125984 -0.992126 
vn 0.834646 -0.015748 0.551181 
vn 0.00787402 0.125984 -0.992126 
vn 0.748031 -0.125984 0.653543 
vn -0.125984 0.181102 -0.976378 
vn 0.637795 -0.204724 0.740157 
vn -0.23622 0.251969 -0.937008 
vn 0.637795 -0.204724 0.740157 
vn -0.362205 0.125984 -0.92126 
vn 0.527559 -0.204724 0.826772 
vn -0.480315 0.11811 -0.874016 
vn 0.393701 -0.102362 0.913386 
vn -0.480315 0.11811 -0.874016 
vn 0.291339 -0.188976 0.937008 
vn -0.645669 0.110236 -0.755906 
vn 0.173228 -0.204724 0.96063 
vn -0.645669 0.110236 -0.755906 
vn 0.173228 -0.204724 0.96063 
vn -0.748031 0.110236 -0.653543 
vn -0.00787402 -0.23622 0.968504 
vn -0.834646 0.15748 -0.527559 
vn -0.00787402 -0.23622 0.968504 
vn -0.913386 -0.0708661 -0.401575 
vn -0.125984 -0.244094 0.96063 
vn -0.992126 0.0629921 -0.125984 
vn -0.944882 -0.0708661 -0.322835 
vn -0.992126 -0.0866142 0.0393701 
vn -0.251969 -0.11811 0.96063 
vn -0.370079 -0.188976 0.913386 
vn -0.480315 -0.19685 0.850394 
vn -0.480315 -0.19685 0.850394 
vn -0.637795 -0.15748 0.748031 
vn -0.637795 -0.15748 0.748031 
vn -0.779528 -0.133858 0.606299 
vn -0.779528 -0.133858 0.606299 
vn -0.897638 -0.102362 0.433071 
vn -0.897638 -0.102362 0.433071 
vn -0.976378 -0.102362 0.19685 
vn -0.976378 -0.102362 0.19685 
vn -0.992126 -0.0866142 0.0393701 
vn -0.992126 0.0629921 -0.125984 
vn -0.535433 -0.818898 -0.204724 
vn -0.535433 -0.818898 -0.204724 
vn -0.535433 -0.818898 -0.204724 
vn 0.96063 -0.00787402 -0.275591 
vn 0.992126 -0.141732 0.0314961 
vn 0.944882 -0.19685 -0.267717 
vn 0.984252 0.0866142 -0.149606 
vn -0.96063 -0.00787402 -0.267717 
vn -0.944882 -0.204724 -0.267717 
vn -0.976378 -0.19685 0.00787402 
vn -0.984252 0.0866142 -0.133858 
vn 0.818898 -0.173228 0.543307 
vn 0.535433 -0.19685 0.818898 
vn 0.866142 -0.259843 0.433071 
vn 0.677165 -0.0866142 0.732283 
vn -0.653543 0 -0.755906 
vn -0.653543 -0.228346 -0.724409 
vn -0.850394 0 -0.519685 
vn -0.834646 -0.19685 -0.503937 
vn 0.858268 -0.00787402 -0.511811 
vn 0.80315 -0.212598 -0.559055 
vn 0.653543 -0.00787402 -0.755906 
vn 0.80315 -0.212598 -0.559055 
vn 0.582677 -0.244094 -0.771654 
vn 0.165354 0 -0.984252 
vn 0.409449 0 -0.913386 
vn 0.409449 -0.23622 -0.88189 
vn 0.149606 -0.228346 -0.96063 
vn 0.858268 -0.00787402 -0.511811 
vn 0.944882 -0.19685 -0.267717 
vn 0.80315 -0.212598 -0.559055 
vn 0.96063 -0.00787402 -0.275591 
vn 0.409449 0 -0.913386 
vn 0.582677 -0.244094 -0.771654 
vn 0.409449 -0.23622 -0.88189 
vn 0.653543 -0.00787402 -0.755906 
vn -0.409449 0 -0.913386 
vn -0.653543 -0.228346 -0.724409 
vn -0.653543 0 -0.755906 
vn -0.393701 -0.244094 -0.889764 
vn -0.834646 -0.125984 0.543307 
vn -0.96063 -0.0787402 0.267717 
vn -0.858268 -0.259843 0.440945 
vn -0.850394 -0.346457 -0.401575 
vn -0.76378 -0.346457 -0.551181 
vn -0.88189 -0.425197 -0.204724 
vn -0.637795 -0.267717 -0.724409 
vn -0.897638 -0.440945 0.0314961 
vn -0.519685 -0.275591 -0.811024 
vn -0.866142 -0.480315 0.133858 
vn -0.362205 -0.212598 -0.905512 
vn -0.76378 -0.503937 0.401575 
vn -0.23622 -0.228346 -0.944882 
vn -0.748031 -0.511811 0.417323 
vn -0.0551181 -0.188976 -0.984252 
vn -0.519685 -0.543307 0.653543 
vn 0.0708661 -0.220472 -0.976378 
vn -0.503937 -0.543307 0.669291 
vn 0.244094 -0.19685 -0.944882 
vn -0.212598 -0.551181 0.80315 
vn 0.362205 -0.244094 -0.897638 
vn -0.228346 -0.551181 0.80315 
vn 0.535433 -0.244094 -0.811024 
vn 0.0708661 -0.559055 0.826772 
vn 0.637795 -0.307087 -0.708661 
vn 0.0944882 -0.559055 0.826772 
vn 0.771654 -0.322835 -0.543307 
vn 0.370079 -0.551181 0.748031 
vn 0.826772 -0.385827 -0.401575 
vn 0.897638 -0.417323 -0.173228 
vn 0.889764 -0.448819 -0.0787402 
vn 0.393701 -0.551181 0.740157 
vn 0.645669 -0.535433 0.551181 
vn 0.661417 -0.535433 0.527559 
vn 0.850394 -0.488189 0.204724 
vn 0.84252 -0.488189 0.228346 
vn 0.889764 -0.448819 -0.0787402 
vn 0.897638 -0.417323 -0.173228 
vn 0.818898 -0.173228 0.543307 
vn 0.866142 -0.259843 0.433071 
vn 0.944882 -0.0944882 0.307087 
vn -0.748031 -0.551181 0.362205 
vn -0.748031 -0.551181 0.362205 
vn -0.748031 -0.551181 0.362205 
vn -0.944882 -0.204724 -0.267717 
vn -0.834646 -0.19685 -0.503937 
vn -0.779528 -0.322835 -0.535433 
vn -0.92126 -0.299213 -0.259843 
vn -0.944882 -0.204724 -0.267717 
vn -0.96063 -0.00787402 -0.267717 
vn -0.850394 0 -0.519685 
vn 0.015748 -0.228346 -0.976378 
vn -0.110236 -0.362205 -0.92126 
vn -0.181102 -0.228346 -0.952756 
vn 0 0 -1 
vn 0.015748 -0.228346 -0.976378 
vn -0.165354 0 -0.984252 
vn -0.480315 -0.370079 -0.795276 
vn -0.393701 -0.244094 -0.889764 
vn -0.110236 -0.362205 -0.92126 
vn -0.858268 -0.259843 0.440945 
vn -0.976378 -0.19685 0.00787402 
vn -0.96063 -0.275591 0.0314961 
vn -0.96063 -0.0787402 0.267717 
vn 0.944882 -0.0944882 0.307087 
vn 0.96063 -0.267717 0.023622 
vn 0.992126 -0.141732 0.0314961 
vn 0.866142 -0.259843 0.433071 
vn 0.944882 -0.19685 -0.267717 
vn 0.96063 -0.267717 0.023622 
vn 0.92126 -0.275591 -0.259843 
vn 0.992126 -0.141732 0.0314961 
vn 0.80315 -0.212598 -0.559055 
vn 0.637795 -0.338583 -0.692913 
vn 0.582677 -0.244094 -0.771654 
vn -0.834646 -0.19685 -0.503937 
vn -0.653543 -0.228346 -0.724409 
vn -0.779528 -0.322835 -0.535433 
vn 0.80315 -0.212598 -0.559055 
vn 0.944882 -0.19685 -0.267717 
vn 0.826772 -0.322835 -0.464567 
vn 0.92126 -0.275591 -0.259843 
vn -0.92126 -0.299213 -0.259843 
vn -0.976378 -0.19685 0.00787402 
vn -0.944882 -0.204724 -0.267717 
vn -0.96063 -0.275591 0.0314961 
vn -0.653543 -0.228346 -0.724409 
vn -0.393701 -0.244094 -0.889764 
vn -0.480315 -0.370079 -0.795276 
vn 0.015748 -0.984252 -0.188976 
vn 0.015748 -0.984252 -0.188976 
vn 0.015748 -0.984252 -0.188976 
vn 0.015748 -0.984252 -0.188976 
vn 0.015748 -0.984252 -0.188976 
vn 0.015748 -0.984252 -0.188976 
vn 0.015748 -0.984252 -0.188976 
vn 0.015748 -0.984252 -0.188976 
vn 0.015748 -0.984252 -0.188976 
vn 0.015748 -0.984252 -0.188976 
vn 0.015748 -0.984252 -0.188976 
vn 0.015748 -0.984252 -0.188976 
vn 0.015748 -0.984252 -0.188976 
vn 0.015748 -0.984252 -0.188976 
vn 0.015748 -0.984252 -0.188976 
vn 0.015748 -0.984252 -0.188976 
vn 0.015748 -0.984252 -0.188976 
vn 0 -1 0 
vn 0 -1 0 
vn 0 -1 0 
vn 0 -1 0 
vn 0 -1 0 
vn 0 -1 0 
vn 0 -1 0 
vn 0 -1 0 
vn 0 -1 0 
vn 0 -1 0 
vn 0 -1 0 
vn 0 -1 0 
vn 0 -1 0 
vn 0 -1 0 
vn 0 -1 0 
vn 0 -1 0 
vn 0 -1 0 
vn 0 -1 0 
vn 0.409449 -0.23622 -0.88189 
vn 0.283465 -0.377953 -0.88189 
vn 0.149606 -0.228346 -0.96063 
vn 0.015748 -0.228346 -0.976378 
vn -0.110236 -0.362205 -0.92126 
vn 0.80315 -0.212598 -0.559055 
vn 0.826772 -0.322835 -0.464567 
vn 0.637795 -0.338583 -0.692913 
vn 0.637795 -0.338583 -0.692913 
vn 0.409449 -0.23622 -0.88189 
vn 0.582677 -0.244094 -0.771654 
vn 0.283465 -0.377953 -0.88189 
vn -0.653543 -0.228346 -0.724409 
vn -0.480315 -0.370079 -0.795276 
vn -0.779528 -0.322835 -0.535433 

vt 0.014906 0.99354 
vt 0.013342 0.994435 
vt 0.012447 0.99354 
vt 0.013789 0.992645 
vt 0.01014 0.99354 
vt 0.008865 0.994435 
vt 0.007685 0.99354 
vt 0.008685 0.992645 
vt 0.014906 0.99354 
vt 0.013789 0.992645 
vt 0.015599 0.992645 
vt 0.014662 0.991749 
vt 0.01731 0.99354 
vt 0.016476 0.994435 
vt 0.014906 0.99354 
vt 0.015599 0.992645 
vt 0.01731 0.99354 
vt 0.017385 0.992645 
vt 0.015599 0.992645 
vt 0.016463 0.991749 
vt 0.013789 0.992645 
vt 0.012447 0.99354 
vt 0.012179 0.992645 
vt 0.012636 0.991749 
vt 0.012447 0.99354 
vt 0.011551 0.994435 
vt 0.01014 0.99354 
vt 0.01088 0.992645 
vt 0.012447 0.99354 
vt 0.012179 0.992645 
vt 0.01088 0.992645 
vt 0.011271 0.991749 
vt 0.019541 0.99354 
vt 0.018267 0.994435 
vt 0.01731 0.99354 
vt 0.01731 0.99354 
vt 0.018996 0.992645 
vt 0.017385 0.992645 
vt 0.01825 0.991749 
vt 0.018996 0.992645 
vt 0.007685 0.99354 
vt 0.007354 0.992645 
vt 0.008685 0.992645 
vt 0.00794 0.991749 
vt 0.021177 0.99354 
vt 0.020953 0.994435 
vt 0.019541 0.99354 
vt 0.020337 0.992645 
vt 0.021177 0.99354 
vt 0.021177 0.992645 
vt 0.021177 0.991749 
vt 0.020337 0.992645 
vt 0.020224 0.991749 
vt 0.021177 0.991749 
vt 0.020993 0.990854 
vt 0.01088 0.992645 
vt 0.01014 0.99354 
vt 0.00978 0.992645 
vt 0.009927 0.991749 
vt 0.013789 0.992645 
vt 0.012636 0.991749 
vt 0.01376 0.991749 
vt 0.013382 0.990854 
vt 0.007354 0.992645 
vt 0.007051 0.991749 
vt 0.00794 0.991749 
vt 0.007562 0.990854 
vt 0.014662 0.991749 
vt 0.013789 0.992645 
vt 0.01376 0.991749 
vt 0.014014 0.990854 
vt 0.014662 0.991749 
vt 0.014704 0.990854 
vt 0.014197 0.989959 
vt 0.014014 0.990854 
vt 0.015599 0.992645 
vt 0.015567 0.991749 
vt 0.016463 0.991749 
vt 0.016047 0.990854 
vt 0.015599 0.992645 
vt 0.014662 0.991749 
vt 0.015567 0.991749 
vt 0.014662 0.991749 
vt 0.015357 0.990854 
vt 0.014704 0.990854 
vt 0.015357 0.990854 
vt 0.015093 0.989959 
vt 0.012636 0.991749 
vt 0.012179 0.992645 
vt 0.011271 0.991749 
vt 0.012039 0.990854 
vt 0.019122 0.991749 
vt 0.018996 0.992645 
vt 0.01825 0.991749 
vt 0.018754 0.990854 
vt 0.017385 0.992645 
vt 0.016463 0.991749 
vt 0.017371 0.991749 
vt 0.016895 0.990854 
vt 0.019541 0.99354 
vt 0.018996 0.992645 
vt 0.020337 0.992645 
vt 0.019122 0.991749 
vt 0.020224 0.991749 
vt 0.019386 0.990854 
vt 0.020224 0.991749 
vt 0.020097 0.990854 
vt 0.020017 0.989959 
vt 0.019386 0.989959 
vt 0.01825 0.991749 
vt 0.017385 0.992645 
vt 0.017371 0.991749 
vt 0.017819 0.990854 
vt 0.008825 0.991749 
vt 0.008685 0.992645 
vt 0.00794 0.991749 
vt 0.00794 0.991749 
vt 0.008884 0.990854 
vt 0.008194 0.990854 
vt 0.008377 0.989959 
vt 0.008884 0.990854 
vt 0.011271 0.991749 
vt 0.01088 0.992645 
vt 0.009927 0.991749 
vt 0.011271 0.991749 
vt 0.010248 0.990854 
vt 0.011144 0.990854 
vt 0.020224 0.991749 
vt 0.020097 0.990854 
vt 0.020993 0.990854 
vt 0.020097 0.990854 
vt 0.020913 0.989959 
vt 0.020017 0.989959 
vt 0.012636 0.991749 
vt 0.012039 0.990854 
vt 0.01267 0.990854 
vt 0.012406 0.989959 
vt 0.01376 0.991749 
vt 0.013382 0.990854 
vt 0.014014 0.990854 
vt 0.013302 0.989959 
vt 0.014014 0.990854 
vt 0.014197 0.989959 
vt 0.013302 0.989959 
vt 0.01383 0.989063 
vt 0.012636 0.991749 
vt 0.01267 0.990854 
vt 0.013382 0.990854 
vt 0.01267 0.990854 
vt 0.013302 0.989959 
vt 0.012406 0.989959 
vt 0.007051 0.991749 
vt 0.00685 0.990854 
vt 0.007562 0.990854 
vt 0.00685 0.990854 
vt 0.007482 0.989959 
vt 0.00685 0.989959 
vt 0.007482 0.989959 
vt 0.007114 0.989063 
vt 0.00978 0.992645 
vt 0.01014 0.99354 
vt 0.008685 0.992645 
vt 0.008825 0.991749 
vt 0.00978 0.992645 
vt 0.009927 0.991749 
vt 0.008825 0.991749 
vt 0.009537 0.990854 
vt 0.008884 0.990854 
vt 0.009537 0.990854 
vt 0.009089 0.989959 
vt 0.009733 0.989959 
vt 0.009089 0.989959 
vt 0.009353 0.989063 
vt 0.00794 0.991749 
vt 0.007562 0.990854 
vt 0.008194 0.990854 
vt 0.007482 0.989959 
vt 0.008194 0.990854 
vt 0.008377 0.989959 
vt 0.016463 0.991749 
vt 0.016047 0.990854 
vt 0.016895 0.990854 
vt 0.016469 0.989959 
vt 0.015093 0.989959 
vt 0.014704 0.990854 
vt 0.014197 0.989959 
vt 0.014461 0.989063 
vt 0.015093 0.989959 
vt 0.015173 0.989063 
vt 0.009927 0.991749 
vt 0.009537 0.990854 
vt 0.010248 0.990854 
vt 0.009733 0.989959 
vt 0.015567 0.991749 
vt 0.015357 0.990854 
vt 0.016047 0.990854 
vt 0.015357 0.990854 
vt 0.015804 0.989959 
vt 0.015093 0.989959 
vt 0.015173 0.989063 
vt 0.015804 0.989959 
vt 0.016068 0.989063 
vt 0.019122 0.991749 
vt 0.018754 0.990854 
vt 0.019386 0.990854 
vt 0.018754 0.990854 
vt 0.019386 0.989959 
vt 0.018674 0.989959 
vt 0.019202 0.989063 
vt 0.016047 0.990854 
vt 0.015804 0.989959 
vt 0.016469 0.989959 
vt 0.016068 0.989063 
vt 0.013118 0.989063 
vt 0.012406 0.989959 
vt 0.012487 0.989063 
vt 0.013302 0.989959 
vt 0.012854 0.988168 
vt 0.016895 0.990854 
vt 0.016469 0.989959 
vt 0.017147 0.989959 
vt 0.016923 0.989063 
vt 0.01825 0.991749 
vt 0.017819 0.990854 
vt 0.018754 0.990854 
vt 0.017819 0.990854 
vt 0.018674 0.989959 
vt 0.017819 0.989959 
vt 0.018043 0.989063 
vt 0.01849 0.989063 
vt 0.018227 0.988168 
vt 0.018043 0.989063 
vt 0.011271 0.991749 
vt 0.011144 0.990854 
vt 0.012039 0.990854 
vt 0.011144 0.990854 
vt 0.011775 0.989959 
vt 0.011063 0.989959 
vt 0.011775 0.989959 
vt 0.011144 0.989063 
vt 0.011775 0.989063 
vt 0.011511 0.988168 
vt 0.011144 0.989063 
vt 0.008377 0.989959 
vt 0.007746 0.989063 
vt 0.008458 0.989063 
vt 0.007482 0.989959 
vt 0.007929 0.988168 
vt 0.007746 0.989063 
vt 0.020729 0.989063 
vt 0.020017 0.989959 
vt 0.020097 0.989063 
vt 0.020913 0.989959 
vt 0.020729 0.988168 
vt 0.020729 0.989063 
vt 0.020017 0.988168 
vt 0.014197 0.989959 
vt 0.01383 0.989063 
vt 0.014461 0.989063 
vt 0.014461 0.988168 
vt 0.013749 0.988168 
vt 0.020097 0.989063 
vt 0.019386 0.989959 
vt 0.019202 0.989063 
vt 0.020017 0.989959 
vt 0.017819 0.990854 
vt 0.017371 0.991749 
vt 0.016895 0.990854 
vt 0.017819 0.990854 
vt 0.017147 0.989959 
vt 0.017819 0.989959 
vt 0.017147 0.989959 
vt 0.017595 0.989063 
vt 0.016923 0.989063 
vt 0.017595 0.989063 
vt 0.017372 0.988168 
vt 0.020913 0.989959 
vt 0.020729 0.989063 
vt 0.021177 0.989063 
vt 0.020729 0.989063 
vt 0.021177 0.988168 
vt 0.020729 0.988168 
vt 0.010432 0.989959 
vt 0.010248 0.990854 
vt 0.009733 0.989959 
vt 0.010248 0.989063 
vt 0.013302 0.989959 
vt 0.013118 0.989063 
vt 0.01383 0.989063 
vt 0.013118 0.989063 
vt 0.013749 0.988168 
vt 0.012854 0.988168 
vt 0.010432 0.989959 
vt 0.011144 0.990854 
vt 0.010248 0.990854 
vt 0.011063 0.989959 
vt 0.011144 0.989063 
vt 0.010248 0.989063 
vt 0.014461 0.988168 
vt 0.015173 0.989063 
vt 0.014461 0.989063 
vt 0.015093 0.988168 
vt 0.170383 0.967352 
vt 0.168718 0.962868 
vt 0.172316 0.964602 
vt 0.173897 0.967264 
vt 0.168718 0.962868 
vt 0.170383 0.967352 
vt 0.172316 0.964602 
vt 0.173897 0.967263 
vt 0.167573 0.974518 
vt 0.170383 0.967352 
vt 0.173539 0.971249 
vt 0.176067 0.96971 
vt 0.177424 0.973647 
vt 0.173539 0.971249 
vt 0.173897 0.967264 
vt 0.170383 0.967352 
vt 0.176066 0.969709 
vt 0.173539 0.971249 
vt 0.177423 0.973646 
vt 0.173897 0.967263 
vt 0.173539 0.971249 
vt 0.170383 0.967352 
vt 0.170383 0.967352 
vt 0.167573 0.974519 
vt 0.173539 0.971249 
vt 0.007482 0.989959 
vt 0.007114 0.989063 
vt 0.007746 0.989063 
vt 0.007034 0.988168 
vt 0.007746 0.989063 
vt 0.007929 0.988168 
vt 0.167573 0.974518 
vt 0.162141 0.963994 
vt 0.170383 0.967352 
vt 0.162141 0.963994 
vt 0.168718 0.962868 
vt 0.170383 0.967352 
vt 0.170383 0.967352 
vt 0.162141 0.963994 
vt 0.167573 0.974519 
vt 0.012406 0.989959 
vt 0.012039 0.990854 
vt 0.011775 0.989959 
vt 0.011775 0.989063 
vt 0.012487 0.989063 
vt 0.011775 0.989063 
vt 0.012223 0.988168 
vt 0.011511 0.988168 
vt 0.168718 0.962868 
vt 0.162141 0.963994 
vt 0.170383 0.967352 
vt 0.283908 0.968588 
vt 0.283968 0.969581 
vt 0.283252 0.96878 
vt 0.284432 0.969226 
vt 0.282248 0.968048 
vt 0.283486 0.968157 
vt 0.28299 0.967746 
vt 0.009089 0.989959 
vt 0.008884 0.990854 
vt 0.008377 0.989959 
vt 0.008458 0.989063 
vt 0.009089 0.989959 
vt 0.009353 0.989063 
vt 0.008641 0.988168 
vt 0.008458 0.989063 
vt 0.009273 0.988168 
vt 0.28522 0.970417 
vt 0.284556 0.970481 
vt 0.284912 0.969898 
vt 0.283968 0.969581 
vt 0.284912 0.969898 
vt 0.284432 0.969226 
vt 0.285004 0.971641 
vt 0.285488 0.971002 
vt 0.284556 0.970481 
vt 0.282248 0.968048 
vt 0.281758 0.966965 
vt 0.282406 0.96734 
vt 0.281396 0.967645 
vt 0.283252 0.96878 
vt 0.283486 0.968157 
vt 0.283908 0.968588 
vt 0.282248 0.968048 
vt 0.277599 0.973365 
vt 0.281396 0.967645 
vt 0.283252 0.96878 
vt 0.283968 0.969581 
vt 0.276911 0.970934 
vt 0.280148 0.967397 
vt 0.277302 0.96911 
vt 0.27905 0.967454 
vt 0.278186 0.967959 
vt 0.279314 0.975336 
vt 0.284556 0.970481 
vt 0.285004 0.971641 
vt 0.285172 0.97257 
vt 0.280806 0.976034 
vt 0.28509 0.973843 
vt 0.282673 0.976161 
vt 0.284751 0.974895 
vt 0.284036 0.975607 
vt 0.015093 0.988168 
vt 0.016068 0.989063 
vt 0.015173 0.989063 
vt 0.015989 0.988168 
vt 0.162141 0.963994 
vt 0.162175 0.956284 
vt 0.168718 0.962868 
vt 0.168718 0.962868 
vt 0.162175 0.956284 
vt 0.162141 0.963994 
vt 0.281396 0.967645 
vt 0.280268 0.966417 
vt 0.281758 0.966965 
vt 0.280148 0.967397 
vt 0.282248 0.968048 
vt 0.282406 0.96734 
vt 0.28299 0.967746 
vt 0.285924 0.972396 
vt 0.286069 0.973979 
vt 0.285172 0.97257 
vt 0.28509 0.973843 
vt 0.177269 0.980173 
vt 0.173539 0.971249 
vt 0.177424 0.973647 
vt 0.167573 0.974518 
vt 0.177267 0.980172 
vt 0.173539 0.971249 
vt 0.167573 0.974519 
vt 0.177423 0.973646 
vt 0.020017 0.988168 
vt 0.019202 0.989063 
vt 0.019122 0.988168 
vt 0.020097 0.989063 
vt 0.173897 0.967264 
vt 0.172316 0.964602 
vt 0.175115 0.966071 
vt 0.175115 0.966071 
vt 0.172316 0.964602 
vt 0.173897 0.967263 
vt 0.016469 0.989959 
vt 0.016068 0.989063 
vt 0.016923 0.989063 
vt 0.016068 0.989063 
vt 0.0167 0.988168 
vt 0.015989 0.988168 
vt 0.176067 0.96971 
vt 0.173897 0.967264 
vt 0.17718 0.968306 
vt 0.175115 0.966071 
vt 0.176066 0.969709 
vt 0.17718 0.968305 
vt 0.173897 0.967263 
vt 0.175115 0.966071 
vt 0.280268 0.966417 
vt 0.280148 0.967397 
vt 0.27905 0.967454 
vt 0.278442 0.965826 
vt 0.28509 0.973843 
vt 0.286069 0.973979 
vt 0.284751 0.974895 
vt 0.28617 0.975893 
vt 0.168718 0.962868 
vt 0.171598 0.962049 
vt 0.172316 0.964602 
vt 0.16881 0.958526 
vt 0.16881 0.958526 
vt 0.168718 0.962868 
vt 0.171598 0.962049 
vt 0.172316 0.964602 
vt 0.012854 0.988168 
vt 0.012487 0.989063 
vt 0.012223 0.988168 
vt 0.27905 0.967454 
vt 0.277551 0.966281 
vt 0.278442 0.965826 
vt 0.278186 0.967959 
vt 0.018674 0.989959 
vt 0.01849 0.989063 
vt 0.019202 0.989063 
vt 0.01849 0.989063 
vt 0.019122 0.988168 
vt 0.018227 0.988168 
vt 0.28617 0.975893 
vt 0.284036 0.975607 
vt 0.284751 0.974895 
vt 0.28557 0.976812 
vt 0.008641 0.988168 
vt 0.008458 0.989063 
vt 0.007929 0.988168 
vt 0.179672 0.971577 
vt 0.177424 0.973647 
vt 0.176067 0.96971 
vt 0.179671 0.971577 
vt 0.176066 0.969709 
vt 0.177423 0.973646 
vt 0.104359 0.966799 
vt 0.103789 0.969274 
vt 0.104652 0.968857 
vt 0.103135 0.969937 
vt 0.104311 0.970507 
vt 0.175115 0.966071 
vt 0.171598 0.962049 
vt 0.174243 0.963594 
vt 0.172316 0.964602 
vt 0.171598 0.962049 
vt 0.175115 0.966071 
vt 0.174243 0.963594 
vt 0.172316 0.964602 
vt 0.009733 0.989959 
vt 0.009353 0.989063 
vt 0.010248 0.989063 
vt 0.009353 0.989063 
vt 0.010168 0.988168 
vt 0.009273 0.988168 
vt 0.018043 0.989063 
vt 0.017819 0.989959 
vt 0.017595 0.989063 
vt 0.018227 0.988168 
vt 0.017372 0.988168 
vt 0.17718 0.968305 
vt 0.176066 0.969709 
vt 0.179671 0.971577 
vt 0.17718 0.968306 
vt 0.179672 0.971577 
vt 0.176067 0.96971 
vt 0.102562 0.968899 
vt 0.104166 0.969194 
vt 0.103204 0.970298 
vt 0.285729 0.971672 
vt 0.285004 0.971641 
vt 0.285488 0.971002 
vt 0.285924 0.972396 
vt 0.285004 0.971641 
vt 0.285172 0.97257 
vt 0.286711 0.972167 
vt 0.287198 0.973883 
vt 0.286069 0.973979 
vt 0.011144 0.989063 
vt 0.010248 0.989063 
vt 0.01088 0.988168 
vt 0.010168 0.988168 
vt 0.162175 0.956284 
vt 0.16881 0.958526 
vt 0.168718 0.962868 
vt 0.171662 0.960086 
vt 0.171598 0.962049 
vt 0.17288 0.959677 
vt 0.174243 0.963594 
vt 0.176593 0.96595 
vt 0.17594 0.964039 
vt 0.175115 0.966071 
vt 0.176593 0.96595 
vt 0.17718 0.968306 
vt 0.16881 0.958526 
vt 0.162175 0.956284 
vt 0.168718 0.962868 
vt 0.171662 0.960086 
vt 0.171598 0.962049 
vt 0.17288 0.959677 
vt 0.174243 0.963594 
vt 0.176593 0.96595 
vt 0.17594 0.964039 
vt 0.175115 0.966071 
vt 0.176593 0.96595 
vt 0.17718 0.968305 
vt 0.016923 0.989063 
vt 0.0167 0.988168 
vt 0.017372 0.988168 
vt 0.021517 0.973192 
vt 0.017296 0.971297 
vt 0.018215 0.970136 
vt 0.030965 0.969354 
vt 0.033347 0.95803 
vt 0.040753 0.961254 
vt 0.033347 0.95803 
vt 0.030965 0.969354 
vt 0.040754 0.961255 
vt 0.278186 0.967959 
vt 0.277226 0.967252 
vt 0.277551 0.966281 
vt 0.017321 0.961352 
vt 0.019861 0.961131 
vt 0.015999 0.965902 
vt 0.017321 0.961352 
vt 0.021367 0.959445 
vt 0.28299 0.967746 
vt 0.282406 0.96734 
vt 0.283271 0.967115 
vt 0.286171 0.970894 
vt 0.285729 0.971672 
vt 0.285488 0.971002 
vt 0.011511 0.988168 
vt 0.011144 0.989063 
vt 0.01088 0.988168 
vt 0.030965 0.969354 
vt 0.0308 0.969157 
vt 0.033347 0.95803 
vt 0.03119 0.969449 
vt 0.030965 0.969354 
vt 0.040753 0.961254 
vt 0.033347 0.95803 
vt 0.0308 0.969157 
vt 0.030965 0.969354 
vt 0.040754 0.961255 
vt 0.030965 0.969354 
vt 0.03119 0.969449 
vt 0.103204 0.970298 
vt 0.104166 0.969194 
vt 0.104342 0.970445 
vt 0.104476 0.967282 
vt 0.102562 0.968899 
vt 0.101803 0.966916 
vt 0.104166 0.969194 
vt 0.102562 0.968899 
vt 0.104476 0.967282 
vt 0.025431 0.971666 
vt 0.021517 0.973192 
vt 0.025001 0.969729 
vt 0.101803 0.966916 
vt 0.103789 0.969274 
vt 0.104359 0.966799 
vt 0.019861 0.961131 
vt 0.021367 0.959445 
vt 0.025252 0.961706 
vt 0.162175 0.956284 
vt 0.163731 0.950857 
vt 0.16881 0.958526 
vt 0.018215 0.970136 
vt 0.017296 0.971297 
vt 0.015999 0.965902 
vt 0.16881 0.958526 
vt 0.163731 0.950857 
vt 0.162175 0.956284 
vt 0.179521 0.970192 
vt 0.179672 0.971577 
vt 0.17718 0.968306 
vt 0.17952 0.970192 
vt 0.17718 0.968305 
vt 0.179671 0.971577 
vt 0.0308 0.969157 
vt 0.027702 0.959222 
vt 0.033347 0.95803 
vt 0.027702 0.959222 
vt 0.0308 0.969157 
vt 0.033347 0.95803 
vt 0.019861 0.961131 
vt 0.025252 0.961706 
vt 0.022756 0.964739 
vt 0.015999 0.965902 
vt 0.019861 0.961131 
vt 0.018215 0.970136 
vt 0.285756 0.970113 
vt 0.285488 0.971002 
vt 0.28522 0.970417 
vt 0.286171 0.970894 
vt 0.022756 0.964739 
vt 0.025001 0.969729 
vt 0.018215 0.970136 
vt 0.021517 0.973192 
vt 0.019861 0.961131 
vt 0.022756 0.964739 
vt 0.018215 0.970136 
vt 0.026969 0.966591 
vt 0.025001 0.969729 
vt 0.022756 0.964739 
vt 0.022756 0.964739 
vt 0.025252 0.961706 
vt 0.026969 0.966591 
vt 0.171598 0.962049 
vt 0.171662 0.960086 
vt 0.174243 0.963594 
vt 0.106123 0.969359 
vt 0.104652 0.968857 
vt 0.104311 0.970507 
vt 0.174243 0.963594 
vt 0.171662 0.960086 
vt 0.171598 0.962049 
vt 0.283908 0.968588 
vt 0.283486 0.968157 
vt 0.284355 0.968178 
vt 0.283918 0.967717 
vt 0.28522 0.970417 
vt 0.284912 0.969898 
vt 0.285424 0.969571 
vt 0.285756 0.970113 
vt 0.101332 0.969642 
vt 0.103789 0.969274 
vt 0.101803 0.966916 
vt 0.277302 0.96911 
vt 0.277226 0.967252 
vt 0.278186 0.967959 
vt 0.276302 0.967643 
vt 0.281758 0.966965 
vt 0.28065 0.965351 
vt 0.282182 0.966264 
vt 0.280268 0.966417 
vt 0.104476 0.967282 
vt 0.101803 0.966916 
vt 0.10259 0.964826 
vt 0.284723 0.977176 
vt 0.282673 0.976161 
vt 0.284036 0.975607 
vt 0.283869 0.977704 
vt 0.020032 0.985092 
vt 0.018354 0.980679 
vt 0.018921 0.984916 
vt 0.178016 0.967544 
vt 0.17718 0.968306 
vt 0.176593 0.96595 
vt 0.023965 0.986869 
vt 0.020032 0.985092 
vt 0.023279 0.987434 
vt 0.018354 0.980679 
vt 0.020874 0.976309 
vt 0.01767 0.979772 
vt 0.183973 0.980089 
vt 0.177423 0.973646 
vt 0.177267 0.980172 
vt 0.180936 0.974434 
vt 0.178016 0.967544 
vt 0.176593 0.96595 
vt 0.17718 0.968305 
vt 0.023965 0.986869 
vt 0.023278 0.987434 
vt 0.020032 0.985092 
vt 0.020032 0.985092 
vt 0.018921 0.984916 
vt 0.018354 0.980679 
vt 0.018354 0.980679 
vt 0.01767 0.979772 
vt 0.020873 0.976309 
vt 0.020873 0.976309 
vt 0.022968 0.974474 
vt 0.025538 0.97536 
vt 0.020032 0.985092 
vt 0.018921 0.984916 
vt 0.023279 0.987434 
vt 0.018354 0.980679 
vt 0.01767 0.979772 
vt 0.018921 0.984916 
vt 0.020874 0.976309 
vt 0.020548 0.975438 
vt 0.01767 0.979772 
vt 0.028924 0.977731 
vt 0.029061 0.976637 
vt 0.025538 0.97536 
vt 0.027848 0.985431 
vt 0.023965 0.986869 
vt 0.027948 0.986223 
vt 0.023279 0.987434 
vt 0.020874 0.976309 
vt 0.025111 0.974365 
vt 0.020548 0.975438 
vt 0.025538 0.97536 
vt 0.026969 0.966591 
vt 0.025431 0.971666 
vt 0.025001 0.969729 
vt 0.183976 0.980089 
vt 0.177424 0.973647 
vt 0.180938 0.974435 
vt 0.177269 0.980173 
vt 0.02986 0.981733 
vt 0.030504 0.981667 
vt 0.028924 0.977731 
vt 0.023965 0.986869 
vt 0.027848 0.985431 
vt 0.027948 0.986223 
vt 0.023278 0.987434 
vt 0.020032 0.985092 
vt 0.023278 0.987434 
vt 0.018921 0.984916 
vt 0.018354 0.980679 
vt 0.018921 0.984916 
vt 0.01767 0.979772 
vt 0.020873 0.976309 
vt 0.01767 0.979772 
vt 0.019485 0.97611 
vt 0.020873 0.976309 
vt 0.019485 0.97611 
vt 0.022968 0.974474 
vt 0.02986 0.981733 
vt 0.027848 0.985431 
vt 0.030504 0.981667 
vt 0.027948 0.986223 
vt 0.025538 0.97536 
vt 0.029061 0.976637 
vt 0.025111 0.974365 
vt 0.028924 0.977731 
vt 0.030504 0.981667 
vt 0.029061 0.976637 
vt 0.027547 0.975251 
vt 0.028924 0.977731 
vt 0.025538 0.97536 
vt 0.030262 0.978725 
vt 0.02986 0.981733 
vt 0.028924 0.977731 
vt 0.030415 0.982812 
vt 0.027948 0.986223 
vt 0.027848 0.985431 
vt 0.02986 0.981733 
vt 0.025538 0.97536 
vt 0.022968 0.974474 
vt 0.027547 0.975251 
vt 0.027547 0.975251 
vt 0.030262 0.978725 
vt 0.028924 0.977731 
vt 0.030262 0.978725 
vt 0.030415 0.982812 
vt 0.02986 0.981733 
vt 0.282406 0.96734 
vt 0.282182 0.966264 
vt 0.283271 0.967115 
vt 0.281758 0.966965 
vt 0.286171 0.970894 
vt 0.286711 0.972167 
vt 0.285729 0.971672 
vt 0.285924 0.972396 
vt 0.011633 0.033413 
vt 0.011859 0.033867 
vt 0.011633 0.033867 
vt 0.284912 0.969898 
vt 0.284432 0.969226 
vt 0.284919 0.968853 
vt 0.285424 0.969571 
vt 0.030965 0.969354 
vt 0.030768 0.969491 
vt 0.0308 0.969157 
vt 0.0308 0.969157 
vt 0.030768 0.969491 
vt 0.030965 0.969354 
vt 0.03119 0.969449 
vt 0.040753 0.961254 
vt 0.043324 0.967519 
vt 0.040754 0.961255 
vt 0.03119 0.969449 
vt 0.043324 0.967519 
vt 0.280268 0.966417 
vt 0.278442 0.965826 
vt 0.28065 0.965351 
vt 0.279614 0.964003 
vt 0.106139 0.971808 
vt 0.106123 0.969359 
vt 0.104311 0.970507 
vt 0.28617 0.975893 
vt 0.286069 0.973979 
vt 0.287198 0.973883 
vt 0.288226 0.975234 
vt 0.104342 0.970445 
vt 0.104166 0.969194 
vt 0.106059 0.970089 
vt 0.103204 0.970298 
vt 0.105628 0.972182 
vt 0.104311 0.970507 
vt 0.104652 0.968857 
vt 0.103789 0.969274 
vt 0.107132 0.966355 
vt 0.106123 0.969359 
vt 0.108046 0.969047 
vt 0.107132 0.966355 
vt 0.106139 0.971808 
vt 0.108046 0.969047 
vt 0.017372 0.988168 
vt 0.017147 0.988168 
vt 0.017595 0.988168 
vt 0.0167 0.988168 
vt 0.018227 0.988168 
vt 0.0167 0.988168 
vt 0.018043 0.988168 
vt 0.016252 0.988168 
vt 0.01849 0.988168 
vt 0.015989 0.988168 
vt 0.019122 0.988168 
vt 0.015804 0.988168 
vt 0.018938 0.988168 
vt 0.015093 0.988168 
vt 0.019386 0.988168 
vt 0.015357 0.988168 
vt 0.020017 0.988168 
vt 0.014909 0.988168 
vt 0.019833 0.988168 
vt 0.014461 0.988168 
vt 0.020281 0.988168 
vt 0.014461 0.988168 
vt 0.020729 0.988168 
vt 0.014014 0.988168 
vt 0.020729 0.988168 
vt 0.021177 0.988168 
vt 0.021177 0.988168 
vt 0.013749 0.988168 
vt 0.013566 0.988168 
vt 0.013118 0.988168 
vt 0.012854 0.988168 
vt 0.01267 0.988168 
vt 0.012223 0.988168 
vt 0.012223 0.988168 
vt 0.011775 0.988168 
vt 0.011511 0.988168 
vt 0.011327 0.988168 
vt 0.01088 0.988168 
vt 0.01088 0.988168 
vt 0.010432 0.988168 
vt 0.010168 0.988168 
vt 0.009984 0.988168 
vt 0.009273 0.988168 
vt 0.009537 0.988168 
vt 0.009089 0.988168 
vt 0.008641 0.988168 
vt 0.008641 0.988168 
vt 0.008194 0.988168 
vt 0.007929 0.988168 
vt 0.007746 0.988168 
vt 0.007034 0.988168 
vt 0.007298 0.988168 
vt 0.00685 0.988168 
vt 0.030815 0.969595 
vt 0.030768 0.969491 
vt 0.030965 0.969354 
vt 0.030768 0.969491 
vt 0.030815 0.969595 
vt 0.030965 0.969354 
vt 0.101803 0.966916 
vt 0.104359 0.966799 
vt 0.10384 0.964526 
vt 0.101762 0.971754 
vt 0.103135 0.969937 
vt 0.101332 0.969642 
vt 0.101332 0.969642 
vt 0.103789 0.969274 
vt 0.106576 0.968564 
vt 0.104476 0.967282 
vt 0.105776 0.965589 
vt 0.108362 0.966965 
vt 0.108314 0.971387 
vt 0.106059 0.970089 
vt 0.108739 0.969609 
vt 0.104166 0.969194 
vt 0.106576 0.968564 
vt 0.108739 0.969609 
vt 0.108362 0.966965 
vt 0.104166 0.969194 
vt 0.104476 0.967282 
vt 0.105628 0.972182 
vt 0.104342 0.970445 
vt 0.106059 0.970089 
vt 0.178016 0.967544 
vt 0.17718 0.968305 
vt 0.17952 0.970192 
vt 0.178016 0.967544 
vt 0.179521 0.970192 
vt 0.17718 0.968306 
vt 0.026565 0.977938 
vt 0.025229 0.976853 
vt 0.026419 0.975117 
vt 0.104476 0.967282 
vt 0.10259 0.964826 
vt 0.105776 0.965589 
vt 0.0308 0.969157 
vt 0.030606 0.969249 
vt 0.027702 0.959222 
vt 0.284723 0.977176 
vt 0.284036 0.975607 
vt 0.28557 0.976812 
vt 0.28617 0.975893 
vt 0.28739 0.978639 
vt 0.027702 0.959222 
vt 0.030606 0.969249 
vt 0.0308 0.969157 
vt 0.10584 0.96464 
vt 0.104359 0.966799 
vt 0.107132 0.966355 
vt 0.031336 0.969663 
vt 0.03119 0.969449 
vt 0.043324 0.967519 
vt 0.043324 0.967519 
vt 0.03119 0.969449 
vt 0.031336 0.969663 
vt 0.010549 0.033688 
vt 0.011859 0.033867 
vt 0.011633 0.033413 
vt 0.030768 0.969491 
vt 0.030606 0.969249 
vt 0.0308 0.969157 
vt 0.030606 0.969249 
vt 0.030768 0.969491 
vt 0.0308 0.969157 
vt 0.101803 0.966916 
vt 0.102562 0.968899 
vt 0.09937 0.967731 
vt 0.030945 0.969652 
vt 0.030965 0.969354 
vt 0.03119 0.969449 
vt 0.030815 0.969595 
vt 0.015766 0.974889 
vt 0.016942 0.977463 
vt 0.015595 0.979 
vt 0.016761 0.975598 
vt 0.030815 0.969595 
vt 0.030945 0.969652 
vt 0.030965 0.969354 
vt 0.03119 0.969449 
vt 0.101762 0.971754 
vt 0.103799 0.972602 
vt 0.104311 0.970507 
vt 0.103135 0.969937 
vt 0.021785 0.980918 
vt 0.021426 0.97917 
vt 0.020891 0.981418 
vt 0.020891 0.981418 
vt 0.021426 0.97917 
vt 0.021785 0.980918 
vt 0.102562 0.968899 
vt 0.103204 0.970298 
vt 0.100735 0.971703 
vt 0.16881 0.958526 
vt 0.16938 0.954983 
vt 0.171662 0.960086 
vt 0.171662 0.960086 
vt 0.16938 0.954983 
vt 0.16881 0.958526 
vt 0.108739 0.969609 
vt 0.106059 0.970089 
vt 0.106576 0.968564 
vt 0.022353 0.982659 
vt 0.020891 0.981418 
vt 0.022292 0.983595 
vt 0.021785 0.980918 
vt 0.10384 0.964526 
vt 0.104359 0.966799 
vt 0.10584 0.96464 
vt 0.107132 0.966355 
vt 0.104652 0.968857 
vt 0.10624 0.962382 
vt 0.10384 0.964526 
vt 0.022292 0.983595 
vt 0.020891 0.981418 
vt 0.022353 0.982659 
vt 0.021785 0.980918 
vt 0.102562 0.968899 
vt 0.100735 0.971703 
vt 0.099275 0.969913 
vt 0.103799 0.972602 
vt 0.106139 0.971808 
vt 0.104311 0.970507 
vt 0.284432 0.969226 
vt 0.283908 0.968588 
vt 0.284919 0.968853 
vt 0.284355 0.968178 
vt 0.284868 0.967734 
vt 0.285455 0.968441 
vt 0.284355 0.968178 
vt 0.102562 0.968899 
vt 0.099275 0.969913 
vt 0.09937 0.967731 
vt 0.025133 0.979666 
vt 0.026423 0.980655 
vt 0.025221 0.98138 
vt 0.026565 0.977938 
vt 0.023575 0.983575 
vt 0.022292 0.983595 
vt 0.025022 0.984211 
vt 0.022386 0.979279 
vt 0.021426 0.97917 
vt 0.021785 0.980918 
vt 0.022944 0.977811 
vt 0.023575 0.983575 
vt 0.025022 0.984211 
vt 0.022292 0.983595 
vt 0.021426 0.97917 
vt 0.022386 0.979279 
vt 0.021785 0.980918 
vt 0.022944 0.977811 
vt 0.163731 0.950857 
vt 0.16938 0.954983 
vt 0.16881 0.958526 
vt 0.16938 0.954983 
vt 0.163731 0.950857 
vt 0.16881 0.958526 
vt 0.277551 0.966281 
vt 0.277226 0.967252 
vt 0.275761 0.965752 
vt 0.105628 0.972182 
vt 0.106059 0.970089 
vt 0.108314 0.971387 
vt 0.030606 0.969249 
vt 0.024953 0.96153 
vt 0.027702 0.959222 
vt 0.102844 0.973811 
vt 0.103204 0.970298 
vt 0.105628 0.972182 
vt 0.024953 0.96153 
vt 0.030606 0.969249 
vt 0.027702 0.959222 
vt 0.038056 0.983189 
vt 0.037055 0.98008 
vt 0.038229 0.977929 
vt 0.17288 0.959677 
vt 0.17594 0.964039 
vt 0.174243 0.963594 
vt 0.181701 0.971339 
vt 0.179672 0.971577 
vt 0.179521 0.970192 
vt 0.178016 0.967544 
vt 0.179732 0.96858 
vt 0.17594 0.964039 
vt 0.17288 0.959677 
vt 0.174243 0.963594 
vt 0.178016 0.967544 
vt 0.17952 0.970192 
vt 0.179732 0.96858 
vt 0.181701 0.971339 
vt 0.179671 0.971577 
vt 0.10804 0.972311 
vt 0.108046 0.969047 
vt 0.106139 0.971808 
vt 0.101803 0.966916 
vt 0.100392 0.965718 
vt 0.10259 0.964826 
vt 0.100392 0.965718 
vt 0.101803 0.966916 
vt 0.102021 0.964631 
vt 0.09937 0.967732 
vt 0.101803 0.966916 
vt 0.100392 0.965718 
vt 0.101803 0.966916 
vt 0.09937 0.967731 
vt 0.100392 0.965718 
vt 0.105776 0.965589 
vt 0.10259 0.964826 
vt 0.105432 0.964016 
vt 0.283375 0.96612 
vt 0.283271 0.967115 
vt 0.282182 0.966264 
vt 0.282756 0.965534 
vt 0.023288 0.958892 
vt 0.025252 0.961706 
vt 0.021367 0.959445 
vt 0.024868 0.959895 
vt 0.286171 0.970894 
vt 0.287158 0.971051 
vt 0.286711 0.972167 
vt 0.287565 0.971801 
vt 0.02403 0.978333 
vt 0.024682 0.977598 
vt 0.022944 0.977811 
vt 0.100735 0.971703 
vt 0.103204 0.970298 
vt 0.102844 0.973811 
vt 0.022944 0.977811 
vt 0.024682 0.977598 
vt 0.02403 0.978333 
vt 0.030945 0.969652 
vt 0.03119 0.969449 
vt 0.031336 0.969663 
vt 0.03119 0.969449 
vt 0.030945 0.969652 
vt 0.031336 0.969663 
vt 0.025133 0.979666 
vt 0.025229 0.976853 
vt 0.026565 0.977938 
vt 0.285756 0.970113 
vt 0.286748 0.970361 
vt 0.286171 0.970894 
vt 0.286359 0.969752 
vt 0.276522 0.96369 
vt 0.278442 0.965826 
vt 0.277551 0.966281 
vt 0.275039 0.964005 
vt 0.023575 0.983575 
vt 0.022292 0.983595 
vt 0.022353 0.982659 
vt 0.023575 0.983575 
vt 0.022353 0.982659 
vt 0.022292 0.983595 
vt 0.285424 0.969571 
vt 0.284919 0.968853 
vt 0.285986 0.969191 
vt 0.285455 0.968441 
vt 0.277226 0.967252 
vt 0.276302 0.967643 
vt 0.275761 0.965752 
vt 0.179671 0.971577 
vt 0.180936 0.974434 
vt 0.182855 0.97434 
vt 0.177423 0.973646 
vt 0.180936 0.974434 
vt 0.180936 0.974434 
vt 0.188217 0.978676 
vt 0.183973 0.980089 
vt 0.099907 0.972036 
vt 0.101762 0.971754 
vt 0.101332 0.969642 
vt 0.188218 0.978676 
vt 0.180938 0.974435 
vt 0.182856 0.974341 
vt 0.183976 0.980089 
vt 0.179672 0.971577 
vt 0.180938 0.974435 
vt 0.180938 0.974435 
vt 0.177424 0.973647 
vt 0.28065 0.965351 
vt 0.279614 0.964003 
vt 0.281382 0.964308 
vt 0.275761 0.965752 
vt 0.275039 0.964005 
vt 0.277551 0.966281 
vt 0.282756 0.965534 
vt 0.282182 0.966264 
vt 0.28065 0.965351 
vt 0.281382 0.964308 
vt 0.288226 0.975234 
vt 0.287198 0.973883 
vt 0.288395 0.973444 
vt 0.286711 0.972167 
vt 0.287565 0.971801 
vt 0.287198 0.973883 
vt 0.288395 0.973444 
vt 0.03807 0.974222 
vt 0.038229 0.977929 
vt 0.037043 0.976248 
vt 0.036873 0.973627 
vt 0.105006 0.974209 
vt 0.106139 0.971808 
vt 0.103799 0.972602 
vt 0.163731 0.950857 
vt 0.165811 0.947611 
vt 0.16938 0.954983 
vt 0.176593 0.96595 
vt 0.17594 0.964039 
vt 0.178703 0.966058 
vt 0.176593 0.96595 
vt 0.178016 0.967544 
vt 0.030768 0.969491 
vt 0.03071 0.969536 
vt 0.030606 0.969249 
vt 0.16938 0.954983 
vt 0.165811 0.947611 
vt 0.163731 0.950857 
vt 0.176593 0.96595 
vt 0.178703 0.966058 
vt 0.17594 0.964039 
vt 0.176593 0.96595 
vt 0.178016 0.967544 
vt 0.030606 0.969249 
vt 0.03071 0.969536 
vt 0.030768 0.969491 
vt 0.277302 0.96911 
vt 0.276083 0.968787 
vt 0.276302 0.967643 
vt 0.28557 0.976812 
vt 0.28739 0.978639 
vt 0.286655 0.979962 
vt 0.16938 0.954983 
vt 0.17288 0.959677 
vt 0.171662 0.960086 
vt 0.038056 0.983189 
vt 0.036757 0.985473 
vt 0.036858 0.98379 
vt 0.17288 0.959677 
vt 0.16938 0.954983 
vt 0.171662 0.960086 
vt 0.016942 0.977463 
vt 0.016762 0.979812 
vt 0.015595 0.979 
vt 0.283936 0.966695 
vt 0.283271 0.967115 
vt 0.283375 0.96612 
vt 0.010549 0.033688 
vt 0.011633 0.033413 
vt 0.011633 0.032959 
vt 0.099907 0.972036 
vt 0.101332 0.969642 
vt 0.098964 0.96994 
vt 0.09937 0.967732 
vt 0.286171 0.970894 
vt 0.286748 0.970361 
vt 0.287158 0.971051 
vt 0.107479 0.973094 
vt 0.105628 0.972182 
vt 0.108314 0.971387 
vt 0.282866 0.978124 
vt 0.282673 0.976161 
vt 0.283869 0.977704 
vt 0.019283 0.302875 
vt 0.016941 0.282417 
vt 0.023451 0.257284 
vt 0.283869 0.977704 
vt 0.284723 0.977176 
vt 0.285837 0.980543 
vt 0.284723 0.977176 
vt 0.28557 0.976812 
vt 0.285837 0.980543 
vt 0.285837 0.980543 
vt 0.286655 0.979962 
vt 0.283869 0.977704 
vt 0.285393 0.982486 
vt 0.02403 0.978333 
vt 0.022944 0.977811 
vt 0.022386 0.979279 
vt 0.022944 0.977811 
vt 0.02403 0.978333 
vt 0.022386 0.979279 
vt 0.17594 0.964039 
vt 0.17288 0.959677 
vt 0.174855 0.959851 
vt 0.17594 0.964039 
vt 0.174855 0.959851 
vt 0.17288 0.959677 
vt 0.102844 0.973811 
vt 0.105628 0.972182 
vt 0.105528 0.974326 
vt 0.179732 0.96858 
vt 0.17952 0.970192 
vt 0.181701 0.971339 
vt 0.178703 0.966058 
vt 0.179732 0.96858 
vt 0.178016 0.967544 
vt 0.179732 0.96858 
vt 0.181701 0.971339 
vt 0.179521 0.970192 
vt 0.178016 0.967544 
vt 0.179732 0.96858 
vt 0.178703 0.966058 
vt 0.031336 0.969663 
vt 0.043324 0.967519 
vt 0.042749 0.972882 
vt 0.043324 0.967519 
vt 0.031336 0.969663 
vt 0.042749 0.972882 
vt 0.030882 0.969657 
vt 0.030815 0.969595 
vt 0.030945 0.969652 
vt 0.030815 0.969595 
vt 0.030882 0.969657 
vt 0.030945 0.969652 
vt 0.101786 0.974064 
vt 0.103799 0.972602 
vt 0.101762 0.971754 
vt 0.030815 0.969595 
vt 0.03076 0.969612 
vt 0.03071 0.969536 
vt 0.030768 0.969491 
vt 0.03076 0.969612 
vt 0.030815 0.969595 
vt 0.03071 0.969536 
vt 0.030768 0.969491 
vt 0.027385 0.975432 
vt 0.028477 0.976455 
vt 0.027242 0.980296 
vt 0.024954 0.983651 
vt 0.025022 0.984211 
vt 0.023575 0.983575 
vt 0.024954 0.983651 
vt 0.023575 0.983575 
vt 0.025022 0.984211 
vt 0.285837 0.980543 
vt 0.286655 0.979962 
vt 0.286545 0.982448 
vt 0.281367 0.977611 
vt 0.282673 0.976161 
vt 0.282866 0.978124 
vt 0.280806 0.976034 
vt 0.01053 0.033853 
vt 0.010549 0.033688 
vt 0.010497 0.033485 
vt 0.01053 0.0342 
vt 0.01053 0.033853 
vt 0.010497 0.0342 
vt 0.010429 0.033106 
vt 0.010549 0.033688 
vt 0.01031 0.032904 
vt 0.01031 0.032904 
vt 0.010264 0.032733 
vt 0.006708 0.033688 
vt 0.006727 0.033853 
vt 0.006761 0.033485 
vt 0.006727 0.033853 
vt 0.006727 0.0342 
vt 0.006761 0.0342 
vt 0.006829 0.033106 
vt 0.006708 0.033688 
vt 0.006948 0.032904 
vt 0.006994 0.032733 
vt 0.006948 0.032904 
vt 0.286296 0.967796 
vt 0.285475 0.967205 
vt 0.285952 0.966232 
vt 0.284868 0.967734 
vt 0.285026 0.966658 
vt 0.284423 0.967229 
vt 0.283918 0.967717 
vt 0.283936 0.966695 
vt 0.283271 0.967115 
vt 0.284355 0.968178 
vt 0.284423 0.967229 
vt 0.284868 0.967734 
vt 0.283918 0.967717 
vt 0.28299 0.967746 
vt 0.283486 0.968157 
vt 0.09937 0.967732 
vt 0.101332 0.969642 
vt 0.101803 0.966916 
vt 0.096987 0.96688 
vt 0.098964 0.96994 
vt 0.277302 0.96911 
vt 0.275231 0.969998 
vt 0.276083 0.968787 
vt 0.276911 0.970934 
vt 0.039588 0.977044 
vt 0.041149 0.975798 
vt 0.037908 0.978317 
vt 0.026239 0.983039 
vt 0.024954 0.983651 
vt 0.025022 0.984211 
vt 0.027058 0.98278 
vt 0.017002 0.97374 
vt 0.016761 0.975598 
vt 0.015766 0.974889 
vt 0.041149 0.975798 
vt 0.039588 0.977044 
vt 0.037907 0.978317 
vt 0.026239 0.983039 
vt 0.025022 0.984211 
vt 0.024954 0.983651 
vt 0.027058 0.98278 
vt 0.285756 0.970113 
vt 0.285424 0.969571 
vt 0.286359 0.969752 
vt 0.285986 0.969191 
vt 0.287066 0.969316 
vt 0.286654 0.968741 
vt 0.286359 0.969752 
vt 0.030606 0.969249 
vt 0.030514 0.969351 
vt 0.024953 0.96153 
vt 0.024953 0.96153 
vt 0.030514 0.969351 
vt 0.030606 0.969249 
vt 0.027489 0.985017 
vt 0.027242 0.980296 
vt 0.028422 0.981045 
vt 0.028614 0.984723 
vt 0.03071 0.969536 
vt 0.030514 0.969351 
vt 0.030606 0.969249 
vt 0.280587 0.978738 
vt 0.280806 0.976034 
vt 0.281367 0.977611 
vt 0.283245 0.979773 
vt 0.282229 0.979475 
vt 0.282866 0.978124 
vt 0.281682 0.978761 
vt 0.097033 0.773956 
vt 0.09625 0.775138 
vt 0.095415 0.773956 
vt 0.094806 0.775136 
vt 0.089771 0.773956 
vt 0.084718 0.775136 
vt 0.084064 0.773956 
vt 0.089771 0.775138 
vt 0.084064 0.773956 
vt 0.083293 0.775138 
vt 0.082454 0.773956 
vt 0.084718 0.775136 
vt 0.089771 0.773956 
vt 0.095415 0.773956 
vt 0.094806 0.775136 
vt 0.089771 0.775138 
vt 0.275039 0.964005 
vt 0.274726 0.962927 
vt 0.276522 0.96369 
vt 0.030514 0.969351 
vt 0.03071 0.969536 
vt 0.030606 0.969249 
vt 0.17594 0.964039 
vt 0.178249 0.963269 
vt 0.178703 0.966058 
vt 0.282866 0.978124 
vt 0.283869 0.977704 
vt 0.283245 0.979773 
vt 0.17594 0.964039 
vt 0.178703 0.966058 
vt 0.178249 0.963269 
vt 0.281382 0.964308 
vt 0.281597 0.962049 
vt 0.282432 0.963362 
vt 0.279614 0.964003 
vt 0.480488 0.345839 
vt 0.477906 0.302875 
vt 0.49049 0.302875 
vt 0.473981 0.257284 
vt 0.486322 0.257284 
vt 0.468818 0.210279 
vt 0.453939 0.345839 
vt 0.480488 0.345839 
vt 0.457471 0.302876 
vt 0.414182 0.345839 
vt 0.453939 0.345839 
vt 0.428525 0.280925 
vt 0.473981 0.257284 
vt 0.457471 0.302876 
vt 0.448756 0.234006 
vt 0.448756 0.234006 
vt 0.28958 0.972675 
vt 0.290628 0.973826 
vt 0.288395 0.973444 
vt 0.288226 0.975234 
vt 0.179671 0.971577 
vt 0.182855 0.97434 
vt 0.181701 0.971339 
vt 0.184411 0.973847 
vt 0.179672 0.971577 
vt 0.181701 0.971339 
vt 0.182856 0.974341 
vt 0.184411 0.973847 
vt 0.037055 0.98008 
vt 0.037043 0.976248 
vt 0.038229 0.977929 
vt 0.283245 0.979773 
vt 0.285393 0.982486 
vt 0.284588 0.982831 
vt 0.283869 0.977704 
vt 0.286655 0.979962 
vt 0.28739 0.978639 
vt 0.287539 0.981662 
vt 0.280587 0.978738 
vt 0.278665 0.980259 
vt 0.279314 0.975336 
vt 0.011859 0.032506 
vt 0.010549 0.033688 
vt 0.011633 0.032959 
vt 0.038056 0.983189 
vt 0.036858 0.98379 
vt 0.037055 0.98008 
vt 0.286655 0.979962 
vt 0.287539 0.981662 
vt 0.286545 0.982448 
vt 0.042749 0.972882 
vt 0.031336 0.969663 
vt 0.031493 0.969964 
vt 0.042749 0.972882 
vt 0.031492 0.969964 
vt 0.031336 0.969663 
vt 0.284295 0.965746 
vt 0.283936 0.966695 
vt 0.283375 0.96612 
vt 0.287158 0.971051 
vt 0.286748 0.970361 
vt 0.287758 0.970259 
vt 0.027002 0.981787 
vt 0.027058 0.98278 
vt 0.027616 0.980742 
vt 0.027002 0.981787 
vt 0.027616 0.980742 
vt 0.027058 0.98278 
vt 0.099907 0.972036 
vt 0.101786 0.974064 
vt 0.101762 0.971754 
vt 0.282866 0.978124 
vt 0.281682 0.978761 
vt 0.281367 0.977611 
vt 0.105006 0.974209 
vt 0.10804 0.972311 
vt 0.106139 0.971808 
vt 0.031867 0.302875 
vt 0.029286 0.345839 
vt 0.019283 0.302875 
vt 0.035792 0.257284 
vt 0.023451 0.257284 
vt 0.040955 0.210279 
vt 0.019283 0.345839 
vt 0.029286 0.345839 
vt 0.016941 0.282417 
vt 0.031867 0.210274 
vt 0.023451 0.257284 
vt 0.040955 0.210279 
vt 0.031867 0.210274 
vt 0.060559 0.16422 
vt 0.052302 0.164126 
vt 0.081378 0.122006 
vt 0.17594 0.964039 
vt 0.174855 0.959851 
vt 0.178249 0.963269 
vt 0.02403 0.978333 
vt 0.026098 0.978887 
vt 0.024682 0.977598 
vt 0.02677 0.978752 
vt 0.283492 0.964744 
vt 0.282756 0.965534 
vt 0.281382 0.964308 
vt 0.282432 0.963362 
vt 0.17594 0.964039 
vt 0.178249 0.963269 
vt 0.174855 0.959851 
vt 0.030945 0.969652 
vt 0.030932 0.969734 
vt 0.030989 0.969745 
vt 0.031149 0.969772 
vt 0.030989 0.969745 
vt 0.031336 0.969663 
vt 0.16938 0.954983 
vt 0.171613 0.953929 
vt 0.17288 0.959677 
vt 0.026098 0.978887 
vt 0.02403 0.978333 
vt 0.024682 0.977598 
vt 0.02677 0.978752 
vt 0.287565 0.971801 
vt 0.288519 0.971294 
vt 0.288395 0.973444 
vt 0.28958 0.972675 
vt 0.030932 0.969734 
vt 0.030945 0.969652 
vt 0.030989 0.969745 
vt 0.031149 0.969772 
vt 0.031336 0.969663 
vt 0.030989 0.969745 
vt 0.17288 0.959677 
vt 0.171613 0.953929 
vt 0.16938 0.954983 
vt 0.028614 0.984723 
vt 0.028822 0.986406 
vt 0.027489 0.985017 
vt 0.284295 0.965746 
vt 0.283375 0.96612 
vt 0.282756 0.965534 
vt 0.283492 0.964744 
vt 0.101786 0.974064 
vt 0.105006 0.974209 
vt 0.103799 0.972602 
vt 0.287158 0.971051 
vt 0.287758 0.970259 
vt 0.287565 0.971801 
vt 0.288519 0.971294 
vt 0.275558 0.971401 
vt 0.276911 0.970934 
vt 0.275704 0.972958 
vt 0.277599 0.973365 
vt 0.27372 0.964073 
vt 0.269314 0.96076 
vt 0.275039 0.964005 
vt 0.275761 0.965752 
vt 0.276302 0.967643 
vt 0.273955 0.965534 
vt 0.276083 0.968787 
vt 0.273909 0.967754 
vt 0.099896 0.973021 
vt 0.100735 0.971703 
vt 0.102844 0.973811 
vt 0.276911 0.970934 
vt 0.275558 0.971401 
vt 0.275231 0.969998 
vt 0.277717 0.975914 
vt 0.275463 0.978858 
vt 0.275768 0.977445 
vt 0.285884 0.984315 
vt 0.286669 0.984243 
vt 0.286821 0.987163 
vt 0.285884 0.984315 
vt 0.286545 0.982448 
vt 0.285393 0.982486 
vt 0.285837 0.980543 
vt 0.025907 0.952667 
vt 0.028652 0.958835 
vt 0.026298 0.952667 
vt 0.029054 0.952667 
vt 0.029447 0.952667 
vt 0.02519 0.958835 
vt 0.032114 0.958835 
vt 0.024137 0.952667 
vt 0.031217 0.952667 
vt 0.021845 0.958835 
vt 0.035443 0.958835 
vt 0.020733 0.952667 
vt 0.034621 0.952667 
vt 0.018658 0.958835 
vt 0.038553 0.958835 
vt 0.017596 0.952667 
vt 0.037758 0.952667 
vt 0.014847 0.952667 
vt 0.041386 0.958835 
vt 0.015843 0.958835 
vt 0.040507 0.952667 
vt 0.012591 0.952667 
vt 0.042763 0.952667 
vt 0.01355 0.958835 
vt 0.043722 0.958835 
vt 0.011872 0.958835 
vt 0.044439 0.952667 
vt 0.010914 0.952667 
vt 0.045436 0.958835 
vt 0.010839 0.958835 
vt 0.009882 0.952667 
vt 0.009534 0.952667 
vt 0.045471 0.952667 
vt 0.046469 0.958835 
vt 0.046818 0.958835 
vt 0.026298 0.952667 
vt 0.029054 0.952667 
vt 0.027684 0.952667 
vt 0.18263 0.96942 
vt 0.181701 0.971339 
vt 0.179732 0.96858 
vt 0.179732 0.96858 
vt 0.181701 0.971339 
vt 0.18263 0.969419 
vt 0.276302 0.967643 
vt 0.273536 0.966806 
vt 0.273955 0.965534 
vt 0.273909 0.967754 
vt 0.031149 0.969772 
vt 0.031336 0.969663 
vt 0.031492 0.969964 
vt 0.031336 0.969663 
vt 0.031149 0.969772 
vt 0.031493 0.969964 
vt 0.286748 0.970361 
vt 0.286359 0.969752 
vt 0.287066 0.969316 
vt 0.287758 0.970259 
vt 0.284423 0.967229 
vt 0.283936 0.966695 
vt 0.285026 0.966658 
vt 0.284295 0.965746 
vt 0.285455 0.968441 
vt 0.284868 0.967734 
vt 0.285475 0.967205 
vt 0.286296 0.967796 
vt 0.030514 0.969351 
vt 0.023938 0.963373 
vt 0.024953 0.96153 
vt 0.279314 0.975336 
vt 0.280806 0.976034 
vt 0.280587 0.978738 
vt 0.277717 0.975914 
vt 0.275768 0.977445 
vt 0.276827 0.975038 
vt 0.277599 0.973365 
vt 0.279314 0.975336 
vt 0.023938 0.963373 
vt 0.030514 0.969351 
vt 0.024953 0.96153 
vt 0.276827 0.975038 
vt 0.277599 0.973365 
vt 0.277717 0.975914 
vt 0.273909 0.967754 
vt 0.276083 0.968787 
vt 0.274305 0.968789 
vt 0.275231 0.969998 
vt 0.275039 0.964005 
vt 0.269314 0.96076 
vt 0.271197 0.961406 
vt 0.274726 0.962927 
vt 0.279314 0.975336 
vt 0.278665 0.980259 
vt 0.277717 0.975914 
vt 0.285646 0.985167 
vt 0.284588 0.982831 
vt 0.285884 0.984315 
vt 0.285393 0.982486 
vt 0.110234 0.965653 
vt 0.107132 0.966355 
vt 0.109442 0.96857 
vt 0.030815 0.969595 
vt 0.030804 0.969633 
vt 0.03076 0.969612 
vt 0.030815 0.969595 
vt 0.03076 0.969612 
vt 0.030804 0.969633 
vt 0.269312 0.961395 
vt 0.269314 0.96076 
vt 0.27372 0.964073 
vt 0.284192 0.963516 
vt 0.283492 0.964744 
vt 0.282432 0.963362 
vt 0.282432 0.963362 
vt 0.281597 0.962049 
vt 0.284531 0.961396 
vt 0.269312 0.961395 
vt 0.268513 0.960541 
vt 0.269314 0.96076 
vt 0.28958 0.972675 
vt 0.288519 0.971294 
vt 0.289886 0.970935 
vt 0.290628 0.973826 
vt 0.28958 0.972675 
vt 0.292049 0.971137 
vt 0.105776 0.965589 
vt 0.105432 0.964016 
vt 0.108362 0.966965 
vt 0.027385 0.975432 
vt 0.02876 0.973428 
vt 0.028477 0.976455 
vt 0.027242 0.980296 
vt 0.028422 0.981045 
vt 0.277599 0.973365 
vt 0.276827 0.975038 
vt 0.275704 0.972958 
vt 0.102021 0.964631 
vt 0.10384 0.964526 
vt 0.100769 0.962664 
vt 0.10624 0.962382 
vt 0.101803 0.966916 
vt 0.10384 0.964526 
vt 0.030815 0.969595 
vt 0.030804 0.969633 
vt 0.030882 0.969657 
vt 0.030815 0.969595 
vt 0.030882 0.969657 
vt 0.030804 0.969633 
vt 0.111209 0.97075 
vt 0.109442 0.96857 
vt 0.10804 0.972311 
vt 0.10804 0.972311 
vt 0.109442 0.96857 
vt 0.108046 0.969047 
vt 0.099275 0.969913 
vt 0.100735 0.971703 
vt 0.099896 0.973021 
vt 0.17288 0.959677 
vt 0.171613 0.953929 
vt 0.174855 0.959851 
vt 0.165811 0.947611 
vt 0.168913 0.945854 
vt 0.171613 0.953929 
vt 0.16938 0.954983 
vt 0.17288 0.959677 
vt 0.174855 0.959851 
vt 0.171613 0.953929 
vt 0.18263 0.96942 
vt 0.179732 0.96858 
vt 0.178703 0.966058 
vt 0.179732 0.96858 
vt 0.18263 0.969419 
vt 0.178703 0.966058 
vt 0.168915 0.945853 
vt 0.165811 0.947611 
vt 0.171613 0.953929 
vt 0.16938 0.954983 
vt 0.286821 0.987163 
vt 0.286669 0.984243 
vt 0.287207 0.987881 
vt 0.03071 0.969536 
vt 0.030688 0.969574 
vt 0.030514 0.969351 
vt 0.275231 0.969998 
vt 0.275558 0.971401 
vt 0.272163 0.970759 
vt 0.030514 0.969351 
vt 0.030688 0.969574 
vt 0.03071 0.969536 
vt 0.026098 0.978887 
vt 0.027073 0.980327 
vt 0.02677 0.978752 
vt 0.027616 0.980742 
vt 0.273955 0.965534 
vt 0.27372 0.964073 
vt 0.275761 0.965752 
vt 0.273955 0.965534 
vt 0.269312 0.961395 
vt 0.273536 0.966806 
vt 0.272475 0.965207 
vt 0.270183 0.962741 
vt 0.272475 0.965207 
vt 0.269312 0.961395 
vt 0.285646 0.985167 
vt 0.285884 0.984315 
vt 0.286821 0.987163 
vt 0.027073 0.980327 
vt 0.026098 0.978887 
vt 0.02677 0.978752 
vt 0.027616 0.980742 
vt 0.286669 0.984243 
vt 0.286545 0.982448 
vt 0.287361 0.983805 
vt 0.287539 0.981662 
vt 0.287361 0.983805 
vt 0.287207 0.987881 
vt 0.011859 0.032506 
vt 0.011633 0.032959 
vt 0.011633 0.032506 
vt 0.011633 0.032052 
vt 0.011859 0.032052 
vt 0.01174 0.031598 
vt 0.100769 0.962664 
vt 0.100392 0.965718 
vt 0.102021 0.964631 
vt 0.289886 0.970935 
vt 0.288519 0.971294 
vt 0.288678 0.969722 
vt 0.287758 0.970259 
vt 0.284192 0.963516 
vt 0.282432 0.963362 
vt 0.284531 0.961396 
vt 0.28958 0.972675 
vt 0.289886 0.970935 
vt 0.292049 0.971137 
vt 0.28739 0.978639 
vt 0.28617 0.975893 
vt 0.286733 0.97675 
vt 0.041149 0.975798 
vt 0.042749 0.972882 
vt 0.031493 0.969964 
vt 0.108362 0.966965 
vt 0.105432 0.964016 
vt 0.10624 0.962382 
vt 0.110234 0.965653 
vt 0.041149 0.975798 
vt 0.031492 0.969964 
vt 0.042749 0.972882 
vt 0.275704 0.972958 
vt 0.276827 0.975038 
vt 0.272931 0.97504 
vt 0.287066 0.969316 
vt 0.286654 0.968741 
vt 0.287718 0.968533 
vt 0.285952 0.966232 
vt 0.285475 0.967205 
vt 0.285026 0.966658 
vt 0.184411 0.973847 
vt 0.182855 0.97434 
vt 0.188217 0.978676 
vt 0.184411 0.973847 
vt 0.188218 0.978676 
vt 0.182856 0.974341 
vt 0.111209 0.97075 
vt 0.108314 0.971387 
vt 0.108739 0.969609 
vt 0.275558 0.971401 
vt 0.275704 0.972958 
vt 0.272163 0.970759 
vt 0.100769 0.962664 
vt 0.10624 0.962382 
vt 0.105432 0.964016 
vt 0.10259 0.964826 
vt 0.10259 0.964826 
vt 0.100392 0.965718 
vt 0.287066 0.969316 
vt 0.288678 0.969722 
vt 0.287758 0.970259 
vt 0.287718 0.968533 
vt 0.272163 0.970759 
vt 0.275704 0.972958 
vt 0.273153 0.971698 
vt 0.448756 0.234006 
vt 0.428525 0.280925 
vt 0.418069 0.210301 
vt 0.081248 0.280925 
vt 0.061017 0.234006 
vt 0.091704 0.210301 
vt 0.03076 0.969612 
vt 0.030746 0.969629 
vt 0.030688 0.969574 
vt 0.03071 0.969536 
vt 0.107631 0.975693 
vt 0.10804 0.972311 
vt 0.105006 0.974209 
vt 0.030746 0.969629 
vt 0.03076 0.969612 
vt 0.030688 0.969574 
vt 0.03071 0.969536 
vt 0.16302 0.773956 
vt 0.15874 0.778455 
vt 0.15877 0.773956 
vt 0.162969 0.778455 
vt 0.164455 0.773956 
vt 0.164397 0.778455 
vt 0.107132 0.966355 
vt 0.10624 0.962382 
vt 0.10584 0.96464 
vt 0.110234 0.965653 
vt 0.468818 0.210279 
vt 0.426485 0.164305 
vt 0.449214 0.16422 
vt 0.448756 0.234006 
vt 0.411463 0.122416 
vt 0.426485 0.164305 
vt 0.468818 0.210279 
vt 0.473981 0.257284 
vt 0.083288 0.164305 
vt 0.060559 0.16422 
vt 0.09831 0.122416 
vt 0.083288 0.164305 
vt 0.040955 0.210279 
vt 0.061017 0.234006 
vt 0.035792 0.257284 
vt 0.040955 0.210279 
vt 0.030514 0.969351 
vt 0.030482 0.969417 
vt 0.023938 0.963373 
vt 0.023938 0.963373 
vt 0.030482 0.969417 
vt 0.030514 0.969351 
vt 0.285986 0.969191 
vt 0.285455 0.968441 
vt 0.286654 0.968741 
vt 0.286296 0.967796 
vt 0.287718 0.968533 
vt 0.287726 0.966698 
vt 0.288603 0.967869 
vt 0.284192 0.963516 
vt 0.285108 0.961784 
vt 0.285422 0.962878 
vt 0.284531 0.961396 
vt 0.030882 0.969657 
vt 0.030879 0.9697 
vt 0.030932 0.969734 
vt 0.291796 0.970498 
vt 0.289886 0.970935 
vt 0.29082 0.969912 
vt 0.292049 0.971137 
vt 0.030879 0.9697 
vt 0.030882 0.969657 
vt 0.030932 0.969734 
vt 0.286116 0.964488 
vt 0.285952 0.966232 
vt 0.285052 0.964997 
vt 0.286822 0.965548 
vt 0.284295 0.965746 
vt 0.283492 0.964744 
vt 0.284192 0.963516 
vt 0.040082 0.613429 
vt 0.033263 0.618326 
vt 0.040741 0.618326 
vt 0.032568 0.613429 
vt 0.032568 0.613429 
vt 0.028658 0.618326 
vt 0.033263 0.618326 
vt 0.027941 0.613429 
vt 0.030688 0.969574 
vt 0.030482 0.969417 
vt 0.030514 0.969351 
vt 0.174855 0.959851 
vt 0.171613 0.953929 
vt 0.175076 0.954128 
vt 0.040741 0.618326 
vt 0.050955 0.618326 
vt 0.050347 0.613429 
vt 0.040082 0.613429 
vt 0.030482 0.969417 
vt 0.030688 0.969574 
vt 0.030514 0.969351 
vt 0.174855 0.959851 
vt 0.175078 0.954129 
vt 0.171613 0.953929 
vt 0.031493 0.969964 
vt 0.031149 0.969772 
vt 0.031114 0.969868 
vt 0.010018 0.032392 
vt 0.010264 0.032733 
vt 0.01174 0.031598 
vt 0.01031 0.032904 
vt 0.031492 0.969964 
vt 0.031114 0.969868 
vt 0.031149 0.969772 
vt 0.050955 0.618326 
vt 0.063503 0.618326 
vt 0.062955 0.613429 
vt 0.050347 0.613429 
vt 0.030945 0.969652 
vt 0.030882 0.969657 
vt 0.030932 0.969734 
vt 0.030932 0.969734 
vt 0.030882 0.969657 
vt 0.030945 0.969652 
vt 0.027941 0.613429 
vt 0.027104 0.618326 
vt 0.028658 0.618326 
vt 0.026379 0.613429 
vt 0.109442 0.96857 
vt 0.107132 0.966355 
vt 0.108046 0.969047 
vt 0.111209 0.97075 
vt 0.110234 0.965653 
vt 0.285052 0.964997 
vt 0.285026 0.966658 
vt 0.284295 0.965746 
vt 0.285952 0.966232 
vt 0.286116 0.964488 
vt 0.284192 0.963516 
vt 0.285422 0.962878 
vt 0.286654 0.968741 
vt 0.286296 0.967796 
vt 0.287718 0.968533 
vt 0.174855 0.959851 
vt 0.178695 0.957913 
vt 0.178249 0.963269 
vt 0.174855 0.959851 
vt 0.178249 0.963269 
vt 0.178695 0.957916 
vt 0.285108 0.961784 
vt 0.286708 0.961088 
vt 0.286698 0.96199 
vt 0.284531 0.961396 
vt 0.030882 0.969657 
vt 0.030842 0.969667 
vt 0.030804 0.969633 
vt 0.030804 0.969633 
vt 0.030804 0.96966 
vt 0.030836 0.969691 
vt 0.030804 0.96966 
vt 0.030804 0.969633 
vt 0.030804 0.96966 
vt 0.030842 0.969667 
vt 0.030804 0.96966 
vt 0.030836 0.969691 
vt 0.030882 0.969657 
vt 0.030804 0.969633 
vt 0.288678 0.969722 
vt 0.289445 0.968826 
vt 0.289886 0.970935 
vt 0.29082 0.969912 
vt 0.023965 0.986869 
vt 0.020032 0.985092 
vt 0.022292 0.983595 
vt 0.022292 0.983595 
vt 0.020032 0.985092 
vt 0.023965 0.986869 
vt 0.15877 0.773956 
vt 0.151871 0.778455 
vt 0.151868 0.773956 
vt 0.15874 0.778455 
vt 0.110234 0.965653 
vt 0.111209 0.97075 
vt 0.108362 0.966965 
vt 0.108739 0.969609 
vt 0.015032 0.773956 
vt 0.017126 0.778455 
vt 0.015698 0.778455 
vt 0.016467 0.773956 
vt 0.00724 0.032392 
vt 0.006994 0.032733 
vt 0.006948 0.032904 
vt 0.007216 0.032392 
vt 0.007505 0.03211 
vt 0.00724 0.032392 
vt 0.287718 0.968533 
vt 0.289445 0.968826 
vt 0.288678 0.969722 
vt 0.288603 0.967869 
vt 0.105528 0.974326 
vt 0.105628 0.972182 
vt 0.107479 0.973094 
vt 0.108314 0.971387 
vt 0.108878 0.975044 
vt 0.111209 0.97075 
vt 0.030989 0.969745 
vt 0.030974 0.969803 
vt 0.031149 0.969772 
vt 0.031114 0.969868 
vt 0.281367 0.977611 
vt 0.281145 0.977894 
vt 0.280587 0.978738 
vt 0.030974 0.969803 
vt 0.030989 0.969745 
vt 0.031149 0.969772 
vt 0.031114 0.969868 
vt 0.018354 0.980679 
vt 0.020873 0.976309 
vt 0.021426 0.97917 
vt 0.021426 0.97917 
vt 0.020874 0.976309 
vt 0.018354 0.980679 
vt 0.187487 0.613429 
vt 0.188986 0.618326 
vt 0.189049 0.613429 
vt 0.187432 0.618326 
vt 0.18286 0.613429 
vt 0.182827 0.618326 
vt 0.175187 0.613429 
vt 0.175191 0.618326 
vt 0.164782 0.618326 
vt 0.164727 0.613429 
vt 0.152158 0.618326 
vt 0.152041 0.613429 
vt 0.138297 0.618326 
vt 0.138113 0.613429 
vt 0.123463 0.618326 
vt 0.123207 0.613429 
vt 0.108036 0.618326 
vt 0.107705 0.613429 
vt 0.092609 0.618326 
vt 0.092203 0.613429 
vt 0.077703 0.618326 
vt 0.077225 0.613429 
vt 0.063503 0.618326 
vt 0.062955 0.613429 
vt 0.09937 0.967731 
vt 0.097443 0.965534 
vt 0.100392 0.965718 
vt 0.100769 0.962664 
vt 0.185917 0.972082 
vt 0.181701 0.971339 
vt 0.184411 0.973847 
vt 0.18263 0.969419 
vt 0.272 0.976138 
vt 0.270662 0.966883 
vt 0.271549 0.966956 
vt 0.272766 0.976331 
vt 0.268862 0.95159 
vt 0.267972 0.951553 
vt 0.270662 0.966883 
vt 0.272 0.976138 
vt 0.271549 0.966956 
vt 0.272766 0.976331 
vt 0.268862 0.95159 
vt 0.267972 0.951553 
vt 0.414182 0.345839 
vt 0.382453 0.302878 
vt 0.333048 0.345839 
vt 0.390579 0.233618 
vt 0.354185 0.23368 
vt 0.354185 0.23368 
vt 0.395741 0.164314 
vt 0.325817 0.164435 
vt 0.428525 0.280925 
vt 0.390579 0.233618 
vt 0.418069 0.210301 
vt 0.333048 0.345839 
vt 0.315762 0.302879 
vt 0.354185 0.23368 
vt 0.313996 0.238338 
vt 0.333048 0.345839 
vt 0.254887 0.345839 
vt 0.254887 0.281778 
vt 0.313996 0.238338 
vt 0.194011 0.302879 
vt 0.176725 0.345839 
vt 0.196016 0.23376 
vt 0.254889 0.180728 
vt 0.313996 0.238338 
vt 0.196016 0.23376 
vt 0.021373 0.9779 
vt 0.025229 0.976853 
vt 0.025133 0.979666 
vt 0.181701 0.971339 
vt 0.185917 0.972082 
vt 0.184411 0.973847 
vt 0.18263 0.96942 
vt 0.020789 0.978447 
vt 0.016762 0.979812 
vt 0.016942 0.977463 
vt 0.016467 0.773956 
vt 0.021355 0.778455 
vt 0.017126 0.778455 
vt 0.020717 0.773956 
vt 0.023939 0.981597 
vt 0.023742 0.981435 
vt 0.024038 0.981317 
vt 0.286296 0.967796 
vt 0.285952 0.966232 
vt 0.287726 0.966698 
vt 0.286822 0.965548 
vt 0.119194 0.233618 
vt 0.091704 0.210301 
vt 0.114032 0.164314 
vt 0.395741 0.164314 
vt 0.418069 0.210301 
vt 0.390579 0.233618 
vt 0.025022 0.984211 
vt 0.023965 0.986869 
vt 0.027848 0.985431 
vt 0.025022 0.984211 
vt 0.027848 0.985431 
vt 0.023965 0.986869 
vt 0.285422 0.962878 
vt 0.285108 0.961784 
vt 0.286698 0.96199 
vt 0.151868 0.773956 
vt 0.142626 0.778455 
vt 0.142578 0.773956 
vt 0.151871 0.778455 
vt 0.030882 0.969657 
vt 0.030842 0.969667 
vt 0.030879 0.9697 
vt 0.292008 0.96891 
vt 0.291796 0.970498 
vt 0.29082 0.969912 
vt 0.030879 0.9697 
vt 0.030842 0.969667 
vt 0.030882 0.969657 
vt 0.097091 0.972381 
vt 0.099907 0.972036 
vt 0.098964 0.96994 
vt 0.037055 0.98008 
vt 0.033029 0.978564 
vt 0.037043 0.976248 
vt 0.174855 0.959851 
vt 0.175076 0.954128 
vt 0.178695 0.957913 
vt 0.174855 0.959851 
vt 0.178695 0.957916 
vt 0.175078 0.954129 
vt 0.104171 0.976773 
vt 0.102844 0.973811 
vt 0.105528 0.974326 
vt 0.024179 0.981665 
vt 0.023939 0.981597 
vt 0.024153 0.98139 
vt 0.032868 0.982787 
vt 0.037055 0.98008 
vt 0.036858 0.98379 
vt 0.09937 0.967731 
vt 0.099275 0.969913 
vt 0.09658 0.969862 
vt 0.099896 0.973021 
vt 0.09658 0.969862 
vt 0.037043 0.976248 
vt 0.03287 0.974588 
vt 0.036873 0.973627 
vt 0.426967 0.122145 
vt 0.449214 0.16422 
vt 0.411463 0.122416 
vt 0.39068 0.087621 
vt 0.426967 0.122145 
vt 0.027616 0.980742 
vt 0.027002 0.981787 
vt 0.027073 0.980327 
vt 0.027002 0.981787 
vt 0.027616 0.980742 
vt 0.027073 0.980327 
vt 0.030804 0.969633 
vt 0.030804 0.96966 
vt 0.03077 0.969646 
vt 0.03076 0.969612 
vt 0.03077 0.969646 
vt 0.03076 0.969612 
vt 0.03077 0.969646 
vt 0.030804 0.969633 
vt 0.03077 0.969646 
vt 0.030804 0.96966 
vt 0.060559 0.16422 
vt 0.081378 0.122006 
vt 0.09831 0.122416 
vt 0.09831 0.122416 
vt 0.119093 0.087621 
vt 0.021139 0.974443 
vt 0.025112 0.973741 
vt 0.025229 0.976853 
vt 0.017002 0.97374 
vt 0.020991 0.974463 
vt 0.016761 0.975598 
vt 0.023621 0.981203 
vt 0.023922 0.981071 
vt 0.023956 0.981205 
vt 0.023742 0.981435 
vt 0.023621 0.981203 
vt 0.041149 0.975798 
vt 0.031493 0.969964 
vt 0.031385 0.970107 
vt 0.020717 0.773956 
vt 0.028224 0.778455 
vt 0.021355 0.778455 
vt 0.027619 0.773956 
vt 0.041149 0.975798 
vt 0.031385 0.970106 
vt 0.031492 0.969964 
vt 0.027002 0.981787 
vt 0.027058 0.98278 
vt 0.026239 0.983039 
vt 0.027002 0.981787 
vt 0.026239 0.983039 
vt 0.027058 0.98278 
vt 0.023621 0.981203 
vt 0.023601 0.980936 
vt 0.023922 0.981071 
vt 0.016761 0.975598 
vt 0.020789 0.978447 
vt 0.016942 0.977463 
vt 0.023939 0.981597 
vt 0.024038 0.981317 
vt 0.024153 0.98139 
vt 0.395741 0.164314 
vt 0.426485 0.164305 
vt 0.418069 0.210301 
vt 0.448756 0.234006 
vt 0.411463 0.122416 
vt 0.426485 0.164305 
vt 0.370454 0.122645 
vt 0.358268 0.088016 
vt 0.108878 0.975044 
vt 0.105528 0.974326 
vt 0.107479 0.973094 
vt 0.114032 0.164314 
vt 0.091704 0.210301 
vt 0.083288 0.164305 
vt 0.061017 0.234006 
vt 0.09831 0.122416 
vt 0.083288 0.164305 
vt 0.139319 0.122645 
vt 0.151505 0.088016 
vt 0.024086 0.981267 
vt 0.023782 0.981408 
vt 0.023968 0.981552 
vt 0.142578 0.773956 
vt 0.13136 0.778455 
vt 0.131257 0.773956 
vt 0.142626 0.778455 
vt 0.09937 0.967732 
vt 0.100392 0.965718 
vt 0.096987 0.96688 
vt 0.100769 0.962664 
vt 0.196016 0.23376 
vt 0.183956 0.164435 
vt 0.254889 0.180728 
vt 0.183956 0.164435 
vt 0.254887 0.122772 
vt 0.190827 0.12268 
vt 0.205232 0.088162 
vt 0.254887 0.122772 
vt 0.291731 0.088178 
vt 0.205232 0.088162 
vt 0.212151 0.06297 
vt 0.155588 0.23368 
vt 0.183956 0.164435 
vt 0.12732 0.302878 
vt 0.176725 0.345839 
vt 0.176725 0.345839 
vt 0.095591 0.345839 
vt 0.081248 0.280925 
vt 0.119194 0.233618 
vt 0.155588 0.23368 
vt 0.114032 0.164314 
vt 0.155588 0.23368 
vt 0.183956 0.164435 
vt 0.081248 0.280925 
vt 0.119194 0.233618 
vt 0.091704 0.210301 
vt 0.052301 0.302876 
vt 0.061017 0.234006 
vt 0.061017 0.234006 
vt 0.035792 0.257284 
vt 0.095591 0.345839 
vt 0.052301 0.302876 
vt 0.055834 0.345839 
vt 0.055834 0.345839 
vt 0.029286 0.345839 
vt 0.02429 0.981415 
vt 0.024443 0.981553 
vt 0.024179 0.981665 
vt 0.020032 0.985092 
vt 0.018354 0.980679 
vt 0.020891 0.981418 
vt 0.022292 0.983595 
vt 0.018354 0.980679 
vt 0.020032 0.985092 
vt 0.020891 0.981418 
vt 0.022292 0.983595 
vt 0.024022 0.981178 
vt 0.023666 0.981194 
vt 0.023782 0.981408 
vt 0.009752 0.03211 
vt 0.01174 0.031598 
vt 0.011633 0.031145 
vt 0.010018 0.032392 
vt 0.009752 0.03211 
vt 0.288293 0.961053 
vt 0.289559 0.960522 
vt 0.28956 0.960545 
vt 0.288293 0.961053 
vt 0.294168 0.966526 
vt 0.293325 0.967611 
vt 0.293325 0.967611 
vt 0.03077 0.969646 
vt 0.030746 0.969629 
vt 0.03076 0.969612 
vt 0.030746 0.969629 
vt 0.03077 0.969646 
vt 0.03076 0.969612 
vt 0.031385 0.970107 
vt 0.031493 0.969964 
vt 0.031114 0.969868 
vt 0.286698 0.96199 
vt 0.287189 0.963793 
vt 0.285422 0.962878 
vt 0.286116 0.964488 
vt 0.031385 0.970106 
vt 0.031114 0.969868 
vt 0.031492 0.969964 
vt 0.024179 0.981324 
vt 0.023968 0.981552 
vt 0.024188 0.981604 
vt 0.29082 0.969912 
vt 0.290394 0.967969 
vt 0.292008 0.96891 
vt 0.289445 0.968826 
vt 0.036909 0.773956 
vt 0.028224 0.778455 
vt 0.027619 0.773956 
vt 0.037469 0.778455 
vt 0.02429 0.981415 
vt 0.024179 0.981665 
vt 0.024153 0.98139 
vt 0.292008 0.96891 
vt 0.292882 0.969133 
vt 0.291796 0.970498 
vt 0.292049 0.971137 
vt 0.292008 0.96891 
vt 0.293325 0.967611 
vt 0.291949 0.967447 
vt 0.325817 0.164435 
vt 0.354185 0.23368 
vt 0.313996 0.238338 
vt 0.313996 0.238338 
vt 0.254889 0.180728 
vt 0.272766 0.976331 
vt 0.271549 0.966956 
vt 0.273898 0.967005 
vt 0.274781 0.976471 
vt 0.271229 0.951607 
vt 0.271549 0.966956 
vt 0.268862 0.95159 
vt 0.271549 0.966956 
vt 0.272766 0.976331 
vt 0.273898 0.967005 
vt 0.274781 0.976471 
vt 0.271229 0.951607 
vt 0.271549 0.966956 
vt 0.268862 0.95159 
vt 0.081378 0.122006 
vt 0.113311 0.087201 
vt 0.119093 0.087621 
vt 0.024022 0.981178 
vt 0.023782 0.981408 
vt 0.024086 0.981267 
vt 0.166019 0.655905 
vt 0.158461 0.646489 
vt 0.15714 0.655905 
vt 0.167614 0.646489 
vt 0.167614 0.646489 
vt 0.16076 0.63241 
vt 0.170383 0.63241 
vt 0.131257 0.773956 
vt 0.118505 0.778455 
vt 0.118339 0.773956 
vt 0.13136 0.778455 
vt 0.070471 0.66532 
vt 0.065871 0.681883 
vt 0.074981 0.681883 
vt 0.060049 0.66532 
vt 0.069447 0.655905 
vt 0.070471 0.66532 
vt 0.058704 0.655905 
vt 0.068422 0.646489 
vt 0.05736 0.646489 
vt 0.066638 0.63241 
vt 0.055023 0.63241 
vt 0.06454 0.619157 
vt 0.055023 0.63241 
vt 0.052288 0.619157 
vt 0.028614 0.984723 
vt 0.032706 0.984811 
vt 0.028822 0.986406 
vt 0.024086 0.981267 
vt 0.023968 0.981552 
vt 0.024179 0.981324 
vt 0.277717 0.975914 
vt 0.277704 0.975914 
vt 0.275463 0.978858 
vt 0.023994 0.98107 
vt 0.023645 0.980945 
vt 0.023666 0.981194 
vt 0.09937 0.967731 
vt 0.09658 0.969862 
vt 0.097443 0.965534 
vt 0.094806 0.775136 
vt 0.090042 0.779674 
vt 0.089771 0.775138 
vt 0.095052 0.779673 
vt 0.110107 0.937742 
vt 0.109759 0.939061 
vt 0.109687 0.937741 
vt 0.110177 0.939061 
vt 0.023601 0.980936 
vt 0.023735 0.980623 
vt 0.02394 0.98093 
vt 0.292882 0.969133 
vt 0.293325 0.967611 
vt 0.292878 0.96915 
vt 0.032868 0.982787 
vt 0.033029 0.978564 
vt 0.037055 0.98008 
vt 0.023994 0.98107 
vt 0.023666 0.981194 
vt 0.024022 0.981178 
vt 0.037043 0.976248 
vt 0.033029 0.978564 
vt 0.03287 0.974588 
vt 0.058406 0.681883 
vt 0.051526 0.66532 
vt 0.045252 0.66532 
vt 0.0529 0.681883 
vt 0.043474 0.655905 
vt 0.049927 0.655905 
vt 0.049927 0.655905 
vt 0.041697 0.646489 
vt 0.048328 0.646489 
vt 0.038614 0.63241 
vt 0.045555 0.63241 
vt 0.045555 0.63241 
vt 0.03501 0.619157 
vt 0.042313 0.619157 
vt 0.04823 0.773956 
vt 0.037469 0.778455 
vt 0.036909 0.773956 
vt 0.048735 0.778455 
vt 0.023601 0.980936 
vt 0.02394 0.98093 
vt 0.023922 0.981071 
vt 0.023905 0.980762 
vt 0.023735 0.980623 
vt 0.023645 0.980945 
vt 0.290394 0.967969 
vt 0.288603 0.967869 
vt 0.289444 0.966979 
vt 0.289445 0.968826 
vt 0.287726 0.966698 
vt 0.286822 0.965548 
vt 0.287899 0.964966 
vt 0.288668 0.965975 
vt 0.094659 0.941822 
vt 0.094528 0.942355 
vt 0.094492 0.941822 
vt 0.094694 0.942355 
vt 0.089771 0.775138 
vt 0.085013 0.779673 
vt 0.084718 0.775136 
vt 0.090042 0.779674 
vt 0.030836 0.969691 
vt 0.030842 0.969667 
vt 0.030879 0.9697 
vt 0.030842 0.969667 
vt 0.030836 0.969691 
vt 0.030879 0.9697 
vt 0.190827 0.12268 
vt 0.183956 0.164435 
vt 0.139319 0.122645 
vt 0.114032 0.164314 
vt 0.370454 0.122645 
vt 0.325817 0.164435 
vt 0.318946 0.12268 
vt 0.395741 0.164314 
vt 0.024289 0.981347 
vt 0.024188 0.981604 
vt 0.0244 0.981587 
vt 0.023968 0.981552 
vt 0.022353 0.982659 
vt 0.023575 0.983575 
vt 0.024188 0.981604 
vt 0.118339 0.773956 
vt 0.104555 0.778455 
vt 0.104322 0.773956 
vt 0.118505 0.778455 
vt 0.027058 0.98278 
vt 0.027848 0.985431 
vt 0.02986 0.981733 
vt 0.027058 0.98278 
vt 0.02986 0.981733 
vt 0.027848 0.985431 
vt 0.293325 0.967611 
vt 0.292882 0.969133 
vt 0.293325 0.967611 
vt 0.143243 0.6964 
vt 0.140925 0.681883 
vt 0.135649 0.6964 
vt 0.150047 0.681883 
vt 0.145365 0.66532 
vt 0.140925 0.681883 
vt 0.155818 0.66532 
vt 0.146358 0.655905 
vt 0.145365 0.66532 
vt 0.15714 0.655905 
vt 0.147352 0.646489 
vt 0.146358 0.655905 
vt 0.158461 0.646489 
vt 0.149085 0.63241 
vt 0.16076 0.63241 
vt 0.151131 0.619157 
vt 0.163457 0.619157 
vt 0.275387 0.986052 
vt 0.275323 0.986082 
vt 0.275199 0.986141 
vt 0.288293 0.961053 
vt 0.286708 0.961088 
vt 0.288293 0.961053 
vt 0.275387 0.986052 
vt 0.275199 0.986141 
vt 0.275323 0.986082 
vt 0.275403 0.98623 
vt 0.275199 0.986141 
vt 0.275323 0.986082 
vt 0.023742 0.981435 
vt 0.023956 0.981205 
vt 0.024038 0.981317 
vt 0.024153 0.98139 
vt 0.024211 0.98118 
vt 0.275323 0.986082 
vt 0.275199 0.986141 
vt 0.275403 0.98623 
vt 0.024179 0.981665 
vt 0.023575 0.983575 
vt 0.023939 0.981597 
vt 0.022353 0.982659 
vt 0.061148 0.773956 
vt 0.048735 0.778455 
vt 0.04823 0.773956 
vt 0.06159 0.778455 
vt 0.170383 0.63241 
vt 0.163457 0.619157 
vt 0.16076 0.63241 
vt 0.173621 0.619157 
vt 0.024289 0.981347 
vt 0.024179 0.981324 
vt 0.024188 0.981604 
vt 0.030459 0.969487 
vt 0.023938 0.963373 
vt 0.030482 0.969417 
vt 0.02321 0.964987 
vt 0.104322 0.773956 
vt 0.097302 0.778455 
vt 0.097033 0.773956 
vt 0.104555 0.778455 
vt 0.030459 0.969487 
vt 0.023938 0.963373 
vt 0.02321 0.964987 
vt 0.030482 0.969417 
vt 0.023666 0.981194 
vt 0.021785 0.980918 
vt 0.022353 0.982659 
vt 0.023782 0.981408 
vt 0.021373 0.9779 
vt 0.021139 0.974443 
vt 0.025229 0.976853 
vt 0.075165 0.773956 
vt 0.06159 0.778455 
vt 0.061148 0.773956 
vt 0.07554 0.778455 
vt 0.275403 0.98623 
vt 0.275403 0.98623 
vt 0.275199 0.986141 
vt 0.09831 0.122416 
vt 0.119093 0.087621 
vt 0.151505 0.088016 
vt 0.082454 0.773956 
vt 0.07554 0.778455 
vt 0.075165 0.773956 
vt 0.082794 0.778455 
vt 0.275403 0.98623 
vt 0.275403 0.98623 
vt 0.275199 0.986141 
vt 0.288096 0.962426 
vt 0.286698 0.96199 
vt 0.288293 0.961053 
vt 0.286708 0.961088 
vt 0.021785 0.980918 
vt 0.023621 0.981203 
vt 0.022353 0.982659 
vt 0.023742 0.981435 
vt 0.287189 0.963793 
vt 0.286698 0.96199 
vt 0.288096 0.962426 
vt 0.293325 0.967611 
vt 0.294168 0.966526 
vt 0.29412 0.966511 
vt 0.291949 0.967447 
vt 0.292008 0.96891 
vt 0.290394 0.967969 
vt 0.184411 0.973847 
vt 0.188217 0.978676 
vt 0.191566 0.975664 
vt 0.023575 0.983575 
vt 0.0244 0.981587 
vt 0.024188 0.981604 
vt 0.024954 0.983651 
vt 0.292049 0.971137 
vt 0.292882 0.969133 
vt 0.292878 0.96915 
vt 0.184411 0.973847 
vt 0.191565 0.975664 
vt 0.188218 0.978676 
vt 0.023782 0.981408 
vt 0.022353 0.982659 
vt 0.023968 0.981552 
vt 0.02401 0.980958 
vt 0.023645 0.980945 
vt 0.023994 0.98107 
vt 0.02401 0.980958 
vt 0.023905 0.980762 
vt 0.023645 0.980945 
vt 0.287189 0.963793 
vt 0.288096 0.962426 
vt 0.288766 0.963922 
vt 0.286822 0.965548 
vt 0.287899 0.964966 
vt 0.286116 0.964488 
vt 0.024443 0.981553 
vt 0.024954 0.983651 
vt 0.024179 0.981665 
vt 0.023575 0.983575 
vt 0.168915 0.945853 
vt 0.171613 0.953929 
vt 0.174149 0.945469 
vt 0.175078 0.954129 
vt 0.39068 0.087621 
vt 0.411463 0.122416 
vt 0.358268 0.088016 
vt 0.346824 0.062776 
vt 0.39068 0.087621 
vt 0.022353 0.982659 
vt 0.023742 0.981435 
vt 0.023939 0.981597 
vt 0.254887 0.122772 
vt 0.325817 0.164435 
vt 0.254889 0.180728 
vt 0.318946 0.12268 
vt 0.291731 0.088178 
vt 0.275175 0.970007 
vt 0.272163 0.970759 
vt 0.272165 0.97076 
vt 0.024038 0.981317 
vt 0.023956 0.981205 
vt 0.024167 0.981134 
vt 0.016761 0.975598 
vt 0.020991 0.974463 
vt 0.020789 0.978447 
vt 0.288603 0.967869 
vt 0.287726 0.966698 
vt 0.289444 0.966979 
vt 0.288668 0.965975 
vt 0.289856 0.965064 
vt 0.288668 0.965975 
vt 0.290677 0.966412 
vt 0.023735 0.980623 
vt 0.024014 0.980803 
vt 0.02394 0.98093 
vt 0.032368 0.821621 
vt 0.044451 0.836835 
vt 0.039393 0.836835 
vt 0.038131 0.821621 
vt 0.030735 0.812973 
vt 0.038131 0.821621 
vt 0.036663 0.812973 
vt 0.029103 0.804324 
vt 0.035194 0.804324 
vt 0.026271 0.791391 
vt 0.032647 0.791391 
vt 0.02296 0.779218 
vt 0.029668 0.779218 
vt 0.026271 0.791391 
vt 0.024396 0.981326 
vt 0.0244 0.981587 
vt 0.024583 0.981499 
vt 0.039588 0.977044 
vt 0.041149 0.975798 
vt 0.031385 0.970107 
vt 0.113311 0.087201 
vt 0.151542 0.062583 
vt 0.119093 0.087621 
vt 0.162949 0.062776 
vt 0.009458 0.031913 
vt 0.009752 0.03211 
vt 0.011633 0.031145 
vt 0.011633 0.030691 
vt 0.147673 0.821621 
vt 0.140631 0.836835 
vt 0.135573 0.836835 
vt 0.141909 0.821621 
vt 0.141909 0.821621 
vt 0.149315 0.812973 
vt 0.143388 0.812973 
vt 0.150958 0.804324 
vt 0.144867 0.804324 
vt 0.153806 0.791391 
vt 0.147431 0.791391 
vt 0.157133 0.779218 
vt 0.150425 0.779218 
vt 0.153806 0.791391 
vt 0.039588 0.977044 
vt 0.031385 0.970106 
vt 0.041149 0.975798 
vt 0.030675 0.969609 
vt 0.030482 0.969417 
vt 0.030688 0.969574 
vt 0.030459 0.969487 
vt 0.024396 0.981326 
vt 0.024289 0.981347 
vt 0.0244 0.981587 
vt 0.025133 0.979666 
vt 0.021137 0.98125 
vt 0.021373 0.9779 
vt 0.025221 0.98138 
vt 0.178249 0.963269 
vt 0.181956 0.964727 
vt 0.178703 0.966058 
vt 0.181956 0.964727 
vt 0.18263 0.96942 
vt 0.186698 0.968688 
vt 0.185917 0.972082 
vt 0.181956 0.964727 
vt 0.186698 0.968688 
vt 0.184709 0.961912 
vt 0.030675 0.969609 
vt 0.030482 0.969417 
vt 0.030459 0.969487 
vt 0.030688 0.969574 
vt 0.178703 0.966058 
vt 0.181956 0.964726 
vt 0.178249 0.963269 
vt 0.18263 0.969419 
vt 0.181956 0.964726 
vt 0.185917 0.972082 
vt 0.186699 0.968688 
vt 0.186699 0.968688 
vt 0.181956 0.964726 
vt 0.18471 0.961913 
vt 0.024396 0.981326 
vt 0.024443 0.981553 
vt 0.02429 0.981415 
vt 0.096498 0.681883 
vt 0.088957 0.6964 
vt 0.098307 0.6964 
vt 0.093091 0.708315 
vt 0.085339 0.681883 
vt 0.100399 0.708315 
vt 0.095002 0.66532 
vt 0.09773 0.717168 
vt 0.082305 0.66532 
vt 0.102764 0.717168 
vt 0.094677 0.655905 
vt 0.102764 0.722619 
vt 0.10533 0.722619 
vt 0.107999 0.72446 
vt 0.081635 0.655905 
vt 0.094351 0.646489 
vt 0.080965 0.646489 
vt 0.093714 0.63241 
vt 0.079794 0.63241 
vt 0.092969 0.619157 
vt 0.078407 0.619157 
vt 0.107999 0.717168 
vt 0.10533 0.722619 
vt 0.107999 0.722619 
vt 0.107999 0.72446 
vt 0.102764 0.717168 
vt 0.107999 0.708315 
vt 0.100399 0.708315 
vt 0.107999 0.6964 
vt 0.098307 0.6964 
vt 0.108001 0.681883 
vt 0.096498 0.681883 
vt 0.108008 0.66532 
vt 0.095002 0.66532 
vt 0.108013 0.655905 
vt 0.094677 0.655905 
vt 0.108018 0.646489 
vt 0.094351 0.646489 
vt 0.108026 0.63241 
vt 0.093714 0.63241 
vt 0.108035 0.619157 
vt 0.092969 0.619157 
vt 0.119468 0.681883 
vt 0.108008 0.66532 
vt 0.108001 0.681883 
vt 0.120982 0.66532 
vt 0.117679 0.6964 
vt 0.108013 0.655905 
vt 0.107999 0.6964 
vt 0.121333 0.655905 
vt 0.115599 0.708315 
vt 0.108018 0.646489 
vt 0.107999 0.708315 
vt 0.121684 0.646489 
vt 0.113234 0.717168 
vt 0.108026 0.63241 
vt 0.107999 0.717168 
vt 0.122339 0.63241 
vt 0.108035 0.619157 
vt 0.123101 0.619157 
vt 0.110667 0.722619 
vt 0.107999 0.722619 
vt 0.107999 0.72446 
vt 0.151505 0.088016 
vt 0.119093 0.087621 
vt 0.162949 0.062776 
vt 0.02416 0.981123 
vt 0.024022 0.981178 
vt 0.024086 0.981267 
vt 0.024191 0.981165 
vt 0.100399 0.722619 
vt 0.107999 0.72446 
vt 0.102764 0.722619 
vt 0.09773 0.717168 
vt 0.093091 0.717168 
vt 0.093091 0.708315 
vt 0.086354 0.708315 
vt 0.088957 0.6964 
vt 0.080312 0.6964 
vt 0.085339 0.681883 
vt 0.074981 0.681883 
vt 0.082305 0.66532 
vt 0.070471 0.66532 
vt 0.085339 0.681883 
vt 0.081635 0.655905 
vt 0.070471 0.66532 
vt 0.069447 0.655905 
vt 0.080965 0.646489 
vt 0.069447 0.655905 
vt 0.068422 0.646489 
vt 0.079794 0.63241 
vt 0.066638 0.63241 
vt 0.078407 0.619157 
vt 0.06454 0.619157 
vt 0.113234 0.722619 
vt 0.118267 0.717168 
vt 0.113234 0.717168 
vt 0.110667 0.722619 
vt 0.107999 0.72446 
vt 0.115599 0.708315 
vt 0.122907 0.708315 
vt 0.117679 0.6964 
vt 0.127014 0.6964 
vt 0.119468 0.681883 
vt 0.130585 0.681883 
vt 0.120982 0.66532 
vt 0.133557 0.66532 
vt 0.121333 0.655905 
vt 0.134199 0.655905 
vt 0.121684 0.646489 
vt 0.134841 0.646489 
vt 0.122339 0.63241 
vt 0.13611 0.63241 
vt 0.123101 0.619157 
vt 0.137588 0.619157 
vt 0.185917 0.972082 
vt 0.184411 0.973847 
vt 0.191566 0.975664 
vt 0.140925 0.681883 
vt 0.133557 0.66532 
vt 0.130585 0.681883 
vt 0.145365 0.66532 
vt 0.134199 0.655905 
vt 0.146358 0.655905 
vt 0.134841 0.646489 
vt 0.147352 0.646489 
vt 0.13611 0.63241 
vt 0.149085 0.63241 
vt 0.137588 0.619157 
vt 0.151131 0.619157 
vt 0.135649 0.6964 
vt 0.140925 0.681883 
vt 0.127014 0.6964 
vt 0.129642 0.708315 
vt 0.122907 0.708315 
vt 0.122907 0.717168 
vt 0.118267 0.717168 
vt 0.115599 0.722619 
vt 0.113234 0.722619 
vt 0.107999 0.72446 
vt 0.185917 0.972082 
vt 0.191565 0.975664 
vt 0.184411 0.973847 
vt 0.024191 0.981165 
vt 0.024086 0.981267 
vt 0.024179 0.981324 
vt 0.024234 0.981191 
vt 0.290677 0.966412 
vt 0.290394 0.967969 
vt 0.289444 0.966979 
vt 0.287899 0.964966 
vt 0.287189 0.963793 
vt 0.288766 0.963922 
vt 0.274781 0.976471 
vt 0.277506 0.976521 
vt 0.276302 0.986307 
vt 0.27708 0.967015 
vt 0.277506 0.976521 
vt 0.273898 0.967005 
vt 0.274438 0.9516 
vt 0.273898 0.967005 
vt 0.271229 0.951607 
vt 0.274781 0.976471 
vt 0.276302 0.986307 
vt 0.277506 0.976521 
vt 0.27708 0.967015 
vt 0.277506 0.976521 
vt 0.273898 0.967005 
vt 0.274438 0.9516 
vt 0.273898 0.967005 
vt 0.271229 0.951607 
vt 0.074981 0.681883 
vt 0.072718 0.6964 
vt 0.080312 0.6964 
vt 0.065871 0.681883 
vt 0.030989 0.969745 
vt 0.030932 0.969734 
vt 0.030974 0.969803 
vt 0.024038 0.981317 
vt 0.024167 0.981134 
vt 0.024211 0.98118 
vt 0.030932 0.969734 
vt 0.030989 0.969745 
vt 0.030974 0.969803 
vt 0.055023 0.63241 
vt 0.048328 0.646489 
vt 0.05736 0.646489 
vt 0.045555 0.63241 
vt 0.049927 0.655905 
vt 0.048328 0.646489 
vt 0.058704 0.655905 
vt 0.052288 0.619157 
vt 0.042313 0.619157 
vt 0.055023 0.63241 
vt 0.051526 0.66532 
vt 0.049927 0.655905 
vt 0.060049 0.66532 
vt 0.058406 0.681883 
vt 0.065871 0.681883 
vt 0.072718 0.6964 
vt 0.058406 0.681883 
vt 0.066488 0.6964 
vt 0.075597 0.708315 
vt 0.072718 0.6964 
vt 0.080446 0.708315 
vt 0.085687 0.717168 
vt 0.075597 0.708315 
vt 0.089024 0.717168 
vt 0.096624 0.722619 
vt 0.098326 0.722619 
vt 0.107999 0.72446 
vt 0.024583 0.981499 
vt 0.024954 0.983651 
vt 0.026239 0.983039 
vt 0.098973 0.974972 
vt 0.099896 0.973021 
vt 0.102844 0.973811 
vt 0.104171 0.976773 
vt 0.275284 0.986178 
vt 0.275403 0.98623 
vt 0.275199 0.986141 
vt 0.275284 0.986178 
vt 0.275199 0.986141 
vt 0.275403 0.98623 
vt 0.282537 0.966921 
vt 0.282169 0.976323 
vt 0.280242 0.966984 
vt 0.28021 0.976467 
vt 0.279951 0.951526 
vt 0.277631 0.95157 
vt 0.0244 0.981587 
vt 0.024954 0.983651 
vt 0.024583 0.981499 
vt 0.024032 0.980446 
vt 0.023735 0.980623 
vt 0.023905 0.980762 
vt 0.024616 0.98145 
vt 0.026239 0.983039 
vt 0.024954 0.983651 
vt 0.02426 0.981199 
vt 0.02429 0.981415 
vt 0.024153 0.98139 
vt 0.280242 0.966984 
vt 0.282169 0.976323 
vt 0.282537 0.966921 
vt 0.28021 0.976467 
vt 0.279951 0.951526 
vt 0.277631 0.95157 
vt 0.024954 0.983651 
vt 0.024443 0.981553 
vt 0.024616 0.98145 
vt 0.023922 0.981071 
vt 0.024147 0.981073 
vt 0.023956 0.981205 
vt 0.024167 0.981134 
vt 0.291949 0.967447 
vt 0.290394 0.967969 
vt 0.290677 0.966412 
vt 0.024153 0.98139 
vt 0.024211 0.98118 
vt 0.02426 0.981199 
vt 0.144 0.708315 
vt 0.149486 0.6964 
vt 0.140396 0.708315 
vt 0.154121 0.6964 
vt 0.13279 0.717168 
vt 0.144 0.708315 
vt 0.13031 0.717168 
vt 0.120637 0.722619 
vt 0.119373 0.722619 
vt 0.107999 0.72446 
vt 0.163114 0.681883 
vt 0.149486 0.6964 
vt 0.157553 0.681883 
vt 0.170779 0.66532 
vt 0.157553 0.681883 
vt 0.164423 0.66532 
vt 0.172567 0.655905 
vt 0.164423 0.66532 
vt 0.166019 0.655905 
vt 0.174356 0.646489 
vt 0.166019 0.655905 
vt 0.167614 0.646489 
vt 0.177456 0.63241 
vt 0.167614 0.646489 
vt 0.170383 0.63241 
vt 0.181078 0.619157 
vt 0.173621 0.619157 
vt 0.023735 0.980623 
vt 0.024032 0.980446 
vt 0.024014 0.980803 
vt 0.016762 0.979812 
vt 0.021068 0.981648 
vt 0.017017 0.982015 
vt 0.020789 0.978447 
vt 0.205232 0.088162 
vt 0.190827 0.12268 
vt 0.151505 0.088016 
vt 0.139319 0.122645 
vt 0.151505 0.088016 
vt 0.212151 0.06297 
vt 0.007847 0.031913 
vt 0.007505 0.03211 
vt 0.007562 0.03211 
vt 0.0078 0.031913 
vt 0.008198 0.031798 
vt 0.007847 0.031913 
vt 0.009411 0.031913 
vt 0.009752 0.03211 
vt 0.009458 0.031913 
vt 0.009696 0.03211 
vt 0.009411 0.031913 
vt 0.00906 0.031798 
vt 0.178695 0.957913 
vt 0.184709 0.961912 
vt 0.181956 0.964727 
vt 0.178249 0.963269 
vt 0.181956 0.964727 
vt 0.178249 0.963269 
vt 0.181956 0.964726 
vt 0.178695 0.957916 
vt 0.181956 0.964726 
vt 0.18471 0.961913 
vt 0.275284 0.986178 
vt 0.275387 0.986052 
vt 0.275387 0.986052 
vt 0.275944 0.986295 
vt 0.275284 0.986178 
vt 0.276302 0.986307 
vt 0.275403 0.98623 
vt 0.275284 0.986178 
vt 0.275944 0.986295 
vt 0.276302 0.986307 
vt 0.275403 0.98623 
vt 0.045252 0.66532 
vt 0.043474 0.655905 
vt 0.039501 0.655905 
vt 0.037614 0.646489 
vt 0.041697 0.646489 
vt 0.041388 0.66532 
vt 0.0529 0.681883 
vt 0.049509 0.681883 
vt 0.061876 0.6964 
vt 0.059044 0.6964 
vt 0.071995 0.708315 
vt 0.06978 0.708315 
vt 0.081681 0.717168 
vt 0.083208 0.717168 
vt 0.094582 0.722619 
vt 0.09536 0.722619 
vt 0.107999 0.72446 
vt 0.038614 0.63241 
vt 0.034341 0.63241 
vt 0.037614 0.646489 
vt 0.038614 0.63241 
vt 0.030513 0.619157 
vt 0.03501 0.619157 
vt 0.275387 0.986052 
vt 0.275284 0.986178 
vt 0.275387 0.986052 
vt 0.275199 0.986141 
vt 0.291731 0.088178 
vt 0.358268 0.088016 
vt 0.318946 0.12268 
vt 0.370454 0.122645 
vt 0.300774 0.062965 
vt 0.024234 0.981191 
vt 0.024179 0.981324 
vt 0.024285 0.981202 
vt 0.024289 0.981347 
vt 0.275387 0.986052 
vt 0.275284 0.986178 
vt 0.275199 0.986141 
vt 0.018354 0.980679 
vt 0.021426 0.97917 
vt 0.020891 0.981418 
vt 0.021426 0.97917 
vt 0.018354 0.980679 
vt 0.020891 0.981418 
vt 0.174356 0.646489 
vt 0.18173 0.63241 
vt 0.177456 0.63241 
vt 0.185575 0.619157 
vt 0.181078 0.619157 
vt 0.178439 0.646489 
vt 0.172567 0.655905 
vt 0.17654 0.655905 
vt 0.170779 0.66532 
vt 0.174642 0.66532 
vt 0.163114 0.681883 
vt 0.174642 0.66532 
vt 0.166504 0.681883 
vt 0.154121 0.6964 
vt 0.156958 0.6964 
vt 0.144 0.708315 
vt 0.154121 0.6964 
vt 0.146217 0.708315 
vt 0.134317 0.717168 
vt 0.13279 0.717168 
vt 0.121416 0.722619 
vt 0.120637 0.722619 
vt 0.107999 0.72446 
vt 0.097091 0.972381 
vt 0.098964 0.96994 
vt 0.096987 0.96688 
vt 0.287899 0.964966 
vt 0.289856 0.965064 
vt 0.288668 0.965975 
vt 0.288766 0.963922 
vt 0.276302 0.986307 
vt 0.276677 0.986319 
vt 0.275944 0.986295 
vt 0.272 0.976138 
vt 0.275284 0.986178 
vt 0.272766 0.976331 
vt 0.276302 0.986307 
vt 0.275944 0.986295 
vt 0.276677 0.986319 
vt 0.023645 0.980945 
vt 0.021785 0.980918 
vt 0.023666 0.981194 
vt 0.272 0.976138 
vt 0.272766 0.976331 
vt 0.275284 0.986178 
vt 0.025022 0.984211 
vt 0.023965 0.986869 
vt 0.022292 0.983595 
vt 0.024396 0.981326 
vt 0.024616 0.98145 
vt 0.024443 0.981553 
vt 0.024488 0.981268 
vt 0.06978 0.708315 
vt 0.081165 0.717168 
vt 0.081681 0.717168 
vt 0.094319 0.722619 
vt 0.094582 0.722619 
vt 0.107999 0.72446 
vt 0.069033 0.708315 
vt 0.058087 0.6964 
vt 0.059044 0.6964 
vt 0.048365 0.681883 
vt 0.049509 0.681883 
vt 0.040084 0.66532 
vt 0.041388 0.66532 
vt 0.03816 0.655905 
vt 0.039501 0.655905 
vt 0.036236 0.646489 
vt 0.037614 0.646489 
vt 0.032898 0.63241 
vt 0.034341 0.63241 
vt 0.034341 0.63241 
vt 0.028995 0.619157 
vt 0.030513 0.619157 
vt 0.164423 0.66532 
vt 0.155818 0.66532 
vt 0.166019 0.655905 
vt 0.157553 0.681883 
vt 0.150047 0.681883 
vt 0.143243 0.6964 
vt 0.157553 0.681883 
vt 0.149486 0.6964 
vt 0.143243 0.6964 
vt 0.140396 0.708315 
vt 0.135547 0.708315 
vt 0.13031 0.717168 
vt 0.140396 0.708315 
vt 0.126973 0.717168 
vt 0.119373 0.722619 
vt 0.117672 0.722619 
vt 0.107999 0.72446 
vt 0.025022 0.984211 
vt 0.022292 0.983595 
vt 0.023965 0.986869 
vt 0.097091 0.972381 
vt 0.101786 0.974064 
vt 0.099907 0.972036 
vt 0.101209 0.976237 
vt 0.024154 0.98102 
vt 0.02401 0.980958 
vt 0.023994 0.98107 
vt 0.024147 0.981073 
vt 0.023994 0.98107 
vt 0.02416 0.981123 
vt 0.024022 0.981178 
vt 0.146217 0.708315 
vt 0.157915 0.6964 
vt 0.156958 0.6964 
vt 0.167648 0.681883 
vt 0.146964 0.708315 
vt 0.166504 0.681883 
vt 0.134832 0.717168 
vt 0.175947 0.66532 
vt 0.134317 0.717168 
vt 0.174642 0.66532 
vt 0.121678 0.722619 
vt 0.121416 0.722619 
vt 0.107999 0.72446 
vt 0.177882 0.655905 
vt 0.17654 0.655905 
vt 0.179817 0.646489 
vt 0.178439 0.646489 
vt 0.183173 0.63241 
vt 0.18173 0.63241 
vt 0.187093 0.619157 
vt 0.18173 0.63241 
vt 0.185575 0.619157 
vt 0.025854 0.812973 
vt 0.028819 0.821621 
vt 0.027621 0.821621 
vt 0.036279 0.836835 
vt 0.027086 0.812973 
vt 0.035227 0.836835 
vt 0.024086 0.804324 
vt 0.045037 0.85017 
vt 0.025353 0.804324 
vt 0.044158 0.85017 
vt 0.02102 0.791391 
vt 0.054899 0.861114 
vt 0.022345 0.791391 
vt 0.017435 0.779218 
vt 0.01883 0.779218 
vt 0.054213 0.861114 
vt 0.065356 0.869247 
vt 0.06583 0.869247 
vt 0.077439 0.874254 
vt 0.077681 0.874254 
vt 0.277726 0.986256 
vt 0.276677 0.986319 
vt 0.276302 0.986307 
vt 0.277406 0.986295 
vt 0.275387 0.986052 
vt 0.275915 0.985987 
vt 0.275387 0.986052 
vt 0.276677 0.986319 
vt 0.277726 0.986256 
vt 0.276302 0.986307 
vt 0.277406 0.986295 
vt 0.021785 0.980918 
vt 0.023601 0.980936 
vt 0.023621 0.981203 
vt 0.154709 0.804324 
vt 0.159057 0.791391 
vt 0.155975 0.804324 
vt 0.157732 0.791391 
vt 0.162658 0.779218 
vt 0.161263 0.779218 
vt 0.152965 0.812973 
vt 0.154197 0.812973 
vt 0.151221 0.821621 
vt 0.152419 0.821621 
vt 0.143745 0.836835 
vt 0.144797 0.836835 
vt 0.134977 0.85017 
vt 0.135856 0.85017 
vt 0.125111 0.861114 
vt 0.125797 0.861114 
vt 0.114653 0.869247 
vt 0.11418 0.869247 
vt 0.102571 0.874254 
vt 0.102329 0.874254 
vt 0.275915 0.985987 
vt 0.275387 0.986052 
vt 0.275387 0.986052 
vt 0.27627 0.985976 
vt 0.275915 0.985987 
vt 0.275387 0.986052 
vt 0.27627 0.985976 
vt 0.032627 0.975313 
vt 0.028477 0.976455 
vt 0.02876 0.973428 
vt 0.032456 0.980212 
vt 0.028422 0.981045 
vt 0.032706 0.984811 
vt 0.028422 0.981045 
vt 0.028614 0.984723 
vt 0.272163 0.970759 
vt 0.275175 0.970007 
vt 0.275231 0.969998 
vt 0.116231 0.954441 
vt 0.116095 0.954011 
vt 0.116196 0.953858 
vt 0.116126 0.954599 
vt 0.024488 0.981268 
vt 0.024583 0.981499 
vt 0.024749 0.981317 
vt 0.024682 0.977598 
vt 0.020874 0.976309 
vt 0.022944 0.977811 
vt 0.025538 0.97536 
vt 0.024488 0.981268 
vt 0.024396 0.981326 
vt 0.024583 0.981499 
vt 0.030932 0.969734 
vt 0.030879 0.9697 
vt 0.030891 0.969742 
vt 0.02431 0.9812 
vt 0.02429 0.981415 
vt 0.02426 0.981199 
vt 0.020873 0.976309 
vt 0.024682 0.977598 
vt 0.022944 0.977811 
vt 0.025538 0.97536 
vt 0.032627 0.975313 
vt 0.032456 0.980212 
vt 0.028477 0.976455 
vt 0.030891 0.969742 
vt 0.030879 0.9697 
vt 0.030932 0.969734 
vt 0.02394 0.98093 
vt 0.024154 0.98102 
vt 0.023922 0.981071 
vt 0.024147 0.981073 
vt 0.27627 0.985976 
vt 0.275915 0.985987 
vt 0.276644 0.985963 
vt 0.27627 0.985976 
vt 0.276644 0.985963 
vt 0.275915 0.985987 
vt 0.02431 0.9812 
vt 0.024396 0.981326 
vt 0.02429 0.981415 
vt 0.151505 0.088016 
vt 0.162949 0.062776 
vt 0.212151 0.06297 
vt 0.023735 0.980623 
vt 0.022386 0.979279 
vt 0.021785 0.980918 
vt 0.023645 0.980945 
vt 0.06583 0.869247 
vt 0.054899 0.861114 
vt 0.056934 0.861114 
vt 0.045037 0.85017 
vt 0.067233 0.869247 
vt 0.047638 0.85017 
vt 0.077681 0.874254 
vt 0.078396 0.874254 
vt 0.090005 0.875945 
vt 0.036279 0.836835 
vt 0.039393 0.836835 
vt 0.028819 0.821621 
vt 0.032368 0.821621 
vt 0.027086 0.812973 
vt 0.030735 0.812973 
vt 0.025353 0.804324 
vt 0.029103 0.804324 
vt 0.022345 0.791391 
vt 0.025353 0.804324 
vt 0.026271 0.791391 
vt 0.01883 0.779218 
vt 0.02296 0.779218 
vt 0.030741 0.969648 
vt 0.030688 0.969574 
vt 0.030746 0.969629 
vt 0.030675 0.969609 
vt 0.277726 0.986256 
vt 0.277934 0.98623 
vt 0.277406 0.986295 
vt 0.277726 0.986256 
vt 0.277406 0.986295 
vt 0.277934 0.98623 
vt 0.030688 0.969574 
vt 0.030741 0.969648 
vt 0.030746 0.969629 
vt 0.030675 0.969609 
vt 0.277376 0.985987 
vt 0.276644 0.985963 
vt 0.27627 0.985976 
vt 0.008198 0.031798 
vt 0.007847 0.031913 
vt 0.00791 0.031913 
vt 0.009348 0.031913 
vt 0.009411 0.031913 
vt 0.00906 0.031798 
vt 0.022386 0.979279 
vt 0.023735 0.980623 
vt 0.021785 0.980918 
vt 0.023601 0.980936 
vt 0.143745 0.836835 
vt 0.134977 0.85017 
vt 0.132376 0.85017 
vt 0.140631 0.836835 
vt 0.151221 0.821621 
vt 0.123077 0.861114 
vt 0.147673 0.821621 
vt 0.125111 0.861114 
vt 0.11418 0.869247 
vt 0.112777 0.869247 
vt 0.102329 0.874254 
vt 0.101614 0.874254 
vt 0.090005 0.875945 
vt 0.151221 0.821621 
vt 0.152965 0.812973 
vt 0.149315 0.812973 
vt 0.154709 0.804324 
vt 0.150958 0.804324 
vt 0.154709 0.804324 
vt 0.157732 0.791391 
vt 0.153806 0.791391 
vt 0.161263 0.779218 
vt 0.157133 0.779218 
vt 0.277506 0.976521 
vt 0.277726 0.986256 
vt 0.276302 0.986307 
vt 0.28021 0.976467 
vt 0.280242 0.966984 
vt 0.27708 0.967015 
vt 0.277631 0.95157 
vt 0.274438 0.9516 
vt 0.277376 0.985987 
vt 0.276644 0.985963 
vt 0.277376 0.985987 
vt 0.27627 0.985976 
vt 0.277726 0.986256 
vt 0.277506 0.976521 
vt 0.276302 0.986307 
vt 0.28021 0.976467 
vt 0.280242 0.966984 
vt 0.27708 0.967015 
vt 0.277631 0.95157 
vt 0.274438 0.9516 
vt 0.02426 0.981199 
vt 0.024211 0.98118 
vt 0.024262 0.98114 
vt 0.024069 0.980858 
vt 0.023905 0.980762 
vt 0.02401 0.980958 
vt 0.024225 0.981108 
vt 0.02416 0.981123 
vt 0.024191 0.981165 
vt 0.278011 0.986093 
vt 0.277376 0.985987 
vt 0.277376 0.985987 
vt 0.276644 0.985963 
vt 0.03077 0.969646 
vt 0.030787 0.969671 
vt 0.030804 0.96966 
vt 0.03077 0.969646 
vt 0.030804 0.96966 
vt 0.030787 0.969671 
vt 0.277376 0.985987 
vt 0.278011 0.986093 
vt 0.277376 0.985987 
vt 0.272689 0.975944 
vt 0.275284 0.986178 
vt 0.272 0.976138 
vt 0.275387 0.986052 
vt 0.346824 0.062776 
vt 0.358268 0.088016 
vt 0.300774 0.062965 
vt 0.301096 0.048269 
vt 0.300774 0.062965 
vt 0.275387 0.986052 
vt 0.272689 0.975944 
vt 0.275284 0.986178 
vt 0.272 0.976138 
vt 0.277934 0.98623 
vt 0.278011 0.986093 
vt 0.278122 0.986141 
vt 0.277726 0.986256 
vt 0.278011 0.986093 
vt 0.277934 0.98623 
vt 0.278122 0.986141 
vt 0.277726 0.986256 
vt 0.024749 0.981317 
vt 0.026239 0.983039 
vt 0.027002 0.981787 
vt 0.024749 0.981317 
vt 0.024583 0.981499 
vt 0.026239 0.983039 
vt 0.024396 0.981326 
vt 0.024335 0.981193 
vt 0.024289 0.981347 
vt 0.024285 0.981202 
vt 0.278011 0.986093 
vt 0.277376 0.985987 
vt 0.277917 0.986052 
vt 0.024771 0.981292 
vt 0.027002 0.981787 
vt 0.026239 0.983039 
vt 0.277376 0.985987 
vt 0.278011 0.986093 
vt 0.277917 0.986052 
vt 0.024771 0.981292 
vt 0.026239 0.983039 
vt 0.024616 0.98145 
vt 0.027616 0.980742 
vt 0.02986 0.981733 
vt 0.028924 0.977731 
vt 0.027616 0.980742 
vt 0.028924 0.977731 
vt 0.02986 0.981733 
vt 0.090022 0.814154 
vt 0.094223 0.822803 
vt 0.090017 0.822803 
vt 0.093704 0.838017 
vt 0.094347 0.814154 
vt 0.09001 0.838017 
vt 0.090027 0.805506 
vt 0.093097 0.851352 
vt 0.094471 0.805506 
vt 0.090006 0.851352 
vt 0.090034 0.792573 
vt 0.092416 0.862296 
vt 0.094685 0.792573 
vt 0.090041 0.780411 
vt 0.094934 0.780411 
vt 0.090004 0.862296 
vt 0.090004 0.870428 
vt 0.091664 0.870428 
vt 0.090004 0.875436 
vt 0.09085 0.875436 
vt 0.094813 0.95077 
vt 0.094723 0.949204 
vt 0.094846 0.949204 
vt 0.094786 0.947418 
vt 0.094916 0.95077 
vt 0.094646 0.947418 
vt 0.094916 0.952055 
vt 0.094772 0.946403 
vt 0.094996 0.952055 
vt 0.094629 0.946403 
vt 0.095084 0.95301 
vt 0.094759 0.945388 
vt 0.095029 0.95301 
vt 0.09518 0.953597 
vt 0.095152 0.953597 
vt 0.094611 0.945388 
vt 0.094735 0.943869 
vt 0.094581 0.943869 
vt 0.094708 0.942441 
vt 0.094545 0.942441 
vt 0.085365 0.792573 
vt 0.085129 0.780411 
vt 0.090041 0.780411 
vt 0.090034 0.792573 
vt 0.085566 0.805506 
vt 0.090027 0.805506 
vt 0.085681 0.814154 
vt 0.090022 0.814154 
vt 0.085796 0.822803 
vt 0.090017 0.822803 
vt 0.086303 0.838017 
vt 0.09001 0.838017 
vt 0.086903 0.851352 
vt 0.090006 0.851352 
vt 0.087583 0.862296 
vt 0.090004 0.862296 
vt 0.090004 0.870428 
vt 0.088337 0.870428 
vt 0.090004 0.875436 
vt 0.089154 0.875436 
vt 0.109724 0.939275 
vt 0.11004 0.942811 
vt 0.109652 0.942811 
vt 0.110132 0.939275 
vt 0.109961 0.946572 
vt 0.10959 0.946572 
vt 0.109914 0.949087 
vt 0.109554 0.949087 
vt 0.109868 0.951602 
vt 0.109518 0.951602 
vt 0.109675 0.956026 
vt 0.109367 0.956026 
vt 0.109448 0.959903 
vt 0.10919 0.959903 
vt 0.109194 0.963085 
vt 0.108992 0.963085 
vt 0.108774 0.96545 
vt 0.108912 0.96545 
vt 0.108537 0.966906 
vt 0.108608 0.966906 
vt 0.278011 0.986093 
vt 0.277917 0.986052 
vt 0.278122 0.986141 
vt 0.278011 0.986093 
vt 0.278122 0.986141 
vt 0.277917 0.986052 
vt 0.28956 0.960545 
vt 0.288096 0.962426 
vt 0.288293 0.961053 
vt 0.284531 0.961396 
vt 0.281597 0.962049 
vt 0.284535 0.961392 
vt 0.024264 0.98114 
vt 0.024191 0.981165 
vt 0.024234 0.981191 
vt 0.024285 0.981202 
vt 0.024264 0.98114 
vt 0.024234 0.981191 
vt 0.293325 0.967611 
vt 0.291949 0.967447 
vt 0.294168 0.966526 
vt 0.079557 0.874254 
vt 0.06951 0.869247 
vt 0.072576 0.869247 
vt 0.08112 0.874254 
vt 0.090005 0.875945 
vt 0.06469 0.861114 
vt 0.060239 0.861114 
vt 0.05757 0.85017 
vt 0.051869 0.85017 
vt 0.044451 0.836835 
vt 0.051261 0.836835 
vt 0.038131 0.821621 
vt 0.045889 0.821621 
vt 0.044641 0.812973 
vt 0.038131 0.821621 
vt 0.036663 0.812973 
vt 0.043393 0.804324 
vt 0.035194 0.804324 
vt 0.041228 0.791391 
vt 0.032647 0.791391 
vt 0.038697 0.779218 
vt 0.029668 0.779218 
vt 0.101209 0.976237 
vt 0.107631 0.975693 
vt 0.105006 0.974209 
vt 0.101786 0.974064 
vt 0.024165 0.980787 
vt 0.024032 0.980446 
vt 0.023905 0.980762 
vt 0.024069 0.980858 
vt 0.135573 0.836835 
vt 0.128145 0.85017 
vt 0.122445 0.85017 
vt 0.119771 0.861114 
vt 0.128764 0.836835 
vt 0.141909 0.821621 
vt 0.134151 0.821621 
vt 0.115321 0.861114 
vt 0.110499 0.869247 
vt 0.107434 0.869247 
vt 0.100453 0.874254 
vt 0.09889 0.874254 
vt 0.090005 0.875945 
vt 0.13541 0.812973 
vt 0.141909 0.821621 
vt 0.143388 0.812973 
vt 0.136669 0.804324 
vt 0.144867 0.804324 
vt 0.138849 0.791391 
vt 0.147431 0.791391 
vt 0.141396 0.779218 
vt 0.150425 0.779218 
vt 0.00906 0.031798 
vt 0.009458 0.031913 
vt 0.011633 0.030691 
vt 0.011633 0.030237 
vt 0.104171 0.976773 
vt 0.105528 0.974326 
vt 0.108878 0.975044 
vt 0.024262 0.98114 
vt 0.024211 0.98118 
vt 0.024223 0.981109 
vt 0.024167 0.981134 
vt 0.272931 0.97504 
vt 0.272908 0.975054 
vt 0.275704 0.972958 
vt 0.066488 0.6964 
vt 0.071995 0.708315 
vt 0.075597 0.708315 
vt 0.061876 0.6964 
vt 0.083208 0.717168 
vt 0.085687 0.717168 
vt 0.09536 0.722619 
vt 0.096624 0.722619 
vt 0.107999 0.72446 
vt 0.066488 0.6964 
vt 0.0529 0.681883 
vt 0.058406 0.681883 
vt 0.030804 0.96966 
vt 0.03081 0.969686 
vt 0.030836 0.969691 
vt 0.024014 0.980803 
vt 0.024032 0.980446 
vt 0.024165 0.980787 
vt 0.051261 0.836835 
vt 0.045889 0.821621 
vt 0.055344 0.821621 
vt 0.059562 0.836835 
vt 0.05757 0.85017 
vt 0.06452 0.85017 
vt 0.06469 0.861114 
vt 0.070114 0.861114 
vt 0.072576 0.869247 
vt 0.076311 0.869247 
vt 0.08112 0.874254 
vt 0.083024 0.874254 
vt 0.090005 0.875945 
vt 0.054365 0.812973 
vt 0.045889 0.821621 
vt 0.044641 0.812973 
vt 0.053385 0.804324 
vt 0.043393 0.804324 
vt 0.051687 0.791391 
vt 0.041228 0.791391 
vt 0.0497 0.779218 
vt 0.038697 0.779218 
vt 0.030804 0.96966 
vt 0.030836 0.969691 
vt 0.03081 0.969686 
vt 0.284531 0.961396 
vt 0.284535 0.961392 
vt 0.286708 0.961088 
vt 0.103699 0.869247 
vt 0.09889 0.874254 
vt 0.096986 0.874254 
vt 0.090005 0.875945 
vt 0.107434 0.869247 
vt 0.109896 0.861114 
vt 0.115321 0.861114 
vt 0.115495 0.85017 
vt 0.122445 0.85017 
vt 0.120463 0.836835 
vt 0.128764 0.836835 
vt 0.124696 0.821621 
vt 0.134151 0.821621 
vt 0.125686 0.812973 
vt 0.134151 0.821621 
vt 0.13541 0.812973 
vt 0.126676 0.804324 
vt 0.136669 0.804324 
vt 0.128391 0.791391 
vt 0.138849 0.791391 
vt 0.130393 0.779218 
vt 0.141396 0.779218 
vt 0.030879 0.9697 
vt 0.030836 0.969691 
vt 0.030858 0.969721 
vt 0.030858 0.969721 
vt 0.030836 0.969691 
vt 0.030879 0.9697 
vt 0.269314 0.96076 
vt 0.269342 0.960939 
vt 0.271197 0.961406 
vt 0.083024 0.874254 
vt 0.080572 0.869247 
vt 0.085196 0.874254 
vt 0.090005 0.875945 
vt 0.076311 0.869247 
vt 0.076303 0.861114 
vt 0.070114 0.861114 
vt 0.072449 0.85017 
vt 0.06452 0.85017 
vt 0.069035 0.836835 
vt 0.059562 0.836835 
vt 0.066134 0.821621 
vt 0.055344 0.821621 
vt 0.06546 0.812973 
vt 0.055344 0.821621 
vt 0.054365 0.812973 
vt 0.064787 0.804324 
vt 0.054365 0.812973 
vt 0.053385 0.804324 
vt 0.06362 0.791391 
vt 0.051687 0.791391 
vt 0.062254 0.779218 
vt 0.0497 0.779218 
vt 0.120463 0.836835 
vt 0.113907 0.821621 
vt 0.124696 0.821621 
vt 0.110989 0.836835 
vt 0.115495 0.85017 
vt 0.107565 0.85017 
vt 0.109896 0.861114 
vt 0.103707 0.861114 
vt 0.103699 0.869247 
vt 0.099437 0.869247 
vt 0.096986 0.874254 
vt 0.094814 0.874254 
vt 0.090005 0.875945 
vt 0.114591 0.812973 
vt 0.124696 0.821621 
vt 0.125686 0.812973 
vt 0.115274 0.804324 
vt 0.125686 0.812973 
vt 0.126676 0.804324 
vt 0.116457 0.791391 
vt 0.128391 0.791391 
vt 0.117839 0.779218 
vt 0.130393 0.779218 
vt 0.099896 0.973021 
vt 0.098973 0.974972 
vt 0.09658 0.969862 
vt 0.300774 0.062965 
vt 0.291731 0.088178 
vt 0.212151 0.06297 
vt 0.228388 0.048269 
vt 0.291949 0.967447 
vt 0.293951 0.966396 
vt 0.294168 0.966526 
vt 0.072449 0.85017 
vt 0.069035 0.836835 
vt 0.079318 0.836835 
vt 0.077842 0.821621 
vt 0.081055 0.85017 
vt 0.066134 0.821621 
vt 0.076303 0.861114 
vt 0.077502 0.812973 
vt 0.08302 0.861114 
vt 0.06546 0.812973 
vt 0.080572 0.869247 
vt 0.077161 0.804324 
vt 0.085196 0.869247 
vt 0.064787 0.804324 
vt 0.085196 0.874254 
vt 0.07657 0.791391 
vt 0.087553 0.874254 
vt 0.088093 0.874626 
vt 0.090005 0.875945 
vt 0.06362 0.791391 
vt 0.075878 0.779218 
vt 0.062254 0.779218 
vt 0.09699 0.861114 
vt 0.099437 0.869247 
vt 0.094814 0.869247 
vt 0.103707 0.861114 
vt 0.094814 0.874254 
vt 0.098959 0.85017 
vt 0.092456 0.874254 
vt 0.09191 0.874631 
vt 0.090005 0.875945 
vt 0.107565 0.85017 
vt 0.100707 0.836835 
vt 0.110989 0.836835 
vt 0.102198 0.821621 
vt 0.113907 0.821621 
vt 0.102549 0.812973 
vt 0.114591 0.812973 
vt 0.1029 0.804324 
vt 0.115274 0.804324 
vt 0.103507 0.791391 
vt 0.116457 0.791391 
vt 0.104215 0.779218 
vt 0.117839 0.779218 
vt 0.254887 0.043458 
vt 0.200001 0.048269 
vt 0.193753 0.048269 
vt 0.200001 0.048269 
vt 0.151542 0.062583 
vt 0.162949 0.062776 
vt 0.031385 0.970106 
vt 0.031065 0.969913 
vt 0.031114 0.969868 
vt 0.098326 0.722619 
vt 0.107999 0.72446 
vt 0.100399 0.722619 
vt 0.093091 0.717168 
vt 0.089024 0.717168 
vt 0.086354 0.708315 
vt 0.080446 0.708315 
vt 0.080312 0.6964 
vt 0.072718 0.6964 
vt 0.126973 0.717168 
vt 0.135547 0.708315 
vt 0.129642 0.708315 
vt 0.135649 0.6964 
vt 0.143243 0.6964 
vt 0.122907 0.717168 
vt 0.117672 0.722619 
vt 0.115599 0.722619 
vt 0.107999 0.72446 
vt 0.107631 0.975693 
vt 0.111209 0.97075 
vt 0.10804 0.972311 
vt 0.030879 0.9697 
vt 0.030858 0.969721 
vt 0.030891 0.969742 
vt 0.024225 0.981108 
vt 0.024191 0.981165 
vt 0.024264 0.98114 
vt 0.292878 0.96915 
vt 0.291034 0.973327 
vt 0.292049 0.971137 
vt 0.079318 0.836835 
vt 0.077842 0.821621 
vt 0.083931 0.821621 
vt 0.083764 0.812973 
vt 0.084665 0.836835 
vt 0.077502 0.812973 
vt 0.081055 0.85017 
vt 0.083596 0.804324 
vt 0.085531 0.85017 
vt 0.077161 0.804324 
vt 0.08302 0.861114 
vt 0.083305 0.791391 
vt 0.086512 0.861114 
vt 0.07657 0.791391 
vt 0.082962 0.779218 
vt 0.075878 0.779218 
vt 0.085196 0.869247 
vt 0.087601 0.869247 
vt 0.087553 0.874254 
vt 0.088779 0.874254 
vt 0.088093 0.874626 
vt 0.089049 0.874254 
vt 0.090005 0.874254 
vt 0.090005 0.875945 
vt 0.090005 0.875945 
vt 0.090005 0.874254 
vt 0.09191 0.874631 
vt 0.090958 0.874254 
vt 0.091231 0.874254 
vt 0.092456 0.874254 
vt 0.092409 0.869247 
vt 0.094814 0.869247 
vt 0.093498 0.861114 
vt 0.09699 0.861114 
vt 0.094483 0.85017 
vt 0.098959 0.85017 
vt 0.09536 0.836835 
vt 0.100707 0.836835 
vt 0.096109 0.821621 
vt 0.102198 0.821621 
vt 0.096287 0.812973 
vt 0.102549 0.812973 
vt 0.096466 0.804324 
vt 0.1029 0.804324 
vt 0.096773 0.791391 
vt 0.103507 0.791391 
vt 0.097131 0.779218 
vt 0.104215 0.779218 
vt 0.030858 0.969721 
vt 0.030879 0.9697 
vt 0.030891 0.969742 
vt 0.275403 0.98623 
vt 0.275944 0.986295 
vt 0.275403 0.98623 
vt 0.275944 0.986295 
vt 0.275403 0.98623 
vt 0.275403 0.98623 
vt 0.275944 0.986295 
vt 0.275944 0.986295 
vt 0.024358 0.981182 
vt 0.024396 0.981326 
vt 0.02431 0.9812 
vt 0.024147 0.981073 
vt 0.024223 0.981109 
vt 0.024167 0.981134 
vt 0.024213 0.981068 
vt 0.024488 0.981268 
vt 0.024771 0.981292 
vt 0.024616 0.98145 
vt 0.024561 0.981151 
vt 0.024147 0.981073 
vt 0.024225 0.981108 
vt 0.024214 0.981074 
vt 0.02416 0.981123 
vt 0.254887 0.043458 
vt 0.228388 0.048269 
vt 0.200001 0.048269 
vt 0.212151 0.06297 
vt 0.200001 0.048269 
vt 0.162949 0.062776 
vt 0.031065 0.969913 
vt 0.031114 0.969868 
vt 0.030974 0.969803 
vt 0.024014 0.980803 
vt 0.024182 0.980974 
vt 0.02394 0.98093 
vt 0.024154 0.98102 
vt 0.024182 0.980974 
vt 0.024069 0.980858 
vt 0.02401 0.980958 
vt 0.024154 0.98102 
vt 0.031065 0.969913 
vt 0.030974 0.969803 
vt 0.031114 0.969868 
vt 0.008629 0.031759 
vt 0.008198 0.031798 
vt 0.008244 0.031798 
vt 0.008629 0.031759 
vt 0.008369 0.031798 
vt 0.008444 0.031798 
vt 0.008629 0.031759 
vt 0.008444 0.031798 
vt 0.008629 0.031798 
vt 0.008629 0.031759 
vt 0.008629 0.031798 
vt 0.008814 0.031798 
vt 0.008629 0.031759 
vt 0.008814 0.031798 
vt 0.008888 0.031798 
vt 0.008629 0.031759 
vt 0.009013 0.031798 
vt 0.00906 0.031798 
vt 0.024358 0.981182 
vt 0.024488 0.981268 
vt 0.024396 0.981326 
vt 0.289693 0.960851 
vt 0.288766 0.963922 
vt 0.288096 0.962426 
vt 0.28956 0.960545 
vt 0.008629 0.031759 
vt 0.008244 0.031798 
vt 0.008302 0.031798 
vt 0.008629 0.031759 
vt 0.008302 0.031798 
vt 0.008369 0.031798 
vt 0.008629 0.031759 
vt 0.008888 0.031798 
vt 0.008955 0.031798 
vt 0.008629 0.031759 
vt 0.008955 0.031798 
vt 0.009013 0.031798 
vt 0.168913 0.945854 
vt 0.174143 0.945468 
vt 0.171613 0.953929 
vt 0.175076 0.954128 
vt 0.181308 0.947614 
vt 0.178695 0.957913 
vt 0.174143 0.945468 
vt 0.011746 0.029783 
vt 0.00906 0.031798 
vt 0.011633 0.030237 
vt 0.02677 0.978752 
vt 0.028924 0.977731 
vt 0.025538 0.97536 
vt 0.02677 0.978752 
vt 0.025538 0.97536 
vt 0.028924 0.977731 
vt 0.030974 0.969803 
vt 0.030932 0.969734 
vt 0.030922 0.969779 
vt 0.030922 0.969779 
vt 0.030932 0.969734 
vt 0.030974 0.969803 
vt 0.275323 0.986082 
vt 0.275915 0.985987 
vt 0.275387 0.986052 
vt 0.301096 0.048269 
vt 0.300774 0.062965 
vt 0.228388 0.048269 
vt 0.254887 0.043458 
vt 0.024561 0.981151 
vt 0.024749 0.981317 
vt 0.02483 0.981069 
vt 0.024262 0.98114 
vt 0.02431 0.9812 
vt 0.02426 0.981199 
vt 0.275284 0.986178 
vt 0.274781 0.976471 
vt 0.272766 0.976331 
vt 0.276302 0.986307 
vt 0.024561 0.981151 
vt 0.02483 0.981069 
vt 0.024771 0.981292 
vt 0.024335 0.981193 
vt 0.024488 0.981268 
vt 0.024379 0.981166 
vt 0.024396 0.981326 
vt 0.293951 0.966396 
vt 0.290677 0.966412 
vt 0.289856 0.965064 
vt 0.291949 0.967447 
vt 0.275284 0.986178 
vt 0.274781 0.976471 
vt 0.276302 0.986307 
vt 0.272766 0.976331 
vt 0.278442 0.965826 
vt 0.276522 0.96369 
vt 0.278412 0.965786 
vt 0.079557 0.874254 
vt 0.090005 0.875945 
vt 0.078396 0.874254 
vt 0.06951 0.869247 
vt 0.067233 0.869247 
vt 0.060239 0.861114 
vt 0.056934 0.861114 
vt 0.051869 0.85017 
vt 0.047638 0.85017 
vt 0.039393 0.836835 
vt 0.051869 0.85017 
vt 0.044451 0.836835 
vt 0.024561 0.981151 
vt 0.024488 0.981268 
vt 0.024749 0.981317 
vt 0.101614 0.874254 
vt 0.090005 0.875945 
vt 0.100453 0.874254 
vt 0.110499 0.869247 
vt 0.112777 0.869247 
vt 0.119771 0.861114 
vt 0.123077 0.861114 
vt 0.128145 0.85017 
vt 0.132376 0.85017 
vt 0.140631 0.836835 
vt 0.128145 0.85017 
vt 0.135573 0.836835 
vt 0.114415 0.954011 
vt 0.11435 0.954441 
vt 0.114306 0.953858 
vt 0.114454 0.954599 
vt 0.030804 0.96966 
vt 0.03081 0.969686 
vt 0.030787 0.969671 
vt 0.030804 0.96966 
vt 0.030787 0.969671 
vt 0.03081 0.969686 
vt 0.289856 0.965064 
vt 0.288766 0.963922 
vt 0.289693 0.960851 
vt 0.024154 0.98102 
vt 0.024213 0.981068 
vt 0.024147 0.981073 
vt 0.024215 0.98103 
vt 0.024032 0.980446 
vt 0.02403 0.978333 
vt 0.022386 0.979279 
vt 0.024032 0.980446 
vt 0.022386 0.979279 
vt 0.02403 0.978333 
vt 0.024032 0.980446 
vt 0.024165 0.980787 
vt 0.024284 0.98076 
vt 0.024293 0.980424 
vt 0.114513 0.956272 
vt 0.114454 0.957796 
vt 0.114416 0.956119 
vt 0.114546 0.957949 
vt 0.114473 0.954695 
vt 0.114416 0.956119 
vt 0.114372 0.95454 
vt 0.114513 0.956272 
vt 0.030932 0.969734 
vt 0.030891 0.969742 
vt 0.030922 0.969779 
vt 0.275387 0.986052 
vt 0.275915 0.985987 
vt 0.275323 0.986082 
vt 0.275915 0.985987 
vt 0.276644 0.985963 
vt 0.276644 0.985963 
vt 0.116106 0.954695 
vt 0.116163 0.956119 
vt 0.116065 0.956272 
vt 0.116209 0.95454 
vt 0.030891 0.969742 
vt 0.030932 0.969734 
vt 0.030922 0.969779 
vt 0.115988 0.960193 
vt 0.11598 0.962012 
vt 0.115902 0.962166 
vt 0.116077 0.960039 
vt 0.116009 0.959071 
vt 0.115988 0.960193 
vt 0.1161 0.958918 
vt 0.11603 0.957949 
vt 0.116123 0.957796 
vt 0.116065 0.956272 
vt 0.116123 0.957796 
vt 0.11603 0.957949 
vt 0.116163 0.956119 
vt 0.027058 0.98278 
vt 0.027848 0.985431 
vt 0.025022 0.984211 
vt 0.02483 0.981069 
vt 0.027002 0.981787 
vt 0.027073 0.980327 
vt 0.02483 0.981069 
vt 0.027073 0.980327 
vt 0.027002 0.981787 
vt 0.275323 0.986082 
vt 0.275915 0.985987 
vt 0.275915 0.985987 
vt 0.276644 0.985963 
vt 0.02483 0.981069 
vt 0.027002 0.981787 
vt 0.024771 0.981292 
vt 0.024032 0.980446 
vt 0.024316 0.980764 
vt 0.024165 0.980787 
vt 0.024293 0.980424 
vt 0.027058 0.98278 
vt 0.025022 0.984211 
vt 0.027848 0.985431 
vt 0.024154 0.98102 
vt 0.024214 0.981074 
vt 0.024217 0.981033 
vt 0.024147 0.981073 
vt 0.02483 0.981069 
vt 0.024749 0.981317 
vt 0.027002 0.981787 
vt 0.28335 0.966842 
vt 0.282858 0.97613 
vt 0.282537 0.966921 
vt 0.282169 0.976323 
vt 0.282537 0.966921 
vt 0.280777 0.951479 
vt 0.279951 0.951526 
vt 0.282537 0.966921 
vt 0.282858 0.97613 
vt 0.28335 0.966842 
vt 0.282169 0.976323 
vt 0.280777 0.951479 
vt 0.282537 0.966921 
vt 0.279951 0.951526 
vt 0.024154 0.98102 
vt 0.024182 0.980974 
vt 0.024215 0.98103 
vt 0.281581 0.962056 
vt 0.279614 0.964003 
vt 0.279619 0.963994 
vt 0.281597 0.962049 
vt 0.281581 0.962056 
vt 0.284535 0.961392 
vt 0.281597 0.962049 
vt 0.024313 0.981134 
vt 0.02431 0.9812 
vt 0.024262 0.98114 
vt 0.022386 0.979279 
vt 0.024032 0.980446 
vt 0.023735 0.980623 
vt 0.024032 0.980446 
vt 0.022386 0.979279 
vt 0.023735 0.980623 
vt 0.024285 0.981202 
vt 0.024335 0.981193 
vt 0.02432 0.981141 
vt 0.024264 0.98114 
vt 0.024313 0.981134 
vt 0.024358 0.981182 
vt 0.02431 0.9812 
vt 0.024217 0.981033 
vt 0.024182 0.980974 
vt 0.024154 0.98102 
vt 0.290628 0.973826 
vt 0.292049 0.971137 
vt 0.291034 0.973327 
vt 0.288226 0.975234 
vt 0.290628 0.973826 
vt 0.288232 0.975232 
vt 0.020873 0.976309 
vt 0.022944 0.977811 
vt 0.021426 0.97917 
vt 0.022944 0.977811 
vt 0.020874 0.976309 
vt 0.021426 0.97917 
vt 0.024293 0.980424 
vt 0.02453 0.980493 
vt 0.024316 0.980764 
vt 0.024182 0.980974 
vt 0.024165 0.980787 
vt 0.024227 0.98094 
vt 0.024014 0.980803 
vt 0.024403 0.981135 
vt 0.024561 0.981151 
vt 0.024488 0.981268 
vt 0.024227 0.98094 
vt 0.024165 0.980787 
vt 0.024069 0.980858 
vt 0.024182 0.980974 
vt 0.115008 0.966369 
vt 0.114832 0.965161 
vt 0.114882 0.965314 
vt 0.114973 0.966216 
vt 0.114705 0.963742 
vt 0.114769 0.963895 
vt 0.114705 0.963742 
vt 0.114669 0.962166 
vt 0.114593 0.962012 
vt 0.114585 0.960193 
vt 0.114669 0.962166 
vt 0.114497 0.960039 
vt 0.114565 0.959071 
vt 0.114585 0.960193 
vt 0.114476 0.958918 
vt 0.114546 0.957949 
vt 0.114454 0.957796 
vt 0.276677 0.986319 
vt 0.275944 0.986295 
vt 0.275944 0.986295 
vt 0.276677 0.986319 
vt 0.276677 0.986319 
vt 0.275944 0.986295 
vt 0.276677 0.986319 
vt 0.275944 0.986295 
vt 0.024403 0.981135 
vt 0.024488 0.981268 
vt 0.024358 0.981182 
vt 0.02432 0.981141 
vt 0.024335 0.981193 
vt 0.024379 0.981166 
vt 0.024577 0.981012 
vt 0.02483 0.981069 
vt 0.024807 0.980856 
vt 0.094582 0.722619 
vt 0.107999 0.72446 
vt 0.094319 0.722619 
vt 0.024577 0.981012 
vt 0.024807 0.980856 
vt 0.02483 0.981069 
vt 0.291034 0.973327 
vt 0.288232 0.975232 
vt 0.290628 0.973826 
vt 0.121678 0.722619 
vt 0.107999 0.72446 
vt 0.121416 0.722619 
vt 0.039588 0.977044 
vt 0.031385 0.970107 
vt 0.031296 0.97016 
vt 0.030765 0.969663 
vt 0.030746 0.969629 
vt 0.03077 0.969646 
vt 0.030741 0.969648 
vt 0.030765 0.969663 
vt 0.030746 0.969629 
vt 0.030741 0.969648 
vt 0.03077 0.969646 
vt 0.039588 0.977044 
vt 0.031296 0.97016 
vt 0.031385 0.970106 
vt 0.024379 0.981166 
vt 0.024488 0.981268 
vt 0.02441 0.981124 
vt 0.024561 0.981151 
vt 0.275915 0.985987 
vt 0.276644 0.985963 
vt 0.276644 0.985963 
vt 0.275915 0.985987 
vt 0.276644 0.985963 
vt 0.275915 0.985987 
vt 0.024427 0.980798 
vt 0.024703 0.980656 
vt 0.02453 0.980493 
vt 0.115902 0.962166 
vt 0.115866 0.963742 
vt 0.115801 0.963895 
vt 0.11598 0.962012 
vt 0.115687 0.965314 
vt 0.115866 0.963742 
vt 0.115738 0.965161 
vt 0.115562 0.966369 
vt 0.115597 0.966216 
vt 0.024807 0.980856 
vt 0.027073 0.980327 
vt 0.026098 0.978887 
vt 0.024807 0.980856 
vt 0.026098 0.978887 
vt 0.027073 0.980327 
vt 0.024807 0.980856 
vt 0.027073 0.980327 
vt 0.02483 0.981069 
vt 0.024284 0.98076 
vt 0.02453 0.980493 
vt 0.024293 0.980424 
vt 0.024427 0.980798 
vt 0.024807 0.980856 
vt 0.02483 0.981069 
vt 0.027073 0.980327 
vt 0.02453 0.980493 
vt 0.026098 0.978887 
vt 0.02403 0.978333 
vt 0.024455 0.980813 
vt 0.02453 0.980493 
vt 0.024703 0.980656 
vt 0.024577 0.981012 
vt 0.02483 0.981069 
vt 0.024561 0.981151 
vt 0.02453 0.980493 
vt 0.02403 0.978333 
vt 0.026098 0.978887 
vt 0.024577 0.981012 
vt 0.024561 0.981151 
vt 0.02483 0.981069 
vt 0.088779 0.874254 
vt 0.088914 0.875436 
vt 0.089049 0.874254 
vt 0.089154 0.875436 
vt 0.089154 0.875436 
vt 0.090005 0.874254 
vt 0.090004 0.875436 
vt 0.090005 0.874254 
vt 0.09085 0.875436 
vt 0.090958 0.874254 
vt 0.090004 0.875436 
vt 0.091093 0.875436 
vt 0.09085 0.875436 
vt 0.091231 0.874254 
vt 0.024032 0.980446 
vt 0.02403 0.978333 
vt 0.024293 0.980424 
vt 0.024538 0.980901 
vt 0.024807 0.980856 
vt 0.024703 0.980656 
vt 0.024538 0.980901 
vt 0.024703 0.980656 
vt 0.024807 0.980856 
vt 0.024032 0.980446 
vt 0.024293 0.980424 
vt 0.02403 0.978333 
vt 0.275704 0.972958 
vt 0.272908 0.975054 
vt 0.275783 0.972973 
vt 0.115144 0.967019 
vt 0.114973 0.966216 
vt 0.115008 0.966369 
vt 0.114973 0.966216 
vt 0.115144 0.967019 
vt 0.115126 0.966865 
vt 0.115426 0.967019 
vt 0.115562 0.966369 
vt 0.115597 0.966216 
vt 0.115597 0.966216 
vt 0.115444 0.966865 
vt 0.115426 0.967019 
vt 0.030836 0.969691 
vt 0.030831 0.969704 
vt 0.03081 0.969686 
vt 0.030836 0.969691 
vt 0.03081 0.969686 
vt 0.030831 0.969704 
vt 0.030858 0.969721 
vt 0.030836 0.969691 
vt 0.030831 0.969704 
vt 0.030858 0.969721 
vt 0.030831 0.969704 
vt 0.030836 0.969691 
vt 0.031296 0.97016 
vt 0.031385 0.970107 
vt 0.031065 0.969913 
vt 0.274648 0.975801 
vt 0.275387 0.986052 
vt 0.27627 0.985976 
vt 0.272689 0.975944 
vt 0.274648 0.975801 
vt 0.27627 0.985976 
vt 0.275387 0.986052 
vt 0.272689 0.975944 
vt 0.272 0.976138 
vt 0.270662 0.966883 
vt 0.272689 0.975944 
vt 0.271475 0.966803 
vt 0.268798 0.951506 
vt 0.267972 0.951553 
vt 0.279614 0.964003 
vt 0.278442 0.965826 
vt 0.278412 0.965786 
vt 0.279619 0.963994 
vt 0.031296 0.97016 
vt 0.031065 0.969913 
vt 0.031385 0.970106 
vt 0.270662 0.966883 
vt 0.272689 0.975944 
vt 0.271475 0.966803 
vt 0.272 0.976138 
vt 0.268798 0.951506 
vt 0.267972 0.951553 
vt 0.024316 0.980764 
vt 0.02453 0.980493 
vt 0.024455 0.980813 
vt 0.090005 0.877127 
vt 0.090004 0.875436 
vt 0.090005 0.874254 
vt 0.090005 0.875945 
vt 0.024293 0.980424 
vt 0.02403 0.978333 
vt 0.02453 0.980493 
vt 0.024703 0.980656 
vt 0.026098 0.978887 
vt 0.024807 0.980856 
vt 0.024293 0.980424 
vt 0.02453 0.980493 
vt 0.02403 0.978333 
vt 0.024703 0.980656 
vt 0.024807 0.980856 
vt 0.026098 0.978887 
vt 0.024538 0.980901 
vt 0.024807 0.980856 
vt 0.024577 0.981012 
vt 0.024538 0.980901 
vt 0.024577 0.981012 
vt 0.024807 0.980856 
vt 0.276677 0.986319 
vt 0.277406 0.986295 
vt 0.276677 0.986319 
vt 0.276677 0.986319 
vt 0.277406 0.986295 
vt 0.276677 0.986319 
vt 0.024165 0.980787 
vt 0.024282 0.980928 
vt 0.024227 0.98094 
vt 0.024316 0.980764 
vt 0.027616 0.980742 
vt 0.02986 0.981733 
vt 0.027058 0.98278 
vt 0.027616 0.980742 
vt 0.027058 0.98278 
vt 0.02986 0.981733 
vt 0.024282 0.980928 
vt 0.024165 0.980787 
vt 0.024227 0.98094 
vt 0.024284 0.98076 
vt 0.024455 0.980813 
vt 0.024703 0.980656 
vt 0.024538 0.980901 
vt 0.277726 0.986256 
vt 0.28021 0.976467 
vt 0.282169 0.976323 
vt 0.277726 0.986256 
vt 0.282169 0.976323 
vt 0.28021 0.976467 
vt 0.02453 0.980493 
vt 0.026098 0.978887 
vt 0.024703 0.980656 
vt 0.02453 0.980493 
vt 0.024703 0.980656 
vt 0.026098 0.978887 
vt 0.174149 0.945469 
vt 0.175078 0.954129 
vt 0.181316 0.947618 
vt 0.178695 0.957916 
vt 0.277376 0.985987 
vt 0.276644 0.985963 
vt 0.277376 0.985987 
vt 0.276644 0.985963 
vt 0.277376 0.985987 
vt 0.276644 0.985963 
vt 0.276644 0.985963 
vt 0.277376 0.985987 
vt 0.02434 0.981112 
vt 0.024358 0.981182 
vt 0.024313 0.981134 
vt 0.024403 0.981135 
vt 0.024427 0.980798 
vt 0.024538 0.980901 
vt 0.024703 0.980656 
vt 0.024303 0.981126 
vt 0.024264 0.98114 
vt 0.02432 0.981141 
vt 0.024682 0.977598 
vt 0.025538 0.97536 
vt 0.02677 0.978752 
vt 0.024682 0.977598 
vt 0.02677 0.978752 
vt 0.025538 0.97536 
vt 0.293951 0.966396 
vt 0.293882 0.96631 
vt 0.29412 0.966511 
vt 0.024423 0.981073 
vt 0.024561 0.981151 
vt 0.024577 0.981012 
vt 0.024423 0.981073 
vt 0.024577 0.981012 
vt 0.024561 0.981151 
vt 0.28617 0.975893 
vt 0.285894 0.975537 
vt 0.286733 0.97675 
vt 0.287072 0.987815 
vt 0.286773 0.987174 
vt 0.286821 0.987163 
vt 0.287207 0.987881 
vt 0.024344 0.981107 
vt 0.024379 0.981166 
vt 0.02441 0.981124 
vt 0.288232 0.975232 
vt 0.28617 0.975893 
vt 0.288226 0.975234 
vt 0.285894 0.975537 
vt 0.024423 0.981073 
vt 0.024561 0.981151 
vt 0.024403 0.981135 
vt 0.024344 0.981107 
vt 0.02432 0.981141 
vt 0.024379 0.981166 
vt 0.031385 0.970107 
vt 0.031114 0.969868 
vt 0.031065 0.969913 
vt 0.031002 0.969934 
vt 0.030944 0.969824 
vt 0.19396 0.96869 
vt 0.185917 0.972082 
vt 0.191566 0.975664 
vt 0.186699 0.968688 
vt 0.02677 0.978752 
vt 0.028924 0.977731 
vt 0.027616 0.980742 
vt 0.02677 0.978752 
vt 0.027616 0.980742 
vt 0.028924 0.977731 
vt 0.185917 0.972082 
vt 0.19396 0.968693 
vt 0.191565 0.975664 
vt 0.186698 0.968688 
vt 0.024182 0.980974 
vt 0.024265 0.980993 
vt 0.024215 0.98103 
vt 0.024227 0.98094 
vt 0.024263 0.981007 
vt 0.024182 0.980974 
vt 0.024217 0.981033 
vt 0.024227 0.98094 
vt 0.024227 0.98094 
vt 0.024282 0.980928 
vt 0.024265 0.980993 
vt 0.024339 0.980939 
vt 0.024427 0.980798 
vt 0.024282 0.980928 
vt 0.269314 0.96076 
vt 0.268513 0.960541 
vt 0.269342 0.960939 
vt 0.024316 0.980764 
vt 0.024455 0.980813 
vt 0.024339 0.980939 
vt 0.031065 0.969913 
vt 0.030974 0.969803 
vt 0.030944 0.969824 
vt 0.289693 0.960851 
vt 0.28956 0.960545 
vt 0.289637 0.960777 
vt 0.031065 0.969913 
vt 0.030944 0.969824 
vt 0.030974 0.969803 
vt 0.024427 0.980798 
vt 0.024284 0.98076 
vt 0.024282 0.980928 
vt 0.024363 0.981074 
vt 0.024344 0.981107 
vt 0.02441 0.981124 
vt 0.024423 0.981073 
vt 0.024561 0.981151 
vt 0.289856 0.965064 
vt 0.289637 0.960777 
vt 0.288763 0.963922 
vt 0.024415 0.981019 
vt 0.024577 0.981012 
vt 0.024538 0.980901 
vt 0.024282 0.980928 
vt 0.024316 0.980764 
vt 0.024339 0.980939 
vt 0.024415 0.981019 
vt 0.024538 0.980901 
vt 0.024577 0.981012 
vt 0.024385 0.980971 
vt 0.024538 0.980901 
vt 0.024427 0.980798 
vt 0.293882 0.96631 
vt 0.289856 0.965064 
vt 0.290624 0.966346 
vt 0.293882 0.96631 
vt 0.291825 0.967387 
vt 0.29412 0.966511 
vt 0.024415 0.981019 
vt 0.024577 0.981012 
vt 0.024423 0.981073 
vt 0.024385 0.980971 
vt 0.024455 0.980813 
vt 0.024538 0.980901 
vt 0.024415 0.981019 
vt 0.024423 0.981073 
vt 0.024577 0.981012 
vt 0.030421 0.969622 
vt 0.02321 0.964987 
vt 0.030459 0.969487 
vt 0.022105 0.967687 
vt 0.030421 0.969622 
vt 0.02321 0.964987 
vt 0.022104 0.96769 
vt 0.030459 0.969487 
vt 0.289637 0.960777 
vt 0.288098 0.962435 
vt 0.288763 0.963922 
vt 0.277917 0.986052 
vt 0.277376 0.985987 
vt 0.277986 0.986082 
vt 0.277376 0.985987 
vt 0.277986 0.986082 
vt 0.277376 0.985987 
vt 0.277986 0.986082 
vt 0.277376 0.985987 
vt 0.277376 0.985987 
vt 0.277986 0.986082 
vt 0.277376 0.985987 
vt 0.277917 0.986052 
vt 0.02436 0.981076 
vt 0.024403 0.981135 
vt 0.02434 0.981112 
vt 0.024339 0.980939 
vt 0.024455 0.980813 
vt 0.024385 0.980971 
vt 0.024339 0.980939 
vt 0.024385 0.980971 
vt 0.024427 0.980798 
vt 0.024385 0.980971 
vt 0.024538 0.980901 
vt 0.024415 0.981019 
vt 0.024385 0.980971 
vt 0.024415 0.981019 
vt 0.024538 0.980901 
vt 0.28956 0.960545 
vt 0.289559 0.960522 
vt 0.289637 0.960777 
vt 0.274726 0.962927 
vt 0.271197 0.961406 
vt 0.2747 0.962915 
vt 0.276522 0.96369 
vt 0.289637 0.960777 
vt 0.289559 0.960522 
vt 0.288098 0.962435 
vt 0.024363 0.981074 
vt 0.024423 0.981073 
vt 0.024415 0.981019 
vt 0.02441 0.981124 
vt 0.02436 0.981076 
vt 0.024415 0.981019 
vt 0.024423 0.981073 
vt 0.02436 0.981076 
vt 0.024403 0.981135 
vt 0.024223 0.981109 
vt 0.024213 0.981068 
vt 0.024246 0.981075 
vt 0.030666 0.969662 
vt 0.030459 0.969487 
vt 0.030675 0.969609 
vt 0.030421 0.969622 
vt 0.024299 0.981001 
vt 0.024339 0.980939 
vt 0.024282 0.980928 
vt 0.030666 0.969662 
vt 0.030459 0.969487 
vt 0.030421 0.969622 
vt 0.030675 0.969609 
vt 0.278011 0.986093 
vt 0.280077 0.975797 
vt 0.277376 0.985987 
vt 0.282092 0.975937 
vt 0.282092 0.975937 
vt 0.278011 0.986093 
vt 0.280077 0.975797 
vt 0.277376 0.985987 
vt 0.280587 0.978738 
vt 0.278652 0.980255 
vt 0.278665 0.980259 
vt 0.281145 0.977894 
vt 0.277934 0.98623 
vt 0.277934 0.98623 
vt 0.278122 0.986141 
vt 0.277986 0.986082 
vt 0.277934 0.98623 
vt 0.277406 0.986295 
vt 0.277406 0.986295 
vt 0.276677 0.986319 
vt 0.030944 0.969824 
vt 0.030974 0.969803 
vt 0.030922 0.969779 
vt 0.277986 0.986082 
vt 0.278122 0.986141 
vt 0.277934 0.98623 
vt 0.277934 0.98623 
vt 0.277934 0.98623 
vt 0.277406 0.986295 
vt 0.277406 0.986295 
vt 0.276677 0.986319 
vt 0.024282 0.980928 
vt 0.024309 0.981005 
vt 0.024265 0.980993 
vt 0.024339 0.980939 
vt 0.030944 0.969824 
vt 0.030922 0.969779 
vt 0.030974 0.969803 
vt 0.024215 0.98103 
vt 0.024265 0.980993 
vt 0.024254 0.981027 
vt 0.02427 0.981093 
vt 0.024225 0.981108 
vt 0.024264 0.98114 
vt 0.289559 0.960522 
vt 0.288293 0.961053 
vt 0.288098 0.962435 
vt 0.29412 0.966511 
vt 0.291825 0.967387 
vt 0.293325 0.967611 
vt 0.293951 0.966396 
vt 0.29412 0.966511 
vt 0.294168 0.966526 
vt 0.024223 0.981109 
vt 0.024246 0.981075 
vt 0.024272 0.981109 
vt 0.024262 0.98114 
vt 0.024342 0.981016 
vt 0.024385 0.980971 
vt 0.024339 0.980939 
vt 0.285646 0.985167 
vt 0.286821 0.987163 
vt 0.286773 0.987174 
vt 0.293951 0.966396 
vt 0.289856 0.965064 
vt 0.289856 0.965064 
vt 0.293882 0.96631 
vt 0.024263 0.981007 
vt 0.024217 0.981033 
vt 0.024239 0.981032 
vt 0.024342 0.981016 
vt 0.024415 0.981019 
vt 0.024385 0.980971 
vt 0.287207 0.987881 
vt 0.287361 0.983805 
vt 0.286515 0.985931 
vt 0.024272 0.981109 
vt 0.024313 0.981134 
vt 0.024262 0.98114 
vt 0.287539 0.981662 
vt 0.28739 0.978639 
vt 0.287539 0.97933 
vt 0.287544 0.981825 
vt 0.114473 0.954695 
vt 0.11435 0.954441 
vt 0.114454 0.954599 
vt 0.114372 0.95454 
vt 0.024309 0.981005 
vt 0.024339 0.980939 
vt 0.024385 0.980971 
vt 0.116209 0.95454 
vt 0.116106 0.954695 
vt 0.116231 0.954441 
vt 0.116126 0.954599 
vt 0.03081 0.969686 
vt 0.030819 0.969709 
vt 0.030831 0.969704 
vt 0.024299 0.981001 
vt 0.024342 0.981016 
vt 0.024339 0.980939 
vt 0.03081 0.969686 
vt 0.030831 0.969704 
vt 0.030819 0.969709 
vt 0.024336 0.981028 
vt 0.024385 0.980971 
vt 0.024415 0.981019 
vt 0.030848 0.969728 
vt 0.030858 0.969721 
vt 0.030831 0.969704 
vt 0.030848 0.969728 
vt 0.030891 0.969742 
vt 0.030867 0.969754 
vt 0.030848 0.969728 
vt 0.030831 0.969704 
vt 0.030858 0.969721 
vt 0.030891 0.969742 
vt 0.030848 0.969728 
vt 0.030867 0.969754 
vt 0.024309 0.981005 
vt 0.024385 0.980971 
vt 0.024336 0.981028 
vt 0.024303 0.981126 
vt 0.02427 0.981093 
vt 0.024264 0.98114 
vt 0.024239 0.981032 
vt 0.024217 0.981033 
vt 0.024214 0.981074 
vt 0.02427 0.981093 
vt 0.024214 0.981074 
vt 0.024225 0.981108 
vt 0.277726 0.986256 
vt 0.282169 0.976323 
vt 0.282858 0.97613 
vt 0.278011 0.986093 
vt 0.277406 0.986295 
vt 0.277376 0.985987 
vt 0.276677 0.986319 
vt 0.277934 0.98623 
vt 0.277986 0.986082 
vt 0.276644 0.985963 
vt 0.275944 0.986295 
vt 0.275915 0.985987 
vt 0.275403 0.98623 
vt 0.275323 0.986082 
vt 0.277376 0.985987 
vt 0.277986 0.986082 
vt 0.277934 0.98623 
vt 0.277406 0.986295 
vt 0.276677 0.986319 
vt 0.276644 0.985963 
vt 0.275944 0.986295 
vt 0.275915 0.985987 
vt 0.275403 0.98623 
vt 0.275323 0.986082 
vt 0.024344 0.981107 
vt 0.024303 0.981126 
vt 0.02432 0.981141 
vt 0.278011 0.986093 
vt 0.282858 0.97613 
vt 0.277726 0.986256 
vt 0.282169 0.976323 
vt 0.024215 0.98103 
vt 0.024254 0.981027 
vt 0.024213 0.981068 
vt 0.024342 0.981016 
vt 0.024363 0.981074 
vt 0.024415 0.981019 
vt 0.024213 0.981068 
vt 0.024254 0.981027 
vt 0.024246 0.981075 
vt 0.289856 0.965064 
vt 0.289693 0.960851 
vt 0.289856 0.965064 
vt 0.289637 0.960777 
vt 0.188288 0.952986 
vt 0.184709 0.961912 
vt 0.178695 0.957913 
vt 0.181308 0.947614 
vt 0.289432 0.966965 
vt 0.289856 0.965064 
vt 0.288668 0.965975 
vt 0.290624 0.966346 
vt 0.287891 0.964955 
vt 0.289856 0.965064 
vt 0.288763 0.963922 
vt 0.288668 0.965975 
vt 0.181316 0.947618 
vt 0.178695 0.957916 
vt 0.188292 0.95299 
vt 0.18471 0.961913 
vt 0.03119 0.970193 
vt 0.037907 0.978317 
vt 0.031296 0.97016 
vt 0.039588 0.977044 
vt 0.030922 0.969779 
vt 0.030891 0.969742 
vt 0.030867 0.969754 
vt 0.037908 0.978317 
vt 0.03119 0.970193 
vt 0.031296 0.97016 
vt 0.039588 0.977044 
vt 0.277917 0.986052 
vt 0.277986 0.986082 
vt 0.278122 0.986141 
vt 0.030922 0.969779 
vt 0.030867 0.969754 
vt 0.030891 0.969742 
vt 0.277352 0.975747 
vt 0.274648 0.975801 
vt 0.27627 0.985976 
vt 0.276932 0.966709 
vt 0.277352 0.975747 
vt 0.27377 0.96674 
vt 0.274311 0.951432 
vt 0.271118 0.951462 
vt 0.277917 0.986052 
vt 0.278122 0.986141 
vt 0.277986 0.986082 
vt 0.277352 0.975747 
vt 0.27627 0.985976 
vt 0.274648 0.975801 
vt 0.276932 0.966709 
vt 0.277352 0.975747 
vt 0.27377 0.96674 
vt 0.274311 0.951432 
vt 0.271118 0.951462 
vt 0.024264 0.981064 
vt 0.024214 0.981074 
vt 0.02427 0.981093 
vt 0.27377 0.96674 
vt 0.272689 0.975944 
vt 0.274648 0.975801 
vt 0.271475 0.966803 
vt 0.271118 0.951462 
vt 0.268798 0.951506 
vt 0.272689 0.975944 
vt 0.27377 0.96674 
vt 0.274648 0.975801 
vt 0.271475 0.966803 
vt 0.271118 0.951462 
vt 0.268798 0.951506 
vt 0.030742 0.969676 
vt 0.030675 0.969609 
vt 0.030741 0.969648 
vt 0.030666 0.969662 
vt 0.024264 0.981064 
vt 0.024239 0.981032 
vt 0.024214 0.981074 
vt 0.030675 0.969609 
vt 0.030742 0.969676 
vt 0.030741 0.969648 
vt 0.030666 0.969662 
vt 0.291825 0.967387 
vt 0.290624 0.966346 
vt 0.290371 0.967949 
vt 0.277376 0.985987 
vt 0.277352 0.975747 
vt 0.27627 0.985976 
vt 0.280077 0.975797 
vt 0.280113 0.96672 
vt 0.277352 0.975747 
vt 0.276932 0.966709 
vt 0.277521 0.951425 
vt 0.274311 0.951432 
vt 0.280077 0.975797 
vt 0.277376 0.985987 
vt 0.277352 0.975747 
vt 0.27627 0.985976 
vt 0.280113 0.96672 
vt 0.277352 0.975747 
vt 0.276932 0.966709 
vt 0.277521 0.951425 
vt 0.274311 0.951432 
vt 0.288098 0.962435 
vt 0.287177 0.963766 
vt 0.288763 0.963922 
vt 0.186698 0.968688 
vt 0.192865 0.960744 
vt 0.19396 0.968693 
vt 0.184709 0.961912 
vt 0.186699 0.968688 
vt 0.192865 0.960743 
vt 0.18471 0.961913 
vt 0.19396 0.96869 
vt 0.287361 0.983805 
vt 0.287539 0.981662 
vt 0.287544 0.981825 
vt 0.290624 0.966346 
vt 0.289432 0.966965 
vt 0.290371 0.967949 
vt 0.024302 0.981086 
vt 0.024313 0.981134 
vt 0.024272 0.981109 
vt 0.030787 0.969671 
vt 0.030765 0.969663 
vt 0.03077 0.969646 
vt 0.030793 0.969698 
vt 0.030765 0.969663 
vt 0.030773 0.969695 
vt 0.03081 0.969686 
vt 0.030819 0.969709 
vt 0.030787 0.969671 
vt 0.030765 0.969663 
vt 0.030787 0.969671 
vt 0.03077 0.969646 
vt 0.030765 0.969663 
vt 0.030793 0.969698 
vt 0.030773 0.969695 
vt 0.030819 0.969709 
vt 0.03081 0.969686 
vt 0.030787 0.969671 
vt 0.024307 0.98109 
vt 0.024303 0.981126 
vt 0.024344 0.981107 
vt 0.288763 0.963922 
vt 0.287177 0.963766 
vt 0.287891 0.964955 
vt 0.031002 0.969934 
vt 0.03119 0.970193 
vt 0.031065 0.969913 
vt 0.031296 0.97016 
vt 0.031002 0.969934 
vt 0.031065 0.969913 
vt 0.03119 0.970193 
vt 0.031296 0.97016 
vt 0.024307 0.98109 
vt 0.02427 0.981093 
vt 0.024303 0.981126 
vt 0.024302 0.981086 
vt 0.02434 0.981112 
vt 0.024313 0.981134 
vt 0.287207 0.987881 
vt 0.286515 0.985931 
vt 0.287072 0.987815 
vt 0.030819 0.969709 
vt 0.030848 0.969728 
vt 0.030831 0.969704 
vt 0.030819 0.969709 
vt 0.030831 0.969704 
vt 0.030848 0.969728 
vt 0.031002 0.969934 
vt 0.030944 0.969824 
vt 0.031065 0.969913 
vt 0.024332 0.981052 
vt 0.024363 0.981074 
vt 0.024342 0.981016 
vt 0.288098 0.962435 
vt 0.288293 0.961053 
vt 0.286663 0.961688 
vt 0.286708 0.961088 
vt 0.288098 0.962435 
vt 0.286763 0.962514 
vt 0.287177 0.963766 
vt 0.286663 0.961688 
vt 0.286763 0.962514 
vt 0.024336 0.981028 
vt 0.02436 0.981076 
vt 0.024341 0.981063 
vt 0.024285 0.981062 
vt 0.024264 0.981064 
vt 0.02427 0.981093 
vt 0.291825 0.967387 
vt 0.291504 0.968703 
vt 0.29229 0.969021 
vt 0.291825 0.967387 
vt 0.290371 0.967949 
vt 0.291504 0.968703 
vt 0.024265 0.980993 
vt 0.024309 0.981005 
vt 0.024254 0.981027 
vt 0.024272 0.981109 
vt 0.024246 0.981075 
vt 0.024278 0.981079 
vt 0.024254 0.981027 
vt 0.024292 0.981056 
vt 0.024246 0.981075 
vt 0.024285 0.981062 
vt 0.024239 0.981032 
vt 0.024264 0.981064 
vt 0.293325 0.967611 
vt 0.291825 0.967387 
vt 0.29229 0.969021 
vt 0.292878 0.96915 
vt 0.024336 0.981028 
vt 0.024415 0.981019 
vt 0.02436 0.981076 
vt 0.024309 0.981005 
vt 0.024292 0.981056 
vt 0.024341 0.981063 
vt 0.02436 0.981076 
vt 0.02434 0.981112 
vt 0.024285 0.981062 
vt 0.024263 0.981007 
vt 0.024239 0.981032 
vt 0.024307 0.98109 
vt 0.024332 0.981052 
vt 0.024282 0.980928 
vt 0.024299 0.981001 
vt 0.024227 0.98094 
vt 0.024278 0.981079 
vt 0.024292 0.981056 
vt 0.024302 0.981086 
vt 0.024302 0.981086 
vt 0.024272 0.981109 
vt 0.024285 0.981062 
vt 0.02427 0.981093 
vt 0.024307 0.98109 
vt 0.024332 0.981052 
vt 0.024344 0.981107 
vt 0.024363 0.981074 
vt 0.024302 0.981086 
vt 0.024341 0.981063 
vt 0.02434 0.981112 
vt 0.287891 0.964955 
vt 0.287415 0.966309 
vt 0.288668 0.965975 
vt 0.024254 0.981027 
vt 0.024309 0.981005 
vt 0.024292 0.981056 
vt 0.024332 0.981052 
vt 0.024307 0.98109 
vt 0.024344 0.981107 
vt 0.024285 0.981062 
vt 0.024299 0.981001 
vt 0.024263 0.981007 
vt 0.030883 0.969786 
vt 0.030922 0.969779 
vt 0.030867 0.969754 
vt 0.030883 0.969786 
vt 0.030867 0.969754 
vt 0.030922 0.969779 
vt 0.030765 0.969663 
vt 0.030773 0.969695 
vt 0.030742 0.969676 
vt 0.030741 0.969648 
vt 0.030773 0.969695 
vt 0.030765 0.969663 
vt 0.030742 0.969676 
vt 0.030741 0.969648 
vt 0.024299 0.981001 
vt 0.024332 0.981052 
vt 0.024342 0.981016 
vt 0.270058 0.962602 
vt 0.269342 0.960939 
vt 0.269312 0.961395 
vt 0.285391 0.984653 
vt 0.2846 0.982858 
vt 0.284588 0.982831 
vt 0.287891 0.964955 
vt 0.286387 0.964949 
vt 0.287415 0.966309 
vt 0.287177 0.963766 
vt 0.290371 0.967949 
vt 0.288607 0.967873 
vt 0.289443 0.968825 
vt 0.289432 0.966965 
vt 0.024292 0.981056 
vt 0.024341 0.981063 
vt 0.024302 0.981086 
vt 0.288607 0.967873 
vt 0.288668 0.965975 
vt 0.287415 0.966309 
vt 0.289432 0.966965 
vt 0.024332 0.981052 
vt 0.024299 0.981001 
vt 0.024285 0.981062 
vt 0.282092 0.975937 
vt 0.282463 0.966768 
vt 0.280077 0.975797 
vt 0.280113 0.96672 
vt 0.279887 0.951442 
vt 0.277521 0.951425 
vt 0.282463 0.966768 
vt 0.282092 0.975937 
vt 0.280077 0.975797 
vt 0.280113 0.96672 
vt 0.279887 0.951442 
vt 0.277521 0.951425 
vt 0.024336 0.981028 
vt 0.024341 0.981063 
vt 0.024292 0.981056 
vt 0.276827 0.975038 
vt 0.275768 0.977445 
vt 0.275787 0.977399 
vt 0.276807 0.975038 
vt 0.283245 0.979773 
vt 0.2846 0.982858 
vt 0.283237 0.979733 
vt 0.284588 0.982831 
vt 0.278011 0.986093 
vt 0.282858 0.97613 
vt 0.282092 0.975937 
vt 0.282858 0.97613 
vt 0.28335 0.966842 
vt 0.282463 0.966768 
vt 0.280777 0.951479 
vt 0.279887 0.951442 
vt 0.292878 0.96915 
vt 0.29229 0.969021 
vt 0.291796 0.970498 
vt 0.278011 0.986093 
vt 0.282092 0.975937 
vt 0.282858 0.97613 
vt 0.28335 0.966842 
vt 0.282858 0.97613 
vt 0.282463 0.966768 
vt 0.280777 0.951479 
vt 0.279887 0.951442 
vt 0.287177 0.963766 
vt 0.285921 0.964115 
vt 0.286387 0.964949 
vt 0.290371 0.967949 
vt 0.290853 0.969935 
vt 0.291504 0.968703 
vt 0.289443 0.968825 
vt 0.286763 0.962514 
vt 0.285921 0.964115 
vt 0.287177 0.963766 
vt 0.285428 0.962894 
vt 0.287361 0.983805 
vt 0.287357 0.983649 
vt 0.286515 0.985931 
vt 0.092969 0.619157 
vt 0.108036 0.618326 
vt 0.092609 0.618326 
vt 0.108035 0.619157 
vt 0.108035 0.619157 
vt 0.123101 0.619157 
vt 0.108036 0.618326 
vt 0.123463 0.618326 
vt 0.078407 0.619157 
vt 0.092609 0.618326 
vt 0.077703 0.618326 
vt 0.092969 0.619157 
vt 0.123101 0.619157 
vt 0.137588 0.619157 
vt 0.123463 0.618326 
vt 0.138297 0.618326 
vt 0.030944 0.969824 
vt 0.030922 0.969779 
vt 0.030883 0.969786 
vt 0.030906 0.969826 
vt 0.030944 0.969824 
vt 0.075878 0.779218 
vt 0.082794 0.778455 
vt 0.082962 0.779218 
vt 0.07554 0.778455 
vt 0.097302 0.778455 
vt 0.104215 0.779218 
vt 0.097131 0.779218 
vt 0.104555 0.778455 
vt 0.030906 0.969826 
vt 0.030883 0.969786 
vt 0.030944 0.969824 
vt 0.030944 0.969824 
vt 0.030922 0.969779 
vt 0.18471 0.961913 
vt 0.192865 0.960743 
vt 0.188292 0.95299 
vt 0.184709 0.961912 
vt 0.188288 0.952986 
vt 0.192865 0.960744 
vt 0.062254 0.779218 
vt 0.07554 0.778455 
vt 0.075878 0.779218 
vt 0.06159 0.778455 
vt 0.06454 0.619157 
vt 0.077703 0.618326 
vt 0.063503 0.618326 
vt 0.078407 0.619157 
vt 0.137588 0.619157 
vt 0.151131 0.619157 
vt 0.138297 0.618326 
vt 0.152158 0.618326 
vt 0.104555 0.778455 
vt 0.117839 0.779218 
vt 0.104215 0.779218 
vt 0.118505 0.778455 
vt 0.090041 0.780411 
vt 0.095052 0.779673 
vt 0.094934 0.780411 
vt 0.090042 0.779674 
vt 0.094545 0.942441 
vt 0.094694 0.942355 
vt 0.094708 0.942441 
vt 0.094528 0.942355 
vt 0.090041 0.780411 
vt 0.085013 0.779673 
vt 0.090042 0.779674 
vt 0.085129 0.780411 
vt 0.110132 0.939275 
vt 0.109759 0.939061 
vt 0.110177 0.939061 
vt 0.109724 0.939275 
vt 0.062254 0.779218 
vt 0.0497 0.779218 
vt 0.06159 0.778455 
vt 0.048735 0.778455 
vt 0.052288 0.619157 
vt 0.063503 0.618326 
vt 0.050955 0.618326 
vt 0.06454 0.619157 
vt 0.164782 0.618326 
vt 0.152158 0.618326 
vt 0.163457 0.619157 
vt 0.151131 0.619157 
vt 0.118505 0.778455 
vt 0.130393 0.779218 
vt 0.117839 0.779218 
vt 0.13136 0.778455 
vt 0.0497 0.779218 
vt 0.038697 0.779218 
vt 0.048735 0.778455 
vt 0.037469 0.778455 
vt 0.042313 0.619157 
vt 0.050955 0.618326 
vt 0.040741 0.618326 
vt 0.052288 0.619157 
vt 0.173621 0.619157 
vt 0.164782 0.618326 
vt 0.163457 0.619157 
vt 0.175191 0.618326 
vt 0.13136 0.778455 
vt 0.141396 0.779218 
vt 0.130393 0.779218 
vt 0.142626 0.778455 
vt 0.287415 0.966309 
vt 0.286387 0.964949 
vt 0.285973 0.966259 
vt 0.038697 0.779218 
vt 0.029668 0.779218 
vt 0.037469 0.778455 
vt 0.028224 0.778455 
vt 0.29229 0.969021 
vt 0.291504 0.968703 
vt 0.290853 0.969935 
vt 0.291796 0.970498 
vt 0.03501 0.619157 
vt 0.040741 0.618326 
vt 0.033263 0.618326 
vt 0.042313 0.619157 
vt 0.150425 0.779218 
vt 0.142626 0.778455 
vt 0.151871 0.778455 
vt 0.141396 0.779218 
vt 0.181078 0.619157 
vt 0.175191 0.618326 
vt 0.173621 0.619157 
vt 0.182827 0.618326 
vt 0.286663 0.961688 
vt 0.285428 0.962894 
vt 0.286763 0.962514 
vt 0.285108 0.961784 
vt 0.029668 0.779218 
vt 0.02296 0.779218 
vt 0.028224 0.778455 
vt 0.021355 0.778455 
vt 0.033263 0.618326 
vt 0.030513 0.619157 
vt 0.03501 0.619157 
vt 0.028658 0.618326 
vt 0.185575 0.619157 
vt 0.182827 0.618326 
vt 0.181078 0.619157 
vt 0.187432 0.618326 
vt 0.157133 0.779218 
vt 0.151871 0.778455 
vt 0.15874 0.778455 
vt 0.150425 0.779218 
vt 0.02296 0.779218 
vt 0.01883 0.779218 
vt 0.021355 0.778455 
vt 0.017126 0.778455 
vt 0.028658 0.618326 
vt 0.027104 0.618326 
vt 0.030513 0.619157 
vt 0.028995 0.619157 
vt 0.285646 0.985167 
vt 0.286773 0.987174 
vt 0.285391 0.984653 
vt 0.015698 0.778455 
vt 0.017126 0.778455 
vt 0.017435 0.779218 
vt 0.01883 0.779218 
vt 0.185575 0.619157 
vt 0.188986 0.618326 
vt 0.187432 0.618326 
vt 0.187093 0.619157 
vt 0.161263 0.779218 
vt 0.15874 0.778455 
vt 0.162969 0.778455 
vt 0.157133 0.779218 
vt 0.281367 0.977611 
vt 0.281682 0.978761 
vt 0.281145 0.977894 
vt 0.281682 0.978761 
vt 0.162658 0.779218 
vt 0.162969 0.778455 
vt 0.164397 0.778455 
vt 0.161263 0.779218 
vt 0.28627 0.967815 
vt 0.288607 0.967873 
vt 0.287415 0.966309 
vt 0.287718 0.968533 
vt 0.031002 0.969934 
vt 0.030944 0.969824 
vt 0.030906 0.969826 
vt 0.031002 0.969934 
vt 0.030906 0.969826 
vt 0.030944 0.969824 
vt 0.284588 0.982831 
vt 0.285646 0.985167 
vt 0.285391 0.984653 
vt 0.270183 0.962741 
vt 0.272475 0.965207 
vt 0.272486 0.965218 
vt 0.273536 0.966806 
vt 0.273909 0.967754 
vt 0.273618 0.967715 
vt 0.030867 0.969754 
vt 0.030823 0.969733 
vt 0.030848 0.969728 
vt 0.030819 0.969709 
vt 0.030848 0.969728 
vt 0.030819 0.969709 
vt 0.030823 0.969733 
vt 0.030867 0.969754 
vt 0.286387 0.964949 
vt 0.285921 0.964115 
vt 0.285088 0.965049 
vt 0.030421 0.969622 
vt 0.030604 0.969762 
vt 0.030666 0.969662 
vt 0.030421 0.969622 
vt 0.030666 0.969662 
vt 0.030604 0.969762 
vt 0.287718 0.968533 
vt 0.289443 0.968825 
vt 0.288607 0.967873 
vt 0.288679 0.969724 
vt 0.28739 0.978639 
vt 0.286733 0.97675 
vt 0.287539 0.97933 
vt 0.287415 0.966309 
vt 0.285973 0.966259 
vt 0.28627 0.967815 
vt 0.286708 0.961088 
vt 0.285108 0.961784 
vt 0.286663 0.961688 
vt 0.284535 0.961392 
vt 0.030421 0.969622 
vt 0.022155 0.97203 
vt 0.022105 0.967687 
vt 0.030604 0.969762 
vt 0.289443 0.968825 
vt 0.289865 0.970915 
vt 0.290853 0.969935 
vt 0.288679 0.969724 
vt 0.030421 0.969622 
vt 0.022164 0.972044 
vt 0.030604 0.969762 
vt 0.022104 0.96769 
vt 0.269342 0.960939 
vt 0.270058 0.962602 
vt 0.270986 0.961777 
vt 0.28627 0.967815 
vt 0.286654 0.968741 
vt 0.287718 0.968533 
vt 0.28627 0.967815 
vt 0.285973 0.966259 
vt 0.285475 0.967205 
vt 0.285921 0.964115 
vt 0.285428 0.962894 
vt 0.284188 0.963509 
vt 0.285088 0.965049 
vt 0.030948 0.970072 
vt 0.034448 0.979267 
vt 0.03119 0.970193 
vt 0.037907 0.978317 
vt 0.034448 0.979268 
vt 0.030948 0.970072 
vt 0.03119 0.970193 
vt 0.037908 0.978317 
vt 0.286387 0.964949 
vt 0.285088 0.965049 
vt 0.285973 0.966259 
vt 0.269312 0.961395 
vt 0.270183 0.962741 
vt 0.270058 0.962602 
vt 0.030823 0.969733 
vt 0.030819 0.969709 
vt 0.030793 0.969698 
vt 0.030948 0.970072 
vt 0.03119 0.970193 
vt 0.031002 0.969934 
vt 0.030819 0.969709 
vt 0.030823 0.969733 
vt 0.030793 0.969698 
vt 0.030948 0.970072 
vt 0.031002 0.969934 
vt 0.03119 0.970193 
vt 0.276807 0.975038 
vt 0.272931 0.97504 
vt 0.276827 0.975038 
vt 0.290853 0.969935 
vt 0.289865 0.970915 
vt 0.290958 0.971877 
vt 0.291796 0.970498 
vt 0.284188 0.963509 
vt 0.285108 0.961784 
vt 0.284535 0.961392 
vt 0.285428 0.962894 
vt 0.275463 0.978858 
vt 0.275787 0.977399 
vt 0.275768 0.977445 
vt 0.270183 0.962741 
vt 0.272486 0.965218 
vt 0.270058 0.962602 
vt 0.285088 0.965049 
vt 0.285026 0.966658 
vt 0.285973 0.966259 
vt 0.284562 0.966076 
vt 0.287361 0.983805 
vt 0.287544 0.981825 
vt 0.287357 0.983649 
vt 0.287066 0.969316 
vt 0.288679 0.969724 
vt 0.287718 0.968533 
vt 0.287759 0.97026 
vt 0.275558 0.971401 
vt 0.273585 0.971954 
vt 0.275783 0.972973 
vt 0.272165 0.97076 
vt 0.270986 0.961777 
vt 0.272486 0.965218 
vt 0.273956 0.965535 
vt 0.273956 0.965535 
vt 0.272486 0.965218 
vt 0.273536 0.966806 
vt 0.287718 0.968533 
vt 0.286654 0.968741 
vt 0.287066 0.969316 
vt 0.275783 0.972973 
vt 0.272908 0.975054 
vt 0.276807 0.975038 
vt 0.030948 0.970072 
vt 0.031002 0.969934 
vt 0.030906 0.969826 
vt 0.269312 0.961395 
vt 0.269342 0.960939 
vt 0.268513 0.960541 
vt 0.272931 0.97504 
vt 0.276807 0.975038 
vt 0.272908 0.975054 
vt 0.030948 0.970072 
vt 0.030906 0.969826 
vt 0.031002 0.969934 
vt 0.03076 0.969727 
vt 0.030666 0.969662 
vt 0.030742 0.969676 
vt 0.030604 0.969762 
vt 0.03076 0.969727 
vt 0.030666 0.969662 
vt 0.030604 0.969762 
vt 0.030742 0.969676 
vt 0.030773 0.969695 
vt 0.03076 0.969727 
vt 0.030742 0.969676 
vt 0.03076 0.969727 
vt 0.030773 0.969695 
vt 0.030742 0.969676 
vt 0.289865 0.970915 
vt 0.289554 0.972641 
vt 0.290958 0.971877 
vt 0.291034 0.973327 
vt 0.291796 0.970498 
vt 0.292878 0.96915 
vt 0.270986 0.961777 
vt 0.270058 0.962602 
vt 0.272486 0.965218 
vt 0.285088 0.965049 
vt 0.283492 0.964744 
vt 0.284057 0.965452 
vt 0.284188 0.963509 
vt 0.273153 0.971698 
vt 0.275704 0.972958 
vt 0.273585 0.971954 
vt 0.030883 0.969786 
vt 0.030823 0.969733 
vt 0.030816 0.969753 
vt 0.030867 0.969754 
vt 0.030883 0.969786 
vt 0.030823 0.969733 
vt 0.030867 0.969754 
vt 0.030816 0.969753 
vt 0.272475 0.965207 
vt 0.273536 0.966806 
vt 0.273536 0.966806 
vt 0.272486 0.965218 
vt 0.288679 0.969724 
vt 0.288519 0.971294 
vt 0.289865 0.970915 
vt 0.287759 0.97026 
vt 0.286625 0.983916 
vt 0.286515 0.985931 
vt 0.287357 0.983649 
vt 0.284188 0.963509 
vt 0.282488 0.963436 
vt 0.283492 0.964744 
vt 0.284188 0.963509 
vt 0.284535 0.961392 
vt 0.276807 0.975038 
vt 0.277606 0.973375 
vt 0.275783 0.972973 
vt 0.030773 0.969695 
vt 0.030816 0.969753 
vt 0.030793 0.969698 
vt 0.030823 0.969733 
vt 0.030793 0.969698 
vt 0.030816 0.969753 
vt 0.030773 0.969695 
vt 0.030823 0.969733 
vt 0.275175 0.970007 
vt 0.272165 0.97076 
vt 0.275558 0.971401 
vt 0.275231 0.969998 
vt 0.275175 0.970007 
vt 0.274305 0.968789 
vt 0.285958 0.984528 
vt 0.287072 0.987815 
vt 0.286515 0.985931 
vt 0.286773 0.987174 
vt 0.287072 0.987815 
vt 0.285958 0.984528 
vt 0.285088 0.965049 
vt 0.284057 0.965452 
vt 0.284562 0.966076 
vt 0.273721 0.964074 
vt 0.270986 0.961777 
vt 0.273956 0.965535 
vt 0.285958 0.984528 
vt 0.286515 0.985931 
vt 0.286625 0.983916 
vt 0.285393 0.982488 
vt 0.285391 0.984653 
vt 0.285958 0.984528 
vt 0.2846 0.982858 
vt 0.285391 0.984653 
vt 0.286773 0.987174 
vt 0.030833 0.9698 
vt 0.030883 0.969786 
vt 0.030816 0.969753 
vt 0.030833 0.9698 
vt 0.030816 0.969753 
vt 0.030883 0.969786 
vt 0.290958 0.971877 
vt 0.289554 0.972641 
vt 0.291034 0.973327 
vt 0.030773 0.969695 
vt 0.030816 0.969753 
vt 0.03076 0.969727 
vt 0.03076 0.969727 
vt 0.030816 0.969753 
vt 0.030773 0.969695 
vt 0.284535 0.961392 
vt 0.281581 0.962056 
vt 0.282488 0.963436 
vt 0.289865 0.970915 
vt 0.288519 0.971294 
vt 0.289554 0.972641 
vt 0.030833 0.9698 
vt 0.030906 0.969826 
vt 0.030883 0.969786 
vt 0.285973 0.966259 
vt 0.285026 0.966658 
vt 0.285475 0.967205 
vt 0.284562 0.966076 
vt 0.284423 0.967229 
vt 0.283936 0.966695 
vt 0.030833 0.9698 
vt 0.030883 0.969786 
vt 0.030906 0.969826 
vt 0.276807 0.975038 
vt 0.277704 0.975914 
vt 0.277606 0.973375 
vt 0.287357 0.983649 
vt 0.287544 0.981825 
vt 0.286547 0.982447 
vt 0.286625 0.983916 
vt 0.278652 0.980255 
vt 0.279313 0.975337 
vt 0.277704 0.975914 
vt 0.022155 0.97203 
vt 0.030604 0.969762 
vt 0.030655 0.969901 
vt 0.024762 0.976886 
vt 0.030604 0.969762 
vt 0.022164 0.972044 
vt 0.030655 0.969901 
vt 0.024773 0.976895 
vt 0.029031 0.961268 
vt 0.037432 0.961021 
vt 0.039087 0.965779 
vt 0.03324 0.959057 
vt 0.027297 0.965477 
vt 0.037414 0.970674 
vt 0.028291 0.969871 
vt 0.032633 0.97278 
vt 0.275558 0.971401 
vt 0.276911 0.970933 
vt 0.275175 0.970007 
vt 0.269342 0.960939 
vt 0.270986 0.961777 
vt 0.271197 0.961406 
vt 0.277704 0.975914 
vt 0.279313 0.975337 
vt 0.277606 0.973375 
vt 0.275787 0.977399 
vt 0.275463 0.978858 
vt 0.280005 0.977127 
vt 0.281145 0.977894 
vt 0.280806 0.976034 
vt 0.029741 0.979383 
vt 0.03078 0.970016 
vt 0.030948 0.970072 
vt 0.034448 0.979268 
vt 0.03078 0.970016 
vt 0.029746 0.979384 
vt 0.030948 0.970072 
vt 0.034448 0.979267 
vt 0.286654 0.968741 
vt 0.28627 0.967815 
vt 0.285455 0.968441 
vt 0.285986 0.969191 
vt 0.285475 0.967205 
vt 0.285455 0.968441 
vt 0.28627 0.967815 
vt 0.284868 0.967734 
vt 0.277606 0.973375 
vt 0.276911 0.970933 
vt 0.275783 0.972973 
vt 0.275558 0.971401 
vt 0.276259 0.967603 
vt 0.273536 0.966806 
vt 0.273618 0.967715 
vt 0.273956 0.965535 
vt 0.271197 0.961406 
vt 0.275039 0.964005 
vt 0.2747 0.962915 
vt 0.270986 0.961777 
vt 0.273721 0.964074 
vt 0.273956 0.965535 
vt 0.275759 0.96575 
vt 0.270986 0.961777 
vt 0.275039 0.964005 
vt 0.030948 0.970072 
vt 0.030906 0.969826 
vt 0.030833 0.9698 
vt 0.030948 0.970072 
vt 0.030833 0.9698 
vt 0.030906 0.969826 
vt 0.281682 0.978761 
vt 0.282229 0.979475 
vt 0.281682 0.978761 
vt 0.278665 0.980259 
vt 0.278652 0.980255 
vt 0.277717 0.975914 
vt 0.275787 0.977399 
vt 0.277704 0.975914 
vt 0.276807 0.975038 
vt 0.287759 0.97026 
vt 0.286896 0.970609 
vt 0.287565 0.971801 
vt 0.288519 0.971294 
vt 0.284057 0.965452 
vt 0.283936 0.966695 
vt 0.284562 0.966076 
vt 0.283375 0.96612 
vt 0.280005 0.977127 
vt 0.278652 0.980255 
vt 0.281145 0.977894 
vt 0.279313 0.975337 
vt 0.280806 0.976034 
vt 0.284057 0.965452 
vt 0.282756 0.965534 
vt 0.283375 0.96612 
vt 0.283492 0.964744 
vt 0.288519 0.971294 
vt 0.287565 0.971801 
vt 0.288396 0.973447 
vt 0.289554 0.972641 
vt 0.03078 0.970016 
vt 0.030948 0.970072 
vt 0.030833 0.9698 
vt 0.03078 0.970016 
vt 0.030833 0.9698 
vt 0.030948 0.970072 
vt 0.278652 0.980255 
vt 0.280005 0.977127 
vt 0.279313 0.975337 
vt 0.030604 0.969762 
vt 0.03076 0.969727 
vt 0.030655 0.969901 
vt 0.030604 0.969762 
vt 0.030655 0.969901 
vt 0.03076 0.969727 
vt 0.283492 0.964744 
vt 0.281394 0.964318 
vt 0.282756 0.965534 
vt 0.282488 0.963436 
vt 0.276259 0.967603 
vt 0.273618 0.967715 
vt 0.276083 0.968787 
vt 0.03078 0.970016 
vt 0.029741 0.979383 
vt 0.024762 0.976886 
vt 0.030655 0.969901 
vt 0.030655 0.969901 
vt 0.024773 0.976895 
vt 0.03078 0.970016 
vt 0.029746 0.979384 
vt 0.288396 0.973447 
vt 0.288232 0.975232 
vt 0.291034 0.973327 
vt 0.289554 0.972641 
vt 0.286655 0.979962 
vt 0.287544 0.981825 
vt 0.287539 0.97933 
vt 0.281682 0.978761 
vt 0.282586 0.976174 
vt 0.281145 0.977894 
vt 0.283237 0.979733 
vt 0.286655 0.979962 
vt 0.286547 0.982447 
vt 0.287544 0.981825 
vt 0.03076 0.969727 
vt 0.030816 0.969753 
vt 0.030833 0.9698 
vt 0.03076 0.969727 
vt 0.030833 0.9698 
vt 0.030816 0.969753 
vt 0.285393 0.982488 
vt 0.283891 0.977755 
vt 0.283237 0.979733 
vt 0.2846 0.982858 
vt 0.276083 0.968787 
vt 0.274305 0.968789 
vt 0.275175 0.970007 
vt 0.273618 0.967715 
vt 0.282488 0.963436 
vt 0.281581 0.962056 
vt 0.281394 0.964318 
vt 0.279619 0.963994 
vt 0.275759 0.96575 
vt 0.273956 0.965535 
vt 0.276259 0.967603 
vt 0.276911 0.970933 
vt 0.277303 0.969108 
vt 0.275175 0.970007 
vt 0.276083 0.968787 
vt 0.281145 0.977894 
vt 0.282586 0.976174 
vt 0.280806 0.976034 
vt 0.030655 0.969901 
vt 0.030833 0.9698 
vt 0.03076 0.969727 
vt 0.030655 0.969901 
vt 0.030833 0.9698 
vt 0.03078 0.970016 
vt 0.030655 0.969901 
vt 0.03076 0.969727 
vt 0.030833 0.9698 
vt 0.030655 0.969901 
vt 0.03078 0.970016 
vt 0.030833 0.9698 
vt 0.285838 0.980544 
vt 0.286655 0.979962 
vt 0.285593 0.976847 
vt 0.284751 0.977228 
vt 0.285593 0.976847 
vt 0.285393 0.982488 
vt 0.286547 0.982447 
vt 0.286625 0.983916 
vt 0.285393 0.982488 
vt 0.285958 0.984528 
vt 0.277717 0.975914 
vt 0.278652 0.980255 
vt 0.277704 0.975914 
vt 0.285838 0.980544 
vt 0.286547 0.982447 
vt 0.286655 0.979962 
vt 0.286896 0.970609 
vt 0.285756 0.970113 
vt 0.286171 0.970894 
vt 0.286359 0.969752 
vt 0.287759 0.97026 
vt 0.287066 0.969316 
vt 0.286896 0.970609 
vt 0.285424 0.969571 
vt 0.28522 0.970417 
vt 0.284912 0.969898 
vt 0.286359 0.969752 
vt 0.285756 0.970113 
vt 0.285986 0.969191 
vt 0.287066 0.969316 
vt 0.286654 0.968741 
vt 0.286359 0.969752 
vt 0.283891 0.977755 
vt 0.285393 0.982488 
vt 0.285838 0.980544 
vt 0.275039 0.964005 
vt 0.275759 0.96575 
vt 0.27752 0.966242 
vt 0.275039 0.964005 
vt 0.273721 0.964074 
vt 0.275704 0.972958 
vt 0.275783 0.972973 
vt 0.273585 0.971954 
vt 0.284423 0.967229 
vt 0.284355 0.968178 
vt 0.284868 0.967734 
vt 0.283918 0.967717 
vt 0.283936 0.966695 
vt 0.283273 0.967116 
vt 0.284423 0.967229 
vt 0.284868 0.967734 
vt 0.285026 0.966658 
vt 0.285475 0.967205 
vt 0.276083 0.968787 
vt 0.277303 0.969108 
vt 0.276259 0.967603 
vt 0.273536 0.966806 
vt 0.273618 0.967715 
vt 0.273536 0.966806 
vt 0.283891 0.977755 
vt 0.285838 0.980544 
vt 0.284751 0.977228 
vt 0.283936 0.966695 
vt 0.283375 0.96612 
vt 0.283273 0.967116 
vt 0.274305 0.968789 
vt 0.273618 0.967715 
vt 0.273909 0.967754 
vt 0.2747 0.962915 
vt 0.275039 0.964005 
vt 0.276522 0.96369 
vt 0.27752 0.966242 
vt 0.276522 0.96369 
vt 0.278412 0.965786 
vt 0.287565 0.971801 
vt 0.286711 0.972167 
vt 0.287198 0.973883 
vt 0.288396 0.973447 
vt 0.279619 0.963994 
vt 0.280643 0.965348 
vt 0.281394 0.964318 
vt 0.288232 0.975232 
vt 0.288396 0.973447 
vt 0.287198 0.973883 
vt 0.282756 0.965534 
vt 0.280643 0.965348 
vt 0.282182 0.966264 
vt 0.281394 0.964318 
vt 0.285593 0.976847 
vt 0.286733 0.97675 
vt 0.285894 0.975537 
vt 0.287539 0.97933 
vt 0.285593 0.976847 
vt 0.286655 0.979962 
vt 0.277226 0.967252 
vt 0.275759 0.96575 
vt 0.276259 0.967603 
vt 0.286896 0.970609 
vt 0.286171 0.970894 
vt 0.286711 0.972167 
vt 0.287565 0.971801 
vt 0.285986 0.969191 
vt 0.285455 0.968441 
vt 0.284919 0.968853 
vt 0.285424 0.969571 
vt 0.272163 0.970759 
vt 0.273153 0.971698 
vt 0.272165 0.97076 
vt 0.273585 0.971954 
vt 0.283375 0.96612 
vt 0.282182 0.966264 
vt 0.283273 0.967116 
vt 0.282756 0.965534 
vt 0.27752 0.966242 
vt 0.275759 0.96575 
vt 0.277226 0.967252 
vt 0.283237 0.979733 
vt 0.283891 0.977755 
vt 0.282586 0.976174 
vt 0.284751 0.977228 
vt 0.282586 0.976174 
vt 0.284037 0.975606 
vt 0.007746 0.988168 
vt 0.00793 0.988168 
vt 0.008194 0.988168 
vt 0.008641 0.988168 
vt 0.007074 0.988168 
vt 0.007298 0.988168 
vt 0.00685 0.988168 
vt 0.008825 0.988168 
vt 0.009089 0.988168 
vt 0.009721 0.988168 
vt 0.00972 0.988168 
vt 0.010432 0.988168 
vt 0.010616 0.988168 
vt 0.01088 0.988168 
vt 0.011511 0.988168 
vt 0.011511 0.988168 
vt 0.012407 0.988168 
vt 0.012223 0.988168 
vt 0.012854 0.988168 
vt 0.013302 0.988168 
vt 0.013566 0.988168 
vt 0.014237 0.988168 
vt 0.014014 0.988168 
vt 0.014461 0.988168 
vt 0.015093 0.988168 
vt 0.015173 0.988168 
vt 0.015804 0.988168 
vt 0.016068 0.988168 
vt 0.016252 0.988168 
vt 0.016883 0.988168 
vt 0.016963 0.988168 
vt 0.017595 0.988168 
vt 0.017859 0.988168 
vt 0.018226 0.988168 
vt 0.018754 0.988168 
vt 0.018938 0.988168 
vt 0.01965 0.988168 
vt 0.019386 0.988168 
vt 0.020017 0.988168 
vt 0.020545 0.988168 
vt 0.020912 0.988168 
vt 0.021177 0.988168 
vt 0.284919 0.968853 
vt 0.284355 0.968178 
vt 0.283908 0.968588 
vt 0.284432 0.969226 
vt 0.284868 0.967734 
vt 0.284355 0.968178 
vt 0.285455 0.968441 
vt 0.014909 0.988168 
vt 0.015093 0.988168 
vt 0.015357 0.988168 
vt 0.015804 0.988168 
vt 0.014461 0.988168 
vt 0.015804 0.988168 
vt 0.014461 0.988168 
vt 0.016252 0.988168 
vt 0.014014 0.988168 
vt 0.016252 0.988168 
vt 0.014014 0.988168 
vt 0.0167 0.988168 
vt 0.013566 0.988168 
vt 0.016883 0.988168 
vt 0.013566 0.988168 
vt 0.017147 0.988168 
vt 0.013118 0.988168 
vt 0.017595 0.988168 
vt 0.012854 0.988168 
vt 0.017595 0.988168 
vt 0.01267 0.988168 
vt 0.018043 0.988168 
vt 0.012223 0.988168 
vt 0.018226 0.988168 
vt 0.012223 0.988168 
vt 0.01849 0.988168 
vt 0.011775 0.988168 
vt 0.018938 0.988168 
vt 0.011511 0.988168 
vt 0.018938 0.988168 
vt 0.011327 0.988168 
vt 0.019386 0.988168 
vt 0.01088 0.988168 
vt 0.019386 0.988168 
vt 0.01088 0.988168 
vt 0.019833 0.988168 
vt 0.010432 0.988168 
vt 0.020017 0.988168 
vt 0.010432 0.988168 
vt 0.020281 0.988168 
vt 0.009984 0.988168 
vt 0.020912 0.988168 
vt 0.020729 0.988168 
vt 0.021177 0.988168 
vt 0.00972 0.988168 
vt 0.009537 0.988168 
vt 0.009089 0.988168 
vt 0.009089 0.988168 
vt 0.008641 0.988168 
vt 0.008641 0.988168 
vt 0.008194 0.988168 
vt 0.008194 0.988168 
vt 0.007746 0.988168 
vt 0.007746 0.988168 
vt 0.007298 0.988168 
vt 0.007298 0.988168 
vt 0.00685 0.988168 
vt 0.00685 0.988168 
vt 0.283245 0.979773 
vt 0.283237 0.979733 
vt 0.282229 0.979475 
vt 0.280643 0.965348 
vt 0.278412 0.965786 
vt 0.280264 0.966416 
vt 0.279619 0.963994 
vt 0.287198 0.973883 
vt 0.28607 0.973999 
vt 0.285894 0.975537 
vt 0.288232 0.975232 
vt 0.277226 0.967252 
vt 0.277303 0.969108 
vt 0.278186 0.967959 
vt 0.276259 0.967603 
vt 0.286171 0.970894 
vt 0.285575 0.971244 
vt 0.286711 0.972167 
vt 0.285924 0.972396 
vt 0.282182 0.966264 
vt 0.281973 0.967089 
vt 0.283273 0.967116 
vt 0.281973 0.967089 
vt 0.28299 0.967746 
vt 0.284355 0.968178 
vt 0.283918 0.967717 
vt 0.283486 0.968157 
vt 0.283908 0.968588 
vt 0.282182 0.966264 
vt 0.280264 0.966416 
vt 0.281973 0.967089 
vt 0.280643 0.965348 
vt 0.283918 0.967717 
vt 0.28299 0.967746 
vt 0.283486 0.968157 
vt 0.283273 0.967116 
vt 0.285756 0.970113 
vt 0.285575 0.971244 
vt 0.286171 0.970894 
vt 0.28522 0.970417 
vt 0.284751 0.977228 
vt 0.285593 0.976847 
vt 0.284037 0.975606 
vt 0.013302 0.988168 
vt 0.012935 0.988168 
vt 0.01379 0.988168 
vt 0.012407 0.988168 
vt 0.014237 0.988168 
vt 0.012039 0.988168 
vt 0.014461 0.988168 
vt 0.011511 0.988168 
vt 0.015092 0.988168 
vt 0.011144 0.988168 
vt 0.015173 0.988168 
vt 0.010616 0.988168 
vt 0.015988 0.988168 
vt 0.010249 0.988168 
vt 0.016068 0.988168 
vt 0.009721 0.988168 
vt 0.016963 0.988168 
vt 0.009353 0.988168 
vt 0.016883 0.988168 
vt 0.008825 0.988168 
vt 0.017778 0.988168 
vt 0.008458 0.988168 
vt 0.017859 0.988168 
vt 0.00793 0.988168 
vt 0.018674 0.988168 
vt 0.007562 0.988168 
vt 0.007074 0.988168 
vt 0.00685 0.988168 
vt 0.018754 0.988168 
vt 0.019569 0.988168 
vt 0.01965 0.988168 
vt 0.020545 0.988168 
vt 0.020465 0.988168 
vt 0.021177 0.988168 
vt 0.021177 0.988168 
vt 0.277226 0.967252 
vt 0.278186 0.967959 
vt 0.27752 0.966242 
vt 0.282229 0.979475 
vt 0.283237 0.979733 
vt 0.281682 0.978761 
vt 0.28607 0.973999 
vt 0.285924 0.972396 
vt 0.285141 0.972356 
vt 0.285081 0.973891 
vt 0.28607 0.973999 
vt 0.287198 0.973883 
vt 0.286711 0.972167 
vt 0.284432 0.969226 
vt 0.284269 0.970011 
vt 0.284912 0.969898 
vt 0.284919 0.968853 
vt 0.284432 0.969226 
vt 0.285424 0.969571 
vt 0.284788 0.970982 
vt 0.28522 0.970417 
vt 0.284269 0.970011 
vt 0.284037 0.975606 
vt 0.285894 0.975537 
vt 0.284751 0.974895 
vt 0.285593 0.976847 
vt 0.27752 0.966242 
vt 0.27905 0.967454 
vt 0.278412 0.965786 
vt 0.278186 0.967959 
vt 0.280264 0.966416 
vt 0.27905 0.967454 
vt 0.280148 0.967397 
vt 0.278412 0.965786 
vt 0.281973 0.967089 
vt 0.28225 0.968049 
vt 0.28299 0.967746 
vt 0.285924 0.972396 
vt 0.285575 0.971244 
vt 0.285141 0.972356 
vt 0.281973 0.967089 
vt 0.280264 0.966416 
vt 0.281396 0.967645 
vt 0.280148 0.967397 
vt 0.285081 0.973891 
vt 0.285894 0.975537 
vt 0.28607 0.973999 
vt 0.284751 0.974895 
vt 0.285575 0.971244 
vt 0.28522 0.970417 
vt 0.284788 0.970982 
vt 0.017778 0.988168 
vt 0.009353 0.988168 
vt 0.018674 0.988168 
vt 0.010249 0.988168 
vt 0.008458 0.988168 
vt 0.016883 0.988168 
vt 0.011144 0.988168 
vt 0.015988 0.988168 
vt 0.012039 0.988168 
vt 0.015092 0.988168 
vt 0.012935 0.988168 
vt 0.014461 0.988168 
vt 0.01379 0.988168 
vt 0.019569 0.988168 
vt 0.00685 0.988168 
vt 0.020465 0.988168 
vt 0.007562 0.988168 
vt 0.279313 0.975337 
vt 0.284269 0.970011 
vt 0.277606 0.973375 
vt 0.284788 0.970982 
vt 0.28326 0.968787 
vt 0.285141 0.972356 
vt 0.28225 0.968049 
vt 0.280806 0.976034 
vt 0.281396 0.967645 
vt 0.285081 0.973891 
vt 0.276911 0.970933 
vt 0.282586 0.976174 
vt 0.284751 0.974895 
vt 0.284037 0.975606 
vt 0.280148 0.967397 
vt 0.277303 0.969108 
vt 0.27905 0.967454 
vt 0.278186 0.967959 
vt 0.283486 0.968157 
vt 0.28326 0.968787 
vt 0.283908 0.968588 
vt 0.284432 0.969226 
vt 0.284269 0.970011 
vt 0.281973 0.967089 
vt 0.281396 0.967645 
vt 0.28225 0.968049 
vt 0.28225 0.968049 
vt 0.283486 0.968157 
vt 0.28299 0.967746 
vt 0.28326 0.968787 
vt 0.285575 0.971244 
vt 0.284788 0.970982 
vt 0.285141 0.972356 

usemtl Handle1Mtl

f 1/1/1 2/2/2 3/3/3 
f 4/4/4 1/1/1 3/3/3 
f 5/5/5 6/6/6 7/7/7 
f 5/5/5 7/7/7 8/8/8 
f 9/9/9 10/10/10 11/11/11 
f 12/12/12 11/11/11 10/10/10 
f 13/13/13 14/14/14 15/15/15 
f 16/16/16 17/17/17 15/15/15 
f 17/17/17 16/16/16 18/18/18 
f 18/18/18 19/19/19 20/20/20 
f 21/21/21 22/22/22 23/23/23 
f 21/21/21 23/23/23 24/24/24 
f 25/25/25 26/26/26 27/27/27 
f 28/28/28 29/29/29 27/27/27 
f 29/29/29 28/28/28 30/30/30 
f 30/30/30 31/31/31 32/32/32 
f 33/33/33 34/34/34 35/35/35 
f 36/36/36 37/37/37 33/33/33 
f 37/37/37 36/36/36 38/38/38 
f 39/39/39 40/40/40 38/38/38 
f 41/41/41 42/42/42 43/43/43 
f 44/44/44 43/43/43 42/42/42 
f 45/45/45 46/46/46 47/47/47 
f 48/48/48 49/49/49 47/47/47 
f 49/49/49 48/48/48 50/50/50 
f 51/51/51 50/50/50 52/52/52 
f 51/51/51 52/52/52 53/53/53 
f 54/54/54 53/53/53 55/55/55 
f 56/56/56 57/57/57 58/58/58 
f 59/59/59 56/56/56 58/58/58 
f 60/60/60 61/61/61 62/62/62 
f 62/62/62 61/61/61 63/63/63 
f 64/64/64 65/65/65 66/66/66 
f 66/66/66 65/65/65 67/67/67 
f 68/68/68 69/69/69 70/70/70 
f 70/70/70 71/71/71 72/72/72 
f 71/71/71 73/73/73 72/72/72 
f 74/74/74 73/73/73 75/75/75 
f 76/76/76 77/77/77 78/78/78 
f 78/78/78 77/77/77 79/79/79 
f 80/80/80 81/81/81 82/82/82 
f 83/83/83 84/84/84 82/82/82 
f 84/84/84 83/83/83 85/85/85 
f 86/86/86 85/85/85 87/87/87 
f 88/88/88 89/89/89 90/90/90 
f 88/88/88 90/90/90 91/91/91 
f 92/92/92 93/93/93 94/94/94 
f 92/92/92 94/94/94 95/95/95 
f 96/96/96 97/97/97 98/98/98 
f 98/98/98 97/97/97 99/99/99 
f 100/100/100 101/101/101 102/102/102 
f 103/103/103 102/102/102 101/101/101 
f 102/102/102 103/103/103 104/104/104 
f 105/105/105 106/106/106 103/103/103 
f 105/105/105 107/107/107 106/106/106 
f 105/105/105 108/108/108 107/107/107 
f 108/108/108 105/105/105 109/109/109 
f 110/110/110 111/111/111 112/112/112 
f 113/113/113 110/110/110 112/112/112 
f 114/114/114 115/115/115 116/116/116 
f 117/117/117 118/118/118 114/114/114 
f 118/118/118 117/117/117 119/119/119 
f 120/120/120 121/121/121 119/119/119 
f 122/122/122 123/123/123 124/124/124 
f 125/125/125 124/124/124 126/126/126 
f 125/125/125 126/126/126 127/127/127 
f 128/128/128 129/129/129 130/130/130 
f 131/131/131 132/132/132 130/130/130 
f 132/132/132 131/131/131 133/133/133 
f 134/134/134 135/135/135 136/136/136 
f 137/137/137 136/136/136 135/135/135 
f 138/138/138 139/139/139 140/140/140 
f 141/141/141 142/142/142 139/139/139 
f 142/142/142 141/141/141 143/143/143 
f 143/143/143 144/144/144 145/145/145 
f 146/146/146 147/147/147 148/148/148 
f 149/149/149 150/150/150 148/148/148 
f 151/151/151 150/150/150 149/149/149 
f 152/152/152 153/153/153 154/154/154 
f 155/155/155 156/156/156 154/154/154 
f 156/156/156 155/155/155 157/157/157 
f 158/158/158 157/157/157 159/159/159 
f 160/160/160 161/161/161 162/162/162 
f 163/163/163 164/164/164 162/162/162 
f 164/164/164 163/163/163 165/165/165 
f 166/166/166 167/167/167 165/165/165 
f 167/167/167 166/166/166 168/168/168 
f 169/169/169 168/168/168 170/170/170 
f 169/169/169 170/170/170 171/171/171 
f 171/171/171 172/172/172 173/173/173 
f 174/174/174 175/175/175 176/176/176 
f 177/177/177 178/178/178 175/175/175 
f 178/178/178 177/177/177 179/179/179 
f 180/180/180 181/181/181 182/182/182 
f 182/182/182 181/181/181 183/183/183 
f 184/184/184 185/185/185 186/186/186 
f 187/187/187 188/188/188 186/186/186 
f 187/187/187 189/189/189 188/188/188 
f 190/190/190 191/191/191 192/192/192 
f 193/193/193 192/192/192 191/191/191 
f 194/194/194 195/195/195 196/196/196 
f 197/197/197 198/198/198 196/196/196 
f 199/199/199 198/198/198 197/197/197 
f 200/200/200 201/201/201 199/199/199 
f 202/202/202 201/201/201 200/200/200 
f 203/203/203 204/204/204 205/205/205 
f 206/206/206 207/207/207 205/205/205 
f 208/208/208 207/207/207 206/206/206 
f 207/207/207 208/208/208 209/209/209 
f 210/210/210 211/211/211 212/212/212 
f 212/212/212 211/211/211 213/213/213 
f 214/214/214 215/215/215 216/216/216 
f 215/215/215 214/214/214 217/217/217 
f 218/218/218 214/214/214 216/216/216 
f 219/219/219 220/220/220 221/221/221 
f 221/221/221 220/220/220 222/222/222 
f 223/223/223 224/224/224 225/225/225 
f 226/226/226 227/227/227 225/225/225 
f 228/228/228 227/227/227 226/226/226 
f 229/229/229 227/227/227 228/228/228 
f 230/230/230 227/227/227 229/229/229 
f 231/231/231 230/230/230 232/232/232 
f 233/233/233 234/234/234 235/235/235 
f 235/235/235 236/236/236 237/237/237 
f 238/238/238 237/237/237 236/236/236 
f 239/239/239 238/238/238 240/240/240 
f 240/240/240 241/241/241 239/239/239 
f 242/242/242 241/241/241 243/243/243 
f 244/244/244 245/245/245 246/246/246 
f 245/245/245 244/244/244 247/247/247 
f 248/248/248 246/246/246 249/249/249 
f 250/250/250 251/251/251 252/252/252 
f 251/251/251 250/250/250 253/253/253 
f 252/252/252 254/254/254 255/255/255 
f 254/254/254 252/252/252 256/256/256 
f 257/257/257 258/258/258 259/259/259 
f 258/258/258 260/260/260 259/259/259 
f 261/261/261 260/260/260 258/258/258 
f 262/262/262 263/263/263 264/264/264 
f 263/263/263 262/262/262 265/265/265 
f 266/266/266 267/267/267 268/268/268 
f 269/269/269 268/268/268 270/270/270 
f 269/269/269 270/270/270 271/271/271 
f 272/272/272 273/273/273 271/271/271 
f 274/274/274 273/273/273 272/272/272 
f 275/275/275 274/274/274 276/276/276 
f 277/277/277 278/278/278 279/279/279 
f 280/280/280 281/281/281 279/279/279 
f 281/281/281 280/280/280 282/282/282 
f 283/283/283 284/284/284 285/285/285 
f 283/283/283 285/285/285 286/286/286 
f 287/287/287 288/288/288 289/289/289 
f 290/290/290 291/291/291 289/289/289 
f 292/292/292 291/291/291 290/290/290 
f 293/293/293 294/294/294 295/295/295 
f 294/294/294 293/293/293 296/296/296 
f 293/293/293 297/297/297 296/296/296 
f 297/297/297 293/293/293 298/298/298 
f 299/299/299 300/300/300 301/301/301 
f 300/300/300 299/299/299 302/302/302 
f 303/303/303 304/304/304 305/305/305 
f 305/305/305 306/306/306 303/303/303 
f 307/307/307 308/308/308 309/309/309 
f 308/308/308 310/310/310 309/309/309 
f 311/311/311 312/312/312 313/313/313 
f 314/314/314 315/315/315 313/313/313 
f 316/316/316 317/317/317 314/314/314 
f 316/316/316 318/318/318 317/317/317 
f 319/319/319 320/320/320 321/321/321 
f 319/319/319 322/322/322 323/323/323 
f 324/324/324 323/323/323 322/322/322 
f 325/325/325 326/326/326 327/327/327 
f 328/328/328 329/329/329 330/330/330 
f 331/331/331 332/332/332 329/329/329 
f 332/332/332 331/331/331 333/333/333 
f 334/334/334 335/335/335 336/336/336 
f 337/337/337 338/338/338 339/339/339 
f 340/340/340 341/341/341 342/342/342 
f 343/343/343 344/344/344 345/345/345 
f 343/343/343 345/345/345 346/346/346 
f 346/346/346 347/347/347 343/343/343 
f 347/347/347 348/348/348 349/349/349 
f 348/348/348 350/350/350 349/349/349 
f 351/351/351 352/352/352 353/353/353 
f 354/354/354 355/355/355 356/356/356 
f 355/355/355 354/354/354 357/357/357 
f 358/358/358 359/359/359 356/356/356 
f 359/359/359 358/358/358 360/360/360 
f 361/361/361 362/362/362 363/363/363 
f 364/364/364 365/365/365 363/363/363 
f 364/364/364 366/366/366 365/365/365 
f 367/367/367 366/366/366 368/368/368 
f 366/366/366 367/367/367 369/369/369 
f 370/370/370 371/371/371 372/372/372 
f 373/373/373 374/374/374 371/371/371 
f 374/374/374 373/373/373 375/375/375 
f 376/376/376 370/370/370 377/377/377 
f 370/370/370 376/376/376 378/378/378 
f 379/379/379 380/380/380 381/381/381 
f 380/380/380 379/379/379 382/382/382 
f 383/383/383 384/384/384 385/385/385 
f 386/386/386 387/387/387 388/388/388 
f 389/389/389 387/387/387 386/386/386 
f 390/390/390 387/387/387 389/389/389 
f 391/391/391 388/388/388 387/387/387 
f 388/388/388 391/391/391 392/392/392 
f 392/392/392 391/391/391 393/393/393 
f 392/392/392 393/393/393 394/394/394 
f 394/394/394 393/393/393 395/395/395 
f 387/387/387 390/390/390 396/396/396 
f 397/397/397 396/396/396 390/390/390 
f 398/398/398 396/396/396 397/397/397 
f 399/399/399 396/396/396 398/398/398 
f 396/396/396 399/399/399 400/400/400 
f 400/400/400 399/399/399 401/401/401 
f 401/401/401 402/402/402 400/400/400 
f 402/402/402 401/401/401 403/403/403 
f 402/402/402 403/403/403 404/404/404 
f 405/405/405 406/406/406 407/407/407 
f 406/406/406 405/405/405 408/408/408 
f 409/409/409 410/410/410 411/411/411 
f 412/412/412 413/413/413 414/414/414 
f 415/415/415 416/416/416 417/417/417 
f 416/416/416 415/415/415 418/418/418 
f 419/419/419 420/420/420 421/421/421 
f 422/422/422 423/423/423 424/424/424 
f 424/424/424 423/423/423 425/425/425 
f 426/426/426 427/427/427 428/428/428 
f 427/427/427 426/426/426 429/429/429 
f 430/430/430 431/431/431 432/432/432 
f 431/431/431 430/430/430 433/433/433 
f 434/434/434 435/435/435 436/436/436 
f 435/435/435 434/434/434 437/437/437 
f 438/438/438 439/439/439 440/440/440 
f 441/441/441 442/442/442 443/443/443 
f 444/444/444 445/445/445 446/446/446 
f 447/447/447 448/448/448 446/446/446 
f 448/448/448 447/447/447 449/449/449 
f 450/450/450 451/451/451 452/452/452 
f 451/451/451 453/453/453 452/452/452 
f 454/454/454 455/455/455 456/456/456 
f 456/456/456 455/455/455 457/457/457 
f 458/458/458 459/459/459 460/460/460 
f 460/460/460 461/461/461 458/458/458 
f 462/462/462 463/463/463 464/464/464 
f 463/463/463 465/465/465 464/464/464 
f 466/466/466 467/467/467 468/468/468 
f 466/466/466 469/469/469 467/467/467 
f 470/470/470 471/471/471 472/472/472 
f 471/471/471 473/473/473 472/472/472 
f 474/474/474 475/475/475 476/476/476 
f 477/477/477 478/478/478 479/479/479 
f 478/478/478 477/477/477 480/480/480 
f 481/481/481 482/482/482 483/483/483 
f 484/484/484 485/485/485 483/483/483 
f 486/486/486 485/485/485 484/484/484 
f 487/487/487 488/488/488 489/489/489 
f 488/488/488 487/487/487 490/490/490 
f 491/491/491 492/492/492 493/493/493 
f 494/494/494 495/495/495 496/496/496 
f 497/497/497 498/498/498 499/499/499 
f 500/500/500 501/501/501 502/502/502 
f 503/503/503 504/504/504 501/501/501 
f 505/505/505 506/506/506 507/507/507 
f 506/506/506 505/505/505 508/508/508 
f 509/509/509 510/510/510 511/511/511 
f 510/510/510 509/509/509 512/512/512 
f 513/513/513 514/514/514 515/515/515 
f 515/515/515 516/516/516 517/517/517 
f 516/516/516 518/518/518 517/517/517 
f 519/519/519 520/520/520 521/521/521 
f 521/521/521 522/522/522 519/519/519 
f 523/523/523 522/522/522 521/521/521 
f 524/524/524 525/525/525 526/526/526 
f 527/527/527 528/528/528 529/529/529 
f 530/530/530 531/531/531 532/532/532 
f 533/533/533 534/534/534 535/535/535 
f 536/536/536 537/537/537 533/533/533 
f 537/537/537 536/536/536 538/538/538 
f 539/539/539 540/540/540 536/536/536 
f 536/536/536 540/540/540 541/541/541 
f 542/542/542 543/543/543 544/544/544 
f 543/543/543 545/545/545 544/544/544 
f 546/546/546 547/547/547 548/548/548 
f 547/547/547 549/549/549 550/550/550 
f 549/549/549 551/551/551 552/552/552 
f 553/553/553 552/552/552 554/554/554 
f 552/552/552 553/553/553 555/555/555 
f 556/556/556 557/557/557 555/555/555 
f 558/558/558 559/559/559 560/560/560 
f 561/561/561 558/558/558 562/562/562 
f 563/563/563 561/561/561 564/564/564 
f 564/564/564 565/565/565 566/566/566 
f 565/565/565 564/564/564 567/567/567 
f 568/568/568 567/567/567 569/569/569 
f 570/570/570 571/571/571 572/572/572 
f 573/573/573 574/574/574 575/575/575 
f 576/576/576 577/577/577 578/578/578 
f 579/579/579 580/580/580 581/581/581 
f 582/582/582 583/583/583 584/584/584 
f 585/585/585 586/586/586 587/587/587 
f 588/588/588 589/589/589 586/586/586 
f 590/590/590 591/591/591 592/592/592 
f 593/593/593 594/594/594 595/595/595 
f 596/596/596 597/597/597 598/598/598 
f 599/599/599 600/600/600 601/601/601 
f 602/602/602 603/603/603 604/604/604 
f 605/605/605 606/606/606 607/607/607 
f 608/608/608 609/609/609 610/610/610 
f 611/611/611 612/612/612 613/613/613 
f 614/614/614 615/615/615 616/616/616 
f 617/617/617 618/618/618 619/619/619 
f 620/620/620 621/621/621 622/622/622 
f 623/623/623 624/624/624 625/625/625 
f 626/626/626 627/627/627 628/628/628 
f 629/629/629 630/630/630 631/631/631 
f 632/632/632 633/633/633 634/634/634 
f 635/635/635 636/636/636 637/637/637 
f 638/638/638 639/639/639 640/640/640 
f 641/641/641 642/642/642 643/643/643 
f 644/644/644 645/645/645 646/646/646 
f 647/647/647 648/648/648 649/649/649 
f 650/650/650 651/651/651 652/652/652 
f 653/653/653 654/654/654 655/655/655 
f 656/656/656 657/657/657 658/658/658 
f 657/657/657 656/656/656 659/659/659 
f 660/660/660 661/661/661 662/662/662 
f 661/661/661 663/663/663 662/662/662 
f 664/664/664 665/665/665 666/666/666 
f 667/667/667 668/668/668 669/669/669 
f 670/670/670 671/671/671 672/672/672 
f 673/673/673 674/674/674 675/675/675 
f 676/676/676 677/677/677 678/678/678 
f 679/679/679 680/680/680 681/681/681 
f 682/682/682 683/683/683 684/684/684 
f 683/683/683 685/685/685 684/684/684 
f 686/686/686 687/687/687 688/688/688 
f 686/686/686 688/688/688 689/689/689 
f 690/690/690 691/691/691 692/692/692 
f 693/693/693 694/694/694 695/695/695 
f 694/694/694 693/693/693 696/696/696 
f 697/697/697 698/698/698 699/699/699 
f 698/698/698 697/697/697 700/700/700 
f 701/701/701 702/702/702 703/703/703 
f 704/704/704 705/705/705 706/706/706 
f 705/705/705 704/704/704 707/707/707 
f 708/708/708 709/709/709 710/710/710 
f 711/711/711 712/712/712 713/713/713 
f 714/714/714 715/715/715 716/716/716 
f 717/717/717 718/718/718 719/719/719 
f 720/720/720 721/721/721 722/722/722 
f 721/721/721 720/720/720 723/723/723 
f 724/724/724 725/725/725 726/726/726 
f 727/727/727 728/728/728 729/729/729 
f 730/730/730 731/731/731 732/732/732 
f 733/733/733 734/734/734 735/735/735 
f 736/736/736 737/737/737 738/738/738 
f 739/739/739 740/740/740 741/741/741 
f 742/742/742 743/743/743 744/744/744 
f 745/745/745 746/746/746 747/747/747 
f 748/748/748 749/749/749 750/750/750 
f 751/751/751 752/752/752 753/753/753 
f 753/753/753 752/752/752 754/754/754 
f 755/755/755 756/756/756 757/757/757 
f 755/755/755 758/758/758 756/756/756 
f 759/759/759 760/760/760 761/761/761 
f 762/762/762 763/763/763 764/764/764 
f 763/763/763 762/762/762 765/765/765 
f 766/766/766 767/767/767 768/768/768 
f 769/769/769 770/770/770 771/771/771 
f 769/769/769 771/771/771 772/772/772 
f 773/773/773 774/774/774 775/775/775 
f 776/776/776 777/777/777 778/778/778 
f 779/779/779 780/780/780 781/781/781 
f 782/782/782 783/783/783 784/784/784 
f 785/785/785 786/786/786 787/787/787 
f 788/788/788 787/787/787 786/786/786 
f 789/789/789 790/790/790 791/791/791 
f 792/792/792 793/793/793 794/794/794 
f 795/795/795 796/796/796 797/797/797 
f 798/798/798 799/799/799 800/800/800 
f 801/801/801 802/802/802 803/803/803 
f 803/803/803 804/804/804 801/801/801 
f 805/805/805 806/806/806 807/807/807 
f 808/808/808 809/809/809 810/810/810 
f 811/811/811 812/812/812 813/813/813 
f 814/814/814 815/815/815 816/816/816 
f 815/815/815 814/814/814 817/817/817 
f 818/818/818 819/819/819 820/820/820 
f 820/820/820 819/819/819 821/821/821 
f 822/822/822 823/823/823 824/824/824 
f 825/825/825 826/826/826 827/827/827 
f 825/825/825 827/827/827 828/828/828 
f 829/829/829 830/830/830 831/831/831 
f 832/832/832 833/833/833 834/834/834 
f 835/835/835 836/836/836 837/837/837 
f 838/838/838 839/839/839 840/840/840 
f 841/841/841 842/842/842 843/843/843 
f 842/842/842 844/844/844 843/843/843 
f 845/845/845 846/846/846 847/847/847 
f 848/848/848 849/849/849 850/850/850 
f 850/850/850 851/851/851 848/848/848 
f 852/852/852 853/853/853 854/854/854 
f 855/855/855 852/852/852 856/856/856 
f 857/857/857 858/858/858 859/859/859 
f 860/860/860 858/858/858 861/861/861 
f 862/862/862 863/863/863 861/861/861 
f 864/864/864 865/865/865 861/861/861 
f 866/866/866 867/867/867 868/868/868 
f 866/866/866 869/869/869 867/867/867 
f 868/868/868 870/870/870 866/866/866 
f 867/867/867 869/869/869 871/871/871 
f 870/870/870 868/868/868 872/872/872 
f 869/869/869 873/873/873 871/871/871 
f 870/870/870 872/872/872 874/874/874 
f 873/873/873 869/869/869 875/875/875 
f 870/870/870 874/874/874 876/876/876 
f 875/875/875 877/877/877 873/873/873 
f 874/874/874 878/878/878 876/876/876 
f 879/879/879 877/877/877 875/875/875 
f 876/876/876 878/878/878 880/880/880 
f 877/877/877 879/879/879 881/881/881 
f 880/880/880 882/882/882 876/876/876 
f 879/879/879 883/883/883 881/881/881 
f 882/882/882 880/880/880 884/884/884 
f 883/883/883 879/879/879 885/885/885 
f 882/882/882 884/884/884 886/886/886 
f 885/885/885 887/887/887 883/883/883 
f 886/886/886 888/888/888 882/882/882 
f 887/887/887 885/885/885 889/889/889 
f 888/888/888 886/886/886 890/890/890 
f 891/891/891 888/888/888 890/890/890 
f 891/891/891 892/892/892 888/888/888 
f 893/893/893 889/889/889 885/885/885 
f 893/893/893 894/894/894 889/889/889 
f 895/895/895 894/894/894 893/893/893 
f 896/896/896 895/895/895 893/893/893 
f 896/896/896 897/897/897 895/895/895 
f 896/896/896 898/898/898 897/897/897 
f 898/898/898 896/896/896 899/899/899 
f 899/899/899 900/900/900 898/898/898 
f 899/899/899 901/901/901 900/900/900 
f 901/901/901 902/902/902 900/900/900 
f 901/901/901 903/903/903 902/902/902 
f 902/902/902 903/903/903 904/904/904 
f 903/903/903 905/905/905 904/904/904 
f 905/905/905 903/903/903 906/906/906 
f 906/906/906 907/907/907 905/905/905 
f 908/908/908 907/907/907 906/906/906 
f 907/907/907 908/908/908 909/909/909 
f 908/908/908 910/910/910 909/909/909 
f 911/911/911 910/910/910 908/908/908 
f 911/911/911 912/912/912 910/910/910 
f 913/913/913 912/912/912 911/911/911 
f 914/914/914 913/913/913 911/911/911 
f 914/914/914 915/915/915 913/913/913 
f 916/916/916 915/915/915 914/914/914 
f 915/915/915 916/916/916 917/917/917 
f 916/916/916 918/918/918 917/917/917 
f 919/919/919 920/920/920 921/921/921 
f 922/922/922 923/923/923 924/924/924 
f 925/925/925 926/926/926 927/927/927 
f 928/928/928 929/929/929 930/930/930 
f 931/931/931 929/929/929 932/932/932 
f 933/933/933 934/934/934 935/935/935 
f 935/935/935 936/936/936 933/933/933 
f 937/937/937 938/938/938 939/939/939 
f 940/940/940 941/941/941 938/938/938 
f 942/942/942 941/941/941 943/943/943 
f 941/941/941 944/944/944 945/945/945 
f 946/946/946 947/947/947 948/948/948 
f 949/949/949 950/950/950 951/951/951 
f 952/952/952 953/953/953 954/954/954 
f 955/955/955 956/956/956 957/957/957 
f 958/958/958 959/959/959 960/960/960 
f 961/961/961 962/962/962 963/963/963 
f 964/964/964 965/965/965 966/966/966 
f 966/966/966 967/967/967 968/968/968 
f 969/969/969 970/970/970 971/971/971 
f 972/972/972 973/973/973 974/974/974 
f 975/975/975 976/976/976 977/977/977 
f 978/978/978 979/979/979 980/980/980 
f 981/981/981 982/982/982 983/983/983 
f 984/984/984 985/985/985 986/986/986 
f 987/987/987 988/988/988 989/989/989 
f 990/990/990 991/991/991 992/992/992 
f 993/993/993 994/994/994 995/995/995 
f 993/993/993 996/996/996 994/994/994 
f 997/997/997 998/998/998 999/999/999 
f 998/998/998 997/997/997 1000/1000/1000 
f 1001/1001/1001 1002/1002/1002 1003/1003/1003 
f 1002/1002/1002 1004/1004/1004 1003/1003/1003 
f 1005/1005/1005 1006/1006/1006 1007/1007/1007 
f 1005/1005/1005 1007/1007/1007 1008/1008/1008 
f 1009/1009/1009 1010/1010/1010 1011/1011/1011 
f 1012/1012/1012 1013/1013/1013 1014/1014/1014 
f 1015/1015/1015 1016/1016/1016 1017/1017/1017 
f 1018/1018/1018 1019/1019/1019 1020/1020/1020 
f 1021/1021/1021 1022/1022/1022 1023/1023/1023 
f 1024/1024/1024 1025/1025/1025 1026/1026/1026 
f 1027/1027/1027 1028/1028/1028 1029/1029/1029 
f 1027/1027/1027 1030/1030/1030 1028/1028/1028 
f 1031/1031/1031 1032/1032/1032 1033/1033/1033 
f 1034/1034/1034 1032/1032/1032 1035/1035/1035 
f 1036/1036/1036 1037/1037/1037 1033/1033/1033 
f 1038/1038/1038 1039/1039/1039 1040/1040/1040 
f 1039/1039/1039 1041/1041/1041 1040/1040/1040 
f 1042/1042/1042 1043/1043/1043 1044/1044/1044 
f 1045/1045/1045 1046/1046/1046 1047/1047/1047 
f 1048/1048/1048 1049/1049/1049 1050/1050/1050 
f 1049/1049/1049 1051/1051/1051 1050/1050/1050 
f 1050/1050/1050 1052/1052/1052 1053/1053/1053 
f 1050/1050/1050 1054/1054/1054 1052/1052/1052 
f 1055/1055/1055 1056/1056/1056 1057/1057/1057 
f 1058/1058/1058 1059/1059/1059 1060/1060/1060 
f 1059/1059/1059 1058/1058/1058 1061/1061/1061 
f 1062/1062/1062 1063/1063/1063 1064/1064/1064 
f 1065/1065/1065 1066/1066/1066 1067/1067/1067 
f 1065/1065/1065 1068/1068/1068 1066/1066/1066 
f 1069/1069/1069 1070/1070/1070 1071/1071/1071 
f 1072/1072/1072 1073/1073/1073 1074/1074/1074 
f 1072/1072/1072 1075/1075/1075 1073/1073/1073 
f 1076/1076/1076 1077/1077/1077 1078/1078/1078 
f 1079/1079/1079 1080/1080/1080 1081/1081/1081 
f 1082/1082/1082 1083/1083/1083 1084/1084/1084 
f 1085/1085/1085 1086/1086/1086 1087/1087/1087 
f 1088/1088/1088 1089/1089/1089 1090/1090/1090 
f 1091/1091/1091 1092/1092/1092 1093/1093/1093 
f 1094/1094/1094 1095/1095/1095 1096/1096/1096 
f 1097/1097/1097 1098/1098/1098 1099/1099/1099 
f 1100/1100/1100 1101/1101/1101 1102/1102/1102 
f 1103/1103/1103 1104/1104/1104 1105/1105/1105 
f 1106/1106/1106 1107/1107/1107 1105/1105/1105 
f 1108/1108/1108 1109/1109/1109 1110/1110/1110 
f 1111/1111/1111 1112/1112/1112 1113/1113/1113 
f 1114/1114/1114 1112/1112/1112 1115/1115/1115 
f 1116/1116/1116 1117/1117/1117 1118/1118/1118 
f 1119/1119/1119 1120/1120/1120 1121/1121/1121 
f 1122/1122/1122 1123/1123/1123 1124/1124/1124 
f 1125/1125/1125 1126/1126/1126 1127/1127/1127 
f 1128/1128/1128 1129/1129/1129 1130/1130/1130 
f 1131/1131/1131 1132/1132/1132 1133/1133/1133 
f 1134/1134/1134 1135/1135/1135 1136/1136/1136 
f 1134/1134/1134 1136/1136/1136 1137/1137/1137 
f 1138/1138/1138 1139/1139/1139 1140/1140/1140 
f 1139/1139/1139 1138/1138/1138 1141/1141/1141 
f 1142/1142/1142 1143/1143/1143 1144/1144/1144 
f 1143/1143/1143 1145/1145/1145 1144/1144/1144 
f 1146/1146/1146 1147/1147/1147 1148/1148/1148 
f 1149/1149/1149 1150/1150/1150 1151/1151/1151 
f 1152/1152/1152 1153/1153/1153 1154/1154/1154 
f 1155/1155/1155 1156/1156/1156 1157/1157/1157 
f 1158/1158/1158 1159/1159/1159 1160/1160/1160 
f 1161/1161/1161 1162/1162/1162 1163/1163/1163 
f 1164/1164/1164 1165/1165/1165 1166/1166/1166 
f 1165/1165/1165 1164/1164/1164 1167/1167/1167 
f 1168/1168/1168 1169/1169/1169 1170/1170/1170 
f 1168/1168/1168 1170/1170/1170 1171/1171/1171 
f 1172/1172/1172 1173/1173/1173 1174/1174/1174 
f 1175/1175/1175 1176/1176/1176 1177/1177/1177 
f 1178/1178/1178 1179/1179/1179 1180/1180/1180 
f 1179/1179/1179 1181/1181/1181 1180/1180/1180 
f 1182/1182/1182 1183/1183/1183 1184/1184/1184 
f 1185/1185/1185 1186/1186/1186 1187/1187/1187 
f 1185/1185/1185 1188/1188/1188 1189/1189/1189 
f 1190/1190/1190 1191/1191/1191 1187/1187/1187 
f 1191/1191/1191 1190/1190/1190 1192/1192/1192 
f 1193/1193/1193 1194/1194/1194 1195/1195/1195 
f 1196/1196/1196 1197/1197/1197 1198/1198/1198 
f 1197/1197/1197 1196/1196/1196 1199/1199/1199 
f 1200/1200/1200 1198/1198/1198 1201/1201/1201 
f 1200/1200/1200 1202/1202/1202 1203/1203/1203 
f 1204/1204/1204 1205/1205/1205 1206/1206/1206 
f 1207/1207/1207 1208/1208/1208 1209/1209/1209 
f 1210/1210/1210 1211/1211/1211 1212/1212/1212 
f 1210/1210/1210 1212/1212/1212 1213/1213/1213 
f 1214/1214/1214 1215/1215/1215 1216/1216/1216 
f 1217/1217/1217 1218/1218/1218 1219/1219/1219 
f 1218/1218/1218 1220/1220/1220 1219/1219/1219 
f 1221/1221/1221 1222/1222/1222 1223/1223/1223 
f 1221/1221/1221 1223/1223/1223 1224/1224/1224 
f 1225/1225/1225 1226/1226/1226 1227/1227/1227 
f 1228/1228/1228 1229/1229/1229 1230/1230/1230 
f 1231/1231/1231 1232/1232/1232 1233/1233/1233 
f 1234/1234/1234 1233/1233/1233 1235/1235/1235 
f 1236/1236/1236 1237/1237/1237 1238/1238/1238 
f 1239/1239/1239 1240/1240/1240 1241/1241/1241 
f 1242/1242/1242 1243/1243/1243 1244/1244/1244 
f 1245/1245/1245 1246/1246/1246 1243/1243/1243 
f 1247/1247/1247 1248/1248/1248 1249/1249/1249 
f 1250/1250/1250 1251/1251/1251 1252/1252/1252 
f 1253/1253/1253 1254/1254/1254 1255/1255/1255 
f 1256/1256/1256 1257/1257/1257 1258/1258/1258 
f 1259/1259/1259 1260/1260/1260 1261/1261/1261 
f 1262/1262/1262 1263/1263/1263 1264/1264/1264 
f 1265/1265/1265 1266/1266/1266 1267/1267/1267 
f 1268/1268/1268 1269/1269/1269 1270/1270/1270 
f 1271/1271/1271 1272/1272/1272 1273/1273/1273 
f 1274/1274/1274 1275/1275/1275 1276/1276/1276 
f 1276/1276/1276 1275/1275/1275 1277/1277/1277 
f 1278/1278/1278 1279/1279/1279 1280/1280/1280 
f 1281/1281/1281 1282/1282/1282 1283/1283/1283 
f 1284/1284/1284 1285/1285/1285 1286/1286/1286 
f 1287/1287/1287 1288/1288/1288 1289/1289/1289 
f 1290/1290/1290 1291/1291/1291 1292/1292/1292 
f 1293/1293/1293 1294/1294/1294 1295/1295/1295 
f 1296/1296/1296 1294/1294/1294 1297/1297/1297 
f 1298/1298/1298 1295/1295/1295 1299/1299/1299 
f 1300/1300/1300 1301/1301/1301 1302/1302/1302 
f 1303/1303/1303 1304/1304/1304 1305/1305/1305 
f 1306/1306/1306 1307/1307/1307 1308/1308/1308 
f 1309/1309/1309 1310/1310/1310 1311/1311/1311 
f 1312/1312/1312 1313/1313/1313 1314/1314/1314 
f 1315/1315/1315 1316/1316/1316 1317/1317/1317 
f 1318/1318/1318 1319/1319/1319 1320/1320/1320 
f 1321/1321/1321 1322/1322/1322 1323/1323/1323 
f 1324/1324/1324 1325/1325/1325 1326/1326/1326 
f 1327/1327/1327 1328/1328/1328 1329/1329/1329 
f 1330/1330/1330 1331/1331/1331 1332/1332/1332 
f 1333/1333/1333 1334/1334/1334 1335/1335/1335 
f 1336/1336/1336 1337/1337/1337 1338/1338/1338 
f 1339/1339/1339 1340/1340/1340 1341/1341/1341 
f 1342/1342/1342 1343/1343/1343 1344/1344/1344 
f 1342/1342/1342 1344/1344/1344 1345/1345/1345 
f 1346/1346/1346 1347/1347/1347 1348/1348/1348 
f 1347/1347/1347 1349/1349/1349 1348/1348/1348 
f 1350/1350/1350 1351/1351/1351 1352/1352/1352 
f 1353/1353/1353 1354/1354/1354 1355/1355/1355 
f 1356/1356/1356 1357/1357/1357 1358/1358/1358 
f 1359/1359/1359 1360/1360/1360 1361/1361/1361 
f 1362/1362/1362 1363/1363/1363 1364/1364/1364 
f 1363/1363/1363 1362/1362/1362 1365/1365/1365 
f 1366/1366/1366 1367/1367/1367 1368/1368/1368 
f 1369/1369/1369 1367/1367/1367 1370/1370/1370 
f 1370/1370/1370 1371/1371/1371 1369/1369/1369 
f 1372/1372/1372 1368/1368/1368 1373/1373/1373 
f 1374/1374/1374 1368/1368/1368 1372/1372/1372 
f 1375/1375/1375 1372/1372/1372 1376/1376/1376 
f 1377/1377/1377 1378/1378/1378 1379/1379/1379 
f 1380/1380/1380 1377/1377/1377 1381/1381/1381 
f 1382/1382/1382 1380/1380/1380 1381/1381/1381 
f 1379/1379/1379 1383/1383/1383 1384/1384/1384 
f 1385/1385/1385 1383/1383/1383 1379/1379/1379 
f 1386/1386/1386 1383/1383/1383 1387/1387/1387 
f 1388/1388/1388 1389/1389/1389 1390/1390/1390 
f 1391/1391/1391 1392/1392/1392 1389/1389/1389 
f 1392/1392/1392 1391/1391/1391 1393/1393/1393 
f 1394/1394/1394 1395/1395/1395 1393/1393/1393 
f 1395/1395/1395 1394/1394/1394 1396/1396/1396 
f 1397/1397/1397 1394/1394/1394 1398/1398/1398 
f 1397/1397/1397 1398/1398/1398 1399/1399/1399 
f 1400/1400/1400 1401/1401/1401 1396/1396/1396 
f 1401/1401/1401 1400/1400/1400 1402/1402/1402 
f 1403/1403/1403 1404/1404/1404 1405/1405/1405 
f 1406/1406/1406 1407/1407/1407 1403/1403/1403 
f 1408/1408/1408 1409/1409/1409 1410/1410/1410 
f 1409/1409/1409 1408/1408/1408 1411/1411/1411 
f 1412/1412/1412 1413/1413/1413 1414/1414/1414 
f 1415/1415/1415 1416/1416/1416 1417/1417/1417 
f 1417/1417/1417 1418/1418/1418 1415/1415/1415 
f 1419/1419/1419 1420/1420/1420 1421/1421/1421 
f 1422/1422/1422 1423/1423/1423 1424/1424/1424 
f 1425/1425/1425 1426/1426/1426 1427/1427/1427 
f 1426/1426/1426 1425/1425/1425 1428/1428/1428 
f 1429/1429/1429 1430/1430/1430 1431/1431/1431 
f 1430/1430/1430 1432/1432/1432 1431/1431/1431 
f 1433/1433/1433 1432/1432/1432 1434/1434/1434 
f 1432/1432/1432 1433/1433/1433 1435/1435/1435 
f 1436/1436/1436 1437/1437/1437 1438/1438/1438 
f 1439/1439/1439 1440/1440/1440 1441/1441/1441 
f 1442/1442/1442 1443/1443/1443 1444/1444/1444 
f 1442/1442/1442 1444/1444/1444 1445/1445/1445 
f 1446/1446/1446 1447/1447/1447 1448/1448/1448 
f 1449/1449/1449 1450/1450/1450 1451/1451/1451 
f 1452/1452/1452 1453/1453/1453 1454/1454/1454 
f 1453/1453/1453 1455/1455/1455 1454/1454/1454 
f 1456/1456/1456 1457/1457/1457 1458/1458/1458 
f 1458/1458/1458 1457/1457/1457 1459/1459/1459 
f 1460/1460/1460 1461/1461/1461 1462/1462/1462 
f 1461/1461/1461 1460/1460/1460 1463/1463/1463 
f 1464/1464/1464 1465/1465/1465 1466/1466/1466 
f 1465/1465/1465 1464/1464/1464 1467/1467/1467 
f 1468/1468/1468 1469/1469/1469 1470/1470/1470 
f 1468/1468/1468 1470/1470/1470 1471/1471/1471 
f 1472/1472/1472 1473/1473/1473 1474/1474/1474 
f 1475/1475/1475 1476/1476/1476 1477/1477/1477 
f 1478/1478/1478 1479/1479/1479 1480/1480/1480 
f 1481/1481/1481 1482/1482/1482 1483/1483/1483 
f 1484/1484/1484 1485/1485/1485 1486/1486/1486 
f 1487/1487/1487 1488/1488/1488 1489/1489/1489 
f 1488/1488/1488 1487/1487/1487 1490/1490/1490 
f 1491/1491/1491 1492/1492/1492 1493/1493/1493 
f 1494/1494/1494 1493/1493/1493 1492/1492/1492 
f 1493/1493/1493 1494/1494/1494 1495/1495/1495 
f 1496/1496/1496 1495/1495/1495 1494/1494/1494 
f 1497/1497/1497 1492/1492/1492 1498/1498/1498 
f 1492/1492/1492 1497/1497/1497 1499/1499/1499 
f 1500/1500/1500 1499/1499/1499 1501/1501/1501 
f 1499/1499/1499 1500/1500/1500 1502/1502/1502 
f 1503/1503/1503 1492/1492/1492 1504/1504/1504 
f 1504/1504/1504 1505/1505/1505 1503/1503/1503 
f 1506/1506/1506 1504/1504/1504 1502/1502/1502 
f 1507/1507/1507 1508/1508/1508 1509/1509/1509 
f 1509/1509/1509 1508/1508/1508 1510/1510/1510 
f 1511/1511/1511 1512/1512/1512 1513/1513/1513 
f 1512/1512/1512 1514/1514/1514 1513/1513/1513 
f 1515/1515/1515 1516/1516/1516 1517/1517/1517 
f 1517/1517/1517 1516/1516/1516 1518/1518/1518 
f 1519/1519/1519 1520/1520/1520 1521/1521/1521 
f 1522/1522/1522 1523/1523/1523 1524/1524/1524 
f 1525/1525/1525 1523/1523/1523 1522/1522/1522 
f 1526/1526/1526 1527/1527/1527 1528/1528/1528 
f 1529/1529/1529 1530/1530/1530 1531/1531/1531 
f 1532/1532/1532 1533/1533/1533 1534/1534/1534 
f 1535/1535/1535 1536/1536/1536 1537/1537/1537 
f 1538/1538/1538 1539/1539/1539 1540/1540/1540 
f 1541/1541/1541 1542/1542/1542 1543/1543/1543 
f 1544/1544/1544 1545/1545/1545 1546/1546/1546 
f 1547/1547/1547 1548/1548/1548 1549/1549/1549 
f 1550/1550/1550 1551/1551/1551 1552/1552/1552 
f 1553/1553/1553 1554/1554/1554 1555/1555/1555 
f 1556/1556/1556 1557/1557/1557 1558/1558/1558 
f 1559/1559/1559 1560/1560/1560 1561/1561/1561 
f 1562/1562/1562 1563/1563/1563 1564/1564/1564 
f 1565/1565/1565 1566/1566/1566 1567/1567/1567 
f 1568/1568/1568 1569/1569/1569 1570/1570/1570 
f 1570/1570/1570 1571/1571/1571 1568/1568/1568 
f 1571/1571/1571 1570/1570/1570 1572/1572/1572 
f 1571/1571/1571 1572/1572/1572 1573/1573/1573 
f 1574/1574/1574 1570/1570/1570 1575/1575/1575 
f 1576/1576/1576 1570/1570/1570 1574/1574/1574 
f 1576/1576/1576 1577/1577/1577 1578/1578/1578 
f 1577/1577/1577 1579/1579/1579 1578/1578/1578 
f 1580/1580/1580 1581/1581/1581 1579/1579/1579 
f 1581/1581/1581 1580/1580/1580 1582/1582/1582 
f 1581/1581/1581 1582/1582/1582 1583/1583/1583 
f 1584/1584/1584 1585/1585/1585 1586/1586/1586 
f 1587/1587/1587 1588/1588/1588 1589/1589/1589 
f 1589/1589/1589 1588/1588/1588 1590/1590/1590 
f 1591/1591/1591 1592/1592/1592 1593/1593/1593 
f 1591/1591/1591 1593/1593/1593 1594/1594/1594 
f 1595/1595/1595 1596/1596/1596 1597/1597/1597 
f 1598/1598/1598 1599/1599/1599 1600/1600/1600 
f 1601/1601/1601 1598/1598/1598 1602/1602/1602 
f 1598/1598/1598 1601/1601/1601 1603/1603/1603 
f 1604/1604/1604 1605/1605/1605 1606/1606/1606 
f 1607/1607/1607 1608/1608/1608 1609/1609/1609 
f 1607/1607/1607 1609/1609/1609 1610/1610/1610 
f 1611/1611/1611 1612/1612/1612 1613/1613/1613 
f 1612/1612/1612 1614/1614/1614 1613/1613/1613 
f 1615/1615/1615 1616/1616/1616 1617/1617/1617 
f 1618/1618/1618 1616/1616/1616 1619/1619/1619 
f 1616/1616/1616 1618/1618/1618 1620/1620/1620 
f 1621/1621/1621 1622/1622/1622 1623/1623/1623 
f 1624/1624/1624 1625/1625/1625 1626/1626/1626 
f 1627/1627/1627 1628/1628/1628 1629/1629/1629 
f 1627/1627/1627 1629/1629/1629 1630/1630/1630 
f 1631/1631/1631 1632/1632/1632 1633/1633/1633 
f 1634/1634/1634 1635/1635/1635 1636/1636/1636 
f 1635/1635/1635 1637/1637/1637 1636/1636/1636 
f 1638/1638/1638 1639/1639/1639 1640/1640/1640 
f 1640/1640/1640 1639/1639/1639 1641/1641/1641 
f 1642/1642/1642 1643/1643/1643 1644/1644/1644 
f 1645/1645/1645 1642/1642/1642 1644/1644/1644 
f 1646/1646/1646 1647/1647/1647 1645/1645/1645 
f 1646/1646/1646 1648/1648/1648 1649/1649/1649 
f 1650/1650/1650 1651/1651/1651 1652/1652/1652 
f 1653/1653/1653 1654/1654/1654 1655/1655/1655 
f 1656/1656/1656 1657/1657/1657 1658/1658/1658 
f 1659/1659/1659 1660/1660/1660 1661/1661/1661 
f 1662/1662/1662 1663/1663/1663 1660/1660/1660 
f 1663/1663/1663 1662/1662/1662 1664/1664/1664 
f 1664/1664/1664 1665/1665/1665 1663/1663/1663 
f 1666/1666/1666 1667/1667/1667 1668/1668/1668 
f 1667/1667/1667 1669/1669/1669 1668/1668/1668 
f 1669/1669/1669 1667/1667/1667 1670/1670/1670 
f 1667/1667/1667 1666/1666/1666 1671/1671/1671 
f 1672/1672/1672 1670/1670/1670 1667/1667/1667 
f 1673/1673/1673 1671/1671/1671 1666/1666/1666 
f 1670/1670/1670 1672/1672/1672 1674/1674/1674 
f 1673/1673/1673 1675/1675/1675 1671/1671/1671 
f 1676/1676/1676 1674/1674/1674 1672/1672/1672 
f 1675/1675/1675 1673/1673/1673 1677/1677/1677 
f 1674/1674/1674 1676/1676/1676 1678/1678/1678 
f 1675/1675/1675 1677/1677/1677 1679/1679/1679 
f 1680/1680/1680 1678/1678/1678 1676/1676/1676 
f 1681/1681/1681 1679/1679/1679 1677/1677/1677 
f 1680/1680/1680 1682/1682/1682 1678/1678/1678 
f 1683/1683/1683 1679/1679/1679 1681/1681/1681 
f 1684/1684/1684 1682/1682/1682 1680/1680/1680 
f 1679/1679/1679 1683/1683/1683 1685/1685/1685 
f 1682/1682/1682 1684/1684/1684 1686/1686/1686 
f 1687/1687/1687 1685/1685/1685 1683/1683/1683 
f 1686/1686/1686 1684/1684/1684 1688/1688/1688 
f 1685/1685/1685 1687/1687/1687 1689/1689/1689 
f 1690/1690/1690 1688/1688/1688 1684/1684/1684 
f 1689/1689/1689 1687/1687/1687 1691/1691/1691 
f 1688/1688/1688 1690/1690/1690 1692/1692/1692 
f 1691/1691/1691 1687/1687/1687 1693/1693/1693 
f 1694/1694/1694 1692/1692/1692 1690/1690/1690 
f 1693/1693/1693 1695/1695/1695 1691/1691/1691 
f 1695/1695/1695 1693/1693/1693 1696/1696/1696 
f 1695/1695/1695 1696/1696/1696 1697/1697/1697 
f 1692/1692/1692 1694/1694/1694 1698/1698/1698 
f 1698/1698/1698 1694/1694/1694 1699/1699/1699 
f 1698/1698/1698 1699/1699/1699 1700/1700/1700 
f 1701/1701/1701 1702/1702/1702 1703/1703/1703 
f 1704/1704/1704 1705/1705/1705 1706/1706/1706 
f 1707/1707/1707 1708/1708/1708 1709/1709/1709 
f 1710/1710/1710 1711/1711/1711 1712/1712/1712 
f 1711/1711/1711 1710/1710/1710 1713/1713/1713 
f 1714/1714/1714 1715/1715/1715 1716/1716/1716 
f 1717/1717/1717 1718/1718/1718 1719/1719/1719 
f 1720/1720/1720 1721/1721/1721 1722/1722/1722 
f 1722/1722/1722 1723/1723/1723 1720/1720/1720 
f 1724/1724/1724 1725/1725/1725 1726/1726/1726 
f 1725/1725/1725 1727/1727/1727 1726/1726/1726 
f 1728/1728/1728 1729/1729/1729 1730/1730/1730 
f 1728/1728/1728 1730/1730/1730 1731/1731/1731 
f 1732/1732/1732 1733/1733/1733 1734/1734/1734 
f 1735/1735/1735 1736/1736/1736 1737/1737/1737 
f 1738/1738/1738 1739/1739/1739 1740/1740/1740 
f 1738/1738/1738 1741/1741/1741 1742/1742/1742 
f 1743/1743/1743 1744/1744/1744 1745/1745/1745 
f 1746/1746/1746 1747/1747/1747 1748/1748/1748 
f 1749/1749/1749 1750/1750/1750 1751/1751/1751 
f 1751/1751/1751 1750/1750/1750 1752/1752/1752 
f 1753/1753/1753 1754/1754/1754 1755/1755/1755 
f 1753/1753/1753 1755/1755/1755 1756/1756/1756 
f 1757/1757/1757 1758/1758/1758 1759/1759/1759 
f 1760/1760/1760 1761/1761/1761 1762/1762/1762 
f 1762/1762/1762 1761/1761/1761 1763/1763/1763 
f 1764/1764/1764 1765/1765/1765 1766/1766/1766 
f 1767/1767/1767 1768/1768/1768 1769/1769/1769 
f 1770/1770/1770 1771/1771/1771 1772/1772/1772 
f 1773/1773/1773 1774/1774/1774 1775/1775/1775 
f 1776/1776/1776 1777/1777/1777 1778/1778/1778 
f 1779/1779/1779 1780/1780/1780 1781/1781/1781 
f 1782/1782/1782 1783/1783/1783 1784/1784/1784 
f 1785/1785/1785 1786/1786/1786 1787/1787/1787 
f 1788/1788/1788 1789/1789/1789 1790/1790/1790 
f 1791/1791/1791 1792/1792/1792 1793/1793/1793 
f 1794/1794/1794 1795/1795/1795 1796/1796/1796 
f 1797/1797/1797 1796/1796/1796 1798/1798/1798 
f 1799/1799/1799 1800/1800/1800 1801/1801/1801 
f 1802/1802/1802 1803/1803/1803 1804/1804/1804 
f 1803/1803/1803 1805/1805/1805 1804/1804/1804 
f 1802/1802/1802 1806/1806/1806 1807/1807/1807 
f 1808/1808/1808 1809/1809/1809 1810/1810/1810 
f 1811/1811/1811 1812/1812/1812 1813/1813/1813 
f 1814/1814/1814 1815/1815/1815 1816/1816/1816 
f 1817/1817/1817 1818/1818/1818 1819/1819/1819 
f 1820/1820/1820 1821/1821/1821 1822/1822/1822 
f 1823/1823/1823 1824/1824/1824 1825/1825/1825 
f 1826/1826/1826 1827/1827/1827 1828/1828/1828 
f 1826/1826/1826 1828/1828/1828 1829/1829/1829 
f 1830/1830/1830 1831/1831/1831 1832/1832/1832 
f 1833/1833/1833 1834/1834/1834 1835/1835/1835 
f 1836/1836/1836 1837/1837/1837 1838/1838/1838 
f 1839/1839/1839 1840/1840/1840 1841/1841/1841 
f 1840/1840/1840 1842/1842/1842 1841/1841/1841 
f 1843/1843/1843 1844/1844/1844 1845/1845/1845 
f 1846/1846/1846 1847/1847/1847 1848/1848/1848 
f 1849/1849/1849 1850/1850/1850 1851/1851/1851 
f 1852/1852/1852 1853/1853/1853 1854/1854/1854 
f 1855/1855/1855 1856/1856/1856 1857/1857/1857 
f 1857/1857/1857 1856/1856/1856 1858/1858/1858 
f 1859/1859/1859 1860/1860/1860 1861/1861/1861 
f 1862/1862/1862 1863/1863/1863 1860/1860/1860 
f 1859/1859/1859 1864/1864/1864 1865/1865/1865 
f 1866/1866/1866 1859/1859/1859 1867/1867/1867 
f 1868/1868/1868 1859/1859/1859 1866/1866/1866 
f 1869/1869/1869 1870/1870/1870 1871/1871/1871 
f 1872/1872/1872 1873/1873/1873 1874/1874/1874 
f 1872/1872/1872 1874/1874/1874 1875/1875/1875 
f 1876/1876/1876 1877/1877/1877 1878/1878/1878 
f 1879/1879/1879 1878/1878/1878 1877/1877/1877 
f 1876/1876/1876 1880/1880/1880 1881/1881/1881 
f 1882/1882/1882 1883/1883/1883 1884/1884/1884 
f 1885/1885/1885 1882/1882/1882 1884/1884/1884 
f 1882/1882/1882 1885/1885/1885 1886/1886/1886 
f 1887/1887/1887 1886/1886/1886 1885/1885/1885 
f 1888/1888/1888 1889/1889/1889 1890/1890/1890 
f 1891/1891/1891 1892/1892/1892 1893/1893/1893 
f 1894/1894/1894 1893/1893/1893 1892/1892/1892 
f 1895/1895/1895 1896/1896/1896 1897/1897/1897 
f 1898/1898/1898 1899/1899/1899 1900/1900/1900 
f 1901/1901/1901 1902/1902/1902 1903/1903/1903 
f 1904/1904/1904 1905/1905/1905 1906/1906/1906 
f 1907/1907/1907 1908/1908/1908 1909/1909/1909 
f 1909/1909/1909 1910/1910/1910 1907/1907/1907 
f 1911/1911/1911 1912/1912/1912 1913/1913/1913 
f 1914/1914/1914 1915/1915/1915 1916/1916/1916 
f 1917/1917/1917 1918/1918/1918 1919/1919/1919 
f 1920/1920/1920 1921/1921/1921 1922/1922/1922 
f 1923/1923/1923 1924/1924/1924 1925/1925/1925 
f 1926/1926/1926 1927/1927/1927 1928/1928/1928 
f 1929/1929/1929 1930/1930/1930 1931/1931/1931 
f 1932/1932/1932 1933/1933/1933 1934/1934/1934 
f 1935/1935/1935 1936/1936/1936 1937/1937/1937 
f 1935/1935/1935 1937/1937/1937 1938/1938/1938 
f 1939/1939/1939 1940/1940/1940 1935/1935/1935 
f 1941/1941/1941 1942/1942/1942 1943/1943/1943 
f 1942/1942/1942 1941/1941/1941 1944/1944/1944 
f 1945/1945/1945 1946/1946/1946 1947/1947/1947 
f 1948/1948/1948 1949/1949/1949 1950/1950/1950 
f 1951/1951/1951 1952/1952/1952 1953/1953/1953 
f 1954/1954/1954 1955/1955/1955 1956/1956/1956 
f 1954/1954/1954 1956/1956/1956 1957/1957/1957 
f 1958/1958/1958 1959/1959/1959 1960/1960/1960 
f 1961/1961/1961 1962/1962/1962 1963/1963/1963 
f 1962/1962/1962 1964/1964/1964 1963/1963/1963 
f 1965/1965/1965 1966/1966/1966 1967/1967/1967 
f 1966/1966/1966 1965/1965/1965 1968/1968/1968 
f 1969/1969/1969 1968/1968/1968 1965/1965/1965 
f 1968/1968/1968 1969/1969/1969 1970/1970/1970 
f 1971/1971/1971 1972/1972/1972 1973/1973/1973 
f 1972/1972/1972 1971/1971/1971 1974/1974/1974 
f 1975/1975/1975 1976/1976/1976 1977/1977/1977 
f 1976/1976/1976 1975/1975/1975 1978/1978/1978 
f 1979/1979/1979 1977/1977/1977 1980/1980/1980 
f 1981/1981/1981 1982/1982/1982 1978/1978/1978 
f 1983/1983/1983 1984/1984/1984 1985/1985/1985 
f 1986/1986/1986 1987/1987/1987 1984/1984/1984 
f 1987/1987/1987 1986/1986/1986 1988/1988/1988 
f 1988/1988/1988 1989/1989/1989 1990/1990/1990 
f 1991/1991/1991 1992/1992/1992 1993/1993/1993 
f 1994/1994/1994 1995/1995/1995 1996/1996/1996 
f 1997/1997/1997 1998/1998/1998 1999/1999/1999 
f 1998/1998/1998 2000/2000/2000 1999/1999/1999 
f 2001/2001/2001 2000/2000/2000 2002/2002/2002 
f 2001/2001/2001 2002/2002/2002 2003/2003/2003 
f 2004/2004/2004 2005/2005/2005 2006/2006/2006 
f 2004/2004/2004 2007/2007/2007 2005/2005/2005 
f 2008/2008/2008 2009/2009/2009 2010/2010/2010 
f 2011/2011/2011 2012/2012/2012 2013/2013/2013 
f 2014/2014/2014 2012/2012/2012 2011/2011/2011 
f 2015/2015/2015 2016/2016/2016 2017/2017/2017 
f 2018/2018/2018 2019/2019/2019 2020/2020/2020 
f 2019/2019/2019 2018/2018/2018 2021/2021/2021 
f 2020/2020/2020 2022/2022/2022 2023/2023/2023 
f 2020/2020/2020 2023/2023/2023 2024/2024/2024 
f 2025/2025/2025 2026/2026/2026 2027/2027/2027 
f 2026/2026/2026 2025/2025/2025 2028/2028/2028 
f 2029/2029/2029 2030/2030/2030 2031/2031/2031 
f 2030/2030/2030 2029/2029/2029 2032/2032/2032 
f 2033/2033/2033 2034/2034/2034 2035/2035/2035 
f 2036/2036/2036 2037/2037/2037 2038/2038/2038 
f 2039/2039/2039 2040/2040/2040 2041/2041/2041 
f 2039/2039/2039 2041/2041/2041 2042/2042/2042 
f 2043/2043/2043 2044/2044/2044 2045/2045/2045 
f 2046/2046/2046 2047/2047/2047 2048/2048/2048 
f 2049/2049/2049 2050/2050/2050 2051/2051/2051 
f 2052/2052/2052 2053/2053/2053 2054/2054/2054 
f 2053/2053/2053 2052/2052/2052 2055/2055/2055 
f 2056/2056/2056 2057/2057/2057 2058/2058/2058 
f 2059/2059/2059 2060/2060/2060 2061/2061/2061 
f 2059/2059/2059 2061/2061/2061 2062/2062/2062 
f 2063/2063/2063 2064/2064/2064 2065/2065/2065 
f 2066/2066/2066 2067/2067/2067 2068/2068/2068 
f 2069/2069/2069 2070/2070/2070 2071/2071/2071 
f 2070/2070/2070 2069/2069/2069 2072/2072/2072 
f 2073/2073/2073 2074/2074/2074 2075/2075/2075 
f 2076/2076/2076 2077/2077/2077 2073/2073/2073 
f 2078/2078/2078 2079/2079/2079 2080/2080/2080 
f 2079/2079/2079 2078/2078/2078 2081/2081/2081 
f 2082/2082/2082 2078/2078/2078 2083/2083/2083 
f 2082/2082/2082 2083/2083/2083 2084/2084/2084 
f 2085/2085/2085 2086/2086/2086 2087/2087/2087 
f 2088/2088/2088 2089/2089/2089 2090/2090/2090 
f 2091/2091/2091 2092/2092/2092 2093/2093/2093 
f 2094/2094/2094 2095/2095/2095 2096/2096/2096 
f 2095/2095/2095 2094/2094/2094 2097/2097/2097 
f 2098/2098/2098 2099/2099/2099 2100/2100/2100 
f 2101/2101/2101 2099/2099/2099 2102/2102/2102 
f 2099/2099/2099 2103/2103/2103 2104/2104/2104 
f 2105/2105/2105 2106/2106/2106 2107/2107/2107 
f 2107/2107/2107 2108/2108/2108 2109/2109/2109 
f 2110/2110/2110 2111/2111/2111 2107/2107/2107 
f 2112/2112/2112 2113/2113/2113 2114/2114/2114 
f 2113/2113/2113 2115/2115/2115 2114/2114/2114 
f 2116/2116/2116 2117/2117/2117 2118/2118/2118 
f 2119/2119/2119 2120/2120/2120 2121/2121/2121 
f 2122/2122/2122 2123/2123/2123 2124/2124/2124 
f 2123/2123/2123 2122/2122/2122 2125/2125/2125 
f 2126/2126/2126 2127/2127/2127 2128/2128/2128 
f 2128/2128/2128 2127/2127/2127 2129/2129/2129 
f 2130/2130/2130 2131/2131/2131 2132/2132/2132 
f 2131/2131/2131 2130/2130/2130 2133/2133/2133 
f 2134/2134/2134 2135/2135/2135 2136/2136/2136 
f 2135/2135/2135 2134/2134/2134 2137/2137/2137 
f 2138/2138/2138 2137/2137/2137 2139/2139/2139 
f 2140/2140/2140 2141/2141/2141 2142/2142/2142 
f 2141/2141/2141 2140/2140/2140 2143/2143/2143 
f 2144/2144/2144 2145/2145/2145 2146/2146/2146 
f 2147/2147/2147 2148/2148/2148 2146/2146/2146 
f 2149/2149/2149 2148/2148/2148 2147/2147/2147 
f 2150/2150/2150 2151/2151/2151 2152/2152/2152 
f 2151/2151/2151 2153/2153/2153 2152/2152/2152 
f 2154/2154/2154 2155/2155/2155 2156/2156/2156 
f 2157/2157/2157 2158/2158/2158 2159/2159/2159 
f 2157/2157/2157 2159/2159/2159 2160/2160/2160 
f 2161/2161/2161 2162/2162/2162 2163/2163/2163 
f 2164/2164/2164 2165/2165/2165 2166/2166/2166 
f 2167/2167/2167 2168/2168/2168 2169/2169/2169 
f 2168/2168/2168 2167/2167/2167 2170/2170/2170 
f 2171/2171/2171 2170/2170/2170 2167/2167/2167 
f 2170/2170/2170 2171/2171/2171 2172/2172/2172 
f 2173/2173/2173 2172/2172/2172 2171/2171/2171 
f 2172/2172/2172 2173/2173/2173 2174/2174/2174 
f 2175/2175/2175 2174/2174/2174 2173/2173/2173 
f 2175/2175/2175 2173/2173/2173 2176/2176/2176 
f 2177/2177/2177 2175/2175/2175 2176/2176/2176 
f 2177/2177/2177 2176/2176/2176 2178/2178/2178 
f 2179/2179/2179 2177/2177/2177 2178/2178/2178 
f 2179/2179/2179 2178/2178/2178 2180/2180/2180 
f 2181/2181/2181 2179/2179/2179 2180/2180/2180 
f 2181/2181/2181 2180/2180/2180 2182/2182/2182 
f 2183/2183/2183 2181/2181/2181 2182/2182/2182 
f 2183/2183/2183 2182/2182/2182 2184/2184/2184 
f 2185/2185/2185 2183/2183/2183 2184/2184/2184 
f 2185/2185/2185 2184/2184/2184 2186/2186/2186 
f 2187/2187/2187 2185/2185/2185 2186/2186/2186 
f 2187/2187/2187 2186/2186/2186 2188/2188/2188 
f 2189/2189/2189 2187/2187/2187 2188/2188/2188 
f 2189/2189/2189 2188/2188/2188 2190/2190/2190 
f 2191/2191/2191 2192/2192/2192 2193/2193/2193 
f 2192/2192/2192 2194/2194/2194 2193/2193/2193 
f 2195/2195/2195 2196/2196/2196 2197/2197/2197 
f 2196/2196/2196 2195/2195/2195 2198/2198/2198 
f 2199/2199/2199 2200/2200/2200 2201/2201/2201 
f 2201/2201/2201 2202/2202/2202 2199/2199/2199 
f 2203/2203/2203 2201/2201/2201 2200/2200/2200 
f 2200/2200/2200 2204/2204/2204 2203/2203/2203 
f 2205/2205/2205 2206/2206/2206 2207/2207/2207 
f 2207/2207/2207 2206/2206/2206 2208/2208/2208 
f 2209/2209/2209 2205/2205/2205 2207/2207/2207 
f 2210/2210/2210 2205/2205/2205 2209/2209/2209 
f 2211/2211/2211 2212/2212/2212 1502/1502/1502 
f 2211/2211/2211 2213/2213/2213 2212/2212/2212 
f 2214/2214/2214 2212/2212/2212 2215/2215/2215 
f 2216/2216/2216 2217/2217/2217 2214/2214/2214 
f 2217/2217/2217 2216/2216/2216 2218/2218/2218 
f 2219/2219/2219 2212/2212/2212 2220/2220/2220 
f 2221/2221/2221 2219/2219/2219 2220/2220/2220 
f 2222/2222/2222 2223/2223/2223 2212/2212/2212 
f 2223/2223/2223 2224/2224/2224 2212/2212/2212 
f 2224/2224/2224 2223/2223/2223 2225/2225/2225 
f 2226/2226/2226 2227/2227/2227 2223/2223/2223 
f 2227/2227/2227 2228/2228/2228 2223/2223/2223 
f 2229/2229/2229 2223/2223/2223 2228/2228/2228 
f 2228/2228/2228 2227/2227/2227 2230/2230/2230 
f 2230/2230/2230 2227/2227/2227 2231/2231/2231 
f 2228/2228/2228 2230/2230/2230 2232/2232/2232 
f 2233/2233/2233 2234/2234/2234 2228/2228/2228 
f 2228/2228/2228 2235/2235/2235 2233/2233/2233 
f 2236/2236/2236 2237/2237/2237 2238/2238/2238 
f 2239/2239/2239 2240/2240/2240 2241/2241/2241 
f 2240/2240/2240 2239/2239/2239 2242/2242/2242 
f 2243/2243/2243 2244/2244/2244 2245/2245/2245 
f 2246/2246/2246 2247/2247/2247 2248/2248/2248 
f 2247/2247/2247 2246/2246/2246 2249/2249/2249 
f 2250/2250/2250 2251/2251/2251 2252/2252/2252 
f 2253/2253/2253 2254/2254/2254 2255/2255/2255 
f 2254/2254/2254 2256/2256/2256 2255/2255/2255 
f 2257/2257/2257 2258/2258/2258 2259/2259/2259 
f 2260/2260/2260 2261/2261/2261 2262/2262/2262 
f 2263/2263/2263 2264/2264/2264 2265/2265/2265 
f 2266/2266/2266 2267/2267/2267 2268/2268/2268 
f 2269/2269/2269 2270/2270/2270 2271/2271/2271 
f 2272/2272/2272 2273/2273/2273 2274/2274/2274 
f 2273/2273/2273 2272/2272/2272 2275/2275/2275 
f 2276/2276/2276 2277/2277/2277 2278/2278/2278 
f 2279/2279/2279 2280/2280/2280 2281/2281/2281 
f 2282/2282/2282 2283/2283/2283 2284/2284/2284 
f 2285/2285/2285 2286/2286/2286 2287/2287/2287 
f 2288/2288/2288 2289/2289/2289 2290/2290/2290 
f 2291/2291/2291 2292/2292/2292 2293/2293/2293 
f 2294/2294/2294 2295/2295/2295 2296/2296/2296 
f 2297/2297/2297 2298/2298/2298 2299/2299/2299 
f 2300/2300/2300 2301/2301/2301 2302/2302/2302 
f 2303/2303/2303 2304/2304/2304 2305/2305/2305 
f 2306/2306/2306 2307/2307/2307 2308/2308/2308 
f 2307/2307/2307 2309/2309/2309 2310/2310/2310 
f 2311/2311/2311 2312/2312/2312 2313/2313/2313 
f 2314/2314/2314 2315/2315/2315 2316/2316/2316 
f 2317/2317/2317 2318/2318/2318 2316/2316/2316 
f 2319/2319/2319 2320/2320/2320 2321/2321/2321 
f 2322/2322/2322 2323/2323/2323 2324/2324/2324 
f 2325/2325/2325 2326/2326/2326 2327/2327/2327 
f 2328/2328/2328 2325/2325/2325 2329/2329/2329 
f 2330/2330/2330 2331/2331/2331 2332/2332/2332 
f 2332/2332/2332 2333/2333/2333 2334/2334/2334 
f 2335/2335/2335 2336/2336/2336 2337/2337/2337 
f 2338/2338/2338 2336/2336/2336 2339/2339/2339 
f 2340/2340/2340 2341/2341/2341 2342/2342/2342 
f 2343/2343/2343 2344/2344/2344 2345/2345/2345 
f 2346/2346/2346 2347/2347/2347 2348/2348/2348 
f 2349/2349/2349 2350/2350/2350 2348/2348/2348 
f 2351/2351/2351 2352/2352/2352 2353/2353/2353 
f 2354/2354/2354 2355/2355/2355 2356/2356/2356 
f 2355/2355/2355 2354/2354/2354 2357/2357/2357 
f 2358/2358/2358 2359/2359/2359 2360/2360/2360 
f 2361/2361/2361 2362/2362/2362 2363/2363/2363 
f 2364/2364/2364 2365/2365/2365 2366/2366/2366 
f 2367/2367/2367 2368/2368/2368 2369/2369/2369 
f 2370/2370/2370 2371/2371/2371 2372/2372/2372 
f 2373/2373/2373 2374/2374/2374 2375/2375/2375 
f 2376/2376/2376 2377/2377/2377 2378/2378/2378 
f 2377/2377/2377 2379/2379/2379 2378/2378/2378 
f 2376/2376/2376 2380/2380/2380 2381/2381/2381 
f 2382/2382/2382 2380/2380/2380 2376/2376/2376 
f 2383/2383/2383 2380/2380/2380 2382/2382/2382 
f 2384/2384/2384 2385/2385/2385 2386/2386/2386 
f 2387/2387/2387 2388/2388/2388 2389/2389/2389 
f 2390/2390/2390 2389/2389/2389 2388/2388/2388 
f 2391/2391/2391 2387/2387/2387 2392/2392/2392 
f 2393/2393/2393 2387/2387/2387 2391/2391/2391 
f 2393/2393/2393 2391/2391/2391 2394/2394/2394 
f 2395/2395/2395 2396/2396/2396 2397/2397/2397 
f 2398/2398/2398 2399/2399/2399 2400/2400/2400 
f 2399/2399/2399 2398/2398/2398 2401/2401/2401 
f 2402/2402/2402 2403/2403/2403 2404/2404/2404 
f 2403/2403/2403 2405/2405/2405 2404/2404/2404 
f 2406/2406/2406 2407/2407/2407 2408/2408/2408 
f 2409/2409/2409 2410/2410/2410 2408/2408/2408 
f 2410/2410/2410 2409/2409/2409 2411/2411/2411 
f 2412/2412/2412 2413/2413/2413 2411/2411/2411 
f 2414/2414/2414 2413/2413/2413 2412/2412/2412 
f 2414/2414/2414 2415/2415/2415 2416/2416/2416 
f 2406/2406/2406 2417/2417/2417 2418/2418/2418 
f 2406/2406/2406 2230/2230/2230 2417/2417/2417 
f 2417/2417/2417 2230/2230/2230 2419/2419/2419 
f 2230/2230/2230 2420/2420/2420 2419/2419/2419 
f 2419/2419/2419 2421/2421/2421 2422/2422/2422 
f 2419/2419/2419 2422/2422/2422 2423/2423/2423 
f 2419/2419/2419 2424/2424/2424 2425/2425/2425 
f 2426/2426/2426 2427/2427/2427 2424/2424/2424 
f 2428/2428/2428 2427/2427/2427 2426/2426/2426 
f 2419/2419/2419 2429/2429/2429 2430/2430/2430 
f 2430/2430/2430 2429/2429/2429 2431/2431/2431 
f 2423/2423/2423 2432/2432/2432 2433/2433/2433 
f 2434/2434/2434 2432/2432/2432 2435/2435/2435 
f 1568/1568/1568 2435/2435/2435 2432/2432/2432 
f 2436/2436/2436 2437/2437/2437 2423/2423/2423 
f 2437/2437/2437 2436/2436/2436 2438/2438/2438 
f 2439/2439/2439 1568/1568/1568 2437/2437/2437 
f 1568/1568/1568 2439/2439/2439 2440/2440/2440 
f 2441/2441/2441 2442/2442/2442 2443/2443/2443 
f 2444/2444/2444 2445/2445/2445 2446/2446/2446 
f 2446/2446/2446 2447/2447/2447 2444/2444/2444 
f 2448/2448/2448 2449/2449/2449 2450/2450/2450 
f 2449/2449/2449 2451/2451/2451 2450/2450/2450 
f 2452/2452/2452 2453/2453/2453 2454/2454/2454 
f 2455/2455/2455 2456/2456/2456 2457/2457/2457 
f 2458/2458/2458 2456/2456/2456 2459/2459/2459 
f 2460/2460/2460 2461/2461/2461 2462/2462/2462 
f 2461/2461/2461 2460/2460/2460 2463/2463/2463 
f 2464/2464/2464 2465/2465/2465 2466/2466/2466 
f 2467/2467/2467 2468/2468/2468 2469/2469/2469 
f 2470/2470/2470 2471/2471/2471 2472/2472/2472 
f 2473/2473/2473 2474/2474/2474 2475/2475/2475 
f 2476/2476/2476 2477/2477/2477 2478/2478/2478 
f 2478/2478/2478 2477/2477/2477 2479/2479/2479 
f 2480/2480/2480 2481/2481/2481 2482/2482/2482 
f 2483/2483/2483 2484/2484/2484 2485/2485/2485 
f 2486/2486/2486 2487/2487/2487 2488/2488/2488 
f 2487/2487/2487 2486/2486/2486 2489/2489/2489 
f 2490/2490/2490 2491/2491/2491 2492/2492/2492 
f 2491/2491/2491 2490/2490/2490 2493/2493/2493 
f 2494/2494/2494 2495/2495/2495 2496/2496/2496 
f 2497/2497/2497 2498/2498/2498 2499/2499/2499 
f 2499/2499/2499 2498/2498/2498 2500/2500/2500 
f 2501/2501/2501 2502/2502/2502 2498/2498/2498 
f 2503/2503/2503 2502/2502/2502 2501/2501/2501 
f 2504/2504/2504 2505/2505/2505 2506/2506/2506 
f 2504/2504/2504 2507/2507/2507 2508/2508/2508 
f 2509/2509/2509 2510/2510/2510 2511/2511/2511 
f 2511/2511/2511 2512/2512/2512 2509/2509/2509 
f 2513/2513/2513 2511/2511/2511 2514/2514/2514 
f 2514/2514/2514 2515/2515/2515 2513/2513/2513 
f 2516/2516/2516 2517/2517/2517 2518/2518/2518 
f 2518/2518/2518 2517/2517/2517 2519/2519/2519 
f 2520/2520/2520 2521/2521/2521 2518/2518/2518 
f 2522/2522/2522 2521/2521/2521 2520/2520/2520 
f 2523/2523/2523 2524/2524/2524 2525/2525/2525 
f 2526/2526/2526 2527/2527/2527 2528/2528/2528 
f 2529/2529/2529 2530/2530/2530 2531/2531/2531 
f 2530/2530/2530 2529/2529/2529 2532/2532/2532 
f 2533/2533/2533 2534/2534/2534 2530/2530/2530 
f 2534/2534/2534 2533/2533/2533 2535/2535/2535 
f 2536/2536/2536 2537/2537/2537 2538/2538/2538 
f 2537/2537/2537 2536/2536/2536 2539/2539/2539 
f 2540/2540/2540 2541/2541/2541 2542/2542/2542 
f 2541/2541/2541 2540/2540/2540 2543/2543/2543 
f 2544/2544/2544 2543/2543/2543 2545/2545/2545 
f 2543/2543/2543 2544/2544/2544 2546/2546/2546 
f 2547/2547/2547 2546/2546/2546 2544/2544/2544 
f 2546/2546/2546 2547/2547/2547 2548/2548/2548 
f 2549/2549/2549 2548/2548/2548 2547/2547/2547 
f 2548/2548/2548 2549/2549/2549 2550/2550/2550 
f 2551/2551/2551 2552/2552/2552 2549/2549/2549 
f 2552/2552/2552 2551/2551/2551 2553/2553/2553 
f 2554/2554/2554 2555/2555/2555 2556/2556/2556 
f 2557/2557/2557 2558/2558/2558 2559/2559/2559 
f 2560/2560/2560 2561/2561/2561 2562/2562/2562 
f 2563/2563/2563 2564/2564/2564 2565/2565/2565 
f 2566/2566/2566 2567/2567/2567 2568/2568/2568 
f 2569/2569/2569 2570/2570/2570 2571/2571/2571 
f 2570/2570/2570 2569/2569/2569 2572/2572/2572 
f 2573/2573/2573 2574/2574/2574 2575/2575/2575 
f 2574/2574/2574 2573/2573/2573 2576/2576/2576 
f 2577/2577/2577 2578/2578/2578 2579/2579/2579 
f 2580/2580/2580 2581/2581/2581 2582/2582/2582 
f 2583/2583/2583 2584/2584/2584 2585/2585/2585 
f 2586/2586/2586 2587/2587/2587 2588/2588/2588 
f 2589/2589/2589 2590/2590/2590 2591/2591/2591 
f 2592/2592/2592 2593/2593/2593 2594/2594/2594 
f 2592/2592/2592 2594/2594/2594 2595/2595/2595 
f 2593/2593/2593 2596/2596/2596 2594/2594/2594 
f 2593/2593/2593 2597/2597/2597 2596/2596/2596 
f 2598/2598/2598 2599/2599/2599 2596/2596/2596 
f 2598/2598/2598 2600/2600/2600 2599/2599/2599 
f 2600/2600/2600 2601/2601/2601 2599/2599/2599 
f 2600/2600/2600 2602/2602/2602 2601/2601/2601 
f 2603/2603/2603 2604/2604/2604 2601/2601/2601 
f 2603/2603/2603 2605/2605/2605 2604/2604/2604 
f 2606/2606/2606 2607/2607/2607 2608/2608/2608 
f 2607/2607/2607 2606/2606/2606 2609/2609/2609 
f 2610/2610/2610 2611/2611/2611 2612/2612/2612 
f 2613/2613/2613 2614/2614/2614 2615/2615/2615 
f 2616/2616/2616 2617/2617/2617 2618/2618/2618 
f 2617/2617/2617 2616/2616/2616 2619/2619/2619 
f 2620/2620/2620 2621/2621/2621 2622/2622/2622 
f 2620/2620/2620 2622/2622/2622 2623/2623/2623 
f 2624/2624/2624 2625/2625/2625 2626/2626/2626 
f 2625/2625/2625 2624/2624/2624 2627/2627/2627 
f 2628/2628/2628 2629/2629/2629 2630/2630/2630 
f 2629/2629/2629 2628/2628/2628 2631/2631/2631 
f 2632/2632/2632 2633/2633/2633 2634/2634/2634 
f 2635/2635/2635 2636/2636/2636 2637/2637/2637 
f 2638/2638/2638 2639/2639/2639 2640/2640/2640 
f 2640/2640/2640 2639/2639/2639 2641/2641/2641 
f 2642/2642/2642 2643/2643/2643 2644/2644/2644 
f 2643/2643/2643 2642/2642/2642 2645/2645/2645 
f 2646/2646/2646 2647/2647/2647 2648/2648/2648 
f 2649/2649/2649 2650/2650/2650 2651/2651/2651 
f 2649/2649/2649 2651/2651/2651 2652/2652/2652 
f 2653/2653/2653 2654/2654/2654 2655/2655/2655 
f 2654/2654/2654 2653/2653/2653 2656/2656/2656 
f 2657/2657/2657 2658/2658/2658 2659/2659/2659 
f 2660/2660/2660 2661/2661/2661 2662/2662/2662 
f 2663/2663/2663 2664/2664/2664 2665/2665/2665 
f 2666/2666/2666 2667/2667/2667 2668/2668/2668 
f 2667/2667/2667 2666/2666/2666 2669/2669/2669 
f 2669/2669/2669 2670/2670/2670 2671/2671/2671 
f 2670/2670/2670 2669/2669/2669 2672/2672/2672 
f 2672/2672/2672 2673/2673/2673 2674/2674/2674 
f 2673/2673/2673 2672/2672/2672 2675/2675/2675 
f 2675/2675/2675 2676/2676/2676 2677/2677/2677 
f 2676/2676/2676 2675/2675/2675 2678/2678/2678 
f 2678/2678/2678 2679/2679/2679 2676/2676/2676 
f 2679/2679/2679 2678/2678/2678 2680/2680/2680 
f 2680/2680/2680 2681/2681/2681 2679/2679/2679 
f 2681/2681/2681 2680/2680/2680 2682/2682/2682 
f 2683/2683/2683 2684/2684/2684 2685/2685/2685 
f 2686/2686/2686 2687/2687/2687 2688/2688/2688 
f 2689/2689/2689 2690/2690/2690 2691/2691/2691 
f 2692/2692/2692 2693/2693/2693 2694/2694/2694 
f 2695/2695/2695 2696/2696/2696 2697/2697/2697 
f 2698/2698/2698 2697/2697/2697 2699/2699/2699 
f 2700/2700/2700 2701/2701/2701 2702/2702/2702 
f 2703/2703/2703 2704/2704/2704 2705/2705/2705 
f 2706/2706/2706 2705/2705/2705 2704/2704/2704 
f 2707/2707/2707 2708/2708/2708 2709/2709/2709 
f 2708/2708/2708 2707/2707/2707 2710/2710/2710 
f 2711/2711/2711 2712/2712/2712 2713/2713/2713 
f 2712/2712/2712 2711/2711/2711 2714/2714/2714 
f 2715/2715/2715 2716/2716/2716 2717/2717/2717 
f 2718/2718/2718 2719/2719/2719 2720/2720/2720 
f 2719/2719/2719 2718/2718/2718 2721/2721/2721 
f 2722/2722/2722 2723/2723/2723 2724/2724/2724 
f 2723/2723/2723 2722/2722/2722 2725/2725/2725 
f 2726/2726/2726 2727/2727/2727 2728/2728/2728 
f 2727/2727/2727 2726/2726/2726 2729/2729/2729 
f 2730/2730/2730 2731/2731/2731 2732/2732/2732 
f 2732/2732/2732 2733/2733/2733 2730/2730/2730 
f 2734/2734/2734 2735/2735/2735 2736/2736/2736 
f 2737/2737/2737 2738/2738/2738 2739/2739/2739 
f 2738/2738/2738 2737/2737/2737 2740/2740/2740 
f 2741/2741/2741 2742/2742/2742 2743/2743/2743 
f 2744/2744/2744 2745/2745/2745 2746/2746/2746 
f 2747/2747/2747 2748/2748/2748 2749/2749/2749 
f 2748/2748/2748 2747/2747/2747 2750/2750/2750 
f 2751/2751/2751 2752/2752/2752 2753/2753/2753 
f 2754/2754/2754 2755/2755/2755 2756/2756/2756 
f 2756/2756/2756 2755/2755/2755 2757/2757/2757 
f 2758/2758/2758 2759/2759/2759 2760/2760/2760 
f 2760/2760/2760 2759/2759/2759 2761/2761/2761 
f 2762/2762/2762 2763/2763/2763 2764/2764/2764 
f 2765/2765/2765 2766/2766/2766 2767/2767/2767 
f 2768/2768/2768 2769/2769/2769 2770/2770/2770 
f 2771/2771/2771 2772/2772/2772 2773/2773/2773 
f 2774/2774/2774 2775/2775/2775 2776/2776/2776 
f 2775/2775/2775 2774/2774/2774 2777/2777/2777 
f 2778/2778/2778 2779/2779/2779 2780/2780/2780 
f 2781/2781/2781 2782/2782/2782 2783/2783/2783 
f 2784/2784/2784 2785/2785/2785 2786/2786/2786 
f 2787/2787/2787 2788/2788/2788 2789/2789/2789 
f 2790/2790/2790 2791/2791/2791 2792/2792/2792 
f 2793/2793/2793 2794/2794/2794 2795/2795/2795 
f 2796/2796/2796 2793/2793/2793 2797/2797/2797 
f 2793/2793/2793 2796/2796/2796 2798/2798/2798 
f 2799/2799/2799 2800/2800/2800 2801/2801/2801 
f 2802/2802/2802 2801/2801/2801 2800/2800/2800 
f 2803/2803/2803 2804/2804/2804 2805/2805/2805 
f 2806/2806/2806 2805/2805/2805 2804/2804/2804 
f 2807/2807/2807 2808/2808/2808 2809/2809/2809 
f 2810/2810/2810 2811/2811/2811 2809/2809/2809 
f 2812/2812/2812 2813/2813/2813 2814/2814/2814 
f 2815/2815/2815 2816/2816/2816 2817/2817/2817 
f 2816/2816/2816 2815/2815/2815 2818/2818/2818 
f 2819/2819/2819 2818/2818/2818 2815/2815/2815 
f 2820/2820/2820 2821/2821/2821 2822/2822/2822 
f 2823/2823/2823 2824/2824/2824 2825/2825/2825 
f 2826/2826/2826 2827/2827/2827 2828/2828/2828 
f 2829/2829/2829 2830/2830/2830 2831/2831/2831 
f 2830/2830/2830 2832/2832/2832 2831/2831/2831 
f 2833/2833/2833 2831/2831/2831 2834/2834/2834 
f 2831/2831/2831 2833/2833/2833 2835/2835/2835 
f 2836/2836/2836 2837/2837/2837 2838/2838/2838 
f 2839/2839/2839 2840/2840/2840 2841/2841/2841 
f 2840/2840/2840 2839/2839/2839 2842/2842/2842 
f 2843/2843/2843 2844/2844/2844 2839/2839/2839 
f 2844/2844/2844 2843/2843/2843 2845/2845/2845 
f 2846/2846/2846 2845/2845/2845 2843/2843/2843 
f 2845/2845/2845 2846/2846/2846 2847/2847/2847 
f 2848/2848/2848 2847/2847/2847 2846/2846/2846 
f 2847/2847/2847 2848/2848/2848 2849/2849/2849 
f 2849/2849/2849 2850/2850/2850 2851/2851/2851 
f 2850/2850/2850 2849/2849/2849 2852/2852/2852 
f 2853/2853/2853 2854/2854/2854 2855/2855/2855 
f 2856/2856/2856 2857/2857/2857 2858/2858/2858 
f 2859/2859/2859 2860/2860/2860 2861/2861/2861 
f 2860/2860/2860 2862/2862/2862 2861/2861/2861 
f 2863/2863/2863 2864/2864/2864 2865/2865/2865 
f 2865/2865/2865 2866/2866/2866 2863/2863/2863 
f 2867/2867/2867 2868/2868/2868 2869/2869/2869 
f 2867/2867/2867 2869/2869/2869 2870/2870/2870 
f 2867/2867/2867 2871/2871/2871 2872/2872/2872 
f 2872/2872/2872 2871/2871/2871 2873/2873/2873 
f 2872/2872/2872 2873/2873/2873 2874/2874/2874 
f 2874/2874/2874 2873/2873/2873 2875/2875/2875 
f 2874/2874/2874 2875/2875/2875 2876/2876/2876 
f 2876/2876/2876 2875/2875/2875 2877/2877/2877 
f 2878/2878/2878 2877/2877/2877 2879/2879/2879 
f 2880/2880/2880 2877/2877/2877 2878/2878/2878 
f 2881/2881/2881 2882/2882/2882 2883/2883/2883 
f 2884/2884/2884 2885/2885/2885 2886/2886/2886 
f 2885/2885/2885 2884/2884/2884 2887/2887/2887 
f 2888/2888/2888 2889/2889/2889 2890/2890/2890 
f 2891/2891/2891 2892/2892/2892 2893/2893/2893 
f 2892/2892/2892 2891/2891/2891 2894/2894/2894 
f 2895/2895/2895 2896/2896/2896 2897/2897/2897 
f 2898/2898/2898 2899/2899/2899 2897/2897/2897 
f 2900/2900/2900 2901/2901/2901 2899/2899/2899 
f 2902/2902/2902 2903/2903/2903 2899/2899/2899 
f 2903/2903/2903 2902/2902/2902 2904/2904/2904 
f 2905/2905/2905 2906/2906/2906 2907/2907/2907 
f 2906/2906/2906 2905/2905/2905 2908/2908/2908 
f 2909/2909/2909 2910/2910/2910 2911/2911/2911 
f 2909/2909/2909 2912/2912/2912 2913/2913/2913 
f 2912/2912/2912 2914/2914/2914 2915/2915/2915 
f 2916/2916/2916 2917/2917/2917 2912/2912/2912 
f 2917/2917/2917 2916/2916/2916 2918/2918/2918 
f 2919/2919/2919 2920/2920/2920 2921/2921/2921 
f 2922/2922/2922 2923/2923/2923 2924/2924/2924 
f 2925/2925/2925 2924/2924/2924 2923/2923/2923 
f 2923/2923/2923 2922/2922/2922 2926/2926/2926 
f 2924/2924/2924 2925/2925/2925 2927/2927/2927 
f 2928/2928/2928 2926/2926/2926 2922/2922/2922 
f 2929/2929/2929 2927/2927/2927 2925/2925/2925 
f 2926/2926/2926 2928/2928/2928 2930/2930/2930 
f 2927/2927/2927 2929/2929/2929 2931/2931/2931 
f 2932/2932/2932 2930/2930/2930 2928/2928/2928 
f 2933/2933/2933 2931/2931/2931 2929/2929/2929 
f 2931/2931/2931 2933/2933/2933 2934/2934/2934 
f 2933/2933/2933 2935/2935/2935 2934/2934/2934 
f 2930/2930/2930 2932/2932/2932 2936/2936/2936 
f 2937/2937/2937 2936/2936/2936 2932/2932/2932 
f 2936/2936/2936 2937/2937/2937 2938/2938/2938 
f 2939/2939/2939 2938/2938/2938 2937/2937/2937 
f 2938/2938/2938 2939/2939/2939 2940/2940/2940 
f 2941/2941/2941 2940/2940/2940 2939/2939/2939 
f 2940/2940/2940 2941/2941/2941 2942/2942/2942 
f 2943/2943/2943 2944/2944/2944 2945/2945/2945 
f 2944/2944/2944 2946/2946/2946 2945/2945/2945 
f 2944/2944/2944 2943/2943/2943 2947/2947/2947 
f 2948/2948/2948 2947/2947/2947 2943/2943/2943 
f 2947/2947/2947 2948/2948/2948 2949/2949/2949 
f 2950/2950/2950 2949/2949/2949 2948/2948/2948 
f 2949/2949/2949 2950/2950/2950 2951/2951/2951 
f 2952/2952/2952 2951/2951/2951 2950/2950/2950 
f 2951/2951/2951 2952/2952/2952 2953/2953/2953 
f 2954/2954/2954 2953/2953/2953 2952/2952/2952 
f 2953/2953/2953 2954/2954/2954 2955/2955/2955 
f 2956/2956/2956 2955/2955/2955 2954/2954/2954 
f 2955/2955/2955 2956/2956/2956 2957/2957/2957 
f 2958/2958/2958 2957/2957/2957 2956/2956/2956 
f 2957/2957/2957 2958/2958/2958 2959/2959/2959 
f 2960/2960/2960 2959/2959/2959 2958/2958/2958 
f 2959/2959/2959 2960/2960/2960 2961/2961/2961 
f 2962/2962/2962 2961/2961/2961 2960/2960/2960 
f 2961/2961/2961 2962/2962/2962 2963/2963/2963 
f 2964/2964/2964 2965/2965/2965 2966/2966/2966 
f 2965/2965/2965 2964/2964/2964 2967/2967/2967 
f 2966/2966/2966 2968/2968/2968 2964/2964/2964 
f 2967/2967/2967 2969/2969/2969 2965/2965/2965 
f 2968/2968/2968 2966/2966/2966 2970/2970/2970 
f 2969/2969/2969 2967/2967/2967 2971/2971/2971 
f 2970/2970/2970 2972/2972/2972 2968/2968/2968 
f 2971/2971/2971 2973/2973/2973 2969/2969/2969 
f 2972/2972/2972 2970/2970/2970 2974/2974/2974 
f 2973/2973/2973 2971/2971/2971 2975/2975/2975 
f 2976/2976/2976 2972/2972/2972 2974/2974/2974 
f 2975/2975/2975 2977/2977/2977 2973/2973/2973 
f 2974/2974/2974 2978/2978/2978 2976/2976/2976 
f 2977/2977/2977 2975/2975/2975 2979/2979/2979 
f 2979/2979/2979 2980/2980/2980 2977/2977/2977 
f 2980/2980/2980 2979/2979/2979 2981/2981/2981 
f 2982/2982/2982 2976/2976/2976 2978/2978/2978 
f 2978/2978/2978 2983/2983/2983 2982/2982/2982 
f 2983/2983/2983 2984/2984/2984 2982/2982/2982 
f 2985/2985/2985 2986/2986/2986 2987/2987/2987 
f 2988/2988/2988 2989/2989/2989 2990/2990/2990 
f 2990/2990/2990 2991/2991/2991 2988/2988/2988 
f 2992/2992/2992 2993/2993/2993 2994/2994/2994 
f 2995/2995/2995 2992/2992/2992 2994/2994/2994 
f 2992/2992/2992 2995/2995/2995 2996/2996/2996 
f 2997/2997/2997 2996/2996/2996 2995/2995/2995 
f 2996/2996/2996 2997/2997/2997 2998/2998/2998 
f 2999/2999/2999 2998/2998/2998 2997/2997/2997 
f 2998/2998/2998 2999/2999/2999 3000/3000/3000 
f 3001/3001/3001 3000/3000/3000 2999/2999/2999 
f 3000/3000/3000 3001/3001/3001 3002/3002/3002 
f 3002/3002/3002 3003/3003/3003 3004/3004/3004 
f 3003/3003/3003 3002/3002/3002 3005/3005/3005 
f 3006/3006/3006 3007/3007/3007 3003/3003/3003 
f 3007/3007/3007 3006/3006/3006 3008/3008/3008 
f 3009/3009/3009 3010/3010/3010 3006/3006/3006 
f 3010/3010/3010 3009/3009/3009 3011/3011/3011 
f 3012/3012/3012 3011/3011/3011 3009/3009/3009 
f 3011/3011/3011 3012/3012/3012 3013/3013/3013 
f 3014/3014/3014 3013/3013/3013 3012/3012/3012 
f 3013/3013/3013 3014/3014/3014 3015/3015/3015 
f 3016/3016/3016 3017/3017/3017 3018/3018/3018 
f 3018/3018/3018 3019/3019/3019 3016/3016/3016 
f 3019/3019/3019 3020/3020/3020 3016/3016/3016 
f 3021/3021/3021 3018/3018/3018 3017/3017/3017 
f 3017/3017/3017 3022/3022/3022 3021/3021/3021 
f 3022/3022/3022 3023/3023/3023 3021/3021/3021 
f 3023/3023/3023 3022/3022/3022 3024/3024/3024 
f 3024/3024/3024 3025/3025/3025 3023/3023/3023 
f 3025/3025/3025 3024/3024/3024 3026/3026/3026 
f 3026/3026/3026 3027/3027/3027 3025/3025/3025 
f 3027/3027/3027 3026/3026/3026 3028/3028/3028 
f 3028/3028/3028 3029/3029/3029 3027/3027/3027 
f 3029/3029/3029 3028/3028/3028 3030/3030/3030 
f 3030/3030/3030 3031/3031/3031 3029/3029/3029 
f 3031/3031/3031 3030/3030/3030 3032/3032/3032 
f 3032/3032/3032 3033/3033/3033 3031/3031/3031 
f 3033/3033/3033 3032/3032/3032 3034/3034/3034 
f 3034/3034/3034 3035/3035/3035 3033/3033/3033 
f 3035/3035/3035 3034/3034/3034 3036/3036/3036 
f 3037/3037/3037 3038/3038/3038 3039/3039/3039 
f 3040/3040/3040 3041/3041/3041 3042/3042/3042 
f 3041/3041/3041 3040/3040/3040 3043/3043/3043 
f 3043/3043/3043 3044/3044/3044 3041/3041/3041 
f 3044/3044/3044 3043/3043/3043 3045/3045/3045 
f 3045/3045/3045 3046/3046/3046 3044/3044/3044 
f 3046/3046/3046 3045/3045/3045 3047/3047/3047 
f 3047/3047/3047 3048/3048/3048 3046/3046/3046 
f 3048/3048/3048 3047/3047/3047 3049/3049/3049 
f 3049/3049/3049 3050/3050/3050 3048/3048/3048 
f 3050/3050/3050 3049/3049/3049 3051/3051/3051 
f 3042/3042/3042 3052/3052/3052 3053/3053/3053 
f 3052/3052/3052 3042/3042/3042 3054/3054/3054 
f 3054/3054/3054 3055/3055/3055 3052/3052/3052 
f 3055/3055/3055 3054/3054/3054 3056/3056/3056 
f 3057/3057/3057 3055/3055/3055 3056/3056/3056 
f 3057/3057/3057 3056/3056/3056 3058/3058/3058 
f 3059/3059/3059 3057/3057/3057 3058/3058/3058 
f 3059/3059/3059 3058/3058/3058 3060/3060/3060 
f 3060/3060/3060 3061/3061/3061 3059/3059/3059 
f 3062/3062/3062 3063/3063/3063 3064/3064/3064 
f 3065/3065/3065 3066/3066/3066 3067/3067/3067 
f 3065/3065/3065 3067/3067/3067 3068/3068/3068 
f 3069/3069/3069 3070/3070/3070 3071/3071/3071 
f 3072/3072/3072 3073/3073/3073 3074/3074/3074 
f 3075/3075/3075 3076/3076/3076 3077/3077/3077 
f 3078/3078/3078 3079/3079/3079 3075/3075/3075 
f 3075/3075/3075 3080/3080/3080 3078/3078/3078 
f 3081/3081/3081 3078/3078/3078 3082/3082/3082 
f 3082/3082/3082 3083/3083/3083 3081/3081/3081 
f 3084/3084/3084 3085/3085/3085 3086/3086/3086 
f 3087/3087/3087 3084/3084/3084 3088/3088/3088 
f 3089/3089/3089 3084/3084/3084 3087/3087/3087 
f 3090/3090/3090 3091/3091/3091 3087/3087/3087 
f 3092/3092/3092 3091/3091/3091 3090/3090/3090 
f 3093/3093/3093 3094/3094/3094 3095/3095/3095 
f 3094/3094/3094 3093/3093/3093 3096/3096/3096 
f 3097/3097/3097 3098/3098/3098 3099/3099/3099 
f 3100/3100/3100 3101/3101/3101 3102/3102/3102 
f 3103/3103/3103 3104/3104/3104 3105/3105/3105 
f 3106/3106/3106 3107/3107/3107 3108/3108/3108 
f 3107/3107/3107 3106/3106/3106 3109/3109/3109 
f 3110/3110/3110 3108/3108/3108 3111/3111/3111 
f 3108/3108/3108 3110/3110/3110 3112/3112/3112 
f 3109/3109/3109 3113/3113/3113 3114/3114/3114 
f 3113/3113/3113 3109/3109/3109 3115/3115/3115 
f 3116/3116/3116 3112/3112/3112 3117/3117/3117 
f 3112/3112/3112 3116/3116/3116 3118/3118/3118 
f 3119/3119/3119 3118/3118/3118 3116/3116/3116 
f 3118/3118/3118 3119/3119/3119 3120/3120/3120 
f 3121/3121/3121 3120/3120/3120 3122/3122/3122 
f 3121/3121/3121 3122/3122/3122 3123/3123/3123 
f 3124/3124/3124 3125/3125/3125 3123/3123/3123 
f 3125/3125/3125 3124/3124/3124 3126/3126/3126 
f 3127/3127/3127 3126/3126/3126 3128/3128/3128 
f 3126/3126/3126 3127/3127/3127 3129/3129/3129 
f 3130/3130/3130 3129/3129/3129 3127/3127/3127 
f 3129/3129/3129 3130/3130/3130 3131/3131/3131 
f 3130/3130/3130 3132/3132/3132 3131/3131/3131 
f 3133/3133/3133 3134/3134/3134 3135/3135/3135 
f 3136/3136/3136 3137/3137/3137 3138/3138/3138 
f 3138/3138/3138 3139/3139/3139 3136/3136/3136 
f 3140/3140/3140 3141/3141/3141 3142/3142/3142 
f 3143/3143/3143 3144/3144/3144 3145/3145/3145 
f 3146/3146/3146 3147/3147/3147 3148/3148/3148 
f 3148/3148/3148 3147/3147/3147 3149/3149/3149 
f 3148/3148/3148 3150/3150/3150 3146/3146/3146 
f 3150/3150/3150 3148/3148/3148 3151/3151/3151 
f 3152/3152/3152 3153/3153/3153 3154/3154/3154 
f 3155/3155/3155 3156/3156/3156 3157/3157/3157 
f 3158/3158/3158 3159/3159/3159 3160/3160/3160 
f 3161/3161/3161 3162/3162/3162 3163/3163/3163 
f 3164/3164/3164 3165/3165/3165 3166/3166/3166 
f 3165/3165/3165 3164/3164/3164 3167/3167/3167 
f 3168/3168/3168 3164/3164/3164 3166/3166/3166 
f 3164/3164/3164 3168/3168/3168 3169/3169/3169 
f 3170/3170/3170 3171/3171/3171 3172/3172/3172 
f 3173/3173/3173 3174/3174/3174 3175/3175/3175 
f 3174/3174/3174 3176/3176/3176 3175/3175/3175 
f 3177/3177/3177 3178/3178/3178 3179/3179/3179 
f 3180/3180/3180 3181/3181/3181 3182/3182/3182 
f 3183/3183/3183 3184/3184/3184 3185/3185/3185 
f 3184/3184/3184 3183/3183/3183 3186/3186/3186 
f 3185/3185/3185 3187/3187/3187 3188/3188/3188 
f 3187/3187/3187 3185/3185/3185 3189/3189/3189 
f 3189/3189/3189 3190/3190/3190 3187/3187/3187 
f 3190/3190/3190 3189/3189/3189 3191/3191/3191 
f 3191/3191/3191 3192/3192/3192 3190/3190/3190 
f 3193/3193/3193 3194/3194/3194 3186/3186/3186 
f 3194/3194/3194 3193/3193/3193 3195/3195/3195 
f 3196/3196/3196 3197/3197/3197 3193/3193/3193 
f 3197/3197/3197 3196/3196/3196 3198/3198/3198 
f 3199/3199/3199 3200/3200/3200 3196/3196/3196 
f 3200/3200/3200 3199/3199/3199 3201/3201/3201 
f 3202/3202/3202 3203/3203/3203 3199/3199/3199 
f 3203/3203/3203 3202/3202/3202 3204/3204/3204 
f 3205/3205/3205 3206/3206/3206 3202/3202/3202 
f 3206/3206/3206 3205/3205/3205 3207/3207/3207 
f 3208/3208/3208 3207/3207/3207 3205/3205/3205 
f 3207/3207/3207 3208/3208/3208 3209/3209/3209 
f 3210/3210/3210 3211/3211/3211 3212/3212/3212 
f 3213/3213/3213 3214/3214/3214 3215/3215/3215 
f 3214/3214/3214 3213/3213/3213 3216/3216/3216 
f 3217/3217/3217 3218/3218/3218 3219/3219/3219 
f 3219/3219/3219 3218/3218/3218 3220/3220/3220 
f 3217/3217/3217 3221/3221/3221 3222/3222/3222 
f 3223/3223/3223 3224/3224/3224 3225/3225/3225 
f 3224/3224/3224 3223/3223/3223 3226/3226/3226 
f 3227/3227/3227 3226/3226/3226 3228/3228/3228 
f 3229/3229/3229 3230/3230/3230 3231/3231/3231 
f 3230/3230/3230 3229/3229/3229 3232/3232/3232 
f 3233/3233/3233 3231/3231/3231 3234/3234/3234 
f 3235/3235/3235 3236/3236/3236 3237/3237/3237 
f 3238/3238/3238 3235/3235/3235 3239/3239/3239 
f 3240/3240/3240 3241/3241/3241 3242/3242/3242 
f 3242/3242/3242 3243/3243/3243 3244/3244/3244 
f 3245/3245/3245 3246/3246/3246 3247/3247/3247 
f 3248/3248/3248 3249/3249/3249 3250/3250/3250 
f 3249/3249/3249 3248/3248/3248 3251/3251/3251 
f 3252/3252/3252 3253/3253/3253 3254/3254/3254 
f 3253/3253/3253 3252/3252/3252 3255/3255/3255 
f 3256/3256/3256 3257/3257/3257 3258/3258/3258 
f 3257/3257/3257 3259/3259/3259 3258/3258/3258 
f 3257/3257/3257 3260/3260/3260 3259/3259/3259 
f 3256/3256/3256 3258/3258/3258 3261/3261/3261 
f 3262/3262/3262 3256/3256/3256 3261/3261/3261 
f 3262/3262/3262 3261/3261/3261 3263/3263/3263 
f 3264/3264/3264 3262/3262/3262 3263/3263/3263 
f 3264/3264/3264 3263/3263/3263 3265/3265/3265 
f 3266/3266/3266 3264/3264/3264 3265/3265/3265 
f 3266/3266/3266 3265/3265/3265 3267/3267/3267 
f 3268/3268/3268 3266/3266/3266 3267/3267/3267 
f 3266/3266/3266 3268/3268/3268 3269/3269/3269 
f 3270/3270/3270 3269/3269/3269 3268/3268/3268 
f 3269/3269/3269 3270/3270/3270 3271/3271/3271 
f 3270/3270/3270 3272/3272/3272 3271/3271/3271 
f 3260/3260/3260 3273/3273/3273 3274/3274/3274 
f 3260/3260/3260 3274/3274/3274 3275/3275/3275 
f 3276/3276/3276 3277/3277/3277 3274/3274/3274 
f 3276/3276/3276 3278/3278/3278 3277/3277/3277 
f 3279/3279/3279 3280/3280/3280 3281/3281/3281 
f 3280/3280/3280 3279/3279/3279 3282/3282/3282 
f 3283/3283/3283 3284/3284/3284 3285/3285/3285 
f 3285/3285/3285 3284/3284/3284 3286/3286/3286 
f 3287/3287/3287 3284/3284/3284 3283/3283/3283 
f 3288/3288/3288 3289/3289/3289 3290/3290/3290 
f 3289/3289/3289 3291/3291/3291 3290/3290/3290 
f 3292/3292/3292 3293/3293/3293 3294/3294/3294 
f 3295/3295/3295 3296/3296/3296 3297/3297/3297 
f 3298/3298/3298 3299/3299/3299 3300/3300/3300 
f 3301/3301/3301 3302/3302/3302 3303/3303/3303 
f 3304/3304/3304 3303/3303/3303 3302/3302/3302 
f 3303/3303/3303 3304/3304/3304 3305/3305/3305 
f 3302/3302/3302 3301/3301/3301 3306/3306/3306 
f 3307/3307/3307 3306/3306/3306 3301/3301/3301 
f 3306/3306/3306 3307/3307/3307 3308/3308/3308 
f 3309/3309/3309 3308/3308/3308 3307/3307/3307 
f 3308/3308/3308 3309/3309/3309 3310/3310/3310 
f 3311/3311/3311 3312/3312/3312 3309/3309/3309 
f 3312/3312/3312 3311/3311/3311 3313/3313/3313 
f 3314/3314/3314 3313/3313/3313 3311/3311/3311 
f 3313/3313/3313 3314/3314/3314 3315/3315/3315 
f 3316/3316/3316 3315/3315/3315 3317/3317/3317 
f 3315/3315/3315 3316/3316/3316 3318/3318/3318 
f 3316/3316/3316 3319/3319/3319 3318/3318/3318 
f 3319/3319/3319 3316/3316/3316 3320/3320/3320 
f 3320/3320/3320 3321/3321/3321 3319/3319/3319 
f 3321/3321/3321 3320/3320/3320 3322/3322/3322 
f 3322/3322/3322 3323/3323/3323 3321/3321/3321 
f 3324/3324/3324 3325/3325/3325 3326/3326/3326 
f 3327/3327/3327 3328/3328/3328 3329/3329/3329 
f 3328/3328/3328 3327/3327/3327 3330/3330/3330 
f 3331/3331/3331 3332/3332/3332 3333/3333/3333 
f 3334/3334/3334 3335/3335/3335 3336/3336/3336 
f 3337/3337/3337 3338/3338/3338 3339/3339/3339 
f 3340/3340/3340 3341/3341/3341 3342/3342/3342 
f 3343/3343/3343 3344/3344/3344 3345/3345/3345 
f 3346/3346/3346 3347/3347/3347 3348/3348/3348 
f 3349/3349/3349 3350/3350/3350 3351/3351/3351 
f 3350/3350/3350 3349/3349/3349 3352/3352/3352 
f 3353/3353/3353 3354/3354/3354 3355/3355/3355 
f 3356/3356/3356 3355/3355/3355 3354/3354/3354 
f 3355/3355/3355 3356/3356/3356 3357/3357/3357 
f 3356/3356/3356 3358/3358/3358 3357/3357/3357 
f 3354/3354/3354 3353/3353/3353 3359/3359/3359 
f 3353/3353/3353 3360/3360/3360 3359/3359/3359 
f 3353/3353/3353 3361/3361/3361 3360/3360/3360 
f 3361/3361/3361 3362/3362/3362 3360/3360/3360 
f 3361/3361/3361 3363/3363/3363 3362/3362/3362 
f 3363/3363/3363 3364/3364/3364 3362/3362/3362 
f 3363/3363/3363 3365/3365/3365 3364/3364/3364 
f 3365/3365/3365 3366/3366/3366 3364/3364/3364 
f 3365/3365/3365 3367/3367/3367 3366/3366/3366 
f 3367/3367/3367 3368/3368/3368 3366/3366/3366 
f 3367/3367/3367 3369/3369/3369 3368/3368/3368 
f 3369/3369/3369 3370/3370/3370 3368/3368/3368 
f 3369/3369/3369 3371/3371/3371 3370/3370/3370 
f 3372/3372/3372 3373/3373/3373 3370/3370/3370 
f 3372/3372/3372 3374/3374/3374 3373/3373/3373 
f 3375/3375/3375 2531/2531/2531 3376/3376/3376 
f 2531/2531/2531 3375/3375/3375 3377/3377/3377 
f 3376/3376/3376 3378/3378/3378 3375/3375/3375 
f 3378/3378/3378 3376/3376/3376 3379/3379/3379 
f 3380/3380/3380 3381/3381/3381 3379/3379/3379 
f 3381/3381/3381 3380/3380/3380 3382/3382/3382 
f 3383/3383/3383 3384/3384/3384 3382/3382/3382 
f 3384/3384/3384 3383/3383/3383 3385/3385/3385 
f 3385/3385/3385 3386/3386/3386 3387/3387/3387 
f 3386/3386/3386 3385/3385/3385 3388/3388/3388 
f 3388/3388/3388 3389/3389/3389 3386/3386/3386 
f 3389/3389/3389 3388/3388/3388 3390/3390/3390 
f 3390/3390/3390 3391/3391/3391 3389/3389/3389 
f 3392/3392/3392 3393/3393/3393 3394/3394/3394 
f 3395/3395/3395 3396/3396/3396 3397/3397/3397 
f 3396/3396/3396 3395/3395/3395 3398/3398/3398 
f 3399/3399/3399 3400/3400/3400 3401/3401/3401 
f 3401/3401/3401 3402/3402/3402 3399/3399/3399 
f 3403/3403/3403 3404/3404/3404 3402/3402/3402 
f 3404/3404/3404 3403/3403/3403 3405/3405/3405 
f 3406/3406/3406 3407/3407/3407 3408/3408/3408 
f 3409/3409/3409 3408/3408/3408 3407/3407/3407 
f 3407/3407/3407 3406/3406/3406 3410/3410/3410 
f 3408/3408/3408 3409/3409/3409 3411/3411/3411 
f 3406/3406/3406 3412/3412/3412 3410/3410/3410 
f 3413/3413/3413 3411/3411/3411 3409/3409/3409 
f 3412/3412/3412 3406/3406/3406 3414/3414/3414 
f 3411/3411/3411 3413/3413/3413 3415/3415/3415 
f 3414/3414/3414 3416/3416/3416 3412/3412/3412 
f 3416/3416/3416 3414/3414/3414 3417/3417/3417 
f 3417/3417/3417 3418/3418/3418 3416/3416/3416 
f 3419/3419/3419 3415/3415/3415 3413/3413/3413 
f 3415/3415/3415 3419/3419/3419 3420/3420/3420 
f 3421/3421/3421 3420/3420/3420 3419/3419/3419 
f 3420/3420/3420 3421/3421/3421 3422/3422/3422 
f 3423/3423/3423 3422/3422/3422 3421/3421/3421 
f 3422/3422/3422 3423/3423/3423 3424/3424/3424 
f 3425/3425/3425 3426/3426/3426 3423/3423/3423 
f 3426/3426/3426 3425/3425/3425 3427/3427/3427 
f 3428/3428/3428 3429/3429/3429 3430/3430/3430 
f 3431/3431/3431 3430/3430/3430 3429/3429/3429 
f 3429/3429/3429 3428/3428/3428 3432/3432/3432 
f 3430/3430/3430 3431/3431/3431 3433/3433/3433 
f 3434/3434/3434 3432/3432/3432 3428/3428/3428 
f 3435/3435/3435 3433/3433/3433 3431/3431/3431 
f 3432/3432/3432 3434/3434/3434 3436/3436/3436 
f 3433/3433/3433 3435/3435/3435 3437/3437/3437 
f 3438/3438/3438 3436/3436/3436 3434/3434/3434 
f 3439/3439/3439 3437/3437/3437 3435/3435/3435 
f 3436/3436/3436 3438/3438/3438 3440/3440/3440 
f 3441/3441/3441 3440/3440/3440 3438/3438/3438 
f 3440/3440/3440 3441/3441/3441 3442/3442/3442 
f 3437/3437/3437 3439/3439/3439 3443/3443/3443 
f 3444/3444/3444 3443/3443/3443 3439/3439/3439 
f 3444/3444/3444 3439/3439/3439 3445/3445/3445 
f 3446/3446/3446 3444/3444/3444 3445/3445/3445 
f 3446/3446/3446 3445/3445/3445 3447/3447/3447 
f 3448/3448/3448 3449/3449/3449 3450/3450/3450 
f 3449/3449/3449 3448/3448/3448 3451/3451/3451 
f 3452/3452/3452 3453/3453/3453 3454/3454/3454 
f 3455/3455/3455 3456/3456/3456 3457/3457/3457 
f 3456/3456/3456 3455/3455/3455 3458/3458/3458 
f 3459/3459/3459 3460/3460/3460 3461/3461/3461 
f 3462/3462/3462 3463/3463/3463 3464/3464/3464 
f 3463/3463/3463 3462/3462/3462 3465/3465/3465 
f 3465/3465/3465 3466/3466/3466 3463/3463/3463 
f 3466/3466/3466 3465/3465/3465 3467/3467/3467 
f 3464/3464/3464 3468/3468/3468 3462/3462/3462 
f 3468/3468/3468 3464/3464/3464 3469/3469/3469 
f 3469/3469/3469 3470/3470/3470 3468/3468/3468 
f 3471/3471/3471 3470/3470/3470 3469/3469/3469 
f 3471/3471/3471 3472/3472/3472 3470/3470/3470 
f 3471/3471/3471 3473/3473/3473 3472/3472/3472 
f 3473/3473/3473 3474/3474/3474 3472/3472/3472 
f 3473/3473/3473 3475/3475/3475 3474/3474/3474 
f 3475/3475/3475 3476/3476/3476 3474/3474/3474 
f 3475/3475/3475 3477/3477/3477 3476/3476/3476 
f 3478/3478/3478 3476/3476/3476 3477/3477/3477 
f 3476/3476/3476 3478/3478/3478 3479/3479/3479 
f 3480/3480/3480 3479/3479/3479 3478/3478/3478 
f 3479/3479/3479 3480/3480/3480 3481/3481/3481 
f 3482/3482/3482 3483/3483/3483 3484/3484/3484 
f 3483/3483/3483 3482/3482/3482 3485/3485/3485 
f 3486/3486/3486 3487/3487/3487 3488/3488/3488 
f 3489/3489/3489 3490/3490/3490 3491/3491/3491 
f 3492/3492/3492 3493/3493/3493 3490/3490/3490 
f 3494/3494/3494 3495/3495/3495 3492/3492/3492 
f 3495/3495/3495 3494/3494/3494 3496/3496/3496 
f 3497/3497/3497 3498/3498/3498 3499/3499/3499 
f 3500/3500/3500 3501/3501/3501 3502/3502/3502 
f 3501/3501/3501 3500/3500/3500 3503/3503/3503 
f 3504/3504/3504 3505/3505/3505 3506/3506/3506 
f 3507/3507/3507 3508/3508/3508 3509/3509/3509 
f 3508/3508/3508 3507/3507/3507 3510/3510/3510 
f 3511/3511/3511 3512/3512/3512 3513/3513/3513 
f 3514/3514/3514 3515/3515/3515 3516/3516/3516 
f 3517/3517/3517 3518/3518/3518 3519/3519/3519 
f 3520/3520/3520 3521/3521/3521 3522/3522/3522 
f 3521/3521/3521 3520/3520/3520 3523/3523/3523 
f 3524/3524/3524 3525/3525/3525 3526/3526/3526 
f 3527/3527/3527 3528/3528/3528 3529/3529/3529 
f 3530/3530/3530 3531/3531/3531 3532/3532/3532 
f 3531/3531/3531 3533/3533/3533 3532/3532/3532 
f 3534/3534/3534 3535/3535/3535 3536/3536/3536 
f 3537/3537/3537 3538/3538/3538 3539/3539/3539 
f 3540/3540/3540 3541/3541/3541 3542/3542/3542 
f 3543/3543/3543 3544/3544/3544 3545/3545/3545 
f 3546/3546/3546 3547/3547/3547 3548/3548/3548 
f 3548/3548/3548 3549/3549/3549 3546/3546/3546 
f 3550/3550/3550 3551/3551/3551 3552/3552/3552 
f 3553/3553/3553 3552/3552/3552 3551/3551/3551 
f 3552/3552/3552 3554/3554/3554 3550/3550/3550 
f 3552/3552/3552 3553/3553/3553 3555/3555/3555 
f 3556/3556/3556 3550/3550/3550 3554/3554/3554 
f 3554/3554/3554 3557/3557/3557 3556/3556/3556 
f 3557/3557/3557 3558/3558/3558 3556/3556/3556 
f 3559/3559/3559 3555/3555/3555 3553/3553/3553 
f 3555/3555/3555 3559/3559/3559 3560/3560/3560 
f 3561/3561/3561 3560/3560/3560 3559/3559/3559 
f 3560/3560/3560 3561/3561/3561 3562/3562/3562 
f 3563/3563/3563 3562/3562/3562 3561/3561/3561 
f 3562/3562/3562 3563/3563/3563 3564/3564/3564 
f 3565/3565/3565 3564/3564/3564 3563/3563/3563 
f 3564/3564/3564 3565/3565/3565 3566/3566/3566 
f 3567/3567/3567 3566/3566/3566 3568/3568/3568 
f 3566/3566/3566 3567/3567/3567 3569/3569/3569 
f 3570/3570/3570 3569/3569/3569 3567/3567/3567 
f 3569/3569/3569 3570/3570/3570 3571/3571/3571 
f 3572/3572/3572 3573/3573/3573 3574/3574/3574 
f 3573/3573/3573 3572/3572/3572 3575/3575/3575 
f 3576/3576/3576 3577/3577/3577 3578/3578/3578 
f 3579/3579/3579 3580/3580/3580 3581/3581/3581 
f 3582/3582/3582 3583/3583/3583 3584/3584/3584 
f 3583/3583/3583 3582/3582/3582 3585/3585/3585 
f 3586/3586/3586 3587/3587/3587 3588/3588/3588 
f 3589/3589/3589 3590/3590/3590 3591/3591/3591 
f 3592/3592/3592 3593/3593/3593 3594/3594/3594 
f 3595/3595/3595 3596/3596/3596 3597/3597/3597 
f 3597/3597/3597 3596/3596/3596 3598/3598/3598 
f 3599/3599/3599 3600/3600/3600 3601/3601/3601 
f 3599/3599/3599 3601/3601/3601 3602/3602/3602 
f 3603/3603/3603 3599/3599/3599 3602/3602/3602 
f 3600/3600/3600 3604/3604/3604 3601/3601/3601 
f 3603/3603/3603 3602/3602/3602 3605/3605/3605 
f 3600/3600/3600 3606/3606/3606 3604/3604/3604 
f 3607/3607/3607 3604/3604/3604 3606/3606/3606 
f 3604/3604/3604 3607/3607/3607 3608/3608/3608 
f 3609/3609/3609 3608/3608/3608 3607/3607/3607 
f 3608/3608/3608 3609/3609/3609 3610/3610/3610 
f 3609/3609/3609 3611/3611/3611 3610/3610/3610 
f 3612/3612/3612 3605/3605/3605 3613/3613/3613 
f 3613/3613/3613 3605/3605/3605 3614/3614/3614 
f 3613/3613/3613 3614/3614/3614 3615/3615/3615 
f 3615/3615/3615 3614/3614/3614 3616/3616/3616 
f 3617/3617/3617 3616/3616/3616 3618/3618/3618 
f 3618/3618/3618 3616/3616/3616 3619/3619/3619 
f 3618/3618/3618 3619/3619/3619 3620/3620/3620 
f 3620/3620/3620 3619/3619/3619 3621/3621/3621 
f 3622/3622/3622 3623/3623/3623 3624/3624/3624 
f 3623/3623/3623 3622/3622/3622 3625/3625/3625 
f 3622/3622/3622 3626/3626/3626 3625/3625/3625 
f 3626/3626/3626 3622/3622/3622 3627/3627/3627 
f 3627/3627/3627 3628/3628/3628 3626/3626/3626 
f 3628/3628/3628 3627/3627/3627 3629/3629/3629 
f 3630/3630/3630 3631/3631/3631 3632/3632/3632 
f 3631/3631/3631 3630/3630/3630 3633/3633/3633 
f 3634/3634/3634 3635/3635/3635 3636/3636/3636 
f 3635/3635/3635 3634/3634/3634 3637/3637/3637 
f 3638/3638/3638 3635/3635/3635 3637/3637/3637 
f 3635/3635/3635 3638/3638/3638 3639/3639/3639 
f 3640/3640/3640 3639/3639/3639 3638/3638/3638 
f 3639/3639/3639 3640/3640/3640 3641/3641/3641 
f 3642/3642/3642 3643/3643/3643 3644/3644/3644 
f 3645/3645/3645 3646/3646/3646 3647/3647/3647 
f 3648/3648/3648 3649/3649/3649 3650/3650/3650 
f 3651/3651/3651 3652/3652/3652 3653/3653/3653 
f 3654/3654/3654 3653/3653/3653 3652/3652/3652 
f 3655/3655/3655 3656/3656/3656 3657/3657/3657 
f 3658/3658/3658 3659/3659/3659 3660/3660/3660 
f 3661/3661/3661 3662/3662/3662 3663/3663/3663 
f 3664/3664/3664 3665/3665/3665 3666/3666/3666 
f 3665/3665/3665 3664/3664/3664 3667/3667/3667 
f 3668/3668/3668 3669/3669/3669 3670/3670/3670 
f 3671/3671/3671 3668/3668/3668 3672/3672/3672 
f 3673/3673/3673 3674/3674/3674 3675/3675/3675 
f 3676/3676/3676 3675/3675/3675 3674/3674/3674 
f 3677/3677/3677 3678/3678/3678 3679/3679/3679 
f 3678/3678/3678 3677/3677/3677 3680/3680/3680 
f 3681/3681/3681 3682/3682/3682 3683/3683/3683 
f 3682/3682/3682 3681/3681/3681 3684/3684/3684 
f 3685/3685/3685 3686/3686/3686 3687/3687/3687 
f 3688/3688/3688 3689/3689/3689 3690/3690/3690 
f 3691/3691/3691 3692/3692/3692 3693/3693/3693 
f 3694/3694/3694 3693/3693/3693 3692/3692/3692 
f 3695/3695/3695 3696/3696/3696 3697/3697/3697 
f 3698/3698/3698 3699/3699/3699 3700/3700/3700 
f 3701/3701/3701 3702/3702/3702 3703/3703/3703 
f 3704/3704/3704 3705/3705/3705 3706/3706/3706 
f 3707/3707/3707 3708/3708/3708 3709/3709/3709 
f 3710/3710/3710 3711/3711/3711 3712/3712/3712 
f 3713/3713/3713 3714/3714/3714 3715/3715/3715 
f 3716/3716/3716 3715/3715/3715 3714/3714/3714 
f 3714/3714/3714 3713/3713/3713 3717/3717/3717 
f 3715/3715/3715 3716/3716/3716 3718/3718/3718 
f 3719/3719/3719 3717/3717/3717 3713/3713/3713 
f 3720/3720/3720 3718/3718/3718 3716/3716/3716 
f 3717/3717/3717 3719/3719/3719 3721/3721/3721 
f 3718/3718/3718 3720/3720/3720 3722/3722/3722 
f 3723/3723/3723 3721/3721/3721 3719/3719/3719 
f 3724/3724/3724 3722/3722/3722 3720/3720/3720 
f 3721/3721/3721 3723/3723/3723 3725/3725/3725 
f 3726/3726/3726 3725/3725/3725 3723/3723/3723 
f 3725/3725/3725 3726/3726/3726 3727/3727/3727 
f 3722/3722/3722 3724/3724/3724 3728/3728/3728 
f 3724/3724/3724 3729/3729/3729 3728/3728/3728 
f 3729/3729/3729 3724/3724/3724 3730/3730/3730 
f 3730/3730/3730 3731/3731/3731 3729/3729/3729 
f 3731/3731/3731 3730/3730/3730 3732/3732/3732 
f 3733/3733/3733 3734/3734/3734 3735/3735/3735 
f 3736/3736/3736 3735/3735/3735 3734/3734/3734 
f 3735/3735/3735 3737/3737/3737 3733/3733/3733 
f 3734/3734/3734 3738/3738/3738 3736/3736/3736 
f 3739/3739/3739 3733/3733/3733 3737/3737/3737 
f 3740/3740/3740 3736/3736/3736 3738/3738/3738 
f 3737/3737/3737 3741/3741/3741 3739/3739/3739 
f 3738/3738/3738 3742/3742/3742 3740/3740/3740 
f 3743/3743/3743 3739/3739/3739 3741/3741/3741 
f 3744/3744/3744 3740/3740/3740 3742/3742/3742 
f 3739/3739/3739 3743/3743/3743 3745/3745/3745 
f 3746/3746/3746 3745/3745/3745 3743/3743/3743 
f 3745/3745/3745 3746/3746/3746 3747/3747/3747 
f 3742/3742/3742 3748/3748/3748 3744/3744/3744 
f 3749/3749/3749 3744/3744/3744 3748/3748/3748 
f 3748/3748/3748 3750/3750/3750 3749/3749/3749 
f 3751/3751/3751 3749/3749/3749 3750/3750/3750 
f 3750/3750/3750 3752/3752/3752 3751/3751/3751 
f 3753/3753/3753 3754/3754/3754 3755/3755/3755 
f 3755/3755/3755 3756/3756/3756 3753/3753/3753 
f 3757/3757/3757 3753/3753/3753 3756/3756/3756 
f 3756/3756/3756 3758/3758/3758 3757/3757/3757 
f 3759/3759/3759 3757/3757/3757 3758/3758/3758 
f 3758/3758/3758 3760/3760/3760 3759/3759/3759 
f 3761/3761/3761 3759/3759/3759 3760/3760/3760 
f 3760/3760/3760 3762/3762/3762 3761/3761/3761 
f 3763/3763/3763 3761/3761/3761 3762/3762/3762 
f 3762/3762/3762 3764/3764/3764 3763/3763/3763 
f 3765/3765/3765 3763/3763/3763 3764/3764/3764 
f 3764/3764/3764 3766/3766/3766 3765/3765/3765 
f 3767/3767/3767 3765/3765/3765 3766/3766/3766 
f 3766/3766/3766 3768/3768/3768 3767/3767/3767 
f 3769/3769/3769 3767/3767/3767 3768/3768/3768 
f 3767/3767/3767 3769/3769/3769 3770/3770/3770 
f 3771/3771/3771 3770/3770/3770 3769/3769/3769 
f 3770/3770/3770 3771/3771/3771 3772/3772/3772 
f 3773/3773/3773 3774/3774/3774 3775/3775/3775 
f 3774/3774/3774 3773/3773/3773 3776/3776/3776 
f 3777/3777/3777 3775/3775/3775 3774/3774/3774 
f 3775/3775/3775 3777/3777/3777 3778/3778/3778 
f 3779/3779/3779 3778/3778/3778 3777/3777/3777 
f 3778/3778/3778 3779/3779/3779 3780/3780/3780 
f 3781/3781/3781 3780/3780/3780 3779/3779/3779 
f 3780/3780/3780 3781/3781/3781 3782/3782/3782 
f 3783/3783/3783 3782/3782/3782 3781/3781/3781 
f 3782/3782/3782 3783/3783/3783 3784/3784/3784 
f 3785/3785/3785 3784/3784/3784 3783/3783/3783 
f 3784/3784/3784 3785/3785/3785 3786/3786/3786 
f 3787/3787/3787 3786/3786/3786 3785/3785/3785 
f 3786/3786/3786 3787/3787/3787 3788/3788/3788 
f 3787/3787/3787 3789/3789/3789 3788/3788/3788 
f 3789/3789/3789 3787/3787/3787 3790/3790/3790 
f 3790/3790/3790 3791/3791/3791 3789/3789/3789 
f 3791/3791/3791 3790/3790/3790 3792/3792/3792 
f 3793/3793/3793 3794/3794/3794 3795/3795/3795 
f 3796/3796/3796 3797/3797/3797 3798/3798/3798 
f 3799/3799/3799 3800/3800/3800 3801/3801/3801 
f 3802/3802/3802 3803/3803/3803 3804/3804/3804 
f 3805/3805/3805 3806/3806/3806 3807/3807/3807 
f 3808/3808/3808 3809/3809/3809 3810/3810/3810 
f 3811/3811/3811 3812/3812/3812 3813/3813/3813 
f 3814/3814/3814 3815/3815/3815 3816/3816/3816 
f 3816/3816/3816 3817/3817/3817 3814/3814/3814 
f 3817/3817/3817 3818/3818/3818 3814/3814/3814 
f 3819/3819/3819 3816/3816/3816 3815/3815/3815 
f 3820/3820/3820 3819/3819/3819 3815/3815/3815 
f 3821/3821/3821 3819/3819/3819 3820/3820/3820 
f 3822/3822/3822 3821/3821/3821 3820/3820/3820 
f 3823/3823/3823 3821/3821/3821 3822/3822/3822 
f 3821/3821/3821 3823/3823/3823 3824/3824/3824 
f 3825/3825/3825 3824/3824/3824 3823/3823/3823 
f 3824/3824/3824 3825/3825/3825 3826/3826/3826 
f 3827/3827/3827 3826/3826/3826 3828/3828/3828 
f 3829/3829/3829 3827/3827/3827 3828/3828/3828 
f 3830/3830/3830 3827/3827/3827 3829/3829/3829 
f 3831/3831/3831 3830/3830/3830 3829/3829/3829 
f 3832/3832/3832 3830/3830/3830 3831/3831/3831 
f 3831/3831/3831 3833/3833/3833 3832/3832/3832 
f 3834/3834/3834 3832/3832/3832 3833/3833/3833 
f 3833/3833/3833 3835/3835/3835 3834/3834/3834 
f 3836/3836/3836 3837/3837/3837 3838/3838/3838 
f 3836/3836/3836 3838/3838/3838 3839/3839/3839 
f 3840/3840/3840 3841/3841/3841 3842/3842/3842 
f 3842/3842/3842 3843/3843/3843 3840/3840/3840 
f 3844/3844/3844 3845/3845/3845 3846/3846/3846 
f 3847/3847/3847 3846/3846/3846 3845/3845/3845 
f 3844/3844/3844 3846/3846/3846 3848/3848/3848 
f 3849/3849/3849 3844/3844/3844 3848/3848/3848 
f 3849/3849/3849 3848/3848/3848 3850/3850/3850 
f 3846/3846/3846 3847/3847/3847 3851/3851/3851 
f 3852/3852/3852 3851/3851/3851 3847/3847/3847 
f 3851/3851/3851 3852/3852/3852 3853/3853/3853 
f 3854/3854/3854 3853/3853/3853 3852/3852/3852 
f 3853/3853/3853 3854/3854/3854 3855/3855/3855 
f 3854/3854/3854 3856/3856/3856 3855/3855/3855 
f 3857/3857/3857 3858/3858/3858 3850/3850/3850 
f 3858/3858/3858 3857/3857/3857 3859/3859/3859 
f 3860/3860/3860 3859/3859/3859 3857/3857/3857 
f 3859/3859/3859 3860/3860/3860 3861/3861/3861 
f 3862/3862/3862 3861/3861/3861 3860/3860/3860 
f 3861/3861/3861 3862/3862/3862 3863/3863/3863 
f 3864/3864/3864 3863/3863/3863 3862/3862/3862 
f 3863/3863/3863 3864/3864/3864 3865/3865/3865 
f 3866/3866/3866 3867/3867/3867 3868/3868/3868 
f 3866/3866/3866 3868/3868/3868 3869/3869/3869 
f 3870/3870/3870 3871/3871/3871 3872/3872/3872 
f 3873/3873/3873 3874/3874/3874 3875/3875/3875 
f 3875/3875/3875 3874/3874/3874 3876/3876/3876 
f 3877/3877/3877 3878/3878/3878 3879/3879/3879 
f 3880/3880/3880 3881/3881/3881 3882/3882/3882 
f 3881/3881/3881 3880/3880/3880 3883/3883/3883 
f 3884/3884/3884 3882/3882/3882 3881/3881/3881 
f 3882/3882/3882 3884/3884/3884 3885/3885/3885 
f 3886/3886/3886 3885/3885/3885 3884/3884/3884 
f 3885/3885/3885 3886/3886/3886 3887/3887/3887 
f 3886/3886/3886 3888/3888/3888 3887/3887/3887 
f 3889/3889/3889 3890/3890/3890 3883/3883/3883 
f 3889/3889/3889 3891/3891/3891 3890/3890/3890 
f 3892/3892/3892 3893/3893/3893 3894/3894/3894 
f 3895/3895/3895 3896/3896/3896 3897/3897/3897 
f 3898/3898/3898 3899/3899/3899 3900/3900/3900 
f 3900/3900/3900 3901/3901/3901 3898/3898/3898 
f 3902/3902/3902 3898/3898/3898 3901/3901/3901 
f 3901/3901/3901 3903/3903/3903 3902/3902/3902 
f 3904/3904/3904 3902/3902/3902 3903/3903/3903 
f 3903/3903/3903 3905/3905/3905 3904/3904/3904 
f 3905/3905/3905 3906/3906/3906 3904/3904/3904 
f 3905/3905/3905 3907/3907/3907 3906/3906/3906 
f 3907/3907/3907 3908/3908/3908 3906/3906/3906 
f 3907/3907/3907 3909/3909/3909 3908/3908/3908 
f 3909/3909/3909 3910/3910/3910 3908/3908/3908 
f 3911/3911/3911 3900/3900/3900 3912/3912/3912 
f 3913/3913/3913 3911/3911/3911 3912/3912/3912 
f 3914/3914/3914 3911/3911/3911 3913/3913/3913 
f 3915/3915/3915 3914/3914/3914 3913/3913/3913 
f 3916/3916/3916 3914/3914/3914 3915/3915/3915 
f 3915/3915/3915 3917/3917/3917 3916/3916/3916 
f 3918/3918/3918 3916/3916/3916 3917/3917/3917 
f 3919/3919/3919 3918/3918/3918 3917/3917/3917 
f 3920/3920/3920 3921/3921/3921 3922/3922/3922 
f 3923/3923/3923 3924/3924/3924 3925/3925/3925 
f 3926/3926/3926 3927/3927/3927 3928/3928/3928 
f 3927/3927/3927 3929/3929/3929 3928/3928/3928 
f 3927/3927/3927 3926/3926/3926 3930/3930/3930 
f 3931/3931/3931 3930/3930/3930 3926/3926/3926 
f 3930/3930/3930 3931/3931/3931 3932/3932/3932 
f 3933/3933/3933 3932/3932/3932 3931/3931/3931 
f 3932/3932/3932 3933/3933/3933 3934/3934/3934 
f 3935/3935/3935 3934/3934/3934 3933/3933/3933 
f 3934/3934/3934 3935/3935/3935 3936/3936/3936 
f 3937/3937/3937 3936/3936/3936 3935/3935/3935 
f 3936/3936/3936 3937/3937/3937 3938/3938/3938 
f 3939/3939/3939 3940/3940/3940 3937/3937/3937 
f 3940/3940/3940 3939/3939/3939 3941/3941/3941 
f 3942/3942/3942 3941/3941/3941 3939/3939/3939 
f 3941/3941/3941 3942/3942/3942 3943/3943/3943 
f 3944/3944/3944 3943/3943/3943 3942/3942/3942 
f 3943/3943/3943 3944/3944/3944 3945/3945/3945 
f 3946/3946/3946 3945/3945/3945 3944/3944/3944 
f 3945/3945/3945 3946/3946/3946 3947/3947/3947 
f 3948/3948/3948 3949/3949/3949 3950/3950/3950 
f 3951/3951/3951 3952/3952/3952 3953/3953/3953 
f 3954/3954/3954 3955/3955/3955 3956/3956/3956 
f 3957/3957/3957 3958/3958/3958 3959/3959/3959 
f 3959/3959/3959 3960/3960/3960 3957/3957/3957 
f 3958/3958/3958 3957/3957/3957 3961/3961/3961 
f 3961/3961/3961 3962/3962/3962 3958/3958/3958 
f 3962/3962/3962 3961/3961/3961 3963/3963/3963 
f 3964/3964/3964 3962/3962/3962 3963/3963/3963 
f 3963/3963/3963 3965/3965/3965 3964/3964/3964 
f 3966/3966/3966 3964/3964/3964 3965/3965/3965 
f 3965/3965/3965 3967/3967/3967 3966/3966/3966 
f 3968/3968/3968 3966/3966/3966 3967/3967/3967 
f 3967/3967/3967 3969/3969/3969 3968/3968/3968 
f 3970/3970/3970 3968/3968/3968 3971/3971/3971 
f 3972/3972/3972 3970/3970/3970 3971/3971/3971 
f 3973/3973/3973 3970/3970/3970 3974/3974/3974 
f 3975/3975/3975 3973/3973/3973 3974/3974/3974 
f 3976/3976/3976 3973/3973/3973 3975/3975/3975 
f 3977/3977/3977 3976/3976/3976 3975/3975/3975 
f 3978/3978/3978 3976/3976/3976 3977/3977/3977 
f 3979/3979/3979 3978/3978/3978 3977/3977/3977 
f 3980/3980/3980 3981/3981/3981 3982/3982/3982 
f 3981/3981/3981 3980/3980/3980 3983/3983/3983 
f 3984/3984/3984 3983/3983/3983 3980/3980/3980 
f 3983/3983/3983 3984/3984/3984 3985/3985/3985 
f 3986/3986/3986 3985/3985/3985 3984/3984/3984 
f 3985/3985/3985 3986/3986/3986 3987/3987/3987 
f 3988/3988/3988 3987/3987/3987 3986/3986/3986 
f 3987/3987/3987 3988/3988/3988 3989/3989/3989 
f 3990/3990/3990 3989/3989/3989 3988/3988/3988 
f 3989/3989/3989 3990/3990/3990 3991/3991/3991 
f 3990/3990/3990 3992/3992/3992 3991/3991/3991 
f 3993/3993/3993 3994/3994/3994 3981/3981/3981 
f 3994/3994/3994 3993/3993/3993 3995/3995/3995 
f 3996/3996/3996 3997/3997/3997 3993/3993/3993 
f 3997/3997/3997 3996/3996/3996 3998/3998/3998 
f 3999/3999/3999 3998/3998/3998 3996/3996/3996 
f 3998/3998/3998 3999/3999/3999 4000/4000/4000 
f 4001/4001/4001 4000/4000/4000 3999/3999/3999 
f 4000/4000/4000 4001/4001/4001 4002/4002/4002 
f 4003/4003/4003 4004/4004/4004 4005/4005/4005 
f 4006/4006/4006 4007/4007/4007 4008/4008/4008 
f 4009/4009/4009 4006/4006/4006 4008/4008/4008 
f 4010/4010/4010 4011/4011/4011 4012/4012/4012 
f 4013/4013/4013 4014/4014/4014 4015/4015/4015 
f 4016/4016/4016 4015/4015/4015 4014/4014/4014 
f 4015/4015/4015 4017/4017/4017 4013/4013/4013 
f 4018/4018/4018 4016/4016/4016 4014/4014/4014 
f 4019/4019/4019 4013/4013/4013 4017/4017/4017 
f 4020/4020/4020 4016/4016/4016 4018/4018/4018 
f 4017/4017/4017 4021/4021/4021 4019/4019/4019 
f 4022/4022/4022 4020/4020/4020 4018/4018/4018 
f 4021/4021/4021 4023/4023/4023 4019/4019/4019 
f 4024/4024/4024 4020/4020/4020 4022/4022/4022 
f 4023/4023/4023 4021/4021/4021 4025/4025/4025 
f 4026/4026/4026 4024/4024/4024 4022/4022/4022 
f 4025/4025/4025 4027/4027/4027 4023/4023/4023 
f 4028/4028/4028 4024/4024/4024 4026/4026/4026 
f 4027/4027/4027 4025/4025/4025 4029/4029/4029 
f 4029/4029/4029 4030/4030/4030 4027/4027/4027 
f 4031/4031/4031 4027/4027/4027 4030/4030/4030 
f 4032/4032/4032 4028/4028/4028 4026/4026/4026 
f 4033/4033/4033 4028/4028/4028 4032/4032/4032 
f 4034/4034/4034 4033/4033/4033 4032/4032/4032 
f 4035/4035/4035 4036/4036/4036 4037/4037/4037 
f 4036/4036/4036 4035/4035/4035 4038/4038/4038 
f 4039/4039/4039 4037/4037/4037 4036/4036/4036 
f 4040/4040/4040 4038/4038/4038 4035/4035/4035 
f 4037/4037/4037 4039/4039/4039 4041/4041/4041 
f 4039/4039/4039 4042/4042/4042 4041/4041/4041 
f 4039/4039/4039 4043/4043/4043 4042/4042/4042 
f 4038/4038/4038 4040/4040/4040 4044/4044/4044 
f 4045/4045/4045 4044/4044/4044 4040/4040/4040 
f 4044/4044/4044 4045/4045/4045 4046/4046/4046 
f 4047/4047/4047 4046/4046/4046 4045/4045/4045 
f 4046/4046/4046 4047/4047/4047 4048/4048/4048 
f 4049/4049/4049 4048/4048/4048 4047/4047/4047 
f 4048/4048/4048 4049/4049/4049 4050/4050/4050 
f 4051/4051/4051 4050/4050/4050 4049/4049/4049 
f 4050/4050/4050 4051/4051/4051 4052/4052/4052 
f 4053/4053/4053 4052/4052/4052 4051/4051/4051 
f 4052/4052/4052 4053/4053/4053 4054/4054/4054 
f 4055/4055/4055 4054/4054/4054 4053/4053/4053 
f 4054/4054/4054 4055/4055/4055 4056/4056/4056 
f 4057/4057/4057 4058/4058/4058 4059/4059/4059 
f 4060/4060/4060 4061/4061/4061 4059/4059/4059 
f 4061/4061/4061 4060/4060/4060 4062/4062/4062 
f 4063/4063/4063 4064/4064/4064 4065/4065/4065 
f 4066/4066/4066 4067/4067/4067 4068/4068/4068 
f 4069/4069/4069 4066/4066/4066 4068/4068/4068 
f 4066/4066/4066 4069/4069/4069 4070/4070/4070 
f 4071/4071/4071 4070/4070/4070 4069/4069/4069 
f 4070/4070/4070 4071/4071/4071 4072/4072/4072 
f 4073/4073/4073 4072/4072/4072 4071/4071/4071 
f 4072/4072/4072 4073/4073/4073 4074/4074/4074 
f 4075/4075/4075 4076/4076/4076 4077/4077/4077 
f 4078/4078/4078 4077/4077/4077 4076/4076/4076 
f 4078/4078/4078 4076/4076/4076 4079/4079/4079 
f 4075/4075/4075 4077/4077/4077 4080/4080/4080 
f 4081/4081/4081 4075/4075/4075 4080/4080/4080 
f 4081/4081/4081 4080/4080/4080 4082/4082/4082 
f 4082/4082/4082 4083/4083/4083 4081/4081/4081 
f 4084/4084/4084 4085/4085/4085 4086/4086/4086 
f 4087/4087/4087 4088/4088/4088 4089/4089/4089 
f 4090/4090/4090 4091/4091/4091 4092/4092/4092 
f 4093/4093/4093 4094/4094/4094 4095/4095/4095 
f 4096/4096/4096 4097/4097/4097 4098/4098/4098 
f 4099/4099/4099 4098/4098/4098 4097/4097/4097 
f 4098/4098/4098 4100/4100/4100 4096/4096/4096 
f 4101/4101/4101 4099/4099/4099 4097/4097/4097 
f 4102/4102/4102 4096/4096/4096 4100/4100/4100 
f 4103/4103/4103 4099/4099/4099 4101/4101/4101 
f 4100/4100/4100 4104/4104/4104 4102/4102/4102 
f 4105/4105/4105 4103/4103/4103 4101/4101/4101 
f 4106/4106/4106 4102/4102/4102 4104/4104/4104 
f 4107/4107/4107 4103/4103/4103 4105/4105/4105 
f 4104/4104/4104 4108/4108/4108 4106/4106/4106 
f 4105/4105/4105 4109/4109/4109 4107/4107/4107 
f 4110/4110/4110 4107/4107/4107 4109/4109/4109 
f 4109/4109/4109 4111/4111/4111 4110/4110/4110 
f 4108/4108/4108 4112/4112/4112 4106/4106/4106 
f 4112/4112/4112 4108/4108/4108 4113/4113/4113 
f 4113/4113/4113 4114/4114/4114 4112/4112/4112 
f 4114/4114/4114 4113/4113/4113 4115/4115/4115 
f 4115/4115/4115 4116/4116/4116 4114/4114/4114 
f 4116/4116/4116 4115/4115/4115 4117/4117/4117 
f 4118/4118/4118 4116/4116/4116 4117/4117/4117 
f 4118/4118/4118 4119/4119/4119 4116/4116/4116 
f 4120/4120/4120 4121/4121/4121 4122/4122/4122 
f 4122/4122/4122 4121/4121/4121 4123/4123/4123 
f 4124/4124/4124 4122/4122/4122 4123/4123/4123 
f 4122/4122/4122 4124/4124/4124 4125/4125/4125 
f 4126/4126/4126 4125/4125/4125 4124/4124/4124 
f 4125/4125/4125 4126/4126/4126 4127/4127/4127 
f 4128/4128/4128 4127/4127/4127 4126/4126/4126 
f 4127/4127/4127 4128/4128/4128 4129/4129/4129 
f 4130/4130/4130 4129/4129/4129 4128/4128/4128 
f 4129/4129/4129 4130/4130/4130 4131/4131/4131 
f 4132/4132/4132 4131/4131/4131 4130/4130/4130 
f 4131/4131/4131 4132/4132/4132 4133/4133/4133 
f 4134/4134/4134 4133/4133/4133 4132/4132/4132 
f 4133/4133/4133 4134/4134/4134 4135/4135/4135 
f 4136/4136/4136 4135/4135/4135 4134/4134/4134 
f 4135/4135/4135 4136/4136/4136 4137/4137/4137 
f 4138/4138/4138 4137/4137/4137 4136/4136/4136 
f 4137/4137/4137 4138/4138/4138 4139/4139/4139 
f 4140/4140/4140 4139/4139/4139 4138/4138/4138 
f 4139/4139/4139 4140/4140/4140 4141/4141/4141 
f 4142/4142/4142 4141/4141/4141 4140/4140/4140 
f 4141/4141/4141 4142/4142/4142 4143/4143/4143 
f 4144/4144/4144 4145/4145/4145 4146/4146/4146 
f 4147/4147/4147 4148/4148/4148 4149/4149/4149 
f 4148/4148/4148 4150/4150/4150 4149/4149/4149 
f 4151/4151/4151 4152/4152/4152 4153/4153/4153 
f 4153/4153/4153 4152/4152/4152 4154/4154/4154 
f 4155/4155/4155 4156/4156/4156 4157/4157/4157 
f 4158/4158/4158 4159/4159/4159 4160/4160/4160 
f 4159/4159/4159 4158/4158/4158 4161/4161/4161 
f 4162/4162/4162 4163/4163/4163 4164/4164/4164 
f 4163/4163/4163 4162/4162/4162 4165/4165/4165 
f 4166/4166/4166 4167/4167/4167 4168/4168/4168 
f 4167/4167/4167 4166/4166/4166 4169/4169/4169 
f 4170/4170/4170 4171/4171/4171 4172/4172/4172 
f 4173/4173/4173 4174/4174/4174 4171/4171/4171 
f 4173/4173/4173 4175/4175/4175 4174/4174/4174 
f 4176/4176/4176 4177/4177/4177 4178/4178/4178 
f 4179/4179/4179 4180/4180/4180 4181/4181/4181 
f 4180/4180/4180 4182/4182/4182 4181/4181/4181 
f 4183/4183/4183 4184/4184/4184 4185/4185/4185 
f 4185/4185/4185 4186/4186/4186 4183/4183/4183 
f 4187/4187/4187 4188/4188/4188 4189/4189/4189 
f 4190/4190/4190 4191/4191/4191 4192/4192/4192 
f 4193/4193/4193 4194/4194/4194 4195/4195/4195 
f 4196/4196/4196 4197/4197/4197 4198/4198/4198 
f 4199/4199/4199 4200/4200/4200 4201/4201/4201 
f 4202/4202/4202 4203/4203/4203 4204/4204/4204 
f 4205/4205/4205 4206/4206/4206 4207/4207/4207 
f 4208/4208/4208 4209/4209/4209 4210/4210/4210 
f 4211/4211/4211 4212/4212/4212 4213/4213/4213 
f 4213/4213/4213 4214/4214/4214 4211/4211/4211 
f 4215/4215/4215 4216/4216/4216 4217/4217/4217 
f 4218/4218/4218 4219/4219/4219 4220/4220/4220 
f 4221/4221/4221 4222/4222/4222 4223/4223/4223 
f 4224/4224/4224 4225/4225/4225 4226/4226/4226 
f 4227/4227/4227 4228/4228/4228 4229/4229/4229 
f 4228/4228/4228 4230/4230/4230 4229/4229/4229 
f 4231/4231/4231 4232/4232/4232 4230/4230/4230 
f 4233/4233/4233 4231/4231/4231 4230/4230/4230 
f 4234/4234/4234 4235/4235/4235 4236/4236/4236 
f 4237/4237/4237 4238/4238/4238 4239/4239/4239 
f 4240/4240/4240 4241/4241/4241 4242/4242/4242 
f 4243/4243/4243 4244/4244/4244 4245/4245/4245 
f 4246/4246/4246 4247/4247/4247 4248/4248/4248 
f 4249/4249/4249 4250/4250/4250 4251/4251/4251 
f 4252/4252/4252 4253/4253/4253 4254/4254/4254 
f 4255/4255/4255 4252/4252/4252 4254/4254/4254 
f 4256/4256/4256 4257/4257/4257 4258/4258/4258 
f 4259/4259/4259 4260/4260/4260 4261/4261/4261 
f 4262/4262/4262 4263/4263/4263 4264/4264/4264 
f 4263/4263/4263 4262/4262/4262 4265/4265/4265 
f 4266/4266/4266 4267/4267/4267 4268/4268/4268 
f 4269/4269/4269 4270/4270/4270 4271/4271/4271 
f 4270/4270/4270 4269/4269/4269 4272/4272/4272 
f 4273/4273/4273 4274/4274/4274 4275/4275/4275 
f 4276/4276/4276 4274/4274/4274 4273/4273/4273 
f 4277/4277/4277 4278/4278/4278 4279/4279/4279 
f 4278/4278/4278 4277/4277/4277 4280/4280/4280 
f 4281/4281/4281 4282/4282/4282 4283/4283/4283 
f 4284/4284/4284 4285/4285/4285 4286/4286/4286 
f 4287/4287/4287 4284/4284/4284 4286/4286/4286 
f 4286/4286/4286 4288/4288/4288 4287/4287/4287 
f 4289/4289/4289 4287/4287/4287 4288/4288/4288 
f 4288/4288/4288 4290/4290/4290 4289/4289/4289 
f 4291/4291/4291 4289/4289/4289 4290/4290/4290 
f 4292/4292/4292 4291/4291/4291 4290/4290/4290 
f 4293/4293/4293 4294/4294/4294 4292/4292/4292 
f 4294/4294/4294 4293/4293/4293 4295/4295/4295 
f 4296/4296/4296 4297/4297/4297 4298/4298/4298 
f 4299/4299/4299 4300/4300/4300 4301/4301/4301 
f 4302/4302/4302 4299/4299/4299 4301/4301/4301 
f 4299/4299/4299 4302/4302/4302 4303/4303/4303 
f 4304/4304/4304 4303/4303/4303 4302/4302/4302 
f 4303/4303/4303 4304/4304/4304 4305/4305/4305 
f 4306/4306/4306 4305/4305/4305 4304/4304/4304 
f 4305/4305/4305 4306/4306/4306 4307/4307/4307 
f 4308/4308/4308 4307/4307/4307 4309/4309/4309 
f 4308/4308/4308 4309/4309/4309 4310/4310/4310 
f 4311/4311/4311 4312/4312/4312 4313/4313/4313 
f 4312/4312/4312 4311/4311/4311 4314/4314/4314 
f 4315/4315/4315 4316/4316/4316 4317/4317/4317 
f 4318/4318/4318 4319/4319/4319 4320/4320/4320 
f 4321/4321/4321 4322/4322/4322 4323/4323/4323 
f 4324/4324/4324 4325/4325/4325 4326/4326/4326 
f 4325/4325/4325 4324/4324/4324 4327/4327/4327 
f 4328/4328/4328 4329/4329/4329 4330/4330/4330 
f 4331/4331/4331 4332/4332/4332 4333/4333/4333 
f 4334/4334/4334 4335/4335/4335 4336/4336/4336 
f 4334/4334/4334 4336/4336/4336 4337/4337/4337 
f 4338/4338/4338 4339/4339/4339 4340/4340/4340 
f 4339/4339/4339 4338/4338/4338 4341/4341/4341 
f 4342/4342/4342 4343/4343/4343 4344/4344/4344 
f 4343/4343/4343 4342/4342/4342 4345/4345/4345 
f 4346/4346/4346 4347/4347/4347 4348/4348/4348 
f 4349/4349/4349 4350/4350/4350 4351/4351/4351 
f 4352/4352/4352 4351/4351/4351 4350/4350/4350 
f 4353/4353/4353 4352/4352/4352 4354/4354/4354 
f 4355/4355/4355 4356/4356/4356 4357/4357/4357 
f 4356/4356/4356 4355/4355/4355 4358/4358/4358 
f 4359/4359/4359 4360/4360/4360 4361/4361/4361 
f 4362/4362/4362 4363/4363/4363 4364/4364/4364 
f 4363/4363/4363 4362/4362/4362 4365/4365/4365 
f 4366/4366/4366 4365/4365/4365 4367/4367/4367 
f 4365/4365/4365 4366/4366/4366 4368/4368/4368 
f 4369/4369/4369 4368/4368/4368 4366/4366/4366 
f 4368/4368/4368 4369/4369/4369 4370/4370/4370 
f 4371/4371/4371 4372/4372/4372 4373/4373/4373 
f 4372/4372/4372 4371/4371/4371 4374/4374/4374 
f 4375/4375/4375 4376/4376/4376 4377/4377/4377 
f 4378/4378/4378 4379/4379/4379 4380/4380/4380 
f 4381/4381/4381 4382/4382/4382 4383/4383/4383 
f 4384/4384/4384 4385/4385/4385 4386/4386/4386 
f 4385/4385/4385 4387/4387/4387 4386/4386/4386 
f 4388/4388/4388 4389/4389/4389 4390/4390/4390 
f 4391/4391/4391 4392/4392/4392 4393/4393/4393 
f 4392/4392/4392 4391/4391/4391 4394/4394/4394 
f 4395/4395/4395 4396/4396/4396 4397/4397/4397 
f 4398/4398/4398 4399/4399/4399 4400/4400/4400 
f 4399/4399/4399 4398/4398/4398 4401/4401/4401 
f 4402/4402/4402 4403/4403/4403 4404/4404/4404 
f 4405/4405/4405 4406/4406/4406 4407/4407/4407 
f 4406/4406/4406 4408/4408/4408 4407/4407/4407 
f 4409/4409/4409 4410/4410/4410 4405/4405/4405 
f 4410/4410/4410 4409/4409/4409 4411/4411/4411 
f 4412/4412/4412 4413/4413/4413 4414/4414/4414 
f 4413/4413/4413 4412/4412/4412 4415/4415/4415 
f 4416/4416/4416 4417/4417/4417 4414/4414/4414 
f 4417/4417/4417 4416/4416/4416 4418/4418/4418 
f 4419/4419/4419 4420/4420/4420 4421/4421/4421 
f 4422/4422/4422 4423/4423/4423 4424/4424/4424 
f 4423/4423/4423 4422/4422/4422 4425/4425/4425 
f 4426/4426/4426 4427/4427/4427 4428/4428/4428 
f 4429/4429/4429 4430/4430/4430 4431/4431/4431 
f 4432/4432/4432 4433/4433/4433 4434/4434/4434 
f 4435/4435/4435 4436/4436/4436 4437/4437/4437 
f 4438/4438/4438 4439/4439/4439 4440/4440/4440 
f 4438/4438/4438 4440/4440/4440 4441/4441/4441 
f 4442/4442/4442 4443/4443/4443 4444/4444/4444 
f 4445/4445/4445 4446/4446/4446 4447/4447/4447 
f 4448/4448/4448 4449/4449/4449 4450/4450/4450 
f 4451/4451/4451 4452/4452/4452 4453/4453/4453 
f 4454/4454/4454 4455/4455/4455 4456/4456/4456 
f 4457/4457/4457 4458/4458/4458 4459/4459/4459 
f 4460/4460/4460 4461/4461/4461 4462/4462/4462 
f 4463/4463/4463 4464/4464/4464 4465/4465/4465 
f 4464/4464/4464 4463/4463/4463 4466/4466/4466 
f 4467/4467/4467 4468/4468/4468 4469/4469/4469 
f 4470/4470/4470 4471/4471/4471 4472/4472/4472 
f 4472/4472/4472 4473/4473/4473 4470/4470/4470 
f 4474/4474/4474 4475/4475/4475 4476/4476/4476 
f 4475/4475/4475 4474/4474/4474 4477/4477/4477 
f 4478/4478/4478 4476/4476/4476 4475/4475/4475 
f 4476/4476/4476 4478/4478/4478 4479/4479/4479 
f 4480/4480/4480 4481/4481/4481 4479/4479/4479 
f 4481/4481/4481 4480/4480/4480 4482/4482/4482 
f 4482/4482/4482 4483/4483/4483 4484/4484/4484 
f 4483/4483/4483 4482/4482/4482 4485/4485/4485 
f 4485/4485/4485 4486/4486/4486 4487/4487/4487 
f 4486/4486/4486 4485/4485/4485 4488/4488/4488 
f 4488/4488/4488 4489/4489/4489 4486/4486/4486 
f 4489/4489/4489 4488/4488/4488 4490/4490/4490 
f 4491/4491/4491 4492/4492/4492 4493/4493/4493 
f 4491/4491/4491 4493/4493/4493 4494/4494/4494 
f 4495/4495/4495 4496/4496/4496 4497/4497/4497 
f 4498/4498/4498 4497/4497/4497 4496/4496/4496 
f 4499/4499/4499 4500/4500/4500 4501/4501/4501 
f 4502/4502/4502 4503/4503/4503 4504/4504/4504 
f 4505/4505/4505 4506/4506/4506 4507/4507/4507 
f 4508/4508/4508 4509/4509/4509 4510/4510/4510 
f 4511/4511/4511 4512/4512/4512 4513/4513/4513 
f 4514/4514/4514 4515/4515/4515 4516/4516/4516 
f 4517/4517/4517 4518/4518/4518 4519/4519/4519 
f 4520/4520/4520 4521/4521/4521 4522/4522/4522 
f 4523/4523/4523 4524/4524/4524 4525/4525/4525 
f 4524/4524/4524 4523/4523/4523 4526/4526/4526 
f 4527/4527/4527 4528/4528/4528 4529/4529/4529 
f 4528/4528/4528 4527/4527/4527 4530/4530/4530 
f 4531/4531/4531 4532/4532/4532 4533/4533/4533 
f 4534/4534/4534 4535/4535/4535 4536/4536/4536 
f 4535/4535/4535 4537/4537/4537 4536/4536/4536 
f 4538/4538/4538 4539/4539/4539 4540/4540/4540 
f 4541/4541/4541 4542/4542/4542 4543/4543/4543 
f 4544/4544/4544 4545/4545/4545 4546/4546/4546 
f 4547/4547/4547 4548/4548/4548 4549/4549/4549 
f 4548/4548/4548 4547/4547/4547 4550/4550/4550 
f 4551/4551/4551 4549/4549/4549 4552/4552/4552 
f 4552/4552/4552 4553/4553/4553 4551/4551/4551 
f 4554/4554/4554 4551/4551/4551 4553/4553/4553 
f 4553/4553/4553 4555/4555/4555 4554/4554/4554 
f 4556/4556/4556 4557/4557/4557 4558/4558/4558 
f 4559/4559/4559 4560/4560/4560 4561/4561/4561 
f 4562/4562/4562 4563/4563/4563 4564/4564/4564 
f 4565/4565/4565 4566/4566/4566 4567/4567/4567 
f 4566/4566/4566 4565/4565/4565 4568/4568/4568 
f 4569/4569/4569 4570/4570/4570 4571/4571/4571 
f 4572/4572/4572 4573/4573/4573 4574/4574/4574 
f 4575/4575/4575 4576/4576/4576 4577/4577/4577 
f 4578/4578/4578 4579/4579/4579 4580/4580/4580 
f 4581/4581/4581 4582/4582/4582 4583/4583/4583 
f 4584/4584/4584 4585/4585/4585 4586/4586/4586 
f 4587/4587/4587 4588/4588/4588 4589/4589/4589 
f 4589/4589/4589 4588/4588/4588 4590/4590/4590 
f 4589/4589/4589 4591/4591/4591 4592/4592/4592 
f 4592/4592/4592 4591/4591/4591 4593/4593/4593 
f 4594/4594/4594 4595/4595/4595 4596/4596/4596 
f 4595/4595/4595 4594/4594/4594 4597/4597/4597 
f 4598/4598/4598 4596/4596/4596 4599/4599/4599 
f 4596/4596/4596 4598/4598/4598 4600/4600/4600 
f 4601/4601/4601 4602/4602/4602 4603/4603/4603 
f 4604/4604/4604 4605/4605/4605 4606/4606/4606 
f 4607/4607/4607 4608/4608/4608 4609/4609/4609 
f 4610/4610/4610 4611/4611/4611 4612/4612/4612 
f 4613/4613/4613 4614/4614/4614 4615/4615/4615 
f 4616/4616/4616 4617/4617/4617 4618/4618/4618 
f 4619/4619/4619 4620/4620/4620 4621/4621/4621 
f 4622/4622/4622 4623/4623/4623 4624/4624/4624 
f 4625/4625/4625 4626/4626/4626 4627/4627/4627 
f 4628/4628/4628 4629/4629/4629 4630/4630/4630 
f 4631/4631/4631 4632/4632/4632 4633/4633/4633 
f 4634/4634/4634 4635/4635/4635 4636/4636/4636 
f 4637/4637/4637 4638/4638/4638 4639/4639/4639 
f 4640/4640/4640 4641/4641/4641 4642/4642/4642 
f 4643/4643/4643 4644/4644/4644 4645/4645/4645 
f 4644/4644/4644 4643/4643/4643 4646/4646/4646 
f 4647/4647/4647 4648/4648/4648 4649/4649/4649 
f 4649/4649/4649 4650/4650/4650 4647/4647/4647 
f 4651/4651/4651 4652/4652/4652 4653/4653/4653 
f 4653/4653/4653 4652/4652/4652 4654/4654/4654 
f 4652/4652/4652 4655/4655/4655 4654/4654/4654 
f 4655/4655/4655 4652/4652/4652 4656/4656/4656 
f 4657/4657/4657 4658/4658/4658 4659/4659/4659 
f 4657/4657/4657 4659/4659/4659 4660/4660/4660 
f 4661/4661/4661 4662/4662/4662 4663/4663/4663 
f 4664/4664/4664 4665/4665/4665 4666/4666/4666 
f 4665/4665/4665 4664/4664/4664 4667/4667/4667 
f 4668/4668/4668 4664/4664/4664 4666/4666/4666 
f 4664/4664/4664 4668/4668/4668 4669/4669/4669 
f 4670/4670/4670 4671/4671/4671 4672/4672/4672 
f 4673/4673/4673 4674/4674/4674 4675/4675/4675 
f 4675/4675/4675 4676/4676/4676 4673/4673/4673 
f 4677/4677/4677 4678/4678/4678 4679/4679/4679 
f 4680/4680/4680 4681/4681/4681 4682/4682/4682 
f 4683/4683/4683 4684/4684/4684 4685/4685/4685 
f 4686/4686/4686 4687/4687/4687 4688/4688/4688 
f 4689/4689/4689 4690/4690/4690 4691/4691/4691 
f 4692/4692/4692 4693/4693/4693 4694/4694/4694 
f 4695/4695/4695 4696/4696/4696 4697/4697/4697 
f 4698/4698/4698 4699/4699/4699 4700/4700/4700 
f 4701/4701/4701 4702/4702/4702 4703/4703/4703 
f 4702/4702/4702 4701/4701/4701 4704/4704/4704 
f 4705/4705/4705 4706/4706/4706 4707/4707/4707 
f 4708/4708/4708 4709/4709/4709 4710/4710/4710 
f 4711/4711/4711 4712/4712/4712 4713/4713/4713 
f 4712/4712/4712 4711/4711/4711 4714/4714/4714 
f 4715/4715/4715 4716/4716/4716 4717/4717/4717 
f 4718/4718/4718 4719/4719/4719 4720/4720/4720 
f 4721/4721/4721 4722/4722/4722 4723/4723/4723 
f 4724/4724/4724 4725/4725/4725 4726/4726/4726 
f 4727/4727/4727 4728/4728/4728 4729/4729/4729 
f 4730/4730/4730 4731/4731/4731 4732/4732/4732 
f 4733/4733/4733 4732/4732/4732 4731/4731/4731 
f 4734/4734/4734 4735/4735/4735 4736/4736/4736 
f 4737/4737/4737 4736/4736/4736 4735/4735/4735 
f 4738/4738/4738 4739/4739/4739 4740/4740/4740 
f 4738/4738/4738 4740/4740/4740 4741/4741/4741 
f 4742/4742/4742 4743/4743/4743 4744/4744/4744 
f 4743/4743/4743 4742/4742/4742 4745/4745/4745 
f 4746/4746/4746 4747/4747/4747 4748/4748/4748 
f 4749/4749/4749 4750/4750/4750 4751/4751/4751 
f 4752/4752/4752 4753/4753/4753 4754/4754/4754 
f 4755/4755/4755 4756/4756/4756 4757/4757/4757 
f 4758/4758/4758 4759/4759/4759 4760/4760/4760 
f 4761/4761/4761 4762/4762/4762 4763/4763/4763 
f 4764/4764/4764 4765/4765/4765 4766/4766/4766 
f 4767/4767/4767 4768/4768/4768 4769/4769/4769 
f 4770/4770/4770 4771/4771/4771 4772/4772/4772 
f 4770/4770/4770 4772/4772/4772 4773/4773/4773 
f 4774/4774/4774 4775/4775/4775 4776/4776/4776 
f 4777/4777/4777 4778/4778/4778 4779/4779/4779 
f 4778/4778/4778 4777/4777/4777 4780/4780/4780 
f 4781/4781/4781 4782/4782/4782 4783/4783/4783 
f 4784/4784/4784 4785/4785/4785 4786/4786/4786 
f 4787/4787/4787 4788/4788/4788 4789/4789/4789 
f 4790/4790/4790 4789/4789/4789 4791/4791/4791 
f 4792/4792/4792 4793/4793/4793 4794/4794/4794 
f 4793/4793/4793 4792/4792/4792 4795/4795/4795 
f 4796/4796/4796 4797/4797/4797 4798/4798/4798 
f 4799/4799/4799 4800/4800/4800 4801/4801/4801 
f 4802/4802/4802 4803/4803/4803 4804/4804/4804 
f 4803/4803/4803 4802/4802/4802 4805/4805/4805 
f 4806/4806/4806 4807/4807/4807 4808/4808/4808 
f 4807/4807/4807 4806/4806/4806 4809/4809/4809 
f 4810/4810/4810 4811/4811/4811 4812/4812/4812 
f 4811/4811/4811 4810/4810/4810 4813/4813/4813 
f 4814/4814/4814 4815/4815/4815 4816/4816/4816 
f 4817/4817/4817 4818/4818/4818 4819/4819/4819 
f 4820/4820/4820 4821/4821/4821 4822/4822/4822 
f 4823/4823/4823 4824/4824/4824 4825/4825/4825 
f 4826/4826/4826 4827/4827/4827 4828/4828/4828 
f 4829/4829/4829 4830/4830/4830 4831/4831/4831 
f 4832/4832/4832 4833/4833/4833 4834/4834/4834 
f 4835/4835/4835 4836/4836/4836 4837/4837/4837 
f 4838/4838/4838 4839/4839/4839 4840/4840/4840 
f 4841/4841/4841 4840/4840/4840 4842/4842/4842 
f 4843/4843/4843 4844/4844/4844 4845/4845/4845 
f 4846/4846/4846 4847/4847/4847 4848/4848/4848 
f 4849/4849/4849 4850/4850/4850 4851/4851/4851 
f 4852/4852/4852 4853/4853/4853 4854/4854/4854 
f 4855/4855/4855 4856/4856/4856 4857/4857/4857 
f 4858/4858/4858 4859/4859/4859 4860/4860/4860 
f 4861/4861/4861 4860/4860/4860 4862/4862/4862 
f 4862/4862/4862 4863/4863/4863 4861/4861/4861 
f 4864/4864/4864 4865/4865/4865 4866/4866/4866 
f 4867/4867/4867 4868/4868/4868 4869/4869/4869 
f 4870/4870/4870 4871/4871/4871 4872/4872/4872 
f 4873/4873/4873 4874/4874/4874 4875/4875/4875 
f 4874/4874/4874 4873/4873/4873 4876/4876/4876 
f 4877/4877/4877 4878/4878/4878 4879/4879/4879 
f 4878/4878/4878 4877/4877/4877 4880/4880/4880 
f 4881/4881/4881 4882/4882/4882 4883/4883/4883 
f 4884/4884/4884 4885/4885/4885 4886/4886/4886 
f 4887/4887/4887 4888/4888/4888 4889/4889/4889 
f 4890/4890/4890 4891/4891/4891 4892/4892/4892 
f 4893/4893/4893 4894/4894/4894 4895/4895/4895 
f 4896/4896/4896 4897/4897/4897 4898/4898/4898 
f 4899/4899/4899 4900/4900/4900 4901/4901/4901 
f 4902/4902/4902 4903/4903/4903 4904/4904/4904 
f 4905/4905/4905 4906/4906/4906 4907/4907/4907 
f 4908/4908/4908 4909/4909/4909 4910/4910/4910 
f 4911/4911/4911 4912/4912/4912 4913/4913/4913 
f 4914/4914/4914 4915/4915/4915 4916/4916/4916 
f 4914/4914/4914 4916/4916/4916 4917/4917/4917 
f 4918/4918/4918 4919/4919/4919 4920/4920/4920 
f 4921/4921/4921 4922/4922/4922 4923/4923/4923 
f 4921/4921/4921 4924/4924/4924 4922/4922/4922 
f 4925/4925/4925 4926/4926/4926 4927/4927/4927 
f 4928/4928/4928 4927/4927/4927 4929/4929/4929 
f 4930/4930/4930 4931/4931/4931 4932/4932/4932 
f 4933/4933/4933 4934/4934/4934 4935/4935/4935 
f 4934/4934/4934 4933/4933/4933 4936/4936/4936 
f 4937/4937/4937 4938/4938/4938 4939/4939/4939 
f 4940/4940/4940 4941/4941/4941 4942/4942/4942 
f 4941/4941/4941 4940/4940/4940 4943/4943/4943 
f 4944/4944/4944 4945/4945/4945 4946/4946/4946 
f 4945/4945/4945 4944/4944/4944 4947/4947/4947 
f 4948/4948/4948 4949/4949/4949 4950/4950/4950 
f 4951/4951/4951 4950/4950/4950 4949/4949/4949 
f 4952/4952/4952 4953/4953/4953 4954/4954/4954 
f 4955/4955/4955 4953/4953/4953 4952/4952/4952 
f 4956/4956/4956 4957/4957/4957 4958/4958/4958 
f 4956/4956/4956 4958/4958/4958 4959/4959/4959 
f 4960/4960/4960 4961/4961/4961 4957/4957/4957 
f 4961/4961/4961 4962/4962/4962 4957/4957/4957 
f 4961/4961/4961 4963/4963/4963 4962/4962/4962 
f 4964/4964/4964 4965/4965/4965 4966/4966/4966 
f 4967/4967/4967 4968/4968/4968 4969/4969/4969 
f 4970/4970/4970 4969/4969/4969 4968/4968/4968 
f 4971/4971/4971 4970/4970/4970 4972/4972/4972 
f 4972/4972/4972 4970/4970/4970 4973/4973/4973 
f 4974/4974/4974 4972/4972/4972 4973/4973/4973 
f 4975/4975/4975 4976/4976/4976 4977/4977/4977 
f 4976/4976/4976 4975/4975/4975 4978/4978/4978 
f 4979/4979/4979 4980/4980/4980 4981/4981/4981 
f 4982/4982/4982 4983/4983/4983 4984/4984/4984 
f 4985/4985/4985 4986/4986/4986 4987/4987/4987 
f 4988/4988/4988 4989/4989/4989 4990/4990/4990 
f 4991/4991/4991 4992/4992/4992 4993/4993/4993 
f 4994/4994/4994 4995/4995/4995 4996/4996/4996 
f 4997/4997/4997 4998/4998/4998 4999/4999/4999 
f 5000/5000/5000 4997/4997/4997 4999/4999/4999 
f 5001/5001/5001 5002/5002/5002 5003/5003/5003 
f 5004/5004/5004 5005/5005/5005 5006/5006/5006 
f 5007/5007/5007 5008/5008/5008 5009/5009/5009 
f 5009/5009/5009 5010/5010/5010 5007/5007/5007 
f 5011/5011/5011 5012/5012/5012 5013/5013/5013 
f 5014/5014/5014 5015/5015/5015 5016/5016/5016 
f 5017/5017/5017 5018/5018/5018 5019/5019/5019 
f 5020/5020/5020 5021/5021/5021 5022/5022/5022 
f 5023/5023/5023 5024/5024/5024 5025/5025/5025 
f 5025/5025/5025 5026/5026/5026 5023/5023/5023 
f 5027/5027/5027 5028/5028/5028 5029/5029/5029 
f 5028/5028/5028 5027/5027/5027 5030/5030/5030 
f 5031/5031/5031 5032/5032/5032 5033/5033/5033 
f 5034/5034/5034 5035/5035/5035 5036/5036/5036 
f 5037/5037/5037 5036/5036/5036 5035/5035/5035 
f 5038/5038/5038 5039/5039/5039 5040/5040/5040 
f 5041/5041/5041 5042/5042/5042 5043/5043/5043 
f 5044/5044/5044 5045/5045/5045 5046/5046/5046 
f 5047/5047/5047 5048/5048/5048 5049/5049/5049 
f 5050/5050/5050 5051/5051/5051 5052/5052/5052 
f 5053/5053/5053 5054/5054/5054 5051/5051/5051 
f 5054/5054/5054 5053/5053/5053 5055/5055/5055 
f 5056/5056/5056 5057/5057/5057 5058/5058/5058 
f 5059/5059/5059 5060/5060/5060 5058/5058/5058 
f 5060/5060/5060 5059/5059/5059 5061/5061/5061 
f 5062/5062/5062 5063/5063/5063 5064/5064/5064 
f 5065/5065/5065 5066/5066/5066 5067/5067/5067 
f 5068/5068/5068 5069/5069/5069 5070/5070/5070 
f 5071/5071/5071 5072/5072/5072 5073/5073/5073 
f 5074/5074/5074 5075/5075/5075 5076/5076/5076 
f 5074/5074/5074 5076/5076/5076 5077/5077/5077 
f 5078/5078/5078 5079/5079/5079 5080/5080/5080 
f 5081/5081/5081 5079/5079/5079 5078/5078/5078 
f 5079/5079/5079 5081/5081/5081 5082/5082/5082 
f 5083/5083/5083 5080/5080/5080 5079/5079/5079 
f 5080/5080/5080 5083/5083/5083 5084/5084/5084 
f 5085/5085/5085 5084/5084/5084 5083/5083/5083 
f 5085/5085/5085 5086/5086/5086 5084/5084/5084 
f 5086/5086/5086 5085/5085/5085 5087/5087/5087 
f 5088/5088/5088 5089/5089/5089 5090/5090/5090 
f 5091/5091/5091 5088/5088/5088 5090/5090/5090 
f 5092/5092/5092 5088/5088/5088 5091/5091/5091 
f 5088/5088/5088 5092/5092/5092 5093/5093/5093 
f 5094/5094/5094 5093/5093/5093 5092/5092/5092 
f 5093/5093/5093 5094/5094/5094 5095/5095/5095 
f 5096/5096/5096 5095/5095/5095 5094/5094/5094 
f 5095/5095/5095 5096/5096/5096 5097/5097/5097 
f 5098/5098/5098 5099/5099/5099 5100/5100/5100 
f 5101/5101/5101 5102/5102/5102 5103/5103/5103 
f 5103/5103/5103 5102/5102/5102 5104/5104/5104 
f 5105/5105/5105 5106/5106/5106 5107/5107/5107 
f 5108/5108/5108 5109/5109/5109 5110/5110/5110 
f 5111/5111/5111 5112/5112/5112 5113/5113/5113 
f 5114/5114/5114 5115/5115/5115 5116/5116/5116 
f 5117/5117/5117 5116/5116/5116 5115/5115/5115 
f 5118/5118/5118 5119/5119/5119 5120/5120/5120 
f 5118/5118/5118 5120/5120/5120 5121/5121/5121 
f 5122/5122/5122 5123/5123/5123 5124/5124/5124 
f 5123/5123/5123 5122/5122/5122 5125/5125/5125 
f 5126/5126/5126 5127/5127/5127 5128/5128/5128 
f 5127/5127/5127 5126/5126/5126 5129/5129/5129 
f 5130/5130/5130 5131/5131/5131 5132/5132/5132 
f 5132/5132/5132 5131/5131/5131 5133/5133/5133 
f 5134/5134/5134 5135/5135/5135 5136/5136/5136 
f 5136/5136/5136 5135/5135/5135 5137/5137/5137 
f 5138/5138/5138 5139/5139/5139 5140/5140/5140 
f 5141/5141/5141 5142/5142/5142 5143/5143/5143 
f 5143/5143/5143 5144/5144/5144 5141/5141/5141 
f 5145/5145/5145 5146/5146/5146 5147/5147/5147 
f 5148/5148/5148 5149/5149/5149 5150/5150/5150 
f 5151/5151/5151 5152/5152/5152 5153/5153/5153 
f 5154/5154/5154 5152/5152/5152 5155/5155/5155 
f 5152/5152/5152 5154/5154/5154 5156/5156/5156 
f 5157/5157/5157 5156/5156/5156 5154/5154/5154 
f 5156/5156/5156 5157/5157/5157 5158/5158/5158 
f 5159/5159/5159 5160/5160/5160 5161/5161/5161 
f 5162/5162/5162 5163/5163/5163 5164/5164/5164 
f 5164/5164/5164 5165/5165/5165 5166/5166/5166 
f 5165/5165/5165 5164/5164/5164 5167/5167/5167 
f 5167/5167/5167 5168/5168/5168 5165/5165/5165 
f 5168/5168/5168 5167/5167/5167 5169/5169/5169 
f 5170/5170/5170 5171/5171/5171 5172/5172/5172 
f 5173/5173/5173 5174/5174/5174 5175/5175/5175 
f 5174/5174/5174 5173/5173/5173 5176/5176/5176 
f 5177/5177/5177 5176/5176/5176 5173/5173/5173 
f 5176/5176/5176 5177/5177/5177 5178/5178/5178 
f 5179/5179/5179 5180/5180/5180 5181/5181/5181 
f 5180/5180/5180 5179/5179/5179 5182/5182/5182 
f 5182/5182/5182 5183/5183/5183 5180/5180/5180 
f 5183/5183/5183 5182/5182/5182 5184/5184/5184 
f 5185/5185/5185 5186/5186/5186 5187/5187/5187 
f 5186/5186/5186 5185/5185/5185 5188/5188/5188 
f 5189/5189/5189 5190/5190/5190 5191/5191/5191 
f 5192/5192/5192 5193/5193/5193 5194/5194/5194 
f 5193/5193/5193 5192/5192/5192 5195/5195/5195 
f 5196/5196/5196 5197/5197/5197 5198/5198/5198 
f 5199/5199/5199 5200/5200/5200 5201/5201/5201 
f 5200/5200/5200 5199/5199/5199 5202/5202/5202 
f 5202/5202/5202 5203/5203/5203 5204/5204/5204 
f 5204/5204/5204 5203/5203/5203 5205/5205/5205 
f 5203/5203/5203 5206/5206/5206 5205/5205/5205 
f 5205/5205/5205 5206/5206/5206 5207/5207/5207 
f 5208/5208/5208 5209/5209/5209 5210/5210/5210 
f 5211/5211/5211 5210/5210/5210 5209/5209/5209 
f 5212/5212/5212 5208/5208/5208 5213/5213/5213 
f 5213/5213/5213 5214/5214/5214 5212/5212/5212 
f 5215/5215/5215 5212/5212/5212 5214/5214/5214 
f 5214/5214/5214 5216/5216/5216 5215/5215/5215 
f 5217/5217/5217 5218/5218/5218 5219/5219/5219 
f 5220/5220/5220 5221/5221/5221 5222/5222/5222 
f 5221/5221/5221 5220/5220/5220 5223/5223/5223 
f 5224/5224/5224 5225/5225/5225 5226/5226/5226 
f 5225/5225/5225 5224/5224/5224 5227/5227/5227 
f 5228/5228/5228 5229/5229/5229 5230/5230/5230 
f 5231/5231/5231 5232/5232/5232 5233/5233/5233 
f 5234/5234/5234 5235/5235/5235 5236/5236/5236 
f 5237/5237/5237 5238/5238/5238 5239/5239/5239 
f 5240/5240/5240 5241/5241/5241 5237/5237/5237 
f 5241/5241/5241 5240/5240/5240 5242/5242/5242 
f 5243/5243/5243 5244/5244/5244 5240/5240/5240 
f 5243/5243/5243 5240/5240/5240 5245/5245/5245 
f 5246/5246/5246 5247/5247/5247 5248/5248/5248 
f 5249/5249/5249 5250/5250/5250 5247/5247/5247 
f 5250/5250/5250 5249/5249/5249 5251/5251/5251 
f 5252/5252/5252 5253/5253/5253 5250/5250/5250 
f 5253/5253/5253 5254/5254/5254 5250/5250/5250 
f 5255/5255/5255 5256/5256/5256 5257/5257/5257 
f 5258/5258/5258 5259/5259/5259 5260/5260/5260 
f 5261/5261/5261 5262/5262/5262 5263/5263/5263 
f 5263/5263/5263 5262/5262/5262 5264/5264/5264 
f 5265/5265/5265 5266/5266/5266 5267/5267/5267 
f 5266/5266/5266 5268/5268/5268 5267/5267/5267 
f 5269/5269/5269 5270/5270/5270 5271/5271/5271 
f 5272/5272/5272 5273/5273/5273 5274/5274/5274 
f 5275/5275/5275 5276/5276/5276 5277/5277/5277 
f 5278/5278/5278 5279/5279/5279 5280/5280/5280 
f 5281/5281/5281 5282/5282/5282 5283/5283/5283 
f 5284/5284/5284 5285/5285/5285 5286/5286/5286 
f 5287/5287/5287 5288/5288/5288 5289/5289/5289 
f 5290/5290/5290 5291/5291/5291 5292/5292/5292 
f 5292/5292/5292 5291/5291/5291 5293/5293/5293 
f 5294/5294/5294 5295/5295/5295 5296/5296/5296 
f 5294/5294/5294 5297/5297/5297 5298/5298/5298 
f 5299/5299/5299 5300/5300/5300 5301/5301/5301 
f 5302/5302/5302 5303/5303/5303 5304/5304/5304 
f 5305/5305/5305 5306/5306/5306 5307/5307/5307 
f 5308/5308/5308 5309/5309/5309 5310/5310/5310 
f 5311/5311/5311 5312/5312/5312 5313/5313/5313 
f 5314/5314/5314 5315/5315/5315 5316/5316/5316 
f 5317/5317/5317 5318/5318/5318 5316/5316/5316 
f 5319/5319/5319 5317/5317/5317 5316/5316/5316 
f 5320/5320/5320 5321/5321/5321 5322/5322/5322 
f 5323/5323/5323 5324/5324/5324 5325/5325/5325 
f 5323/5323/5323 5325/5325/5325 5326/5326/5326 
f 5327/5327/5327 5328/5328/5328 5329/5329/5329 
f 5330/5330/5330 5327/5327/5327 5331/5331/5331 
f 5332/5332/5332 5333/5333/5333 5334/5334/5334 
f 5335/5335/5335 5336/5336/5336 5337/5337/5337 
f 5335/5335/5335 5338/5338/5338 5339/5339/5339 
f 5340/5340/5340 5336/5336/5336 5341/5341/5341 
f 5336/5336/5336 5340/5340/5340 5342/5342/5342 
f 5343/5343/5343 5344/5344/5344 5345/5345/5345 
f 5343/5343/5343 5346/5346/5346 5347/5347/5347 
f 5348/5348/5348 5349/5349/5349 5350/5350/5350 
f 5351/5351/5351 5352/5352/5352 5353/5353/5353 
f 5354/5354/5354 5355/5355/5355 5356/5356/5356 
f 5357/5357/5357 5358/5358/5358 5359/5359/5359 
f 5360/5360/5360 5361/5361/5361 5362/5362/5362 
f 5363/5363/5363 5364/5364/5364 5365/5365/5365 
f 5366/5366/5366 5367/5367/5367 5368/5368/5368 
f 5369/5369/5369 5370/5370/5370 5371/5371/5371 
f 5372/5372/5372 5373/5373/5373 5374/5374/5374 
f 5375/5375/5375 5376/5376/5376 5377/5377/5377 
f 5377/5377/5377 5378/5378/5378 5375/5375/5375 
f 5379/5379/5379 5380/5380/5380 5381/5381/5381 
f 5380/5380/5380 5382/5382/5382 5381/5381/5381 
f 5383/5383/5383 5384/5384/5384 5385/5385/5385 
f 5386/5386/5386 5387/5387/5387 5388/5388/5388 
f 5389/5389/5389 5390/5390/5390 5391/5391/5391 
f 5392/5392/5392 5393/5393/5393 5394/5394/5394 
f 5392/5392/5392 5395/5395/5395 5393/5393/5393 
f 5396/5396/5396 5397/5397/5397 5398/5398/5398 
f 5397/5397/5397 5396/5396/5396 5399/5399/5399 
f 5400/5400/5400 5401/5401/5401 5402/5402/5402 
f 5403/5403/5403 5404/5404/5404 5405/5405/5405 
f 5404/5404/5404 5403/5403/5403 5406/5406/5406 
f 5407/5407/5407 5408/5408/5408 5409/5409/5409 
f 5410/5410/5410 5411/5411/5411 5412/5412/5412 
f 5412/5412/5412 5411/5411/5411 5413/5413/5413 
f 5411/5411/5411 5414/5414/5414 5413/5413/5413 
f 5413/5413/5413 5414/5414/5414 5415/5415/5415 
f 5416/5416/5416 5417/5417/5417 5418/5418/5418 
f 5418/5418/5418 5419/5419/5419 5416/5416/5416 
f 5420/5420/5420 5416/5416/5416 5419/5419/5419 
f 5419/5419/5419 5421/5421/5421 5420/5420/5420 
f 5422/5422/5422 5423/5423/5423 5424/5424/5424 
f 5425/5425/5425 5426/5426/5426 5427/5427/5427 
f 5427/5427/5427 5428/5428/5428 5425/5425/5425 
f 5429/5429/5429 5430/5430/5430 5431/5431/5431 
f 5430/5430/5430 5429/5429/5429 5432/5432/5432 
f 5433/5433/5433 5434/5434/5434 5435/5435/5435 
f 5436/5436/5436 5437/5437/5437 5435/5435/5435 
f 5435/5435/5435 5437/5437/5437 5438/5438/5438 
f 5437/5437/5437 5439/5439/5439 5438/5438/5438 
f 5438/5438/5438 5439/5439/5439 5440/5440/5440 
f 5441/5441/5441 5442/5442/5442 5443/5443/5443 
f 5444/5444/5444 5445/5445/5445 5446/5446/5446 
f 5447/5447/5447 5448/5448/5448 5445/5445/5445 
f 5445/5445/5445 5449/5449/5449 5447/5447/5447 
f 5450/5450/5450 5447/5447/5447 5449/5449/5449 
f 5449/5449/5449 5451/5451/5451 5450/5450/5450 
f 5452/5452/5452 5453/5453/5453 5454/5454/5454 
f 5455/5455/5455 5456/5456/5456 5457/5457/5457 
f 5456/5456/5456 5455/5455/5455 5458/5458/5458 
f 5459/5459/5459 5460/5460/5460 5461/5461/5461 
f 5460/5460/5460 5459/5459/5459 5462/5462/5462 
f 5463/5463/5463 5464/5464/5464 5465/5465/5465 
f 5466/5466/5466 5467/5467/5467 5468/5468/5468 
f 5467/5467/5467 5466/5466/5466 5469/5469/5469 
f 5470/5470/5470 5471/5471/5471 5472/5472/5472 
f 5473/5473/5473 5472/5472/5472 5471/5471/5471 
f 5474/5474/5474 5475/5475/5475 5476/5476/5476 
f 5475/5475/5475 5474/5474/5474 5477/5477/5477 
f 5478/5478/5478 5479/5479/5479 5480/5480/5480 
f 5481/5481/5481 5480/5480/5480 5479/5479/5479 
f 5482/5482/5482 5483/5483/5483 5484/5484/5484 
f 5485/5485/5485 5486/5486/5486 5484/5484/5484 
f 5487/5487/5487 5488/5488/5488 5489/5489/5489 
f 5488/5488/5488 5487/5487/5487 5490/5490/5490 
f 5491/5491/5491 5492/5492/5492 5493/5493/5493 
f 5492/5492/5492 5491/5491/5491 5494/5494/5494 
f 5495/5495/5495 5496/5496/5496 5497/5497/5497 
f 5498/5498/5498 5496/5496/5496 5499/5499/5499 
f 5500/5500/5500 5501/5501/5501 5502/5502/5502 
f 5503/5503/5503 5504/5504/5504 5505/5505/5505 
f 5506/5506/5506 5507/5507/5507 5508/5508/5508 
f 5507/5507/5507 5506/5506/5506 5509/5509/5509 
f 5510/5510/5510 5511/5511/5511 5512/5512/5512 
f 5511/5511/5511 5510/5510/5510 5513/5513/5513 
f 5514/5514/5514 5515/5515/5515 5516/5516/5516 
f 5517/5517/5517 5516/5516/5516 5515/5515/5515 
f 5518/5518/5518 5519/5519/5519 5520/5520/5520 
f 5519/5519/5519 5518/5518/5518 5521/5521/5521 
f 5522/5522/5522 5523/5523/5523 5524/5524/5524 
f 5523/5523/5523 5522/5522/5522 5525/5525/5525 
f 5526/5526/5526 5527/5527/5527 5528/5528/5528 
f 5527/5527/5527 5526/5526/5526 5529/5529/5529 
f 5530/5530/5530 5531/5531/5531 5532/5532/5532 
f 5531/5531/5531 5530/5530/5530 5533/5533/5533 
f 5534/5534/5534 5535/5535/5535 5536/5536/5536 
f 5535/5535/5535 5534/5534/5534 5537/5537/5537 
f 5538/5538/5538 5539/5539/5539 5540/5540/5540 
f 5540/5540/5540 5539/5539/5539 5541/5541/5541 
f 5542/5542/5542 5543/5543/5543 5544/5544/5544 
f 5543/5543/5543 5542/5542/5542 5545/5545/5545 
f 5546/5546/5546 5547/5547/5547 5548/5548/5548 
f 5548/5548/5548 5547/5547/5547 5549/5549/5549 
f 5550/5550/5550 5551/5551/5551 5552/5552/5552 
f 5551/5551/5551 5550/5550/5550 5553/5553/5553 
f 5554/5554/5554 5555/5555/5555 5556/5556/5556 
f 5557/5557/5557 5556/5556/5556 5555/5555/5555 
f 5558/5558/5558 5559/5559/5559 5560/5560/5560 
f 5559/5559/5559 5558/5558/5558 5561/5561/5561 
f 5562/5562/5562 5563/5563/5563 5564/5564/5564 
f 5565/5565/5565 5563/5563/5563 5562/5562/5562 
f 5566/5566/5566 5567/5567/5567 5568/5568/5568 
f 5567/5567/5567 5566/5566/5566 5569/5569/5569 
f 5570/5570/5570 5571/5571/5571 5572/5572/5572 
f 5573/5573/5573 5574/5574/5574 5575/5575/5575 
f 5576/5576/5576 5575/5575/5575 5574/5574/5574 
f 5577/5577/5577 5578/5578/5578 5579/5579/5579 
f 5579/5579/5579 5580/5580/5580 5577/5577/5577 
f 5581/5581/5581 5582/5582/5582 5583/5583/5583 
f 5582/5582/5582 5581/5581/5581 5584/5584/5584 
f 5585/5585/5585 5586/5586/5586 5587/5587/5587 
f 5586/5586/5586 5585/5585/5585 5588/5588/5588 
f 5589/5589/5589 5590/5590/5590 5591/5591/5591 
f 5590/5590/5590 5589/5589/5589 5592/5592/5592 
f 5593/5593/5593 5594/5594/5594 5595/5595/5595 
f 5594/5594/5594 5593/5593/5593 5596/5596/5596 
f 5597/5597/5597 5598/5598/5598 5599/5599/5599 
f 5600/5600/5600 5599/5599/5599 5598/5598/5598 
f 5601/5601/5601 5602/5602/5602 5603/5603/5603 
f 5602/5602/5602 5601/5601/5601 5604/5604/5604 
f 5605/5605/5605 5606/5606/5606 5607/5607/5607 
f 5606/5606/5606 5605/5605/5605 5608/5608/5608 
f 5609/5609/5609 5610/5610/5610 5611/5611/5611 
f 5610/5610/5610 5609/5609/5609 5612/5612/5612 
f 5613/5613/5613 5614/5614/5614 5615/5615/5615 
f 5616/5616/5616 5615/5615/5615 5614/5614/5614 
f 5617/5617/5617 5618/5618/5618 5619/5619/5619 
f 5619/5619/5619 5618/5618/5618 5620/5620/5620 
f 5621/5621/5621 5622/5622/5622 5623/5623/5623 
f 5624/5624/5624 5625/5625/5625 5626/5626/5626 
f 5625/5625/5625 5627/5627/5627 5626/5626/5626 
f 5628/5628/5628 5629/5629/5629 5630/5630/5630 
f 5629/5629/5629 5628/5628/5628 5631/5631/5631 
f 5632/5632/5632 5633/5633/5633 5634/5634/5634 
f 5633/5633/5633 5632/5632/5632 5635/5635/5635 
f 5636/5636/5636 5637/5637/5637 5638/5638/5638 
f 5639/5639/5639 5638/5638/5638 5637/5637/5637 
f 5640/5640/5640 5641/5641/5641 5642/5642/5642 
f 5641/5641/5641 5640/5640/5640 5643/5643/5643 
f 5644/5644/5644 5645/5645/5645 5646/5646/5646 
f 5645/5645/5645 5644/5644/5644 5647/5647/5647 
f 5648/5648/5648 5649/5649/5649 5650/5650/5650 
f 5651/5651/5651 5652/5652/5652 5653/5653/5653 
f 5654/5654/5654 5655/5655/5655 5656/5656/5656 
f 5657/5657/5657 5658/5658/5658 5659/5659/5659 
f 5660/5660/5660 5661/5661/5661 5662/5662/5662 
f 5663/5663/5663 5664/5664/5664 5665/5665/5665 
f 5665/5665/5665 5664/5664/5664 5666/5666/5666 
f 5667/5667/5667 5668/5668/5668 5669/5669/5669 
f 5667/5667/5667 5669/5669/5669 5670/5670/5670 
f 5671/5671/5671 5672/5672/5672 5673/5673/5673 
f 5674/5674/5674 5675/5675/5675 5676/5676/5676 
f 5677/5677/5677 5678/5678/5678 5679/5679/5679 
f 5680/5680/5680 5681/5681/5681 5682/5682/5682 
f 5681/5681/5681 5680/5680/5680 5683/5683/5683 
f 5684/5684/5684 5685/5685/5685 5686/5686/5686 
f 5687/5687/5687 5688/5688/5688 5689/5689/5689 
f 5690/5690/5690 5691/5691/5691 5692/5692/5692 
f 5691/5691/5691 5690/5690/5690 5693/5693/5693 
f 5694/5694/5694 5695/5695/5695 5696/5696/5696 
f 5695/5695/5695 5694/5694/5694 5697/5697/5697 
f 5698/5698/5698 5699/5699/5699 5700/5700/5700 
f 5698/5698/5698 5701/5701/5701 5699/5699/5699 
f 5702/5702/5702 5703/5703/5703 5704/5704/5704 
f 5703/5703/5703 5702/5702/5702 5705/5705/5705 
f 5706/5706/5706 5707/5707/5707 5708/5708/5708 
f 5709/5709/5709 5710/5710/5710 5711/5711/5711 
f 5712/5712/5712 5713/5713/5713 5714/5714/5714 
f 5715/5715/5715 5716/5716/5716 5717/5717/5717 
f 5717/5717/5717 5718/5718/5718 5715/5715/5715 
f 5719/5719/5719 5720/5720/5720 5721/5721/5721 
f 5721/5721/5721 5720/5720/5720 5722/5722/5722 
f 5723/5723/5723 5724/5724/5724 5725/5725/5725 
f 5725/5725/5725 5726/5726/5726 5723/5723/5723 
f 5727/5727/5727 5728/5728/5728 5729/5729/5729 
f 5730/5730/5730 5731/5731/5731 5732/5732/5732 
f 5733/5733/5733 5734/5734/5734 5735/5735/5735 
f 5736/5736/5736 5737/5737/5737 5738/5738/5738 
f 5739/5739/5739 5740/5740/5740 5741/5741/5741 
f 5742/5742/5742 5743/5743/5743 5744/5744/5744 
f 5745/5745/5745 5746/5746/5746 5747/5747/5747 
f 5748/5748/5748 5749/5749/5749 5750/5750/5750 
f 5748/5748/5748 5750/5750/5750 5751/5751/5751 
f 5752/5752/5752 5753/5753/5753 5754/5754/5754 
f 5753/5753/5753 5752/5752/5752 5755/5755/5755 
f 5756/5756/5756 5757/5757/5757 5758/5758/5758 
f 5759/5759/5759 5760/5760/5760 5761/5761/5761 
f 5762/5762/5762 5763/5763/5763 5764/5764/5764 
f 5763/5763/5763 5762/5762/5762 5765/5765/5765 
f 5766/5766/5766 5767/5767/5767 5768/5768/5768 
f 5769/5769/5769 5770/5770/5770 5771/5771/5771 
f 5770/5770/5770 5769/5769/5769 5772/5772/5772 
f 5773/5773/5773 5774/5774/5774 5775/5775/5775 
f 5773/5773/5773 5776/5776/5776 5774/5774/5774 
f 5777/5777/5777 5778/5778/5778 5779/5779/5779 
f 5780/5780/5780 5781/5781/5781 5782/5782/5782 
f 5783/5783/5783 5784/5784/5784 5785/5785/5785 
f 5786/5786/5786 5787/5787/5787 5788/5788/5788 
f 5789/5789/5789 5790/5790/5790 5791/5791/5791 
f 5792/5792/5792 5793/5793/5793 5794/5794/5794 
f 5795/5795/5795 5796/5796/5796 5797/5797/5797 
f 5798/5798/5798 5799/5799/5799 5800/5800/5800 
f 5801/5801/5801 5802/5802/5802 5803/5803/5803 
f 5802/5802/5802 5801/5801/5801 5804/5804/5804 
f 5805/5805/5805 5806/5806/5806 5807/5807/5807 
f 5806/5806/5806 5805/5805/5805 5808/5808/5808 
f 5809/5809/5809 5810/5810/5810 5811/5811/5811 
f 5812/5812/5812 5813/5813/5813 5814/5814/5814 
f 5815/5815/5815 5816/5816/5816 5817/5817/5817 
f 5818/5818/5818 5819/5819/5819 5817/5817/5817 
f 5819/5819/5819 5818/5818/5818 5820/5820/5820 
f 5821/5821/5821 5822/5822/5822 5823/5823/5823 
f 5824/5824/5824 5825/5825/5825 5826/5826/5826 
f 5824/5824/5824 5827/5827/5827 5825/5825/5825 
f 5828/5828/5828 5829/5829/5829 5830/5830/5830 
f 5831/5831/5831 5832/5832/5832 5833/5833/5833 
f 5832/5832/5832 5831/5831/5831 5834/5834/5834 
f 5835/5835/5835 5836/5836/5836 5837/5837/5837 
f 5836/5836/5836 5835/5835/5835 5838/5838/5838 
f 5839/5839/5839 5840/5840/5840 5841/5841/5841 
f 5841/5841/5841 5842/5842/5842 5839/5839/5839 
f 5843/5843/5843 5844/5844/5844 5845/5845/5845 
f 5843/5843/5843 5846/5846/5846 5844/5844/5844 
f 5847/5847/5847 5848/5848/5848 5849/5849/5849 
f 5850/5850/5850 5851/5851/5851 5852/5852/5852 
f 5853/5853/5853 5854/5854/5854 5851/5851/5851 
f 5855/5855/5855 5856/5856/5856 5857/5857/5857 
f 5858/5858/5858 5859/5859/5859 5860/5860/5860 
f 5860/5860/5860 5859/5859/5859 5861/5861/5861 
f 5862/5862/5862 5863/5863/5863 5864/5864/5864 
f 5863/5863/5863 5862/5862/5862 5865/5865/5865 
f 5866/5866/5866 5867/5867/5867 5868/5868/5868 
f 5869/5869/5869 5870/5870/5870 5871/5871/5871 
f 5872/5872/5872 5873/5873/5873 5874/5874/5874 
f 5875/5875/5875 5876/5876/5876 5877/5877/5877 
f 5878/5878/5878 5879/5879/5879 5880/5880/5880 
f 5881/5881/5881 5882/5882/5882 5883/5883/5883 
f 5884/5884/5884 5885/5885/5885 5886/5886/5886 
f 5887/5887/5887 5888/5888/5888 5889/5889/5889 
f 5888/5888/5888 5887/5887/5887 5890/5890/5890 
f 5891/5891/5891 5892/5892/5892 5889/5889/5889 
f 5893/5893/5893 5894/5894/5894 5895/5895/5895 
f 5896/5896/5896 5897/5897/5897 5898/5898/5898 
f 5899/5899/5899 5900/5900/5900 5901/5901/5901 
f 5902/5902/5902 5903/5903/5903 5904/5904/5904 
f 5905/5905/5905 5906/5906/5906 5907/5907/5907 
f 5908/5908/5908 5909/5909/5909 5910/5910/5910 
f 5911/5911/5911 5912/5912/5912 5913/5913/5913 
f 5914/5914/5914 5915/5915/5915 5916/5916/5916 
f 5917/5917/5917 5918/5918/5918 5919/5919/5919 
f 5920/5920/5920 5921/5921/5921 5918/5918/5918 
f 5921/5921/5921 5920/5920/5920 5922/5922/5922 
f 5923/5923/5923 5924/5924/5924 5925/5925/5925 
f 5926/5926/5926 5927/5927/5927 5928/5928/5928 
f 5929/5929/5929 5930/5930/5930 5931/5931/5931 
f 5929/5929/5929 5931/5931/5931 5932/5932/5932 
f 5933/5933/5933 5934/5934/5934 5935/5935/5935 
f 5936/5936/5936 5937/5937/5937 5938/5938/5938 
f 5938/5938/5938 5939/5939/5939 5936/5936/5936 
f 5940/5940/5940 5941/5941/5941 5942/5942/5942 
f 5943/5943/5943 5942/5942/5942 5941/5941/5941 
f 5944/5944/5944 5945/5945/5945 5946/5946/5946 
f 5945/5945/5945 5944/5944/5944 5947/5947/5947 
f 5944/5944/5944 5946/5946/5946 5948/5948/5948 
f 5949/5949/5949 5948/5948/5948 5946/5946/5946 
f 5948/5948/5948 5949/5949/5949 5950/5950/5950 
f 5950/5950/5950 5949/5949/5949 5951/5951/5951 
f 5952/5952/5952 5953/5953/5953 5954/5954/5954 
f 5955/5955/5955 5956/5956/5956 5957/5957/5957 
f 5958/5958/5958 5959/5959/5959 5960/5960/5960 
f 5961/5961/5961 5962/5962/5962 5958/5958/5958 
f 5963/5963/5963 5964/5964/5964 5965/5965/5965 
f 5966/5966/5966 5967/5967/5967 5968/5968/5968 
f 5968/5968/5968 5969/5969/5969 5966/5966/5966 
f 5970/5970/5970 5971/5971/5971 5972/5972/5972 
f 5973/5973/5973 5972/5972/5972 5971/5971/5971 
f 5974/5974/5974 5975/5975/5975 5976/5976/5976 
f 5974/5974/5974 5976/5976/5976 5977/5977/5977 
f 5978/5978/5978 5979/5979/5979 5980/5980/5980 
f 5979/5979/5979 5978/5978/5978 5981/5981/5981 
f 5982/5982/5982 5983/5983/5983 5984/5984/5984 
f 5983/5983/5983 5985/5985/5985 5984/5984/5984 
f 5986/5986/5986 5987/5987/5987 5988/5988/5988 
f 5987/5987/5987 5986/5986/5986 5989/5989/5989 
f 5990/5990/5990 5991/5991/5991 5992/5992/5992 
f 5993/5993/5993 5991/5991/5991 5990/5990/5990 
f 5994/5994/5994 5995/5995/5995 5996/5996/5996 
f 5997/5997/5997 5994/5994/5994 5998/5998/5998 
f 5999/5999/5999 6000/6000/6000 6001/6001/6001 
f 6002/6002/6002 6003/6003/6003 6004/6004/6004 
f 6005/6005/6005 6006/6006/6006 6007/6007/6007 
f 6008/6008/6008 6009/6009/6009 6010/6010/6010 
f 6011/6011/6011 6012/6012/6012 6013/6013/6013 
f 6014/6014/6014 6015/6015/6015 6016/6016/6016 
f 6014/6014/6014 6016/6016/6016 6017/6017/6017 
f 6018/6018/6018 6019/6019/6019 6020/6020/6020 
f 6019/6019/6019 6018/6018/6018 6021/6021/6021 
f 6022/6022/6022 6023/6023/6023 6024/6024/6024 
f 6025/6025/6025 6022/6022/6022 6026/6026/6026 
f 6027/6027/6027 6028/6028/6028 6029/6029/6029 
f 6028/6028/6028 6027/6027/6027 6030/6030/6030 
f 6031/6031/6031 6032/6032/6032 6033/6033/6033 
f 6031/6031/6031 6033/6033/6033 6034/6034/6034 
f 6035/6035/6035 6036/6036/6036 6037/6037/6037 
f 6038/6038/6038 6039/6039/6039 6040/6040/6040 
f 6041/6041/6041 6042/6042/6042 6043/6043/6043 
f 6044/6044/6044 6045/6045/6045 6046/6046/6046 
f 6047/6047/6047 6048/6048/6048 6049/6049/6049 
f 6050/6050/6050 6051/6051/6051 6052/6052/6052 
f 6051/6051/6051 6050/6050/6050 6053/6053/6053 
f 6054/6054/6054 6055/6055/6055 6056/6056/6056 
f 6057/6057/6057 6058/6058/6058 6059/6059/6059 
f 6057/6057/6057 6059/6059/6059 6060/6060/6060 
f 6061/6061/6061 6062/6062/6062 6063/6063/6063 
f 6064/6064/6064 6063/6063/6063 6062/6062/6062 
f 6065/6065/6065 6066/6066/6066 6067/6067/6067 
f 6065/6065/6065 6067/6067/6067 6068/6068/6068 
f 6069/6069/6069 6070/6070/6070 6071/6071/6071 
f 6072/6072/6072 6073/6073/6073 6074/6074/6074 
f 6075/6075/6075 6073/6073/6073 6072/6072/6072 
f 6076/6076/6076 6077/6077/6077 6078/6078/6078 
f 6079/6079/6079 6080/6080/6080 6081/6081/6081 
f 6082/6082/6082 6083/6083/6083 6084/6084/6084 
f 6085/6085/6085 6086/6086/6086 6087/6087/6087 
f 6085/6085/6085 6087/6087/6087 6088/6088/6088 
f 6089/6089/6089 6090/6090/6090 6091/6091/6091 
f 6089/6089/6089 6092/6092/6092 6090/6090/6090 
f 6093/6093/6093 6094/6094/6094 6095/6095/6095 
f 6095/6095/6095 6094/6094/6094 6096/6096/6096 
f 6097/6097/6097 6098/6098/6098 6099/6099/6099 
f 6100/6100/6100 6101/6101/6101 6102/6102/6102 
f 6101/6101/6101 6103/6103/6103 6102/6102/6102 
f 6104/6104/6104 6105/6105/6105 6106/6106/6106 
f 6107/6107/6107 6108/6108/6108 6109/6109/6109 
f 6110/6110/6110 6111/6111/6111 6112/6112/6112 
f 6113/6113/6113 6114/6114/6114 6115/6115/6115 
f 6116/6116/6116 6117/6117/6117 6118/6118/6118 
f 6119/6119/6119 6120/6120/6120 6121/6121/6121 
f 6122/6122/6122 6119/6119/6119 6123/6123/6123 
f 6124/6124/6124 6125/6125/6125 6119/6119/6119 
f 6126/6126/6126 6125/6125/6125 6127/6127/6127 
f 6126/6126/6126 6127/6127/6127 6128/6128/6128 
f 6129/6129/6129 6130/6130/6130 6131/6131/6131 
f 6132/6132/6132 6133/6133/6133 6134/6134/6134 
f 6135/6135/6135 6136/6136/6136 6137/6137/6137 
f 6136/6136/6136 6135/6135/6135 6138/6138/6138 
f 6138/6138/6138 6139/6139/6139 6140/6140/6140 
f 6139/6139/6139 6138/6138/6138 6141/6141/6141 
f 6142/6142/6142 6143/6143/6143 6136/6136/6136 
f 6143/6143/6143 6142/6142/6142 6144/6144/6144 
f 6145/6145/6145 6142/6142/6142 6146/6146/6146 
f 6145/6145/6145 6147/6147/6147 6142/6142/6142 
f 6147/6147/6147 6148/6148/6148 6149/6149/6149 
f 6148/6148/6148 6147/6147/6147 6150/6150/6150 
f 6151/6151/6151 6152/6152/6152 6153/6153/6153 
f 6154/6154/6154 6155/6155/6155 6156/6156/6156 
f 6157/6157/6157 6158/6158/6158 6155/6155/6155 
f 6159/6159/6159 6160/6160/6160 6161/6161/6161 
f 6162/6162/6162 6163/6163/6163 6164/6164/6164 
f 6163/6163/6163 6162/6162/6162 6165/6165/6165 
f 6165/6165/6165 6166/6166/6166 6167/6167/6167 
f 6166/6166/6166 6165/6165/6165 6168/6168/6168 
f 6169/6169/6169 6170/6170/6170 6168/6168/6168 
f 6170/6170/6170 6169/6169/6169 6171/6171/6171 
f 6172/6172/6172 6173/6173/6173 6174/6174/6174 
f 6175/6175/6175 6176/6176/6176 6177/6177/6177 
f 6178/6178/6178 6179/6179/6179 6180/6180/6180 
f 6181/6181/6181 6182/6182/6182 6183/6183/6183 
f 6184/6184/6184 6185/6185/6185 6186/6186/6186 
f 6187/6187/6187 6188/6188/6188 6189/6189/6189 
f 6190/6190/6190 6191/6191/6191 6188/6188/6188 
f 6191/6191/6191 6190/6190/6190 6192/6192/6192 
f 6193/6193/6193 6194/6194/6194 6195/6195/6195 
f 6193/6193/6193 6195/6195/6195 6196/6196/6196 
f 6197/6197/6197 6198/6198/6198 6199/6199/6199 
f 6200/6200/6200 6201/6201/6201 6202/6202/6202 
f 6203/6203/6203 6204/6204/6204 6205/6205/6205 
f 6204/6204/6204 6203/6203/6203 6206/6206/6206 
f 6207/6207/6207 6208/6208/6208 6209/6209/6209 
f 6210/6210/6210 6208/6208/6208 6211/6211/6211 
f 6210/6210/6210 6211/6211/6211 6212/6212/6212 
f 6213/6213/6213 6214/6214/6214 6215/6215/6215 
f 6216/6216/6216 6217/6217/6217 6218/6218/6218 
f 6216/6216/6216 6218/6218/6218 6219/6219/6219 
f 6220/6220/6220 6221/6221/6221 6222/6222/6222 
f 6220/6220/6220 6222/6222/6222 6223/6223/6223 
f 6224/6224/6224 6225/6225/6225 6226/6226/6226 
f 6227/6227/6227 6226/6226/6226 6225/6225/6225 
f 6228/6228/6228 6229/6229/6229 6230/6230/6230 
f 6229/6229/6229 6228/6228/6228 6231/6231/6231 
f 6232/6232/6232 6233/6233/6233 6234/6234/6234 
f 6235/6235/6235 6236/6236/6236 6237/6237/6237 
f 6238/6238/6238 6239/6239/6239 6236/6236/6236 
f 6239/6239/6239 6238/6238/6238 6240/6240/6240 
f 6241/6241/6241 6242/6242/6242 6243/6243/6243 
f 6242/6242/6242 6244/6244/6244 6243/6243/6243 
f 6241/6241/6241 6245/6245/6245 6242/6242/6242 
f 6245/6245/6245 6241/6241/6241 6246/6246/6246 
f 6246/6246/6246 6247/6247/6247 6245/6245/6245 
f 6244/6244/6244 6242/6242/6242 6248/6248/6248 
f 6244/6244/6244 6248/6248/6248 6249/6249/6249 
f 6250/6250/6250 6249/6249/6249 6248/6248/6248 
f 6249/6249/6249 6250/6250/6250 6251/6251/6251 
f 6250/6250/6250 6252/6252/6252 6251/6251/6251 
f 6252/6252/6252 6250/6250/6250 6253/6253/6253 
f 6252/6252/6252 6253/6253/6253 6254/6254/6254 
f 6255/6255/6255 6254/6254/6254 6253/6253/6253 
f 6254/6254/6254 6255/6255/6255 6256/6256/6256 
f 6257/6257/6257 6256/6256/6256 6255/6255/6255 
f 6258/6258/6258 6256/6256/6256 6257/6257/6257 
f 6258/6258/6258 6257/6257/6257 6259/6259/6259 
f 6259/6259/6259 6257/6257/6257 6260/6260/6260 
f 6259/6259/6259 6260/6260/6260 6261/6261/6261 
f 6261/6261/6261 6260/6260/6260 6262/6262/6262 
f 6261/6261/6261 6262/6262/6262 6263/6263/6263 
f 6263/6263/6263 6262/6262/6262 6264/6264/6264 
f 6262/6262/6262 6265/6265/6265 6264/6264/6264 
f 6265/6265/6265 6262/6262/6262 6266/6266/6266 
f 6266/6266/6266 6267/6267/6267 6265/6265/6265 
f 6267/6267/6267 6266/6266/6266 6268/6268/6268 
f 6267/6267/6267 6268/6268/6268 6269/6269/6269 
f 6268/6268/6268 6270/6270/6270 6269/6269/6269 
f 6270/6270/6270 6268/6268/6268 6271/6271/6271 
f 6271/6271/6271 6272/6272/6272 6270/6270/6270 
f 6272/6272/6272 6271/6271/6271 6273/6273/6273 
f 6274/6274/6274 6272/6272/6272 6273/6273/6273 
f 6274/6274/6274 6273/6273/6273 6275/6275/6275 
f 6274/6274/6274 6275/6275/6275 6276/6276/6276 
f 6276/6276/6276 6275/6275/6275 6277/6277/6277 
f 6276/6276/6276 6277/6277/6277 6278/6278/6278 
f 6279/6279/6279 6278/6278/6278 6277/6277/6277 
f 6279/6279/6279 6277/6277/6277 6280/6280/6280 
f 6279/6279/6279 6280/6280/6280 6281/6281/6281 
f 6281/6281/6281 6280/6280/6280 6282/6282/6282 
f 6283/6283/6283 6284/6284/6284 6285/6285/6285 
f 6283/6283/6283 6285/6285/6285 6286/6286/6286 
f 6283/6283/6283 6287/6287/6287 6288/6288/6288 
f 6287/6287/6287 6283/6283/6283 6289/6289/6289 
f 6290/6290/6290 6291/6291/6291 6292/6292/6292 
f 6291/6291/6291 6293/6293/6293 6292/6292/6292 
f 6290/6290/6290 6294/6294/6294 6291/6291/6291 
f 6293/6293/6293 6295/6295/6295 6292/6292/6292 
f 6294/6294/6294 6290/6290/6290 6296/6296/6296 
f 6293/6293/6293 6297/6297/6297 6295/6295/6295 
f 6296/6296/6296 6298/6298/6298 6294/6294/6294 
f 6299/6299/6299 6295/6295/6295 6297/6297/6297 
f 6298/6298/6298 6296/6296/6296 6300/6300/6300 
f 6297/6297/6297 6301/6301/6301 6299/6299/6299 
f 6298/6298/6298 6300/6300/6300 6302/6302/6302 
f 6301/6301/6301 6297/6297/6297 6303/6303/6303 
f 6304/6304/6304 6298/6298/6298 6302/6302/6302 
f 6301/6301/6301 6303/6303/6303 6305/6305/6305 
f 6304/6304/6304 6302/6302/6302 6306/6306/6306 
f 6303/6303/6303 6307/6307/6307 6305/6305/6305 
f 6308/6308/6308 6304/6304/6304 6306/6306/6306 
f 6309/6309/6309 6305/6305/6305 6307/6307/6307 
f 6310/6310/6310 6308/6308/6308 6306/6306/6306 
f 6307/6307/6307 6311/6311/6311 6309/6309/6309 
f 6310/6310/6310 6312/6312/6312 6308/6308/6308 
f 6311/6311/6311 6307/6307/6307 6313/6313/6313 
f 6312/6312/6312 6310/6310/6310 6314/6314/6314 
f 6311/6311/6311 6313/6313/6313 6315/6315/6315 
f 6316/6316/6316 6312/6312/6312 6314/6314/6314 
f 6313/6313/6313 6317/6317/6317 6315/6315/6315 
f 6312/6312/6312 6316/6316/6316 6318/6318/6318 
f 6319/6319/6319 6315/6315/6315 6317/6317/6317 
f 6320/6320/6320 6318/6318/6318 6316/6316/6316 
f 6317/6317/6317 6321/6321/6321 6319/6319/6319 
f 6320/6320/6320 6322/6322/6322 6318/6318/6318 
f 6321/6321/6321 6317/6317/6317 6323/6323/6323 
f 6322/6322/6322 6320/6320/6320 6324/6324/6324 
f 6323/6323/6323 6325/6325/6325 6321/6321/6321 
f 6326/6326/6326 6322/6322/6322 6324/6324/6324 
f 6325/6325/6325 6323/6323/6323 6327/6327/6327 
f 6322/6322/6322 6326/6326/6326 6328/6328/6328 
f 6325/6325/6325 6327/6327/6327 6329/6329/6329 
f 6330/6330/6330 6328/6328/6328 6326/6326/6326 
f 6327/6327/6327 6331/6331/6331 6329/6329/6329 
f 6329/6329/6329 6331/6331/6331 6332/6332/6332 
f 6332/6332/6332 6331/6331/6331 6333/6333/6333 
f 6334/6334/6334 6328/6328/6328 6330/6330/6330 
f 6335/6335/6335 6334/6334/6334 6330/6330/6330 
f 6335/6335/6335 6336/6336/6336 6334/6334/6334 
f 6336/6336/6336 6335/6335/6335 6337/6337/6337 
f 6337/6337/6337 6338/6338/6338 6336/6336/6336 
f 6338/6338/6338 6337/6337/6337 6339/6339/6339 
f 6339/6339/6339 6340/6340/6340 6338/6338/6338 
f 6338/6338/6338 6340/6340/6340 6341/6341/6341 
f 6340/6340/6340 6342/6342/6342 6341/6341/6341 
f 6341/6341/6341 6342/6342/6342 6343/6343/6343 
f 6342/6342/6342 6344/6344/6344 6343/6343/6343 
f 6343/6343/6343 6344/6344/6344 6345/6345/6345 
f 6344/6344/6344 6346/6346/6346 6345/6345/6345 
f 6347/6347/6347 6345/6345/6345 6346/6346/6346 
f 6348/6348/6348 6349/6349/6349 6350/6350/6350 
f 6351/6351/6351 6352/6352/6352 6353/6353/6353 
f 6352/6352/6352 6351/6351/6351 6354/6354/6354 
f 6355/6355/6355 6356/6356/6356 6357/6357/6357 
f 6357/6357/6357 6358/6358/6358 6355/6355/6355 
f 6359/6359/6359 6360/6360/6360 6361/6361/6361 
f 6360/6360/6360 6359/6359/6359 6362/6362/6362 
f 6363/6363/6363 6364/6364/6364 6365/6365/6365 
f 6364/6364/6364 6366/6366/6366 6365/6365/6365 
f 6367/6367/6367 6368/6368/6368 6369/6369/6369 
f 6369/6369/6369 6370/6370/6370 6371/6371/6371 
f 6372/6372/6372 6373/6373/6373 6374/6374/6374 
f 6372/6372/6372 6374/6374/6374 6375/6375/6375 
f 6376/6376/6376 6377/6377/6377 6378/6378/6378 
f 6377/6377/6377 6376/6376/6376 6379/6379/6379 
f 6380/6380/6380 6381/6381/6381 6382/6382/6382 
f 6381/6381/6381 6380/6380/6380 6383/6383/6383 
f 6384/6384/6384 6385/6385/6385 6386/6386/6386 
f 6385/6385/6385 6384/6384/6384 6387/6387/6387 
f 6388/6388/6388 6389/6389/6389 6390/6390/6390 
f 6391/6391/6391 6392/6392/6392 6393/6393/6393 
f 6391/6391/6391 6394/6394/6394 6392/6392/6392 
f 6395/6395/6395 6391/6391/6391 6393/6393/6393 
f 6394/6394/6394 6396/6396/6396 6392/6392/6392 
f 6395/6395/6395 6393/6393/6393 6397/6397/6397 
f 6394/6394/6394 6398/6398/6398 6396/6396/6396 
f 6399/6399/6399 6395/6395/6395 6397/6397/6397 
f 6398/6398/6398 6400/6400/6400 6396/6396/6396 
f 6395/6395/6395 6399/6399/6399 6401/6401/6401 
f 6398/6398/6398 6402/6402/6402 6400/6400/6400 
f 6403/6403/6403 6401/6401/6401 6399/6399/6399 
f 6402/6402/6402 6404/6404/6404 6400/6400/6400 
f 6401/6401/6401 6403/6403/6403 6405/6405/6405 
f 6402/6402/6402 6406/6406/6406 6404/6404/6404 
f 6403/6403/6403 6407/6407/6407 6405/6405/6405 
f 6406/6406/6406 6408/6408/6408 6404/6404/6404 
f 6407/6407/6407 6403/6403/6403 6409/6409/6409 
f 6406/6406/6406 6410/6410/6410 6408/6408/6408 
f 6409/6409/6409 6411/6411/6411 6407/6407/6407 
f 6410/6410/6410 6412/6412/6412 6408/6408/6408 
f 6411/6411/6411 6413/6413/6413 6407/6407/6407 
f 6410/6410/6410 6414/6414/6414 6412/6412/6412 
f 6411/6411/6411 6415/6415/6415 6413/6413/6413 
f 6414/6414/6414 6416/6416/6416 6412/6412/6412 
f 6414/6414/6414 6417/6417/6417 6416/6416/6416 
f 6417/6417/6417 6418/6418/6418 6416/6416/6416 
f 6415/6415/6415 6419/6419/6419 6413/6413/6413 
f 6415/6415/6415 6420/6420/6420 6419/6419/6419 
f 6420/6420/6420 6421/6421/6421 6419/6419/6419 
f 6420/6420/6420 6422/6422/6422 6421/6421/6421 
f 6422/6422/6422 6420/6420/6420 6423/6423/6423 
f 6424/6424/6424 6422/6422/6422 6423/6423/6423 
f 6425/6425/6425 6422/6422/6422 6424/6424/6424 
f 6426/6426/6426 6427/6427/6427 6428/6428/6428 
f 6429/6429/6429 6430/6430/6430 6431/6431/6431 
f 6432/6432/6432 6433/6433/6433 6434/6434/6434 
f 6434/6434/6434 6435/6435/6435 6432/6432/6432 
f 6433/6433/6433 6436/6436/6436 6437/6437/6437 
f 6438/6438/6438 6433/6433/6433 6437/6437/6437 
f 6439/6439/6439 6440/6440/6440 6441/6441/6441 
f 6441/6441/6441 6442/6442/6442 6443/6443/6443 
f 6442/6442/6442 6441/6441/6441 6444/6444/6444 
f 6441/6441/6441 6445/6445/6445 6446/6446/6446 
f 6445/6445/6445 6441/6441/6441 6447/6447/6447 
f 6448/6448/6448 6449/6449/6449 6450/6450/6450 
f 6449/6449/6449 6448/6448/6448 6451/6451/6451 
f 6452/6452/6452 6453/6453/6453 6454/6454/6454 
f 6453/6453/6453 6452/6452/6452 6455/6455/6455 
f 6456/6456/6456 6457/6457/6457 6458/6458/6458 
f 6457/6457/6457 6456/6456/6456 6459/6459/6459 
f 6460/6460/6460 6461/6461/6461 6462/6462/6462 
f 6463/6463/6463 6464/6464/6464 6465/6465/6465 
f 6466/6466/6466 6467/6467/6467 6468/6468/6468 
f 6468/6468/6468 6467/6467/6467 6469/6469/6469 
f 6470/6470/6470 6471/6471/6471 6472/6472/6472 
f 6471/6471/6471 6470/6470/6470 6473/6473/6473 
f 6474/6474/6474 6475/6475/6475 6476/6476/6476 
f 6477/6477/6477 6478/6478/6478 6479/6479/6479 
f 6478/6478/6478 6477/6477/6477 6480/6480/6480 
f 6479/6479/6479 6478/6478/6478 6481/6481/6481 
f 6482/6482/6482 6480/6480/6480 6477/6477/6477 
f 6480/6480/6480 6482/6482/6482 6483/6483/6483 
f 6484/6484/6484 6483/6483/6483 6482/6482/6482 
f 6483/6483/6483 6484/6484/6484 6485/6485/6485 
f 6486/6486/6486 6485/6485/6485 6484/6484/6484 
f 6485/6485/6485 6486/6486/6486 6487/6487/6487 
f 6487/6487/6487 6486/6486/6486 6488/6488/6488 
f 6487/6487/6487 6488/6488/6488 6489/6489/6489 
f 6479/6479/6479 6481/6481/6481 6490/6490/6490 
f 6491/6491/6491 6490/6490/6490 6481/6481/6481 
f 6490/6490/6490 6491/6491/6491 6492/6492/6492 
f 6491/6491/6491 6481/6481/6481 6493/6493/6493 
f 6494/6494/6494 6495/6495/6495 6496/6496/6496 
f 6495/6495/6495 6494/6494/6494 6497/6497/6497 
f 6498/6498/6498 6496/6496/6496 6495/6495/6495 
f 6497/6497/6497 6494/6494/6494 6499/6499/6499 
f 6496/6496/6496 6498/6498/6498 6500/6500/6500 
f 6501/6501/6501 6499/6499/6499 6494/6494/6494 
f 6502/6502/6502 6496/6496/6496 6500/6500/6500 
f 6499/6499/6499 6501/6501/6501 6503/6503/6503 
f 6496/6496/6496 6502/6502/6502 6504/6504/6504 
f 6503/6503/6503 6501/6501/6501 6505/6505/6505 
f 6505/6505/6505 6506/6506/6506 6503/6503/6503 
f 6506/6506/6506 6505/6505/6505 6507/6507/6507 
f 6508/6508/6508 6504/6504/6504 6502/6502/6502 
f 6508/6508/6508 6509/6509/6509 6504/6504/6504 
f 6509/6509/6509 6508/6508/6508 6510/6510/6510 
f 6509/6509/6509 6510/6510/6510 6511/6511/6511 
f 6512/6512/6512 6513/6513/6513 6514/6514/6514 
f 6513/6513/6513 6515/6515/6515 6514/6514/6514 
f 6513/6513/6513 6516/6516/6516 6515/6515/6515 
f 6517/6517/6517 6518/6518/6518 6519/6519/6519 
f 6520/6520/6520 6521/6521/6521 6522/6522/6522 
f 6521/6521/6521 6520/6520/6520 6523/6523/6523 
f 6524/6524/6524 6525/6525/6525 6526/6526/6526 

