# Blender v2.83.3 OBJ File: 'GUNwalker.blend'
# www.blender.org
mtllib GUNwalker.mtl
o frame_21.08.2020_08.35.001_frame_21.08.2020_08.35.1749
v 30.297348 262.459106 -154.776489
v 12.120498 321.576385 -134.518082
v 24.119053 317.720947 -129.506073
v 19.286484 265.734253 -166.571671
v -17.532410 265.707092 -166.932266
v -10.844796 321.559418 -134.742966
v -28.794495 262.417389 -155.357254
v -23.273592 317.945129 -130.104065
v 110.939987 210.484970 8.727475
v 110.533012 215.692520 74.975342
v 104.681244 168.547195 65.945679
v 45.415424 167.253143 60.555931
v 22.914406 237.728149 -184.236023
v -36.562634 258.263062 -151.762985
v -33.258022 258.337097 -146.448792
v -23.278173 317.931488 -130.133881
v -28.797243 262.406036 -155.385056
v 45.723831 275.402893 65.211029
v 39.933025 263.249756 71.007721
v -105.321548 187.345795 85.095184
v -111.193497 232.256821 67.120171
v -103.289665 218.489197 2.809951
v -110.841301 197.048645 12.678320
v -46.144218 174.946457 102.838493
v -104.002640 126.989143 106.556046
v -96.390938 124.705803 76.609039
v -103.807236 124.705910 76.536469
v -103.974335 174.947372 102.270844
v -96.586349 126.988899 106.628448
v -95.657913 66.778046 14.075924
v -95.637398 92.603615 10.923226
v -95.783287 108.034569 33.594433
v -96.100746 144.564758 123.729256
v -87.895279 76.843040 25.186110
v -88.280014 25.646540 84.551643
v -93.750488 83.492714 31.842497
v -94.136482 32.373466 91.396896
v -88.368835 39.100285 98.356171
v -87.981689 90.142395 38.612904
v -78.948044 36.530647 95.811691
v -78.563194 87.603600 36.140480
v -78.893150 28.216068 87.280090
v -78.507957 79.383667 27.841810
v -96.713448 72.147331 17.877951
v -99.976913 79.665619 26.697756
v -95.951881 102.692780 100.548973
v -93.682983 134.851135 71.681152
v -96.321831 136.811188 43.048698
v -96.435181 122.053894 60.637241
v -99.826088 95.447609 3.791522
v -87.531052 20.603226 -21.722687
v -87.955101 76.237000 43.871487
v -93.299736 27.492222 -28.491169
v -93.703957 83.012634 37.187122
v -87.444405 34.380981 -35.148254
v -87.851494 90.027321 30.968283
v -78.462914 87.380104 33.454002
v -78.057083 31.749456 -32.490284
v -78.534309 78.825874 41.345371
v -78.110603 23.234747 -24.194588
v -82.633385 169.685822 57.529667
v -82.769547 144.202927 79.026909
v -62.859699 151.549896 92.158157
v -62.719421 177.970398 70.032410
v -83.646179 158.158890 103.590813
v -83.502228 185.423691 80.901260
v -57.554604 134.851028 72.034225
v -85.579849 71.580917 47.243317
v -85.978798 152.237991 108.876854
v -85.422829 85.529312 22.902027
v -85.819725 165.637070 84.226219
v -65.718140 158.937302 96.750107
v -65.320221 78.554024 35.271156
v -96.039215 100.518211 114.077721
v -52.792637 202.856735 97.932640
v -104.602737 239.646637 78.613686
v -99.877090 202.858124 97.469559
v -103.589355 247.695908 49.098106
v -52.371220 159.602264 32.732117
v -104.103378 189.658356 1.315263
v -47.321129 189.656754 1.873299
v -55.558701 108.034462 33.989830
v -95.951653 97.639946 59.417812
v -95.972168 71.814270 62.570339
v -95.826263 56.383545 39.901749
v -55.599731 56.383434 40.297150
v -55.412811 92.603264 11.316527
v -95.964714 189.314285 102.719406
v -57.018929 144.564178 124.114159
v -56.868217 102.690155 100.934059
v -56.880939 189.313614 103.101685
v -56.981911 190.259140 118.470505
v -96.063744 190.259598 118.085770
v -76.454636 186.383194 125.019516
v -92.815742 141.254074 64.466904
v -92.172104 139.103683 37.945053
v -94.938171 106.057686 -0.904829
v -58.721657 139.103683 38.274349
v -105.100822 165.091187 50.790211
v -99.455681 159.603531 32.268864
v -92.320976 99.086082 -7.597941
v -96.573174 86.791382 -3.080666
v -66.804512 20.603226 -21.517904
v -67.228333 76.295914 44.032726
v -72.573311 27.492090 -28.288486
v -72.997826 83.008957 37.371098
v -66.717979 34.380978 -34.943298
v -67.142494 89.696129 30.720480
v -57.756886 87.164192 33.354671
v -57.330662 31.749216 -32.287598
v -57.809723 78.828278 41.547531
v -57.386013 23.234858 -23.989632
v -96.675858 152.100006 119.409241
v -53.672710 152.099442 119.832268
v -57.414898 79.383781 28.050089
v -57.800095 28.215828 87.486099
v -57.468304 87.603493 36.346485
v -57.854996 36.530647 96.019974
v -66.888634 90.142281 38.818913
v -67.275780 39.100395 98.564629
v -73.041489 32.373249 91.603249
v -72.657433 83.492607 32.048679
v -67.186958 25.646322 84.757645
v -66.802216 76.842819 25.391941
v -63.832150 264.358826 85.309776
v -64.619278 275.321533 64.130981
v -64.749474 276.871948 84.162224
v -46.978447 275.334595 64.303589
v -63.732670 263.173309 69.992722
v -104.085266 152.108719 119.423058
v -56.957268 100.517639 114.462280
v -58.421730 141.254074 64.805466
v -103.696297 147.544556 59.383896
v -103.778931 172.664139 72.251259
v -96.279999 147.544342 59.456642
v -45.948811 172.663116 72.816994
v -45.866295 147.541580 59.952248
v -57.992180 99.085976 -7.260077
v -55.459797 106.057686 -0.516599
v -53.797062 86.791275 -2.660259
v -50.633072 95.447502 4.274710
v -53.935509 72.147224 18.298357
v -50.785847 79.665268 27.180595
v -96.195534 145.682190 138.431793
v -76.588501 146.176926 145.398590
v -57.113708 145.681610 138.816528
v -55.747574 71.814156 62.965736
v -55.727066 97.639725 59.813213
v -55.433327 66.777832 14.471324
v -53.282471 147.541702 59.879673
v -45.977234 124.705101 77.104469
v -53.393410 124.705101 77.032074
v -53.588821 126.986282 107.051476
v -46.255157 152.107910 119.991058
v -47.316429 203.590393 -106.243790
v -43.248528 217.763153 -41.953434
v -43.207726 241.155258 -50.342854
v -47.108646 276.884888 84.335007
v -47.136723 264.371063 85.473465
v -41.249416 263.189789 70.212898
v -47.188183 187.342010 85.666862
v -41.082432 232.254654 67.808662
v -48.152496 218.483795 3.355046
v -40.732079 197.046585 13.366816
v -46.967331 165.089584 51.361362
v -46.172527 126.986145 107.124054
v -48.321316 221.398315 -114.197594
v -24.340250 265.420898 -158.178040
v -34.642487 152.438004 29.881775
v -43.484390 199.077759 106.132675
v -35.126934 214.231247 99.465103
v -34.572693 182.730423 16.381538
v -38.271782 209.093491 72.445374
v -36.079102 189.562454 -99.474174
v -35.768055 206.230377 -38.115906
v -30.487370 226.257446 -24.110615
v -30.982477 242.028305 51.203461
v -41.476913 285.264587 55.932522
v -35.330593 241.632904 51.603756
v -45.474445 254.087158 61.835178
v -48.251057 244.362106 -127.104561
v -21.020164 265.700317 -169.998657
v 25.971233 265.458038 -157.685410
v -20.887676 209.447205 -185.545074
v -48.070667 203.825912 -151.471130
v -48.350536 191.822525 -107.035027
v 22.779510 180.365173 -158.260330
v -32.653004 291.012665 53.094948
v -41.679657 289.742798 86.956604
v 31.496492 294.602631 58.132317
v -18.742329 185.436447 -120.734634
v -19.926804 199.925339 -127.385162
v -47.320896 229.502258 -107.842346
v -19.962790 228.242020 -124.309921
v 0.643065 227.963852 -127.897896
v 21.199753 228.272385 -123.907005
v 21.235743 199.955582 -126.984428
v 19.982269 185.465103 -120.355499
v -48.090492 235.685608 -151.218765
v -48.110779 251.827240 -149.506271
v -20.909452 237.695831 -184.665085
v -32.137840 217.704239 -13.027364
v -35.015194 193.916412 -96.862366
v -17.376657 138.403564 -96.316757
v -31.217537 313.135376 -126.589706
v -28.121284 311.104858 -121.987701
v -32.937462 198.026627 -142.901917
v -35.028141 205.432465 -130.491699
v -24.745157 326.633087 78.805191
v -31.929256 294.593231 81.649574
v -24.642469 325.410339 63.006351
v -31.826567 292.614197 65.919640
v -17.063663 317.164398 71.785759
v -21.858065 293.525665 73.889183
v -29.528788 214.169037 -21.614231
v -19.305511 238.530930 -15.961990
v -20.036711 249.527267 -114.745926
v -29.774734 247.360489 -105.546982
v -30.149620 258.777283 -48.468155
v -17.927578 182.742691 16.544523
v -32.420692 166.157288 17.482916
v -42.930145 167.576935 23.049288
v -28.284945 160.332901 20.271173
v -32.780449 209.197800 -32.394070
v -20.608606 145.248184 -100.532021
v -27.341377 146.280914 -98.155075
v -27.866167 137.707077 -87.035797
v -27.255880 140.851013 -110.939980
v -20.555658 141.893616 -108.431435
v -27.152962 198.137207 -131.960938
v -31.448816 143.561966 -104.586830
v -31.347275 200.209335 -125.335938
v -27.241325 202.289902 -118.627701
v -20.507980 201.501770 -121.107124
v -20.453312 198.935349 -129.349747
v -0.769595 213.022018 92.320457
v -31.068546 207.047607 67.641647
v -25.561399 178.688995 -2.801720
v -33.116367 142.453247 -76.234100
v -10.192218 199.102280 106.458649
v -35.196732 183.936768 112.965515
v -47.820477 239.645020 79.172073
v -48.452309 247.692245 49.640404
v -11.609691 280.495544 -111.672348
v -26.777504 246.266541 -34.049107
v -21.562948 162.564774 19.285561
v -9.637973 167.601456 23.375086
v -17.997374 152.450272 30.044762
v -33.519096 165.518234 -16.155243
v -23.102711 141.842377 -121.538292
v 1.186537 196.581772 -170.113571
v 24.402248 141.877457 -121.073204
v -20.806190 134.746765 -68.979980
v -20.962631 135.160965 -87.750351
v -31.679869 130.947632 -67.660347
v -31.544401 131.369614 -89.262871
v -26.912857 125.064201 -91.456543
v -20.820288 127.166336 -66.130516
v -20.372972 127.741104 -90.501709
v -21.545185 169.757477 15.896423
v -27.518332 137.083725 -69.925896
v -28.256178 171.969406 14.786646
v -27.541138 124.819626 -65.313835
v -32.895401 295.827911 90.227524
v -45.675240 259.506409 92.463165
v -18.551506 183.949020 113.128326
v -18.481709 214.243515 99.628090
v -0.839277 247.589569 100.066689
v 31.284580 295.875244 90.855682
v 44.075424 259.572540 93.341751
v -11.852775 263.495728 -125.567635
v 0.804204 269.508057 -134.337433
v 13.154263 263.329651 -125.048248
v 8.126747 253.499359 -110.537483
v 8.067266 263.939850 -102.254547
v -7.326327 253.602173 -110.857681
v -7.385808 264.042633 -102.574921
v -10.575926 271.729279 -103.531334
v -8.576701 260.939148 -115.015663
v -13.765699 269.302094 -109.701996
v -7.525171 264.532806 -121.103699
v -14.404410 274.719421 -114.732796
v -2.208729 267.525574 -120.371307
v -17.270645 189.532761 -117.285858
v 0.614298 188.843399 -119.965866
v -32.683491 294.555298 57.503983
v -0.563071 291.036255 53.409206
v 44.276218 254.153290 62.713768
v -16.804878 251.489227 -22.487566
v -0.080915 253.044006 -17.937235
v -20.520130 256.081909 -40.419567
v 0.560089 252.963333 -117.245453
v 21.125832 249.559708 -114.343178
v 0.057303 259.402344 -39.918545
v 20.642412 256.112274 -40.016651
v -0.105899 244.028473 -13.264144
v 16.701384 251.513870 -22.159496
v -3.910431 261.709106 -110.521912
v -9.244981 278.646820 -104.747696
v -11.912141 273.936279 -117.284706
v 0.744722 279.948547 -126.054756
v 13.094895 273.770111 -116.765495
v -23.148897 143.563690 -114.539146
v 1.006487 142.037323 -127.565994
v -21.044348 180.332855 -158.689392
v -33.529068 242.880356 -142.873657
v 23.398281 326.668610 79.276489
v 15.820964 317.188599 72.107712
v 23.500856 325.445862 63.477646
v 9.154897 204.433014 -157.071854
v -7.791635 256.213989 -115.406265
v -7.491820 204.450974 -157.281372
v 0.658422 265.918182 -129.597961
v 0.958237 214.157364 -171.473511
v 8.855082 256.193573 -115.198860
v 3.049263 267.510681 -120.973679
v 14.961976 274.796417 -114.606712
v 8.441461 264.683655 -121.645554
v 9.428696 260.893555 -115.682915
v 10.949659 271.297333 -103.679977
v 16.774847 183.975037 113.474236
v 9.039486 167.615219 23.557833
v 17.398775 182.768707 16.890432
v 0.367547 265.623993 -114.212715
v 4.650682 261.377319 -111.325302
v 33.430046 165.567627 -15.499800
v 21.833994 135.192459 -87.331345
v 33.831062 142.502640 -75.578835
v 0.489375 138.416748 -96.141876
v 21.435732 134.777939 -68.566566
v 31.139372 278.025269 -101.364937
v 11.982510 280.382660 -111.397263
v 32.018188 272.550232 -105.550652
v 14.323953 269.183044 -109.835426
v 25.285994 178.726471 -2.303842
v 29.850834 207.092560 68.238159
v 36.988857 209.148941 73.182137
v 30.371498 258.821991 -47.875668
v 40.319714 285.324860 56.733288
v 29.108519 311.145782 -121.554085
v 33.120605 313.293549 -125.983925
v 24.114353 317.709625 -129.533783
v 27.946049 218.766205 -12.255452
v 34.279865 241.684250 52.285080
v 28.133888 124.860764 -64.768913
v 28.156582 137.124893 -69.380974
v 21.039186 169.788879 16.313158
v 32.295425 130.994705 -67.034111
v 21.421749 127.197510 -65.716927
v 21.021423 162.596176 19.702469
v 27.732418 160.374268 20.819416
v 31.896933 166.204727 18.112652
v 34.044003 182.780960 17.053419
v 27.761183 172.010773 15.335239
v 26.828043 246.306076 -33.524475
v 30.746382 247.405182 -104.954674
v 9.502045 278.219421 -104.646179
v 21.686266 141.924789 -108.017937
v 21.734056 201.532700 -120.695900
v 21.633430 145.279358 -100.118782
v 28.433704 202.330963 -118.082603
v 28.333536 146.321945 -97.610153
v 32.628021 200.256561 -124.709702
v 28.522066 198.178238 -131.415924
v 28.419147 140.892044 -110.394707
v 21.788725 198.966385 -128.936249
v 40.116859 289.803070 87.757370
v 33.489758 214.281921 100.136810
v 33.419960 183.987305 113.637222
v 33.974205 152.488541 30.553656
v 17.328978 152.476273 30.390669
v 29.455093 214.212601 -21.036959
v 19.132452 238.559372 -15.585827
v 45.566128 146.589203 40.935646
v 52.982418 146.605606 41.001747
v 103.245766 167.380707 61.070072
v 30.292763 262.447510 -154.806473
v 35.360619 258.385223 -145.781540
v 38.128635 258.321869 -151.039078
v 30.581347 294.639313 82.261299
v 21.239981 293.557404 74.311165
v 30.684036 292.660278 66.531708
v 21.288345 127.771820 -90.093895
v 27.842785 125.104553 -90.920540
v 32.438229 131.416718 -88.636284
v 32.526474 143.608948 -103.962868
v 28.724466 137.748810 -86.481781
v 47.000793 216.640762 88.305954
v 24.356062 143.598755 -114.074059
v 36.370773 205.485077 -129.792801
v 34.447193 198.076370 -142.242462
v 49.664516 235.757690 -150.261826
v 22.803694 265.732635 -169.569595
v 22.936295 209.479416 -185.118286
v 49.684341 203.898010 -150.514191
v 49.503952 244.434311 -126.147537
v 49.644230 251.899445 -148.549332
v 42.331661 167.639847 23.883806
v 41.777416 199.140686 106.967369
v 16.844645 214.269531 99.973999
v 8.485242 199.116058 106.641571
v 18.355293 138.429916 -95.966827
v 18.461422 189.559128 -116.936104
v 35.935265 193.968796 -96.167923
v 32.851162 209.246155 -31.751741
v 31.949080 217.751450 -12.399901
v 52.661404 135.940964 99.340401
v 45.253826 161.914246 89.766869
v 30.432013 226.302368 -23.514456
v 35.915668 206.283188 -37.414295
v 37.037567 189.616440 -98.758224
v 75.296738 123.908241 122.320259
v 49.404469 191.894623 -106.078094
v 34.987110 242.930893 -142.203003
v 45.621368 264.439484 86.381256
v 45.593636 276.953339 85.242622
v 45.242825 135.911148 99.359291
v 45.393532 115.247192 79.738998
v 43.431442 217.827118 -41.104748
v 48.344917 203.663055 -105.307671
v 48.340446 229.572861 -106.906052
v 43.472244 241.219223 -49.494167
v 93.116020 133.950424 75.109634
v 96.025238 121.468117 63.709499
v 40.421715 215.532867 74.336517
v 48.256443 233.482010 11.242751
v 40.828804 210.325317 8.088995
v 46.547630 168.414825 65.416496
v 46.804466 165.072632 23.634081
v 52.437462 168.948456 4.635671
v 45.555130 120.588043 50.528934
v 49.433807 221.470413 -113.240662
v 50.857468 81.031174 27.778154
v 54.133083 74.732071 17.901733
v 52.809818 115.263588 79.804756
v 52.971416 120.604439 50.594864
v 56.987400 133.873199 74.796257
v 57.930283 140.474731 67.795357
v 55.810604 109.018700 2.779679
v 58.555470 139.059570 41.215275
v 50.949959 98.046234 6.487792
v 56.181015 88.244255 79.128326
v 57.833324 31.967201 -31.269457
v 57.337299 78.367455 42.050133
v 57.857277 41.240028 -38.142342
v 57.361137 87.640282 35.179699
v 67.268555 44.124733 -40.183167
v 66.772415 90.525070 33.138519
v 72.565170 83.036354 38.747910
v 73.061195 36.636120 -34.573952
v 66.733795 75.520813 44.256569
v 67.229820 29.122742 -29.065294
v 63.234463 276.966400 85.415230
v 63.364655 275.415985 65.383636
v 62.316795 264.451874 86.544762
v 62.416275 263.266357 71.227890
v 55.689583 69.907883 13.327097
v 55.362949 94.633789 62.912052
v 55.982979 127.706474 101.256187
v 55.903782 125.091103 115.562096
v 82.799217 145.754608 86.228210
v 62.289402 167.518250 47.068630
v 62.169521 142.337906 73.040131
v 82.255745 138.632645 58.759754
v 82.378143 166.105820 32.097134
v 82.916809 168.877731 60.891697
v 57.569839 88.559441 24.278494
v 57.373859 30.201199 75.473015
v 57.504059 95.623878 33.746395
v 57.308075 37.265747 84.938293
v 66.885757 97.826408 36.752201
v 66.689667 39.470238 87.946899
v 72.751060 92.124199 29.143255
v 72.555084 33.765961 80.337601
v 66.992233 86.395065 21.435848
v 66.796257 28.038984 72.627747
v 55.857826 172.558136 109.325073
v 75.265678 167.230225 114.766060
v 94.985847 125.177292 115.909576
v 54.215836 89.959259 -1.174319
v 92.766121 102.670341 -4.252522
v 95.289108 109.103165 3.121916
v 58.437080 102.596977 -4.549989
v 85.428322 70.889488 47.795757
v 65.299698 78.766502 36.120365
v 64.951637 148.207352 79.632858
v 85.533539 86.729713 24.797356
v 85.173439 157.710419 70.071922
v 85.092178 138.795029 89.555443
v 55.642014 95.888741 14.112654
v 95.912231 70.033379 13.670208
v 55.572910 56.312481 37.309532
v 95.797623 56.398430 37.658413
v 55.410625 68.655663 62.104813
v 95.637627 68.740372 62.460514
v 95.587769 94.719612 63.260937
v 55.477554 108.268486 38.928391
v 95.702377 108.354439 39.277271
v 47.913876 237.284698 67.171761
v 103.051170 237.410309 67.674011
v 103.783165 216.770050 88.823067
v 51.944874 176.129318 84.569504
v 104.361023 209.376236 -5.239866
v 47.578648 209.246964 -5.756982
v 99.027512 176.236603 84.998131
v 104.938072 165.204895 24.163437
v 103.393616 233.610260 11.743952
v 99.520088 169.055618 5.064472
v 55.939880 175.505859 94.436653
v 56.243023 93.695129 66.907143
v 87.956352 29.166985 -28.885345
v 87.460335 75.565056 44.436344
v 93.785896 36.680473 -34.394176
v 93.289879 83.080704 38.927685
v 87.498947 90.569313 33.318470
v 87.995087 44.169086 -40.003567
v 78.087677 87.684631 35.359299
v 78.583817 41.284382 -37.962566
v 78.063843 78.411804 42.229908
v 78.559860 32.011555 -31.089857
v 78.663010 88.604576 24.461767
v 78.467026 30.246340 75.655937
v 78.597221 95.669022 33.929317
v 78.401245 37.310780 85.121216
v 87.980766 97.871460 36.935123
v 87.784782 39.515404 88.129646
v 93.844238 92.169357 29.326178
v 93.648262 33.811123 80.520348
v 88.087234 86.440231 21.618771
v 87.891251 28.084146 72.810669
v 94.939888 172.644440 109.672386
v 95.021950 175.592163 94.783958
v 95.065048 127.792770 101.603500
v 95.325089 93.781319 67.254280
v 95.263084 88.330429 79.475639
v 95.864555 96.013565 14.479723
v 96.992058 90.050613 -0.803227
v 100.143211 98.151337 6.914320
v 92.007866 139.131073 41.505573
v 92.324417 140.548203 68.093178
v 96.097664 136.705734 46.606949
v 100.050720 81.136253 28.204857
v 95.807480 115.358368 80.187218
v 95.980194 146.700378 41.384033
v 96.909317 74.823425 18.272652
v 103.385483 120.715614 51.043079
v 95.969185 120.699333 50.976974
v 103.223763 115.374741 80.253143
v 95.666626 136.035858 99.722862
v 103.084061 162.041916 90.280663
v 103.396477 146.716766 41.450134
v 103.073051 136.038712 99.873428
v -63.396755 268.444275 -94.703484
v -29.532225 264.312317 -103.098335
v -60.548626 260.241272 -88.302589
v -57.731670 264.018433 -78.122238
v -113.367157 16.611662 -74.918167
v -107.116432 34.140980 -12.078330
v -107.894279 62.354160 99.244026
v -113.745934 49.409630 137.381805
v -113.624107 20.264769 119.030609
v -112.870216 -3.070118 -7.642727
v -44.626232 62.353813 99.864670
v -107.737831 38.383636 74.936493
v -107.838005 46.550949 90.212799
v 32.854485 272.857483 -108.843781
v 30.034779 264.351868 -102.901070
v 57.664280 263.847656 -76.980980
v 26.914574 267.676819 -92.671745
v -107.607414 59.550301 -58.908409
v -107.689697 43.084885 -46.157700
v -113.421936 2.723666 87.625290
v -107.597328 35.425949 53.411091
v -113.226532 -2.133657 57.302471
v -38.753136 -2.133897 58.034687
v -106.062958 37.074703 16.506901
v -107.787567 34.314503 -31.260712
v -38.439571 -0.136827 21.661777
v -111.597153 -0.138444 20.944777
v -113.568176 -1.175636 -43.739849
v -35.308247 39.530670 -92.506523
v -113.248764 39.529053 -93.270218
v -58.838787 274.555817 -78.236259
v -62.340179 277.290955 -88.482368
v -43.915318 37.074356 17.116701
v -44.568241 46.551189 90.837982
v -39.270706 49.409500 138.114548
v 108.313286 46.536434 -43.070408
v 108.261482 35.940212 -29.640291
v -38.948658 2.718158 88.367477
v -44.329281 35.425732 54.031910
v -42.491768 34.140514 -11.444397
v -36.796432 -3.070687 -6.897222
v -41.575363 34.269909 -30.606144
v -35.629719 -1.368286 -42.961288
v -35.428585 16.600666 -74.153076
v -41.477486 43.056927 -45.507332
v -41.395199 59.549839 -58.259087
v -32.380352 272.515289 -109.499397
v -31.612707 272.351044 -106.166573
v -30.938007 277.996063 -102.197357
v -31.323780 281.361847 -103.280205
v -29.795364 267.115173 -102.081764
v -26.715273 268.089294 -92.920074
v -27.997965 269.527344 -95.584869
v -28.704868 276.251404 -95.656219
v -27.822388 278.626831 -93.031998
v -21.178209 262.117981 43.130211
v 31.526978 291.059967 53.723286
v 26.605591 258.160919 45.166664
v 29.937019 242.073257 51.799969
v -44.469906 38.366783 75.582489
v -39.151974 20.164148 119.941544
v 14.137486 243.851517 -15.545954
v 20.215157 262.148468 43.535576
v -0.481470 262.133240 43.332893
v -14.317881 243.830536 -15.824710
v -27.584230 258.121033 44.636261
v -28.140196 218.724823 -12.804744
v 28.227411 269.244019 -95.228119
v 28.795292 275.981720 -94.986786
v 30.217581 267.122040 -101.757538
v 31.478384 281.437408 -102.288475
v 27.806913 278.235229 -92.294014
v 42.100609 46.368420 -43.599411
v 42.125019 64.338287 -53.739536
v 36.330208 2.046014 -47.882355
v 42.046974 35.755234 -30.167725
v 37.088913 -4.268907 -12.409206
v 38.282784 15.258118 116.712769
v 43.977318 45.079281 92.214798
v 38.498245 1.983626 82.868958
v 44.081150 38.851482 75.865791
v 38.676006 1.253821 51.981453
v 44.206993 38.668911 53.905296
v 58.556618 274.406158 -76.603073
v 60.784481 260.522766 -87.210304
v 62.228088 277.608063 -86.599976
v 63.604191 269.028290 -93.155289
v 108.337814 64.478912 -53.211231
v 36.479309 48.904118 -90.777679
v 114.269241 2.401869 -47.246849
v 36.444126 23.842981 -76.059235
v 114.420403 49.067890 -90.157036
v 42.744934 33.171036 -11.196944
v 107.372124 33.306065 -10.682452
v 43.834404 32.410160 17.549700
v 105.982613 32.541950 18.044954
v 111.554405 -4.873706 16.923279
v 38.396130 -5.027271 16.341635
v 112.586105 41.706814 139.547653
v 38.112362 41.547611 138.902008
v 107.349548 39.002182 76.389725
v 107.245941 45.236736 92.720551
v 43.889988 59.493767 103.316238
v 113.161667 -4.109156 -11.802204
v 107.156433 59.629013 103.865005
v 112.755501 15.517134 117.178123
v 107.473434 38.804138 54.453716
v 113.149750 1.413004 52.627628
v 112.971985 2.147290 83.506035
v 114.383392 24.015236 -75.440697
v 63.222084 276.968445 85.400185
v 45.608997 264.441681 86.366386
v 62.304417 264.453918 86.529900
v 45.581257 276.955505 85.227585
v -63.844643 264.360870 85.294739
v -47.149216 264.373260 85.458420
v -64.761963 276.874115 84.147362
v -47.121140 276.887085 84.319969
v 22.925179 209.464859 -185.348175
v -20.918623 237.645737 -185.190506
v 22.905237 237.678070 -184.761612
v -20.898680 209.432556 -185.777054
vt 0.356200 0.731470
vt 0.356200 0.731470
vt 0.441880 0.705440
vt 0.397370 0.956070
vt 0.629630 0.723510
vt 0.629630 0.723510
vt 0.551320 0.713810
vt 0.615990 0.946830
vt 0.926344 0.376044
vt 0.946915 0.276800
vt 1.003225 0.276725
vt 0.975545 0.097036
vt 0.679456 0.277494
vt 0.700800 0.375327
vt 0.624025 0.264906
vt 0.651250 0.099400
vt 0.725353 0.077273
vt 0.900782 0.074073
vt 0.599962 0.706800
vt 0.523017 0.835500
vt 0.602167 0.838700
vt 0.522950 0.717020
vt 0.835443 0.405829
vt 0.508833 0.297100
vt 0.505311 0.392333
vt 0.834650 0.293850
vt 0.049514 0.227093
vt 0.229017 0.224633
vt 0.049514 0.227093
vt 0.248220 0.193280
vt 0.063517 0.193667
vt 0.902200 0.676600
vt 0.988176 0.665529
vt 0.997069 0.686792
vt 0.897100 0.654950
vt 0.725353 0.077273
vt 0.679456 0.277494
vt 0.651250 0.099400
vt 0.900782 0.074073
vt 0.946915 0.276800
vt 0.975545 0.097036
vt 1.003225 0.276725
vt 0.926344 0.376044
vt 0.700800 0.375327
vt 0.624025 0.264906
vt 0.523017 0.835500
vt 0.599962 0.706800
vt 0.602167 0.838700
vt 0.522950 0.717020
vt 0.739714 0.755443
vt 0.724900 0.718300
vt 0.757125 0.718900
vt 0.739714 0.755443
vt 0.748950 0.784700
vt 0.748950 0.784700
vt 0.731417 0.819567
vt 0.731417 0.819567
vt 0.567620 0.995240
vt 0.695825 0.922768
vt 0.650838 0.994963
vt 0.526570 0.923010
vt 0.651025 0.850825
vt 0.568050 0.850975
vt 0.649900 0.743767
vt 0.697133 0.825400
vt 0.654460 0.807480
vt 0.697167 0.716700
vt 0.651025 0.850825
vt 0.526570 0.923010
vt 0.568050 0.850975
vt 0.695825 0.922768
vt 0.567620 0.995240
vt 0.650838 0.994963
vt 0.450633 0.346333
vt 0.505867 0.151400
vt 0.505400 0.327000
vt 0.455736 0.164336
vt 0.511575 0.691698
vt 0.654460 0.807480
vt 0.517290 0.815770
vt 0.655775 0.687600
vt 0.795283 0.814770
vt 0.794972 0.686889
vt 0.655775 0.687600
vt 0.654460 0.807480
vt 0.511575 0.691698
vt 0.517290 0.815770
vt 0.664750 -0.004000
vt 0.448917 0.077383
vt 0.447955 0.002664
vt 0.685050 0.074200
vt 0.560050 0.008000
vt 0.419650 0.085700
vt 0.447955 0.002664
vt 0.514917 0.082067
vt 0.124400 -0.003950
vt 0.215060 0.193440
vt 0.163900 0.173600
vt 0.182100 0.001600
vt 0.030044 0.133956
vt 0.170843 0.076786
vt 0.090300 0.072167
vt 0.172100 0.138100
vt 0.176375 0.398113
vt 0.023747 0.400627
vt -0.029750 0.365100
vt 0.010040 0.146000
vt 0.511575 0.691698
vt 0.613707 0.821286
vt 0.506891 0.835959
vt 0.613887 0.688450
vt 0.795283 0.814770
vt 0.794972 0.686889
vt 0.613887 0.688450
vt 0.613707 0.821286
vt 0.511575 0.691698
vt 0.506891 0.835959
vt 0.945730 -0.018540
vt 0.996300 0.886700
vt 0.985333 -0.017600
vt 0.955900 0.886700
vt 0.920650 0.883150
vt 0.915500 -0.027000
vt 0.875100 0.886700
vt 0.867580 -0.015720
vt 0.562700 0.309500
vt 0.562700 0.151600
vt 0.623022 0.158033
vt 0.623100 0.330300
vt 0.184225 0.553475
vt 0.235200 0.500800
vt 0.246333 0.555467
vt 0.196729 0.501400
vt 0.196729 0.501400
vt 0.506891 0.835959
vt 0.613887 0.688450
vt 0.511575 0.691698
vt 0.613707 0.821286
vt 0.818680 0.837970
vt 0.824467 0.699492
vt 0.523017 0.835500
vt 0.196729 0.501400
vt 0.474800 0.421900
vt 0.480300 0.497450
vt 0.201900 0.421900
vt 0.626967 0.216900
vt 0.342245 0.008755
vt 0.323467 0.217100
vt 0.603200 0.010100
vt 0.023747 0.400627
vt 0.178420 0.109540
vt 0.027400 0.103200
vt 0.176375 0.398113
vt 0.237100 0.068700
vt 0.440480 0.220420
vt 0.248750 0.223375
vt 0.448917 0.077383
vt 0.621700 0.002500
vt 0.299729 0.216657
vt 0.342245 0.008755
vt 0.657014 0.211857
vt 0.010040 0.146000
vt 0.186200 0.230600
vt 0.188700 0.151300
vt 0.019900 0.230700
vt 0.945730 -0.018540
vt 0.991286 0.864886
vt 0.985333 -0.017600
vt 0.937320 0.865157
vt 0.897900 -0.012900
vt 0.905843 0.866114
vt 0.867580 -0.015720
vt 0.872167 0.864917
vt 0.937320 0.865157
vt 0.945730 -0.018540
vt 0.975000 0.868800
vt 0.985333 -0.017600
vt 0.450633 0.346333
vt 0.538200 0.220100
vt 0.545933 0.339933
vt 0.440480 0.220420
vt 0.538200 0.089500
vt 0.448917 0.077383
vt 0.018967 0.068200
vt 0.167200 0.023900
vt 0.170843 0.076786
vt 0.024800 0.023900
vt 0.096400 0.005000
vt 0.545933 0.339933
vt 0.628500 0.384600
vt 0.548700 0.384600
vt 0.623100 0.330300
vt 0.514917 0.082067
vt 0.182100 0.001600
vt 0.483467 0.007467
vt 0.170843 0.076786
vt 0.196729 0.501400
vt 0.480300 0.497450
vt 0.610100 0.127400
vt 0.455736 0.164336
vt 0.470500 0.127400
vt 0.623022 0.158033
vt 0.624025 0.264906
vt 0.455660 0.265220
vt 0.470500 0.300400
vt 0.610100 0.300400
vt 0.030044 0.133956
vt 0.237100 0.068700
vt 0.214475 0.129175
vt 0.018967 0.068200
vt 0.511575 0.691698
vt 0.613707 0.821286
vt 0.506891 0.835959
vt 0.613887 0.688450
vt 0.795283 0.814770
vt 0.794972 0.686889
vt 0.613887 0.688450
vt 0.613707 0.821286
vt 0.511575 0.691698
vt 0.506891 0.835959
vt 0.629687 0.703487
vt 0.613707 0.821286
vt 0.654460 0.807480
vt 0.511575 0.691698
vt 0.517290 0.815770
vt 0.655775 0.687600
vt 0.795283 0.814770
vt 0.794972 0.686889
vt 0.655775 0.687600
vt 0.654460 0.807480
vt 0.511575 0.691698
vt 0.517290 0.815770
vt 0.897946 0.587900
vt 0.902200 0.676600
vt 0.897100 0.654950
vt 0.897946 0.587900
vt 0.997069 0.686792
vt 0.989862 0.600823
vt 0.988176 0.665529
vt 0.522950 0.717020
vt 0.522950 0.717020
vt 0.517290 0.815770
vt 0.523017 0.835500
vt 0.505867 0.151400
vt 0.505400 0.327000
vt 0.455736 0.164336
vt 0.124400 -0.003950
vt 0.215060 0.193440
vt 0.182100 0.001600
vt 0.163900 0.173600
vt 0.090300 0.072167
vt -0.029750 0.365100
vt 0.010040 0.146000
vt 0.023747 0.400627
vt 0.176375 0.398113
vt 0.170843 0.076786
vt 0.602167 0.838700
vt 0.517290 0.815770
vt 0.523017 0.835500
vt 0.599962 0.706800
vt 0.522950 0.717020
vt 0.522950 0.717020
vt 0.419650 0.085700
vt 0.560050 0.008000
vt 0.447955 0.002664
vt 0.514917 0.082067
vt 0.697167 0.716700
vt 0.654460 0.807480
vt 0.649900 0.743767
vt 0.697133 0.825400
vt 0.448917 0.077383
vt 0.664750 -0.004000
vt 0.447955 0.002664
vt 0.685050 0.074200
vt 0.207600 0.009600
vt 0.344800 0.209100
vt 0.207600 0.170500
vt 0.483467 0.007467
vt 0.480400 0.170500
vt 0.651025 0.850825
vt 0.526570 0.923010
vt 0.568050 0.850975
vt 0.695825 0.922768
vt 0.748950 0.784700
vt 0.766900 0.816400
vt 0.731417 0.819567
vt 0.748950 0.784700
vt 0.739714 0.755443
vt 0.766900 0.753700
vt 0.757125 0.718900
vt 0.757125 0.718900
vt 0.259200 0.074650
vt 0.229017 0.224633
vt 0.214475 0.129175
vt 0.304500 0.165800
vt 0.299729 0.216657
vt 0.220400 0.259600
vt 0.379367 0.221733
vt 0.299729 0.216657
vt 0.437000 -0.020750
vt 0.675200 0.015400
vt 0.413500 0.135700
vt 0.391500 0.016900
vt 0.666100 0.129800
vt 0.758500 0.035700
vt 0.739000 0.136400
vt 0.960233 0.590533
vt 0.944900 0.675900
vt 0.946915 0.276800
vt 0.679456 0.277494
vt 0.725353 0.077273
vt 0.700800 0.375327
vt 0.926344 0.376044
vt 1.003225 0.276725
vt 0.975545 0.097036
vt 0.900782 0.074073
vt 0.567620 0.995240
vt 0.695825 0.922768
vt 0.650838 0.994963
vt 0.526570 0.923010
vt 0.651025 0.850825
vt 0.568050 0.850975
vt 0.986900 0.631900
vt 0.866900 0.567017
vt 0.976221 0.582443
vt 0.874311 0.684300
vt 0.988176 0.665529
vt 0.866900 0.567017
vt 0.976221 0.582443
vt 0.874311 0.684300
vt 0.875400 0.993200
vt 0.937320 0.865157
vt 0.872167 0.864917
vt 0.925442 0.988965
vt 0.993964 0.994627
vt 0.991286 0.864886
vt 0.348700 0.566200
vt 0.505311 0.392333
vt 0.507225 0.563150
vt 0.348500 0.392000
vt 0.213650 0.570717
vt 0.455660 0.265220
vt 0.675444 0.209644
vt 0.690000 0.296000
vt 0.724300 0.326500
vt 0.437700 0.384000
vt 0.449900 0.313700
vt 0.721400 0.382500
vt 0.801700 0.345600
vt 0.804700 0.402800
vt 0.801050 0.045167
vt 0.900900 0.045900
vt 0.801050 0.045167
vt 0.831600 0.018400
vt 0.717733 0.024133
vt 0.717733 0.024133
vt 0.105140 0.362000
vt 0.020900 0.340050
vt 0.020900 0.277650
vt 0.125067 0.400925
vt 0.283900 0.359700
vt 0.272700 0.393800
vt 0.268350 0.425350
vt 0.507225 0.563150
vt 0.505311 0.392333
vt 0.267300 0.553900
vt 0.995000 0.295000
vt 0.940100 0.355900
vt 0.834650 0.293850
vt 0.508833 0.297100
vt 0.989371 0.021790
vt 0.900782 0.074073
vt 0.989371 0.021790
vt 1.045745 0.022778
vt 1.045745 0.022778
vt 0.989371 0.021790
vt 1.045745 0.022778
vt 1.045745 0.022778
vt 0.989371 0.021790
vt 0.250286 0.109243
vt 0.143100 0.051800
vt 0.208500 0.060100
vt 0.147700 0.101900
vt 0.248220 0.193280
vt 0.147700 0.195700
vt 0.184600 0.254700
vt 0.147700 0.260300
vt 0.063517 0.193667
vt 0.070175 0.265650
vt 0.147700 0.260300
vt 0.147700 0.195700
vt 0.184600 0.254700
vt 0.248220 0.193280
vt 0.147700 0.101900
vt 0.250286 0.109243
vt 0.143100 0.051800
vt 0.208500 0.060100
vt 0.577650 0.065600
vt 0.444033 0.112833
vt 0.568400 0.131450
vt 0.447955 0.002664
vt 0.243600 0.004400
vt 0.250286 0.109243
vt 0.354283 0.978183
vt 0.416333 0.778867
vt 0.419667 0.984400
vt 0.346900 0.759000
vt 0.084700 0.997500
vt 0.089500 0.750214
vt 0.002350 1.001400
vt 0.006267 0.754133
vt 0.494300 0.784300
vt 0.501950 0.992250
vt 0.242000 0.263550
vt 0.070175 0.265650
vt 0.229017 0.224633
vt 0.248750 0.223375
vt 0.925442 0.988965
vt 0.937320 0.865157
vt 0.925442 0.988965
vt 0.937320 0.865157
vt 0.953487 0.996600
vt 0.991286 0.864886
vt 0.993964 0.994627
vt 0.953760 0.864460
vt 0.920650 0.883150
vt 0.925442 0.988965
vt 0.953487 0.996600
vt 0.953760 0.864460
vt 0.808800 0.182700
vt 0.870800 0.053300
vt 0.819200 0.067700
vt 0.867100 0.124200
vt 0.875400 0.993200
vt 0.905843 0.866114
vt 0.872167 0.864917
vt 0.925442 0.988965
vt 0.875400 0.993200
vt 0.905843 0.866114
vt 0.872167 0.864917
vt 0.925442 0.988965
vt 0.420300 0.160400
vt 0.716500 0.161800
vt 0.480100 0.208400
vt 0.379367 0.221733
vt 0.636400 0.759800
vt 0.506891 0.835959
vt 0.519500 0.762200
vt 0.632584 0.846424
vt 0.739714 0.755443
vt 0.818680 0.837970
vt 0.632584 0.846424
vt 0.636400 0.759800
vt 0.506891 0.835959
vt 0.519500 0.762200
vt 0.354283 0.978183
vt 0.451040 0.986260
vt 0.354283 0.978183
vt 0.451040 0.986260
vt 0.501950 0.992250
vt 0.997069 0.686792
vt 0.840320 0.843000
vt 0.842641 0.693359
vt 0.997260 0.841400
vt 0.926186 0.693193
vt 0.926660 0.841370
vt 0.842641 0.693359
vt 0.840320 0.843000
vt 0.926186 0.693193
vt 0.926660 0.841370
vt 0.506891 0.835959
vt 0.629687 0.703487
vt 0.632584 0.846424
vt 0.511575 0.691698
vt 0.632584 0.846424
vt 0.629687 0.703487
vt 0.818680 0.837970
vt 0.824467 0.699492
vt 0.632584 0.846424
vt 0.629687 0.703487
vt 0.506891 0.835959
vt 0.511575 0.691698
vt 0.565400 0.264100
vt 0.657014 0.211857
vt 0.624025 0.264906
vt 0.626967 0.216900
vt 0.277000 0.826600
vt 0.296600 0.937500
vt 0.285100 0.800500
vt 0.166800 0.844900
vt 0.506891 0.835959
vt 0.824467 0.699492
vt 0.511575 0.691698
vt 0.840320 0.843000
vt 0.108400 0.815600
vt 0.007900 0.872400
vt 0.007900 0.937500
vt 0.019900 0.815600
vt 0.997260 0.841400
vt 0.926186 0.693193
vt 0.926660 0.841370
vt 0.997069 0.686792
vt 0.926186 0.693193
vt 0.997069 0.686792
vt 0.216425 0.689875
vt 0.128387 0.744950
vt 0.216014 0.744657
vt 0.133086 0.688743
vt 0.131169 0.625062
vt 0.215547 0.626494
vt 0.126047 0.571536
vt 0.227550 0.577400
vt 0.829400 0.992700
vt 0.695825 0.922768
vt 0.748800 0.992700
vt 0.869700 0.922100
vt 0.748800 0.849800
vt 0.840320 0.843000
vt 0.624025 0.264906
vt 0.215644 0.659644
vt 0.128387 0.744950
vt 0.216014 0.744657
vt 0.126400 0.659207
vt 0.213650 0.570717
vt 0.126047 0.571536
vt 0.924700 0.317600
vt 0.988467 0.366500
vt 0.974800 0.311600
vt 0.988467 0.366500
vt 0.584500 0.826000
vt 0.522950 0.717020
vt 0.599962 0.706800
vt 0.006100 0.592800
vt 0.089500 0.750214
vt 0.110850 0.592400
vt 0.006267 0.754133
vt 0.089500 0.750214
vt 0.110850 0.592400
vt 0.997069 0.686792
vt 0.842641 0.693359
vt 0.926186 0.693193
vt 0.842641 0.693359
vt 0.926186 0.693193
vt 0.629687 0.703487
vt 0.506891 0.835959
vt 0.632584 0.846424
vt 0.511575 0.691698
vt 0.629687 0.703487
vt 0.632584 0.846424
vt 0.824467 0.699492
vt 0.818680 0.837970
vt 0.632584 0.846424
vt 0.629687 0.703487
vt 0.958500 0.211600
vt 0.994100 0.354800
vt 0.987500 0.164100
vt 0.937320 0.865157
vt 0.925442 0.988965
vt 0.993964 0.994627
vt 0.991286 0.864886
vt 0.345000 0.127200
vt 0.150100 0.326200
vt 0.178420 0.109540
vt 0.345000 0.278300
vt 0.205900 0.465900
vt 0.484100 0.465900
vt 0.539900 0.326200
vt 0.508300 0.118100
vt 0.215644 0.659644
vt 0.128387 0.744950
vt 0.216014 0.744657
vt 0.126400 0.659207
vt 0.126047 0.571536
vt 0.213650 0.570717
vt 0.215547 0.626494
vt 0.131169 0.625062
vt 0.216425 0.689875
vt 0.133086 0.688743
vt 0.767900 0.096100
vt 0.801050 0.045167
vt 0.759200 0.002400
vt 0.215547 0.626494
vt 0.143537 0.571038
vt 0.213650 0.570717
vt 0.131169 0.625062
vt 0.133086 0.688743
vt 0.216425 0.689875
vt 0.216014 0.744657
vt 0.128387 0.744950
vt 0.002350 1.001400
vt 0.089500 0.750214
vt 0.099800 0.949000
vt 0.006267 0.754133
vt 0.089500 0.750214
vt 0.099800 0.949000
vt 0.975545 0.097036
vt 0.989371 0.021790
vt 0.989371 0.021790
vt 0.900900 0.045900
vt 0.801050 0.045167
vt 0.801050 0.045167
vt 0.831600 0.018400
vt 0.717733 0.024133
vt 0.717733 0.024133
vt 0.624000 0.080400
vt 0.718500 0.182300
vt 0.641600 0.163100
vt 0.725353 0.077273
vt 1.014600 0.183800
vt 1.026500 0.082300
vt 1.014600 0.183800
vt 0.718500 0.182300
vt 0.641600 0.163100
vt 0.583900 0.173600
vt 0.479100 0.047700
vt 0.577650 0.065600
vt 0.520900 0.171600
vt 0.479100 0.047700
vt 0.577650 0.065600
vt 0.126047 0.571536
vt 0.215644 0.659644
vt 0.126400 0.659207
vt 0.279022 0.624645
vt 0.258100 0.700100
vt 0.235086 0.646557
vt 0.329400 0.650300
vt 0.316800 0.701500
vt 0.328000 0.910300
vt 0.406900 0.887300
vt 0.392600 0.864000
vt 0.330400 0.995000
vt 0.302000 0.991600
vt 0.960233 0.590533
vt 0.897946 0.587900
vt 0.973052 0.689230
vt 0.937320 0.865157
vt 0.925442 0.988965
vt 0.953487 0.996600
vt 0.920650 0.883150
vt 0.937320 0.865157
vt 0.953487 0.996600
vt 0.991286 0.864886
vt 0.993964 0.994627
vt 0.241520 0.717680
vt 0.318300 0.551900
vt 0.318300 0.722200
vt 0.246333 0.555467
vt 0.186224 0.714271
vt 0.184225 0.553475
vt 0.109100 0.564500
vt 0.104300 0.722200
vt 0.216014 0.744657
vt 0.133086 0.688743
vt 0.128387 0.744950
vt 0.216425 0.689875
vt 0.215547 0.626494
vt 0.131169 0.625062
vt 0.143537 0.571038
vt 0.213650 0.570717
vt 0.875400 0.993200
vt 0.937320 0.865157
vt 0.872167 0.864917
vt 0.925442 0.988965
vt 0.993964 0.994627
vt 0.991286 0.864886
vt 0.563200 0.696000
vt 0.897946 0.587900
vt 0.842641 0.693359
vt 0.512000 0.580500
vt 0.215644 0.659644
vt 0.126047 0.571536
vt 0.166800 0.844900
vt 0.108400 0.815600
vt 0.584500 0.826000
vt 0.522950 0.717020
vt 0.506891 0.835959
vt 0.599962 0.706800
vt 0.988467 0.366500
vt 0.924700 0.317600
vt 0.974800 0.311600
vt 0.988467 0.366500
vt 0.997260 0.841400
vt 0.926186 0.693193
vt 0.997069 0.686792
vt 0.926660 0.841370
vt 0.926186 0.693193
vt 0.997069 0.686792
vt 0.007900 0.872400
vt 0.019900 0.815600
vt 0.824467 0.699492
vt 0.506891 0.835959
vt 0.511575 0.691698
vt 0.840320 0.843000
vt 0.215547 0.626494
vt 0.126047 0.571536
vt 0.227550 0.577400
vt 0.131169 0.625062
vt 0.216425 0.689875
vt 0.133086 0.688743
vt 0.128387 0.744950
vt 0.216014 0.744657
vt 0.801050 0.045167
vt 0.767900 0.096100
vt 0.759200 0.002400
vt 0.277000 0.826600
vt 0.285100 0.800500
vt 0.657014 0.211857
vt 0.565400 0.264100
vt 0.624025 0.264906
vt 0.626967 0.216900
vt 0.348700 0.566200
vt 0.348500 0.392000
vt 0.213650 0.570717
vt 0.505311 0.392333
vt 0.507225 0.563150
vt 0.229017 0.224633
vt 0.229017 0.224633
vt 0.248750 0.223375
vt 0.049514 0.227093
vt 0.242000 0.263550
vt 0.070175 0.265650
vt 0.451040 0.986260
vt 0.451040 0.986260
vt 0.501950 0.992250
vt 0.354283 0.978183
vt 0.354283 0.978183
vt 0.840320 0.843000
vt 0.926186 0.693193
vt 0.926660 0.841370
vt 0.842641 0.693359
vt 0.926660 0.841370
vt 0.926186 0.693193
vt 0.997260 0.841400
vt 0.997069 0.686792
vt 0.840320 0.843000
vt 0.842641 0.693359
vt 0.506891 0.835959
vt 0.629687 0.703487
vt 0.632584 0.846424
vt 0.511575 0.691698
vt 0.629687 0.703487
vt 0.632584 0.846424
vt 0.824467 0.699492
vt 0.818680 0.837970
vt 0.632584 0.846424
vt 0.629687 0.703487
vt 0.636400 0.759800
vt 0.519500 0.762200
vt 0.632584 0.846424
vt 0.739714 0.755443
vt 0.818680 0.837970
vt 0.632584 0.846424
vt 0.636400 0.759800
vt 0.506891 0.835959
vt 0.519500 0.762200
vt 0.455660 0.265220
vt 0.480100 0.208400
vt 0.379367 0.221733
vt 0.675444 0.209644
vt 0.420300 0.160400
vt 0.716500 0.161800
vt 0.213650 0.570717
vt 0.126400 0.659207
vt 0.126047 0.571536
vt 0.215644 0.659644
vt 0.128387 0.744950
vt 0.216014 0.744657
vt 0.506891 0.835959
vt 0.629687 0.703487
vt 0.511575 0.691698
vt 0.632584 0.846424
vt 0.824467 0.699492
vt 0.818680 0.837970
vt 0.629687 0.703487
vt 0.632584 0.846424
vt 0.511575 0.691698
vt 0.506891 0.835959
vt 0.629687 0.703487
vt 0.632584 0.846424
vt 0.870500 0.276700
vt 0.834900 0.133500
vt 0.863900 0.086100
vt 0.875400 0.993200
vt 0.905843 0.866114
vt 0.925442 0.988965
vt 0.872167 0.864917
vt 0.905843 0.866114
vt 0.925442 0.988965
vt 0.808800 0.182700
vt 0.870800 0.053300
vt 0.867100 0.124200
vt 0.819200 0.067700
vt 0.599962 0.706800
vt 0.522950 0.717020
vt 0.522950 0.717020
vt 0.517290 0.815770
vt 0.602167 0.838700
vt 0.523017 0.835500
vt 0.049514 0.227093
vt 0.248220 0.193280
vt 0.063517 0.193667
vt 0.920650 0.883150
vt 0.937320 0.865157
vt 0.953760 0.864460
vt 0.991286 0.864886
vt 0.926186 0.693193
vt 0.842641 0.693359
vt 0.926186 0.693193
vt 0.997069 0.686792
vt 0.842641 0.693359
vt 0.700800 0.375327
vt 0.679456 0.277494
vt 0.624025 0.264906
vt 0.925442 0.988965
vt 0.937320 0.865157
vt 0.925442 0.988965
vt 0.937320 0.865157
vt 0.419667 0.984400
vt 0.494300 0.784300
vt 0.416333 0.778867
vt 0.501950 0.992250
vt 0.444033 0.112833
vt 0.565000 0.065400
vt 0.568400 0.131450
vt 0.447955 0.002664
vt 0.268350 0.425350
vt 0.507225 0.563150
vt 0.246333 0.555467
vt 0.259200 0.074650
vt 0.138600 0.154800
vt 0.214475 0.129175
vt 0.140500 0.075700
vt 0.020900 0.340050
vt 0.105140 0.362000
vt 0.020900 0.277650
vt 0.125067 0.400925
vt 0.937320 0.865157
vt 0.875400 0.993200
vt 0.872167 0.864917
vt 0.925442 0.988965
vt 0.993964 0.994627
vt 0.991286 0.864886
vt 0.748800 0.992700
vt 0.869700 0.922100
vt 0.829400 0.992700
vt 0.695825 0.922768
vt 0.840320 0.843000
vt 0.748800 0.849800
vt 0.002350 1.001400
vt 0.089500 0.750214
vt 0.006267 0.754133
vt 0.084700 0.997500
vt 0.346900 0.759000
vt 0.354283 0.978183
vt 0.517290 0.815770
vt 0.523017 0.835500
vt 0.522950 0.717020
vt 0.522950 0.717020
vt 0.801700 0.345600
vt 0.721400 0.382500
vt 0.804700 0.402800
vt 0.724300 0.326500
vt 0.437700 0.384000
vt 0.449900 0.313700
vt 0.483467 0.007467
vt 0.344800 0.209100
vt 0.480400 0.170500
vt 0.207600 0.009600
vt 0.207600 0.170500
vt 0.866900 0.567017
vt 0.988176 0.665529
vt 0.976221 0.582443
vt 0.874311 0.684300
vt 0.866900 0.567017
vt 0.986900 0.631900
vt 0.976221 0.582443
vt 0.874311 0.684300
vt 0.960233 0.590533
vt 0.944900 0.675900
vt 0.989862 0.600823
vt 0.695825 0.922768
vt 0.567620 0.995240
vt 0.650838 0.994963
vt 0.526570 0.923010
vt 0.568050 0.850975
vt 0.651025 0.850825
vt 0.758500 0.035700
vt 0.666100 0.129800
vt 0.739000 0.136400
vt 0.675200 0.015400
vt 0.413500 0.135700
vt 0.391500 0.016900
vt 0.690000 0.296000
vt 0.184225 0.553475
vt 0.196729 0.501400
vt 0.196729 0.501400
vt 0.235200 0.500800
vt 0.246333 0.555467
vt 0.024800 0.023900
vt 0.167200 0.023900
vt 0.096400 0.005000
vt 0.018967 0.068200
vt 0.170843 0.076786
vt 0.342245 0.008755
vt 0.379367 0.221733
vt 0.437000 -0.020750
vt 0.299729 0.216657
vt 0.946915 0.276800
vt 1.003225 0.276725
vt 0.975545 0.097036
vt 0.926344 0.376044
vt 0.725353 0.077273
vt 0.900782 0.074073
vt 0.215060 0.193440
vt 0.170843 0.076786
vt 0.095600 0.100900
vt 0.323467 0.217100
vt 0.766900 0.816400
vt 0.748950 0.784700
vt 0.731417 0.819567
vt 0.748950 0.784700
vt 0.739714 0.755443
vt 0.766900 0.753700
vt 0.757125 0.718900
vt 0.757125 0.718900
vt 0.607600 0.352700
vt 0.547300 0.132000
vt 0.675444 0.209644
vt 0.544500 0.260000
vt 0.448917 0.077383
vt 0.664750 -0.004000
vt 0.685050 0.074200
vt 0.447955 0.002664
vt 0.654460 0.807480
vt 0.697167 0.716700
vt 0.649900 0.743767
vt 0.697133 0.825400
vt 0.090300 0.072167
vt 0.176375 0.398113
vt 0.170843 0.076786
vt 0.023747 0.400627
vt -0.029750 0.365100
vt 0.010040 0.146000
vt 0.560050 0.008000
vt 0.419650 0.085700
vt 0.447955 0.002664
vt 0.514917 0.082067
vt 0.124400 -0.003950
vt 0.215060 0.193440
vt 0.163900 0.173600
vt 0.182100 0.001600
vt 0.511575 0.691698
vt 0.613707 0.821286
vt 0.506891 0.835959
vt 0.613887 0.688450
vt 0.795283 0.814770
vt 0.794972 0.686889
vt 0.613887 0.688450
vt 0.613707 0.821286
vt 0.511575 0.691698
vt 0.506891 0.835959
vt 0.897946 0.587900
vt 0.897946 0.587900
vt 0.568050 0.850975
vt 0.695825 0.922768
vt 0.651025 0.850825
vt 0.526570 0.923010
vt 0.505867 0.151400
vt 0.450633 0.346333
vt 0.455736 0.164336
vt 0.505400 0.327000
vt 0.915500 -0.027000
vt 0.875100 0.886700
vt 0.867580 -0.015720
vt 0.920650 0.883150
vt 0.945730 -0.018540
vt 0.955900 0.886700
vt 0.996300 0.886700
vt 0.985333 -0.017600
vt 0.511575 0.691698
vt 0.654460 0.807480
vt 0.517290 0.815770
vt 0.655775 0.687600
vt 0.795283 0.814770
vt 0.794972 0.686889
vt 0.654460 0.807480
vt 0.655775 0.687600
vt 0.517290 0.815770
vt 0.511575 0.691698
vt 0.623022 0.158033
vt 0.562700 0.309500
vt 0.623100 0.330300
vt 0.562700 0.151600
vt 0.505867 0.151400
vt 0.505400 0.327000
vt 0.731417 0.819567
vt 0.629687 0.703487
vt 0.613707 0.821286
vt 0.724900 0.718300
vt 0.030044 0.133956
vt 0.237100 0.068700
vt 0.018967 0.068200
vt 0.214475 0.129175
vt 0.628500 0.384600
vt 0.545933 0.339933
vt 0.548700 0.384600
vt 0.623100 0.330300
vt 0.514917 0.082067
vt 0.196729 0.501400
vt 0.480300 0.497450
vt 0.170843 0.076786
vt 0.182100 0.001600
vt 0.483467 0.007467
vt 0.523017 0.835500
vt 0.824467 0.699492
vt 0.511575 0.691698
vt 0.818680 0.837970
vt 0.613887 0.688450
vt 0.613707 0.821286
vt 0.506891 0.835959
vt 0.945730 -0.018540
vt 0.975000 0.868800
vt 0.985333 -0.017600
vt 0.937320 0.865157
vt 0.867580 -0.015720
vt 0.872167 0.864917
vt 0.905843 0.866114
vt 0.897900 -0.012900
vt 0.937320 0.865157
vt 0.945730 -0.018540
vt 0.991286 0.864886
vt 0.985333 -0.017600
vt 0.023747 0.400627
vt 0.178420 0.109540
vt 0.176375 0.398113
vt 0.027400 0.103200
vt 0.626967 0.216900
vt 0.603200 0.010100
vt 0.323467 0.217100
vt 0.010040 0.146000
vt 0.186200 0.230600
vt 0.019900 0.230700
vt 0.188700 0.151300
vt 0.470500 0.127400
vt 0.623022 0.158033
vt 0.610100 0.127400
vt 0.455736 0.164336
vt 0.624025 0.264906
vt 0.455660 0.265220
vt 0.470500 0.300400
vt 0.610100 0.300400
vt 0.237100 0.068700
vt 0.440480 0.220420
vt 0.448917 0.077383
vt 0.248750 0.223375
vt 0.342245 0.008755
vt 0.657014 0.211857
vt 0.621700 0.002500
vt 0.299729 0.216657
vt 0.538200 0.220100
vt 0.545933 0.339933
vt 0.440480 0.220420
vt 0.538200 0.089500
vt 0.448917 0.077383
vt 0.474800 0.421900
vt 0.196729 0.501400
vt 0.480300 0.497450
vt 0.201900 0.421900
vt 0.613707 0.821286
vt 0.511575 0.691698
vt 0.506891 0.835959
vt 0.613887 0.688450
vt 0.795283 0.814770
vt 0.794972 0.686889
vt 0.613887 0.688450
vt 0.613707 0.821286
vt 0.511575 0.691698
vt 0.506891 0.835959
vt 0.511575 0.691698
vt 0.654460 0.807480
vt 0.517290 0.815770
vt 0.655775 0.687600
vt 0.795283 0.814770
vt 0.794972 0.686889
vt 0.654460 0.807480
vt 0.655775 0.687600
vt 0.517290 0.815770
vt 0.511575 0.691698
vt 0.450633 0.346333
vt 0.455736 0.164336
vt 0.215060 0.193440
vt 0.124400 -0.003950
vt 0.163900 0.173600
vt 0.182100 0.001600
vt 0.650838 0.994963
vt 0.526570 0.923010
vt 0.567620 0.995240
vt 0.695825 0.922768
vt 0.568050 0.850975
vt 0.651025 0.850825
vt 0.419650 0.085700
vt 0.560050 0.008000
vt 0.447955 0.002664
vt 0.514917 0.082067
vt 0.023747 0.400627
vt 0.030044 0.133956
vt 0.176375 0.398113
vt -0.029750 0.365100
vt 0.010040 0.146000
vt 0.090300 0.072167
vt 0.170843 0.076786
vt 0.172100 0.138100
vt 0.697133 0.825400
vt 0.649900 0.743767
vt 0.654460 0.807480
vt 0.697167 0.716700
vt 0.664750 -0.004000
vt 0.448917 0.077383
vt 0.685050 0.074200
vt 0.447955 0.002664
vt 0.748950 0.784700
vt 0.731417 0.819567
vt 0.748950 0.784700
vt 0.739714 0.755443
vt 0.739714 0.755443
vt 0.757125 0.718900
vt 0.650838 0.994963
vt 0.526570 0.923010
vt 0.567620 0.995240
vt 0.695825 0.922768
vt 0.568050 0.850975
vt 0.651025 0.850825
vt 0.278940 0.722300
vt 0.357917 0.625550
vt 0.357833 0.722300
vt 0.436400 0.722350
vt 0.279022 0.624645
vt 0.357917 0.625550
vt 0.357833 0.722300
vt 0.031162 0.571394
vt 0.155156 0.404262
vt 0.126047 0.571536
vt 0.004530 0.405850
vt 0.052367 0.570433
vt 0.155156 0.404262
vt 0.126047 0.571536
vt 0.004530 0.405850
vt 0.072600 0.569700
vt 0.176375 0.398113
vt 0.143537 0.571038
vt 0.023747 0.400627
vt 0.052367 0.570433
vt 0.155156 0.404262
vt 0.126047 0.571536
vt 0.004530 0.405850
vt 0.031162 0.571394
vt 0.155156 0.404262
vt 0.143537 0.571038
vt 0.023747 0.400627
vt 0.031162 0.571394
vt 0.136000 0.427200
vt 0.126047 0.571536
vt 0.023450 0.426950
vt 0.017453 0.456700
vt 0.162173 0.525733
vt 0.160193 0.457207
vt 0.015360 0.525107
vt 0.017453 0.456700
vt 0.160193 0.457207
vt 0.015360 0.525107
vt 0.162173 0.525733
vt 0.357917 0.625550
vt 0.357833 0.722300
vt 0.436400 0.722350
vt 0.278940 0.722300
vt 0.279022 0.624645
vt 0.357917 0.625550
vt 0.357833 0.722300
vt 0.004530 0.405850
vt 0.109100 0.564500
vt 0.031162 0.571394
vt 0.125067 0.400925
vt 0.004530 0.405850
vt 0.109100 0.564500
vt 0.031162 0.571394
vt 0.125067 0.400925
vt 0.874311 0.684300
vt 0.989862 0.600823
vt 0.875383 0.591397
vt 0.988176 0.665529
vt 0.989862 0.600823
vt 0.875383 0.591397
vt 0.988176 0.665529
vt 0.874311 0.684300
vt 0.015360 0.525107
vt 0.162173 0.525733
vt 0.976221 0.582443
vt 0.874311 0.684300
vt 0.875383 0.591397
vt 0.973052 0.689230
vt 0.875383 0.591397
vt 0.976221 0.582443
vt 0.973052 0.689230
vt 0.874311 0.684300
vt 0.875383 0.591397
vt 0.976221 0.582443
vt 0.976221 0.582443
vt 0.874311 0.684300
vt 0.875383 0.591397
vt 0.973052 0.689230
vt 0.875383 0.591397
vt 0.976221 0.582443
vt 0.874311 0.684300
vt 0.973052 0.689230
vt 0.875383 0.591397
vt 0.976221 0.582443
vt 0.031162 0.571394
vt 0.136000 0.427200
vt 0.126047 0.571536
vt 0.023450 0.426950
vt 0.357833 0.722300
vt 0.279022 0.624645
vt 0.278940 0.722300
vt 0.357917 0.625550
vt 0.436600 0.625600
vt 0.162173 0.525733
vt 0.017453 0.456700
vt 0.015360 0.525107
vt 0.160193 0.457207
vt 0.023747 0.400627
vt 0.143537 0.571038
vt 0.052367 0.570433
vt 0.176375 0.398113
vt 0.031162 0.571394
vt 0.155156 0.404262
vt 0.004530 0.405850
vt 0.126047 0.571536
vt 0.125067 0.400925
vt 0.031162 0.571394
vt 0.004530 0.405850
vt 0.126047 0.571536
vt 0.023747 0.400627
vt 0.143537 0.571038
vt 0.031162 0.571394
vt 0.155156 0.404262
vt 0.023747 0.400627
vt 0.126047 0.571536
vt 0.031162 0.571394
vt 0.155156 0.404262
vt 0.155156 0.404262
vt 0.052367 0.570433
vt 0.004530 0.405850
vt 0.126047 0.571536
vt 0.155156 0.404262
vt 0.031162 0.571394
vt 0.023747 0.400627
vt 0.126047 0.571536
vt 0.189382 0.617364
vt 0.152536 0.739145
vt 0.151200 0.590785
vt 0.186224 0.714271
vt 0.186224 0.714271
vt 0.151200 0.590785
vt 0.189382 0.617364
vt 0.152536 0.739145
vt 0.186224 0.714271
vt 0.151200 0.590785
vt 0.189382 0.617364
vt 0.152536 0.739145
vt 0.186224 0.714271
vt 0.151200 0.590785
vt 0.189382 0.617364
vt 0.152536 0.739145
vt 0.502200 0.651400
vt 0.233250 0.618250
vt 0.227550 0.577400
vt 0.235086 0.646557
vt 0.501900 0.740700
vt 0.233733 0.735300
vt 0.235086 0.646557
vt 0.502200 0.651400
vt 0.233250 0.618250
vt 0.227550 0.577400
vt 0.052367 0.570433
vt 0.155156 0.404262
vt 0.126047 0.571536
vt 0.004530 0.405850
vt 0.233733 0.735300
vt 0.464600 0.585200
vt 0.464600 0.737733
vt 0.233250 0.618250
vt 0.233250 0.618250
vt 0.464600 0.622400
vt 0.464600 0.737733
vt 0.241520 0.717680
vt 0.233250 0.618250
vt 0.464600 0.622400
vt 0.464600 0.585200
vt 0.233250 0.618250
vt 0.233733 0.735300
vt 0.464600 0.737733
vt 0.152536 0.739145
vt 0.189382 0.617364
vt 0.186224 0.714271
vt 0.151200 0.590785
vt 0.152536 0.739145
vt 0.189382 0.617364
vt 0.186224 0.714271
vt 0.151200 0.590785
vt 0.186224 0.714271
vt 0.151200 0.590785
vt 0.189382 0.617364
vt 0.152536 0.739145
vt 0.186224 0.714271
vt 0.151200 0.590785
vt 0.189382 0.617364
vt 0.152536 0.739145
vt 0.031162 0.571394
vt 0.155156 0.404262
vt 0.023747 0.400627
vt 0.126047 0.571536
vt 0.052367 0.570433
vt 0.155156 0.404262
vt 0.004530 0.405850
vt 0.126047 0.571536
vt 0.023747 0.400627
vt 0.126047 0.571536
vt 0.155156 0.404262
vt 0.031162 0.571394
vt 0.023747 0.400627
vt 0.143537 0.571038
vt 0.155156 0.404262
vt 0.031162 0.571394
vt 0.023747 0.400627
vt 0.143537 0.571038
vt 0.176375 0.398113
vt 0.052367 0.570433
vt 0.052367 0.570433
vt 0.155156 0.404262
vt 0.004530 0.405850
vt 0.126047 0.571536
vt 0.031162 0.571394
vt 0.125067 0.400925
vt 0.004530 0.405850
vt 0.126047 0.571536
vt 0.279022 0.624645
vt 0.357833 0.722300
vt 0.278940 0.722300
vt 0.357917 0.625550
vt 0.436600 0.625600
vt 0.136000 0.427200
vt 0.031162 0.571394
vt 0.126047 0.571536
vt 0.023450 0.426950
vt 0.875383 0.591397
vt 0.973052 0.689230
vt 0.976221 0.582443
vt 0.874311 0.684300
vt 0.976221 0.582443
vt 0.875383 0.591397
vt 0.874311 0.684300
vt 0.973052 0.689230
vt 0.875383 0.591397
vt 0.976221 0.582443
vt 0.973052 0.689230
vt 0.875383 0.591397
vt 0.976221 0.582443
vt 0.874311 0.684300
vt 0.875383 0.591397
vt 0.976221 0.582443
vt 0.973052 0.689230
vt 0.874311 0.684300
vt 0.976221 0.582443
vt 0.875383 0.591397
vt 0.015360 0.525107
vt 0.160193 0.457207
vt 0.162173 0.525733
vt 0.017453 0.456700
vt 0.988176 0.665529
vt 0.875383 0.591397
vt 0.989862 0.600823
vt 0.874311 0.684300
vt 0.989862 0.600823
vt 0.875383 0.591397
vt 0.988176 0.665529
vt 0.874311 0.684300
vt 0.031162 0.571394
vt 0.136000 0.427200
vt 0.023450 0.426950
vt 0.126047 0.571536
vt 0.160193 0.457207
vt 0.015360 0.525107
vt 0.162173 0.525733
vt 0.017453 0.456700
vt 0.162173 0.525733
vt 0.015360 0.525107
vt 0.017453 0.456700
vt 0.160193 0.457207
vt 0.015360 0.525107
vt 0.162173 0.525733
vt 0.155156 0.404262
vt 0.031162 0.571394
vt 0.143537 0.571038
vt 0.023747 0.400627
vt 0.155156 0.404262
vt 0.052367 0.570433
vt 0.126047 0.571536
vt 0.004530 0.405850
vt 0.176375 0.398113
vt 0.072600 0.569700
vt 0.143537 0.571038
vt 0.023747 0.400627
vt 0.109100 0.564500
vt 0.004530 0.405850
vt 0.031162 0.571394
vt 0.125067 0.400925
vt 0.155156 0.404262
vt 0.052367 0.570433
vt 0.126047 0.571536
vt 0.004530 0.405850
vt 0.109100 0.564500
vt 0.004530 0.405850
vt 0.031162 0.571394
vt 0.125067 0.400925
vt 0.976221 0.582443
vt 0.866900 0.567017
vt 0.995800 0.397100
vt 0.860200 0.405700
vt 0.866900 0.567017
vt 0.995800 0.397100
vt 0.860200 0.405700
vt 0.976221 0.582443
vt 0.510700 0.407900
vt 0.507225 0.563150
vt 0.835443 0.405829
vt 0.832800 0.564800
vn 0.7202 0.4126 -0.5578
vn 0.4607 0.4112 -0.7866
vn 0.0081 0.4986 -0.8668
vn -0.7084 0.4142 -0.5715
vn -0.4212 0.4098 -0.8091
vn 0.8435 0.3305 -0.4235
vn 0.8908 -0.2099 -0.4029
vn 0.9498 0.3124 -0.0187
vn 0.9470 0.3209 -0.0160
vn 0.8313 0.4119 0.3732
vn 0.8848 -0.1456 0.4426
vn 0.9207 -0.1806 0.3461
vn 0.9919 -0.1262 0.0160
vn 0.9919 -0.1260 0.0162
vn 0.9238 -0.2274 -0.3079
vn -0.0038 0.9837 0.1798
vn 0.0097 0.0312 -0.9995
vn 0.0098 0.0311 -0.9995
vn -0.8371 -0.1609 0.5228
vn 0.9096 -0.2443 0.3360
vn 0.9074 -0.2454 0.3412
vn 0.0091 -0.4340 -0.9009
vn 0.0091 -0.4340 -0.9008
vn -0.9145 -0.3670 -0.1700
vn -0.9926 -0.1048 0.0616
vn -0.9926 -0.1051 0.0616
vn -0.9274 0.0280 0.3729
vn -0.8912 0.1109 0.4398
vn -0.8270 0.5489 0.1213
vn -0.9486 0.2649 -0.1733
vn -0.9513 0.2560 -0.1717
vn -0.8440 0.0515 -0.5339
vn -0.8781 -0.4024 -0.2589
vn 0.0008 0.9971 -0.0758
vn 0.0011 -0.4559 0.8900
vn -0.0087 -0.4536 0.8912
vn -0.0008 -0.9971 0.0758
vn 0.0078 -0.6005 -0.7996
vn -1.0000 -0.0000 -0.0065
vn 1.0000 0.0003 0.0065
vn 1.0000 0.0001 0.0066
vn -1.0000 0.0001 -0.0065
vn -1.0000 0.0000 -0.0064
vn -0.8485 -0.3980 -0.3488
vn -0.8529 -0.3934 -0.3432
vn -0.8535 0.3981 0.3362
vn -0.8578 0.3935 0.3306
vn 0.3576 0.7089 0.6080
vn 0.3516 0.7101 0.6100
vn 1.0000 -0.0000 0.0064
vn -0.9592 -0.2286 -0.1661
vn -0.9604 -0.2264 -0.1623
vn -0.8715 0.1274 -0.4735
vn -0.8210 0.1324 -0.5554
vn -0.9626 0.2496 0.1058
vn -0.9870 0.1263 0.0996
vn -0.9979 0.0530 0.0380
vn -0.9980 0.0549 0.0312
vn -0.9170 0.3128 -0.2477
vn -0.7624 0.5187 -0.3869
vn -0.5561 0.8272 -0.0806
vn -0.8578 -0.3948 0.3293
vn -0.8552 -0.3985 0.3316
vn -0.8528 0.3962 -0.3402
vn -0.8482 0.4026 -0.3441
vn 0.3602 0.7148 -0.5994
vn 0.3688 0.7116 -0.5980
vn 1.0000 -0.0015 0.0074
vn 1.0000 0.0000 0.0065
vn -0.9995 -0.0164 -0.0261
vn -0.9995 -0.0167 -0.0262
vn 0.5957 -0.5198 -0.6124
vn 0.5991 -0.5159 -0.6123
vn 0.5307 0.5425 0.6512
vn 0.5340 0.5392 0.6513
vn -0.2328 0.4044 0.8845
vn -0.3118 0.4304 0.8471
vn 0.2988 0.4307 0.8516
vn 0.2181 0.4047 0.8881
vn -0.0076 -0.6313 0.7755
vn -0.0238 -0.6236 0.7814
vn -0.0074 -0.6524 0.7578
vn 0.5718 0.5005 -0.6501
vn 0.5731 0.4997 -0.6496
vn 0.5604 -0.5014 0.6592
vn 0.5616 -0.5006 0.6588
vn 0.0015 -0.9873 -0.1585
vn 0.0015 -0.9873 -0.1587
vn -0.0087 0.4552 0.8903
vn -0.0026 0.9648 0.2630
vn -0.0025 0.9648 0.2630
vn 0.0053 0.8457 -0.5336
vn 0.0054 0.8457 -0.5336
vn 0.0068 -0.7169 -0.6971
vn 0.0098 0.0516 -0.9986
vn 0.0099 0.0515 -0.9986
vn -0.0037 0.9277 0.3734
vn -0.0098 0.1212 0.9926
vn -0.0055 -0.8267 0.5627
vn 0.0037 -0.9277 -0.3734
vn 0.0098 -0.1213 -0.9926
vn 0.0097 -0.1212 -0.9926
vn 0.0088 -0.4250 -0.9052
vn 0.0089 -0.4250 -0.9051
vn 0.0086 0.4843 -0.8748
vn 0.0087 0.4843 -0.8748
vn 0.0006 0.9981 -0.0614
vn -0.0049 0.8669 0.4985
vn 0.0008 0.9967 -0.0808
vn 0.0071 0.6939 -0.7200
vn 0.0064 0.7615 -0.6482
vn -0.0077 -0.6219 0.7831
vn -0.0077 -0.6219 0.7830
vn -0.0054 -0.8389 0.5442
vn -0.0054 -0.8390 0.5442
vn -0.0028 -0.9590 0.2833
vn 0.0092 -0.3477 -0.9376
vn 0.0092 -0.3476 -0.9376
vn -0.8578 -0.3944 0.3296
vn -0.8528 -0.4015 0.3340
vn -0.8528 0.3960 -0.3404
vn -0.8489 0.4015 -0.3437
vn 0.3610 0.7144 -0.5995
vn 0.3687 0.7115 -0.5982
vn 1.0000 -0.0001 0.0066
vn 0.3515 0.7101 0.6101
vn 0.3576 0.7089 0.6079
vn -0.8579 0.3933 0.3305
vn -0.8530 -0.3933 -0.3431
vn -0.8485 -0.3980 -0.3487
vn -0.9973 -0.0732 -0.0008
vn 0.0000 0.9970 -0.0772
vn 0.0022 0.6005 0.7996
vn -0.0079 0.5984 0.8011
vn -0.0079 0.5985 0.8011
vn -0.0178 0.6005 0.7994
vn 1.0000 0.0000 0.0066
vn 1.0000 -0.0001 0.0065
vn 0.9922 0.1228 -0.0212
vn 0.9237 0.3532 -0.1484
vn 0.9944 0.0839 0.0644
vn 0.9919 0.1270 -0.0065
vn 0.0087 0.4559 -0.8900
vn 0.0088 0.4558 -0.8900
vn 0.0087 0.4558 -0.8900
vn 0.8782 0.1271 -0.4612
vn 0.8292 0.1320 -0.5431
vn 0.9614 -0.2286 -0.1533
vn 0.9625 -0.2265 -0.1496
vn -0.2879 -0.4553 0.8425
vn -0.0081 -0.5633 0.8262
vn 0.2746 -0.4556 0.8467
vn 0.0078 -0.6006 -0.7995
vn -0.0007 -0.9971 0.0758
vn -0.0185 -0.4558 0.8899
vn -1.0000 -0.0006 -0.0065
vn 0.8849 0.1111 0.4524
vn 0.9221 0.0281 0.3858
vn -0.9980 0.0037 0.0623
vn -0.9975 0.0255 0.0662
vn -0.8389 0.1850 0.5119
vn -0.7021 0.4169 0.5772
vn 1.0000 -0.0016 0.0066
vn 0.8119 0.5159 0.2733
vn 0.9917 -0.1052 0.0744
vn 0.9512 0.2619 -0.1633
vn 0.9537 0.2572 -0.1561
vn 0.8518 0.0514 -0.5213
vn 0.8817 -0.4019 -0.2471
vn 0.9168 -0.3667 -0.1579
vn 0.9917 -0.1050 0.0745
vn 0.7015 0.3476 0.6222
vn 0.7293 0.1551 0.6663
vn 0.8886 0.1071 0.4459
vn 0.8716 0.0507 0.4876
vn -0.8943 -0.4203 0.1534
vn -0.8926 0.4196 -0.1651
vn -0.9922 0.1226 -0.0242
vn -0.9916 0.1258 -0.0288
vn -0.9880 -0.1533 0.0206
vn -0.7043 0.7039 -0.0923
vn -0.8065 -0.5695 0.1588
vn -0.8516 -0.4979 0.1637
vn -0.8014 -0.3612 0.4768
vn -0.8237 0.0513 0.5647
vn -0.0990 0.0844 -0.9915
vn -0.7309 -0.0353 -0.6816
vn -0.8368 -0.3118 -0.4501
vn -0.5862 -0.2737 -0.7625
vn -0.3939 0.8727 0.2884
vn -0.5272 0.8400 -0.1282
vn -0.0010 0.9997 0.0234
vn -0.7831 0.0188 -0.6216
vn -0.7762 0.0045 -0.6305
vn -0.1272 -0.9574 -0.2594
vn -0.8596 -0.3440 -0.3779
vn 0.0077 -0.6780 -0.7350
vn 0.0077 -0.6781 -0.7350
vn -0.3211 0.0256 -0.9467
vn -0.5782 0.6341 -0.5135
vn -0.7134 0.6929 -0.1047
vn -0.5600 0.8277 -0.0358
vn -0.0004 0.9992 -0.0389
vn 0.5595 0.8284 -0.0286
vn 0.7141 0.6935 -0.0954
vn -0.6253 -0.6830 -0.3774
vn -0.5975 -0.3743 -0.7092
vn -0.6144 -0.0487 -0.7875
vn -0.5104 0.0922 -0.8550
vn -0.4251 0.5134 -0.7455
vn -0.6900 0.2946 -0.6611
vn -0.1516 0.4047 -0.9018
vn -0.1743 0.3855 -0.9061
vn 0.1912 0.3853 -0.9028
vn 0.1684 0.4044 -0.8989
vn 0.7004 0.2945 -0.6501
vn 0.4379 0.5129 -0.7384
vn 0.5254 0.0926 -0.8458
vn 0.6278 -0.0478 -0.7769
vn 0.6101 -0.3727 -0.6992
vn 0.6326 -0.6811 -0.3686
vn -0.7763 0.0655 -0.6269
vn -0.6720 0.3415 -0.6571
vn 0.0083 0.4640 -0.8858
vn -0.9854 -0.1413 0.0947
vn -0.9091 0.1586 0.3853
vn -0.9992 0.0274 0.0282
vn -0.9994 -0.0343 0.0065
vn -0.7550 -0.2678 -0.5985
vn -0.7877 -0.2324 -0.5705
vn -0.9856 -0.1686 -0.0092
vn -0.9923 -0.1238 -0.0032
vn -0.5519 0.3901 -0.7371
vn -0.5613 0.3896 -0.7301
vn -0.8496 -0.1493 0.5058
vn -0.2537 0.8103 0.5282
vn -0.9865 -0.1602 0.0329
vn -0.9788 -0.1997 -0.0457
vn -0.9759 0.2168 -0.0231
vn -0.9769 0.2111 -0.0329
vn 0.6227 -0.2035 -0.7556
vn 0.6435 -0.1963 -0.7399
vn 0.6324 -0.0595 0.7724
vn 0.6047 -0.0651 0.7938
vn -0.9151 0.3984 -0.0618
vn -0.6567 0.1022 0.7472
vn 0.0028 0.9351 -0.3545
vn -0.0028 -0.9351 0.3545
vn -0.2930 0.9522 -0.0859
vn 0.3999 0.8993 -0.1772
vn -0.7907 0.5992 -0.1251
vn -0.6943 0.4552 0.5574
vn 0.1643 0.0035 -0.9864
vn 0.0096 0.1521 -0.9883
vn -0.4223 -0.1146 -0.8992
vn -0.4773 -0.1198 -0.8705
vn -0.4457 -0.5594 -0.6989
vn -0.3520 -0.5956 -0.7221
vn 0.0068 -0.7749 -0.6321
vn 0.1297 -0.7006 -0.7016
vn -0.1167 0.9295 -0.3499
vn -0.2144 0.9147 -0.3425
vn -0.2077 0.8981 -0.3876
vn 0.3223 0.7387 0.5919
vn 0.3332 0.7390 0.5856
vn -0.8202 0.4712 0.3246
vn -0.8658 0.3942 0.3082
vn -0.8241 -0.4407 -0.3558
vn -0.8067 -0.4661 -0.3634
vn 0.3367 -0.7287 -0.5964
vn 0.3804 -0.7240 -0.5754
vn 0.3755 -0.3197 -0.8700
vn 0.3769 -0.3197 -0.8693
vn -0.8545 -0.1776 -0.4882
vn -0.8557 -0.1767 -0.4865
vn -0.8617 0.1759 0.4760
vn -0.8630 0.1748 0.4740
vn 0.3587 0.3199 0.8769
vn 0.3601 0.3199 0.8763
vn 1.0000 0.0006 0.0065
vn 0.0772 0.9696 0.2323
vn -0.7794 0.3714 0.5045
vn -0.0640 -0.9491 0.3083
vn -0.1136 -0.9247 0.3634
vn 1.0000 0.0012 0.0082
vn 1.0000 0.0014 0.0081
vn -0.0024 -0.9474 0.3200
vn 0.2138 -0.9115 0.3514
vn 0.9961 0.0533 0.0697
vn 0.9999 0.0139 0.0008
vn 0.9966 0.0816 -0.0065
vn 0.9998 0.0051 0.0185
vn 0.2440 -0.9292 0.2775
vn 0.2437 -0.9388 0.2433
vn -0.2393 -0.6757 -0.6973
vn -0.2657 -0.6486 -0.7132
vn -0.4265 0.5759 -0.6975
vn -0.4230 0.5545 -0.7167
vn -0.0092 0.4070 0.9134
vn -0.0092 0.4071 0.9133
vn 0.8251 0.5493 0.1320
vn 0.0012 0.9663 0.2573
vn 0.0014 0.9663 0.2575
vn 0.4173 0.0535 0.9072
vn 0.4050 0.0822 0.9106
vn -0.7861 0.2402 0.5695
vn -0.6328 0.5823 0.5104
vn 0.4404 -0.3836 -0.8117
vn 0.4704 -0.5598 -0.6822
vn -0.1206 -0.9233 0.3647
vn 0.4763 -0.7512 0.4570
vn -0.5875 -0.3754 -0.7168
vn -0.1888 -0.6036 -0.7746
vn 0.2097 -0.6018 -0.7706
vn 0.6057 -0.3730 -0.7028
vn 0.3265 0.9450 0.0181
vn 0.3484 0.9370 0.0271
vn -0.8206 0.5703 0.0375
vn -0.8655 0.5008 0.0044
vn -0.8257 -0.5639 -0.0162
vn -0.8098 -0.5862 -0.0249
vn 0.3296 -0.9441 -0.0009
vn 0.3806 -0.9246 -0.0148
vn 0.3451 0.8687 -0.3553
vn 0.3516 0.8667 -0.3539
vn -0.8434 0.4942 -0.2108
vn -0.8383 0.5012 -0.2145
vn -0.8458 -0.4956 0.1976
vn -0.8416 -0.5015 0.2008
vn 0.3411 -0.8672 0.3628
vn 0.3462 -0.8656 0.3617
vn -0.4695 0.2179 0.8556
vn 0.8925 -0.4197 0.1651
vn 0.8943 0.4204 -0.1534
vn -0.3994 -0.3884 0.8304
vn -0.2183 -0.2138 0.9522
vn -0.1379 0.1091 0.9844
vn -0.0097 0.1936 0.9810
vn 0.1186 0.1094 0.9869
vn 0.2002 -0.2139 0.9561
vn 0.3845 -0.3888 0.8373
vn -0.9686 -0.1578 0.1919
vn -0.6424 0.4741 -0.6022
vn -0.6424 0.4740 -0.6022
vn 0.6689 0.4643 -0.5805
vn 0.9611 -0.1683 0.2190
vn -0.0204 -0.6215 0.7832
vn -0.0204 -0.6214 0.7832
vn -0.7816 0.3876 0.4887
vn -0.4909 -0.6940 0.5267
vn -0.4606 -0.6617 0.5916
vn -0.8799 -0.3268 -0.3449
vn -0.8664 -0.3908 -0.3108
vn -0.0715 0.4938 -0.8667
vn -0.1478 0.4748 -0.8676
vn -0.1515 -0.3748 -0.9146
vn 0.0092 -0.4272 -0.9041
vn 0.1698 -0.3742 -0.9117
vn 0.0056 0.7795 -0.6263
vn 0.5861 0.6336 -0.5050
vn 0.3389 0.0259 -0.9405
vn 0.1181 0.0845 -0.9894
vn 0.7417 -0.0344 -0.6699
vn 0.8438 -0.3101 -0.4381
vn 0.5996 -0.2722 -0.7526
vn -0.1632 0.9471 0.2764
vn -0.1597 0.9486 0.2734
vn -0.1566 0.9838 -0.0878
vn -0.1738 0.9813 -0.0828
vn 0.1738 0.9815 -0.0806
vn 0.1568 0.9839 -0.0857
vn 0.1530 0.9491 0.2755
vn 0.1565 0.9476 0.2785
vn -0.1473 0.6215 0.7694
vn -0.2735 0.4432 0.8537
vn 0.2565 0.4442 0.8584
vn 0.1314 0.6222 0.7718
vn 0.7135 -0.0141 0.7005
vn 0.6733 -0.0397 0.7383
vn 0.7676 0.6341 -0.0929
vn 0.7626 0.6351 -0.1229
vn -0.0061 0.8289 0.5594
vn 0.0675 -0.9687 0.2387
vn -0.0004 -0.9933 0.1156
vn -0.0726 -0.9686 0.2377
vn -0.0093 -0.2469 0.9690
vn -0.0074 -0.5994 0.8004
vn 0.0073 -0.7258 -0.6879
vn 0.0073 -0.7257 -0.6879
vn -0.0105 -0.6289 0.7774
vn -0.8970 0.2748 -0.3462
vn -0.8970 0.2748 -0.3461
vn 0.9037 0.2725 -0.3303
vn 0.9037 0.2725 -0.3304
vn 0.1640 0.5130 -0.8426
vn 0.0869 0.5307 -0.8431
vn 0.8830 -0.3582 -0.3033
vn 0.8957 -0.2930 -0.3345
vn 0.4574 -0.6769 0.5767
vn 0.4906 -0.7056 0.5113
vn -0.8943 -0.4204 0.1534
vn -0.8925 0.4197 -0.1651
vn -0.0085 0.5641 0.8257
vn -0.7672 0.6284 -0.1290
vn -0.7752 0.6261 -0.0842
vn -0.6341 -0.1202 0.7638
vn -0.7320 -0.0583 0.6788
vn 0.1149 -0.9234 0.3663
vn -0.4835 -0.7507 0.4502
vn -0.4571 -0.5616 -0.6897
vn -0.4249 -0.3850 -0.8193
vn 0.7769 0.2419 0.5814
vn 0.6233 0.5843 0.5197
vn -0.9998 0.0128 -0.0121
vn -0.9970 0.0522 0.0568
vn -1.0000 0.0039 0.0056
vn -0.9966 0.0805 -0.0194
vn -0.2192 -0.9114 0.3484
vn -1.0000 0.0001 -0.0047
vn -1.0000 0.0002 -0.0048
vn 0.4301 0.5908 -0.6825
vn 0.4324 0.6114 -0.6627
vn 0.3068 -0.6114 -0.7294
vn 0.2806 -0.6399 -0.7154
vn -0.2267 -0.9526 0.2030
vn -0.2283 -0.9442 0.2373
vn 0.7734 0.3896 0.5000
vn 0.1079 -0.9248 0.3649
vn 0.0593 -0.9492 0.3091
vn -0.0832 0.9693 0.2313
vn 0.7710 0.3733 0.5159
vn 0.9878 -0.1522 0.0334
vn 0.9918 0.1269 -0.0160
vn 0.9922 0.1238 -0.0114
vn 0.1790 0.8118 0.5557
vn 0.7728 -0.2036 0.6012
vn 0.4984 0.3967 -0.7709
vn 0.5588 0.3958 -0.7288
vn 0.2137 0.8980 -0.3847
vn 0.2196 0.9146 -0.3396
vn 0.1222 0.9294 -0.3483
vn -0.3790 -0.9252 -0.0197
vn -0.3281 -0.9446 -0.0052
vn 0.8108 -0.5851 -0.0145
vn 0.8266 -0.5628 -0.0055
vn 0.8648 0.5019 0.0155
vn 0.8192 0.5715 0.0481
vn -0.3502 0.9364 0.0225
vn -0.3281 0.9445 0.0139
vn -0.3396 0.8689 -0.3600
vn -0.3462 0.8669 -0.3586
vn 0.8458 0.4946 -0.1997
vn 0.8408 0.5016 -0.2035
vn 0.8434 -0.4951 0.2087
vn 0.8391 -0.5010 0.2118
vn -0.3466 -0.8670 0.3581
vn -0.3517 -0.8654 0.3570
vn -0.1150 -0.7012 -0.7036
vn 0.3663 -0.5941 -0.7162
vn 0.4591 -0.5577 -0.6915
vn 0.4930 -0.1189 -0.8618
vn 0.4388 -0.1138 -0.8913
vn -0.1450 0.0033 -0.9894
vn 0.6845 0.4572 0.5678
vn 0.7918 0.5999 -0.1148
vn -0.3978 0.8991 -0.1825
vn 0.2934 0.9525 -0.0821
vn -0.4359 0.0344 0.8994
vn -0.4472 0.0057 0.8944
vn -0.0359 0.9554 0.2930
vn -0.0358 0.9555 0.2930
vn -1.0000 -0.0006 -0.0064
vn -0.3772 0.3188 0.8696
vn -0.3755 0.3188 0.8703
vn 0.8558 0.1763 0.4864
vn 0.8545 0.1773 0.4883
vn 0.8629 -0.1752 -0.4740
vn 0.8617 -0.1762 -0.4759
vn -0.3602 -0.3208 -0.8760
vn -0.3587 -0.3208 -0.8766
vn 0.4536 0.2190 0.8639
vn 0.6440 0.1033 0.7580
vn 0.9155 0.3993 -0.0497
vn 0.0049 0.6886 -0.7252
vn -0.8863 -0.2709 0.3757
vn -0.9002 -0.2652 0.3453
vn 0.8790 -0.1090 0.4641
vn -0.6415 -0.0727 0.7637
vn -0.6350 -0.0739 0.7690
vn -0.6201 -0.2126 -0.7552
vn -0.6336 -0.2082 -0.7451
vn 0.9770 0.2122 -0.0203
vn 0.9759 0.2179 -0.0105
vn -0.3686 -0.7256 -0.5811
vn -0.3243 -0.7301 -0.6015
vn 0.8127 -0.4642 -0.3523
vn 0.8298 -0.4390 -0.3445
vn 0.8607 0.3960 0.3199
vn 0.8146 0.4729 0.3357
vn -0.3452 0.7376 0.5804
vn -0.3345 0.7374 0.5869
vn -0.8380 0.4080 0.3623
vn 0.9827 -0.1780 0.0503
vn 0.9810 -0.1899 -0.0386
vn 0.9859 -0.1674 0.0035
vn 0.9924 -0.1226 0.0096
vn 0.7858 0.0662 -0.6149
vn 0.6823 0.3413 -0.6466
vn 0.7858 0.0054 -0.6184
vn 0.7926 0.0196 -0.6095
vn 0.1336 -0.9569 -0.2577
vn 0.8654 -0.3422 -0.3659
vn 0.3872 0.8740 0.2937
vn 0.5282 0.8404 -0.1214
vn 0.8926 -0.4196 0.1651
vn 0.8943 0.4203 -0.1534
vn 0.7967 -0.2308 -0.5586
vn 0.7647 -0.2661 -0.5869
vn 0.9993 -0.0331 0.0194
vn 0.9987 0.0285 0.0411
vn 0.9033 0.1600 0.3979
vn 0.9843 -0.1402 0.1075
vn 0.0010 0.3461 0.9382
vn -0.0091 0.3435 0.9391
vn -0.0091 0.3436 0.9391
vn -0.0192 0.3460 0.9380
vn 0.8150 0.0524 0.5771
vn 0.7945 -0.3612 0.4883
vn 0.8498 -0.4974 0.1748
vn 0.8048 -0.5689 0.1693
vn -0.2789 -0.6763 0.6818
vn -0.0040 -0.7702 0.6377
vn 0.2670 -0.6766 0.6863
vn -0.8950 0.1058 0.4333
vn -0.8786 0.0495 0.4750
vn -0.7119 0.3458 0.6113
vn -0.7401 0.1538 0.6547
vn -0.8166 0.5142 0.2623
vn -1.0000 -0.0028 -0.0063
vn -1.0000 -0.0017 -0.0058
vn -1.0000 -0.0017 -0.0059
vn 0.6921 0.4189 0.5879
vn 0.8309 0.1865 0.5242
vn 0.9965 0.0266 0.0791
vn 0.9972 0.0048 0.0753
vn 0.7048 0.7045 -0.0831
vn -0.0050 -0.6750 0.7378
vn 0.0033 -0.6606 0.7508
vn -0.0051 -0.6644 0.7474
vn -0.0079 0.7003 0.7138
vn -0.0039 0.9810 0.1942
vn -0.9244 -0.1835 0.3344
vn -0.8901 -0.1484 0.4310
vn -0.8846 -0.2136 -0.4146
vn -0.8388 0.3282 -0.4345
vn -0.9508 0.3086 -0.0268
vn -0.9481 0.3165 -0.0307
vn -0.9915 -0.1297 0.0041
vn -0.9916 -0.1295 0.0043
vn -0.9189 -0.2311 -0.3196
vn 0.0091 -0.3461 -0.9381
vn 0.0038 -0.9837 -0.1798
vn -0.0049 -0.6868 0.7269
vn 0.0046 -0.6885 0.7252
vn -0.9593 -0.2185 -0.1788
vn -0.9594 -0.2184 -0.1785
vn 1.0000 0.0017 0.0058
vn -0.9918 0.1272 -0.0136
vn -0.9952 0.0789 0.0587
vn -0.9219 0.3597 -0.1440
vn -0.9912 0.1292 -0.0302
vn -0.8719 0.1684 -0.4599
vn -0.8213 0.1810 -0.5411
vn -1.0000 -0.0017 -0.0057
vn -0.3511 0.7901 -0.5024
vn -0.3512 0.7901 -0.5024
vn 0.8493 0.4486 -0.2782
vn 0.8473 -0.4462 0.2881
vn 0.8472 -0.4463 0.2881
vn 0.9973 -0.0720 0.0121
vn 0.9973 -0.0721 0.0121
vn -1.0000 -0.0016 -0.0058
vn -0.4470 0.6618 0.6019
vn -0.4908 0.6267 0.6053
vn -0.4953 -0.6226 -0.6059
vn -0.5387 -0.5855 -0.6058
vn 0.9997 -0.0189 -0.0149
vn 0.9996 -0.0231 -0.0165
vn -0.3679 0.6139 0.6984
vn -0.3682 0.6138 0.6983
vn 0.8505 0.3453 0.3968
vn 0.8505 0.3452 0.3968
vn 0.8568 -0.3417 -0.3862
vn -0.2355 0.1264 0.9636
vn -0.3158 0.1628 0.9348
vn 0.2958 0.1643 0.9410
vn 0.2156 0.1274 0.9681
vn 0.0089 -0.2608 -0.9653
vn 0.0089 -0.2609 -0.9653
vn -0.0017 0.9986 -0.0532
vn 0.0037 0.7878 -0.6160
vn 0.0041 0.7529 -0.6581
vn -0.5730 -0.4314 0.6968
vn -0.5543 -0.4439 0.7040
vn -0.5640 0.4364 -0.7010
vn -0.5455 0.4487 -0.7078
vn 1.0000 0.0015 0.0056
vn 0.0090 0.0312 -0.9995
vn 0.0084 0.0302 -0.9995
vn 0.0069 -0.8694 -0.4941
vn 0.0061 -0.8699 -0.4931
vn -0.0020 -0.8952 0.4456
vn -0.0021 -0.8953 0.4455
vn -0.0088 -0.0311 0.9995
vn -0.0086 -0.0308 0.9995
vn -0.0061 0.8693 0.4942
vn -0.0080 0.7155 0.6986
vn -0.0089 -0.0929 0.9956
vn 0.0061 0.5741 -0.8188
vn 0.0061 0.5741 -0.8187
vn -0.0013 -0.9275 0.3739
vn 0.0015 -0.9968 0.0797
vn 0.0040 -0.9800 -0.1987
vn -0.0017 0.9977 -0.0678
vn 0.0094 -0.2486 -0.9685
vn 0.0091 -0.1412 -0.9899
vn 0.0047 0.7106 -0.7036
vn 0.0056 -0.9133 -0.4073
vn 0.8474 -0.4461 0.2881
vn 0.8494 0.4485 -0.2781
vn -0.3678 0.6139 0.6984
vn -0.3681 0.6139 0.6983
vn 0.8505 0.3452 0.3967
vn 0.8506 0.3451 0.3967
vn 0.8569 -0.3416 -0.3861
vn 1.0000 0.0017 0.0059
vn 1.0000 0.0017 0.0057
vn 1.0000 0.0017 0.0056
vn 0.8770 0.1709 -0.4491
vn 0.8278 0.1832 -0.5303
vn 0.9973 0.0550 0.0483
vn 0.9172 0.3284 -0.2255
vn 0.7636 0.5386 -0.3561
vn 0.5556 0.8299 -0.0508
vn 0.9608 0.2476 0.1244
vn 0.9855 0.1245 0.1151
vn 0.9972 0.0537 0.0521
vn -1.0000 -0.0014 -0.0058
vn 0.9621 -0.2150 -0.1676
vn 0.9622 -0.2149 -0.1673
vn -0.0145 -0.6885 0.7251
vn -0.2568 -0.6484 -0.7167
vn -0.4163 0.5557 -0.7197
vn 0.2527 -0.9278 0.2743
vn 0.2527 -0.9278 0.2744
vn -0.9881 0.1352 0.0731
vn -0.9883 0.1351 0.0707
vn -0.9870 0.1569 0.0360
vn -0.9881 0.1514 0.0271
vn -0.9893 0.0697 -0.1281
vn -0.9887 0.0768 -0.1285
vn -0.9881 0.1327 -0.0774
vn -0.9884 0.1295 -0.0787
vn -0.9885 0.1495 0.0211
vn -0.9874 0.1560 0.0280
vn -0.0031 0.9471 0.3209
vn -0.0032 0.9471 0.3210
vn 0.0013 0.9908 -0.1352
vn 0.0017 0.9907 -0.1361
vn 0.0050 0.8819 -0.4715
vn 0.0047 0.8812 -0.4727
vn 0.0086 0.4962 -0.8682
vn 0.0085 0.4960 -0.8683
vn 0.4236 0.5919 -0.6858
vn 0.2980 -0.6111 -0.7333
vn 0.2980 -0.6113 -0.7332
vn -0.2369 -0.9429 0.2342
vn -0.9898 0.0901 0.1100
vn -0.9896 0.0930 0.1097
vn -0.9890 0.1455 -0.0264
vn -0.9887 0.1470 -0.0299
vn -0.0083 -0.5328 0.8462
vn -0.0111 -0.5278 0.8493
vn -0.0071 -0.8753 0.4836
vn -0.0049 -0.8731 0.4876
vn -0.0016 -0.9874 0.1579
vn -0.0016 -0.9874 0.1582
vn 0.0098 -0.1045 -0.9945
vn 0.0010 0.9948 -0.1021
vn -0.0001 1.0000 0.0090
vn 0.0006 1.0000 0.0068
vn -0.0044 0.8614 0.5079
vn -0.0046 0.8617 0.5073
vn -0.0075 0.6123 0.7906
vn -0.0078 0.6117 0.7911
vn -0.0010 -0.9948 0.1021
vn 0.0005 -0.9989 -0.0471
vn -0.0019 -0.9986 -0.0524
vn 0.0028 -0.8665 -0.4992
vn 0.0047 -0.8686 -0.4955
vn 0.0076 -0.6249 -0.7807
vn 0.0077 -0.6251 -0.7805
vn 0.0049 0.8637 -0.5040
vn 0.4242 0.0542 0.9040
vn 0.4241 0.0543 0.9040
vn -0.9495 -0.0965 0.2985
vn -0.9495 -0.0966 0.2987
vn -0.9495 -0.0966 0.2986
vn -0.4163 0.5558 -0.7196
vn -0.0032 0.9659 0.2589
vn -0.0033 0.9659 0.2589
vn -0.0097 0.1198 0.9927
vn 0.9909 0.0695 -0.1152
vn 0.9904 0.0758 -0.1156
vn 0.9874 0.1239 0.0990
vn 0.9871 0.1236 0.1013
vn 0.9890 0.1470 -0.0171
vn 0.9893 0.1454 -0.0134
vn 0.9882 0.1496 0.0339
vn 0.9869 0.1560 0.0408
vn 0.9864 0.1569 0.0482
vn 0.9877 0.1512 0.0391
vn 0.9872 0.1354 0.0844
vn 0.9874 0.1335 0.0852
vn 0.9881 0.0930 0.1227
vn 0.9883 0.0901 0.1230
vn 0.9741 0.0401 -0.2225
vn 0.9741 0.0400 -0.2224
vn 0.9467 0.0041 -0.3221
vn 0.9467 0.0049 -0.3221
vn 0.9206 0.2066 -0.3314
vn 0.9205 0.2068 -0.3315
vn 0.9157 0.0921 -0.3911
vn 0.9157 0.0920 -0.3913
vn -0.8765 -0.0113 -0.4813
vn -0.3335 0.1863 -0.9242
vn 0.0090 0.3292 -0.9442
vn 0.3505 0.1863 -0.9178
vn 0.8834 -0.0103 -0.4686
vn 0.9894 0.1304 -0.0636
vn 0.9893 0.1305 -0.0658
vn 0.9820 0.1659 -0.0909
vn 0.9031 0.3637 -0.2284
vn 0.6933 0.6566 -0.2971
vn 0.5589 0.7741 -0.2972
vn 0.0022 0.9552 -0.2960
vn -0.0370 0.9517 -0.3047
vn 0.0415 0.9517 -0.3042
vn -0.5547 0.7742 -0.3047
vn -0.6892 0.6566 -0.3064
vn -0.9002 0.3632 -0.2404
vn -0.9809 0.1649 -0.1036
vn -0.9075 0.0912 -0.4101
vn -0.9077 0.0914 -0.4096
vn -0.9163 0.2030 -0.3453
vn -0.9160 0.2036 -0.3456
vn -0.9386 -0.0001 -0.3450
vn -0.9387 0.0002 -0.3447
vn -0.9695 0.0304 -0.2434
vn -0.9695 0.0305 -0.2434
vn -0.9899 0.0730 0.1219
vn -0.9901 0.0700 0.1217
vn -0.9887 0.1207 0.0894
vn -0.9888 0.1188 0.0899
vn -0.9886 0.1432 0.0466
vn -0.9875 0.1474 0.0564
vn -0.9878 0.1477 0.0488
vn -0.9890 0.1423 0.0412
vn -0.9888 0.0925 -0.1172
vn -0.9894 0.0848 -0.1179
vn -0.9884 0.1388 -0.0608
vn -0.9886 0.1385 -0.0590
vn -0.9889 0.1480 -0.0092
vn -0.9892 0.1466 -0.0069
vn -0.4539 0.0065 0.8910
vn 0.9439 -0.0911 0.3175
vn 0.9439 -0.0911 0.3174
vn 0.4236 0.5919 -0.6857
vn -0.0313 0.9552 0.2944
vn -0.0313 0.9551 0.2945
vn 0.0011 0.9230 -0.3848
vn 0.0023 -0.9996 -0.0265
vn 0.0035 -0.9836 -0.1806
vn 0.0059 -0.9845 -0.1754
vn 0.0086 -0.7909 -0.6118
vn 0.0066 -0.7936 -0.6084
vn 0.0080 -0.5064 -0.8623
vn 0.0079 -0.5065 -0.8622
vn -0.0080 0.4914 0.8709
vn -0.0082 0.4920 0.8705
vn -0.0069 0.7851 0.6194
vn -0.0071 0.7846 0.6199
vn -0.0038 0.9908 0.1351
vn -0.0032 0.9905 0.1375
vn -0.0023 0.9996 0.0265
vn -0.0079 -0.0311 0.9995
vn -0.0052 -0.6450 0.7642
vn -0.0025 -0.6495 0.7604
vn 0.0010 -0.9309 0.3651
vn -0.0011 -0.9294 0.3690
vn 0.0020 -0.9997 0.0236
vn 0.0019 -0.9997 0.0238
vn -0.0058 0.8932 0.4495
vn 0.0086 0.0501 -0.9987
vn -0.0021 1.0000 -0.0083
vn -0.0023 1.0000 -0.0090
vn 0.0007 0.9342 -0.3567
vn 0.0005 0.9345 -0.3560
vn 0.0048 0.6123 -0.7906
vn 0.0056 0.6102 -0.7922
vn 0.9880 0.1456 0.0517
vn 0.9868 0.1509 0.0592
vn 0.9863 0.1506 0.0672
vn 0.9875 0.1466 0.0578
vn 0.9904 0.0885 -0.1063
vn 0.9897 0.0966 -0.1056
vn 0.9887 0.1499 0.0042
vn 0.9885 0.1512 0.0021
vn 0.9885 0.1434 -0.0485
vn 0.9887 0.1412 -0.0497
vn 0.9885 0.0733 0.1322
vn 0.9883 0.0762 0.1323
vn -0.0098 0.0906 0.9958
vn 0.0098 0.0208 -0.9997
usemtl material_4
s off
f 4/1/1 2/2/1 1/3/1
f 1/3/2 2/2/2 3/4/2
f 4/1/3 6/5/3 2/2/3
f 5/6/3 6/5/3 4/1/3
f 7/7/4 6/5/4 5/6/4
f 7/7/5 8/8/5 6/5/5
usemtl material_3
f 507/9/6 9/10/6 503/11/6
f 503/11/7 9/10/7 508/12/7
f 507/9/8 10/13/8 9/10/8
f 500/14/9 10/13/9 507/9/9
f 500/14/10 501/15/10 10/13/10
f 505/16/11 10/13/11 501/15/11
f 11/17/12 10/13/12 505/16/12
f 11/17/13 9/10/13 10/13/13
f 506/18/14 9/10/14 11/17/14
f 506/18/15 508/12/15 9/10/15
f 550/19/16 12/20/16 408/21/16
f 550/19/16 376/22/16 12/20/16
f 184/23/17 13/24/17 394/25/17
f 184/23/18 201/26/18 13/24/18
f 15/27/19 206/28/19 14/29/19
f 15/27/20 16/30/20 206/28/20
f 17/31/21 16/30/21 15/27/21
f 454/32/22 19/33/22 18/34/22
f 456/35/23 19/33/23 454/32/23
f 99/36/24 23/37/24 100/38/24
f 20/39/25 23/37/25 99/36/25
f 20/39/26 21/40/26 23/37/26
f 77/41/27 21/40/27 20/39/27
f 77/41/28 76/42/28 21/40/28
f 78/43/29 21/40/29 76/42/29
f 22/44/30 21/40/30 78/43/30
f 22/44/31 23/37/31 21/40/31
f 80/45/32 23/37/32 22/44/32
f 80/45/33 100/38/33 23/37/33
f 136/46/34 28/47/34 24/48/34
f 136/46/34 134/49/34 28/47/34
f 25/50/35 113/51/35 130/52/35
f 25/50/36 29/53/36 113/51/36
f 27/54/37 29/53/37 25/50/37
f 27/54/37 26/55/37 29/53/37
f 27/54/38 135/56/38 26/55/38
f 133/57/38 135/56/38 27/54/38
f 134/58/39 130/59/39 28/60/39
f 133/61/39 130/59/39 134/58/39
f 133/61/39 25/62/39 130/59/39
f 27/63/39 25/62/39 133/61/39
f 26/64/40 113/65/40 29/66/40
f 135/67/41 113/65/41 26/64/41
f 84/68/42 30/69/42 85/70/42
f 83/71/39 30/69/39 84/68/39
f 83/71/39 31/72/39 30/69/39
f 32/73/42 31/72/42 83/71/42
f 88/74/43 144/75/43 93/76/43
f 33/77/43 144/75/43 88/74/43
f 35/78/44 36/79/44 34/80/44
f 37/81/45 36/79/45 35/78/45
f 37/81/46 39/82/46 36/79/46
f 38/83/47 39/82/47 37/81/47
f 40/84/48 39/82/48 38/83/48
f 40/84/49 41/85/49 39/82/49
f 42/86/50 41/85/50 40/84/50
f 42/86/41 43/87/41 41/85/41
f 44/88/51 50/89/51 102/90/51
f 44/88/52 45/91/52 50/89/52
f 102/92/53 97/93/53 101/94/53
f 102/92/54 50/95/54 97/93/54
f 46/96/43 144/97/43 33/98/43
f 46/96/39 74/99/39 144/97/39
f 48/100/55 47/101/55 95/102/55
f 48/100/56 49/103/56 47/101/56
f 45/104/57 49/103/57 48/100/57
f 48/100/58 50/105/58 45/104/58
f 48/100/59 97/106/59 50/105/59
f 48/100/60 96/107/60 97/106/60
f 95/102/61 96/107/61 48/100/61
f 52/108/62 53/109/62 51/110/62
f 54/111/63 53/109/63 52/108/63
f 54/111/64 55/112/64 53/109/64
f 56/113/65 55/112/65 54/111/65
f 57/114/66 55/112/66 56/113/66
f 57/114/67 58/115/67 55/112/67
f 59/116/68 58/115/68 57/114/68
f 59/116/69 60/117/69 58/115/69
f 61/118/70 65/119/70 66/120/70
f 61/118/71 62/121/71 65/119/71
f 61/118/72 63/122/72 62/121/72
f 64/123/73 63/122/73 61/118/73
f 64/123/74 65/124/74 63/122/74
f 66/125/75 65/124/75 64/123/75
f 144/75/76 94/126/76 93/76/76
f 145/127/77 94/126/77 144/75/77
f 146/128/78 94/126/78 145/127/78
f 146/128/79 92/129/79 94/126/79
f 67/130/80 45/131/80 143/132/80
f 67/130/81 49/133/81 45/131/81
f 47/134/82 49/133/82 67/130/82
f 69/135/39 70/136/39 68/137/39
f 71/138/39 70/136/39 69/135/39
f 72/139/83 70/136/83 71/138/83
f 72/139/84 73/140/84 70/136/84
f 69/141/85 73/140/85 72/139/85
f 69/141/86 68/137/86 73/140/86
f 74/142/87 90/143/87 131/144/87
f 74/142/88 46/145/88 90/143/88
f 76/146/89 75/147/89 242/148/89
f 76/146/89 77/149/89 75/147/89
f 242/150/90 78/151/90 76/152/90
f 242/150/91 243/153/91 78/151/91
f 163/154/92 78/155/92 243/156/92
f 163/154/93 22/157/93 78/155/93
f 100/158/94 81/159/94 79/160/94
f 100/158/94 80/161/94 81/159/94
f 80/162/95 163/163/95 81/164/95
f 80/162/96 22/165/96 163/163/96
f 83/166/97 82/167/97 32/168/97
f 83/166/97 148/169/97 82/167/97
f 84/170/98 148/169/98 83/166/98
f 84/170/98 147/171/98 148/169/98
f 85/172/99 147/171/99 84/170/99
f 85/172/99 86/173/99 147/171/99
f 85/172/100 149/174/100 86/173/100
f 30/175/100 149/174/100 85/172/100
f 30/175/101 87/176/101 149/174/101
f 31/177/102 87/176/102 30/175/102
f 91/178/103 33/179/103 88/180/103
f 89/181/104 33/179/104 91/178/104
f 89/181/105 46/182/105 33/179/105
f 90/183/106 46/182/106 89/181/106
f 88/184/107 92/185/107 91/186/107
f 93/187/107 92/185/107 88/184/107
f 93/187/108 94/188/108 92/185/108
f 98/189/109 95/190/109 132/191/109
f 98/189/109 96/192/109 95/190/109
f 97/193/110 138/194/110 101/195/110
f 97/193/110 139/196/110 138/194/110
f 97/193/111 98/197/111 139/196/111
f 96/198/111 98/197/111 97/193/111
f 77/199/112 161/200/112 75/201/112
f 20/202/113 161/200/113 77/199/113
f 99/203/114 161/200/114 20/202/114
f 99/203/115 165/204/115 161/200/115
f 99/203/116 79/205/116 165/204/116
f 100/206/116 79/205/116 99/203/116
f 138/207/117 102/208/117 101/209/117
f 140/210/118 102/208/118 138/207/118
f 104/211/119 105/212/119 103/213/119
f 106/214/120 105/212/120 104/211/120
f 106/214/121 107/215/121 105/212/121
f 108/216/122 107/215/122 106/214/122
f 109/217/123 107/215/123 108/216/123
f 109/217/124 110/218/124 107/215/124
f 111/219/69 110/218/69 109/217/69
f 111/219/125 112/220/125 110/218/125
f 135/56/37 114/221/37 113/51/37
f 135/56/37 150/222/37 114/221/37
f 117/223/69 116/224/69 115/225/69
f 117/223/69 118/226/69 116/224/69
f 119/227/126 118/226/126 117/223/126
f 119/227/127 120/228/127 118/226/127
f 119/227/128 121/229/128 120/228/128
f 122/230/46 121/229/46 119/227/46
f 122/230/129 123/231/129 121/229/129
f 124/232/130 123/231/130 122/230/130
f 125/233/131 126/234/131 129/235/131
f 127/236/131 126/234/131 125/233/131
f 127/236/132 128/237/132 126/234/132
f 158/238/132 128/237/132 127/236/132
f 160/239/22 126/234/22 128/237/22
f 160/239/22 129/235/22 126/234/22
f 113/240/133 28/47/133 130/241/133
f 113/240/134 24/48/134 28/47/134
f 114/242/135 24/48/135 113/240/135
f 114/242/136 154/243/136 24/48/136
f 146/244/137 91/178/137 92/245/137
f 146/244/138 89/246/138 91/178/138
f 90/247/125 146/248/125 131/249/125
f 90/247/50 89/250/50 146/248/50
f 132/251/139 139/252/139 98/253/139
f 132/251/140 141/254/140 139/252/140
f 132/251/141 143/255/141 141/254/141
f 67/256/142 143/255/142 132/251/142
f 134/257/143 135/258/143 133/259/143
f 136/260/143 135/258/143 134/257/143
f 136/260/144 150/261/144 135/258/144
f 137/262/145 150/261/145 136/260/145
f 139/263/146 140/264/146 138/265/146
f 141/266/147 140/264/147 139/263/147
f 114/267/39 152/268/39 153/269/39
f 150/270/39 152/268/39 114/267/39
f 141/271/148 142/272/148 140/273/148
f 143/274/149 142/272/149 141/271/149
f 74/275/150 145/276/150 144/277/150
f 131/278/151 145/276/151 74/275/151
f 131/278/152 146/279/152 145/276/152
f 86/280/69 148/281/69 147/282/69
f 86/280/69 149/283/69 148/281/69
f 151/284/153 150/285/153 137/286/153
f 151/284/153 152/287/153 150/285/153
f 166/288/154 152/287/154 151/284/154
f 166/288/37 153/289/37 152/287/37
f 166/288/36 114/290/36 153/289/36
f 154/291/155 114/290/155 166/288/155
f 186/292/156 199/293/156 185/294/156
f 167/295/156 199/293/156 186/292/156
f 181/296/156 199/293/156 167/295/156
f 181/296/156 200/297/156 199/293/156
f 75/147/157 162/298/157 242/299/157
f 75/147/158 161/300/158 162/298/158
f 156/301/159 193/302/159 155/303/159
f 156/301/160 157/304/160 193/302/160
f 176/305/161 157/304/161 156/301/161
f 176/305/162 245/306/162 157/304/162
f 159/307/163 128/237/163 158/238/163
f 159/307/164 160/308/164 128/237/164
f 164/309/165 162/310/165 161/311/165
f 164/309/166 243/312/166 162/310/166
f 163/313/167 243/312/167 164/309/167
f 164/309/168 81/314/168 163/313/168
f 164/309/169 79/315/169 81/314/169
f 164/309/170 165/316/170 79/315/170
f 161/311/171 165/316/171 164/309/171
f 24/317/138 137/318/138 136/319/138
f 154/320/69 137/318/69 24/317/69
f 154/320/69 151/321/69 137/318/69
f 166/322/69 151/321/69 154/320/69
f 306/323/172 181/324/172 167/325/172
f 168/326/173 181/324/173 306/323/173
f 305/327/174 167/328/174 186/329/174
f 306/330/175 167/328/175 305/327/175
f 241/331/176 222/332/176 169/333/176
f 170/334/176 222/332/176 241/331/176
f 171/335/177 222/332/177 170/334/177
f 171/335/177 172/336/177 222/332/177
f 180/337/178 189/338/178 178/339/178
f 180/337/179 265/340/179 189/338/179
f 173/341/180 265/340/180 180/337/180
f 157/342/181 218/343/181 193/344/181
f 175/345/182 155/346/182 174/347/182
f 175/345/183 156/348/183 155/346/183
f 215/349/184 156/348/184 175/345/184
f 215/349/185 176/350/185 156/348/185
f 179/351/186 178/352/186 177/353/186
f 179/351/187 180/354/187 178/352/187
f 237/355/188 180/354/188 179/351/188
f 237/355/189 173/356/189 180/354/189
f 168/357/190 200/358/190 181/359/190
f 168/357/191 182/360/191 200/358/191
f 183/361/192 182/360/192 168/357/192
f 183/361/192 393/362/192 182/360/192
f 185/363/193 201/364/193 184/365/193
f 185/363/194 199/366/194 201/364/194
f 184/23/195 186/367/195 185/368/195
f 184/23/196 305/369/196 186/367/196
f 394/25/197 305/369/197 184/23/197
f 394/25/198 187/370/198 305/369/198
f 178/371/199 188/372/199 177/353/199
f 178/371/200 286/373/200 188/372/200
f 189/374/201 286/373/201 178/371/201
f 264/375/202 286/373/202 189/374/202
f 264/375/203 190/376/203 286/373/203
f 269/377/203 190/376/203 264/375/203
f 367/378/204 190/376/204 269/377/204
f 367/378/205 339/379/205 190/376/205
f 155/380/206 191/381/206 174/382/206
f 155/380/207 192/383/207 191/381/207
f 193/384/208 192/383/208 155/380/208
f 193/384/209 194/385/209 192/383/209
f 218/386/210 194/385/210 193/384/210
f 217/387/211 194/385/211 218/386/211
f 217/387/212 195/388/212 194/385/212
f 292/389/213 195/388/213 217/387/213
f 293/390/214 195/388/214 292/389/214
f 293/390/215 196/391/215 195/388/215
f 356/392/216 196/391/216 293/390/216
f 421/393/217 196/391/217 356/392/217
f 421/393/218 197/394/218 196/391/218
f 420/395/219 197/394/219 421/393/219
f 420/395/220 198/396/220 197/394/220
f 411/397/221 198/396/221 420/395/221
f 200/398/222 201/399/222 199/400/222
f 182/401/223 201/399/223 200/398/223
f 393/402/224 201/399/224 182/401/224
f 393/402/224 13/403/224 201/399/224
f 224/404/225 238/405/225 202/406/225
f 224/404/226 249/407/226 238/405/226
f 203/408/227 249/407/227 224/404/227
f 203/408/228 239/409/228 249/407/228
f 284/410/229 239/409/229 203/408/229
f 284/410/230 204/411/230 239/409/230
f 237/412/231 202/406/231 238/405/231
f 237/412/232 179/413/232 202/406/232
f 14/29/233 16/414/233 17/415/233
f 14/29/234 205/416/234 16/414/234
f 206/28/235 205/416/235 14/29/235
f 206/28/236 16/417/236 205/416/236
f 303/418/237 207/419/237 250/420/237
f 303/418/238 208/421/238 207/419/238
f 211/422/239 210/423/239 209/424/239
f 211/422/240 212/425/240 210/423/240
f 211/422/241 214/426/241 212/425/241
f 213/427/242 214/426/242 211/422/242
f 209/428/243 214/426/243 213/427/243
f 209/428/244 210/429/244 214/426/244
f 216/430/245 215/431/245 619/432/245
f 216/430/246 176/433/246 215/431/246
f 171/434/247 220/435/247 172/436/247
f 171/434/247 267/437/247 220/435/247
f 266/438/248 169/439/248 248/440/248
f 266/438/248 241/441/248 169/439/248
f 218/343/249 291/442/249 217/443/249
f 218/343/250 219/444/250 291/442/250
f 157/342/251 219/444/251 218/343/251
f 157/342/252 245/445/252 219/444/252
f 262/446/253 220/447/253 260/448/253
f 262/446/254 172/449/254 220/447/254
f 221/450/255 172/449/255 262/446/255
f 221/450/256 222/451/256 172/449/256
f 221/450/257 169/452/257 222/451/257
f 223/453/258 169/452/258 221/450/258
f 223/453/259 248/454/259 169/452/259
f 246/455/260 248/454/260 223/453/260
f 177/456/261 202/457/261 179/458/261
f 619/459/262 202/457/262 177/456/262
f 619/459/263 224/460/263 202/457/263
f 226/461/264 254/462/264 225/463/264
f 226/461/265 227/464/265 254/462/265
f 231/465/266 227/464/266 226/461/266
f 231/465/267 256/466/267 227/464/267
f 228/467/268 256/466/268 231/465/268
f 228/467/269 257/468/269 256/466/269
f 229/469/270 257/468/270 228/467/270
f 229/469/271 259/470/271 257/468/271
f 228/471/272 235/472/272 229/473/272
f 228/471/273 230/474/273 235/472/273
f 231/475/274 230/474/274 228/471/274
f 231/475/275 232/476/275 230/474/275
f 226/477/276 232/476/276 231/475/276
f 226/477/277 233/478/277 232/476/277
f 225/479/278 233/478/278 226/477/278
f 225/479/279 234/480/279 233/478/279
f 229/481/280 234/480/280 225/479/280
f 229/481/280 235/482/280 234/480/280
f 219/483/281 289/484/281 291/485/281
f 219/483/282 245/486/282 289/484/282
f 237/487/283 236/488/283 173/489/283
f 237/487/284 238/490/284 236/488/284
f 260/491/285 258/492/285 253/493/285
f 260/491/286 246/494/286 258/492/286
f 249/495/287 204/496/287 329/497/287
f 249/495/288 239/498/288 204/496/288
f 259/499/289 225/500/289 254/501/289
f 259/499/290 229/502/290 225/500/290
f 253/503/291 259/499/291 254/501/291
f 253/503/292 258/504/292 259/499/292
f 603/505/293 278/506/293 605/507/293
f 603/505/294 280/508/294 278/506/294
f 603/505/295 282/509/295 280/508/295
f 600/510/296 282/509/296 603/505/296
f 600/510/297 244/511/297 282/509/297
f 601/512/298 244/511/298 600/510/298
f 171/513/299 240/514/299 267/515/299
f 170/516/299 240/514/299 171/513/299
f 170/516/300 266/517/300 240/514/300
f 241/518/300 266/517/300 170/516/300
f 162/310/301 243/312/301 242/519/301
f 606/520/302 244/521/302 601/522/302
f 606/520/303 299/523/303 244/521/303
f 605/524/304 299/523/304 606/520/304
f 605/524/305 278/525/305 299/523/305
f 245/526/306 617/527/306 289/528/306
f 245/526/307 216/529/307 617/527/307
f 247/530/308 246/531/308 260/532/308
f 247/530/309 248/454/309 246/531/309
f 238/490/310 329/497/310 236/488/310
f 238/490/311 249/495/311 329/497/311
f 251/533/312 250/534/312 207/535/312
f 251/533/313 304/536/313 250/534/313
f 251/533/314 252/537/314 304/536/314
f 391/538/315 252/537/315 251/533/315
f 254/462/316 261/539/316 253/540/316
f 227/464/317 261/539/317 254/462/317
f 227/464/318 255/541/318 261/539/318
f 256/466/319 255/541/319 227/464/319
f 256/466/320 263/542/320 255/541/320
f 257/468/321 263/542/321 256/466/321
f 257/468/322 258/543/322 263/542/322
f 259/470/323 258/543/323 257/468/323
f 253/544/324 262/545/324 260/546/324
f 261/547/325 262/545/325 253/544/325
f 255/548/326 262/545/326 261/547/326
f 255/548/327 221/549/327 262/545/327
f 263/550/328 221/549/328 255/548/328
f 263/550/329 223/551/329 221/549/329
f 263/550/330 246/552/330 223/551/330
f 258/553/331 246/552/331 263/550/331
f 189/554/332 265/555/332 264/556/332
f 247/557/333 266/438/333 248/440/333
f 247/557/333 240/558/333 266/438/333
f 247/557/334 267/559/334 240/558/334
f 220/560/334 267/559/334 247/557/334
f 236/561/335 265/562/335 173/563/335
f 268/564/336 265/562/336 236/561/336
f 268/564/337 264/565/337 265/562/337
f 269/566/338 264/565/338 268/564/338
f 268/564/339 270/567/339 269/566/339
f 236/561/340 270/567/340 268/564/340
f 236/561/341 337/568/341 270/567/341
f 300/569/342 276/570/342 277/571/342
f 300/569/342 271/572/342 276/570/342
f 300/569/343 272/573/343 271/572/343
f 301/574/344 272/573/344 300/569/344
f 302/575/345 272/573/345 301/574/345
f 302/575/345 273/576/345 272/573/345
f 275/577/346 273/576/346 302/575/346
f 275/577/346 274/578/346 273/576/346
f 275/577/347 276/570/347 274/578/347
f 277/571/348 276/570/348 275/577/348
f 176/579/349 216/580/349 245/581/349
f 280/582/350 298/583/350 278/584/350
f 280/582/351 279/585/351 298/583/351
f 280/582/352 281/586/352 279/585/352
f 282/587/353 281/586/353 280/582/353
f 244/588/354 281/586/354 282/587/354
f 244/588/355 283/589/355 281/586/355
f 285/590/356 204/591/356 284/592/356
f 285/590/357 329/593/357 204/591/357
f 285/590/357 402/594/357 329/593/357
f 403/595/358 402/594/358 285/590/358
f 286/373/359 287/596/359 188/597/359
f 190/376/359 287/596/359 286/373/359
f 190/376/359 609/598/359 287/596/359
f 339/599/360 609/598/360 190/376/360
f 339/599/361 611/600/361 609/598/361
f 339/599/362 344/601/362 611/600/362
f 288/602/363 344/601/363 339/599/363
f 288/602/364 336/603/364 344/601/364
f 337/604/365 336/603/365 288/602/365
f 290/605/366 291/606/366 289/607/366
f 294/608/367 291/606/367 290/605/367
f 294/608/368 217/609/368 291/606/368
f 292/610/369 217/609/369 294/608/369
f 294/608/370 293/611/370 292/610/370
f 294/608/371 295/612/371 293/611/371
f 290/605/372 295/612/372 294/608/372
f 290/605/373 297/613/373 295/612/373
f 296/614/374 289/615/374 617/616/374
f 296/614/375 290/617/375 289/615/375
f 296/614/376 297/618/376 290/617/376
f 614/619/377 297/618/377 296/614/377
f 298/620/378 299/621/378 278/584/378
f 324/622/379 299/621/379 298/620/379
f 324/622/380 244/588/380 299/621/380
f 283/589/381 244/588/381 324/622/381
f 277/623/382 301/624/382 300/625/382
f 275/626/382 301/624/382 277/623/382
f 275/626/382 302/627/382 301/624/382
f 304/628/383 303/629/383 250/630/383
f 304/628/384 389/631/384 303/629/384
f 252/632/385 389/631/385 304/628/385
f 187/633/386 306/330/386 305/634/386
f 414/635/386 306/330/386 187/633/386
f 209/636/387 308/637/387 307/638/387
f 213/639/387 308/637/387 209/636/387
f 211/640/388 308/637/388 213/639/388
f 211/640/389 309/641/389 308/637/389
f 209/642/132 309/641/132 211/640/132
f 209/642/132 307/643/132 309/641/132
f 311/644/390 310/645/390 315/646/390
f 311/644/390 312/647/390 310/645/390
f 313/648/391 312/647/391 311/644/391
f 313/648/392 314/649/392 312/647/392
f 313/648/393 310/650/393 314/649/393
f 315/651/394 310/650/394 313/648/394
f 332/652/395 318/653/395 316/654/395
f 317/655/396 318/653/396 332/652/396
f 334/656/397 318/653/397 317/655/397
f 334/656/398 319/657/398 318/653/398
f 334/656/399 325/658/399 319/657/399
f 320/659/400 325/658/400 334/656/400
f 321/660/401 322/661/401 371/662/401
f 401/663/401 322/661/401 321/660/401
f 400/664/402 322/661/402 401/663/402
f 400/664/402 323/665/402 322/661/402
f 168/666/403 414/667/403 183/668/403
f 168/666/403 306/669/403 414/667/403
f 324/622/404 332/652/404 316/654/404
f 324/622/405 357/670/405 332/652/405
f 325/671/406 357/670/406 324/622/406
f 325/671/407 320/659/407 357/670/407
f 329/497/408 335/672/408 236/488/408
f 329/497/409 326/673/409 335/672/409
f 322/674/410 350/675/410 371/676/410
f 322/674/411 347/677/411 350/675/411
f 614/678/412 355/679/412 297/680/412
f 614/678/413 373/681/413 355/679/413
f 383/682/414 360/683/414 358/684/414
f 383/682/415 327/685/415 360/683/415
f 330/686/416 383/682/416 349/687/416
f 330/686/417 327/685/417 383/682/417
f 326/673/418 402/688/418 328/689/418
f 326/673/287 329/497/287 402/688/287
f 349/690/419 347/691/419 330/692/419
f 349/690/420 350/693/420 347/691/420
f 333/694/421 332/695/421 331/696/421
f 333/694/422 317/697/422 332/695/422
f 622/698/423 317/697/423 333/694/423
f 622/698/424 334/699/424 317/697/424
f 622/698/425 320/700/425 334/699/425
f 620/701/426 320/700/426 622/698/426
f 373/702/427 409/703/427 355/704/427
f 336/705/428 236/488/428 335/672/428
f 336/705/429 337/706/429 236/488/429
f 297/707/430 338/708/430 295/709/430
f 297/707/431 355/710/431 338/708/431
f 288/711/432 270/712/432 337/713/432
f 288/711/433 367/714/433 270/712/433
f 339/715/434 367/714/434 288/711/434
f 340/716/435 341/717/435 342/718/435
f 379/719/436 341/717/436 340/716/436
f 379/719/437 342/720/437 341/717/437
f 377/721/438 342/720/438 379/719/438
f 343/722/439 406/723/439 405/724/439
f 611/725/440 406/723/440 343/722/440
f 611/725/441 344/726/441 406/723/441
f 384/727/442 349/728/442 383/729/442
f 384/727/443 345/730/443 349/728/443
f 385/731/444 345/730/444 384/727/444
f 385/731/445 348/732/445 345/730/445
f 387/733/446 348/732/446 385/731/446
f 387/733/447 346/734/447 348/732/447
f 327/735/448 346/734/448 387/733/448
f 327/735/449 330/736/449 346/734/449
f 354/737/450 330/738/450 347/739/450
f 354/737/451 346/740/451 330/738/451
f 354/737/452 348/741/452 346/740/452
f 352/742/453 348/741/453 354/737/453
f 352/742/454 345/743/454 348/741/454
f 351/744/455 345/743/455 352/742/455
f 350/745/456 345/743/456 351/744/456
f 350/745/457 349/746/457 345/743/457
f 351/747/458 371/676/458 350/748/458
f 351/747/259 370/749/259 371/676/259
f 352/750/459 370/749/459 351/747/459
f 352/750/460 398/751/460 370/749/460
f 352/750/461 353/752/461 398/751/461
f 354/753/462 353/752/462 352/750/462
f 354/753/254 323/754/254 353/752/254
f 347/755/463 323/754/463 354/753/463
f 422/756/464 338/757/464 355/758/464
f 356/759/465 338/757/465 422/756/465
f 356/759/466 295/760/466 338/757/466
f 293/761/467 295/760/467 356/759/467
f 620/762/468 357/763/468 320/764/468
f 621/765/469 357/763/469 620/762/469
f 621/765/470 332/766/470 357/763/470
f 331/767/471 332/766/471 621/765/471
f 358/768/156 359/769/156 366/770/156
f 360/771/472 359/769/472 358/768/472
f 360/771/473 361/772/473 359/769/473
f 362/773/474 361/772/474 360/771/474
f 362/773/475 363/774/475 361/772/475
f 386/775/476 363/774/476 362/773/476
f 386/775/477 364/776/477 363/774/477
f 365/777/478 364/776/478 386/775/478
f 365/777/479 366/778/479 364/776/479
f 358/779/480 366/778/480 365/777/480
f 270/780/481 367/781/481 269/782/481
f 368/783/247 323/784/247 400/785/247
f 368/783/247 353/786/247 323/784/247
f 321/660/248 370/787/248 369/788/248
f 321/660/248 371/662/248 370/787/248
f 373/789/482 372/790/482 409/791/482
f 373/789/483 343/792/483 372/790/483
f 12/793/484 375/794/484 374/795/484
f 12/793/484 544/796/484 375/794/484
f 376/797/484 544/796/484 12/793/484
f 376/797/484 551/798/484 544/796/484
f 378/799/485 342/800/485 377/801/485
f 378/799/486 340/716/486 342/800/486
f 379/719/487 340/716/487 378/799/487
f 307/638/488 381/802/488 380/803/488
f 308/637/489 381/802/489 307/638/489
f 309/641/490 381/802/490 308/637/490
f 309/641/491 382/804/491 381/802/491
f 309/641/492 380/805/492 382/804/492
f 307/643/493 380/805/493 309/641/493
f 358/806/494 384/727/494 383/729/494
f 365/807/495 384/727/495 358/806/495
f 365/807/496 385/731/496 384/727/496
f 386/808/497 385/731/497 365/807/497
f 386/808/498 387/733/498 385/731/498
f 362/809/499 387/733/499 386/808/499
f 362/809/500 327/735/500 387/733/500
f 360/810/501 327/735/501 362/809/501
f 499/811/502 425/812/502 388/813/502
f 252/814/503 390/815/503 389/816/503
f 252/814/504 391/817/504 390/815/504
f 406/818/505 336/819/505 335/820/505
f 406/818/506 344/821/506 336/819/506
f 13/822/507 397/823/507 392/824/507
f 13/822/508 393/825/508 397/823/508
f 395/826/509 13/827/509 392/828/509
f 395/826/510 394/25/510 13/827/510
f 413/829/511 394/830/511 395/831/511
f 413/829/512 187/832/512 394/830/512
f 397/833/513 183/834/513 396/835/513
f 397/833/514 393/836/514 183/834/514
f 398/837/333 369/838/333 370/839/333
f 398/837/515 399/840/515 369/838/515
f 398/837/516 368/841/516 399/840/516
f 353/842/516 368/841/516 398/837/516
f 400/843/299 399/844/299 368/845/299
f 401/846/299 399/844/299 400/843/299
f 401/846/300 369/847/300 399/844/300
f 321/848/300 369/847/300 401/846/300
f 403/849/517 328/850/517 402/851/517
f 404/852/518 328/850/518 403/849/518
f 404/852/519 326/853/519 328/850/519
f 405/854/520 326/853/520 404/852/520
f 405/854/521 335/820/521 326/853/521
f 406/818/522 335/820/522 405/854/522
f 407/855/523 408/21/523 417/856/523
f 549/857/524 408/21/524 407/855/524
f 549/857/525 550/19/525 408/21/525
f 552/858/526 550/19/526 549/857/526
f 372/859/527 419/860/527 409/861/527
f 410/862/528 419/860/528 372/859/528
f 410/862/529 420/863/529 419/860/529
f 411/864/530 420/863/530 410/862/530
f 442/865/531 412/866/531 460/867/531
f 535/868/532 412/866/532 442/865/532
f 535/868/533 479/869/533 412/866/533
f 432/870/534 187/871/534 413/872/534
f 432/870/535 414/873/535 187/871/535
f 396/874/536 414/875/536 432/876/536
f 396/874/537 183/877/537 414/875/537
f 415/878/538 18/34/538 19/879/538
f 415/878/539 416/880/539 18/34/539
f 374/881/540 408/882/540 12/883/540
f 374/881/541 417/884/541 408/882/541
f 374/881/541 418/885/541 417/884/541
f 431/886/540 418/885/540 374/881/540
f 409/887/542 422/888/542 355/889/542
f 419/890/543 422/888/543 409/887/543
f 419/890/544 421/891/544 422/888/544
f 420/892/545 421/891/545 419/890/545
f 356/759/546 422/756/546 421/893/546
f 437/894/547 424/895/547 423/896/547
f 437/894/548 542/897/548 424/895/548
f 433/898/549 542/897/549 437/894/549
f 531/899/550 477/900/550 478/901/550
f 532/902/551 477/900/551 531/899/551
f 532/902/551 509/903/551 477/900/551
f 502/904/552 425/905/552 428/906/552
f 502/904/553 388/907/553 425/905/553
f 427/908/554 504/909/554 430/910/554
f 427/908/555 426/911/555 504/909/555
f 499/811/556 426/911/556 427/908/556
f 427/908/557 425/812/557 499/811/557
f 427/908/558 428/912/558 425/812/558
f 427/908/559 429/913/559 428/912/559
f 430/910/560 429/913/560 427/908/560
f 396/914/280 392/915/280 397/916/280
f 432/917/280 392/915/280 396/914/280
f 375/918/561 431/919/561 374/920/561
f 436/921/561 431/919/561 375/918/561
f 436/921/562 418/922/562 431/919/562
f 435/923/562 418/922/562 436/921/562
f 407/924/563 418/922/563 435/923/563
f 407/924/564 417/925/564 418/922/564
f 413/926/280 392/927/280 432/928/280
f 413/926/280 395/929/280 392/927/280
f 441/930/565 434/931/565 433/932/565
f 441/930/566 480/933/566 434/931/566
f 436/934/567 407/935/567 435/936/567
f 436/934/567 375/937/567 407/935/567
f 438/938/568 433/939/568 437/940/568
f 438/938/569 441/941/569 433/939/569
f 438/938/570 439/942/570 441/941/570
f 440/943/571 439/942/571 438/938/571
f 480/944/572 439/945/572 483/946/572
f 441/947/573 439/945/573 480/944/573
f 510/948/541 460/949/541 459/950/541
f 442/951/540 460/949/540 510/948/540
f 444/952/574 445/953/574 443/954/574
f 446/955/574 445/953/574 444/952/574
f 446/955/575 447/956/575 445/953/575
f 448/957/576 447/956/576 446/955/576
f 449/958/577 447/956/577 448/957/577
f 449/958/577 450/959/577 447/956/577
f 451/960/578 450/959/578 449/958/578
f 451/960/579 452/961/579 450/959/579
f 453/962/132 18/34/132 416/880/132
f 453/962/132 454/32/132 18/34/132
f 455/963/580 454/32/580 453/962/580
f 455/963/581 456/35/581 454/32/581
f 494/964/582 457/965/582 492/966/582
f 494/964/540 458/967/540 457/965/540
f 460/968/541 509/969/541 459/970/541
f 460/968/541 477/971/541 509/969/541
f 462/972/583 461/973/583 466/974/583
f 462/972/584 463/975/584 461/973/584
f 465/976/585 463/975/585 462/972/585
f 465/976/586 464/977/586 463/975/586
f 465/976/587 461/978/587 464/977/587
f 466/979/588 461/978/588 465/976/588
f 468/980/574 469/981/574 467/982/574
f 470/983/574 469/981/574 468/980/574
f 470/983/589 471/984/589 469/981/589
f 472/985/590 471/984/590 470/983/590
f 472/985/591 473/986/591 471/984/591
f 474/987/592 473/986/592 472/985/592
f 474/987/593 475/988/593 473/986/593
f 476/989/593 475/988/593 474/987/593
f 460/990/594 478/991/594 477/992/594
f 412/993/595 478/991/595 460/990/595
f 479/994/596 478/991/596 412/993/596
f 479/994/597 531/995/597 478/991/597
f 544/996/562 407/997/562 375/998/562
f 544/996/562 549/999/562 407/997/562
f 483/1000/598 537/1001/598 480/1002/598
f 483/1000/599 481/1003/599 537/1001/599
f 540/1004/600 440/1005/600 438/1006/600
f 540/1004/600 539/1007/600 440/1005/600
f 482/1008/601 440/1009/601 539/1010/601
f 482/1008/601 439/1011/601 440/1009/601
f 482/1008/602 483/1012/602 439/1011/602
f 481/1013/602 483/1012/602 482/1008/602
f 489/1014/603 485/1015/603 484/1016/603
f 486/1017/604 485/1015/604 489/1014/604
f 486/1017/605 487/1018/605 485/1015/605
f 488/1019/606 487/1018/606 486/1017/606
f 489/1020/607 487/1018/607 488/1019/607
f 489/1020/607 484/1016/607 487/1018/607
f 491/1021/608 490/1022/608 536/1023/608
f 491/1021/609 457/1024/609 490/1022/609
f 493/1025/610 457/1024/610 491/1021/610
f 493/1025/611 492/1026/611 457/1024/611
f 493/1025/612 494/1027/612 492/1026/612
f 495/1028/613 494/1027/613 493/1025/613
f 495/1028/614 458/1029/614 494/1027/614
f 496/1030/615 458/1029/615 495/1028/615
f 496/1030/616 497/1031/616 458/1029/616
f 498/1032/616 497/1031/616 496/1030/616
f 388/1033/617 500/1034/617 499/1035/617
f 501/1036/617 500/1034/617 388/1033/617
f 501/1037/618 502/904/618 505/1038/618
f 388/1039/618 502/904/618 501/1037/618
f 503/1040/619 426/1041/619 507/1042/619
f 504/1043/620 426/1041/620 503/1040/620
f 502/1044/621 11/1045/621 505/1046/621
f 428/1047/621 11/1045/621 502/1044/621
f 428/1047/622 506/1048/622 11/1045/622
f 429/1049/622 506/1048/622 428/1047/622
f 430/1050/623 506/1048/623 429/1049/623
f 430/1050/623 508/1051/623 506/1048/623
f 426/1052/624 500/1053/624 507/1054/624
f 426/1052/624 499/1055/624 500/1053/624
f 430/1056/625 503/1057/625 508/1058/625
f 430/1056/625 504/1059/625 503/1057/625
f 533/1060/626 509/969/626 532/1061/626
f 533/1060/626 459/1062/626 509/969/626
f 534/1063/627 459/1062/627 533/1060/627
f 534/1063/627 510/1064/627 459/1062/627
f 510/1065/628 535/1066/628 442/1067/628
f 510/1065/628 534/1068/628 535/1066/628
f 513/1069/578 512/1070/578 511/1071/578
f 513/1069/629 514/1072/629 512/1070/629
f 516/1073/630 514/1072/630 513/1069/630
f 516/1073/630 515/1074/630 514/1072/630
f 516/1073/575 517/1075/575 515/1074/575
f 518/1076/575 517/1075/575 516/1073/575
f 518/1076/574 519/1077/574 517/1075/574
f 520/1078/574 519/1077/574 518/1076/574
f 522/1079/574 523/1080/574 521/1081/574
f 524/1082/574 523/1080/574 522/1079/574
f 524/1082/631 525/1083/631 523/1080/631
f 526/1084/632 525/1083/632 524/1082/632
f 526/1084/633 527/1085/633 525/1083/633
f 528/1086/634 527/1085/634 526/1084/634
f 528/1086/635 529/1087/635 527/1085/635
f 530/1088/635 529/1087/635 528/1086/635
f 479/994/636 532/1089/636 531/995/636
f 533/1090/636 532/1089/636 479/994/636
f 479/1091/636 534/1092/636 533/1093/636
f 535/1094/567 534/1092/567 479/1091/567
f 498/1095/637 491/1096/637 536/1097/637
f 496/1098/637 491/1096/637 498/1095/637
f 496/1098/637 493/1099/637 491/1096/637
f 495/1100/638 493/1099/638 496/1098/638
f 482/1101/639 537/1102/639 481/1103/639
f 538/1104/640 537/1102/640 482/1101/640
f 538/1105/641 541/1106/641 542/1107/641
f 482/1108/642 541/1106/642 538/1105/642
f 482/1108/643 539/1109/643 541/1106/643
f 540/1110/644 541/1106/644 539/1109/644
f 423/1111/645 541/1106/645 540/1110/645
f 424/1112/646 541/1106/646 423/1111/646
f 424/1112/647 542/1107/647 541/1106/647
f 549/1113/648 547/1114/648 543/1115/648
f 549/1113/574 544/1116/574 547/1114/574
f 545/1117/649 538/1118/649 542/1119/649
f 545/1117/650 537/1120/650 538/1118/650
f 546/1121/561 544/996/561 551/1122/561
f 546/1121/561 547/1123/561 544/996/561
f 546/1121/562 543/1124/562 547/1123/562
f 548/1125/562 543/1124/562 546/1121/562
f 548/1125/563 549/999/563 543/1124/563
f 552/1126/651 549/999/651 548/1125/651
f 550/1127/636 551/1128/636 376/1129/636
f 552/1130/636 551/1128/636 550/1127/636
f 552/1130/636 546/1131/636 551/1128/636
f 548/1132/636 546/1131/636 552/1130/636
f 554/1133/652 553/1134/652 599/1135/652
f 599/1135/653 553/1134/653 602/1136/653
f 554/1133/652 555/1137/652 553/1134/652
f 554/1133/654 556/1138/654 555/1137/654
f 604/1139/655 556/1138/655 554/1133/655
f 571/1140/656 580/1141/656 577/1142/656
f 557/1143/657 580/1141/657 571/1140/657
f 577/1144/658 562/1145/658 558/1146/658
f 580/1147/659 562/1145/659 577/1144/659
f 565/1148/660 560/1149/660 559/1150/660
f 561/1151/661 560/1149/661 565/1148/661
f 564/1152/662 561/1153/662 565/1154/662
f 572/1155/663 561/1153/663 564/1152/663
f 558/1156/664 579/1157/664 576/1158/664
f 562/1159/665 579/1157/665 558/1156/665
f 559/1160/666 587/1161/666 563/1162/666
f 560/1163/667 587/1161/667 559/1160/667
f 573/1164/668 612/1165/668 591/1166/668
f 564/1167/669 612/1165/669 573/1164/669
f 565/1168/670 612/1165/670 564/1167/670
f 565/1168/671 586/1169/671 612/1165/671
f 559/1170/672 586/1169/672 565/1168/672
f 559/1170/673 563/1171/673 586/1169/673
f 639/1172/674 566/1173/674 623/1174/674
f 639/1172/675 567/1175/675 566/1173/675
f 637/1176/676 567/1175/676 639/1172/676
f 568/1177/677 567/1175/677 637/1176/677
f 568/1177/677 569/1178/677 567/1175/677
f 582/1179/678 571/1180/678 570/1181/678
f 582/1179/679 557/1182/679 571/1180/679
f 574/1183/680 564/1184/680 573/1185/680
f 574/1183/681 572/1186/681 564/1184/681
f 561/1187/682 587/1188/682 560/1189/682
f 561/1187/683 613/1190/683 587/1188/683
f 561/1187/684 590/1191/684 613/1190/684
f 572/1192/685 590/1191/685 561/1187/685
f 572/1192/686 575/1193/686 590/1191/686
f 574/1194/687 575/1193/687 572/1192/687
f 591/1166/688 574/1195/688 573/1164/688
f 575/1196/688 574/1195/688 591/1166/688
f 585/1197/689 558/1198/689 576/1199/689
f 592/1200/689 558/1198/689 585/1197/689
f 592/1200/690 577/1201/690 558/1198/690
f 594/1202/691 577/1201/691 592/1200/691
f 597/1203/692 577/1201/692 594/1202/692
f 597/1203/693 571/1204/693 577/1201/693
f 597/1203/694 570/1205/694 571/1204/694
f 598/1206/695 570/1205/695 597/1203/695
f 579/1207/696 593/1208/696 578/1209/696
f 562/1210/696 593/1208/696 579/1207/696
f 562/1210/697 595/1211/697 593/1208/697
f 580/1212/698 595/1211/698 562/1210/698
f 580/1212/699 596/1213/699 595/1211/699
f 557/1214/700 596/1213/700 580/1212/700
f 557/1214/701 581/1215/701 596/1213/701
f 582/1216/702 581/1215/702 557/1214/702
f 598/1217/703 582/1218/703 570/1219/703
f 581/1220/703 582/1218/703 598/1217/703
f 607/1221/704 556/1222/704 604/1223/704
f 583/1224/705 556/1222/705 607/1221/705
f 583/1224/706 555/1137/706 556/1222/706
f 584/1225/707 555/1137/707 583/1224/707
f 584/1225/708 553/1134/708 555/1137/708
f 584/1225/709 602/1136/709 553/1134/709
f 583/1224/710 602/1136/710 584/1225/710
f 583/1224/711 607/1221/711 602/1136/711
f 576/1226/712 578/1227/712 585/1228/712
f 576/1226/712 579/1229/712 578/1227/712
f 587/1230/713 586/1231/713 563/1232/713
f 587/1230/714 613/1233/714 586/1231/714
f 588/1234/715 642/1235/715 662/1236/715
f 588/1234/716 589/1237/716 642/1235/716
f 575/1238/717 612/1239/717 590/1240/717
f 575/1238/718 591/1241/718 612/1239/718
f 578/1242/719 592/1243/719 585/1244/719
f 578/1242/720 593/1245/720 592/1243/720
f 593/1246/721 594/1247/721 592/1248/721
f 593/1246/722 595/1249/722 594/1247/722
f 596/1250/723 594/1251/723 595/1252/723
f 596/1250/724 597/1253/724 594/1251/724
f 581/1254/725 597/1255/725 596/1256/725
f 581/1254/726 598/1257/726 597/1255/726
f 601/1258/727 599/1259/727 602/1260/727
f 601/1258/728 600/1261/728 599/1259/728
f 601/1262/729 607/1263/729 606/1264/729
f 601/1262/730 602/1265/730 607/1263/730
f 605/1266/731 554/1267/731 603/1268/731
f 605/1266/732 604/1269/732 554/1267/732
f 606/1270/733 604/1271/733 605/1272/733
f 606/1270/734 607/1273/734 604/1271/734
f 188/1274/735 618/1275/735 177/1276/735
f 188/1274/736 608/1277/736 618/1275/736
f 287/1278/737 608/1277/737 188/1274/737
f 287/1278/737 616/1279/737 608/1277/737
f 287/1278/737 615/1280/737 616/1279/737
f 609/1281/737 615/1280/737 287/1278/737
f 609/1281/738 610/1282/738 615/1280/738
f 611/1283/739 610/1282/739 609/1281/739
f 586/1284/740 590/1285/740 612/1286/740
f 613/1287/741 590/1285/741 586/1284/741
f 343/1288/742 610/1289/742 611/1290/742
f 373/1291/743 610/1289/743 343/1288/743
f 614/1292/744 610/1289/744 373/1291/744
f 614/1292/745 615/1293/745 610/1289/745
f 614/1292/746 616/1294/746 615/1293/746
f 296/1295/747 616/1294/747 614/1292/747
f 617/1296/748 616/1294/748 296/1295/748
f 617/1296/746 608/1297/746 616/1294/746
f 617/1296/749 618/1298/749 608/1297/749
f 216/1299/750 618/1298/750 617/1296/750
f 619/1300/751 618/1298/751 216/1299/751
f 619/1300/752 177/1301/752 618/1298/752
f 569/1302/753 621/1303/753 620/1304/753
f 569/1302/754 624/1305/754 621/1303/754
f 567/1306/755 620/1307/755 622/1308/755
f 567/1306/756 569/1309/756 620/1307/756
f 621/1310/757 623/1311/757 331/1312/757
f 621/1310/758 624/1313/758 623/1311/758
f 331/1314/759 566/1315/759 333/1316/759
f 331/1314/760 623/1317/760 566/1315/760
f 625/1318/761 641/1319/761 643/1320/761
f 625/1318/762 626/1321/762 641/1319/762
f 628/1322/763 643/1323/763 627/1324/763
f 628/1322/764 625/1325/764 643/1323/764
f 629/1326/765 628/1327/765 627/1328/765
f 629/1326/766 645/1329/766 628/1327/766
f 650/1330/767 645/1331/767 629/1332/767
f 650/1330/768 647/1333/768 645/1331/768
f 652/1334/769 631/1335/769 630/1336/769
f 652/1334/770 655/1337/770 631/1335/770
f 631/1338/771 632/1339/771 630/1340/771
f 631/1338/772 633/1341/772 632/1339/772
f 633/1342/773 634/1343/773 632/1344/773
f 633/1342/774 635/1345/774 634/1343/774
f 568/1346/775 624/1347/775 569/1348/775
f 568/1346/775 636/1349/775 624/1347/775
f 637/1176/776 636/1349/776 568/1346/776
f 637/1176/776 638/1350/776 636/1349/776
f 639/1172/777 638/1350/777 637/1176/777
f 623/1174/778 638/1350/778 639/1172/778
f 623/1174/779 636/1349/779 638/1350/779
f 624/1347/780 636/1349/780 623/1174/780
f 644/1351/781 626/1352/781 640/1353/781
f 641/1354/781 626/1352/781 644/1351/781
f 650/1355/782 656/1356/782 649/1357/782
f 629/1358/782 656/1356/782 650/1355/782
f 629/1358/783 642/1359/783 656/1356/783
f 627/1360/784 642/1359/784 629/1358/784
f 643/1361/785 642/1359/785 627/1360/785
f 643/1361/786 662/1362/786 642/1359/786
f 641/1363/787 662/1362/787 643/1361/787
f 641/1363/788 644/1364/788 662/1362/788
f 625/1365/789 640/1366/789 626/1367/789
f 625/1365/790 588/1368/790 640/1366/790
f 625/1365/791 589/1369/791 588/1368/791
f 628/1370/792 589/1369/792 625/1365/792
f 645/1371/793 589/1369/793 628/1370/793
f 645/1371/794 646/1372/794 589/1369/794
f 647/1373/795 646/1372/795 645/1371/795
f 647/1373/795 648/1374/795 646/1372/795
f 647/1375/796 649/1376/796 648/1377/796
f 647/1375/796 650/1378/796 649/1376/796
f 630/1379/797 651/1380/797 652/1381/797
f 630/1379/798 658/1382/798 651/1380/798
f 632/1383/799 658/1382/799 630/1379/799
f 632/1383/800 661/1384/800 658/1382/800
f 634/1385/801 661/1384/801 632/1383/801
f 634/1385/802 660/1386/802 661/1384/802
f 657/1387/803 652/1388/803 651/1389/803
f 657/1387/803 655/1390/803 652/1388/803
f 635/1391/804 660/1392/804 634/1393/804
f 635/1391/804 659/1394/804 660/1392/804
f 633/1395/805 659/1394/805 635/1391/805
f 633/1395/806 653/1396/806 659/1394/806
f 633/1395/807 654/1397/807 653/1396/807
f 631/1398/808 654/1397/808 633/1395/808
f 631/1398/809 657/1399/809 654/1397/809
f 655/1400/810 657/1399/810 631/1398/810
f 649/1401/811 646/1402/811 648/1403/811
f 656/1404/812 646/1402/812 649/1401/812
f 656/1405/813 589/1406/813 646/1407/813
f 642/1408/814 589/1406/814 656/1405/814
f 651/1409/815 654/1410/815 657/1411/815
f 658/1412/816 654/1410/816 651/1409/816
f 653/1413/817 660/1414/817 659/1415/817
f 661/1416/818 660/1414/818 653/1413/818
f 658/1417/819 653/1418/819 654/1419/819
f 661/1420/820 653/1418/820 658/1417/820
f 588/1421/821 644/1422/821 640/1423/821
f 662/1424/822 644/1422/822 588/1421/822
f 666/1425/823 664/1426/823 663/1427/823
f 663/1427/823 664/1426/823 665/1428/823
f 668/1429/823 669/1430/823 667/1431/823
f 670/1432/823 669/1430/823 668/1429/823
f 674/1433/824 672/1434/824 671/1435/824
f 671/1435/824 672/1434/824 673/1436/824
