# Blender 4.0.2
# www.blender.org
mtllib mikufigure.mtl
o _3_0
v -4.812961 16.109812 4.524248
v -4.953721 16.485176 4.331034
v -4.342400 16.070347 3.286278
v -5.238969 17.024569 3.447312
v -5.411334 16.744236 2.911973
v -5.344754 16.849777 3.520458
v -5.491930 16.605986 3.061577
v -5.133543 16.780863 4.009959
v -5.344754 16.849777 3.520458
v -2.850452 15.648761 2.775402
v -2.730776 15.792683 3.115133
v -4.791819 14.896696 3.683428
v -4.613698 15.173778 4.231607
v -4.805803 15.254290 4.196340
v -4.957533 15.006910 3.724910
v -4.616944 16.161873 4.622606
v -2.741856 16.394817 3.318550
v -4.781682 16.617167 4.402869
v -2.834792 16.650206 3.194761
v -1.847931 16.602732 2.870040
v -1.939874 16.807894 2.726827
v -4.812961 16.109812 4.524248
v -4.953721 16.485176 4.331034
v -5.541647 16.214352 2.781685
v -5.503635 15.761561 2.691936
v -4.957533 15.006910 3.724910
v -4.805803 15.254290 4.196340
v -5.356769 15.350905 2.885917
v -1.906317 15.875531 2.442646
v -2.850452 15.648761 2.775402
v -2.029264 15.863017 2.138567
v -2.996118 15.676126 2.439176
v -5.473792 16.297117 2.578417
v -3.237339 16.476248 2.170338
v -3.221987 16.176975 2.092704
v -5.423882 15.755054 2.481793
v -2.960191 16.813734 2.958779
v -3.094185 16.856451 2.656160
v -4.993994 16.946892 4.015983
v -5.238969 17.024569 3.447312
v -4.564623 15.640751 4.540342
v -4.771678 15.669536 4.447665
v -3.124563 15.897641 2.218028
v -5.256699 15.280821 2.699854
v -5.541647 16.214352 2.781685
v -5.503635 15.761561 2.691936
v -3.195923 16.715700 2.360290
v -5.411334 16.744236 2.911973
v -2.708366 16.090454 3.282098
v -4.993994 16.946892 4.015983
v -2.960191 16.813734 2.958779
v -3.195923 16.715700 2.360290
v -1.805213 16.323065 2.864267
v -4.771678 15.669536 4.447665
v -5.491930 16.605986 3.061577
v -1.906317 15.875531 2.442646
v -1.810728 16.035137 2.737849
v -2.286446 16.271587 1.680604
v -2.311334 16.551422 1.729862
v -2.248208 16.781195 1.966111
v -2.168113 16.934877 2.221249
v -3.094185 16.856451 2.656160
v -5.356769 15.350905 2.885917
v -2.053084 16.925535 2.497495
v -2.151251 16.034637 1.909085
v -4.957533 15.006910 3.724910
v -5.163721 15.042036 3.234066
v -4.791819 14.896696 3.683428
v -5.028594 14.933073 3.118186
v -5.163721 15.042036 3.234066
v -5.133543 16.780863 4.009959
v 4.926021 16.736393 5.639312
v 4.746715 17.080803 5.856780
v 3.656773 16.773769 5.260851
v 3.890677 17.558708 6.295126
v 3.366960 17.250338 6.454944
v 3.969838 17.368479 6.363376
v 3.520869 17.100826 6.499171
v 4.442093 17.339361 6.108171
v 3.969838 17.368479 6.363376
v 3.035114 16.615330 3.759835
v 3.366426 16.779278 3.642437
v 4.075706 15.541716 5.469693
v 4.611779 15.847915 5.302677
v 4.591289 15.893720 5.507930
v 4.130079 15.621728 5.648515
v 5.010272 16.822161 5.448608
v 3.575159 17.371317 3.742840
v 4.806937 17.240995 5.705457
v 3.460614 17.606096 3.887470
v 3.064516 17.729160 2.933748
v 2.930106 17.914717 3.070104
v 4.926021 16.736393 5.639312
v 4.746715 17.080803 5.856780
v 3.242061 16.705271 6.500581
v 3.145988 16.265581 6.391309
v 4.130079 15.621728 5.648515
v 4.591289 15.893720 5.507930
v 3.325294 15.887462 6.161634
v 2.636413 17.001123 2.896280
v 3.035114 16.615330 3.759835
v 2.342004 16.966082 3.037098
v 2.710618 16.615582 3.932274
v 3.035098 16.797632 6.463145
v 2.466794 17.360470 4.327588
v 2.385731 17.068039 4.266263
v 2.930548 16.272087 6.327208
v 3.235770 17.744429 4.056230
v 2.944080 17.761950 4.217389
v 4.439332 17.527168 5.999465
v 3.890677 17.558708 6.295126
v 4.920030 16.317726 5.312880
v 4.842914 16.309717 5.528004
v 2.501285 16.810480 4.113007
v 3.131863 15.834983 6.064811
v 3.242061 16.705271 6.500581
v 3.145988 16.265581 6.391309
v 2.655236 17.604343 4.314579
v 3.366960 17.250338 6.454944
v 3.533809 17.077131 3.659841
v 4.439332 17.527168 5.999465
v 3.235770 17.744429 4.056230
v 2.655236 17.604343 4.314579
v 3.053294 17.461174 2.843733
v 4.842914 16.309717 5.528004
v 3.520869 17.100826 6.499171
v 2.636413 17.001123 2.896280
v 2.925208 17.176167 2.808475
v 1.985269 17.328432 3.352524
v 2.038558 17.600006 3.421899
v 2.193660 17.831615 3.423959
v 2.443575 17.997982 3.353300
v 2.944080 17.761950 4.217389
v 3.325294 15.887462 6.161634
v 2.710627 18.009912 3.218481
v 2.123459 17.112925 3.203446
v 4.130079 15.621728 5.648515
v 3.655863 15.618391 5.893015
v 4.075706 15.541716 5.469693
v 3.529537 15.533957 5.749886
v 3.655863 15.618391 5.893015
v 4.442093 17.339361 6.108171
v 3.062497 23.108582 1.919387
v 2.935771 23.872158 1.828320
v 2.316907 22.904169 0.907880
v 2.242018 23.687355 0.743300
v 3.262894 20.864319 2.252435
v 3.126873 22.032629 1.994627
v 2.688642 20.663830 1.721618
v 2.461254 21.797684 1.269094
v 2.917240 20.818096 3.040358
v 3.283677 20.868574 2.798278
v 2.906477 21.994001 3.020226
v 3.250663 22.083523 2.749645
v 2.537712 23.665997 3.326742
v 2.756457 23.004955 3.208476
v 2.076220 24.754295 0.645116
v 2.396160 24.849325 0.641537
v 2.888381 23.826355 0.725012
v 3.105056 23.101906 2.895994
v 2.756457 23.004955 3.208476
v 2.537712 23.665997 3.326742
v 2.858078 23.902529 2.985534
v 3.313321 19.915854 2.309704
v 2.917783 19.115398 3.423834
v 2.788219 19.811230 2.328035
v 3.153914 19.913769 2.644762
v 2.917783 19.115398 3.423834
v 2.944581 19.876472 3.204606
v 3.094001 23.870073 1.747131
v 2.560347 24.790005 1.770818
v 2.476122 24.695223 3.333233
v 3.351392 23.177746 1.777685
v 3.550796 20.897106 2.200806
v 3.528853 22.123571 1.886923
v 3.371641 19.937712 2.670058
v 2.112079 24.425985 3.638889
v 1.829041 25.418003 3.445342
v 1.437107 25.148516 3.736247
v 2.025542 25.546907 1.851214
v 1.848765 25.606562 0.725162
v 1.540113 25.513868 0.725629
v 3.047279 23.057686 0.872329
v 2.445335 24.726177 1.851923
v 2.112079 24.425985 3.638889
v 1.853354 25.455299 1.928056
v 1.437107 25.148516 3.736247
v 2.076220 24.754295 0.645116
v 1.540113 25.513868 0.725629
v 3.256336 20.770206 1.728727
v 3.357566 20.403103 1.903986
v 2.688642 20.663830 1.721618
v 2.750666 20.244495 1.942356
v 3.251973 20.433472 2.350778
v 2.788219 19.811230 2.328035
v 2.750666 20.244495 1.942356
v 2.917240 20.818096 3.040358
v 2.940359 20.326427 3.081634
v 3.272389 20.401934 2.840037
v 2.940359 20.326427 3.081634
v 3.533676 20.437809 2.340950
v 3.186453 21.979485 1.252992
v 2.461254 21.797684 1.269094
v 2.906477 21.994001 3.020226
v 2.944581 19.876472 3.204606
v 3.177618 19.909929 3.015455
v 1.778289 26.553276 1.032128
v 0.667213 27.081989 1.719457
v 1.957361 26.446064 3.276331
v 0.925121 26.945158 3.242700
v 0.384584 22.604397 5.642589
v 0.073171 23.117090 5.733155
v 0.172806 22.398233 6.249188
v -0.294118 22.852776 6.499170
v -1.502059 26.671331 4.012811
v -1.774526 26.485443 3.876006
v -1.699286 26.596245 4.043522
v -4.095830 23.667330 6.195825
v -4.414536 22.862537 6.257615
v -4.171504 23.439476 6.031987
v -4.445948 22.787865 6.076115
v -1.544785 26.006538 4.676711
v -1.015162 26.694944 4.665940
v -1.699286 26.596245 4.043522
v -1.502059 26.671331 4.012811
v -1.992970 26.372976 4.096752
v -1.992970 26.372976 4.096752
v -2.550653 26.500380 4.190598
v -2.568916 26.040245 5.020013
v -3.044767 26.081629 4.956679
v -2.721415 21.730103 5.482565
v -2.456807 21.864346 5.702145
v -2.929713 22.301702 5.663731
v -2.504047 22.377792 5.875484
v -1.733177 17.649982 4.063590
v -2.157475 18.513847 4.349472
v -2.268649 18.473799 4.452085
v -0.196860 23.530167 5.589893
v -0.666153 23.330847 6.645611
v 3.799593 21.185617 2.328384
v 3.366560 22.279676 3.192715
v 3.534786 21.103771 2.323928
v 2.909439 22.068340 3.293753
v -2.189188 26.368303 5.181739
v -2.568916 26.040245 5.020013
v -1.838569 25.483582 6.130346
v -2.258546 24.838812 5.758753
v -4.730563 23.815256 6.236874
v -5.005074 22.906256 6.374379
v -4.788540 23.625532 5.515229
v -5.049068 22.725540 5.777016
v -1.183996 24.005236 6.643133
v -1.950111 23.515148 5.385482
v -4.340631 24.734770 5.882141
v -3.591879 24.667109 5.865238
v -0.507481 24.073315 5.385482
v -1.087606 25.225523 5.172928
v -1.544785 26.006538 4.676711
v 0.693878 21.870687 5.634464
v 1.132376 21.358826 5.031011
v 0.773365 21.998672 5.408194
v -4.003487 19.192991 3.411903
v -3.111614 18.199638 3.760911
v -3.941195 19.186565 4.647902
v -2.913152 18.226004 4.268042
v 2.790672 23.226889 4.314413
v 1.894453 24.419312 5.172428
v 2.002181 22.893158 4.217488
v 0.819570 23.674421 5.156734
v -3.536838 24.561148 5.859490
v -3.261659 25.433521 5.506827
v -0.841471 27.186365 3.117175
v -1.785740 26.731237 3.302980
v 0.426451 21.658434 5.517098
v -3.893522 25.553915 5.390329
v -1.456864 22.940964 5.677890
v -2.550653 26.500380 4.190598
v -1.785740 26.731237 3.302980
v -2.928303 26.475599 3.988582
v -4.514205 24.547132 5.191601
v -2.367810 21.428576 5.529171
v -2.244420 20.882589 5.126625
v -2.226357 21.455608 5.356007
v -0.902168 22.485754 5.907897
v 4.036050 22.567101 2.395180
v 3.891478 21.266214 1.979885
v 3.113091 25.301115 3.120320
v 3.869885 23.993303 2.851358
v -0.217535 22.025955 5.771502
v -3.633528 19.232454 4.939810
v -3.069055 19.475245 5.002635
v -3.587932 20.779217 5.683506
v -4.241396 20.667500 5.524258
v 0.068599 26.219044 5.173604
v -1.087606 25.225523 5.172928
v -2.523420 18.366755 4.485977
v -2.771525 18.205395 4.447131
v -5.431841 24.294830 3.044021
v -5.662024 23.119593 3.193541
v -4.890587 24.429073 4.986948
v -5.116782 23.195185 5.183333
v -3.940995 22.164204 6.034499
v -4.616577 22.060413 5.701711
v -2.576141 21.353653 5.339545
v -3.045735 20.931650 5.403314
v -2.929713 22.301702 5.663731
v -1.774526 26.485443 3.876006
v -1.502059 26.671331 4.012811
v -1.785740 26.731237 3.302980
v 3.005028 25.264570 0.615422
v 3.622891 23.864817 0.733572
v -1.785740 26.731237 3.302980
v -1.925682 26.706625 2.760983
v -1.006168 27.195210 2.418115
v 3.698439 20.242161 1.651985
v -5.011598 21.958124 5.186847
v -4.460373 23.453993 5.792776
v 0.953980 25.491758 5.533659
v -0.507481 24.073315 5.385482
v 0.025889 27.214731 3.127345
v -1.785740 26.731237 3.302980
v -1.925682 26.706625 2.760983
v -2.969961 26.475349 3.596038
v -3.122519 26.579975 2.915167
v -4.514205 24.547132 5.191601
v -3.536838 24.561148 5.859490
v -3.775690 23.473766 6.058252
v -2.887822 23.311657 5.907797
v -2.478650 23.234230 6.073036
v -3.924434 26.145123 2.953638
v -4.991291 25.248552 3.021169
v -3.808904 26.064693 4.041236
v -4.413568 25.371115 4.558570
v 3.945142 22.427017 1.140049
v 3.983947 21.250278 1.435894
v -3.261659 25.433521 5.506827
v -2.622413 25.218431 5.684814
v -2.798223 24.240515 5.913020
v -5.077977 21.965384 6.258192
v -4.710021 22.010435 6.263440
v -3.044767 26.081629 4.956679
v -3.509873 26.089888 4.748080
v -5.117483 21.937767 5.945735
v -5.054283 21.082163 6.074281
v -2.317791 24.050539 5.998698
v -1.950111 23.515148 5.385482
v -2.258546 24.838812 5.758753
v -1.785740 26.731237 3.302980
v -2.612343 19.653540 4.601999
v -2.752527 19.610573 4.813743
v -2.921879 20.985044 4.967109
v -3.598871 26.017969 4.425561
v -4.149561 25.454714 4.843585
v -4.694194 20.572470 5.079318
v -4.861377 20.645725 3.318107
v -5.398685 21.949030 3.209193
v -2.798223 24.240515 5.913020
v -2.622413 25.218431 5.684814
v -2.161288 23.045172 5.423252
v -2.231346 21.848326 5.366945
v -3.598871 26.017969 4.425561
v -4.149561 25.454714 4.843585
v -0.196084 27.219486 2.159957
v -2.887822 23.311657 5.907797
v -2.928303 26.475599 3.988582
v -2.865704 22.245132 5.215621
v -2.568916 26.040245 5.020013
v -2.268883 22.375122 5.403111
v -1.785740 26.731237 3.302980
v -4.791953 21.909067 6.108904
v -6.908537 24.571159 0.560173
v -6.886319 24.959791 0.397979
v -7.917675 24.253029 0.350723
v -8.178670 24.703068 0.088243
v -7.536345 22.899998 -1.030859
v -7.005428 23.379820 -0.751376
v -7.600112 22.833420 -0.604091
v -7.112455 23.332264 -0.167412
v -7.631625 13.543748 -4.792296
v -7.289433 13.713117 -5.140479
v -5.485773 10.537745 -4.877248
v -5.212772 10.752666 -5.495252
v -3.571304 7.158886 -2.874239
v -4.081880 7.373751 -2.714884
v -4.113660 7.420548 -2.420965
v -8.802006 23.083218 -0.429291
v -9.047298 23.209536 -0.938783
v -8.255053 24.985737 -0.307287
v -7.520684 22.831667 -0.221643
v -7.237313 23.439142 0.280640
v -7.880606 22.844181 -0.010358
v -7.645542 23.921719 0.489097
v -6.828275 25.167288 0.096979
v -8.006005 24.818039 -0.806433
v -6.620610 25.033045 -0.264486
v -7.953242 23.104326 -1.854092
v -7.329148 23.966105 -1.216956
v -7.381210 22.868628 -1.465586
v -6.938682 23.505304 -1.047512
v -9.258050 20.106079 -1.373276
v -9.618230 20.187845 -1.880038
v -6.344998 24.188620 -0.520275
v -5.924755 23.873493 -0.153420
v -5.571659 11.129032 -0.084311
v -6.224587 10.836433 0.299723
v -5.327392 9.448944 0.017936
v -8.343108 23.266270 -1.838723
v -8.817357 23.208782 -1.563136
v -7.767129 24.499825 -1.224824
v -8.203567 20.193769 -2.308641
v -7.381210 22.868628 -1.465586
v -7.657089 20.265770 -2.642907
v -6.280295 23.514233 0.348662
v -7.237313 23.439142 0.280640
v -6.301071 23.702957 0.646793
v 8.511075 10.116157 -1.522511
v 8.686368 9.953130 -1.967917
v 9.703999 13.165463 -1.758117
v 10.209269 12.827894 -3.227512
v -8.360479 22.952978 -0.121073
v -6.050113 23.650311 -0.021079
v 6.071713 12.694485 -3.995838
v 5.479265 16.082027 -4.500391
v 5.190145 12.596284 -3.790651
v 5.230067 16.115318 -4.658605
v -7.520684 22.831667 -0.221643
v -7.864654 20.050348 -1.094276
v -8.555628 20.049931 -1.525191
v 8.375831 12.217749 -3.965527
v 8.271398 13.333915 -4.518161
v 6.071713 12.694485 -3.995838
v 6.432970 11.583575 -3.364751
v -6.938682 23.505304 -1.047512
v -5.924755 23.873493 -0.153420
v -8.761707 20.368561 -2.989687
v -8.214437 20.403269 -3.212195
v -8.740600 20.054270 -1.060845
v -9.054057 16.254232 -1.260624
v -9.492663 16.237631 -1.622080
v -6.678587 24.118870 0.656880
v -6.067108 24.342552 0.762957
v -6.205782 24.015247 0.803589
v -6.471365 24.654758 -0.587029
v -5.485773 10.537745 -4.877248
v -6.714990 13.666644 -4.367406
v -6.633659 10.486933 -3.746590
v -7.811123 13.551591 -3.530124
v 8.237040 10.007360 -1.586378
v 8.310344 10.141438 -1.329055
v 8.607607 13.080112 -2.013939
v 8.675688 13.299123 -0.566545
v -9.121469 12.853257 -1.464567
v -8.170310 13.085034 -0.883256
v -6.301071 23.702957 0.646793
v -5.724182 24.545713 0.088543
v -5.713644 24.374176 -0.170424
v 7.033611 17.222639 -1.908055
v 8.127033 14.676016 -0.543025
v 6.897082 17.288885 -1.407474
v 7.248468 14.785480 0.202873
v -9.289420 20.297476 -2.522363
v -8.164352 9.656442 -1.291243
v -6.494518 10.599985 -0.515008
v -5.824451 24.655428 0.276902
v -5.944528 24.598860 0.603133
v -5.840145 24.126713 -0.298318
v 1.751741 26.801989 -3.849590
v 1.716132 26.163895 -3.588070
v 1.201935 26.716887 -3.258827
v 1.296547 26.205526 -3.043078
v -3.847116 7.493502 -3.079918
v -3.797933 7.504522 -3.293724
v -8.487380 16.679991 -4.117583
v -9.066154 13.200505 -4.253454
v -9.483986 16.582624 -3.568703
v -3.555510 9.714845 -5.644297
v 4.401261 23.188677 -3.078862
v 4.811885 23.475101 -3.161068
v 2.839631 25.663546 -2.681922
v 3.176733 25.907255 -2.654756
v -6.599502 13.845525 -4.574161
v -7.999614 16.831589 -4.370152
v -7.434907 16.846941 -4.011699
v -6.159084 9.323462 -0.768794
v -4.113660 7.420548 -2.420965
v -4.301684 7.254884 -2.545739
v -7.250195 8.542195 -1.583283
v -7.609549 20.293472 -2.845767
v -4.692659 10.953322 -4.997926
v -3.555510 9.714845 -5.644297
v -7.661703 13.249480 -0.422740
v -7.663113 9.816133 -4.457230
v -10.109482 12.729443 -2.637817
v -8.985974 9.258634 -2.738821
v 8.675688 13.299123 -0.566545
v 8.310344 10.141438 -1.329055
v -10.251068 16.328739 -2.539575
v -8.385592 16.269085 -0.878250
v -8.268536 20.011467 -0.769229
v -3.571304 7.158886 -2.874239
v -8.050734 13.289779 -1.944531
v -7.079700 10.389650 -1.886320
v -4.207171 7.213400 -3.242572
v -3.797933 7.504522 -3.293724
v -6.128573 9.225511 -3.677699
v -6.574238 9.226095 -2.168156
v -7.609549 20.293472 -2.845767
v -6.494518 10.599985 -0.515008
v -5.571659 11.129032 -0.084311
v -5.327392 9.448944 0.017936
v -4.483652 7.005778 -2.946393
v 8.275511 14.349127 -2.010627
v -4.765797 9.627574 -4.477713
v -6.693080 8.777810 -4.260345
v -8.239025 16.609324 -3.150821
v -8.735843 16.390228 -2.015341
v -7.874248 16.421099 -1.404036
v -6.948752 13.485429 -0.769954
v -7.254475 13.438706 -1.190548
v -7.783548 19.979179 -0.923380
v -7.804732 16.356855 -1.116176
v -7.524731 16.814068 -3.818084
v -7.434907 16.846941 -4.011699
v -6.599502 13.845525 -4.574161
v -7.982752 7.970296 -2.865463
v -4.692659 10.953322 -4.997926
v -7.804732 16.356855 -1.116176
v -7.783548 19.979179 -0.923380
v -6.948752 13.485429 -0.769954
v 3.056598 24.679121 -4.815218
v 2.515352 25.531639 -4.355620
v 2.732436 25.845680 -4.533807
v 4.373178 23.223719 -3.275521
v 4.778036 23.370142 -3.961715
v 6.066724 20.001289 -2.937500
v 6.583357 20.074041 -3.851975
v 6.723308 20.248417 -2.678241
v 5.066556 23.611849 -3.633273
v 7.149308 20.345449 -3.308743
v 2.404570 26.190678 -2.154801
v 2.229511 25.895073 -2.486080
v 2.839631 25.663546 -2.681922
v 2.780869 25.571604 -3.056810
v 7.510973 17.147633 -2.906755
v 6.683694 16.716034 -4.237026
v 5.710315 19.671478 -4.663693
v 7.313980 13.596811 -3.487406
v -4.765797 9.627574 -4.477713
v 4.179947 23.070620 -4.518822
v 4.818334 19.343922 -4.965639
v 3.609241 22.782776 -4.582999
v 3.493520 22.715946 -4.745226
v 4.667470 19.269667 -5.100966
v -6.159084 9.323462 -0.768794
v 9.231602 17.247168 -4.354793
v 7.642388 16.662638 -5.383204
v 7.672365 20.392839 -4.976175
v 6.597616 19.958321 -5.580229
v 1.796828 27.573326 -2.492162
v 1.320309 27.316019 -2.069024
v 1.983626 27.256866 -2.204811
v 1.605099 27.061548 -1.890110
v 2.561991 25.453630 -3.415706
v 1.939623 25.688993 -2.963800
v 6.144275 16.192993 -5.267247
v 5.672913 16.078024 -5.446736
v 5.550116 12.530622 -4.447902
v 8.020815 9.475810 -1.531813
v 3.588182 26.419950 -4.038725
v 2.139312 27.733934 -3.304356
v 3.626862 26.377481 -3.462637
v 2.361343 27.599108 -2.886374
v 2.404570 26.190678 -2.154801
v 2.512966 26.845457 -2.204861
v 1.534381 27.688379 -2.816649
v 1.334092 27.330870 -3.114238
v 1.887011 27.313850 -3.619249
v 2.323907 25.211090 -3.729388
v 1.726335 25.661879 -3.212129
v 5.345380 23.768284 -4.145160
v 5.424199 23.815842 -4.763565
v 1.430482 25.832331 -2.706117
v 8.117663 13.281853 0.548352
v 8.031753 14.999652 0.284287
v 7.248468 14.785480 0.202873
v 3.216389 26.104990 -4.491523
v 2.323907 25.211090 -3.729388
v 2.005419 25.996695 -2.144505
v 1.532963 25.845430 -1.724228
v 1.562999 26.056097 -1.499636
v 2.175597 26.400425 -1.894273
v 3.453280 26.175491 -2.978175
v 2.493860 27.196878 -2.486088
v 1.648885 25.833250 -2.495691
v 1.189778 25.773428 -1.915181
v 1.066298 27.358652 -2.334882
v 0.869755 27.031263 -2.549405
v 6.133938 20.023899 -2.643091
v 1.430482 25.832331 -2.706117
v 0.957593 25.859198 -1.964098
v 4.309352 23.219965 -5.391472
v 3.792985 22.939211 -5.351391
v 7.396586 20.363722 -3.818184
v 1.152851 26.457411 -1.307047
v 1.741395 26.570879 -1.681427
v 1.410141 26.280783 -1.335773
v 1.726335 25.661879 -3.212129
v 8.046838 17.395094 -1.993448
v 8.745438 17.372234 -2.896660
v 1.051088 26.124929 -2.558716
v 0.957593 25.859198 -1.964098
v 2.115625 26.887926 -1.949815
v 2.175597 26.400425 -1.894273
v 1.562999 26.056097 -1.499636
v 0.866718 26.543598 -2.727209
v 0.580493 26.139282 -1.885588
v 0.598105 26.324837 -1.687326
v 10.124166 14.104167 -3.514638
v 4.906773 23.546270 -5.201429
v 9.709506 14.490128 -1.891159
v 8.127033 14.676016 -0.543025
v 0.678418 26.487364 -1.581200
v 0.897413 26.563288 -1.378057
v 0.733642 25.981760 -2.039113
v 7.895048 9.835572 -1.823537
v 7.792976 9.752139 -1.999246
v 5.566886 19.477497 -5.633994
v 4.517025 10.725302 -3.313064
v 8.020815 9.475810 -1.531813
v 5.017313 19.336578 -5.664206
v 4.667470 19.269667 -5.100966
v 5.230067 16.115318 -4.658605
v 3.493520 22.715946 -4.745226
v 4.517025 10.725302 -3.313064
v 7.699998 17.494547 -1.384922
v 8.275411 9.833904 -2.123344
v 7.792976 9.752139 -1.999246
v 7.861725 12.365676 -3.202524
v 5.190145 12.596284 -3.790651
v 8.117663 13.281853 0.548352
v 4.401261 23.188677 -3.078862
v 6.133938 20.023899 -2.643091
v 6.897082 17.288885 -1.407474
v 6.432970 11.583575 -3.364751
v -3.994159 20.280289 2.344421
v -3.863812 20.448322 3.218647
v -5.302295 20.902782 1.750728
v -4.423772 21.862011 3.931030
v -6.161888 24.052290 0.440138
v -6.097820 23.505220 1.620272
v -5.727528 24.518930 1.778068
v 2.831071 23.930727 1.892488
v 2.775613 22.341665 1.353036
v 2.882332 23.236732 -0.549076
v 2.529102 22.140427 0.511440
v -0.226128 18.360329 0.337751
v -1.459108 18.087589 0.868576
v -0.463820 18.483143 -0.383460
v -2.059675 17.985968 -0.103351
v 1.071212 18.878698 -0.983109
v 1.057354 18.805195 0.161474
v -0.463820 18.483143 -0.383460
v -0.226128 18.360329 0.337751
v 0.436229 25.020779 -2.973102
v 1.379738 24.447762 -2.639045
v 0.039614 24.183363 -3.358796
v 1.393280 23.327843 -2.914641
v 2.882332 23.236732 -0.549076
v 2.539865 24.944187 1.507195
v -4.084859 24.754128 4.185900
v -5.206848 24.738108 2.833303
v -4.764220 23.470596 3.934075
v -5.590889 23.742086 2.785696
v 2.029264 24.633150 -2.083649
v 2.388609 23.728987 -2.053113
v 1.379738 24.447762 -2.639045
v 1.393280 23.327843 -2.914641
v -0.284047 27.171680 -0.624241
v -0.190444 26.783550 -1.816430
v -1.108114 26.908449 -1.606463
v -6.161888 24.052290 0.440138
v -5.451615 25.213926 1.212118
v -4.981254 25.832165 0.695618
v 1.425860 26.558781 -0.231964
v 2.115717 25.847349 -0.687641
v 1.327109 26.187838 -1.654070
v 0.610437 26.942574 -0.491249
v 1.425860 26.558781 -0.231964
v 1.327109 26.187838 -1.654070
v -4.116038 20.120764 1.740499
v -5.162320 19.949392 0.784141
v -2.404144 16.528395 0.728108
v -1.459108 18.087589 0.868576
v -2.522911 18.040781 0.948012
v -2.522911 18.040781 0.948012
v -2.059675 17.985968 -0.103351
v 1.888779 19.298784 -0.291634
v 2.148222 19.631598 0.733006
v 1.234031 18.808365 1.219303
v -2.750249 18.598030 -1.079866
v -3.046436 18.925423 1.728728
v 1.071212 18.878698 -0.983109
v 0.797176 19.609570 -2.076656
v 1.888779 19.298784 -0.291634
v 2.210972 20.424543 0.251447
v 2.439712 17.909626 -0.632966
v -1.252278 18.163679 1.619614
v -3.046436 18.925423 1.728728
v -2.377980 18.340891 2.004832
v 2.403210 21.979816 -0.091346
v 2.781495 22.214598 -1.447990
v 2.775613 22.341665 1.353036
v 2.496663 21.719589 1.240101
v 2.529102 22.140427 0.511440
v -5.031305 22.175966 3.260121
v -5.302295 20.902782 1.750728
v 2.210972 20.424543 0.251447
v 1.888779 19.298784 -0.291634
v 1.057354 18.805195 0.161474
v -5.933715 22.741142 2.219637
v -5.302295 20.902782 1.750728
v -6.102041 22.248137 1.104706
v -2.522911 18.040781 0.948012
v -1.252278 18.163679 1.619614
v -0.366212 18.127384 1.320566
v -1.252278 18.163679 1.619614
v 1.234031 18.808365 1.219303
v -3.279965 24.421312 4.804581
v -3.994159 20.280289 2.344421
v -3.410546 20.035330 2.899942
v -3.863812 20.448322 3.218647
v -1.057796 19.324648 -1.643364
v 0.797176 19.609570 -2.076656
v -1.804570 20.969694 -2.631628
v -6.097820 23.505220 1.620272
v -5.933715 22.741142 2.219637
v -5.031305 22.175966 3.260121
v -4.235172 19.635101 -1.262117
v -3.848552 20.907204 -2.396330
v -2.750249 18.598030 -1.079866
v -1.804570 20.969694 -2.631628
v -1.857233 26.569378 2.863764
v -3.361428 26.105074 3.594169
v -1.288746 25.798458 4.597383
v -4.719090 25.810221 1.924009
v -4.981254 25.832165 0.695618
v 1.273829 21.206060 -2.810091
v 2.781495 22.214598 -1.447990
v 1.327109 26.187838 -1.654070
v 2.115717 25.847349 -0.687641
v 2.486943 24.697393 -1.308724
v -4.235172 19.635101 -1.262117
v -5.162320 19.949392 0.784141
v -5.071186 22.726042 -1.922724
v -5.415180 21.386358 -1.001516
v -6.161888 24.052290 0.440138
v -5.727528 24.518930 1.778068
v -5.451615 25.213926 1.212118
v 2.831071 23.930727 1.892488
v 2.539865 24.944187 1.507195
v 1.168370 25.689745 3.554655
v 2.029264 24.633150 -2.083649
v 1.327109 26.187838 -1.654070
v -3.279965 24.421312 4.804581
v -4.423772 21.862011 3.931030
v 0.155452 18.276146 1.173974
v 1.234031 18.808365 1.219303
v -0.190444 26.783550 -1.816430
v -0.495116 25.842594 -2.823416
v -1.108114 26.908449 -1.606463
v -1.050037 25.866539 4.530336
v -0.186556 27.010405 2.702071
v -1.857233 26.569378 2.863764
v -3.972675 22.596302 -2.765037
v -2.403243 22.701345 -3.004757
v -5.915452 21.361078 0.280248
v -5.162320 19.949392 0.784141
v -5.822374 22.394060 -0.615313
v -5.582963 23.304314 -1.281750
v -6.043254 24.053625 -0.123535
v -5.415180 21.386358 -1.001516
v -5.915452 21.361078 0.280248
v -5.822374 22.394060 -0.615313
v -6.114581 22.310879 0.204691
v -6.043254 24.053625 -0.123535
v -6.161888 24.052290 0.440138
v 0.436229 25.020779 -2.973102
v -0.495116 25.842594 -2.823416
v 0.957326 26.049006 -2.095597
v -4.719090 25.810221 1.924009
v -5.206848 24.738108 2.833303
v -4.084859 24.754128 4.185900
v 0.039614 24.183363 -3.358796
v 2.486943 24.697393 -1.308724
v 2.388609 23.728987 -2.053113
v 0.957326 26.049006 -2.095597
v -5.240405 24.489479 -1.490032
v -2.766877 24.382519 -2.592832
v -2.956379 26.019222 -1.611302
v -4.731197 25.875216 -0.588406
v 2.429850 25.577610 0.200736
v -2.403243 22.701345 -3.004757
v -2.766877 24.382519 -2.592832
v -1.099612 23.415613 -3.572351
v 0.957326 26.049006 -2.095597
v -0.180607 21.953201 -3.426985
v -1.804570 20.969694 -2.631628
v 1.273829 21.206060 -2.810091
v -2.766877 24.382519 -2.592832
v 2.781495 22.214598 -1.447990
v 2.882332 23.236732 -0.549076
v 2.486943 24.697393 -1.308724
v -5.435688 25.287849 -0.342571
v -6.161888 24.052290 0.440138
v -6.043254 24.053625 -0.123535
v -6.102041 22.248137 1.104706
v -6.097820 23.505220 1.620272
v 1.168370 25.689745 3.554655
v 2.539865 24.944187 1.507195
v 1.287620 26.286123 2.676290
v -5.071186 22.726042 -1.922724
v 2.429850 25.577610 0.200736
v 1.452408 26.637043 0.962128
v -5.071186 22.726042 -1.922724
v -1.057796 19.324648 -1.643364
v -1.804570 20.969694 -2.631628
v 1.168370 25.689745 3.554655
v 1.287620 26.286123 2.676290
v -6.043254 24.053625 -0.123535
v -5.435688 25.287849 -0.342571
v -5.240405 24.489479 -1.490032
v 1.452408 26.637043 0.962128
v 0.131983 27.193541 0.560899
v -3.279965 24.421312 4.804581
v -4.981254 25.832165 0.695618
v -2.351048 26.818592 1.359202
v -1.857233 26.569378 2.863764
v -6.043254 24.053625 -0.123535
v -5.582963 23.304314 -1.281750
v -4.719090 25.810221 1.924009
v -6.114581 22.310879 0.204691
v -6.161888 24.052290 0.440138
v -6.102041 22.248137 1.104706
v -4.731197 25.875216 -0.588406
v -2.766544 26.721809 -0.217647
v 0.039614 24.183363 -3.358796
v -5.240405 24.489479 -1.490032
v -2.766544 26.721809 -0.217647
v -0.284047 27.171680 -0.624241
v -2.351048 26.818592 1.359202
v 0.131983 27.193541 0.560899
v 0.610437 26.942574 -0.491249
v -0.495116 25.842594 -2.823416
v -2.766877 24.382519 -2.592832
v 1.327109 26.187838 -1.654070
v -0.284047 27.171680 -0.624241
v -2.956379 26.019222 -1.611302
v -1.857233 26.569378 2.863764
v 0.957326 26.049006 -2.095597
v 1.327109 26.187838 -1.654070
v 1.327109 26.187838 -1.654070
v 0.957326 26.049006 -2.095597
v 0.131983 27.193541 0.560899
v -4.731197 25.875216 -0.588406
v -6.161888 24.052290 0.440138
v -1.108114 26.908449 -1.606463
v 2.175013 23.404602 3.726344
v 2.439303 23.364136 3.493658
v 2.169331 23.470846 3.729523
v 1.951004 23.430632 3.927684
v 1.946707 23.520407 3.945013
v 1.011549 22.957735 4.767169
v 1.146827 23.085970 4.646967
v 1.010339 23.020727 4.801026
v 1.136047 23.168570 4.683561
v 1.602855 23.360298 4.234659
v 1.592935 23.472015 4.262784
v 1.492081 23.323503 4.330798
v 1.477530 23.425459 4.368810
v 1.264893 23.178915 4.536026
v 1.245837 23.273443 4.574164
v 1.366956 23.254087 4.443950
v 1.346440 23.353790 4.482154
v 0.871315 22.821821 4.869650
v 0.874277 22.864790 4.894137
v 0.644544 22.588377 5.032786
v 1.739076 23.508724 4.127890
v 1.750990 23.408188 4.102393
v -2.802111 21.985407 5.124888
v -2.829043 22.045561 5.134025
v -3.086217 21.788506 5.046270
v -2.555233 22.145597 5.193912
v -2.587855 22.227362 5.219201
v -1.236284 22.316719 5.398789
v -1.250000 22.376207 5.436168
v -1.455454 22.343918 5.378182
v -1.470513 22.425264 5.415994
v -1.996383 22.434860 5.344967
v -2.154163 22.403488 5.315690
v -1.975199 22.334740 5.305087
v -2.119997 22.298698 5.280757
v -1.640299 22.350426 5.352359
v -1.654525 22.446375 5.389128
v -1.795743 22.352261 5.332652
v -1.811362 22.453299 5.369455
v -1.029737 22.321808 5.429142
v -1.018349 22.282928 5.400633
v -0.660480 22.216267 5.399465
v -2.314846 22.248806 5.244864
v -2.343322 22.344669 5.275009
v -4.588477 16.286104 2.919440
v -5.129064 16.230871 3.028462
v -4.520829 16.364948 3.119730
v -5.170813 16.319645 3.199241
v -5.624613 15.575841 3.590583
v -5.114646 15.743791 3.309097
v -5.509993 15.584184 3.817346
v -5.509993 15.584184 3.817346
v -5.462853 15.707498 3.968267
v -5.951720 15.585436 4.022675
v -5.925756 15.653683 4.123111
v -5.775034 16.259405 2.863841
v -5.765799 16.385723 2.914293
v -5.687046 16.300121 2.802201
v -5.685135 16.391397 2.834239
v -5.706419 16.183065 2.970727
v -5.608460 16.246891 2.872017
v -5.449905 16.007189 3.105404
v -5.126352 16.070347 2.970844
v -6.054693 15.645674 4.081253
v -5.539837 15.554148 4.293931
v -5.615853 15.646508 4.262953
v -5.678210 15.519440 4.292463
v -5.651913 15.579428 4.165996
v -5.576239 15.487401 4.196807
v -5.678210 15.519440 4.292463
v -5.126352 16.070347 2.970844
v -4.566692 16.135342 2.872385
v -4.483585 15.980741 2.961599
v -6.215051 15.444350 3.563017
v -6.079089 15.442431 3.498957
v -6.092038 15.499916 3.619251
v -5.678210 15.519440 4.292463
v -5.615853 15.646508 4.262953
v -5.651913 15.579428 4.165996
v -6.103510 15.661610 3.888781
v -6.182262 15.557068 3.911533
v -6.048744 15.574004 3.945190
v -5.539837 15.554148 4.293931
v -5.421738 16.261658 3.232097
v -5.129064 16.230871 3.028462
v -6.182262 15.557068 3.911533
v -6.079790 15.494076 3.838663
v -6.048744 15.574004 3.945190
v -4.293825 16.179478 3.531730
v -4.346145 16.263161 3.462856
v -4.966561 16.095293 3.879278
v -5.565167 15.717509 3.738093
v -5.591499 15.739535 3.767536
v -5.494575 16.050156 3.375961
v -4.293825 16.179478 3.531730
v -4.898046 15.896557 3.912601
v -4.256622 16.028797 3.522502
v -5.371787 15.845829 4.087842
v -4.966561 16.095293 3.879278
v -5.462853 15.707498 3.968267
v -5.114646 15.743791 3.309097
v -5.719968 15.616806 3.365139
v -5.625890 15.841491 3.231522
v -6.170756 15.534958 3.451158
v -6.181728 15.592527 3.578302
v -5.786281 15.785173 3.302581
v -5.494575 16.050156 3.375961
v -5.690091 16.353018 3.043539
v -5.706419 16.183065 2.970727
v -5.421738 16.261658 3.232097
v -5.449905 16.007189 3.105404
v -5.687046 16.300121 2.802201
v -5.608460 16.246891 2.872017
v -5.775034 16.259405 2.863841
v -5.706419 16.183065 2.970727
v -4.898046 15.896557 3.912601
v -5.277240 15.708415 4.125113
v -5.334283 15.598783 4.003067
v -4.911996 15.700907 3.755155
v -4.898046 15.896557 3.912601
v -5.334283 15.598783 4.003067
v -4.429487 16.325151 3.307654
v -4.966561 16.095293 3.879278
v -5.702840 15.742539 3.533473
v -6.092038 15.499916 3.619251
v -5.719968 15.616806 3.365139
v -5.702840 15.742539 3.533473
v -5.141303 15.911158 3.060676
v -5.509993 15.584184 3.817346
v -5.114646 15.743791 3.309097
v -5.334283 15.598783 4.003067
v -5.462853 15.707498 3.968267
v -5.509993 15.584184 3.817346
v -5.786281 15.785173 3.302581
v -5.719968 15.616806 3.365139
v -5.624613 15.575841 3.590583
v -5.702840 15.742539 3.533473
v -6.138101 15.607712 3.790347
v -5.999126 15.684553 3.962385
v -4.966561 16.095293 3.879278
v -5.565167 15.717509 3.738093
v -5.624613 15.575841 3.590583
v -6.138101 15.607712 3.790347
v -5.512338 15.914828 3.184157
v -4.966561 16.095293 3.879278
v -5.371787 15.845829 4.087842
v -4.898046 15.896557 3.912601
v -5.277240 15.708415 4.125113
v -5.999126 15.684553 3.962385
v -5.494575 16.050156 3.375961
v -5.971794 15.746794 4.062856
v -5.126352 16.070347 2.970844
v -5.591499 15.739535 3.767536
v -6.054693 15.645674 4.081253
v -5.494575 16.050156 3.375961
v -5.625890 15.841491 3.231522
v -5.786281 15.785173 3.302581
v -5.129064 16.230871 3.028462
v -5.596714 16.369120 2.923262
v -5.690091 16.353018 3.043539
v -6.170756 15.534958 3.451158
v -6.215051 15.444350 3.563017
v -5.565167 15.717509 3.738093
v -5.494575 16.050156 3.375961
v -5.509993 15.584184 3.817346
v -5.565167 15.717509 3.738093
v -5.462853 15.707498 3.968267
v -5.371787 15.845829 4.087842
v -4.370040 15.895305 3.172401
v -5.170813 16.319645 3.199241
v -5.494575 16.050156 3.375961
v -5.334283 15.598783 4.003067
v -4.274218 15.892385 3.394382
v -5.702840 15.742539 3.533473
v -5.512338 15.914828 3.184157
v -5.494575 16.050156 3.375961
v -5.494575 16.050156 3.375961
v -5.462853 15.707498 3.968267
v -5.786281 15.785173 3.302581
v -5.925756 15.653683 4.123111
v -4.898046 15.896557 3.912601
v -5.462853 15.707498 3.968267
v -5.334283 15.598783 4.003067
v -5.277240 15.708415 4.125113
v -5.719968 15.616806 3.365139
v -5.277240 15.708415 4.125113
v -5.371787 15.845829 4.087842
v -5.462853 15.707498 3.968267
v -5.702840 15.742539 3.533473
v -5.565167 15.717509 3.738093
v -5.596714 16.369120 2.923262
v -5.685135 16.391397 2.834239
v -5.690091 16.353018 3.043539
v -5.765799 16.385723 2.914293
v -5.775034 16.259405 2.863841
v -5.706419 16.183065 2.970727
v -5.765799 16.385723 2.914293
v -5.690091 16.353018 3.043539
v 3.593539 16.238131 5.838341
v 3.446630 16.367035 5.862737
v 3.516831 16.544245 5.262828
v 3.337158 16.615164 5.379426
v 4.128502 16.557762 6.562204
v 4.350017 16.564770 6.437647
v 3.825866 16.729218 6.065711
v 4.626714 16.236628 6.732533
v 4.471537 16.455641 6.321317
v 4.542947 16.300371 6.798411
v 4.350017 16.564770 6.437647
v 3.213243 15.988416 6.281035
v 3.291312 15.936856 6.345779
v 3.201621 16.070515 6.331120
v 3.269127 16.048155 6.421352
v 3.425013 16.514460 5.945669
v 3.282551 16.141348 6.283145
v 3.564696 16.377714 6.243299
v 3.391081 16.126331 6.389941
v 4.585464 16.186235 6.851666
v 4.821312 16.482340 6.432900
v 4.825076 16.441790 6.569597
v 4.769876 16.372292 6.455478
v 4.689105 16.429192 6.529181
v 4.825076 16.441790 6.569597
v 4.740274 16.538906 6.506739
v 3.425013 16.514460 5.945669
v 3.324076 16.762007 5.440082
v 3.445879 16.916775 5.436769
v 4.120243 16.374960 7.139427
v 4.165188 16.379549 7.000351
v 4.060338 16.457726 7.029220
v 4.825076 16.441790 6.569597
v 4.689105 16.429192 6.529181
v 4.769876 16.372292 6.455478
v 4.393319 16.185568 6.904196
v 4.468141 16.275927 6.895126
v 4.436754 16.229120 7.021927
v 4.821312 16.482340 6.432900
v 3.633996 16.153530 6.080438
v 3.446630 16.367035 5.862737
v 4.436754 16.229120 7.021927
v 4.468141 16.275927 6.895126
v 4.380870 16.348095 6.971809
v 3.962788 16.735058 5.119999
v 4.309218 16.398071 5.708970
v 3.876643 16.651541 5.130071
v 4.242980 16.440123 6.426443
v 3.818858 16.266581 6.234738
v 4.266551 16.402576 6.435403
v 3.962788 16.735058 5.119999
v 3.986883 16.882315 5.163702
v 4.385734 16.593304 5.745471
v 4.559976 16.362196 6.162569
v 4.471537 16.455641 6.321317
v 4.309218 16.398071 5.708970
v 3.825866 16.729218 6.065711
v 3.720666 16.403496 6.465481
v 3.898002 16.518883 6.645578
v 3.818858 16.266581 6.234738
v 4.103781 16.264330 7.035612
v 3.799543 16.355938 6.625005
v 3.992223 16.342922 7.066823
v 3.564696 16.377714 6.243299
v 3.391081 16.126331 6.389941
v 3.633996 16.153530 6.080438
v 3.425797 15.977570 6.284449
v 3.201621 16.070515 6.331120
v 3.269127 16.048155 6.421352
v 3.282551 16.141348 6.283145
v 3.391081 16.126331 6.389941
v 4.385734 16.593304 5.745471
v 4.531066 16.605236 6.261128
v 4.627532 16.518299 6.145808
v 4.273960 16.781195 5.869794
v 4.531066 16.605236 6.261128
v 4.385734 16.593304 5.745471
v 3.710403 16.587463 5.185978
v 4.309218 16.398071 5.708970
v 4.035525 16.389145 6.552235
v 4.165188 16.379549 7.000351
v 3.898002 16.518883 6.645578
v 4.035525 16.389145 6.552235
v 3.546800 16.623257 6.029143
v 4.350017 16.564770 6.437647
v 4.531066 16.605236 6.261128
v 3.825866 16.729218 6.065711
v 4.471537 16.455641 6.321317
v 4.350017 16.564770 6.437647
v 3.799543 16.355938 6.625005
v 3.898002 16.518883 6.645578
v 4.128502 16.557762 6.562204
v 4.035525 16.389145 6.552235
v 4.308242 16.232456 6.970208
v 4.461926 16.204842 6.795766
v 4.309218 16.398071 5.708970
v 4.242980 16.440123 6.426443
v 4.128502 16.557762 6.562204
v 4.308242 16.232456 6.970208
v 3.660469 16.408501 6.335576
v 4.309218 16.398071 5.708970
v 4.385734 16.593304 5.745471
v 4.559976 16.362196 6.162569
v 4.627532 16.518299 6.145808
v 3.818858 16.266581 6.234738
v 4.461926 16.204842 6.795766
v 4.547044 16.146772 6.731666
v 3.425013 16.514460 5.945669
v 4.266551 16.402576 6.435403
v 4.585464 16.186235 6.851666
v 3.818858 16.266581 6.234738
v 3.799543 16.355938 6.625005
v 3.720666 16.403496 6.465481
v 3.446630 16.367035 5.862737
v 3.306421 16.034637 6.207365
v 3.425797 15.977570 6.284449
v 3.992223 16.342922 7.066823
v 4.120243 16.374960 7.139427
v 4.242980 16.440123 6.426443
v 3.818858 16.266581 6.234738
v 4.350017 16.564770 6.437647
v 4.242980 16.440123 6.426443
v 4.471537 16.455641 6.321317
v 4.559976 16.362196 6.162569
v 3.671974 17.005047 5.361187
v 3.593539 16.238131 5.838341
v 3.818858 16.266581 6.234738
v 4.531066 16.605236 6.261128
v 3.890910 17.012888 5.258882
v 4.035525 16.389145 6.552235
v 3.660469 16.408501 6.335576
v 3.818858 16.266581 6.234738
v 3.818858 16.266581 6.234738
v 4.471537 16.455641 6.321317
v 3.799543 16.355938 6.625005
v 4.626714 16.236628 6.732533
v 4.385734 16.593304 5.745471
v 4.471537 16.455641 6.321317
v 4.531066 16.605236 6.261128
v 4.627532 16.518299 6.145808
v 3.898002 16.518883 6.645578
v 4.627532 16.518299 6.145808
v 4.559976 16.362196 6.162569
v 4.471537 16.455641 6.321317
v 4.035525 16.389145 6.552235
v 4.242980 16.440123 6.426443
v 3.213243 15.988416 6.281035
v 3.306421 16.034637 6.207365
v 3.291312 15.936856 6.345779
v 3.425797 15.977570 6.284449
v 3.269127 16.048155 6.421352
v 3.291312 15.936856 6.345779
v 3.391081 16.126331 6.389941
v 3.425797 15.977570 6.284449
v 2.899769 13.211019 0.610185
v 2.123902 12.856428 0.017227
v 2.265846 14.315001 0.440315
v 2.899769 13.211019 0.610185
v 2.634377 14.331939 1.202875
v 2.924908 13.086869 1.667755
v 2.899769 13.211019 0.610185
v 2.265846 14.315001 0.440315
v 2.634377 14.331939 1.202875
v 1.498247 14.270949 0.110505
v 2.123902 12.856428 0.017227
v 1.357904 12.416152 0.573424
v 2.634377 14.331939 1.202875
v 2.356446 14.310412 1.886249
v 2.049505 12.624818 2.117367
v -0.734994 12.563579 1.508206
v -0.835531 12.981494 2.404751
v -0.596445 14.132701 1.827696
v -0.835531 12.981494 2.404751
v -0.134836 13.098550 2.863774
v -0.227905 14.149638 2.590248
v -0.596445 14.132701 1.827696
v -0.378502 14.151473 1.020191
v -0.734994 12.563579 1.508206
v 1.357904 12.416152 0.573424
v 0.135562 12.209573 1.227038
v 0.779238 12.999515 2.542216
v 0.479689 14.190938 2.795918
v -0.134836 13.098550 2.863774
v -0.227905 14.149638 2.590248
v 0.779238 12.999515 2.542216
v 2.049505 12.624818 2.117367
v 0.954456 12.402970 1.918329
v 1.267329 12.509764 1.469535
v 1.267329 12.509764 1.469535
v -0.734994 12.563579 1.508206
v 2.265846 14.315001 0.440315
v 0.954456 12.402970 1.918329
v -0.596445 14.132701 1.827696
v 0.348850 12.432838 4.119090
v -0.085636 12.377940 3.582791
v 0.256640 11.694792 3.880146
v 0.014659 11.689869 3.207193
v -0.601768 11.079473 3.227467
v -0.680612 10.951655 3.282016
v -0.388038 10.859879 3.132253
v -0.436079 10.701773 3.220609
v 1.253321 11.967784 2.606759
v 1.431375 11.679273 3.154839
v 0.699960 11.526673 2.729139
v 0.844424 11.337698 3.377446
v 1.361692 12.415068 2.748879
v 1.615537 12.092600 3.207518
v -0.601768 11.079473 3.227467
v -0.388038 10.859879 3.132253
v 0.734093 11.533099 4.533451
v 0.994479 11.255016 4.340904
v -0.597897 10.286528 3.391988
v -0.428904 10.229293 3.082920
v -0.322385 10.573286 2.929987
v 0.633064 12.310443 4.489923
v 0.688697 12.788680 4.053452
v 0.929860 12.500836 4.476274
v -0.895060 11.505398 2.959714
v -0.714519 11.825614 2.494083
v -1.081449 11.396435 2.824361
v -1.012892 11.648153 2.278593
v -0.356943 11.519332 2.179599
v -0.714519 11.825614 2.494083
v 1.263216 12.085341 3.364455
v 0.771946 12.485652 3.814242
v -0.356943 11.519332 2.179599
v -0.667497 11.316673 1.974697
v 1.603722 11.528593 3.558162
v 1.734387 11.568474 3.815811
v 1.393680 11.268700 3.739461
v 1.603722 11.528593 3.558162
v -1.193358 11.024158 3.013328
v -0.560135 10.441462 2.417801
v -0.997641 10.449889 3.403869
v -0.604855 10.094715 3.024934
v -0.966312 11.128615 3.171325
v -0.828314 10.591141 3.468588
v -0.635025 10.706028 2.161353
v -1.232037 11.255350 2.722789
v -0.225953 10.953657 2.335778
v -0.440818 10.805313 2.224378
v -0.203092 10.852620 2.548507
v -0.308018 10.583549 2.584867
v -1.193358 11.024158 3.013328
v -0.997641 10.449889 3.403869
v -0.635025 10.706028 2.161353
v -0.866818 11.208712 1.936918
v -0.560135 10.441462 2.417801
v 1.765908 11.782063 3.653283
v 1.603722 11.528593 3.558162
v 1.066323 12.895141 3.864928
v 0.581619 12.987585 3.470991
v 0.993177 13.021875 3.244804
v 1.437266 12.799860 3.599719
v 1.231612 11.208127 4.021965
v -0.249022 10.795051 2.886085
v 1.393680 11.268700 3.739461
v -0.203092 10.852620 2.548507
v -0.225953 10.953657 2.335778
v 1.603722 11.528593 3.558162
v 0.994479 11.255016 4.340904
v 1.231612 11.208127 4.021965
v 1.552353 11.875174 4.413073
v 1.698152 11.691371 4.097881
v -0.866818 11.208712 1.936918
v -1.145818 11.481621 2.174560
v 1.258594 12.760062 2.968232
v 1.599843 12.461873 3.364906
v -0.249022 10.795051 2.886085
v 1.603722 11.528593 3.558162
v 1.623363 12.302851 4.123678
v 1.288955 12.473304 4.355864
v -0.744705 10.154620 3.324191
v -0.604855 10.094715 3.024934
v 1.231303 12.092933 4.613480
v 0.902494 12.250955 4.647136
v -1.145818 11.481621 2.174560
v -0.866818 11.208712 1.936918
v -1.232037 11.255350 2.722789
v -0.635025 10.706028 2.161353
v -1.232037 11.255350 2.722789
v 0.734093 11.533099 4.533451
v 1.603722 11.528593 3.558162
v 0.633064 12.310443 4.489923
v 0.633064 12.310443 4.489923
v -0.895060 11.505398 2.959714
v 0.554662 11.883349 4.555694
v -0.802057 11.333694 3.141664
v -0.802057 11.333694 3.141664
v 1.754970 12.030525 3.862183
v -0.744705 10.154620 3.324191
v 0.633064 12.310443 4.489923
v 0.554662 11.883349 4.555694
v 0.209308 12.803115 3.605034
v 0.633064 12.310443 4.489923
v 1.920133 10.699770 1.082665
v 2.142215 11.201202 0.795105
v 2.428240 10.830259 1.793697
v 2.683870 11.352299 1.602753
v 0.783518 8.752446 2.263241
v 1.695123 9.918588 2.370886
v 0.637895 8.878097 2.512989
v 1.436406 10.080866 2.617614
v 0.946980 11.863075 1.452548
v 0.824884 11.360476 1.717982
v 1.396150 12.019095 2.197529
v 1.259445 11.493968 2.376543
v 0.882662 11.189772 1.371877
v 1.039240 11.686531 1.094279
v 1.538545 10.784538 0.969363
v 1.738366 11.293061 0.694260
v 0.457037 8.755700 2.766851
v 0.692835 8.510657 3.027737
v 0.758639 8.780563 2.634685
v 1.030780 8.479037 2.917472
v 0.559226 10.528399 1.876112
v 0.814714 10.421521 2.453151
v 1.527148 9.946287 1.339272
v 0.373813 8.525759 1.519645
v 0.752782 8.599346 1.974897
v 1.809293 9.828648 1.981847
v -0.389799 8.495807 1.889654
v -0.291389 8.780814 1.767458
v -0.030178 8.437820 1.455085
v 0.101938 8.616367 1.413018
v 0.772055 8.204818 1.968840
v 1.138083 8.217883 2.590490
v 0.073988 8.311937 2.741086
v 0.695447 8.284521 3.063405
v 1.143214 8.443327 2.546262
v 0.873868 8.680277 2.317473
v 0.853844 8.488297 1.988972
v -0.316494 8.286190 2.177789
v 0.237867 8.202082 1.577056
v 0.026440 8.864914 2.523135
v -0.287635 8.792828 2.046399
v 1.208225 10.117159 1.194449
v 0.101938 8.616367 1.413018
v 0.639597 10.460985 1.538576
v -0.291389 8.780814 1.767458
v 1.138083 8.217883 2.590490
v 0.772055 8.204818 1.968840
v 0.280076 8.419966 1.500014
v 0.373813 8.525759 1.519645
v 0.752782 8.599346 1.974897
v 0.154751 8.636224 2.739819
v 0.073988 8.311937 2.741086
v -0.339764 8.513995 2.171023
v -0.316494 8.286190 2.177789
v 2.284193 11.783981 2.338214
v 2.064189 11.259688 2.487842
v 2.573488 11.553706 2.007269
v 2.346601 11.028162 2.183162
v 1.103767 10.266754 2.584933
v 0.360121 8.911803 2.593010
v -0.363526 8.267550 1.892248
v -0.080947 8.220861 1.536224
v 1.817428 11.945341 2.356961
v 1.640792 11.416292 2.505956
v 0.026440 8.864914 2.523135
v 0.360121 8.911803 2.593010
v 1.015854 8.276028 2.963569
v 0.695447 8.284521 3.063405
v -0.363526 8.267550 1.892248
v -0.080947 8.220861 1.536224
v 0.237867 8.202082 1.577056
v 0.783518 8.752446 2.263241
v 0.637895 8.878097 2.512989
v -0.287635 8.792828 2.046399
v 1.015854 8.276028 2.963569
v -0.080947 8.220861 1.536224
v -0.699126 18.476469 1.806020
v -0.603837 18.534204 1.010086
v -0.313958 17.713057 1.726809
v -0.103640 17.764284 1.165689
v 2.203488 16.720205 1.023911
v 1.432768 17.587324 0.720074
v 2.523287 17.524918 1.803484
v 2.495470 18.097517 1.745097
v -0.082056 18.666445 0.745930
v 0.282996 17.872330 0.990013
v 0.387312 17.775215 2.450848
v 0.743854 17.963858 2.256332
v 0.346180 18.474382 2.549006
v 0.751947 18.694729 2.180315
v -0.082056 18.666445 0.745930
v 0.487173 18.854336 0.764610
v 0.282996 17.872330 0.990013
v 0.663475 18.038696 1.130872
v -0.248146 16.735723 2.505271
v -0.503184 17.427885 2.047049
v -1.039933 16.525808 2.164490
v -1.212564 16.903509 1.919280
v 2.260924 16.604485 1.881927
v 2.225364 17.319088 2.144557
v 3.118005 17.537180 3.282474
v 2.173986 18.293585 2.068341
v 2.867189 17.740091 3.485691
v -2.437868 16.002266 2.129064
v -2.565237 16.316557 1.914291
v -1.116474 16.068094 1.302953
v -1.321027 16.599895 1.030519
v -1.340700 16.937216 1.402714
v -2.489588 16.599646 2.111526
v -2.308664 16.617750 2.485481
v -2.201403 16.356022 2.666756
v -0.545384 17.514236 1.293625
v -0.308969 16.926952 0.708744
v 1.751299 11.827784 2.307118
v 2.392080 11.499309 2.019233
v 2.049505 12.624818 2.117367
v 2.924515 12.622565 1.716388
v 1.032182 11.595089 1.156111
v 1.357904 12.416152 0.573424
v 1.648100 11.251679 0.811742
v 2.098805 12.441182 0.129753
v 1.192924 18.162760 1.271790
v -2.268749 16.011694 2.477505
v -0.981588 16.030132 1.842989
v 0.954456 12.402970 1.918329
v 0.779238 12.999515 2.542216
v 1.204195 11.991646 2.646624
v 1.186099 12.720265 2.992570
v 0.618922 12.918335 3.417210
v -0.134836 13.098550 2.863774
v -0.004797 12.362923 3.528351
v -0.827922 12.541802 2.482110
v 0.084618 11.739094 3.188679
v -0.528280 12.043207 1.877556
v 0.682131 11.590333 2.768903
v 0.352562 11.954601 1.649166
v 0.899615 18.945864 1.438056
v 0.904563 18.148912 1.671509
v 0.135562 12.209573 1.227038
v 0.954456 12.402970 1.918329
v 1.493591 17.396097 2.516601
v 1.868322 17.670757 2.462845
v 1.187818 18.064728 2.071085
v 1.888245 18.099102 2.395281
v -0.734994 12.563579 1.508206
v -0.835531 12.981494 2.404751
v -0.023261 17.689445 2.291149
v -0.209575 18.399462 2.365937
v 1.267329 12.509764 1.469535
v 1.018207 11.871001 1.821172
v 1.357904 12.416152 0.573424
v 2.123902 12.856428 0.017227
v -0.303687 15.671038 1.925888
v -0.361123 15.786759 1.067872
v 2.933501 12.576677 0.640988
v 2.924908 13.086869 1.667755
v 2.899769 13.211019 0.610185
v -0.134836 13.098550 2.863774
v 2.565921 17.022484 3.385914
v 2.936672 17.146214 3.237086
v 2.049505 12.624818 2.117367
v 2.314546 17.288635 3.612059
v 2.468104 17.615107 3.648860
v 2.084271 11.173085 1.324012
v 4.597246 12.596535 0.927989
v 4.494348 12.488572 1.631495
v 4.692184 12.303518 0.925136
v 4.570956 12.187797 1.673379
v 4.065661 12.515772 2.315386
v 4.047080 12.263386 2.510111
v 3.574816 12.776332 2.481769
v 3.443452 12.638584 2.701856
v 4.567635 12.557904 -0.335811
v 4.434476 12.831565 -0.277308
v 2.947777 13.612747 2.354466
v 2.647185 13.473915 2.650370
v 2.003157 14.162904 -0.163689
v 2.058023 13.905848 -0.581605
v 1.697927 14.106337 -0.143907
v 1.739952 13.768433 -0.632190
v 2.521426 13.099468 -1.415133
v 2.699831 13.290696 -1.237120
v 3.202105 12.955963 -1.595548
v 3.290118 13.159205 -1.342070
v 3.914789 12.650265 -1.244571
v 3.840859 12.905236 -1.073433
v 2.131002 13.624512 -0.929812
v 1.857784 13.444713 -1.002031
v 0.506538 17.366644 3.041536
v 0.743462 17.387669 2.905807
v 0.701078 17.388588 3.104970
v 0.711516 17.795073 2.821690
v 0.381580 17.695038 3.020643
v 0.701078 17.388588 3.104970
v 0.517726 17.333939 3.208786
v 0.046322 17.510149 2.645288
v 0.316678 17.225893 2.903038
v 0.070593 17.552114 2.817527
v 0.345496 17.253759 3.102659
v 0.345496 17.253759 3.102659
v 0.316678 17.225893 2.903038
v 0.743462 17.387669 2.905807
v 0.759582 17.780554 2.649919
v 0.533462 17.298145 2.892642
v 0.585824 17.154558 3.225431
v 0.367605 17.042925 3.139845
v 0.808740 16.563519 3.460094
v 0.429171 16.423101 3.372573
v 0.824192 17.216049 3.142807
v 1.186733 16.710445 3.377479
v 0.364593 17.322174 3.017858
v 0.496735 17.391090 3.096210
v 1.185073 15.763982 3.694032
v 1.658037 15.923338 3.612259
v 1.231945 13.706610 4.008991
v 2.011409 13.741317 3.668969
v 1.233063 14.208291 3.955193
v 1.960957 14.253679 3.674825
v 0.710715 15.592944 3.651005
v 0.423147 16.413256 3.333026
v 0.355533 17.017729 3.042938
v 2.031208 13.189157 3.642304
v 1.189553 13.656883 3.982493
v 2.008214 13.167298 3.592019
v 2.660784 14.334191 3.321412
v 2.279412 15.098771 3.572654
v 1.690326 14.970450 3.755121
v 2.298168 15.101607 3.517847
v 2.678422 14.311415 3.261966
v 0.688530 15.588356 3.602656
v 1.045231 14.820773 3.811263
v 1.085028 14.831035 3.852379
v 0.642283 17.427467 3.019660
v 0.851116 17.205620 3.046159
v 0.679344 17.417288 2.929911
v 2.781311 13.755919 3.211014
v 2.770331 13.802139 3.263376
v 1.198264 16.707191 3.338040
v 1.674565 15.932182 3.562350
v 1.181452 14.179257 3.926485
v 0.344678 17.290470 2.927734
v 2.414724 24.417393 -2.035183
v -0.191771 25.785025 -3.253170
v 2.736066 24.806274 -2.390282
v 0.138106 26.137112 -3.607034
v 0.166357 28.267820 -1.439923
v -0.165372 27.923576 -1.084540
v 2.764541 26.996805 -0.229311
v 2.435423 26.645636 0.126555
v -6.264035 21.942522 0.403461
v -6.859754 22.069925 0.306045
v -5.639840 24.231504 -1.722334
v -6.222986 24.323196 -1.819617
v 2.736066 24.806274 -2.390282
v 2.414724 24.417393 -2.035183
v -6.241116 26.440641 0.360518
v -5.659680 26.356791 0.459303
v -6.910406 24.237928 2.489250
v -6.327235 24.146904 2.588778
v -6.859754 22.069925 0.306045
v -6.264035 21.942522 0.403461
v -0.388205 18.234179 0.913655
v 0.462619 18.501331 0.796515
v -0.414169 17.990473 0.675988
v 0.688764 18.365086 0.600055
v 0.999593 18.032856 2.687454
v 1.198222 18.369759 1.964634
v 0.696306 18.318029 2.482994
v 0.943217 18.562155 1.764587
v 0.514798 18.205395 2.685687
v 0.801999 17.860401 2.942351
v -0.234588 17.601841 2.747200
v -0.419459 17.203699 2.742988
v 0.067155 17.602093 2.978060
v -0.056409 17.038670 3.126388
v -0.777937 17.811508 1.438256
v -0.678468 18.124632 1.506421
v -0.491620 17.632963 2.406302
v -0.321434 18.073822 2.304173
v -0.940097 17.601007 1.409947
v -0.418241 17.900782 0.520285
v -0.669833 17.324928 2.388315
v -0.046831 18.084669 2.585308
v 0.210676 18.109863 2.727553
v 0.882637 18.397625 0.533785
v 1.231169 17.813679 2.751481
v 1.084002 17.453333 3.112754
v 1.381649 18.299591 2.070769
v 1.354809 18.085836 2.421137
v 1.439994 18.511677 1.459848
v 1.183379 18.507172 1.355741
v 0.904922 18.626148 1.301951
v -0.768092 17.338945 2.028385
v 0.452907 16.414507 1.375848
v -0.664126 17.044344 2.338472
v -0.508223 16.852781 0.689604
v -0.672586 17.271780 0.915707
v 0.080421 17.137705 0.421434
v 0.253628 16.582708 0.318920
v -0.508223 16.852781 0.689604
v -0.376116 16.184484 0.675913
v 1.421105 18.305265 1.785028
v 1.194601 16.695761 1.380679
v 1.454035 18.309771 1.345754
v -0.561453 15.667032 1.925254
v 0.005031 15.745626 3.095300
v -0.502833 16.008856 2.330296
v -0.088422 16.199417 3.061235
v 0.426334 17.580818 2.689299
v 0.699602 17.724905 2.648559
v 0.440117 17.826277 2.726927
v 0.683908 17.976290 2.546070
v -0.121870 17.595251 0.640395
v 0.850398 17.963940 0.646720
v 0.080421 17.137705 0.421434
v 1.004808 17.488207 0.427441
v 0.993286 17.089314 3.036530
v 1.683326 17.491961 2.564341
v 0.799321 17.494713 2.808048
v 1.502084 17.859732 2.397601
v 0.253628 16.582708 0.318920
v 0.172965 14.770462 0.164986
v 1.995098 15.141154 -0.055327
v 1.244268 16.958323 0.325361
v -0.206004 17.493128 2.443213
v -0.152357 17.204117 2.659230
v 0.426334 17.580818 2.689299
v 0.527162 17.312414 2.833780
v -0.476160 14.003464 3.814409
v 0.846076 13.876646 4.031535
v -0.119493 14.081724 3.555083
v 1.277041 13.923952 3.488812
v 0.175827 14.249424 3.362261
v 1.707563 14.021069 3.016924
v 0.458456 18.463871 0.808054
v 0.857198 18.562654 1.319347
v 0.559434 18.260462 0.723144
v 1.056628 18.445431 1.429554
v 0.842572 16.473995 3.215202
v 1.221658 16.619001 3.264361
v 0.993586 16.074518 3.282607
v 1.459400 16.246391 3.324382
v -0.103624 16.751577 2.869990
v 0.678902 16.908848 3.028270
v 0.305565 14.586076 3.253506
v 1.605174 14.674348 2.970885
v 0.993586 16.074518 3.282607
v 0.699602 17.724905 2.648559
v 1.166451 18.170938 2.109272
v 1.400847 18.163261 2.105411
v -0.664126 17.044344 2.338472
v -0.512370 17.534428 2.098360
v -0.768092 17.338945 2.028385
v -0.376116 16.184484 0.675913
v -0.515957 15.808034 1.048558
v 0.172965 14.770462 0.164986
v -0.721494 14.764873 0.944959
v 1.166451 18.170938 2.109272
v 1.045573 18.333382 1.854052
v 3.078941 14.665170 1.679336
v 2.950422 15.023932 1.825935
v 2.401333 14.240996 2.598608
v 2.180210 14.743597 2.733243
v 0.451556 18.156422 2.652238
v 0.641641 18.263798 2.425584
v 2.991345 13.103139 2.879418
v 2.688258 13.675990 2.716899
v 2.399889 12.881708 3.344923
v 2.030507 13.529982 3.151142
v -0.654289 14.417708 2.699678
v -0.562071 14.648733 2.582764
v 1.707563 14.021069 3.016924
v 1.502084 17.859732 2.397601
v 1.683326 17.491961 2.564341
v 1.605174 14.674348 2.970885
v -1.545553 13.259994 0.255653
v -1.700354 13.627181 0.955480
v -1.196203 13.706943 0.362122
v -1.393430 13.978934 0.947228
v 0.892081 18.496492 1.748301
v -1.647867 13.817075 1.704182
v -1.136957 13.793463 3.086807
v -1.356995 14.178756 1.690507
v -0.874327 14.165991 2.918740
v -0.671335 17.626621 1.567510
v -0.635000 17.845383 1.500705
v -0.177262 17.803665 0.793662
v -0.240996 17.990557 0.781956
v -0.884489 14.572226 1.002653
v 0.172965 13.901508 -0.123341
v 2.242702 16.617334 2.784154
v 1.986438 16.990196 2.837359
v 0.172965 14.770462 0.164986
v -0.263256 17.734417 2.344421
v -0.206004 17.493128 2.443213
v 0.347273 17.793737 2.731424
v 0.426334 17.580818 2.689299
v -0.990240 14.515658 1.684108
v 1.421105 18.305265 1.785028
v 1.231144 18.347982 1.579858
v 1.975658 17.076130 0.691206
v 1.657028 17.687361 0.732430
v 1.231144 18.347982 1.579858
v 0.751947 18.156004 0.799702
v 1.421105 18.305265 1.785028
v 1.454035 18.309771 1.345754
v 1.231144 18.347982 1.579858
v 0.751947 18.156004 0.799702
v -0.866317 14.694538 1.614717
v 1.516719 18.135563 1.014909
v -0.515957 15.808034 1.048558
v -1.356995 14.178756 1.690507
v -1.647867 13.817075 1.704182
v 2.529160 14.426301 -0.193133
v 2.472693 14.849473 0.181915
v 3.195013 14.425134 0.946302
v 3.001741 14.770129 1.113727
v -0.990240 14.515658 1.684108
v 2.442949 16.806141 1.944744
v 2.325684 16.885487 1.067030
v 2.494502 15.127472 0.326563
v 2.927961 15.098270 1.245076
v 2.156048 17.017895 2.358579
v 2.442949 16.806141 1.944744
v 0.842572 16.473995 3.215202
v -0.556481 16.650122 2.510936
v 1.897623 14.840380 -0.204196
v 0.172965 13.901508 -0.123341
v 0.172965 14.770462 0.164986
v 1.995098 15.141154 -0.055327
v 3.526109 14.090485 0.826593
v 2.755722 14.097492 -0.430266
v 1.439568 13.874810 -0.915453
v 1.616780 13.461400 -1.277143
v 0.956592 13.604154 -0.958421
v 1.258452 13.203926 -1.465609
v -0.515957 15.808034 1.048558
v -0.866317 14.694538 1.614717
v 2.325684 16.885487 1.067030
v -0.364644 18.205647 0.922999
v -0.600842 18.100771 1.507622
v -0.121870 17.595251 0.640395
v -0.672586 17.271780 0.915707
v 2.221668 13.876979 -0.945556
v 1.990526 14.194442 -0.692987
v -0.177262 17.803665 0.793662
v -0.782492 17.427549 1.219804
v -0.671335 17.626621 1.567510
v -0.834421 17.435226 1.684041
v -0.264140 18.059387 2.216851
v -0.240996 17.990557 0.781956
v -0.364644 18.205647 0.922999
v 0.527162 17.312414 2.833780
v 0.426334 17.580818 2.689299
v 0.678902 16.908848 3.028270
v 3.582301 13.760423 1.536340
v 3.284111 14.244167 1.545718
v 0.279308 18.102354 2.675950
v 0.012765 18.066313 2.512146
v -0.512370 17.534428 2.098360
v -0.834421 17.435226 1.684041
v -0.671335 17.626621 1.567510
v -0.561453 15.667032 1.925254
v -0.177262 17.803665 0.793662
v -0.177262 17.803665 0.793662
v -0.905356 13.485596 -0.055919
v -1.446460 13.031636 -0.154520
v 1.516719 18.135563 1.014909
v 1.657028 17.687361 0.732430
v 1.975658 17.076130 0.691206
v -0.834421 17.435226 1.684041
v -0.782492 17.427549 1.219804
v 2.156048 17.017895 2.358579
v 0.172965 13.901508 -0.123341
v 0.172965 13.901508 -0.123341
v 1.400847 18.163261 2.105411
v -0.502833 16.008856 2.330296
v -0.556481 16.650122 2.510936
v 1.343420 19.379713 4.781863
v 1.339048 19.366198 4.778883
v 1.351630 19.343420 4.754865
v 1.343153 19.348093 4.765368
v 0.289354 19.079189 5.078050
v 0.288169 19.040224 5.053663
v 0.297697 19.069260 5.071458
v 0.297113 19.049820 5.059277
v -1.163547 18.730356 4.847365
v -1.325749 19.201836 4.887748
v -1.944454 18.678125 4.471651
v -1.957536 19.184565 4.635821
v 0.857507 19.442122 5.292071
v 0.392952 19.332907 5.220069
v 0.880392 19.211512 5.139540
v 0.435945 19.092621 5.090465
v 0.441978 19.076017 5.067212
v 0.450079 19.089783 5.015316
v 0.864115 19.145102 5.014215
v 0.880618 19.152609 5.080528
v 0.442620 18.847412 4.897685
v 0.140217 18.918495 4.975202
v 0.335017 18.580843 4.692297
v -0.174266 18.654596 4.810430
v 0.506671 19.024540 5.015049
v 0.512845 19.066673 5.034590
v 0.863814 19.125494 4.993240
v 0.513396 19.105137 4.998621
v 0.855830 19.150023 4.989727
v 0.882420 18.874693 4.804982
v 0.870956 19.062836 4.955094
v 0.783552 19.819906 5.412349
v -1.782728 18.410557 4.295074
v -2.347802 18.596613 3.389034
v -1.423407 18.192881 3.902997
v -1.944621 18.291916 3.046208
v 0.091885 19.166040 5.120910
v 0.318138 19.086029 5.040279
v 0.317838 19.076269 5.034189
v 1.182486 19.217186 4.825157
v 1.166734 19.253147 4.850845
v 0.592724 18.279566 2.088374
v 2.010450 19.017115 2.647132
v 0.546385 18.241772 2.165648
v 1.899025 18.904730 3.072740
v 0.885791 18.630152 4.568707
v 0.259960 18.301010 4.272622
v 0.854511 18.344728 4.167805
v 1.219547 18.502916 3.635111
v 0.395881 18.156502 2.301002
v -1.034151 18.442177 4.620636
v -0.835163 18.231094 4.185567
v -0.345971 18.072487 2.118535
v -0.182042 18.058636 2.306082
v -1.550943 18.185705 2.733643
v -1.049127 18.144657 3.506840
v -0.707086 18.161592 3.805038
v 0.254537 18.227757 3.906276
v 0.123898 18.078911 2.377427
v -0.092485 18.059555 2.345163
v 2.449482 19.297283 2.814757
v 2.363054 19.520298 1.835797
v 1.978970 19.192240 1.741768
v -2.567615 19.641443 4.398114
v -2.738310 19.198915 3.569541
v 0.270965 18.107697 2.368533
v 0.784762 18.264465 3.838129
v 0.144890 19.740728 5.177951
v 0.783552 19.819906 5.412349
v 0.697215 19.976341 5.263864
v 2.141856 19.080023 3.349061
v 1.357086 18.613798 3.964321
v 2.671122 20.027821 1.978766
v 2.792475 19.715197 3.009489
v 2.863543 20.049095 3.120655
v 2.745110 20.762613 2.028743
v 2.703585 20.513649 3.326084
v 2.359883 20.252754 3.852112
v 2.454646 19.762169 3.830695
v 0.783552 19.819906 5.412349
v 1.171156 20.033411 4.889557
v 1.212522 19.566605 4.989760
v 1.464406 19.557426 4.735258
v 2.392848 19.419428 3.657696
v 1.236709 19.320976 4.865438
v 1.480492 19.300701 4.598586
v 1.758048 19.205589 4.267474
v -0.238401 19.651455 5.031311
v 1.421438 20.124853 4.564929
v 2.805407 21.173605 2.888352
v 1.368458 18.875528 4.401902
v 1.259044 19.080273 4.668278
v 0.783552 19.819906 5.412349
v 1.191472 19.301287 4.806984
v 1.229259 19.300453 4.845997
v 1.300919 19.366282 4.764124
v 1.130057 19.280930 4.825356
v 1.302972 19.357187 4.757368
v 0.613716 18.346148 1.848863
v 2.609832 23.930811 2.811835
v 2.669586 23.345196 2.885957
v 2.781153 23.521072 1.567359
v 2.783564 22.824991 1.702253
v 2.355561 20.968695 0.710636
v 2.270485 20.291719 0.210489
v 2.730576 22.526051 2.877414
v 2.821159 21.677624 2.801690
v 2.768246 22.152773 1.792411
v 2.726696 21.417145 1.903068
v -3.537914 21.575085 4.630207
v -2.718203 22.183559 5.115385
v -3.818374 22.097708 4.618093
v -2.948077 22.653955 5.135125
v -4.941239 22.832668 3.345272
v -4.806745 21.416059 2.363075
v -4.651635 22.100378 3.490621
v 2.006253 19.538988 0.724111
v 1.428063 19.075434 0.844547
v 2.665515 24.186869 1.434567
v 2.567998 23.518986 0.290843
v 2.561882 22.968164 0.380142
v 2.505983 22.188065 0.484308
v 2.397161 24.664938 2.574602
v 1.956994 24.052624 3.756855
v 1.670444 24.882532 3.467568
v 2.087233 25.385881 2.285307
v 1.351622 25.560759 3.128747
v 2.012268 23.532503 3.786165
v 1.521124 24.028429 4.156666
v 1.581905 23.464422 4.170916
v -0.346322 23.672255 5.300698
v -0.670826 24.596022 5.083272
v -1.371612 23.334267 5.373034
v -1.689984 24.246439 5.123520
v 2.410627 21.390947 0.681418
v 2.444726 24.938848 1.269887
v 2.469489 21.746540 0.627637
v -4.343776 21.489397 3.569406
v -3.937984 20.908289 3.590949
v -2.315622 18.472548 1.938520
v -1.672354 18.288244 2.023211
v -3.555444 24.161421 4.507593
v -4.410422 23.533005 4.111094
v -3.288733 23.468428 4.861048
v -4.140258 22.800797 4.411561
v 0.596879 23.895603 4.819899
v 0.723272 23.050510 4.855842
v -2.004009 25.030706 4.724693
v -3.063531 24.460779 4.632875
v -2.785883 23.776127 4.991963
v -1.040801 25.445036 4.628295
v -0.093361 25.575607 4.187811
v 0.258066 24.801935 4.576141
v -3.107567 19.753408 3.542442
v -3.457685 19.717617 2.330362
v -3.701109 19.986938 2.361524
v -3.552866 20.350288 3.568565
v -0.095389 22.799629 5.308198
v 0.909135 25.593630 3.516610
v 1.218629 24.918074 3.866728
v -2.868716 20.055103 4.400491
v -3.183508 20.839540 4.539232
v -0.419809 18.115122 1.933973
v -1.030305 22.550499 5.348580
v -2.186910 22.389723 5.229938
v -2.427063 22.902584 5.266039
v -4.488307 20.957764 2.361181
v -3.196123 19.385637 2.270616
v -2.770056 18.854336 2.192439
v -4.013966 20.328846 2.316354
v -0.462877 18.121712 1.251575
v 0.222758 21.349482 4.968811
v -0.121328 21.131804 4.949346
v 0.542331 20.280788 5.021574
v 0.118416 20.110502 5.018929
v -0.484979 20.942245 4.873530
v -0.446141 20.071791 4.775172
v -1.961616 19.523552 4.197883
v -1.742146 19.482586 4.489589
v -1.724617 19.499023 4.230938
v -2.875707 20.695200 4.632510
v -2.290926 21.427740 4.985440
v -2.470791 21.756300 5.078249
v -0.537191 19.731968 4.816488
v -1.877341 21.927422 5.177651
v -1.741145 21.578005 5.017194
v -0.735411 19.792789 4.642280
v -0.586408 20.051432 4.690629
v -1.389183 19.401989 4.715784
v -1.839504 19.371037 4.596342
v -2.756106 20.086641 4.480554
v -2.679757 20.642721 4.653451
v -2.644999 20.128105 4.512166
v -0.354064 21.519684 5.046937
v -0.615426 21.152496 4.925626
v -1.203862 21.898638 5.183534
v -1.123366 21.501913 5.033822
v -0.732374 21.962212 5.211742
v 0.049801 22.203751 5.220168
v -2.477215 19.690584 4.455598
v -2.397253 19.756914 4.449340
v -1.056995 21.253366 4.865571
v -1.620567 21.351149 4.877611
v -2.154196 21.235262 4.873431
v -1.472549 19.523802 4.251747
v -1.392562 19.505613 4.569752
v -0.827262 19.861122 4.246691
v 2.399564 21.570829 3.273829
v 2.677470 21.645834 3.016614
v 2.289933 21.858589 3.334585
v 2.518072 22.124907 3.192924
v 2.507351 20.610600 3.374916
v 2.330381 20.643888 3.345247
v 2.224096 20.432304 3.700489
v 2.104846 20.502972 3.587003
v -2.144326 19.889156 4.537295
v -2.392806 19.936129 4.079207
v -2.282432 20.235651 4.589417
v -2.494244 20.255508 4.087543
v 2.623957 22.263407 3.087156
v 2.518072 22.124907 3.192924
v 1.952973 22.406492 3.719352
v 2.011634 22.654623 3.776462
v 1.952973 22.406492 3.719352
v 1.897198 22.143595 3.638122
v 2.762923 21.660435 2.929768
v -2.504948 20.562458 4.088943
v -2.315080 20.545355 4.628562
v -2.170716 21.022091 4.137628
v -2.023949 21.025429 4.739904
v 1.494033 20.311241 4.245723
v 1.241106 20.552946 4.301064
v 1.311682 20.592661 4.157300
v 1.009805 21.332127 4.280081
v 0.888986 21.334045 4.487444
v 0.931553 20.342361 4.790422
v 1.511846 22.244383 3.997442
v 1.524845 22.048397 3.934642
v -1.059806 21.101519 4.823278
v -1.564025 21.167599 4.802605
v -1.209185 21.096344 4.284903
v -1.723140 21.144487 4.183899
v 2.650146 21.196215 3.031064
v 2.743641 21.179361 2.988580
v -0.725074 20.835201 4.277036
v -0.671877 20.852554 4.752654
v 2.650146 21.196215 3.031064
v 2.330381 20.643888 3.345247
v 2.398696 20.853138 3.278768
v 2.444701 21.197800 3.247831
v -0.668256 21.018835 4.816121
v 0.136288 21.796431 5.114652
v 1.146218 21.881617 4.246458
v 1.202385 21.746620 4.187645
v 0.956191 21.482056 4.359675
v 1.009805 21.332127 4.280081
v -0.671877 20.852554 4.752654
v 0.826461 21.277647 3.841064
v 1.098378 20.682936 3.774093
v 1.523251 20.436810 4.007614
v 1.364195 20.487034 3.631365
v 1.999812 20.513985 3.276041
v 2.184332 20.613686 3.132560
v 2.327770 20.746761 2.992593
v 2.347193 21.057800 2.870497
v 2.379573 21.297001 2.738223
v 1.713362 22.129662 3.046224
v 1.351663 22.021282 3.319909
v 2.157558 21.892044 2.778829
v 2.300028 21.622641 2.740392
v 0.569380 21.328707 4.755265
v 0.730522 22.379377 4.800692
v 0.905331 21.586098 4.498315
v 0.956191 21.482056 4.359675
v -2.187719 19.764591 4.144753
v -1.926658 19.619751 4.494136
v -1.961616 19.523552 4.197883
v -1.742146 19.482586 4.489589
v 0.594418 21.790174 4.780419
v -0.661965 20.180920 4.268743
v -0.725074 20.835201 4.277036
v 1.153594 22.151188 4.393999
v 1.146218 21.881617 4.246458
v -2.397253 19.756914 4.449340
v -2.644999 20.128105 4.512166
v -1.056995 21.253366 4.865571
v -1.620567 21.351149 4.877611
v -2.154196 21.235262 4.873431
v -2.679757 20.642721 4.653451
v 1.052273 21.741198 3.649460
v 0.826461 21.277647 3.841064
v -0.668256 21.018835 4.816121
v 1.511846 22.244383 3.997442
v 1.555215 22.517960 4.090954
v 2.025234 23.038330 3.814908
v 1.089350 22.552500 4.539163
v 1.559770 22.907507 4.211865
v 2.327770 20.746761 2.992593
v 2.677470 21.645834 3.016614
v -1.522943 20.477524 4.741580
v -3.031685 20.757608 3.972254
v -2.600904 19.536650 3.887704
v 1.683251 21.392033 3.912533
v 0.091209 21.246441 4.155524
v 0.763820 20.143124 3.846322
v 1.643328 19.855366 3.288990
v 2.413672 20.403103 2.751064
v 2.603824 21.696062 2.534288
v -2.568616 21.806692 4.137827
v -1.492490 18.995005 3.913335
v 1.048552 23.063194 3.402415
v 0.212295 22.496933 3.953415
v -1.525713 22.293358 4.270410
v -0.565900 19.414839 4.067469
v 1.997768 22.726292 2.820421
v -0.464546 21.787004 4.294064
v -0.055883 20.468180 4.215178
v 1.647858 17.021399 3.098955
v 1.558927 17.113008 3.040452
v 1.176371 16.812483 3.240482
v 1.124484 16.929289 3.179459
v 1.645564 16.970087 2.993220
v 1.155838 16.754913 3.140196
v 1.103417 16.873722 3.081083
v 1.563474 17.067120 2.935885
v 1.129515 17.737587 2.967640
v 1.257217 18.039614 2.652188
v 0.961389 17.969864 2.914651
v 1.107438 18.209066 2.586284
v 1.069818 18.135563 2.489911
v 1.238996 17.971367 2.545936
v 0.920691 17.889435 2.827481
v 1.105703 17.661495 2.873986
v -4.092151 18.823299 0.385424
v -4.540527 18.463036 0.576477
v -5.464797 21.043200 1.372877
v -5.952288 20.686108 1.576228
v -5.027350 20.924057 2.223851
v -5.277574 20.726572 2.314042
v -5.227890 21.022509 2.383016
v -5.227890 21.022509 2.383016
v -4.809590 20.854975 3.183321
v -5.360781 23.583899 3.005375
v -4.954689 23.442062 3.787100
v -4.784294 20.171074 3.616105
v -4.269404 20.531254 3.434270
v -4.809490 20.540014 3.210720
v -5.060072 20.366558 3.305293
v -4.782926 23.446150 3.711526
v -4.550798 20.725571 3.123808
v -5.188877 23.588737 2.929676
v -5.027350 20.924057 2.223851
v -3.047212 18.660938 2.679638
v -3.524832 18.304596 2.849465
v -3.258013 18.597696 1.968080
v -3.723427 18.234262 2.133461
v -4.809590 20.854975 3.183321
v -4.809490 20.540014 3.210720
v -4.550798 20.725571 3.123808
v -4.387136 19.786949 3.853847
v -3.875617 20.155474 3.672179
v -4.387136 19.786949 3.853847
v -3.694960 18.832561 3.618683
v -3.875617 20.155474 3.672179
v -3.215229 19.205839 3.439168
v -3.524832 18.304596 2.849465
v -3.047212 18.660938 2.679638
v -5.060072 20.366558 3.305293
v -3.723427 18.234262 2.133461
v -4.784294 20.171074 3.616105
v -3.723427 18.234262 2.133461
v -4.387136 19.786949 3.853847
v -4.387136 19.786949 3.853847
v -3.723427 18.234262 2.133461
v -3.694960 18.832561 3.618683
v -4.809490 20.540014 3.210720
v -4.550798 20.725571 3.123808
v -3.723427 18.234262 2.133461
v -3.524832 18.304596 2.849465
v -5.027350 20.924057 2.223851
v -5.464797 21.043200 1.372877
v -5.277574 20.726572 2.314042
v -5.952288 20.686108 1.576228
v -4.540527 18.463036 0.576477
v -4.092151 18.823299 0.385424
v -3.723427 18.234262 2.133461
v -3.258013 18.597696 1.968080
v -5.060072 20.366558 3.305293
v -4.809490 20.540014 3.210720
v -4.540527 18.463036 0.576477
v -3.723427 18.234262 2.133461
v -5.952288 20.686108 1.576228
v -5.952288 20.686108 1.576228
v -5.060072 20.366558 3.305293
v -4.988913 19.990776 3.005084
v -3.983279 18.479639 2.337337
v -4.920798 19.950729 3.104944
v -3.915098 18.486481 2.528816
v -3.887465 18.459198 2.229041
v -4.999918 20.148048 2.957461
v -4.000917 18.923920 3.326568
v -4.216474 19.248390 3.483422
v -3.907205 18.704575 3.073524
v -4.476626 19.577200 3.510453
v -3.783149 18.457613 2.497503
v -4.384358 19.673649 3.564118
v -4.100144 19.299284 3.535618
v -4.736019 19.818237 3.330506
v -4.682155 19.946724 3.374659
v -3.869769 18.539795 2.775100
v -3.734098 18.515182 2.770646
v -3.768122 18.702406 3.099255
v -4.891421 20.094398 3.126503
v -3.866556 18.938770 3.367567
v -5.523209 20.002373 1.603510
v -5.664161 20.226057 1.686309
v -5.454627 20.029823 1.495740
v -5.657769 20.355545 1.623618
v -5.255931 19.968834 1.921240
v -5.383567 19.960239 1.894841
v -5.520030 20.177999 1.976806
v -5.453317 20.288883 2.053097
v -4.934681 19.874887 2.580861
v -5.071587 19.860954 2.541097
v -5.148270 19.934875 2.150364
v -5.210661 19.906677 2.257709
v -5.349977 20.130693 2.344738
v -5.345388 20.254507 2.281846
v -5.213739 20.091063 2.633456
v -5.139101 20.200693 2.702389
v 2.261716 20.716642 -1.467988
v 2.686114 23.421120 -0.926426
v 2.852263 20.649397 -1.586697
v 3.309442 23.377234 -1.053386
v 2.862049 23.199772 -0.004593
v 3.039586 23.401846 0.049088
v 3.181556 23.163395 -0.084263
v 3.039586 23.401846 0.049088
v 2.227000 25.746647 0.947544
v 3.226618 23.142456 0.910057
v 2.401057 25.513285 1.790959
v 3.755257 22.589962 1.176425
v 3.390997 22.874052 0.880289
v 3.121784 22.625422 1.335757
v 3.701476 22.859116 0.808244
v 2.237587 25.423426 1.811809
v 3.072801 22.896328 0.964906
v 2.063046 25.657290 0.968452
v 2.862049 23.199772 -0.004593
v 2.756440 20.323256 0.977855
v 2.576066 20.291468 0.255919
v 3.355246 20.271362 0.827292
v 3.167272 20.226891 0.106365
v 3.226618 23.142456 0.910057
v 3.390997 22.874052 0.880289
v 3.072801 22.896328 0.964906
v 3.775064 22.089949 1.510174
v 3.140131 22.134251 1.669405
v 3.002367 20.962854 1.635473
v 3.615682 20.898609 1.489299
v 3.140131 22.134251 1.669405
v 3.775064 22.089949 1.510174
v 3.355246 20.271362 0.827292
v 2.756440 20.323256 0.977855
v 3.701476 22.859116 0.808244
v 3.755257 22.589962 1.176425
v 3.167272 20.226891 0.106365
v 3.775064 22.089949 1.510174
v 3.167272 20.226891 0.106365
v 3.775064 22.089949 1.510174
v 3.615682 20.898609 1.489299
v 3.167272 20.226891 0.106365
v 3.072801 22.896328 0.964906
v 3.390997 22.874052 0.880289
v 3.355246 20.271362 0.827292
v 3.167272 20.226891 0.106365
v 2.862049 23.199772 -0.004593
v 3.181556 23.163395 -0.084263
v 2.686114 23.421120 -0.926426
v 3.309442 23.377234 -1.053386
v 2.852263 20.649397 -1.586697
v 3.167272 20.226891 0.106365
v 2.261716 20.716642 -1.467988
v 2.576066 20.291468 0.255919
v 3.701476 22.859116 0.808244
v 3.390997 22.874052 0.880289
v 2.852263 20.649397 -1.586697
v 3.309442 23.377234 -1.053386
v 3.167272 20.226891 0.106365
v 3.309442 23.377234 -1.053386
v 3.701476 22.859116 0.808244
v 3.384998 20.584150 0.392006
v 3.339836 20.589991 0.193794
v 3.698589 22.408911 0.635613
v 3.677522 22.465647 0.523563
v 3.225909 20.512733 0.145111
v 3.586047 22.601225 0.504056
v 3.642840 21.094927 1.104598
v 3.551923 20.830612 0.897726
v 3.721917 21.499075 1.187080
v 3.764919 21.914072 1.137521
v 3.288341 20.490623 0.425413
v 3.640770 21.491402 1.297553
v 3.679976 21.957790 1.245082
v 3.666576 22.318554 0.982761
v 3.744135 22.229280 0.896817
v 3.452170 20.635963 0.633586
v 3.364491 20.547274 0.692465
v 3.466379 20.763031 0.987842
v 3.619870 22.520796 0.692740
v 3.560282 21.046120 1.208314
v 3.280424 22.952311 -0.923631
v 3.378774 22.850941 -0.895147
v 3.225575 22.556589 -0.987733
v 3.342581 22.579115 -0.934160
v 3.410729 22.507113 -0.623798
v 3.328556 22.454550 -0.536894
v 3.446079 22.771679 -0.584268
v 3.384056 22.843014 -0.467545
v 3.478477 22.290438 0.168581
v 3.384081 22.398317 -0.294005
v 3.563011 22.341497 0.064824
v 3.496832 22.417173 -0.237888
v 3.533809 22.688997 -0.194402
v 3.439380 22.786280 -0.224897
v 3.530989 22.686159 0.226633
v 3.601857 22.620583 0.112481
v 0.933147 12.651600 4.463392
v 1.555365 12.391957 4.201096
v 1.097485 12.927346 3.909890
v 1.619992 12.821803 3.688475
v -0.535823 12.635331 4.128325
v -0.445557 12.547393 3.914871
v -0.441160 13.271007 3.657430
v -0.392168 13.226870 3.509186
v -0.758597 13.194081 3.426171
v -1.028711 12.452947 3.326510
v -1.210219 12.573923 3.586938
v -0.912698 13.249647 3.613903
v 0.045638 12.864855 4.253750
v 0.138949 13.308885 3.847424
v -1.262081 13.288360 2.734612
v -1.433044 12.356998 2.536868
v -1.806347 12.505175 2.864592
v -1.354450 13.352770 2.907176
v -1.645856 13.220196 1.901785
v -1.785840 12.231098 1.704441
v 0.054607 12.763901 4.118923
v 0.133601 13.235046 3.735415
v -2.157200 12.546558 1.889553
v -1.736823 13.323985 1.997299
v -1.705377 13.017704 1.146842
v -1.814541 12.136318 0.899063
v -2.161955 12.323292 0.943925
v -1.970719 13.159456 1.158798
v 0.745657 12.798024 4.489523
v 1.193099 13.153616 4.052243
v -1.526146 11.800668 0.165662
v -1.494367 12.603877 0.262987
v -1.863591 11.938416 0.170360
v -1.811804 12.695569 0.254226
v -0.452991 12.269644 -0.660407
v -0.359813 11.476364 -0.691194
v -0.700294 11.496805 -0.760384
v -0.706785 12.276152 -0.622053
v -0.600450 14.210210 2.564250
v -0.548371 14.216885 2.473600
v -0.378276 14.545944 2.371003
v 0.557532 12.344984 -0.983376
v 0.652913 11.549953 -1.182396
v 0.412109 11.513492 -1.329238
v 0.652913 11.549953 -1.182396
v 0.340139 12.326796 -1.178951
v 0.557532 12.344984 -0.983376
v 1.730432 13.406585 2.938071
v 2.045683 13.498528 2.893602
v 2.156866 12.483315 3.437251
v 1.685170 11.985805 -1.399506
v 1.638255 12.804533 -1.255626
v 1.612099 12.863019 -1.398638
v 1.694364 11.913301 -1.705221
v 2.490231 12.390789 -1.188162
v 2.444142 13.257908 -0.864017
v 2.180069 11.984304 3.944748
v 2.024925 11.788236 3.363971
v 2.156866 12.483315 3.437251
v 2.086691 12.400217 3.279095
v 2.450475 13.312806 -1.132453
v 2.523821 12.435342 -1.523454
v 3.179520 12.739538 -0.706745
v 3.024902 13.564607 -0.401231
v 3.433556 12.890301 -0.976768
v 3.089554 13.670316 -0.543784
v 2.909556 12.560908 2.858093
v 3.085140 11.688368 2.787383
v 3.575125 12.762399 0.193671
v 3.366468 13.553259 0.491802
v 2.722591 14.445826 0.922107
v 2.753495 14.455420 0.860642
v 3.516798 13.684667 0.342615
v 2.878527 11.659750 2.725593
v 2.742582 12.592946 2.818620
v 3.814636 12.022099 2.037497
v 3.597994 12.943365 2.057721
v 3.377631 12.890635 2.101289
v 3.459771 11.969369 2.024673
v 4.040197 12.514353 1.000017
v 3.745445 13.377884 1.245843
v 3.495697 13.240052 1.385744
v 3.616441 12.218333 1.151456
v 3.883502 12.973901 -0.063836
v 2.720213 13.634690 2.423958
v 2.430668 14.420378 2.272902
v 2.612360 13.619338 2.415072
v 1.606200 14.168493 2.773341
v 1.919716 14.212630 2.617564
v 0.462419 13.942641 3.360567
v 1.268322 13.838934 3.260965
v -0.340748 14.021318 3.054802
v -0.870105 14.124524 1.340990
v -0.975122 14.128863 1.368365
v 1.498505 14.232404 -0.362677
v 1.522125 14.232487 -0.254639
v 2.088651 14.332439 -0.062176
v 2.092673 14.338946 -0.170172
v 2.433121 14.420378 0.331126
v 3.041130 14.339615 1.430747
v 2.969586 13.865298 1.923010
v 1.290824 13.612247 3.149290
v 1.286844 14.152142 2.892083
v 2.430668 14.420378 2.272902
v 1.919716 14.212630 2.617564
v 2.020553 13.466072 2.790595
v -0.543607 14.584825 1.861628
v -0.378276 14.545944 2.371003
v 2.336280 14.861404 0.612929
v 2.601422 14.831952 1.078894
v 2.601422 14.831952 1.078894
v 1.606200 14.168493 2.773341
v 1.919716 14.212630 2.617564
v 1.286844 14.152142 2.892083
v 2.336280 14.861404 0.612929
v 2.470665 14.432976 0.226176
v 3.056740 13.876812 1.900892
v 0.654164 14.049352 -0.187092
v 2.336280 14.861404 0.612929
v 0.157763 14.569722 0.414551
v -0.345955 14.606935 0.828245
v 0.811435 14.632298 0.131313
v 1.448562 14.779556 0.050542
v 1.961575 14.858068 0.230832
v -0.827855 14.191938 1.877714
v 1.961575 14.858068 0.230832
v -0.908710 14.191689 1.937202
v 1.448562 14.779556 0.050542
v 2.967083 14.344871 1.469769
v 1.448562 14.779556 0.050542
v -0.671109 14.080723 0.785360
v -0.808924 14.087230 0.785661
v 0.811435 14.632298 0.131313
v 0.048274 14.007217 0.242295
v -0.107136 14.004966 0.194263
v 0.755427 14.061867 -0.092996
v 0.811435 14.632298 0.131313
v 0.755427 14.061867 -0.092996
v 0.668097 14.250842 3.037473
v 1.286844 14.152142 2.892083
v 2.704870 14.648149 1.906273
v 0.184862 14.405693 2.999286
v 2.430668 14.420378 2.272902
v 0.668097 14.250842 3.037473
v 0.157763 14.569722 0.414551
v 0.811435 14.632298 0.131313
v 0.157763 14.569722 0.414551
v -0.568745 14.614777 1.327758
v 1.961575 14.858068 0.230832
v 2.045683 13.498528 2.893602
v -0.345955 14.606935 0.828245
v -0.039088 13.905347 3.304459
v -0.126501 13.901842 3.410769
v -0.345955 14.606935 0.828245
v 2.704870 14.648149 1.906273
v 2.741122 14.751941 1.522874
v 2.741122 14.751941 1.522874
v 2.601422 14.831952 1.078894
v -0.568745 14.614777 1.327758
v 2.180069 11.984304 3.944748
v -0.568745 14.614777 1.327758
v -0.543607 14.584825 1.861628
v -0.543607 14.584825 1.861628
v -0.378276 14.545944 2.371003
v 0.463303 13.954238 3.426279
v -0.135795 14.475611 2.770538
v -0.303446 14.032498 2.965070
v 2.704870 14.648149 1.906273
v -0.135795 14.475611 2.770538
v 0.184862 14.405693 2.999286
v 2.741122 14.751941 1.522874
v -0.135795 14.475611 2.770538
v 0.184862 14.405693 2.999286
v 0.668097 14.250842 3.037473
vn -0.9079 -0.2489 -0.3372
vn -0.7941 -0.5568 -0.2436
vn -0.9155 -0.1597 0.3693
vn -0.7995 0.5669 0.1984
vn -0.7430 0.5393 -0.3963
vn -0.8001 0.5655 0.2002
vn -0.9073 0.4045 -0.1150
vn -0.6777 -0.7351 -0.0192
vn -0.5258 -0.7789 0.3419
vn 0.3801 -0.8922 0.2441
vn 0.4686 -0.7135 0.5209
vn 0.0567 -0.8983 0.4357
vn 0.0955 -0.7446 0.6607
vn -0.3835 -0.6263 0.6788
vn -0.3776 -0.7644 0.5226
vn 0.0738 0.1533 0.9854
vn 0.4586 0.2392 0.8558
vn -0.0810 0.5796 0.8109
vn 0.2982 0.7014 0.6474
vn 0.3699 0.3584 0.8572
vn 0.1874 0.7866 0.5883
vn -0.4615 0.0266 0.8867
vn -0.5614 0.3152 0.7652
vn -0.3985 -0.3551 0.8457
vn -0.4568 0.0055 0.8896
vn -0.8148 0.5486 0.1873
vn -0.9172 0.3770 -0.1290
vn -0.5374 0.3246 0.7783
vn 0.2173 -0.9749 -0.0478
vn 0.2194 -0.9625 -0.1595
vn 0.0970 -0.9383 -0.3320
vn 0.0962 -0.8846 -0.4564
vn -0.6528 0.3096 -0.6913
vn -0.2937 0.4496 -0.8436
vn -0.2706 -0.1250 -0.9545
vn -0.5891 -0.2196 -0.7777
vn 0.1117 0.9896 0.0902
vn 0.0178 0.9866 -0.1624
vn 0.1102 0.9900 0.0881
vn 0.0079 0.9837 -0.1798
vn 0.1170 -0.3573 0.9266
vn -0.4156 -0.3367 0.8449
vn -0.1085 -0.6063 -0.7878
vn -0.4516 -0.6623 -0.5979
vn -0.9538 0.1361 -0.2678
vn -0.9130 -0.2363 -0.3326
vn -0.0816 0.9079 -0.4113
vn -0.0973 0.8942 -0.4369
vn 0.5150 -0.2576 0.8176
vn -0.3498 0.7127 0.6081
vn 0.1271 0.9163 0.3798
vn -0.2579 0.7376 -0.6240
vn 0.4611 -0.1615 0.8725
vn -0.9440 0.1037 -0.3131
vn -0.4189 -0.6212 0.6623
vn 0.3574 -0.8735 0.3306
vn 0.4424 -0.6504 0.6175
vn -0.3089 -0.3231 -0.8945
vn -0.4044 0.4362 -0.8039
vn -0.2986 0.7859 -0.5415
vn -0.1598 0.9666 -0.2002
vn -0.1444 0.9844 -0.1001
vn -0.7961 -0.5622 -0.2238
vn 0.0197 0.9698 0.2432
vn -0.0774 -0.7616 -0.6434
vn -0.5191 -0.8400 0.1580
vn -0.6343 -0.7729 -0.0155
vn -0.1178 -0.9929 -0.0167
vn -0.2434 -0.9335 -0.2631
vn -0.6723 0.5097 0.5369
vn -0.6523 0.5186 0.5528
vn -0.2723 -0.4042 0.8732
vn -0.1898 -0.6873 0.7012
vn 0.4336 -0.3145 0.8444
vn 0.2608 0.4203 0.8691
vn -0.3366 0.4004 0.8523
vn 0.2627 0.4189 0.8692
vn -0.0452 0.2403 0.9696
vn 0.0240 -0.8416 0.5395
vn 0.3727 -0.8568 0.3563
vn 0.2082 -0.8116 -0.5458
vn 0.4794 -0.6190 -0.6221
vn 0.4229 -0.8729 -0.2432
vn 0.6457 -0.7138 -0.2713
vn 0.6997 -0.6803 0.2183
vn 0.5423 -0.8160 0.2002
vn 0.9787 0.1681 -0.1180
vn 0.8221 0.3190 -0.4716
vn 0.8195 0.5603 0.1208
vn 0.6299 0.7453 -0.2186
vn 0.8310 0.4208 -0.3639
vn 0.5798 0.8097 -0.0908
vn 0.9182 -0.0501 0.3929
vn 0.8066 0.2163 0.5500
vn 0.8694 -0.4151 0.2679
vn 0.9205 -0.0700 0.3845
vn 0.2507 0.3997 0.8817
vn -0.0587 0.2116 0.9756
vn 0.8181 0.2298 0.5272
vn -0.0715 -0.9226 -0.3791
vn -0.1833 -0.9105 -0.3707
vn -0.3460 -0.9086 -0.2337
vn -0.4697 -0.8564 -0.2145
vn -0.6394 0.1885 0.7454
vn -0.8299 0.3822 0.4064
vn -0.9477 -0.1594 0.2767
vn -0.7346 -0.3218 0.5974
vn 0.0903 0.9944 0.0553
vn -0.1550 0.9740 0.1655
vn 0.0882 0.9945 0.0570
vn -0.1716 0.9693 0.1760
vn 0.9126 -0.3275 -0.2446
vn 0.8701 -0.4001 0.2879
vn -0.7945 -0.6051 0.0510
vn -0.5689 -0.7332 0.3725
vn -0.1966 -0.0326 0.9799
vn -0.2673 -0.3925 0.8800
vn -0.3967 0.8781 0.2677
vn -0.4212 0.8618 0.2826
vn 0.7757 -0.1608 -0.6103
vn 0.6379 0.6438 0.4227
vn 0.3773 0.9261 0.0062
vn -0.5975 0.6788 0.4269
vn 0.8352 -0.0752 -0.5448
vn -0.2427 -0.0631 0.9680
vn 0.6858 -0.6816 0.2553
vn 0.2963 -0.7967 -0.5267
vn 0.5781 -0.5610 -0.5925
vn -0.9109 -0.2871 0.2963
vn -0.8407 0.2855 0.4600
vn -0.5901 0.6620 0.4622
vn -0.1799 0.9234 0.3392
vn -0.0811 0.9440 0.3199
vn -0.1699 -0.6928 0.7008
vn 0.2493 0.9595 0.1310
vn -0.7050 -0.7083 0.0363
vn 0.1884 -0.9165 0.3528
vn 0.0245 -0.8712 0.4902
vn -0.0164 -0.9983 -0.0551
vn -0.2525 -0.9628 0.0965
vn 0.5886 0.3877 0.7094
vn 0.6032 0.3999 0.6901
vn -0.9766 -0.0915 0.1944
vn -0.9347 -0.3127 0.1691
vn -0.8594 -0.2511 -0.4454
vn -0.8124 -0.2526 -0.5256
vn -0.9766 0.0382 0.2118
vn -0.9581 -0.0317 0.2846
vn -0.7132 0.1621 0.6819
vn -0.7665 0.0763 0.6377
vn 0.5536 0.0505 0.8312
vn 0.7603 0.0459 0.6480
vn 0.6161 0.0092 0.7876
vn 0.8298 0.0682 0.5539
vn -0.9040 -0.3449 -0.2525
vn -0.9516 -0.1907 -0.2412
vn -0.0109 0.0021 -0.9999
vn 0.5752 0.3396 -0.7442
vn 0.6347 0.1339 -0.7611
vn 0.8568 0.1287 0.4994
vn 0.6634 0.0249 0.7478
vn 0.6793 0.0747 0.7301
vn 0.8703 0.2566 0.4204
vn 0.5835 -0.6526 -0.4834
vn 0.8502 -0.4927 0.1855
vn 0.1274 -0.7525 -0.6462
vn -0.9369 0.3227 0.1342
vn -0.9585 0.2851 0.0016
vn -0.9315 -0.0836 -0.3539
vn 0.9177 0.3958 -0.0346
vn 0.8540 0.5201 -0.0119
vn 0.7763 0.3773 0.5049
vn 0.9718 0.2255 -0.0686
vn 0.9985 -0.0157 -0.0525
vn 0.9915 0.0702 -0.1091
vn 0.9422 -0.2778 0.1871
vn 0.5459 0.1759 0.8192
vn 0.6421 0.4988 0.5822
vn 0.4337 0.2902 0.8531
vn 0.8043 0.5942 0.0070
vn 0.4527 0.4122 -0.7906
vn -0.0274 0.0862 -0.9959
vn 0.6028 -0.0857 -0.7933
vn -0.8550 -0.5162 0.0494
vn -0.8079 -0.5322 -0.2532
vn -0.7798 -0.6255 -0.0252
vn -0.7209 -0.6366 -0.2740
vn -0.8858 -0.3942 0.2449
vn -0.7948 -0.5799 0.1788
vn 0.5081 -0.2685 -0.8184
vn 0.5808 -0.3934 -0.7127
vn 0.0756 -0.3983 -0.9141
vn 0.0911 -0.5657 -0.8196
vn -0.9630 0.1703 0.2087
vn -0.6371 0.5323 0.5574
vn -0.6819 0.3358 0.6498
vn -0.9144 -0.0464 -0.4022
vn -0.9195 -0.0802 -0.3847
vn 0.7570 0.0648 0.6502
vn 0.5692 0.1535 0.8077
vn 0.9898 -0.1362 0.0419
vn 0.5635 -0.2089 -0.7992
vn 0.0641 -0.3335 -0.9406
vn -0.9615 -0.0950 -0.2578
vn 0.5982 0.2081 0.7738
vn 0.7570 0.0879 0.6474
vn 0.6085 0.7933 -0.0172
vn 0.3462 0.9381 0.0064
vn 0.5837 0.7627 0.2783
vn 0.3453 0.9061 0.2445
vn 0.8224 0.3791 0.4242
vn 0.7001 0.5205 0.4888
vn 0.4586 -0.2241 0.8599
vn 0.2845 -0.1096 0.9524
vn -0.3801 0.8408 -0.3854
vn -0.5532 0.7873 -0.2723
vn -0.3643 0.9115 -0.1910
vn 0.5970 -0.1287 0.7919
vn 0.7174 -0.2231 0.6600
vn 0.9161 -0.3869 0.1049
vn 0.9349 -0.3537 -0.0306
vn -0.4879 0.3876 0.7821
vn -0.2538 0.7352 0.6285
vn -0.5092 0.7380 0.4427
vn -0.3527 0.9084 0.2246
vn -0.6164 0.7763 -0.1321
vn 0.2729 0.7600 0.5899
vn 0.2118 0.8518 0.4792
vn 0.0322 0.7803 0.6246
vn -0.0207 0.7588 0.6510
vn -0.4597 -0.4234 0.7807
vn 0.2635 -0.2954 0.9183
vn -0.4062 -0.2886 0.8670
vn 0.3069 -0.2522 0.9177
vn -0.0331 -0.6891 0.7239
vn 0.6589 0.0856 0.7473
vn 0.4578 -0.0915 0.8843
vn 0.7009 0.5558 0.4470
vn 0.1682 0.0337 0.9852
vn 0.6699 -0.4277 0.6068
vn 0.6386 -0.3440 0.6884
vn 0.1899 -0.5735 0.7969
vn 0.3749 -0.5616 0.7376
vn -0.1387 0.8894 0.4356
vn -0.7345 0.5774 0.3565
vn -0.0302 0.5225 0.8521
vn -0.7381 -0.0489 0.6729
vn -0.5885 0.3751 0.7162
vn -0.6204 0.1514 0.7696
vn -0.9457 0.3244 0.0184
vn -0.9843 0.1744 0.0282
vn -0.0051 0.1328 0.9911
vn -0.7397 -0.3376 0.5821
vn -0.5363 0.5253 0.6607
vn 0.2403 0.2983 0.9237
vn 0.7424 0.5137 0.4300
vn 0.7267 0.5492 0.4126
vn 0.6701 0.6331 0.3876
vn 0.6072 -0.2198 0.7635
vn 0.6005 -0.3393 0.7241
vn 0.8442 0.2817 0.4559
vn -0.8165 -0.5761 0.0382
vn -0.5853 -0.7889 0.1873
vn -0.6975 -0.6211 0.3573
vn -0.5101 -0.8088 0.2925
vn 0.5556 -0.2746 0.7848
vn 0.5371 0.0019 0.8435
vn 0.1905 -0.5632 0.8040
vn 0.1944 -0.3147 0.9291
vn 0.4267 0.1198 0.8964
vn -0.0623 0.6026 0.7956
vn -0.2014 0.9666 0.1584
vn -0.3856 0.8937 0.2295
vn 0.1147 -0.5875 0.8010
vn -0.4327 0.6828 0.5886
vn -0.6707 -0.3884 0.6319
vn -0.1858 0.9552 0.2302
vn -0.1375 0.9810 0.1367
vn -0.2317 0.9424 0.2411
vn -0.8974 0.4146 0.1509
vn 0.2143 -0.4125 0.8854
vn 0.1208 -0.5713 0.8118
vn 0.7775 -0.1369 0.6138
vn -0.4594 -0.5362 0.7081
vn 0.9665 -0.0316 0.2547
vn 0.9761 -0.1545 0.1530
vn 0.7884 0.5331 0.3071
vn 0.9289 0.2283 0.2914
vn -0.1506 -0.6907 0.7073
vn -0.2655 -0.5466 0.7942
vn 0.3215 -0.3094 0.8949
vn 0.1725 -0.2801 0.9443
vn -0.4260 -0.3636 0.8284
vn 0.0588 0.6283 0.7758
vn -0.2509 0.2191 0.9429
vn 0.1795 -0.3216 0.9297
vn -0.2474 -0.7078 0.6617
vn -0.9093 0.3297 0.2539
vn -0.9647 0.0083 0.2632
vn -0.7716 0.4066 0.4892
vn -0.8742 0.0733 0.4801
vn -0.0502 -0.1235 0.9911
vn -0.6126 -0.1362 0.7785
vn -0.4512 -0.5413 0.7095
vn 0.7546 -0.1217 0.6448
vn 0.5735 -0.1694 0.8015
vn -0.1673 0.8865 0.4314
vn -0.6376 0.7034 0.3142
vn 0.8197 0.5684 -0.0709
vn 0.9479 0.2946 -0.1214
vn -0.4223 0.9039 0.0680
vn -0.4264 0.9006 0.0849
vn -0.2209 0.9732 0.0643
vn 0.8683 -0.3504 0.3510
vn -0.8923 -0.1832 0.4127
vn -0.5151 0.2098 0.8310
vn 0.3075 0.3347 0.8908
vn -0.0532 -0.0494 0.9974
vn 0.1268 0.9729 0.1934
vn -0.2089 0.9779 0.0095
vn -0.1693 0.9837 0.0608
vn -0.2934 0.9513 0.0950
vn -0.2832 0.9364 0.2073
vn -0.5330 0.4414 0.7219
vn -0.1944 0.2594 0.9460
vn -0.1344 0.0937 0.9865
vn -0.3470 -0.0400 0.9370
vn 0.2560 -0.1201 0.9592
vn -0.5298 0.8360 0.1429
vn -0.7913 0.5621 0.2405
vn -0.5175 0.8252 0.2264
vn -0.7085 0.6190 0.3388
vn 0.9950 0.0853 -0.0517
vn 0.9838 -0.0601 0.1690
vn -0.0625 0.5355 0.8422
vn -0.0360 0.4575 0.8885
vn 0.0544 0.1473 0.9876
vn -0.6706 -0.0899 0.7364
vn 0.7112 -0.3621 0.6025
vn -0.2341 0.8189 0.5240
vn -0.4407 0.8422 0.3106
vn -0.9919 0.0331 0.1225
vn -0.4670 -0.3133 0.8269
vn 0.4319 0.0970 0.8967
vn 0.8378 -0.1500 0.5249
vn 0.2620 0.2928 0.9196
vn 0.1736 0.9063 0.3853
vn 0.8134 0.1068 0.5718
vn 0.7080 -0.0440 0.7049
vn 0.9571 0.0007 0.2896
vn -0.6342 0.7732 0.0026
vn -0.7696 0.5947 0.2325
vn -0.8229 -0.3828 0.4199
vn -0.9115 -0.3982 0.1029
vn -0.9419 -0.2589 0.2140
vn -0.0887 0.1650 0.9823
vn 0.3240 0.4704 0.8208
vn 0.8500 -0.2284 0.4747
vn 0.8211 -0.0112 0.5707
vn -0.4732 0.8107 0.3446
vn -0.6395 0.6566 0.3998
vn 0.0659 0.9978 -0.0086
vn 0.1407 -0.1391 0.9802
vn -0.3408 0.9370 0.0770
vn 0.9786 -0.1092 0.1743
vn 0.4294 0.5509 0.7156
vn 0.8785 -0.0921 0.4688
vn -0.2061 0.9783 0.0213
vn 0.9098 -0.3027 -0.2838
vn -0.1919 0.2891 0.9379
vn -0.0773 0.6698 0.7385
vn -0.4724 0.1289 0.8719
vn -0.6092 0.4256 0.6692
vn 0.8168 -0.5548 0.1584
vn 0.5835 -0.8047 -0.1097
vn 0.8949 -0.4355 -0.0974
vn 0.4935 -0.8603 0.1279
vn -0.4804 -0.0872 -0.8727
vn -0.1472 0.0846 -0.9855
vn -0.3600 -0.4245 -0.8308
vn -0.1968 -0.1286 -0.9720
vn 0.5160 0.7937 0.3223
vn 0.4816 0.8571 0.1829
vn 0.5290 0.8426 -0.1008
vn -0.7749 0.0032 0.6321
vn -0.9554 0.2879 0.0660
vn -0.6049 0.7952 0.0416
vn 0.4167 -0.4935 0.7635
vn -0.0317 -0.4464 0.8943
vn 0.0356 -0.3983 0.9166
vn -0.2788 -0.1441 0.9495
vn 0.0876 0.9795 0.1815
vn -0.2999 0.7780 -0.5521
vn 0.3165 0.8517 -0.4176
vn 0.3385 0.3714 -0.8646
vn 0.4559 0.2358 -0.8582
vn 0.6014 0.2303 -0.7650
vn 0.5610 0.1420 -0.8155
vn -0.6995 -0.0450 0.7132
vn -0.9882 0.1346 0.0737
vn 0.5541 -0.0028 -0.8325
vn 0.4691 -0.3287 -0.8197
vn 0.3832 0.2941 0.8756
vn -0.2836 -0.1227 0.9511
vn -0.2307 -0.3347 0.9136
vn -0.1889 0.4704 -0.8620
vn -0.7135 0.4408 -0.5446
vn 0.0119 0.5923 -0.8056
vn 0.7531 -0.2752 0.5976
vn 0.7961 -0.4912 0.3534
vn 0.8131 -0.2277 0.5357
vn 0.1625 -0.9643 0.2093
vn 0.2928 -0.8933 0.3411
vn 0.0281 -0.8437 0.5360
vn 0.7226 -0.3795 0.5778
vn 0.7521 -0.6492 -0.1135
vn 0.8651 -0.0969 0.4921
vn 0.9186 -0.2671 -0.2912
vn -0.4715 -0.1920 0.8607
vn 0.4664 -0.8145 -0.3451
vn -0.1267 0.1783 0.9758
vn -0.3846 0.1276 0.9142
vn 0.1893 0.1768 0.9659
vn -0.5272 0.0948 0.8444
vn 0.8910 -0.4414 -0.1057
vn 0.7442 0.0578 -0.6654
vn 0.9550 -0.1102 -0.2756
vn 0.2068 -0.5109 -0.8344
vn 0.2189 -0.3058 -0.9266
vn 0.2823 -0.4592 -0.8423
vn -0.0731 -0.5654 -0.8216
vn 0.6330 -0.7674 -0.1021
vn 0.5693 -0.6715 -0.4744
vn -0.5067 0.3184 -0.8012
vn 0.0641 0.3708 -0.9265
vn -0.5266 -0.0977 0.8445
vn -0.5667 -0.0214 0.8236
vn -0.7114 -0.0201 0.7025
vn -0.2304 -0.0790 0.9699
vn -0.1402 0.3772 0.9155
vn -0.3018 -0.0276 0.9530
vn 0.4653 0.4510 -0.7616
vn 0.4347 0.1335 0.8906
vn 0.6611 0.1640 0.7321
vn 0.8158 0.2896 0.5006
vn 0.8277 0.1855 0.5296
vn -0.8647 0.3211 0.3862
vn -0.9695 0.2000 0.1420
vn -0.9445 -0.0656 0.3218
vn -0.9887 -0.1467 0.0323
vn -0.6526 -0.1169 0.7486
vn -0.5490 -0.1125 0.8282
vn -0.3127 -0.3056 0.8993
vn 0.5358 0.7656 -0.3561
vn 0.5239 0.5100 -0.6822
vn -0.8819 -0.3983 -0.2522
vn -0.8187 -0.4675 -0.3333
vn -0.8704 -0.4282 -0.2430
vn -0.5985 -0.4912 -0.6329
vn -0.7845 0.2552 -0.5651
vn -0.5692 -0.3549 0.7416
vn -0.6029 -0.3445 0.7196
vn 0.4398 0.8970 0.0447
vn 0.1337 0.7799 0.6114
vn 0.3881 -0.1142 -0.9145
vn -0.5607 0.1998 -0.8035
vn -0.7332 -0.3184 -0.6009
vn -0.7839 0.0007 -0.6209
vn -0.7394 -0.4670 -0.4850
vn 0.5623 0.7512 0.3457
vn 0.5743 0.7579 0.3093
vn -0.4782 0.1556 -0.8643
vn -0.6223 -0.0733 -0.7793
vn -0.6764 0.1486 -0.7214
vn -0.0373 0.0835 -0.9958
vn 0.1407 0.0814 0.9867
vn 0.4983 0.2783 0.8212
vn 0.1939 -0.3497 0.9166
vn 0.4809 -0.0337 0.8762
vn 0.5366 0.3856 -0.7505
vn -0.0203 0.2550 -0.9667
vn 0.5082 0.2933 -0.8098
vn -0.1942 -0.4940 0.8475
vn 0.1180 -0.6794 0.7242
vn 0.0258 -0.7705 0.6369
vn -0.3231 -0.6646 0.6737
vn 0.5395 0.3174 -0.7799
vn 0.2492 -0.1622 0.9548
vn 0.2681 -0.2407 0.9328
vn -0.2473 0.0566 0.9673
vn -0.4353 -0.2941 -0.8509
vn -0.9806 -0.1921 0.0394
vn -0.8855 -0.4632 -0.0367
vn 0.7182 0.0059 0.6958
vn 0.6267 -0.3504 0.6960
vn -0.9981 0.0601 0.0158
vn -0.1186 0.0353 0.9923
vn -0.1339 -0.1450 0.9803
vn 0.2799 -0.9506 -0.1345
vn 0.9190 0.2449 -0.3089
vn 0.9411 0.3168 -0.1179
vn 0.1124 -0.6900 -0.7151
vn 0.2633 -0.5137 -0.8166
vn 0.6384 0.5749 0.5117
vn 0.7962 0.6050 -0.0094
vn 0.9706 -0.1033 0.2174
vn 0.7155 0.1235 -0.6876
vn 0.4248 -0.0040 -0.9053
vn 0.4201 0.0059 -0.9074
vn -0.0927 -0.9940 -0.0576
vn -0.9277 -0.2592 0.2687
vn 0.0804 -0.4016 -0.9123
vn -0.1735 -0.5248 -0.8333
vn 0.8179 -0.0555 0.5726
vn 0.9675 0.0681 -0.2436
vn 0.8147 0.0942 -0.5721
vn 0.7643 0.1019 -0.6368
vn 0.7560 0.1357 -0.6404
vn 0.9095 0.0269 -0.4148
vn 0.9665 0.1114 -0.2312
vn 0.8105 -0.0355 0.5847
vn 0.9029 0.0486 0.4271
vn 0.7662 0.2115 0.6069
vn -0.5712 -0.8178 -0.0699
vn 0.4430 0.5689 -0.6929
vn 0.3630 0.0855 0.9278
vn 0.2904 -0.1499 0.9451
vn 0.3255 0.3258 0.8876
vn -0.6109 -0.0331 -0.7910
vn -0.7584 -0.1500 -0.6343
vn -0.3786 0.2121 -0.9010
vn -0.8270 -0.4938 -0.2687
vn -0.7882 -0.5807 0.2039
vn -0.8943 -0.4201 -0.1544
vn -0.9011 -0.3796 0.2096
vn 0.4010 0.4278 0.8100
vn 0.7354 0.4291 0.5245
vn 0.7379 0.4830 0.4714
vn 0.2329 -0.7076 0.6671
vn 0.0457 -0.8761 0.4800
vn -0.4518 -0.8202 0.3509
vn -0.4692 -0.8065 0.3597
vn -0.9611 -0.2603 0.0924
vn -0.5890 0.0245 0.8078
vn -0.4598 -0.1395 0.8770
vn -0.6131 -0.0279 0.7895
vn 0.2876 0.5647 0.7736
vn -0.2718 -0.3357 0.9019
vn -0.4582 -0.1154 0.8813
vn -0.3548 -0.3416 0.8703
vn -0.6537 -0.4060 0.6387
vn -0.6250 -0.1323 0.7693
vn 0.7642 0.5645 -0.3121
vn 0.8944 0.2541 -0.3680
vn 0.2762 -0.0878 -0.9571
vn 0.7898 0.4218 -0.4454
vn 0.2509 0.1169 -0.9609
vn 0.1305 0.8686 0.4780
vn -0.1342 0.7917 0.5959
vn 0.3353 0.6782 0.6539
vn 0.2213 0.6024 0.7669
vn -0.2639 -0.7819 0.5647
vn -0.1002 -0.9468 0.3058
vn 0.1579 -0.1895 -0.9691
vn -0.2522 -0.2176 -0.9429
vn -0.0777 -0.4189 -0.9047
vn -0.7996 0.3004 0.5199
vn 0.5946 0.6982 -0.3988
vn 0.1076 0.9251 -0.3642
vn 0.7889 0.5748 0.2173
vn 0.4972 0.8298 0.2535
vn 0.5887 -0.1099 0.8008
vn 0.6246 0.3255 0.7099
vn -0.3532 0.9346 -0.0419
vn -0.6777 0.5180 -0.5219
vn -0.3140 0.5743 -0.7560
vn -0.8102 -0.3577 -0.4644
vn -0.7625 -0.4411 -0.4733
vn 0.8053 0.4990 0.3200
vn 0.7395 0.5435 -0.3972
vn -0.7133 -0.5993 -0.3634
vn 0.6538 0.1468 0.7423
vn 0.5588 0.3482 0.7526
vn -0.1899 0.3449 0.9192
vn 0.1377 0.5074 -0.8506
vn -0.2256 -0.6536 0.7224
vn 0.3989 -0.8129 0.4243
vn 0.4594 -0.8434 0.2788
vn 0.6350 -0.5967 0.4906
vn 0.5036 -0.5985 0.6231
vn 0.7351 0.3527 0.5789
vn 0.5922 0.6022 0.5354
vn 0.0764 -0.9868 0.1429
vn -0.0701 -0.9951 -0.0697
vn -0.6188 0.7667 0.1711
vn -0.8963 0.3772 -0.2331
vn -0.9183 -0.3338 0.2131
vn -0.1054 -0.9911 0.0812
vn -0.3111 -0.9360 -0.1644
vn 0.0021 0.1925 -0.9813
vn -0.5320 -0.0461 -0.8455
vn 0.8159 0.4946 0.2996
vn 0.2382 0.5791 0.7797
vn 0.4536 0.2902 0.8426
vn 0.5660 0.2784 0.7760
vn -0.1427 -0.9371 0.3184
vn 0.7604 0.4088 0.5046
vn 0.8162 0.4264 0.3899
vn -0.6761 -0.5830 -0.4505
vn -0.4349 -0.7947 -0.4235
vn 0.4363 0.4155 0.7981
vn 0.5799 0.0840 0.8103
vn 0.6466 0.0449 0.7615
vn -0.8794 -0.1503 -0.4518
vn -0.9409 0.0449 -0.3358
vn -0.9440 0.3208 -0.0775
vn 0.9290 0.0609 -0.3649
vn 0.3172 0.3418 -0.8847
vn 0.8550 0.2434 0.4580
vn 0.8843 0.2327 0.4047
vn -0.7887 0.5693 0.2321
vn -0.2810 0.7343 0.6179
vn -0.6588 -0.5183 -0.5453
vn -0.7908 0.2371 0.5642
vn -0.8096 0.2215 0.5436
vn 0.0399 -0.0019 -0.9992
vn -0.3145 -0.3696 -0.8743
vn 0.4638 -0.8854 -0.0316
vn -0.4115 -0.1159 -0.9040
vn -0.8218 -0.2174 -0.5267
vn -0.8643 -0.1596 -0.4770
vn -0.8420 -0.2146 -0.4950
vn 0.2051 0.1722 0.9635
vn 0.4669 0.4821 0.7413
vn 0.2081 -0.7484 -0.6297
vn -0.0440 -0.7471 -0.6633
vn -0.6437 0.1421 0.7520
vn -0.8732 0.0575 -0.4840
vn -0.5985 -0.4913 -0.6328
vn -0.8684 -0.4942 0.0405
vn -0.0427 0.2714 0.9615
vn -0.1466 0.4604 0.8755
vn -0.3151 0.3968 0.8621
vn -0.5095 -0.8189 0.2641
vn -0.6366 -0.6439 0.4244
vn -0.5395 -0.6901 0.4824
vn -0.7202 -0.4797 0.5012
vn -0.9308 0.3098 0.1941
vn -0.9194 0.2954 0.2596
vn -0.9059 0.3012 0.2978
vn 0.9901 0.1394 -0.0188
vn 0.9828 -0.1822 -0.0306
vn 0.9633 -0.2615 0.0601
vn 0.8992 -0.4172 -0.1318
vn 0.1247 -0.9700 -0.2087
vn 0.3377 -0.9227 -0.1859
vn 0.1739 -0.9110 -0.3739
vn 0.4155 -0.7944 -0.4431
vn -0.1249 -0.9485 -0.2913
vn 0.0941 -0.9887 -0.1171
vn 0.1408 -0.9204 -0.3646
vn 0.2882 -0.9269 -0.2406
vn 0.4730 0.2947 -0.8303
vn 0.4582 0.2740 -0.8456
vn 0.3833 0.1223 -0.9155
vn 0.3679 0.0594 -0.9280
vn 0.9649 0.2572 -0.0528
vn 0.9744 0.2234 -0.0232
vn -0.6418 0.1942 0.7419
vn -0.8051 0.2903 0.5173
vn -0.6825 0.0208 0.7306
vn -0.8513 0.1401 0.5056
vn 0.5765 0.3100 -0.7560
vn 0.6473 0.0380 -0.7613
vn 0.5716 0.2843 -0.7697
vn 0.6599 0.0178 -0.7512
vn 0.1815 0.9647 -0.1907
vn 0.2581 0.9140 -0.3130
vn -0.0886 0.9782 -0.1878
vn -0.8250 0.5591 -0.0822
vn -0.7910 0.6117 0.0119
vn -0.8338 0.5520 0.0074
vn 0.6818 0.7224 -0.1149
vn 0.6694 0.7316 -0.1288
vn 0.6164 0.7505 -0.2386
vn 0.4523 0.8846 -0.1131
vn 0.4444 0.8856 -0.1351
vn 0.4767 0.8420 -0.2527
vn -0.5240 -0.6514 0.5487
vn -0.4787 -0.6087 0.6327
vn -0.2296 -0.9685 0.0966
vn -0.2295 -0.9685 0.0966
vn 0.0759 -0.8557 0.5118
vn 0.0861 -0.4409 0.8934
vn -0.8790 -0.4624 -0.1167
vn -0.7235 -0.6283 -0.2860
vn 0.6859 -0.7251 0.0619
vn 0.8630 -0.5022 -0.0554
vn -0.6252 -0.7802 -0.0220
vn -0.6521 -0.7579 -0.0220
vn 0.6939 -0.2241 -0.6843
vn 0.8253 -0.3666 -0.4296
vn 0.8069 0.0183 -0.5904
vn 0.8338 -0.3341 -0.4395
vn 0.6890 -0.7065 -0.1615
vn 0.0503 -0.9949 0.0870
vn -0.6570 -0.6163 0.4343
vn -0.4029 -0.8644 0.3007
vn 0.9652 -0.2268 0.1302
vn 0.9521 -0.2007 0.2307
vn 0.9097 -0.3759 -0.1766
vn -0.7723 -0.4105 0.4849
vn -0.7615 -0.4216 0.4923
vn 0.9887 -0.1470 -0.0281
vn 0.5968 -0.3365 0.7284
vn 0.6062 -0.7287 0.3186
vn 0.6891 -0.7065 -0.1615
vn -0.9069 -0.2737 0.3204
vn -0.8661 -0.3921 0.3102
vn -0.8788 -0.3912 0.2732
vn -0.0552 -0.9585 0.2798
vn 0.0788 -0.9915 -0.1032
vn -0.0062 -0.9947 0.1025
vn 0.4775 -0.8752 -0.0771
vn -0.5663 0.1404 0.8122
vn -0.5585 -0.7952 0.2361
vn -0.0609 -0.6945 -0.7170
vn -0.0185 -0.6638 -0.7477
vn -0.1096 -0.5479 -0.8293
vn -0.9197 0.1003 0.3797
vn -0.8566 0.0016 0.5160
vn -0.7859 -0.1333 0.6038
vn -0.4628 -0.5074 -0.7269
vn -0.3825 -0.3788 -0.8427
vn -0.0225 -0.6649 -0.7466
vn -0.0943 -0.3796 -0.9203
vn -0.0722 0.9023 0.4249
vn -0.3721 0.8073 0.4581
vn -0.1982 0.7448 0.6371
vn -0.4654 0.8726 0.1481
vn -0.6979 0.7140 0.0563
vn 0.7823 -0.3529 -0.5133
vn 0.7400 -0.3454 -0.5771
vn 0.7539 0.4836 -0.4448
vn 0.8358 0.4441 -0.3228
vn 0.7476 0.4741 -0.4651
vn -0.6414 -0.7588 -0.1133
vn -0.6454 -0.7404 -0.1878
vn -0.7809 -0.2097 -0.5884
vn -0.7449 -0.2580 -0.6153
vn -0.8817 0.4541 0.1279
vn -0.8226 0.5241 0.2205
vn -0.8174 0.5223 0.2429
vn 0.8239 0.3923 0.4091
vn 0.7784 0.3899 -0.4920
vn 0.7435 0.4678 -0.4779
vn -0.4559 -0.0982 0.8846
vn -0.6619 -0.1415 0.7361
vn 0.3562 -0.9200 -0.1634
vn 0.4438 -0.8933 -0.0714
vn 0.0828 0.7155 -0.6937
vn 0.0523 0.5670 -0.8221
vn -0.2131 0.6793 -0.7023
vn 0.0859 0.8259 0.5573
vn 0.0943 0.9403 0.3270
vn -0.1855 0.8700 0.4568
vn -0.3862 0.0001 -0.9224
vn -0.1395 -0.0442 -0.9892
vn -0.9208 -0.3477 0.1769
vn -0.8884 -0.3845 0.2506
vn -0.8759 -0.1064 -0.4707
vn -0.8892 -0.0939 -0.4477
vn -0.9330 -0.0177 -0.3594
vn -0.8501 -0.4128 -0.3268
vn -0.8559 -0.3906 -0.3390
vn -0.9262 -0.1431 -0.3488
vn -0.9356 -0.1217 -0.3314
vn -0.9704 -0.0058 -0.2416
vn -0.9786 0.0013 -0.2060
vn 0.2294 0.4200 -0.8781
vn 0.2935 0.5893 -0.7527
vn 0.3251 0.5131 -0.7943
vn -0.7108 0.6094 0.3512
vn -0.7028 0.6021 0.3789
vn -0.5052 0.5587 0.6578
vn 0.0270 0.3148 -0.9488
vn 0.8550 0.3452 -0.3869
vn 0.9230 0.1781 -0.3412
vn 0.2562 0.6664 -0.7002
vn 0.2935 0.5892 -0.7528
vn -0.4327 0.4115 -0.8022
vn -0.3593 0.3974 -0.8444
vn -0.3604 0.6765 -0.6423
vn -0.5197 0.5919 -0.6161
vn 0.9633 0.2573 -0.0759
vn -0.3565 -0.1061 -0.9283
vn -0.4506 0.1193 -0.8847
vn -0.1673 0.0625 -0.9839
vn 0.5100 0.3940 -0.7646
vn 0.0549 -0.2541 -0.9656
vn -0.1909 -0.4072 -0.8932
vn 0.2323 -0.3092 -0.9222
vn -0.1611 0.2019 -0.9661
vn 0.9534 0.1407 -0.2669
vn 0.9702 0.1621 -0.1803
vn 0.9745 0.2234 -0.0232
vn 0.9701 0.1750 -0.1683
vn -0.7874 0.6161 -0.0182
vn -0.8813 0.4651 -0.0836
vn -0.8941 0.4069 -0.1872
vn -0.9861 -0.1438 0.0829
vn -0.9943 -0.0375 0.0996
vn 0.8176 0.4186 0.3952
vn 0.8014 0.5469 0.2421
vn 0.8155 0.4825 0.3196
vn -0.6338 0.1264 -0.7631
vn 0.7558 0.6502 0.0772
vn 0.7728 0.6250 0.1106
vn -0.6103 -0.2115 -0.7634
vn 0.0382 -0.6662 -0.7448
vn -0.0531 -0.5318 -0.8452
vn 0.3478 0.7337 0.5838
vn 0.4096 0.8195 0.4007
vn -0.8521 0.3504 -0.3888
vn -0.7478 0.4786 -0.4602
vn -0.8667 0.2584 -0.4268
vn 0.3962 0.9155 0.0700
vn 0.3850 0.9219 0.0433
vn -0.3296 0.5405 0.7741
vn -0.3753 0.9263 0.0315
vn -0.3458 0.9248 0.1589
vn -0.3048 0.9369 0.1713
vn -0.8723 0.1717 -0.4578
vn -0.7979 0.1271 -0.5893
vn -0.2718 0.9610 0.0512
vn -0.9934 -0.1149 0.0058
vn -0.9995 -0.0288 0.0119
vn -0.9994 -0.0237 0.0257
vn -0.5076 0.8587 -0.0701
vn -0.3500 0.9269 -0.1353
vn 0.1759 0.0127 -0.9843
vn -0.7147 0.3483 -0.6066
vn -0.2678 0.9504 -0.1583
vn -0.1684 0.9854 -0.0266
vn -0.1273 0.9871 0.0976
vn -0.0203 0.9995 0.0231
vn 0.2776 0.9163 -0.2886
vn -0.2776 0.4557 -0.8457
vn -0.3443 0.4016 -0.8486
vn 0.2826 0.8748 -0.3936
vn 0.3356 0.8856 -0.3211
vn -0.3828 0.6701 -0.6360
vn -0.1570 0.9790 0.1298
vn 0.5877 0.4392 -0.6795
vn 0.6074 0.4544 -0.6516
vn 0.3690 0.8215 -0.4347
vn 0.3571 0.7629 -0.5390
vn -0.2509 0.9670 0.0454
vn -0.2991 0.8678 -0.3968
vn -0.9988 -0.0159 0.0469
vn -0.4024 0.8383 -0.3678
vn 0.6656 0.0213 0.7460
vn 0.6625 0.0209 0.7488
vn 0.6683 0.0087 0.7439
vn 0.6706 -0.1009 0.7349
vn 0.6685 -0.1098 0.7355
vn 0.7601 -0.3008 0.5759
vn 0.7618 -0.1892 0.6196
vn 0.7654 -0.2779 0.5805
vn 0.7586 -0.1658 0.6301
vn 0.6802 -0.1189 0.7234
vn 0.6873 -0.1282 0.7149
vn 0.6942 -0.1473 0.7045
vn 0.6983 -0.1604 0.6976
vn 0.7350 -0.1320 0.6651
vn 0.7331 -0.1188 0.6696
vn 0.7105 -0.1225 0.6930
vn 0.7090 -0.1265 0.6938
vn 0.7574 -0.3619 0.5434
vn 0.7554 -0.3565 0.5498
vn 0.7601 -0.3605 0.5407
vn 0.6732 -0.1091 0.7314
vn 0.6702 -0.1070 0.7345
vn -0.1309 -0.2059 0.9698
vn -0.1277 -0.2183 0.9675
vn -0.1270 -0.2043 0.9706
vn -0.0799 -0.3146 0.9458
vn -0.0737 -0.3212 0.9441
vn -0.1233 -0.5526 0.8243
vn -0.1362 -0.5349 0.8339
vn -0.1582 -0.4517 0.8780
vn -0.1623 -0.4286 0.8888
vn -0.0886 -0.3847 0.9188
vn -0.0882 -0.3495 0.9328
vn -0.0888 -0.3705 0.9246
vn -0.0835 -0.3368 0.9379
vn -0.1450 -0.3829 0.9124
vn -0.1479 -0.3699 0.9172
vn -0.1183 -0.3587 0.9259
vn -0.1149 -0.3613 0.9253
vn -0.1051 -0.6017 0.7918
vn -0.1070 -0.6081 0.7866
vn -0.1108 -0.6086 0.7857
vn -0.0767 -0.3199 0.9443
vn -0.0793 -0.3237 0.9428
vn -0.2017 0.6868 -0.6983
vn -0.1812 0.6781 -0.7123
vn -0.1145 0.9931 0.0235
vn -0.1998 0.8486 -0.4899
vn 0.2229 -0.9601 -0.1690
vn 0.2198 -0.9598 -0.1745
vn -0.4155 -0.8767 0.2423
vn -0.0574 -0.9914 -0.1174
vn 0.2594 -0.7933 0.5509
vn -0.2280 -0.9701 -0.0834
vn 0.1018 -0.8349 0.5410
vn -0.6389 0.3252 -0.6972
vn -0.6627 0.2928 -0.6892
vn -0.6622 0.2935 -0.6894
vn -0.6905 0.2524 -0.6779
vn -0.1690 -0.7427 -0.6480
vn 0.0778 -0.2819 -0.9563
vn -0.2159 -0.6140 -0.7592
vn 0.1684 -0.0896 -0.9816
vn -0.4811 -0.8750 0.0540
vn 0.1169 0.4010 0.9086
vn 0.1281 0.3947 0.9098
vn -0.0756 0.2606 0.9625
vn -0.4876 -0.6101 -0.6245
vn -0.0229 -0.9864 -0.1626
vn -0.2646 -0.9635 0.0407
vn -0.1557 -0.1359 -0.9784
vn -0.1489 -0.1884 -0.9707
vn 0.0148 -0.7672 -0.6412
vn -0.0867 -0.9842 -0.1546
vn 0.1580 -0.9546 -0.2525
vn 0.3917 -0.8075 0.4411
vn -0.8951 0.4451 0.0250
vn -0.7916 0.5979 -0.1264
vn -0.7904 0.6005 -0.1215
vn -0.4134 0.8122 0.4115
vn -0.6382 0.5887 0.4962
vn -0.0157 0.5343 0.8451
vn 0.4502 -0.7997 0.3973
vn 0.1186 0.9916 0.0519
vn -0.2567 0.8305 -0.4944
vn -0.4774 -0.8746 0.0847
vn -0.1804 -0.9770 -0.1135
vn 0.2323 -0.8024 0.5498
vn 0.2542 0.7044 0.6627
vn 0.1182 0.8474 0.5177
vn 0.1057 0.8577 0.5032
vn -0.8130 -0.3412 -0.4719
vn -0.4574 -0.6381 -0.6194
vn 0.4934 0.1080 0.8630
vn 0.4246 0.2605 0.8671
vn 0.5395 -0.3236 0.7773
vn -0.6150 0.7069 -0.3494
vn -0.5549 0.7778 0.2952
vn -0.0435 -0.7868 -0.6156
vn 0.0301 -0.5202 -0.8535
vn -0.0348 -0.5126 -0.8579
vn -0.7772 0.5454 -0.3140
vn -0.7008 0.5542 0.4492
vn -0.5902 0.7356 -0.3326
vn -0.4607 0.8304 0.3134
vn -0.6129 -0.2607 0.7459
vn -0.6065 -0.2791 0.7445
vn -0.5637 0.3062 0.7671
vn -0.9926 0.0564 0.1074
vn 0.4734 -0.3529 -0.8071
vn 0.4054 -0.4541 -0.7934
vn -0.0333 -0.8185 -0.5735
vn -0.0341 -0.8235 -0.5663
vn 0.5737 -0.7243 0.3825
vn 0.3925 -0.8795 0.2692
vn 0.5162 -0.5590 0.6489
vn -0.0807 0.9487 0.3057
vn -0.2080 0.9128 0.3516
vn -0.0694 0.4824 0.8732
vn -0.1924 0.2350 0.9528
vn 0.3245 -0.8631 -0.3871
vn 0.5395 -0.7000 0.4679
vn -0.1407 -0.6710 -0.7280
vn 0.2201 -0.9665 -0.1323
vn 0.1789 -0.9714 -0.1562
vn -0.1880 -0.9492 0.2525
vn -0.6015 -0.5162 0.6097
vn -0.2403 -0.4198 -0.8752
vn 0.0776 -0.9745 -0.2105
vn -0.3562 -0.4592 -0.8138
vn -0.4772 -0.5397 -0.6935
vn -0.4340 -0.6105 -0.6625
vn 0.4111 0.2868 0.8653
vn -0.8867 -0.0984 0.4518
vn -0.8981 -0.2226 0.3794
vn -0.4155 -0.8767 0.2424
vn -0.6055 0.7682 -0.2079
vn -0.0987 -0.6136 -0.7834
vn 0.3103 0.2603 0.9143
vn 0.2843 0.3822 0.8793
vn 0.3040 0.2927 0.9066
vn 0.2742 0.4229 0.8637
vn -0.7959 0.5176 -0.3142
vn -0.3039 0.9517 -0.0434
vn -0.4050 0.7993 0.4439
vn -0.2648 -0.4549 -0.8502
vn -0.5510 -0.5193 -0.6532
vn -0.6614 0.6192 0.4231
vn -0.4827 0.6831 -0.5481
vn -0.5256 0.6824 -0.5080
vn 0.3480 0.6523 -0.6734
vn 0.3053 0.8941 -0.3277
vn 0.1526 0.9570 0.2466
vn -0.1864 -0.5677 -0.8019
vn -0.8787 0.1509 0.4530
vn 0.1207 0.7094 0.6944
vn -0.3850 0.8959 0.2217
vn -0.7925 -0.5187 -0.3208
vn -0.7060 0.6707 -0.2277
vn -0.7093 0.6661 -0.2304
vn 0.1517 -0.9595 -0.2372
vn -0.1981 0.8684 0.4546
vn -0.7451 0.6093 0.2712
vn 0.1430 -0.9769 -0.1589
vn 0.3728 -0.8939 0.2489
vn -0.6727 0.1436 -0.7259
vn -0.7991 0.4953 -0.3407
vn -0.6095 0.6733 -0.4186
vn -0.4964 0.7396 0.4545
vn -0.5548 0.7778 0.2952
vn -0.1057 -0.3826 -0.9178
vn -0.0024 0.5425 0.8401
vn 0.5243 -0.5666 0.6357
vn -0.3279 -0.5939 -0.7347
vn 0.2753 -0.9356 -0.2212
vn 0.6283 -0.7014 0.3364
vn -0.3315 -0.9429 -0.0311
vn 0.2696 0.4367 0.8583
vn 0.1626 0.8333 0.5285
vn -0.8947 -0.3095 0.3222
vn -0.3315 -0.9430 -0.0310
vn 0.4405 -0.7296 0.5231
vn 0.4890 0.8332 -0.2584
vn 0.5386 0.7699 -0.3423
vn 0.0854 0.9767 0.1971
vn 0.0867 0.9800 0.1793
vn -0.8730 -0.1245 0.4715
vn -0.8712 -0.1229 0.4753
vn -0.8710 -0.1228 0.4756
vn -0.8696 -0.1215 0.4786
vn -0.6646 -0.7191 -0.2029
vn -0.8446 -0.5234 -0.1129
vn -0.1930 -0.8973 -0.3971
vn -0.8331 -0.5438 -0.1010
vn 0.0456 0.9525 0.3011
vn 0.4185 0.4795 0.7713
vn 0.0401 0.9518 0.3042
vn 0.7100 0.6480 0.2757
vn 0.7133 0.6909 0.1181
vn 0.1242 0.7161 0.6869
vn 0.0981 0.8270 0.5536
vn -0.7274 -0.4294 0.5352
vn -0.7470 -0.4473 0.4918
vn -0.7474 -0.4477 0.4910
vn -0.7615 -0.4611 0.4555
vn -0.9364 0.3510 -0.0072
vn -0.8716 0.4619 0.1641
vn -0.6124 0.5542 0.5637
vn -0.4753 0.6646 0.5765
vn 0.2339 0.4813 0.8448
vn 0.8025 -0.4544 -0.3867
vn 0.8822 -0.4443 -0.1561
vn 0.8052 -0.4437 -0.3934
vn -0.4862 0.3870 0.7835
vn 0.2433 0.6677 0.7035
vn 0.0537 0.8490 0.5256
vn -0.9285 0.2253 0.2950
vn -0.9097 0.2713 0.3144
vn -0.4604 0.7768 0.4296
vn 0.0598 0.8135 0.5785
vn 0.6110 0.7913 0.0216
vn -0.0382 0.9313 0.3624
vn -0.0859 -0.8319 0.5482
vn -0.2608 -0.8811 0.3944
vn -0.2651 -0.8786 0.3973
vn 0.2200 -0.9717 -0.0865
vn 0.7097 -0.6210 -0.3326
vn 0.3468 -0.9141 0.2102
vn 0.5678 0.8227 -0.0286
vn -0.1613 -0.7834 -0.6002
vn -0.6661 -0.7318 -0.1444
vn 0.2635 0.4770 0.8385
vn 0.7137 0.6851 0.1461
vn 0.0970 0.7519 0.6521
vn 0.4998 -0.5918 -0.6325
vn 0.3082 -0.7651 -0.5653
vn 0.3248 -0.7529 -0.5724
vn -0.4005 -0.0329 0.9157
vn -0.4746 0.4254 0.7706
vn 0.8274 -0.0087 -0.5615
vn 0.8375 0.3941 -0.3784
vn 0.7974 -0.1725 -0.5783
vn -0.5038 -0.8374 0.2123
vn 0.1114 -0.9917 0.0637
vn -0.4322 0.7587 0.4873
vn -0.7278 0.5796 0.3665
vn -0.7208 0.6180 0.3138
vn 0.1194 -0.9918 -0.0452
vn 0.3076 -0.9074 0.2862
vn -0.4929 -0.8523 0.1750
vn -0.4369 -0.7906 0.4290
vn 0.0764 -0.5704 0.8178
vn 0.7771 -0.2167 0.5909
vn 0.6739 -0.6913 0.2608
vn 0.7744 -0.2356 0.5871
vn -0.7037 0.6932 -0.1557
vn -0.3837 0.7825 0.4904
vn -0.6698 0.7409 -0.0484
vn -0.3762 0.7847 0.4926
vn 0.5389 0.8248 -0.1710
vn 0.4588 0.8855 0.0731
vn 0.7625 0.6051 -0.2289
vn 0.0926 -0.8976 -0.4310
vn 0.1432 -0.9406 -0.3078
vn -0.1930 -0.8972 -0.3971
vn 0.7473 -0.6102 -0.2631
vn 0.8764 -0.4798 -0.0416
vn -0.1865 0.9647 0.1860
vn 0.6168 0.7703 -0.1620
vn -0.5684 0.6341 0.5242
vn 0.0830 0.9494 0.3028
vn 0.4483 0.6538 0.6096
vn 0.0599 0.9373 0.3434
vn 0.6967 0.0113 0.7172
vn -0.7680 0.4010 0.4993
vn 0.0058 0.8992 0.4376
vn -0.7015 0.3636 0.6129
vn -0.5686 0.3468 0.7460
vn -0.5222 0.4223 0.7409
vn 0.7897 -0.2011 -0.5796
vn 0.4477 -0.4537 0.7706
vn 0.4037 -0.3410 0.8490
vn -0.3785 -0.9117 0.1598
vn -0.6343 0.6178 0.4648
vn 0.8416 -0.2393 -0.4842
vn 0.8270 -0.2682 -0.4941
vn 0.7808 -0.3479 -0.5190
vn 0.7566 -0.3842 -0.5290
vn -0.2526 -0.9452 -0.2071
vn -0.4318 -0.7763 0.4593
vn 0.2542 -0.9629 -0.0903
vn -0.7364 0.4134 0.5355
vn -0.5351 0.2843 0.7955
vn 0.2684 -0.9373 0.2223
vn -0.6901 -0.7122 0.1289
vn -0.6516 -0.7410 0.1624
vn -0.7923 -0.2415 -0.5602
vn -0.5077 -0.5334 -0.6766
vn 0.0369 -0.7750 -0.6309
vn -0.6636 0.5385 0.5193
vn 0.3952 -0.6592 0.6398
vn 0.5269 -0.6701 -0.5228
vn 0.0170 -0.9908 -0.1345
vn -0.2148 0.0971 0.9718
vn -0.3785 -0.8766 0.2971
vn -0.3802 -0.8740 0.3026
vn -0.0222 0.9293 0.3687
vn 0.2535 -0.9183 -0.3041
vn 0.1213 -0.9417 0.3139
vn 0.0579 0.9242 0.3775
vn 0.4418 0.8916 0.0991
vn -0.7507 -0.3202 0.5779
vn -0.4524 -0.7545 0.4754
vn -0.5638 -0.7931 0.2307
vn 0.2761 -0.9610 0.0172
vn -0.8154 0.4462 0.3688
vn 0.7032 -0.6201 -0.3477
vn 0.7513 0.6182 -0.2310
vn -0.5946 0.4760 0.6480
vn -0.0097 0.9686 0.2486
vn 0.4899 0.8422 -0.2252
vn 0.1676 0.6308 0.7576
vn 0.7483 -0.3972 -0.5313
vn 0.7567 -0.3843 -0.5290
vn 0.3390 -0.7206 -0.6048
vn 0.3667 -0.2551 0.8947
vn 0.6753 0.7345 -0.0671
vn -0.4911 -0.3085 -0.8147
vn -0.4238 -0.4026 -0.8114
vn -0.0347 -0.8145 -0.5792
vn -0.0167 -0.8158 -0.5781
vn 0.4730 -0.4285 0.7699
vn 0.4765 -0.4297 0.7670
vn 0.4763 -0.4296 0.7672
vn 0.4792 -0.4306 0.7649
vn 0.5419 0.1851 -0.8198
vn 0.9735 0.2285 0.0037
vn 0.7997 0.1811 0.5724
vn 0.8185 0.4078 -0.4046
vn -0.1346 -0.0242 -0.9906
vn -0.3182 -0.0785 -0.9448
vn -0.5125 -0.1712 -0.8414
vn 0.8679 0.3383 0.3636
vn 0.6361 0.1545 0.7560
vn 0.4383 0.0433 0.8978
vn -0.9788 0.1202 -0.1658
vn -0.6980 0.2570 0.6684
vn -0.5595 0.1620 0.8128
vn -0.7646 0.3078 0.5663
vn -0.9572 0.1365 -0.2552
vn -0.6904 -0.0769 -0.7194
vn -0.2701 -0.6330 -0.7255
vn -0.2683 -0.5741 -0.7736
vn 0.3178 -0.1204 0.9405
vn 0.1814 0.0086 0.9834
vn 0.1148 -0.0029 0.9934
vn -0.2841 0.2178 0.9337
vn 0.3029 -0.2518 0.9192
vn 0.6361 0.1545 0.7559
vn 0.2922 -0.4137 0.8623
vn 0.1119 -0.9102 0.3987
vn 0.2124 -0.9736 -0.0836
vn 0.2461 -0.9680 0.0497
vn -0.3724 -0.1952 -0.9073
vn 0.3738 0.2247 -0.8999
vn 0.2650 -0.9632 -0.0445
vn -0.8386 0.3731 0.3970
vn -0.7156 0.2935 0.6339
vn -0.8410 0.0385 0.5396
vn -0.7722 -0.4738 0.4234
vn -0.6430 -0.7526 0.1422
vn 0.1534 0.2546 0.9548
vn 0.2061 0.3459 0.9153
vn 0.7413 0.0691 0.6676
vn 0.7389 0.0827 0.6687
vn 0.7232 -0.4347 -0.5367
vn 0.6275 -0.6126 -0.4806
vn 0.1035 -0.9280 -0.3579
vn -0.0098 -0.9737 -0.2276
vn 0.8797 0.1877 -0.4370
vn 0.9224 -0.0398 -0.3842
vn -0.5503 -0.4499 0.7033
vn -0.1691 -0.8644 0.4735
vn -0.4737 -0.5508 0.6872
vn -0.1278 -0.8903 0.4372
vn 0.4639 -0.3635 0.8079
vn 0.8097 -0.5626 0.1671
vn 0.9494 -0.2170 0.2271
vn -0.4469 0.6309 0.6343
vn -0.2618 0.8054 0.5317
vn -0.0052 0.6788 0.7343
vn -0.6780 0.5390 0.4998
vn -0.3577 0.9010 -0.2453
vn -0.6924 0.5984 0.4031
vn -0.4672 0.8192 -0.3327
vn 0.4326 0.4255 -0.7948
vn -0.2405 0.9470 -0.2128
vn 0.4181 0.4229 -0.8040
vn -0.2885 0.9375 -0.1947
vn 0.3312 0.3919 -0.8583
vn 0.2391 0.2433 -0.9400
vn 0.6714 -0.7041 -0.2315
vn 0.8629 -0.5010 0.0661
vn 0.6736 -0.7239 0.1491
vn 0.3168 -0.8362 -0.4478
vn -0.7883 -0.5189 -0.3305
vn -0.7885 -0.5182 -0.3312
vn -0.7875 -0.5225 -0.3268
vn -0.7871 -0.5251 -0.3237
vn -0.4463 0.4159 0.7924
vn -0.0429 0.1438 0.9887
vn -0.7863 -0.5302 -0.3173
vn -0.7862 -0.5302 -0.3173
vn 0.6435 -0.4193 -0.6404
vn 0.5732 -0.3744 -0.7289
vn 0.8463 -0.4516 -0.2825
vn 0.8249 -0.4906 -0.2809
vn -0.6622 0.4011 0.6329
vn -0.3524 -0.0389 0.9350
vn 0.4471 -0.3904 -0.8047
vn 0.3149 -0.2621 -0.9122
vn 0.6244 -0.6048 -0.4944
vn 0.9690 -0.1251 -0.2131
vn 0.8115 -0.3413 -0.4743
vn 0.2149 0.9028 0.3725
vn -0.1375 0.9448 0.2974
vn 0.3344 0.9421 0.0241
vn 0.6839 0.7249 0.0822
vn 0.1898 -0.9769 0.0979
vn 0.2211 -0.9739 0.0516
vn 0.4311 -0.8634 -0.2622
vn 0.4527 -0.8339 -0.3156
vn 0.6098 -0.3642 -0.7040
vn 0.6097 -0.3642 -0.7040
vn 0.5233 -0.7298 -0.4400
vn 0.4480 -0.4900 0.7478
vn 0.6277 -0.6467 0.4333
vn 0.6866 -0.1408 0.7133
vn 0.8427 -0.3415 0.4162
vn -0.1481 0.5590 -0.8158
vn -0.5251 0.7057 -0.4757
vn 0.7364 0.6129 -0.2866
vn 0.9142 0.3571 -0.1919
vn 0.9276 -0.2708 0.2571
vn 0.5457 0.0426 -0.8369
vn 0.8273 0.4033 0.3910
vn 0.4816 0.6078 0.6314
vn 0.2313 -0.6449 0.7284
vn 0.6000 -0.7992 0.0342
vn 0.3659 0.0789 0.9273
vn -0.0551 0.2635 0.9631
vn -0.7892 -0.5140 -0.3362
vn -0.7891 -0.5140 -0.3362
vn -0.7645 0.5566 0.3252
vn 0.1462 -0.2577 0.9551
vn 0.8405 -0.4012 -0.3642
vn -0.8046 -0.0895 0.5871
vn -0.7098 0.5756 0.4060
vn -0.6833 0.5972 0.4200
vn -0.7103 -0.0335 0.7031
vn -0.7331 0.0688 0.6766
vn -0.4306 0.4037 0.8072
vn 0.9822 0.1599 0.0990
vn -0.7683 -0.5933 -0.2403
vn -0.4559 0.2166 0.8633
vn -0.1545 -0.0422 0.9871
vn -0.5404 0.6775 0.4989
vn -0.3228 0.5581 0.7644
vn 0.4871 -0.5441 -0.6832
vn 0.4470 -0.5788 -0.6821
vn 0.8727 -0.4882 -0.0100
vn 0.9017 -0.4322 -0.0114
vn 0.6872 -0.5937 0.4187
vn 0.6866 -0.4293 0.5867
vn 0.4031 -0.3135 0.8598
vn 0.2654 -0.1499 0.9524
vn -0.9591 0.2791 0.0470
vn -0.9415 0.3087 0.1355
vn -0.5800 0.4051 0.7067
vn -0.5553 0.3385 0.7596
vn -0.8292 0.0415 -0.5575
vn -0.8082 -0.0600 -0.5859
vn -0.2102 -0.3181 -0.9244
vn -0.2355 -0.3983 -0.8865
vn -0.0630 0.7159 0.6953
vn -0.0117 0.4491 0.8934
vn 0.4516 0.8364 0.3107
vn 0.6830 0.4426 0.5810
vn -0.9153 0.3902 0.0999
vn -0.5975 0.3092 0.7398
vn 0.5214 -0.5007 -0.6910
vn 0.4307 -0.4481 -0.7834
vn 0.7339 -0.6453 -0.2121
vn 0.8104 -0.5855 -0.0203
vn -0.9754 0.0420 -0.2165
vn -0.8852 0.1784 -0.4296
vn -0.3781 -0.1206 -0.9179
vn -0.1570 -0.0543 -0.9861
vn -0.0674 -0.9947 0.0771
vn -0.0591 -0.9946 0.0850
vn -0.0681 -0.9948 0.0764
vn -0.0560 -0.9946 0.0877
vn 0.9449 0.3121 -0.0986
vn 0.7121 0.6726 -0.2013
vn 0.7956 0.1934 -0.5742
vn -0.0614 -0.9947 0.0825
vn -0.0617 -0.9947 0.0824
vn -0.6429 0.3615 0.6752
vn -0.8706 0.4453 0.2090
vn -0.1254 -0.1680 -0.9778
vn -0.2530 -0.0079 -0.9674
vn -0.7505 0.2262 -0.6210
vn -0.8316 0.3736 -0.4110
vn 0.9957 -0.0575 -0.0727
vn 0.7347 -0.1940 -0.6501
vn 0.3669 -0.2994 -0.8808
vn 0.5481 -0.2809 -0.7879
vn 0.6691 0.5447 -0.5056
vn -0.5171 0.3418 0.7847
vn -0.6447 0.1372 0.7520
vn -0.9135 0.1148 0.3902
vn -0.9196 -0.0860 0.3834
vn 0.4510 0.0648 0.8902
vn 0.4095 -0.0035 0.9123
vn 0.8171 -0.1765 0.5488
vn 0.7797 -0.2579 0.5706
vn -0.1854 0.1105 0.9764
vn -0.0618 0.0568 0.9965
vn -0.9570 -0.1132 -0.2672
vn -0.7760 -0.0651 -0.6274
vn -0.0676 0.2986 0.9520
vn -0.0795 0.2130 0.9738
vn -0.6297 0.3579 0.6894
vn -0.0684 0.7068 0.7041
vn 0.6860 0.1045 0.7200
vn -0.0682 0.1547 0.9856
vn -0.0684 -0.9947 0.0762
vn 0.3360 -0.3754 -0.8638
vn 0.6836 0.6996 -0.2078
vn 0.4133 0.8535 0.3175
vn -0.9112 0.3292 0.2478
vn 0.0242 -0.9865 0.1617
vn 0.0967 -0.3684 -0.9246
vn -0.8672 -0.4578 0.1957
vn -0.6529 -0.4835 -0.5831
vn -0.8763 -0.4624 0.1348
vn -0.5560 -0.5079 -0.6579
vn 0.8695 0.1189 -0.4794
vn 0.5161 0.4988 -0.6963
vn 0.9051 -0.1901 -0.3804
vn 0.6916 0.5582 -0.4583
vn -0.3208 -0.3932 -0.8617
vn -0.2847 -0.3988 -0.8717
vn 0.0365 -0.1489 0.9882
vn 0.7539 -0.0100 0.6569
vn 0.2326 -0.0655 0.9704
vn 0.8938 0.0582 0.4448
vn 0.1123 -0.2444 -0.9631
vn 0.5466 -0.1789 -0.8180
vn 0.3262 -0.2754 -0.9043
vn 0.7181 -0.1859 -0.6706
vn -0.3924 -0.0129 0.9197
vn -0.5736 0.6376 0.5142
vn -0.0541 -0.0206 0.9983
vn -0.3068 0.8020 0.5126
vn 0.8930 -0.3016 0.3341
vn 0.3822 -0.7918 0.4764
vn 0.9274 0.3083 -0.2119
vn 0.1526 0.9864 0.0608
vn 0.2760 0.9341 0.2265
vn -0.1970 -0.9118 -0.3603
vn -0.5814 -0.0577 -0.8116
vn -0.3527 -0.8129 -0.4634
vn -0.5057 0.0601 -0.8606
vn -0.5274 0.7981 -0.2914
vn -0.4240 0.8553 -0.2978
vn 0.0195 0.8797 0.4751
vn 0.3905 0.0480 0.9193
vn -0.5734 0.7602 -0.3055
vn -0.3512 0.1833 -0.9182
vn -0.0866 0.3156 0.9449
vn 0.8581 -0.2876 0.4254
vn 0.0014 0.2255 0.9742
vn 0.8576 -0.1396 0.4950
vn -0.8879 0.0314 -0.4591
vn -0.7436 -0.1178 -0.6582
vn 0.0564 -0.5374 -0.8415
vn 0.0604 -0.4024 -0.9135
vn 0.1031 0.9153 -0.3894
vn 0.2478 -0.8523 0.4607
vn -0.1762 -0.8983 0.4025
vn 0.8894 -0.2705 -0.3685
vn 0.6364 0.7671 -0.0809
vn 0.7916 -0.2878 -0.5391
vn 0.7252 0.6377 -0.2598
vn 0.0230 0.9142 0.4045
vn -0.4135 0.7147 0.5641
vn -0.7033 0.1452 0.6959
vn -0.9194 -0.1948 0.3417
vn -0.6055 -0.7660 0.2158
vn -0.5956 -0.7678 -0.2361
vn 0.1075 -0.9376 -0.3306
vn 0.2719 -0.8255 -0.4946
vn 0.9723 -0.0209 -0.2330
vn 0.9997 -0.0199 -0.0156
vn -0.0353 -0.7945 -0.6063
vn 0.6298 -0.4778 -0.6124
vn 0.0745 -0.0201 0.9970
vn -0.4101 -0.2283 0.8830
vn -0.3153 0.8386 0.4442
vn -0.3618 0.7196 0.5926
vn -0.7913 -0.4910 -0.3643
vn -0.8781 0.0681 0.4735
vn -0.6297 -0.2430 0.7379
vn -0.5954 -0.2855 0.7510
vn -0.8617 0.4265 0.2750
vn -0.7909 0.5015 0.3506
vn -0.4986 -0.1985 -0.8438
vn 0.2308 -0.2077 -0.9506
vn -0.4410 -0.8013 0.4044
vn -0.4025 -0.7450 -0.5319
vn 0.8568 -0.2896 -0.4266
vn 0.9146 0.0542 0.4007
vn 0.9012 0.0269 -0.4325
vn -0.5586 0.1343 0.8185
vn -0.3509 -0.9289 -0.1186
vn 0.5793 -0.7367 -0.3489
vn 0.4149 0.0944 0.9049
vn -0.9332 -0.2079 0.2932
vn -0.5594 0.6751 0.4810
vn 0.7423 -0.5585 -0.3703
vn 0.9460 0.3175 0.0659
vn 0.8964 0.2807 0.3430
vn 0.9493 0.3017 0.0883
vn 0.8900 0.2810 0.3592
vn 0.6942 0.4038 0.5958
vn 0.6612 0.4345 0.6116
vn 0.5419 0.5205 0.6599
vn 0.5368 0.5209 0.6637
vn 0.8491 0.4616 -0.2567
vn 0.8338 0.4682 -0.2925
vn 0.4906 0.5033 0.7113
vn 0.4787 0.5007 0.7212
vn -0.1875 0.8255 -0.5324
vn -0.2251 0.7730 -0.5932
vn -0.2114 0.8110 -0.5454
vn -0.2427 0.7471 -0.6188
vn -0.0440 0.6788 -0.7330
vn -0.0066 0.7018 -0.7123
vn 0.2745 0.6864 -0.6734
vn 0.3363 0.6770 -0.6546
vn 0.6412 0.5442 -0.5411
vn 0.6416 0.5430 -0.5418
vn -0.1977 0.6609 -0.7240
vn -0.2255 0.6383 -0.7360
vn 0.3530 -0.9326 0.0756
vn 0.2076 -0.9544 0.2145
vn 0.1298 -0.9900 -0.0557
vn 0.8298 0.2936 0.4745
vn -0.1637 0.4153 0.8949
vn 0.5783 0.4498 0.6807
vn 0.1675 -0.4559 0.8741
vn -0.8038 -0.5420 0.2453
vn -0.8065 -0.5550 0.2037
vn -0.8205 -0.3344 0.4635
vn -0.7384 -0.0508 0.6725
vn 0.5597 -0.8270 -0.0528
vn 0.4748 -0.8531 0.2161
vn 0.9690 0.1205 0.2155
vn 0.9578 0.1282 0.2572
vn 0.3152 -0.8392 0.4431
vn -0.1559 0.3957 0.9051
vn -0.8160 0.1533 0.5574
vn -0.1181 0.3132 0.9423
vn -0.7660 0.0590 0.6401
vn 0.5023 0.6538 0.5659
vn 0.4938 0.5666 0.6596
vn -0.8203 0.1774 0.5437
vn -0.1668 0.4236 0.8904
vn -0.0104 0.2152 0.9765
vn 0.4706 0.4271 0.7721
vn -0.0857 -0.0952 0.9918
vn 0.4268 0.0038 0.9044
vn -0.0802 0.0835 0.9933
vn 0.3909 0.0102 0.9204
vn -0.6075 -0.0259 0.7939
vn -0.9752 -0.1294 0.1795
vn -0.9912 0.0021 0.1324
vn 0.3543 -0.6703 0.6520
vn -0.1945 -0.3444 0.9184
vn 0.2046 -0.9285 0.3100
vn 0.8094 0.1919 0.5550
vn 0.6467 0.2863 0.7070
vn 0.2268 0.1061 0.9681
vn 0.8458 0.4355 0.3083
vn 0.9527 0.2416 0.1845
vn -0.8820 -0.2116 0.4211
vn -0.6992 -0.1085 0.7066
vn -0.3210 0.0539 0.9456
vn 0.4892 0.6750 0.5523
vn 0.7382 0.6590 0.1440
vn 0.6990 0.6832 0.2112
vn 0.8558 -0.2986 0.4224
vn 0.8438 -0.0630 0.5329
vn 0.7854 0.5924 0.1796
vn 0.7567 0.5549 0.3457
vn -0.5184 0.0731 0.8520
vn -0.9787 0.0456 0.2002
vn -0.0061 -0.6715 -0.7410
vn -0.5954 -0.2138 -0.7745
vn -0.0080 -0.6746 -0.7381
vn -0.6052 -0.2059 -0.7690
vn -0.5785 0.7851 0.2215
vn -0.5715 0.7876 0.2305
vn 0.5956 0.2245 0.7713
vn 0.6041 0.2163 0.7670
vn -0.0244 -0.6767 -0.7358
vn -0.0201 -0.6781 -0.7347
vn 0.1609 0.0019 -0.9870
vn 0.1667 0.0142 -0.9859
vn 0.8512 -0.3700 0.3721
vn 0.8533 -0.3671 0.3702
vn 0.1400 0.9900 0.0196
vn 0.1381 0.9899 0.0311
vn -0.1678 0.0069 0.9858
vn -0.1720 -0.0050 0.9851
vn -0.2540 -0.6852 0.6827
vn -0.2579 -0.6839 0.6824
vn -0.6469 0.5613 -0.5162
vn -0.0744 0.7847 -0.6154
vn -0.6105 0.6566 -0.4429
vn -0.1652 0.8785 -0.4482
vn 0.3356 0.7034 0.6265
vn 0.2414 0.9000 0.3630
vn 0.3366 0.7740 0.5363
vn 0.4232 0.8737 0.2399
vn 0.2533 0.7184 0.6479
vn 0.3310 0.6329 0.6999
vn -0.6378 0.3659 0.6777
vn -0.6646 0.3278 0.6714
vn -0.5624 0.3818 0.7335
vn -0.6133 0.3241 0.7203
vn -0.8713 0.4888 0.0427
vn -0.9549 0.2931 0.0470
vn -0.7790 0.4077 0.4764
vn -0.7788 0.4065 0.4777
vn -0.7976 0.5918 0.1162
vn -0.5366 0.7368 -0.4114
vn -0.7668 0.4256 0.4805
vn -0.5625 0.4708 0.6796
vn -0.4569 0.4941 0.7397
vn -0.1909 0.9702 -0.1493
vn 0.3914 0.6006 0.6972
vn 0.3848 0.5704 0.7257
vn 0.1384 0.8974 0.4189
vn 0.3035 0.7721 0.5584
vn -0.0319 0.9889 0.1450
vn 0.1803 0.9826 -0.0437
vn 0.3929 0.8862 -0.2456
vn -0.6621 -0.7142 -0.2270
vn -0.9968 0.0317 0.0738
vn -0.7014 -0.5485 -0.4551
vn -0.6464 -0.4065 0.6457
vn -0.6524 -0.6974 0.2966
vn -0.4567 0.1131 -0.8824
vn -0.4794 0.0265 -0.8772
vn -0.4838 0.0883 -0.8707
vn -0.6233 0.0483 -0.7805
vn 0.9883 -0.1481 0.0359
vn 0.7164 0.6869 0.1223
vn 0.9762 -0.1536 0.1530
vn -0.9521 0.1645 0.2578
vn -0.5592 0.0164 0.8289
vn -0.8341 -0.2881 0.4704
vn -0.5527 0.0555 0.8315
vn 0.2276 -0.1600 0.9605
vn 0.4052 0.2171 0.8881
vn 0.3799 0.0989 0.9197
vn 0.5478 0.3633 0.7536
vn -0.1698 0.4626 -0.8701
vn 0.0429 0.5412 -0.8398
vn -0.0971 0.2725 -0.9572
vn 0.0885 0.3371 -0.9373
vn -0.0004 0.4586 0.8887
vn 0.3385 0.5742 0.7455
vn 0.0033 0.5137 0.8579
vn 0.1482 0.6234 0.7677
vn -0.0793 0.1498 -0.9855
vn -0.1376 0.0899 -0.9864
vn 0.0012 0.1760 -0.9844
vn 0.1601 0.2504 -0.9548
vn -0.5167 0.4783 0.7101
vn -0.4574 0.3840 0.8021
vn -0.3112 0.4096 0.8575
vn -0.2729 0.3604 0.8920
vn -0.1476 0.9440 0.2952
vn 0.1067 0.9734 0.2027
vn -0.0452 0.9181 0.3937
vn 0.1876 0.9135 0.3610
vn -0.0648 0.6309 0.7731
vn 0.2425 0.4363 0.8665
vn 0.2288 0.4858 -0.8436
vn 0.6175 0.6722 -0.4085
vn 0.2764 0.1831 -0.9434
vn 0.6381 0.7321 -0.2385
vn -0.2003 0.2162 0.9556
vn 0.0329 0.3178 0.9476
vn -0.0766 -0.0615 0.9952
vn 0.2436 0.0371 0.9692
vn -0.4509 0.3025 0.8397
vn -0.2491 0.3195 0.9142
vn -0.1604 0.1578 0.9744
vn 0.2120 0.0077 0.9772
vn -0.0879 0.0245 0.9958
vn 0.0185 0.6011 0.7989
vn 0.0341 0.8172 0.5753
vn 0.0362 0.8144 0.5791
vn -0.5857 0.3626 0.7249
vn -0.6185 0.5823 0.5277
vn -0.6092 0.6200 0.4944
vn -0.6629 0.2932 0.6889
vn -0.5750 0.7713 0.2729
vn -0.6224 0.0408 -0.7817
vn -0.8136 0.3014 -0.4973
vn 0.2208 0.8312 0.5103
vn 0.4524 0.8074 0.3787
vn 0.9139 0.2606 0.3112
vn 0.9234 0.1762 0.3411
vn 0.6184 0.2580 0.7423
vn 0.5948 0.0031 0.8039
vn 0.5686 0.2768 0.7747
vn 0.6868 0.4047 0.6038
vn 0.5439 0.4825 0.6866
vn 0.5658 0.4621 0.6828
vn 0.4247 0.4616 0.7788
vn 0.3998 0.4477 0.7998
vn -0.5720 0.6762 0.4643
vn -0.7769 0.3596 0.5167
vn 0.4018 0.2684 0.8755
vn 0.9150 0.0998 -0.3909
vn 0.6981 0.4265 -0.5751
vn 0.3520 -0.0432 0.9350
vn -0.5580 0.6352 -0.5340
vn -0.7088 0.6260 -0.3252
vn -0.5123 0.6225 -0.5916
vn -0.7132 0.6243 -0.3188
vn 0.5633 0.7795 0.2741
vn -0.7418 0.6073 0.2845
vn -0.6897 0.6367 0.3448
vn -0.6968 0.6598 0.2813
vn -0.5629 0.7395 0.3691
vn -0.9852 0.1699 0.0205
vn -0.9904 0.1003 -0.0948
vn -0.8161 -0.2670 -0.5126
vn -0.8275 -0.2481 -0.5037
vn -0.6971 0.6028 -0.3883
vn -0.5189 0.4261 -0.7411
vn 0.7620 0.2376 0.6024
vn 0.5638 0.5009 0.6567
vn -0.6296 0.2505 -0.7354
vn -0.7244 0.1967 0.6607
vn -0.5992 0.1118 0.7927
vn -0.4467 -0.0937 0.8898
vn -0.3109 -0.2942 0.9037
vn -0.7029 0.6550 0.2773
vn -0.0775 0.9411 0.3291
vn -0.1140 0.9463 0.3025
vn 0.5264 0.3110 -0.7913
vn 0.3199 0.4173 -0.8506
vn 0.4650 0.8808 0.0894
vn 0.5257 0.3704 -0.7658
vn 0.1940 0.9807 0.0246
vn 0.0676 0.9685 -0.2397
vn 0.0859 0.9931 -0.0803
vn 0.0011 0.7038 -0.7104
vn -0.8858 0.4053 0.2260
vn 0.2135 0.7567 -0.6179
vn -0.9541 0.2995 -0.0013
vn -0.7421 0.6613 -0.1095
vn -0.7669 0.6298 -0.1231
vn 0.5140 0.6479 -0.5621
vn 0.6763 0.4278 -0.5997
vn 0.7540 0.6337 -0.1730
vn 0.8804 0.4191 -0.2220
vn -0.7430 0.6666 -0.0600
vn 0.0014 0.9808 -0.1950
vn -0.0840 0.9574 0.2762
vn 0.7574 0.2762 -0.5917
vn 0.9348 0.2965 -0.1955
vn 0.7885 0.5339 0.3053
vn 0.9364 0.3246 0.1334
vn -0.2168 0.1934 0.9569
vn -0.6980 0.0938 0.7100
vn 0.0861 0.5390 -0.8379
vn -0.2885 0.4576 -0.8410
vn -0.2105 0.3274 -0.9212
vn 0.3947 0.3482 -0.8503
vn 0.7249 0.6823 -0.0941
vn 0.4538 0.7111 -0.5370
vn -0.2158 0.6461 -0.7321
vn -0.1403 0.6618 -0.7364
vn -0.2957 0.6929 -0.6576
vn -0.1672 0.7232 -0.6701
vn -0.9652 0.2062 -0.1609
vn -0.8817 0.4562 -0.1207
vn 0.8753 0.3092 -0.3717
vn -0.8709 -0.1133 -0.4782
vn -0.9910 0.1319 0.0238
vn -0.5456 0.2910 -0.7859
vn -0.6237 0.3852 -0.6801
vn 0.1165 0.6786 -0.7252
vn 0.1362 0.6447 -0.7522
vn -0.6322 0.5017 -0.5904
vn -0.6885 0.6588 -0.3033
vn -0.7218 0.6744 -0.1554
vn -0.7862 0.6102 -0.0980
vn -0.8306 0.1966 0.5210
vn -0.1557 0.1850 -0.9703
vn -0.2544 0.4238 -0.8693
vn -0.1984 0.3973 0.8960
vn -0.1704 0.4621 0.8703
vn -0.2161 0.3345 0.9173
vn 0.7724 0.4842 0.4111
vn 0.8235 0.4603 0.3316
vn -0.5268 0.0366 0.8492
vn -0.5839 0.0836 0.8075
vn -0.8030 0.3782 0.4605
vn -0.6240 0.7158 0.3136
vn -0.6216 0.7190 0.3110
vn -0.6509 0.7298 -0.2089
vn -0.2014 0.5450 -0.8139
vn -0.0198 -0.1212 -0.9924
vn -0.4042 0.6860 -0.6049
vn -0.4960 0.7022 -0.5108
vn 0.9286 -0.1184 0.3518
vn 0.7732 0.0526 0.6320
vn 0.3160 0.6327 0.7070
vn -0.6306 -0.7723 -0.0764
vn -0.6362 -0.7709 0.0319
vn 0.2673 0.8059 -0.5283
vn -0.3540 0.7253 -0.5904
vn -0.3187 0.7279 -0.6071
vn 0.9875 -0.0688 -0.1417
vn -0.7309 0.3644 -0.5770
vn -0.7522 -0.2044 -0.6264
vn 0.6864 -0.3126 0.6566
vn 0.4923 -0.6052 0.6256
vn 0.6505 -0.3787 0.6584
vn 0.4337 -0.3471 0.8315
vn -0.0253 -0.5157 0.8564
vn 0.0341 -0.5546 0.8314
vn 0.2438 -0.6760 0.6954
vn 0.2585 -0.3976 0.8804
vn -0.2192 -0.4299 0.8758
vn -0.3237 0.1655 0.9316
vn -0.5618 -0.5182 0.6448
vn -0.3630 -0.0456 0.9307
vn 0.3449 -0.3520 0.8701
vn -0.1449 -0.3026 0.9420
vn 0.3676 -0.5508 0.7493
vn 0.0444 -0.6544 0.7548
vn 0.0785 -0.9808 0.1783
vn 0.0665 -0.9670 -0.2461
vn 0.2787 -0.9602 0.0178
vn 0.3548 -0.8405 0.4094
vn 0.1389 -0.6193 0.7727
vn 0.0282 -0.5612 0.8272
vn 0.1321 -0.7426 0.6566
vn 0.0290 -0.6444 0.7642
vn 0.1594 -0.5178 0.8405
vn 0.1066 0.1330 0.9854
vn 0.3012 -0.1245 0.9454
vn -0.0011 0.6729 0.7397
vn 0.2100 0.2053 0.9559
vn 0.3706 -0.6059 0.7039
vn 0.3646 -0.5123 0.7776
vn -0.0725 -0.3154 0.9462
vn -0.4274 -0.8034 0.4145
vn -0.6667 -0.7226 0.1827
vn -0.2060 -0.9627 0.1752
vn -0.4050 -0.9125 0.0574
vn -0.1318 -0.2904 0.9478
vn 0.4934 -0.8638 -0.1022
vn 0.5222 0.3358 0.7839
vn 0.5461 -0.4073 0.7320
vn 0.3343 0.1987 0.9213
vn 0.5015 -0.8514 -0.1533
vn 0.5513 -0.8238 -0.1320
vn 0.4761 -0.8756 -0.0820
vn 0.5438 -0.8386 -0.0314
vn 0.3704 -0.7160 0.5917
vn 0.0945 -0.9189 0.3829
vn 0.3458 -0.8724 0.3454
vn 0.4974 -0.8674 0.0125
vn 0.4156 -0.9086 -0.0405
vn -0.0996 -0.7873 0.6085
vn -0.0239 -0.9509 0.3085
vn -0.1184 -0.9906 -0.0683
vn -0.0534 -0.9980 0.0328
vn -0.2047 -0.9784 -0.0303
vn -0.0742 -0.9957 0.0552
vn -0.0026 -0.9908 0.1355
vn 0.0743 -0.9865 0.1462
vn 0.1309 -0.9878 0.0850
vn 0.0304 -0.9965 0.0774
vn 0.7072 -0.7023 -0.0814
vn 0.7756 -0.5895 -0.2259
vn 0.5926 -0.7803 -0.2002
vn -0.6296 -0.4037 0.6638
vn -0.7869 -0.5409 0.2970
vn 0.2607 -0.9649 0.0301
vn 0.2999 -0.9496 0.0912
vn -0.3487 0.1554 0.9243
vn -0.3612 0.2912 0.8858
vn 0.0319 0.6425 0.7656
vn 0.6342 -0.7632 0.1236
vn 0.5688 -0.7837 0.2496
vn 0.9352 -0.2695 -0.2298
vn 0.9050 -0.4235 0.0401
vn 0.9737 -0.0804 0.2133
vn 0.9809 -0.0322 -0.1918
vn 0.7359 0.2678 0.6219
vn 0.6041 0.4300 0.6709
vn 0.7942 -0.1409 0.5911
vn 0.5473 0.5503 0.6305
vn 0.6236 0.4327 0.6511
vn 0.7099 -0.0588 0.7019
vn 0.6972 -0.0541 0.7148
vn 0.7538 -0.5439 0.3687
vn 0.6551 -0.4794 0.5839
vn 0.6562 -0.3822 0.6507
vn 0.6659 -0.4628 0.5852
vn -0.3493 0.2462 0.9041
vn 0.5697 0.5083 0.6458
vn 0.9756 0.0540 0.2129
vn 0.5874 -0.6127 0.5287
vn 0.5782 -0.4941 0.6492
vn 0.6658 -0.1048 0.7387
vn 0.3066 -0.8978 -0.3161
vn 0.5117 -0.8573 0.0565
vn 0.0172 -0.9994 0.0315
vn 0.0280 0.6816 0.7312
vn -0.1639 0.1407 0.9764
vn 0.5060 -0.8408 -0.1925
vn 0.9139 0.2388 0.3282
vn 0.9323 0.0939 0.3492
vn 0.9962 0.0764 -0.0416
vn 0.9983 -0.0154 -0.0563
vn 0.9684 -0.0448 -0.2452
vn 0.9460 -0.2114 -0.2459
vn 0.9433 0.0734 0.3238
vn 0.9846 0.0332 0.1715
vn 0.9932 -0.0402 -0.1092
vn 0.9837 -0.0562 -0.1706
vn -0.5518 -0.3293 0.7662
vn -0.2645 -0.1982 0.9438
vn -0.6199 -0.1985 0.7592
vn -0.3575 -0.0273 0.9335
vn -0.8388 -0.1931 0.5091
vn -0.8223 -0.4621 0.3320
vn -0.8414 -0.2891 0.4565
vn 0.7480 -0.6105 -0.2604
vn 0.5383 -0.8122 -0.2248
vn 0.9722 0.2280 -0.0531
vn 0.9831 0.0528 -0.1753
vn 0.9837 -0.0599 -0.1695
vn 0.9761 -0.1076 -0.1886
vn 0.8608 0.4091 0.3028
vn 0.7244 0.2812 0.6295
vn 0.6605 0.4949 0.5646
vn 0.8099 0.4921 0.3193
vn 0.6231 0.5647 0.5412
vn 0.7460 0.0899 0.6599
vn 0.5915 0.2652 0.7614
vn 0.6241 0.0690 0.7783
vn 0.2186 0.1789 0.9593
vn 0.1407 0.3992 0.9060
vn -0.0619 0.0939 0.9937
vn -0.1546 0.3066 0.9392
vn 0.9551 -0.1688 -0.2435
vn 0.9485 0.3166 0.0069
vn 0.9639 -0.1529 -0.2179
vn -0.7787 -0.4297 0.4571
vn -0.7422 -0.5117 0.4328
vn -0.4793 -0.8775 0.0174
vn -0.2131 -0.9737 -0.0811
vn -0.4664 0.2540 0.8473
vn -0.6734 0.0692 0.7360
vn -0.4479 0.1789 0.8760
vn -0.6774 -0.0295 0.7350
vn 0.4799 0.2484 0.8414
vn 0.5357 0.0328 0.8438
vn -0.1818 0.3913 0.9021
vn -0.3305 0.3274 0.8852
vn -0.3007 0.2580 0.9182
vn 0.0979 0.5029 0.8588
vn 0.3762 0.5504 0.7453
vn 0.4160 0.4693 0.7789
vn -0.7670 -0.5554 0.3214
vn -0.7262 -0.6483 0.2289
vn -0.7280 -0.6354 0.2575
vn -0.7520 -0.5378 0.3812
vn 0.2725 -0.0076 0.9621
vn 0.5070 0.5662 0.6498
vn 0.5355 0.4965 0.6832
vn -0.6459 -0.4317 0.6297
vn -0.5619 -0.3558 0.7468
vn -0.1427 -0.9855 -0.0918
vn 0.0049 -0.1186 0.9929
vn -0.1087 -0.1400 0.9842
vn -0.1897 0.0425 0.9809
vn -0.7646 -0.5584 0.3218
vn -0.7613 -0.6153 0.2047
vn -0.7005 -0.7030 0.1227
vn -0.7449 -0.5984 0.2951
vn -0.1370 -0.9906 -0.0009
vn 0.2885 -0.0710 0.9548
vn -0.0614 -0.1041 0.9927
vn 0.1407 0.3994 0.9059
vn -0.2808 0.2133 0.9358
vn -0.3027 -0.2011 0.9316
vn -0.4573 0.0508 0.8878
vn 0.0931 0.9932 0.0694
vn -0.0458 0.8895 0.4546
vn -0.0020 0.9980 0.0633
vn -0.3003 -0.2556 0.9189
vn -0.0559 -0.3939 0.9174
vn -0.1951 -0.2716 0.9424
vn -0.4331 0.4591 0.7757
vn -0.0466 -0.2794 0.9590
vn 0.0103 -0.4509 0.8925
vn -0.5854 0.6183 0.5245
vn -0.7761 0.1431 0.6141
vn -0.3050 0.6511 0.6950
vn -0.1037 0.4773 0.8726
vn -0.3576 -0.2906 0.8875
vn -0.1666 -0.2417 0.9559
vn -0.1632 -0.2307 0.9593
vn 0.0166 -0.2880 0.9575
vn -0.1578 -0.4049 0.9006
vn -0.0278 -0.3104 0.9502
vn -0.0723 -0.4488 0.8907
vn 0.0264 -0.2679 0.9631
vn 0.3033 -0.1339 0.9434
vn -0.2435 -0.0999 0.9647
vn 0.0249 0.1166 0.9929
vn -0.1854 -0.5810 0.7925
vn -0.0172 -0.5339 0.8454
vn 0.0590 -0.4574 0.8873
vn -0.2503 0.9617 0.1114
vn -0.3067 0.8726 0.3801
vn -0.6652 0.6981 0.2651
vn -0.2269 -0.2427 0.9432
vn 0.6573 -0.0124 0.7535
vn 0.0136 -0.6035 0.7972
vn 0.6182 -0.1160 0.7774
vn 0.2631 0.5818 0.7696
vn -0.1839 0.8501 0.4934
vn 0.2374 0.8057 0.5427
vn -0.0223 0.9535 0.3005
vn 0.6196 0.2913 0.7289
vn 0.8140 0.4580 -0.3572
vn 0.7403 0.0331 0.6715
vn 0.9122 0.1563 -0.3788
vn 0.7881 0.0548 0.6131
vn 0.7024 0.0061 0.7118
vn 0.6118 -0.2999 0.7319
vn 0.6785 -0.1846 0.7111
vn 0.5477 -0.3119 0.7764
vn 0.3110 -0.7588 0.5723
vn 0.8315 0.0484 0.5534
vn 0.9090 -0.2242 -0.3513
vn 0.6729 -0.4155 0.6120
vn 0.6416 -0.7441 -0.1862
vn 0.4252 -0.7262 0.5402
vn 0.4635 0.7148 0.5236
vn 0.7360 0.3911 0.5525
vn 0.7887 0.5894 0.1746
vn 0.9316 0.2913 0.2175
vn 0.7692 0.1044 0.6304
vn 0.5516 0.4507 0.7019
vn 0.6452 -0.2210 0.7313
vn 0.6828 -0.5955 0.4233
vn -0.2206 -0.6847 0.6946
vn 0.0036 -0.7891 0.6142
vn -0.2619 -0.9608 0.0907
vn 0.1410 -0.9900 -0.0096
vn 0.4055 0.2252 0.8859
vn 0.6925 0.1671 0.7018
vn -0.4948 -0.8612 0.1167
vn -0.4099 -0.7751 0.4809
vn 0.7109 -0.0039 0.7032
vn -0.8642 0.3850 0.3239
vn -0.2414 0.2328 0.9421
vn -0.2386 0.0466 0.9700
vn -0.3614 -0.4516 0.8157
vn 0.3174 -0.1995 0.9271
vn 0.6446 -0.0832 0.7600
vn 0.8326 -0.3843 0.3988
vn 0.6618 -0.1365 0.7372
vn 0.9105 -0.3986 0.1098
vn -0.7120 -0.1773 0.6794
vn 0.8184 0.4185 -0.3937
vn 0.7384 0.6167 -0.2729
vn 0.3740 0.8915 0.2557
vn 0.2676 0.9635 0.0044
vn -0.2371 0.9655 0.1076
vn -0.4585 0.8678 0.1916
vn -0.9662 0.1973 0.1661
vn -0.9665 0.1833 0.1794
vn -0.9873 -0.0556 0.1490
vn -0.1887 -0.9809 0.0471
vn 0.3799 -0.9218 -0.0767
vn -0.7178 -0.6881 0.1059
vn -0.9205 -0.3663 0.1362
vn 0.5764 0.0778 0.8134
vn 0.5791 -0.1103 0.8078
vn 0.7495 -0.1463 0.6457
vn 0.8787 -0.0981 0.4672
vn 0.6963 0.6575 -0.2879
vn 0.5166 0.4491 0.7290
vn 0.6827 0.6675 -0.2973
vn 0.5930 0.8006 -0.0857
vn 0.5933 -0.1235 0.7954
vn -0.9698 0.1291 0.2069
vn -0.9887 -0.0968 0.1141
vn 0.7043 -0.2274 0.6724
vn 0.8037 -0.2990 0.5145
vn -0.1720 -0.2557 0.9513
vn -0.1047 -0.2296 0.9676
vn -0.0576 -0.2835 0.9572
vn -0.0042 -0.4061 0.9138
vn 0.1331 -0.4302 0.8929
vn -0.0139 -0.2962 0.9550
vn 0.7057 -0.6849 -0.1811
vn 0.8379 -0.4811 -0.2578
vn -0.0548 -0.3407 0.9386
vn 0.6843 -0.3339 0.6482
vn 0.6465 -0.2695 0.7138
vn 0.7312 -0.0074 0.6822
vn 0.6330 -0.1220 0.7645
vn 0.6356 -0.0849 0.7674
vn -0.5221 0.8177 0.2424
vn 0.6962 0.0144 0.7177
vn -0.0690 -0.1261 0.9896
vn -0.4642 -0.0772 0.8823
vn -0.3687 -0.3566 0.8584
vn 0.5294 0.0454 0.8472
vn 0.1505 0.0039 0.9886
vn 0.3016 -0.2705 0.9143
vn 0.5616 -0.3236 0.7615
vn 0.7650 -0.1658 0.6223
vn 0.8094 0.1374 0.5709
vn -0.3367 0.1568 0.9285
vn -0.0917 -0.4871 0.8685
vn 0.4465 0.4120 0.7943
vn 0.2363 0.2802 0.9304
vn -0.0724 0.2504 0.9654
vn 0.1916 -0.3969 0.8977
vn 0.6705 0.3688 0.6437
vn 0.2036 0.1652 0.9650
vn 0.3349 -0.1148 0.9353
vn 0.8122 0.1207 0.5707
vn 0.1695 0.9765 0.1333
vn -0.2037 -0.3793 0.9026
vn -0.6828 0.5782 0.4467
vn 0.9871 -0.1424 0.0738
vn -0.3815 -0.7647 0.5193
vn -0.9308 0.3655 -0.0087
vn 0.2470 0.8912 -0.3804
vn 0.3174 -0.3629 0.8761
vn 0.9179 0.3616 0.1632
vn -0.4596 0.4653 0.7565
vn 0.0406 0.9949 -0.0927
vn -0.0705 0.8355 -0.5449
vn 0.9556 0.1447 -0.2568
vn -0.9307 0.0469 0.3629
vn 0.3877 -0.7597 0.5221
vn -0.4611 0.1067 -0.8809
vn -0.4597 0.1074 -0.8816
vn -0.4525 0.1110 -0.8848
vn -0.4512 0.1117 -0.8854
vn -0.5110 0.2756 -0.8142
vn -0.9854 0.1693 -0.0154
vn -0.9780 0.1862 -0.0942
vn -0.9237 0.0538 -0.3793
vn -0.3671 -0.2179 0.9043
vn -0.9567 0.0212 -0.2904
vn -0.3648 -0.2310 0.9020
vn -0.1533 0.6155 0.7731
vn -0.1527 0.6034 0.7827
vn -0.2570 0.7023 0.6639
vn -0.2419 0.7101 0.6613
vn 0.3851 -0.1881 0.9035
vn 0.1238 -0.1994 0.9721
vn -0.4081 0.1961 -0.8916
vn -0.5552 0.1814 -0.8117
vn 0.5727 -0.8140 -0.0973
vn 0.5821 -0.8079 -0.0924
vn 0.5846 -0.8062 -0.0911
vn 0.5940 -0.7999 -0.0862
vn -0.5575 0.0715 0.8271
vn -0.8823 0.0405 0.4690
vn -0.2677 0.6888 0.6737
vn -0.0447 0.4959 0.8672
vn -0.0499 0.4964 0.8666
vn 0.3302 0.0069 0.9439
vn 0.5248 -0.2944 0.7987
vn 0.3345 0.0076 0.9423
vn 0.5273 -0.3033 0.7937
vn 0.6243 -0.5665 0.5380
vn 0.6174 -0.5681 0.5442
vn -0.7412 -0.6139 0.2716
vn -0.7435 -0.6126 0.2682
vn -0.7474 -0.6103 0.2625
vn -0.7503 -0.6081 0.2593
vn -0.7485 -0.6100 0.2601
vn 0.2629 0.0837 0.9612
vn -0.7355 -0.6234 0.2652
vn -0.4927 0.7905 0.3639
vn -0.4567 0.8117 0.3639
vn -0.4723 0.7954 0.3799
vn -0.4527 0.8115 0.3695
vn 0.4813 -0.7949 -0.3694
vn 0.4825 -0.7942 -0.3694
vn 0.4857 -0.7922 -0.3694
vn 0.4868 -0.7915 -0.3694
vn -0.4309 0.8137 0.3901
vn -0.4201 0.8195 0.3898
vn -0.7389 -0.6038 0.2991
vn -0.7403 -0.6076 0.2877
vn -0.7423 -0.6135 0.2696
vn -0.9687 -0.2454 0.0372
vn -0.6604 -0.7246 -0.1970
vn -0.8263 -0.2814 0.4880
vn -0.4625 -0.8554 0.2332
vn -0.4950 -0.8218 -0.2822
vn -0.9970 -0.0526 0.0568
vn -0.4455 -0.6827 0.5792
vn -0.5140 -0.5476 0.6602
vn -0.4405 -0.7812 0.4423
vn -0.6136 -0.3792 0.6926
vn -0.1669 -0.9728 0.1609
vn -0.3978 -0.1301 0.9082
vn -0.2224 -0.4106 0.8843
vn -0.7708 -0.2918 0.5663
vn -0.6683 0.0311 0.7433
vn -0.4365 -0.8338 0.3380
vn -0.1557 -0.9222 0.3541
vn -0.1198 -0.8256 0.5513
vn -0.7849 0.0767 0.6148
vn -0.1526 -0.6647 0.7314
vn -0.5609 -0.7956 -0.2291
vn -0.9823 -0.1859 0.0239
vn -0.4718 -0.7299 -0.4947
vn -0.9984 0.0145 -0.0548
vn -0.0594 -0.8562 0.5133
vn -0.2781 -0.8755 0.3952
vn -0.6995 -0.2947 0.6511
vn -0.6241 -0.1519 0.7665
vn -0.0620 -0.8403 0.5385
vn -0.2698 -0.8962 0.3523
vn -0.4847 -0.7262 -0.4876
vn -0.5631 -0.7960 -0.2223
vn -0.9806 -0.1936 0.0316
vn -0.9986 0.0172 -0.0500
vn -0.6993 -0.2560 0.6674
vn -0.5884 -0.1036 0.8019
vn -0.1683 0.2189 -0.9611
vn -0.1785 0.2179 -0.9595
vn -0.1700 0.2187 -0.9609
vn -0.1801 0.2177 -0.9593
vn -0.1793 0.3967 -0.9003
vn 0.5639 0.6326 -0.5309
vn 0.6174 0.6308 -0.4701
vn 0.4434 0.4591 -0.7698
vn 0.5277 0.4574 -0.7157
vn 0.8267 0.0969 0.5542
vn 0.8300 0.0842 0.5513
vn 0.2085 0.6947 0.6884
vn 0.1859 0.8083 0.5587
vn 0.2188 0.6852 0.6948
vn 0.1700 0.8072 0.5653
vn 0.2732 -0.2489 0.9292
vn 0.5005 -0.1218 0.8571
vn -0.2544 0.2686 -0.9291
vn -0.1013 0.3376 -0.9358
vn -0.0708 -0.9956 0.0615
vn -0.0800 -0.9940 0.0741
vn -0.0780 -0.9944 0.0714
vn -0.0872 -0.9926 0.0840
vn 0.7856 0.4316 0.4434
vn 0.8511 0.5243 -0.0275
vn 0.2050 0.8030 0.5595
vn 0.2357 0.5488 0.8020
vn 0.2389 0.5517 0.7991
vn 0.1705 -0.4310 0.8861
vn 0.1706 -0.4214 0.8907
vn 0.2355 -0.0508 0.9705
vn 0.2397 -0.0491 0.9696
vn 0.0968 -0.7350 0.6711
vn 0.1057 -0.7323 0.6727
vn 0.9625 -0.1321 -0.2372
vn 0.9618 -0.1302 -0.2409
vn 0.9606 -0.1270 -0.2473
vn 0.9600 -0.1240 -0.2510
vn 0.9600 -0.1265 -0.2498
vn 0.7855 0.4316 0.4434
vn 0.2601 0.0523 0.9642
vn 0.9597 -0.1437 -0.2414
vn 0.1602 0.9663 0.2014
vn 0.1513 0.9623 0.2259
vn 0.1244 0.9669 0.2227
vn 0.1244 0.9653 0.2294
vn -0.1526 -0.9652 -0.2125
vn -0.1571 -0.9650 -0.2098
vn -0.1538 -0.9651 -0.2118
vn -0.1583 -0.9650 -0.2091
vn 0.1180 0.9589 0.2582
vn 0.1074 0.9585 0.2642
vn 0.9700 -0.1214 -0.2108
vn 0.9670 -0.1253 -0.2218
vn 0.9620 -0.1315 -0.2392
vn 0.8586 -0.4826 -0.1731
vn 0.7193 -0.3213 -0.6159
vn 0.9745 0.2211 -0.0382
vn 0.8303 0.2709 -0.4871
vn 0.6038 -0.4964 -0.6237
vn 0.7683 0.4534 -0.4517
vn 0.9398 -0.3023 0.1596
vn 0.9137 -0.4053 0.0285
vn 0.9655 -0.1426 0.2178
vn 0.9728 0.0553 0.2249
vn 0.6660 -0.7380 -0.1090
vn 0.8049 -0.1430 0.5759
vn 0.8087 0.1882 0.5573
vn 0.8418 0.4418 0.3103
vn 0.9795 0.1938 0.0543
vn 0.8830 -0.4646 -0.0674
vn 0.7322 -0.6776 0.0697
vn 0.7605 -0.5895 0.2722
vn 0.8384 0.5238 0.1508
vn 0.7985 -0.4140 0.4370
vn 0.6806 0.4992 -0.5362
vn 0.8048 0.3274 -0.4951
vn 0.4355 -0.4527 -0.7781
vn 0.6657 -0.4350 -0.6063
vn 0.8184 -0.5722 0.0524
vn 0.7124 -0.6500 0.2644
vn 0.9729 0.1660 0.1613
vn 0.9092 0.2650 0.3212
vn 0.7197 -0.6321 0.2871
vn 0.4466 -0.4425 -0.7776
vn 0.8006 -0.5989 0.0164
vn 0.6710 -0.4333 -0.6017
vn 0.8111 0.3209 -0.4890
vn 0.6819 0.5023 -0.5318
vn 0.8786 0.2930 0.3771
vn 0.9626 0.2009 0.1820
vn 0.5466 0.6734 0.4978
vn 0.5316 0.6388 0.5562
vn 0.8195 0.2393 0.5207
vn 0.4940 0.5983 0.6309
vn 0.1630 0.4682 0.8684
vn 0.3890 0.4391 0.8099
vn 0.2606 0.4431 0.8578
vn 0.3818 0.3118 0.8701
vn 0.0590 0.1933 0.9794
vn -0.0130 -0.1286 0.9916
vn -0.3292 -0.0476 0.9431
vn -0.0800 0.2930 0.9528
vn 0.2841 0.5029 0.8163
vn 0.4806 0.3766 0.7920
vn -0.0182 -0.0065 0.9998
vn -0.2886 -0.1479 0.9460
vn -0.5394 0.0919 0.8370
vn -0.1345 0.2277 0.9644
vn -0.3481 0.0329 0.9369
vn -0.7117 -0.0392 0.7014
vn 0.4897 0.4858 0.7240
vn 0.6302 0.3222 0.7064
vn -0.6987 0.1587 0.6976
vn -0.4942 0.3100 0.8122
vn -0.7498 0.1776 0.6373
vn -0.7690 -0.0830 0.6339
vn -0.9558 0.0144 0.2937
vn -0.8360 0.3575 0.4162
vn 0.2216 0.7118 0.6665
vn 0.7531 0.1998 0.6268
vn -0.8337 -0.0338 0.5512
vn -0.8685 0.1046 0.4845
vn -0.9521 -0.0499 0.3016
vn -0.9376 0.2900 0.1918
vn -0.8802 -0.2606 0.3966
vn -0.9241 -0.1226 0.3619
vn -0.9700 0.2113 0.1200
vn -0.9858 0.0785 0.1487
vn 0.1444 0.3126 0.9389
vn 0.1169 0.2646 0.9572
vn -0.6086 0.5053 0.6118
vn -0.2883 0.3330 -0.8978
vn -0.2989 0.1978 -0.9336
vn -0.9932 -0.0707 -0.0928
vn -0.5194 -0.2128 0.8276
vn -0.9507 0.0718 -0.3018
vn -0.6282 -0.2837 0.7245
vn 0.2196 0.5644 0.7958
vn 0.1608 0.4786 0.8632
vn 0.6038 0.5161 0.6075
vn -0.7703 0.0511 -0.6357
vn -0.8655 0.1487 -0.4783
vn -0.5989 0.3076 -0.7394
vn -0.5582 0.2107 -0.8025
vn -0.4127 0.2745 -0.8686
vn -0.6670 0.2600 -0.6982
vn 0.9656 -0.1619 -0.2033
vn 0.8900 -0.0606 0.4520
vn 0.9412 -0.1253 -0.3138
vn 0.9434 0.0544 0.3273
vn -0.3719 0.4271 -0.8241
vn -0.5559 0.2991 -0.7755
vn 0.0524 0.3172 -0.9469
vn -0.3693 0.3566 -0.8582
vn 0.1134 0.5200 -0.8466
vn 0.0216 0.5897 -0.8073
vn 0.9547 0.2975 -0.0055
vn 0.9257 0.2117 -0.3134
vn 0.3654 0.4635 -0.8073
vn 0.0455 0.4394 -0.8971
vn -0.0331 0.4433 -0.8958
vn -0.1857 0.4360 -0.8806
vn 0.3221 0.5870 -0.7428
vn 0.9576 0.1603 -0.2393
vn 0.9418 0.0045 -0.3362
vn 0.9618 0.2206 -0.1622
vn 0.8780 0.3133 -0.3620
vn 0.7586 0.0832 -0.6462
vn 0.7831 0.1206 -0.6101
vn 0.5767 0.3857 -0.7202
vn 0.6387 0.4887 -0.5943
vn 0.4654 0.2826 -0.8388
vn 0.6804 0.2392 -0.6927
vn 0.5217 0.4612 -0.7177
vn 0.9611 0.1423 -0.2369
vn 0.6963 0.2904 0.6564
vn 0.9493 0.1627 -0.2691
vn 0.3456 0.3518 0.8700
vn 0.3648 0.3910 0.8450
vn 0.7766 0.1044 0.6213
vn 0.7426 0.4709 0.4763
vn 0.3100 0.3945 0.8650
vn -0.5129 0.4238 0.7465
vn -0.5176 0.4461 0.7302
vn -0.7206 0.3999 -0.5664
vn -0.8484 0.2182 -0.4823
vn -0.6020 0.3322 -0.7261
vn -0.5474 0.4920 -0.6770
vn -0.2483 0.5286 -0.8117
vn 0.5513 0.4019 -0.7312
vn 0.7587 0.3105 -0.5726
vn 0.8082 0.2982 0.5078
vn 0.4817 0.3798 0.7897
vn 0.4359 0.3222 0.8404
vn 0.4826 0.2918 0.8258
vn 0.8607 0.2477 0.4448
vn -0.0612 0.9950 0.0793
vn -0.0352 0.9898 0.1379
vn -0.0610 0.9950 0.0796
vn -0.0352 0.9898 0.1380
vn 0.7487 0.4373 -0.4983
vn 0.1723 0.8008 0.5736
vn 0.2710 0.5949 0.7567
vn 0.2706 0.5967 0.7554
vn 0.8015 0.4871 -0.3467
vn -0.2944 0.5109 -0.8077
vn 0.7721 0.3117 -0.5537
vn -0.9520 0.2846 -0.1124
vn 0.5077 0.5403 -0.6711
vn -0.2528 0.8865 -0.3875
vn -0.1420 0.9838 -0.1093
vn -0.2539 0.8853 -0.3895
vn -0.1418 0.9839 -0.1089
vn 0.6236 0.5430 -0.5623
vn -0.2061 0.2578 0.9440
vn 0.1195 0.5053 -0.8546
vn -0.2686 0.3660 0.8910
vn 0.2492 0.5566 -0.7925
vn 0.3239 0.3703 -0.8706
vn -0.3039 0.4326 -0.8488
vn -0.7177 0.4588 0.5238
vn -0.7622 0.4656 0.4498
vn -0.1896 0.4864 -0.8529
vn -0.9517 0.2622 0.1597
vn -0.9628 0.2276 0.1457
vn -0.3330 0.4404 -0.8338
vn -0.6488 -0.2225 0.7278
vn -0.6423 -0.2499 0.7245
vn 0.2517 0.6578 0.7099
vn 0.2647 0.7285 0.6318
vn 0.0624 0.9343 0.3511
vn 0.0629 0.9339 0.3519
vn 0.2039 0.7449 0.6353
vn 0.2039 0.7450 0.6352
vn -0.3427 0.4310 -0.8348
vn -0.3990 0.3692 -0.8393
vn -0.6760 0.3329 -0.6574
vn -0.0859 0.9960 0.0227
vn -0.0856 0.9961 0.0233
vn 0.9690 0.0063 -0.2468
vn -0.4938 0.4196 -0.7617
vn 0.2896 0.3476 0.8918
vn 0.1181 0.4104 0.9042
vn -0.8156 0.5240 -0.2456
vn 0.8592 0.4305 0.2764
vn 0.8113 0.5405 0.2230
vn 0.8318 0.4946 -0.2520
vn 0.8540 0.4800 -0.2007
vn -0.7479 0.5381 -0.3886
vn 0.6035 0.5822 0.5449
vn -0.8379 0.5196 0.1671
vn -0.7993 0.6002 -0.0294
vn -0.7421 0.5524 0.3796
vn -0.7547 0.6052 0.2535
vn 0.6335 0.2310 0.7385
vn -0.6860 0.5582 0.4668
vn 0.2964 0.4228 0.8564
vn 0.6658 0.2989 0.6837
vn -0.3489 0.4842 0.8024
vn -0.5001 0.5969 0.6274
vn -0.0012 0.9769 0.2136
vn -0.0010 0.9768 0.2140
vn 0.0453 0.6529 0.7561
vn 0.1830 0.7328 0.6554
vt 0.705142 0.716593
vt 0.710401 0.711833
vt 0.705508 0.684670
vt 0.656708 0.618493
vt 0.656708 0.601682
vt 0.659837 0.618493
vt 0.659837 0.603447
vt 0.717125 0.699849
vt 0.721153 0.685868
vt 0.604978 0.692259
vt 0.604978 0.678811
vt 0.656708 0.723084
vt 0.656708 0.703045
vt 0.659837 0.704975
vt 0.659837 0.722452
vt 0.656708 0.671055
vt 0.604978 0.654378
vt 0.656708 0.657373
vt 0.604978 0.642527
vt 0.585138 0.652979
vt 0.585138 0.641495
vt 0.659837 0.671221
vt 0.659837 0.659204
vt 0.712132 0.658439
vt 0.706307 0.652447
vt 0.689230 0.687033
vt 0.692159 0.700481
vt 0.699782 0.657174
vt 0.585138 0.535872
vt 0.604978 0.535372
vt 0.585138 0.552882
vt 0.604978 0.552982
vt 0.656708 0.586270
vt 0.604978 0.592095
vt 0.604978 0.579979
vt 0.656708 0.573454
vt 0.995014 0.948012
vt 0.984828 0.948012
vt 0.995014 0.812030
vt 0.984828 0.812030
vt 0.656708 0.684869
vt 0.659837 0.684237
vt 0.604978 0.565665
vt 0.656708 0.558541
vt 0.659837 0.585471
vt 0.659837 0.573620
vt 0.976007 0.948012
vt 0.976007 0.812030
vt 0.604978 0.667859
vt 0.656708 0.639331
vt 0.604978 0.632108
vt 0.604978 0.605078
vt 0.585138 0.665429
vt 0.698817 0.712199
vt 0.718357 0.671454
vt 0.585138 0.688864
vt 0.585138 0.676215
vt 0.585138 0.579646
vt 0.585138 0.591696
vt 0.585138 0.605544
vt 0.585138 0.618493
vt 0.604978 0.618493
vt 0.659837 0.559739
vt 0.585138 0.630809
vt 0.585138 0.565931
vt 0.659837 0.509541
vt 0.659837 0.534341
vt 0.656708 0.509474
vt 0.656708 0.536571
vt 0.692825 0.670689
vt 0.659837 0.638033
vt 0.415469 0.056689
vt 0.415269 0.043773
vt 0.437605 0.055091
vt 0.436940 0.040944
vt 0.415236 0.097134
vt 0.416900 0.075630
vt 0.429716 0.099265
vt 0.435175 0.076695
vt 0.481379 0.087081
vt 0.475021 0.085550
vt 0.482544 0.069205
vt 0.475987 0.067741
vt 0.389204 0.047901
vt 0.392733 0.060351
vt 0.439703 0.022635
vt 0.444762 0.023401
vt 0.446926 0.040678
vt 0.478650 0.052462
vt 0.485873 0.053261
vt 0.488170 0.041876
vt 0.480347 0.039612
vt 0.465268 0.096934
vt 0.476053 0.113013
vt 0.460774 0.102594
vt 0.411474 0.114844
vt 0.400922 0.133252
vt 0.400822 0.118206
vt 0.461839 0.041077
vt 0.461939 0.024866
vt 0.485174 0.025831
vt 0.462139 0.051729
vt 0.466033 0.084119
vt 0.463037 0.066809
vt 0.469995 0.097567
vt 0.493330 0.027329
vt 0.487770 0.010718
vt 0.496825 0.011317
vt 0.462971 0.009986
vt 0.445162 0.008222
vt 0.440135 0.006824
vt 0.448624 0.052095
vt 0.413072 0.027129
vt 0.381948 0.032722
vt 0.410043 0.010585
vt 0.377454 0.015279
vt 0.433944 0.021404
vt 0.430981 0.004493
vt 0.458410 0.085650
vt 0.461273 0.090144
vt 0.451120 0.089711
vt 0.455148 0.096002
vt 0.414703 0.104591
vt 0.420196 0.117807
vt 0.426487 0.108086
vt 0.400023 0.099864
vt 0.400988 0.109218
vt 0.474422 0.092241
vt 0.480048 0.094704
vt 0.467165 0.090144
vt 0.452818 0.068140
vt 0.442798 0.072834
vt 0.398259 0.078360
vt 0.478849 0.101762
vt 0.474921 0.099797
vt 0.399457 0.181420
vt 0.412473 0.159816
vt 0.436640 0.181753
vt 0.439170 0.162646
vt 0.330285 0.053227
vt 0.329818 0.066775
vt 0.339173 0.053227
vt 0.339173 0.066775
vt 0.322528 0.144404
vt 0.329219 0.149297
vt 0.327655 0.144504
vt 0.306916 0.046004
vt 0.303820 0.031823
vt 0.308581 0.043940
vt 0.308181 0.031390
vt 0.483676 0.140476
vt 0.470694 0.138811
vt 0.473323 0.125996
vt 0.466433 0.126062
vt 0.337109 0.144504
vt 0.482911 0.465634
vt 0.473590 0.464435
vt 0.482278 0.451353
vt 0.473590 0.451353
vt 0.164809 0.023967
vt 0.163644 0.029160
vt 0.155722 0.023967
vt 0.154457 0.030092
vt 0.429217 0.307615
vt 0.449589 0.324060
vt 0.446760 0.324060
vt 0.326057 0.079725
vt 0.339173 0.079725
vt 0.451187 0.266138
vt 0.455215 0.248695
vt 0.455148 0.266138
vt 0.463737 0.247763
vt 0.339173 0.132720
vt 0.346729 0.132720
vt 0.339173 0.110650
vt 0.347528 0.106555
vt 0.298960 0.046004
vt 0.298960 0.031390
vt 0.291670 0.046237
vt 0.291670 0.030358
vt 0.339173 0.090011
vt 0.357481 0.090011
vt 0.298960 0.060617
vt 0.306916 0.062082
vt 0.323094 0.086648
vt 0.324293 0.106089
vt 0.328620 0.125529
vt 0.339938 0.038181
vt 0.340371 0.025465
vt 0.333746 0.038181
vt 0.426421 0.343567
vt 0.426920 0.324060
vt 0.440335 0.343567
vt 0.434543 0.324060
vt 0.462538 0.229322
vt 0.469895 0.206087
vt 0.475254 0.229089
vt 0.487271 0.206087
vt 0.309413 0.061549
vt 0.306916 0.076030
vt 0.446027 0.130556
vt 0.456446 0.119171
vt 0.348926 0.038181
vt 0.298960 0.077461
vt 0.356083 0.079725
vt 0.306916 0.106356
vt 0.305518 0.121036
vt 0.299693 0.106356
vt 0.291670 0.061649
vt 0.171201 0.028128
vt 0.182752 0.026863
vt 0.172133 0.032356
vt 0.353686 0.066775
vt 0.443464 0.250493
vt 0.447492 0.266138
vt 0.439103 0.206087
vt 0.440701 0.229322
vt 0.351755 0.053227
vt 0.447925 0.343567
vt 0.456846 0.343567
vt 0.469795 0.364538
vt 0.460041 0.364538
vt 0.469362 0.161813
vt 0.488736 0.159816
vt 0.442898 0.324060
vt 0.438171 0.324060
vt 0.426720 0.419630
vt 0.427785 0.405183
vt 0.451719 0.420262
vt 0.452851 0.405183
vt 0.471892 0.386508
vt 0.461307 0.386508
vt 0.171201 0.023967
vt 0.477251 0.364538
vt 0.485207 0.386508
vt 0.482911 0.471393
vt 0.487138 0.475654
vt 0.473590 0.479415
vt 0.396461 0.206087
vt 0.407413 0.229322
vt 0.453351 0.119205
vt 0.439003 0.115909
vt 0.430781 0.128891
vt 0.451353 0.278155
vt 0.452219 0.386508
vt 0.465201 0.407280
vt 0.470461 0.178890
vt 0.495959 0.180888
vt 0.441334 0.144637
vt 0.443298 0.475188
vt 0.433744 0.475188
vt 0.443697 0.464435
vt 0.433345 0.464435
vt 0.458976 0.421727
vt 0.473124 0.421727
vt 0.473523 0.407047
vt 0.138878 0.023967
vt 0.138845 0.031457
vt 0.432712 0.453018
vt 0.427785 0.435542
vt 0.446959 0.451353
vt 0.450088 0.437805
vt 0.420795 0.251358
vt 0.437306 0.266138
vt 0.473590 0.438837
vt 0.485440 0.438870
vt 0.485640 0.421727
vt 0.299027 0.016610
vt 0.302789 0.016610
vt 0.306916 0.092241
vt 0.298960 0.093273
vt 0.295166 0.016610
vt 0.299360 0.006790
vt 0.125296 0.032156
vt 0.130955 0.046636
vt 0.111116 0.031457
vt 0.473590 0.475188
vt 0.464203 0.343567
vt 0.461573 0.343567
vt 0.480980 0.364005
vt 0.294833 0.094737
vt 0.291670 0.079325
vt 0.449722 0.364538
vt 0.427785 0.364538
vt 0.427785 0.386508
vt 0.123932 0.023967
vt 0.107454 0.023967
vt 0.138911 0.042974
vt 0.164943 0.036284
vt 0.454383 0.451353
vt 0.457079 0.439270
vt 0.423558 0.142207
vt 0.487105 0.407912
vt 0.450288 0.464435
vt 0.488003 0.383878
vt 0.092773 0.023967
vt 0.153958 0.039346
vt 0.444929 0.475188
vt 0.306117 0.015578
vt 0.240939 0.270732
vt 0.234814 0.269634
vt 0.238176 0.282882
vt 0.232717 0.282017
vt 0.399657 0.296963
vt 0.401455 0.286844
vt 0.393266 0.294833
vt 0.392134 0.283348
vt 0.150995 0.397094
vt 0.143871 0.393598
vt 0.126428 0.427186
vt 0.119271 0.423658
vt 0.341336 0.492031
vt 0.341603 0.485806
vt 0.337308 0.485174
vt 0.232051 0.298095
vt 0.225460 0.297729
vt 0.229155 0.281584
vt 0.253689 0.299393
vt 0.253289 0.286278
vt 0.247164 0.298461
vt 0.243569 0.283415
vt 0.231286 0.269434
vt 0.224894 0.280552
vt 0.228290 0.267536
vt 0.206519 0.290372
vt 0.213177 0.277589
vt 0.198663 0.282216
vt 0.205887 0.271797
vt 0.222231 0.335078
vt 0.212944 0.333979
vt 0.217105 0.260945
vt 0.213110 0.255519
vt 0.256784 0.465068
vt 0.245966 0.464369
vt 0.245134 0.487870
vt 0.211846 0.293002
vt 0.217704 0.296430
vt 0.219868 0.280352
vt 0.397593 0.334945
vt 0.406181 0.299759
vt 0.406315 0.335810
vt 0.392167 0.275159
vt 0.385343 0.279820
vt 0.387573 0.271930
vt 0.098965 0.259780
vt 0.102594 0.263509
vt 0.073999 0.287709
vt 0.089112 0.298395
vt 0.239009 0.298428
vt 0.399191 0.273828
vt 0.279420 0.297096
vt 0.278522 0.334146
vt 0.266970 0.296630
vt 0.274061 0.333780
vt 0.388206 0.291371
vt 0.377887 0.327388
vt 0.386209 0.332315
vt 0.112181 0.301823
vt 0.109751 0.315205
vt 0.141075 0.323927
vt 0.141075 0.303820
vt 0.406647 0.287776
vt 0.403352 0.271464
vt 0.192605 0.326057
vt 0.184849 0.322295
vt 0.232584 0.335977
vt 0.225094 0.384877
vt 0.216106 0.384245
vt 0.249062 0.271531
vt 0.244934 0.264973
vt 0.250659 0.270066
vt 0.223230 0.265339
vt 0.397926 0.449090
vt 0.398858 0.412040
vt 0.369465 0.439536
vt 0.379185 0.407180
vt 0.335777 0.260379
vt 0.340071 0.261012
vt 0.334878 0.295931
vt 0.351456 0.299992
vt 0.210314 0.421161
vt 0.225261 0.423225
vt 0.255087 0.275725
vt 0.230320 0.256585
vt 0.224695 0.255686
vt 0.334113 0.350257
vt 0.354918 0.320731
vt 0.341270 0.352887
vt 0.364771 0.325092
vt 0.203324 0.330484
vt 0.200228 0.450754
vt 0.229322 0.466133
vt 0.233716 0.259015
vt 0.239408 0.261711
vt 0.218902 0.256818
vt 0.047635 0.470760
vt 0.054326 0.473523
vt 0.046270 0.478350
vt 0.052328 0.482145
vt 0.346929 0.487038
vt 0.353220 0.489002
vt 0.169237 0.367368
vt 0.169803 0.404517
vt 0.185448 0.373992
vt 0.100996 0.440967
vt 0.017775 0.413471
vt 0.025265 0.414404
vt 0.013814 0.451719
vt 0.020339 0.452652
vt 0.133652 0.386308
vt 0.161747 0.362607
vt 0.152992 0.356016
vt 0.209049 0.477551
vt 0.169703 0.494927
vt 0.168538 0.491332
vt 0.193504 0.463404
vt 0.176860 0.316237
vt 0.410409 0.449522
vt 0.413072 0.472891
vt 0.239275 0.425156
vt 0.157752 0.435908
vt 0.192738 0.416234
vt 0.182951 0.441866
vt 0.058453 0.273528
vt 0.097800 0.256152
vt 0.201892 0.382280
vt 0.237843 0.385576
vt 0.242237 0.336709
vt 0.161414 0.496459
vt 0.357714 0.401355
vt 0.344831 0.432512
vt 0.157253 0.487870
vt 0.151627 0.488236
vt 0.365004 0.456213
vt 0.342501 0.450222
vt 0.409211 0.336676
vt 0.322462 0.425455
vt 0.312609 0.421094
vt 0.306217 0.442732
vt 0.164909 0.487571
vt 0.332548 0.313674
vt 0.126428 0.447292
vt 0.155322 0.449256
vt 0.389271 0.375789
vt 0.372727 0.371728
vt 0.361309 0.366535
vt 0.336110 0.393299
vt 0.343267 0.395929
vt 0.374458 0.326124
vt 0.356382 0.364838
vt 0.402586 0.378153
vt 0.405549 0.378885
vt 0.403319 0.412373
vt 0.178391 0.452718
vt 0.110683 0.418565
vt 0.247397 0.384012
vt 0.249727 0.337641
vt 0.254254 0.422925
vt 0.068307 0.448590
vt 0.060983 0.460741
vt 0.055657 0.458111
vt 0.299493 0.418798
vt 0.291171 0.413871
vt 0.316070 0.379651
vt 0.304653 0.374458
vt 0.029659 0.365537
vt 0.034919 0.415136
vt 0.042409 0.366236
vt 0.292037 0.466366
vt 0.285246 0.462838
vt 0.289174 0.454815
vt 0.284081 0.451353
vt 0.319666 0.344831
vt 0.298195 0.339006
vt 0.288108 0.370397
vt 0.307915 0.306650
vt 0.388772 0.465201
vt 0.279786 0.411241
vt 0.274793 0.368033
vt 0.271065 0.410342
vt 0.268169 0.409510
vt 0.271831 0.367301
vt 0.325924 0.446194
vt 0.074765 0.334878
vt 0.097700 0.346596
vt 0.065610 0.368832
vt 0.082088 0.377121
vt 0.033720 0.474788
vt 0.032688 0.481479
vt 0.028694 0.474222
vt 0.026563 0.480347
vt 0.277723 0.449223
vt 0.275925 0.459309
vt 0.116508 0.354019
vt 0.123632 0.357514
vt 0.148265 0.327422
vt 0.336043 0.254155
vt 0.042042 0.453351
vt 0.038347 0.469529
vt 0.035451 0.453018
vt 0.034786 0.469096
vt 0.014247 0.464835
vt 0.023934 0.467698
vt 0.036883 0.475421
vt 0.041277 0.476885
vt 0.042608 0.470561
vt 0.068839 0.468896
vt 0.061616 0.479315
vt 0.045271 0.416035
vt 0.054559 0.417133
vt 0.059219 0.487671
vt 0.022369 0.263242
vt 0.021537 0.286710
vt 0.010718 0.286045
vt 0.049799 0.454649
vt 0.271198 0.446427
vt 0.285579 0.468630
vt 0.285212 0.471027
vt 0.289806 0.474256
vt 0.292802 0.471293
vt 0.028527 0.452652
vt 0.029326 0.468197
vt 0.277623 0.467165
vt 0.278189 0.472358
vt 0.036217 0.481679
vt 0.039213 0.483576
vt 0.320997 0.381348
vt 0.272796 0.466699
vt 0.274028 0.474722
vt 0.074898 0.425056
vt 0.082687 0.428817
vt 0.051396 0.366868
vt 0.022569 0.486106
vt 0.018441 0.479582
vt 0.016877 0.481046
vt 0.270732 0.458377
vt 0.042275 0.327888
vt 0.057189 0.329952
vt 0.050398 0.490134
vt 0.054392 0.495593
vt 0.022236 0.473323
vt 0.014413 0.470660
vt 0.012416 0.475387
vt 0.044273 0.485773
vt 0.042841 0.495427
vt 0.037182 0.494528
vt 0.084551 0.309247
vt 0.064212 0.420628
vt 0.067275 0.300325
vt 0.038181 0.284979
vt 0.033787 0.492098
vt 0.028095 0.489402
vt 0.048600 0.494262
vt 0.330451 0.259148
vt 0.324160 0.257151
vt 0.098266 0.383745
vt 0.166507 0.310145
vt 0.106089 0.254621
vt 0.105756 0.388472
vt 0.114511 0.395097
vt 0.133851 0.364771
vt 0.090643 0.434876
vt 0.264307 0.273295
vt 0.028228 0.325957
vt 0.110250 0.263242
vt 0.115876 0.262876
vt 0.312375 0.289973
vt 0.156820 0.332548
vt 0.371162 0.303454
vt 0.302922 0.420063
vt 0.020106 0.367101
vt 0.013248 0.328154
vt 0.288608 0.280952
vt 0.181853 0.108885
vt 0.157919 0.111382
vt 0.191573 0.116342
vt 0.155988 0.131222
vt 0.214575 0.164377
vt 0.201992 0.163544
vt 0.202192 0.170535
vt 0.137979 0.131222
vt 0.136015 0.111382
vt 0.102394 0.116342
vt 0.112081 0.108885
vt 0.254587 0.033654
vt 0.245600 0.041809
vt 0.263242 0.047235
vt 0.252124 0.058154
vt 0.041809 0.058154
vt 0.048334 0.041809
vt 0.030724 0.047235
vt 0.039346 0.033654
vt 0.057987 0.149397
vt 0.062581 0.143472
vt 0.049233 0.139311
vt 0.055324 0.131122
vt 0.099165 0.120170
vt 0.118439 0.135949
vt 0.181686 0.183650
vt 0.187945 0.175761
vt 0.182386 0.168538
vt 0.188045 0.165808
vt 0.072967 0.141707
vt 0.072068 0.128525
vt 0.067641 0.142074
vt 0.063347 0.127860
vt 0.073400 0.191107
vt 0.066676 0.182452
vt 0.062381 0.193936
vt 0.219036 0.171534
vt 0.214841 0.183318
vt 0.220301 0.183650
vt 0.091742 0.170535
vt 0.091975 0.163544
vt 0.079392 0.164377
vt 0.084385 0.180688
vt 0.088912 0.176094
vt 0.078460 0.168138
vt 0.197232 0.096402
vt 0.204223 0.106089
vt 0.238343 0.056256
vt 0.235780 0.041776
vt 0.228889 0.048068
vt 0.230087 0.064379
vt 0.244368 0.064645
vt 0.064445 0.056223
vt 0.082854 0.045305
vt 0.074565 0.031357
vt 0.244534 0.077062
vt 0.219302 0.076762
vt 0.049566 0.064645
vt 0.049399 0.077062
vt 0.063846 0.064379
vt 0.074665 0.076762
vt 0.055624 0.056256
vt 0.223463 0.029759
vt 0.213110 0.073833
vt 0.211080 0.045305
vt 0.096701 0.096402
vt 0.089711 0.106089
vt 0.135316 0.103160
vt 0.130356 0.094305
vt 0.118106 0.098699
vt 0.175528 0.135949
vt 0.194769 0.120170
vt 0.080856 0.073833
vt 0.065044 0.048068
vt 0.058187 0.041776
vt 0.196333 0.145702
vt 0.197998 0.123965
vt 0.204256 0.136847
vt 0.229488 0.056223
vt 0.219402 0.031357
vt 0.251691 0.028228
vt 0.238509 0.028827
vt 0.070504 0.029759
vt 0.150695 0.179889
vt 0.175828 0.098699
vt 0.163611 0.094305
vt 0.158618 0.103160
vt 0.019040 0.078759
vt 0.030691 0.084318
vt 0.014646 0.110217
vt 0.202658 0.160382
vt 0.191040 0.154856
vt 0.183551 0.151161
vt 0.251292 0.106455
vt 0.260712 0.120004
vt 0.263276 0.084318
vt 0.275193 0.110417
vt 0.200494 0.226293
vt 0.182785 0.215773
vt 0.169570 0.239641
vt 0.211180 0.198197
vt 0.220534 0.191107
vt 0.057055 0.101196
vt 0.075464 0.102527
vt 0.078227 0.159284
vt 0.087947 0.152360
vt 0.083819 0.146834
vt 0.236911 0.101196
vt 0.218470 0.102527
vt 0.244734 0.139311
vt 0.238609 0.131122
vt 0.215474 0.168138
vt 0.205021 0.176094
vt 0.209582 0.180688
vt 0.140642 0.148598
vt 0.126994 0.159583
vt 0.141641 0.170602
vt 0.077960 0.143039
vt 0.077295 0.158119
vt 0.152326 0.170602
vt 0.153292 0.148598
vt 0.042275 0.028228
vt 0.055424 0.028827
vt 0.062581 0.176227
vt 0.052628 0.168038
vt 0.052928 0.183917
vt 0.124364 0.239641
vt 0.111149 0.215773
vt 0.093473 0.226293
vt 0.264674 0.144038
vt 0.278355 0.141574
vt 0.212944 0.131388
vt 0.209049 0.116342
vt 0.231352 0.143472
vt 0.235979 0.149397
vt 0.223263 0.158185
vt 0.230620 0.127860
vt 0.221865 0.128525
vt 0.226326 0.142074
vt 0.221000 0.141707
vt 0.220600 0.156887
vt 0.218836 0.157020
vt 0.056057 0.157586
vt 0.057921 0.167705
vt 0.067974 0.164543
vt 0.200461 0.193637
vt 0.193138 0.186280
vt 0.170701 0.202791
vt 0.045371 0.152726
vt 0.086748 0.141841
vt 0.080989 0.131388
vt 0.068706 0.168771
vt 0.246598 0.168405
vt 0.261045 0.168837
vt 0.251525 0.191706
vt 0.241006 0.183917
vt 0.097600 0.145702
vt 0.015612 0.141574
vt 0.025498 0.168072
vt 0.029293 0.144038
vt 0.070670 0.158185
vt 0.033221 0.120004
vt 0.018774 0.110417
vt 0.042675 0.106455
vt 0.268468 0.168072
vt 0.084884 0.116342
vt 0.095936 0.123965
vt 0.089711 0.136847
vt 0.227258 0.182452
vt 0.220234 0.172000
vt 0.222531 0.171867
vt 0.207185 0.141841
vt 0.205987 0.152360
vt 0.143272 0.179889
vt 0.108353 0.165076
vt 0.109052 0.180189
vt 0.248562 0.152726
vt 0.102461 0.165542
vt 0.102527 0.175495
vt 0.246665 0.146002
vt 0.274926 0.078759
vt 0.279320 0.110217
vt 0.141541 0.219568
vt 0.123232 0.202791
vt 0.225261 0.168771
vt 0.231352 0.176227
vt 0.236046 0.167705
vt 0.100796 0.186280
vt 0.093473 0.193637
vt 0.152393 0.219568
vt 0.220767 0.198564
vt 0.220101 0.215041
vt 0.203690 0.218337
vt 0.225960 0.164543
vt 0.237910 0.157586
vt 0.205820 0.195900
vt 0.215973 0.143039
vt 0.216639 0.158119
vt 0.210114 0.146834
vt 0.231552 0.193936
vt 0.236778 0.206386
vt 0.047302 0.146002
vt 0.241305 0.168038
vt 0.057155 0.206386
vt 0.073167 0.198564
vt 0.073833 0.215041
vt 0.082754 0.198197
vt 0.079125 0.183318
vt 0.047369 0.168405
vt 0.032888 0.168837
vt 0.074931 0.171534
vt 0.073633 0.183650
vt 0.042409 0.191706
vt 0.090277 0.218337
vt 0.073367 0.156887
vt 0.075097 0.157020
vt 0.073733 0.172000
vt 0.071403 0.171867
vt 0.088113 0.195900
vt 0.236279 0.188910
vt 0.215740 0.159284
vt 0.057655 0.188910
vt 0.172665 0.979269
vt 0.183917 0.974110
vt 0.173165 0.981533
vt 0.162945 0.983397
vt 0.163411 0.986559
vt 0.115976 0.981400
vt 0.123399 0.983697
vt 0.115843 0.983896
vt 0.123199 0.986859
vt 0.146767 0.986060
vt 0.147133 0.990088
vt 0.141508 0.986426
vt 0.141408 0.990254
vt 0.129790 0.984962
vt 0.129491 0.988590
vt 0.135150 0.985960
vt 0.134883 0.989755
vt 0.108819 0.978570
vt 0.108786 0.980301
vt 0.098166 0.974110
vt 0.154124 0.989156
vt 0.153891 0.985494
vt 0.017243 0.979236
vt 0.016743 0.981500
vt 0.005991 0.974110
vt 0.026963 0.983330
vt 0.026464 0.986493
vt 0.073866 0.981233
vt 0.074032 0.983697
vt 0.066476 0.983530
vt 0.066676 0.986692
vt 0.048500 0.990155
vt 0.042775 0.989988
vt 0.048367 0.986326
vt 0.043108 0.985960
vt 0.060085 0.984828
vt 0.060384 0.988424
vt 0.054725 0.985827
vt 0.054991 0.989622
vt 0.081089 0.980102
vt 0.081023 0.978370
vt 0.092008 0.974110
vt 0.036017 0.985428
vt 0.035784 0.989056
vt 0.830438 0.313041
vt 0.830006 0.341403
vt 0.843720 0.313041
vt 0.835165 0.345897
vt 0.801877 0.404584
vt 0.801877 0.356216
vt 0.797783 0.404584
vt 0.786598 0.419463
vt 0.782570 0.419463
vt 0.786598 0.480713
vt 0.782570 0.480713
vt 0.823414 0.430082
vt 0.823414 0.438304
vt 0.826078 0.430082
vt 0.827709 0.438304
vt 0.823414 0.408412
vt 0.826078 0.408412
vt 0.821351 0.369365
vt 0.826078 0.367567
vt 0.786598 0.488802
vt 0.757204 0.480713
vt 0.752711 0.480713
vt 0.752711 0.488802
vt 0.776844 0.480713
vt 0.773416 0.480713
vt 0.773416 0.488802
vt 0.826078 0.341403
vt 0.826011 0.313041
vt 0.813029 0.313041
vt 0.814759 0.488802
vt 0.814759 0.480713
vt 0.811531 0.480713
vt 0.874379 0.488802
vt 0.874379 0.480713
vt 0.869485 0.480713
vt 0.852641 0.480713
vt 0.852641 0.488802
vt 0.857501 0.480713
vt 0.767124 0.480713
vt 0.833334 0.369365
vt 0.830006 0.354485
vt 0.801877 0.488802
vt 0.801877 0.480713
vt 0.797783 0.480713
vt 0.874379 0.313041
vt 0.871050 0.313041
vt 0.874379 0.356216
vt 0.858800 0.413338
vt 0.858766 0.419463
vt 0.863560 0.416401
vt 0.752711 0.313041
vt 0.757204 0.356216
vt 0.767124 0.313041
vt 0.874379 0.413338
vt 0.874379 0.392833
vt 0.869485 0.413338
vt 0.815525 0.356216
vt 0.814759 0.404584
vt 0.817589 0.404584
vt 0.836863 0.480713
vt 0.841390 0.480713
vt 0.836863 0.419463
vt 0.841390 0.419463
vt 0.834400 0.408412
vt 0.835831 0.408412
vt 0.838960 0.379185
vt 0.836497 0.394264
vt 0.826078 0.417266
vt 0.826078 0.412440
vt 0.823414 0.417266
vt 0.823414 0.412440
vt 0.767124 0.392833
vt 0.767124 0.413338
vt 0.773416 0.408978
vt 0.776312 0.356216
vt 0.767124 0.374524
vt 0.773416 0.404584
vt 0.859033 0.313041
vt 0.853973 0.356216
vt 0.846117 0.419463
vt 0.846117 0.480713
vt 0.814759 0.419463
vt 0.811531 0.419463
vt 0.818854 0.345897
vt 0.786598 0.404584
vt 0.786598 0.356216
vt 0.782570 0.404584
vt 0.782570 0.413338
vt 0.786598 0.408978
vt 0.817589 0.413338
vt 0.814759 0.408978
vt 0.801877 0.419463
vt 0.805805 0.419463
vt 0.805805 0.480713
vt 0.790992 0.480713
vt 0.752711 0.356216
vt 0.797783 0.413338
vt 0.801877 0.408978
vt 0.847349 0.480713
vt 0.819620 0.387573
vt 0.752711 0.392833
vt 0.752711 0.413338
vt 0.757204 0.392833
vt 0.757204 0.413338
vt 0.858766 0.480713
vt 0.863560 0.419463
vt 0.863560 0.480713
vt 0.826078 0.354485
vt 0.790992 0.419463
vt 0.863560 0.488802
vt 0.841390 0.404584
vt 0.836863 0.404584
vt 0.836863 0.413338
vt 0.830006 0.367567
vt 0.830006 0.408412
vt 0.832535 0.408412
vt 0.817589 0.480713
vt 0.841390 0.488802
vt 0.857501 0.419463
vt 0.852641 0.419463
vt 0.786598 0.416401
vt 0.790992 0.413338
vt 0.869519 0.419463
vt 0.874379 0.419463
vt 0.797749 0.313041
vt 0.844453 0.356216
vt 0.842389 0.387573
vt 0.779707 0.404584
vt 0.782437 0.313041
vt 0.847349 0.419463
vt 0.836863 0.400189
vt 0.841889 0.396095
vt 0.863560 0.404584
vt 0.868853 0.413338
vt 0.817589 0.419463
vt 0.868254 0.480713
vt 0.767124 0.356216
vt 0.776844 0.419463
vt 0.773416 0.419463
vt 0.767124 0.419463
vt 0.807902 0.404584
vt 0.757204 0.419463
vt 0.752711 0.419463
vt 0.868254 0.419463
vt 0.807902 0.413338
vt 0.797783 0.419463
vt 0.830006 0.412440
vt 0.830006 0.417266
vt 0.832535 0.412440
vt 0.832535 0.417266
vt 0.835831 0.417266
vt 0.835831 0.412440
vt 0.834400 0.417266
vt 0.834400 0.412440
vt 1.083090 0.707538
vt 1.081860 0.693691
vt 1.090750 0.700382
vt 1.022780 0.711500
vt 1.013890 0.698950
vt 1.025570 0.687965
vt 0.674683 0.724249
vt 0.665995 0.737032
vt 0.665995 0.711500
vt 1.090750 0.660669
vt 1.077930 0.676814
vt 1.072410 0.660669
vt 1.013890 0.686401
vt 1.013890 0.672553
vt 1.026840 0.672553
vt 1.081860 0.551717
vt 1.083090 0.539167
vt 1.090750 0.545659
vt 1.033030 0.530046
vt 1.033430 0.553648
vt 1.024570 0.553648
vt 1.090750 0.568627
vt 1.090750 0.584006
vt 1.075370 0.575951
vt 1.068750 0.654977
vt 1.065150 0.596456
vt 1.026810 0.572123
vt 1.013890 0.572123
vt 1.025570 0.556743
vt 1.013890 0.558308
vt 1.024440 0.572123
vt 1.024510 0.672553
vt 1.037220 0.596889
vt 1.038260 0.632341
vt 1.068880 0.630876
vt 1.072710 0.584006
vt 1.090750 0.676048
vt 1.067020 0.613666
vt 1.024570 0.530046
vt 0.828507 0.678478
vt 0.828507 0.705774
vt 0.812995 0.678478
vt 0.812995 0.705774
vt 0.841024 0.543761
vt 0.842722 0.528748
vt 0.852009 0.548821
vt 0.852009 0.531444
vt 0.875510 0.705774
vt 0.875510 0.678478
vt 0.890989 0.705774
vt 0.890989 0.678478
vt 0.867987 0.705774
vt 0.867987 0.678478
vt 0.844486 0.574719
vt 0.852009 0.576650
vt 0.844486 0.652447
vt 0.852009 0.652447
vt 0.852009 0.514501
vt 0.859166 0.514501
vt 0.861463 0.527849
vt 0.828507 0.664430
vt 0.836497 0.678478
vt 0.836497 0.664430
vt 0.828507 0.529514
vt 0.813029 0.529514
vt 0.828507 0.514501
vt 0.812862 0.514501
vt 0.890989 0.566996
vt 0.812995 0.566996
vt 0.890989 0.652447
vt 0.812995 0.652447
vt 0.891289 0.529514
vt 0.891256 0.514501
vt 0.875510 0.658672
vt 0.867987 0.660436
vt 0.867987 0.656941
vt 0.883000 0.664430
vt 0.819320 0.538768
vt 0.817756 0.556577
vt 0.809500 0.541031
vt 0.808135 0.551750
vt 0.833501 0.517330
vt 0.844852 0.514501
vt 0.821883 0.556244
vt 0.823681 0.539267
vt 0.876476 0.529514
vt 0.875510 0.514501
vt 0.871582 0.536837
vt 0.870484 0.521491
vt 0.833501 0.506512
vt 0.844852 0.506512
vt 0.875510 0.506312
vt 0.891455 0.506312
vt 0.870484 0.506512
vt 0.867987 0.664430
vt 0.875510 0.664430
vt 0.844486 0.678478
vt 0.844486 0.705774
vt 0.852009 0.705774
vt 0.852009 0.678478
vt 0.859499 0.652447
vt 0.859499 0.574719
vt 0.867987 0.652447
vt 0.867987 0.571257
vt 0.875510 0.566996
vt 0.875510 0.652447
vt 0.852009 0.656941
vt 0.859499 0.656941
vt 0.852009 0.660436
vt 0.859499 0.660436
vt 0.848214 0.506312
vt 0.812263 0.506312
vt 0.859499 0.705774
vt 0.859499 0.678478
vt 0.862794 0.543794
vt 0.879006 0.652447
vt 0.852009 0.664430
vt 0.844486 0.664430
vt 0.852009 0.506512
vt 0.859166 0.506512
vt 0.844486 0.660436
vt 0.836497 0.660436
vt 0.833201 0.545492
vt 0.833035 0.551151
vt 0.826544 0.540033
vt 0.824679 0.555612
vt 0.828507 0.506312
vt 0.844486 0.656941
vt 0.875510 0.662433
vt 0.820751 0.664430
vt 0.828507 0.652447
vt 0.828507 0.566996
vt 0.836497 0.652447
vt 0.836497 0.570957
vt 0.832302 0.536271
vt 0.859499 0.664430
vt 0.806304 0.546524
vt 0.828507 0.658672
vt 0.836497 0.656941
vt 0.836497 0.705774
vt 0.828507 0.662433
vt 0.978504 0.678478
vt 0.978504 0.705774
vt 0.963458 0.678478
vt 0.963458 0.705774
vt 0.958930 0.581976
vt 0.955468 0.639498
vt 0.947978 0.587402
vt 0.947978 0.639498
vt 0.917487 0.705774
vt 0.917487 0.678478
vt 0.931967 0.705774
vt 0.931967 0.678478
vt 0.908998 0.678478
vt 0.908998 0.705774
vt 0.986992 0.678478
vt 0.986992 0.705774
vt 0.938525 0.527849
vt 0.940822 0.514501
vt 0.947978 0.531444
vt 0.947978 0.514501
vt 0.917487 0.639498
vt 0.931967 0.639498
vt 0.978504 0.639498
vt 0.978038 0.567562
vt 0.967352 0.574586
vt 0.963458 0.639498
vt 0.908698 0.514501
vt 0.908732 0.525586
vt 0.987125 0.514501
vt 0.986992 0.525586
vt 0.980667 0.538768
vt 0.990454 0.541031
vt 0.982232 0.556577
vt 0.991819 0.551750
vt 0.955135 0.514501
vt 0.957233 0.528748
vt 0.966487 0.517330
vt 0.970448 0.553914
vt 0.970082 0.541864
vt 0.929004 0.575085
vt 0.916821 0.567695
vt 0.986992 0.639498
vt 0.986992 0.568261
vt 0.908998 0.639498
vt 0.908732 0.568261
vt 0.955135 0.506512
vt 0.966487 0.506512
vt 0.978071 0.514501
vt 0.978038 0.524887
vt 0.967352 0.531910
vt 0.929470 0.521491
vt 0.929470 0.506512
vt 0.916921 0.514501
vt 0.917087 0.506312
vt 0.947978 0.705774
vt 0.947978 0.678478
vt 0.955468 0.705774
vt 0.955468 0.678478
vt 0.940455 0.639498
vt 0.937060 0.582009
vt 0.908532 0.506312
vt 0.944583 0.506312
vt 0.940455 0.705774
vt 0.940455 0.678478
vt 0.929004 0.532410
vt 0.937060 0.539334
vt 0.947978 0.506512
vt 0.940822 0.506512
vt 0.966953 0.551151
vt 0.966753 0.545492
vt 0.977971 0.506312
vt 0.958930 0.539301
vt 0.947978 0.544726
vt 0.916821 0.525020
vt 0.993683 0.546524
vt 0.987691 0.506312
vt 0.624984 0.188777
vt 0.549986 0.188777
vt 0.624984 0.166241
vt 0.549986 0.166241
vt 0.737331 0.037582
vt 0.524887 0.037582
vt 0.737365 0.080790
vt 0.524854 0.080790
vt 0.503016 0.188777
vt 0.503016 0.166241
vt 0.750014 0.166241
vt 0.793755 0.166241
vt 0.750014 0.188777
vt 0.793755 0.188777
vt 0.997012 0.188777
vt 0.950009 0.188777
vt 0.997012 0.166241
vt 0.950009 0.166241
vt 0.846383 0.037582
vt 0.888792 0.037582
vt 0.846350 0.080790
vt 0.888825 0.080790
vt 0.697086 0.037582
vt 0.697119 0.080790
vt 0.524854 0.143638
vt 0.568128 0.080790
vt 0.568128 0.143638
vt 0.762431 0.143638
vt 0.974942 0.143638
vt 0.762431 0.080790
vt 0.974942 0.080790
vt 0.931667 0.080790
vt 0.931667 0.143638
vt 0.888825 0.143638
vt 0.846350 0.143638
vt 0.931701 0.037582
vt 0.974942 0.037582
vt 0.853973 0.194203
vt 0.895050 0.194203
vt 0.853973 0.233117
vt 0.895050 0.233117
vt 0.770819 0.194203
vt 0.770819 0.233117
vt 0.979602 0.194203
vt 0.979602 0.233117
vt 0.568095 0.037582
vt 0.802676 0.143638
vt 0.802676 0.080790
vt 0.687499 0.233117
vt 0.646022 0.233117
vt 0.687499 0.194203
vt 0.646022 0.194203
vt 0.604945 0.194203
vt 0.604945 0.233117
vt 0.562502 0.194203
vt 0.562502 0.233117
vt 0.520426 0.194203
vt 0.520426 0.233117
vt 0.729176 0.194203
vt 0.729176 0.233117
vt 0.875011 0.188777
vt 0.875011 0.166241
vt 0.729176 0.247564
vt 0.687499 0.240340
vt 0.653479 0.037582
vt 0.653445 0.080790
vt 0.611003 0.037582
vt 0.611003 0.080790
vt 0.520426 0.247564
vt 0.562502 0.247564
vt 0.706240 0.166241
vt 0.706240 0.188777
vt 0.812496 0.233117
vt 0.812496 0.194203
vt 0.770819 0.240340
vt 0.979602 0.247564
vt 0.802709 0.037582
vt 0.762464 0.037582
vt 0.937493 0.233117
vt 0.895050 0.247564
vt 0.937493 0.247564
vt 0.582142 0.247564
vt 0.697119 0.143638
vt 0.737365 0.143638
vt 0.853973 0.240340
vt 0.653445 0.143638
vt 0.611003 0.143638
vt 0.937493 0.194203
vt 0.715994 0.980701
vt 0.729442 0.980701
vt 0.715994 0.993816
vt 0.729442 0.993816
vt 0.739362 0.980701
vt 0.739362 0.993816
vt 0.749282 0.980701
vt 0.749282 0.993816
vt 0.697086 0.993816
vt 0.697086 0.980701
vt 0.774481 0.980701
vt 0.774481 0.993816
vt 0.615663 0.980701
vt 0.625650 0.980701
vt 0.616129 0.993816
vt 0.625949 0.993816
vt 0.651448 0.993816
vt 0.651448 0.980701
vt 0.663232 0.993816
vt 0.663232 0.980701
vt 0.675748 0.993816
vt 0.675748 0.980701
vt 0.634138 0.980701
vt 0.634305 0.993816
vt 0.789694 0.712498
vt 0.787197 0.715528
vt 0.787596 0.711167
vt 0.785965 0.697319
vt 0.789760 0.700248
vt 0.787430 0.707771
vt 0.789694 0.708870
vt 0.795452 0.696820
vt 0.794221 0.706573
vt 0.793588 0.697719
vt 0.792124 0.707938
vt 0.791791 0.711167
vt 0.792190 0.715561
vt 0.785299 0.706440
vt 0.783935 0.696454
vt 0.789694 0.716060
vt 0.781838 0.677413
vt 0.778109 0.677612
vt 0.781838 0.657440
vt 0.776112 0.657473
vt 0.785566 0.677612
vt 0.787563 0.657473
vt 0.779208 0.682073
vt 0.781838 0.681940
vt 0.781838 0.625284
vt 0.790692 0.625317
vt 0.765493 0.548987
vt 0.781838 0.548954
vt 0.767257 0.567063
vt 0.781838 0.567029
vt 0.772950 0.625317
vt 0.775014 0.657507
vt 0.777344 0.677579
vt 0.781838 0.534074
vt 0.762231 0.548255
vt 0.781838 0.531478
vt 0.796385 0.567063
vt 0.793655 0.595191
vt 0.781838 0.595158
vt 0.796118 0.595224
vt 0.799514 0.567096
vt 0.771152 0.625383
vt 0.767524 0.595224
vt 0.770020 0.595191
vt 0.784434 0.682073
vt 0.786298 0.677579
vt 0.784933 0.682173
vt 0.801444 0.548255
vt 0.798149 0.548987
vt 0.788628 0.657507
vt 0.792490 0.625383
vt 0.764162 0.567096
vt 0.778742 0.682173
vt 0.997112 0.720587
vt 0.967585 0.720587
vt 0.997112 0.733670
vt 0.967585 0.733670
vt 0.938025 0.733670
vt 0.938025 0.720587
vt 0.906102 0.733670
vt 0.906102 0.720587
vt 0.876642 0.733670
vt 0.876642 0.720587
vt 0.714463 0.863527
vt 0.699483 0.863527
vt 0.715062 0.852874
vt 0.698850 0.852874
vt 0.669091 0.900010
vt 0.679876 0.875344
vt 0.676248 0.908099
vt 0.685202 0.882268
vt 0.673585 0.917586
vt 0.666228 0.910596
vt 0.744855 0.900010
vt 0.749315 0.892587
vt 0.747717 0.910596
vt 0.752544 0.904671
vt 0.725947 0.862395
vt 0.722818 0.870284
vt 0.740161 0.887361
vt 0.733470 0.895417
vt 0.728610 0.857002
vt 0.715860 0.846550
vt 0.744089 0.879405
vt 0.737697 0.908099
vt 0.740361 0.917586
vt 0.698052 0.846550
vt 0.664597 0.892587
vt 0.661368 0.904671
vt 0.676448 0.867954
vt 0.669823 0.879405
vt 0.685335 0.857002
vt 0.687998 0.862395
vt 0.691094 0.870284
vt 0.584606 0.962525
vt 0.581343 0.938425
vt 0.588034 0.958265
vt 0.573388 0.951474
vt 0.575218 0.958897
vt 0.630343 0.907667
vt 0.631176 0.888859
vt 0.642327 0.907001
vt 0.644824 0.889525
vt 0.587668 0.924910
vt 0.587668 0.898879
vt 0.591330 0.922779
vt 0.507244 0.882701
vt 0.523921 0.878606
vt 0.512870 0.891389
vt 0.525186 0.892354
vt 0.504980 0.972179
vt 0.510639 0.972013
vt 0.505979 0.981333
vt 0.512670 0.979935
vt 0.622587 0.925609
vt 0.614498 0.925376
vt 0.622587 0.907866
vt 0.614798 0.907667
vt 0.548788 0.911794
vt 0.567562 0.912926
vt 0.547523 0.926840
vt 0.564034 0.924644
vt 0.622587 0.889724
vt 0.622587 0.846583
vt 0.613733 0.867255
vt 0.613966 0.888859
vt 0.533708 0.941521
vt 0.531311 0.928172
vt 0.541897 0.932233
vt 0.541997 0.925676
vt 0.523189 0.784168
vt 0.541997 0.773848
vt 0.522989 0.803375
vt 0.541964 0.797616
vt 0.522956 0.815825
vt 0.541930 0.809999
vt 0.548721 0.992351
vt 0.536404 0.992351
vt 0.550119 0.981633
vt 0.535140 0.981167
vt 0.542862 0.891888
vt 0.550519 0.891256
vt 0.542763 0.877042
vt 0.551451 0.877641
vt 0.528282 0.912860
vt 0.541930 0.911295
vt 0.523522 0.827742
vt 0.541997 0.826277
vt 0.542063 0.877042
vt 0.546757 0.936561
vt 0.554713 0.948145
vt 0.562269 0.941587
vt 0.520826 0.924644
vt 0.530113 0.948145
vt 0.522557 0.941587
vt 0.574453 0.941354
vt 0.579845 0.933032
vt 0.631542 0.852342
vt 0.643426 0.832402
vt 0.524354 0.973344
vt 0.527317 0.981100
vt 0.569759 0.818122
vt 0.569393 0.829107
vt 0.551451 0.812862
vt 0.550785 0.826344
vt 0.507477 0.992351
vt 0.514035 0.992351
vt 0.551018 0.777377
vt 0.551417 0.798548
vt 0.542996 0.773848
vt 0.542862 0.797616
vt 0.507510 0.819986
vt 0.507677 0.830172
vt 0.542929 0.809999
vt 0.581011 0.918718
vt 0.578547 0.913592
vt 0.542829 0.826277
vt 0.628746 0.777943
vt 0.637900 0.782503
vt 0.629744 0.791458
vt 0.638665 0.796351
vt 0.527916 0.992351
vt 0.502584 0.802110
vt 0.508476 0.790992
vt 0.502883 0.805872
vt 0.508343 0.808701
vt 0.581643 0.973544
vt 0.578980 0.981167
vt 0.565764 0.970115
vt 0.564000 0.981633
vt 0.641761 0.821850
vt 0.630776 0.824346
vt 0.568361 0.880437
vt 0.566630 0.891888
vt 0.631675 0.837429
vt 0.595058 0.980568
vt 0.597388 0.972013
vt 0.608140 0.981333
vt 0.609106 0.972179
vt 0.503483 0.809766
vt 0.562868 0.958131
vt 0.557709 0.964456
vt 0.600318 0.889525
vt 0.602814 0.907001
vt 0.532476 0.973544
vt 0.548321 0.970115
vt 0.602415 0.955602
vt 0.602415 0.936461
vt 0.609072 0.961959
vt 0.615264 0.933232
vt 0.503716 0.811997
vt 0.602848 0.923379
vt 0.503183 0.824879
vt 0.650649 0.803708
vt 0.649384 0.787264
vt 0.594392 0.802876
vt 0.591896 0.820885
vt 0.576450 0.808302
vt 0.577349 0.819986
vt 0.653312 0.820851
vt 0.580411 0.893286
vt 0.589199 0.893486
vt 0.590598 0.830638
vt 0.577016 0.830172
vt 0.571956 0.891256
vt 0.577648 0.882101
vt 0.541964 0.891888
vt 0.517297 0.912926
vt 0.603380 0.821850
vt 0.614365 0.824346
vt 0.613466 0.837429
vt 0.601716 0.832402
vt 0.576317 0.790825
vt 0.595690 0.786864
vt 0.615397 0.791458
vt 0.616396 0.777943
vt 0.621921 0.787963
vt 0.621688 0.774980
vt 0.654011 0.881835
vt 0.654244 0.830638
vt 0.591230 0.880670
vt 0.565365 0.992351
vt 0.577715 0.992351
vt 0.630643 0.925376
vt 0.642327 0.923379
vt 0.607242 0.782404
vt 0.606476 0.796251
vt 0.629877 0.933232
vt 0.642760 0.936461
vt 0.636069 0.961959
vt 0.642760 0.955602
vt 0.593161 0.992351
vt 0.557043 0.980867
vt 0.557043 0.992351
vt 0.542862 0.925676
vt 0.542929 0.932233
vt 0.542929 0.911295
vt 0.569060 0.788429
vt 0.569193 0.806537
vt 0.606642 0.992351
vt 0.600084 0.992351
vt 0.589732 0.973344
vt 0.521957 0.958131
vt 0.527117 0.964456
vt 0.588600 0.932832
vt 0.622587 0.933465
vt 0.557043 0.970215
vt 0.623220 0.787963
vt 0.623453 0.774980
vt 0.593826 0.919384
vt 0.595657 0.911928
vt 0.594592 0.901808
vt 0.581343 0.964456
vt 0.577715 0.962292
vt 0.577582 0.901908
vt 0.618460 0.818388
vt 0.626682 0.818388
vt 0.584439 0.922979
vt 0.591430 0.941454
vt 0.590498 0.953138
vt 0.266371 0.633373
vt 0.264873 0.631342
vt 0.266604 0.628213
vt 0.264940 0.629711
vt 0.233616 0.633373
vt 0.233416 0.628213
vt 0.235114 0.631342
vt 0.235047 0.629711
vt 0.185581 0.629944
vt 0.185881 0.644990
vt 0.158817 0.632541
vt 0.165675 0.649750
vt 0.249994 0.640130
vt 0.238210 0.638998
vt 0.249994 0.635603
vt 0.238143 0.633805
vt 0.238276 0.631242
vt 0.238509 0.630610
vt 0.249994 0.630643
vt 0.249994 0.631342
vt 0.236512 0.622654
vt 0.227857 0.625650
vt 0.231252 0.613766
vt 0.215041 0.619591
vt 0.239475 0.627680
vt 0.239874 0.629378
vt 0.249994 0.629478
vt 0.240207 0.630144
vt 0.249994 0.630210
vt 0.249994 0.621289
vt 0.249994 0.627048
vt 0.250093 0.647686
vt 0.157619 0.621522
vt 0.116808 0.623985
vt 0.156787 0.604279
vt 0.114378 0.597355
vt 0.228523 0.635470
vt 0.235879 0.630510
vt 0.235846 0.630410
vt 0.260513 0.627680
vt 0.260146 0.629378
vt 0.339073 0.554580
vt 0.341935 0.586869
vt 0.320265 0.555112
vt 0.321130 0.590464
vt 0.249994 0.612268
vt 0.226193 0.599352
vt 0.249994 0.598687
vt 0.274727 0.587701
vt 0.278422 0.553981
vt 0.184050 0.618559
vt 0.182086 0.603047
vt 0.119071 0.554047
vt 0.160948 0.554580
vt 0.116941 0.581909
vt 0.158052 0.586869
vt 0.178890 0.590464
vt 0.225261 0.587701
vt 0.221599 0.553981
vt 0.179722 0.555112
vt 0.343200 0.604279
vt 0.385609 0.597355
vt 0.383079 0.581909
vt 0.146068 0.668924
vt 0.116375 0.649850
vt 0.249994 0.555978
vt 0.249994 0.588800
vt 0.233949 0.650882
vt 0.250393 0.647686
vt 0.249994 0.651914
vt 0.317935 0.603047
vt 0.273795 0.599352
vt 0.383179 0.623985
vt 0.342401 0.621522
vt 0.341203 0.632541
vt 0.383612 0.649850
vt 0.334312 0.649750
vt 0.314106 0.644990
vt 0.314406 0.629944
vt 0.248263 0.648852
vt 0.266072 0.650882
vt 0.261811 0.638998
vt 0.271464 0.635470
vt 0.315937 0.618559
vt 0.261878 0.633805
vt 0.272130 0.625650
vt 0.284946 0.619591
vt 0.221166 0.651581
vt 0.278821 0.651581
vt 0.353952 0.668924
vt 0.268768 0.613766
vt 0.263475 0.622654
vt 0.249894 0.647686
vt 0.261478 0.630610
vt 0.261711 0.631242
vt 0.264108 0.630510
vt 0.259780 0.630144
vt 0.264174 0.630410
vt 0.380916 0.554047
vt 0.358346 0.755007
vt 0.357248 0.739162
vt 0.390935 0.739196
vt 0.390536 0.720388
vt 0.411807 0.647520
vt 0.410609 0.624019
vt 0.357514 0.715062
vt 0.359578 0.686767
vt 0.389571 0.697852
vt 0.387906 0.672819
vt 0.142739 0.739162
vt 0.173364 0.749914
vt 0.141641 0.755007
vt 0.171267 0.764361
vt 0.110250 0.778476
vt 0.084119 0.738030
vt 0.108153 0.758969
vt 0.415402 0.597621
vt 0.409310 0.577282
vt 0.391834 0.758969
vt 0.415868 0.738030
vt 0.413705 0.722085
vt 0.414270 0.697253
vt 0.361209 0.774181
vt 0.328753 0.764361
vt 0.332082 0.786331
vt 0.362141 0.790259
vt 0.334679 0.801877
vt 0.326623 0.749914
vt 0.312708 0.767690
vt 0.310378 0.751745
vt 0.249994 0.773615
vt 0.249994 0.799380
vt 0.219535 0.772217
vt 0.218869 0.797716
vt 0.412306 0.663399
vt 0.389737 0.778476
vt 0.412972 0.676314
vt 0.109052 0.739196
vt 0.109451 0.720388
vt 0.084585 0.597621
vt 0.090676 0.577282
vt 0.165309 0.801877
vt 0.137879 0.790259
vt 0.167939 0.786331
vt 0.138811 0.774181
vt 0.280452 0.772217
vt 0.277456 0.747617
vt 0.217205 0.817789
vt 0.181387 0.807603
vt 0.184216 0.791658
vt 0.249994 0.823281
vt 0.282782 0.817789
vt 0.281118 0.797716
vt 0.112081 0.672819
vt 0.087680 0.663399
vt 0.087015 0.676314
vt 0.110417 0.697852
vt 0.249994 0.747351
vt 0.318600 0.807603
vt 0.315804 0.791658
vt 0.140409 0.686767
vt 0.142473 0.715062
vt 0.094504 0.555712
vt 0.222531 0.747617
vt 0.189609 0.751745
vt 0.187312 0.767690
vt 0.086282 0.722085
vt 0.088180 0.647520
vt 0.089378 0.624019
vt 0.085716 0.697253
vt 0.065078 0.560605
vt 0.249994 0.699882
vt 0.237111 0.695388
vt 0.249994 0.661934
vt 0.235647 0.661268
vt 0.223463 0.692060
vt 0.216772 0.665895
vt 0.175062 0.670223
vt 0.174030 0.661501
vt 0.178391 0.667327
vt 0.151294 0.707505
vt 0.177892 0.724116
vt 0.176261 0.735600
vt 0.211513 0.657440
vt 0.194136 0.735634
vt 0.194403 0.723284
vt 0.204256 0.661734
vt 0.211113 0.666927
vt 0.185049 0.652913
vt 0.170901 0.656242
vt 0.145835 0.687066
vt 0.156021 0.703710
vt 0.149497 0.687433
vt 0.233017 0.710135
vt 0.221599 0.700282
vt 0.212245 0.729242
vt 0.210714 0.716027
vt 0.225926 0.727545
vt 0.249994 0.728810
vt 0.150662 0.670655
vt 0.153325 0.672586
vt 0.208683 0.706706
vt 0.194436 0.714463
vt 0.178824 0.716293
vt 0.183284 0.665529
vt 0.184682 0.657806
vt 0.197831 0.668525
vt 0.478217 0.885530
vt 0.493163 0.884698
vt 0.478217 0.901475
vt 0.493163 0.904937
vt 0.329086 0.656242
vt 0.325957 0.661501
vt 0.314939 0.652913
vt 0.315305 0.657806
vt 0.457844 0.868520
vt 0.463836 0.874911
vt 0.456347 0.885530
vt 0.463836 0.885530
vt 0.348726 0.707505
vt 0.343966 0.703710
vt 0.321164 0.716293
vt 0.322096 0.724116
vt 0.490500 0.934264
vt 0.478217 0.933332
vt 0.354152 0.687066
vt 0.463836 0.901475
vt 0.456347 0.901475
vt 0.463836 0.933332
vt 0.456347 0.933332
vt 0.288508 0.657440
vt 0.283215 0.665895
vt 0.288874 0.666927
vt 0.285279 0.690295
vt 0.276524 0.692060
vt 0.264341 0.661268
vt 0.488603 0.954603
vt 0.478217 0.954603
vt 0.456347 0.975841
vt 0.456347 0.954603
vt 0.463836 0.975841
vt 0.463836 0.954603
vt 0.346662 0.672586
vt 0.349325 0.670655
vt 0.463836 0.991786
vt 0.456347 0.991786
vt 0.489568 0.866722
vt 0.478217 0.843021
vt 0.478217 0.853640
vt 0.476719 0.868520
vt 0.217105 0.695755
vt 0.249994 0.715594
vt 0.487804 0.975841
vt 0.478217 0.975841
vt 0.486972 0.991786
vt 0.478217 0.991786
vt 0.214708 0.690295
vt 0.295665 0.686034
vt 0.297163 0.673518
vt 0.295765 0.661734
vt 0.302156 0.668525
vt 0.316703 0.665529
vt 0.321630 0.667327
vt 0.470727 0.843021
vt 0.470727 0.848347
vt 0.470727 0.874911
vt 0.470727 0.933332
vt 0.470727 0.954603
vt 0.470727 0.901475
vt 0.470727 0.885530
vt 0.262909 0.695388
vt 0.274061 0.727545
vt 0.278388 0.700282
vt 0.282882 0.695755
vt 0.463836 0.848347
vt 0.456347 0.853640
vt 0.463836 0.843021
vt 0.456347 0.843021
vt 0.267004 0.710135
vt 0.202858 0.673518
vt 0.204322 0.686034
vt 0.289274 0.716027
vt 0.291337 0.706706
vt 0.444995 0.866722
vt 0.441400 0.884698
vt 0.446760 0.975841
vt 0.445961 0.954603
vt 0.444063 0.934264
vt 0.441400 0.904937
vt 0.470727 0.975841
vt 0.470727 0.991786
vt 0.447592 0.991786
vt 0.305551 0.714463
vt 0.305585 0.723284
vt 0.323760 0.735600
vt 0.287742 0.729242
vt 0.305851 0.735634
vt 0.324925 0.670223
vt 0.350524 0.687433
vt 0.562536 0.382280
vt 0.521358 0.412772
vt 0.520060 0.349159
vt 0.685402 0.378519
vt 0.633805 0.378086
vt 0.651515 0.324026
vt 0.685269 0.295565
vt 0.718490 0.317102
vt 0.728909 0.378153
vt 0.547223 0.459176
vt 0.546224 0.302556
vt 0.685402 0.461340
vt 0.652480 0.436074
vt 0.580977 0.457944
vt 0.580112 0.306484
vt 0.717125 0.436141
vt 0.603646 0.411541
vt 0.606742 0.347195
vt 0.151927 0.415435
vt 0.151927 0.425755
vt 0.133385 0.415435
vt 0.133385 0.425755
vt 0.154224 0.413238
vt 0.131055 0.413238
vt 0.131055 0.427952
vt 0.154224 0.427952
vt 0.175262 0.412539
vt 0.187012 0.412539
vt 0.175262 0.428118
vt 0.187012 0.428118
vt 0.187878 0.429516
vt 0.187878 0.411141
vt 0.174396 0.429516
vt 0.174396 0.411141
vt 0.682406 0.518961
vt 0.682373 0.503782
vt 0.712498 0.518961
vt 0.712532 0.503782
vt 0.508043 0.900144
vt 0.509042 0.907700
vt 0.506379 0.907500
vt 0.906035 0.792723
vt 0.905203 0.772517
vt 0.935928 0.792590
vt 0.935728 0.772916
vt 0.740927 0.503782
vt 0.741026 0.518961
vt 0.735767 0.511338
vt 0.735767 0.503782
vt 0.935862 0.768888
vt 0.905103 0.768722
vt 0.936095 0.796518
vt 0.905902 0.796684
vt 0.773083 0.515400
vt 0.773083 0.508309
vt 0.776179 0.518961
vt 0.776278 0.503782
vt 0.506379 0.930702
vt 0.509042 0.925509
vt 0.735833 0.518961
vt 0.747651 0.503782
vt 0.747684 0.518961
vt 0.754674 0.503782
vt 0.761299 0.503782
vt 0.754708 0.518961
vt 0.761332 0.518961
vt 0.765393 0.508975
vt 0.765393 0.515899
vt 0.666261 0.806970
vt 0.672420 0.810166
vt 0.668658 0.818388
vt 0.674716 0.819686
vt 0.673784 0.831570
vt 0.681640 0.837662
vt 0.685202 0.830338
vt 0.689297 0.838261
vt 0.509042 0.930835
vt 0.508376 0.937426
vt 0.690861 0.828041
vt 0.695655 0.833101
vt 0.724183 0.518961
vt 0.713530 0.518961
vt 0.724183 0.511205
vt 0.713564 0.503782
vt 0.800379 0.503782
vt 0.800313 0.518961
vt 0.780539 0.503782
vt 0.780473 0.518961
vt 0.732704 0.503782
vt 0.732738 0.511338
vt 0.699849 0.791758
vt 0.699949 0.800146
vt 0.679876 0.790359
vt 0.678012 0.790526
vt 0.671221 0.799314
vt 0.887328 0.538901
vt 0.911362 0.538701
vt 0.887660 0.541364
vt 0.911029 0.542696
vt 0.912793 0.536970
vt 0.885796 0.536970
vt 0.902807 0.555712
vt 0.897514 0.556044
vt 0.906668 0.552383
vt 0.892487 0.553514
vt 0.912793 0.543328
vt 0.891622 0.555612
vt 0.897447 0.558541
vt 0.889192 0.547423
vt 0.887694 0.548721
vt 0.909797 0.547523
vt 0.911328 0.549021
vt 0.907733 0.554546
vt 0.885930 0.541631
vt 0.903406 0.558175
vt 0.789594 0.984196
vt 0.787064 0.984029
vt 0.790459 0.982432
vt 0.786198 0.982298
vt 0.790459 0.992118
vt 0.789627 0.990221
vt 0.787130 0.990088
vt 0.786265 0.992118
vt 0.794687 0.992019
vt 0.793954 0.990021
vt 0.794687 0.982298
vt 0.793855 0.984096
vt 0.791291 0.984029
vt 0.790526 0.982332
vt 0.791291 0.990021
vt 0.790492 0.991885
vt 0.950042 0.817656
vt 0.957233 0.817656
vt 0.950042 0.843254
vt 0.957233 0.843254
vt 0.900709 0.817656
vt 0.906934 0.817656
vt 0.900709 0.843254
vt 0.906934 0.843254
vt 0.885397 0.843254
vt 0.885397 0.817656
vt 0.879238 0.817656
vt 0.879238 0.843254
vt 0.922147 0.817656
vt 0.922147 0.843254
vt 0.863859 0.843254
vt 0.863859 0.817656
vt 0.857535 0.817656
vt 0.857535 0.843254
vt 0.842289 0.843487
vt 0.842289 0.817656
vt 0.928505 0.817656
vt 0.928505 0.843254
vt 0.836064 0.817656
vt 0.836064 0.843487
vt 0.820751 0.843487
vt 0.820751 0.817656
vt 0.814260 0.817656
vt 0.814260 0.843487
vt 0.943651 0.817656
vt 0.943651 0.843254
vt 0.799181 0.817656
vt 0.799181 0.843487
vt 0.792856 0.817656
vt 0.792856 0.843487
vt 0.777643 0.843487
vt 0.777643 0.817656
vt 0.770453 0.817656
vt 0.770453 0.843487
vt 0.857435 0.868853
vt 0.863859 0.868853
vt 0.863859 0.887960
vt 0.758869 0.843487
vt 0.758869 0.817689
vt 0.962892 0.904205
vt 0.969216 0.904205
vt 0.962892 0.930003
vt 0.969216 0.930003
vt 0.957233 0.868853
vt 0.965188 0.868853
vt 0.965188 0.843254
vt 0.947679 0.904205
vt 0.947679 0.930003
vt 0.941454 0.930003
vt 0.941454 0.904205
vt 0.926142 0.904205
vt 0.926142 0.930003
vt 0.790426 0.904205
vt 0.796851 0.904205
vt 0.790426 0.929803
vt 0.796851 0.929803
vt 0.919917 0.930003
vt 0.919917 0.904205
vt 0.904571 0.904205
vt 0.904571 0.930003
vt 0.898179 0.904205
vt 0.898179 0.930003
vt 0.811963 0.929803
vt 0.811963 0.904205
vt 0.883033 0.904205
vt 0.883033 0.929803
vt 0.883033 0.955402
vt 0.876609 0.955402
vt 0.876609 0.929803
vt 0.818388 0.904205
vt 0.818388 0.929803
vt 0.833667 0.904205
vt 0.833667 0.929803
vt 0.839925 0.929803
vt 0.839925 0.904205
vt 0.855071 0.904205
vt 0.855071 0.929803
vt 0.861496 0.929803
vt 0.861496 0.904205
vt 0.876609 0.904205
vt 0.811963 0.955402
vt 0.818388 0.974509
vt 0.818388 0.955402
vt 0.957233 0.887960
vt 0.965188 0.887960
vt 0.928505 0.868853
vt 0.943651 0.868853
vt 0.879238 0.868853
vt 0.820751 0.868853
vt 0.814260 0.868853
vt 0.941454 0.955402
vt 0.947679 0.955402
vt 0.926142 0.955402
vt 0.919917 0.955402
vt 0.904571 0.955402
vt 0.855071 0.955402
vt 0.839925 0.955402
vt 0.950042 0.868853
vt 0.950042 0.887960
vt 0.811963 0.974509
vt 0.796851 0.974509
vt 0.796851 0.955402
vt 0.768256 0.921781
vt 0.766825 0.917054
vt 0.782969 0.907900
vt 0.782071 0.902707
vt 0.883033 0.974509
vt 0.771485 0.897614
vt 0.773183 0.896249
vt 0.769954 0.899311
vt 0.898179 0.974509
vt 0.898179 0.955402
vt 0.833667 0.955402
vt 0.962892 0.955402
vt 0.904571 0.974509
vt 0.776278 0.926441
vt 0.772916 0.927273
vt 0.779607 0.923279
vt 0.782104 0.918652
vt 0.919917 0.974509
vt 0.842289 0.868853
vt 0.926142 0.974509
vt 0.836064 0.868853
vt 0.941454 0.974509
vt 0.861496 0.955402
vt 0.947679 0.974509
vt 0.799181 0.868853
vt 0.792856 0.868853
vt 0.962892 0.974509
vt 0.777643 0.868853
vt 0.770453 0.868853
vt 0.758869 0.868853
vt 0.969216 0.974509
vt 0.969216 0.955402
vt 0.928505 0.887960
vt 0.943651 0.887960
vt 0.779108 0.896215
vt 0.766192 0.908332
vt 0.776511 0.895283
vt 0.767490 0.903772
vt 0.770453 0.887993
vt 0.758869 0.887993
vt 0.777643 0.887960
vt 0.770220 0.925576
vt 0.783169 0.913392
vt 0.790426 0.955402
vt 0.792856 0.887960
vt 0.906934 0.868853
vt 0.900709 0.868853
vt 0.799181 0.887960
vt 0.839925 0.974509
vt 0.855071 0.974509
vt 0.861496 0.974509
vt 0.876609 0.974509
vt 0.814260 0.887960
vt 0.965188 0.817656
vt 0.820751 0.887960
vt 0.836064 0.887960
vt 0.842289 0.887960
vt 0.857535 0.887960
vt 0.922147 0.868853
vt 0.879238 0.887960
vt 0.885397 0.868853
vt 0.833667 0.974509
vt 0.885397 0.887960
vt 0.900709 0.887960
vt 0.780772 0.898579
vt 0.766059 0.912427
vt 0.906934 0.887960
vt 0.922147 0.887960
s 1
usemtl Mdl_0_Mtl_test_test_test_lambert2
f 1/1/1 2/2/2 3/3/3
f 4/4/4 5/5/5 6/6/6
f 6/6/6 5/5/5 7/7/7
f 2/2/2 8/8/8 3/3/3
f 9/9/9 3/3/3 8/8/8
f 10/10/10 11/11/11 12/12/12
f 12/12/12 11/11/11 13/13/13
f 13/13/13 14/14/14 12/12/12
f 12/12/12 14/14/14 15/15/15
f 16/16/16 17/17/17 18/18/18
f 18/18/18 17/17/17 19/19/19
f 20/20/20 19/19/19 17/17/17
f 21/21/21 19/19/19 20/20/20
f 16/16/16 18/18/18 22/22/22
f 22/22/22 18/18/18 23/23/23
f 3/3/3 24/24/24 25/25/25
f 26/26/26 27/27/27 3/3/3
f 25/25/25 28/28/28 3/3/3
f 29/29/29 30/30/30 31/31/31
f 31/31/31 30/30/30 32/32/32
f 33/33/33 5/5/5 34/34/34
f 34/34/34 35/35/35 33/33/33
f 33/33/33 35/35/35 36/36/36
f 37/37/37 38/38/38 39/39/39
f 39/39/39 38/38/38 40/40/40
f 16/16/16 41/41/41 17/17/17
f 16/16/16 22/22/22 41/41/41
f 13/13/13 42/42/42 14/14/14
f 41/41/41 22/22/22 42/42/42
f 41/41/41 42/42/42 13/13/13
f 43/43/43 32/32/32 44/44/44
f 35/35/35 44/44/44 36/36/36
f 43/43/43 44/44/44 35/35/35
f 45/45/45 5/5/5 33/33/33
f 7/7/7 5/5/5 45/45/45
f 46/46/46 33/33/33 36/36/36
f 45/45/45 33/33/33 46/46/46
f 36/36/36 44/44/44 46/46/46
f 38/38/38 47/47/47 40/40/40
f 40/40/40 47/47/47 48/48/48
f 11/11/11 49/49/49 13/13/13
f 13/13/13 49/49/49 41/41/41
f 17/17/17 41/41/41 49/49/49
f 6/6/6 50/50/50 4/4/4
f 18/18/18 19/19/19 50/50/50
f 21/21/21 51/51/51 19/19/19
f 50/50/50 19/19/19 51/51/51
f 34/34/34 5/5/5 52/52/52
f 20/20/20 17/17/17 53/53/53
f 53/53/53 17/17/17 49/49/49
f 3/3/3 54/54/54 1/1/1
f 27/27/27 54/54/54 3/3/3
f 55/55/55 3/3/3 9/9/9
f 55/55/55 24/24/24 3/3/3
f 10/10/10 56/56/56 11/11/11
f 57/57/57 49/49/49 11/11/11
f 53/53/53 49/49/49 57/57/57
f 11/11/11 56/56/56 57/57/57
f 58/58/58 43/43/43 35/35/35
f 59/59/59 35/35/35 34/34/34
f 58/58/58 35/35/35 59/59/59
f 52/52/52 60/60/60 34/34/34
f 34/34/34 60/60/60 59/59/59
f 60/60/60 52/52/52 61/61/61
f 61/61/61 52/52/52 62/62/62
f 46/46/46 44/44/44 63/63/63
f 61/61/61 62/62/62 64/64/64
f 64/64/64 51/51/51 21/21/21
f 64/64/64 62/62/62 51/51/51
f 31/31/31 32/32/32 65/65/65
f 65/65/65 32/32/32 43/43/43
f 65/65/65 43/43/43 58/58/58
f 66/66/66 67/67/67 68/68/68
f 68/68/68 67/67/67 69/69/69
f 44/44/44 32/32/32 69/69/69
f 44/44/44 69/69/69 63/63/63
f 32/32/32 30/30/30 69/69/69
f 63/63/63 69/69/69 67/67/67
f 69/69/69 30/30/30 68/68/68
f 3/3/3 28/28/28 70/70/70
f 3/3/3 70/70/70 26/26/26
f 71/71/71 18/18/18 50/50/50
f 23/23/23 18/18/18 71/71/71
f 71/71/71 50/50/50 6/6/6
f 72/1/72 73/2/73 74/3/74
f 75/4/75 76/5/76 77/6/77
f 77/6/77 76/5/76 78/7/78
f 73/2/73 79/8/79 74/3/74
f 80/9/80 74/3/74 79/8/79
f 81/10/81 82/11/82 83/12/83
f 83/12/83 82/11/82 84/13/84
f 84/13/84 85/14/85 83/12/83
f 83/12/83 85/14/85 86/15/86
f 87/16/87 88/17/88 89/18/89
f 89/18/89 88/17/88 90/19/90
f 91/20/91 90/19/90 88/17/88
f 92/21/92 90/19/90 91/20/91
f 87/16/87 89/18/89 93/22/93
f 93/22/93 89/18/89 94/23/94
f 74/3/74 95/24/95 96/25/96
f 97/26/97 98/27/98 74/3/74
f 96/25/96 99/28/99 74/3/74
f 100/29/100 101/30/101 102/31/102
f 102/31/102 101/30/101 103/32/103
f 104/33/104 76/5/76 105/34/105
f 105/34/105 106/35/106 104/33/104
f 104/33/104 106/35/106 107/36/107
f 108/37/108 109/38/109 110/39/110
f 110/39/110 109/38/109 111/40/111
f 87/16/87 93/22/93 112/41/112
f 87/16/87 112/41/112 88/17/88
f 112/41/112 93/22/93 113/42/113
f 112/41/112 113/42/113 84/13/84
f 84/13/84 113/42/113 85/14/85
f 114/43/114 115/44/115 106/35/106
f 106/35/106 115/44/115 107/36/107
f 114/43/114 103/32/103 115/44/115
f 116/45/116 76/5/76 104/33/104
f 78/7/78 76/5/76 116/45/116
f 117/46/117 104/33/104 107/36/107
f 116/45/116 104/33/104 117/46/117
f 107/36/107 115/44/115 117/46/117
f 109/38/109 118/47/118 111/40/111
f 111/40/111 118/47/118 119/48/119
f 84/13/84 120/49/120 112/41/112
f 88/17/88 112/41/112 120/49/120
f 82/11/82 120/49/120 84/13/84
f 77/6/77 121/50/121 75/4/75
f 89/18/89 90/19/90 121/50/121
f 92/21/92 122/51/122 90/19/90
f 121/50/121 90/19/90 122/51/122
f 105/34/105 76/5/76 123/52/123
f 91/20/91 88/17/88 124/53/124
f 124/53/124 88/17/88 120/49/120
f 98/27/98 125/54/125 74/3/74
f 74/3/74 125/54/125 72/1/72
f 126/55/126 74/3/74 80/9/80
f 126/55/126 95/24/95 74/3/74
f 81/10/81 127/56/127 82/11/82
f 82/11/82 127/56/127 128/57/128
f 128/57/128 120/49/120 82/11/82
f 124/53/124 120/49/120 128/57/128
f 129/58/129 114/43/114 106/35/106
f 129/58/129 106/35/106 130/59/130
f 130/59/130 106/35/106 105/34/105
f 123/52/123 131/60/131 105/34/105
f 105/34/105 131/60/131 130/59/130
f 131/60/131 123/52/123 132/61/132
f 132/61/132 123/52/123 133/62/133
f 117/46/117 115/44/115 134/63/134
f 135/64/135 122/51/122 92/21/92
f 132/61/132 133/62/133 135/64/135
f 135/64/135 133/62/133 122/51/122
f 102/31/102 103/32/103 136/65/136
f 136/65/136 114/43/114 129/58/129
f 136/65/136 103/32/103 114/43/114
f 137/66/137 138/67/138 139/68/139
f 134/63/134 140/69/140 138/67/138
f 115/44/115 140/69/140 134/63/134
f 139/68/139 138/67/138 140/69/140
f 140/69/140 101/30/101 139/68/139
f 103/32/103 101/30/101 140/69/140
f 115/44/115 103/32/103 140/69/140
f 74/3/74 141/70/141 97/26/97
f 74/3/74 99/28/99 141/70/141
f 142/71/142 89/18/89 121/50/121
f 94/23/94 89/18/89 142/71/142
f 142/71/142 121/50/121 77/6/77
f 143/72/143 144/73/144 145/74/145
f 145/74/145 144/73/144 146/75/146
f 147/76/147 148/77/148 149/78/149
f 150/79/150 143/72/143 145/74/145
f 148/77/148 143/72/143 150/79/150
f 149/78/149 148/77/148 150/79/150
f 151/80/151 152/81/152 153/82/153
f 153/82/153 152/81/152 154/83/154
f 144/73/144 143/72/143 155/84/155
f 155/84/155 143/72/143 156/85/156
f 157/86/157 158/87/158 146/75/146
f 146/75/146 158/87/158 159/88/159
f 160/89/160 153/82/153 154/83/154
f 161/90/161 153/82/153 160/89/160
f 161/90/161 160/89/160 162/91/162
f 162/91/162 160/89/160 163/92/163
f 164/93/164 165/94/165 166/95/166
f 167/96/167 168/97/168 169/98/169
f 163/92/163 160/89/160 170/99/170
f 170/99/170 171/100/171 163/92/163
f 159/88/159 171/100/171 170/99/170
f 158/87/158 171/100/171 159/88/159
f 163/92/163 171/100/171 172/101/172
f 172/101/172 162/91/162 163/92/163
f 170/99/170 160/89/160 173/102/173
f 160/89/160 154/83/154 173/102/173
f 152/81/152 174/103/174 154/83/154
f 154/83/154 174/103/174 175/104/175
f 173/102/173 154/83/154 175/104/175
f 176/105/176 165/94/165 164/93/164
f 177/106/177 162/91/162 172/101/172
f 172/101/172 178/107/178 177/106/177
f 177/106/177 178/107/178 179/108/179
f 172/101/172 180/109/180 178/107/178
f 171/100/171 158/87/158 180/109/180
f 171/100/171 180/109/180 172/101/172
f 158/87/158 157/86/157 181/110/181
f 180/109/180 158/87/158 181/110/181
f 181/110/181 157/86/157 182/111/182
f 173/102/173 183/112/183 170/99/170
f 170/99/170 183/112/183 159/88/159
f 145/74/145 146/75/146 183/112/183
f 183/112/183 146/75/146 159/88/159
f 144/73/144 155/84/155 184/113/184
f 184/113/184 146/75/146 144/73/144
f 184/113/184 155/84/155 185/114/185
f 184/113/184 185/114/185 186/115/186
f 186/115/186 185/114/185 187/116/187
f 188/117/188 146/75/146 184/113/184
f 184/113/184 186/115/186 188/117/188
f 188/117/188 186/115/186 189/118/189
f 174/103/174 190/119/190 175/104/175
f 190/119/190 174/103/174 191/120/191
f 190/119/190 191/120/191 192/121/192
f 192/121/192 191/120/191 193/122/193
f 166/95/166 193/122/193 164/93/164
f 164/93/164 193/122/193 191/120/191
f 167/96/167 194/123/194 195/124/195
f 195/124/195 168/97/168 167/96/167
f 149/78/149 196/125/196 147/76/147
f 147/76/147 196/125/196 194/123/194
f 195/124/195 194/123/194 196/125/196
f 147/76/147 194/123/194 197/126/197
f 197/126/197 194/123/194 198/127/198
f 167/96/167 198/127/198 194/123/194
f 169/98/169 198/127/198 167/96/167
f 152/81/152 151/80/151 199/128/199
f 199/128/199 151/80/151 200/129/200
f 199/128/199 176/105/176 201/130/201
f 201/130/201 152/81/152 199/128/199
f 191/120/191 174/103/174 201/130/201
f 201/130/201 164/93/164 191/120/191
f 176/105/176 164/93/164 201/130/201
f 174/103/174 152/81/152 201/130/201
f 202/131/202 173/102/173 175/104/175
f 202/131/202 145/74/145 183/112/183
f 175/104/175 190/119/190 202/131/202
f 183/112/183 173/102/173 202/131/202
f 203/132/203 145/74/145 202/131/202
f 203/132/203 190/119/190 192/121/192
f 202/131/202 190/119/190 203/132/203
f 156/85/156 143/72/143 204/133/204
f 148/77/148 147/76/147 204/133/204
f 204/133/204 143/72/143 148/77/148
f 204/133/204 147/76/147 197/126/197
f 205/134/205 206/135/206 200/129/200
f 206/135/206 165/94/165 176/105/176
f 206/135/206 176/105/176 199/128/199
f 200/129/200 206/135/206 199/128/199
f 205/134/205 165/94/165 206/135/206
f 207/136/207 208/137/208 209/138/209
f 209/138/209 208/137/208 210/139/210
f 211/140/211 212/141/212 213/142/213
f 213/142/213 212/141/212 214/143/214
f 215/144/215 216/145/216 217/146/217
f 218/147/218 219/148/219 220/149/220
f 220/149/220 219/148/219 221/150/221
f 222/151/222 223/152/223 224/153/224
f 224/153/224 223/152/223 225/154/225
f 226/155/226 217/146/217 216/145/216
f 227/156/227 228/157/228 229/158/229
f 229/158/229 228/157/228 230/159/230
f 231/160/231 232/161/232 233/162/233
f 233/162/233 232/161/232 234/163/234
f 235/164/235 236/165/236 237/166/237
f 238/167/238 214/143/214 212/141/212
f 239/168/239 214/143/214 238/167/238
f 240/169/240 241/170/241 242/171/242
f 242/171/242 241/170/241 243/172/243
f 226/155/226 244/173/244 217/146/217
f 226/155/226 245/174/245 244/173/244
f 244/173/244 245/174/245 246/175/246
f 246/175/246 245/174/245 247/176/247
f 248/177/248 219/148/219 218/147/218
f 249/178/249 219/148/219 248/177/248
f 248/177/248 250/179/250 249/178/249
f 249/178/249 250/179/250 251/180/251
f 246/175/246 247/176/247 252/181/252
f 253/182/253 252/181/252 247/176/247
f 248/177/248 218/147/218 254/183/254
f 248/177/248 254/183/254 250/179/250
f 254/183/254 218/147/218 255/184/255
f 239/168/239 256/185/256 252/181/252
f 238/167/238 256/185/256 239/168/239
f 257/186/257 252/181/252 256/185/256
f 246/175/246 252/181/252 257/186/257
f 244/173/244 246/175/246 258/187/258
f 258/187/258 246/175/246 257/186/257
f 258/187/258 217/146/217 244/173/244
f 213/142/213 259/188/259 211/140/211
f 259/188/259 260/189/260 261/190/261
f 211/140/211 259/188/259 261/190/261
f 262/191/262 263/192/263 264/193/264
f 263/192/263 235/164/235 265/194/265
f 264/193/264 263/192/263 265/194/265
f 241/170/241 266/195/266 243/172/243
f 266/195/266 267/196/267 268/197/268
f 243/172/243 266/195/266 268/197/268
f 268/197/268 267/196/267 269/198/269
f 270/199/270 218/147/218 220/149/220
f 255/184/255 218/147/218 270/199/270
f 271/200/271 255/184/255 270/199/270
f 223/152/223 272/201/272 225/154/225
f 273/202/273 225/154/225 272/201/272
f 274/203/274 260/189/260 259/188/259
f 271/200/271 275/204/275 255/184/255
f 255/184/255 275/204/275 254/183/254
f 253/182/253 276/205/276 252/181/252
f 252/181/252 276/205/276 239/168/239
f 277/206/277 278/207/278 279/208/279
f 275/204/275 280/209/280 254/183/254
f 250/179/250 254/183/254 280/209/280
f 231/160/231 281/210/281 232/161/232
f 281/210/281 282/211/282 283/212/283
f 239/168/239 284/213/284 214/143/214
f 276/205/276 284/213/284 239/168/239
f 240/169/240 285/214/285 241/170/241
f 286/215/286 285/214/285 240/169/240
f 287/216/287 209/138/209 267/196/267
f 209/138/209 287/216/287 207/136/207
f 267/196/267 266/195/266 287/216/287
f 241/170/241 288/217/288 266/195/266
f 287/216/287 266/195/266 288/217/288
f 285/214/285 288/217/288 241/170/241
f 259/188/259 289/218/289 274/203/274
f 213/142/213 289/218/289 259/188/259
f 284/213/284 289/218/289 214/143/214
f 214/143/214 289/218/289 213/142/213
f 265/194/265 290/219/290 264/193/264
f 291/220/291 292/221/292 290/219/290
f 290/219/290 292/221/292 293/222/293
f 294/223/294 209/138/209 210/139/210
f 295/224/295 223/152/223 222/151/222
f 294/223/294 223/152/223 295/224/295
f 235/164/235 237/166/237 296/225/296
f 235/164/235 296/225/296 297/226/297
f 296/225/296 291/220/291 297/226/297
f 297/226/297 290/219/290 265/194/265
f 235/164/235 297/226/297 265/194/265
f 297/226/297 291/220/291 290/219/290
f 298/227/298 299/228/299 300/229/300
f 300/229/300 299/228/299 301/230/301
f 292/221/292 302/231/302 293/222/293
f 293/222/293 302/231/302 303/232/303
f 304/233/304 281/210/281 231/160/231
f 304/233/304 282/211/282 281/210/281
f 292/221/292 305/234/305 302/231/302
f 291/220/291 305/234/305 292/221/292
f 302/231/302 305/234/305 306/235/306
f 227/156/227 307/236/307 228/157/228
f 308/237/308 309/238/308 307/236/307
f 287/216/287 288/217/288 310/239/309
f 207/136/207 287/216/287 310/239/309
f 310/239/309 288/217/288 311/240/310
f 288/217/288 285/214/285 311/240/310
f 312/241/311 272/201/272 313/242/312
f 313/242/312 272/201/272 314/243/313
f 315/244/314 240/169/240 242/171/242
f 240/169/240 315/244/314 286/215/286
f 316/245/315 293/222/293 303/232/303
f 316/245/315 303/232/303 301/230/301
f 301/230/301 303/232/303 317/246/316
f 317/246/316 300/229/300 301/230/301
f 302/231/302 317/246/316 303/232/303
f 295/224/295 318/247/317 294/223/294
f 318/247/317 209/138/209 294/223/294
f 267/196/267 209/138/209 318/247/317
f 267/196/267 318/247/317 269/198/269
f 319/248/318 318/247/317 295/224/295
f 269/198/269 318/247/317 319/248/318
f 320/249/319 272/201/272 223/152/223
f 208/137/208 320/249/319 210/139/210
f 320/249/319 294/223/294 210/139/210
f 223/152/223 294/223/294 320/249/319
f 321/250/320 322/251/321 323/252/322
f 323/252/322 322/251/321 324/253/323
f 325/254/324 300/229/300 317/246/316
f 326/255/325 325/254/324 327/256/326
f 317/246/316 327/256/326 325/254/324
f 327/256/326 317/246/316 302/231/302
f 306/235/306 327/256/326 302/231/302
f 233/162/233 234/163/234 328/257/327
f 328/257/327 234/163/234 329/258/328
f 330/259/329 323/252/322 324/253/323
f 330/259/329 331/260/330 332/261/331
f 332/261/331 323/252/322 330/259/329
f 298/227/298 333/262/332 331/260/330
f 332/261/331 331/260/330 333/262/332
f 325/254/324 333/262/332 300/229/300
f 300/229/300 333/262/332 298/227/298
f 286/215/286 334/263/333 285/214/285
f 311/240/310 285/214/285 334/263/333
f 335/264/334 334/263/333 286/215/286
f 315/244/314 335/264/334 286/215/286
f 230/159/230 336/265/335 229/158/229
f 229/158/229 336/265/335 337/266/336
f 336/265/335 326/255/325 337/266/336
f 337/266/336 326/255/325 338/267/337
f 326/255/325 327/256/326 338/267/337
f 249/178/249 251/180/251 339/268/338
f 249/178/249 340/269/339 219/148/219
f 340/269/339 221/150/221 219/148/219
f 339/268/338 340/269/339 249/178/249
f 277/206/277 279/208/279 341/270/340
f 271/200/271 342/271/341 275/204/275
f 341/270/340 279/208/279 342/271/341
f 341/270/340 342/271/341 271/200/271
f 339/268/338 251/180/251 343/272/342
f 344/273/343 340/269/339 339/268/338
f 339/268/338 343/272/342 344/273/343
f 345/274/344 328/257/327 329/258/328
f 345/274/344 329/258/328 346/275/345
f 347/276/346 345/274/344 346/275/345
f 228/157/228 307/236/307 348/277/347
f 236/165/236 349/278/348 237/166/237
f 237/166/237 350/279/349 296/225/296
f 350/279/349 305/234/305 291/220/291
f 237/166/237 349/278/348 350/279/349
f 296/225/296 350/279/349 291/220/291
f 350/279/349 351/280/350 305/234/305
f 349/278/348 351/280/350 350/279/349
f 352/281/351 342/271/341 279/208/279
f 342/271/341 353/282/352 275/204/275
f 353/282/352 280/209/280 275/204/275
f 352/281/351 353/282/352 342/271/341
f 354/283/353 293/222/293 316/245/315
f 354/283/353 290/219/290 293/222/293
f 264/193/264 290/219/290 354/283/353
f 354/283/353 316/245/315 355/284/354
f 264/193/264 355/284/354 262/191/262
f 354/283/353 355/284/354 264/193/264
f 355/284/354 316/245/315 356/285/355
f 316/245/315 301/230/301 356/285/355
f 356/285/355 301/230/301 299/228/299
f 357/286/356 328/257/327 345/274/344
f 347/276/346 357/286/356 345/274/344
f 358/287/357 357/286/356 347/276/346
f 234/163/234 359/288/358 329/258/328
f 346/275/345 329/258/328 359/288/358
f 232/161/232 281/210/281 360/289/359
f 360/289/359 281/210/281 283/212/283
f 332/261/331 333/262/332 361/290/360
f 362/291/361 333/262/332 325/254/324
f 361/290/360 333/262/332 362/291/361
f 363/292/362 272/201/272 320/249/319
f 314/243/313 272/201/272 363/292/362
f 363/292/362 320/249/319 208/137/208
f 364/293/363 327/256/326 306/235/306
f 338/267/337 327/256/326 364/293/363
f 323/252/322 332/261/331 365/294/364
f 365/294/364 332/261/331 361/290/360
f 351/280/350 366/295/365 305/234/305
f 305/234/305 366/295/365 306/235/306
f 367/296/366 358/287/357 347/276/346
f 234/163/234 232/161/232 368/297/367
f 368/297/367 232/161/232 360/289/359
f 368/297/367 359/288/358 234/163/234
f 369/298/368 323/252/322 365/294/364
f 370/299/369 221/150/221 340/269/339
f 344/273/343 370/299/369 340/269/339
f 371/300/370 372/301/371 373/302/372
f 373/302/372 372/301/371 374/303/373
f 375/304/374 376/305/375 377/306/376
f 377/306/376 376/305/375 378/307/377
f 379/308/378 380/309/379 381/310/380
f 381/310/380 380/309/379 382/311/381
f 383/312/382 384/313/383 385/314/384
f 386/315/385 373/302/372 374/303/373
f 387/316/386 386/315/385 388/317/387
f 388/317/387 386/315/385 374/303/373
f 389/318/388 390/319/389 391/320/390
f 391/320/390 390/319/389 392/321/391
f 373/302/372 392/321/391 371/300/370
f 388/317/387 374/303/373 393/322/392
f 393/322/392 374/303/373 372/301/371
f 388/317/387 393/322/392 394/323/393
f 388/317/387 394/323/393 387/316/386
f 394/323/393 393/322/392 395/324/394
f 396/325/395 397/326/396 398/327/397
f 398/327/397 397/326/396 399/328/398
f 386/315/385 387/316/386 400/329/399
f 400/329/399 387/316/386 401/330/400
f 397/326/396 402/331/401 399/328/398
f 399/328/398 402/331/401 403/332/402
f 404/333/403 405/334/404 406/335/405
f 407/336/406 397/326/396 396/325/395
f 387/316/386 394/323/393 408/337/407
f 387/316/386 408/337/407 401/330/400
f 409/338/408 397/326/396 407/336/406
f 407/336/406 408/337/407 409/338/408
f 409/338/408 408/337/407 394/323/393
f 375/304/374 410/339/409 411/340/410
f 411/340/410 410/339/409 412/341/411
f 413/342/412 414/343/413 378/307/377
f 415/344/414 414/343/413 413/342/412
f 416/345/415 417/346/416 418/347/417
f 418/347/417 417/346/416 419/348/418
f 420/349/419 373/302/372 386/315/385
f 420/349/419 392/321/391 373/302/372
f 391/320/390 392/321/391 420/349/419
f 421/350/420 378/307/377 376/305/375
f 413/342/412 378/307/377 421/350/420
f 422/351/421 423/352/422 424/353/423
f 424/353/423 423/352/422 425/354/424
f 377/306/376 378/307/377 426/355/425
f 426/355/425 378/307/377 414/343/413
f 426/355/425 427/356/426 377/306/376
f 375/304/374 428/357/427 410/339/409
f 377/306/376 428/357/427 375/304/374
f 377/306/376 427/356/426 428/357/427
f 417/346/416 429/358/428 419/348/418
f 430/359/429 419/348/418 429/358/428
f 430/359/429 429/358/428 431/360/430
f 431/360/430 429/358/428 432/361/431
f 411/340/410 433/362/432 375/304/374
f 375/304/374 433/362/432 376/305/375
f 376/305/375 434/363/433 421/350/420
f 433/362/432 434/363/433 376/305/375
f 407/336/406 396/325/395 435/364/434
f 407/336/406 435/364/434 408/337/407
f 435/364/434 396/325/395 436/365/435
f 437/366/436 386/315/385 400/329/399
f 420/349/419 386/315/385 437/366/436
f 437/366/436 400/329/399 438/367/437
f 400/329/399 401/330/400 439/368/438
f 438/367/437 400/329/399 439/368/438
f 371/300/370 392/321/391 440/369/439
f 390/319/389 440/369/439 392/321/391
f 371/300/370 440/369/439 441/370/440
f 441/370/440 440/369/439 442/371/441
f 409/338/408 394/323/393 443/372/442
f 443/372/442 394/323/393 395/324/394
f 409/338/408 443/372/442 397/326/396
f 397/326/396 443/372/442 402/331/401
f 444/373/443 445/374/444 446/375/445
f 446/375/445 445/374/444 447/376/446
f 448/377/447 449/378/448 450/379/449
f 450/379/449 449/378/448 451/380/450
f 452/381/451 438/367/437 439/368/438
f 453/382/452 438/367/437 452/381/451
f 440/369/439 454/383/453 442/371/441
f 454/383/453 440/369/439 390/319/389
f 395/324/394 455/384/454 443/372/442
f 443/372/442 455/384/454 456/385/455
f 443/372/442 456/385/455 402/331/401
f 457/386/456 458/387/457 459/388/458
f 459/388/458 458/387/457 460/389/459
f 408/337/407 435/364/434 461/390/460
f 401/330/400 408/337/407 461/390/460
f 452/381/451 462/391/461 453/382/452
f 453/382/452 462/391/461 463/392/462
f 406/335/405 405/334/404 463/392/462
f 395/324/394 464/393/463 455/384/454
f 393/322/392 464/393/463 395/324/394
f 393/322/392 372/301/371 464/393/463
f 372/301/371 371/300/370 465/394/464
f 464/393/463 372/301/371 465/394/464
f 465/394/464 371/300/370 441/370/440
f 403/332/402 402/331/401 466/395/465
f 402/331/401 456/385/455 466/395/465
f 467/396/466 468/397/467 469/398/468
f 469/398/468 468/397/467 470/399/469
f 383/312/382 471/400/470 384/313/383
f 383/312/382 472/401/471 471/400/470
f 435/364/434 436/365/435 473/402/472
f 379/308/378 474/403/473 473/402/472
f 473/402/472 474/403/473 475/404/474
f 461/390/460 475/404/474 401/330/400
f 461/390/460 435/364/434 475/404/474
f 475/404/474 435/364/434 473/402/472
f 476/405/475 381/310/380 382/311/381
f 477/406/476 478/407/477 479/408/478
f 479/408/478 478/407/477 480/409/479
f 481/410/480 382/311/381 380/309/379
f 482/411/481 379/308/378 473/402/472
f 380/309/379 379/308/378 482/411/481
f 482/411/481 481/410/480 380/309/379
f 473/402/472 436/365/435 482/411/481
f 482/411/481 436/365/435 483/412/482
f 483/412/482 481/410/480 482/411/481
f 463/392/462 462/391/461 484/413/483
f 485/414/484 484/413/483 486/415/485
f 484/413/483 462/391/461 487/416/486
f 486/415/485 484/413/483 487/416/486
f 483/412/482 436/365/435 488/417/487
f 398/327/397 488/417/487 396/325/395
f 396/325/395 488/417/487 436/365/435
f 489/418/488 445/374/444 444/373/443
f 490/419/489 489/418/488 444/373/443
f 453/382/452 463/392/462 491/420/490
f 491/420/490 463/392/462 405/334/404
f 474/403/473 379/308/378 492/421/491
f 492/421/491 379/308/378 381/310/380
f 474/403/473 492/421/491 493/422/492
f 439/368/438 493/422/492 452/381/451
f 452/381/451 494/423/493 462/391/461
f 493/422/492 494/423/493 452/381/451
f 494/423/493 487/416/486 462/391/461
f 493/422/492 492/421/491 494/423/493
f 418/347/417 495/424/494 416/345/415
f 416/345/415 495/424/494 496/425/495
f 475/404/474 474/403/473 497/426/496
f 439/368/438 401/330/400 497/426/496
f 497/426/496 493/422/492 439/368/438
f 401/330/400 475/404/474 497/426/496
f 497/426/496 474/403/473 493/422/492
f 498/427/497 453/382/452 491/420/490
f 438/367/437 498/427/497 437/366/436
f 438/367/437 453/382/452 498/427/497
f 420/349/419 499/428/498 391/320/390
f 391/320/390 499/428/498 389/318/388
f 437/366/436 498/427/497 499/428/498
f 437/366/436 499/428/498 420/349/419
f 500/429/499 485/414/484 486/415/485
f 447/376/446 501/430/500 446/375/445
f 446/375/445 501/430/500 502/431/501
f 500/429/499 503/432/502 504/433/503
f 471/400/470 505/434/504 384/313/383
f 505/434/504 444/373/443 446/375/445
f 471/400/470 472/401/471 505/434/504
f 505/434/504 446/375/445 506/435/505
f 506/435/505 446/375/445 502/431/501
f 384/313/383 505/434/504 506/435/505
f 384/313/383 506/435/505 385/314/384
f 411/340/410 412/341/411 507/436/506
f 508/437/507 509/438/508 510/439/509
f 500/429/499 486/415/485 511/440/510
f 503/432/502 500/429/499 511/440/510
f 486/415/485 487/416/486 511/440/510
f 458/387/457 512/441/511 451/380/450
f 451/380/450 512/441/511 450/379/449
f 457/386/456 512/441/511 458/387/457
f 504/433/503 503/432/502 513/442/512
f 513/442/512 503/432/502 514/443/513
f 513/442/512 514/443/513 381/310/380
f 511/440/510 514/443/513 503/432/502
f 381/310/380 514/443/513 492/421/491
f 410/339/409 515/444/514 412/341/411
f 410/339/409 428/357/427 515/444/514
f 515/444/514 516/445/515 447/376/446
f 515/444/514 428/357/427 516/445/515
f 447/376/446 516/445/515 501/430/500
f 516/445/515 517/446/516 501/430/500
f 517/446/516 428/357/427 427/356/426
f 516/445/515 428/357/427 517/446/516
f 509/438/508 508/437/507 518/447/517
f 502/431/501 519/448/518 508/437/507
f 518/447/517 508/437/507 519/448/518
f 501/430/500 517/446/516 519/448/518
f 501/430/500 519/448/518 502/431/501
f 427/356/426 520/449/519 517/446/516
f 426/355/425 520/449/519 427/356/426
f 519/448/518 521/450/520 518/447/517
f 517/446/516 520/449/519 521/450/520
f 517/446/516 521/450/520 519/448/518
f 445/374/444 522/451/521 447/376/446
f 412/341/411 522/451/521 507/436/506
f 447/376/446 522/451/521 515/444/514
f 412/341/411 515/444/514 522/451/521
f 507/436/506 522/451/521 523/452/522
f 524/453/523 522/451/521 445/374/444
f 523/452/522 522/451/521 524/453/523
f 524/453/523 445/374/444 489/418/488
f 514/443/513 525/454/524 492/421/491
f 492/421/491 525/454/524 494/423/493
f 525/454/524 514/443/513 511/440/510
f 525/454/524 487/416/486 494/423/493
f 511/440/510 487/416/486 525/454/524
f 476/405/475 382/311/381 526/455/525
f 526/455/525 382/311/381 481/410/480
f 498/427/497 527/456/526 499/428/498
f 389/318/388 499/428/498 528/457/527
f 499/428/498 527/456/526 528/457/527
f 529/458/528 498/427/497 491/420/490
f 405/334/404 529/458/528 491/420/490
f 527/456/526 498/427/497 529/458/528
f 404/333/403 529/458/528 405/334/404
f 530/459/529 531/460/530 532/461/531
f 531/460/530 468/397/467 532/461/531
f 532/461/531 468/397/467 467/396/466
f 533/462/532 534/463/533 535/464/534
f 535/464/534 534/463/533 536/465/535
f 478/407/477 537/466/536 538/467/537
f 538/467/537 537/466/536 539/468/538
f 540/469/539 541/470/540 542/471/541
f 542/471/541 541/470/540 543/472/542
f 533/462/532 543/472/542 534/463/533
f 542/471/541 543/472/542 533/462/532
f 536/465/535 544/473/543 535/464/534
f 535/464/534 544/473/543 457/386/456
f 544/473/543 512/441/511 457/386/456
f 544/473/543 536/465/535 545/474/544
f 536/465/535 534/463/533 546/475/545
f 545/474/544 536/465/535 546/475/545
f 544/473/543 547/476/546 512/441/511
f 545/474/544 423/352/422 547/476/546
f 512/441/511 547/476/546 450/379/449
f 547/476/546 423/352/422 422/351/421
f 545/474/544 547/476/546 544/473/543
f 472/401/471 548/477/547 505/434/504
f 548/477/547 444/373/443 505/434/504
f 546/475/545 534/463/533 549/478/548
f 545/474/544 550/479/549 423/352/422
f 546/475/545 550/479/549 545/474/544
f 550/479/549 425/354/424 423/352/422
f 546/475/545 551/480/550 550/479/549
f 549/478/548 551/480/550 546/475/545
f 551/480/550 552/481/551 550/479/549
f 550/479/549 552/481/551 553/482/552
f 553/482/552 425/354/424 550/479/549
f 554/483/553 502/431/501 508/437/507
f 385/314/384 506/435/505 554/483/553
f 506/435/505 502/431/501 554/483/553
f 555/484/554 556/485/555 557/486/556
f 557/486/556 556/485/555 558/487/557
f 559/488/558 560/489/559 561/490/560
f 561/490/560 560/489/559 562/491/561
f 534/463/533 563/492/562 549/478/548
f 543/472/542 563/492/562 534/463/533
f 563/492/562 543/472/542 564/493/563
f 564/493/563 543/472/542 541/470/540
f 431/360/430 565/494/564 430/359/429
f 430/359/429 565/494/564 556/485/555
f 565/494/564 431/360/430 566/495/565
f 566/495/565 431/360/430 567/496/566
f 449/378/448 448/377/447 568/497/567
f 569/498/568 570/499/569 571/500/570
f 571/500/570 570/499/569 572/501/571
f 479/408/478 480/409/479 573/502/572
f 573/502/572 480/409/479 574/503/573
f 559/488/558 572/501/571 575/504/574
f 575/504/574 572/501/571 570/499/569
f 575/504/574 570/499/569 576/505/575
f 569/498/568 577/506/576 570/499/569
f 469/398/468 577/506/576 467/396/466
f 576/505/575 577/506/576 469/398/468
f 576/505/575 570/499/569 577/506/576
f 531/460/530 578/507/577 468/397/467
f 531/460/530 530/459/529 578/507/577
f 468/397/467 578/507/577 579/508/578
f 468/397/467 579/508/578 470/399/469
f 538/467/537 539/468/538 580/509/579
f 571/500/570 580/509/579 569/498/568
f 571/500/570 538/467/537 580/509/579
f 557/486/556 558/487/557 581/510/580
f 569/498/568 580/509/579 581/510/580
f 470/399/469 579/508/578 582/511/581
f 583/512/582 584/513/583 585/514/584
f 586/515/585 577/506/576 569/498/568
f 569/498/568 581/510/580 586/515/585
f 586/515/585 467/396/466 577/506/576
f 532/461/531 467/396/466 586/515/585
f 549/478/548 587/516/586 551/480/550
f 563/492/562 587/516/586 549/478/548
f 587/516/586 552/481/551 551/480/550
f 540/469/539 588/517/587 541/470/540
f 589/518/588 588/517/587 590/519/589
f 590/519/589 588/517/587 591/520/590
f 591/520/590 588/517/587 540/469/539
f 478/407/477 592/521/591 480/409/479
f 592/521/591 538/467/537 571/500/570
f 592/521/591 574/503/573 480/409/479
f 538/467/537 592/521/591 478/407/477
f 593/522/592 574/503/573 592/521/591
f 593/522/592 571/500/570 572/501/571
f 592/521/591 571/500/570 593/522/592
f 561/490/560 574/503/573 593/522/592
f 559/488/558 593/522/592 572/501/571
f 561/490/560 593/522/592 559/488/558
f 541/470/540 594/523/593 564/493/563
f 588/517/587 594/523/593 541/470/540
f 588/517/587 589/518/588 594/523/593
f 594/523/593 589/518/588 595/524/594
f 575/504/574 576/505/575 596/525/595
f 559/488/558 596/525/595 560/489/559
f 575/504/574 596/525/595 559/488/558
f 576/505/575 469/398/468 597/526/596
f 596/525/595 576/505/575 597/526/596
f 598/527/597 457/386/456 459/388/458
f 535/464/534 457/386/456 598/527/597
f 594/523/593 599/528/598 564/493/563
f 595/524/594 599/528/598 594/523/593
f 600/529/599 599/528/598 595/524/594
f 532/461/531 601/530/600 530/459/529
f 532/461/531 586/515/585 601/530/600
f 578/507/577 530/459/529 602/531/601
f 530/459/529 601/530/600 602/531/601
f 557/486/556 581/510/580 603/532/602
f 603/532/602 581/510/580 580/509/579
f 603/532/602 555/484/554 557/486/556
f 580/509/579 539/468/538 603/532/602
f 604/533/603 605/534/604 562/491/561
f 606/535/605 605/534/604 604/533/603
f 564/493/563 599/528/598 607/536/606
f 563/492/562 607/536/606 587/516/586
f 564/493/563 607/536/606 563/492/562
f 539/468/538 537/466/536 608/537/607
f 608/537/607 609/538/608 539/468/538
f 609/538/608 555/484/554 603/532/602
f 539/468/538 609/538/608 603/532/602
f 582/511/581 610/539/609 470/399/469
f 611/540/610 610/539/609 582/511/581
f 612/541/611 562/491/561 605/534/604
f 561/490/560 562/491/561 612/541/611
f 612/541/611 574/503/573 561/490/560
f 613/542/612 574/503/573 612/541/611
f 612/541/611 605/534/604 613/542/612
f 573/502/572 574/503/573 613/542/612
f 606/535/605 614/543/613 605/534/604
f 613/542/612 605/534/604 614/543/613
f 610/539/609 615/544/614 470/399/469
f 470/399/469 615/544/614 469/398/468
f 597/526/596 469/398/468 615/544/614
f 610/539/609 616/545/615 615/544/614
f 616/545/615 617/546/616 615/544/614
f 615/544/614 617/546/616 597/526/596
f 618/547/617 418/347/417 419/348/418
f 618/547/617 419/348/418 430/359/429
f 618/547/617 556/485/555 555/484/554
f 609/538/608 618/547/617 555/484/554
f 430/359/429 556/485/555 618/547/617
f 586/515/585 581/510/580 619/548/618
f 601/530/600 586/515/585 619/548/618
f 619/548/618 558/487/557 601/530/600
f 581/510/580 558/487/557 619/548/618
f 418/347/417 620/549/619 495/424/494
f 620/549/619 418/347/417 618/547/617
f 609/538/608 608/537/607 620/549/619
f 620/549/619 618/547/617 609/538/608
f 620/549/619 608/537/607 621/550/620
f 621/550/620 584/513/583 583/512/582
f 495/424/494 620/549/619 621/550/620
f 617/546/616 622/551/621 597/526/596
f 597/526/596 622/551/621 596/525/595
f 622/551/621 560/489/559 596/525/595
f 623/552/622 560/489/559 622/551/621
f 623/552/622 562/491/561 560/489/559
f 604/533/603 562/491/561 623/552/622
f 624/553/623 610/539/609 611/540/610
f 624/553/623 616/545/615 610/539/609
f 448/377/447 625/554/624 568/497/567
f 625/554/624 626/555/625 568/497/567
f 556/485/555 627/556/626 558/487/557
f 565/494/564 627/556/626 556/485/555
f 627/556/626 602/531/601 601/530/600
f 601/530/600 558/487/557 627/556/626
f 567/496/566 431/360/430 628/557/627
f 417/346/416 416/345/415 629/558/628
f 416/345/415 496/425/495 629/558/628
f 566/495/565 630/559/629 565/494/564
f 565/494/564 630/559/629 627/556/626
f 630/559/629 602/531/601 627/556/626
f 630/559/629 631/560/630 602/531/601
f 630/559/629 566/495/565 631/560/630
f 567/496/566 632/561/631 566/495/565
f 631/560/630 566/495/565 632/561/631
f 633/562/632 578/507/577 602/531/601
f 602/531/601 631/560/630 633/562/632
f 422/351/421 424/353/423 634/563/633
f 608/537/607 537/466/536 635/564/634
f 584/513/583 621/550/620 635/564/634
f 635/564/634 621/550/620 608/537/607
f 417/346/416 629/558/628 636/565/635
f 636/565/635 429/358/428 417/346/416
f 636/565/635 432/361/431 429/358/428
f 637/566/636 636/565/635 629/558/628
f 637/566/636 432/361/431 636/565/635
f 638/567/637 448/377/447 450/379/449
f 625/554/624 448/377/447 638/567/637
f 625/554/624 638/567/637 626/555/625
f 450/379/449 547/476/546 638/567/637
f 547/476/546 422/351/421 638/567/637
f 639/568/638 567/496/566 628/557/627
f 639/568/638 632/561/631 567/496/566
f 640/569/639 460/389/459 458/387/457
f 641/570/640 535/464/534 598/527/597
f 641/570/640 542/471/541 533/462/532
f 533/462/532 535/464/534 641/570/640
f 478/407/477 642/571/641 537/466/536
f 477/406/476 642/571/641 478/407/477
f 643/572/642 584/513/583 635/564/634
f 585/514/584 584/513/583 643/572/642
f 642/571/641 643/572/642 537/466/536
f 537/466/536 643/572/642 635/564/634
f 626/555/625 638/567/637 644/573/643
f 638/567/637 422/351/421 644/573/643
f 645/574/644 646/575/645 647/576/646
f 647/576/646 646/575/645 648/577/647
f 649/578/648 650/579/649 651/580/650
f 652/581/651 653/582/652 654/583/653
f 654/583/653 653/582/652 655/584/654
f 656/585/655 657/586/656 658/587/657
f 658/587/657 657/586/656 659/588/658
f 660/589/659 661/590/660 662/591/661
f 662/591/661 661/590/660 663/592/662
f 664/593/663 665/594/664 666/595/665
f 666/595/665 665/594/664 667/596/666
f 668/597/667 669/598/668 652/581/651
f 670/599/669 671/600/670 672/601/671
f 673/602/672 651/580/650 650/579/649
f 671/600/670 651/580/650 673/602/672
f 672/601/671 671/600/670 673/602/672
f 674/603/673 675/604/674 676/605/675
f 676/605/675 675/604/674 677/606/676
f 678/607/677 679/608/678 680/609/679
f 681/610/680 682/611/681 683/612/682
f 684/613/683 685/614/684 686/615/685
f 687/616/686 688/617/687 689/618/688
f 645/574/644 647/576/646 690/619/689
f 690/619/689 647/576/646 691/620/690
f 659/588/658 657/586/656 692/621/691
f 692/621/692 693/622/693 694/623/694
f 695/624/695 696/625/696 692/621/691
f 697/626/697 698/627/698 699/628/697
f 695/624/695 700/629/699 696/625/696
f 701/630/700 700/629/699 695/624/695
f 702/631/701 703/632/702 704/633/703
f 704/633/703 703/632/702 705/634/704
f 706/635/705 702/631/701 704/633/703
f 661/590/660 660/589/659 706/635/705
f 707/636/706 694/623/694 693/622/693
f 691/620/690 708/637/707 690/619/689
f 708/637/707 695/624/695 709/638/708
f 655/584/654 710/639/709 654/583/653
f 654/583/653 710/639/709 711/640/710
f 712/641/711 713/642/711 714/643/711
f 648/577/647 715/644/712 716/645/713
f 698/627/698 704/633/703 717/646/714
f 711/640/710 710/639/709 717/646/714
f 718/647/715 719/648/716 706/635/717
f 715/644/712 720/649/718 721/650/719
f 721/650/719 720/649/718 722/651/720
f 723/652/721 724/653/721 709/638/708
f 656/585/655 725/654/722 657/586/656
f 657/586/656 725/654/722 726/655/723
f 719/648/716 718/647/715 727/656/724
f 728/657/725 670/599/669 672/601/671
f 729/658/726 730/659/726 731/660/726
f 662/591/661 732/661/727 660/589/659
f 660/589/659 732/661/727 733/662/728
f 733/662/728 732/661/727 734/663/729
f 673/602/672 735/664/730 736/665/731
f 672/601/671 673/602/672 737/666/732
f 737/666/732 673/602/672 736/665/731
f 738/667/733 739/668/734 740/669/735
f 740/669/735 739/668/734 741/670/736
f 742/671/737 743/672/738 744/673/739
f 745/674/740 746/675/741 682/611/681
f 703/632/702 747/676/742 705/634/704
f 705/634/704 747/676/742 748/677/743
f 748/677/743 677/606/676 675/604/674
f 747/676/742 677/606/676 748/677/743
f 749/678/744 750/679/745 751/680/746
f 701/630/700 752/681/747 700/629/699
f 753/682/748 752/681/747 701/630/700
f 754/683/749 739/668/734 755/684/750
f 755/684/750 739/668/734 738/667/733
f 756/685/751 757/686/752 758/687/753
f 759/688/754 760/689/754 761/690/754
f 751/680/746 762/691/755 763/692/756
f 764/693/757 672/601/671 765/694/758
f 765/694/758 672/601/671 737/666/732
f 663/592/662 661/590/660 766/695/759
f 766/695/759 661/590/660 767/696/760
f 768/697/761 769/698/762 770/699/763
f 771/700/764 772/701/765 773/702/766
f 774/703/767 775/704/768 739/668/734
f 739/668/734 775/704/768 741/670/736
f 722/651/720 776/705/769 721/650/719
f 721/650/719 776/705/769 777/706/770
f 755/684/750 778/707/771 754/683/749
f 754/683/749 778/707/771 779/708/772
f 780/709/773 779/708/772 778/707/771
f 753/682/748 781/710/774 752/681/747
f 782/711/775 781/710/774 753/682/748
f 781/710/774 782/711/775 783/712/776
f 783/712/776 782/711/775 784/713/777
f 783/712/776 784/713/777 785/714/778
f 785/714/778 784/713/777 786/715/779
f 787/716/780 788/717/781 789/718/782
f 758/687/753 757/686/752 790/719/783
f 790/719/783 791/720/784 743/672/738
f 790/719/783 757/686/752 791/720/784
f 743/672/738 791/720/784 792/721/785
f 769/698/762 787/716/780 793/722/786
f 762/691/755 794/723/787 795/724/788
f 796/725/789 788/717/790 768/697/761
f 774/703/767 797/726/791 798/727/792
f 798/727/792 797/726/791 799/728/793
f 799/728/793 797/726/791 800/729/794
f 794/723/787 750/679/745 801/730/795
f 802/731/796 803/732/797 804/733/798
f 665/594/664 664/593/663 805/734/799
f 806/735/800 802/731/796 804/733/798
f 667/596/666 806/735/800 666/595/665
f 807/736/801 802/731/796 806/735/800
f 807/736/801 806/735/800 733/662/728
f 808/737/802 806/735/800 667/596/666
f 733/662/728 806/735/800 808/737/802
f 774/703/767 809/738/803 775/704/768
f 810/739/804 795/724/788 811/740/805
f 811/740/805 801/730/795 669/598/806
f 812/741/807 801/730/795 811/740/805
f 811/740/805 795/724/788 812/741/807
f 813/742/808 814/743/809 683/612/682
f 815/744/810 814/743/809 813/742/808
f 816/745/811 720/649/718 817/746/812
f 818/747/813 819/748/814 820/749/815
f 821/750/816 797/726/791 774/703/767
f 685/614/684 684/613/683 822/751/817
f 822/751/817 684/613/683 823/752/818
f 822/751/817 823/752/818 819/748/814
f 819/748/814 823/752/818 820/749/815
f 824/753/819 774/703/767 739/668/734
f 740/669/735 825/754/820 659/588/658
f 659/588/658 825/754/820 658/587/657
f 826/755/821 825/754/820 740/669/735
f 827/756/822 772/701/765 771/700/764
f 828/757/823 772/701/765 827/756/822
f 829/758/824 830/759/825 831/760/826
f 828/757/823 832/761/827 772/701/765
f 833/762/828 688/617/687 687/616/686
f 832/761/827 688/617/687 833/762/828
f 772/701/765 832/761/827 833/762/828
f 744/673/739 743/672/738 834/763/829
f 834/763/829 743/672/738 792/721/785
f 835/764/830 745/674/740 836/765/831
f 836/765/831 745/674/740 837/766/832
f 838/767/833 831/760/826 839/768/834
f 837/766/832 840/769/835 743/672/738
f 776/705/769 816/745/811 841/770/836
f 842/771/837 841/770/836 843/772/838
f 746/675/741 844/773/839 813/742/808
f 844/773/839 835/764/830 845/774/840
f 845/774/840 835/764/830 836/765/831
f 806/735/800 804/733/798 846/775/841
f 847/776/842 821/750/816 839/768/834
f 800/729/794 847/776/842 830/759/825
f 848/777/843 849/778/844 680/609/679
f 850/779/845 849/778/844 848/777/843
f 849/778/844 850/779/845 851/780/846
f 678/607/677 851/780/846 852/781/847
f 804/733/798 853/782/848 793/722/786
f 854/783/849 853/782/848 804/733/798
f 855/784/850 856/785/851 852/781/847
f 857/786/852 853/782/848 854/783/849
f 770/699/763 853/782/848 857/786/852
f 851/780/846 850/779/845 858/787/853
f 859/788/854 674/603/673 676/605/675
f 860/789/855 674/603/673 859/788/854
f 856/785/851 861/790/856 679/608/678
f 679/608/678 861/790/856 862/791/857
f 858/787/853 772/701/765 863/792/858
f 799/728/793 864/793/859 845/774/840
f 865/794/860 843/772/838 817/746/812
f 848/777/843 866/795/861 857/786/852
f 867/796/862 868/797/863 869/798/864
f 869/798/864 870/799/865 867/796/862
f 871/800/866 870/799/865 869/798/864
f 872/801/867 873/802/868 874/803/869
f 874/803/869 873/802/868 875/804/870
f 876/805/871 877/806/872 878/807/873
f 878/807/873 877/806/872 879/808/874
f 873/802/868 880/809/875 875/804/870
f 875/804/870 880/809/875 881/810/876
f 880/809/875 882/811/877 881/810/876
f 881/810/876 882/811/877 883/812/878
f 883/812/878 878/807/873 879/808/874
f 882/811/877 878/807/873 883/812/878
f 884/813/879 872/801/867 885/814/880
f 885/814/880 872/801/867 874/803/869
f 886/815/881 884/813/879 885/814/880
f 877/806/872 876/805/871 887/816/882
f 871/800/866 888/817/883 870/799/865
f 887/816/882 876/805/871 888/817/883
f 887/816/882 888/817/883 871/800/866
f 889/818/884 890/819/885 891/820/886
f 889/818/884 892/821/887 890/819/885
f 890/819/885 892/821/887 893/822/888
f 894/823/889 895/824/890 896/825/891
f 896/825/891 895/824/890 897/826/892
f 898/827/893 899/828/894 900/829/895
f 900/829/895 899/828/894 901/830/896
f 896/825/891 897/826/892 902/831/897
f 902/831/897 897/826/892 903/832/898
f 902/831/897 903/832/898 904/833/899
f 904/833/899 905/834/900 900/829/895
f 900/829/895 905/834/900 898/827/893
f 904/833/899 903/832/898 905/834/900
f 894/823/889 906/835/901 895/824/890
f 907/836/902 906/835/901 894/823/889
f 908/837/903 906/835/901 907/836/902
f 892/821/887 909/838/904 893/822/888
f 910/839/905 901/830/896 899/828/894
f 909/838/904 901/830/896 910/839/905
f 893/822/888 909/838/904 910/839/905
f 911/840/906 912/841/907 913/842/908
f 913/842/908 912/841/907 914/843/909
f 915/844/910 916/845/911 917/846/912
f 918/847/913 919/848/914 920/849/915
f 920/849/915 919/848/914 921/850/916
f 922/851/917 923/852/918 924/853/919
f 924/853/919 923/852/918 925/854/920
f 926/855/921 927/856/922 928/857/923
f 928/857/923 927/856/922 929/858/924
f 921/850/916 930/859/925 920/849/915
f 931/860/926 932/861/927 933/862/928
f 934/863/929 935/864/930 936/865/931
f 937/866/932 911/840/906 938/867/933
f 912/841/907 911/840/906 937/866/932
f 938/867/933 939/868/934 937/866/932
f 940/869/935 941/870/936 942/871/937
f 943/872/938 944/873/939 945/874/940
f 946/875/941 947/876/942 948/877/943
f 935/864/930 949/878/944 936/865/931
f 950/879/945 914/843/909 951/880/946
f 952/881/947 953/882/948 954/883/949
f 955/884/950 956/885/951 957/886/952
f 958/887/953 959/888/954 960/889/953
f 961/890/955 962/891/956 963/892/957
f 964/893/958 965/894/959 966/895/958
f 967/896/960 968/897/961 969/898/962
f 970/899/963 971/900/964 972/901/965
f 972/901/965 971/900/964 973/902/966
f 974/903/967 975/904/968 976/905/969
f 976/905/969 975/904/968 977/906/970
f 978/907/971 979/908/972 980/909/973
f 980/909/973 979/908/972 981/910/974
f 982/911/975 983/912/975 984/913/975
f 985/914/976 986/915/977 987/916/977
f 988/917/978 957/886/952 956/885/951
f 988/917/978 913/842/908 989/918/979
f 973/902/966 971/900/964 990/919/980
f 990/919/980 971/900/964 991/920/981
f 941/870/936 992/921/982 942/871/937
f 942/871/937 992/921/982 993/922/983
f 994/923/984 937/866/932 939/868/934
f 967/896/960 994/923/984 939/868/934
f 995/924/985 996/925/986 997/926/987
f 998/927/988 999/928/988 997/926/987
f 1000/929/989 969/898/962 1001/930/989
f 1002/931/990 954/883/949 953/882/948
f 1002/931/990 953/882/948 1003/932/991
f 1003/932/991 953/882/948 1004/933/992
f 953/882/948 952/881/947 1004/933/992
f 930/859/925 1005/934/993 920/849/915
f 962/891/956 961/890/955 1006/935/994
f 1007/936/995 1008/937/996 917/846/997
f 1009/938/998 947/876/942 946/875/941
f 967/896/960 1010/939/999 994/923/984
f 969/898/962 1010/939/999 967/896/960
f 994/923/984 1010/939/999 928/857/923
f 1011/940/1000 1012/941/1001 1013/942/1002
f 1013/942/1002 1012/941/1001 1014/943/1003
f 959/888/954 1015/944/1004 1016/945/1005
f 1017/946/1006 1016/945/1005 1015/944/1004
f 928/857/923 1018/947/1007 994/923/984
f 1005/934/993 1019/948/1008 920/849/915
f 920/849/915 1019/948/1008 918/847/913
f 1015/944/1004 1020/949/1009 1017/946/1006
f 1021/950/1010 1022/951/1011 1023/952/1010
f 929/858/924 927/856/922 1024/953/1012
f 1024/953/1012 927/856/922 1025/954/1013
f 1024/953/1012 1025/954/1013 950/879/945
f 950/879/945 1025/954/1013 1026/955/1014
f 940/869/935 1027/956/1015 941/870/936
f 1027/956/1015 992/921/982 941/870/936
f 971/900/964 1028/957/1016 991/920/981
f 970/899/963 1028/957/1016 971/900/964
f 1029/958/1017 946/875/941 948/877/943
f 1030/959/1018 946/875/941 1029/958/1017
f 1031/960/1019 1019/948/1008 1032/961/1019
f 945/874/940 944/873/939 1033/962/1020
f 1033/962/1020 944/873/939 1034/963/1021
f 939/868/934 1035/964/1022 967/896/960
f 1036/965/1023 989/918/979 913/842/908
f 976/905/969 1037/966/1024 1036/965/1023
f 1037/966/1024 989/918/979 1036/965/1023
f 985/914/976 1038/967/1025 996/925/986
f 985/914/976 996/925/986 1039/968/1026
f 1035/964/1022 1039/968/1026 996/925/986
f 1009/938/998 946/875/941 1040/969/1027
f 1040/969/1027 946/875/941 1030/959/1018
f 1037/966/1024 976/905/969 1041/970/1028
f 977/906/970 1041/970/1028 976/905/969
f 1042/971/1029 1041/970/1028 1022/951/1011
f 1043/972/1030 1044/973/1030 965/894/1031
f 1045/974/1032 992/921/982 1027/956/1015
f 1017/946/1006 1020/949/1009 1046/975/1033
f 985/914/976 1039/968/1026 1047/976/1034
f 1039/968/1026 963/892/957 1047/976/1034
f 934/863/929 1048/977/1035 935/864/930
f 935/864/930 1048/977/1035 1049/978/1036
f 1049/978/1036 949/878/944 935/864/930
f 1050/979/1037 949/878/944 1049/978/1036
f 916/845/911 915/844/910 1051/980/1038
f 931/860/926 1052/981/1039 932/861/927
f 932/861/927 1052/981/1039 1053/982/1003
f 1017/946/1006 1054/983/1040 1016/945/1005
f 1046/975/1033 1054/983/1040 1017/946/1006
f 1055/984/1041 1051/980/1042 1008/937/996
f 1056/985/1043 954/883/949 1002/931/990
f 978/907/971 1057/986/1044 979/908/972
f 1058/987/1045 1057/986/1044 978/907/971
f 1059/988/1046 1057/986/1044 1060/989/1047
f 1060/989/1047 1057/986/1044 1058/987/1045
f 1061/990/1048 1062/991/1049 1063/992/1050
f 1063/992/1050 1062/991/1049 1064/993/1051
f 1065/843/1052 1066/841/1053 1067/842/1054
f 1067/842/1054 1066/841/1053 1068/840/1055
f 1069/844/1056 1070/846/1057 1071/845/1058
f 1072/850/1059 1073/848/1060 1074/849/1061
f 1074/849/1061 1073/848/1060 1075/847/1062
f 1076/854/1063 1077/852/1064 1078/853/1065
f 1078/853/1065 1077/852/1064 1079/851/1066
f 1080/858/1067 1081/856/1068 1082/857/1069
f 1082/857/1069 1081/856/1068 1083/855/1070
f 1072/850/1059 1074/849/1061 1084/859/1071
f 1085/860/1072 1086/862/1073 1087/861/1074
f 1088/863/1075 1089/865/1076 1090/864/1077
f 1091/866/1078 1068/840/1055 1066/841/1053
f 1092/867/1079 1068/840/1055 1091/866/1078
f 1092/867/1079 1091/866/1078 1093/868/1080
f 1094/869/1081 1095/871/1082 1096/870/1083
f 1097/872/1084 1098/874/1085 1099/873/1086
f 1100/875/1087 1101/877/1088 1102/876/1089
f 1090/864/1077 1089/865/1076 1103/878/1090
f 1104/879/1091 1105/880/1092 1065/843/1052
f 1106/881/1093 1107/883/1094 1108/882/1095
f 1109/884/1096 1110/886/1097 1111/885/1098
f 1112/887/1099 1113/889/1099 1114/888/1100
f 1115/890/1101 1116/892/1102 1117/891/1103
f 1118/893/1104 1119/895/1104 1120/894/1105
f 1121/896/1106 1122/898/1107 1123/897/1108
f 1124/902/1109 1125/900/1110 1126/901/1111
f 1126/901/1111 1125/900/1110 1127/899/1112
f 1128/906/1113 1129/904/1114 1130/905/1115
f 1130/905/1115 1129/904/1114 1131/903/1116
f 1132/907/1117 1133/909/1118 1134/908/1119
f 1134/908/1119 1133/909/1118 1135/910/1120
f 1136/911/1121 1137/913/1121 1138/912/1121
f 1139/914/1122 1140/916/1123 1141/915/1123
f 1142/917/1124 1111/885/1098 1110/886/1097
f 1142/917/1124 1143/918/1125 1067/842/1126
f 1124/902/1109 1144/919/1127 1125/900/1110
f 1125/900/1110 1144/919/1127 1145/920/1128
f 1096/870/1083 1095/871/1082 1146/921/1129
f 1146/921/1129 1095/871/1082 1147/922/1130
f 1148/923/1131 1093/868/1080 1091/866/1078
f 1121/896/1106 1093/868/1080 1148/923/1131
f 1149/924/1132 1150/926/1133 1151/925/1134
f 1152/927/1135 1150/926/1133 1153/928/1135
f 1154/929/1136 1155/930/1136 1122/898/1107
f 1108/882/1095 1107/883/1094 1156/931/1137
f 1156/931/1137 1157/932/1138 1108/882/1095
f 1108/882/1095 1158/933/1139 1106/881/1093
f 1108/882/1095 1157/932/1138 1158/933/1139
f 1084/859/1071 1074/849/1061 1159/934/1140
f 1117/891/1103 1160/935/1141 1115/890/1101
f 1161/936/1142 1070/846/1057 1162/937/1143
f 1163/938/1144 1100/875/1087 1102/876/1089
f 1122/898/1107 1121/896/1106 1164/939/1145
f 1148/923/1131 1164/939/1145 1121/896/1106
f 1082/857/1069 1164/939/1145 1148/923/1131
f 1165/940/1146 1166/942/1147 1167/941/1148
f 1167/941/1148 1166/942/1147 1168/943/1149
f 1114/888/1100 1169/945/1150 1170/944/1151
f 1171/946/1152 1170/944/1151 1169/945/1150
f 1082/857/1069 1148/923/1131 1172/947/1153
f 1173/948/1154 1074/849/1061 1075/847/1062
f 1159/934/1140 1074/849/1061 1173/948/1154
f 1170/944/1151 1171/946/1152 1174/949/1155
f 1175/950/1156 1176/952/1156 1177/951/1157
f 1178/953/1158 1081/856/1068 1080/858/1067
f 1178/953/1158 1104/879/1091 1179/954/1159
f 1179/954/1159 1081/856/1068 1178/953/1158
f 1179/954/1159 1104/879/1091 1180/955/1160
f 1094/869/1081 1096/870/1083 1181/956/1161
f 1096/870/1083 1146/921/1129 1181/956/1161
f 1127/899/1112 1125/900/1110 1182/957/1162
f 1125/900/1110 1145/920/1128 1182/957/1162
f 1100/875/1087 1183/958/1163 1101/877/1088
f 1184/959/1164 1183/958/1163 1100/875/1087
f 1185/960/1165 1186/961/1165 1173/948/1154
f 1187/962/1166 1099/873/1086 1098/874/1085
f 1188/963/1167 1099/873/1086 1187/962/1166
f 1093/868/1080 1121/896/1106 1189/964/1168
f 1190/965/1169 1067/842/1126 1143/918/1125
f 1191/966/1170 1190/965/1169 1143/918/1125
f 1130/905/1115 1190/965/1169 1191/966/1170
f 1139/914/1122 1151/925/1134 1192/967/1171
f 1189/964/1168 1151/925/1134 1193/968/1172
f 1139/914/1122 1193/968/1172 1151/925/1134
f 1184/959/1164 1100/875/1087 1194/969/1173
f 1194/969/1173 1100/875/1087 1163/938/1144
f 1191/966/1170 1195/970/1174 1130/905/1115
f 1128/906/1113 1130/905/1115 1195/970/1174
f 1196/971/1175 1177/951/1157 1195/970/1174
f 1197/972/1176 1120/894/1105 1198/973/1176
f 1181/956/1161 1146/921/1129 1199/974/1177
f 1171/946/1152 1200/975/1178 1174/949/1155
f 1139/914/1122 1201/976/1179 1193/968/1172
f 1193/968/1172 1201/976/1179 1116/892/1102
f 1088/863/1075 1090/864/1077 1202/977/1180
f 1202/977/1180 1090/864/1077 1203/978/1181
f 1103/878/1090 1203/978/1181 1090/864/1077
f 1204/979/1182 1203/978/1181 1103/878/1090
f 1071/845/1058 1205/980/1183 1069/844/1056
f 1085/860/1072 1087/861/1074 1206/981/1184
f 1206/981/1184 1087/861/1074 1207/982/1185
f 1200/975/1178 1171/946/1152 1208/983/1186
f 1208/983/1186 1171/946/1152 1169/945/1150
f 1209/984/1187 1162/937/1143 1205/980/1183
f 1156/931/1137 1107/883/1094 1210/985/1188
f 1211/987/1189 1132/907/1117 1212/986/1190
f 1212/986/1190 1132/907/1117 1134/908/1119
f 1211/987/1189 1212/986/1190 1213/989/1191
f 1213/989/1191 1212/986/1190 1214/988/1192
f 1215/990/1193 1216/992/1194 1217/991/1195
f 1217/991/1195 1216/992/1194 1218/993/1196
f 1219/994/1197 1220/995/1197 1221/996/1197
f 1222/997/1198 1223/998/1198 1224/999/1199
f 1225/1000/1200 1226/1001/1200 1227/1002/1200
f 1228/1003/1201 1229/1004/1202 1230/1005/1203
f 1231/1006/1204 1232/1007/1205 1224/999/1199
f 1224/999/1199 1232/1007/1205 1233/1008/1206
f 1234/1009/1207 1235/1010/1207 1236/1011/1207
f 1237/1012/1208 1238/1013/1209 1239/1014/1210
f 1240/1015/1211 1241/1016/1212 1242/1017/1211
f 1243/1018/1213 1241/1016/1212 1228/1003/1201
f 1244/1019/1214 1241/1016/1212 1243/1018/1213
f 1245/1020/1215 1246/1021/1216 1247/1022/1217
f 1247/1022/1217 1246/1021/1216 1248/1023/1218
f 1246/1021/1216 1249/1024/1219 1232/1007/1220
f 1232/1007/1220 1249/1024/1219 1250/1025/1221
f 1250/1025/1221 1249/1024/1219 1251/1026/1222
f 1250/1025/1221 1251/1026/1222 1252/1027/1223
f 1243/1018/1213 1253/1028/1224 1244/1019/1214
f 1241/1016/1212 1244/1019/1214 1254/1029/1225
f 1228/1003/1201 1255/1030/1226 1229/1004/1202
f 1244/1019/1214 1253/1028/1224 1256/1031/1227
f 1237/1012/1208 1239/1014/1210 1257/1032/1228
f 1258/1033/1229 1259/1034/1230 1260/1035/1231
f 1260/1035/1231 1259/1034/1230 1261/1036/1232
f 1262/1037/1233 1263/1038/1234 1264/1039/1235
f 1264/1039/1235 1263/1038/1234 1265/1040/1236
f 1266/1041/1237 1267/1042/1238 1268/1043/1239
f 1261/1036/1232 1269/1044/1240 1260/1035/1231
f 1268/1043/1239 1267/1042/1238 1269/1044/1240
f 1268/1043/1239 1269/1044/1240 1261/1036/1232
f 1270/1045/1241 1271/1046/1242 1266/1041/1237
f 1266/1041/1237 1271/1046/1242 1267/1042/1238
f 1272/1047/1243 1273/1048/1244 1274/1049/1245
f 1274/1049/1245 1273/1048/1244 1275/1050/1246
f 1276/1051/1247 1277/1052/1248 1265/1040/1236
f 1265/1040/1236 1277/1052/1248 1278/1053/1249
f 1265/1040/1236 1278/1053/1249 1264/1039/1235
f 1279/1054/1250 1280/1055/1251 1258/1033/1229
f 1281/1056/1252 1280/1055/1251 1279/1054/1250
f 1282/1057/1253 1283/1058/1254 1284/1059/1255
f 1284/1059/1255 1283/1058/1254 1285/1060/1256
f 1286/1061/1257 1287/1062/1258 1288/1063/1259
f 1288/1063/1259 1287/1062/1258 1289/1064/1260
f 1290/1065/1261 1285/1060/1256 1283/1058/1254
f 1291/1066/1262 1285/1060/1256 1290/1065/1261
f 1292/1067/1263 1293/1068/1264 1294/1069/1265
f 1267/1042/1238 1295/1070/1266 1269/1044/1240
f 1296/1071/1267 1297/1072/1268 1298/1073/1269
f 1298/1073/1269 1297/1072/1268 1299/1074/1270
f 1262/1037/1233 1300/1075/1271 1263/1038/1234
f 1265/1040/1236 1301/1076/1272 1276/1051/1247
f 1263/1038/1234 1300/1075/1271 1301/1076/1272
f 1263/1038/1234 1301/1076/1272 1265/1040/1236
f 1297/1072/1268 1296/1071/1267 1302/1077/1273
f 1302/1077/1273 1296/1071/1267 1303/1078/1274
f 1304/1079/1275 1291/1066/1262 1290/1065/1261
f 1305/1080/1276 1291/1066/1262 1304/1079/1275
f 1304/1079/1275 1306/1081/1277 1305/1080/1276
f 1277/1052/1248 1307/1082/1278 1278/1053/1249
f 1305/1080/1276 1306/1081/1277 1307/1082/1278
f 1284/1059/1255 1308/1083/1279 1300/1075/1271
f 1308/1083/1279 1309/1084/1280 1300/1075/1271
f 1300/1075/1271 1309/1084/1280 1301/1076/1272
f 1309/1084/1280 1276/1051/1247 1301/1076/1272
f 1305/1080/1276 1310/1085/1281 1291/1066/1262
f 1291/1066/1262 1310/1085/1281 1311/1086/1282
f 1305/1080/1276 1312/1087/1283 1310/1085/1281
f 1307/1082/1278 1277/1052/1248 1312/1087/1283
f 1307/1082/1278 1312/1087/1283 1305/1080/1276
f 1271/1046/1242 1313/1088/1284 1267/1042/1238
f 1267/1042/1238 1313/1088/1284 1314/1089/1285
f 1281/1056/1252 1315/1090/1286 1280/1055/1251
f 1315/1090/1286 1316/1091/1287 1280/1055/1251
f 1316/1091/1287 1315/1090/1286 1317/1092/1288
f 1317/1092/1288 1315/1090/1286 1318/1093/1289
f 1275/1050/1246 1273/1048/1244 1319/1094/1290
f 1319/1094/1290 1273/1048/1244 1320/1095/1291
f 1319/1094/1290 1320/1095/1291 1321/1096/1292
f 1321/1096/1292 1320/1095/1291 1322/1097/1293
f 1322/1097/1293 1323/1098/1294 1321/1096/1292
f 1288/1063/1259 1323/1098/1295 1286/1061/1257
f 1321/1096/1292 1323/1098/1294 1324/1099/1296
f 1325/1100/1297 1326/1101/1298 1327/1102/1299
f 1313/1088/1284 1328/1103/1300 1293/1068/1264
f 1293/1068/1264 1328/1103/1300 1294/1069/1265
f 1294/1069/1265 1328/1103/1300 1326/1101/1298
f 1327/1102/1299 1326/1101/1298 1328/1103/1300
f 1329/1104/1301 1330/1105/1302 1291/1066/1262
f 1291/1066/1262 1330/1105/1302 1285/1060/1256
f 1317/1092/1288 1318/1093/1289 1331/1106/1303
f 1331/1106/1303 1318/1093/1289 1332/1107/1304
f 1270/1045/1241 1332/1107/1304 1271/1046/1242
f 1331/1106/1303 1332/1107/1304 1270/1045/1241
f 1264/1039/1235 1278/1053/1249 1333/1108/1305
f 1333/1108/1305 1307/1082/1278 1306/1081/1277
f 1278/1053/1249 1307/1082/1278 1333/1108/1305
f 1334/1109/1306 1323/1098/1295 1288/1063/1259
f 1318/1093/1289 1335/1110/1307 1332/1107/1304
f 1335/1110/1307 1318/1093/1289 1336/1111/1308
f 1336/1111/1308 1318/1093/1289 1315/1090/1286
f 1335/1110/1307 1336/1111/1308 1327/1102/1299
f 1336/1111/1308 1315/1090/1286 1281/1056/1252
f 1337/1112/1309 1276/1051/1247 1309/1084/1280
f 1276/1051/1247 1337/1112/1309 1277/1052/1248
f 1277/1052/1248 1337/1112/1309 1338/1113/1310
f 1312/1087/1283 1277/1052/1248 1338/1113/1310
f 1281/1056/1252 1339/1114/1311 1336/1111/1308
f 1327/1102/1299 1336/1111/1308 1339/1114/1311
f 1340/1115/1312 1339/1114/1311 1281/1056/1252
f 1341/1116/1313 1342/1117/1314 1343/1118/1314
f 1343/1118/1314 1342/1117/1314 1344/1119/1314
f 1284/1059/1255 1285/1060/1256 1345/1120/1315
f 1345/1120/1315 1285/1060/1256 1330/1105/1302
f 1345/1120/1315 1308/1083/1279 1284/1059/1255
f 1325/1100/1297 1327/1102/1299 1346/1121/1316
f 1346/1121/1316 1327/1102/1299 1339/1114/1311
f 1293/1068/1264 1347/1122/1317 1313/1088/1284
f 1348/1123/1318 1258/1033/1229 1260/1035/1231
f 1349/1124/1319 1289/1064/1260 1350/1125/1320
f 1350/1125/1320 1289/1064/1260 1287/1062/1258
f 1351/1126/1321 1272/1047/1243 1274/1049/1245
f 1349/1124/1319 1350/1125/1320 1351/1126/1321
f 1351/1126/1321 1350/1125/1320 1352/1127/1322
f 1352/1127/1322 1272/1047/1243 1351/1126/1321
f 1353/1128/1323 1284/1059/1255 1300/1075/1271
f 1282/1057/1253 1284/1059/1255 1353/1128/1323
f 1353/1128/1323 1300/1075/1271 1262/1037/1233
f 1335/1110/1307 1327/1102/1299 1354/1129/1324
f 1271/1046/1242 1354/1129/1324 1313/1088/1284
f 1354/1129/1324 1328/1103/1300 1313/1088/1284
f 1332/1107/1304 1354/1129/1324 1271/1046/1242
f 1332/1107/1304 1335/1110/1307 1354/1129/1324
f 1354/1129/1324 1327/1102/1299 1328/1103/1300
f 1298/1073/1269 1299/1074/1270 1355/1130/1325
f 1356/1131/1326 1357/1132/1327 1340/1115/1312
f 1339/1114/1311 1357/1132/1327 1346/1121/1316
f 1340/1115/1312 1357/1132/1327 1339/1114/1311
f 1259/1034/1230 1258/1033/1229 1358/1133/1328
f 1358/1133/1328 1258/1033/1229 1280/1055/1251
f 1280/1055/1251 1316/1091/1287 1358/1133/1328
f 1359/1134/1329 1340/1115/1312 1281/1056/1252
f 1360/1135/1330 1361/1136/1331 1362/1137/1332
f 1362/1137/1332 1361/1136/1331 1363/1138/1333
f 1364/1139/1334 1365/1140/1335 1366/1141/1336
f 1366/1141/1336 1365/1140/1335 1367/1142/1337
f 1368/1143/1338 1369/1144/1339 1370/1145/1340
f 1370/1145/1340 1369/1144/1339 1371/1146/1341
f 1368/1143/1338 1372/1147/1342 1369/1144/1339
f 1373/1148/1343 1372/1147/1342 1368/1143/1338
f 1372/1147/1342 1373/1148/1343 1374/1149/1344
f 1375/1150/1345 1360/1135/1330 1374/1149/1344
f 1374/1149/1344 1373/1148/1343 1375/1150/1345
f 1361/1136/1331 1360/1135/1330 1375/1150/1345
f 1376/1151/1346 1377/1152/1347 1378/1153/1348
f 1378/1153/1348 1377/1152/1347 1379/1154/1349
f 1369/1144/1339 1372/1147/1342 1380/1155/1350
f 1380/1155/1350 1381/1156/1351 1369/1144/1339
f 1369/1144/1339 1381/1156/1351 1371/1146/1341
f 1382/1157/1352 1374/1149/1344 1360/1135/1330
f 1383/1158/1353 1382/1157/1352 1384/1159/1354
f 1385/1160/1355 1362/1137/1332 1365/1140/1335
f 1384/1159/1354 1385/1160/1355 1364/1139/1334
f 1384/1159/1354 1382/1157/1352 1385/1160/1355
f 1385/1160/1355 1360/1135/1330 1362/1137/1332
f 1364/1139/1334 1385/1160/1355 1365/1140/1335
f 1382/1157/1352 1360/1135/1330 1385/1160/1355
f 1386/1161/1356 1387/1162/1357 1388/1163/1358
f 1388/1163/1358 1387/1162/1357 1389/1164/1359
f 1390/1165/1360 1391/1166/1361 1392/1167/1362
f 1392/1167/1362 1391/1166/1361 1393/1168/1363
f 1379/1154/1349 1394/1169/1364 1378/1153/1348
f 1378/1153/1348 1394/1169/1364 1395/1170/1365
f 1396/1171/1366 1395/1170/1365 1394/1169/1364
f 1397/1172/1367 1390/1165/1360 1392/1167/1362
f 1398/1173/1368 1390/1165/1360 1397/1172/1367
f 1381/1156/1351 1380/1155/1350 1399/1174/1369
f 1399/1174/1369 1380/1155/1350 1400/1175/1370
f 1383/1158/1353 1401/1176/1371 1382/1157/1352
f 1401/1176/1371 1374/1149/1344 1382/1157/1352
f 1402/1177/1372 1401/1176/1371 1383/1158/1353
f 1374/1149/1344 1403/1178/1373 1372/1147/1342
f 1401/1176/1371 1402/1177/1372 1403/1178/1373
f 1380/1155/1350 1372/1147/1342 1403/1178/1373
f 1401/1176/1371 1403/1178/1373 1374/1149/1344
f 1404/1179/1374 1380/1155/1350 1403/1178/1373
f 1400/1175/1370 1380/1155/1350 1404/1179/1374
f 1403/1178/1373 1402/1177/1372 1404/1179/1374
f 1405/1180/1375 1396/1171/1366 1394/1169/1364
f 1379/1154/1349 1405/1180/1375 1394/1169/1364
f 1406/1181/1376 1396/1171/1366 1405/1180/1375
f 1388/1163/1358 1389/1164/1359 1407/1182/1377
f 1396/1171/1366 1406/1181/1376 1407/1182/1377
f 1407/1182/1377 1408/1183/1378 1396/1171/1366
f 1407/1182/1377 1389/1164/1359 1408/1183/1378
f 1396/1171/1366 1409/1184/1379 1395/1170/1365
f 1396/1171/1366 1408/1183/1378 1409/1184/1379
f 1376/1151/1346 1410/1185/1380 1377/1152/1347
f 1410/1185/1380 1411/1186/1381 1377/1152/1347
f 1410/1185/1380 1412/1187/1382 1411/1186/1381
f 1386/1161/1356 1413/1188/1383 1412/1187/1382
f 1411/1186/1381 1412/1187/1382 1413/1188/1383
f 1414/1189/1384 1415/1190/1385 1416/1191/1386
f 1416/1191/1386 1415/1190/1385 1417/1192/1387
f 1365/1140/1335 1417/1192/1387 1367/1142/1337
f 1365/1140/1335 1362/1137/1332 1417/1192/1387
f 1417/1192/1387 1363/1138/1333 1416/1191/1386
f 1362/1137/1332 1363/1138/1333 1417/1192/1387
f 1367/1142/1337 1417/1192/1387 1415/1190/1385
f 1418/1193/1388 1371/1146/1341 1381/1156/1351
f 1367/1142/1337 1418/1193/1388 1366/1141/1336
f 1418/1193/1388 1381/1156/1351 1419/1194/1389
f 1366/1141/1336 1418/1193/1388 1419/1194/1389
f 1419/1194/1389 1381/1156/1351 1399/1174/1369
f 1420/1195/1390 1413/1188/1383 1386/1161/1356
f 1420/1195/1390 1386/1161/1356 1421/1196/1391
f 1421/1196/1391 1386/1161/1356 1388/1163/1358
f 1422/1197/1392 1415/1190/1385 1414/1189/1384
f 1370/1145/1340 1371/1146/1341 1422/1197/1392
f 1423/1198/1393 1371/1146/1341 1418/1193/1388
f 1422/1197/1392 1371/1146/1341 1423/1198/1393
f 1423/1198/1393 1415/1190/1385 1422/1197/1392
f 1415/1190/1385 1423/1198/1393 1367/1142/1337
f 1367/1142/1337 1423/1198/1393 1418/1193/1388
f 1424/1199/1394 1412/1187/1382 1410/1185/1380
f 1424/1199/1394 1410/1185/1380 1425/1200/1395
f 1425/1200/1395 1410/1185/1380 1376/1151/1346
f 1379/1154/1349 1377/1152/1347 1426/1201/1396
f 1426/1201/1396 1405/1180/1375 1379/1154/1349
f 1426/1201/1396 1377/1152/1347 1427/1202/1397
f 1377/1152/1347 1411/1186/1381 1427/1202/1397
f 1397/1172/1367 1428/1203/1398 1398/1173/1368
f 1398/1173/1368 1428/1203/1398 1429/1204/1398
f 1430/1205/1399 1388/1163/1358 1407/1182/1377
f 1407/1182/1377 1406/1181/1376 1430/1205/1399
f 1395/1170/1365 1409/1184/1379 1431/1206/1400
f 1395/1170/1365 1432/1207/1401 1378/1153/1348
f 1431/1206/1400 1432/1207/1401 1395/1170/1365
f 1425/1200/1395 1376/1151/1346 1432/1207/1401
f 1432/1207/1401 1376/1151/1346 1378/1153/1348
f 1412/1187/1382 1433/1208/1402 1386/1161/1356
f 1433/1208/1402 1412/1187/1382 1424/1199/1394
f 1386/1161/1356 1433/1208/1402 1387/1162/1357
f 1434/1209/1403 1393/1168/1363 1391/1166/1361
f 1435/1210/1404 1388/1163/1358 1430/1205/1399
f 1436/1211/1405 1437/1212/1406 1438/1213/1407
f 1438/1213/1407 1437/1212/1406 1439/1214/1408
f 1440/1215/1409 1441/1216/1410 1442/1217/1411
f 1442/1217/1411 1441/1216/1410 1443/1218/1412
f 1437/1212/1406 1444/1219/1413 1439/1214/1408
f 1439/1214/1408 1444/1219/1413 1445/1220/1414
f 1446/1221/1415 1447/1222/1416 1448/1223/1417
f 1448/1223/1417 1447/1222/1416 1449/1224/1418
f 1450/1225/1419 1451/1226/1420 1452/1227/1421
f 1452/1227/1421 1451/1226/1420 1453/1228/1422
f 1454/1229/1423 1455/1230/1424 1456/1231/1425
f 1456/1231/1425 1455/1230/1424 1457/1232/1426
f 1440/1215/1409 1442/1217/1411 1458/1233/1427
f 1458/1233/1427 1442/1217/1411 1459/1234/1428
f 1443/1218/1412 1460/1235/1429 1442/1217/1411
f 1461/1236/1430 1460/1235/1429 1443/1218/1412
f 1462/1237/1431 1460/1235/1429 1461/1236/1430
f 1463/1238/1432 1464/1239/1433 1465/1240/1434
f 1465/1240/1434 1464/1239/1433 1466/1241/1435
f 1464/1239/1433 1467/1242/1436 1466/1241/1435
f 1468/1243/1437 1467/1242/1436 1464/1239/1433
f 1467/1242/1436 1468/1243/1437 1457/1232/1426
f 1457/1232/1426 1469/1244/1438 1456/1231/1425
f 1457/1232/1426 1468/1243/1437 1469/1244/1438
f 1456/1231/1425 1469/1244/1438 1470/1245/1439
f 1457/1232/1426 1471/1246/1440 1467/1242/1436
f 1455/1230/1424 1471/1246/1440 1457/1232/1426
f 1467/1242/1436 1471/1246/1440 1466/1241/1435
f 1466/1241/1435 1471/1246/1440 1472/1247/1441
f 1473/1248/1442 1474/1249/1443 1475/1250/1444
f 1475/1250/1444 1474/1249/1443 1476/1251/1445
f 1477/1252/1446 1478/1253/1447 1479/1254/1448
f 1479/1254/1448 1478/1253/1447 1480/1255/1449
f 1441/1216/1410 1481/1256/1450 1443/1218/1412
f 1443/1218/1412 1481/1256/1450 1461/1236/1430
f 1470/1245/1439 1482/1257/1451 1456/1231/1425
f 1483/1258/1452 1463/1238/1432 1465/1240/1434
f 1482/1257/1451 1463/1238/1432 1483/1258/1452
f 1456/1231/1425 1482/1257/1451 1483/1258/1452
f 1484/1259/1453 1485/1260/1454 1486/1261/1455
f 1486/1261/1455 1485/1260/1454 1487/1262/1456
f 1487/1262/1456 1485/1260/1454 1488/1263/1457
f 1488/1263/1457 1485/1260/1454 1489/1264/1458
f 1488/1263/1457 1489/1264/1458 1490/1265/1459
f 1490/1265/1459 1489/1264/1458 1491/1266/1460
f 1491/1266/1460 1492/1267/1461 1490/1265/1459
f 1493/1268/1462 1492/1267/1461 1491/1266/1460
f 1486/1261/1455 1494/1269/1463 1484/1259/1453
f 1492/1267/1461 1493/1268/1462 1494/1269/1463
f 1494/1269/1463 1493/1268/1462 1495/1270/1464
f 1484/1259/1453 1494/1269/1463 1495/1270/1464
f 1451/1226/1420 1496/1271/1465 1453/1228/1422
f 1453/1228/1422 1496/1271/1465 1497/1272/1466
f 1496/1271/1465 1449/1224/1418 1497/1272/1466
f 1497/1272/1466 1449/1224/1418 1447/1222/1416
f 1493/1268/1462 1498/1273/1467 1495/1270/1464
f 1495/1270/1464 1498/1273/1467 1499/1274/1468
f 1459/1234/1428 1500/1275/1469 1458/1233/1427
f 1501/1276/1470 1500/1275/1469 1459/1234/1428
f 1481/1256/1450 1502/1277/1471 1461/1236/1430
f 1461/1236/1430 1502/1277/1471 1503/1278/1472
f 1503/1278/1472 1500/1275/1469 1501/1276/1470
f 1461/1236/1430 1503/1278/1472 1462/1237/1431
f 1502/1277/1471 1500/1275/1469 1503/1278/1472
f 1504/1279/1473 1498/1273/1467 1493/1268/1462
f 1491/1266/1460 1504/1279/1473 1493/1268/1462
f 1505/1280/1474 1504/1279/1473 1491/1266/1460
f 1506/1281/1475 1446/1221/1415 1507/1282/1476
f 1507/1282/1476 1438/1213/1407 1506/1281/1475
f 1436/1211/1405 1438/1213/1407 1507/1282/1476
f 1507/1282/1476 1446/1221/1415 1448/1223/1417
f 1475/1250/1444 1508/1283/1477 1473/1248/1442
f 1478/1253/1447 1477/1252/1446 1508/1283/1477
f 1473/1248/1442 1508/1283/1477 1509/1284/1478
f 1508/1283/1477 1477/1252/1446 1509/1284/1478
f 1510/1285/1479 1511/1286/1480 1480/1255/1449
f 1454/1229/1423 1456/1231/1425 1512/1287/1481
f 1512/1287/1481 1456/1231/1425 1483/1258/1452
f 1513/1288/1482 1466/1241/1435 1472/1247/1441
f 1465/1240/1434 1466/1241/1435 1513/1288/1482
f 1465/1240/1434 1513/1288/1482 1483/1258/1452
f 1483/1258/1452 1513/1288/1482 1512/1287/1481
f 1480/1255/1449 1511/1286/1480 1514/1289/1483
f 1514/1289/1483 1515/1290/1484 1476/1251/1445
f 1516/1291/1485 1515/1290/1484 1514/1289/1483
f 1514/1289/1483 1511/1286/1480 1516/1291/1485
f 1491/1266/1460 1517/1292/1486 1505/1280/1474
f 1459/1234/1428 1518/1293/1487 1501/1276/1470
f 1518/1293/1487 1459/1234/1428 1519/1294/1488
f 1519/1294/1488 1459/1234/1428 1442/1217/1411
f 1442/1217/1411 1460/1235/1429 1519/1294/1488
f 1476/1251/1445 1515/1290/1484 1520/1295/1489
f 1501/1276/1470 1518/1293/1487 1521/1296/1490
f 1501/1276/1470 1522/1297/1491 1503/1278/1472
f 1521/1296/1490 1522/1297/1491 1501/1276/1470
f 1462/1237/1431 1503/1278/1472 1522/1297/1491
f 1474/1249/1443 1523/1298/1492 1476/1251/1445
f 1479/1254/1448 1480/1255/1449 1523/1298/1492
f 1523/1298/1492 1480/1255/1449 1514/1289/1483
f 1476/1251/1445 1523/1298/1492 1514/1289/1483
f 1524/1299/1493 1525/1300/1494 1526/1301/1495
f 1526/1301/1495 1525/1300/1494 1527/1302/1496
f 1528/1303/1497 1527/1302/1496 1525/1300/1494
f 1529/1304/1498 1527/1302/1496 1528/1303/1497
f 1530/1305/1499 1529/1304/1498 1528/1303/1497
f 1531/1306/1500 1529/1304/1498 1530/1305/1499
f 1532/1307/1501 1524/1299/1493 1526/1301/1495
f 1533/1308/1502 1524/1299/1493 1532/1307/1501
f 1530/1305/1499 1534/1309/1503 1531/1306/1500
f 1531/1306/1500 1534/1309/1503 1535/1310/1504
f 1536/1311/1505 1537/1312/1506 1538/1313/1507
f 1538/1313/1507 1537/1312/1506 1539/1314/1508
f 1540/1315/1509 1541/1316/1510 1542/1317/1511
f 1542/1317/1511 1541/1316/1510 1543/1318/1512
f 1542/1317/1511 1543/1318/1512 1544/1319/1513
f 1544/1319/1513 1545/1320/1514 1532/1307/1501
f 1532/1307/1501 1545/1320/1514 1533/1308/1502
f 1544/1319/1513 1543/1318/1512 1545/1320/1514
f 1541/1316/1510 1540/1315/1509 1546/1321/1515
f 1546/1321/1515 1539/1314/1508 1537/1312/1506
f 1547/1322/1516 1539/1314/1508 1546/1321/1515
f 1546/1321/1515 1540/1315/1509 1547/1322/1516
f 1548/1323/1517 1549/1324/1518 1550/1325/1519
f 1551/1326/1520 1552/1327/1521 1553/1328/1522
f 1553/1328/1522 1552/1327/1521 1554/1329/1523
f 1548/1323/1517 1550/1325/1519 1554/1329/1523
f 1555/1330/1524 1556/1331/1525 1557/1332/1526
f 1558/1333/1527 1552/1327/1521 1557/1332/1526
f 1554/1329/1523 1552/1327/1521 1558/1333/1527
f 1557/1332/1526 1556/1331/1525 1558/1333/1527
f 1548/1323/1517 1554/1329/1523 1559/1334/1528
f 1559/1334/1528 1560/1335/1529 1548/1323/1517
f 1553/1328/1522 1561/1336/1530 1551/1326/1520
f 1551/1326/1520 1561/1336/1530 1562/1337/1531
f 1563/1338/1532 1549/1324/1518 1548/1323/1517
f 1563/1338/1532 1548/1323/1517 1560/1335/1529
f 1564/1339/1533 1565/1340/1534 1566/1341/1535
f 1566/1341/1535 1565/1340/1534 1567/1342/1536
f 1564/1339/1533 1566/1341/1535 1568/1343/1537
f 1568/1343/1537 1566/1341/1535 1569/1344/1538
f 1565/1340/1534 1564/1339/1533 1570/1345/1539
f 1570/1345/1539 1564/1339/1533 1571/1346/1540
f 1566/1341/1535 1572/1347/1541 1569/1344/1538
f 1569/1344/1538 1572/1347/1541 1573/1348/1542
f 1574/1349/1543 1575/1350/1544 1576/1351/1545
f 1576/1351/1545 1575/1350/1544 1577/1352/1546
f 1572/1347/1541 1566/1341/1535 1578/1353/1547
f 1578/1353/1547 1566/1341/1535 1567/1342/1536
f 1567/1342/1536 1565/1340/1534 1579/1354/1548
f 1579/1354/1548 1565/1340/1534 1580/1355/1549
f 1565/1340/1534 1570/1345/1539 1580/1355/1549
f 1581/1356/1550 1575/1350/1544 1574/1349/1543
f 1574/1349/1543 1582/1357/1551 1581/1356/1550
f 1581/1356/1550 1582/1357/1551 1583/1358/1552
f 1575/1350/1544 1584/1359/1553 1577/1352/1546
f 1584/1359/1553 1585/1360/1554 1577/1352/1546
f 1573/1348/1542 1586/1361/1555 1585/1360/1554
f 1572/1347/1541 1586/1361/1555 1573/1348/1542
f 1577/1352/1546 1586/1361/1555 1576/1351/1545
f 1577/1352/1546 1585/1360/1554 1586/1361/1555
f 1585/1360/1554 1584/1359/1553 1587/1362/1556
f 1587/1362/1556 1584/1359/1553 1588/1363/1557
f 1567/1342/1536 1589/1364/1558 1578/1353/1547
f 1579/1354/1548 1589/1364/1558 1567/1342/1536
f 1589/1364/1558 1590/1365/1559 1578/1353/1547
f 1586/1361/1555 1572/1347/1541 1591/1366/1560
f 1576/1351/1545 1586/1361/1555 1591/1366/1560
f 1591/1366/1560 1572/1347/1541 1578/1353/1547
f 1590/1365/1559 1576/1351/1545 1591/1366/1560
f 1578/1353/1547 1590/1365/1559 1591/1366/1560
f 1568/1343/1537 1592/1367/1561 1564/1339/1533
f 1564/1339/1533 1592/1367/1561 1571/1346/1540
f 1568/1343/1537 1593/1368/1562 1592/1367/1561
f 1592/1367/1561 1593/1368/1562 1594/1369/1563
f 1583/1358/1552 1595/1370/1564 1581/1356/1550
f 1581/1356/1550 1595/1370/1564 1596/1371/1565
f 1596/1371/1565 1588/1363/1557 1584/1359/1553
f 1596/1371/1565 1584/1359/1553 1575/1350/1544
f 1596/1371/1565 1575/1350/1544 1581/1356/1550
f 1595/1370/1564 1588/1363/1557 1596/1371/1565
f 1568/1343/1537 1597/1372/1566 1593/1368/1562
f 1569/1344/1538 1597/1372/1566 1568/1343/1537
f 1587/1362/1556 1598/1373/1567 1585/1360/1554
f 1569/1344/1538 1598/1373/1567 1597/1372/1566
f 1573/1348/1542 1598/1373/1567 1569/1344/1538
f 1585/1360/1554 1598/1373/1567 1573/1348/1542
f 1576/1351/1545 1599/1374/1568 1574/1349/1543
f 1599/1374/1568 1576/1351/1545 1590/1365/1559
f 1574/1349/1543 1599/1374/1568 1582/1357/1551
f 1580/1355/1549 1570/1345/1539 1600/1375/1569
f 1601/1376/1570 1602/1377/1571 1603/1378/1572
f 1603/1378/1572 1602/1377/1571 1604/1379/1573
f 1602/1377/1571 1605/1380/1574 1604/1379/1573
f 1606/1381/1575 1605/1380/1574 1602/1377/1571
f 1605/1380/1574 1606/1381/1575 1607/1382/1576
f 1607/1382/1576 1606/1381/1575 1608/1383/1577
f 1609/1376/1578 1610/1378/1579 1611/1377/1580
f 1611/1377/1580 1610/1378/1579 1612/1379/1581
f 1607/1382/1576 1608/1383/1577 1613/1384/1582
f 1613/1384/1582 1608/1383/1577 1614/1385/1583
f 1612/1379/1581 1615/1380/1584 1611/1377/1580
f 1611/1377/1580 1615/1380/1584 1616/1381/1585
f 1615/1380/1584 1617/1382/1586 1616/1381/1585
f 1616/1381/1585 1617/1382/1586 1618/1383/1587
f 1617/1382/1586 1619/1384/1588 1618/1383/1587
f 1618/1383/1587 1619/1384/1588 1620/1385/1589
f 1621/1386/1590 1622/1387/1591 1623/1388/1592
f 1623/1388/1592 1622/1387/1591 1624/1389/1593
f 1625/1390/1594 1626/1391/1595 1627/1392/1596
f 1627/1392/1596 1626/1391/1595 1628/1393/1597
f 1627/1392/1596 1629/1394/1598 1625/1390/1594
f 1625/1390/1594 1629/1394/1598 1630/1395/1599
f 1631/1396/1600 1632/1397/1601 1633/1398/1602
f 1633/1398/1602 1632/1397/1601 1634/1399/1603
f 1623/1388/1592 1635/1400/1604 1621/1386/1590
f 1621/1386/1590 1635/1400/1604 1636/1401/1605
f 1631/1396/1600 1637/1402/1606 1632/1397/1601
f 1637/1402/1606 1631/1396/1600 1638/1403/1607
f 1635/1400/1604 1638/1403/1607 1636/1401/1605
f 1637/1402/1606 1638/1403/1607 1635/1400/1604
f 1635/1400/1604 1623/1388/1592 1639/1404/1608
f 1623/1388/1592 1624/1389/1593 1640/1405/1609
f 1639/1404/1608 1623/1388/1592 1640/1405/1609
f 1641/1406/1610 1635/1400/1604 1639/1404/1608
f 1632/1397/1601 1637/1402/1606 1641/1406/1610
f 1637/1402/1606 1635/1400/1604 1641/1406/1610
f 1633/1398/1602 1642/1407/1611 1631/1396/1600
f 1638/1403/1607 1631/1396/1600 1642/1407/1611
f 1643/1408/1612 1642/1407/1611 1633/1398/1602
f 1640/1405/1609 1624/1389/1593 1644/1409/1613
f 1625/1390/1594 1630/1395/1599 1645/1410/1614
f 1645/1410/1614 1630/1395/1599 1646/1411/1615
f 1626/1391/1595 1625/1390/1594 1647/1412/1616
f 1648/1413/1617 1625/1390/1594 1645/1410/1614
f 1647/1412/1616 1625/1390/1594 1648/1413/1617
f 1647/1412/1616 1649/1414/1618 1626/1391/1595
f 1649/1414/1618 1644/1409/1613 1650/1415/1619
f 1650/1415/1619 1644/1409/1613 1624/1389/1593
f 1626/1391/1595 1650/1415/1619 1628/1393/1597
f 1626/1391/1595 1649/1414/1618 1650/1415/1619
f 1650/1415/1619 1624/1389/1593 1651/1416/1620
f 1651/1416/1620 1624/1389/1593 1622/1387/1591
f 1628/1393/1597 1650/1415/1619 1651/1416/1620
f 1652/1417/1621 1653/1418/1622 1654/1419/1623
f 1655/1420/1624 1653/1418/1622 1656/1421/1625
f 1657/1422/1626 1658/1423/1627 1659/1424/1628
f 1659/1424/1628 1658/1423/1627 1660/1425/1629
f 1661/1426/1630 1662/1427/1631 1663/1428/1632
f 1664/1429/1633 1665/1430/1634 1666/1431/1635
f 1666/1431/1635 1665/1430/1634 1667/1432/1636
f 1668/1433/1637 1669/1434/1638 1670/1435/1639
f 1670/1435/1639 1669/1434/1638 1671/1436/1640
f 1672/1437/1641 1673/1438/1642 1674/1439/1643
f 1674/1439/1643 1673/1438/1642 1675/1440/1644
f 1676/1441/1645 1677/1442/1646 1678/1443/1647
f 1678/1443/1647 1677/1442/1646 1679/1444/1648
f 1674/1439/1643 1675/1440/1644 1680/1445/1649
f 1681/1446/1650 1680/1445/1649 1682/1447/1651
f 1680/1445/1649 1675/1440/1644 1683/1448/1652
f 1682/1447/1651 1680/1445/1649 1683/1448/1652
f 1684/1449/1653 1685/1450/1654 1686/1451/1655
f 1686/1451/1655 1685/1450/1654 1687/1452/1656
f 1688/1453/1657 1689/1454/1658 1690/1455/1659
f 1690/1455/1659 1689/1454/1658 1691/1456/1660
f 1691/1456/1660 1692/1457/1661 1690/1455/1659
f 1693/1458/1662 1692/1457/1661 1691/1456/1660
f 1694/1459/1663 1695/1460/1664 1696/1461/1665
f 1696/1461/1665 1695/1460/1664 1697/1462/1666
f 1676/1441/1645 1698/1463/1667 1699/1464/1668
f 1698/1463/1667 1700/1465/1669 1699/1464/1668
f 1699/1464/1668 1700/1465/1669 1701/1466/1670
f 1685/1450/1654 1702/1467/1671 1687/1452/1656
f 1687/1452/1656 1702/1467/1671 1703/1468/1672
f 1693/1458/1662 1704/1469/1673 1692/1457/1661
f 1705/1470/1674 1704/1469/1673 1693/1458/1662
f 1705/1470/1674 1706/1471/1675 1704/1469/1673
f 1704/1469/1673 1706/1471/1675 1665/1430/1634
f 1665/1430/1634 1706/1471/1675 1667/1432/1636
f 1678/1443/1647 1679/1444/1648 1707/1472/1676
f 1679/1444/1648 1708/1473/1677 1707/1472/1676
f 1709/1474/1678 1708/1473/1677 1679/1444/1648
f 1685/1450/1654 1684/1449/1653 1710/1475/1679
f 1684/1449/1653 1711/1476/1680 1710/1475/1679
f 1711/1476/1680 1712/1477/1681 1710/1475/1679
f 1713/1478/1682 1653/1418/1622 1655/1420/1624
f 1714/1479/1683 1653/1418/1622 1713/1478/1682
f 1658/1423/1627 1715/1480/1684 1660/1425/1629
f 1660/1425/1629 1715/1480/1684 1716/1481/1685
f 1669/1434/1638 1717/1482/1686 1671/1436/1640
f 1671/1436/1640 1717/1482/1686 1718/1483/1687
f 1719/1484/1688 1720/1485/1689 1721/1486/1690
f 1721/1486/1690 1720/1485/1689 1722/1487/1691
f 1670/1435/1639 1671/1436/1640 1723/1488/1692
f 1718/1483/1687 1724/1489/1693 1671/1436/1640
f 1723/1488/1692 1671/1436/1640 1724/1489/1693
f 1725/1490/1694 1726/1491/1695 1727/1492/1696
f 1726/1491/1695 1721/1486/1690 1728/1493/1697
f 1727/1492/1696 1726/1491/1695 1728/1493/1697
f 1692/1457/1661 1704/1469/1673 1729/1494/1698
f 1692/1457/1661 1729/1494/1698 1690/1455/1659
f 1729/1494/1698 1704/1469/1673 1730/1495/1699
f 1730/1495/1699 1665/1430/1634 1664/1429/1633
f 1704/1469/1673 1665/1430/1634 1730/1495/1699
f 1721/1486/1690 1722/1487/1691 1731/1496/1700
f 1728/1493/1697 1721/1486/1690 1731/1496/1700
f 1662/1427/1631 1732/1497/1701 1733/1498/1702
f 1731/1496/1700 1722/1487/1691 1734/1499/1703
f 1701/1466/1670 1734/1499/1703 1722/1487/1691
f 1700/1465/1669 1734/1499/1703 1701/1466/1670
f 1735/1500/1704 1736/1501/1705 1737/1502/1706
f 1737/1502/1706 1736/1501/1705 1738/1503/1707
f 1718/1483/1687 1697/1462/1666 1739/1504/1708
f 1739/1504/1708 1697/1462/1666 1695/1460/1664
f 1739/1504/1708 1724/1489/1693 1718/1483/1687
f 1740/1505/1709 1741/1506/1710 1742/1507/1711
f 1743/1508/1712 1729/1494/1698 1742/1507/1711
f 1742/1507/1711 1741/1506/1710 1743/1508/1712
f 1690/1455/1659 1729/1494/1698 1743/1508/1712
f 1741/1506/1710 1688/1453/1657 1743/1508/1712
f 1743/1508/1712 1688/1453/1657 1690/1455/1659
f 1744/1509/1713 1745/1510/1714 1746/1511/1715
f 1746/1511/1715 1745/1510/1714 1747/1512/1716
f 1738/1503/1707 1748/1513/1717 1737/1502/1706
f 1737/1502/1706 1748/1513/1717 1749/1514/1718
f 1720/1485/1689 1750/1515/1719 1722/1487/1691
f 1722/1487/1691 1750/1515/1719 1701/1466/1670
f 1750/1515/1719 1751/1516/1720 1701/1466/1670
f 1676/1441/1645 1751/1516/1720 1677/1442/1646
f 1699/1464/1668 1751/1516/1720 1676/1441/1645
f 1701/1466/1670 1751/1516/1720 1699/1464/1668
f 1752/1517/1721 1748/1513/1717 1716/1481/1685
f 1749/1514/1718 1748/1513/1717 1752/1517/1721
f 1753/1518/1722 1754/1519/1723 1755/1520/1724
f 1755/1520/1724 1754/1519/1723 1756/1521/1725
f 1729/1494/1698 1730/1495/1699 1757/1522/1726
f 1742/1507/1711 1729/1494/1698 1757/1522/1726
f 1709/1474/1678 1758/1523/1727 1708/1473/1677
f 1708/1473/1677 1758/1523/1727 1759/1524/1728
f 1682/1447/1651 1683/1448/1652 1760/1525/1729
f 1673/1438/1642 1761/1526/1730 1675/1440/1644
f 1761/1526/1730 1683/1448/1652 1675/1440/1644
f 1760/1525/1729 1683/1448/1652 1761/1526/1730
f 1762/1527/1731 1718/1483/1687 1717/1482/1686
f 1697/1462/1666 1718/1483/1687 1762/1527/1731
f 1697/1462/1666 1763/1528/1732 1696/1461/1665
f 1762/1527/1731 1763/1528/1732 1697/1462/1666
f 1764/1529/1733 1765/1530/1734 1766/1531/1735
f 1766/1531/1735 1765/1530/1734 1767/1532/1736
f 1672/1437/1641 1767/1532/1736 1673/1438/1642
f 1730/1495/1699 1664/1429/1633 1768/1533/1737
f 1757/1522/1726 1730/1495/1699 1768/1533/1737
f 1673/1438/1642 1767/1532/1736 1769/1534/1738
f 1769/1534/1738 1767/1532/1736 1765/1530/1734
f 1769/1534/1738 1761/1526/1730 1673/1438/1642
f 1768/1533/1737 1664/1429/1633 1770/1535/1739
f 1738/1503/1707 1771/1536/1740 1748/1513/1717
f 1772/1537/1741 1738/1503/1707 1736/1501/1705
f 1771/1536/1740 1738/1503/1707 1772/1537/1741
f 1773/1538/1742 1774/1539/1743 1775/1540/1744
f 1775/1540/1744 1774/1539/1743 1776/1541/1745
f 1748/1513/1717 1771/1536/1740 1777/1542/1746
f 1778/1543/1747 1779/1544/1748 1662/1427/1631
f 1774/1539/1743 1780/1545/1749 1776/1541/1745
f 1776/1541/1745 1780/1545/1749 1781/1546/1750
f 1776/1541/1745 1781/1546/1750 1719/1484/1688
f 1719/1484/1688 1781/1546/1750 1720/1485/1689
f 1751/1516/1720 1750/1515/1719 1782/1547/1751
f 1677/1442/1646 1751/1516/1720 1782/1547/1751
f 1782/1547/1751 1750/1515/1719 1783/1548/1752
f 1720/1485/1689 1783/1548/1752 1750/1515/1719
f 1781/1546/1750 1783/1548/1752 1720/1485/1689
f 1667/1432/1636 1784/1549/1753 1702/1467/1671
f 1702/1467/1671 1784/1549/1753 1703/1468/1672
f 1667/1432/1636 1706/1471/1675 1784/1549/1753
f 1785/1550/1754 1667/1432/1636 1702/1467/1671
f 1666/1431/1635 1667/1432/1636 1785/1550/1754
f 1785/1550/1754 1685/1450/1654 1710/1475/1679
f 1702/1467/1671 1685/1450/1654 1785/1550/1754
f 1774/1539/1743 1773/1538/1742 1786/1551/1755
f 1787/1552/1756 1788/1553/1757 1786/1551/1755
f 1786/1551/1755 1788/1553/1757 1789/1554/1758
f 1760/1525/1729 1780/1545/1749 1789/1554/1758
f 1789/1554/1758 1774/1539/1743 1786/1551/1755
f 1780/1545/1749 1774/1539/1743 1789/1554/1758
f 1790/1555/1759 1773/1538/1742 1775/1540/1744
f 1791/1556/1760 1773/1538/1742 1790/1555/1759
f 1786/1551/1755 1792/1557/1761 1787/1552/1756
f 1792/1557/1761 1793/1558/1762 1794/1559/1763
f 1794/1559/1763 1793/1558/1762 1795/1560/1764
f 1660/1425/1629 1716/1481/1685 1796/1561/1765
f 1716/1481/1685 1748/1513/1717 1797/1562/1766
f 1796/1561/1765 1716/1481/1685 1797/1562/1766
f 1797/1562/1766 1748/1513/1717 1777/1542/1746
f 1798/1563/1767 1781/1546/1750 1780/1545/1749
f 1798/1563/1767 1780/1545/1749 1760/1525/1729
f 1783/1548/1752 1781/1546/1750 1798/1563/1767
f 1747/1512/1716 1745/1510/1714 1799/1564/1768
f 1799/1564/1768 1745/1510/1714 1800/1565/1769
f 1657/1422/1626 1659/1424/1628 1801/1566/1770
f 1801/1566/1770 1659/1424/1628 1802/1567/1771
f 1793/1558/1762 1792/1557/1761 1803/1568/1772
f 1803/1568/1772 1792/1557/1761 1804/1569/1773
f 1786/1551/1755 1773/1538/1742 1804/1569/1773
f 1804/1569/1773 1792/1557/1761 1786/1551/1755
f 1803/1568/1772 1804/1569/1773 1791/1556/1760
f 1791/1556/1760 1804/1569/1773 1773/1538/1742
f 1802/1567/1771 1805/1570/1774 1801/1566/1770
f 1806/1571/1775 1805/1570/1774 1802/1567/1771
f 1805/1570/1774 1806/1571/1775 1807/1572/1776
f 1807/1572/1776 1806/1571/1775 1808/1573/1777
f 1753/1518/1722 1809/1574/1778 1745/1510/1714
f 1745/1510/1714 1809/1574/1778 1800/1565/1769
f 1696/1461/1665 1810/1575/1779 1694/1459/1663
f 1694/1459/1663 1810/1575/1779 1811/1576/1780
f 1678/1443/1647 1812/1577/1781 1676/1441/1645
f 1812/1577/1781 1678/1443/1647 1813/1578/1782
f 1813/1578/1782 1678/1443/1647 1707/1472/1676
f 1814/1579/1783 1698/1463/1667 1676/1441/1645
f 1676/1441/1645 1812/1577/1781 1814/1579/1783
f 1725/1490/1694 1815/1580/1784 1726/1491/1695
f 1719/1484/1688 1816/1581/1785 1776/1541/1745
f 1815/1580/1784 1790/1555/1759 1816/1581/1785
f 1776/1541/1745 1816/1581/1785 1775/1540/1744
f 1816/1581/1785 1721/1486/1690 1726/1491/1695
f 1719/1484/1688 1721/1486/1690 1816/1581/1785
f 1726/1491/1695 1815/1580/1784 1816/1581/1785
f 1816/1581/1785 1790/1555/1759 1775/1540/1744
f 1817/1582/1786 1818/1583/1787 1755/1520/1724
f 1755/1520/1724 1818/1583/1787 1753/1518/1722
f 1753/1518/1722 1818/1583/1787 1809/1574/1778
f 1745/1510/1714 1744/1509/1713 1819/1584/1788
f 1753/1518/1722 1745/1510/1714 1819/1584/1788
f 1754/1519/1723 1753/1518/1722 1819/1584/1788
f 1712/1477/1681 1711/1476/1680 1820/1585/1789
f 1820/1585/1789 1711/1476/1680 1821/1586/1790
f 1714/1479/1683 1822/1587/1791 1653/1418/1622
f 1823/1588/1792 1767/1532/1736 1672/1437/1641
f 1824/1589/1793 1696/1461/1665 1763/1528/1732
f 1810/1575/1779 1696/1461/1665 1824/1589/1793
f 1825/1590/1794 1735/1500/1704 1737/1502/1706
f 1826/1591/1795 1735/1500/1704 1825/1590/1794
f 1663/1428/1632 1662/1427/1631 1827/1592/1796
f 1827/1592/1796 1662/1427/1631 1828/1593/1797
f 1828/1593/1797 1662/1427/1631 1829/1594/1798
f 1829/1594/1798 1662/1427/1631 1779/1544/1748
f 1830/1595/1799 1653/1418/1622 1652/1417/1621
f 1830/1595/1799 1831/1596/1800 1653/1418/1622
f 1831/1596/1800 1656/1421/1625 1653/1418/1622
f 1778/1543/1747 1662/1427/1631 1832/1597/1801
f 1733/1498/1702 1832/1597/1801 1662/1427/1631
f 1794/1559/1763 1833/1598/1802 1792/1557/1761
f 1737/1502/1706 1834/1599/1803 1825/1590/1794
f 1661/1426/1630 1835/1600/1804 1662/1427/1631
f 1732/1497/1701 1662/1427/1631 1835/1600/1804
f 1836/1601/1805 1653/1418/1622 1822/1587/1791
f 1837/1602/1806 1653/1418/1622 1836/1601/1805
f 1837/1602/1806 1654/1419/1623 1653/1418/1622
f 1838/1603/1807 1839/1604/1808 1840/1605/1809
f 1840/1605/1809 1839/1604/1808 1841/1606/1810
f 1842/1607/1811 1843/1608/1812 1844/1609/1813
f 1844/1609/1813 1843/1608/1812 1845/1610/1814
f 1846/1611/1815 1847/1612/1816 1848/1613/1817
f 1848/1613/1817 1847/1612/1816 1849/1614/1818
f 1850/1615/1819 1851/1616/1820 1852/1617/1821
f 1851/1616/1820 1842/1607/1811 1853/1618/1822
f 1842/1607/1811 1844/1609/1813 1853/1618/1822
f 1852/1617/1821 1851/1616/1820 1853/1618/1822
f 1853/1618/1822 1844/1609/1813 1854/1619/1823
f 1855/1620/1824 1856/1621/1825 1854/1619/1823
f 1853/1618/1822 1857/1622/1826 1852/1617/1821
f 1854/1619/1823 1857/1622/1826 1853/1618/1822
f 1854/1619/1823 1856/1621/1825 1857/1622/1826
f 1858/1623/1827 1843/1608/1812 1859/1624/1828
f 1858/1623/1827 1859/1624/1828 1860/1625/1829
f 1860/1625/1829 1859/1624/1828 1861/1626/1830
f 1859/1624/1828 1846/1611/1815 1861/1626/1830
f 1862/1627/1831 1843/1608/1812 1858/1623/1827
f 1843/1608/1812 1862/1627/1831 1845/1610/1814
f 1845/1610/1814 1862/1627/1831 1863/1628/1832
f 1864/1629/1833 1865/1630/1834 1863/1628/1832
f 1866/1631/1835 1865/1630/1834 1864/1629/1833
f 1858/1623/1827 1867/1632/1836 1862/1627/1831
f 1868/1633/1837 1863/1628/1832 1862/1627/1831
f 1862/1627/1831 1867/1632/1836 1868/1633/1837
f 1864/1629/1833 1863/1628/1832 1868/1633/1837
f 1869/1634/1838 1851/1616/1820 1850/1615/1819
f 1870/1635/1839 1846/1611/1815 1848/1613/1817
f 1848/1613/1817 1871/1636/1840 1870/1635/1839
f 1870/1635/1839 1871/1636/1840 1872/1637/1841
f 1872/1637/1841 1871/1636/1840 1873/1638/1842
f 1874/1639/1843 1842/1607/1811 1851/1616/1820
f 1874/1639/1843 1846/1611/1815 1859/1624/1828
f 1842/1607/1811 1874/1639/1843 1843/1608/1812
f 1846/1611/1815 1874/1639/1843 1847/1612/1816
f 1843/1608/1812 1874/1639/1843 1859/1624/1828
f 1844/1609/1813 1875/1640/1844 1854/1619/1823
f 1854/1619/1823 1875/1640/1844 1855/1620/1824
f 1845/1610/1814 1876/1641/1845 1844/1609/1813
f 1844/1609/1813 1876/1641/1845 1875/1640/1844
f 1865/1630/1834 1876/1641/1845 1863/1628/1832
f 1863/1628/1832 1876/1641/1845 1845/1610/1814
f 1840/1605/1809 1841/1606/1810 1877/1642/1846
f 1868/1633/1837 1867/1632/1836 1877/1642/1846
f 1878/1643/1847 1868/1633/1837 1877/1642/1846
f 1864/1629/1833 1868/1633/1837 1878/1643/1847
f 1877/1642/1846 1841/1606/1810 1878/1643/1847
f 1879/1644/1848 1880/1645/1849 1881/1646/1850
f 1881/1646/1850 1880/1645/1849 1882/1647/1851
f 1883/1648/1852 1858/1623/1827 1860/1625/1829
f 1867/1632/1836 1858/1623/1827 1883/1648/1852
f 1884/1649/1853 1883/1648/1852 1860/1625/1829
f 1885/1650/1854 1883/1648/1852 1884/1649/1853
f 1886/1651/1855 1881/1646/1850 1882/1647/1851
f 1887/1652/1856 1881/1646/1850 1886/1651/1855
f 1861/1626/1830 1846/1611/1815 1888/1653/1857
f 1870/1635/1839 1872/1637/1841 1888/1653/1857
f 1861/1626/1830 1888/1653/1857 1860/1625/1829
f 1888/1653/1857 1846/1611/1815 1870/1635/1839
f 1884/1649/1853 1860/1625/1829 1888/1653/1857
f 1889/1654/1858 1884/1649/1853 1888/1653/1857
f 1888/1653/1857 1872/1637/1841 1889/1654/1858
f 1890/1655/1859 1891/1656/1860 1892/1657/1861
f 1872/1637/1841 1873/1638/1842 1893/1658/1862
f 1893/1658/1862 1889/1654/1858 1872/1637/1841
f 1892/1657/1861 1891/1656/1860 1893/1658/1862
f 1893/1658/1862 1873/1638/1842 1892/1657/1861
f 1894/1659/1863 1889/1654/1858 1893/1658/1862
f 1889/1654/1858 1894/1659/1863 1884/1649/1853
f 1895/1660/1864 1885/1650/1854 1884/1649/1853
f 1884/1649/1853 1894/1659/1863 1895/1660/1864
f 1896/1661/1865 1895/1660/1864 1897/1662/1866
f 1891/1656/1860 1897/1662/1866 1893/1658/1862
f 1897/1662/1866 1895/1660/1864 1894/1659/1863
f 1893/1658/1862 1897/1662/1866 1894/1659/1863
f 1898/1663/1867 1880/1645/1849 1899/1664/1868
f 1899/1664/1868 1880/1645/1849 1900/1665/1869
f 1879/1644/1848 1900/1665/1869 1880/1645/1849
f 1849/1614/1818 1901/1666/1870 1848/1613/1817
f 1902/1667/1871 1871/1636/1840 1848/1613/1817
f 1848/1613/1817 1901/1666/1870 1902/1667/1871
f 1896/1661/1865 1903/1668/1872 1895/1660/1864
f 1904/1669/1873 1887/1652/1856 1886/1651/1855
f 1903/1668/1872 1887/1652/1856 1904/1669/1873
f 1904/1669/1873 1886/1651/1855 1885/1650/1854
f 1895/1660/1864 1903/1668/1872 1904/1669/1873
f 1904/1669/1873 1885/1650/1854 1895/1660/1864
f 1905/1670/1874 1874/1639/1843 1851/1616/1820
f 1906/1671/1875 1905/1670/1874 1851/1616/1820
f 1907/1672/1876 1905/1670/1874 1906/1671/1875
f 1880/1645/1849 1908/1673/1877 1882/1647/1851
f 1898/1663/1867 1908/1673/1877 1880/1645/1849
f 1886/1651/1855 1882/1647/1851 1909/1674/1878
f 1909/1674/1878 1883/1648/1852 1885/1650/1854
f 1885/1650/1854 1886/1651/1855 1909/1674/1878
f 1909/1674/1878 1882/1647/1851 1908/1673/1877
f 1899/1664/1868 1910/1675/1879 1898/1663/1867
f 1898/1663/1867 1910/1675/1879 1911/1676/1880
f 1911/1676/1880 1910/1675/1879 1912/1677/1881
f 1912/1677/1881 1910/1675/1879 1913/1678/1882
f 1914/1679/1883 1915/1680/1884 1912/1677/1881
f 1916/1681/1885 1911/1676/1880 1912/1677/1881
f 1912/1677/1881 1915/1680/1884 1916/1681/1885
f 1907/1672/1876 1917/1682/1886 1918/1683/1887
f 1850/1615/1819 1852/1617/1821 1919/1684/1888
f 1917/1682/1886 1919/1684/1888 1918/1683/1887
f 1919/1684/1888 1838/1603/1807 1920/1685/1889
f 1919/1684/1888 1920/1685/1889 1918/1683/1887
f 1838/1603/1807 1840/1605/1809 1920/1685/1889
f 1916/1681/1885 1915/1680/1884 1920/1685/1889
f 1908/1673/1877 1898/1663/1867 1921/1686/1890
f 1921/1686/1890 1911/1676/1880 1916/1681/1885
f 1921/1686/1890 1898/1663/1867 1911/1676/1880
f 1908/1673/1877 1921/1686/1890 1909/1674/1878
f 1922/1687/1891 1839/1604/1808 1838/1603/1807
f 1919/1684/1888 1852/1617/1821 1922/1687/1891
f 1922/1687/1891 1838/1603/1807 1919/1684/1888
f 1852/1617/1821 1857/1622/1826 1922/1687/1891
f 1840/1605/1809 1923/1688/1892 1920/1685/1889
f 1920/1685/1889 1923/1688/1892 1916/1681/1885
f 1923/1688/1892 1924/1689/1893 1916/1681/1885
f 1924/1689/1893 1921/1686/1890 1916/1681/1885
f 1905/1670/1874 1925/1690/1894 1874/1639/1843
f 1874/1639/1843 1925/1690/1894 1847/1612/1816
f 1920/1685/1889 1915/1680/1884 1926/1691/1895
f 1918/1683/1887 1920/1685/1889 1926/1691/1895
f 1912/1677/1881 1927/1692/1896 1914/1679/1883
f 1913/1678/1882 1927/1692/1896 1912/1677/1881
f 1928/1693/1897 1883/1648/1852 1909/1674/1878
f 1924/1689/1893 1923/1688/1892 1928/1693/1897
f 1921/1686/1890 1924/1689/1893 1928/1693/1897
f 1909/1674/1878 1921/1686/1890 1928/1693/1897
f 1840/1605/1809 1929/1694/1898 1923/1688/1892
f 1928/1693/1897 1923/1688/1892 1929/1694/1898
f 1877/1642/1846 1867/1632/1836 1929/1694/1898
f 1928/1693/1897 1929/1694/1898 1883/1648/1852
f 1877/1642/1846 1929/1694/1898 1840/1605/1809
f 1883/1648/1852 1929/1694/1898 1867/1632/1836
f 1850/1615/1819 1919/1684/1888 1930/1695/1899
f 1931/1696/1900 1932/1697/1901 1856/1621/1825
f 1922/1687/1891 1857/1622/1826 1932/1697/1901
f 1856/1621/1825 1932/1697/1901 1857/1622/1826
f 1932/1697/1901 1839/1604/1808 1922/1687/1891
f 1839/1604/1808 1932/1697/1901 1933/1698/1902
f 1933/1698/1902 1932/1697/1901 1931/1696/1900
f 1934/1699/1903 1864/1629/1833 1878/1643/1847
f 1866/1631/1835 1864/1629/1833 1934/1699/1903
f 1839/1604/1808 1935/1700/1904 1841/1606/1810
f 1841/1606/1810 1935/1700/1904 1878/1643/1847
f 1878/1643/1847 1935/1700/1904 1934/1699/1903
f 1933/1698/1902 1935/1700/1904 1839/1604/1808
f 1936/1701/1905 1900/1665/1869 1879/1644/1848
f 1937/1702/1906 1938/1703/1907 1939/1704/1908
f 1939/1704/1908 1938/1703/1907 1940/1705/1909
f 1910/1675/1879 1941/1706/1910 1913/1678/1882
f 1942/1707/1911 1941/1706/1910 1910/1675/1879
f 1943/1708/1912 1940/1705/1909 1938/1703/1907
f 1943/1708/1912 1944/1709/1913 1945/1710/1914
f 1945/1710/1914 1940/1705/1909 1943/1708/1912
f 1913/1678/1882 1941/1706/1910 1946/1711/1915
f 1927/1692/1896 1946/1711/1915 1944/1709/1913
f 1913/1678/1882 1946/1711/1915 1927/1692/1896
f 1945/1710/1914 1944/1709/1913 1946/1711/1915
f 1947/1712/1916 1948/1713/1917 1949/1714/1918
f 1949/1714/1918 1948/1713/1917 1950/1715/1919
f 1951/1716/1920 1952/1717/1921 1953/1718/1922
f 1899/1664/1868 1900/1665/1869 1954/1719/1923
f 1954/1719/1923 1910/1675/1879 1899/1664/1868
f 1942/1707/1911 1910/1675/1879 1954/1719/1923
f 1900/1665/1869 1936/1701/1905 1955/1720/1924
f 1954/1719/1923 1900/1665/1869 1955/1720/1924
f 1939/1704/1908 1956/1721/1925 1937/1702/1906
f 1956/1721/1925 1939/1704/1908 1957/1722/1926
f 1957/1722/1926 1939/1704/1908 1958/1723/1927
f 1940/1705/1909 1958/1723/1927 1939/1704/1908
f 1959/1724/1928 1958/1723/1927 1940/1705/1909
f 1945/1710/1914 1959/1724/1928 1940/1705/1909
f 1937/1702/1906 1956/1721/1925 1960/1725/1929
f 1937/1702/1906 1960/1725/1929 1961/1726/1930
f 1961/1726/1930 1960/1725/1929 1962/1727/1931
f 1960/1725/1929 1963/1728/1932 1962/1727/1931
f 1962/1727/1931 1963/1728/1932 1964/1729/1933
f 1965/1730/1934 1937/1702/1906 1961/1726/1930
f 1938/1703/1907 1937/1702/1906 1965/1730/1934
f 1966/1731/1935 1965/1730/1934 1961/1726/1930
f 1962/1727/1931 1966/1731/1935 1961/1726/1930
f 1967/1732/1936 1965/1730/1934 1966/1731/1935
f 1968/1733/1937 1969/1734/1938 1970/1735/1939
f 1970/1735/1939 1969/1734/1938 1971/1736/1940
f 1946/1711/1915 1941/1706/1910 1972/1737/1941
f 1963/1728/1932 1960/1725/1929 1973/1738/1942
f 1973/1738/1942 1960/1725/1929 1956/1721/1925
f 1956/1721/1925 1957/1722/1926 1973/1738/1942
f 1972/1737/1941 1974/1739/1943 1946/1711/1915
f 1946/1711/1915 1974/1739/1943 1945/1710/1914
f 1974/1739/1943 1959/1724/1928 1945/1710/1914
f 1949/1714/1918 1953/1718/1922 1975/1740/1944
f 1952/1717/1921 1975/1740/1944 1953/1718/1922
f 1949/1714/1918 1975/1740/1944 1947/1712/1916
f 1947/1712/1916 1975/1740/1944 1976/1741/1945
f 1977/1742/1946 1978/1743/1947 1873/1638/1842
f 1978/1743/1947 1890/1655/1859 1892/1657/1861
f 1873/1638/1842 1978/1743/1947 1892/1657/1861
f 1979/1744/1948 1980/1745/1949 1981/1746/1950
f 1982/1747/1951 1950/1715/1919 1981/1746/1950
f 1982/1747/1951 1951/1716/1920 1953/1718/1922
f 1980/1745/1949 1951/1716/1920 1982/1747/1951
f 1981/1746/1950 1980/1745/1949 1982/1747/1951
f 1949/1714/1918 1950/1715/1919 1982/1747/1951
f 1982/1747/1951 1953/1718/1922 1949/1714/1918
f 1968/1733/1937 1983/1748/1952 1969/1734/1938
f 1966/1731/1935 1983/1748/1952 1967/1732/1936
f 1967/1732/1936 1983/1748/1952 1984/1749/1953
f 1968/1733/1937 1984/1749/1953 1983/1748/1952
f 1969/1734/1938 1985/1750/1954 1971/1736/1940
f 1985/1750/1954 1986/1751/1955 1971/1736/1940
f 1971/1736/1940 1986/1751/1955 1987/1752/1956
f 1979/1744/1948 1987/1752/1956 1986/1751/1955
f 1971/1736/1940 1987/1752/1956 1970/1735/1939
f 1981/1746/1950 1987/1752/1956 1979/1744/1948
f 1988/1753/1957 1985/1750/1954 1969/1734/1938
f 1988/1753/1957 1969/1734/1938 1989/1754/1958
f 1989/1754/1958 1969/1734/1938 1990/1755/1959
f 1969/1734/1938 1983/1748/1952 1990/1755/1959
f 1901/1666/1870 1991/1756/1960 1902/1667/1871
f 1992/1757/1961 1991/1756/1960 1993/1758/1962
f 1993/1758/1962 1991/1756/1960 1994/1759/1963
f 1995/1760/1964 1984/1749/1953 1968/1733/1937
f 1990/1755/1959 1996/1761/1965 1989/1754/1958
f 1997/1762/1966 1996/1761/1965 1990/1755/1959
f 1996/1761/1965 1997/1762/1966 1964/1729/1933
f 1966/1731/1935 1997/1762/1966 1983/1748/1952
f 1983/1748/1952 1997/1762/1966 1990/1755/1959
f 1997/1762/1966 1966/1731/1935 1962/1727/1931
f 1964/1729/1933 1997/1762/1966 1962/1727/1931
f 1998/1763/1967 1991/1756/1960 1901/1666/1870
f 1991/1756/1960 1998/1763/1967 1994/1759/1963
f 1976/1741/1945 1999/1764/1968 1947/1712/1916
f 1994/1759/1963 1999/1764/1968 1976/1741/1945
f 1994/1759/1963 1998/1763/1967 1999/1764/1968
f 2000/1765/1969 1890/1655/1859 1978/1743/1947
f 1970/1735/1939 2001/1766/1970 1968/1733/1937
f 1968/1733/1937 2001/1766/1970 1995/1760/1964
f 2001/1766/1970 1970/1735/1939 2002/1767/1971
f 1950/1715/1919 1948/1713/1917 2003/1768/1972
f 1970/1735/1939 1987/1752/1956 2003/1768/1972
f 1981/1746/1950 2003/1768/1972 1987/1752/1956
f 1950/1715/1919 2003/1768/1972 1981/1746/1950
f 2003/1768/1972 1948/1713/1917 2002/1767/1971
f 2002/1767/1971 1970/1735/1939 2003/1768/1972
f 2004/1769/1973 1975/1740/1944 1952/1717/1921
f 2004/1769/1973 1976/1741/1945 1975/1740/1944
f 1992/1757/1961 2005/1770/1974 1991/1756/1960
f 1991/1756/1960 2005/1770/1974 1902/1667/1871
f 2006/1771/1975 1873/1638/1842 1871/1636/1840
f 1902/1667/1871 2006/1771/1975 1871/1636/1840
f 1977/1742/1946 1873/1638/1842 2006/1771/1975
f 2005/1770/1974 2006/1771/1975 1902/1667/1871
f 1993/1758/1962 1994/1759/1963 2007/1772/1976
f 2007/1772/1976 1994/1759/1963 1976/1741/1945
f 2007/1772/1976 1976/1741/1945 2004/1769/1973
f 1978/1743/1947 2008/1773/1977 2000/1765/1969
f 2009/1774/1978 2010/1775/1979 2011/1776/1980
f 2011/1776/1980 2010/1775/1979 2012/1777/1981
f 1907/1672/1876 2012/1777/1981 1905/1670/1874
f 1905/1670/1874 2012/1777/1981 1925/1690/1894
f 2011/1776/1980 2012/1777/1981 1907/1672/1876
f 2010/1775/1979 2013/1778/1982 2012/1777/1981
f 2012/1777/1981 2013/1778/1982 2014/1779/1983
f 2015/1780/1984 2016/1781/1985 2017/1782/1986
f 1999/1764/1968 1998/1763/1967 2018/1783/1987
f 2018/1783/1987 2019/1784/1988 1999/1764/1968
f 1948/1713/1917 2020/1785/1989 2002/1767/1971
f 1999/1764/1968 2019/1784/1988 2020/1785/1989
f 1999/1764/1968 2020/1785/1989 1947/1712/1916
f 1947/1712/1916 2020/1785/1989 1948/1713/1917
f 2012/1777/1981 2021/1786/1990 1925/1690/1894
f 1925/1690/1894 2021/1786/1990 1847/1612/1816
f 2014/1779/1983 2021/1786/1990 2012/1777/1981
f 2002/1767/1971 2020/1785/1989 2022/1787/1991
f 2020/1785/1989 2019/1784/1988 2022/1787/1991
f 2002/1767/1971 2022/1787/1991 2001/1766/1970
f 2022/1787/1991 2019/1784/1988 2023/1788/1992
f 2024/1789/1993 2021/1786/1990 2025/1790/1994
f 2025/1790/1994 2021/1786/1990 2014/1779/1983
f 1847/1612/1816 2021/1786/1990 2026/1791/1995
f 2024/1789/1993 2026/1791/1995 2021/1786/1990
f 2026/1791/1995 1849/1614/1818 1847/1612/1816
f 2027/1792/1996 1849/1614/1818 2026/1791/1995
f 2027/1792/1996 2026/1791/1995 2016/1781/1985
f 1998/1763/1967 1901/1666/1870 2028/1793/1997
f 2018/1783/1987 1998/1763/1967 2028/1793/1997
f 2018/1783/1987 2028/1793/1997 2029/1794/1998
f 2029/1794/1998 2028/1793/1997 2030/1795/1999
f 2009/1774/1978 2031/1796/2000 2010/1775/1979
f 2010/1775/1979 2032/1797/2001 2013/1778/1982
f 2031/1796/2000 2032/1797/2001 2010/1775/1979
f 2022/1787/1991 2033/1798/2002 2001/1766/1970
f 2022/1787/1991 2023/1788/1992 2033/1798/2002
f 2033/1798/2002 2023/1788/1992 2034/1799/2003
f 2031/1796/2000 2034/1799/2003 2032/1797/2001
f 2001/1766/1970 2035/1800/2004 1995/1760/1964
f 2033/1798/2002 2034/1799/2003 2035/1800/2004
f 2035/1800/2004 2034/1799/2003 2031/1796/2000
f 2033/1798/2002 2035/1800/2004 2001/1766/1970
f 1995/1760/1964 2035/1800/2004 2036/1801/2005
f 2035/1800/2004 2031/1796/2000 2036/1801/2005
f 2037/1802/2006 1849/1614/1818 2027/1792/1996
f 2037/1802/2006 2030/1795/1999 2028/1793/1997
f 1901/1666/1870 1849/1614/1818 2037/1802/2006
f 2028/1793/1997 1901/1666/1870 2037/1802/2006
f 2037/1802/2006 2027/1792/1996 2038/1803/2007
f 2038/1803/2007 2027/1792/1996 2016/1781/1985
f 2038/1803/2007 2030/1795/1999 2037/1802/2006
f 2039/1804/2008 2032/1797/2001 2034/1799/2003
f 2040/1805/2009 2034/1799/2003 2023/1788/1992
f 2039/1804/2008 2034/1799/2003 2040/1805/2009
f 2019/1784/1988 2018/1783/1987 2041/1806/2010
f 2041/1806/2010 2018/1783/1987 2029/1794/1998
f 2019/1784/1988 2041/1806/2010 2023/1788/1992
f 2023/1788/1992 2041/1806/2010 2040/1805/2009
f 2017/1782/1986 2016/1781/1985 2042/1807/2011
f 2043/1808/2012 2026/1791/1995 2024/1789/1993
f 2016/1781/1985 2026/1791/1995 2043/1808/2012
f 2042/1807/2011 2016/1781/1985 2043/1808/2012
f 2025/1790/1994 2044/1809/2013 2024/1789/1993
f 2044/1809/2013 2043/1808/2012 2024/1789/1993
f 2042/1807/2011 2043/1808/2012 2044/1809/2013
f 2045/1810/2014 2046/1811/2015 2047/1812/2016
f 2047/1812/2016 2046/1811/2015 2048/1813/2017
f 2049/1814/2018 2050/1815/2019 2051/1816/2020
f 1914/1679/1883 2051/1816/2020 1915/1680/1884
f 2049/1814/2018 2051/1816/2020 1914/1679/1883
f 2051/1816/2020 2050/1815/2019 2052/1817/2021
f 2053/1818/2022 2054/1819/2023 2055/1820/2024
f 2055/1820/2024 2054/1819/2023 2056/1821/2025
f 2057/1822/2026 1944/1709/1913 1943/1708/1912
f 2058/1823/2027 2057/1822/2026 2059/1824/2028
f 2059/1824/2028 2057/1822/2026 2060/1825/2029
f 2057/1822/2026 1943/1708/1912 2060/1825/2029
f 2048/1813/2017 2061/1826/2030 2047/1812/2016
f 2047/1812/2016 2061/1826/2030 2062/1827/2031
f 2063/1828/2032 1944/1709/1913 2057/1822/2026
f 2063/1828/2032 1927/1692/1896 1944/1709/1913
f 2058/1823/2027 2063/1828/2032 2057/1822/2026
f 2064/1829/2033 2055/1820/2024 2056/1821/2025
f 2065/1830/2034 2055/1820/2024 2064/1829/2033
f 2064/1829/2033 2066/1831/2035 2065/1830/2034
f 2065/1830/2034 2066/1831/2035 2067/1832/2036
f 1915/1680/1884 2068/1833/2037 1926/1691/1895
f 2051/1816/2020 2068/1833/2037 1915/1680/1884
f 2069/1834/2038 2068/1833/2037 2070/1835/2039
f 2070/1835/2039 2071/1836/2040 2069/1834/2038
f 2069/1834/2038 2071/1836/2040 2072/1837/2041
f 2072/1837/2041 2073/1838/2042 2069/1834/2038
f 2073/1838/2042 1926/1691/1895 2068/1833/2037
f 2069/1834/2038 2073/1838/2042 2068/1833/2037
f 1918/1683/1887 1926/1691/1895 2073/1838/2042
f 2011/1776/1980 1907/1672/1876 2073/1838/2042
f 2073/1838/2042 1907/1672/1876 1918/1683/1887
f 2061/1826/2030 2074/1839/2043 2062/1827/2031
f 2062/1827/2031 2074/1839/2043 2075/1840/2044
f 2076/1841/2045 2077/1842/2046 2078/1843/2047
f 2078/1843/2047 2077/1842/2046 2079/1844/2048
f 2077/1842/2046 2067/1832/2036 2079/1844/2048
f 2079/1844/2048 2067/1832/2036 2066/1831/2035
f 2050/1815/2019 2049/1814/2018 2080/1845/2049
f 2081/1846/2050 1914/1679/1883 1927/1692/1896
f 2081/1846/2050 1927/1692/1896 2063/1828/2032
f 2080/1845/2049 2049/1814/2018 2081/1846/2050
f 2049/1814/2018 1914/1679/1883 2081/1846/2050
f 2082/1847/2051 2076/1841/2045 2078/1843/2047
f 2083/1848/2052 2076/1841/2045 2082/1847/2051
f 2046/1811/2015 2045/1810/2014 2084/1849/2053
f 2085/1850/2054 2084/1849/2053 2086/1851/2055
f 2084/1849/2053 2045/1810/2014 2087/1852/2056
f 2086/1851/2055 2084/1849/2053 2087/1852/2056
f 2088/1853/2057 2032/1797/2001 2039/1804/2008
f 2088/1853/2057 2013/1778/1982 2032/1797/2001
f 2089/1854/2058 2031/1796/2000 2009/1774/1978
f 2036/1801/2005 2031/1796/2000 2089/1854/2058
f 2074/1839/2043 2090/1855/2059 2075/1840/2044
f 2075/1840/2044 2090/1855/2059 2091/1856/2060
f 2090/1855/2059 2092/1857/2061 2091/1856/2060
f 2091/1856/2060 2092/1857/2061 2093/1858/2062
f 2013/1778/1982 2094/1859/2063 2014/1779/1983
f 2094/1859/2063 2013/1778/1982 2088/1853/2057
f 2014/1779/1983 2094/1859/2063 2025/1790/1994
f 2095/1860/2064 2071/1836/2040 2096/1861/2065
f 2096/1861/2065 2071/1836/2040 2070/1835/2039
f 2097/1862/2066 2051/1816/2020 2052/1817/2021
f 2070/1835/2039 2068/1833/2037 2097/1862/2066
f 2068/1833/2037 2051/1816/2020 2097/1862/2066
f 2070/1835/2039 2098/1863/2067 2096/1861/2065
f 2097/1862/2066 2098/1863/2067 2070/1835/2039
f 2052/1817/2021 2098/1863/2067 2097/1862/2066
f 2050/1815/2019 2099/1864/2068 2052/1817/2021
f 2099/1864/2068 2098/1863/2067 2052/1817/2021
f 2100/1865/2069 2099/1864/2068 2050/1815/2019
f 2085/1850/2054 2086/1851/2055 2101/1866/2070
f 2101/1866/2070 2086/1851/2055 2102/1867/2071
f 2087/1852/2056 2102/1867/2071 2086/1851/2055
f 2103/1868/2072 2102/1867/2071 2087/1852/2056
f 2045/1810/2014 2103/1868/2072 2087/1852/2056
f 2104/1869/2073 2047/1812/2016 2062/1827/2031
f 2105/1870/2074 2062/1827/2031 2075/1840/2044
f 2104/1869/2073 2062/1827/2031 2105/1870/2074
f 2106/1871/2075 2047/1812/2016 2104/1869/2073
f 2106/1871/2075 2045/1810/2014 2047/1812/2016
f 2107/1872/2076 2045/1810/2014 2106/1871/2075
f 2107/1872/2076 2103/1868/2072 2045/1810/2014
f 2011/1776/1980 2108/1873/2077 2009/1774/1978
f 2108/1873/2077 2073/1838/2042 2072/1837/2041
f 2073/1838/2042 2108/1873/2077 2011/1776/1980
f 2036/1801/2005 2109/1874/2078 1995/1760/1964
f 1995/1760/1964 2109/1874/2078 1984/1749/1953
f 2110/1875/2079 2108/1873/2077 2072/1837/2041
f 2111/1876/2080 2072/1837/2041 2071/1836/2040
f 2110/1875/2079 2072/1837/2041 2111/1876/2080
f 2053/1818/2022 2112/1877/2081 2054/1819/2023
f 2113/1878/2082 2112/1877/2081 2053/1818/2022
f 2112/1877/2081 2113/1878/2082 2114/1879/2083
f 2114/1879/2083 2113/1878/2082 2115/1880/2084
f 2108/1873/2077 2116/1881/2085 2009/1774/1978
f 2009/1774/1978 2116/1881/2085 2089/1854/2058
f 2089/1854/2058 2116/1881/2085 2036/1801/2005
f 2036/1801/2005 2116/1881/2085 2109/1874/2078
f 2116/1881/2085 2108/1873/2077 2110/1875/2079
f 2117/1882/2086 2044/1809/2013 2025/1790/1994
f 2094/1859/2063 2117/1882/2086 2025/1790/1994
f 2118/1883/2087 2117/1882/2086 2094/1859/2063
f 2116/1881/2085 2110/1875/2079 2119/1884/2088
f 2109/1874/2078 2116/1881/2085 2119/1884/2088
f 2120/1885/2089 2110/1875/2079 2111/1876/2080
f 2119/1884/2088 2110/1875/2079 2120/1885/2089
f 2115/1880/2084 2113/1878/2082 2121/1886/2090
f 2121/1886/2090 2113/1878/2082 2053/1818/2022
f 2053/1818/2022 2055/1820/2024 2121/1886/2090
f 2065/1830/2034 2122/1887/2091 2055/1820/2024
f 2121/1886/2090 2055/1820/2024 2122/1887/2091
f 2076/1841/2045 2123/1888/2092 2077/1842/2046
f 2077/1842/2046 2124/1889/2093 2067/1832/2036
f 2077/1842/2046 2123/1888/2092 2124/1889/2093
f 2067/1832/2036 2124/1889/2093 2125/1890/2094
f 2067/1832/2036 2125/1890/2094 2065/1830/2034
f 2065/1830/2034 2125/1890/2094 2126/1891/2095
f 2126/1891/2095 2122/1887/2091 2065/1830/2034
f 2127/1892/2096 2075/1840/2044 2091/1856/2060
f 2105/1870/2074 2075/1840/2044 2127/1892/2096
f 2128/1893/2097 2091/1856/2060 2093/1858/2062
f 2127/1892/2096 2091/1856/2060 2128/1893/2097
f 2076/1841/2045 2129/1894/2098 2123/1888/2092
f 2083/1848/2052 2129/1894/2098 2076/1841/2045
f 2130/1895/2099 2119/1884/2088 2120/1885/2089
f 2131/1896/2100 2119/1884/2088 2130/1895/2099
f 2130/1895/2099 2059/1824/2028 2131/1896/2100
f 2131/1896/2100 2059/1824/2028 2060/1825/2029
f 1967/1732/1936 2132/1897/2101 1965/1730/1934
f 2060/1825/2029 1943/1708/1912 2132/1897/2101
f 2132/1897/2101 1938/1703/1907 1965/1730/1934
f 1943/1708/1912 1938/1703/1907 2132/1897/2101
f 2119/1884/2088 2131/1896/2100 2133/1898/2102
f 1984/1749/1953 2109/1874/2078 2133/1898/2102
f 2133/1898/2102 2109/1874/2078 2119/1884/2088
f 1967/1732/1936 1984/1749/1953 2134/1899/2103
f 2134/1899/2103 1984/1749/1953 2133/1898/2102
f 2134/1899/2103 2060/1825/2029 2132/1897/2101
f 2134/1899/2103 2132/1897/2101 1967/1732/1936
f 2133/1898/2102 2131/1896/2100 2134/1899/2103
f 2131/1896/2100 2060/1825/2029 2134/1899/2103
f 2100/1865/2069 2050/1815/2019 2135/1900/2104
f 2136/1901/2105 2063/1828/2032 2058/1823/2027
f 2063/1828/2032 2136/1901/2105 2081/1846/2050
f 2081/1846/2050 2136/1901/2105 2080/1845/2049
f 2137/1902/2106 2138/1903/2107 2139/1904/2108
f 2140/1905/2109 2141/1906/2110 2142/1907/2111
f 2142/1907/2111 2143/1908/2112 2140/1905/2109
f 2140/1905/2109 2143/1908/2112 2144/1909/2113
f 2140/1905/2109 2144/1909/2113 2145/1910/2114
f 2146/1911/2115 2138/1903/2107 2137/1902/2106
f 2137/1902/2106 2139/1904/2108 2147/1912/2116
f 2148/1913/2117 2149/1914/2118 2140/1905/2109
f 2149/1914/2118 2141/1906/2110 2140/1905/2109
f 2150/1915/2119 2146/1911/2115 2137/1902/2106
f 2137/1902/2106 2147/1912/2116 2151/1916/2120
f 2140/1905/2109 2145/1910/2114 2152/1917/2121
f 2140/1905/2109 2152/1917/2121 2148/1913/2117
f 2153/1918/2122 2150/1915/2119 2137/1902/2106
f 2137/1902/2106 2151/1916/2120 2154/1919/2123
f 2154/1919/2123 2153/1918/2122 2137/1902/2106
f 2155/1920/2124 2156/1921/2125 2157/1922/2126
f 2157/1922/2126 2156/1921/2125 2158/1923/2127
f 2155/1920/2124 2157/1922/2126 2159/1924/2128
f 2155/1920/2124 2159/1924/2128 2156/1921/2125
f 2158/1923/2127 2160/1925/2129 2157/1922/2126
f 2159/1924/2128 2157/1922/2126 2160/1925/2129
f 2158/1923/2127 2156/1921/2125 2161/1926/2130
f 2161/1926/2130 2160/1925/2129 2158/1923/2127
f 2161/1926/2130 2156/1921/2125 2162/1927/2131
f 2156/1921/2125 2159/1924/2128 2162/1927/2131
f 2163/1928/2132 2164/1929/2133 2165/1930/2134
f 2165/1930/2134 2164/1929/2133 2166/1931/2135
f 2166/1931/2135 2164/1929/2133 2167/1932/2136
f 2167/1932/2136 2164/1929/2133 2168/1933/2137
f 2165/1930/2134 2169/1934/2138 2163/1928/2132
f 2166/1931/2135 2169/1934/2138 2165/1930/2134
f 2167/1932/2136 2169/1934/2138 2166/1931/2135
f 2163/1928/2132 2169/1934/2138 2170/1935/2139
f 2170/1935/2139 2164/1929/2133 2163/1928/2132
f 2168/1933/2137 2164/1929/2133 2170/1935/2139
f 2171/1936/2140 2172/1937/2141 2173/1938/2142
f 2173/1938/2142 2172/1937/2141 2174/1939/2143
f 2175/1940/2144 2176/1941/2145 2177/1942/2146
f 2178/1943/2147 2179/1944/2148 2180/1945/2149
f 2180/1945/2149 2179/1944/2148 2181/1946/2150
f 2182/1947/2151 2183/1948/2152 2184/1949/2153
f 2185/1950/2154 2182/1947/2151 2184/1949/2153
f 2179/1944/2148 2186/1951/2155 2181/1946/2150
f 2187/1952/2156 2186/1951/2155 2179/1944/2148
f 2180/1945/2149 2188/1953/2157 2178/1943/2147
f 2178/1943/2147 2188/1953/2157 2189/1954/2158
f 2190/1955/2159 2191/1956/2160 2192/1957/2161
f 2192/1957/2161 2191/1956/2160 2193/1958/2162
f 2177/1942/2146 2176/1941/2145 2194/1959/2163
f 2194/1959/2163 2176/1941/2145 2195/1960/2164
f 2196/1961/2165 2184/1949/2153 2183/1948/2152
f 2182/1947/2151 2197/1962/2166 2183/1948/2152
f 2183/1948/2152 2197/1962/2166 2198/1963/2167
f 2199/1964/2168 2200/1965/2169 2201/1966/2170
f 2201/1966/2170 2200/1965/2169 2202/1967/2171
f 2203/1968/2172 2202/1967/2171 2200/1965/2169
f 2204/1969/2173 2202/1967/2171 2203/1968/2172
f 2205/1970/2174 2206/1971/2174 2207/1972/2175
f 2207/1972/2175 2208/1973/2176 2209/1974/2176
f 2210/1975/2177 2211/1976/2177 2212/1977/2178
f 2194/1959/2163 2213/1978/2179 2214/1979/2179
f 2212/1977/2178 2215/1980/2180 2216/1981/2180
f 2217/1982/2181 2218/1983/2182 2219/1984/2183
f 2219/1984/2183 2218/1983/2182 2220/1985/2184
f 2221/1986/2185 2222/1987/2186 2223/1988/2187
f 2223/1988/2187 2222/1987/2186 2224/1989/2188
f 2220/1985/2184 2225/1990/2189 2219/1984/2183
f 2219/1984/2183 2225/1990/2189 2226/1991/2190
f 2227/1992/2191 2228/1993/2192 2229/1994/2191
f 2230/1995/2193 2228/1993/2192 2231/1996/2193
f 2232/1997/2194 2233/1998/2195 2234/1999/2196
f 2234/1999/2196 2233/1998/2195 2235/2000/2197
f 2233/1998/2195 2232/1997/2194 2236/2001/2198
f 2236/2001/2198 2232/1997/2194 2237/2002/2199
f 2238/2003/2200 2239/2004/2201 2240/2005/2202
f 2240/2005/2202 2239/2004/2201 2241/2006/2203
f 2233/1998/2195 2242/2007/2204 2235/2000/2197
f 2236/2001/2198 2242/2007/2204 2233/1998/2195
f 2241/2006/2203 2239/2004/2201 2243/2008/2205
f 2239/2004/2201 2238/2003/2200 2244/2009/2206
f 2243/2008/2205 2239/2004/2201 2244/2009/2206
f 2235/2000/2197 2245/2010/2207 2234/1999/2196
f 2246/2011/2208 2234/1999/2196 2245/2010/2207
f 2245/2010/2207 2241/2006/2203 2246/2011/2208
f 2246/2011/2208 2241/2006/2203 2243/2008/2205
f 2247/2012/2209 2245/2010/2207 2235/2000/2197
f 2242/2007/2204 2247/2012/2209 2235/2000/2197
f 2240/2005/2202 2241/2006/2203 2247/2012/2209
f 2247/2012/2209 2241/2006/2203 2245/2010/2207
f 2248/2013/2210 2247/2012/2209 2242/2007/2204
f 2240/2005/2202 2247/2012/2209 2249/2014/2211
f 2249/2014/2211 2247/2012/2209 2248/2013/2210
f 2237/2002/2199 2232/1997/2194 2250/2015/2212
f 2250/2015/2212 2232/1997/2194 2234/1999/2196
f 2250/2015/2212 2234/1999/2196 2246/2011/2208
f 2238/2003/2200 2240/2005/2202 2251/2016/2213
f 2244/2009/2206 2238/2003/2200 2251/2016/2213
f 2251/2016/2213 2240/2005/2202 2249/2014/2211
f 2252/2017/2214 2253/2018/2215 2254/2019/2216
f 2254/2019/2216 2253/2018/2215 2255/2020/2217
f 2256/2021/2218 2257/2022/2219 2254/2019/2216
f 2254/2019/2216 2257/2022/2219 2252/2017/2214
f 2253/2018/2215 2258/2023/2220 2255/2020/2217
f 2256/2021/2218 2258/2023/2220 2257/2022/2219
f 2257/2022/2219 2258/2023/2220 2252/2017/2214
f 2252/2017/2214 2258/2023/2220 2253/2018/2215
f 2259/2024/2221 2258/2023/2220 2256/2021/2218
f 2255/2020/2217 2258/2023/2220 2259/2024/2221
f 2260/2025/2222 2261/2026/2223 2262/2027/2224
f 2262/2027/2224 2261/2026/2223 2263/2028/2225
f 2263/2028/2225 2264/2029/2226 2262/2027/2224
f 2262/2027/2224 2264/2029/2226 2265/2030/2227
f 2264/2029/2226 2266/2031/2228 2265/2030/2227
f 2263/2028/2225 2266/2031/2228 2264/2029/2226
f 2261/2026/2223 2266/2031/2228 2263/2028/2225
f 2260/2025/2222 2266/2031/2228 2261/2026/2223
f 2267/2032/2229 2266/2031/2228 2260/2025/2222
f 2265/2030/2227 2266/2031/2228 2267/2032/2229
f 2268/1936/2230 2269/1938/2231 2270/1937/2232
f 2270/1937/2232 2269/1938/2231 2271/1939/2233
f 2272/1940/2234 2273/1942/2235 2274/1941/2236
f 2275/1943/2237 2276/1945/2238 2277/1944/2239
f 2277/1944/2239 2276/1945/2238 2278/1946/2240
f 2279/1947/2241 2280/1949/2242 2281/1948/2243
f 2282/1950/2244 2280/1949/2242 2279/1947/2241
f 2283/1951/2245 2277/1944/2239 2278/1946/2240
f 2284/1952/2246 2277/1944/2239 2283/1951/2245
f 2275/1943/2237 2285/1953/2247 2276/1945/2238
f 2286/1954/2248 2285/1953/2247 2275/1943/2237
f 2287/1955/2249 2288/1957/2250 2289/1956/2251
f 2289/1956/2251 2288/1957/2250 2290/1958/2252
f 2273/1942/2235 2291/1959/2253 2274/1941/2236
f 2274/1941/2236 2291/1959/2253 2292/1960/2254
f 2293/1961/2255 2281/1948/2243 2280/1949/2242
f 2281/1948/2243 2294/1962/2256 2279/1947/2241
f 2295/1963/2257 2294/1962/2256 2281/1948/2243
f 2296/1967/2258 2297/1965/2259 2298/1966/2260
f 2298/1966/2260 2297/1965/2259 2299/1964/2261
f 2297/1965/2259 2296/1967/2258 2300/1968/2262
f 2300/1968/2262 2296/1967/2258 2301/1969/2263
f 2302/1970/2264 2303/1972/2265 2304/1971/2264
f 2303/1972/2265 2305/1974/2266 2306/1973/2266
f 2307/1975/2267 2308/1977/2268 2309/1976/2267
f 2291/1959/2269 2310/1979/2270 2311/1978/2270
f 2308/1977/2268 2312/1981/2271 2313/1980/2271
f 2314/1982/2272 2315/1984/2273 2316/1983/2274
f 2316/1983/2274 2315/1984/2273 2317/1985/2275
f 2318/1986/2276 2319/1988/2277 2320/1987/2278
f 2320/1987/2278 2319/1988/2277 2321/1989/2279
f 2315/1984/2273 2322/1990/2280 2317/1985/2275
f 2323/1991/2281 2322/1990/2280 2315/1984/2273
f 2324/1992/2282 2325/1994/2282 2326/1993/2283
f 2327/1995/2284 2328/1996/2284 2326/1993/2283
f 2329/2000/2285 2330/1998/2286 2331/1999/2287
f 2331/1999/2287 2330/1998/2286 2332/1997/2288
f 2330/1998/2286 2333/2001/2289 2332/1997/2288
f 2332/1997/2288 2333/2001/2289 2334/2002/2290
f 2335/2003/2291 2336/2005/2292 2337/2004/2293
f 2337/2004/2293 2336/2005/2292 2338/2006/2294
f 2333/2001/2289 2330/1998/2286 2339/2007/2295
f 2339/2007/2295 2330/1998/2286 2329/2000/2285
f 2340/2009/2296 2335/2003/2291 2337/2004/2293
f 2340/2009/2296 2337/2004/2293 2341/2008/2297
f 2341/2008/2297 2337/2004/2293 2338/2006/2294
f 2341/2008/2297 2338/2006/2294 2342/2011/2298
f 2331/1999/2287 2342/2011/2298 2343/2010/2299
f 2343/2010/2299 2329/2000/2285 2331/1999/2287
f 2342/2011/2298 2338/2006/2294 2343/2010/2299
f 2344/2012/2300 2338/2006/2294 2336/2005/2292
f 2344/2012/2300 2329/2000/2285 2343/2010/2299
f 2343/2010/2299 2338/2006/2294 2344/2012/2300
f 2344/2012/2300 2339/2007/2295 2329/2000/2285
f 2345/2013/2301 2339/2007/2295 2344/2012/2300
f 2346/2014/2302 2344/2012/2300 2336/2005/2292
f 2345/2013/2301 2344/2012/2300 2346/2014/2302
f 2334/2002/2290 2347/2015/2303 2332/1997/2288
f 2347/2015/2303 2342/2011/2298 2331/1999/2287
f 2332/1997/2288 2347/2015/2303 2331/1999/2287
f 2346/2014/2302 2336/2005/2292 2348/2016/2304
f 2348/2016/2304 2335/2003/2291 2340/2009/2296
f 2348/2016/2304 2336/2005/2292 2335/2003/2291
f 2349/2020/2305 2350/2018/2306 2351/2019/2307
f 2351/2019/2307 2350/2018/2306 2352/2017/2308
f 2353/2022/2309 2351/2019/2307 2352/2017/2308
f 2354/2021/2310 2351/2019/2307 2353/2022/2309
f 2352/2017/2308 2355/2023/2311 2353/2022/2309
f 2349/2020/2305 2355/2023/2311 2350/2018/2306
f 2355/2023/2311 2354/2021/2310 2353/2022/2309
f 2350/2018/2306 2355/2023/2311 2352/2017/2308
f 2356/2024/2312 2354/2021/2310 2355/2023/2311
f 2356/2024/2312 2355/2023/2311 2349/2020/2305
f 2357/2025/2313 2358/2027/2314 2359/2026/2315
f 2359/2026/2315 2358/2027/2314 2360/2028/2316
f 2358/2027/2314 2361/2029/2317 2360/2028/2316
f 2362/2030/2318 2361/2029/2317 2358/2027/2314
f 2363/2032/2319 2364/2031/2320 2362/2030/2318
f 2362/2030/2318 2364/2031/2320 2361/2029/2317
f 2363/2032/2319 2357/2025/2313 2364/2031/2320
f 2364/2031/2320 2357/2025/2313 2359/2026/2315
f 2359/2026/2315 2360/2028/2316 2364/2031/2320
f 2364/2031/2320 2360/2028/2316 2361/2029/2317
f 2365/2033/2321 2366/2034/2322 2367/2035/2323
f 2367/2035/2323 2366/2034/2322 2368/2036/2324
f 2369/2037/2325 2370/2038/2326 2371/2039/2327
f 2371/2039/2327 2370/2038/2326 2372/2040/2328
f 2373/2041/2329 2369/2037/2325 2371/2039/2327
f 2374/2042/2330 2369/2037/2325 2373/2041/2329
f 2374/2042/2330 2373/2041/2329 2375/2043/2331
f 2375/2043/2331 2373/2041/2329 2376/2044/2332
f 2370/2038/2326 2377/2045/2333 2372/2040/2328
f 2372/2040/2328 2377/2045/2333 2378/2046/2334
f 2379/2047/2335 2375/2043/2331 2376/2044/2332
f 2380/2048/2336 2375/2043/2331 2379/2047/2335
f 2380/2048/2336 2379/2047/2335 2381/2049/2337
f 2381/2049/2337 2379/2047/2335 2382/2050/2338
f 2383/2051/2339 2381/2049/2337 2382/2050/2338
f 2384/2052/2340 2381/2049/2337 2383/2051/2339
f 2377/2045/2333 2385/2053/2341 2378/2046/2334
f 2378/2046/2334 2385/2053/2341 2386/2054/2342
f 2384/2052/2340 2383/2051/2339 2387/2055/2343
f 2387/2055/2343 2383/2051/2339 2388/2056/2344
f 2389/2057/2345 2387/2055/2343 2388/2056/2344
f 2390/2058/2346 2387/2055/2343 2389/2057/2345
f 2390/2058/2346 2389/2057/2345 2391/2059/2347
f 2391/2059/2347 2389/2057/2345 2392/2060/2348
f 2385/2053/2341 2393/2061/2349 2386/2054/2342
f 2365/2033/2321 2367/2035/2323 2393/2061/2349
f 2393/2061/2349 2367/2035/2323 2394/2062/2350
f 2386/2054/2342 2393/2061/2349 2394/2062/2350
f 2395/2063/2351 2391/2059/2347 2396/2064/2352
f 2396/2064/2352 2391/2059/2347 2392/2060/2348
f 2395/2063/2351 2396/2064/2352 2397/2065/2353
f 2397/2065/2353 2396/2064/2352 2398/2066/2354
f 2399/2067/2355 2397/2065/2353 2398/2066/2354
f 2400/2068/2356 2397/2065/2353 2399/2067/2355
f 2400/2068/2356 2399/2067/2355 2401/2069/2357
f 2401/2069/2357 2399/2067/2355 2402/2070/2358
f 2379/2047/2335 2403/2071/2359 2382/2050/2338
f 2404/2072/2360 2403/2071/2359 2379/2047/2335
f 2405/2073/2361 2403/2071/2359 2404/2072/2360
f 2406/2074/2362 2401/2069/2357 2402/2070/2358
f 2407/2075/2363 2401/2069/2357 2406/2074/2362
f 2408/2076/2364 2409/2077/2365 2410/2078/2366
f 2410/2078/2366 2409/2077/2365 2411/2079/2367
f 2412/2080/2368 2368/2036/2324 2413/2081/2369
f 2366/2034/2322 2414/2082/2370 2368/2036/2324
f 2413/2081/2369 2368/2036/2324 2414/2082/2370
f 2408/2076/2364 2410/2078/2366 2415/2083/2371
f 2415/2083/2371 2410/2078/2366 2416/2084/2372
f 2417/2085/2373 2415/2083/2371 2416/2084/2372
f 2418/2086/2374 2415/2083/2371 2417/2085/2373
f 2418/2086/2374 2417/2085/2373 2419/2087/2375
f 2419/2087/2375 2417/2085/2373 2420/2088/2376
f 2421/2089/2377 2422/2090/2378 2423/2091/2379
f 2423/2091/2379 2422/2090/2378 2424/2092/2380
f 2425/2093/2381 2419/2087/2375 2420/2088/2376
f 2426/2094/2382 2419/2087/2375 2425/2093/2381
f 2426/2094/2382 2425/2093/2381 2427/2095/2383
f 2427/2095/2383 2425/2093/2381 2428/2096/2384
f 2429/2097/2385 2427/2095/2383 2430/2098/2386
f 2430/2098/2386 2427/2095/2383 2428/2096/2384
f 2422/2090/2378 2431/2099/2387 2424/2092/2380
f 2432/2100/2388 2431/2099/2387 2422/2090/2378
f 2429/2097/2385 2430/2098/2386 2433/2101/2389
f 2433/2101/2389 2430/2098/2386 2434/2102/2390
f 2435/2103/2391 2436/2104/2392 2434/2102/2390
f 2434/2102/2390 2436/2104/2392 2437/2105/2393
f 2437/2105/2393 2433/2101/2389 2434/2102/2390
f 2432/2100/2388 2438/2106/2394 2431/2099/2387
f 2431/2099/2387 2438/2106/2394 2439/2107/2395
f 2438/2106/2394 2440/2108/2396 2439/2107/2395
f 2439/2107/2395 2440/2108/2396 2441/2109/2397
f 2440/2108/2396 2442/2110/2398 2441/2109/2397
f 2443/2111/2399 2442/2110/2398 2440/2108/2396
f 2443/2111/2399 2444/2112/2400 2442/2110/2398
f 2442/2110/2398 2444/2112/2400 2445/2113/2401
f 2444/2112/2400 2446/2114/2402 2445/2113/2401
f 2447/2115/2403 2446/2114/2402 2444/2112/2400
f 2447/2115/2403 2448/2116/2404 2446/2114/2402
f 2448/2116/2404 2433/2101/2389 2437/2105/2393
f 2446/2114/2402 2448/2116/2404 2437/2105/2393
f 2439/2107/2395 2449/2117/2405 2431/2099/2387
f 2450/2118/2406 2449/2117/2405 2451/2119/2407
f 2441/2109/2397 2451/2119/2407 2439/2107/2395
f 2451/2119/2407 2449/2117/2405 2439/2107/2395
f 2413/2081/2369 2452/2120/2408 2412/2080/2368
f 2453/2121/2409 2452/2120/2408 2413/2081/2369
f 2394/2062/2350 2454/2122/2410 2386/2054/2342
f 2455/2123/2411 2454/2122/2410 2394/2062/2350
f 2404/2072/2360 2379/2047/2335 2456/2124/2412
f 2373/2041/2329 2456/2124/2412 2376/2044/2332
f 2456/2124/2412 2379/2047/2335 2376/2044/2332
f 2389/2057/2345 2388/2056/2344 2457/2125/2413
f 2389/2057/2345 2458/2126/2414 2392/2060/2348
f 2457/2125/2413 2458/2126/2414 2389/2057/2345
f 2417/2085/2373 2459/2127/2415 2420/2088/2376
f 2416/2084/2372 2459/2127/2415 2417/2085/2373
f 2460/2128/2416 2459/2127/2415 2416/2084/2372
f 2420/2088/2376 2459/2127/2415 2461/2129/2417
f 2461/2129/2417 2462/2130/2418 2420/2088/2376
f 2420/2088/2376 2462/2130/2418 2425/2093/2381
f 2425/2093/2381 2462/2130/2418 2428/2096/2384
f 2428/2096/2384 2462/2130/2418 2463/2131/2419
f 2446/2114/2402 2464/2132/2420 2445/2113/2401
f 2445/2113/2401 2465/2133/2421 2442/2110/2398
f 2464/2132/2420 2465/2133/2421 2445/2113/2401
f 2368/2036/2324 2466/2134/2422 2367/2035/2323
f 2455/2123/2411 2394/2062/2350 2466/2134/2422
f 2466/2134/2422 2394/2062/2350 2367/2035/2323
f 2452/2120/2408 2466/2134/2422 2412/2080/2368
f 2412/2080/2368 2466/2134/2422 2368/2036/2324
f 2467/2135/2423 2455/2123/2411 2466/2134/2422
f 2467/2135/2423 2466/2134/2422 2452/2120/2408
f 2468/2136/2424 2469/2137/2425 2449/2117/2405
f 2449/2117/2405 2469/2137/2425 2470/2138/2426
f 2449/2117/2405 2470/2138/2426 2431/2099/2387
f 2431/2099/2387 2470/2138/2426 2424/2092/2380
f 2471/2139/2427 2472/2140/2428 2473/2141/2429
f 2473/2141/2429 2472/2140/2428 2474/2142/2430
f 2475/2143/2431 2436/2104/2392 2435/2103/2391
f 2476/2144/2432 2477/2145/2433 2478/2146/2434
f 2475/2143/2431 2435/2103/2391 2479/2147/2435
f 2430/2098/2386 2480/2148/2436 2434/2102/2390
f 2479/2147/2435 2435/2103/2391 2480/2148/2436
f 2434/2102/2390 2480/2148/2436 2435/2103/2391
f 2428/2096/2384 2480/2148/2436 2430/2098/2386
f 2463/2131/2419 2480/2148/2436 2428/2096/2384
f 2465/2133/2421 2481/2149/2437 2442/2110/2398
f 2442/2110/2398 2481/2149/2437 2441/2109/2397
f 2481/2149/2437 2451/2119/2407 2441/2109/2397
f 2481/2149/2437 2450/2118/2406 2451/2119/2407
f 2411/2079/2367 2482/2150/2438 2410/2078/2366
f 2416/2084/2372 2482/2150/2438 2460/2128/2416
f 2410/2078/2366 2482/2150/2438 2416/2084/2372
f 2483/2151/2439 2480/2148/2436 2463/2131/2419
f 2484/2152/2440 2485/2153/2441 2486/2154/2442
f 2486/2154/2442 2485/2153/2441 2487/2155/2443
f 2488/2156/2444 2463/2131/2419 2462/2130/2418
f 2483/2151/2439 2463/2131/2419 2488/2156/2444
f 2383/2051/2339 2382/2050/2338 2489/2157/2445
f 2489/2157/2445 2382/2050/2338 2403/2071/2359
f 2490/2158/2446 2462/2130/2418 2461/2129/2417
f 2383/2051/2339 2491/2159/2447 2388/2056/2344
f 2489/2157/2445 2491/2159/2447 2383/2051/2339
f 2457/2125/2413 2388/2056/2344 2491/2159/2447
f 2492/2160/2448 2461/2129/2417 2459/2127/2415
f 2490/2158/2446 2461/2129/2417 2492/2160/2448
f 2493/2161/2449 2464/2132/2420 2446/2114/2402
f 2436/2104/2392 2493/2161/2449 2437/2105/2393
f 2437/2105/2393 2493/2161/2449 2446/2114/2402
f 2494/2162/2450 2459/2127/2415 2460/2128/2416
f 2495/2163/2451 2392/2060/2348 2458/2126/2414
f 2396/2064/2352 2392/2060/2348 2495/2163/2451
f 2495/2163/2451 2496/2164/2452 2396/2064/2352
f 2396/2064/2352 2496/2164/2452 2398/2066/2354
f 2497/2165/2453 2460/2128/2416 2482/2150/2438
f 2494/2162/2450 2460/2128/2416 2497/2165/2453
f 2498/2166/2454 2398/2066/2354 2496/2164/2452
f 2399/2067/2355 2398/2066/2354 2498/2166/2454
f 2399/2067/2355 2499/2167/2455 2402/2070/2358
f 2498/2166/2454 2499/2167/2455 2399/2067/2355
f 2402/2070/2358 2499/2167/2455 2406/2074/2362
f 2406/2074/2362 2499/2167/2455 2500/2168/2456
f 2501/2169/2457 2482/2150/2438 2502/2170/2458
f 2502/2170/2458 2482/2150/2438 2411/2079/2367
f 2455/2123/2411 2503/2171/2459 2454/2122/2410
f 2504/2172/2460 2503/2171/2459 2455/2123/2411
f 2505/2173/2461 2506/2174/2462 2507/2175/2463
f 2507/2175/2463 2508/2176/2464 2477/2145/2433
f 2507/2175/2463 2506/2174/2462 2508/2176/2464
f 2477/2145/2433 2508/2176/2464 2478/2146/2434
f 2509/2177/2465 2500/2168/2456 2499/2167/2455
f 2510/2178/2466 2500/2168/2456 2509/2177/2465
f 2511/2179/2467 2499/2167/2455 2498/2166/2454
f 2485/2153/2441 2512/2180/2468 2487/2155/2443
f 2487/2155/2443 2512/2180/2468 2513/2181/2469
f 2512/2180/2468 2471/2139/2427 2513/2181/2469
f 2513/2181/2469 2471/2139/2427 2473/2141/2429
f 2469/2137/2425 2514/2182/2470 2470/2138/2426
f 2424/2092/2380 2514/2182/2470 2423/2091/2379
f 2470/2138/2426 2514/2182/2470 2424/2092/2380
f 2515/2183/2471 2498/2166/2454 2496/2164/2452
f 2511/2179/2467 2498/2166/2454 2515/2183/2471
f 2378/2046/2334 2516/2184/2472 2372/2040/2328
f 2372/2040/2328 2517/2185/2473 2371/2039/2327
f 2516/2184/2472 2517/2185/2473 2372/2040/2328
f 2517/2185/2473 2373/2041/2329 2371/2039/2327
f 2518/2186/2474 2496/2164/2452 2495/2163/2451
f 2464/2132/2420 2519/2187/2475 2465/2133/2421
f 2519/2187/2475 2481/2149/2437 2465/2133/2421
f 2520/2188/2476 2519/2187/2475 2464/2132/2420
f 2521/2189/2477 2464/2132/2420 2493/2161/2449
f 2521/2189/2477 2493/2161/2449 2522/2190/2478
f 2522/2190/2478 2493/2161/2449 2436/2104/2392
f 2518/2186/2474 2495/2163/2451 2523/2191/2479
f 2523/2191/2479 2495/2163/2451 2458/2126/2414
f 2524/2192/2480 2414/2082/2370 2366/2034/2322
f 2525/2193/2481 2458/2126/2414 2457/2125/2413
f 2525/2193/2481 2457/2125/2413 2526/2194/2482
f 2526/2194/2482 2457/2125/2413 2491/2159/2447
f 2527/2195/2483 2491/2159/2447 2489/2157/2445
f 2528/2196/2484 2489/2157/2445 2403/2071/2359
f 2527/2195/2483 2489/2157/2445 2528/2196/2484
f 2454/2122/2410 2529/2197/2485 2386/2054/2342
f 2386/2054/2342 2529/2197/2485 2378/2046/2334
f 2503/2171/2459 2529/2197/2485 2454/2122/2410
f 2529/2197/2485 2516/2184/2472 2378/2046/2334
f 2405/2073/2361 2404/2072/2360 2530/2198/2486
f 2530/2198/2486 2404/2072/2360 2456/2124/2412
f 2531/2199/2487 2456/2124/2412 2373/2041/2329
f 2531/2199/2487 2373/2041/2329 2517/2185/2473
f 2532/2200/2488 2450/2118/2406 2481/2149/2437
f 2533/2201/2489 2456/2124/2412 2531/2199/2487
f 2534/2202/2490 2531/2199/2487 2517/2185/2473
f 2533/2201/2489 2531/2199/2487 2534/2202/2490
f 2505/2173/2461 2535/2203/2491 2506/2174/2462
f 2472/2140/2428 2536/2204/2492 2474/2142/2430
f 2506/2174/2462 2535/2203/2491 2536/2204/2492
f 2474/2142/2430 2536/2204/2492 2535/2203/2491
f 2529/2197/2485 2537/2205/2493 2516/2184/2472
f 2537/2205/2493 2517/2185/2473 2516/2184/2472
f 2538/2206/2494 2537/2205/2493 2529/2197/2485
o _4_0
v 2.888097 1.094473 6.429957
v -2.888097 1.094473 6.429957
v 3.060511 0.944144 6.429957
v -3.060511 0.944144 6.429957
v -2.888097 3.712682 6.429956
v -3.060511 3.863003 6.429956
v 2.888097 3.712682 6.429956
v 3.060511 3.863003 6.429956
vn -0.0000 -0.0000 1.0000
vt 0.000000 0.000000
s 0
usemtl Mdl_0_Mtl_test_test_test_lambert2
f 2539/2207/2495 2540/2207/2495 2541/2207/2495
f 2541/2207/2495 2540/2207/2495 2542/2207/2495
f 2540/2207/2495 2543/2207/2495 2542/2207/2495
f 2542/2207/2495 2543/2207/2495 2544/2207/2495
f 2543/2207/2495 2545/2207/2495 2544/2207/2495
f 2544/2207/2495 2545/2207/2495 2546/2207/2495
f 2545/2207/2495 2539/2207/2495 2546/2207/2495
f 2546/2207/2495 2539/2207/2495 2541/2207/2495
o _5_0
v 3.674502 5.029911 -6.364413
v -3.674494 5.029911 -6.364413
v 0.000000 5.029912 -0.000000
v -7.348996 5.029912 -0.000000
v -3.674494 5.029912 6.364411
v 3.674494 5.029912 6.364411
v 7.348996 5.029912 -0.000000
vn -0.0000 1.0000 -0.0000
vt 1.869750 0.770337
vt 1.869750 0.705971
s 0
usemtl Mdl_0_Mtl_luk_02
f 2547/2208/2496 2548/2208/2496 2549/2209/2496
f 2548/2208/2496 2550/2208/2496 2549/2209/2496
f 2550/2208/2496 2551/2208/2496 2549/2209/2496
f 2551/2208/2496 2552/2208/2496 2549/2209/2496
f 2552/2208/2496 2553/2208/2496 2549/2209/2496
f 2553/2208/2496 2547/2208/2496 2549/2209/2496
o _6_0
v -2.888097 1.094473 6.429957
v 2.888097 1.094473 6.429957
v -2.888097 3.712682 6.429956
v 2.888097 3.712682 6.429956
v 3.674502 -0.000000 -6.364413
v -3.674494 -0.000000 -6.364413
v 3.674502 5.029911 -6.364413
v -3.674494 5.029911 -6.364413
v -7.348996 0.000000 0.000000
v -7.348996 5.029912 -0.000000
v -3.674494 0.000000 6.364413
v -3.674494 5.029912 6.364411
v 3.674494 0.000000 6.364413
v 3.674494 5.029912 6.364411
v 7.348996 0.000000 0.000000
v 7.348996 5.029912 -0.000000
vn -0.0000 -0.0000 1.0000
vn 0.5000 -0.0000 -0.8660
vn -0.5000 -0.0000 -0.8660
vn -1.0000 -0.0000 -0.0000
vn -0.5000 -0.0000 0.8660
vn 0.5000 -0.0000 0.8660
vn 1.0000 -0.0000 -0.0000
vt 1.018170 0.828861
vt 1.295160 0.828861
vt 1.018170 0.960871
vt 1.295160 0.960871
vt 2.797910 0.767638
vt 2.797910 0.814516
s 0
usemtl Mdl_0_Mtl_test_test_test_lambert2
f 2554/2210/2497 2555/2211/2497 2556/2212/2497
f 2556/2212/2497 2555/2211/2497 2557/2213/2497
s 1
f 2558/2214/2498 2559/2214/2499 2560/2215/2498
f 2560/2215/2498 2559/2214/2499 2561/2215/2499
f 2559/2214/2499 2562/2214/2500 2561/2215/2499
f 2561/2215/2499 2562/2214/2500 2563/2215/2500
f 2562/2214/2500 2564/2214/2501 2563/2215/2500
f 2563/2215/2500 2564/2214/2501 2565/2215/2501
f 2564/2214/2501 2566/2214/2502 2565/2215/2501
f 2565/2215/2501 2566/2214/2502 2567/2215/2502
f 2566/2214/2502 2568/2214/2503 2567/2215/2502
f 2567/2215/2502 2568/2214/2503 2569/2215/2503
f 2569/2215/2503 2558/2214/2498 2560/2215/2498
f 2568/2214/2503 2558/2214/2498 2569/2215/2503
