# Blender 4.0.2
# www.blender.org
mtllib tamamo.mtl
o tamamo
v -6.799263 12.739106 -0.432607
v -6.739007 12.866451 0.583559
v -6.229410 13.047036 -0.009300
v 6.710638 12.828438 0.263655
v 6.162266 13.045133 -0.008349
v 6.579486 12.868355 0.782573
v 6.710638 12.828438 0.263655
v 6.725086 12.740992 -0.448953
v 6.162266 13.045133 -0.008349
v -5.877757 13.090741 0.575385
v -6.229410 13.047036 -0.009300
v -6.739007 12.866451 0.583559
v -6.157553 12.896869 -0.752320
v -6.871302 12.222076 -1.649685
v -6.799263 12.739106 -0.432607
v -6.229410 13.047036 -0.009300
v 6.162266 13.045133 -0.008349
v 5.799211 13.092645 0.568352
v 6.579486 12.868355 0.782573
v 6.463924 12.697286 1.363076
v 6.573595 12.260089 -1.783502
v 6.077865 12.891159 -0.761445
v 6.725086 12.740992 -0.448953
v 6.162266 13.045133 -0.008349
v -6.545316 12.699189 1.345399
v -5.877757 13.090741 0.575385
v -6.739007 12.866451 0.583559
v 6.077865 12.891159 -0.761445
v 3.266015 13.402478 -0.589613
v 6.162266 13.045133 -0.008349
v 5.799211 13.092645 0.568352
v 2.734736 13.362562 0.654269
v 3.047996 13.465199 0.021494
v 3.266015 13.402478 -0.589613
v -5.667914 12.955783 1.208920
v -5.877757 13.090741 0.575385
v -6.545316 12.699189 1.345399
v -3.826804 12.702978 1.762434
v -2.804744 13.362562 0.655028
v -5.667914 12.955783 1.208920
v -3.124838 13.469006 0.025296
v -3.124838 13.469006 0.025296
v -5.877757 13.090741 0.575385
v -3.342857 13.404382 -0.590753
v -6.157553 12.896869 -0.752320
v -6.229410 13.047036 -0.009300
v -5.877757 13.090741 0.575385
v 5.227635 12.765718 -0.478036
v 5.458198 12.218287 -1.702719
v 4.574903 12.896869 -0.952283
v -6.157553 12.896869 -0.752320
v -3.342857 13.404382 -0.590753
v -3.609547 13.157269 -1.283213
v -4.149744 12.269607 -2.499722
v 6.077865 12.891159 -0.761445
v 4.061119 12.275298 -2.507515
v 3.467700 13.149673 -1.298229
v 3.266015 13.402478 -0.589613
v 5.799211 13.092645 0.568352
v 5.414873 12.978605 1.209110
v 6.463924 12.697286 1.363076
v 5.504024 12.408354 2.010106
v 5.414873 12.978605 1.209110
v 5.799211 13.092645 0.568352
v 2.734736 13.362562 0.654269
v 3.326651 12.782811 1.643253
v 6.725086 12.740992 -0.448953
v 6.821832 12.080084 -1.698537
v 6.573595 12.260089 -1.783502
v 6.681942 10.663808 -3.114441
v 3.477960 11.907312 1.865837
v 4.442991 11.663825 1.483206
v 2.285594 12.309523 1.546312
v -2.836685 12.124949 -0.499515
v -4.385074 11.818742 0.789985
v -2.752846 12.195465 1.878952
v -1.763307 12.334230 0.777821
v -2.836685 12.124949 -0.499515
v -2.752846 12.195465 1.878952
v 4.442991 11.663825 1.483206
v 2.381198 12.260089 -0.027548
v 2.285594 12.309523 1.546312
v 2.381198 12.260089 -0.027548
v 4.442991 11.663825 1.483206
v 4.701506 11.469934 -0.390980
v 2.285594 12.309523 1.546312
v -1.763307 12.334230 0.777821
v -2.752846 12.195465 1.878952
v 2.381198 12.260089 -0.027548
v -1.763307 12.334230 0.777821
v 2.285594 12.309523 1.546312
v -2.677961 11.692520 1.933314
v -1.702852 12.053673 0.891677
v -3.032262 11.794396 0.385877
v -3.252763 11.790789 -1.140654
v -4.385074 11.818742 0.789985
v -2.836685 12.124949 -0.499515
v 2.381198 12.260089 -0.027548
v -2.836685 12.124949 -0.499515
v -1.763307 12.334230 0.777821
v -3.975449 11.419376 1.113122
v -2.677961 11.692520 1.933314
v -3.032262 11.794396 0.385877
v -1.305209 12.058621 -0.068414
v -1.702852 12.053673 0.891677
v -0.035095 12.142243 0.993750
v -3.032262 11.794396 0.385877
v 4.701506 11.469934 -0.390980
v 2.391277 11.951797 -1.169164
v 2.381198 12.260089 -0.027548
v 1.749748 12.066779 0.642294
v 2.393561 11.804856 1.619302
v 2.958846 11.795538 0.384925
v 3.999721 11.381744 0.973602
v 0.977466 12.050827 -0.100347
v -0.035095 12.142243 0.993750
v 1.749748 12.066779 0.642294
v 1.706786 11.816838 -0.672106
v -2.677961 11.692520 1.933314
v -1.059438 11.604893 2.967917
v -1.702852 12.053673 0.891677
v -1.702852 12.053673 0.891677
v -1.059438 11.604893 2.967917
v -0.035095 12.142243 0.993750
v -2.752846 12.195465 1.878952
v -4.385074 11.818742 0.789985
v -5.185870 11.020972 1.707120
v -5.118019 10.801812 0.499543
v -3.975449 11.419376 1.113122
v -3.945611 11.378698 -0.041422
v -3.032262 11.794396 0.385877
v 0.790808 11.576577 3.064668
v 1.749748 12.066779 0.642294
v -0.035095 12.142243 0.993750
v 1.749748 12.066779 0.642294
v 0.790808 11.576577 3.064668
v 2.393561 11.804856 1.619302
v -0.035095 12.142243 0.993750
v -1.059438 11.604893 2.967917
v 0.790808 11.576577 3.064668
v 2.393561 11.804856 1.619302
v 0.790808 11.576577 3.064668
v 2.691974 11.414428 2.714161
v 2.393561 11.804856 1.619302
v 2.691974 11.414428 2.714161
v 3.999721 11.381744 0.973602
v 4.456858 10.841348 2.167303
v -6.035900 12.212578 -2.015970
v -6.926807 10.662485 -3.052284
v -6.871302 12.222076 -1.649685
v -6.157553 12.896869 -0.752320
v -3.252763 11.790789 -1.140654
v -5.413024 10.918136 -0.333955
v -4.385074 11.818742 0.789985
v 2.381198 12.260089 -0.027548
v 2.391277 11.951797 -1.169164
v -2.836685 12.124949 -0.499515
v 3.605686 11.411582 -0.405234
v 2.958846 11.795538 0.384925
v 3.999721 11.381744 0.973602
v 5.047630 10.801812 0.499543
v -4.538848 10.847421 2.120733
v -2.677961 11.692520 1.933314
v -3.975449 11.419376 1.113122
v -5.788424 12.351343 2.008586
v -5.667914 12.955783 1.208920
v -6.545316 12.699189 1.345399
v -0.035095 12.142243 0.993750
v 0.977466 12.050827 -0.100347
v -1.305209 12.058621 -0.068414
v 1.706786 11.816838 -0.672106
v -3.187940 10.840387 3.727667
v -1.059438 11.604893 2.967917
v -2.677961 11.692520 1.933314
v 1.706786 11.816838 -0.672106
v 1.749748 12.066779 0.642294
v 2.958846 11.795538 0.384925
v 3.605686 11.411582 -0.405234
v -4.385074 11.818742 0.789985
v -5.413024 10.918136 -0.333955
v -5.185870 11.020972 1.707120
v -3.032262 11.794396 0.385877
v -1.703432 11.826717 -0.684462
v -3.004327 11.385914 -0.922631
v -1.305209 12.058621 -0.068414
v -4.591490 9.981239 3.602785
v -3.187940 10.840387 3.727667
v -4.538848 10.847421 2.120733
v -2.677961 11.692520 1.933314
v 1.314472 10.810749 4.366143
v 2.691974 11.414428 2.714161
v 0.790808 11.576577 3.064668
v -0.757200 10.817021 4.467835
v 0.790808 11.576577 3.064668
v -1.059438 11.604893 2.967917
v -4.538848 10.847421 2.120733
v -3.975449 11.419376 1.113122
v -5.118019 10.801812 0.499543
v -5.603471 10.049471 1.688873
v -4.162288 11.009570 2.279069
v -3.602695 11.129882 2.301688
v -3.587105 11.130081 2.191441
v 3.999721 11.381744 0.973602
v 4.456858 10.841348 2.167303
v 5.047630 10.801812 0.499543
v 5.529112 10.041875 1.730691
v 4.456858 10.841348 2.167303
v 2.691974 11.414428 2.714161
v 3.106348 10.803335 3.792483
v 4.500962 9.937316 3.672163
v 6.681942 10.663808 -3.114441
v 5.726411 12.151760 -2.150926
v 6.573595 12.260089 -1.783502
v 6.077865 12.891159 -0.761445
v 4.093440 11.017547 2.279640
v 3.516916 11.129320 2.189162
v 3.526814 11.135392 2.308721
v 2.691974 11.414428 2.714161
v 1.314472 10.810749 4.366143
v 3.106348 10.803335 3.792483
v 2.144363 9.942845 5.113536
v -2.248378 9.964888 5.088065
v -0.757200 10.817021 4.467835
v -3.187940 10.840387 3.727667
v -1.059438 11.604893 2.967917
v -4.534461 10.816640 -0.660702
v -3.945611 11.378698 -0.041422
v -3.004327 11.385914 -0.922631
v -3.032262 11.794396 0.385877
v 0.790808 11.576577 3.064668
v -0.757200 10.817021 4.467835
v 1.314472 10.810749 4.366143
v -0.035095 9.983886 5.345052
v -4.149744 12.269607 -2.499722
v -6.020329 10.417656 -3.387584
v -6.035900 12.212578 -2.015970
v -6.157553 12.896869 -0.752320
v 2.391277 11.951797 -1.169164
v -3.252763 11.790789 -1.140654
v -2.836685 12.124949 -0.499515
v -5.413024 10.918136 -0.333955
v -6.666969 9.398643 -0.084760
v -5.185870 11.020972 1.707120
v 5.832275 10.372991 -3.431682
v 4.061119 12.275298 -2.507515
v 5.726411 12.151760 -2.150926
v 6.077865 12.891159 -0.761445
v 4.093440 11.017547 2.279640
v 3.526814 11.135392 2.308721
v 4.101797 11.034840 2.403761
v -5.638076 9.995107 -0.314568
v -5.118019 10.801812 0.499543
v -4.534461 10.816640 -0.660702
v -3.945611 11.378698 -0.041422
v 6.107522 9.981421 1.320118
v 4.701506 11.469934 -0.390980
v 4.442991 11.663825 1.483206
v 6.283538 9.289534 -0.647396
v 4.701506 11.469934 -0.390980
v 4.464272 10.816640 -0.660702
v 3.605686 11.411582 -0.405234
v 5.047630 10.801812 0.499543
v 5.171749 9.981239 -0.877202
v 4.748836 -8.186571 -5.199802
v 4.519398 -8.213563 -5.554300
v 4.917040 -7.990035 -5.532821
v -4.162288 11.009570 2.279069
v -4.171605 11.034658 2.403761
v -3.602695 11.129882 2.301688
v -5.129421 -7.965127 -5.201513
v -5.302574 -7.730758 -5.453559
v -4.732721 -8.169659 -5.530730
v -4.697935 -8.047625 -5.645918
v -4.732721 -8.169659 -5.530730
v -5.302574 -7.730758 -5.453559
v -4.245166 -8.355936 -5.323354
v -4.732721 -8.169659 -5.530730
v -4.007951 -8.287125 -5.659604
v -4.007951 -8.287125 -5.659604
v -4.732721 -8.169659 -5.530730
v -4.697935 -8.047625 -5.645918
v -9.554284 -4.578293 0.350143
v -8.586208 -5.750901 1.503546
v -9.436438 -4.635884 1.403564
v -9.919243 -2.901799 0.695707
v 6.855676 8.810916 -3.717372
v 6.681942 10.663808 -3.114441
v 6.887797 10.628840 -2.958765
v 6.821832 12.080084 -1.698537
v 9.480669 -4.586269 0.357366
v 9.366811 -4.635884 1.403564
v 8.514877 -5.751463 1.506207
v 9.848292 -2.901799 0.695707
v 3.938704 -8.274779 -5.685075
v 4.519398 -8.213563 -5.554300
v 4.174977 -8.355936 -5.323354
v 3.938704 -8.274779 -5.685075
v 4.267354 -7.963424 -5.818511
v 4.519398 -8.213563 -5.554300
v 3.266015 13.402478 -0.589613
v 3.009983 13.354948 -0.324642
v 3.047996 13.465199 0.021494
v -9.957256 -3.007101 -0.261723
v -9.554284 -4.578293 0.350143
v -9.919243 -2.901799 0.695707
v -4.304860 8.989579 4.667231
v -3.500057 9.983886 4.478481
v -4.591490 9.981239 3.602785
v -3.187940 10.840387 3.727667
v 9.848292 -2.901799 0.695707
v 9.480669 -4.586269 0.357366
v 9.888590 -3.009566 -0.264195
v 4.500962 9.937316 3.672163
v 3.106348 10.803335 3.792483
v 3.429868 9.983886 4.478481
v 4.257475 9.041677 4.625603
v -4.007951 -8.287125 -5.659604
v -4.697935 -8.047625 -5.645918
v -3.963285 -8.036604 -5.847594
v -5.251256 -7.467512 -5.635275
v -4.697935 -8.047625 -5.645918
v -5.302574 -7.730758 -5.453559
v -10.673851 -1.382867 -0.697196
v -10.996990 -3.378694 -0.980794
v -10.995087 -3.390876 -0.885755
v -10.670044 -1.395611 -0.602156
v -4.707814 -8.233521 -5.184405
v -5.129421 -7.965127 -5.201513
v -4.732721 -8.169659 -5.530730
v -3.500057 9.983886 4.478481
v -2.300277 8.857285 5.865112
v -2.248378 9.964888 5.088065
v -3.187940 10.840387 3.727667
v -4.591490 9.981239 3.602785
v -5.603471 10.049471 1.688873
v -6.172000 9.026649 1.836373
v -4.538848 10.847421 2.120733
v -4.707814 -8.233521 -5.184405
v -4.732721 -8.169659 -5.530730
v -4.245166 -8.355936 -5.323354
v 1.395629 11.411582 -1.395550
v 1.706786 11.816838 -0.672106
v 3.605686 11.411582 -0.405234
v 3.267737 10.817021 -1.471772
v 10.924698 -3.390876 -0.885755
v 10.604042 -1.382867 -0.697196
v 10.600816 -1.395611 -0.602156
v 10.927181 -3.378694 -0.980794
v 2.199670 8.825744 5.883740
v 3.429868 9.983886 4.478481
v 2.144363 9.942845 5.113536
v 3.106348 10.803335 3.792483
v 5.529112 10.041875 1.730691
v 4.456858 10.841348 2.167303
v 4.500962 9.937316 3.672163
v 6.099146 9.010679 1.878001
v 1.314472 10.810749 4.366143
v -0.035095 9.983886 5.345052
v 2.144363 9.942845 5.113536
v -0.035095 8.913753 6.076860
v 4.519398 -8.213563 -5.554300
v 4.748836 -8.186571 -5.199802
v 4.174977 -8.355936 -5.323354
v -0.035095 9.983886 5.345052
v -0.757200 10.817021 4.467835
v -2.248378 9.964888 5.088065
v -0.035095 8.913753 6.076860
v 5.278954 -7.734184 -5.176991
v 4.917040 -7.990035 -5.532821
v 5.235811 -7.727151 -5.451277
v 4.917040 -7.990035 -5.532821
v 5.278954 -7.734184 -5.176991
v 4.748836 -8.186571 -5.199802
v -8.751004 -4.589315 2.741725
v -9.497255 -2.936585 2.028926
v -9.436438 -4.635884 1.403564
v -8.586208 -5.750901 1.503546
v -5.603471 10.049471 1.688873
v -5.118019 10.801812 0.499543
v -5.842589 9.983886 0.585841
v -6.172000 9.026649 1.836373
v -5.842589 9.983886 0.585841
v -6.697188 8.241625 0.599715
v 0.018889 -7.780952 6.092447
v -0.084129 -7.782856 6.090357
v -0.050485 -7.840065 6.026300
v -5.251256 -7.467512 -5.635275
v -4.651365 -7.742360 -5.813950
v -4.697935 -8.047625 -5.645918
v 9.366811 -4.635884 1.403564
v 9.426885 -2.936585 2.028926
v 8.680434 -4.579998 2.749137
v 8.514877 -5.751463 1.506207
v 4.501923 -7.465609 -5.923054
v 4.925415 -7.575860 -5.729553
v 4.267354 -7.963424 -5.818511
v 4.917040 -7.990035 -5.532821
v 4.917040 -7.990035 -5.532821
v 4.519398 -8.213563 -5.554300
v 5.171749 9.981239 -0.877202
v 5.047630 10.801812 0.499543
v 5.787990 9.952724 0.234192
v 6.136797 8.932369 -0.400863
v -3.431826 -8.100666 -5.807866
v -4.007951 -8.287125 -5.659604
v -3.963285 -8.036604 -5.847594
v -4.706491 11.706768 2.421440
v -3.826804 12.702978 1.762434
v -5.788424 12.351343 2.008586
v -5.667914 12.955783 1.208920
v -3.963285 -8.036604 -5.847594
v -4.697935 -8.047625 -5.645918
v -4.651365 -7.742360 -5.813950
v 5.504024 12.408354 2.010106
v 5.414873 12.978605 1.209110
v 3.326651 12.782811 1.643253
v 3.598471 11.902944 2.245234
v 7.130523 7.835607 0.671375
v 6.283538 9.289534 -0.647396
v 6.107522 9.981421 1.320118
v 4.925415 -7.575860 -5.729553
v 5.429883 -7.387099 -5.473896
v 4.917040 -7.990035 -5.532821
v 5.339409 -7.012641 -5.650101
v 5.583277 -6.873133 -5.455270
v 4.917040 -7.990035 -5.532821
v 5.429883 -7.387099 -5.473896
v 5.235811 -7.727151 -5.451277
v 5.047630 10.801812 0.499543
v 5.529112 10.041875 1.730691
v 5.787990 9.952724 0.234192
v 6.099146 9.010679 1.878001
v 6.626817 8.242005 0.599337
v 6.508010 7.657886 2.027595
v 5.787990 9.952724 0.234192
v 3.505713 -8.174607 -5.754075
v 3.497918 -7.915332 -5.925146
v 3.938704 -8.274779 -5.685075
v -4.368143 10.013923 -1.561110
v -4.534461 10.816640 -0.660702
v -3.340772 10.826900 -1.458085
v -3.004327 11.385914 -0.922631
v -9.637924 1.563180 -0.164595
v -10.120711 0.181111 -0.506926
v -10.116922 0.162675 -0.413028
v -9.637924 1.539415 -0.071834
v 3.497918 -7.915332 -5.925146
v 4.267354 -7.963424 -5.818511
v 3.938704 -8.274779 -5.685075
v 4.574903 12.896869 -0.952283
v 4.804523 12.218287 0.337407
v 5.227635 12.765718 -0.478036
v -5.514139 -7.481761 -5.155513
v -5.589603 -7.203486 -5.439301
v -5.302574 -7.730758 -5.453559
v -2.667121 12.893062 1.370678
v -2.804744 13.362562 0.655028
v -3.826804 12.702978 1.762434
v -2.995970 12.061848 2.023792
v -3.826804 12.702978 1.762434
v -10.673851 -1.382867 -0.697196
v -10.116922 0.162675 -0.413028
v -10.120711 0.181111 -0.506926
v -10.670044 -1.395611 -0.602156
v -5.589603 -7.203486 -5.439301
v -5.251256 -7.467512 -5.635275
v -5.302574 -7.730758 -5.453559
v -5.646251 -6.652631 -5.497466
v -5.438674 -6.943449 -5.639455
v 10.047676 0.162675 -0.413028
v 9.568115 1.563180 -0.164595
v 9.568296 1.539415 -0.071834
v 10.049960 0.181111 -0.506926
v 5.458198 12.218287 -1.702719
v 4.062641 12.012995 -1.794906
v 4.574903 12.896869 -0.952283
v -6.195385 -5.292041 4.985234
v -7.000749 -4.054248 4.908632
v -6.956645 -4.848591 4.011647
v -5.671521 8.246954 3.636427
v -4.304860 8.989579 4.667231
v -4.591490 9.981239 3.602785
v -5.842589 9.983886 0.585841
v -5.638076 9.995107 -0.314568
v -6.207367 8.931989 -0.400483
v -5.118019 10.801812 0.499543
v -6.563190 7.763007 -0.453895
v -6.697188 8.241625 0.599715
v 10.604042 -1.382867 -0.697196
v 10.047676 0.162675 -0.413028
v 10.600816 -1.395611 -0.602156
v 10.049960 0.181111 -0.506926
v -9.080216 2.867121 0.181732
v -9.637924 1.563180 -0.164595
v -9.637924 1.539415 -0.071834
v -9.080035 2.852111 0.276391
v 6.930560 -4.054248 4.908632
v 6.141347 -5.281020 4.970027
v 6.881707 -4.852960 4.014498
v 5.429883 -7.387099 -5.473896
v 4.925415 -7.575860 -5.729553
v 5.339409 -7.012641 -5.650101
v -1.338274 10.849143 -1.874551
v -3.004327 11.385914 -0.922631
v -1.435600 11.392566 -1.371409
v -1.703432 11.826717 -0.684462
v 3.267737 10.817021 -1.471772
v 3.605686 11.411582 -0.405234
v 4.464272 10.816640 -0.660702
v 4.023667 9.954247 -1.685611
v -5.589603 -7.203486 -5.439301
v -5.438674 -6.943449 -5.639455
v -5.251256 -7.467512 -5.635275
v 9.568296 1.539415 -0.071834
v 9.010027 2.867121 0.181732
v 9.009846 2.852111 0.276391
v 9.568115 1.563180 -0.164595
v -5.129421 -7.965127 -5.201513
v -5.514139 -7.481761 -5.155513
v -5.302574 -7.730758 -5.453559
v 3.477960 11.907312 1.865837
v 2.285594 12.309523 1.546312
v -2.752846 12.195465 1.878952
v 6.099146 9.010679 1.878001
v 4.500962 9.937316 3.672163
v 5.371150 8.913753 3.441027
v 6.508010 7.657886 2.027595
v 3.565008 -8.296641 -5.456219
v 3.505713 -8.174607 -5.754075
v 3.938704 -8.274779 -5.685075
v 5.429883 -7.387099 -5.473896
v 5.278954 -7.734184 -5.176991
v 5.235811 -7.727151 -5.451277
v -1.338274 10.849143 -1.874551
v 1.395629 11.411582 -1.395550
v 1.818378 10.819668 -1.818286
v 1.426228 10.055742 -2.212702
v -1.435600 11.392566 -1.371409
v 1.395629 11.411582 -1.395550
v -1.703432 11.826717 -0.684462
v -1.703432 11.826717 -0.684462
v 1.706786 11.816838 -0.672106
v -1.305209 12.058621 -0.068414
v -4.651365 -7.742360 -5.813950
v -4.342873 -7.536124 -5.962592
v -3.963285 -8.036604 -5.847594
v 3.938704 -8.274779 -5.685075
v 4.174977 -8.355936 -5.323354
v 3.565008 -8.296641 -5.456219
v -0.035095 8.913753 6.076860
v -2.248378 9.964888 5.088065
v -2.300277 8.857285 5.865112
v -1.806251 7.645342 6.368823
v -0.035095 8.913753 6.076860
v 1.742914 7.667204 6.366351
v 2.199670 8.825744 5.883740
v 2.144363 9.942845 5.113536
v -2.300277 8.857285 5.865112
v -3.500057 9.983886 4.478481
v -4.304860 8.989579 4.667231
v -2.979420 7.557914 6.083513
v -3.635197 -8.296641 -5.456219
v -4.007951 -8.287125 -5.659604
v -3.431826 -8.100666 -5.807866
v -6.666969 9.398643 -0.084760
v -7.371400 7.404900 0.423512
v -5.185870 11.020972 1.707120
v -7.000749 -4.054248 4.908632
v -7.761647 -3.826332 3.945879
v -6.956645 -4.848591 4.011647
v -7.229608 -2.085394 4.865294
v -9.080216 2.867121 0.181732
v -7.213637 6.054191 0.223739
v -7.214399 6.053230 0.127938
v 3.429868 9.983886 4.478481
v 2.199670 8.825744 5.883740
v 4.257475 9.041677 4.625603
v 2.906204 7.556572 6.084844
v 4.748836 -8.186571 -5.199802
v 5.278954 -7.734184 -5.176991
v 4.976172 -7.942704 -4.574251
v -3.072196 13.324549 -0.311147
v -3.342857 13.404382 -0.590753
v -3.124838 13.469006 0.025296
v -7.213637 6.054191 0.223739
v -9.080216 2.867121 0.181732
v -9.080035 2.852111 0.276391
v 6.136797 8.932369 -0.400863
v 5.787990 9.952724 0.234192
v 6.626817 8.242005 0.599337
v 6.881707 -4.852960 4.014498
v 7.694485 -3.817794 3.944929
v 6.930560 -4.054248 4.908632
v 7.159419 -2.085394 4.865294
v -5.497226 -5.703751 5.675034
v -6.080765 -4.054248 5.716090
v -6.195385 -5.292041 4.985234
v 3.497918 -7.915332 -5.925146
v 3.505713 -8.174607 -5.754075
v 3.060540 -7.879222 -5.889600
v 7.143448 6.054191 0.223739
v 9.010027 2.867121 0.181732
v 7.144209 6.053230 0.127938
v 7.143448 6.054191 0.223739
v 9.009846 2.852111 0.276391
v 9.010027 2.867121 0.181732
v -4.245166 -8.355936 -5.323354
v -4.007951 -8.287125 -5.659604
v -3.635197 -8.296641 -5.456219
v 6.010576 -4.054248 5.716090
v 5.426456 -5.701848 5.676554
v 6.141347 -5.281020 4.970027
v 3.715357 -7.592011 -6.034631
v 4.267354 -7.963424 -5.818511
v 3.497918 -7.915332 -5.925146
v -4.707814 -8.233521 -5.184405
v -4.684067 -8.098183 -4.088407
v -5.129421 -7.965127 -5.201513
v 2.734736 13.362562 0.654269
v 2.514253 12.883563 1.313085
v 3.326651 12.782811 1.643253
v 2.762109 12.085233 1.930083
v 5.371150 8.913753 3.441027
v 4.500962 9.937316 3.672163
v 4.257475 9.041677 4.625603
v 5.679842 7.538517 3.804649
v -5.251256 -7.467512 -5.635275
v -4.936872 -6.979958 -5.895113
v -4.651365 -7.742360 -5.813950
v -6.020329 10.417656 -3.387584
v -6.924143 8.785628 -3.724786
v -6.926807 10.662485 -3.052284
v -6.035900 12.212578 -2.015970
v -3.431826 -8.100666 -5.807866
v -3.963285 -8.036604 -5.847594
v -3.247253 -7.672987 -6.006880
v 4.174977 -8.355936 -5.323354
v 4.748836 -8.186571 -5.199802
v 3.971587 -8.310509 -4.202265
v -6.601584 7.786010 1.840366
v -6.172000 9.026649 1.836373
v -6.697188 8.241625 0.599715
v -4.245166 -8.355936 -5.323354
v -4.041777 -8.310509 -4.202265
v -4.707814 -8.233521 -5.184405
v -3.823958 -8.256724 -3.188569
v -3.942366 -8.173084 -2.795866
v -4.358843 -8.075958 -3.095240
v 4.748836 -8.186571 -5.199802
v 4.976172 -7.942704 -4.574251
v 4.560837 -8.119863 -4.102093
v -6.080765 -4.054248 5.716090
v -7.000749 -4.054248 4.908632
v -6.195385 -5.292041 4.985234
v -5.942381 -2.734519 5.893054
v -3.963285 -8.036604 -5.847594
v -4.342873 -7.536124 -5.962592
v -3.788591 -7.426635 -6.082151
v 4.748836 -8.186571 -5.199802
v 4.560837 -8.119863 -4.102093
v 3.971587 -8.310509 -4.202265
v 3.754530 -8.256525 -3.188379
v 4.289216 -8.075378 -3.095050
v 3.872757 -8.172885 -2.795866
v -2.979420 7.557914 6.083513
v -4.304860 8.989579 4.667231
v -4.409400 7.725175 5.165238
v 4.257475 9.041677 4.625603
v 2.906204 7.556572 6.084844
v 4.373417 7.769080 5.121141
v -8.240066 -1.980292 3.661140
v -7.761647 -3.826332 3.945879
v -7.229608 -2.085394 4.865294
v 4.501923 -7.465609 -5.923054
v 4.886061 -6.952005 -5.892072
v 4.925415 -7.575860 -5.729553
v 5.564642 -7.184852 -5.155513
v 5.278954 -7.734184 -5.176991
v 5.429883 -7.387099 -5.473896
v -4.041777 -8.310509 -4.202265
v -4.684067 -8.098183 -4.088407
v -4.707814 -8.233521 -5.184405
v -3.252763 -7.519972 2.459266
v -3.995788 -7.621286 1.026066
v -2.861012 -7.722782 2.292376
v -6.601584 7.786010 1.840366
v -5.671521 8.246954 3.636427
v -6.172000 9.026649 1.836373
v 7.159419 -2.085394 4.865294
v 7.694485 -3.817794 3.944929
v 8.164946 -1.971156 3.662851
v -5.671521 8.246954 3.636427
v -4.409400 7.725175 5.165238
v -4.304860 8.989579 4.667231
v -5.265141 -7.719175 -4.568547
v -5.514139 -7.481761 -5.155513
v -5.129421 -7.965127 -5.201513
v 6.855676 8.810916 -3.717372
v 5.832275 10.372991 -3.431682
v 6.681942 10.663808 -3.114441
v 5.726411 12.151760 -2.150926
v -4.651365 -7.742360 -5.813950
v -4.936872 -6.979958 -5.895113
v -4.342873 -7.536124 -5.962592
v -3.963285 -8.036604 -5.847594
v -3.788591 -7.426635 -6.082151
v -3.247253 -7.672987 -6.006880
v -5.085317 -4.535531 5.920046
v -4.643951 -3.124367 6.672571
v -5.754980 -3.518221 5.889633
v -2.992544 -5.902391 6.704505
v -4.643951 -3.124367 6.672571
v -5.085317 -4.535531 5.920046
v -5.129421 -7.965127 -5.201513
v -4.684067 -8.098183 -4.088407
v -5.265141 -7.719175 -4.568547
v 5.685914 -3.521447 5.888303
v 4.573761 -3.124367 6.672571
v 5.013043 -4.533808 5.920615
v 4.573761 -3.124367 6.672571
v 2.940410 -5.886240 6.701462
v 5.013043 -4.533808 5.920615
v -5.339264 8.456978 -4.091068
v -6.020329 10.417656 -3.387584
v -4.762758 10.395994 -3.687149
v -4.149744 12.269607 -2.499722
v 3.996114 -7.493162 0.532430
v 3.579836 -7.690080 1.493091
v 3.065670 -7.753200 -0.249559
v -6.697188 8.241625 0.599715
v -5.842589 9.983886 0.585841
v -6.207367 8.931989 -0.400483
v -6.713738 6.517600 -0.405995
v -6.563190 7.763007 -0.453895
v -4.358843 -8.075958 -3.095240
v -4.583315 -7.801672 -2.690940
v -4.769592 -7.720316 -3.035936
v 4.174977 -8.355936 -5.323354
v 3.971587 -8.310509 -4.202265
v 3.753768 -8.350225 -4.765279
v -3.823958 -8.350225 -4.765279
v -4.041777 -8.310509 -4.202265
v -4.245166 -8.355936 -5.323354
v 4.925415 -7.575860 -5.729553
v 4.886061 -6.952005 -5.892072
v 5.339409 -7.012641 -5.650101
v 5.371531 -6.510458 -5.671770
v 5.339409 -7.012641 -5.650101
v 5.583277 -6.873133 -5.455270
v 4.174977 -8.355936 -5.323354
v 3.753768 -8.350225 -4.765279
v 3.565008 -8.296641 -5.456219
v -3.823958 -8.350225 -4.765279
v -4.245166 -8.355936 -5.323354
v -3.635197 -8.296641 -5.456219
v 4.289216 -8.075378 -3.095050
v 4.699602 -7.719936 -3.035936
v 4.513325 -7.801473 -2.690940
v -6.601584 7.786010 1.840366
v -5.869962 5.855370 3.786780
v -5.671521 8.246954 3.636427
v -4.591490 9.981239 3.602785
v -6.172000 9.026649 1.836373
v 6.554199 12.541409 1.110080
v 6.710638 12.828438 0.263655
v 6.579486 12.868355 0.782573
v 5.832275 10.372991 -3.431682
v 5.254246 8.483970 -4.082136
v 4.507234 10.403789 -3.687910
v 4.061119 12.275298 -2.507515
v -3.506130 8.620831 4.676353
v -4.318927 8.620831 4.016588
v -4.073898 7.572923 4.748013
v 5.429883 -7.387099 -5.473896
v 5.583277 -6.873133 -5.455270
v 5.564642 -7.184852 -5.155513
v -4.762758 10.395994 -3.687149
v -4.149744 12.269607 -2.499722
v -3.940843 12.138454 -2.551995
v -3.609547 13.157269 -1.283213
v -1.548896 8.620831 5.500158
v -2.578932 8.620831 5.197552
v -2.294386 7.477319 5.782426
v -5.149760 -6.314482 -5.834098
v -4.936872 -6.979958 -5.895113
v -5.438674 -6.943449 -5.639455
v -5.251256 -7.467512 -5.635275
v -4.936872 -6.979958 -5.895113
v 1.816855 -7.504945 3.063149
v -0.389975 -7.742921 3.043571
v 2.607011 -7.669741 2.547082
v 2.224196 7.477319 5.782426
v 2.508742 8.620831 5.197552
v 1.478707 8.620831 5.500158
v 4.003709 7.572923 4.748013
v 4.248737 8.620831 4.016588
v 3.435941 8.620831 4.676353
v 3.047996 13.465199 0.021494
v 3.009983 13.354948 -0.324642
v 2.734736 13.362562 0.654269
v -4.684067 -8.098183 -4.088407
v -5.029811 -7.786083 -4.049820
v -5.265141 -7.719175 -4.568547
v 6.493001 7.763188 -0.454085
v 6.136797 8.932369 -0.400863
v 6.626817 8.242005 0.599337
v -4.075040 -5.315988 6.000070
v -2.992544 -5.902391 6.704505
v -5.085317 -4.535531 5.920046
v -2.861012 -7.722782 2.292376
v -0.389975 -7.742921 3.043571
v -0.488443 -7.537066 3.364236
v -0.389975 -7.742921 3.043571
v -1.721868 -7.848242 1.204170
v -4.368143 10.013923 -1.561110
v -6.207367 8.931989 -0.400483
v -5.638076 9.995107 -0.314568
v -4.534461 10.816640 -0.660702
v 6.228975 12.159355 1.922671
v 6.463924 12.697286 1.363076
v 5.504024 12.408354 2.010106
v 5.477594 11.518226 2.260060
v 6.228975 12.159355 1.922671
v 2.940410 -5.886240 6.701462
v 3.992688 -5.324743 6.002920
v 5.013043 -4.533808 5.920615
v -7.747000 -3.197366 0.872862
v -7.775134 -2.969269 1.153608
v -7.856689 -3.030485 0.870390
v -7.897548 -2.825192 0.877994
v 3.208424 -7.321532 -6.114654
v 3.819535 -7.127642 -6.128340
v 3.715357 -7.592011 -6.034631
v 4.501923 -7.465609 -5.923054
v 4.371333 -6.823518 -6.063714
v 3.819535 -7.127642 -6.128340
v 4.501923 -7.465609 -5.923054
v 4.267354 -7.963424 -5.818511
v 5.278954 -7.734184 -5.176991
v 5.275727 -7.589727 -4.558092
v 4.976172 -7.942704 -4.574251
v -3.932106 -7.978251 -2.833310
v -2.683853 -7.732100 0.172798
v -3.193070 -7.580409 0.271449
v -1.721868 -7.848242 1.204170
v -3.995788 -7.621286 1.026066
v -3.692226 -7.690660 -0.015952
v -4.264182 -8.156734 -4.246362
v -3.993304 -8.018929 -3.144091
v -4.427256 -7.787986 -3.073190
v -4.427256 -7.787986 -3.073190
v -4.780813 -7.882829 -4.169760
v -4.264182 -8.156734 -4.246362
v 3.715357 -7.592011 -6.034631
v 3.497918 -7.915332 -5.925146
v 3.208424 -7.321532 -6.114654
v -3.932106 -7.978251 -2.833310
v -3.193070 -7.580409 0.271449
v -4.344196 -7.746928 -2.765834
v 3.579836 -7.690080 1.493091
v 2.607011 -7.669741 2.547082
v 1.066417 -7.858302 1.466671
v 1.066417 -7.858302 1.466671
v 2.607011 -7.669741 2.547082
v -0.389975 -7.742921 3.043571
v -2.861012 -7.722782 2.292376
v -3.995788 -7.621286 1.026066
v -1.721868 -7.848242 1.204170
v 3.379691 -8.037745 -2.923789
v 4.081838 -7.902406 -2.795485
v 2.618413 -7.732281 0.173178
v 4.195878 -8.156172 -4.246172
v 4.359351 -7.786463 -3.072812
v 3.925399 -8.018549 -3.143710
v 4.359351 -7.786463 -3.072812
v 4.195878 -8.156172 -4.246172
v 4.712327 -7.881307 -4.169760
v 3.194556 -8.216790 -3.299386
v 3.754530 -8.256525 -3.188379
v 3.308215 -8.225346 -2.902689
v -3.264165 -8.216609 -3.299577
v -3.377643 -8.225164 -2.902689
v -3.823958 -8.256724 -3.188569
v -5.527644 11.512696 2.278689
v -5.788424 12.351343 2.008586
v -6.315896 12.140340 1.902522
v -6.315896 12.140340 1.902522
v -6.545316 12.699189 1.345399
v 3.996114 -7.493162 0.532430
v 4.417902 -6.923309 1.061421
v 3.579836 -7.690080 1.493091
v 3.065670 -7.753200 -0.249559
v 3.579836 -7.690080 1.493091
v 1.066417 -7.858302 1.466671
v -4.116860 -6.924252 2.073975
v -3.995788 -7.621286 1.026066
v -3.252763 -7.519972 2.459266
v 7.731374 -2.928972 1.129469
v 7.770330 -3.073810 0.882746
v 7.828882 -2.766459 0.866778
v 7.770330 -3.073810 0.882746
v 7.488630 -3.220932 1.267656
v 1.066417 -7.858302 1.466671
v -0.389975 -7.742921 3.043571
v -1.721868 -7.848242 1.204170
v -3.995788 -7.621286 1.026066
v -4.579526 -6.923309 0.507720
v -3.692226 -7.690660 -0.015952
v -3.444370 -8.037745 -2.924738
v -2.683853 -7.732100 0.172798
v -3.932106 -7.978251 -2.833310
v -9.436438 -4.635884 1.403564
v -9.497255 -2.936585 2.028926
v -9.919243 -2.901799 0.695707
v -8.161374 0.008139 1.677848
v -9.919243 -2.901799 0.695707
v -8.240066 -1.980292 3.661140
v -8.161374 0.008139 1.677848
v -8.751004 -4.589315 2.741725
v -8.726678 -3.005578 3.411755
v -8.240066 -1.980292 3.661140
v -3.692226 -7.690660 -0.015952
v -2.989880 -7.646937 -0.854392
v -0.656647 -7.833414 -0.488488
v 3.060540 -7.879222 -5.889600
v 3.208424 -7.321532 -6.114654
v 3.497918 -7.915332 -5.925146
v -1.721868 -7.848242 1.204170
v -3.692226 -7.690660 -0.015952
v -0.656647 -7.833414 -0.488488
v -5.995984 7.657324 1.848539
v -4.985906 8.620831 3.211029
v -5.687872 8.618366 1.773267
v -5.295540 7.178707 3.575032
v -4.318927 8.620831 4.016588
v -4.985906 8.620831 3.211029
v -0.656647 -7.833414 -0.488488
v -2.989880 -7.646937 -0.854392
v -0.457264 -7.676394 -1.617372
v -6.207367 8.931989 -0.400483
v -4.368143 10.013923 -1.561110
v -5.627055 8.374498 -1.380915
v 3.502668 -7.504945 -0.445530
v 3.065670 -7.753200 -0.249559
v 2.286736 -7.669379 -1.135520
v 1.066417 -7.858302 1.466671
v -1.721868 -7.848242 1.204170
v -0.656647 -7.833414 -0.488488
v 3.065670 -7.753200 -0.249559
v 1.066417 -7.858302 1.466671
v -0.656647 -7.833414 -0.488488
v 7.478751 5.172020 -0.195958
v 6.283538 9.289534 -0.647396
v 7.130523 7.835607 0.671375
v -0.656647 -7.833414 -0.488488
v 2.286736 -7.669379 -1.135520
v 3.065670 -7.753200 -0.249559
v 4.248737 8.620831 4.016588
v 5.225351 7.178707 3.575032
v 4.915536 8.620831 3.211029
v 4.081838 -7.902406 -2.795485
v 3.267157 -7.511217 0.296540
v 2.618413 -7.732281 0.173178
v 3.267157 -7.511217 0.296540
v 4.577750 -7.381026 -2.725536
v 1.074593 -7.504764 -1.684280
v 2.286736 -7.669379 -1.135520
v -0.457264 -7.676394 -1.617372
v -0.656647 -7.833414 -0.488488
v 4.976172 -7.942704 -4.574251
v 4.959621 -7.786083 -4.049820
v 4.560837 -8.119863 -4.102093
v -4.936872 -6.979958 -5.895113
v -4.364154 -6.877121 -6.080250
v -4.342873 -7.536124 -5.962592
v -3.788591 -7.426635 -6.082151
v -4.038931 -6.661568 -6.155713
v 4.915536 8.620831 3.211029
v 5.925794 7.657324 1.848539
v 5.617682 8.618366 1.773267
v 6.010576 -4.054248 5.716090
v 6.141347 -5.281020 4.970027
v 6.930560 -4.054248 4.908632
v 5.913069 -2.230812 5.970417
v 6.930560 -4.054248 4.908632
v 7.159419 -2.085394 4.865294
v 4.573761 -3.124367 6.672571
v 5.685914 -3.521447 5.888303
v 5.913069 -2.230812 5.970417
v 4.439945 -1.886192 6.731306
v 5.068169 -0.007450 5.792120
v -4.625135 -6.813439 1.107039
v -4.579526 -6.923309 0.507720
v -3.995788 -7.621286 1.026066
v -7.817153 -2.629036 1.176419
v -7.897548 -2.825192 0.877994
v -7.775134 -2.969269 1.153608
v -9.957256 -3.007101 -0.261723
v -9.919243 -2.901799 0.695707
v -9.516271 -1.919076 -0.474804
v -6.713738 6.517600 -0.405995
v -7.003414 5.303752 -0.459408
v -6.993154 5.827036 0.401843
v 3.676781 12.007483 -0.131329
v 4.804523 12.218287 0.337407
v 4.574903 12.896869 -0.952283
v 4.507234 10.403789 -3.687910
v 3.870654 12.138454 -2.551995
v 4.061119 12.275298 -2.507515
v 3.467700 13.149673 -1.298229
v 3.579836 -7.690080 1.493091
v 4.417902 -6.923309 1.061421
v 4.314304 -6.811535 1.599726
v -3.506130 8.620831 4.676353
v -2.294386 7.477319 5.782426
v -2.578932 8.620831 5.197552
v 5.679842 7.538517 3.804649
v 6.508010 7.657886 2.027595
v 5.371150 8.913753 3.441027
v 6.708735 5.519305 1.857662
v 6.508010 7.657886 2.027595
v 5.948997 4.108541 3.754468
v 7.052413 3.532016 1.674616
v 5.948997 4.108541 3.754468
v 8.091186 0.008139 1.677848
v 8.164946 -1.971156 3.662851
v 9.426885 -2.936585 2.028926
v 9.366811 -4.635884 1.403564
v 9.848292 -2.901799 0.695707
v 8.091186 0.008139 1.677848
v 9.848292 -2.901799 0.695707
v 8.164946 -1.971156 3.662851
v 8.657249 -3.005759 3.410044
v 8.680434 -4.579998 2.749137
v -4.264182 -8.156734 -4.246362
v -3.507272 -8.064538 -3.235709
v -3.993304 -8.018929 -3.144091
v 4.195878 -8.156172 -4.246172
v 3.925399 -8.018549 -3.143710
v 3.439186 -8.064919 -3.235329
v -3.995788 -7.621286 1.026066
v -4.116860 -6.924252 2.073975
v -4.625135 -6.813439 1.107039
v 9.848292 -2.901799 0.695707
v 9.888590 -3.009566 -0.264195
v 9.445121 -1.915849 -0.474423
v 3.602459 -8.137718 -4.364972
v 4.195878 -8.156172 -4.246172
v 3.439186 -8.064919 -3.235329
v -3.670944 -8.137537 -4.365162
v -3.507272 -8.064538 -3.235709
v -4.264182 -8.156734 -4.246362
v -7.071084 3.977189 1.330952
v -8.161374 0.008139 1.677848
v -6.415307 3.297266 3.483604
v -6.490571 5.655406 2.581106
v -9.516271 -1.919076 -0.474804
v -9.919243 -2.901799 0.695707
v -6.601584 7.786010 1.840366
v -7.071084 3.977189 1.330952
v -7.262871 3.492100 0.294069
v -7.850979 1.799453 -0.036670
v 6.892728 5.690573 0.333224
v 6.933225 5.303752 -0.459408
v 6.643548 6.517600 -0.405995
v 2.224196 7.477319 5.782426
v 3.435941 8.620831 4.676353
v 2.508742 8.620831 5.197552
v -3.431826 -8.100666 -5.807866
v -3.247253 -7.672987 -6.006880
v -2.967257 -7.724686 -5.908228
v -2.981704 -7.246829 -6.092036
v -2.967257 -7.724686 -5.908228
v -2.989880 -7.646937 -0.854392
v -1.978842 -7.504764 -1.494010
v -0.457264 -7.676394 -1.617372
v -7.850979 1.799453 -0.036670
v -8.161374 0.008139 1.677848
v -7.071084 3.977189 1.330952
v -3.823958 -8.256724 -3.188569
v -3.377643 -8.225164 -2.902689
v -3.942366 -8.173084 -2.795866
v -7.897548 -2.825192 0.877994
v -7.837293 -2.831464 0.650849
v -7.856689 -3.030485 0.870390
v 3.754530 -8.256525 -3.188379
v 3.872757 -8.172885 -2.795866
v 3.308215 -8.225346 -2.902689
v 4.976172 -7.942704 -4.574251
v 5.275727 -7.589727 -4.558092
v 4.959621 -7.786083 -4.049820
v 5.583277 -6.873133 -5.455270
v 5.371531 -6.510458 -5.671770
v 5.533662 -6.307449 -5.505070
v 3.467700 13.149673 -1.298229
v 3.009983 13.354948 -0.324642
v 3.266015 13.402478 -0.589613
v -8.043347 4.051130 0.051908
v -8.043347 5.699111 0.051907
v -8.021866 5.699111 -0.041422
v -8.021866 4.051130 -0.041421
v -3.252763 11.790789 -1.140654
v -4.360167 10.997026 -0.941640
v -5.413024 10.918136 -0.333955
v 7.828882 -2.766459 0.866778
v 7.770330 -3.073810 0.882746
v 7.731374 -2.928972 0.611311
v -5.697752 8.619127 -0.288525
v -6.219911 7.557532 0.609221
v -5.889739 8.620831 0.604088
v 7.192863 3.491538 0.294257
v 7.052413 3.532016 1.674616
v 7.780590 1.800396 -0.036860
v 6.708735 5.519305 1.857662
v 7.052413 3.532016 1.674616
v 8.091186 0.008139 1.677848
v 9.445121 -1.915849 -0.474423
v 8.329361 -0.036726 -0.058719
v 7.780590 1.800396 -0.036860
v 3.502668 -7.504945 -0.445530
v 3.996114 -7.493162 0.532430
v 3.065670 -7.753200 -0.249559
v 4.463329 -6.813819 0.462100
v 2.607011 -7.669741 2.547082
v 3.579836 -7.690080 1.493091
v 3.480045 -6.926536 2.544612
v -5.646251 -6.652631 -5.497466
v -5.149760 -6.314482 -5.834098
v -5.438674 -6.943449 -5.639455
v -4.344196 -7.746928 -2.765834
v -3.193070 -7.580409 0.271449
v -3.713127 -7.122692 0.369720
v 3.505713 -8.174607 -5.754075
v 3.016817 -8.016827 -5.575210
v 3.060540 -7.879222 -5.889600
v -4.358843 -8.075958 -3.095240
v -3.942366 -8.173084 -2.795866
v -4.583315 -7.801672 -2.690940
v -3.692226 -7.690660 -0.015952
v -4.579526 -6.923309 0.507720
v -4.476309 -6.810974 -0.030397
v 7.973157 5.699111 0.051907
v 7.973157 4.051130 0.051908
v 7.951677 4.051130 -0.041421
v 7.951677 5.699111 -0.041422
v 7.731374 -2.928972 1.129469
v 7.828882 -2.766459 0.866778
v 7.775279 -2.568780 1.054959
v 7.317562 -3.460812 1.060279
v 7.770330 -3.073810 0.882746
v 7.488630 -3.220932 1.267656
v 4.289216 -8.075378 -3.095050
v 4.513325 -7.801473 -2.690940
v 3.872757 -8.172885 -2.795866
v -7.000749 -4.054248 4.908632
v -5.942381 -2.734519 5.893054
v -7.229608 -2.085394 4.865294
v -7.229608 -2.085394 4.865294
v -5.930217 -1.886392 5.945517
v -5.930217 -1.886392 5.945517
v -6.954561 0.026575 4.082355
v 6.149722 7.557532 0.609221
v 5.627562 8.619127 -0.288525
v 5.819550 8.620831 0.604088
v 5.275727 -7.589727 -4.558092
v 5.278954 -7.734184 -5.176991
v 5.564642 -7.184852 -5.155513
v 7.317562 -3.460812 1.060279
v 7.687451 -3.182157 0.841119
v 7.770330 -3.073810 0.882746
v -7.737320 -3.030286 0.565883
v -7.747000 -3.197366 0.872862
v -7.856689 -3.030485 0.870390
v -2.992544 -5.902391 6.704505
v -2.974290 -3.528861 7.031061
v -4.643951 -3.124367 6.672571
v -2.974290 -3.528861 7.031061
v -3.057749 -1.950436 7.094547
v 3.016817 -8.016827 -5.575210
v 3.505713 -8.174607 -5.754075
v 3.565008 -8.296641 -5.456219
v -7.837293 -2.831464 0.650849
v -7.737320 -3.030286 0.565883
v -7.856689 -3.030485 0.870390
v 7.731374 -2.928972 1.129469
v 7.633667 -2.692899 1.421812
v 7.451378 -2.978768 1.548405
v -0.035095 7.353002 6.022497
v 2.224196 7.477319 5.782426
v 1.478707 8.620831 5.500158
v 7.474183 4.240453 0.276390
v 7.478751 5.172020 -0.195958
v 7.130523 7.835607 0.671375
v 4.371333 -6.823518 -6.063714
v 4.886061 -6.952005 -5.892072
v 4.501923 -7.465609 -5.923054
v 4.005612 -6.330833 -6.154192
v 3.819535 -7.127642 -6.128340
v -1.548896 8.620831 5.500158
v -2.294386 7.477319 5.782426
v -0.035095 7.353002 6.022497
v 4.463329 -6.813819 0.462100
v 4.417902 -6.923309 1.061421
v 3.996114 -7.493162 0.532430
v -6.954561 0.026575 4.082355
v -8.161374 0.008139 1.677848
v -8.240066 -1.980292 3.661140
v -6.954561 0.026575 4.082355
v -6.415307 3.297266 3.483604
v -8.161374 0.008139 1.677848
v -7.850979 1.799453 -0.036670
v -8.399170 -0.035965 -0.058910
v -9.516271 -1.919076 -0.474804
v 7.488630 -3.220932 1.267656
v 7.451378 -2.978768 1.548405
v 7.207891 -3.230067 1.602198
v 7.488630 -3.220932 1.267656
v 7.731374 -2.928972 1.129469
v 5.371531 -6.510458 -5.671770
v 4.886061 -6.952005 -5.892072
v 4.724491 -6.266971 -5.975898
v -2.804744 13.362562 0.655028
v -3.072196 13.324549 -0.311147
v -3.124838 13.469006 0.025296
v -7.003414 5.303752 -0.459408
v -7.197667 4.130583 0.280764
v -6.993154 5.827036 0.401843
v -3.365298 -6.877302 -6.192969
v -2.981704 -7.246829 -6.092036
v -3.247253 -7.672987 -6.006880
v 3.379691 -8.037745 -2.923789
v 2.618413 -7.732281 0.173178
v 2.090760 -7.675832 0.070915
v -7.371400 7.404900 0.423512
v -7.534873 4.383587 -0.083620
v -7.455239 4.536020 0.523304
v -6.954561 0.026575 4.082355
v -5.930217 -1.886392 5.945517
v -5.138358 -0.007450 5.792120
v -5.338502 3.400484 4.750485
v -5.869962 5.855370 3.786780
v -5.054718 6.053049 4.714559
v -5.671521 8.246954 3.636427
v -1.338274 10.849143 -1.874551
v -3.340772 10.826900 -1.458085
v -3.004327 11.385914 -0.922631
v -1.949203 9.666275 -2.285882
v 6.884371 0.026575 4.082355
v 8.164946 -1.971156 3.662851
v 8.091186 0.008139 1.677848
v 5.948997 4.108541 3.754468
v 6.884371 0.026575 4.082355
v -7.473475 -3.306275 1.293887
v -7.775134 -2.969269 1.153608
v -7.747000 -3.197366 0.872862
v -7.580500 -2.858837 1.549925
v -7.775134 -2.969269 1.153608
v -7.378434 -2.688910 1.775740
v -7.240629 -3.013373 1.771557
v -7.627831 -2.405869 1.510008
v -7.378434 -2.688910 1.775740
v -7.817153 -2.629036 1.176419
v -7.775134 -2.969269 1.153608
v -7.785775 -2.325094 1.122626
v -7.627831 -2.405869 1.510008
v -3.444370 -8.037745 -2.924738
v -2.156762 -7.674128 0.070537
v -2.683853 -7.732100 0.172798
v -3.087006 -8.016827 -5.575210
v -3.635197 -8.296641 -5.456219
v -3.431826 -8.100666 -5.807866
v -6.415307 3.297266 3.483604
v -6.954561 0.026575 4.082355
v -5.338502 3.400484 4.750485
v -5.869962 5.855370 3.786780
v -6.601584 7.786010 1.840366
v -6.697188 8.241625 0.599715
v -6.993154 5.827036 0.401843
v -7.531447 -3.318258 0.589642
v -7.747000 -3.197366 0.872862
v -7.737320 -3.030286 0.565883
v 4.886061 -6.952005 -5.892072
v 4.371333 -6.823518 -6.063714
v 4.724491 -6.266971 -5.975898
v 4.257475 9.041677 4.625603
v 4.373417 7.769080 5.121141
v 5.679842 7.538517 3.804649
v 4.971604 6.006480 4.730146
v 5.948997 4.108541 3.754468
v 5.268313 3.400484 4.750485
v 5.268313 3.400484 4.750485
v 6.884371 0.026575 4.082355
v 7.159419 -2.085394 4.865294
v 8.164946 -1.971156 3.662851
v 5.068169 -0.007450 5.792120
v 6.884371 0.026575 4.082355
v 5.913069 -2.230812 5.970417
v 4.176681 3.470619 5.695940
v 5.268313 3.400484 4.750485
v 5.068169 -0.007450 5.792120
v 4.015691 6.170134 5.557563
v 4.971604 6.006480 4.730146
v 4.373417 7.769080 5.121141
v 5.679842 7.538517 3.804649
v 4.373417 7.769080 5.121141
v 5.171749 9.981239 -0.877202
v 4.023667 9.954247 -1.685611
v 4.464272 10.816640 -0.660702
v 4.810796 8.412313 -1.815055
v -6.490571 5.655406 2.581106
v -6.415307 3.297266 3.483604
v -5.869962 5.855370 3.786780
v -6.601584 7.786010 1.840366
v -6.993154 5.827036 0.401843
v -7.262871 3.492100 0.294069
v -7.071084 3.977189 1.330952
v -6.993154 5.827036 0.401843
v -7.071084 3.977189 1.330952
v -6.601584 7.786010 1.840366
v 2.646547 -7.172887 -6.029500
v 3.060540 -7.879222 -5.889600
v 2.736839 -7.474165 -5.959171
v 7.731374 -2.928972 0.611311
v 7.770330 -3.073810 0.882746
v 7.687451 -3.182157 0.841119
v -0.488443 -7.537066 3.364236
v -3.252763 -7.519972 2.459266
v -2.861012 -7.722782 2.292376
v -1.848832 -6.861911 3.421448
v -3.788591 -7.426635 -6.082151
v -3.365298 -6.877302 -6.192969
v -3.247253 -7.672987 -6.006880
v -4.038931 -6.661568 -6.155713
v -3.673591 -6.241864 -6.195439
v -4.342873 -7.536124 -5.962592
v -4.364154 -6.877121 -6.080250
v -6.950192 -2.741371 -0.150527
v -6.821324 -3.136929 -0.384326
v -6.702137 -3.329859 0.090114
v -6.950192 -2.741371 -0.150527
v -7.137611 -2.302090 -0.031537
v -7.065954 -2.559263 -0.455224
v -7.065954 -2.559263 -0.455224
v -7.137611 -2.302090 -0.031537
v -7.256980 -2.111625 -0.295177
v -7.410936 -1.753337 0.042783
v -7.410936 -1.753337 0.042783
v -7.137611 -2.302090 -0.031537
v -7.306015 -1.910520 0.357935
v -7.348415 -1.812831 1.070353
v -7.527840 -1.480755 0.739426
v -7.306015 -1.910520 0.357935
v -5.149760 -6.314482 -5.834098
v -4.630464 -6.132393 -6.020566
v -4.936872 -6.979958 -5.895113
v -4.936872 -6.979958 -5.895113
v -4.630464 -6.132393 -6.020566
v -4.364154 -6.877121 -6.080250
v -6.950192 -2.741371 -0.150527
v -7.065954 -2.559263 -0.455224
v -6.821324 -3.136929 -0.384326
v 3.565008 -8.296641 -5.456219
v 3.753768 -8.350225 -4.765279
v 3.287495 -8.232380 -4.894154
v -6.993154 5.827036 0.401843
v -6.697188 8.241625 0.599715
v -6.713738 6.517600 -0.405995
v -3.365298 -6.877302 -6.192969
v -3.788591 -7.426635 -6.082151
v -4.038931 -6.661568 -6.155713
v 6.626817 8.242005 0.599337
v 6.508010 7.657886 2.027595
v 6.864032 6.180974 0.515702
v -6.713738 6.517600 -0.405995
v -6.596834 5.514556 -1.127917
v -7.003414 5.303752 -0.459408
v -3.357685 -8.232380 -4.894154
v -3.823958 -8.350225 -4.765279
v -3.635197 -8.296641 -5.456219
v 7.731374 -2.928972 1.129469
v 7.775279 -2.568780 1.054959
v 7.633667 -2.692899 1.421812
v 7.557641 -2.405869 1.510008
v 7.633667 -2.692899 1.421812
v -7.580500 -2.858837 1.549925
v -7.473475 -3.306275 1.293887
v -7.278080 -3.230067 1.602198
v 6.880002 -2.741371 -0.150527
v 6.631947 -3.329859 0.090304
v 6.751135 -3.136929 -0.384326
v -7.785775 -2.325094 1.122626
v -7.897548 -2.825192 0.877994
v -7.817153 -2.629036 1.176419
v -7.306015 -1.910520 0.357935
v -7.527840 -1.480755 0.739426
v -7.410936 -1.753337 0.042783
v -6.702137 -3.329859 0.090114
v -6.581825 -3.701833 0.109501
v -6.570786 -3.644243 0.769268
v -6.494197 -3.921375 0.874192
v -7.465880 -1.625412 1.482255
v -7.348415 -1.812831 1.070353
v -7.203377 -2.148695 1.686592
v -6.910275 -2.835452 1.894538
v -7.065954 -2.559263 2.200567
v 7.067422 -2.302090 -0.031537
v 6.880002 -2.741371 -0.150527
v 6.995764 -2.559263 -0.455224
v 7.235826 -1.910520 0.357935
v 7.067422 -2.302090 -0.031537
v 7.234502 -2.000051 -0.229790
v -5.754980 -3.518221 5.889633
v -4.643951 -3.124367 6.672571
v -5.942381 -2.734519 5.893054
v -4.510135 -1.886192 6.731306
v -5.942381 -2.734519 5.893054
v -4.510135 -1.886192 6.731306
v -5.930217 -1.886392 5.945517
v -5.138358 -0.007450 5.792120
v -5.138358 -0.007450 5.792120
v -3.811033 0.009282 6.533051
v -4.246888 3.470818 5.695940
v -5.671521 8.246954 3.636427
v -5.054718 6.053049 4.714559
v -4.409400 7.725175 5.165238
v 6.708735 5.519305 1.857662
v 7.192863 3.491538 0.294257
v 6.864032 6.180974 0.515702
v 7.731374 -2.928972 0.611311
v 7.687451 -3.182157 0.841119
v 7.490733 -3.291447 0.578999
v 6.995764 -2.559263 -0.455224
v 7.234502 -2.000051 -0.229790
v 7.067422 -2.302090 -0.031537
v -6.702137 -3.329859 0.090114
v -6.821324 -3.136929 -0.384326
v -6.581825 -3.701833 0.109501
v -3.713127 -7.122692 0.369720
v -4.647939 -7.381026 -2.725536
v -4.344196 -7.746928 -2.765834
v 6.880002 -2.741371 -0.150527
v 6.751135 -3.136929 -0.384326
v 6.995764 -2.559263 -0.455224
v -7.176948 -3.606230 0.940720
v -7.473475 -3.306275 1.293887
v -7.747000 -3.197366 0.872862
v 2.899551 -3.527719 7.032011
v 2.940410 -5.886240 6.701462
v 4.573761 -3.124367 6.672571
v 2.995916 -1.959953 7.093027
v 2.899551 -3.527719 7.032011
v 4.439945 -1.886192 6.731306
v 3.740844 0.009282 6.533051
v 4.573761 -3.124367 6.672571
v -5.636553 4.866755 -2.185520
v -7.513392 3.572512 -1.689413
v -6.092748 4.870562 -1.653868
v -4.985906 8.620831 3.211029
v -5.995984 7.657324 1.848539
v -5.295540 7.178707 3.575032
v -5.995984 7.657324 1.848539
v -6.141982 5.926265 1.932555
v 7.235826 -1.910520 0.357935
v 7.234502 -2.000051 -0.229790
v 7.395872 -1.625412 0.263276
v 7.278225 -1.812831 1.070353
v 7.235826 -1.910520 0.357935
v 7.457651 -1.480755 1.006107
v 6.643548 6.517600 -0.405995
v 6.933225 5.303752 -0.459408
v 6.526645 5.514556 -1.127917
v -7.465880 -1.625412 1.482255
v -7.527840 -1.480755 0.739426
v -7.348415 -1.812831 1.070353
v -5.970714 6.365928 -1.438317
v -6.596834 5.514556 -1.127917
v -6.713738 6.517600 -0.405995
v -5.338502 3.400484 4.750485
v -5.138358 -0.007450 5.792120
v -4.246888 3.470818 5.695940
v -5.054718 6.053049 4.714559
v -4.088545 6.142762 5.557563
v -4.409400 7.725175 5.165238
v 7.235826 -1.910520 0.357935
v 7.395872 -1.625412 0.263276
v 7.457651 -1.480755 1.006107
v -6.570786 -3.644243 0.769268
v -6.562809 -3.754494 1.523885
v -6.649295 -3.455881 1.503546
v -6.562809 -3.754494 1.523885
v -6.570786 -3.644243 0.769268
v -6.494197 -3.921375 0.874192
v -7.304691 -1.999869 1.975133
v -7.465880 -1.625412 1.482255
v -7.203377 -2.148695 1.686592
v 6.500596 -3.644243 0.769268
v 6.424008 -3.921375 0.874192
v 6.511636 -3.701833 0.109501
v 6.631947 -3.329859 0.090304
v -2.294386 7.477319 5.782426
v -3.506130 8.620831 4.676353
v -4.073898 7.572923 4.748013
v -3.702686 5.874186 5.227014
v 7.447391 3.568144 -1.689413
v 5.566364 4.866755 -2.185520
v 6.022359 4.871142 -1.653868
v -7.065954 -2.559263 2.200567
v -7.304691 -1.999869 1.975133
v -7.203377 -2.148695 1.686592
v 6.631947 -3.329859 0.090304
v 6.511636 -3.701833 0.109501
v 6.751135 -3.136929 -0.384326
v 7.133188 -2.148695 1.686592
v 7.278225 -1.812831 1.070353
v 7.340566 -1.753337 1.702748
v 6.995764 -2.559263 2.200567
v 6.840086 -2.835452 1.894538
v -6.690734 -3.448467 1.921340
v -6.910275 -2.835452 1.894538
v -6.649295 -3.455881 1.503546
v -6.562809 -3.754494 1.523885
v 6.864032 6.180974 0.515702
v 6.493001 7.763188 -0.454085
v 6.626817 8.242005 0.599337
v -5.068585 -7.519973 -4.143149
v -4.427256 -7.787986 -3.073190
v -4.755906 -7.387298 -3.032515
v -5.687872 8.618366 1.773267
v -6.219911 7.557532 0.609221
v -5.995984 7.657324 1.848539
v -6.141982 5.926265 1.932555
v 1.818378 10.819668 -1.818286
v 1.395629 11.411582 -1.395550
v 3.267737 10.817021 -1.471772
v 1.426228 10.055742 -2.212702
v 5.495468 -7.120608 -4.551061
v 5.275727 -7.589727 -4.558092
v 5.564642 -7.184852 -5.155513
v 4.015691 6.170134 5.557563
v 4.373417 7.769080 5.121141
v 2.906204 7.556572 6.084844
v 5.902428 6.372200 -1.434327
v 6.643548 6.517600 -0.405995
v 6.526645 5.514556 -1.127917
v -6.954561 0.026575 4.082355
v -8.240066 -1.980292 3.661140
v -7.229608 -2.085394 4.865294
v -4.088545 6.142762 5.557563
v -2.979420 7.557914 6.083513
v -4.409400 7.725175 5.165238
v -5.698894 -6.857543 -5.158554
v -5.646251 -6.652631 -5.497466
v -5.589603 -7.203486 -5.439301
v -5.565657 -7.120608 -4.551061
v -5.514139 -7.481761 -5.155513
v -5.514139 -7.481761 -5.155513
v -5.589603 -7.203486 -5.439301
v 5.225351 7.178707 3.575032
v 5.925794 7.657324 1.848539
v 4.915536 8.620831 3.211029
v 6.071774 5.926265 1.932555
v 5.925794 7.657324 1.848539
v 7.340566 -1.753337 1.702748
v 7.278225 -1.812831 1.070353
v 7.457651 -1.480755 1.006107
v -6.910275 -2.835452 1.894538
v -6.690734 -3.448467 1.921340
v -6.867132 -3.028581 2.158750
v -7.065954 -2.559263 2.200567
v 4.003709 7.572923 4.748013
v 2.224196 7.477319 5.782426
v 3.632496 5.874186 5.227014
v 3.435941 8.620831 4.676353
v 6.892728 5.690573 0.333224
v 6.643548 6.517600 -0.405995
v 6.864032 6.180974 0.515702
v 6.493001 7.763188 -0.454085
v 7.186791 -2.111625 2.040521
v 6.995764 -2.559263 2.200567
v 7.133188 -2.148695 1.686592
v 6.500596 -3.644243 0.769268
v 6.492620 -3.754494 1.523885
v 6.424008 -3.921375 0.874192
v 6.492620 -3.754494 1.523885
v 6.500596 -3.644243 0.769268
v 6.579106 -3.455881 1.503546
v 6.864032 6.180974 0.515702
v 6.508010 7.657886 2.027595
v 6.708735 5.519305 1.857662
v 7.317562 -3.460812 1.060279
v 7.488630 -3.220932 1.267656
v 7.111326 -3.456824 1.399191
v -4.246888 3.470818 5.695940
v -3.811033 0.009282 6.533051
v -3.094420 3.509774 6.318642
v -4.088545 6.142762 5.557563
v 4.359351 -7.786463 -3.072812
v 4.998596 -7.519012 -4.143340
v 4.686097 -7.386917 -3.032515
v -5.627055 8.374498 -1.380915
v -6.563190 7.763007 -0.453895
v -6.207367 8.931989 -0.400483
v -0.488443 -7.537066 3.364236
v 1.816855 -7.504945 3.063149
v 0.819304 -6.863615 3.592140
v -0.389975 -7.742921 3.043571
v 4.176681 3.470619 5.695940
v 3.740844 0.009282 6.533051
v 5.068169 -0.007450 5.792120
v 4.439945 -1.886192 6.731306
v 6.579106 -3.455881 1.503546
v 6.840086 -2.835452 1.894538
v 6.620545 -3.448467 1.921340
v 6.492620 -3.754494 1.523885
v 7.133188 -2.148695 1.686592
v 7.340566 -1.753337 1.702748
v 7.186791 -2.111625 2.040521
v 4.724491 -6.266971 -5.975898
v 5.178401 -5.984890 -5.740579
v 5.371531 -6.510458 -5.671770
v 6.149722 7.557532 0.609221
v 5.617682 8.618366 1.773267
v 5.925794 7.657324 1.848539
v 6.071774 5.926265 1.932555
v 6.620545 -3.448467 1.921340
v 6.840086 -2.835452 1.894538
v 6.796943 -3.028581 2.158750
v 6.995764 -2.559263 2.200567
v -5.265141 -7.719175 -4.568547
v -5.565657 -7.120608 -4.551061
v -5.514139 -7.481761 -5.155513
v 4.176681 3.470619 5.695940
v 3.024231 3.509774 6.318642
v 3.740844 0.009282 6.533051
v 4.015691 6.170134 5.557563
v 5.577766 8.345984 -1.368939
v 6.136797 8.932369 -0.400863
v 6.493001 7.763188 -0.454085
v -4.427256 -7.787986 -3.073190
v -5.068585 -7.519973 -4.143149
v -4.780813 -7.882829 -4.169760
v 4.005612 -6.330833 -6.154192
v 3.819535 -7.127642 -6.128340
v 3.542965 -6.603397 -6.201142
v 3.819535 -7.127642 -6.128340
v 3.208424 -7.321532 -6.114654
v -3.087006 -8.016827 -5.575210
v -3.431826 -8.100666 -5.807866
v -2.967257 -7.724686 -5.908228
v -2.989880 -7.646937 -0.854392
v -4.476309 -6.810974 -0.030397
v -3.684431 -6.846703 -0.988779
v -6.315896 12.140340 1.902522
v -6.545316 12.699189 1.345399
v -6.623826 12.535716 1.147144
v -6.739007 12.866451 0.583559
v -5.563554 -6.202528 -5.553160
v -5.149760 -6.314482 -5.834098
v -5.646251 -6.652631 -5.497466
v -5.306381 -5.753367 -5.624249
v -7.176948 -3.606230 0.940720
v -7.747000 -3.197366 0.872862
v -7.531447 -3.318258 0.589642
v -7.972632 2.231302 -2.256230
v -8.838451 1.947898 -1.691502
v -7.513392 3.572512 -1.689413
v 7.488630 -3.220932 1.267656
v 7.207891 -3.230067 1.602198
v 7.111326 -3.456824 1.399191
v 3.085629 -6.720881 -6.190877
v 3.542965 -6.603397 -6.201142
v 3.208424 -7.321532 -6.114654
v 4.998596 -7.519012 -4.143340
v 4.359351 -7.786463 -3.072812
v 4.712327 -7.881307 -4.169760
v -3.057749 -1.950436 7.094547
v -3.811033 0.009282 6.533051
v -4.510135 -1.886192 6.731306
v -4.643951 -3.124367 6.672571
v 6.708735 5.519305 1.857662
v 5.679842 7.538517 3.804649
v 5.948997 4.108541 3.754468
v 7.447391 3.568144 -1.689413
v 8.767863 1.947518 -1.692073
v 7.897874 2.232825 -2.257370
v 2.899551 -3.527719 7.032011
v 1.817037 -6.461604 6.924427
v 2.940410 -5.886240 6.701462
v -0.011529 -1.838481 7.206314
v 1.114690 -6.053121 6.988863
v -1.180330 -6.055586 6.989244
v -2.974290 -3.528861 7.031061
v -0.036037 -7.027287 7.098160
v 1.114690 -6.053121 6.988863
v -6.219911 7.557532 0.609221
v -5.697752 8.619127 -0.288525
v -6.011192 7.580718 -0.352773
v -6.172000 5.919051 -0.336237
v -3.094420 3.509774 6.318642
v -2.979420 7.557914 6.083513
v -4.088545 6.142762 5.557563
v -7.811062 -2.334792 0.739426
v -7.723815 -2.534755 0.349381
v -7.837293 -2.831464 0.650849
v 9.445121 -1.915849 -0.474423
v 8.091186 0.008139 1.677848
v 9.848292 -2.901799 0.695707
v 2.906204 7.556572 6.084844
v 3.024231 3.509774 6.318642
v 4.015691 6.170134 5.557563
v 7.746946 -2.629036 0.564363
v 7.731374 -2.928972 0.611311
v 7.510311 -2.858837 0.190855
v 7.490733 -3.291447 0.578999
v -0.035095 8.913753 6.076860
v -1.806251 7.645342 6.368823
v -0.032430 7.717381 6.465764
v -0.013813 2.307148 6.845352
v -0.032430 7.717381 6.465764
v -0.032430 7.717381 6.465764
v -0.013813 2.307148 6.845352
v 1.742914 7.667204 6.366351
v -0.035095 8.913753 6.076860
v -0.032430 7.717381 6.465764
v 7.557641 -2.405869 1.510008
v 7.775279 -2.568780 1.054959
v 7.635752 -2.220353 1.261004
v -4.630464 -6.132393 -6.020566
v -4.038931 -6.661568 -6.155713
v -4.364154 -6.877121 -6.080250
v -7.627831 -2.405869 1.510008
v -7.817153 -2.629036 1.176419
v -7.580500 -2.858837 1.549925
v -7.623262 -2.107836 1.299019
v -7.785775 -2.325094 1.122626
v 5.627562 8.619127 -0.288525
v 6.149722 7.557532 0.609221
v 5.941003 7.580718 -0.352773
v 6.101811 5.919051 -0.336237
v -7.136469 -3.575812 0.561132
v -7.176948 -3.606230 0.940720
v -7.531447 -3.318258 0.589642
v 6.579486 12.868355 0.782573
v 6.463924 12.697286 1.363076
v 6.554199 12.541409 1.110080
v 6.228975 12.159355 1.922671
v 5.371531 -6.510458 -5.671770
v 5.178401 -5.984890 -5.740579
v 5.533662 -6.307449 -5.505070
v 7.775279 -2.568780 1.054959
v 7.828882 -2.766459 0.866778
v 7.682140 -2.138998 0.870390
v -7.240629 -3.013373 1.771557
v -7.580500 -2.858837 1.549925
v -7.278080 -3.230067 1.602198
v -7.005118 3.880443 -0.777220
v -7.003414 5.303752 -0.459408
v -6.596834 5.514556 -1.127917
v 4.371333 -6.823518 -6.063714
v 4.005612 -6.330833 -6.154192
v 4.724491 -6.266971 -5.975898
v 4.377985 -5.890790 -6.040524
v 7.317562 -3.460812 1.060279
v 6.964023 -3.629614 0.602378
v 7.490733 -3.291447 0.578999
v -3.094420 3.509774 6.318642
v -3.811033 0.009282 6.533051
v -1.712732 2.260778 6.800684
v -1.806251 7.645342 6.368823
v -1.712732 2.260778 6.800684
v -1.806251 7.645342 6.368823
v -2.979420 7.557914 6.083513
v -2.300277 8.857285 5.865112
v -0.035657 -0.049270 6.908839
v -2.407863 -0.007269 6.854857
v -0.011529 -1.838481 7.206314
v -3.811033 0.009282 6.533051
v -1.712732 2.260778 6.800684
v -3.057749 -1.950436 7.094547
v -0.011529 -1.838481 7.206314
v -2.407863 -0.007269 6.854857
v -2.974290 -3.528861 7.031061
v -2.992544 -5.902391 6.704505
v -1.886283 -6.465591 6.924046
v 6.884371 0.026575 4.082355
v 5.913069 -2.230812 5.970417
v 7.159419 -2.085394 4.865294
v -7.811062 -2.334792 0.739426
v -7.897548 -2.825192 0.877994
v -7.785775 -2.325094 1.122626
v -7.686944 -2.034276 0.903085
v 5.564642 -7.184852 -5.155513
v 5.583277 -6.873133 -5.455270
v 5.626801 -6.709080 -5.178702
v 7.746946 -2.629036 0.564363
v 7.828882 -2.766459 0.866778
v 7.731374 -2.928972 0.611311
v 7.682140 -2.138998 0.870390
v 7.596035 -2.145088 0.453546
v 7.490733 -3.291447 0.578999
v 7.687451 -3.182157 0.841119
v 7.317562 -3.460812 1.060279
v 6.964023 -3.629614 0.602378
v 6.927134 -3.664781 0.993183
v 2.478324 -6.852974 3.150206
v 1.816855 -7.504945 3.063149
v 2.607011 -7.669741 2.547082
v 7.451378 -2.978768 1.548405
v 7.633667 -2.692899 1.421812
v 7.308244 -2.688910 1.775740
v 5.577766 8.345984 -1.368939
v 5.171749 9.981239 -0.877202
v 6.136797 8.932369 -0.400863
v 6.493001 7.763188 -0.454085
v 5.902428 6.372200 -1.434327
v 1.478707 8.620831 5.500158
v -0.035095 8.620831 5.624661
v -0.035095 7.353002 6.022497
v -2.294386 7.477319 5.782426
v -1.688024 5.709009 6.023639
v -6.020329 10.417656 -3.387584
v -5.339264 8.456978 -4.091068
v -6.924143 8.785628 -3.724786
v -6.924143 8.785628 -3.724786
v -6.543794 7.183074 -4.084986
v 2.646547 -7.172887 -6.029500
v 3.208424 -7.321532 -6.114654
v 3.060540 -7.879222 -5.889600
v 2.595790 -6.620129 -6.076070
v 3.085629 -6.720881 -6.190877
v 2.607011 -7.669741 2.547082
v 3.480045 -6.926536 2.544612
v 2.478324 -6.852974 3.150206
v 6.781535 7.635081 -3.926650
v 6.475508 7.183074 -4.086697
v 6.855676 8.810916 -3.717372
v -4.476309 -6.810974 -0.030397
v -2.989880 -7.646937 -0.854392
v -3.692226 -7.690660 -0.015952
v -0.036037 -7.027287 7.098160
v -0.011529 -1.838481 7.206314
v -1.180330 -6.055586 6.989244
v 2.995916 -1.959953 7.093027
v 2.337674 -0.007269 6.854857
v 2.899551 -3.527719 7.032011
v 2.337674 -0.007269 6.854857
v 3.740844 0.009282 6.533051
v 1.649394 2.213629 6.804296
v -0.035657 -0.049270 6.908839
v -0.011529 -1.838481 7.206314
v 1.649394 2.213629 6.804296
v 3.024231 3.509774 6.318642
v 3.740844 0.009282 6.533051
v 1.742914 7.667204 6.366351
v 1.649394 2.213629 6.804296
v 1.742914 7.667204 6.366351
v 2.906204 7.556572 6.084844
v 2.199670 8.825744 5.883740
v 3.602459 -8.137718 -4.364972
v 3.439186 -8.064919 -3.235329
v 2.975197 -7.918939 -3.333790
v 6.475508 7.183074 -4.086697
v 5.254246 8.483970 -4.082136
v 6.855676 8.810916 -3.717372
v 5.832275 10.372991 -3.431682
v -6.666969 9.398643 -0.084760
v -7.534873 4.383587 -0.083620
v -7.371400 7.404900 0.423512
v 6.107522 9.981421 1.320118
v 4.442991 11.663825 1.483206
v 3.477960 11.907312 1.865837
v -0.013813 2.307148 6.845352
v -1.806251 7.645342 6.368823
v -1.712732 2.260778 6.800684
v -0.035657 -0.049270 6.908839
v 1.649394 2.213629 6.804296
v -0.065313 1.823581 6.957309
v 1.742914 7.667204 6.366351
v 1.649394 2.213629 6.804296
v -0.065313 1.823581 6.957309
v -2.294386 7.477319 5.782426
v -3.702686 5.874186 5.227014
v -2.762363 5.732955 5.739850
v -7.530323 -2.980109 0.191045
v -7.531447 -3.318258 0.589642
v -7.737320 -3.030286 0.565883
v -7.837293 -2.831464 0.650849
v -7.414362 -2.595391 -0.007017
v -7.723815 -2.534755 0.349381
v -7.530323 -2.980109 0.191045
v -7.723815 -2.534755 0.349381
v -7.513392 3.572512 -1.689413
v -5.636553 4.866755 -2.185520
v -7.972632 2.231302 -2.256230
v -3.670944 -8.137537 -4.365162
v -3.043483 -7.917797 -3.334171
v -3.507272 -8.064538 -3.235709
v 3.194556 -8.216790 -3.299386
v 3.308215 -8.225346 -2.902689
v 2.769142 -8.054277 -3.016166
v 5.566364 4.866755 -2.185520
v 7.447391 3.568144 -1.689413
v 7.897874 2.232825 -2.257370
v -3.264165 -8.216609 -3.299577
v -2.838770 -8.053897 -3.016166
v -3.377643 -8.225164 -2.902689
v 7.682140 -2.138998 0.870390
v 7.828882 -2.766459 0.866778
v 7.746946 -2.629036 0.564363
v 7.775279 -2.568780 1.054959
v 7.682140 -2.138998 0.870390
v 7.635752 -2.220353 1.261004
v 6.933225 5.303752 -0.459408
v 7.011734 3.882727 -0.577447
v 6.636135 3.966548 -1.211362
v 6.636135 3.966548 -1.211362
v 6.526645 5.514556 -1.127917
v 6.933225 5.303752 -0.459408
v 3.287495 -8.232380 -4.894154
v 3.016817 -8.016827 -5.575210
v 3.565008 -8.296641 -5.456219
v 4.577750 -7.381026 -2.725536
v 3.706057 -6.981861 0.383787
v 3.267157 -7.511217 0.296540
v 4.732105 -6.905254 -2.720404
v -2.981704 -7.246829 -6.092036
v -3.365298 -6.877302 -6.192969
v -2.893134 -6.717255 -6.149440
v -3.357685 -8.232380 -4.894154
v -3.635197 -8.296641 -5.456219
v -3.087006 -8.016827 -5.575210
v -7.278080 -3.230067 1.602198
v -7.473475 -3.306275 1.293887
v -7.018043 -3.539122 1.373341
v 2.646547 -7.172887 -6.029500
v 3.085629 -6.720881 -6.190877
v 3.208424 -7.321532 -6.114654
v 7.308244 -2.688910 1.775740
v 7.170440 -3.013373 1.771557
v 7.451378 -2.978768 1.548405
v 7.207891 -3.230067 1.602198
v 7.451378 -2.978768 1.548405
v -7.205081 -3.415964 0.291407
v -7.136469 -3.575812 0.561132
v -7.531447 -3.318258 0.589642
v -7.473475 -3.306275 1.293887
v -7.176948 -3.606230 0.940720
v -7.018043 -3.539122 1.373341
v -6.959691 -3.664781 1.025875
v 2.694639 -7.962101 -3.411153
v 3.194556 -8.216790 -3.299386
v 2.769142 -8.054277 -3.016166
v -4.583315 -7.801672 -2.690940
v -4.941803 -7.146838 -2.655397
v -5.028868 -7.239596 -3.013316
v -2.764067 -7.961720 -3.411343
v -2.838770 -8.053897 -3.016166
v -3.264165 -8.216609 -3.299577
v -4.073518 -5.985833 -6.131003
v -3.673591 -6.241864 -6.195439
v -4.038931 -6.661568 -6.155713
v 7.510311 -2.858837 0.190855
v 7.490733 -3.291447 0.578999
v 7.134130 -3.231772 0.077948
v 4.871613 -7.146838 -2.655397
v 4.513325 -7.801473 -2.690940
v 4.958679 -7.239596 -3.013316
v -6.219911 7.557532 0.609221
v -6.172000 5.919051 -0.336237
v -6.348398 5.865067 0.632791
v -6.924143 8.785628 -3.724786
v -6.543794 7.183074 -4.084986
v -6.853827 7.718902 -3.927219
v -7.811062 -2.334792 0.739426
v -7.837293 -2.831464 0.650849
v -7.897548 -2.825192 0.877994
v -7.606150 -2.155928 0.349952
v -7.723815 -2.534755 0.349381
v 7.029209 -3.477543 0.295590
v 7.490733 -3.291447 0.578999
v 6.964023 -3.629614 0.602378
v -4.841068 -5.662694 -5.865080
v -4.630464 -6.132393 -6.020566
v -5.149760 -6.314482 -5.834098
v 7.633667 -2.692899 1.421812
v 7.557641 -2.405869 1.510008
v 7.308244 -2.688910 1.775740
v -4.583315 -7.801672 -2.690940
v -5.028868 -7.239596 -3.013316
v -4.769592 -7.720316 -3.035936
v -5.029811 -7.786083 -4.049820
v -5.286422 -7.308227 -4.037654
v -5.265141 -7.719175 -4.568547
v -5.286422 -7.308227 -4.037654
v -5.565657 -7.120608 -4.551061
v -5.265141 -7.719175 -4.568547
v 6.278209 5.865067 0.632791
v 6.101811 5.919051 -0.336237
v 6.149722 7.557532 0.609221
v 7.317562 -3.460812 1.060279
v 7.111326 -3.456824 1.399191
v 6.927134 -3.664781 0.993183
v 3.240364 -6.259176 -6.205703
v 3.542965 -6.603397 -6.201142
v 3.085629 -6.720881 -6.190877
v 2.224196 7.477319 5.782426
v 1.216965 5.651599 6.094347
v 2.692173 5.732955 5.739850
v 2.224196 7.477319 5.782426
v 3.632496 5.874186 5.227014
v 3.278377 -8.152165 -4.348054
v 3.287495 -8.232380 -4.894154
v 3.753768 -8.350225 -4.765279
v 4.513325 -7.801473 -2.690940
v 4.699602 -7.719936 -3.035936
v 4.958679 -7.239596 -3.013316
v 3.971587 -8.310509 -4.202265
v 3.278377 -8.152165 -4.348054
v 3.753768 -8.350225 -4.765279
v -3.348567 -8.152165 -4.348054
v -3.823958 -8.350225 -4.765279
v -3.357685 -8.232380 -4.894154
v -6.219911 7.557532 0.609221
v -5.687872 8.618366 1.773267
v -5.889739 8.620831 0.604088
v -6.141982 5.926265 1.932555
v -6.348398 5.865067 0.632791
v -5.896192 4.083633 1.796647
v -6.348398 5.865067 0.632791
v -5.636553 4.866755 -2.185520
v -6.092748 4.870562 -1.653868
v -5.970714 6.365928 -1.438317
v -3.348567 -8.152165 -4.348054
v -4.041777 -8.310509 -4.202265
v -3.823958 -8.350225 -4.765279
v 7.134130 -3.231772 0.077948
v 7.490733 -3.291447 0.578999
v 7.029209 -3.477543 0.295590
v 5.902428 6.372200 -1.434327
v 6.022359 4.871142 -1.653868
v 5.566364 4.866755 -2.185520
v -4.753821 8.621212 -1.332063
v -6.011192 7.580718 -0.352773
v -5.697752 8.619127 -0.288525
v -4.753821 8.621212 -1.332063
v -5.132847 7.175461 -1.427674
v 7.512014 -2.343529 0.183443
v 7.746946 -2.629036 0.564363
v 7.510311 -2.858837 0.190855
v -4.862350 8.446718 -1.816197
v -5.627055 8.374498 -1.380915
v -4.368143 10.013923 -1.561110
v -6.563190 7.763007 -0.453895
v -5.627055 8.374498 -1.380915
v -5.970714 6.365928 -1.438317
v -4.362451 -5.481165 -5.963923
v -4.073518 -5.985833 -6.131003
v -4.630464 -6.132393 -6.020566
v -4.038931 -6.661568 -6.155713
v 5.178401 -5.984890 -5.740579
v 4.377985 -5.890790 -6.040524
v 4.525108 -5.539337 -5.924574
v 5.941003 7.580718 -0.352773
v 4.683632 8.621212 -1.332063
v 5.627562 8.619127 -0.288525
v 5.062658 7.175461 -1.427674
v 3.181251 -7.925211 -4.463433
v 3.602459 -8.137718 -4.364972
v 2.975197 -7.918939 -3.333790
v 4.701506 11.469934 -0.390980
v 6.283538 9.289534 -0.647396
v 2.391277 11.951797 -1.169164
v -3.249718 -7.924268 -4.463814
v -3.043483 -7.917797 -3.334171
v -3.670944 -8.137537 -4.365162
v 3.502668 -7.504945 -0.445530
v 3.209566 -6.830932 -1.205089
v 3.950106 -6.925212 -0.514149
v 3.240364 -6.259176 -6.205703
v 4.005612 -6.330833 -6.154192
v 3.542965 -6.603397 -6.201142
v -1.949203 9.666275 -2.285882
v -4.368143 10.013923 -1.561110
v -3.340772 10.826900 -1.458085
v 5.216233 -7.308227 -4.037654
v 5.275727 -7.589727 -4.558092
v 5.495468 -7.120608 -4.551061
v 7.596035 -2.145088 0.453546
v 7.746946 -2.629036 0.564363
v 7.512014 -2.343529 0.183443
v -7.005118 3.880443 -0.777220
v -6.381281 1.457878 0.125847
v -7.197667 4.130583 0.280764
v -7.003414 5.303752 -0.459408
v -7.005118 3.880443 -0.777220
v -6.713738 6.517600 -0.405995
v -6.563190 7.763007 -0.453895
v -5.970714 6.365928 -1.438317
v 2.692173 5.732955 5.739850
v 1.216965 5.651599 6.094347
v 1.464821 3.884613 5.676363
v 2.224196 7.477319 5.782426
v -0.035095 7.353002 6.022497
v -0.035095 8.620831 5.624661
v -1.548896 8.620831 5.500158
v -2.981704 -7.246829 -6.092036
v -2.698500 -7.196073 -6.002128
v -2.967257 -7.724686 -5.908228
v -2.893134 -6.717255 -6.149440
v -2.649266 -6.604920 -6.056111
v -5.308465 4.832168 3.458894
v -5.295540 7.178707 3.575032
v -6.141982 5.926265 1.932555
v 4.377985 -5.890790 -6.040524
v 5.178401 -5.984890 -5.740579
v 4.724491 -6.266971 -5.975898
v 5.617682 8.618366 1.773267
v 6.149722 7.557532 0.609221
v 5.819550 8.620831 0.604088
v 6.071774 5.926265 1.932555
v 6.278209 5.865067 0.632791
v 5.671847 3.445530 1.748368
v 6.643548 6.517600 -0.405995
v 5.902428 6.372200 -1.434327
v 6.493001 7.763188 -0.454085
v -7.145587 -3.227204 0.057419
v -7.205081 -3.415964 0.291407
v -7.530323 -2.980109 0.191045
v -7.277319 -2.916808 -0.044464
v -7.145587 -3.227204 0.057419
v -7.205081 -3.415964 0.291407
v -7.531447 -3.318258 0.589642
v -7.414362 -2.595391 -0.007017
v -7.277319 -2.916808 -0.044464
v 6.071774 5.926265 1.932555
v 5.225351 7.178707 3.575032
v 5.238276 4.832168 3.458894
v 5.178401 -5.984890 -5.740579
v 5.176136 -5.665358 -5.632234
v 5.533662 -6.307449 -5.505070
v -2.972205 -7.903349 -3.023390
v -2.156762 -7.674128 0.070537
v -3.444370 -8.037745 -2.924738
v -2.587488 -7.593715 -3.114059
v -1.691831 -7.415613 -0.019561
v 5.533662 -6.307449 -5.505070
v 5.626801 -6.709080 -5.178702
v 5.583277 -6.873133 -5.455270
v -1.978842 -7.504764 -1.494010
v -2.989880 -7.646937 -0.854392
v -2.673973 -6.844038 -1.575173
v -2.981704 -7.246829 -6.092036
v -2.893134 -6.717255 -6.149440
v -2.698500 -7.196073 -6.002128
v -3.587105 11.130081 2.191441
v -3.404454 11.829563 1.897390
v -3.385057 11.876513 1.678798
v -4.360167 10.997026 -0.941640
v -6.666969 9.398643 -0.084760
v -5.413024 10.918136 -0.333955
v 2.802605 -7.857160 -3.045249
v 2.090760 -7.675832 0.070915
v 1.625067 -7.419039 -0.019373
v -4.318927 8.620831 4.016588
v -5.295540 7.178707 3.575032
v -4.073898 7.572923 4.748013
v -4.073898 7.572923 4.748013
v -4.543598 5.885969 4.510034
v -4.073898 7.572923 4.748013
v -3.702686 5.874186 5.227014
v -5.295540 7.178707 3.575032
v -5.308465 4.832168 3.458894
v -4.119906 4.101507 4.522010
v -3.702686 5.874186 5.227014
v -4.119906 4.101507 4.522010
v -2.762363 5.732955 5.739850
v -4.552716 3.065943 3.601453
v -5.308465 4.832168 3.458894
v 5.011901 11.665709 2.400910
v 5.504024 12.408354 2.010106
v 3.598471 11.902944 2.245234
v 4.263928 11.112389 2.451851
v 6.933225 5.303752 -0.459408
v 7.142306 4.151865 0.272400
v 7.011734 3.882727 -0.577447
v 6.367921 1.565464 0.137254
v 5.772781 1.314545 -0.729701
v 6.892728 5.690573 0.333224
v 7.142306 4.151865 0.272400
v -3.072196 13.324549 -0.311147
v -3.609547 13.157269 -1.283213
v -3.342857 13.404382 -0.590753
v -2.972205 -7.903349 -3.023390
v -1.691831 -7.415613 -0.019561
v -2.156762 -7.674128 0.070537
v -5.149760 -6.314482 -5.834098
v -5.306381 -5.753367 -5.624249
v -4.841068 -5.662694 -5.865080
v -4.862930 -5.394299 -5.727464
v -4.841068 -5.662694 -5.865080
v 4.377985 -5.890790 -6.040524
v 4.005612 -6.330833 -6.154192
v 3.839294 -5.547893 -6.073788
v -7.005118 3.880443 -0.777220
v -6.092748 4.870562 -1.653868
v -6.214201 4.036302 -1.587909
v -7.972632 2.231302 -2.256230
v -5.636553 4.866755 -2.185520
v -4.386016 5.608075 -2.440228
v 4.810796 8.412313 -1.815055
v 5.171749 9.981239 -0.877202
v 5.577766 8.345984 -1.368939
v 4.620531 6.506397 -2.073184
v 5.902428 6.372200 -1.434327
v 5.566364 4.866755 -2.185520
v -3.552518 12.912078 -1.474813
v -3.940843 12.138454 -2.551995
v -3.609547 13.157269 -1.283213
v -3.072196 13.324549 -0.311147
v -6.092748 4.870562 -1.653868
v -6.596834 5.514556 -1.127917
v -5.970714 6.365928 -1.438317
v -4.841068 -5.662694 -5.865080
v -4.362451 -5.481165 -5.963923
v -4.630464 -6.132393 -6.020566
v -3.045386 -6.228559 -6.169777
v -3.673591 -6.241864 -6.195439
v -3.355020 -5.774848 -6.132143
v -3.365298 -6.877302 -6.192969
v -6.989927 -3.354567 1.609800
v -7.278080 -3.230067 1.602198
v -7.018043 -3.539122 1.373341
v 6.526645 5.514556 -1.127917
v 6.022359 4.871142 -1.653868
v 5.902428 6.372200 -1.434327
v 4.005612 -6.330833 -6.154192
v 3.240364 -6.259176 -6.205703
v 3.839294 -5.547893 -6.073788
v -2.995970 12.061848 2.023792
v -3.826804 12.702978 1.762434
v -4.706491 11.706768 2.421440
v -3.664672 11.148317 2.378480
v 6.636135 3.966548 -1.211362
v 6.022359 4.871142 -1.653868
v 6.526645 5.514556 -1.127917
v -7.686944 -2.034276 0.903085
v -7.785775 -2.325094 1.122626
v -7.623262 -2.107836 1.299019
v 7.011734 3.882727 -0.577447
v 7.142306 4.151865 0.272400
v 6.367921 1.565464 0.137254
v 5.495468 -7.120608 -4.551061
v 5.564642 -7.184852 -5.155513
v 5.626801 -6.709080 -5.178702
v 7.111326 -3.456824 1.399191
v 7.207891 -3.230067 1.602198
v 6.875253 -3.486099 1.489099
v -6.092748 4.870562 -1.653868
v -7.005118 3.880443 -0.777220
v -6.596834 5.514556 -1.127917
v 7.512014 -2.343529 0.183443
v 7.510311 -2.858837 0.190855
v 7.344173 -2.595391 -0.007017
v 1.705281 -6.855258 -1.852690
v 2.286736 -7.669379 -1.135520
v 1.074593 -7.504764 -1.684280
v -3.920885 -6.461042 0.411919
v -4.802294 -6.905254 -2.720404
v -3.713127 -7.122692 0.369720
v 4.023667 9.954247 -1.685611
v 1.426228 10.055742 -2.212702
v 3.267737 10.817021 -1.471772
v 3.517877 8.498417 -2.235891
v -4.802294 -6.905254 -2.720404
v -4.647939 -7.381026 -2.725536
v -3.713127 -7.122692 0.369720
v 4.248737 8.620831 4.016588
v 4.003709 7.572923 4.748013
v 5.225351 7.178707 3.575032
v 4.003709 7.572923 4.748013
v 4.473408 5.885969 4.510034
v 4.003709 7.572923 4.748013
v 3.632496 5.874186 5.227014
v 5.225351 7.178707 3.575032
v 5.238276 4.832168 3.458894
v 3.632496 5.874186 5.227014
v 4.049716 4.101507 4.522010
v 2.692173 5.732955 5.739850
v 4.049716 4.101507 4.522010
v 5.238276 4.832168 3.458894
v 4.482526 3.065943 3.601453
v 4.049716 4.101507 4.522010
v 2.865526 3.587142 5.114488
v -2.509938 -4.495615 -2.132868
v -1.786673 -4.789478 -1.904961
v -2.578170 -4.554347 -1.635810
v -1.786673 -4.789478 -1.904961
v -2.509938 -4.495615 -2.132868
v -1.577773 -4.772565 -2.449920
v -5.208674 -7.075380 -4.149802
v -5.068585 -7.519973 -4.143149
v -4.755906 -7.387298 -3.032515
v -5.636553 4.866755 -2.185520
v -5.970714 6.365928 -1.438317
v -4.684629 6.508282 -2.074514
v -5.627055 8.374498 -1.380915
v -4.862350 8.446718 -1.816197
v 7.308244 -2.688910 1.775740
v 7.557641 -2.405869 1.510008
v 7.323834 -2.401500 1.710921
v -1.688024 5.709009 6.023639
v -2.294386 7.477319 5.782426
v -2.762363 5.732955 5.739850
v -1.535010 3.884613 5.676363
v -0.457264 -7.676394 -1.617372
v -1.978842 -7.504764 -1.494010
v -0.988342 -6.861531 -2.023571
v -7.540003 -2.350000 0.150560
v -7.414362 -2.595391 -0.007017
v -7.723815 -2.534755 0.349381
v 7.344173 -2.595391 -0.007017
v 7.510311 -2.858837 0.190855
v 7.207130 -2.916808 -0.044464
v 7.207130 -2.916808 -0.044464
v 7.134130 -3.231772 0.077948
v 1.623545 -4.789478 -1.904961
v 2.346611 -4.495615 -2.132868
v 2.415024 -4.554347 -1.635810
v 2.346611 -4.495615 -2.132868
v 1.623545 -4.789478 -1.904961
v 1.414445 -4.772565 -2.449920
v -1.786673 -4.789478 -1.904961
v -1.577773 -4.772565 -2.449920
v -1.191913 -4.978601 -1.682950
v -1.577773 -4.772565 -2.449920
v -0.983031 -4.961688 -2.227717
v -1.191913 -4.978601 -1.682950
v 6.927134 -3.664781 0.993183
v 7.111326 -3.456824 1.399191
v 6.875253 -3.486099 1.489099
v 3.060540 -7.879222 -5.889600
v 2.627350 -7.535744 -5.708265
v 2.736839 -7.474165 -5.959171
v 4.686097 -7.386917 -3.032515
v 4.998596 -7.519012 -4.143340
v 5.138484 -7.075380 -4.149802
v -2.893134 -6.717255 -6.149440
v -3.365298 -6.877302 -6.192969
v -3.045386 -6.228559 -6.169777
v -3.045386 -6.228559 -6.169777
v -2.649266 -6.604920 -6.056111
v 5.465612 10.896274 -1.697397
v 5.207115 11.625051 -2.042010
v 6.117600 11.625051 -0.788815
v 5.458198 12.218287 -1.702719
v 1.426228 10.055742 -2.212702
v -1.949203 9.666275 -2.285882
v -1.338274 10.849143 -1.874551
v 1.028785 -4.978601 -1.682950
v 1.414445 -4.772565 -2.449920
v 1.623545 -4.789478 -1.904961
v 1.414445 -4.772565 -2.449920
v 1.028785 -4.978601 -1.682950
v 0.819884 -4.961688 -2.227717
v -7.606150 -2.155928 0.349952
v -7.540003 -2.350000 0.150560
v -7.723815 -2.534755 0.349381
v 6.364894 -2.846673 2.097926
v 6.734784 -1.974962 1.975704
v 6.105799 -2.244118 2.356243
v 2.762109 12.085233 1.930083
v 3.598471 11.902944 2.245234
v 3.326651 12.782811 1.643253
v 3.424539 11.283657 2.330580
v -5.629139 -6.224009 -5.241430
v -5.646251 -6.652631 -5.497466
v -5.698894 -6.857543 -5.158554
v 6.072354 -3.542548 1.501264
v 6.364894 -2.846673 2.097926
v 5.688960 -3.231391 2.027596
v 5.178401 -5.984890 -5.740579
v 4.525108 -5.539337 -5.924574
v 5.176136 -5.665358 -5.632234
v 2.627350 -7.535744 -5.708265
v 3.060540 -7.879222 -5.889600
v 3.016817 -8.016827 -5.575210
v -3.585782 8.488719 -2.238554
v -4.368143 10.013923 -1.561110
v -1.949203 9.666275 -2.285882
v 4.732105 -6.905254 -2.720404
v 3.850696 -6.461042 0.411919
v 3.706057 -6.981861 0.383787
v 5.626801 -6.709080 -5.178702
v 5.533662 -6.307449 -5.505070
v 5.558950 -6.224009 -5.241430
v -4.896756 -6.889084 -3.033845
v -5.208674 -7.075380 -4.149802
v -4.755906 -7.387298 -3.032515
v -6.011192 7.580718 -0.352773
v -5.132847 7.175461 -1.427674
v -6.172000 5.919051 -0.336237
v 4.377985 -5.890790 -6.040524
v 3.839294 -5.547893 -6.073788
v 4.525108 -5.539337 -5.924574
v 4.093440 11.017547 2.279640
v 4.101797 11.034840 2.403761
v 4.879788 11.671239 2.020751
v 7.635752 -2.220353 1.261004
v 7.682140 -2.138998 0.870390
v 7.549266 -1.958612 0.964480
v 3.516916 11.129320 2.189162
v 3.316391 11.945524 1.763954
v 3.526814 11.135392 2.308721
v -6.435083 -2.846673 2.097926
v -6.142543 -3.542548 1.501264
v -5.851526 -3.011089 2.189353
v -3.587105 11.130081 2.191441
v -3.602695 11.129882 2.301688
v -3.404454 11.829563 1.897390
v 5.138484 -7.075380 -4.149802
v 4.826567 -6.889084 -3.033845
v 4.686097 -7.386917 -3.032515
v 5.062658 7.175461 -1.427674
v 5.941003 7.580718 -0.352773
v 6.101811 5.919051 -0.336237
v -6.348398 5.865067 0.632791
v -5.935166 3.482039 0.590022
v -5.896192 4.083633 1.796647
v -4.119906 4.101507 4.522010
v -4.543598 5.885969 4.510034
v -5.308465 4.832168 3.458894
v -7.686944 -2.034276 0.903085
v -7.606150 -2.155928 0.349952
v -7.811062 -2.334792 0.739426
v -3.892770 -5.472047 -6.044517
v -3.355020 -5.774848 -6.132143
v -4.073518 -5.985833 -6.131003
v -4.073518 -5.985833 -6.131003
v -3.673591 -6.241864 -6.195439
v -5.910640 4.160620 -0.348210
v -6.348398 5.865067 0.632791
v -6.172000 5.919051 -0.336237
v -6.905145 -3.582464 0.409068
v -7.136469 -3.575812 0.561132
v -7.205081 -3.415964 0.291407
v 3.517877 8.498417 -2.235891
v 4.023667 9.954247 -1.685611
v 4.810796 8.412313 -1.815055
v 5.238276 4.832168 3.458894
v 4.473408 5.885969 4.510034
v 4.049716 4.101507 4.522010
v -7.136469 -3.575812 0.561132
v -6.959691 -3.664781 1.025875
v -7.176948 -3.606230 0.940720
v 6.022359 4.871142 -1.653868
v 6.636135 3.966548 -1.211362
v 6.147819 4.047324 -1.586959
v -7.623262 -2.107836 1.299019
v -7.627831 -2.405869 1.510008
v -7.429770 -2.326416 1.667205
v -7.378434 -2.688910 1.775740
v 5.254246 8.483970 -4.082136
v 6.475508 7.183074 -4.086697
v 5.949759 7.409449 -4.110077
v -6.142543 -3.542548 1.501264
v -5.680657 -3.418810 1.821358
v -5.851526 -3.011089 2.189353
v -3.266069 -5.400771 -3.461334
v -2.765970 -5.666120 -3.543259
v -3.267011 -5.597308 -3.424649
v -2.841054 -5.843460 -3.493078
v 6.278209 5.865067 0.632791
v 5.840450 4.160620 -0.348210
v 6.101811 5.919051 -0.336237
v -6.381662 2.616400 -2.608448
v -7.972632 2.231302 -2.256230
v -4.952842 3.613752 -2.622703
v -4.386016 5.608075 -2.440228
v -5.636553 4.866755 -2.185520
v -4.684629 6.508282 -2.074514
v 3.196822 -5.597308 -3.424649
v 2.695781 -5.666120 -3.543259
v 3.195879 -5.400771 -3.461334
v 2.770864 -5.843460 -3.493078
v 2.595790 -6.620129 -6.076070
v 3.240364 -6.259176 -6.205703
v 3.085629 -6.720881 -6.190877
v -3.266069 -5.400771 -3.461334
v -3.751539 -5.534388 -3.334171
v -3.826042 -5.349071 -3.355840
v -6.348398 5.865067 0.632791
v -5.910640 4.160620 -0.348210
v -5.935166 3.482039 0.590022
v 7.557641 -2.405869 1.510008
v 7.635752 -2.220353 1.261004
v 7.435028 -2.142623 1.474272
v 6.887797 10.628840 -2.958765
v 6.781535 7.635081 -3.926650
v 6.855676 8.810916 -3.717372
v 3.195879 -5.400771 -3.461334
v 3.755853 -5.349071 -3.355840
v 3.681350 -5.534388 -3.334171
v 5.546025 -6.486892 -4.584703
v 5.495468 -7.120608 -4.551061
v 5.626801 -6.709080 -5.178702
v 7.897874 2.232825 -2.257370
v 6.315080 2.616781 -2.607118
v 4.902031 3.597220 -2.622324
v -3.751539 -5.534388 -3.334171
v -3.266069 -5.400771 -3.461334
v -3.267011 -5.597308 -3.424649
v -7.572886 -1.985041 0.594964
v -7.606150 -2.155928 0.349952
v -7.686944 -2.034276 0.903085
v -2.550997 -6.215634 -3.527862
v -2.765970 -5.666120 -3.543259
v -2.314144 -6.251943 -3.597050
v -2.765970 -5.666120 -3.543259
v -2.550997 -6.215634 -3.527862
v -2.841054 -5.843460 -3.493078
v -2.578170 -4.554347 -1.635810
v -3.326886 -4.497318 -1.706140
v -2.509938 -4.495615 -2.132868
v -3.326886 -4.497318 -1.706140
v -2.578170 -4.554347 -1.635810
v -3.271960 -4.555870 -1.273518
v 3.681350 -5.534388 -3.334171
v 3.196822 -5.597308 -3.424649
v 3.195879 -5.400771 -3.461334
v 2.415024 -4.554347 -1.635810
v 3.163758 -4.497318 -1.706140
v 3.108632 -4.555870 -1.273518
v 3.163758 -4.497318 -1.706140
v 2.415024 -4.554347 -1.635810
v 2.346611 -4.495615 -2.132868
v 2.695781 -5.666120 -3.543259
v 2.479666 -6.217156 -3.528052
v 2.243774 -6.252324 -3.597050
v 5.840450 4.160620 -0.348210
v 6.278209 5.865067 0.632791
v 5.864977 3.482039 0.590022
v 2.479666 -6.217156 -3.528052
v 2.695781 -5.666120 -3.543259
v 2.770864 -5.843460 -3.493078
v -4.950558 11.671619 2.019990
v -4.171605 11.034658 2.403761
v -4.162288 11.009570 2.279069
v -6.064034 -2.507944 2.356812
v -6.804973 -1.974962 1.975704
v -6.435083 -2.846673 2.097926
v -6.435083 -2.846673 2.097926
v -5.851526 -3.011089 2.189353
v -0.013813 2.307148 6.845352
v -0.059802 2.558629 6.712487
v -0.065313 1.823581 6.957309
v -2.697539 -7.535744 -5.708265
v -3.087006 -8.016827 -5.575210
v -2.967257 -7.724686 -5.908228
v -7.240629 -3.013373 1.771557
v -7.278080 -3.230067 1.602198
v -6.989927 -3.354567 1.609800
v 5.872391 12.218287 -0.445151
v 5.458198 12.218287 -1.702719
v 5.227635 12.765718 -0.478036
v 6.117600 11.625051 -0.788815
v 5.869545 10.896274 -0.436597
v 5.465612 10.896274 -1.697397
v 5.024826 10.218454 -0.625537
v -4.495687 -5.590274 -3.211949
v -3.826042 -5.349071 -3.355840
v -4.220459 -5.664597 -3.235709
v 3.755853 -5.349071 -3.355840
v 4.425498 -5.590274 -3.211949
v 4.150269 -5.664597 -3.235709
v 6.019694 -3.662678 0.626327
v 6.072354 -3.542548 1.501264
v 5.464089 -3.720269 1.019603
v -2.762363 5.732955 5.739850
v -4.119906 4.101507 4.522010
v -2.935715 3.587142 5.114488
v -4.220459 -5.664597 -3.235709
v -3.826042 -5.349071 -3.355840
v -3.751539 -5.534388 -3.334171
v -4.714467 11.147937 2.434174
v -4.706491 11.706768 2.421440
v -5.527644 11.512696 2.278689
v -5.788424 12.351343 2.008586
v 4.150269 -5.664597 -3.235709
v 3.681350 -5.534388 -3.334171
v 3.755853 -5.349071 -3.355840
v 4.049716 4.101507 4.522010
v 2.692173 5.732955 5.739850
v 2.865526 3.587142 5.114488
v -5.576678 -3.668189 1.308713
v -6.142543 -3.542548 1.501264
v -6.089883 -3.662678 0.626327
v -6.784054 2.981360 0.322010
v -7.534873 4.383587 -0.083620
v -6.861422 2.918059 0.078138
v -6.784054 2.981360 0.322010
v -7.455239 4.536020 0.523304
v -7.534873 4.383587 -0.083620
v 2.743111 6.451833 -2.440037
v 4.315827 5.608075 -2.440228
v 3.378350 5.243116 -2.747775
v 6.734784 -1.974962 1.975704
v 6.920481 -1.542352 1.441580
v 6.493943 -1.337820 1.816606
v -2.879447 6.374284 -2.468928
v -4.386016 5.608075 -2.440228
v -4.684629 6.508282 -2.074514
v 3.287495 -8.232380 -4.894154
v 3.278377 -8.152165 -4.348054
v 2.861520 -7.983763 -4.985582
v 1.216965 5.651599 6.094347
v -0.035095 7.353002 6.022497
v -1.688024 5.709009 6.023639
v -0.035095 3.962941 5.830897
v -1.535010 3.884613 5.676363
v -0.035095 3.962941 5.830897
v -0.756438 2.032862 4.753907
v -1.535010 3.884613 5.676363
v 4.315827 5.608075 -2.440228
v 2.743111 6.451833 -2.440037
v 4.620531 6.506397 -2.073184
v -5.308465 4.832168 3.458894
v -6.141982 5.926265 1.932555
v -5.896192 4.083633 1.796647
v -4.552716 3.065943 3.601453
v -5.308465 4.832168 3.458894
v -6.172000 5.919051 -0.336237
v -5.132847 7.175461 -1.427674
v -5.128460 4.776662 -1.452193
v -3.348567 -8.152165 -4.348054
v -3.357685 -8.232380 -4.894154
v -2.931727 -7.983763 -4.985582
v 6.364894 -2.846673 2.097926
v 5.884373 -2.766840 2.300549
v 5.688960 -3.231391 2.027596
v 4.959621 -7.786083 -4.049820
v 5.275727 -7.589727 -4.558092
v 5.216233 -7.308227 -4.037654
v 5.495468 -7.120608 -4.551061
v 5.275546 -6.769915 -4.068449
v 3.181251 -7.925211 -4.463433
v 2.975197 -7.918939 -3.333790
v 2.603403 -7.603414 -3.424078
v -2.314144 -6.251943 -3.597050
v -2.409948 -6.669743 -3.529192
v -2.550997 -6.215634 -3.527862
v 5.058271 4.776662 -1.452193
v 5.062658 7.175461 -1.427674
v 6.101811 5.919051 -0.336237
v 2.749764 -6.124217 -6.094508
v 3.240364 -6.259176 -6.205703
v 2.595790 -6.620129 -6.076070
v 3.032606 -5.650729 -6.046037
v 3.305550 -5.767995 -6.131381
v 2.338997 -6.673351 -3.529002
v 2.243774 -6.252324 -3.597050
v 2.479666 -6.217156 -3.528052
v 2.694639 -7.962101 -3.411153
v 2.769142 -8.054277 -3.016166
v 2.337674 -7.686092 -3.119001
v -2.314144 -6.251943 -3.597050
v -2.228039 -6.988513 -3.571390
v -2.409948 -6.669743 -3.529192
v -5.094254 -6.671646 -3.033464
v -5.028868 -7.239596 -3.013316
v -4.941803 -7.146838 -2.655397
v -3.249718 -7.924268 -4.463814
v -2.672251 -7.601329 -3.424459
v -3.043483 -7.917797 -3.334171
v 2.338997 -6.673351 -3.529002
v 2.158049 -6.989456 -3.571200
v 2.243774 -6.252324 -3.597050
v -2.697539 -7.535744 -5.708265
v -2.967257 -7.724686 -5.908228
v -2.698500 -7.196073 -6.002128
v -2.764067 -7.961720 -3.411343
v -2.407283 -7.685530 -3.119001
v -2.838770 -8.053897 -3.016166
v 1.216965 5.651599 6.094347
v -0.035095 3.962941 5.830897
v 1.464821 3.884613 5.676363
v -5.970714 6.365928 -1.438317
v -5.627055 8.374498 -1.380915
v -4.684629 6.508282 -2.074514
v 6.364894 -2.846673 2.097926
v 6.105799 -2.244118 2.356243
v 5.884373 -2.766840 2.300549
v 6.734784 -1.974962 1.975704
v 6.320029 -1.742497 2.186312
v 6.105799 -2.244118 2.356243
v 4.620531 6.506397 -2.073184
v 5.577766 8.345984 -1.368939
v 5.902428 6.372200 -1.434327
v -7.371400 7.404900 0.423512
v -7.455239 4.536020 0.523304
v -5.185870 11.020972 1.707120
v 4.871613 -7.146838 -2.655397
v 4.958679 -7.239596 -3.013316
v 5.024065 -6.671646 -3.033464
v -3.892770 -5.472047 -6.044517
v -4.073518 -5.985833 -6.131003
v -4.362451 -5.481165 -5.963923
v -4.320812 -5.226276 -5.839609
v -4.362451 -5.481165 -5.963923
v 5.604377 8.300176 -3.791884
v 6.128422 7.371436 -3.952880
v 6.178599 7.440629 -4.060655
v -2.762363 5.732955 5.739850
v -2.935715 3.587142 5.114488
v -1.535010 3.884613 5.676363
v 2.692173 5.732955 5.739850
v 1.464821 3.884613 5.676363
v 2.865526 3.587142 5.114488
v -4.684629 6.508282 -2.074514
v -4.862350 8.446718 -1.816197
v -3.585782 8.488719 -2.238554
v -4.368143 10.013923 -1.561110
v -4.602711 -5.967777 -3.144091
v -4.495687 -5.590274 -3.211949
v -4.220459 -5.664597 -3.235709
v 4.532522 -5.967777 -3.144091
v 4.150269 -5.664597 -3.235709
v 4.425498 -5.590274 -3.211949
v -3.940843 12.138454 -2.551995
v -4.591309 10.326421 -3.650463
v -4.762758 10.395994 -3.687149
v -5.339264 8.456978 -4.091068
v 3.016817 -8.016827 -5.575210
v 3.287495 -8.232380 -4.894154
v 2.861520 -7.983763 -4.985582
v 2.458185 -7.489555 -5.117878
v 2.627350 -7.535744 -5.708265
v 2.861520 -7.983763 -4.985582
v 2.458185 -7.489555 -5.117878
v -5.619061 -3.566313 0.166716
v -6.089883 -3.662678 0.626327
v -6.266480 -3.247742 -0.131140
v -5.576678 -3.668189 1.308713
v -6.089883 -3.662678 0.626327
v -5.534297 -3.720269 0.725740
v -5.544557 2.969197 1.691153
v -5.896192 4.083633 1.796647
v -5.935166 3.482039 0.590022
v -3.087006 -8.016827 -5.575210
v -2.931727 -7.983763 -4.985582
v -3.357685 -8.232380 -4.894154
v -2.528374 -7.489555 -5.117878
v -2.697539 -7.535744 -5.708265
v -2.528374 -7.489555 -5.117878
v -2.931727 -7.983763 -4.985582
v 6.636135 3.966548 -1.211362
v 7.011734 3.882727 -0.577447
v 5.772781 1.314545 -0.729701
v -6.926807 10.662485 -3.052284
v -6.924143 8.785628 -3.724786
v -6.873586 10.474685 -2.940708
v -6.873586 10.474685 -2.940708
v -6.798502 11.934104 -1.717736
v 6.072354 -3.542548 1.501264
v 5.688960 -3.231391 2.027596
v 5.548871 -3.566313 1.578627
v 1.111083 9.013544 -2.460565
v -1.949203 9.666275 -2.285882
v 1.426228 10.055742 -2.212702
v -6.959691 -3.664781 1.025875
v -7.136469 -3.575812 0.561132
v -6.905145 -3.582464 0.409068
v 7.557641 -2.405869 1.510008
v 7.435028 -2.142623 1.474272
v 7.323834 -2.401500 1.710921
v -2.228039 -6.988513 -3.571390
v -2.449683 -7.163189 -3.492887
v -2.409948 -6.669743 -3.529192
v 6.071774 5.926265 1.932555
v 5.238276 4.832168 3.458894
v 5.671847 3.445530 1.748368
v 4.482526 3.065943 3.601453
v 4.630591 1.889347 2.169204
v 0.387636 -5.794805 4.085396
v -0.081664 -5.794805 4.151355
v -0.081664 -5.657381 3.700105
v 0.751653 -5.657381 3.644032
v -0.550964 -5.794805 4.085396
v -0.081664 -5.657381 3.700105
v -0.081664 -5.794805 4.151355
v -0.914781 -5.657381 3.644032
v 5.566364 4.866755 -2.185520
v 7.897874 2.232825 -2.257370
v 4.315827 5.608075 -2.440228
v 4.315827 5.608075 -2.440228
v 4.902031 3.597220 -2.622324
v 3.839294 -5.547893 -6.073788
v 3.240364 -6.259176 -6.205703
v 3.305550 -5.767995 -6.131381
v 3.668425 -5.284828 -5.950236
v 3.839294 -5.547893 -6.073788
v 2.380056 -7.166416 -3.492697
v 2.158049 -6.989456 -3.571200
v 2.338997 -6.673351 -3.529002
v 6.019694 -3.662678 0.626327
v 5.610468 -3.418810 -0.076017
v 6.196291 -3.247742 -0.131140
v 7.207891 -3.230067 1.602198
v 7.170440 -3.013373 1.771557
v 6.875253 -3.486099 1.489099
v 6.072354 -3.542548 1.501264
v 5.548871 -3.566313 1.578627
v 5.464089 -3.720269 1.019603
v 3.305550 -5.767995 -6.131381
v 3.240364 -6.259176 -6.205703
v 2.749764 -6.124217 -6.094508
v -5.910640 4.160620 -0.348210
v -6.172000 5.919051 -0.336237
v -5.128460 4.776662 -1.452193
v 6.920481 -1.542352 1.441580
v 6.976567 -1.413285 0.872671
v 6.600388 -1.091668 1.303202
v -5.935166 3.482039 0.590022
v -5.910640 4.160620 -0.348210
v -5.562412 3.019953 -0.290045
v 5.869545 10.896274 -0.436597
v 6.117600 11.625051 -0.788815
v 5.207115 11.625051 0.464190
v 5.872391 12.218287 -0.445151
v 5.058271 4.776662 -1.452193
v 6.101811 5.919051 -0.336237
v 5.840450 4.160620 -0.348210
v -3.448739 5.242935 -2.746445
v -4.952842 3.613752 -2.622703
v -4.386016 5.608075 -2.440228
v 4.315827 5.608075 -2.440228
v 4.902031 3.597220 -2.622324
v 3.378350 5.243116 -2.747775
v -5.954562 -2.766840 -0.555018
v -6.266480 -3.247742 -0.131140
v -6.623826 -2.398654 -0.387557
v -4.840126 -6.397542 -3.073190
v -4.940860 -6.123836 -3.094669
v -4.602711 -5.967777 -3.144091
v -3.285828 7.077573 -2.153208
v -4.753821 8.621212 -1.332063
v -3.072196 8.620650 -1.958755
v 2.330640 -7.531176 -3.506574
v 2.694639 -7.962101 -3.411153
v 2.337674 -7.686092 -3.119001
v 5.840450 4.160620 -0.348210
v 5.864977 3.482039 0.590022
v 5.492223 3.019953 -0.290045
v 4.769918 -6.397542 -3.073190
v 4.532522 -5.967777 -3.144091
v 4.870670 -6.123836 -3.094669
v -7.005118 3.880443 -0.777220
v -5.706126 1.260380 -0.839186
v -6.381281 1.457878 0.125847
v -5.706126 1.260380 -0.839186
v -5.287383 0.198024 -0.110040
v 6.734784 -1.974962 1.975704
v 6.493943 -1.337820 1.816606
v 6.320029 -1.742497 2.186312
v 1.111083 9.013544 -2.460565
v 1.426228 10.055742 -2.212702
v 3.517877 8.498417 -2.235891
v 4.683632 8.621212 -1.332063
v 3.215638 7.077573 -2.153208
v 3.001989 8.620650 -1.958755
v -4.753821 8.621212 -1.332063
v -3.285828 7.077573 -2.153208
v -5.132847 7.175461 -1.427674
v -5.680657 -3.418810 1.821358
v -6.142543 -3.542548 1.501264
v -5.576678 -3.668189 1.308713
v 4.532522 -5.967777 -3.144091
v 4.425498 -5.590274 -3.211949
v 4.870670 -6.123836 -3.094669
v 4.769918 -6.397542 -3.073190
v 5.024065 -6.671646 -3.033464
v -4.602711 -5.967777 -3.144091
v -4.940860 -6.123836 -3.094669
v -4.495687 -5.590274 -3.211949
v -4.840126 -6.397542 -3.073190
v -5.094254 -6.671646 -3.033464
v 3.215638 7.077573 -2.153208
v 4.683632 8.621212 -1.332063
v 5.062658 7.175461 -1.427674
v -6.390218 -1.742497 -0.440779
v -6.623826 -2.398654 -0.387557
v -6.949993 -1.637956 0.095056
v 6.785522 2.918440 0.077567
v 7.478751 5.172020 -0.195958
v 7.474183 4.240453 0.276390
v -2.400250 -7.530414 -3.506762
v -2.407283 -7.685530 -3.119001
v -2.764067 -7.961720 -3.411343
v -5.565657 -7.120608 -4.551061
v -5.616214 -6.486892 -4.584703
v -5.698894 -6.857543 -5.158554
v -5.629139 -6.224009 -5.241430
v -5.497226 -6.027272 -4.651612
v -5.698894 -6.857543 -5.158554
v -5.629139 -6.224009 -5.241430
v 5.685914 -3.521447 5.888303
v 5.869345 -2.246402 5.834319
v 5.913069 -2.230812 5.970417
v -2.228039 -6.988513 -3.571390
v -2.400250 -7.530414 -3.506762
v -2.449683 -7.163189 -3.492887
v -4.362451 -5.481165 -5.963923
v -4.841068 -5.662694 -5.865080
v -4.862930 -5.394299 -5.727464
v 5.610468 -3.418810 -0.076017
v 6.019694 -3.662678 0.626327
v 5.506489 -3.668189 0.436819
v 2.380056 -7.166416 -3.492697
v 2.330640 -7.531176 -3.506574
v 2.158049 -6.989456 -3.571200
v 1.383846 -5.794805 3.890185
v 0.387636 -5.794805 4.085396
v 0.751653 -5.657381 3.644032
v 1.597496 -5.657381 3.478282
v -6.804973 -1.974962 1.975704
v -6.064034 -2.507944 2.356812
v -6.348018 -1.859781 2.256640
v -5.491135 -2.632824 2.409846
v -5.851526 -3.011089 2.189353
v -5.729692 -2.070186 2.471432
v -6.348018 -1.859781 2.256640
v -5.960635 -1.529409 2.289904
v -6.348018 -1.859781 2.256640
v -6.564133 -1.337820 1.816606
v -6.804973 -1.974962 1.975704
v -6.348018 -1.859781 2.256640
v -0.550964 -5.794805 4.085396
v -1.547174 -5.794805 3.890185
v -0.914781 -5.657381 3.644032
v -1.760642 -5.657381 3.478282
v -1.729082 7.785049 -2.640191
v -3.585782 8.488719 -2.238554
v -1.949203 9.666275 -2.285882
v 2.802605 -7.857160 -3.045249
v 3.379691 -8.037745 -2.923789
v 2.090760 -7.675832 0.070915
v 1.291288 -7.001619 -0.084190
v 1.625067 -7.419039 -0.019373
v 1.291288 -7.001619 -0.084190
v 2.381760 -7.393751 -3.150934
v 2.231411 -6.919322 -3.204725
v -2.400250 -7.530414 -3.506762
v -2.672251 -7.601329 -3.424459
v -2.449683 -7.163189 -3.492887
v 6.196291 -3.247742 -0.131140
v 5.993845 -2.507945 -0.611281
v 6.553637 -2.398654 -0.387557
v -4.552716 3.065943 3.601453
v -5.896192 4.083633 1.796647
v -5.544557 2.969197 1.691153
v -4.700780 1.889347 2.169204
v 2.603403 -7.603414 -3.424078
v 2.330640 -7.531176 -3.506574
v 2.380056 -7.166416 -3.492697
v -6.853827 7.718902 -3.927219
v -6.873586 10.474685 -2.940708
v -6.924143 8.785628 -3.724786
v 6.713865 2.981360 0.322010
v 6.785522 2.918440 0.077567
v 7.474183 4.240453 0.276390
v 3.834164 -4.735295 -1.186080
v 3.108632 -4.555870 -1.273518
v 3.163758 -4.497318 -1.706140
v 3.108632 -4.555870 -1.273518
v 3.834164 -4.735295 -1.186080
v 3.677923 -4.757918 -0.831964
v 5.671847 3.445530 1.748368
v 4.630591 1.889347 2.169204
v 5.107124 1.861793 0.506767
v 5.864977 3.482039 0.590022
v 5.671847 3.445530 1.748368
v 5.238276 4.832168 3.458894
v 4.482526 3.065943 3.601453
v 6.278209 5.865067 0.632791
v 5.671847 3.445530 1.748368
v -1.729082 7.785049 -2.640191
v -1.949203 9.666275 -2.285882
v 1.111083 9.013544 -2.460565
v 4.620531 6.506397 -2.073184
v 3.517877 8.498417 -2.235891
v 4.810796 8.412313 -1.815055
v 7.549266 -1.958612 0.964480
v 7.682140 -2.138998 0.870390
v 7.596035 -2.145088 0.453546
v -3.271960 -4.555870 -1.273518
v -3.997492 -4.735295 -1.186080
v -3.326886 -4.497318 -1.706140
v -3.997492 -4.735295 -1.186080
v -3.271960 -4.555870 -1.273518
v -3.841251 -4.757918 -0.831964
v 0.118680 -6.266770 3.814913
v -0.139454 -5.942489 3.253990
v 0.122668 -5.977094 3.235552
v 5.506489 -3.668189 0.436819
v 6.019694 -3.662678 0.626327
v 5.464089 -3.720269 1.019603
v 6.920481 -1.542352 1.441580
v 6.600388 -1.091668 1.303202
v 6.493943 -1.337820 1.816606
v 6.976567 -1.413285 0.872671
v 6.557063 -1.192022 0.172229
v 6.636135 -1.053456 0.727260
v 6.976567 -1.413285 0.872671
v 6.879803 -1.637956 0.094865
v 4.062641 12.012995 -1.794906
v 3.676781 12.007483 -0.131329
v 4.574903 12.896869 -0.952283
v 3.482329 11.489711 -0.788815
v -7.972632 2.231302 -2.256230
v -4.386016 5.608075 -2.440228
v -4.952842 3.613752 -2.622703
v 5.993845 -2.507945 -0.611281
v 6.196291 -3.247742 -0.131140
v 5.781337 -3.011089 -0.443820
v 4.826567 -6.889084 -3.033845
v 4.769918 -6.397542 -3.073190
v 5.024065 -6.671646 -3.033464
v -4.896756 -6.889084 -3.033845
v -5.094254 -6.671646 -3.033464
v -4.840126 -6.397542 -3.073190
v -5.646251 -6.652631 -5.497466
v -5.629139 -6.224009 -5.241430
v -5.563554 -6.202528 -5.553160
v -5.339463 -5.677141 -5.310998
v -5.629139 -6.224009 -5.241430
v -6.670577 -1.091668 1.303202
v -7.046757 -1.413285 0.872671
v -6.934222 -1.634729 1.735062
v -6.706324 -1.053456 0.727260
v -6.248425 -0.750094 1.029677
v -6.608236 -1.254761 0.042783
v -7.046757 -1.413285 0.872671
v -6.706324 -1.053456 0.727260
v -6.949993 -1.637956 0.095056
v -6.649295 -3.455881 1.503546
v -6.989927 -3.354567 1.609800
v -7.018043 -3.539122 1.373341
v 2.874444 -7.563878 -4.551630
v 3.181251 -7.925211 -4.463433
v 2.603403 -7.603414 -3.424078
v 6.367921 1.565464 0.137254
v 5.233146 0.214556 -0.107761
v 5.772781 1.314545 -0.729701
v -5.177314 1.861793 0.506767
v -5.544557 2.969197 1.691153
v -5.935166 3.482039 0.590022
v -6.570786 -3.644243 0.769268
v -6.959691 -3.664781 1.025875
v -6.905145 -3.582464 0.409068
v 7.170440 -3.013373 1.771557
v 7.308244 -2.688910 1.775740
v 6.840086 -2.835452 1.894538
v -5.281111 -3.132361 2.114841
v -5.851526 -3.011089 2.189353
v -5.680657 -3.418810 1.821358
v -2.683853 -7.732100 0.172798
v -2.389609 -7.087924 0.540793
v -3.193070 -7.580409 0.271449
v 2.618413 -7.732281 0.173178
v 3.267157 -7.511217 0.296540
v 2.319420 -7.087924 0.540793
v 2.311625 -5.794805 3.573132
v 1.383846 -5.794805 3.890185
v 1.597496 -5.657381 3.478282
v 1.597496 -5.657381 3.478282
v 2.385186 -5.657381 3.209131
v 2.311625 -5.794805 3.573132
v -1.547174 -5.794805 3.890185
v -2.474953 -5.794805 3.573132
v -1.760642 -5.657381 3.478282
v -2.943129 -7.561793 -4.551820
v -2.672251 -7.601329 -3.424459
v -3.249718 -7.924268 -4.463814
v -1.760642 -5.657381 3.478282
v -2.474953 -5.794805 3.573132
v -2.548514 -5.657381 3.209131
v -4.386016 5.608075 -2.440228
v -2.879447 6.374284 -2.468928
v -3.448739 5.242935 -2.746445
v -3.585782 8.488719 -2.238554
v -1.729082 7.785049 -2.640191
v 6.216050 -1.985803 -0.553117
v 6.879803 -1.637956 0.094865
v 6.553637 -2.398654 -0.387557
v -5.177314 1.861793 0.506767
v -5.935166 3.482039 0.590022
v -5.562412 3.019953 -0.290045
v 5.176136 -5.665358 -5.632234
v 4.525108 -5.539337 -5.924574
v 4.407824 -5.238258 -5.807487
v -2.156762 -7.674128 0.070537
v -2.389609 -7.087924 0.540793
v -2.683853 -7.732100 0.172798
v -5.759149 -3.231391 -0.282062
v -5.619061 -3.566313 0.166716
v -6.266480 -3.247742 -0.131140
v -2.400250 -7.530414 -3.506762
v -2.764067 -7.961720 -3.411343
v -2.672251 -7.601329 -3.424459
v -1.555549 8.621031 -2.178677
v 1.086176 8.620831 -2.204148
v -0.943676 7.220889 -2.453724
v -6.706324 -1.053456 0.727260
v -7.046757 -1.413285 0.872671
v -6.670577 -1.091668 1.303202
v -6.564133 -1.337820 1.816606
v -6.934222 -1.634729 1.735062
v -6.804973 -1.974962 1.975704
v 5.492223 3.019953 -0.290045
v 5.864977 3.482039 0.590022
v 5.107124 1.861793 0.506767
v 7.635752 -2.220353 1.261004
v 7.549266 -1.958612 0.964480
v 7.435028 -2.142623 1.474272
v 2.603403 -7.603414 -3.424078
v 2.694639 -7.962101 -3.411153
v 2.330640 -7.531176 -3.506574
v -4.362451 -5.481165 -5.963923
v -4.862930 -5.394299 -5.727464
v -4.320812 -5.226276 -5.839609
v -3.271960 1.888404 3.893986
v -2.935715 3.587142 5.114488
v -4.552716 3.065943 3.601453
v -5.130744 -3.492172 1.630520
v -5.680657 -3.418810 1.821358
v -5.576678 -3.668189 1.308713
v -0.000508 -7.825419 6.039225
v -0.290564 -6.978996 4.806178
v 0.049307 -7.062636 4.760180
v -0.000508 -7.825419 6.039225
v 0.304196 -6.915895 4.972878
v -2.935715 3.587142 5.114488
v -4.119906 4.101507 4.522010
v -4.552716 3.065943 3.601453
v 6.976567 -1.413285 0.872671
v 6.636135 -1.053456 0.727260
v 6.600388 -1.091668 1.303202
v 3.517877 8.498417 -2.235891
v 4.620531 6.506397 -2.073184
v 2.743111 6.451833 -2.440037
v 5.566364 4.866755 -2.185520
v 4.315827 5.608075 -2.440228
v -5.103571 9.831253 -3.382833
v -5.144050 9.951383 -3.479583
v -5.658216 8.327548 -3.787892
v 4.525108 -5.539337 -5.924574
v 3.839294 -5.547893 -6.073788
v 4.407824 -5.238258 -5.807487
v 5.279716 2.132091 -1.524234
v 6.636135 3.966548 -1.211362
v 5.772781 1.314545 -0.729701
v 6.500596 -3.644243 0.769268
v 6.964023 -3.629614 0.602378
v 6.927134 -3.664781 0.993183
v -7.145587 -3.227204 0.057419
v -6.905145 -3.582464 0.409068
v -7.205081 -3.415964 0.291407
v 1.683800 7.741145 -2.555036
v 1.111083 9.013544 -2.460565
v 3.517877 8.498417 -2.235891
v -2.649266 -6.604920 -6.056111
v -3.045386 -6.228559 -6.169777
v -2.828890 -6.035629 -6.070366
v -3.355020 -5.774848 -6.132143
v -2.828890 -6.035629 -6.070366
v -3.202206 -5.580014 -6.033681
v 4.482526 3.065943 3.601453
v 2.865526 3.587142 5.114488
v 3.201771 1.888404 3.893986
v -6.910275 -2.835452 1.894538
v -7.378434 -2.688910 1.775740
v -7.240629 -3.013373 1.771557
v -7.240629 -3.013373 1.771557
v -6.989927 -3.354567 1.609800
v 1.582106 6.946041 -2.429012
v 3.001989 8.620650 -1.958755
v 3.215638 7.077573 -2.153208
v 1.086176 8.620831 -2.204148
v -6.670577 -1.091668 1.303202
v -6.934222 -1.634729 1.735062
v -6.564133 -1.337820 1.816606
v -4.755906 -7.387298 -3.032515
v -5.028868 -7.239596 -3.013316
v -4.896756 -6.889084 -3.033845
v 4.686097 -7.386917 -3.032515
v 4.826567 -6.889084 -3.033845
v 4.958679 -7.239596 -3.013316
v -5.098622 1.812178 -1.440979
v -7.005118 3.880443 -0.777220
v -6.214201 4.036302 -1.587909
v 6.147819 4.047324 -1.586959
v 6.636135 3.966548 -1.211362
v 5.279716 2.132091 -1.524234
v 6.879803 -1.637956 0.094865
v 6.216050 -1.985803 -0.553117
v 6.413929 -1.523717 -0.278070
v 6.557063 -1.192022 0.172229
v 6.413929 -1.523717 -0.278070
v -2.764067 -7.961720 -3.411343
v -3.043483 -7.917797 -3.334171
v -2.672251 -7.601329 -3.424459
v -3.264165 -8.216609 -3.299577
v 3.152156 -5.794806 3.146404
v 2.385186 -5.657381 3.209131
v 3.098934 -5.657382 2.846649
v 3.152156 -5.794806 3.146404
v 2.311625 -5.794805 3.573132
v 2.385186 -5.657381 3.209131
v 2.975197 -7.918939 -3.333790
v 2.694639 -7.962101 -3.411153
v 2.603403 -7.603414 -3.424078
v 2.975197 -7.918939 -3.333790
v 3.194556 -8.216790 -3.299386
v -1.555549 8.621031 -2.178677
v -3.285828 7.077573 -2.153208
v -3.072196 8.620650 -1.958755
v 5.504024 12.408354 2.010106
v 5.011901 11.665709 2.400910
v 5.477594 11.518226 2.260060
v 4.301579 10.953485 2.395207
v 4.826567 -6.889084 -3.033845
v 5.024065 -6.671646 -3.033464
v 4.958679 -7.239596 -3.013316
v -4.896756 -6.889084 -3.033845
v -5.028868 -7.239596 -3.013316
v -5.094254 -6.671646 -3.033464
v -5.287383 0.198024 -0.110040
v -5.706126 1.260380 -0.839186
v -4.995224 0.135484 -0.616033
v -4.378421 -0.453004 -0.157940
v -7.005118 3.880443 -0.777220
v -5.098622 1.812178 -1.440979
v -5.706126 1.260380 -0.839186
v 6.320029 -1.742497 2.186312
v 5.659503 -2.070186 2.471432
v 6.105799 -2.244118 2.356243
v 5.890446 -1.529409 2.289904
v 5.884373 -2.766840 2.300549
v 5.420946 -2.632824 2.409846
v 5.688960 -3.231391 2.027596
v 5.420946 -2.632824 2.409846
v 5.210904 -3.132361 2.114841
v 5.688960 -3.231391 2.027596
v 2.940410 -5.886240 6.701462
v 1.817037 -6.461604 6.924427
v 2.884723 -5.852214 6.583804
v 3.992688 -5.324743 6.002920
v -3.315484 -5.794806 3.146404
v -2.548514 -5.657381 3.209131
v -2.474953 -5.794805 3.573132
v -3.262262 -5.657382 2.846649
v -2.548514 -5.657381 3.209131
v -3.315484 -5.794806 3.146404
v 7.323834 -2.401500 1.710921
v 7.435028 -2.142623 1.474272
v 7.133188 -2.148695 1.686592
v 3.480045 -6.926536 2.544612
v 3.579836 -7.690080 1.493091
v 4.314304 -6.811535 1.599726
v 2.961891 -2.161820 1.795128
v 3.293586 -5.876161 2.563240
v -4.116860 -6.924252 2.073975
v -3.962524 -5.855242 2.088611
v -4.625135 -6.813439 1.107039
v -4.585599 3.052455 -1.420831
v -5.910640 4.160620 -0.348210
v -5.128460 4.776662 -1.452193
v -0.085271 -7.811932 6.055002
v -0.290564 -6.978996 4.806178
v -0.000508 -7.825419 6.039225
v -3.285828 7.077573 -2.153208
v -1.555549 8.621031 -2.178677
v -0.943676 7.220889 -2.453724
v 3.267157 -7.511217 0.296540
v 2.806593 -6.844799 0.635262
v 2.319420 -7.087924 0.540793
v -3.193070 -7.580409 0.271449
v -2.876783 -6.844799 0.635262
v -3.713127 -7.122692 0.369720
v 3.598471 11.902944 2.245234
v 3.424539 11.283657 2.330580
v 4.263928 11.112389 2.451851
v -3.193070 -7.580409 0.271449
v -2.389609 -7.087924 0.540793
v -2.876783 -6.844799 0.635262
v 5.688960 -3.231391 2.027596
v 5.210904 -3.132361 2.114841
v 5.548871 -3.566313 1.578627
v 5.210904 -3.132361 2.114841
v 5.060555 -3.492172 1.630520
v 5.548871 -3.566313 1.578627
v -3.405596 4.823231 -2.196924
v -5.132847 7.175461 -1.427674
v -3.285828 7.077573 -2.153208
v 2.090760 -7.675832 0.070915
v 2.319420 -7.087924 0.540793
v 1.809441 -6.909623 0.442142
v 2.618413 -7.732281 0.173178
v 2.319420 -7.087924 0.540793
v -3.823958 -8.256724 -3.188569
v -3.993304 -8.018929 -3.144091
v -3.507272 -8.064538 -3.235709
v -3.264165 -8.216609 -3.299577
v -3.043483 -7.917797 -3.334171
v -5.058144 -3.652219 1.046595
v -5.576678 -3.668189 1.308713
v -5.534297 -3.720269 0.725740
v 3.925399 -8.018549 -3.143710
v 3.754530 -8.256525 -3.188379
v 3.439186 -8.064919 -3.235329
v 3.194556 -8.216790 -3.299386
v 2.975197 -7.918939 -3.333790
v -5.954562 -2.766840 -0.555018
v -5.759149 -3.231391 -0.282062
v -6.266480 -3.247742 -0.131140
v -5.960635 -1.529409 2.289904
v -6.564133 -1.337820 1.816606
v -6.348018 -1.859781 2.256640
v -5.128460 4.776662 -1.452193
v -5.132847 7.175461 -1.427674
v -3.405596 4.823231 -2.196924
v -5.103571 9.831253 -3.382833
v -4.562033 11.433825 -2.465888
v -5.144050 9.951383 -3.479583
v -0.943676 7.220889 -2.453724
v 1.086176 8.620831 -2.204148
v 1.582106 6.946041 -2.429012
v 5.558950 -6.224009 -5.241430
v 5.427037 -6.027272 -4.651612
v 5.546025 -6.486892 -4.584703
v 5.626801 -6.709080 -5.178702
v 5.558950 -6.224009 -5.241430
v 3.335388 4.823231 -2.196924
v 5.062658 7.175461 -1.427674
v 5.058271 4.776662 -1.452193
v -6.702137 -3.329859 0.090114
v -6.905145 -3.582464 0.409068
v -7.145587 -3.227204 0.057419
v 5.039654 9.823657 -3.382642
v 5.604377 8.300176 -3.791884
v 5.085643 9.916415 -3.472169
v 5.840450 4.160620 -0.348210
v 4.340154 3.084577 -1.574794
v 5.058271 4.776662 -1.452193
v 5.233146 0.214556 -0.107761
v 4.820494 0.139672 -0.739013
v 5.772781 1.314545 -0.729701
v 4.295687 -0.448816 -0.125247
v 5.781337 -3.011089 -0.443820
v 6.196291 -3.247742 -0.131140
v 5.610468 -3.418810 -0.076017
v -4.358843 -8.075958 -3.095240
v -4.427256 -7.787986 -3.073190
v -3.993304 -8.018929 -3.144091
v 4.359351 -7.786463 -3.072812
v 4.289216 -8.075378 -3.095050
v 3.925399 -8.018549 -3.143710
v 3.834164 -5.794806 2.626537
v 3.098934 -5.657382 2.846649
v 3.677923 -5.657382 2.405283
v 3.834164 -5.794806 2.626537
v 3.152156 -5.794806 3.146404
v 3.098934 -5.657382 2.846649
v -5.910640 4.160620 -0.348210
v -4.585599 3.052455 -1.420831
v -5.562412 3.019953 -0.290045
v -4.692804 1.946194 -0.681801
v -4.585599 3.052455 -1.420831
v -4.360167 10.997026 -0.941640
v -7.534873 4.383587 -0.083620
v -6.666969 9.398643 -0.084760
v 6.875253 -3.486099 1.489099
v 6.579106 -3.455881 1.503546
v 6.927134 -3.664781 0.993183
v -4.769592 -7.720316 -3.035936
v -4.755906 -7.387298 -3.032515
v -4.427256 -7.787986 -3.073190
v -4.358843 -8.075958 -3.095240
v -3.841251 -5.657382 2.405283
v -3.262262 -5.657382 2.846649
v -3.997492 -5.794806 2.626537
v -3.262262 -5.657382 2.846649
v -3.315484 -5.794806 3.146404
v -3.997492 -5.794806 2.626537
v -5.729692 -2.070186 2.471432
v -6.064034 -2.507944 2.356812
v -5.491135 -2.632824 2.409846
v -5.851526 -3.011089 2.189353
v -5.281111 -3.132361 2.114841
v 5.548871 -3.566313 1.578627
v 5.060555 -3.492172 1.630520
v 5.464089 -3.720269 1.019603
v -2.626063 -6.858304 3.153247
v -3.331074 -6.841772 2.785063
v -3.252763 -7.519972 2.459266
v -2.044989 -2.201156 2.766054
v -3.331074 -6.841772 2.785063
v -4.684629 6.508282 -2.074514
v -3.585782 8.488719 -2.238554
v -2.879447 6.374284 -2.468928
v 4.686097 -7.386917 -3.032515
v 4.699602 -7.719936 -3.035936
v 4.359351 -7.786463 -3.072812
v 4.289216 -8.075378 -3.095050
v 5.060555 -3.492172 1.630520
v 4.987955 -3.652219 1.046595
v 5.464089 -3.720269 1.019603
v -5.619061 -3.566313 0.166716
v -5.534297 -3.720269 0.725740
v -6.089883 -3.662678 0.626327
v -5.078483 -3.603384 0.416670
v -5.058144 -3.652219 1.046595
v -4.755906 -7.387298 -3.032515
v -4.769592 -7.720316 -3.035936
v -5.028868 -7.239596 -3.013316
v 1.114690 -6.053121 6.988863
v 2.852021 -3.558699 6.902948
v 2.899551 -3.527719 7.032011
v 4.686097 -7.386917 -3.032515
v 4.958679 -7.239596 -3.013316
v 4.699602 -7.719936 -3.035936
v 4.332359 -5.086387 -0.592843
v 3.677923 -4.757918 -0.831964
v 3.834164 -4.735295 -1.186080
v 3.677923 -4.757918 -0.831964
v 4.332359 -5.086387 -0.592843
v 4.101035 -5.055969 -0.328251
v 3.267157 -7.511217 0.296540
v 3.706057 -6.981861 0.383787
v 2.806593 -6.844799 0.635262
v -6.649295 -3.455881 1.503546
v -7.018043 -3.539122 1.373341
v -6.959691 -3.664781 1.025875
v 6.875253 -3.486099 1.489099
v 7.170440 -3.013373 1.771557
v 6.840086 -2.835452 1.894538
v 4.340154 3.084577 -1.574794
v 5.492223 3.019953 -0.290045
v 4.622615 1.946194 -0.681801
v 5.840450 4.160620 -0.348210
v -4.700780 1.889347 2.169204
v -5.544557 2.969197 1.691153
v -5.177314 1.861793 0.506767
v -4.272539 0.894479 1.145244
v -0.981690 -6.863234 3.592140
v -1.052785 -2.419755 3.144312
v -1.848832 -6.861911 3.421448
v -0.488443 -7.537066 3.364236
v -5.286422 -7.308227 -4.037654
v -5.345736 -6.769915 -4.068449
v -5.565657 -7.120608 -4.551061
v 4.314304 -6.811535 1.599726
v 3.293586 -5.876161 2.563240
v 3.480045 -6.926536 2.544612
v -6.564133 -1.337820 1.816606
v -5.960635 -1.529409 2.289904
v -6.148634 -1.092430 1.893018
v -5.078483 -3.603384 0.416670
v -5.534297 -3.720269 0.725740
v -5.619061 -3.566313 0.166716
v -3.841251 -4.757918 -0.831964
v -4.495687 -5.086387 -0.592843
v -3.997492 -4.735295 -1.186080
v -4.495687 -5.086387 -0.592843
v -3.841251 -4.757918 -0.831964
v -4.264363 -5.055969 -0.328251
v -3.331074 -6.841772 2.785063
v -3.962524 -5.855242 2.088611
v -4.116860 -6.924252 2.073975
v -4.116860 -6.924252 2.073975
v -3.252763 -7.519972 2.459266
v -2.044989 -2.201156 2.766054
v -2.933812 -2.418232 2.128527
v 5.062658 7.175461 -1.427674
v 3.335388 4.823231 -2.196924
v 3.215638 7.077573 -2.153208
v 1.638373 4.952860 -2.505804
v 1.582106 6.946041 -2.429012
v -6.608236 -1.254761 0.042783
v -6.390218 -1.742497 -0.440779
v -6.949993 -1.637956 0.095056
v -5.281111 -3.132361 2.114841
v -5.680657 -3.418810 1.821358
v -5.130744 -3.492172 1.630520
v 0.248128 -2.404926 3.235361
v -0.080903 -6.879023 3.648594
v 0.819304 -6.863615 3.592140
v -0.488443 -7.537066 3.364236
v 2.286736 -7.669379 -1.135520
v 3.209566 -6.830932 -1.205089
v 3.502668 -7.504945 -0.445530
v 2.511588 -6.844419 -1.575364
v 2.286736 -7.669379 -1.135520
v 2.511588 -6.844419 -1.575364
v 2.109957 -2.425266 -1.124304
v 6.493943 -1.337820 1.816606
v 5.890446 -1.529409 2.289904
v 6.320029 -1.742497 2.186312
v 6.078427 -1.092430 1.893018
v -7.203377 -2.148695 1.686592
v -7.623262 -2.107836 1.299019
v -7.429770 -2.326416 1.667205
v -4.766184 -6.406297 -2.753287
v -4.802294 -6.905254 -2.720404
v -3.920885 -6.461042 0.411919
v 5.269274 -5.677141 -5.310998
v 5.533662 -6.307449 -5.505070
v 5.176136 -5.665358 -5.632234
v 6.631947 -3.329859 0.090304
v 7.134130 -3.231772 0.077948
v 7.029209 -3.477543 0.295590
v -5.339264 8.456978 -4.091068
v -6.059665 7.363079 -4.063888
v -6.543794 7.183074 -4.084986
v -2.156762 -7.674128 0.070537
v -1.879631 -6.909423 0.442142
v -2.389609 -7.087924 0.540793
v -3.264165 -8.216609 -3.299577
v -3.823958 -8.256724 -3.188569
v -3.507272 -8.064538 -3.235709
v 4.332359 -5.794806 2.033297
v 3.677923 -5.657382 2.405283
v 4.101035 -5.657382 1.901572
v 3.677923 -5.657382 2.405283
v 4.332359 -5.794806 2.033297
v 3.834164 -5.794806 2.626537
v 3.439186 -8.064919 -3.235329
v 3.754530 -8.256525 -3.188379
v 3.194556 -8.216790 -3.299386
v -4.378421 -0.453004 -0.157940
v -4.995224 0.135484 -0.616033
v -3.860068 -0.691542 -0.844698
v 5.533662 -6.307449 -5.505070
v 5.269274 -5.677141 -5.310998
v 5.558950 -6.224009 -5.241430
v 1.538962 -2.422419 2.958035
v 0.819304 -6.863615 3.592140
v 1.677909 -6.862854 3.423730
v 1.816855 -7.504945 3.063149
v 1.683800 7.741145 -2.555036
v 3.517877 8.498417 -2.235891
v 2.743111 6.451833 -2.440037
v 2.865526 3.587142 5.114488
v 1.464821 3.884613 5.676363
v 1.386692 1.962528 4.576562
v -5.171803 -6.596182 -4.194661
v -5.208674 -7.075380 -4.149802
v -4.896756 -6.889084 -3.033845
v 4.361635 -5.652433 1.355094
v 4.332359 -5.794806 2.033297
v 4.101035 -5.657382 1.901572
v 4.332359 -5.794806 2.033297
v 4.361635 -5.652433 1.355094
v 4.639147 -5.788914 1.389498
v 3.850696 -6.461042 0.411919
v 4.732105 -6.905254 -2.720404
v 4.695995 -6.406297 -2.753287
v 4.820494 0.139672 -0.739013
v 5.279716 2.132091 -1.524234
v 5.772781 1.314545 -0.729701
v 4.449462 -5.555488 0.786564
v 4.639147 -5.788914 1.389498
v 4.361635 -5.652433 1.355094
v 4.639147 -5.788914 1.389498
v 4.449462 -5.555488 0.786564
v 4.742945 -5.674675 0.720227
v -3.615058 -3.228545 1.794557
v -3.093097 -2.349801 2.215393
v -3.426297 -2.349801 1.770798
v -3.997492 -5.794806 2.626537
v -4.495687 -5.794806 2.033297
v -3.841251 -5.657382 2.405283
v -4.264363 -5.657382 1.901572
v -3.841251 -5.657382 2.405283
v -4.495687 -5.794806 2.033297
v -3.093097 -2.349801 2.215393
v -2.783263 -3.228545 2.648965
v -2.640329 -2.349801 2.605246
v -3.426297 -2.349801 1.770798
v -3.831934 -3.228545 1.300352
v -3.615058 -3.228545 1.794557
v -3.093097 -2.349801 2.215393
v -3.615058 -3.228545 1.794557
v -3.262842 -3.228545 2.249797
v -2.783263 -3.228545 2.648965
v -3.262842 -3.228545 2.249797
v -7.348415 -1.812831 1.070353
v -7.686944 -2.034276 0.903085
v -7.623262 -2.107836 1.299019
v -3.831934 -3.228545 1.300352
v -3.426297 -2.349801 1.770798
v -3.631408 -2.349801 1.288376
v 2.627350 -7.535744 -5.708265
v 2.646547 -7.172887 -6.029500
v 2.736839 -7.474165 -5.959171
v -1.180330 -6.055586 6.989244
v -2.974290 -3.528861 7.031061
v -2.921648 -3.558518 6.902948
v -3.716752 -5.287855 -5.952328
v -3.355020 -5.774848 -6.132143
v -3.892770 -5.472047 -6.044517
v -1.052785 -2.419755 3.144312
v -0.981690 -6.863234 3.592140
v -0.080903 -6.879023 3.648594
v -0.488443 -7.537066 3.364236
v 5.107124 1.861793 0.506767
v 4.630591 1.889347 2.169204
v 4.202349 0.894479 1.145244
v 1.625067 -7.419039 -0.019373
v 2.090760 -7.675832 0.070915
v 1.809441 -6.909623 0.442142
v -3.823958 -8.256724 -3.188569
v -4.358843 -8.075958 -3.095240
v -3.993304 -8.018929 -3.144091
v -2.640329 -2.349801 2.605246
v -2.195736 -3.228545 2.976472
v -2.086809 -2.349801 2.924961
v 4.826567 -6.889084 -3.033845
v 5.138484 -7.075380 -4.149802
v 5.101614 -6.596182 -4.194661
v 6.216050 -1.985803 -0.553117
v 6.553637 -2.398654 -0.387557
v 5.993845 -2.507945 -0.611281
v 3.925399 -8.018549 -3.143710
v 4.289216 -8.075378 -3.095050
v 3.754530 -8.256525 -3.188379
v -4.495687 -5.794806 2.033297
v -4.524781 -5.652433 1.355094
v -4.264363 -5.657382 1.901572
v -4.524781 -5.652433 1.355094
v -4.495687 -5.794806 2.033297
v -4.802475 -5.788914 1.389498
v -4.802475 -5.788914 1.389498
v -4.612790 -5.555488 0.786564
v -4.524781 -5.652433 1.355094
v -4.612790 -5.555488 0.786564
v -4.802475 -5.788914 1.389498
v -4.906073 -5.674675 0.720227
v -2.935715 3.587142 5.114488
v -0.756438 2.032862 4.753907
v -1.535010 3.884613 5.676363
v -2.195736 -3.228545 2.976472
v -2.640329 -2.349801 2.605246
v -2.783263 -3.228545 2.648965
v -1.691831 -7.415613 -0.019561
v -1.879631 -6.909423 0.442142
v -2.156762 -7.674128 0.070537
v -2.086809 -2.349801 2.924961
v -1.529500 -3.228545 3.219964
v -1.458223 -2.349801 3.162750
v 4.987955 -3.652219 1.046595
v 5.008294 -3.603384 0.416670
v 5.464089 -3.720269 1.019603
v 5.008294 -3.603384 0.416670
v 5.506489 -3.668189 0.436819
v -4.075040 -5.315988 6.000070
v -2.953389 -5.850873 6.584184
v -2.992544 -5.902391 6.704505
v 2.619936 -3.228545 2.648965
v 2.929769 -2.349801 2.215393
v 2.477182 -2.349801 2.605246
v -3.262842 -3.228545 2.249797
v -3.031319 -4.542564 2.730318
v -2.783263 -3.228545 2.648965
v -1.848832 -6.861911 3.421448
v -1.052785 -2.419755 3.144312
v -2.044989 -2.201156 2.766054
v -3.252763 -7.519972 2.459266
v -2.626063 -6.858304 3.153247
v -2.044989 -2.201156 2.766054
v -2.626063 -6.858304 3.153247
v -6.175989 -2.244118 -0.610710
v -5.954562 -2.766840 -0.555018
v -6.623826 -2.398654 -0.387557
v -6.390218 -1.742497 -0.440779
v -6.608236 -1.254761 0.042783
v -6.148435 -1.092430 -0.147487
v -0.035095 3.962941 5.830897
v 1.386692 1.962528 4.576562
v 1.464821 3.884613 5.676363
v -1.529500 -3.228545 3.219964
v -2.086809 -2.349801 2.924961
v -2.195736 -3.228545 2.976472
v -5.130744 -3.492172 1.630520
v -5.576678 -3.668189 1.308713
v -5.058144 -3.652219 1.046595
v -0.517320 -4.481729 3.895507
v -0.081664 -5.794805 4.151355
v -0.081664 -4.481729 3.957664
v -3.355020 -5.774848 -6.132143
v -3.716752 -5.287855 -5.952328
v -3.202206 -5.580014 -6.033681
v 2.929769 -2.349801 2.215393
v 3.099695 -3.228545 2.249797
v 3.451911 -3.228545 1.794557
v 2.619936 -3.228545 2.648965
v 3.099695 -3.228545 2.249797
v 4.742945 -5.674675 0.720227
v 4.361635 -5.345264 0.218227
v 4.639147 -5.427001 0.050766
v 4.361635 -5.345264 0.218227
v 4.742945 -5.674675 0.720227
v 4.449462 -5.555488 0.786564
v -1.458223 -2.349801 3.162750
v -0.818416 -3.228545 3.369746
v -0.784010 -2.349801 3.309113
v 2.032408 -3.228545 2.976472
v 2.477182 -2.349801 2.605246
v 1.923680 -2.349801 2.924961
v -3.615058 -3.228545 1.794557
v -4.179780 -4.542564 1.322970
v -3.942565 -4.542564 1.838656
v 2.929769 -2.349801 2.215393
v 3.451911 -3.228545 1.794557
v 3.262969 -2.349801 1.770798
v -0.081664 -5.794805 4.151355
v -0.517320 -4.481729 3.895507
v -0.550964 -5.794805 4.085396
v -1.421352 -4.481729 3.711131
v -0.550964 -5.794805 4.085396
v -1.547174 -5.794805 3.890185
v -5.197091 -3.333648 -0.147106
v -5.619061 -3.566313 0.166716
v -5.759149 -3.231391 -0.282062
v -0.081664 -5.794805 4.151355
v 0.353992 -4.481729 3.895507
v -0.081664 -4.481729 3.957664
v -0.818416 -3.228545 3.369746
v -1.458223 -2.349801 3.162750
v -1.529500 -3.228545 3.219964
v 4.295687 -0.448816 -0.125247
v 3.816671 -0.603353 -0.708600
v 4.820494 0.139672 -0.739013
v 1.366172 -3.228545 3.219964
v 1.923680 -2.349801 2.924961
v 1.295076 -2.349801 3.162750
v -3.942565 -4.542564 1.838656
v -3.262842 -3.228545 2.249797
v -3.615058 -3.228545 1.794557
v -3.262842 -3.228545 2.249797
v -3.942565 -4.542564 1.838656
v -3.557467 -4.542564 2.313855
v -3.031319 -4.542564 2.730318
v 3.262969 -2.349801 1.770798
v 3.451911 -3.228545 1.794557
v 3.668787 -3.228545 1.300352
v -3.043682 -4.481729 3.009356
v -2.474953 -5.794805 3.573132
v -2.282603 -4.481729 3.412135
v -3.315484 -5.794806 3.146404
v -3.663150 -4.481729 2.518760
v -3.315484 -5.794806 3.146404
v -3.043682 -4.481729 3.009356
v -3.997492 -5.794806 2.626537
v -3.663150 -4.481729 2.518760
v -4.495687 -5.794806 2.033297
v 2.861520 -7.983763 -4.985582
v 3.278377 -8.152165 -4.348054
v 2.862480 -7.820870 -4.454879
v 6.840086 -2.835452 1.894538
v 6.579106 -3.455881 1.503546
v 6.875253 -3.486099 1.489099
v 1.638373 4.952860 -2.505804
v 3.215638 7.077573 -2.153208
v 3.335388 4.823231 -2.196924
v 4.639147 -5.427001 0.050766
v 4.101035 -5.055969 -0.328251
v 4.332359 -5.086387 -0.592843
v 4.101035 -5.055969 -0.328251
v 4.639147 -5.427001 0.050766
v 4.361635 -5.345264 0.218227
v -2.282603 -4.481729 3.412135
v -1.547174 -5.794805 3.890185
v -1.421352 -4.481729 3.711131
v -2.474953 -5.794805 3.573132
v -2.992544 -5.902391 6.704505
v -2.953389 -5.850873 6.584184
v -1.886283 -6.465591 6.924046
v 0.655269 -3.228545 3.369746
v 1.295076 -2.349801 3.162750
v 0.620682 -2.349801 3.309113
v -2.783263 -3.228545 2.648965
v -2.385240 -4.542564 3.072273
v -2.195736 -3.228545 2.976472
v -2.385240 -4.542564 3.072273
v -3.031319 -4.542564 2.730318
v -0.784010 -2.349801 3.309113
v -0.081664 -3.228545 3.420308
v -0.081664 -2.349801 3.358532
v -6.564133 -1.337820 1.816606
v -6.265901 -0.833154 1.355094
v -6.670577 -1.091668 1.303202
v -4.116860 -4.481729 1.959167
v -4.802475 -5.788914 1.389498
v -4.495687 -5.794806 2.033297
v -2.350272 -7.156156 -3.182868
v -1.358993 -6.996109 -0.084190
v -2.587488 -7.593715 -3.114059
v -2.587488 -7.593715 -3.114059
v -1.691831 -7.415613 -0.019561
v 0.353992 -4.481729 3.895507
v -0.081664 -5.794805 4.151355
v 0.387636 -5.794805 4.085396
v 1.258024 -4.481729 3.711131
v 0.387636 -5.794805 4.085396
v 1.383846 -5.794805 3.890185
v 2.477182 -2.349801 2.605246
v 2.032408 -3.228545 2.976472
v 2.619936 -3.228545 2.648965
v -3.405596 4.823231 -2.196924
v -3.285828 7.077573 -2.153208
v -1.126908 4.953621 -2.558647
v -0.943676 7.220889 -2.453724
v -5.706126 1.260380 -0.839186
v -3.860068 -0.691542 -0.844698
v -4.995224 0.135484 -0.616033
v -4.179780 -4.542564 1.322970
v -3.615058 -3.228545 1.794557
v -3.831934 -3.228545 1.300352
v -0.081664 -3.228545 3.420308
v -0.784010 -2.349801 3.309113
v -0.818416 -3.228545 3.369746
v 4.820494 0.139672 -0.739013
v 3.816671 -0.603353 -0.708600
v 3.006938 -0.950057 -1.138562
v 3.839294 -5.547893 -6.073788
v 3.668425 -5.284828 -5.950236
v 4.407824 -5.238258 -5.807487
v 0.620682 -2.349801 3.309113
v -0.081664 -3.228545 3.420308
v 0.655269 -3.228545 3.369746
v -0.081664 -3.228545 3.420308
v 0.620682 -2.349801 3.309113
v -0.081664 -2.349801 3.358532
v 3.262969 -2.349801 1.770798
v 3.668787 -3.228545 1.300352
v 3.468262 -2.349801 1.288376
v -4.495687 -5.794806 2.033297
v -3.663150 -4.481729 2.518760
v -4.116860 -4.481729 1.959167
v 1.923680 -2.349801 2.924961
v 1.366172 -3.228545 3.219964
v 2.032408 -3.228545 2.976472
v 1.295076 -2.349801 3.162750
v 0.655269 -3.228545 3.369746
v 1.366172 -3.228545 3.219964
v -2.195736 -3.228545 2.976472
v -1.653818 -4.542564 3.326218
v -1.529500 -3.228545 3.219964
v -1.653818 -4.542564 3.326218
v -2.385240 -4.542564 3.072273
v 6.195711 -0.833154 1.355094
v 6.493943 -1.337820 1.816606
v 6.600388 -1.091668 1.303202
v -2.932670 -7.820870 -4.454879
v -3.348567 -8.152165 -4.348054
v -2.931727 -7.983763 -4.985582
v -6.148634 -1.092430 1.893018
v -6.265901 -0.833154 1.355094
v -6.564133 -1.337820 1.816606
v 3.335388 4.823231 -2.196924
v 5.058271 4.776662 -1.452193
v 4.340154 3.084577 -1.574794
v -4.906073 -5.674675 0.720227
v -4.524781 -5.345264 0.218227
v -4.612790 -5.555488 0.786564
v -4.524781 -5.345264 0.218227
v -4.906073 -5.674675 0.720227
v -4.802475 -5.427001 0.050766
v -5.563554 -6.202528 -5.553160
v -5.339463 -5.677141 -5.310998
v -5.306381 -5.753367 -5.624249
v -4.802475 -5.788914 1.389498
v -4.116860 -4.481729 1.959167
v -4.396095 -4.481729 1.351863
v 4.496031 11.430779 -2.465129
v 5.039654 9.823657 -3.382642
v 5.085643 9.916415 -3.472169
v 1.383846 -5.794805 3.890185
v 2.119456 -4.481729 3.412135
v 1.258024 -4.481729 3.711131
v 2.311625 -5.794805 3.573132
v -1.529500 -3.228545 3.219964
v -0.886267 -4.542564 3.482655
v -0.818416 -3.228545 3.369746
v -0.886267 -4.542564 3.482655
v -1.653818 -4.542564 3.326218
v 2.868172 -4.542564 2.730318
v 3.099695 -3.228545 2.249797
v 2.619936 -3.228545 2.648965
v 6.493943 -1.337820 1.816606
v 6.195711 -0.833154 1.355094
v 6.078427 -1.092430 1.893018
v -0.818416 -3.228545 3.369746
v -0.081664 -4.542564 3.535497
v -0.081664 -3.228545 3.420308
v -0.818416 -3.228545 3.369746
v -0.886267 -4.542564 3.482655
v -4.802475 -5.427001 0.050766
v -4.264363 -5.055969 -0.328251
v -4.524781 -5.345264 0.218227
v -4.264363 -5.055969 -0.328251
v -4.802475 -5.427001 0.050766
v -4.495687 -5.086387 -0.592843
v 10.924698 -3.390876 -0.885755
v 9.772248 -3.311605 -0.865796
v 9.774732 -3.299623 -0.960836
v 10.927181 -3.378694 -0.980794
v -3.962524 -5.855242 2.088611
v -3.363014 -2.408915 1.507346
v -4.625135 -6.813439 1.107039
v 2.311625 -5.794805 3.573132
v 2.880535 -4.481729 3.009356
v 2.119456 -4.481729 3.412135
v 3.152156 -5.794806 3.146404
v -10.995087 -3.390876 -0.885755
v -9.845102 -3.299623 -0.960836
v -9.843199 -3.311605 -0.865796
v -10.996990 -3.378694 -0.980794
v 2.221912 -4.542564 3.072273
v 2.619936 -3.228545 2.648965
v 2.032408 -3.228545 2.976472
v 2.221912 -4.542564 3.072273
v 2.868172 -4.542564 2.730318
v 1.490671 -4.542564 3.326218
v 2.032408 -3.228545 2.976472
v 1.366172 -3.228545 3.219964
v 1.490671 -4.542564 3.326218
v 2.221912 -4.542564 3.072273
v 0.655269 -3.228545 3.369746
v -0.081664 -4.542564 3.535497
v 0.722939 -4.542564 3.482655
v 0.655269 -3.228545 3.369746
v -0.081664 -3.228545 3.420308
v -5.177314 1.861793 0.506767
v -5.562412 3.019953 -0.290045
v -4.692804 1.946194 -0.681801
v -4.212664 0.964233 -0.071644
v 1.366172 -3.228545 3.219964
v 0.722939 -4.542564 3.482655
v 1.490671 -4.542564 3.326218
v 0.722939 -4.542564 3.482655
v 0.655269 -3.228545 3.369746
v -4.396095 -4.481729 1.351863
v -4.906073 -5.674675 0.720227
v -4.802475 -5.788914 1.389498
v -1.729082 7.785049 -2.640191
v 1.111083 9.013544 -2.460565
v 1.683800 7.741145 -2.555036
v 1.379296 6.227724 -2.534316
v 3.099695 -3.228545 2.249797
v 3.394320 -4.542564 2.313855
v 3.779238 -4.542564 1.838656
v 2.868172 -4.542564 2.730318
v 6.600388 -1.091668 1.303202
v 6.636135 -1.053456 0.727260
v 6.178218 -0.750094 1.029677
v 3.152156 -5.794806 3.146404
v 3.500003 -4.481729 2.518760
v 2.880535 -4.481729 3.009356
v 3.834164 -5.794806 2.626537
v 3.500003 -4.481729 2.518760
v 4.332359 -5.794806 2.033297
v 0.445608 4.541912 -2.632967
v -1.729082 7.785049 -2.640191
v 1.379296 6.227724 -2.534316
v 3.099695 -3.228545 2.249797
v 3.779238 -4.542564 1.838656
v 3.451911 -3.228545 1.794557
v 4.463329 -6.813819 0.462100
v 3.502668 -7.504945 -0.445530
v 3.950106 -6.925212 -0.514149
v 3.178205 -2.164086 0.222410
v 3.807553 -5.880149 -0.522132
v -3.905114 -3.228545 0.786564
v -3.631408 -2.349801 0.284945
v -3.831934 -3.228545 0.272779
v 3.451911 -3.228545 1.794557
v 3.779238 -4.542564 1.838656
v 4.016453 -4.542564 1.322970
v -6.263617 -0.825739 0.405075
v -6.608236 -1.254761 0.042783
v -6.706324 -1.053456 0.727260
v 5.492223 3.019953 -0.290045
v 5.107124 1.861793 0.506767
v 4.622615 1.946194 -0.681801
v 4.142475 0.964233 -0.071644
v 3.500003 -4.481729 2.518760
v 4.332359 -5.794806 2.033297
v 3.953532 -4.481729 1.959167
v 3.953532 -4.481729 1.959167
v 4.332359 -5.794806 2.033297
v 4.639147 -5.788914 1.389498
v 1.582106 6.946041 -2.429012
v -1.126908 4.953621 -2.558647
v -0.943676 7.220889 -2.453724
v -2.811397 11.941337 1.904421
v -2.667121 12.893062 1.370678
v -2.995970 12.061848 2.023792
v -3.271960 1.888404 3.893986
v -4.552716 3.065943 3.601453
v -4.700780 1.889347 2.169204
v -3.044625 0.962710 2.906713
v 3.451911 -3.228545 1.794557
v 4.016453 -4.542564 1.322970
v 3.668787 -3.228545 1.300352
v -3.331074 -6.841772 2.785063
v -2.933812 -2.418232 2.128527
v -3.962524 -5.855242 2.088611
v -3.905114 -3.228545 0.786564
v -4.179780 -4.499041 0.250351
v -4.259813 -4.542564 0.786564
v -3.831934 -3.228545 1.300352
v -4.179780 -4.542564 1.322970
v 7.435028 -2.142623 1.474272
v 7.549266 -1.958612 0.964480
v 7.278225 -1.812831 1.070353
v 5.506489 -3.668189 0.436819
v 5.126901 -3.333648 -0.147106
v 5.610468 -3.418810 -0.076017
v -5.098622 1.812178 -1.440979
v -3.860068 -0.691542 -0.844698
v -5.706126 1.260380 -0.839186
v 3.953532 -4.481729 1.959167
v 4.639147 -5.788914 1.389498
v 4.232767 -4.481729 1.351863
v 4.482526 3.065943 3.601453
v 3.201771 1.888404 3.893986
v 4.630591 1.889347 2.169204
v 2.974435 0.962710 2.906713
v 3.668425 -5.284828 -5.950236
v 3.305550 -5.767995 -6.131381
v 3.032606 -5.650729 -6.046037
v 3.293586 -5.876161 2.563240
v 1.538962 -2.422419 2.958035
v 2.478324 -6.852974 3.150206
v -3.405596 4.823231 -2.196924
v -4.585599 3.052455 -1.420831
v -5.128460 4.776662 -1.452193
v 5.126901 -3.333648 -0.147106
v 5.506489 -3.668189 0.436819
v 5.008294 -3.603384 0.416670
v -5.380703 -2.895327 -0.544182
v -5.759149 -3.231391 -0.282062
v -5.954562 -2.766840 -0.555018
v 3.293586 -5.876161 2.563240
v 2.961891 -2.161820 1.795128
v 2.584207 -2.416709 2.340846
v -7.429770 -2.326416 1.667205
v -7.378434 -2.688910 1.775740
v -7.203377 -2.148695 1.686592
v 4.232767 -4.481729 1.351863
v 4.639147 -5.788914 1.389498
v 4.742945 -5.674675 0.720227
v -0.457264 -7.676394 -1.617372
v -0.081102 -6.879205 -2.079646
v 1.074593 -7.504764 -1.684280
v -0.457264 -7.676394 -1.617372
v -0.988342 -6.861531 -2.023571
v -0.417148 -2.404165 -1.666033
v -2.935715 3.587142 5.114488
v -3.271960 1.888404 3.893986
v -0.756438 2.032862 4.753907
v -1.092321 0.971085 3.792675
v 1.386692 1.962528 4.576562
v 3.201771 1.888404 3.893986
v 2.865526 3.587142 5.114488
v 1.519185 0.955496 3.618371
v 6.193427 -0.825739 0.405075
v 6.636135 -1.053456 0.727260
v 6.557063 -1.192022 0.172229
v -6.670577 -1.091668 1.303202
v -6.265901 -0.833154 1.355094
v -6.248425 -0.750094 1.029677
v 2.646547 -7.172887 -6.029500
v 2.627350 -7.535744 -5.708265
v 2.436885 -6.945733 -5.781826
v 3.468262 -2.349801 0.284945
v 3.741986 -3.228545 0.786564
v 3.668787 -3.228545 0.272779
v -4.906073 -5.674675 0.720227
v -4.396095 -4.481729 1.351863
v -4.490376 -4.481729 0.720227
v 7.143448 6.054191 0.223739
v 6.337141 5.729909 0.129078
v 6.336380 5.730870 0.224879
v 7.144209 6.053230 0.127938
v 3.950106 -6.925212 -0.514149
v 3.807553 -5.880149 -0.522132
v 4.463329 -6.813819 0.462100
v 3.209566 -6.830932 -1.205089
v 3.950106 -6.925212 -0.514149
v -5.098622 1.812178 -1.440979
v -3.122754 -0.911464 -1.096744
v -3.860068 -0.691542 -0.844698
v 6.600388 -1.091668 1.303202
v 6.178218 -0.750094 1.029677
v 6.195711 -0.833154 1.355094
v -7.213637 6.054191 0.223739
v -6.406569 5.730870 0.224879
v -6.407331 5.729909 0.129078
v -7.214399 6.053230 0.127938
v 3.296233 -2.256282 1.028916
v 4.314304 -6.811535 1.599726
v 4.463329 -6.813819 0.462100
v -3.452908 -2.256662 0.540222
v -4.476309 -6.810974 -0.030397
v -4.625135 -6.813439 1.107039
v -4.625135 -6.813439 1.107039
v -3.363014 -2.408915 1.507346
v -3.452908 -2.256662 0.540222
v -6.623826 12.535716 1.147144
v -6.739007 12.866451 0.583559
v -6.694541 12.706785 0.347291
v 7.973157 5.699111 0.051907
v 7.047083 5.386631 0.166715
v 7.068564 5.386631 0.260044
v 7.951677 5.699111 -0.041422
v 3.741986 -3.228545 0.786564
v 4.096467 -4.542564 0.786564
v 4.016453 -4.499041 0.250351
v 3.668787 -3.228545 1.300352
v 4.016453 -4.542564 1.322970
v -1.729082 7.785049 -2.640191
v 0.445608 4.541912 -2.632967
v -1.647926 4.676490 -2.604265
v -2.011924 3.001698 -2.541539
v -3.426297 -2.349801 -0.197668
v -3.831934 -3.228545 0.272779
v -3.631408 -2.349801 0.284945
v -7.117272 5.386631 0.166715
v -8.021866 5.699111 -0.041422
v -8.043347 5.699111 0.051907
v -7.138753 5.386631 0.260044
v 3.296233 -2.256282 1.028916
v 2.961891 -2.161820 1.795128
v 4.314304 -6.811535 1.599726
v -4.490376 -4.481729 0.720227
v -4.802475 -5.427001 0.050766
v -4.906073 -5.674675 0.720227
v 6.579106 -3.455881 1.503546
v 6.500596 -3.644243 0.769268
v 6.927134 -3.664781 0.993183
v -3.716752 -5.287855 -5.952328
v -3.892770 -5.472047 -6.044517
v -4.320812 -5.226276 -5.839609
v 1.386692 1.962528 4.576562
v -0.035095 3.962941 5.830897
v -0.756438 2.032862 4.753907
v 1.519185 0.955496 3.618371
v -6.295557 -3.127611 2.045082
v -6.867132 -3.028581 2.158750
v -6.690734 -3.448467 1.921340
v -0.139454 -5.942489 3.253990
v 0.118680 -6.266770 3.814913
v 0.049307 -7.062636 4.760180
v -6.059665 7.363079 -4.063888
v -6.254498 7.438544 -4.061226
v -6.715641 7.533386 -3.851569
v 3.293586 -5.876161 2.563240
v 2.478324 -6.852974 3.150206
v 3.480045 -6.926536 2.544612
v 1.538962 -2.422419 2.958035
v 2.584207 -2.416709 2.340846
v 1.681516 -1.333071 2.390456
v -6.731793 -2.100041 2.134611
v -7.304691 -1.999869 1.975133
v -7.065954 -2.559263 2.200567
v 0.715144 -1.333071 2.765673
v 0.248128 -2.404926 3.235361
v 1.538962 -2.422419 2.958035
v 0.819304 -6.863615 3.592140
v 0.248128 -2.404926 3.235361
v -0.344729 -1.292393 2.819466
v -1.052785 -2.419755 3.144312
v -0.080903 -6.879023 3.648594
v 4.232767 -4.481729 1.351863
v 4.742945 -5.674675 0.720227
v 4.327048 -4.481729 0.720227
v 6.492620 -3.754494 1.523885
v 6.620545 -3.448467 1.921340
v 6.075019 -3.488184 1.707121
v 6.078246 -1.092430 -0.147487
v 6.557063 -1.192022 0.172229
v 6.413929 -1.523717 -0.278070
v 5.610468 -3.418810 -0.076017
v 5.310695 -2.895327 -0.544182
v 5.781337 -3.011089 -0.443820
v 6.964023 -3.629614 0.602378
v 6.631947 -3.329859 0.090304
v 7.029209 -3.477543 0.295590
v 5.310695 -2.895327 -0.544182
v 5.610468 -3.418810 -0.076017
v 5.126901 -3.333648 -0.147106
v -6.111183 -3.569920 1.598205
v -6.690734 -3.448467 1.921340
v -6.562809 -3.754494 1.523885
v -7.306015 -1.910520 0.357935
v -7.606150 -2.155928 0.349952
v -7.572886 -1.985041 0.594964
v 6.424008 -3.921375 0.874192
v 6.492620 -3.754494 1.523885
v 5.962103 -3.764373 1.006488
v -6.485641 -2.678070 2.205319
v -7.065954 -2.559263 2.200567
v -6.867132 -3.028581 2.158750
v -1.126908 4.953621 -2.558647
v 1.582106 6.946041 -2.429012
v 1.638373 4.952860 -2.505804
v -0.819359 3.202423 -2.383584
v 7.235826 -1.910520 0.357935
v 7.596035 -2.145088 0.453546
v 7.512014 -2.343529 0.183443
v 5.890446 -1.529228 -0.544373
v 6.413929 -1.523717 -0.278070
v 6.216050 -1.985803 -0.553117
v 3.668787 -3.228545 0.272779
v 3.262969 -2.349801 -0.197668
v 3.468262 -2.349801 0.284945
v -3.831934 -3.228545 0.272779
v -3.942565 -4.387648 -0.265335
v -4.179780 -4.499041 0.250351
v 4.327048 -4.481729 0.720227
v 4.742945 -5.674675 0.720227
v 4.639147 -5.427001 0.050766
v -5.197091 -3.333648 -0.147106
v -5.078483 -3.603384 0.416670
v -5.619061 -3.566313 0.166716
v -3.631408 -2.349801 0.284945
v -3.905114 -3.228545 0.786564
v -3.700782 -2.349801 0.786564
v -4.179780 -4.499041 0.250351
v -3.831934 -3.228545 0.272779
v -3.200103 -1.576740 0.335126
v -3.631408 -2.349801 0.284945
v 3.784168 0.114765 -1.134379
v 5.279716 2.132091 -1.524234
v 4.820494 0.139672 -0.739013
v 3.006938 -0.950057 -1.138562
v 5.781337 -3.011089 -0.443820
v 5.446995 -2.461756 -0.705369
v 5.993845 -2.507945 -0.611281
v 1.638373 4.952860 -2.505804
v 3.335388 4.823231 -2.196924
v 2.088857 3.210979 -2.265164
v -3.615058 -3.228545 -0.221238
v -3.093097 -2.349801 -0.642263
v -3.262842 -3.228545 -0.676669
v -3.942565 -4.387648 -0.265335
v -3.831934 -3.228545 0.272779
v -3.615058 -3.228545 -0.221238
v 5.107124 1.861793 0.506767
v 4.202349 0.894479 1.145244
v 4.142475 0.964233 -0.071644
v -6.175989 -2.244118 -0.610710
v -5.517184 -2.461756 -0.705369
v -5.954562 -2.766840 -0.555018
v -3.831934 -3.228545 0.272779
v -3.426297 -2.349801 -0.197668
v -3.615058 -3.228545 -0.221238
v -3.557467 -4.257257 -0.740534
v -3.942565 -4.387648 -0.265335
v -6.950192 -2.741371 -0.150527
v -7.277319 -2.916808 -0.044464
v -7.414362 -2.595391 -0.007017
v 7.235826 -1.910520 0.357935
v 7.549266 -1.958612 0.964480
v 7.596035 -2.145088 0.453546
v -3.543781 1.990280 -1.557688
v -4.585599 3.052455 -1.420831
v -2.595663 2.377663 -2.033077
v 6.880002 -2.741371 -0.150527
v 7.344173 -2.595391 -0.007017
v 7.207130 -2.916808 -0.044464
v -4.692804 1.946194 -0.681801
v -4.585599 3.052455 -1.420831
v -3.543781 1.990280 -1.557688
v 3.668787 -3.228545 0.272779
v 4.016453 -4.499041 0.250351
v 3.779238 -4.387648 -0.265335
v 5.446995 -2.461756 -0.705369
v 5.781337 -3.011089 -0.443820
v 5.310695 -2.895327 -0.544182
v 7.067422 -2.302090 -0.031537
v 7.512014 -2.343529 0.183443
v 7.344173 -2.595391 -0.007017
v 4.503047 10.672745 -1.702719
v 4.062641 12.012995 -1.794906
v 5.207115 11.625051 -2.042010
v 4.062641 12.012995 -1.794906
v 5.458198 12.218287 -1.702719
v 3.741986 -3.228545 0.786564
v 3.468262 -2.349801 0.284945
v 3.537454 -2.349801 0.786564
v 3.036975 -1.576740 0.335126
v 3.468262 -2.349801 0.284945
v 4.016453 -4.499041 0.250351
v 3.668787 -3.228545 0.272779
v -6.649295 -3.455881 1.503546
v -6.959691 -3.664781 1.025875
v -6.570786 -3.644243 0.769268
v 6.500596 -3.644243 0.769268
v 6.631947 -3.329859 0.090304
v 6.964023 -3.629614 0.602378
v -3.452908 -2.256662 0.540222
v -3.119708 -2.162581 -0.224279
v -4.476309 -6.810974 -0.030397
v -3.410146 12.444481 1.008386
v -3.466794 12.695383 0.868488
v -3.619807 12.702978 0.200359
v -7.137611 -2.302090 -0.031537
v -7.414362 -2.595391 -0.007017
v -7.540003 -2.350000 0.150560
v -4.625135 -6.813439 1.107039
v -4.476309 -6.810974 -0.030397
v -4.579526 -6.923309 0.507720
v 2.436885 -6.945733 -5.781826
v 2.595790 -6.620129 -6.076070
v 2.646547 -7.172887 -6.029500
v -3.047851 -6.369988 0.668145
v -3.713127 -7.122692 0.369720
v -2.876783 -6.844799 0.635262
v 3.335388 4.823231 -2.196924
v 4.340154 3.084577 -1.574794
v 2.088857 3.210979 -2.265164
v 3.212792 1.974890 -1.686370
v 2.929769 -2.349801 -0.642263
v 3.451911 -3.228545 -0.221238
v 3.099695 -3.228545 -0.676669
v -4.802475 -5.427001 0.050766
v -4.490376 -4.481729 0.720227
v -4.396095 -4.430410 0.088593
v -5.517184 -2.461756 -0.705369
v -6.175989 -2.244118 -0.610710
v -5.729873 -2.069823 -0.725898
v 4.463329 -6.813819 0.462100
v 4.314304 -6.811535 1.599726
v 4.417902 -6.923309 1.061421
v 4.879788 11.671239 2.020751
v 5.427979 12.227786 1.440248
v 5.563899 12.300006 1.110269
v -4.714467 11.147937 2.434174
v -3.664672 11.148317 2.378480
v -4.706491 11.706768 2.421440
v 5.622632 -2.046439 -0.731030
v 6.216050 -1.985803 -0.553117
v 5.993845 -2.507945 -0.611281
v 5.622632 -2.046439 -0.731030
v 5.446995 -2.461756 -0.705369
v 7.323834 -2.401500 1.710921
v 6.840086 -2.835452 1.894538
v 7.308244 -2.688910 1.775740
v 1.538962 -2.422419 2.958035
v 1.677909 -6.862854 3.423730
v 2.478324 -6.852974 3.150206
v 1.816855 -7.504945 3.063149
v 1.681516 -1.333071 2.390456
v 0.715144 -1.333071 2.765673
v 0.489331 -0.468394 2.181180
v -6.799263 12.739106 -0.432607
v -6.871302 12.222076 -1.649685
v -6.798502 11.934104 -1.717736
v -6.926807 10.662485 -3.052284
v -6.798502 11.934104 -1.717736
v 3.262969 -2.349801 -0.197668
v 3.668787 -3.228545 0.272779
v 3.451911 -3.228545 -0.221238
v 3.779238 -4.387648 -0.265335
v 3.394320 -4.257257 -0.740534
v -3.093097 -2.349801 -0.642263
v -3.615058 -3.228545 -0.221238
v -3.426297 -2.349801 -0.197668
v -3.262842 -3.228545 -0.676669
v -2.788774 -3.228545 -1.075644
v 3.668787 -3.228545 0.272779
v 3.779238 -4.387648 -0.265335
v 3.451911 -3.228545 -0.221238
v -3.713127 -7.122692 0.369720
v -3.047851 -6.369988 0.668145
v -3.920885 -6.461042 0.411919
v 2.874444 -7.563878 -4.551630
v 2.603403 -7.603414 -3.424078
v 2.380056 -7.166416 -3.492697
v -1.847309 -1.576740 2.711121
v -1.458223 -2.349801 3.162750
v -1.297215 -1.576740 2.924961
v -2.086809 -2.349801 2.924961
v -1.297215 -1.576740 2.924961
v -0.784010 -2.349801 3.309113
v -0.704558 -1.576740 3.056686
v -1.458223 -2.349801 3.162750
v 2.977662 -6.369988 0.668145
v 2.806593 -6.844799 0.635262
v 3.706057 -6.981861 0.383787
v -0.290564 -6.978996 4.806178
v -0.139454 -5.942489 3.253990
v 0.049307 -7.062636 4.760180
v -0.419251 -6.550174 4.788882
v -0.139454 -5.942489 3.253990
v -7.378434 -2.688910 1.775740
v -6.910275 -2.835452 1.894538
v -7.203377 -2.148695 1.686592
v -5.380703 -2.895327 -0.544182
v -5.197091 -3.333648 -0.147106
v -5.759149 -3.231391 -0.282062
v -6.248425 -0.750094 1.029677
v -6.263617 -0.825739 0.405075
v -6.706324 -1.053456 0.727260
v -0.704558 -1.576740 3.056686
v -0.081664 -2.349801 3.358532
v -0.081664 -1.576740 3.101164
v -0.784010 -2.349801 3.309113
v 0.118680 -6.266770 3.814913
v 0.304196 -6.915895 4.972878
v 0.049307 -7.062636 4.760180
v 0.541230 -1.576740 3.056686
v -0.081664 -2.349801 3.358532
v 0.620682 -2.349801 3.309113
v -0.081664 -1.576740 3.101164
v -2.640329 -2.349801 2.605246
v -2.727576 -1.576740 2.072454
v -3.093097 -2.349801 2.215393
v -2.331075 -1.576740 2.423339
v -2.086809 -2.349801 2.924961
v -1.847309 -1.576740 2.711121
v -2.640329 -2.349801 2.605246
v 2.330640 -7.531176 -3.506574
v 2.337674 -7.686092 -3.119001
v 2.078978 -7.176676 -3.195603
v 0.620682 -2.349801 3.309113
v 1.133887 -1.576740 2.924961
v 0.541230 -1.576740 3.056686
v 1.295076 -2.349801 3.162750
v -4.802475 -5.427001 0.050766
v -4.396095 -4.430410 0.088593
v -4.495687 -5.086387 -0.592843
v 6.178218 -0.750094 1.029677
v 6.636135 -1.053456 0.727260
v 6.193427 -0.825739 0.405075
v -0.419251 -6.550174 4.788882
v -0.290564 -6.978996 4.806178
v -0.085271 -7.811932 6.055002
v -2.507074 -6.945733 -5.781826
v -2.698500 -7.196073 -6.002128
v -2.649266 -6.604920 -6.056111
v 1.295076 -2.349801 3.162750
v 1.683982 -1.576740 2.711121
v 1.133887 -1.576740 2.924961
v 1.923680 -2.349801 2.924961
v -6.989927 -3.354567 1.609800
v -6.649295 -3.455881 1.503546
v -6.910275 -2.835452 1.894538
v 6.620545 -3.448467 1.921340
v 6.796943 -3.028581 2.158750
v 6.265284 -3.032370 2.109140
v 6.995764 -2.559263 2.200567
v 6.516186 -2.440855 2.210071
v 7.186791 -2.111625 2.040521
v 6.710076 -1.986745 2.066941
v 6.265284 -3.032370 2.109140
v 6.796943 -3.028581 2.158750
v 4.630591 1.889347 2.169204
v 2.974435 0.962710 2.906713
v 4.202349 0.894479 1.145244
v 3.121938 0.188525 1.103617
v -6.148435 -1.092430 -0.147487
v -5.960635 -1.529228 -0.544373
v -6.390218 -1.742497 -0.440779
v -5.729873 -2.069823 -0.725898
v -6.390218 -1.742497 -0.440779
v -5.960635 -1.529228 -0.544373
v -6.175989 -2.244118 -0.610710
v -2.943129 -7.561793 -4.551820
v -2.449683 -7.163189 -3.492887
v -2.672251 -7.601329 -3.424459
v -4.272539 0.894479 1.145244
v -5.177314 1.861793 0.506767
v -4.212664 0.964233 -0.071644
v -3.301236 0.225016 0.843398
v -4.212664 0.964233 -0.071644
v 3.178205 -2.164086 0.222410
v 3.807553 -5.880149 -0.522132
v 2.949147 -2.408534 -0.375582
v 6.840086 -2.835452 1.894538
v 7.323834 -2.401500 1.710921
v 7.133188 -2.148695 1.686592
v 4.340154 3.084577 -1.574794
v 4.622615 1.946194 -0.681801
v 3.212792 1.974890 -1.686370
v 3.212792 1.974890 -1.686370
v 3.218303 0.991424 -1.033258
v -6.032293 -3.764373 0.739046
v -6.494197 -3.921375 0.874192
v -6.581825 -3.701833 0.109501
v -3.020098 -1.576740 1.672337
v -3.631408 -2.349801 1.288376
v -3.426297 -2.349801 1.770798
v -2.727576 -1.576740 2.072454
v -3.093097 -2.349801 2.215393
v -3.426297 -2.349801 1.770798
v -3.020098 -1.576740 1.672337
v -2.400250 -7.530414 -3.506762
v -2.148968 -7.175734 -3.195603
v -2.407283 -7.685530 -3.119001
v 3.451911 -3.228545 -0.221238
v 2.929769 -2.349801 -0.642263
v 3.262969 -2.349801 -0.197668
v 3.099695 -3.228545 -0.676669
v 2.625646 -3.228545 -1.075644
v -4.476309 -6.810974 -0.030397
v -2.732507 -2.407972 -0.772658
v -3.684431 -6.846703 -0.988779
v -2.732507 -2.407972 -0.772658
v -4.476309 -6.810974 -0.030397
v -3.119708 -2.162581 -0.224279
v -4.272539 0.894479 1.145244
v -3.044625 0.962710 2.906713
v -4.700780 1.889347 2.169204
v -3.044625 0.962710 2.906713
v -2.454813 0.211710 1.981214
v 4.327048 -4.481729 0.720227
v 4.639147 -5.427001 0.050766
v 4.232767 -4.430410 0.088593
v -5.517184 -2.461756 -0.705369
v -5.380703 -2.895327 -0.544182
v -5.954562 -2.766840 -0.555018
v -3.288492 0.991424 -1.033258
v -4.692804 1.946194 -0.681801
v -3.543781 1.990280 -1.557688
v 3.850696 -6.461042 0.411919
v 2.977662 -6.369988 0.668145
v 3.706057 -6.981861 0.383787
v 2.564430 -1.576740 2.072454
v 2.477182 -2.349801 2.605246
v 2.929769 -2.349801 2.215393
v 2.167929 -1.576740 2.423339
v 1.923680 -2.349801 2.924961
v 1.683982 -1.576740 2.711121
v 2.477182 -2.349801 2.605246
v -1.705517 -2.423562 -1.390607
v -1.867467 -6.854878 -1.852500
v -2.673973 -6.844038 -1.575173
v -1.978842 -7.504764 -1.494010
v -1.867467 -6.854878 -1.852500
v -2.693732 -0.899300 1.170715
v -3.260939 -1.576740 0.786564
v -3.200103 -1.576740 1.238195
v -2.163234 -0.343315 0.786564
v -2.123498 -0.343315 1.088412
v -3.200103 -1.576740 0.335126
v -3.700782 -2.349801 0.786564
v -3.700782 -2.349801 0.786564
v -3.200103 -1.576740 1.238195
v -3.905114 -3.228545 0.786564
v -3.631408 -2.349801 1.288376
v -4.259813 -4.542564 0.786564
v -3.831934 -3.228545 1.300352
v -2.933812 -2.418232 2.128527
v -2.224994 -1.331730 2.105908
v -2.778895 -1.402064 1.448992
v -3.962524 -5.855242 2.088611
v -3.363014 -2.408915 1.507346
v -2.778895 -1.402064 1.448992
v -2.224994 -1.331730 2.105908
v -2.308072 -0.719495 1.049445
v -6.950192 -2.741371 -0.150527
v -7.145587 -3.227204 0.057419
v -7.277319 -2.916808 -0.044464
v -3.631408 -2.349801 1.288376
v -3.905114 -3.228545 0.786564
v -3.831934 -3.228545 1.300352
v -3.700782 -2.349801 0.786564
v -3.020098 -1.576740 1.672337
v -2.543384 -0.899300 1.539851
v -3.020098 -1.576740 1.672337
v -2.298374 -0.899300 1.880283
v -2.543384 -0.899300 1.539851
v -2.044989 -2.201156 2.766054
v -2.224994 -1.331730 2.105908
v -2.933812 -2.418232 2.128527
v 4.232767 -4.430410 0.088593
v 4.639147 -5.427001 0.050766
v 4.332359 -5.086387 -0.592843
v -7.348415 -1.812831 1.070353
v -7.572886 -1.985041 0.594964
v -7.686944 -2.034276 0.903085
v 7.134130 -3.231772 0.077948
v 6.880002 -2.741371 -0.150527
v 7.207130 -2.916808 -0.044464
v 2.856970 -1.576740 1.672337
v 3.262969 -2.349801 1.770798
v 3.468262 -2.349801 1.288376
v 2.564430 -1.576740 2.072454
v 2.929769 -2.349801 2.215393
v 2.856970 -1.576740 1.672337
v 6.602672 4.959894 0.499355
v 7.130523 7.835607 0.671375
v 6.107522 9.981421 1.320118
v -4.212664 0.964233 -0.071644
v -4.692804 1.946194 -0.681801
v -3.288492 0.991424 -1.033258
v 0.826156 -6.861730 -2.023571
v 0.927090 -2.421658 -1.573653
v 1.705281 -6.855258 -1.852690
v 1.074593 -7.504764 -1.684280
v -2.788774 -3.228545 -1.075644
v -2.644516 -2.349801 -1.031927
v -2.211126 -3.228545 -1.403152
v -3.557467 -4.257257 -0.740534
v -3.615058 -3.228545 -0.221238
v -3.262842 -3.228545 -0.676669
v -3.039114 -4.170953 -1.157190
v 4.622615 1.946194 -0.681801
v 4.142475 0.964233 -0.071644
v 3.218303 0.991424 -1.033258
v -0.988342 -6.861531 -2.023571
v -1.978842 -7.504764 -1.494010
v -1.867467 -6.854878 -1.852500
v -1.867467 -6.854878 -1.852500
v -1.705517 -2.423562 -1.390607
v -2.788774 -3.228545 -1.075644
v -3.093097 -2.349801 -0.642263
v -2.644516 -2.349801 -1.031927
v -2.407482 -4.181031 -1.498953
v -2.211126 -3.228545 -1.403152
v 6.193427 -0.825739 0.405075
v 6.557063 -1.192022 0.172229
v 6.078246 -1.092430 -0.147487
v -6.263617 -0.825739 0.405075
v -6.148435 -1.092430 -0.147487
v -6.608236 -1.254761 0.042783
v 3.178205 -2.164086 0.222410
v 2.169252 -0.748571 0.447842
v 3.296233 -2.256282 1.028916
v 4.463329 -6.813819 0.462100
v -0.081102 -6.879205 -2.079646
v 0.927090 -2.421658 -1.573653
v 0.826156 -6.861730 -2.023571
v 1.074593 -7.504764 -1.684280
v 0.826156 -6.861730 -2.023571
v 3.468262 -2.349801 1.288376
v 3.668787 -3.228545 1.300352
v 3.741986 -3.228545 0.786564
v 3.036975 -1.576740 1.238195
v 3.537454 -2.349801 0.786564
v 2.856970 -1.576740 1.672337
v 3.036975 -1.576740 1.238195
v 2.380056 -0.899300 1.539851
v 2.856970 -1.576740 1.672337
v 2.135046 -0.899300 1.880283
v 2.380056 -0.899300 1.539851
v 2.530604 -0.899300 1.170715
v 3.097792 -1.576740 0.786564
v 1.999906 -0.343315 0.786564
v 1.960352 -0.343315 1.088412
v 3.537454 -2.349801 0.786564
v 3.036975 -1.576740 0.335126
v 3.036975 -1.576740 1.238195
v 3.537454 -2.349801 0.786564
v 3.468262 -2.349801 1.288376
v 3.741986 -3.228545 0.786564
v 3.668787 -3.228545 1.300352
v 4.096467 -4.542564 0.786564
v 2.481170 -2.349801 -1.031927
v 2.625646 -3.228545 -1.075644
v 2.047798 -3.228545 -1.403152
v -1.551742 -3.228545 -1.646643
v -2.097830 -2.349801 -1.351831
v -1.473994 -2.349801 -1.589431
v -4.585599 3.052455 -1.420831
v -3.405596 4.823231 -2.196924
v -2.595663 2.377663 -2.033077
v -1.173478 0.999599 -1.646644
v -3.288492 0.991424 -1.033258
v -1.126908 4.953621 -2.558647
v -3.405596 4.823231 -2.196924
v -2.595663 2.377663 -2.033077
v -0.819359 3.202423 -2.383584
v -0.819359 3.202423 -2.383584
v 0.718570 2.047127 -2.106067
v -2.211126 -3.228545 -1.403152
v -2.097830 -2.349801 -1.351831
v -1.551742 -3.228545 -1.646643
v 4.804523 12.218287 0.337407
v 5.872391 12.218287 -0.445151
v 5.227635 12.765718 -0.478036
v 5.207115 11.625051 0.464190
v 4.795405 10.896092 0.337407
v 5.869545 10.896274 -0.436597
v 5.024826 10.218454 -0.625537
v -3.860249 -5.926918 0.398994
v -4.766184 -6.406297 -2.753287
v -3.920885 -6.461042 0.411919
v -4.544159 -5.961505 -2.819434
v -3.039114 -4.170953 -1.157190
v -3.262842 -3.228545 -0.676669
v -2.788774 -3.228545 -1.075644
v 3.451911 -3.228545 -0.221238
v 3.394320 -4.257257 -0.740534
v 3.099695 -3.228545 -0.676669
v 2.875967 -4.170953 -1.157190
v -2.732507 -2.407972 -0.772658
v -2.673973 -6.844038 -1.575173
v -3.684431 -6.846703 -0.988779
v -2.989880 -7.646937 -0.854392
v -2.732507 -2.407972 -0.772658
v -1.705517 -2.423562 -1.390607
v -2.130913 -1.263879 -0.558437
v 2.625646 -3.228545 -1.075644
v 2.481170 -2.349801 -1.031927
v 2.929769 -2.349801 -0.642263
v 2.244154 -4.181031 -1.498953
v 2.047798 -3.228545 -1.403152
v -6.562809 -3.754494 1.523885
v -6.494197 -3.921375 0.874192
v -6.111183 -3.569920 1.598205
v 1.388595 -3.228545 -1.646643
v 1.310666 -2.349801 -1.589431
v 1.934502 -2.349801 -1.351831
v 6.584054 7.507917 -3.854038
v 6.603433 7.603902 -3.997739
v 6.178599 7.440629 -4.060655
v 6.128422 7.371436 -3.952880
v 3.523188 -2.220734 1.681079
v 2.405144 -1.642705 1.790757
v 2.280826 -1.938472 1.522362
v 3.209566 -6.830932 -1.205089
v 2.109957 -2.425266 -1.124304
v 2.949147 -2.408534 -0.375582
v 6.631947 -3.329859 0.090304
v 6.880002 -2.741371 -0.150527
v 7.134130 -3.231772 0.077948
v 5.890446 -1.529228 -0.544373
v 6.216050 -1.985803 -0.553117
v 5.622632 -2.046439 -0.731030
v 6.078246 -1.092430 -0.147487
v 6.413929 -1.523717 -0.278070
v 5.890446 -1.529228 -0.544373
v -2.011924 3.001698 -2.541539
v -1.638989 4.682961 -2.472161
v -1.647926 4.676490 -2.604265
v -1.730986 7.736196 -2.508085
v 3.201771 1.888404 3.893986
v 1.519185 0.955496 3.618371
v 2.974435 0.962710 2.906713
v 1.659093 0.225976 2.387606
v -7.348415 -1.812831 1.070353
v -7.623262 -2.107836 1.299019
v -7.203377 -2.148695 1.686592
v -0.608374 -0.899300 2.717203
v -0.081664 -1.576740 3.101164
v -0.081664 -0.899300 2.755030
v 2.047798 -3.228545 -1.403152
v 1.388595 -3.228545 -1.646643
v 1.934502 -2.349801 -1.351831
v 3.666521 -1.880120 1.882184
v 2.269043 -1.276423 1.877242
v 2.405144 -1.642705 1.790757
v -0.081664 -1.576740 3.101164
v 0.445227 -0.899300 2.717203
v -0.081664 -0.899300 2.755030
v -0.081664 -1.576740 3.101164
v -0.608374 -0.899300 2.717203
v -0.704558 -1.576740 3.056686
v -1.105047 -0.899300 2.605246
v -0.704558 -1.576740 3.056686
v -1.105047 -0.899300 2.605246
v -1.297215 -1.576740 2.924961
v -1.564087 -0.899300 2.423339
v -1.297215 -1.576740 2.924961
v 6.424008 -3.921375 0.874192
v 6.040994 -3.569920 0.147138
v 6.511636 -3.701833 0.109501
v 4.695995 -6.406297 -2.753287
v 3.790060 -5.926918 0.398994
v 3.850696 -6.461042 0.411919
v 4.473970 -5.961505 -2.819434
v 0.118680 -6.266770 3.814913
v 0.122668 -5.977094 3.235552
v 0.265421 -5.994206 4.042058
v 0.445227 -0.899300 2.717203
v -0.081664 -1.576740 3.101164
v 0.541230 -1.576740 3.056686
v 0.541230 -1.576740 3.056686
v 0.941719 -0.899300 2.605246
v 1.133887 -1.576740 2.924961
v 1.400958 -0.899300 2.423339
v 0.941719 -0.899300 2.605246
v 1.133887 -1.576740 2.924961
v -1.092321 0.971085 3.792675
v -3.271960 1.888404 3.893986
v -3.044625 0.962710 2.906713
v -2.454813 0.211710 1.981214
v 6.620545 -3.448467 1.921340
v 6.265284 -3.032370 2.109140
v 6.075019 -3.488184 1.707121
v -7.137611 -2.302090 -0.031537
v -7.606150 -2.155928 0.349952
v -7.306015 -1.910520 0.357935
v -1.052785 -2.419755 3.144312
v -0.344729 -1.292393 2.819466
v -2.044989 -2.201156 2.766054
v -0.976179 -0.728413 2.335143
v -2.044989 -2.201156 2.766054
v -6.295557 -3.127611 2.045082
v -6.690734 -3.448467 1.921340
v -6.111183 -3.569920 1.598205
v 3.391855 -2.587016 0.941481
v 3.420551 -2.466324 1.350911
v 2.205380 -2.119239 1.149046
v 7.340566 -1.753337 1.702748
v 7.457651 -1.480755 1.006107
v 6.968573 -1.386855 1.284954
v 2.875967 -4.170953 -1.157190
v 2.625646 -3.228545 -1.075644
v 3.099695 -3.228545 -0.676669
v -3.363014 -2.408915 1.507346
v -2.778895 -1.402064 1.448992
v -3.452908 -2.256662 0.540222
v 3.420551 -2.466324 1.350911
v 2.280826 -1.938472 1.522362
v 2.205380 -2.119239 1.149046
v -2.298374 -0.899300 1.880283
v -3.020098 -1.576740 1.672337
v -2.727576 -1.576740 2.072454
v -2.331075 -1.576740 2.423339
v -2.298374 -0.899300 1.880283
v -1.967440 -0.899300 2.178518
v -1.847309 -1.576740 2.711121
v -1.967440 -0.899300 2.178518
v -1.847309 -1.576740 2.711121
v -1.564087 -0.899300 2.423339
v -1.297215 -1.576740 2.924961
v -4.840126 -6.397542 -3.073190
v -5.171803 -6.596182 -4.194661
v -4.896756 -6.889084 -3.033845
v -4.957011 -6.170587 -4.269932
v -4.316824 10.944366 2.407183
v -3.664672 11.148317 2.378480
v -4.714467 11.147937 2.434174
v -1.686701 -4.296594 -1.753087
v -2.211126 -3.228545 -1.403152
v -1.551742 -3.228545 -1.646643
v 7.340566 -1.753337 1.702748
v 6.869163 -1.616656 1.742286
v 7.186791 -2.111625 2.040521
v 1.519185 0.955496 3.618371
v -1.092321 0.971085 3.792675
v -0.644103 0.239644 2.658280
v -0.756438 2.032862 4.753907
v -4.941803 -7.146838 -2.655397
v -4.987429 -6.572236 -2.676495
v -5.094254 -6.671646 -3.033464
v -4.940860 -6.123836 -3.094669
v -4.495687 -5.590274 -3.211949
v -4.813315 -6.026129 -2.738652
v -4.987429 -6.572236 -2.676495
v -4.813315 -6.026129 -2.738652
v -4.940860 -6.123836 -3.094669
v -8.043347 5.699111 0.051907
v -7.138753 4.363629 0.260044
v -7.138753 5.386631 0.260044
v -7.138753 4.363629 0.260044
v -8.043347 5.699111 0.051907
v -8.043347 4.051130 0.051908
v 2.961891 -2.161820 1.795128
v 1.681516 -1.333071 2.390456
v 2.584207 -2.416709 2.340846
v 2.158049 -6.989456 -3.571200
v 2.330640 -7.531176 -3.506574
v 2.078978 -7.176676 -3.195603
v -4.495687 -5.086387 -0.592843
v -4.396095 -4.430410 0.088593
v -4.116860 -4.299258 -0.518711
v 7.973157 5.699111 0.051907
v 7.068564 5.386631 0.260044
v 7.068564 4.363629 0.260044
v 7.973157 5.699111 0.051907
v 7.068564 4.363629 0.260044
v 7.973157 4.051130 0.051908
v -6.934222 -1.634729 1.735062
v -7.465880 -1.625412 1.482255
v -7.304691 -1.999869 1.975133
v 3.209566 -6.830932 -1.205089
v 2.949147 -2.408534 -0.375582
v 3.807553 -5.880149 -0.522132
v -5.492096 12.218287 1.450323
v -4.950558 11.671619 2.019990
v -5.616976 12.261992 1.141443
v 2.861520 -7.983763 -4.985582
v 2.862480 -7.820870 -4.454879
v 2.458185 -7.489555 -5.117878
v 4.202349 0.894479 1.145244
v 3.121938 0.188525 1.103617
v 4.142475 0.964233 -0.071644
v -3.631408 -2.349801 0.284945
v -3.020098 -1.576740 -0.099207
v -3.426297 -2.349801 -0.197668
v 5.085643 9.916415 -3.472169
v 4.554764 11.557562 -2.539829
v 4.496031 11.430779 -2.465129
v -4.212664 0.964233 -0.071644
v -3.013826 0.217221 -0.188353
v -3.301236 0.225016 0.843398
v -6.485641 -2.678070 2.205319
v -6.867132 -3.028581 2.158750
v -6.295557 -3.127611 2.045082
v -6.731793 -2.100041 2.134611
v -7.065954 -2.559263 2.200567
v -3.013826 0.217221 -0.188353
v -4.212664 0.964233 -0.071644
v -3.288492 0.991424 -1.033258
v 5.101614 -6.596182 -4.194661
v 4.769918 -6.397542 -3.073190
v 4.826567 -6.889084 -3.033845
v 4.886822 -6.170587 -4.269932
v -3.039114 -4.170953 -1.157190
v -2.788774 -3.228545 -1.075644
v -2.407482 -4.181031 -1.498953
v -2.306350 -2.045478 1.345588
v -3.490740 -2.466324 1.350911
v -3.462044 -2.587016 0.941481
v -2.306350 -2.045478 1.345588
v -2.242867 -2.150019 0.940339
v 2.135046 -0.899300 1.880283
v 2.564430 -1.576740 2.072454
v 2.856970 -1.576740 1.672337
v 2.135046 -0.899300 1.880283
v 2.167929 -1.576740 2.423339
v 1.804311 -0.899300 2.178518
v 1.804311 -0.899300 2.178518
v 1.683982 -1.576740 2.711121
v 1.400958 -0.899300 2.423339
v 1.133887 -1.576740 2.924961
v 1.683982 -1.576740 2.711121
v 1.523554 -4.296594 -1.753087
v 1.388595 -3.228545 -1.646643
v 2.047798 -3.228545 -1.403152
v 4.917240 -6.572236 -2.676495
v 4.871613 -7.146838 -2.655397
v 5.024065 -6.671646 -3.033464
v 4.870670 -6.123836 -3.094669
v 4.743126 -6.026129 -2.738652
v 4.425498 -5.590274 -3.211949
v 6.710076 -1.986745 2.066941
v 6.516186 -2.440855 2.210071
v 6.995764 -2.559263 2.200567
v 6.869163 -1.616656 1.742286
v 7.186791 -2.111625 2.040521
v 4.743126 -6.026129 -2.738652
v 4.917240 -6.572236 -2.676495
v 4.870670 -6.123836 -3.094669
v -4.495687 -5.086387 -0.592843
v -4.116860 -4.299258 -0.518711
v -3.997492 -4.735295 -1.186080
v -6.381281 1.457878 0.125847
v -6.323310 1.650609 0.172228
v -7.197667 4.130583 0.280764
v -2.228039 -6.988513 -3.571390
v -2.148968 -7.175734 -3.195603
v -2.400250 -7.530414 -3.506762
v 0.240714 -6.695393 5.197363
v -0.018363 -7.761175 6.114306
v -0.000508 -7.825419 6.039225
v 3.218303 0.991424 -1.033258
v 4.142475 0.964233 -0.071644
v 2.943637 0.217221 -0.188353
v -2.932670 -7.820870 -4.454879
v -2.931727 -7.983763 -4.985582
v -2.528374 -7.489555 -5.117878
v 3.121938 0.188525 1.103617
v 2.943637 0.217221 -0.188353
v 4.142475 0.964233 -0.071644
v -7.038763 -1.386855 1.284954
v -7.527840 -1.480755 0.739426
v -7.465880 -1.625412 1.482255
v 7.192863 3.491538 0.294257
v 6.749413 5.947746 0.467612
v 6.864032 6.180974 0.515702
v 2.088857 3.210979 -2.265164
v 3.212792 1.974890 -1.686370
v 0.718570 2.047127 -2.106067
v 1.551307 1.011563 -1.576695
v 6.989492 -1.338963 0.607891
v 7.457651 -1.480755 1.006107
v 7.395872 -1.625412 0.263276
v -1.729082 7.785049 -2.640191
v -1.647926 4.676490 -2.604265
v -1.730986 7.736196 -2.508085
v 1.705281 -6.855258 -1.852690
v 2.109957 -2.425266 -1.124304
v 2.511588 -6.844419 -1.575364
v 2.286736 -7.669379 -1.135520
v 1.705281 -6.855258 -1.852690
v 0.927090 -2.421658 -1.573653
v 1.894785 -1.317101 -0.692634
v 2.109957 -2.425266 -1.124304
v -2.211126 -3.228545 -1.403152
v -1.686701 -4.296594 -1.753087
v -2.407482 -4.181031 -1.498953
v 2.625646 -3.228545 -1.075644
v 2.875967 -4.170953 -1.157190
v 2.244154 -4.181031 -1.498953
v -2.044989 -2.201156 2.766054
v -0.976179 -0.728413 2.335143
v -2.224994 -1.331730 2.105908
v 7.235826 -1.910520 0.357935
v 7.512014 -2.343529 0.183443
v 7.067422 -2.302090 -0.031537
v 0.489331 -0.468394 2.181180
v -0.344729 -1.292393 2.819466
v 0.715144 -1.333071 2.765673
v 0.248128 -2.404926 3.235361
v -6.950192 -2.741371 -0.150527
v -6.702137 -3.329859 0.090114
v -7.145587 -3.227204 0.057419
v 4.332359 -5.086387 -0.592843
v 3.953532 -4.299258 -0.518711
v 4.232767 -4.430410 0.088593
v -5.345736 -6.769915 -4.068449
v -5.616214 -6.486892 -4.584703
v -5.565657 -7.120608 -4.551061
v -5.616214 -6.486892 -4.584703
v -5.198414 -6.251381 -4.137826
v 2.856970 -1.576740 -0.099207
v 3.468262 -2.349801 0.284945
v 3.262969 -2.349801 -0.197668
v -7.137611 -2.302090 -0.031537
v -6.950192 -2.741371 -0.150527
v -7.414362 -2.595391 -0.007017
v 2.047798 -3.228545 -1.403152
v 2.244154 -4.181031 -1.498953
v 1.523554 -4.296594 -1.753087
v 6.492620 -3.754494 1.523885
v 6.075019 -3.488184 1.707121
v 5.962103 -3.764373 1.006488
v 7.067422 -2.302090 -0.031537
v 7.344173 -2.595391 -0.007017
v 6.880002 -2.741371 -0.150527
v 3.391855 -2.587016 0.941481
v 2.205380 -2.119239 1.149046
v 2.172678 -2.150019 0.727641
v 2.405144 -1.642705 1.790757
v 1.862845 -1.745923 1.482446
v 2.280826 -1.938472 1.522362
v 1.980510 -1.467268 1.736392
v 3.953532 -4.299258 -0.518711
v 4.332359 -5.086387 -0.592843
v 3.834164 -4.735295 -1.186080
v -1.173478 0.999599 -1.646644
v -2.595663 2.377663 -2.033077
v 0.718570 2.047127 -2.106067
v 2.172678 -2.150019 0.727641
v 3.389371 -2.540828 0.515512
v 3.391855 -2.587016 0.941481
v -3.426297 -2.349801 -0.197668
v -2.727576 -1.576740 -0.499324
v -3.093097 -2.349801 -0.642263
v 5.275546 -6.769915 -4.068449
v 5.495468 -7.120608 -4.551061
v 5.546025 -6.486892 -4.584703
v 5.546025 -6.486892 -4.584703
v 5.128224 -6.251381 -4.137826
v -0.159213 -6.996108 5.602993
v -0.085271 -7.811932 6.055002
v -0.018363 -7.761175 6.114306
v -2.550236 -1.465165 1.872110
v -2.408044 -1.802571 1.672715
v -2.121595 -1.299807 1.813375
v -1.987017 -1.617798 1.624626
v -2.121595 -1.299807 1.813375
v -6.111183 -3.569920 1.598205
v -6.494197 -3.921375 0.874192
v -6.032293 -3.764373 0.739046
v 1.909613 -0.665693 1.517232
v 1.681516 -1.333071 2.390456
v 2.961891 -2.161820 1.795128
v -1.987017 -1.617798 1.624626
v -2.408044 -1.802571 1.672715
v -2.306350 -2.045478 1.345588
v -1.890652 -1.846475 1.315368
v -2.408044 -1.802571 1.672715
v -3.593377 -2.220734 1.681079
v -3.490740 -2.466324 1.350911
v -2.306350 -2.045478 1.345588
v -2.408044 -1.802571 1.672715
v -2.550236 -1.465165 1.872110
v -3.736711 -1.880120 1.882184
v -2.711225 -1.085016 1.913547
v -3.899422 -1.496145 1.924002
v -3.899422 -1.496145 1.924002
v -2.867284 -0.719676 1.790944
v -4.056986 -1.127216 1.799879
v -2.993868 -0.424671 1.522552
v -4.184911 -0.829347 1.528637
v -3.071435 -0.244484 1.149237
v -4.263221 -0.647837 1.151518
v 2.280826 -1.938472 1.522362
v 1.862845 -1.745923 1.482446
v 2.205380 -2.119239 1.149046
v 1.791386 -1.915849 1.129850
v -4.272539 0.894479 1.145244
v -3.301236 0.225016 0.843398
v -2.454813 0.211710 1.981214
v -3.301236 0.225016 0.843398
v -1.549458 -0.241620 1.278111
v -3.260939 -1.576740 0.786564
v -2.693732 -0.899300 1.170715
v -2.744689 -0.899300 0.786564
v -2.163234 -0.343315 0.786564
v -2.744689 -0.899300 0.786564
v -2.693732 -0.899300 0.402605
v -3.260939 -1.576740 0.786564
v -2.693732 -0.899300 0.402605
v -3.200103 -1.576740 0.335126
v -3.020098 -1.576740 -0.099207
v -3.631408 -2.349801 0.284945
v 3.986796 -1.127216 1.799879
v 2.797095 -0.719676 1.790944
v 3.829215 -1.496145 1.924002
v 2.641036 -1.085016 1.913547
v 2.923678 -0.424671 1.522552
v 4.114721 -0.829347 1.528637
v 3.001227 -0.244484 1.149237
v 4.193032 -0.647837 1.151518
v 2.269043 -1.276423 1.877242
v 3.666521 -1.880120 1.882184
v 3.829215 -1.496145 1.924002
v 3.523188 -2.220734 1.681079
v 2.405144 -1.642705 1.790757
v 3.420551 -2.466324 1.350911
v 2.280826 -1.938472 1.522362
v -7.606150 -2.155928 0.349952
v -7.137611 -2.302090 -0.031537
v -7.540003 -2.350000 0.150560
v -3.451784 -2.530187 0.494983
v -2.242867 -2.150019 0.940339
v -3.462044 -2.587016 0.941481
v -2.242867 -2.150019 0.940339
v -3.451784 -2.530187 0.494983
v -2.277273 -2.100042 0.435869
v 8.164946 -1.971156 3.662851
v 7.694485 -3.817794 3.944929
v 8.039105 -2.004619 3.602974
v -0.497362 -0.343315 2.303399
v -0.081664 -0.899300 2.755030
v -0.081664 -0.343315 2.333242
v -0.081664 -0.899300 2.755030
v 0.334034 -0.343315 2.303399
v -0.081664 -0.343315 2.333242
v 0.718570 2.047127 -2.106067
v 1.551307 1.011563 -1.576695
v -1.173478 0.999599 -1.646644
v 1.455703 0.241548 -0.932705
v -0.819359 3.202423 -2.383584
v 2.088857 3.210979 -2.265164
v 1.638373 4.952860 -2.505804
v 2.564430 -1.576740 -0.499324
v 3.262969 -2.349801 -0.197668
v 2.929769 -2.349801 -0.642263
v -2.727576 -1.576740 -0.499324
v -3.426297 -2.349801 -0.197668
v -3.020098 -1.576740 -0.099207
v -3.200103 -1.576740 0.335126
v -2.543384 -0.899301 0.033280
v 7.435028 -2.142623 1.474272
v 7.278225 -1.812831 1.070353
v 7.133188 -2.148695 1.686592
v -2.211126 -3.228545 -1.403152
v -2.644516 -2.349801 -1.031927
v -2.097830 -2.349801 -1.351831
v -2.644516 -2.349801 -1.031927
v -2.333921 -1.576740 -0.850021
v -2.727576 -1.576740 -0.499324
v -2.333921 -1.576740 -0.850021
v -2.727576 -1.576740 -0.499324
v -2.298754 -0.899301 -0.306963
v -2.778895 -1.402064 1.448992
v -2.308072 -0.719495 1.049445
v -3.452908 -2.256662 0.540222
v -1.814626 -0.343315 1.645914
v -1.967440 -0.899300 2.178518
v -1.557072 -0.343315 1.880283
v -1.967440 -0.899300 2.178518
v -2.298374 -0.899300 1.880283
v -1.557072 -0.343315 1.880283
v -1.564087 -0.899300 2.423339
v -1.243250 -0.343315 2.072454
v -1.564087 -0.899300 2.423339
v -1.967440 -0.899300 2.178518
v -1.105047 -0.899300 2.605246
v -1.243250 -0.343315 2.072454
v -0.608374 -0.899300 2.717203
v -0.885506 -0.343315 2.215393
v -0.885506 -0.343315 2.215393
v -0.497362 -0.343315 2.303399
v -0.081664 -0.899300 2.755030
v -0.608374 -0.899300 2.717203
v -1.243250 -0.343315 2.072454
v -1.105047 -0.899300 2.605246
v 0.941719 -0.899300 2.605246
v 1.080103 -0.343315 2.072454
v 0.722178 -0.343315 2.215393
v 6.511636 -3.701833 0.109501
v 6.265284 -3.032370 -0.363606
v 6.751135 -3.136929 -0.384326
v -0.988342 -6.861531 -2.023571
v -1.705517 -2.423562 -1.390607
v -0.417148 -2.404165 -1.666033
v -1.382958 -1.333833 -1.044472
v -8.240066 -1.980292 3.661140
v -8.726678 -3.005578 3.411755
v -8.112720 -2.013175 3.602595
v -6.581825 -3.701833 0.109501
v -6.821324 -3.136929 -0.384326
v -6.335474 -3.032370 -0.363606
v -2.595663 2.377663 -2.033077
v -3.288492 0.991424 -1.033258
v -3.543781 1.990280 -1.557688
v -3.093097 -2.349801 -0.642263
v -2.727576 -1.576740 -0.499324
v -2.644516 -2.349801 -1.031927
v -8.240066 -1.980292 3.661140
v -8.112720 -2.013175 3.602595
v -7.761647 -3.826332 3.945879
v -6.335474 -3.032370 -0.363606
v -6.145208 -3.488184 0.038412
v -6.581825 -3.701833 0.109501
v -1.890652 -1.846475 1.315368
v -2.306350 -2.045478 1.345588
v -2.242867 -2.150019 0.940339
v -1.838373 -1.945505 0.934067
v -6.993154 5.827036 0.401843
v -7.197667 4.130583 0.280764
v -6.839379 5.897189 0.434536
v 1.400958 -0.899300 2.423339
v 1.393726 -0.343315 1.880283
v 1.080103 -0.343315 2.072454
v 1.400958 -0.899300 2.423339
v 1.804311 -0.899300 2.178518
v 1.080103 -0.343315 2.072454
v 0.941719 -0.899300 2.605246
v 0.722178 -0.343315 2.215393
v 0.445227 -0.899300 2.717203
v 0.334034 -0.343315 2.303399
v -0.081664 -0.899300 2.755030
v 0.445227 -0.899300 2.717203
v 0.927090 -2.421658 -1.573653
v -0.081102 -6.879205 -2.079646
v -0.417148 -2.404165 -1.666033
v 0.721235 -1.333633 -1.196916
v -2.550236 -1.465165 1.872110
v -2.121595 -1.299807 1.813375
v -2.273847 -0.941120 1.853292
v -2.711225 -1.085016 1.913547
v -2.420788 -0.595938 1.738293
v -2.867284 -0.719676 1.790944
v 1.909613 -0.665693 1.517232
v 2.961891 -2.161820 1.795128
v 3.296233 -2.256282 1.028916
v 8.164946 -1.971156 3.662851
v 8.039105 -2.004619 3.602974
v 8.657249 -3.005759 3.410044
v -0.159213 -6.996108 5.602993
v -0.419251 -6.550174 4.788882
v -0.085271 -7.811932 6.055002
v -2.543384 -0.899301 0.033280
v -3.200103 -1.576740 0.335126
v -2.693732 -0.899300 0.402605
v 2.405144 -1.642705 1.790757
v 2.269043 -1.276423 1.877242
v 1.980510 -1.467268 1.736392
v 2.641036 -1.085016 1.913547
v 2.203658 -0.941120 1.853292
v 2.350599 -0.595938 1.738293
v 2.797095 -0.719676 1.790944
v 1.651298 -0.343315 1.645914
v 1.804311 -0.899300 2.178518
v 2.135046 -0.899300 1.880283
v 1.804311 -0.899300 2.178518
v 1.651298 -0.343315 1.645914
v 1.393726 -0.343315 1.880283
v 2.047798 -3.228545 -1.403152
v 1.934502 -2.349801 -1.351831
v 2.481170 -2.349801 -1.031927
v 2.170594 -1.576740 -0.850021
v 2.481170 -2.349801 -1.031927
v 2.170594 -1.576740 -0.850021
v 2.564430 -1.576740 -0.499324
v 2.135426 -0.899301 -0.306963
v 2.564430 -1.576740 -0.499324
v 2.530604 -0.899300 1.170715
v 3.097792 -1.576740 0.786564
v 2.581342 -0.899300 0.786564
v 3.097792 -1.576740 0.786564
v 2.530604 -0.899300 0.402605
v 1.999906 -0.343315 0.786564
v 2.581342 -0.899300 0.786564
v 2.530604 -0.899300 0.402605
v 3.036975 -1.576740 0.335126
v 3.468262 -2.349801 0.284945
v 2.856970 -1.576740 -0.099207
v 1.157471 -0.223565 1.405653
v 3.121938 0.188525 1.103617
v 1.659093 0.225976 2.387606
v 2.974435 0.962710 2.906713
v 1.659093 0.225976 2.387606
v -2.543384 -0.899300 1.539851
v -2.693732 -0.899300 1.170715
v -2.298374 -0.899300 1.880283
v -2.005834 -0.343315 1.378474
v -2.298374 -0.899300 1.880283
v -1.814626 -0.343315 1.645914
v -2.543384 -0.899300 1.539851
v -2.123498 -0.343315 1.088412
v -2.005834 -0.343315 1.378474
v -1.491487 0.069718 0.994512
v 3.262969 -2.349801 -0.197668
v 2.564430 -1.576740 -0.499324
v 2.856970 -1.576740 -0.099207
v 2.380056 -0.899301 0.033280
v 3.036975 -1.576740 0.335126
v 6.713865 2.981360 0.322010
v 7.474183 4.240453 0.276390
v 6.602672 4.959894 0.499355
v 3.212792 1.974890 -1.686370
v 3.218303 0.991424 -1.033258
v 1.551307 1.011563 -1.576695
v 3.218303 0.991424 -1.033258
v 1.455703 0.241548 -0.932705
v -2.123498 -0.343315 1.088412
v -2.543384 -0.899300 1.539851
v -2.005834 -0.343315 1.378474
v 2.564430 -1.576740 -0.499324
v 2.929769 -2.349801 -0.642263
v 2.481170 -2.349801 -1.031927
v -0.644103 0.239644 2.658280
v -1.092321 0.971085 3.792675
v -2.454813 0.211710 1.981214
v -0.644103 0.239644 2.658280
v -1.549458 -0.241620 1.278111
v 2.205380 -2.119239 1.149046
v 1.791386 -1.915849 1.129850
v 2.172678 -2.150019 0.727641
v 4.244350 -2.116392 1.997563
v 3.523188 -2.220734 1.681079
v 4.040019 -2.574852 1.699898
v 1.791386 -1.915849 1.129850
v 1.768183 -1.945505 0.733723
v 2.172678 -2.150019 0.727641
v 2.206903 -1.997966 0.251681
v 3.389371 -2.540828 0.515512
v 2.172678 -2.150019 0.727641
v 3.979002 -2.900457 1.174708
v 4.040019 -2.574852 1.699898
v 3.420551 -2.466324 1.350911
v -2.697539 -7.535744 -5.708265
v -2.345324 -6.849168 -5.199802
v -2.528374 -7.489555 -5.117878
v 2.206903 -1.997966 0.251681
v 3.460467 -2.340864 0.122426
v 3.389371 -2.540828 0.515512
v -3.593377 -2.220734 1.681079
v -4.314540 -2.116392 1.997563
v -4.110208 -2.574852 1.699898
v -3.490740 -2.466324 1.350911
v -4.110208 -2.574852 1.699898
v -4.049191 -2.900457 1.174708
v 5.962103 -3.764373 1.006488
v 6.040994 -3.569920 0.147138
v 6.424008 -3.921375 0.874192
v -2.308072 -0.719495 1.049445
v -2.230323 -0.692503 0.373712
v -3.452908 -2.256662 0.540222
v -2.277273 -2.100042 0.435869
v -3.451784 -2.530187 0.494983
v -3.536167 -2.358538 0.138584
v -1.792184 -1.339144 1.652948
v -2.121595 -1.299807 1.813375
v -1.987017 -1.617798 1.624626
v 4.155218 12.438771 -1.442310
v 4.496031 11.430779 -2.465129
v 4.554764 11.557562 -2.539829
v 7.340566 -1.753337 1.702748
v 6.968573 -1.386855 1.284954
v 6.869163 -1.616656 1.742286
v -0.976179 -0.728413 2.335143
v -1.267196 -0.245807 1.633370
v -2.224994 -1.331730 2.105908
v 3.036975 -1.576740 0.335126
v 2.380056 -0.899301 0.033280
v 2.530604 -0.899300 0.402605
v -5.247086 -5.601676 -4.729546
v -5.339463 -5.677141 -5.310998
v -5.497226 -6.027272 -4.651612
v 1.960352 -0.343315 1.088412
v 2.380056 -0.899300 1.539851
v 2.530604 -0.899300 1.170715
v 1.328159 0.069718 0.994512
v 1.842705 -0.343315 1.378474
v 2.380056 -0.899300 1.539851
v 3.036975 -1.576740 1.238195
v 1.842705 -0.343315 1.378474
v 2.135046 -0.899300 1.880283
v 2.135046 -0.899300 1.880283
v 1.651298 -0.343315 1.645914
v -1.421152 0.232629 -0.949242
v -3.288492 0.991424 -1.033258
v -1.173478 0.999599 -1.646644
v -2.230323 -0.692503 0.373712
v -3.119708 -2.162581 -0.224279
v -3.452908 -2.256662 0.540222
v 2.380056 -0.899300 1.539851
v 1.960352 -0.343315 1.088412
v 1.842705 -0.343315 1.378474
v 3.523188 -2.220734 1.681079
v 4.244350 -2.116392 1.997563
v 3.666521 -1.880120 1.882184
v 1.659093 0.225976 2.387606
v -0.644103 0.239644 2.658280
v 1.157471 -0.223565 1.405653
v 1.519185 0.955496 3.618371
v 1.659093 0.225976 2.387606
v 2.109957 -2.425266 -1.124304
v 1.894785 -1.317101 -0.692634
v 2.949147 -2.408534 -0.375582
v 2.943637 0.217221 -0.188353
v 3.121938 0.188525 1.103617
v 1.967585 -0.228315 0.676130
v -3.020098 -1.576740 -0.099207
v -2.298754 -0.899301 -0.306963
v -2.727576 -1.576740 -0.499324
v -2.097830 -2.349801 -1.351831
v -1.853962 -1.576740 -1.137800
v -1.473994 -2.349801 -1.589431
v -1.903196 -0.229837 0.156641
v -3.301236 0.225016 0.843398
v -3.013826 0.217221 -0.188353
v 7.278225 -1.812831 1.070353
v 7.549266 -1.958612 0.964480
v 7.235826 -1.910520 0.357935
v -3.119708 -2.162581 -0.224279
v -2.130913 -1.263879 -0.558437
v -2.732507 -2.407972 -0.772658
v -4.625715 11.560987 -2.535837
v -5.144050 9.951383 -3.479583
v -4.562033 11.433825 -2.465888
v -4.197835 12.273395 -1.483557
v -4.314540 -2.116392 1.997563
v -3.593377 -2.220734 1.681079
v -3.736711 -1.880120 1.882184
v 2.169252 -0.748571 0.447842
v 1.909613 -0.665693 1.517232
v 3.296233 -2.256282 1.028916
v 6.602672 4.959894 0.499355
v 7.474183 4.240453 0.276390
v 7.130523 7.835607 0.671375
v -2.242867 -2.150019 0.940339
v -2.277273 -2.100042 0.435869
v -1.861576 -1.915849 0.537940
v -1.577773 -4.772565 -2.449920
v -2.308833 -4.055953 -1.971679
v -1.460126 -4.192053 -2.270865
v -10.673851 -1.382867 -0.697196
v -10.120711 0.181111 -0.506926
v -9.468741 -1.535699 -0.786725
v -9.073183 -0.011819 -0.568324
v -3.997492 -4.735295 -1.186080
v -4.116860 -4.299258 -0.518711
v -3.663150 -4.145864 -1.078496
v 9.399512 -1.535699 -0.786725
v 10.049960 0.181111 -0.506926
v 10.604042 -1.382867 -0.697196
v 9.002994 -0.011819 -0.568324
v 4.787792 -5.290520 -5.475038
v 5.176136 -5.665358 -5.632234
v 4.407824 -5.238258 -5.807487
v -7.059681 -1.338963 0.607891
v -7.410936 -1.753337 0.042783
v -7.527840 -1.480755 0.739426
v -1.838373 -1.945505 0.934067
v -2.242867 -2.150019 0.940339
v -1.861576 -1.915849 0.537940
v -1.267196 -0.245807 1.633370
v -2.308072 -0.719495 1.049445
v -2.224994 -1.331730 2.105908
v 1.690634 -1.576740 -1.137800
v 1.934502 -2.349801 -1.351831
v 1.310666 -2.349801 -1.589431
v 1.967585 -0.228315 0.676130
v 3.121938 0.188525 1.103617
v 1.157471 -0.223565 1.405653
v -6.145208 -3.488184 0.038412
v -6.032293 -3.764373 0.739046
v -6.581825 -3.701833 0.109501
v 0.489331 -0.468394 2.181180
v -0.211293 -0.113514 1.797597
v -0.976179 -0.728413 2.335143
v -0.344729 -1.292393 2.819466
v 1.414445 -4.772565 -2.449920
v 1.296798 -4.192053 -2.270865
v 2.145686 -4.055953 -1.971679
v 2.269043 -1.276423 1.877242
v 2.203658 -0.941120 1.853292
v 1.855050 -1.026083 1.761864
v 1.980510 -1.467268 1.736392
v 2.269043 -1.276423 1.877242
v 1.862845 -1.745923 1.482446
v 1.980510 -1.467268 1.736392
v 1.614989 -1.591006 1.419911
v 6.869163 -1.616656 0.003247
v 7.395872 -1.625412 0.263276
v 7.234502 -2.000051 -0.229790
v -2.097830 -2.349801 -1.351831
v -2.333921 -1.576740 -0.850021
v -1.853962 -1.576740 -1.137800
v -1.969162 -0.899301 -0.605197
v 6.367921 1.565464 0.137254
v 6.172708 1.490762 0.158161
v 5.233146 0.214556 -0.107761
v -3.920885 -6.461042 0.411919
v -3.047851 -6.369988 0.668145
v -3.860249 -5.926918 0.398994
v 2.135426 -0.899301 -0.306963
v 2.856970 -1.576740 -0.099207
v 2.564430 -1.576740 -0.499324
v -6.694541 12.706785 0.347291
v -6.739007 12.866451 0.583559
v -6.799263 12.739106 -0.432607
v -3.663150 -4.145864 -1.078496
v -3.326886 -4.497318 -1.706140
v -3.997492 -4.735295 -1.186080
v 3.850696 -6.461042 0.411919
v 3.790060 -5.926918 0.398994
v 2.977662 -6.369988 0.668145
v -0.371721 0.069718 1.831432
v -0.081664 -0.343315 2.333242
v -0.081664 0.069718 1.851961
v -1.705517 -2.423562 -1.390607
v -2.130913 -1.263879 -0.558437
v -1.382958 -1.333833 -1.044472
v -0.081664 -0.343315 2.333242
v -0.371721 0.069718 1.831432
v -0.497362 -0.343315 2.303399
v -0.638973 0.069718 1.770798
v -0.497362 -0.343315 2.303399
v -0.638973 0.069718 1.770798
v -0.885506 -0.343315 2.215393
v -0.885506 0.069718 1.672337
v -0.885506 -0.343315 2.215393
v -3.301236 0.225016 0.843398
v -1.903196 -0.229837 0.156641
v -1.549458 -0.241620 1.278111
v 1.791386 -1.915849 1.129850
v 1.862845 -1.745923 1.482446
v 1.614989 -1.591006 1.419911
v 1.909613 -0.665693 1.517232
v 0.489331 -0.468394 2.181180
v 1.681516 -1.333071 2.390456
v -0.081664 -0.343315 2.333242
v 0.208393 0.069718 1.831432
v -0.081664 0.069718 1.851961
v -0.885506 -0.343315 2.215393
v -0.885506 0.069718 1.672337
v -1.243250 -0.343315 2.072454
v -6.254498 7.438544 -4.061226
v -6.675145 7.612077 -4.001922
v -6.715641 7.533386 -3.851569
v 5.060555 -3.492172 1.630520
v 5.210904 -3.132361 2.114841
v 4.542220 -2.994738 1.755970
v -3.860068 -0.691542 -0.844698
v -3.167039 -0.797425 -1.000184
v -4.378421 -0.453004 -0.157940
v 2.172678 -2.150019 0.727641
v 1.820463 -1.846476 0.352424
v 2.206903 -1.997966 0.251681
v 1.934502 -2.349801 -1.351831
v 1.690634 -1.576740 -1.137800
v 2.170594 -1.576740 -0.850021
v 1.805834 -0.899301 -0.605197
v -2.298754 -0.899301 -0.306963
v -3.020098 -1.576740 -0.099207
v -2.543384 -0.899301 0.033280
v -2.123498 -0.343315 0.484908
v -2.693732 -0.899300 0.402605
v -2.163234 -0.343315 0.786564
v -2.744689 -0.899300 0.786564
v 0.208393 0.069718 1.831432
v -0.081664 -0.343315 2.333242
v 0.334034 -0.343315 2.303399
v 0.334034 -0.343315 2.303399
v 0.475844 0.069718 1.770798
v 0.475844 0.069718 1.770798
v 0.722178 -0.343315 2.215393
v 0.722178 0.069718 1.672337
v -1.101439 0.069718 1.539850
v -1.243250 -0.343315 2.072454
v -0.885506 0.069718 1.672337
v -1.243250 -0.343315 2.072454
v -1.101439 0.069718 1.539850
v -1.557072 -0.343315 1.880283
v 3.834164 -4.735295 -1.186080
v 3.500003 -4.145864 -1.078496
v 3.953532 -4.299258 -0.518711
v 6.265284 -3.032370 -0.363606
v 6.511636 -3.701833 0.109501
v 6.040994 -3.569920 0.147138
v -1.473994 -2.349801 -1.589431
v -1.853962 -1.576740 -1.137800
v -1.306152 -1.576740 -1.351831
v -1.567132 -0.899301 -0.850021
v -2.693732 -0.899300 0.402605
v -2.163234 -0.343315 0.786564
v -2.123498 -0.343315 0.484908
v -2.543384 -0.899301 0.033280
v -2.005834 -0.343315 0.194847
v 1.768183 -1.945505 0.733723
v 1.820463 -1.846476 0.352424
v 2.172678 -2.150019 0.727641
v 0.722178 0.069718 1.672337
v 0.722178 -0.343315 2.215393
v 1.080103 -0.343315 2.072454
v 3.218303 0.991424 -1.033258
v 2.943637 0.217221 -0.188353
v 1.455703 0.241548 -0.932705
v 1.455703 0.241548 -0.932705
v 1.357996 -0.230037 -0.147296
v -4.612409 -2.994738 1.755970
v -5.281111 -3.132361 2.114841
v -5.130744 -3.492172 1.630520
v -1.278598 0.069718 1.378474
v -1.557072 -0.343315 1.880283
v -1.101439 0.069718 1.539850
v -1.557072 -0.343315 1.880283
v -1.814626 -0.343315 1.645914
v 3.986796 -1.127216 1.799879
v 3.829215 -1.496145 1.924002
v 4.424936 -1.690036 2.043561
v 4.244350 -2.116392 1.997563
v 3.666521 -1.880120 1.882184
v 4.244350 -2.116392 1.997563
v 9.774732 -3.299623 -0.960836
v 10.604042 -1.382867 -0.697196
v 10.927181 -3.378694 -0.980794
v 9.399512 -1.535699 -0.786725
v -10.996990 -3.378694 -0.980794
v -10.673851 -1.382867 -0.697196
v -9.845102 -3.299623 -0.960836
v -9.468741 -1.535699 -0.786725
v -3.013826 0.217221 -0.188353
v -3.288492 0.991424 -1.033258
v -1.421152 0.232629 -0.949242
v -1.903196 -0.229837 0.156641
v -3.013826 0.217221 -0.188353
v 4.040019 -2.574852 1.699898
v 3.523188 -2.220734 1.681079
v 3.420551 -2.466324 1.350911
v 0.783194 -0.120747 1.589461
v 0.489331 -0.468394 2.181180
v 1.909613 -0.665693 1.517232
v -4.495125 -1.690036 2.043561
v -3.899422 -1.496145 1.924002
v -4.056986 -1.127216 1.799879
v -4.314540 -2.116392 1.997563
v -4.314540 -2.116392 1.997563
v -3.736711 -1.880120 1.882184
v 6.995764 -2.559263 -0.455224
v 6.710076 -1.986745 -0.321598
v 7.234502 -2.000051 -0.229790
v 0.938111 0.069718 1.539850
v 1.080103 -0.343315 2.072454
v 1.393726 -0.343315 1.880283
v 1.080103 -0.343315 2.072454
v 0.938111 0.069718 1.539850
v 0.722178 0.069718 1.672337
v -2.540157 -0.316704 1.485489
v -2.993868 -0.424671 1.522552
v -2.867284 -0.719676 1.790944
v -2.867284 -0.719676 1.790944
v -2.420788 -0.595938 1.738293
v 2.949147 -2.408534 -0.375582
v 1.894785 -1.317101 -0.692634
v 3.178205 -2.164086 0.222410
v 3.500003 -4.145864 -1.078496
v 3.834164 -4.735295 -1.186080
v 3.163758 -4.497318 -1.706140
v 1.310666 -2.349801 -1.589431
v 1.142824 -1.576740 -1.351831
v 1.690634 -1.576740 -1.137800
v 1.404004 -0.899301 -0.850021
v 2.923678 -0.424671 1.522552
v 2.469968 -0.316704 1.485489
v 2.797095 -0.719676 1.790944
v 2.469968 -0.316704 1.485489
v 2.350599 -0.595938 1.738293
v 2.797095 -0.719676 1.790944
v -3.593377 -2.220734 1.681079
v -4.110208 -2.574852 1.699898
v -3.490740 -2.466324 1.350911
v -2.407482 -1.802372 -0.004736
v -3.536167 -2.358538 0.138584
v -3.661627 -2.059744 -0.132470
v -6.715641 7.533386 -3.851569
v -6.853827 7.718902 -3.927219
v -6.543794 7.183074 -4.084986
v 2.943637 0.217221 -0.188353
v 1.967585 -0.228315 0.676130
v 1.357996 -0.230037 -0.147296
v 1.115452 0.069718 1.378474
v 1.393726 -0.343315 1.880283
v 1.651298 -0.343315 1.645914
v 1.393726 -0.343315 1.880283
v 0.938111 0.069718 1.539850
v 2.856970 -1.576740 -0.099207
v 2.135426 -0.899301 -0.306963
v 2.380056 -0.899301 0.033280
v 1.960352 -0.343315 0.484908
v 2.530604 -0.899300 0.402605
v 1.999906 -0.343315 0.786564
v 2.581342 -0.899300 0.786564
v -3.404454 11.829563 1.897390
v -3.410146 12.444481 1.008386
v -3.385057 11.876513 1.678798
v -7.348415 -1.812831 1.070353
v -7.306015 -1.910520 0.357935
v -7.572886 -1.985041 0.594964
v 1.999906 -0.343315 0.786564
v 2.530604 -0.899300 0.402605
v 1.960352 -0.343315 0.484908
v 2.380056 -0.899301 0.033280
v 1.842705 -0.343315 0.194847
v 2.058059 -1.648978 -0.013861
v 3.460467 -2.340864 0.122426
v 2.206903 -1.997966 0.251681
v 3.955055 -2.930114 0.805573
v 3.979002 -2.900457 1.174708
v 3.391855 -2.587016 0.941481
v -1.656863 -1.670640 1.263285
v -1.987017 -1.617798 1.624626
v -1.890652 -1.846475 1.315368
v -1.933233 -1.745923 0.185344
v -2.277273 -2.100042 0.435869
v -2.407482 -1.802372 -0.004736
v -2.333921 -1.576740 -0.850021
v -2.298754 -0.899301 -0.306963
v -1.969162 -0.899301 -0.605197
v -1.814807 -0.343315 -0.072596
v 2.058059 -1.648978 -0.013861
v 3.591057 -2.059364 -0.132470
v 3.460467 -2.340864 0.122426
v 1.894785 -1.317101 -0.692634
v 2.169252 -0.748571 0.447842
v 3.178205 -2.164086 0.222410
v -0.035095 -0.380385 0.610932
v 1.157471 -0.223565 1.405653
v -1.549458 -0.241620 1.278111
v -0.644103 0.239644 2.658280
v -6.934222 -1.634729 1.735062
v -7.304691 -1.999869 1.975133
v -6.731793 -2.100041 2.134611
v -7.038763 -1.386855 1.284954
v -7.465880 -1.625412 1.482255
v -6.702137 -3.329859 0.090114
v -6.570786 -3.644243 0.769268
v -6.905145 -3.582464 0.409068
v -3.462044 -2.587016 0.941481
v -4.049191 -2.900457 1.174708
v -4.025245 -2.930114 0.805573
v -0.976179 -0.728413 2.335143
v -0.211293 -0.113514 1.797597
v -1.267196 -0.245807 1.633370
v 1.414445 -4.772565 -2.449920
v 0.702038 -4.381176 -2.048661
v 1.296798 -4.192053 -2.270865
v 0.702038 -4.381176 -2.048661
v 1.414445 -4.772565 -2.449920
v 0.819884 -4.961688 -2.227717
v 6.367921 1.565464 0.137254
v 7.142306 4.151865 0.272400
v 6.172708 1.490762 0.158161
v -2.543384 -0.899301 0.033280
v -2.005834 -0.343315 0.194847
v -2.298754 -0.899301 -0.306963
v -2.298754 -0.899301 -0.306963
v -2.005834 -0.343315 0.194847
v -1.814807 -0.343315 -0.072596
v 3.953913 10.916994 2.386465
v 4.263928 11.112389 2.451851
v 3.424539 11.283657 2.330580
v -5.306381 -5.753367 -5.624249
v -4.857981 -5.290520 -5.475038
v -4.862930 -5.394299 -5.727464
v -1.358993 -6.996109 -0.084190
v -1.879631 -6.909423 0.442142
v -1.691831 -7.415613 -0.019561
v -1.633859 -6.370550 0.394620
v -1.879631 -6.909423 0.442142
v -1.191532 -6.330634 -0.113842
v -1.358993 -6.996109 -0.084190
v -6.821324 -3.136929 -0.384326
v -7.065954 -2.559263 -0.455224
v -6.586375 -2.440855 -0.464539
v -7.256980 -2.111625 -0.295177
v -6.780266 -1.986745 -0.321598
v -2.123498 -0.343315 1.088412
v -1.518859 0.069718 0.786564
v -2.163234 -0.343315 0.786564
v -1.518859 0.069718 0.786564
v -2.123498 -0.343315 1.088412
v -1.491487 0.069718 0.994512
v -1.577773 -4.772565 -2.449920
v -0.865366 -4.381176 -2.048661
v -0.983031 -4.961688 -2.227717
v -0.865366 -4.381176 -2.048661
v -1.577773 -4.772565 -2.449920
v -1.460126 -4.192053 -2.270865
v 2.170594 -1.576740 -0.850021
v 1.805834 -0.899301 -0.605197
v 2.135426 -0.899301 -0.306963
v 1.651479 -0.343315 -0.072596
v 0.118680 -6.266770 3.814913
v 0.265421 -5.994206 4.042058
v 0.304196 -6.915895 4.972878
v -1.890652 -1.846475 1.315368
v -1.838373 -1.945505 0.934067
v -1.656863 -1.670640 1.263285
v -1.853962 -1.576740 -1.137800
v -1.969162 -0.899301 -0.605197
v -1.567132 -0.899301 -0.850021
v -1.969162 -0.899301 -0.605197
v -1.557434 -0.343315 -0.306963
v -1.278598 0.069718 1.378474
v -0.764995 0.324245 0.994512
v -1.410330 0.069718 1.194286
v -1.814626 -0.343315 1.645914
v -2.005834 -0.343315 1.378474
v -1.410330 0.069718 1.194286
v -1.814626 -0.343315 1.645914
v -1.278598 0.069718 1.378474
v -1.101439 0.069718 1.539850
v -0.697706 0.324245 1.088412
v 3.979002 -2.900457 1.174708
v 3.420551 -2.466324 1.350911
v 3.391855 -2.587016 0.941481
v 1.455703 0.241548 -0.932705
v -0.828876 -0.223565 -0.241575
v -1.421152 0.232629 -0.949242
v -1.173478 0.999599 -1.646644
v -0.035095 -0.380385 0.610932
v 1.967585 -0.228315 0.676130
v 1.157471 -0.223565 1.405653
v 5.210904 -3.132361 2.114841
v 5.420946 -2.632824 2.409846
v 4.705113 -2.606032 2.109708
v 5.659503 -2.070186 2.471432
v 4.907922 -2.125311 2.272227
v 5.890446 -1.529409 2.289904
v 5.120629 -1.625212 2.219005
v -0.000508 -7.825419 6.039225
v 0.304196 -6.915895 4.972878
v 0.240714 -6.695393 5.197363
v 0.265421 -5.994206 4.042058
v 0.240714 -6.695393 5.197363
v 1.842705 -0.343315 0.194847
v 2.380056 -0.899301 0.033280
v 2.135426 -0.899301 -0.306963
v 2.135426 -0.899301 -0.306963
v 1.651479 -0.343315 -0.072596
v 1.842705 -0.343315 0.194847
v -3.096523 -0.208175 0.739995
v -4.263221 -0.647837 1.151518
v -3.071435 -0.244484 1.149237
v -4.263221 -0.647837 1.151518
v -3.096523 -0.208175 0.739995
v -4.260194 -0.605818 0.726689
v -4.978112 -2.125311 2.272227
v -5.729692 -2.070186 2.471432
v -5.491135 -2.632824 2.409846
v -5.190818 -1.625212 2.219005
v -5.960635 -1.529409 2.289904
v -4.775302 -2.606032 2.109708
v -5.281111 -3.132361 2.114841
v -1.987017 -1.617798 1.624626
v -1.656863 -1.670640 1.263285
v -1.792184 -1.339144 1.652948
v -0.035095 -0.380385 0.610932
v -1.549458 -0.241620 1.278111
v -1.903196 -0.229837 0.156641
v -3.490740 -2.466324 1.350911
v -4.049191 -2.900457 1.174708
v -3.462044 -2.587016 0.941481
v 1.960352 -0.343315 1.088412
v 1.355712 0.069718 0.786564
v 1.328159 0.069718 0.994512
v -1.969162 -0.899301 -0.605197
v -1.814807 -0.343315 -0.072596
v -1.557434 -0.343315 -0.306963
v -1.518859 0.069718 0.786564
v -2.123498 -0.343315 0.484908
v -2.163234 -0.343315 0.786564
v -2.123498 -0.343315 0.484908
v -1.518859 0.069718 0.786564
v -1.491487 0.069718 0.578808
v -7.256980 -2.111625 -0.295177
v -7.410936 -1.753337 0.042783
v -6.939352 -1.616656 0.003247
v 2.275134 -6.849168 -5.199802
v 2.463115 -6.440703 -5.815090
v 2.436885 -6.945733 -5.781826
v 2.627350 -7.535744 -5.708265
v 2.275134 -6.849168 -5.199802
v 2.458185 -7.489555 -5.117878
v 1.690634 -1.576740 -1.137800
v 1.404004 -0.899301 -0.850021
v 1.805834 -0.899301 -0.605197
v 1.394106 -0.343315 -0.306963
v 1.805834 -0.899301 -0.605197
v 1.651298 -0.343315 1.645914
v 1.247184 0.069718 1.194286
v 1.115452 0.069718 1.378474
v 0.534577 0.324245 1.088412
v 0.938111 0.069718 1.539850
v 1.247184 0.069718 1.194286
v 1.651298 -0.343315 1.645914
v 1.842705 -0.343315 1.378474
v 0.601667 0.324245 0.994512
v 1.115452 0.069718 1.378474
v -1.933233 -1.745923 0.185344
v -1.861576 -1.915849 0.537940
v -2.277273 -2.100042 0.435869
v -1.306152 -1.576740 -1.351831
v -1.567132 -0.899301 -0.850021
v -1.108672 -0.899301 -1.031927
v -1.567132 -0.899301 -0.850021
v -1.243812 -0.343315 -0.499324
v -4.857981 -5.290520 -5.475038
v -5.306381 -5.753367 -5.624249
v -5.339463 -5.677141 -5.310998
v 4.624138 -1.156855 1.839037
v 3.986796 -1.127216 1.799879
v 4.424936 -1.690036 2.043561
v 4.114721 -0.829347 1.528637
v -4.056986 -1.127216 1.799879
v -4.694327 -1.156855 1.839037
v -4.495125 -1.690036 2.043561
v -4.184911 -0.829347 1.528637
v 9.002994 -0.011819 -0.568324
v 9.568115 1.563180 -0.164595
v 10.049960 0.181111 -0.506926
v 8.354630 1.248978 -0.227320
v -10.120711 0.181111 -0.506926
v -9.637924 1.563180 -0.164595
v -9.073183 -0.011819 -0.568324
v -8.424838 1.248978 -0.227320
v -0.035095 -0.380385 0.610932
v 1.357996 -0.230037 -0.147296
v 1.967585 -0.228315 0.676130
v 1.768183 -1.945505 0.733723
v 1.791386 -1.915849 1.129850
v 1.492955 -1.695746 0.869821
v 0.208393 0.069718 1.831432
v 0.208393 0.324245 1.288376
v 0.072111 0.324245 1.319358
v -0.081664 0.069718 1.851961
v -0.081664 0.324245 1.329623
v -0.638973 0.069718 1.770798
v -0.497362 0.324245 1.238195
v -0.885506 0.069718 1.672337
v -0.497362 0.324245 1.238195
v -0.638973 0.069718 1.770798
v -0.371721 0.324245 1.288376
v -0.371721 0.069718 1.831432
v -0.371721 0.324245 1.288376
v -0.371721 0.069718 1.831432
v -0.235439 0.324245 1.319358
v -0.081664 0.069718 1.851961
v -0.081664 0.324245 1.329623
v 4.189986 -0.605818 0.726689
v 3.001227 -0.244484 1.149237
v 4.193032 -0.647837 1.151518
v -2.350272 -7.156156 -3.182868
v -1.191532 -6.330634 -0.113842
v -1.358993 -6.996109 -0.084190
v -1.903196 -0.229837 0.156641
v -1.421152 0.232629 -0.949242
v -0.828876 -0.223565 -0.241575
v -0.035095 -0.380385 0.610932
v -0.828876 -0.223565 -0.241575
v 2.350599 -0.595938 1.738293
v 2.469968 -0.316704 1.485489
v 2.117934 -0.407196 1.561329
v 0.208393 0.324245 1.288376
v 0.208393 0.069718 1.831432
v 0.475844 0.069718 1.770798
v 0.334034 0.324245 1.238195
v 8.354630 1.248978 -0.227320
v 9.010027 2.867121 0.181732
v 9.568115 1.563180 -0.164595
v 7.201619 2.816183 0.161583
v -9.637924 1.563180 -0.164595
v -9.080216 2.867121 0.181732
v -8.424838 1.248978 -0.227320
v -7.271808 2.816183 0.161583
v 4.987955 -3.652219 1.046595
v 5.060555 -3.492172 1.630520
v 3.979002 -2.900457 1.174708
v -1.491487 0.069718 0.994512
v -2.005834 -0.343315 1.378474
v -1.410330 0.069718 1.194286
v -0.820120 0.324245 0.786564
v -1.518859 0.069718 0.786564
v -2.273847 -0.941120 1.853292
v -2.121595 -1.299807 1.813375
v -1.946720 -0.845897 1.715485
v -2.132997 -0.549750 1.646866
v 6.516186 -2.440855 -0.464539
v 6.751135 -3.136929 -0.384326
v 6.265284 -3.032370 -0.363606
v 6.710076 -1.986745 -0.321598
v 6.995764 -2.559263 -0.455224
v 6.751135 -3.136929 -0.384326
v 6.995764 -2.559263 -0.455224
v 4.542220 -2.994738 1.755970
v 4.705113 -2.606032 2.109708
v 4.040019 -2.574852 1.699898
v -2.613138 -0.145835 1.133271
v -2.993868 -0.424671 1.522552
v -2.540157 -0.316704 1.485489
v -3.071435 -0.244484 1.149237
v 0.334034 0.324245 1.238195
v 0.475844 0.069718 1.770798
v 0.722178 0.069718 1.672337
v -0.607431 0.324245 1.170715
v -0.885506 0.069718 1.672337
v -0.497362 0.324245 1.238195
v -1.101439 0.069718 1.539850
v 3.955055 -2.930114 0.805573
v 3.389371 -2.540828 0.515512
v 3.994210 -2.901219 0.474834
v -2.509938 -4.495615 -2.132868
v -3.052800 -4.043988 -1.569092
v -2.308833 -4.055953 -1.971679
v -2.420788 -0.595938 1.738293
v -2.273847 -0.941120 1.853292
v -2.132997 -0.549750 1.646866
v 1.142824 -1.576740 -1.351831
v 0.945525 -0.899301 -1.031927
v 1.404004 -0.899301 -0.850021
v 1.080484 -0.343315 -0.499324
v 1.404004 -0.899301 -0.850021
v 3.001227 -0.244484 1.149237
v 4.189986 -0.605818 0.726689
v 2.729806 -0.127581 0.776302
v 2.923678 -0.424671 1.522552
v 2.542948 -0.145835 1.133271
v 2.469968 -0.316704 1.485489
v 3.001227 -0.244484 1.149237
v 1.805834 -0.899301 -0.605197
v 1.394106 -0.343315 -0.306963
v 1.651479 -0.343315 -0.072596
v -2.308833 -4.055953 -1.971679
v -1.577773 -4.772565 -2.449920
v -2.509938 -4.495615 -2.132868
v -2.121595 -1.299807 1.813375
v -1.792184 -1.339144 1.652948
v -1.946720 -0.845897 1.715485
v -4.049191 -2.900457 1.174708
v -5.130744 -3.492172 1.630520
v -5.058144 -3.652219 1.046595
v 0.132928 0.123702 1.302440
v -0.211293 -0.113514 1.797597
v 0.783194 -0.120747 1.589461
v 0.489331 -0.468394 2.181180
v 1.355712 0.069718 0.786564
v 1.999906 -0.343315 0.786564
v 1.960352 -0.343315 0.484908
v 1.355712 0.069718 0.786564
v 1.960352 -0.343315 0.484908
v 1.328159 0.069718 0.578808
v -1.491487 0.069718 0.578808
v -2.005834 -0.343315 0.194847
v -2.123498 -0.343315 0.484908
v -0.697706 0.324245 1.088412
v -1.101439 0.069718 1.539850
v -0.607431 0.324245 1.170715
v -3.326886 -4.497318 -1.706140
v -3.663150 -4.145864 -1.078496
v -3.052800 -4.043988 -1.569092
v -4.110208 -2.574852 1.699898
v -4.775302 -2.606032 2.109708
v -4.612409 -2.994738 1.755970
v 0.444103 0.324245 1.170715
v 0.722178 0.069718 1.672337
v 0.938111 0.069718 1.539850
v 0.334034 0.324245 1.238195
v 2.346611 -4.495615 -2.132868
v 1.414445 -4.772565 -2.449920
v 2.145686 -4.055953 -1.971679
v -0.828876 -0.223565 -0.241575
v 1.455703 0.241548 -0.932705
v 1.357996 -0.230037 -0.147296
v -0.035095 -0.380385 0.610932
v 3.955055 -2.930114 0.805573
v 3.391855 -2.587016 0.941481
v 3.389371 -2.540828 0.515512
v -3.326886 -4.497318 -1.706140
v -3.052800 -4.043988 -1.569092
v -2.509938 -4.495615 -2.132868
v 1.560624 -1.732237 0.571206
v 1.820463 -1.846476 0.352424
v 1.768183 -1.945505 0.733723
v -4.064400 -2.901219 0.474834
v -3.451784 -2.530187 0.494983
v -4.025245 -2.930114 0.805573
v 1.842705 -0.343315 1.378474
v 1.328159 0.069718 0.994512
v 1.247184 0.069718 1.194286
v 0.656992 0.324245 0.786564
v 1.355712 0.069718 0.786564
v -0.764995 0.324245 0.994512
v -1.278598 0.069718 1.378474
v -0.697706 0.324245 1.088412
v 0.938111 0.069718 1.539850
v 0.534577 0.324245 1.088412
v 0.444103 0.324245 1.170715
v 2.346611 -4.495615 -2.132868
v 2.145686 -4.055953 -1.971679
v 2.889472 -4.043988 -1.569092
v 6.010576 -4.054248 5.716090
v 5.869345 -2.246402 5.834319
v 5.908700 -4.026296 5.626754
v 2.058059 -1.648978 -0.013861
v 2.206903 -1.997966 0.251681
v 1.820463 -1.846476 0.352424
v -2.230323 -0.692503 0.373712
v -2.130913 -1.263879 -0.558437
v -3.119708 -2.162581 -0.224279
v -1.088333 0.050521 0.617775
v -1.132038 -0.270515 -0.206791
v -1.108672 -0.899301 -1.031927
v -1.243812 -0.343315 -0.499324
v -0.885886 -0.343315 -0.642263
v 5.210904 -3.132361 2.114841
v 4.705113 -2.606032 2.109708
v 4.542220 -2.994738 1.755970
v 2.463115 -6.440703 -5.815090
v 2.595790 -6.620129 -6.076070
v 2.436885 -6.945733 -5.781826
v -1.838373 -1.945505 0.934067
v -1.861576 -1.915849 0.537940
v -1.630814 -1.732237 0.571016
v -7.410936 -1.753337 0.042783
v -7.059681 -1.338963 0.607891
v -6.939352 -1.616656 0.003247
v 1.355712 0.069718 0.786564
v 1.960352 -0.343315 1.088412
v 1.999906 -0.343315 0.786564
v 0.656992 0.324245 0.786564
v 1.328159 0.069718 0.578808
v -3.462044 -2.587016 0.941481
v -4.025245 -2.930114 0.805573
v -3.451784 -2.530187 0.494983
v 0.990953 0.028279 0.851193
v 0.783194 -0.120747 1.589461
v 1.909613 -0.665693 1.517232
v 1.328159 0.069718 0.578808
v 1.960352 -0.343315 0.484908
v 1.842705 -0.343315 0.194847
v 1.842705 -0.343315 0.194847
v 1.247184 0.069718 0.379035
v 1.328159 0.069718 0.578808
v -1.838373 -1.945505 0.934067
v -1.563144 -1.695746 0.869631
v -1.656863 -1.670640 1.263285
v 3.163758 -4.497318 -1.706140
v 2.346611 -4.495615 -2.132868
v 2.889472 -4.043988 -1.569092
v -2.308072 -0.719495 1.049445
v -1.267196 -0.245807 1.633370
v -1.088333 0.050521 0.617775
v 0.990953 0.028279 0.851193
v 1.909613 -0.665693 1.517232
v 2.169252 -0.748571 0.447842
v 1.115452 0.069718 1.378474
v 0.601667 0.324245 0.994512
v 0.534577 0.324245 1.088412
v -0.806253 0.324245 0.892630
v -1.410330 0.069718 1.194286
v -0.764995 0.324245 0.994512
v -1.410330 0.069718 1.194286
v -0.806253 0.324245 0.892630
v -1.491487 0.069718 0.994512
v 3.163758 -4.497318 -1.706140
v 2.889472 -4.043988 -1.569092
v 3.500003 -4.145864 -1.078496
v -4.775302 -2.606032 2.109708
v -5.281111 -3.132361 2.114841
v -4.612409 -2.994738 1.755970
v 1.980510 -1.467268 1.736392
v 1.855050 -1.026083 1.761864
v 1.614989 -1.591006 1.419911
v 2.729806 -0.127581 0.776302
v 4.189986 -0.605818 0.726689
v 3.001227 -0.244484 0.518553
v -7.059681 -1.338963 0.607891
v -7.527840 -1.480755 0.739426
v -7.038763 -1.386855 1.284954
v 3.001227 -0.244484 0.518553
v 4.189986 -0.605818 0.726689
v 4.161109 -0.721761 0.317828
v 1.894785 -1.317101 -0.692634
v 0.927090 -2.421658 -1.573653
v 0.721235 -1.333633 -1.196916
v 1.111663 -0.245046 -0.063280
v 3.740082 -1.707710 -0.253740
v 3.591057 -2.059364 -0.132470
v 2.232934 -1.418796 -0.174666
v 2.721250 -0.897016 -0.204321
v 2.279702 -1.127398 -0.223137
v 3.740082 -1.707710 -0.253740
v 2.232934 -1.418796 -0.174666
v 3.591057 -2.059364 -0.132470
v 2.058059 -1.648978 -0.013861
v -2.308072 -0.719495 1.049445
v -1.088333 0.050521 0.617775
v -2.230323 -0.692503 0.373712
v 0.945525 -0.899301 -1.031927
v 0.722558 -0.343315 -0.642263
v 1.080484 -0.343315 -0.499324
v -2.230323 -0.692503 0.373712
v -1.132038 -0.270515 -0.206791
v -2.130913 -1.263879 -0.558437
v -4.184911 -0.829347 1.528637
v -4.811031 -0.950057 1.604096
v -4.694327 -1.156855 1.839037
v -1.567132 -0.899301 -0.850021
v -1.557434 -0.343315 -0.306963
v -1.243812 -0.343315 -0.499324
v -1.101439 0.069718 0.033280
v 5.060555 -3.492172 1.630520
v 4.542220 -2.994738 1.755970
v 3.979002 -2.900457 1.174708
v 4.740842 -0.950057 1.604096
v 4.114721 -0.829347 1.528637
v 4.624138 -1.156855 1.839037
v -0.820120 0.324245 0.786564
v -1.491487 0.069718 0.994512
v -0.806253 0.324245 0.892630
v 1.791386 -1.915849 1.129850
v 1.614989 -1.591006 1.419911
v 1.492955 -1.695746 0.869821
v -3.096523 -0.208175 0.739995
v -4.231679 -0.722141 0.317449
v -4.260194 -0.605818 0.726689
v 1.894785 -1.317101 -0.692634
v 1.111663 -0.245046 -0.063280
v 2.169252 -0.748571 0.447842
v 1.247184 0.069718 1.194286
v 0.643106 0.324245 0.892630
v 0.601667 0.324245 0.994512
v 0.643106 0.324245 0.892630
v 1.247184 0.069718 1.194286
v 1.328159 0.069718 0.994512
v -2.005834 -0.343315 0.194847
v -1.410330 0.069718 0.379035
v -1.814807 -0.343315 -0.072596
v -1.278598 0.069718 0.194847
v -1.557434 -0.343315 -0.306963
v -1.563144 -1.695746 0.869631
v -1.838373 -1.945505 0.934067
v -1.630814 -1.732237 0.571016
v -2.798291 -7.105399 -4.615878
v -2.449683 -7.163189 -3.492887
v -2.943129 -7.561793 -4.551820
v -2.798291 -7.105399 -4.615878
v -2.409948 -6.669743 -3.529192
v -4.612409 -2.994738 1.755970
v -5.130744 -3.492172 1.630520
v -4.049191 -2.900457 1.174708
v -1.132038 -0.270515 -0.206791
v -1.382958 -1.333833 -1.044472
v -2.130913 -1.263879 -0.558437
v 4.987955 -3.652219 1.046595
v 3.955055 -2.930114 0.805573
v 5.008294 -3.603384 0.416670
v -1.557434 -0.343315 -0.306963
v -1.278598 0.069718 0.194847
v -1.101439 0.069718 0.033280
v -2.345324 -6.849168 -5.199802
v -2.507074 -6.945733 -5.781826
v -2.533305 -6.440703 -5.815090
v -2.697539 -7.535744 -5.708265
v -2.697539 -7.535744 -5.708265
v -2.698500 -7.196073 -6.002128
v -2.533305 -6.440703 -5.815090
v -2.649266 -6.604920 -6.056111
v -2.828890 -6.035629 -6.070366
v -2.686137 -5.985271 -5.823263
v 0.721235 -1.333633 -1.196916
v -0.417148 -2.404165 -1.666033
v -0.348735 -1.292194 -1.250329
v -0.348735 -1.292194 -1.250329
v 0.086178 -0.258932 -0.460928
v -1.382958 -1.333833 -1.044472
v -0.348735 -1.292194 -1.250329
v -1.132038 -0.270515 -0.206791
v -0.348735 -1.292194 -1.250329
v 4.301579 10.953485 2.395207
v 5.011901 11.665709 2.400910
v 4.263928 11.112389 2.451851
v -1.267196 -0.245807 1.633370
v -0.211293 -0.113514 1.797597
v -0.403842 0.194978 0.962388
v -2.765771 -0.910141 -0.209072
v -2.610872 -1.359102 -0.244047
v -3.946173 -1.377157 -0.244618
v -2.407482 -1.802372 -0.004736
v -3.661627 -2.059744 -0.132470
v 1.404004 -0.899301 -0.850021
v 1.080484 -0.343315 -0.499324
v 1.394106 -0.343315 -0.306963
v 0.938111 0.069718 0.033280
v 1.560624 -1.732237 0.571206
v 1.768183 -1.945505 0.733723
v 1.492955 -1.695746 0.869821
v 1.328159 0.069718 0.994512
v 0.656992 0.324245 0.786564
v 0.643106 0.324245 0.892630
v -0.820120 0.324245 0.786564
v -1.491487 0.069718 0.578808
v -1.518859 0.069718 0.786564
v -2.050898 -1.467268 -0.068603
v -1.933233 -1.745923 0.185344
v -2.407482 -1.802372 -0.004736
v 6.864032 6.180974 0.515702
v 6.749413 5.947746 0.467612
v 6.892728 5.690573 0.333224
v 1.291288 -7.001619 -0.084190
v 1.809441 -6.909623 0.442142
v 1.563851 -6.370749 0.394811
v 1.291288 -7.001619 -0.084190
v 1.625067 -7.419039 -0.019373
v 1.137513 -6.479477 -0.112702
v 1.195104 -5.934894 -0.103197
v 1.291288 -7.001619 -0.084190
v -4.025245 -2.930114 0.805573
v -5.058144 -3.652219 1.046595
v -5.078483 -3.603384 0.416670
v 1.247184 0.069718 0.379035
v 1.842705 -0.343315 0.194847
v 1.651479 -0.343315 -0.072596
v 1.394106 -0.343315 -0.306963
v 1.115452 0.069718 0.194847
v -6.586375 -2.440855 -0.464539
v -6.335474 -3.032370 -0.363606
v -6.821324 -3.136929 -0.384326
v -6.780266 -1.986745 -0.321598
v -7.065954 -2.559263 -0.455224
v -7.256980 -2.111625 -0.295177
v -6.939352 -1.616656 0.003247
v -0.403842 0.194978 0.962388
v -0.211293 -0.113514 1.797597
v 0.132928 0.123702 1.302440
v 3.001227 -0.244484 1.149237
v 2.729806 -0.127581 0.776302
v 2.542948 -0.145835 1.133271
v 4.987955 -3.652219 1.046595
v 3.979002 -2.900457 1.174708
v 3.955055 -2.930114 0.805573
v 2.918748 -0.474104 0.074336
v 4.161109 -0.721761 0.317828
v 4.056170 -0.966589 -0.012909
v -1.491487 0.069718 0.578808
v -0.820120 0.324245 0.786564
v -0.806253 0.324245 0.680691
v -1.410330 0.069718 0.379035
v -1.491487 0.069718 0.578808
v -3.096523 -0.208175 0.739995
v -2.713691 -0.235348 0.333034
v -4.231679 -0.722141 0.317449
v 2.203658 -0.941120 1.853292
v 2.350599 -0.595938 1.738293
v 2.117934 -0.407196 1.561329
v 3.389371 -2.540828 0.515512
v 3.460467 -2.340864 0.122426
v 3.994210 -2.901219 0.474834
v -3.451784 -2.530187 0.494983
v -4.064400 -2.901219 0.474834
v -3.536167 -2.358538 0.138584
v 1.394106 -0.343315 -0.306963
v 0.938111 0.069718 0.033280
v 1.115452 0.069718 0.194847
v -1.410330 0.069718 0.379035
v -0.806253 0.324245 0.680691
v -0.764995 0.324245 0.578808
v -4.811031 -0.950057 1.604096
v -4.263221 -0.647837 1.151518
v -4.855896 -0.710558 1.069213
v 2.117934 -0.407196 1.561329
v 1.855050 -1.026083 1.761864
v 2.203658 -0.941120 1.853292
v -3.096523 -0.208175 0.739995
v -3.071435 -0.244484 1.149237
v -2.613138 -0.145835 1.133271
v -4.049191 -2.900457 1.174708
v -5.058144 -3.652219 1.046595
v -4.025245 -2.930114 0.805573
v -1.267196 -0.245807 1.633370
v -0.403842 0.194978 0.962388
v -1.088333 0.050521 0.617775
v -2.176920 -0.304160 1.400521
v -2.420788 -0.595938 1.738293
v -2.132997 -0.549750 1.646866
v 4.193032 -0.647837 1.151518
v 4.740842 -0.950057 1.604096
v 4.785707 -0.710558 1.069213
v -2.005834 -0.343315 0.194847
v -1.491487 0.069718 0.578808
v -1.410330 0.069718 0.379035
v -1.814807 -0.343315 -0.072596
v -1.278598 0.069718 0.194847
v -0.697706 0.324245 0.484908
v -1.101439 0.069718 0.033280
v -0.885506 0.069718 -0.099207
v -1.243812 -0.343315 -0.499324
v -1.101439 0.069718 0.033280
v -0.607431 0.324245 0.402605
v 5.659503 -2.070186 2.471432
v 5.120629 -1.625212 2.219005
v 4.907922 -2.125311 2.272227
v 4.424936 -1.690036 2.043561
v 5.420946 -2.632824 2.409846
v 4.705113 -2.606032 2.109708
v 3.994210 -2.901219 0.474834
v 5.008294 -3.603384 0.416670
v 3.955055 -2.930114 0.805573
v -4.602711 -5.967777 -3.144091
v -4.957011 -6.170587 -4.269932
v -4.840126 -6.397542 -3.073190
v 0.656992 0.324245 0.786564
v 1.328159 0.069718 0.578808
v 0.643106 0.324245 0.680691
v 1.328159 0.069718 0.578808
v 1.247184 0.069718 0.379035
v 3.994210 -2.901219 0.474834
v 3.460467 -2.340864 0.122426
v 4.106546 -2.726923 0.055139
v 4.056170 -0.966589 -0.012909
v 3.910190 -1.306080 -0.214205
v 2.721250 -0.897016 -0.204321
v 3.740082 -1.707710 -0.253740
v -4.064400 -2.901219 0.474834
v -4.176735 -2.726923 0.055139
v -3.536167 -2.358538 0.138584
v -5.190818 -1.625212 2.219005
v -5.729692 -2.070186 2.471432
v -4.978112 -2.125311 2.272227
v -4.495125 -1.690036 2.043561
v -5.491135 -2.632824 2.409846
v -4.775302 -2.606032 2.109708
v -2.633676 -0.113713 0.712434
v -3.096523 -0.208175 0.739995
v -2.613138 -0.145835 1.133271
v 0.990953 0.028279 0.851193
v 0.132928 0.123702 1.302440
v 0.783194 -0.120747 1.589461
v 1.247184 0.069718 0.379035
v 0.601667 0.324245 0.578808
v 0.643106 0.324245 0.680691
v -1.243812 -0.343315 -0.499324
v -0.885506 0.069718 -0.099207
v -0.885886 -0.343315 -0.642263
v -1.410330 0.069718 0.379035
v -0.764995 0.324245 0.578808
v -1.278598 0.069718 0.194847
v -0.697706 0.324245 0.484908
v -4.126377 -0.966589 -0.012909
v -2.765771 -0.910141 -0.209072
v -3.946173 -1.377157 -0.244618
v -2.420788 -0.595938 1.738293
v -2.176920 -0.304160 1.400521
v -2.540157 -0.316704 1.485489
v 4.907922 -2.125311 2.272227
v 4.424936 -1.690036 2.043561
v 4.244350 -2.116392 1.997563
v 4.705113 -2.606032 2.109708
v 4.244350 -2.116392 1.997563
v -4.755344 -5.196620 -4.863931
v -5.339463 -5.677141 -5.310998
v -5.247086 -5.601676 -4.729546
v -5.629139 -6.224009 -5.241430
v -5.497226 -6.027272 -4.651612
v -4.025245 -2.930114 0.805573
v -5.078483 -3.603384 0.416670
v -4.064400 -2.901219 0.474834
v 3.001227 -0.244484 0.518553
v 4.161109 -0.721761 0.317828
v 2.918748 -0.474104 0.074336
v 4.886822 -6.170587 -4.269932
v 4.532522 -5.967777 -3.144091
v 4.769918 -6.397542 -3.073190
v 2.169252 -0.748571 0.447842
v 1.111663 -0.245046 -0.063280
v 0.990953 0.028279 0.851193
v 0.722558 -0.343315 -0.642263
v 0.722178 0.069718 -0.099207
v 1.080484 -0.343315 -0.499324
v -1.101439 0.069718 0.033280
v -0.697706 0.324245 0.484908
v -0.607431 0.324245 0.402605
v -4.263221 -0.647837 1.151518
v -4.811031 -0.950057 1.604096
v -4.184911 -0.829347 1.528637
v 0.534577 0.324245 0.484908
v 1.115452 0.069718 0.194847
v 0.938111 0.069718 0.033280
v 1.651479 -0.343315 -0.072596
v 1.247184 0.069718 0.379035
v 1.080484 -0.343315 -0.499324
v 0.722178 0.069718 -0.099207
v 0.444103 0.324245 0.402605
v 0.938111 0.069718 0.033280
v 4.740842 -0.950057 1.604096
v 4.193032 -0.647837 1.151518
v 4.114721 -0.829347 1.528637
v -4.495125 -1.690036 2.043561
v -4.978112 -2.125311 2.272227
v -4.314540 -2.116392 1.997563
v -4.314540 -2.116392 1.997563
v -4.775302 -2.606032 2.109708
v 1.611943 -1.489873 0.194466
v 2.058059 -1.648978 -0.013861
v 1.820463 -1.846476 0.352424
v 3.979002 -2.900457 1.174708
v 4.542220 -2.994738 1.755970
v 4.040019 -2.574852 1.699898
v -6.080765 -4.054248 5.716090
v -5.497226 -5.703751 5.675034
v -5.978889 -4.026296 5.626754
v -5.942381 -2.734519 5.893054
v 0.601667 0.324245 0.578808
v 1.247184 0.069718 0.379035
v 1.115452 0.069718 0.194847
v 0.534577 0.324245 0.484908
v 1.111663 -0.245046 -0.063280
v 0.721235 -1.333633 -1.196916
v 0.086178 -0.258932 -0.460928
v 6.336380 5.730870 0.224879
v 7.201039 2.808588 0.257003
v 7.143448 6.054191 0.223739
v -7.213637 6.054191 0.223739
v -7.271428 2.808588 0.257003
v -6.406569 5.730870 0.224879
v -1.714454 -1.531312 0.184202
v -1.630814 -1.732237 0.571016
v -1.861576 -1.915849 0.537940
v 2.918748 -0.474104 0.074336
v 4.056170 -0.966589 -0.012909
v 2.721250 -0.897016 -0.204321
v 5.176897 -5.601676 -4.729546
v 5.269274 -5.677141 -5.310998
v 4.685154 -5.196620 -4.863931
v 5.427037 -6.027272 -4.651612
v 5.558950 -6.224009 -5.241430
v -0.638973 0.069718 -0.197668
v -0.885886 -0.343315 -0.642263
v -0.885506 0.069718 -0.099207
v -0.497362 0.324245 0.335126
v -2.765771 -0.910141 -0.209072
v -4.126377 -0.966589 -0.012909
v -2.611814 -0.472001 0.016362
v -2.713691 -0.235348 0.333034
v -2.611814 -0.472001 0.016362
v -4.126377 -0.966589 -0.012909
v -4.231679 -0.722141 0.317449
v -4.110208 -2.574852 1.699898
v -4.612409 -2.994738 1.755970
v -4.049191 -2.900457 1.174708
v 7.457651 -1.480755 1.006107
v 6.989492 -1.338963 0.607891
v 6.968573 -1.386855 1.284954
v -0.497362 0.324245 0.335126
v -0.885506 0.069718 -0.099207
v -0.607431 0.324245 0.402605
v -0.371721 0.324245 0.284945
v -0.638973 0.069718 -0.197668
v 0.722558 -0.343315 -0.642263
v 0.475844 0.069718 -0.197668
v 0.722178 0.069718 -0.099207
v 0.334034 0.324245 0.335126
v 0.938111 0.069718 0.033280
v 0.444103 0.324245 0.402605
v 0.534577 0.324245 0.484908
v 0.722178 0.069718 -0.099207
v 0.334034 0.324245 0.335126
v 0.475844 0.069718 -0.197668
v 0.208393 0.324245 0.284945
v 9.009846 2.852111 0.276391
v 7.143448 6.054191 0.223739
v 7.201039 2.808588 0.257003
v -7.271428 2.808588 0.257003
v -7.213637 6.054191 0.223739
v -9.080035 2.852111 0.276391
v -6.427851 10.223783 -2.978342
v -6.853827 7.718902 -3.927219
v -6.715641 7.533386 -3.851569
v -2.633676 -0.113713 0.712434
v -2.713691 -0.235348 0.333034
v -3.096523 -0.208175 0.739995
v 6.989492 -1.338963 0.607891
v 7.395872 -1.625412 0.263276
v 6.869163 -1.616656 0.003247
v 2.513111 -0.215589 0.349193
v 3.001227 -0.244484 0.518553
v 2.918748 -0.474104 0.074336
v 5.008294 -3.603384 0.416670
v 4.106546 -2.726923 0.055139
v 5.126901 -3.333648 -0.147106
v -1.861576 -1.915849 0.537940
v -1.933233 -1.745923 0.185344
v -1.714454 -1.531312 0.184202
v 4.705113 -2.606032 2.109708
v 4.244350 -2.116392 1.997563
v 4.040019 -2.574852 1.699898
v -2.196878 -1.122268 -0.185121
v -2.050898 -1.467268 -0.068603
v -2.610872 -1.359102 -0.244047
v -2.765771 -0.910141 -0.209072
v -2.610872 -1.359102 -0.244047
v -3.933629 -1.828221 -0.244996
v -3.946173 -1.377157 -0.244618
v -3.661627 -2.059744 -0.132470
v -3.933629 -1.828221 -0.244996
v -2.050898 -1.467268 -0.068603
v -2.407482 -1.802372 -0.004736
v -2.277273 -2.100042 0.435869
v -3.536167 -2.358538 0.138584
v -2.611814 -0.472001 0.016362
v -2.349312 -0.763399 -0.146916
v -2.196878 -1.122268 -0.185121
v -1.864422 -1.181961 -0.044083
v -2.050898 -1.467268 -0.068603
v -2.064204 -0.698956 -0.061950
v -1.864422 -1.181961 -0.044083
v -1.796752 -0.967731 0.051337
v -1.864422 -1.181961 -0.044083
v -2.349312 -0.763399 -0.146916
v -2.611814 -0.472001 0.016362
v -1.589955 -1.431340 1.320878
v -1.792184 -1.339144 1.652948
v -1.656863 -1.670640 1.263285
v -0.035095 11.890779 1.181169
v -0.035095 11.761513 -0.374443
v -0.035095 11.790408 0.406404
v -0.035095 12.035998 1.742475
v -0.035095 11.812089 -0.951905
v -0.035095 12.035998 1.742475
v -0.035095 11.761513 -0.374443
v -0.035095 11.890779 1.181169
v -0.035095 12.187870 1.939776
v -0.035095 11.812089 -0.951905
v -0.035095 12.035998 1.742475
v -0.035095 12.187870 1.939776
v -0.035095 11.928412 -1.171446
v -0.035095 11.812089 -0.951905
v -0.035095 12.303813 1.720235
v -0.035095 11.928412 -1.171446
v -0.035095 12.187870 1.939776
v -0.035095 12.353228 1.142773
v -0.035095 12.079522 -0.974143
v -0.035095 12.223980 -0.412839
v -0.035095 12.303813 1.720235
v -0.035095 12.079522 -0.974143
v -0.035095 11.928412 -1.171446
v -0.035095 12.324732 0.361926
v -0.035095 12.223980 -0.412839
v -0.035095 12.353228 1.142773
v 7.144209 6.053230 0.127938
v 9.010027 2.867121 0.181732
v 7.201619 2.816183 0.161583
v -9.080216 2.867121 0.181732
v -7.214399 6.053230 0.127938
v -7.271808 2.816183 0.161583
v 5.008294 -3.603384 0.416670
v 3.994210 -2.901219 0.474834
v 4.106546 -2.726923 0.055139
v 5.890446 -1.529409 2.289904
v 4.624138 -1.156855 1.839037
v 5.120629 -1.625212 2.219005
v -1.714454 -1.531312 0.184202
v -1.933233 -1.745923 0.185344
v -2.050898 -1.467268 -0.068603
v -4.694327 -1.156855 1.839037
v -5.960635 -1.529409 2.289904
v -5.190818 -1.625212 2.219005
v -6.381281 1.457878 0.125847
v -5.287383 0.198024 -0.110040
v -6.323310 1.650609 0.172228
v 6.869163 -1.616656 0.003247
v 7.234502 -2.000051 -0.229790
v 6.710076 -1.986745 -0.321598
v -5.197091 -3.333648 -0.147106
v -4.176735 -2.726923 0.055139
v -5.078483 -3.603384 0.416670
v -4.314540 -2.116392 1.997563
v -4.775302 -2.606032 2.109708
v -4.110208 -2.574852 1.699898
v -2.877743 -5.894978 0.635452
v -3.605559 -5.458179 0.351282
v -3.860249 -5.926918 0.398994
v -3.047851 -6.369988 0.668145
v -4.064400 -2.901219 0.474834
v -5.078483 -3.603384 0.416670
v -4.176735 -2.726923 0.055139
v 6.078427 -1.092430 1.893018
v 6.195711 -0.833154 1.355094
v 5.516949 -0.866617 1.536619
v 5.890446 -1.529409 2.289904
v 4.624138 -1.156855 1.839037
v -5.587138 -0.866617 1.536619
v -6.265901 -0.833154 1.355094
v -6.148634 -1.092430 1.893018
v -4.694327 -1.156855 1.839037
v -5.960635 -1.529409 2.289904
v 3.535352 -5.458179 0.351282
v 2.807554 -5.894978 0.635452
v 3.790060 -5.926918 0.398994
v 2.977662 -6.369988 0.668145
v 7.144209 6.053230 0.127938
v 7.201619 2.816183 0.161583
v 6.337141 5.729909 0.129078
v -7.271808 2.816183 0.161583
v -7.214399 6.053230 0.127938
v -6.407331 5.729909 0.129078
v 3.460467 -2.340864 0.122426
v 4.260139 -2.394666 -0.266475
v 4.106546 -2.726923 0.055139
v 3.460467 -2.340864 0.122426
v 3.591057 -2.059364 -0.132470
v -0.018363 -7.761175 6.114306
v 0.240714 -6.695393 5.197363
v -0.159213 -6.996108 5.602993
v 0.928794 -4.485735 -1.530886
v 0.702038 -4.381176 -2.048661
v 1.028785 -4.978601 -1.682950
v 1.028785 -4.978601 -1.682950
v 0.702038 -4.381176 -2.048661
v 0.819884 -4.961688 -2.227717
v -4.260194 -0.605818 0.726689
v -4.963102 -0.749514 0.451264
v -4.855896 -0.710558 1.069213
v 1.808680 -5.829773 0.441761
v 2.807554 -5.894978 0.635452
v 2.319800 -5.651110 0.540793
v 1.808680 -5.829773 0.441761
v 2.977662 -6.369988 0.668145
v 1.563851 -6.370749 0.394811
v 2.977662 -6.369988 0.668145
v 1.808680 -5.829773 0.441761
v 1.563851 -6.370749 0.394811
v 1.809441 -6.909623 0.442142
v 1.809441 -6.909623 0.442142
v 2.806593 -6.844799 0.635262
v 2.977662 -6.369988 0.668145
v 1.809441 -6.909623 0.442142
v 2.319420 -7.087924 0.540793
v 2.721250 -0.897016 -0.204321
v 2.415024 -0.445010 0.040692
v 2.918748 -0.474104 0.074336
v 0.132928 0.123701 0.266697
v 0.086178 -0.258932 -0.460928
v -1.132038 -0.270515 -0.206791
v -0.348735 -1.292194 -1.250329
v 0.086178 -0.258932 -0.460928
v 1.611943 -1.489873 0.194466
v 1.820463 -1.846476 0.352424
v 1.560624 -1.732237 0.571206
v 4.189986 -0.605818 0.726689
v 4.785707 -0.710558 1.069213
v 4.892913 -0.749514 0.451264
v 4.624138 -1.156855 1.839037
v 5.516949 -0.866617 1.536619
v 4.740842 -0.950057 1.604096
v -4.811031 -0.950057 1.604096
v -5.587138 -0.866617 1.536619
v -4.694327 -1.156855 1.839037
v -2.877743 -5.894978 0.635452
v -1.878869 -5.829773 0.441761
v -2.389990 -5.651110 0.540793
v -3.047851 -6.369988 0.668145
v -1.878869 -5.829773 0.441761
v -1.878869 -5.829773 0.441761
v -3.047851 -6.369988 0.668145
v -1.633859 -6.370550 0.394620
v -1.879631 -6.909423 0.442142
v -1.633859 -6.370550 0.394620
v -2.876783 -6.844799 0.635262
v -1.879631 -6.909423 0.442142
v -3.047851 -6.369988 0.668145
v -1.879631 -6.909423 0.442142
v -2.876783 -6.844799 0.635262
v -2.389609 -7.087924 0.540793
v -3.536167 -2.358538 0.138584
v -4.330329 -2.394666 -0.266475
v -3.661627 -2.059744 -0.132470
v -4.176735 -2.726923 0.055139
v 0.990953 0.028279 0.851193
v -0.403842 0.194978 0.962388
v 0.132928 0.123702 1.302440
v 5.176136 -5.665358 -5.632234
v 4.787792 -5.290520 -5.475038
v 5.269274 -5.677141 -5.310998
v -2.326127 -0.114656 1.015801
v -2.633676 -0.113713 0.712434
v -2.613138 -0.145835 1.133271
v 0.132928 0.123701 0.266697
v -0.403842 0.194978 0.962388
v 0.990953 0.028279 0.851193
v 1.111663 -0.245046 -0.063280
v 0.132928 0.123701 0.266697
v 0.990953 0.028279 0.851193
v 3.424539 11.283657 2.330580
v 3.411433 11.095857 2.300738
v 3.953913 10.916994 2.386465
v -2.176920 -0.304160 1.400521
v -2.613138 -0.145835 1.133271
v -2.540157 -0.316704 1.485489
v 2.729806 -0.127581 0.776302
v 3.001227 -0.244484 0.518553
v 2.513111 -0.215589 0.349193
v 2.542948 -0.145835 1.133271
v 2.729806 -0.127581 0.776302
v 2.255937 -0.114656 1.015801
v 2.255937 -0.114656 1.015801
v 2.469968 -0.316704 1.485489
v 2.542948 -0.145835 1.133271
v -2.613138 -0.145835 1.133271
v -2.176920 -0.304160 1.400521
v -2.326127 -0.114656 1.015801
v -1.786673 -4.789478 -1.904961
v -1.092122 -4.485735 -1.530886
v -1.686701 -4.296594 -1.753087
v -1.092122 -4.485735 -1.530886
v -1.786673 -4.789478 -1.904961
v -1.191913 -4.978601 -1.682950
v 2.463115 -6.440703 -5.815090
v 2.749764 -6.124217 -6.094508
v 2.595790 -6.620129 -6.076070
v 2.415024 -0.445010 0.040692
v 2.721250 -0.897016 -0.204321
v 2.279322 -0.763399 -0.146916
v 2.721250 -0.897016 -0.204321
v 2.279702 -1.127398 -0.223137
v 0.086178 -0.258932 -0.460928
v 0.132928 0.123701 0.266697
v 1.111663 -0.245046 -0.063280
v -1.088333 0.050521 0.617775
v -0.403842 0.194978 0.962388
v 0.132928 0.123701 0.266697
v -1.088333 0.050521 0.617775
v 0.132928 0.123701 0.266697
v -1.132038 -0.270515 -0.206791
v -1.191913 -4.978601 -1.682950
v -0.983031 -4.961688 -2.227717
v -0.865366 -4.381176 -2.048661
v -1.191913 -4.978601 -1.682950
v -0.865366 -4.381176 -2.048661
v -1.092122 -4.485735 -1.530886
v 1.623545 -4.789478 -1.904961
v 0.928794 -4.485735 -1.530886
v 1.028785 -4.978601 -1.682950
v 0.928794 -4.485735 -1.530886
v 1.623545 -4.789478 -1.904961
v 1.523554 -4.296594 -1.753087
v 2.231411 -6.919322 -3.204725
v 1.291288 -7.001619 -0.084190
v 1.137513 -6.479477 -0.112702
v 2.271708 -6.420546 -3.222785
v -3.434853 11.090727 2.242384
v -2.811397 11.941337 1.904421
v -3.664672 11.148317 2.378480
v 2.469968 -0.316704 1.485489
v 2.255937 -0.114656 1.015801
v 2.117934 -0.407196 1.561329
v 3.875983 12.801826 -0.618315
v 3.551521 12.702978 0.198839
v 3.844804 12.653563 -0.658042
v 1.794232 -1.181961 -0.044083
v 2.058059 -1.648978 -0.013861
v 1.611943 -1.489873 0.194466
v 2.513111 -0.215589 0.349193
v 2.918748 -0.474104 0.074336
v 2.415024 -0.445010 0.040692
v -5.198414 -6.251381 -4.137826
v -5.497226 -6.027272 -4.651612
v -5.616214 -6.486892 -4.584703
v 4.785707 -0.710558 1.069213
v 4.189986 -0.605818 0.726689
v 4.193032 -0.647837 1.151518
v -4.260194 -0.605818 0.726689
v -4.855896 -0.710558 1.069213
v -4.263221 -0.647837 1.151518
v -4.176735 -2.726923 0.055139
v -5.380703 -2.895327 -0.544182
v -4.330329 -2.394666 -0.266475
v -5.197091 -3.333648 -0.147106
v 1.855050 -1.026083 1.761864
v 1.523373 -1.443123 1.325440
v 1.614989 -1.591006 1.419911
v 4.685154 -5.196620 -4.863931
v 5.269274 -5.677141 -5.310998
v 4.787792 -5.290520 -5.475038
v 5.176897 -5.601676 -4.729546
v 5.427037 -6.027272 -4.651612
v 6.010576 -4.054248 5.716090
v 5.908700 -4.026296 5.626754
v 5.426456 -5.701848 5.676554
v 2.235018 -0.143932 0.562652
v 2.729806 -0.127581 0.776302
v 2.513111 -0.215589 0.349193
v 5.120629 -1.625212 2.219005
v 4.624138 -1.156855 1.839037
v 4.424936 -1.690036 2.043561
v 8.767863 1.947518 -1.692073
v 7.861765 2.167058 -2.141991
v 7.897874 2.232825 -2.257370
v 5.128224 -6.251381 -4.137826
v 5.546025 -6.486892 -4.584703
v 5.427037 -6.027272 -4.651612
v -4.694327 -1.156855 1.839037
v -5.190818 -1.625212 2.219005
v -4.495125 -1.690036 2.043561
v 3.353642 12.547118 1.037279
v 3.551521 12.702978 0.198839
v 3.589534 12.841743 0.233623
v -3.945611 12.801826 -0.614132
v -3.913108 12.653563 -0.656331
v -3.619807 12.702978 0.200359
v -1.946720 -0.845897 1.715485
v -1.792184 -1.339144 1.652948
v -1.708943 -1.070187 1.524834
v -3.933629 -1.828221 -0.244996
v -3.661627 -2.059744 -0.132470
v -4.330329 -2.394666 -0.266475
v 2.058059 -1.648978 -0.013861
v 1.794232 -1.181961 -0.044083
v 2.232934 -1.418796 -0.174666
v 1.876531 -0.845897 -0.047695
v 2.279702 -1.127398 -0.223137
v 1.794232 -1.181961 -0.044083
v 2.232934 -1.418796 -0.174666
v 6.078427 -1.092430 1.893018
v 5.516949 -0.866617 1.536619
v 4.624138 -1.156855 1.839037
v -5.587138 -0.866617 1.536619
v -6.148634 -1.092430 1.893018
v -4.694327 -1.156855 1.839037
v -2.828890 -6.035629 -6.070366
v -2.533305 -6.440703 -5.815090
v -2.649266 -6.604920 -6.056111
v -2.277654 -0.195812 0.385878
v -2.713691 -0.235348 0.333034
v -2.633676 -0.113713 0.712434
v 1.492955 -1.695746 0.869821
v 1.614989 -1.591006 1.419911
v 1.523373 -1.443123 1.325440
v -0.035657 -0.049270 6.908839
v -0.065313 1.823581 6.957309
v -0.059802 2.558629 6.712487
v 2.255937 -0.114656 1.015801
v 2.729806 -0.127581 0.776302
v 2.235018 -0.143932 0.562652
v -0.081664 -1.576740 3.101164
v 1.310666 -2.349801 -1.589431
v -0.081664 -2.349801 3.358532
v 1.388595 -3.228545 -1.646643
v -0.081664 -3.228545 3.420308
v 1.523554 -4.296594 -1.753087
v 1.142824 -1.576740 -1.351831
v -0.081664 -0.899300 2.755030
v 0.945525 -0.899301 -1.031927
v -0.081664 -0.343315 2.333242
v 0.722558 -0.343315 -0.642263
v -0.081664 0.069718 1.851961
v 0.475844 0.069718 -0.197668
v -0.081664 0.324245 1.329623
v 0.208393 0.324245 0.284945
v 3.910190 -1.306080 -0.214205
v 4.695614 -1.316140 -0.283963
v 4.353840 -1.788305 -0.384516
v 4.353840 -1.788305 -0.384516
v 3.740082 -1.707710 -0.253740
v 3.591057 -2.059364 -0.132470
v 3.740082 -1.707710 -0.253740
v 4.353840 -1.788305 -0.384516
v 4.260139 -2.394666 -0.266475
v 4.161109 -0.721761 0.317828
v 4.892913 -0.749514 0.451264
v 4.822198 -0.966027 0.023396
v -3.946173 -1.377157 -0.244618
v -4.600246 -1.746866 -0.421770
v -4.765803 -1.316140 -0.283963
v 1.523373 -1.443123 1.325440
v 1.855050 -1.026083 1.761864
v 1.726382 -0.967550 1.616452
v 1.855050 -1.026083 1.761864
v 1.948188 -0.444248 1.448232
v -1.864422 -1.181961 -0.044083
v -1.714454 -1.531312 0.184202
v -2.050898 -1.467268 -0.068603
v -3.860068 -0.691542 -0.844698
v -3.122754 -0.911464 -1.096744
v -3.167039 -0.797425 -1.000184
v -8.838451 1.947898 -1.691502
v -7.972632 2.231302 -2.256230
v -7.934419 2.168581 -2.140280
v 7.201039 2.808588 0.257003
v 8.355011 1.225412 -0.134562
v 9.009846 2.852111 0.276391
v 9.568296 1.539415 -0.071834
v 9.001289 -0.031215 -0.474424
v 9.568296 1.539415 -0.071834
v 8.355011 1.225412 -0.134562
v 10.047676 0.162675 -0.413028
v -8.425200 1.225412 -0.134562
v -7.271428 2.808588 0.257003
v -9.080035 2.852111 0.276391
v -9.637924 1.539415 -0.071834
v -9.071479 -0.031215 -0.474424
v -8.425200 1.225412 -0.134562
v -9.637924 1.539415 -0.071834
v -10.116922 0.162675 -0.413028
v -2.064204 -0.698956 -0.061950
v -2.196878 -1.122268 -0.185121
v -2.349312 -0.763399 -0.146916
v -2.277654 -0.195812 0.385878
v -2.611814 -0.472001 0.016362
v -2.713691 -0.235348 0.333034
v 1.855050 -1.026083 1.761864
v 2.117934 -0.407196 1.561329
v 1.948188 -0.444248 1.448232
v -4.855896 -0.710558 1.069213
v -6.248425 -0.750094 1.029677
v -5.587138 -0.866617 1.536619
v 4.785707 -0.710558 1.069213
v 5.516949 -0.866617 1.536619
v 6.178218 -0.750094 1.029677
v 5.446995 -2.461756 -0.705369
v 5.310695 -2.895327 -0.544182
v 4.260139 -2.394666 -0.266475
v 4.106546 -2.726923 0.055139
v 5.310695 -2.895327 -0.544182
v 5.126901 -3.333648 -0.147106
v 4.260139 -2.394666 -0.266475
v 4.353840 -1.788305 -0.384516
v 5.446995 -2.461756 -0.705369
v -2.811397 11.941337 1.904421
v -2.995970 12.061848 2.023792
v -3.664672 11.148317 2.378480
v -4.126377 -0.966589 -0.012909
v -4.765803 -1.316140 -0.283963
v -4.892387 -0.966027 0.023396
v -4.231679 -0.722141 0.317449
v -4.892387 -0.966027 0.023396
v -4.963102 -0.749514 0.451264
v -4.260194 -0.605818 0.726689
v -4.963102 -0.749514 0.451264
v 4.056170 -0.966589 -0.012909
v 4.822198 -0.966027 0.023396
v 4.695614 -1.316140 -0.283963
v 1.876531 -0.845897 -0.047695
v 2.279322 -0.763399 -0.146916
v 2.279702 -1.127398 -0.223137
v -5.517184 -2.461756 -0.705369
v -4.330329 -2.394666 -0.266475
v -5.380703 -2.895327 -0.544182
v 2.062808 -0.549750 0.020924
v 2.415024 -0.445010 0.040692
v 2.279322 -0.763399 -0.146916
v -0.081664 -1.576740 3.101164
v -1.473994 -2.349801 -1.589431
v -1.306152 -1.576740 -1.351831
v -0.081664 -2.349801 3.358532
v -0.081664 -0.899300 2.755030
v -1.551742 -3.228545 -1.646643
v -0.081664 -3.228545 3.420308
v -1.686701 -4.296594 -1.753087
v -1.108672 -0.899301 -1.031927
v -0.081664 -0.343315 2.333242
v -0.885886 -0.343315 -0.642263
v -0.081664 0.069718 1.851961
v -0.638973 0.069718 -0.197668
v -0.081664 0.324245 1.329623
v -0.371721 0.324245 0.284945
v -3.933629 -1.828221 -0.244996
v -4.330329 -2.394666 -0.266475
v -5.517184 -2.461756 -0.705369
v 4.189986 -0.605818 0.726689
v 4.892913 -0.749514 0.451264
v 4.161109 -0.721761 0.317828
v 5.516949 -0.866617 1.536619
v 6.195711 -0.833154 1.355094
v 6.178218 -0.750094 1.029677
v -5.587138 -0.866617 1.536619
v -6.248425 -0.750094 1.029677
v -6.265901 -0.833154 1.355094
v 2.106731 -0.304160 0.267268
v 2.513111 -0.215589 0.349193
v 2.415024 -0.445010 0.040692
v -1.920490 -0.579787 1.483397
v -2.132997 -0.549750 1.646866
v -1.946720 -0.845897 1.715485
v -3.946173 -1.377157 -0.244618
v -3.933629 -1.828221 -0.244996
v -4.600246 -1.746866 -0.421770
v -1.589955 -1.431340 1.320878
v -1.656863 -1.670640 1.263285
v -1.563144 -1.695746 0.869631
v 3.844804 12.653563 -0.658042
v 4.155218 12.438771 -1.442310
v 3.875983 12.801826 -0.618315
v 2.728845 -7.108263 -4.615688
v 2.380056 -7.166416 -3.492697
v 2.338997 -6.673351 -3.529002
v 2.728845 -7.108263 -4.615688
v 2.874444 -7.563878 -4.551630
v 2.767058 -6.628123 -4.646101
v 2.479666 -6.217156 -3.528052
v -2.616002 12.856953 1.094493
v -2.804744 13.362562 0.655028
v -2.667121 12.893062 1.370678
v -2.811397 11.941337 1.904421
v -6.145009 7.583183 0.778771
v -7.455239 4.536020 0.523304
v -6.633706 2.979076 0.271639
v -2.326127 -0.114656 1.015801
v -2.277654 -0.195812 0.385878
v -2.633676 -0.113713 0.712434
v 6.178218 -0.750094 1.029677
v 6.193427 -0.825739 0.405075
v 4.892913 -0.749514 0.451264
v -4.231679 -0.722141 0.317449
v -4.126377 -0.966589 -0.012909
v -4.892387 -0.966027 0.023396
v -6.248425 -0.750094 1.029677
v -4.963102 -0.749514 0.451264
v -6.263617 -0.825739 0.405075
v -4.600246 -1.746866 -0.421770
v -3.933629 -1.828221 -0.244996
v -5.517184 -2.461756 -0.705369
v 4.161109 -0.721761 0.317828
v 4.822198 -0.966027 0.023396
v 4.056170 -0.966589 -0.012909
v 2.158049 -6.989456 -3.571200
v 2.078978 -7.176676 -3.195603
v 2.032789 -6.603397 -3.234379
v 2.243774 -6.252324 -3.597050
v 2.032789 -6.603397 -3.234379
v 2.235018 -0.143932 0.562652
v 2.513111 -0.215589 0.349193
v 2.106731 -0.304160 0.267268
v -1.564087 -1.417273 0.398232
v -1.630814 -1.732237 0.571016
v -1.714454 -1.531312 0.184202
v -0.081664 -3.228545 3.420308
v 1.523554 -4.296594 -1.753087
v -0.081664 -4.542564 3.535497
v -2.176920 -0.304160 1.400521
v -2.132997 -0.549750 1.646866
v -1.920490 -0.579787 1.483397
v 4.056170 -0.966589 -0.012909
v 4.695614 -1.316140 -0.283963
v 3.910190 -1.306080 -0.214205
v 3.551521 12.702978 0.198839
v 3.875983 12.801826 -0.618315
v 3.589534 12.841743 0.233623
v 5.516949 -0.866617 1.536619
v 4.785707 -0.710558 1.069213
v 4.740842 -0.950057 1.604096
v -4.855896 -0.710558 1.069213
v -5.587138 -0.866617 1.536619
v -4.811031 -0.950057 1.604096
v 1.474900 -1.452621 0.496693
v 1.611943 -1.489873 0.194466
v 1.560624 -1.732237 0.571206
v 9.772248 -3.311605 -0.865796
v 10.600816 -1.395611 -0.602156
v 9.396268 -1.548805 -0.691873
v 10.924698 -3.390876 -0.885755
v -9.843199 -3.311605 -0.865796
v -9.466838 -1.548805 -0.691873
v -10.670044 -1.395611 -0.602156
v -10.995087 -3.390876 -0.885755
v 2.062808 -0.549750 0.020924
v 2.279322 -0.763399 -0.146916
v 1.876531 -0.845897 -0.047695
v -3.605559 -5.458179 0.351282
v -4.544159 -5.961505 -2.819434
v -3.860249 -5.926918 0.398994
v -4.171225 -5.639327 -2.908582
v -4.126377 -0.966589 -0.012909
v -3.946173 -1.377157 -0.244618
v -4.765803 -1.316140 -0.283963
v 4.695614 -1.316140 -0.283963
v 5.890446 -1.529228 -0.544373
v 5.622632 -2.046439 -0.731030
v -4.600246 -1.746866 -0.421770
v -5.517184 -2.461756 -0.705369
v -5.729873 -2.069823 -0.725898
v -4.600246 -1.746866 -0.421770
v -4.765803 -1.316140 -0.283963
v -5.729873 -2.069823 -0.725898
v -5.960635 -1.529228 -0.544373
v 2.106731 -0.304160 0.267268
v 2.415024 -0.445010 0.040692
v 2.062808 -0.549750 0.020924
v -2.314144 -6.251943 -3.597050
v -2.103160 -6.602255 -3.234379
v -2.228039 -6.988513 -3.571390
v -2.103160 -6.602255 -3.234379
v -2.148968 -7.175734 -3.195603
v 1.523373 -1.443123 1.325440
v 1.726382 -0.967550 1.616452
v 1.492012 -1.140322 1.226978
v 7.478751 5.172020 -0.195958
v 6.785522 2.918440 0.077567
v 6.091932 7.410211 -0.260013
v 4.892913 -0.749514 0.451264
v 6.193427 -0.825739 0.405075
v 6.078246 -1.092430 -0.147487
v 6.078246 -1.092430 -0.147487
v 4.822198 -0.966027 0.023396
v -4.963102 -0.749514 0.451264
v -6.148435 -1.092430 -0.147487
v -6.263617 -0.825739 0.405075
v -4.892387 -0.966027 0.023396
v -4.855896 -0.710558 1.069213
v -4.963102 -0.749514 0.451264
v -6.248425 -0.750094 1.029677
v 4.785707 -0.710558 1.069213
v 6.178218 -0.750094 1.029677
v 4.892913 -0.749514 0.451264
v -3.945611 12.801826 -0.614132
v -4.271777 12.415967 -1.519481
v -3.913108 12.653563 -0.656331
v 4.473970 -5.961505 -2.819434
v 3.535352 -5.458179 0.351282
v 3.790060 -5.926918 0.398994
v 4.101035 -5.639327 -2.908582
v -4.271777 12.415967 -1.519481
v -4.625715 11.560987 -2.535837
v -4.197835 12.273395 -1.483557
v 4.695614 -1.316140 -0.283963
v 5.622632 -2.046439 -0.731030
v 4.353840 -1.788305 -0.384516
v 5.622632 -2.046439 -0.731030
v 5.446995 -2.461756 -0.705369
v 4.822198 -0.966027 0.023396
v 5.890446 -1.529228 -0.544373
v 4.695614 -1.316140 -0.283963
v 6.078246 -1.092430 -0.147487
v -2.277654 -0.195812 0.385878
v -2.064204 -0.698956 -0.061950
v -2.611814 -0.472001 0.016362
v -6.148435 -1.092430 -0.147487
v -4.892387 -0.966027 0.023396
v -5.960635 -1.529228 -0.544373
v -4.765803 -1.316140 -0.283963
v -7.534873 4.383587 -0.083620
v -6.045979 7.401655 -0.071454
v -6.861422 2.918059 0.078138
v -3.832695 10.917375 2.340845
v -3.664672 11.148317 2.378480
v -4.316824 10.944366 2.407183
v 1.948188 -0.444248 1.448232
v 2.255937 -0.114656 1.015801
v 2.035816 -0.203988 0.966950
v 2.255937 -0.114656 1.015801
v 1.948188 -0.444248 1.448232
v 2.117934 -0.407196 1.561329
v -1.686701 -4.296594 -1.753087
v -0.081664 -3.228545 3.420308
v -0.081664 -4.542564 3.535497
v 2.749764 -6.124217 -6.094508
v 2.463115 -6.440703 -5.815090
v 2.615948 -5.985271 -5.823263
v 2.615948 -5.985271 -5.823263
v 3.032606 -5.650729 -6.046037
v -2.063624 -0.261198 1.112171
v -2.326127 -0.114656 1.015801
v -2.176920 -0.304160 1.400521
v -1.708943 -1.070187 1.524834
v -1.792184 -1.339144 1.652948
v -1.589955 -1.431340 1.320878
v -1.920490 -0.579787 1.483397
v -1.946720 -0.845897 1.715485
v 9.396268 -1.548805 -0.691873
v 10.047676 0.162675 -0.413028
v 9.001289 -0.031215 -0.474424
v 10.600816 -1.395611 -0.602156
v -9.466838 -1.548805 -0.691873
v -9.071479 -0.031215 -0.474424
v -10.116922 0.162675 -0.413028
v -10.670044 -1.395611 -0.602156
v -2.106006 -0.203988 0.701030
v -2.277654 -0.195812 0.385878
v -2.326127 -0.114656 1.015801
v 1.726382 -0.967550 1.616452
v 1.948188 -0.444248 1.448232
v 1.640458 -0.802935 1.354142
v -2.017997 -0.444629 0.219176
v -2.064204 -0.698956 -0.061950
v -2.277654 -0.195812 0.385878
v 1.492955 -1.695746 0.869821
v 1.523373 -1.443123 1.325440
v 1.417110 -1.244682 0.863737
v -1.564087 -1.417273 0.398232
v -1.563144 -1.695746 0.869631
v -1.630814 -1.732237 0.571016
v -4.197835 12.273395 -1.483557
v -3.913108 12.653563 -0.656331
v -4.271777 12.415967 -1.519481
v -1.490526 -1.258749 0.891678
v -1.589955 -1.431340 1.320878
v -1.563144 -1.695746 0.869631
v 1.474900 -1.452621 0.496693
v 1.560624 -1.732237 0.571206
v 1.492955 -1.695746 0.869821
v 1.492955 -1.695746 0.869821
v 1.417110 -1.244682 0.863737
v -3.410146 12.444481 1.008386
v -3.404454 11.829563 1.897390
v -3.466794 12.695383 0.868488
v 4.795405 10.896092 0.337407
v 5.207115 11.625051 0.464190
v 3.676781 12.007483 -0.131329
v 1.726382 -0.967550 1.616452
v 1.640458 -0.802935 1.354142
v 1.492012 -1.140322 1.226978
v -4.755344 -5.196620 -4.863931
v -4.857981 -5.290520 -5.475038
v -5.339463 -5.677141 -5.310998
v 1.379296 6.227724 -2.534316
v 0.490292 4.576318 -2.495160
v 0.445608 4.541912 -2.632967
v 1.523373 -1.443123 1.325440
v 1.492012 -1.140322 1.226978
v 1.417110 -1.244682 0.863737
v 7.897874 2.232825 -2.257370
v 7.861765 2.167058 -2.141991
v 6.315080 2.616781 -2.607118
v 2.255937 -0.114656 1.015801
v 2.235018 -0.143932 0.562652
v 2.035816 -0.203988 0.966950
v -2.616002 12.856953 1.094493
v -3.072196 13.324549 -0.311147
v -2.804744 13.362562 0.655028
v 1.638754 -1.070188 0.143145
v 1.794232 -1.181961 -0.044083
v 1.611943 -1.489873 0.194466
v -0.159213 -6.996108 5.602993
v -0.246080 -5.901249 4.276999
v -0.419251 -6.550174 4.788882
v -4.259432 -5.109952 -5.586234
v -4.862930 -5.394299 -5.727464
v -4.857981 -5.290520 -5.475038
v 3.424539 11.283657 2.330580
v 3.298716 11.154209 2.220144
v 3.411433 11.095857 2.300738
v -1.636325 -0.759212 1.122055
v -1.920490 -0.579787 1.483397
v -1.708943 -1.070187 1.524834
v -0.246080 -5.901249 4.276999
v -0.139454 -5.942489 3.253990
v -0.419251 -6.550174 4.788882
v -4.813315 -6.026129 -2.738652
v -4.327664 -5.492966 -2.860493
v -4.495687 -5.590274 -3.211949
v 1.948188 -0.444248 1.448232
v 1.769144 -0.486268 1.168246
v 1.640458 -0.802935 1.354142
v -1.503469 -1.019050 0.938059
v -1.589955 -1.431340 1.320878
v -1.490526 -1.258749 0.891678
v -1.564087 -1.417273 0.398232
v -1.490526 -1.258749 0.891678
v -1.563144 -1.695746 0.869631
v -7.972632 2.231302 -2.256230
v -6.381662 2.616400 -2.608448
v -7.934419 2.168581 -2.140280
v -2.063624 -0.261198 1.112171
v -2.176920 -0.304160 1.400521
v -1.920490 -0.579787 1.483397
v 4.257475 -5.492966 -2.860493
v 4.743126 -6.026129 -2.738652
v 4.425498 -5.590274 -3.211949
v -2.106006 -0.203988 0.701030
v -2.326127 -0.114656 1.015801
v -2.063624 -0.261198 1.112171
v 2.235018 -0.143932 0.562652
v 1.992673 -0.261016 0.558088
v 2.035816 -0.203988 0.966950
v 1.876531 -0.845897 -0.047695
v 1.794232 -1.181961 -0.044083
v 1.638754 -1.070188 0.143145
v 1.992673 -0.261016 0.558088
v 2.235018 -0.143932 0.562652
v 2.106731 -0.304160 0.267268
v 2.762109 12.085233 1.930083
v 3.298716 11.154209 2.220144
v 3.424539 11.283657 2.330580
v 5.279716 2.132091 -1.524234
v 4.952026 1.790317 -1.379772
v 6.147819 4.047324 -1.586959
v 3.953913 10.916994 2.386465
v 4.301579 10.953485 2.395207
v 4.263928 11.112389 2.451851
v 0.054999 -5.931468 4.455483
v -0.159213 -6.996108 5.602993
v 0.240714 -6.695393 5.197363
v -1.864422 -1.181961 -0.044083
v -1.564087 -1.417273 0.398232
v -1.714454 -1.531312 0.184202
v -4.862930 -5.394299 -5.727464
v -4.259432 -5.109952 -5.586234
v -4.320812 -5.226276 -5.839609
v 1.417110 -1.244682 0.863737
v 1.492012 -1.140322 1.226978
v 1.458549 -0.872508 0.873240
v -1.564087 -1.417273 0.398232
v -1.864422 -1.181961 -0.044083
v -1.796752 -0.967731 0.051337
v -1.636325 -0.759212 1.122055
v -1.708943 -1.070187 1.524834
v -1.503469 -1.019050 0.938059
v -1.589955 -1.431340 1.320878
v -1.711590 -0.558306 0.932927
v -1.920490 -0.579787 1.483397
v 1.948188 -0.444248 1.448232
v 2.035816 -0.203988 0.966950
v 1.769144 -0.486268 1.168246
v 1.581525 -0.631287 0.833895
v 1.458549 -0.872508 0.873240
v -1.711590 -0.558306 0.932927
v -2.063624 -0.261198 1.112171
v -1.920490 -0.579787 1.483397
v -2.877743 -5.894978 0.635452
v -3.191366 -5.120394 0.270880
v -3.605559 -5.458179 0.351282
v 1.638754 -1.070188 0.143145
v 1.611943 -1.489873 0.194466
v 1.474900 -1.452621 0.496693
v 1.850300 -0.579207 0.185153
v 2.062808 -0.549750 0.020924
v 1.876531 -0.845897 -0.047695
v 3.121176 -5.120394 0.270880
v 2.807554 -5.894978 0.635452
v 3.535352 -5.458179 0.351282
v 2.106731 -0.304160 0.267268
v 2.062808 -0.549750 0.020924
v 1.850300 -0.579207 0.185153
v -7.262871 3.492100 0.294069
v -6.993154 5.827036 0.401843
v -6.839379 5.897189 0.434536
v 1.492012 -1.140322 1.226978
v 1.640458 -0.802935 1.354142
v 1.458549 -0.872508 0.873240
v 1.769144 -0.486268 1.168246
v -2.297612 -6.658341 -3.218982
v -1.191532 -6.330634 -0.113842
v -2.350272 -7.156156 -3.182868
v -2.436939 -6.176859 -3.217272
v -1.529880 -1.003660 0.630129
v -1.490526 -1.258749 0.891678
v -1.564087 -1.417273 0.398232
v 7.951677 4.051130 -0.041421
v 7.047083 4.363629 0.166715
v 7.951677 5.699111 -0.041422
v 7.047083 4.363629 0.166715
v 7.047083 5.386631 0.166715
v 7.951677 5.699111 -0.041422
v -8.021866 4.051130 -0.041421
v -8.021866 5.699111 -0.041422
v -7.117272 4.363629 0.166715
v -7.117272 4.363629 0.166715
v -8.021866 5.699111 -0.041422
v -7.117272 5.386631 0.166715
v -1.503469 -1.019050 0.938059
v -1.490526 -1.258749 0.891678
v -1.529880 -1.003660 0.630129
v 1.769144 -0.486268 1.168246
v 2.035816 -0.203988 0.966950
v 1.681516 -0.516867 0.704642
v 1.581525 -0.631287 0.833895
v 1.769144 -0.486268 1.168246
v 1.681516 -0.516867 0.704642
v 2.035816 -0.203988 0.966950
v 1.992673 -0.261016 0.558088
v 1.681516 -0.516867 0.704642
v -2.106006 -0.203988 0.701030
v -2.017997 -0.444629 0.219176
v -2.277654 -0.195812 0.385878
v -1.711590 -0.558306 0.932927
v -2.106006 -0.203988 0.701030
v -2.063624 -0.261198 1.112171
v 0.265421 -5.994206 4.042058
v 0.054999 -5.931468 4.455483
v 0.240714 -6.695393 5.197363
v -1.588813 -0.734885 0.797400
v -1.636325 -0.759212 1.122055
v -1.503469 -1.019050 0.938059
v -1.588813 -0.734885 0.797400
v -1.711590 -0.558306 0.932927
v -1.636325 -0.759212 1.122055
v 1.509686 -0.909180 0.520454
v 1.474900 -1.452621 0.496693
v 1.417110 -1.244682 0.863737
v 1.458549 -0.872508 0.873240
v 1.581525 -0.631287 0.833895
v 1.417110 -1.244682 0.863737
v 1.992673 -0.261016 0.558088
v 2.106731 -0.304160 0.267268
v 1.850300 -0.579207 0.185153
v -1.669969 -0.893989 0.319348
v -1.529880 -1.003660 0.630129
v -1.564087 -1.417273 0.398232
v -2.017997 -0.444629 0.219176
v -1.796752 -0.967731 0.051337
v -2.064204 -0.698956 -0.061950
v 3.784168 0.114765 -1.134379
v 4.952026 1.790317 -1.379772
v 5.279716 2.132091 -1.524234
v 3.477960 11.907312 1.865837
v 5.791216 7.973810 0.698938
v 6.107522 9.981421 1.320118
v -1.588813 -0.734885 0.797400
v -1.503469 -1.019050 0.938059
v -1.529880 -1.003660 0.630129
v -0.159213 -6.996108 5.602993
v 0.054999 -5.931468 4.455483
v -0.246080 -5.901249 4.276999
v -1.826028 -0.513640 0.463239
v -2.106006 -0.203988 0.701030
v -1.711590 -0.558306 0.932927
v 3.668425 -5.284828 -5.950236
v 4.189225 -5.109952 -5.586234
v 4.407824 -5.238258 -5.807487
v 2.734736 13.362562 0.654269
v 3.009983 13.354948 -0.324642
v 2.514253 12.883563 1.313085
v -1.669969 -0.893989 0.319348
v -1.564087 -1.417273 0.398232
v -1.796752 -0.967731 0.051337
v -2.017997 -0.444629 0.219176
v -2.974290 -3.528861 7.031061
v -1.886283 -6.465591 6.924046
v -2.921648 -3.558518 6.902948
v -1.826028 -0.513640 0.463239
v -2.017997 -0.444629 0.219176
v -2.106006 -0.203988 0.701030
v -1.588813 -0.734885 0.797400
v -1.711590 -0.558306 0.932927
v 1.681516 -0.516867 0.704642
v 1.850300 -0.579207 0.185153
v 1.509686 -0.909180 0.520454
v 1.509686 -0.909180 0.520454
v 1.638754 -1.070188 0.143145
v 1.638754 -1.070188 0.143145
v 1.474900 -1.452621 0.496693
v 1.850300 -0.579207 0.185153
v 1.876531 -0.845897 -0.047695
v 1.638754 -1.070188 0.143145
v 1.992673 -0.261016 0.558088
v 1.681516 -0.516867 0.704642
v -1.669969 -0.893989 0.319348
v -2.017997 -0.444629 0.219176
v -1.826028 -0.513640 0.463239
v -6.004739 12.376050 -0.581630
v -5.774938 12.512912 0.759003
v -5.616976 12.261992 1.141443
v 1.681516 -0.516867 0.704642
v 1.509686 -0.909180 0.520454
v 1.581525 -0.631287 0.833895
v -7.455239 4.536020 0.523304
v -6.784054 2.981360 0.322010
v -6.633706 2.979076 0.271639
v -1.588813 -0.734885 0.797400
v -1.529880 -1.003660 0.630129
v -1.669969 -0.893989 0.319348
v 6.091932 7.410211 -0.260013
v 4.492786 10.458714 -0.547985
v 6.283538 9.289534 -0.647396
v -1.588813 -0.734885 0.797400
v -1.669969 -0.893989 0.319348
v -1.826028 -0.513640 0.463239
v -2.877743 -5.894978 0.635452
v -2.389990 -5.651110 0.540793
v -3.191366 -5.120394 0.270880
v 3.121176 -5.120394 0.270880
v 2.319800 -5.651110 0.540793
v 2.807554 -5.894978 0.635452
v 5.465612 10.896274 -1.697397
v 4.503047 10.672745 -1.702719
v 5.207115 11.625051 -2.042010
v -4.596820 -5.863799 -4.364023
v -4.957011 -6.170587 -4.269932
v -4.602711 -5.967777 -3.144091
v -2.686137 -5.985271 -5.823263
v -3.202206 -5.580014 -6.033681
v -3.088728 -5.494471 -5.802924
v 4.532522 -5.967777 -3.144091
v 4.886822 -6.170587 -4.269932
v 4.526630 -5.863799 -4.364023
v 2.899551 -3.527719 7.032011
v 2.852021 -3.558699 6.902948
v 1.817037 -6.461604 6.924427
v -1.633859 -6.370550 0.394620
v -1.191532 -6.330634 -0.113842
v -1.374021 -5.678482 -0.081718
v 4.101035 -5.639327 -2.908582
v 3.121176 -5.120394 0.270880
v 3.535352 -5.458179 0.351282
v 6.584054 7.507917 -3.854038
v 6.475508 7.183074 -4.086697
v 6.781535 7.635081 -3.926650
v 6.362411 10.139763 -2.948690
v 6.781535 7.635081 -3.926650
v 3.676781 12.007483 -0.131329
v 5.207115 11.625051 0.464190
v 4.804523 12.218287 0.337407
v 6.283538 9.289534 -0.647396
v 7.478751 5.172020 -0.195958
v 6.091932 7.410211 -0.260013
v -5.497226 -6.027272 -4.651612
v -5.198414 -6.251381 -4.137826
v -5.247086 -5.601676 -4.729546
v 4.787792 -5.290520 -5.475038
v 4.407824 -5.238258 -5.807487
v 4.189225 -5.109952 -5.586234
v -0.139454 -5.942489 3.253990
v -0.246080 -5.901249 4.276999
v -0.029584 -5.639326 3.285162
v 5.427037 -6.027272 -4.651612
v 5.176897 -5.601676 -4.729546
v 5.128224 -6.251381 -4.137826
v -3.202206 -5.580014 -6.033681
v -2.686137 -5.985271 -5.823263
v -2.828890 -6.035629 -6.070366
v -6.215905 11.643667 -1.889377
v -5.996183 12.571826 -0.387748
v -6.004739 12.376050 -0.581630
v 2.463115 -6.440703 -5.815090
v 2.344888 -6.216975 -5.232495
v 2.615948 -5.985271 -5.823263
v 2.767058 -6.628123 -4.646101
v 2.728845 -7.108263 -4.615688
v 2.338997 -6.673351 -3.529002
v 2.994212 -6.178962 -4.636405
v 2.479666 -6.217156 -3.528052
v -1.878869 -5.829773 0.441761
v -1.633859 -6.370550 0.394620
v -1.374021 -5.678482 -0.081718
v -2.415078 -6.216975 -5.232495
v -2.533305 -6.440703 -5.815090
v -2.686137 -5.985271 -5.823263
v -3.716752 -5.287855 -5.952328
v -4.320812 -5.226276 -5.839609
v -4.259432 -5.109952 -5.586234
v -2.837827 -6.625077 -4.646101
v -2.409948 -6.669743 -3.529192
v -2.798291 -7.105399 -4.615878
v -3.065344 -6.177820 -4.636405
v -2.550997 -6.215634 -3.527862
v 2.611380 -4.969483 0.172229
v 2.319800 -5.651110 0.540793
v 3.121176 -5.120394 0.270880
v -2.389990 -5.651110 0.540793
v -2.681569 -4.969483 0.172229
v -3.191366 -5.120394 0.270880
v -1.730986 7.736196 -2.508085
v 0.490292 4.576318 -2.495160
v 1.379296 6.227724 -2.534316
v -5.144050 9.951383 -3.479583
v -6.254498 7.438544 -4.061226
v -5.658216 8.327548 -3.787892
v 5.563899 12.300006 1.110269
v 5.815561 12.619356 0.338356
v 5.863273 12.433079 -0.087232
v 3.551140 -5.181230 -5.694388
v 3.032606 -5.650729 -6.046037
v 3.004273 -5.503227 -5.794751
v 6.602672 4.959894 0.499355
v 6.536724 2.976991 0.248830
v 6.713865 2.981360 0.322010
v 1.563851 -6.370749 0.394811
v 1.808680 -5.829773 0.441761
v 1.195104 -5.934894 -0.103197
v 1.526980 -5.362757 -0.036479
v 5.604377 8.300176 -3.791884
v 6.178599 7.440629 -4.060655
v 5.085643 9.916415 -3.472169
v -1.638989 4.682961 -2.472161
v -2.011924 3.001698 -2.541539
v 0.490292 4.576318 -2.495160
v -1.730986 7.736196 -2.508085
v 1.195104 -5.934894 -0.103197
v 2.271708 -6.420546 -3.222785
v 1.137513 -6.479477 -0.112702
v 2.512168 -5.950103 -3.200545
v 3.032606 -5.650729 -6.046037
v 3.551140 -5.181230 -5.694388
v 3.668425 -5.284828 -5.950236
v -3.122754 -0.911464 -1.096744
v -5.098622 1.812178 -1.440979
v -3.167039 -0.797425 -1.000184
v -3.167039 -0.797425 -1.000184
v -5.098622 1.812178 -1.440979
v -4.809889 0.224834 -0.661272
v 2.463115 -6.440703 -5.815090
v 2.275134 -6.849168 -5.199802
v 2.344888 -6.216975 -5.232495
v 2.615948 -5.985271 -5.823263
v 2.635706 -5.654899 -5.222802
v 5.537650 1.317590 -0.756883
v 3.784168 0.114765 -1.134379
v 3.816671 -0.603353 -0.708600
v 3.784168 0.114765 -1.134379
v 5.537650 1.317590 -0.756883
v 4.952026 1.790317 -1.379772
v -4.259432 -5.109952 -5.586234
v -3.629505 -5.176480 -5.682984
v -3.716752 -5.287855 -5.952328
v 4.189225 -5.109952 -5.586234
v 3.668425 -5.284828 -5.950236
v 3.551140 -5.181230 -5.694388
v 5.537650 1.317590 -0.756883
v 3.816671 -0.603353 -0.708600
v 4.835123 0.224453 -0.553307
v 4.076509 -5.722188 -4.462674
v 4.324764 -5.574503 -4.347105
v 3.641614 -5.533645 -4.480350
v 3.493731 -5.796891 -4.572159
v 3.028419 -5.855062 -4.577101
v 3.493731 -5.796891 -4.572159
v 2.994212 -6.178962 -4.636405
v -3.098608 -5.855062 -4.577101
v -3.563920 -5.796891 -4.572159
v -3.065344 -6.177820 -4.636405
v -3.711804 -5.533645 -4.480350
v -3.563920 -5.796891 -4.572159
v -4.146716 -5.722188 -4.462674
v -4.394953 -5.574503 -4.347105
v -2.415078 -6.216975 -5.232495
v -2.345324 -6.849168 -5.199802
v -2.533305 -6.440703 -5.815090
v -2.705896 -5.654899 -5.222802
v -2.686137 -5.985271 -5.823263
v -2.837827 -6.625077 -4.646101
v -2.550997 -6.215634 -3.527862
v -2.409948 -6.669743 -3.529192
v -3.202206 -5.580014 -6.033681
v -3.629505 -5.176480 -5.682984
v -3.088728 -5.494471 -5.802924
v 3.004273 -5.503227 -5.794751
v 3.032606 -5.650729 -6.046037
v 2.615948 -5.985271 -5.823263
v -4.809889 0.224834 -0.661272
v -4.378421 -0.453004 -0.157940
v -3.167039 -0.797425 -1.000184
v 2.243774 -6.252324 -3.597050
v 2.032789 -6.603397 -3.234379
v 2.196244 -6.076125 -3.230006
v 0.265421 -5.994206 4.042058
v 0.122668 -5.977094 3.235552
v -0.029584 -5.639326 3.285162
v -2.314144 -6.251943 -3.597050
v -2.266814 -6.075745 -3.230006
v -2.103160 -6.602255 -3.234379
v -3.629505 -5.176480 -5.682984
v -3.202206 -5.580014 -6.033681
v -3.716752 -5.287855 -5.952328
v 3.784168 0.114765 -1.134379
v 3.006938 -0.950057 -1.138562
v 3.816671 -0.603353 -0.708600
v -3.191366 -5.120394 0.270880
v -4.171225 -5.639327 -2.908582
v -3.605559 -5.458179 0.351282
v -4.171225 -5.639327 -2.908582
v -3.704970 -5.488579 -3.006853
v -1.730986 7.736196 -2.508085
v 1.683800 7.741145 -2.555036
v 1.106334 8.985029 -2.330931
v 1.379296 6.227724 -2.534316
v 5.233146 0.214556 -0.107761
v 4.835123 0.224453 -0.553307
v 4.295687 -0.448816 -0.125247
v 5.537650 1.317590 -0.756883
v -2.879447 6.374284 -2.468928
v -3.343056 5.335494 -2.610349
v -3.448739 5.242935 -2.746445
v 2.512168 -5.950103 -3.200545
v 2.534392 -5.642935 -3.186858
v 2.196244 -6.076125 -3.230006
v 3.035833 -5.558152 -3.119572
v 3.029361 -5.357428 -3.105695
v -4.259432 -5.109952 -5.586234
v -4.857981 -5.290520 -5.475038
v -4.755344 -5.196620 -4.863931
v -5.742236 1.377846 -0.654239
v -4.809889 0.224834 -0.661272
v -5.098622 1.812178 -1.440979
v -2.604600 -5.642935 -3.186858
v -3.099550 -5.357428 -3.105695
v -2.759879 -5.771421 -3.175264
v 5.537650 1.317590 -0.756883
v 6.147819 4.047324 -1.586959
v 4.952026 1.790317 -1.379772
v 4.295687 -0.448816 -0.125247
v 4.835123 0.224453 -0.553307
v 3.816671 -0.603353 -0.708600
v -3.099550 -5.357428 -3.105695
v -3.662388 -5.285389 -3.000391
v -3.216654 -5.530780 -3.099423
v 4.685154 -5.196620 -4.863931
v 4.787792 -5.290520 -5.475038
v 4.189225 -5.109952 -5.586234
v -4.809889 0.224834 -0.661272
v -5.742236 1.377846 -0.654239
v -5.287383 0.198024 -0.110040
v -4.378421 -0.453004 -0.157940
v -1.878869 -5.829773 0.441761
v -1.374021 -5.678482 -0.081718
v -1.706840 -5.276271 -0.015761
v 6.785522 2.918440 0.077567
v 6.536724 2.976991 0.248830
v 6.602672 4.959894 0.499355
v 2.743111 6.451833 -2.440037
v 3.378350 5.243116 -2.747775
v 3.275133 5.331886 -2.611679
v 2.083908 -5.028596 0.069965
v 1.808680 -5.829773 0.441761
v 2.319800 -5.651110 0.540793
v 6.749993 2.978133 0.359267
v 6.656655 2.932887 0.081750
v 6.867839 2.931564 0.186103
v 6.538990 2.979456 0.254912
v 3.634780 -5.488579 -3.006853
v 3.029361 -5.357428 -3.105695
v 3.035833 -5.558152 -3.119572
v -2.759879 -5.771421 -3.175264
v -3.099550 -5.357428 -3.105695
v -3.216654 -5.530780 -3.099423
v 2.083908 -5.028596 0.069965
v 2.319800 -5.651110 0.540793
v 2.611380 -4.969483 0.172229
v -6.820364 2.978133 0.359267
v -6.938028 2.931564 0.186103
v -6.726844 2.932887 0.081750
v -6.609197 2.979456 0.254912
v 3.029361 -5.357428 -3.105695
v 3.634780 -5.488579 -3.006853
v 3.592199 -5.285389 -3.000391
v -2.389990 -5.651110 0.540793
v -1.878869 -5.829773 0.441761
v -2.154098 -5.028596 0.069965
v -2.389990 -5.651110 0.540793
v -2.154098 -5.028596 0.069965
v -2.681569 -4.969483 0.172229
v -3.704970 -5.488579 -3.006853
v -3.216654 -5.530780 -3.099423
v -3.662388 -5.285389 -3.000391
v -3.753043 11.359502 1.412876
v -5.185870 11.020972 1.707120
v -6.145009 7.583183 0.778771
v -2.604600 -5.642935 -3.186858
v -2.436939 -6.176859 -3.217272
v -2.266814 -6.075745 -3.230006
v -2.762925 -6.285968 -4.608464
v -3.065344 -6.177820 -4.636405
v -2.837827 -6.625077 -4.646101
v -3.098608 -5.855062 -4.577101
v -4.220459 -5.664597 -3.235709
v -4.596820 -5.863799 -4.364023
v -4.602711 -5.967777 -3.144091
v -3.751539 -5.534388 -3.334171
v -4.146716 -5.722188 -4.462674
v 2.994212 -6.178962 -4.636405
v 2.692735 -6.285968 -4.608464
v 2.767058 -6.628123 -4.646101
v 3.028419 -5.855062 -4.577101
v -2.436939 -6.176859 -3.217272
v -2.604600 -5.642935 -3.186858
v -2.759879 -5.771421 -3.175264
v 2.512168 -5.950103 -3.200545
v 3.035833 -5.558152 -3.119572
v 2.534392 -5.642935 -3.186858
v 4.526630 -5.863799 -4.364023
v 4.150269 -5.664597 -3.235709
v 4.532522 -5.967777 -3.144091
v 4.076509 -5.722188 -4.462674
v 3.681350 -5.534388 -3.334171
v 4.257475 -5.492966 -2.860493
v 3.592199 -5.285389 -3.000391
v 3.634780 -5.488579 -3.006853
v 3.634780 -5.488579 -3.006853
v 4.101035 -5.639327 -2.908582
v -4.755344 -5.196620 -4.863931
v -4.118202 -5.020041 -4.998888
v -4.259432 -5.109952 -5.586234
v -3.704970 -5.488579 -3.006853
v -4.327664 -5.492966 -2.860493
v -4.171225 -5.639327 -2.908582
v -3.662388 -5.285389 -3.000391
v -3.704970 -5.488579 -3.006853
v 4.048013 -5.020041 -4.998888
v 4.685154 -5.196620 -4.863931
v 4.189225 -5.109952 -5.586234
v 3.493731 -5.796891 -4.572159
v 4.076509 -5.722188 -4.462674
v 3.641614 -5.533645 -4.480350
v 5.869345 -2.246402 5.834319
v 6.010576 -4.054248 5.716090
v 5.913069 -2.230812 5.970417
v -2.011924 3.001698 -2.541539
v 0.445608 4.541912 -2.632967
v 0.490292 4.576318 -2.495160
v -3.563920 -5.796891 -4.572159
v -3.711804 -5.533645 -4.480350
v -4.146716 -5.722188 -4.462674
v -2.614280 -6.811735 -4.596110
v -2.762925 -6.285968 -4.608464
v -2.837827 -6.625077 -4.646101
v -3.826042 -5.349071 -3.355840
v -4.495687 -5.590274 -3.211949
v -4.327664 -5.492966 -2.860493
v 2.512168 -5.950103 -3.200545
v 2.196244 -6.076125 -3.230006
v 2.271708 -6.420546 -3.222785
v -1.878869 -5.829773 0.441761
v -1.706840 -5.276271 -0.015761
v -2.154098 -5.028596 0.069965
v 4.257475 -5.492966 -2.860493
v 4.425498 -5.590274 -3.211949
v 3.755853 -5.349071 -3.355840
v 2.743111 6.451833 -2.440037
v 3.475295 8.463250 -2.113479
v 1.683800 7.741145 -2.555036
v 1.526980 -5.362757 -0.036479
v 1.808680 -5.829773 0.441761
v 2.083908 -5.028596 0.069965
v -2.436939 -6.176859 -3.217272
v -2.103160 -6.602255 -3.234379
v -2.266814 -6.075745 -3.230006
v -2.436939 -6.176859 -3.217272
v -1.374021 -5.678482 -0.081718
v -1.191532 -6.330634 -0.113842
v -2.759879 -5.771421 -3.175264
v -2.436939 -6.176859 -3.217272
v -2.297612 -6.658341 -3.218982
v -2.103160 -6.602255 -3.234379
v 2.271708 -6.420546 -3.222785
v 2.032789 -6.603397 -3.234379
v 2.231411 -6.919322 -3.204725
v 2.196244 -6.076125 -3.230006
v 4.526630 -5.863799 -4.364023
v 4.794644 -5.830916 -4.235529
v 4.324764 -5.574503 -4.347105
v -1.730986 7.736196 -2.508085
v -3.545684 8.474852 -2.110819
v -2.879447 6.374284 -2.468928
v -4.596820 -5.863799 -4.364023
v -4.394953 -5.574503 -4.347105
v -4.864833 -5.830916 -4.235529
v -5.247086 -5.601676 -4.729546
v -5.198414 -6.251381 -4.137826
v -4.864833 -5.830916 -4.235529
v 5.791216 7.973810 0.698938
v 6.602672 4.959894 0.499355
v 6.107522 9.981421 1.320118
v 3.870654 12.138454 -2.551995
v 3.594102 12.704882 -1.560920
v 3.467700 13.149673 -1.298229
v 3.009983 13.354948 -0.324642
v 5.176897 -5.601676 -4.729546
v 4.794644 -5.830916 -4.235529
v 5.128224 -6.251381 -4.137826
v 4.101035 -5.639327 -2.908582
v 4.473970 -5.961505 -2.819434
v 4.257475 -5.492966 -2.860493
v -5.098622 1.812178 -1.440979
v -6.593988 3.988972 -1.130389
v -5.742236 1.377846 -0.654239
v 4.473970 -5.961505 -2.819434
v 4.743126 -6.026129 -2.738652
v 4.257475 -5.492966 -2.860493
v -4.171225 -5.639327 -2.908582
v -4.327664 -5.492966 -2.860493
v -4.544159 -5.961505 -2.819434
v -4.544159 -5.961505 -2.819434
v -4.327664 -5.492966 -2.860493
v -4.813315 -6.026129 -2.738652
v 2.615948 -5.985271 -5.823263
v 2.635706 -5.654899 -5.222802
v 3.004273 -5.503227 -5.794751
v 2.458185 -7.489555 -5.117878
v 2.604346 -7.350790 -4.541936
v 2.275134 -6.849168 -5.199802
v 2.862480 -7.820870 -4.454879
v 2.544091 -6.811735 -4.596110
v 2.344888 -6.216975 -5.232495
v 2.604346 -7.350790 -4.541936
v 2.544091 -6.811735 -4.596110
v 2.344888 -6.216975 -5.232495
v 2.692735 -6.285968 -4.608464
v -6.214201 4.036302 -1.587909
v -6.593988 3.988972 -1.130389
v -5.098622 1.812178 -1.440979
v 2.231411 -6.919322 -3.204725
v 2.032789 -6.603397 -3.234379
v 2.078978 -7.176676 -3.195603
v -2.705896 -5.654899 -5.222802
v -2.686137 -5.985271 -5.823263
v -3.088728 -5.494471 -5.802924
v 4.076509 -5.722188 -4.462674
v 4.526630 -5.863799 -4.364023
v 4.324764 -5.574503 -4.347105
v -2.674535 -7.350790 -4.541936
v -2.528374 -7.489555 -5.117878
v -2.345324 -6.849168 -5.199802
v -2.932670 -7.820870 -4.454879
v -2.614280 -6.811735 -4.596110
v -2.415078 -6.216975 -5.232495
v -2.614280 -6.811735 -4.596110
v -2.674535 -7.350790 -4.541936
v -2.762925 -6.285968 -4.608464
v -2.415078 -6.216975 -5.232495
v -2.148968 -7.175734 -3.195603
v -2.103160 -6.602255 -3.234379
v -2.297612 -6.658341 -3.218982
v 6.362411 10.139763 -2.948690
v 6.781535 7.635081 -3.926650
v 6.887797 10.628840 -2.958765
v 6.528349 11.703741 -1.875501
v 6.887797 10.628840 -2.958765
v -4.146716 -5.722188 -4.462674
v -4.394953 -5.574503 -4.347105
v -4.596820 -5.863799 -4.364023
v 6.554199 12.541409 1.110080
v 6.511255 12.636451 0.168996
v 6.710638 12.828438 0.263655
v -0.222695 -5.913793 3.243154
v 0.059186 -6.025748 3.226998
v -0.085471 -6.049695 3.223576
v 0.168095 -5.863997 3.250187
v -0.172519 -5.728078 3.269765
v 0.015082 -5.678282 3.276989
v 1.526980 -5.362757 -0.036479
v 2.512168 -5.950103 -3.200545
v 1.195104 -5.934894 -0.103197
v -1.730986 7.736196 -2.508085
v 1.106334 8.985029 -2.330931
v -1.890271 9.677297 -2.149025
v 2.196244 -6.076125 -3.230006
v 2.695781 -5.666120 -3.543259
v 2.243774 -6.252324 -3.597050
v -4.657836 6.493272 -1.944310
v -3.545684 8.474852 -2.110819
v -4.813895 8.386281 -1.700057
v 6.575879 12.472996 -0.703090
v 6.821832 12.080084 -1.698537
v 6.725086 12.740992 -0.448953
v 6.511255 12.636451 0.168996
v -4.327664 -5.492966 -2.860493
v -3.662388 -5.285389 -3.000391
v -3.826042 -5.349071 -3.355840
v -5.774938 12.512912 0.759003
v -6.004739 12.376050 -0.581630
v -5.996183 12.571826 -0.387748
v 2.767058 -6.628123 -4.646101
v 2.692735 -6.285968 -4.608464
v 2.544091 -6.811735 -4.596110
v 2.767058 -6.628123 -4.646101
v 2.728845 -7.108263 -4.615688
v 3.592199 -5.285389 -3.000391
v 4.257475 -5.492966 -2.860493
v 3.755853 -5.349071 -3.355840
v -4.146716 -5.722188 -4.462674
v -4.596820 -5.863799 -4.364023
v -4.220459 -5.664597 -3.235709
v -3.832695 10.917375 2.340845
v -3.434853 11.090727 2.242384
v -3.664672 11.148317 2.378480
v -2.765970 -5.666120 -3.543259
v -2.266814 -6.075745 -3.230006
v -2.314144 -6.251943 -3.597050
v 3.121176 -5.120394 0.270880
v 4.101035 -5.639327 -2.908582
v 3.634780 -5.488579 -3.006853
v 4.150269 -5.664597 -3.235709
v 4.526630 -5.863799 -4.364023
v 4.076509 -5.722188 -4.462674
v -1.730986 7.736196 -2.508085
v -1.890271 9.677297 -2.149025
v -3.545684 8.474852 -2.110819
v 3.953913 10.916994 2.386465
v 3.411433 11.095857 2.300738
v 3.679627 10.942082 2.307772
v 6.172708 1.490762 0.158161
v 5.537650 1.317590 -0.756883
v 5.233146 0.214556 -0.107761
v 2.695781 -5.666120 -3.543259
v 2.196244 -6.076125 -3.230006
v 2.534392 -5.642935 -3.186858
v 4.473970 -5.961505 -2.819434
v 4.695995 -6.406297 -2.753287
v 4.743126 -6.026129 -2.738652
v -2.297612 -6.658341 -3.218982
v -2.350272 -7.156156 -3.182868
v -2.148968 -7.175734 -3.195603
v -2.407283 -7.685530 -3.119001
v 2.231411 -6.919322 -3.204725
v 2.078978 -7.176676 -3.195603
v 2.381760 -7.393751 -3.150934
v -4.544159 -5.961505 -2.819434
v -4.813315 -6.026129 -2.738652
v -4.766184 -6.406297 -2.753287
v 6.147819 4.047324 -1.586959
v 5.537650 1.317590 -0.756883
v 6.808526 3.906292 -0.717154
v -2.266814 -6.075745 -3.230006
v -2.765970 -5.666120 -3.543259
v -2.604600 -5.642935 -3.186858
v -2.681569 -4.969483 0.172229
v -3.704970 -5.488579 -3.006853
v -3.191366 -5.120394 0.270880
v -3.545684 8.474852 -2.110819
v -4.657836 6.493272 -1.944310
v -2.879447 6.374284 -2.468928
v -4.347042 5.569862 -2.317816
v 3.634780 -5.488579 -3.006853
v 2.611380 -4.969483 0.172229
v 3.121176 -5.120394 0.270880
v 1.106334 8.985029 -2.330931
v 3.475295 8.463250 -2.113479
v 1.612705 10.019252 -2.058737
v -6.323310 1.650609 0.172228
v -5.287383 0.198024 -0.110040
v -5.742236 1.377846 -0.654239
v 4.695995 -6.406297 -2.753287
v 4.917240 -6.572236 -2.676495
v 4.743126 -6.026129 -2.738652
v 2.381760 -7.393751 -3.150934
v 2.078978 -7.176676 -3.195603
v 2.337674 -7.686092 -3.119001
v -2.407283 -7.685530 -3.119001
v -2.350272 -7.156156 -3.182868
v -2.587488 -7.593715 -3.114059
v -4.766184 -6.406297 -2.753287
v -4.813315 -6.026129 -2.738652
v -4.987429 -6.572236 -2.676495
v 6.808526 3.906292 -0.717154
v 5.537650 1.317590 -0.756883
v 6.172708 1.490762 0.158161
v 4.695995 -6.406297 -2.753287
v 4.732105 -6.905254 -2.720404
v 4.917240 -6.572236 -2.676495
v 2.381760 -7.393751 -3.150934
v 2.337674 -7.686092 -3.119001
v 2.802605 -7.857160 -3.045249
v -4.766184 -6.406297 -2.753287
v -4.987429 -6.572236 -2.676495
v -4.802294 -6.905254 -2.720404
v 4.902031 3.597220 -2.622324
v 4.276853 5.569862 -2.317816
v 3.275133 5.331886 -2.611679
v -4.952842 3.613752 -2.622703
v -3.343056 5.335494 -2.610349
v -4.347042 5.569862 -2.317816
v 4.582318 6.495357 -1.945449
v 3.475295 8.463250 -2.113479
v 2.743111 6.451833 -2.440037
v 4.276853 5.569862 -2.317816
v 5.499836 4.798143 -2.079076
v 4.582318 6.495357 -1.945449
v 4.902031 3.597220 -2.622324
v 7.861765 2.167058 -2.141991
v 4.582318 6.495357 -1.945449
v 4.727736 8.417261 -1.700628
v 3.475295 8.463250 -2.113479
v 4.233529 9.946833 -1.458656
v -2.879447 6.374284 -2.468928
v -4.347042 5.569862 -2.317816
v -3.343056 5.335494 -2.610349
v -2.614280 -6.811735 -4.596110
v -2.837827 -6.625077 -4.646101
v -2.798291 -7.105399 -4.615878
v -6.593988 3.988972 -1.130389
v -6.950192 3.909338 -0.529737
v -5.742236 1.377846 -0.654239
v 3.551140 -5.181230 -5.694388
v 3.004273 -5.503227 -5.794751
v 3.252908 -5.154238 -5.146771
v 2.994212 -6.178962 -4.636405
v 2.479666 -6.217156 -3.528052
v 2.770864 -5.843460 -3.493078
v -3.629505 -5.176480 -5.682984
v -3.323098 -5.154238 -5.146771
v -3.088728 -5.494471 -5.802924
v 5.815561 12.619356 0.338356
v 6.001639 12.303813 -1.061009
v 5.863273 12.433079 -0.087232
v 5.465231 8.339131 -1.283783
v 4.582318 6.495357 -1.945449
v 5.812516 6.339879 -1.335866
v 4.276853 5.569862 -2.317816
v 2.743111 6.451833 -2.440037
v 3.275133 5.331886 -2.611679
v -2.674535 -7.350790 -4.541936
v -2.614280 -6.811735 -4.596110
v -2.798291 -7.105399 -4.615878
v -2.841054 -5.843460 -3.493078
v -2.550997 -6.215634 -3.527862
v -3.065344 -6.177820 -4.636405
v 2.728845 -7.108263 -4.615688
v 2.544091 -6.811735 -4.596110
v 2.604346 -7.350790 -4.541936
v 1.683800 7.741145 -2.555036
v 3.475295 8.463250 -2.113479
v 1.106334 8.985029 -2.330931
v -6.694541 12.706785 0.347291
v -6.799263 12.739106 -0.432607
v -6.599118 12.469189 -0.645876
v -6.798502 11.934104 -1.717736
v 4.526630 -5.863799 -4.364023
v 4.886822 -6.170587 -4.269932
v 4.794644 -5.830916 -4.235529
v -3.629505 -5.176480 -5.682984
v -4.259432 -5.109952 -5.586234
v -4.118202 -5.020041 -4.998888
v 4.048013 -5.020041 -4.998888
v 4.189225 -5.109952 -5.586234
v 3.551140 -5.181230 -5.694388
v -2.838770 -8.053897 -3.016166
v -2.587488 -7.593715 -3.114059
v -2.972205 -7.903349 -3.023390
v -4.596820 -5.863799 -4.364023
v -4.864833 -5.830916 -4.235529
v -4.957011 -6.170587 -4.269932
v -4.952842 3.613752 -2.622703
v -4.347042 5.569862 -2.317816
v -7.934419 2.168581 -2.140280
v -2.838770 -8.053897 -3.016166
v -2.407283 -7.685530 -3.119001
v -2.587488 -7.593715 -3.114059
v 4.732105 -6.905254 -2.720404
v 4.871613 -7.146838 -2.655397
v 4.917240 -6.572236 -2.676495
v 2.802605 -7.857160 -3.045249
v 2.337674 -7.686092 -3.119001
v 2.769142 -8.054277 -3.016166
v 3.953532 -4.299258 -0.518711
v 3.500003 -4.145864 -1.078496
v 3.394320 -4.257257 -0.740534
v 3.394320 -4.257257 -0.740534
v 3.779238 -4.387648 -0.265335
v 3.953532 -4.299258 -0.518711
v 4.732105 -6.905254 -2.720404
v 4.577750 -7.381026 -2.725536
v 4.871613 -7.146838 -2.655397
v -4.802294 -6.905254 -2.720404
v -4.987429 -6.572236 -2.676495
v -4.941803 -7.146838 -2.655397
v -3.663150 -4.145864 -1.078496
v -4.116860 -4.299258 -0.518711
v -3.557467 -4.257257 -0.740534
v -3.557467 -4.257257 -0.740534
v -4.116860 -4.299258 -0.518711
v -3.942565 -4.387648 -0.265335
v 4.886822 -6.170587 -4.269932
v 5.128224 -6.251381 -4.137826
v 4.794644 -5.830916 -4.235529
v -4.802294 -6.905254 -2.720404
v -4.941803 -7.146838 -2.655397
v -4.647939 -7.381026 -2.725536
v -4.957011 -6.170587 -4.269932
v -4.864833 -5.830916 -4.235529
v -5.198414 -6.251381 -4.137826
v 3.500003 -4.145864 -1.078496
v 2.889472 -4.043988 -1.569092
v 2.875967 -4.170953 -1.157190
v 2.875967 -4.170953 -1.157190
v 3.394320 -4.257257 -0.740534
v 3.500003 -4.145864 -1.078496
v -3.052800 -4.043988 -1.569092
v -3.663150 -4.145864 -1.078496
v -3.039114 -4.170953 -1.157190
v -3.039114 -4.170953 -1.157190
v -3.663150 -4.145864 -1.078496
v -3.557467 -4.257257 -0.740534
v 4.081838 -7.902406 -2.795485
v 4.513325 -7.801473 -2.690940
v 4.577750 -7.381026 -2.725536
v 3.379691 -8.037745 -2.923789
v 2.769142 -8.054277 -3.016166
v 3.308215 -8.225346 -2.902689
v 6.511255 12.636451 0.168996
v 6.725086 12.740992 -0.448953
v 6.710638 12.828438 0.263655
v -6.045979 7.401655 -0.071454
v -6.633706 2.979076 0.271639
v -6.861422 2.918059 0.078138
v 0.054999 -5.931468 4.455483
v -0.029584 -5.639326 3.285162
v -0.246080 -5.901249 4.276999
v 0.265421 -5.994206 4.042058
v 2.769142 -8.054277 -3.016166
v 3.379691 -8.037745 -2.923789
v 2.802605 -7.857160 -3.045249
v -4.583315 -7.801672 -2.690940
v -4.344196 -7.746928 -2.765834
v -4.647939 -7.381026 -2.725536
v -3.377643 -8.225164 -2.902689
v -2.972205 -7.903349 -3.023390
v -3.444370 -8.037745 -2.924738
v -5.247086 -5.601676 -4.729546
v -4.864833 -5.830916 -4.235529
v -4.755344 -5.196620 -4.863931
v 4.062641 12.012995 -1.794906
v 3.726578 10.709997 -0.788815
v 3.482329 11.489711 -0.788815
v 5.176897 -5.601676 -4.729546
v 4.685154 -5.196620 -4.863931
v 4.794644 -5.830916 -4.235529
v -2.972205 -7.903349 -3.023390
v -3.377643 -8.225164 -2.902689
v -2.838770 -8.053897 -3.016166
v 4.232767 -4.430410 0.088593
v 3.953532 -4.299258 -0.518711
v 3.779238 -4.387648 -0.265335
v 4.016453 -4.499041 0.250351
v 4.081838 -7.902406 -2.795485
v 3.379691 -8.037745 -2.923789
v 3.872757 -8.172885 -2.795866
v 3.592199 -5.285389 -3.000391
v 3.755853 -5.349071 -3.355840
v 3.195879 -5.400771 -3.461334
v -3.266069 -5.400771 -3.461334
v -3.826042 -5.349071 -3.355840
v -3.662388 -5.285389 -3.000391
v 2.994212 -6.178962 -4.636405
v 2.770864 -5.843460 -3.493078
v 3.493731 -5.796891 -4.572159
v -4.116860 -4.299258 -0.518711
v -4.396095 -4.430410 0.088593
v -3.942565 -4.387648 -0.265335
v -4.179780 -4.499041 0.250351
v 2.145686 -4.055953 -1.971679
v 2.244154 -4.181031 -1.498953
v 2.889472 -4.043988 -1.569092
v 2.244154 -4.181031 -1.498953
v 2.875967 -4.170953 -1.157190
v 2.889472 -4.043988 -1.569092
v 1.612705 10.019252 -2.058737
v 1.258966 10.770071 -1.764305
v -1.890271 9.677297 -2.149025
v 1.106334 8.985029 -2.330931
v -2.841054 -5.843460 -3.493078
v -3.065344 -6.177820 -4.636405
v -3.563920 -5.796891 -4.572159
v -4.657836 6.493272 -1.944310
v -5.570026 4.798523 -2.079076
v -4.347042 5.569862 -2.317816
v -2.308833 -4.055953 -1.971679
v -3.052800 -4.043988 -1.569092
v -2.407482 -4.181031 -1.498953
v -3.039114 -4.170953 -1.157190
v -2.407482 -4.181031 -1.498953
v -3.052800 -4.043988 -1.569092
v 1.296798 -4.192053 -2.270865
v 0.928794 -4.485735 -1.530886
v 1.523554 -4.296594 -1.753087
v 0.928794 -4.485735 -1.530886
v 1.296798 -4.192053 -2.270865
v 0.702038 -4.381176 -2.048661
v -3.444370 -8.037745 -2.924738
v -3.932106 -7.978251 -2.833310
v -3.942366 -8.173084 -2.795866
v -6.950192 3.909338 -0.529737
v -6.323310 1.650609 0.172228
v -5.742236 1.377846 -0.654239
v -6.867132 5.285697 -0.418920
v -6.593988 3.988972 -1.130389
v 3.029361 -5.357428 -3.105695
v 3.195879 -5.400771 -3.461334
v 2.695781 -5.666120 -3.543259
v -4.118202 -5.020041 -4.998888
v -3.323098 -5.154238 -5.146771
v -3.629505 -5.176480 -5.682984
v 1.523554 -4.296594 -1.753087
v 2.244154 -4.181031 -1.498953
v 2.145686 -4.055953 -1.971679
v 1.523554 -4.296594 -1.753087
v 2.145686 -4.055953 -1.971679
v 1.296798 -4.192053 -2.270865
v -1.092122 -4.485735 -1.530886
v -1.460126 -4.192053 -2.270865
v -1.686701 -4.296594 -1.753087
v -1.460126 -4.192053 -2.270865
v -1.092122 -4.485735 -1.530886
v -0.865366 -4.381176 -2.048661
v -3.545684 8.474852 -2.110819
v -4.037608 9.894173 -1.576885
v -4.813895 8.386281 -1.700057
v 4.577750 -7.381026 -2.725536
v 4.513325 -7.801473 -2.690940
v 4.871613 -7.146838 -2.655397
v -2.765970 -5.666120 -3.543259
v -3.266069 -5.400771 -3.461334
v -3.099550 -5.357428 -3.105695
v -3.444370 -8.037745 -2.924738
v -3.942366 -8.173084 -2.795866
v -3.377643 -8.225164 -2.902689
v -2.759879 -5.771421 -3.175264
v -1.706840 -5.276271 -0.015761
v -1.374021 -5.678482 -0.081718
v -2.154098 -5.028596 0.069965
v 4.503047 10.672745 -1.702719
v 3.726578 10.709997 -0.788815
v 4.062641 12.012995 -1.794906
v -4.647939 -7.381026 -2.725536
v -4.941803 -7.146838 -2.655397
v -4.583315 -7.801672 -2.690940
v -1.460126 -4.192053 -2.270865
v -2.308833 -4.055953 -1.971679
v -1.686701 -4.296594 -1.753087
v -2.407482 -4.181031 -1.498953
v -1.686701 -4.296594 -1.753087
v -2.308833 -4.055953 -1.971679
v -3.323098 -5.154238 -5.146771
v -2.705896 -5.654899 -5.222802
v -3.088728 -5.494471 -5.802924
v 0.353992 -4.481729 3.895507
v -0.081664 -4.542564 3.535497
v -0.081664 -4.481729 3.957664
v -0.081664 -4.542564 3.535497
v -0.517320 -4.481729 3.895507
v -0.081664 -4.481729 3.957664
v -4.344196 -7.746928 -2.765834
v -3.942366 -8.173084 -2.795866
v -3.932106 -7.978251 -2.833310
v 5.863273 12.433079 -0.087232
v 6.001639 12.303813 -1.061009
v 5.974847 12.204982 -0.908757
v -4.657836 6.493272 -1.944310
v -5.885370 6.345208 -1.331492
v -5.570026 4.798523 -2.079076
v -5.554436 8.313481 -1.272757
v -5.885370 6.345208 -1.331492
v 3.029361 -5.357428 -3.105695
v 3.592199 -5.285389 -3.000391
v 3.195879 -5.400771 -3.461334
v 4.727736 8.417261 -1.700628
v 4.582318 6.495357 -1.945449
v 5.465231 8.339131 -1.283783
v 4.727736 8.417261 -1.700628
v 4.233529 9.946833 -1.458656
v -0.081664 -4.542564 3.535497
v 0.353992 -4.481729 3.895507
v 0.722939 -4.542564 3.482655
v -0.517320 -4.481729 3.895507
v -0.081664 -4.542564 3.535497
v -0.886267 -4.542564 3.482655
v -3.662388 -5.285389 -3.000391
v -3.099550 -5.357428 -3.105695
v -3.266069 -5.400771 -3.461334
v -3.704970 -5.488579 -3.006853
v -2.681569 -4.969483 0.172229
v -3.216654 -5.530780 -3.099423
v -3.942366 -8.173084 -2.795866
v -4.344196 -7.746928 -2.765834
v -4.583315 -7.801672 -2.690940
v 3.681350 -5.534388 -3.334171
v 4.076509 -5.722188 -4.462674
v 3.493731 -5.796891 -4.572159
v 2.534392 -5.642935 -3.186858
v 3.029361 -5.357428 -3.105695
v 2.695781 -5.666120 -3.543259
v 3.493731 -5.796891 -4.572159
v 3.196822 -5.597308 -3.424649
v 3.681350 -5.534388 -3.334171
v -3.267011 -5.597308 -3.424649
v -3.563920 -5.796891 -4.572159
v -3.751539 -5.534388 -3.334171
v -3.563920 -5.796891 -4.572159
v -4.146716 -5.722188 -4.462674
v -3.751539 -5.534388 -3.334171
v -5.658216 8.327548 -3.787892
v -6.254498 7.438544 -4.061226
v -6.059665 7.363079 -4.063888
v -2.154098 -5.028596 0.069965
v -3.216654 -5.530780 -3.099423
v -2.681569 -4.969483 0.172229
v 2.611380 -4.969483 0.172229
v 3.634780 -5.488579 -3.006853
v 3.035833 -5.558152 -3.119572
v 1.258024 -4.481729 3.711131
v 0.722939 -4.542564 3.482655
v 0.353992 -4.481729 3.895507
v 0.722939 -4.542564 3.482655
v 1.258024 -4.481729 3.711131
v 1.490671 -4.542564 3.326218
v -3.099550 -5.357428 -3.105695
v -2.604600 -5.642935 -3.186858
v -2.765970 -5.666120 -3.543259
v -0.886267 -4.542564 3.482655
v -1.421352 -4.481729 3.711131
v -0.517320 -4.481729 3.895507
v -1.421352 -4.481729 3.711131
v -0.886267 -4.542564 3.482655
v -1.653818 -4.542564 3.326218
v 3.872757 -8.172885 -2.795866
v 3.379691 -8.037745 -2.923789
v 3.308215 -8.225346 -2.902689
v 4.081838 -7.902406 -2.795485
v 4.513325 -7.801473 -2.690940
v 3.035833 -5.558152 -3.119572
v 1.526980 -5.362757 -0.036479
v 2.083908 -5.028596 0.069965
v 3.252908 -5.154238 -5.146771
v 4.048013 -5.020041 -4.998888
v 3.551140 -5.181230 -5.694388
v 3.004273 -5.503227 -5.794751
v 2.635706 -5.654899 -5.222802
v 2.514253 12.883563 1.313085
v 2.717062 12.064313 1.754258
v 2.762109 12.085233 1.930083
v 3.298716 11.154209 2.220144
v -5.774938 12.512912 0.759003
v -5.492096 12.218287 1.450323
v -5.616976 12.261992 1.141443
v 2.119456 -4.481729 3.412135
v 1.490671 -4.542564 3.326218
v 1.258024 -4.481729 3.711131
v 1.490671 -4.542564 3.326218
v 2.119456 -4.481729 3.412135
v 2.221912 -4.542564 3.072273
v -6.950192 3.909338 -0.529737
v -7.197667 4.130583 0.280764
v -6.323310 1.650609 0.172228
v -1.653818 -4.542564 3.326218
v -2.282603 -4.481729 3.412135
v -1.421352 -4.481729 3.711131
v -2.282603 -4.481729 3.412135
v -1.653818 -4.542564 3.326218
v -2.385240 -4.542564 3.072273
v -1.729082 7.785049 -2.640191
v -1.730986 7.736196 -2.508085
v -2.879447 6.374284 -2.468928
v -3.216654 -5.530780 -3.099423
v -2.154098 -5.028596 0.069965
v -2.759879 -5.771421 -3.175264
v 3.493731 -5.796891 -4.572159
v 2.770864 -5.843460 -3.493078
v 3.196822 -5.597308 -3.424649
v 4.327048 -4.481729 0.720227
v 4.232767 -4.430410 0.088593
v 4.016453 -4.499041 0.250351
v 4.016453 -4.499041 0.250351
v 4.096467 -4.542564 0.786564
v 6.887797 10.628840 -2.958765
v 6.821832 12.080084 -1.698537
v 6.528349 11.703741 -1.875501
v 6.575879 12.472996 -0.703090
v 2.512168 -5.950103 -3.200545
v 1.526980 -5.362757 -0.036479
v 3.035833 -5.558152 -3.119572
v 2.083908 -5.028596 0.069965
v 2.611380 -4.969483 0.172229
v -2.674535 -7.350790 -4.541936
v -2.798291 -7.105399 -4.615878
v -2.943129 -7.561793 -4.551820
v 2.728845 -7.108263 -4.615688
v 2.604346 -7.350790 -4.541936
v 2.874444 -7.563878 -4.551630
v 2.880535 -4.481729 3.009356
v 2.221912 -4.542564 3.072273
v 2.119456 -4.481729 3.412135
v -3.267011 -5.597308 -3.424649
v -2.841054 -5.843460 -3.493078
v -3.563920 -5.796891 -4.572159
v -4.490376 -4.481729 0.720227
v -4.179780 -4.499041 0.250351
v -4.396095 -4.430410 0.088593
v -4.179780 -4.499041 0.250351
v -4.259813 -4.542564 0.786564
v -2.385240 -4.542564 3.072273
v -3.043682 -4.481729 3.009356
v -2.282603 -4.481729 3.412135
v 3.378350 5.243116 -2.747775
v 4.902031 3.597220 -2.622324
v 3.275133 5.331886 -2.611679
v 2.221912 -4.542564 3.072273
v 2.880535 -4.481729 3.009356
v 2.868172 -4.542564 2.730318
v 3.500003 -4.481729 2.518760
v -6.427851 10.223783 -2.978342
v -6.873586 10.474685 -2.940708
v -6.853827 7.718902 -3.927219
v -4.657836 6.493272 -1.944310
v -4.813895 8.386281 -1.700057
v -5.554436 8.313481 -1.272757
v -5.146715 9.906536 -0.804783
v -4.813895 8.386281 -1.700057
v -3.043682 -4.481729 3.009356
v -2.385240 -4.542564 3.072273
v -3.031319 -4.542564 2.730318
v -3.663150 -4.481729 2.518760
v 4.886822 -6.170587 -4.269932
v 5.101614 -6.596182 -4.194661
v 5.128224 -6.251381 -4.137826
v -3.448739 5.242935 -2.746445
v -3.343056 5.335494 -2.610349
v -4.952842 3.613752 -2.622703
v -4.957011 -6.170587 -4.269932
v -5.198414 -6.251381 -4.137826
v -5.171803 -6.596182 -4.194661
v 2.868172 -4.542564 2.730318
v 3.500003 -4.481729 2.518760
v 3.394320 -4.542564 2.313855
v 3.953532 -4.481729 1.959167
v 3.500003 -4.481729 2.518760
v -3.663150 -4.481729 2.518760
v -3.031319 -4.542564 2.730318
v -3.557467 -4.542564 2.313855
v -4.116860 -4.481729 1.959167
v -3.663150 -4.481729 2.518760
v 5.974847 12.204982 -0.908757
v 6.001639 12.303813 -1.061009
v 6.170623 11.604893 -2.031557
v 3.394320 -4.542564 2.313855
v 3.953532 -4.481729 1.959167
v 3.779238 -4.542564 1.838656
v 4.232767 -4.481729 1.351863
v 4.096467 -4.542564 0.786564
v 4.016453 -4.542564 1.322970
v 4.096467 -4.542564 0.786564
v 4.232767 -4.481729 1.351863
v 4.327048 -4.481729 0.720227
v -4.116860 -4.481729 1.959167
v -3.557467 -4.542564 2.313855
v -3.942565 -4.542564 1.838656
v 3.953532 -4.481729 1.959167
v 4.016453 -4.542564 1.322970
v 3.779238 -4.542564 1.838656
v 4.016453 -4.542564 1.322970
v 3.953532 -4.481729 1.959167
v 4.232767 -4.481729 1.351863
v 6.315080 2.616781 -2.607118
v 7.861765 2.167058 -2.141991
v 4.902031 3.597220 -2.622324
v 4.582318 6.495357 -1.945449
v 5.499836 4.798143 -2.079076
v 5.812516 6.339879 -1.335866
v -4.179780 -4.542564 1.322970
v -4.259813 -4.542564 0.786564
v -4.396095 -4.481729 1.351863
v -4.259813 -4.542564 0.786564
v -4.490376 -4.481729 0.720227
v -4.396095 -4.481729 1.351863
v -7.934419 2.168581 -2.140280
v -6.381662 2.616400 -2.608448
v -4.952842 3.613752 -2.622703
v -4.396095 -4.481729 1.351863
v -4.116860 -4.481729 1.959167
v -4.179780 -4.542564 1.322970
v -3.942565 -4.542564 1.838656
v -4.179780 -4.542564 1.322970
v -4.116860 -4.481729 1.959167
v 7.861765 2.167058 -2.141991
v 5.499836 4.798143 -2.079076
v 4.276853 5.569862 -2.317816
v -5.570026 4.798523 -2.079076
v -7.934419 2.168581 -2.140280
v -4.347042 5.569862 -2.317816
v 7.447391 3.568144 -1.689413
v 5.499836 4.798143 -2.079076
v 7.861765 2.167058 -2.141991
v -2.050898 11.726346 -0.750231
v -4.360167 10.997026 -0.941640
v -3.252763 11.790789 -1.140654
v -5.570026 4.798523 -2.079076
v -7.513392 3.572512 -1.689413
v -7.934419 2.168581 -2.140280
v -2.932670 -7.820870 -4.454879
v -2.674535 -7.350790 -4.541936
v -2.943129 -7.561793 -4.551820
v -3.545684 8.474852 -2.110819
v -1.890271 9.677297 -2.149025
v -4.037608 9.894173 -1.576885
v -1.865944 10.739654 -1.710321
v -3.288311 10.725205 -1.380534
v -1.446241 11.300570 -1.312296
v 6.513140 6.490427 -0.353913
v 6.364513 7.735634 -0.397822
v 5.812516 6.339879 -1.335866
v 5.101614 -6.596182 -4.194661
v 5.275546 -6.769915 -4.068449
v 5.128224 -6.251381 -4.137826
v -6.582949 6.490427 -0.354674
v -5.885370 6.345208 -1.331492
v -6.434123 7.736776 -0.398581
v 5.499836 4.798143 -2.079076
v 6.022359 4.871142 -1.653868
v 5.812516 6.339879 -1.335866
v -5.171803 -6.596182 -4.194661
v -5.198414 -6.251381 -4.137826
v -5.345736 -6.769915 -4.068449
v 7.047083 4.363629 0.166715
v 7.951677 4.051130 -0.041421
v 7.973157 4.051130 0.051908
v 7.068564 4.363629 0.260044
v -8.043347 4.051130 0.051908
v -7.117272 4.363629 0.166715
v -7.138753 4.363629 0.260044
v -8.021866 4.051130 -0.041421
v -4.755344 -5.196620 -4.863931
v -4.864833 -5.830916 -4.235529
v -4.394953 -5.574503 -4.347105
v -6.092748 4.870562 -1.653868
v -6.593988 3.988972 -1.130389
v -6.214201 4.036302 -1.587909
v 6.196291 -3.247742 -0.131140
v 6.265284 -3.032370 -0.363606
v 6.040994 -3.569920 0.147138
v -5.885370 6.345208 -1.331492
v -6.092748 4.870562 -1.653868
v -5.570026 4.798523 -2.079076
v 4.685154 -5.196620 -4.863931
v 4.324764 -5.574503 -4.347105
v 4.794644 -5.830916 -4.235529
v -3.288311 10.725205 -1.380534
v -4.037608 9.894173 -1.576885
v -1.890271 9.677297 -2.149025
v 6.808526 3.906292 -0.717154
v 6.172708 1.490762 0.158161
v 7.142306 4.151865 0.272400
v 6.796562 5.289504 -0.418161
v 6.808526 3.906292 -0.717154
v 6.892728 5.690573 0.333224
v 7.142306 4.151865 0.272400
v 6.584054 7.507917 -3.854038
v 6.338283 10.059549 -3.136488
v 6.603433 7.603902 -3.997739
v 6.808526 3.906292 -0.717154
v 6.022359 4.871142 -1.653868
v 6.147819 4.047324 -1.586959
v 6.022359 4.871142 -1.653868
v 6.808526 3.906292 -0.717154
v 6.408799 5.490229 -1.054927
v 3.475295 8.463250 -2.113479
v 4.233529 9.946833 -1.458656
v 1.612705 10.019252 -2.058737
v 3.227820 10.733001 -1.365898
v 1.258966 10.770071 -1.764305
v 2.899170 11.264278 -0.859145
v -5.851907 9.992641 -3.200546
v -6.675145 7.612077 -4.001922
v -6.254498 7.438544 -4.061226
v 2.874444 -7.563878 -4.551630
v 2.604346 -7.350790 -4.541936
v 2.862480 -7.820870 -4.454879
v 2.874444 -7.563878 -4.551630
v 3.181251 -7.925211 -4.463433
v -6.593988 3.988972 -1.130389
v -6.092748 4.870562 -1.653868
v -6.478789 5.489649 -1.055308
v 7.861765 2.167058 -2.141991
v 8.767863 1.947518 -1.692073
v 7.447391 3.568144 -1.689413
v 3.482329 11.489711 -0.788815
v 3.726578 10.709997 -0.788815
v 3.676781 12.007483 -0.131329
v -7.513392 3.572512 -1.689413
v -8.838451 1.947898 -1.691502
v -7.934419 2.168581 -2.140280
v 6.338283 10.059549 -3.136488
v 6.178599 7.440629 -4.060655
v 6.603433 7.603902 -3.997739
v 6.022359 4.871142 -1.653868
v 6.408799 5.490229 -1.054927
v 5.812516 6.339879 -1.335866
v -6.215905 11.643667 -1.889377
v -6.873586 10.474685 -2.940708
v -6.427851 10.223783 -2.978342
v 6.364513 7.735634 -0.397822
v 5.465231 8.339131 -1.283783
v 5.812516 6.339879 -1.335866
v 5.465231 8.339131 -1.283783
v 6.016087 8.877625 -0.347261
v -1.890271 9.677297 -2.149025
v 1.258966 10.770071 -1.764305
v -1.865944 10.739654 -1.710321
v -1.446241 11.300570 -1.312296
v 6.019694 -3.662678 0.626327
v 6.040994 -3.569920 0.147138
v 5.962103 -3.764373 1.006488
v -6.478789 5.489649 -1.055308
v -6.092748 4.870562 -1.653868
v -5.885370 6.345208 -1.331492
v -2.932670 -7.820870 -4.454879
v -2.943129 -7.561793 -4.551820
v -3.249718 -7.924268 -4.463814
v 5.499836 4.798143 -2.079076
v 7.447391 3.568144 -1.689413
v 6.022359 4.871142 -1.653868
v -6.593988 3.988972 -1.130389
v -6.478789 5.489649 -1.055308
v -6.867132 5.285697 -0.418920
v -6.145208 -3.488184 0.038412
v -6.335474 -3.032370 -0.363606
v -6.266480 -3.247742 -0.131140
v -7.513392 3.572512 -1.689413
v -5.570026 4.798523 -2.079076
v -6.092748 4.870562 -1.653868
v -0.035657 -0.049270 6.908839
v -1.697160 2.201284 6.674282
v -0.013813 2.307148 6.845352
v -0.059802 2.558629 6.712487
v -1.789338 7.640593 6.238047
v -0.059802 2.558629 6.712487
v -1.789338 7.640593 6.238047
v -0.037759 7.689627 6.335750
v -0.032811 9.357965 5.700311
v -0.059802 2.558629 6.712487
v 1.620119 2.248415 6.670670
v 1.712496 7.619311 6.240329
v 1.620119 2.248415 6.670670
v 3.687042 -0.018471 6.413301
v 2.315613 -0.024181 6.725222
v 2.963414 -1.957088 6.964343
v 3.687042 -0.018471 6.413301
v 4.651510 -2.472777 6.567266
v 2.969106 3.492481 6.197560
v 1.620119 2.248415 6.670670
v -0.035657 -0.049270 6.908839
v -0.058098 -1.845895 7.074399
v 6.808526 3.906292 -0.717154
v 6.796562 5.289504 -0.418161
v 6.408799 5.490229 -1.054927
v -6.145009 7.583183 0.778771
v -5.185870 11.020972 1.707120
v -7.455239 4.536020 0.523304
v 2.852021 -3.558699 6.902948
v -0.058098 -1.845895 7.074399
v 2.963414 -1.957088 6.964343
v 1.114690 -6.053121 6.988863
v 2.315613 -0.024181 6.725222
v -0.036037 -7.027287 7.098160
v -1.180330 -6.055586 6.989244
v 4.651510 -2.472777 6.567266
v 2.852021 -3.558699 6.902948
v 4.984148 -0.042418 5.690050
v 5.869345 -2.246402 5.834319
v 5.685914 -3.521447 5.888303
v -1.697160 2.201284 6.674282
v -0.035657 -0.049270 6.908839
v -2.385802 -0.024181 6.725222
v -0.058098 -1.845895 7.074399
v -3.039295 3.492481 6.197560
v -3.757050 -0.016187 6.412920
v -4.721699 -2.472976 6.567457
v -3.041579 -1.966225 6.962822
v -5.054338 -0.042418 5.690050
v -5.843731 -1.911661 5.842682
v -5.843731 -1.911661 5.842682
v -5.942381 -2.734519 5.893054
v -4.721699 -2.472976 6.567457
v -5.754980 -3.518221 5.889633
v -3.041579 -1.966225 6.962822
v -2.921648 -3.558518 6.902948
v -3.757050 -0.016187 6.412920
v -2.385802 -0.024181 6.725222
v -1.697160 2.201284 6.674282
v -0.058098 -1.845895 7.074399
v -2.921648 -3.558518 6.902948
v -1.180330 -6.055586 6.989244
v 6.774320 -0.017329 4.006893
v 7.050509 -2.100041 4.778617
v 5.869345 -2.246402 5.834319
v -6.045979 7.401655 -0.071454
v -6.145009 7.583183 0.778771
v -6.633706 2.979076 0.271639
v 3.726578 10.709997 -0.788815
v 4.795405 10.896092 0.337407
v 3.676781 12.007483 -0.131329
v 7.068564 4.363629 0.260044
v 7.068564 5.386631 0.260044
v 7.047083 5.386631 0.166715
v 7.047083 4.363629 0.166715
v -5.554436 8.313481 -1.272757
v -5.146715 9.906536 -0.804783
v -6.084754 8.879727 -0.348400
v -6.434123 7.736776 -0.398581
v -5.885370 6.345208 -1.331492
v -6.084754 8.879727 -0.348400
v -3.602695 11.129882 2.301688
v -4.171605 11.034658 2.403761
v -3.404454 11.829563 1.897390
v -0.036037 -7.027287 7.098160
v -0.058098 -1.845895 7.074399
v 1.114690 -6.053121 6.988863
v 6.115117 12.191676 1.562658
v 6.554199 12.541409 1.110080
v 6.228975 12.159355 1.922671
v 6.228975 12.159355 1.922671
v 5.477594 11.518226 2.260060
v 6.553637 -2.398654 -0.387557
v 6.710076 -1.986745 -0.321598
v 6.516186 -2.440855 -0.464539
v 6.091932 7.410211 -0.260013
v 6.785522 2.918440 0.077567
v 6.602672 4.959894 0.499355
v -7.117272 4.363629 0.166715
v -7.138753 5.386631 0.260044
v -7.138753 4.363629 0.260044
v -7.117272 5.386631 0.166715
v 2.969106 3.492481 6.197560
v 2.853163 7.532245 5.963573
v 3.900891 7.433414 5.382309
v 1.712496 7.619311 6.240329
v 2.969106 3.492481 6.197560
v 1.620119 2.248415 6.670670
v 1.712496 7.619311 6.240329
v 2.853163 7.532245 5.963573
v 1.712496 7.619311 6.240329
v 2.191875 8.789054 5.753536
v -1.789338 7.640593 6.238047
v -3.039295 3.492481 6.197560
v -2.920506 7.530922 5.964903
v -1.789338 7.640593 6.238047
v -1.697160 2.201284 6.674282
v -2.920506 7.530922 5.964903
v -2.232789 8.758455 5.771402
v -4.755344 -5.196620 -4.863931
v -4.394953 -5.574503 -4.347105
v -4.118202 -5.020041 -4.998888
v 4.990420 4.243299 4.621611
v 4.090775 3.448957 5.591966
v 3.900891 7.433414 5.382309
v 4.685154 -5.196620 -4.863931
v 4.048013 -5.020041 -4.998888
v 4.324764 -5.574503 -4.347105
v 2.344888 -6.216975 -5.232495
v 2.692735 -6.285968 -4.608464
v 2.635706 -5.654899 -5.222802
v 6.072354 -3.542548 1.501264
v 5.962103 -3.764373 1.006488
v 6.075019 -3.488184 1.707121
v 6.879803 -1.637956 0.094865
v 6.989492 -1.338963 0.607891
v 6.869163 -1.616656 0.003247
v -6.623826 -2.398654 -0.387557
v -6.586375 -2.440855 -0.464539
v -6.780266 -1.986745 -0.321598
v 9.291546 -2.960150 1.986347
v 8.657249 -3.005759 3.410044
v 8.039105 -2.004619 3.602974
v 7.963641 -0.043759 1.638502
v 6.553637 -2.398654 -0.387557
v 6.516186 -2.440855 -0.464539
v 6.265284 -3.032370 -0.363606
v -4.714467 11.147937 2.434174
v -5.527644 11.512696 2.278689
v -4.316824 10.944366 2.407183
v 5.678119 5.838076 3.717783
v 4.806608 7.525592 4.577892
v 5.485008 8.199623 3.571041
v 4.990420 4.243299 4.621611
v 6.879803 -1.637956 0.094865
v 6.869163 -1.616656 0.003247
v 6.710076 -1.986745 -0.321598
v -2.762925 -6.285968 -4.608464
v -2.415078 -6.216975 -5.232495
v -2.705896 -5.654899 -5.222802
v -6.845271 -0.018091 4.006324
v -7.120880 -2.100803 4.778617
v -8.112720 -2.013175 3.602595
v -6.845271 -0.018091 4.006324
v -5.843731 -1.911661 5.842682
v -9.363257 -2.960912 1.982166
v -8.112720 -2.013175 3.602595
v -8.726678 -3.005578 3.411755
v -8.033648 -0.042617 1.637550
v 5.138484 -7.075380 -4.149802
v 5.216233 -7.308227 -4.037654
v 5.275546 -6.769915 -4.068449
v 5.101614 -6.596182 -4.194661
v 5.138484 -7.075380 -4.149802
v 6.196291 -3.247742 -0.131140
v 6.553637 -2.398654 -0.387557
v 6.265284 -3.032370 -0.363606
v -6.949993 -1.637956 0.095056
v -6.939352 -1.616656 0.003247
v -7.059681 -1.338963 0.607891
v 7.963641 -0.043759 1.638502
v 9.445121 -1.915849 -0.474423
v 9.706101 -2.928410 0.681641
v 6.553637 -2.398654 -0.387557
v 6.879803 -1.637956 0.094865
v 6.710076 -1.986745 -0.321598
v -6.623826 -2.398654 -0.387557
v -6.335474 -3.032370 -0.363606
v -6.586375 -2.440855 -0.464539
v -6.641500 5.504097 1.820218
v -5.630463 7.514371 3.734700
v -5.898096 4.087059 3.685849
v 4.090775 3.448957 5.591966
v 3.687042 -0.018471 6.413301
v 2.969106 3.492481 6.197560
v 3.900891 7.433414 5.382309
v -6.867132 5.285697 -0.418920
v -7.197667 4.130583 0.280764
v -6.950192 3.909338 -0.529737
v -2.920506 7.530922 5.964903
v -3.039295 3.492481 6.197560
v -3.999214 6.157590 5.452829
v -4.350468 7.736015 5.024579
v -2.920506 7.530922 5.964903
v -4.935911 5.992231 4.641569
v -4.350468 7.736015 5.024579
v -4.160964 3.450280 5.591778
v -5.234161 3.376157 4.662477
v -5.054338 -0.042418 5.690050
v -5.630463 7.514371 3.734700
v -4.350468 7.736015 5.024579
v -5.898096 4.087059 3.685849
v -6.949993 -1.637956 0.095056
v -6.780266 -1.986745 -0.321598
v -6.939352 -1.616656 0.003247
v -5.171803 -6.596182 -4.194661
v -5.345736 -6.769915 -4.068449
v -5.208674 -7.075380 -4.149802
v -5.208674 -7.075380 -4.149802
v -5.286422 -7.308227 -4.037654
v 6.196291 -3.247742 -0.131140
v 6.040994 -3.569920 0.147138
v 6.019694 -3.662678 0.626327
v 6.879803 -1.637956 0.094865
v 6.976567 -1.413285 0.872671
v 6.989492 -1.338963 0.607891
v -6.266480 -3.247742 -0.131140
v -6.335474 -3.032370 -0.363606
v -6.623826 -2.398654 -0.387557
v 6.749413 5.947746 0.467612
v 6.571873 5.501051 1.819837
v 6.373813 7.626145 1.986917
v 5.678119 5.838076 3.717783
v 5.485008 8.199623 3.571041
v -4.950558 11.671619 2.019990
v -4.162288 11.009570 2.279069
v -4.316824 10.944366 2.407183
v -9.516271 -1.919076 -0.474804
v -8.033648 -0.042617 1.637550
v -9.776671 -2.928591 0.681262
v 4.651510 -2.472777 6.567266
v 3.687042 -0.018471 6.413301
v 4.984148 -0.042418 5.690050
v 4.090775 3.448957 5.591966
v -4.160964 3.450280 5.591778
v -3.039295 3.492481 6.197560
v -3.757050 -0.016187 6.412920
v -3.999214 6.157590 5.452829
v -6.623826 -2.398654 -0.387557
v -6.780266 -1.986745 -0.321598
v -6.949993 -1.637956 0.095056
v 6.072354 -3.542548 1.501264
v 6.019694 -3.662678 0.626327
v 5.962103 -3.764373 1.006488
v 7.963641 -0.043759 1.638502
v 9.706101 -2.928410 0.681641
v 9.291546 -2.960150 1.986347
v -6.032293 -3.764373 0.739046
v -6.145208 -3.488184 0.038412
v -6.089883 -3.662678 0.626327
v -4.721699 -2.472976 6.567457
v -5.054338 -0.042418 5.690050
v -3.757050 -0.016187 6.412920
v -4.160964 3.450280 5.591778
v -6.266480 -3.247742 -0.131140
v -6.089883 -3.662678 0.626327
v -6.145208 -3.488184 0.038412
v 6.920481 -1.542352 1.441580
v 6.968573 -1.386855 1.284954
v 6.976567 -1.413285 0.872671
v 6.976567 -1.413285 0.872671
v 6.989492 -1.338963 0.607891
v 5.812516 6.339879 -1.335866
v 6.408799 5.490229 -1.054927
v 6.513140 6.490427 -0.353913
v -6.949993 -1.637956 0.095056
v -7.059681 -1.338963 0.607891
v -7.046757 -1.413285 0.872671
v -8.033648 -0.042617 1.637550
v -9.363257 -2.960912 1.982166
v -9.776671 -2.928591 0.681262
v 6.774320 -0.017329 4.006893
v 8.039105 -2.004619 3.602974
v 7.050509 -2.100041 4.778617
v 5.869345 -2.246402 5.834319
v 4.984148 -0.042418 5.690050
v 4.090775 3.448957 5.591966
v 3.679627 10.942082 2.307772
v 3.516916 11.129320 2.189162
v 4.093440 11.017547 2.279640
v 6.734784 -1.974962 1.975704
v 6.869163 -1.616656 1.742286
v 6.920481 -1.542352 1.441580
v -6.142543 -3.542548 1.501264
v -6.032293 -3.764373 0.739046
v -6.089883 -3.662678 0.626327
v -6.839379 5.897189 0.434536
v -6.442117 7.632797 1.990148
v -6.641500 5.504097 1.820218
v -6.559002 8.200384 0.600667
v -6.582949 6.490427 -0.354674
v -6.434123 7.736776 -0.398581
v 6.364894 -2.846673 2.097926
v 6.516186 -2.440855 2.210071
v 6.734784 -1.974962 1.975704
v 6.920481 -1.542352 1.441580
v 6.869163 -1.616656 1.742286
v 6.968573 -1.386855 1.284954
v -6.142543 -3.542548 1.501264
v -6.111183 -3.569920 1.598205
v -6.032293 -3.764373 0.739046
v -6.934222 -1.634729 1.735062
v -6.731793 -2.100041 2.134611
v -6.804973 -1.974962 1.975704
v 5.024826 10.218454 -0.625537
v 4.503047 10.672745 -1.702719
v 5.465612 10.896274 -1.697397
v 6.364894 -2.846673 2.097926
v 6.072354 -3.542548 1.501264
v 6.075019 -3.488184 1.707121
v 6.364894 -2.846673 2.097926
v 6.075019 -3.488184 1.707121
v 6.265284 -3.032370 2.109140
v -5.885370 6.345208 -1.331492
v -6.582949 6.490427 -0.354674
v -6.478789 5.489649 -1.055308
v -7.038763 -1.386855 1.284954
v -6.934222 -1.634729 1.735062
v -7.046757 -1.413285 0.872671
v -7.059681 -1.338963 0.607891
v 5.678119 5.838076 3.717783
v 6.571873 5.501051 1.819837
v 6.013041 3.381867 3.670453
v 6.513140 6.490427 -0.353913
v 6.408799 5.490229 -1.054927
v 6.796562 5.289504 -0.418161
v 6.364894 -2.846673 2.097926
v 6.265284 -3.032370 2.109140
v 6.516186 -2.440855 2.210071
v 6.373813 7.626145 1.986917
v 6.489013 8.199804 0.601238
v 6.749413 5.947746 0.467612
v 6.734784 -1.974962 1.975704
v 6.516186 -2.440855 2.210071
v 6.710076 -1.986745 2.066941
v 6.710076 -1.986745 2.066941
v 6.869163 -1.616656 1.742286
v -6.295557 -3.127611 2.045082
v -6.142543 -3.542548 1.501264
v -6.435083 -2.846673 2.097926
v -6.582949 6.490427 -0.354674
v -6.559002 8.200384 0.600667
v -6.839379 5.897189 0.434536
v -6.485641 -2.678070 2.205319
v -6.804973 -1.974962 1.975704
v -6.731793 -2.100041 2.134611
v -6.582949 6.490427 -0.354674
v -6.867132 5.285697 -0.418920
v -6.478789 5.489649 -1.055308
v 4.990420 4.243299 4.621611
v 3.900891 7.433414 5.382309
v 4.806608 7.525592 4.577892
v 5.485008 8.199623 3.571041
v 4.148946 8.926477 4.577892
v 6.774320 -0.017329 4.006893
v 4.090775 3.448957 5.591966
v -6.142543 -3.542548 1.501264
v -6.295557 -3.127611 2.045082
v -6.111183 -3.569920 1.598205
v -6.804973 -1.974962 1.975704
v -6.485641 -2.678070 2.205319
v -6.435083 -2.846673 2.097926
v 7.201619 2.816183 0.161583
v 8.354630 1.248978 -0.227320
v 8.355011 1.225412 -0.134562
v 7.201039 2.808588 0.257003
v -6.485641 -2.678070 2.205319
v -6.295557 -3.127611 2.045082
v -6.435083 -2.846673 2.097926
v 6.013041 3.381867 3.670453
v 6.774320 -0.017329 4.006893
v 4.990420 4.243299 4.621611
v 5.678119 5.838076 3.717783
v 6.013041 3.381867 3.670453
v -5.843731 -1.911661 5.842682
v -6.845271 -0.018091 4.006324
v -5.054338 -0.042418 5.690050
v -5.234161 3.376157 4.662477
v -5.898096 4.087059 3.685849
v -4.935911 5.992231 4.641569
v -6.845271 -0.018091 4.006324
v 6.774320 -0.017329 4.006893
v 7.963641 -0.043759 1.638502
v 8.039105 -2.004619 3.602974
v 6.013041 3.381867 3.670453
v -8.425200 1.225412 -0.134562
v -7.271808 2.816183 0.161583
v -7.271428 2.808588 0.257003
v -8.424838 1.248978 -0.227320
v -4.813895 8.386281 -1.700057
v -4.037608 9.894173 -1.576885
v -5.146715 9.906536 -0.804783
v -4.458435 10.712082 -0.602347
v -6.559002 8.200384 0.600667
v -6.442117 7.632797 1.990148
v -6.839379 5.897189 0.434536
v -5.630463 7.514371 3.734700
v -5.329947 8.854259 3.378109
v -6.641500 5.504097 1.820218
v -3.434853 11.090727 2.242384
v -3.587105 11.130081 2.191441
v -2.811397 11.941337 1.904421
v 6.128422 7.371436 -3.952880
v 6.475508 7.183074 -4.086697
v 6.584054 7.507917 -3.854038
v 6.917635 3.498752 1.638883
v 7.963641 -0.043759 1.638502
v 6.013041 3.381867 3.670453
v 6.571873 5.501051 1.819837
v -0.059802 2.558629 6.712487
v -0.037759 7.689627 6.335750
v 1.712496 7.619311 6.240329
v -0.032811 9.357965 5.700311
v 2.191875 8.789054 5.753536
v 2.143783 9.869665 4.994167
v -6.845271 -0.018091 4.006324
v -8.112720 -2.013175 3.602595
v -8.033648 -0.042617 1.637550
v -5.898096 4.087059 3.685849
v -6.845271 -0.018091 4.006324
v 4.093440 11.017547 2.279640
v 5.477594 11.518226 2.260060
v 4.301579 10.953485 2.395207
v -3.753043 11.359502 1.412876
v -2.116465 11.860743 1.337224
v -2.752846 12.195465 1.878952
v 6.749413 5.947746 0.467612
v 6.489013 8.199804 0.601238
v 6.513140 6.490427 -0.353913
v 6.892728 5.690573 0.333224
v 7.192863 3.491538 0.294257
v 6.571873 5.501051 1.819837
v 6.749413 5.947746 0.467612
v 6.091932 7.410211 -0.260013
v 6.602672 4.959894 0.499355
v 5.791216 7.973810 0.698938
v -9.776671 -2.928591 0.681262
v -9.957256 -3.007101 -0.261723
v -9.516271 -1.919076 -0.474804
v -8.033648 -0.042617 1.637550
v -8.399170 -0.035965 -0.058910
v -8.033648 -0.042617 1.637550
v -7.850979 1.799453 -0.036670
v -6.987824 3.499713 1.638121
v -5.898096 4.087059 3.685849
v -8.033648 -0.042617 1.637550
v -6.641500 5.504097 1.820218
v -6.987824 3.499713 1.638121
v -6.641500 5.504097 1.820218
v -7.262871 3.492100 0.294069
v -6.839379 5.897189 0.434536
v 3.009983 13.354948 -0.324642
v 3.251567 13.073647 -0.613373
v 2.807355 12.932979 0.704450
v 2.635706 -5.654899 -5.222802
v 2.692735 -6.285968 -4.608464
v 3.028419 -5.855062 -4.577101
v 6.336380 5.730870 0.224879
v 7.201619 2.816183 0.161583
v 7.201039 2.808588 0.257003
v 7.201619 2.816183 0.161583
v 6.336380 5.730870 0.224879
v 6.337141 5.729909 0.129078
v 3.316391 11.945524 1.763954
v 4.101797 11.034840 2.403761
v 3.526814 11.135392 2.308721
v 6.513140 6.490427 -0.353913
v 6.489013 8.199804 0.601238
v 6.364513 7.735634 -0.397822
v 6.489013 8.199804 0.601238
v 6.016087 8.877625 -0.347261
v 4.048013 -5.020041 -4.998888
v 3.641614 -5.533645 -4.480350
v 4.324764 -5.574503 -4.347105
v -4.118202 -5.020041 -4.998888
v -4.394953 -5.574503 -4.347105
v -3.711804 -5.533645 -4.480350
v -3.098608 -5.855062 -4.577101
v -2.762925 -6.285968 -4.608464
v -2.705896 -5.654899 -5.222802
v 6.892728 5.690573 0.333224
v 6.513140 6.490427 -0.353913
v 6.796562 5.289504 -0.418161
v 2.884723 -5.852214 6.583804
v 2.852021 -3.558699 6.902948
v 4.651510 -2.472777 6.567266
v -6.406569 5.730870 0.224879
v -7.271428 2.808588 0.257003
v -7.271808 2.816183 0.161583
v -6.406569 5.730870 0.224879
v -7.271808 2.816183 0.161583
v -6.407331 5.729909 0.129078
v -2.921648 -3.558518 6.902948
v -2.953389 -5.850873 6.584184
v -4.721699 -2.472976 6.567457
v 2.884723 -5.852214 6.583804
v 1.817037 -6.461604 6.924427
v 2.852021 -3.558699 6.902948
v -3.348567 -8.152165 -4.348054
v -3.249718 -7.924268 -4.463814
v -3.670944 -8.137537 -4.365162
v 5.138484 -7.075380 -4.149802
v 4.998596 -7.519012 -4.143340
v 5.216233 -7.308227 -4.037654
v 3.181251 -7.925211 -4.463433
v 3.278377 -8.152165 -4.348054
v 3.602459 -8.137718 -4.364972
v -2.921648 -3.558518 6.902948
v -1.886283 -6.465591 6.924046
v -2.953389 -5.850873 6.584184
v -6.839379 5.897189 0.434536
v -7.197667 4.130583 0.280764
v -6.867132 5.285697 -0.418920
v -7.262871 3.492100 0.294069
v -6.987824 3.499713 1.638121
v -7.850979 1.799453 -0.036670
v -8.033648 -0.042617 1.637550
v -6.641500 5.504097 1.820218
v -5.208674 -7.075380 -4.149802
v -5.286422 -7.308227 -4.037654
v -5.068585 -7.519973 -4.143149
v -5.851907 9.992641 -3.200546
v -6.427851 10.223783 -2.978342
v -6.675145 7.612077 -4.001922
v -6.582949 6.490427 -0.354674
v -6.839379 5.897189 0.434536
v -6.867132 5.285697 -0.418920
v 8.354630 1.248978 -0.227320
v 9.002994 -0.011819 -0.568324
v 9.001289 -0.031215 -0.474424
v 8.355011 1.225412 -0.134562
v -3.832695 10.917375 2.340845
v -4.162288 11.009570 2.279069
v -3.587105 11.130081 2.191441
v 2.717062 12.064313 1.754258
v 2.514253 12.883563 1.313085
v 2.807355 12.932979 0.704450
v 6.016087 8.877625 -0.347261
v 4.233529 9.946833 -1.458656
v 5.465231 8.339131 -1.283783
v -9.071479 -0.031215 -0.474424
v -8.424838 1.248978 -0.227320
v -8.425200 1.225412 -0.134562
v -9.073183 -0.011819 -0.568324
v 6.373813 7.626145 1.986917
v 6.571873 5.501051 1.819837
v 5.678119 5.838076 3.717783
v 5.485008 8.199623 3.571041
v 5.975608 8.968298 1.802541
v 4.430827 9.892270 3.540247
v 5.975608 8.968298 1.802541
v 5.594298 9.980659 1.140872
v 4.392053 10.733182 2.082337
v 5.975608 8.968298 1.802541
v 7.192863 3.491538 0.294257
v 6.917635 3.498752 1.638883
v 7.780590 1.800396 -0.036860
v 7.963641 -0.043759 1.638502
v 7.963641 -0.043759 1.638502
v 8.329361 -0.036726 -0.058719
v 9.445121 -1.915849 -0.474423
v 9.888590 -3.009566 -0.264195
v 9.706101 -2.928410 0.681641
v -6.059665 7.363079 -4.063888
v -6.715641 7.533386 -3.851569
v -6.543794 7.183074 -4.084986
v 2.635706 -5.654899 -5.222802
v 3.028419 -5.855062 -4.577101
v 3.252908 -5.154238 -5.146771
v 4.048013 -5.020041 -4.998888
v 3.252908 -5.154238 -5.146771
v 3.641614 -5.533645 -4.480350
v -4.118202 -5.020041 -4.998888
v -3.711804 -5.533645 -4.480350
v -3.323098 -5.154238 -5.146771
v -3.098608 -5.855062 -4.577101
v -2.705896 -5.654899 -5.222802
v -3.323098 -5.154238 -5.146771
v 4.651510 -2.472777 6.567266
v 5.685914 -3.521447 5.888303
v 5.013043 -4.533808 5.920615
v 4.233529 9.946833 -1.458656
v 6.016087 8.877625 -0.347261
v 5.460681 9.913370 -0.266476
v 4.392433 10.710758 -0.599687
v -4.721699 -2.472976 6.567457
v -5.085317 -4.535531 5.920046
v -5.754980 -3.518221 5.889633
v 3.298716 11.154209 2.220144
v 2.717062 12.064313 1.754258
v 3.516916 11.129320 2.189162
v 2.884723 -5.852214 6.583804
v 4.651510 -2.472777 6.567266
v 5.013043 -4.533808 5.920615
v -4.721699 -2.472976 6.567457
v -2.953389 -5.850873 6.584184
v -5.085317 -4.535531 5.920046
v 6.178599 7.440629 -4.060655
v 6.338283 10.059549 -3.136488
v 5.085643 9.916415 -3.472169
v 5.085643 9.916415 -3.472169
v 5.404214 11.417854 -2.271628
v 6.338283 10.059549 -3.136488
v 6.584054 7.507917 -3.854038
v 6.362411 10.139763 -2.948690
v 3.252908 -5.154238 -5.146771
v 3.028419 -5.855062 -4.577101
v 3.641614 -5.533645 -4.480350
v -2.752846 12.195465 1.878952
v -5.185870 11.020972 1.707120
v -3.753043 11.359502 1.412876
v -5.851907 9.992641 -3.200546
v -6.254498 7.438544 -4.061226
v -5.144050 9.951383 -3.479583
v -5.843731 -1.911661 5.842682
v -5.942381 -2.734519 5.893054
v -7.120880 -2.100803 4.778617
v -6.893363 -4.016036 4.828418
v -7.120880 -2.100803 4.778617
v -3.711804 -5.533645 -4.480350
v -3.098608 -5.855062 -4.577101
v -3.323098 -5.154238 -5.146771
v 6.823173 -4.016036 4.828418
v 5.869345 -2.246402 5.834319
v 7.050509 -2.100041 4.778617
v -3.348567 -8.152165 -4.348054
v -2.932670 -7.820870 -4.454879
v -3.249718 -7.924268 -4.463814
v -4.041777 -8.310509 -4.202265
v -3.670944 -8.137537 -4.365162
v 3.181251 -7.925211 -4.463433
v 2.862480 -7.820870 -4.454879
v 3.278377 -8.152165 -4.348054
v 3.602459 -8.137718 -4.364972
v 3.971587 -8.310509 -4.202265
v 4.806608 7.525592 4.577892
v 3.900891 7.433414 5.382309
v 4.148946 8.926477 4.577892
v 1.923100 11.799726 0.802531
v 3.151776 11.495022 1.203219
v 3.477960 11.907312 1.865837
v -6.675145 7.612077 -4.001922
v -6.427851 10.223783 -2.978342
v -6.715641 7.533386 -3.851569
v -3.466794 12.695383 0.868488
v -3.945611 12.801826 -0.614132
v -3.619807 12.702978 0.200359
v 1.712496 7.619311 6.240329
v -0.032811 9.357965 5.700311
v 2.191875 8.789054 5.753536
v 8.039105 -2.004619 3.602974
v 7.694485 -3.817794 3.944929
v 7.050509 -2.100041 4.778617
v -0.032811 9.357965 5.700311
v -1.789338 7.640593 6.238047
v -2.232789 8.758455 5.771402
v -7.120880 -2.100803 4.778617
v -7.761647 -3.826332 3.945879
v -8.112720 -2.013175 3.602595
v -4.360167 10.997026 -0.941640
v -4.323857 10.545581 0.412679
v -6.045979 7.401655 -0.071454
v 3.151776 11.495022 1.203219
v 4.293584 10.579407 0.722127
v 3.477960 11.907312 1.865837
v -4.242701 8.979519 4.534935
v -4.350468 7.736015 5.024579
v -5.630463 7.514371 3.734700
v 5.869345 -2.246402 5.834319
v 6.823173 -4.016036 4.828418
v 5.908700 -4.026296 5.626754
v 6.141347 -5.281020 4.970027
v -4.360167 10.997026 -0.941640
v -6.045979 7.401655 -0.071454
v -7.534873 4.383587 -0.083620
v -6.215905 11.643667 -1.889377
v -6.599118 12.469189 -0.645876
v -6.798502 11.934104 -1.717736
v -6.873586 10.474685 -2.940708
v 9.399512 -1.535699 -0.786725
v 9.001289 -0.031215 -0.474424
v 9.002994 -0.011819 -0.568324
v 9.396268 -1.548805 -0.691873
v 2.853163 7.532245 5.963573
v 4.148946 8.926477 4.577892
v 3.900891 7.433414 5.382309
v 4.998596 -7.519012 -4.143340
v 4.712327 -7.881307 -4.169760
v 4.959621 -7.786083 -4.049820
v -4.316824 10.944366 2.407183
v -5.527644 11.512696 2.278689
v -4.950558 11.671619 2.019990
v -5.616976 12.261992 1.141443
v -4.950558 11.671619 2.019990
v -5.527644 11.512696 2.278689
v -6.315896 12.140340 1.902522
v -5.068585 -7.519973 -4.143149
v -5.029811 -7.786083 -4.049820
v -4.780813 -7.882829 -4.169760
v -5.616976 12.261992 1.141443
v -6.323491 12.541409 0.111591
v -6.004739 12.376050 -0.581630
v -9.468741 -1.535699 -0.786725
v -9.071479 -0.031215 -0.474424
v -9.466838 -1.548805 -0.691873
v -9.073183 -0.011819 -0.568324
v -4.242701 8.979519 4.534935
v -2.920506 7.530922 5.964903
v -4.350468 7.736015 5.024579
v -4.323857 10.545581 0.412679
v -6.145009 7.583183 0.778771
v -6.045979 7.401655 -0.071454
v 5.477594 11.518226 2.260060
v 5.563899 12.300006 1.110269
v 6.115117 12.191676 1.562658
v -6.084754 8.879727 -0.348400
v -5.740532 9.871368 0.252061
v -6.559002 8.200384 0.600667
v -6.434123 7.736776 -0.398581
v 5.791216 7.973810 0.698938
v 4.492786 10.458714 -0.547985
v 6.091932 7.410211 -0.260013
v -6.893363 -4.016036 4.828418
v -5.942381 -2.734519 5.893054
v -5.978889 -4.026296 5.626754
v -6.195385 -5.292041 4.985234
v 5.426456 -5.701848 5.676554
v 5.908700 -4.026296 5.626754
v 6.141347 -5.281020 4.970027
v 3.992688 -5.324743 6.002920
v 2.884723 -5.852214 6.583804
v 5.013043 -4.533808 5.920615
v 4.998596 -7.519012 -4.143340
v 4.959621 -7.786083 -4.049820
v 5.216233 -7.308227 -4.037654
v -6.623826 12.535716 1.147144
v -6.694541 12.706785 0.347291
v -6.323491 12.541409 0.111591
v -6.323491 12.541409 0.111591
v -6.599118 12.469189 -0.645876
v 9.774732 -3.299623 -0.960836
v 9.396268 -1.548805 -0.691873
v 9.399512 -1.535699 -0.786725
v 9.772248 -3.311605 -0.865796
v -5.518127 11.460616 -2.223726
v -6.427851 10.223783 -2.978342
v -5.851907 9.992641 -3.200546
v -5.978889 -4.026296 5.626754
v -5.497226 -5.703751 5.675034
v -6.195385 -5.292041 4.985234
v -2.953389 -5.850873 6.584184
v -4.075040 -5.315988 6.000070
v -5.085317 -4.535531 5.920046
v -5.068585 -7.519973 -4.143149
v -5.286422 -7.308227 -4.037654
v -5.029811 -7.786083 -4.049820
v 6.823173 -4.016036 4.828418
v 7.050509 -2.100041 4.778617
v 7.694485 -3.817794 3.944929
v 6.881707 -4.852960 4.014498
v -9.845102 -3.299623 -0.960836
v -9.466838 -1.548805 -0.691873
v -9.843199 -3.311605 -0.865796
v -9.468741 -1.535699 -0.786725
v -3.434853 11.090727 2.242384
v -3.832695 10.917375 2.340845
v -3.587105 11.130081 2.191441
v 5.975608 8.968298 1.802541
v 5.594298 9.980659 1.140872
v 6.489013 8.199804 0.601238
v 6.373813 7.626145 1.986917
v 6.489013 8.199804 0.601238
v 4.293584 10.579407 0.722127
v 5.791216 7.973810 0.698938
v 3.477960 11.907312 1.865837
v -7.120880 -2.100803 4.778617
v -6.893363 -4.016036 4.828418
v -7.761647 -3.826332 3.945879
v -6.956645 -4.848591 4.011647
v -5.329947 8.854259 3.378109
v -4.481820 9.849507 3.607156
v -4.242701 8.979519 4.534935
v -5.630463 7.514371 3.734700
v 4.712327 -7.881307 -4.169760
v 4.195878 -8.156172 -4.246172
v 4.560837 -8.119863 -4.102093
v 2.717062 12.064313 1.754258
v 3.353642 12.547118 1.037279
v 3.316391 11.945524 1.763954
v 3.516916 11.129320 2.189162
v -4.780813 -7.882829 -4.169760
v -4.684067 -8.098183 -4.088407
v -4.264182 -8.156734 -4.246362
v 4.879788 11.671239 2.020751
v 5.477594 11.518226 2.260060
v 4.093440 11.017547 2.279640
v 5.563899 12.300006 1.110269
v 4.879788 11.671239 2.020751
v -2.920506 7.530922 5.964903
v -4.242701 8.979519 4.534935
v -2.232789 8.758455 5.771402
v -3.437336 9.892469 4.394465
v 3.679627 10.942082 2.307772
v 3.298716 11.154209 2.220144
v 3.516916 11.129320 2.189162
v -4.323857 10.545581 0.412679
v -3.753043 11.359502 1.412876
v -6.145009 7.583183 0.778771
v 3.602459 -8.137718 -4.364972
v 3.971587 -8.310509 -4.202265
v 4.195878 -8.156172 -4.246172
v 4.195878 -8.156172 -4.246172
v 4.560837 -8.119863 -4.102093
v 4.186959 12.349440 1.168813
v 4.879788 11.671239 2.020751
v 3.316391 11.945524 1.763954
v 4.101797 11.034840 2.403761
v 6.170623 11.604893 -2.031557
v 6.362411 10.139763 -2.948690
v 6.528349 11.703741 -1.875501
v -4.950558 11.671619 2.019990
v -4.267028 12.347536 1.172425
v -3.404454 11.829563 1.897390
v -4.171605 11.034658 2.403761
v -2.811397 11.941337 1.904421
v -3.587105 11.130081 2.191441
v -3.385057 11.876513 1.678798
v -5.329947 8.854259 3.378109
v -6.442117 7.632797 1.990148
v -6.043133 8.952328 1.843597
v -4.481820 9.849507 3.607156
v 5.485008 8.199623 3.571041
v 4.148946 8.926477 4.577892
v 4.430827 9.892270 3.540247
v -4.041777 -8.310509 -4.202265
v -3.670944 -8.137537 -4.365162
v -4.264182 -8.156734 -4.246362
v -4.264182 -8.156734 -4.246362
v -4.684067 -8.098183 -4.088407
v 2.899170 11.264278 -0.859145
v 1.355531 11.280611 -1.289294
v 1.258966 10.770071 -1.764305
v 1.615750 11.695185 -0.632380
v -3.288311 10.725205 -1.380534
v -3.619807 11.286322 -0.362277
v -4.458435 10.712082 -0.602347
v -4.037608 9.894173 -1.576885
v 6.141347 -5.281020 4.970027
v 6.823173 -4.016036 4.828418
v 6.881707 -4.852960 4.014498
v -6.893363 -4.016036 4.828418
v -6.195385 -5.292041 4.985234
v -6.956645 -4.848591 4.011647
v 6.170623 11.604893 -2.031557
v 6.338283 10.059549 -3.136488
v 6.362411 10.139763 -2.948690
v 4.093440 11.017547 2.279640
v 4.301579 10.953485 2.395207
v 3.679627 10.942082 2.307772
v 5.974847 12.204982 -0.908757
v 6.528349 11.703741 -1.875501
v 6.575879 12.472996 -0.703090
v 5.863273 12.433079 -0.087232
v 6.489013 8.199804 0.601238
v 5.594298 9.980659 1.140872
v 6.016087 8.877625 -0.347261
v 4.148946 8.926477 4.577892
v 2.853163 7.532245 5.963573
v 2.191875 8.789054 5.753536
v 3.367147 9.892469 4.394465
v 3.367147 9.892469 4.394465
v 4.430827 9.892270 3.540247
v 3.068516 10.722921 3.665320
v 4.233529 9.946833 -1.458656
v 4.392433 10.710758 -0.599687
v 3.227820 10.733001 -1.365898
v 2.899170 11.264278 -0.859145
v 5.563899 12.300006 1.110269
v 5.427979 12.227786 1.440248
v 5.815561 12.619356 0.338356
v 3.477960 11.907312 1.865837
v -2.752846 12.195465 1.878952
v -2.116465 11.860743 1.337224
v 4.301579 10.953485 2.395207
v 3.953913 10.916994 2.386465
v 3.679627 10.942082 2.307772
v -3.832695 10.917375 2.340845
v -4.316824 10.944366 2.407183
v -4.162288 11.009570 2.279069
v -6.559002 8.200384 0.600667
v -6.043133 8.952328 1.843597
v -6.442117 7.632797 1.990148
v -6.559002 8.200384 0.600667
v -5.740532 9.871368 0.252061
v -5.740532 9.871368 0.252061
v -5.489431 9.955389 1.699138
v -5.025062 10.690800 0.504485
v -4.780813 -7.882829 -4.169760
v -5.029811 -7.786083 -4.049820
v -4.684067 -8.098183 -4.088407
v 5.404214 11.417854 -2.271628
v 6.338283 10.059549 -3.136488
v 6.170623 11.604893 -2.031557
v 5.123294 12.206867 -1.266676
v 4.712327 -7.881307 -4.169760
v 4.560837 -8.119863 -4.102093
v 4.959621 -7.786083 -4.049820
v 8.680434 -4.579998 2.749137
v 8.657249 -3.005759 3.410044
v 9.291546 -2.960150 1.986347
v 5.604377 8.300176 -3.791884
v 5.039654 9.823657 -3.382642
v 5.254246 8.483970 -4.082136
v 5.949759 7.409449 -4.110077
v 5.563899 12.300006 1.110269
v 6.554199 12.541409 1.110080
v 6.115117 12.191676 1.562658
v -5.658216 8.327548 -3.787892
v -6.059665 7.363079 -4.063888
v -5.339264 8.456978 -4.091068
v -5.103571 9.831253 -3.382833
v -2.232789 8.758455 5.771402
v -2.181089 9.848184 5.018877
v -0.032811 9.357965 5.700311
v 5.949759 7.409449 -4.110077
v 6.475508 7.183074 -4.086697
v 6.128422 7.371436 -3.952880
v -8.726678 -3.005578 3.411755
v -8.751004 -4.589315 2.741725
v -9.363257 -2.960912 1.982166
v -5.146715 9.906536 -0.804783
v -5.025062 10.690800 0.504485
v -5.740532 9.871368 0.252061
v -6.084754 8.879727 -0.348400
v 6.128422 7.371436 -3.952880
v 5.604377 8.300176 -3.791884
v 5.949759 7.409449 -4.110077
v 4.507234 10.403789 -3.687910
v 5.254246 8.483970 -4.082136
v 5.039654 9.823657 -3.382642
v 4.496031 11.430779 -2.465129
v -5.616976 12.261992 1.141443
v -6.315896 12.140340 1.902522
v -6.623826 12.535716 1.147144
v 9.238886 -4.581901 1.369159
v 9.291546 -2.960150 1.986347
v 9.706101 -2.928410 0.681641
v -5.144050 9.951383 -3.479583
v -5.518127 11.460616 -2.223726
v -5.851907 9.992641 -3.200546
v 5.594298 9.980659 1.140872
v 5.460681 9.913370 -0.266476
v 6.016087 8.877625 -0.347261
v 4.955253 10.690419 0.505437
v 3.009983 13.354948 -0.324642
v 2.807355 12.932979 0.704450
v 2.514253 12.883563 1.313085
v -2.811397 11.941337 1.904421
v -3.385057 11.876513 1.678798
v -2.616002 12.856953 1.094493
v 2.405344 11.718188 -0.697006
v -2.050898 11.726346 -0.750231
v 2.391277 11.951797 -1.169164
v -5.339264 8.456978 -4.091068
v -4.591309 10.326421 -3.650463
v -5.103571 9.831253 -3.382833
v -4.562033 11.433825 -2.465888
v 4.293584 10.579407 0.722127
v 2.405344 11.718188 -0.697006
v 4.492786 10.458714 -0.547985
v 5.791216 7.973810 0.698938
v 4.492786 10.458714 -0.547985
v 5.863273 12.433079 -0.087232
v 6.575879 12.472996 -0.703090
v 6.511255 12.636451 0.168996
v 6.554199 12.541409 1.110080
v 9.238886 -4.581901 1.369159
v 8.514877 -5.751463 1.506207
v 8.680434 -4.579998 2.749137
v 9.291546 -2.960150 1.986347
v 2.391277 11.951797 -1.169164
v 4.492786 10.458714 -0.547985
v 2.405344 11.718188 -0.697006
v 9.888590 -3.009566 -0.264195
v 9.480669 -4.586269 0.357366
v 9.706101 -2.928410 0.681641
v -3.437336 9.892469 4.394465
v -3.128065 10.686811 3.728426
v -2.181089 9.848184 5.018877
v -2.232789 8.758455 5.771402
v -9.309836 -4.582861 1.364788
v -8.751004 -4.589315 2.741725
v -8.586208 -5.750901 1.503546
v -9.363257 -2.960912 1.982166
v -5.489431 9.955389 1.699138
v -4.450840 10.727489 2.127577
v -4.481820 9.849507 3.607156
v -6.043133 8.952328 1.843597
v 3.367147 9.892469 4.394465
v 2.191875 8.789054 5.753536
v 2.143783 9.869665 4.994167
v 3.068516 10.722921 3.665320
v -1.446241 11.300570 -1.312296
v -1.755512 11.684925 -0.621737
v -3.619807 11.286322 -0.362277
v -3.288311 10.725205 -1.380534
v -9.776671 -2.928591 0.681262
v -9.554284 -4.578293 0.350143
v -9.957256 -3.007101 -0.261723
v 1.258966 10.770071 -1.764305
v 1.355531 11.280611 -1.289294
v -1.446241 11.300570 -1.312296
v 1.615750 11.695185 -0.632380
v 1.615750 11.695185 -0.632380
v -1.755512 11.684925 -0.621737
v 1.224379 11.917572 -0.043513
v -9.363257 -2.960912 1.982166
v -9.309836 -4.582861 1.364788
v -9.776671 -2.928591 0.681262
v -9.309836 -4.582861 1.364788
v -9.554284 -4.578293 0.350143
v -8.586208 -5.750901 1.503546
v 5.024826 10.218454 -0.625537
v 4.795405 10.896092 0.337407
v 3.726578 10.709997 -0.788815
v -6.323491 12.541409 0.111591
v -6.599118 12.469189 -0.645876
v -6.004739 12.376050 -0.581630
v -6.599118 12.469189 -0.645876
v -6.215905 11.643667 -1.889377
v -5.616976 12.261992 1.141443
v -6.623826 12.535716 1.147144
v -4.481820 9.849507 3.607156
v -3.128065 10.686811 3.728426
v -3.437336 9.892469 4.394465
v -4.242701 8.979519 4.534935
v -0.032811 9.357965 5.700311
v 0.677711 10.699537 4.392183
v 2.143783 9.869665 4.994167
v -3.404454 11.829563 1.897390
v -4.267028 12.347536 1.172425
v -3.466794 12.695383 0.868488
v 9.480669 -4.586269 0.357366
v 8.514877 -5.751463 1.506207
v 9.238886 -4.581901 1.369159
v 9.706101 -2.928410 0.681641
v -6.427851 10.223783 -2.978342
v -5.518127 11.460616 -2.223726
v -6.215905 11.643667 -1.889377
v -5.279008 12.216384 -1.219726
v -2.707418 11.592529 0.000584
v -3.753043 11.359502 1.412876
v -4.323857 10.545581 0.412679
v -1.369272 10.693265 4.291633
v -0.032811 9.357965 5.700311
v -2.181089 9.848184 5.018877
v 2.717062 12.064313 1.754258
v 2.807355 12.932979 0.704450
v 3.353642 12.547118 1.037279
v 5.563899 12.300006 1.110269
v 5.863273 12.433079 -0.087232
v 6.554199 12.541409 1.110080
v 3.594102 12.704882 -1.560920
v 3.251567 13.073647 -0.613373
v 3.009983 13.354948 -0.324642
v 5.024826 10.218454 -0.625537
v 3.726578 10.709997 -0.788815
v 4.503047 10.672745 -1.702719
v 5.085643 9.916415 -3.472169
v 5.404214 11.417854 -2.271628
v 4.554764 11.557562 -2.539829
v 5.123294 12.206867 -1.266676
v -5.518127 11.460616 -2.223726
v -5.144050 9.951383 -3.479583
v -4.625715 11.560987 -2.535837
v -4.271777 12.415967 -1.519481
v -4.458435 10.712082 -0.602347
v -3.619807 11.286322 -0.362277
v -5.025062 10.690800 0.504485
v -5.146715 9.906536 -0.804783
v 3.151776 11.495022 1.203219
v 2.405344 11.718188 -0.697006
v 4.293584 10.579407 0.722127
v -2.707418 11.592529 0.000584
v -4.323857 10.545581 0.412679
v -4.360167 10.997026 -0.941640
v -4.591309 10.326421 -3.650463
v -3.940843 12.138454 -2.551995
v -4.562033 11.433825 -2.465888
v -4.197835 12.273395 -1.483557
v 5.460681 9.913370 -0.266476
v 4.955253 10.690419 0.505437
v 4.392433 10.710758 -0.599687
v 3.817251 11.250973 -0.013100
v -0.851100 11.442181 3.017908
v 0.677711 10.699537 4.392183
v -1.369272 10.693265 4.291633
v -0.032811 9.357965 5.700311
v 3.870654 12.138454 -2.551995
v 4.507234 10.403789 -3.687910
v 4.496031 11.430779 -2.465129
v 3.594102 12.704882 -1.560920
v 4.492786 10.458714 -0.547985
v 2.391277 11.951797 -1.169164
v 6.283538 9.289534 -0.647396
v 5.974847 12.204982 -0.908757
v 6.170623 11.604893 -2.031557
v 6.528349 11.703741 -1.875501
v -3.321756 13.073647 -0.613373
v -3.552518 12.912078 -1.474813
v -3.072196 13.324549 -0.311147
v 3.411433 11.095857 2.300738
v 3.298716 11.154209 2.220144
v 3.679627 10.942082 2.307772
v 4.392433 10.710758 -0.599687
v 3.817251 11.250973 -0.013100
v 2.899170 11.264278 -0.859145
v 2.918748 11.657172 0.394809
v -5.492096 12.218287 1.450323
v -4.471560 12.575633 0.360786
v -4.267028 12.347536 1.172425
v -4.950558 11.671619 2.019990
v -3.252763 11.790789 -1.140654
v 2.391277 11.951797 -1.169164
v -2.050898 11.726346 -0.750231
v 2.143783 9.869665 4.994167
v 0.677711 10.699537 4.392183
v 3.068516 10.722921 3.665320
v 0.975363 11.470134 2.922297
v -2.725673 11.282714 2.671775
v -1.369272 10.693265 4.291633
v -3.128065 10.686811 3.728426
v -2.181089 9.848184 5.018877
v -3.385057 11.876513 1.678798
v -3.410146 12.444481 1.008386
v -2.616002 12.856953 1.094493
v -3.619807 12.702978 0.200359
v -3.072196 13.324549 -0.311147
v -3.619807 12.702978 0.200359
v -3.321756 13.073647 -0.613373
v -4.450840 10.727489 2.127577
v -2.725673 11.282714 2.671775
v -3.128065 10.686811 3.728426
v -4.481820 9.849507 3.607156
v 4.392053 10.733182 2.082337
v 3.843862 11.289548 1.099435
v 4.955253 10.690419 0.505437
v 5.594298 9.980659 1.140872
v -4.006809 11.252677 0.962578
v -4.450840 10.727489 2.127577
v -5.025062 10.690800 0.504485
v -5.489431 9.955389 1.699138
v 4.430827 9.892270 3.540247
v 3.068516 10.722921 3.665320
v 4.392053 10.733182 2.082337
v 2.571082 11.557562 1.900431
v 3.589534 12.841743 0.233623
v 4.186959 12.349440 1.168813
v 3.353642 12.547118 1.037279
v 3.316391 11.945524 1.763954
v 4.186959 12.349440 1.168813
v 0.677711 10.699537 4.392183
v -0.851100 11.442181 3.017908
v 0.975363 11.470134 2.922297
v 5.123294 12.206867 -1.266676
v 6.170623 11.604893 -2.031557
v 6.001639 12.303813 -1.061009
v 5.422469 12.524314 -0.282254
v -1.369272 10.693265 4.291633
v -2.725673 11.282714 2.671775
v -0.851100 11.442181 3.017908
v 2.918748 11.657172 0.394809
v 1.615750 11.695185 -0.632380
v 2.899170 11.264278 -0.859145
v 1.224379 11.917572 -0.043513
v -1.755512 11.684925 -0.621737
v -1.601538 11.923464 0.142195
v -2.984949 11.658495 0.392718
v -3.619807 11.286322 -0.362277
v -5.058706 12.520508 -0.352964
v -5.996183 12.571826 -0.387748
v -5.279008 12.216384 -1.219726
v -0.035095 11.993417 0.601806
v -1.601538 11.923464 0.142195
v 1.224379 11.917572 -0.043513
v -1.755512 11.684925 -0.621737
v -2.616002 12.856953 1.094493
v -3.619807 12.702978 0.200359
v -3.072196 13.324549 -0.311147
v 3.068516 10.722921 3.665320
v 0.975363 11.470134 2.922297
v 2.571082 11.557562 1.900431
v 4.392053 10.733182 2.082337
v 2.571082 11.557562 1.900431
v 3.843862 11.289548 1.099435
v 1.923100 11.799726 0.802531
v 3.477960 11.907312 1.865837
v -2.116465 11.860743 1.337224
v -3.619807 11.286322 -0.362277
v -2.984949 11.658495 0.392718
v -4.006809 11.252677 0.962578
v -5.025062 10.690800 0.504485
v -2.050898 11.726346 -0.750231
v 1.923100 11.799726 0.802531
v -2.116465 11.860743 1.337224
v 1.923100 11.799726 0.802531
v -2.050898 11.726346 -0.750231
v 2.405344 11.718188 -0.697006
v -2.432571 11.667432 1.592691
v -2.725673 11.282714 2.671775
v -4.006809 11.252677 0.962578
v -4.450840 10.727489 2.127577
v -0.851100 11.442181 3.017908
v -1.296273 11.911499 1.191624
v 0.975363 11.470134 2.922297
v 4.955253 10.690419 0.505437
v 3.843862 11.289548 1.099435
v 3.817251 11.250973 -0.013100
v 2.918748 11.657172 0.394809
v -2.432571 11.667432 1.592691
v -0.851100 11.442181 3.017908
v -2.725673 11.282714 2.671775
v -1.296273 11.911499 1.191624
v -0.851100 11.442181 3.017908
v -2.432571 11.667432 1.592691
v -1.296273 11.911499 1.191624
v -0.035095 11.993417 0.601806
v 1.402862 11.925929 1.072443
v 0.975363 11.470134 2.922297
v 0.975363 11.470134 2.922297
v 1.402862 11.925929 1.072443
v 2.571082 11.557562 1.900431
v -2.707418 11.592529 0.000584
v -4.360167 10.997026 -0.941640
v -2.050898 11.726346 -0.750231
v -2.707418 11.592529 0.000584
v -2.116465 11.860743 1.337224
v -3.753043 11.359502 1.412876
v -2.050898 11.726346 -0.750231
v -2.116465 11.860743 1.337224
v -2.707418 11.592529 0.000584
v -6.215905 11.643667 -1.889377
v -5.279008 12.216384 -1.219726
v -5.996183 12.571826 -0.387748
v 2.405344 11.718188 -0.697006
v 3.151776 11.495022 1.203219
v 1.923100 11.799726 0.802531
v 1.224379 11.917572 -0.043513
v 1.402862 11.925929 1.072443
v -0.035095 11.993417 0.601806
v 2.918748 11.657172 0.394809
v 3.843862 11.289548 1.099435
v 2.571082 11.557562 1.900431
v 2.918748 11.657172 0.394809
v 2.571082 11.557562 1.900431
v 1.402862 11.925929 1.072443
v 2.918748 11.657172 0.394809
v -2.432571 11.667432 1.592691
v -2.984949 11.658495 0.392718
v -1.601538 11.923464 0.142195
v -4.006809 11.252677 0.962578
v -1.601538 11.923464 0.142195
v -0.035095 11.993417 0.601806
v -1.296273 11.911499 1.191624
v -2.432571 11.667432 1.592691
v -3.913108 12.653563 -0.656331
v -4.197835 12.273395 -1.483557
v -3.321756 13.073647 -0.613373
v -4.197835 12.273395 -1.483557
v -3.552518 12.912078 -1.474813
v -3.940843 12.138454 -2.551995
v 4.643135 12.545216 0.425794
v 5.422469 12.524314 -0.282254
v 5.815561 12.619356 0.338356
v 4.643135 12.545216 0.425794
v 5.427979 12.227786 1.440248
v 4.186959 12.349440 1.168813
v 4.879788 11.671239 2.020751
v 3.875983 12.801826 -0.618315
v 3.589534 12.841743 0.233623
v 4.186959 12.349440 1.168813
v 3.589534 12.841743 0.233623
v 5.815561 12.619356 0.338356
v 5.427979 12.227786 1.440248
v 3.551521 12.702978 0.198839
v 3.251567 13.073647 -0.613373
v 3.844804 12.653563 -0.658042
v -3.321756 13.073647 -0.613373
v -3.619807 12.702978 0.200359
v -3.913108 12.653563 -0.656331
v -5.774938 12.512912 0.759003
v -5.996183 12.571826 -0.387748
v -5.058706 12.520508 -0.352964
v -4.471560 12.575633 0.360786
v -5.774938 12.512912 0.759003
v -5.492096 12.218287 1.450323
v 4.496031 11.430779 -2.465129
v 4.155218 12.438771 -1.442310
v 3.594102 12.704882 -1.560920
v 4.155218 12.438771 -1.442310
v 3.844804 12.653563 -0.658042
v 4.554764 11.557562 -2.539829
v 5.123294 12.206867 -1.266676
v 4.155218 12.438771 -1.442310
v 4.702067 12.552829 -0.487349
v 3.551521 12.702978 0.198839
v 3.353642 12.547118 1.037279
v 2.807355 12.932979 0.704450
v -5.518127 11.460616 -2.223726
v -4.271777 12.415967 -1.519481
v -5.279008 12.216384 -1.219726
v -5.058706 12.520508 -0.352964
v 2.807355 12.932979 0.704450
v 3.251567 13.073647 -0.613373
v 3.551521 12.702978 0.198839
v 3.594102 12.704882 -1.560920
v 3.844804 12.653563 -0.658042
v 3.251567 13.073647 -0.613373
v -4.267028 12.347536 1.172425
v -4.471560 12.575633 0.360786
v -3.466794 12.695383 0.868488
v 4.702067 12.552829 -0.487349
v 5.123294 12.206867 -1.266676
v 5.422469 12.524314 -0.282254
v 4.643135 12.545216 0.425794
v 4.702067 12.552829 -0.487349
v 5.422469 12.524314 -0.282254
v 6.001639 12.303813 -1.061009
v 5.815561 12.619356 0.338356
v 4.155218 12.438771 -1.442310
v 4.702067 12.552829 -0.487349
v 3.875983 12.801826 -0.618315
v -5.058706 12.520508 -0.352964
v -4.271777 12.415967 -1.519481
v -3.945611 12.801826 -0.614132
v -4.471560 12.575633 0.360786
v -3.945611 12.801826 -0.614132
v -3.466794 12.695383 0.868488
v -4.471560 12.575633 0.360786
v -5.058706 12.520508 -0.352964
v 4.643135 12.545216 0.425794
v 3.875983 12.801826 -0.618315
v 4.702067 12.552829 -0.487349
vn -0.3845 0.8946 -0.2276
vn -0.2837 0.9534 0.1025
vn -0.2599 0.9610 -0.0945
vn 0.3627 0.9303 -0.0552
vn 0.2599 0.9610 -0.0945
vn 0.2437 0.9513 0.1887
vn 0.3626 0.9303 -0.0552
vn 0.3858 0.8897 -0.2441
vn -0.1729 0.9747 0.1415
vn -0.2837 0.9534 0.1024
vn -0.2529 0.9088 -0.3319
vn -0.2761 0.7810 -0.5601
vn 0.1729 0.9747 0.1415
vn 0.2051 0.8522 0.4813
vn 0.3768 0.7457 -0.5495
vn 0.2448 0.9082 -0.3396
vn -0.2368 0.8526 0.4658
vn 0.1413 0.9809 -0.1334
vn 0.2600 0.9610 -0.0945
vn 0.0158 0.9223 0.3863
vn 0.1099 0.9887 0.1020
vn -0.1262 0.8995 0.4182
vn 0.0474 0.7024 0.7102
vn -0.0394 0.9217 0.3860
vn -0.1263 0.8995 0.4182
vn -0.1105 0.9868 0.1184
vn -0.1491 0.9808 -0.1256
vn -0.1491 0.9808 -0.1255
vn 0.3465 0.9057 0.2441
vn 0.5212 0.5370 -0.6633
vn -0.2361 0.9602 -0.1495
vn 0.2522 0.8353 -0.4886
vn 0.0236 0.6990 -0.7147
vn -0.0236 0.6990 -0.7147
vn 0.1731 0.9128 -0.3698
vn 0.1412 0.9809 -0.1334
vn 0.1731 0.9128 -0.3699
vn 0.1103 0.9056 0.4095
vn 0.2052 0.8522 0.4813
vn 0.1494 0.5895 0.7939
vn 0.0158 0.9223 0.3862
vn -0.0944 0.7079 0.7000
vn 0.1102 0.9056 0.4095
vn 0.6055 0.6291 -0.4875
vn 0.3941 0.4729 -0.7881
vn 0.2369 0.7579 0.6079
vn 0.4635 0.8720 0.1571
vn 0.1342 0.9871 0.0869
vn -0.1494 0.9749 -0.1651
vn -0.4249 0.9049 -0.0236
vn -0.1807 0.9586 0.2200
vn -0.0393 0.9985 -0.0393
vn 0.1259 0.9840 -0.1260
vn 0.1343 0.9871 0.0869
vn 0.1260 0.9840 -0.1259
vn 0.5124 0.8277 -0.2286
vn 0.1260 0.9840 -0.1260
vn -0.2366 0.9383 0.2523
vn -0.1265 0.9881 0.0870
vn -0.2749 0.9583 -0.0785
vn -0.2997 0.8045 -0.5127
vn -0.4182 0.8995 0.1262
vn -0.2749 0.9583 -0.0786
vn -0.0789 0.9787 -0.1894
vn -0.0000 0.9947 0.1026
vn -0.1265 0.9882 0.0870
vn 0.5124 0.8278 -0.2286
vn 0.1498 0.8358 -0.5283
vn 0.1259 0.9840 -0.1259
vn 0.1337 0.9909 0.0157
vn 0.2128 0.9536 0.2128
vn 0.2845 0.9560 -0.0711
vn 0.2844 0.9561 -0.0711
vn 0.4265 0.9003 0.0869
vn 0.0471 0.9744 -0.2200
vn 0.1493 0.9039 -0.4009
vn 0.0472 0.9744 -0.2200
vn -0.2365 0.9383 0.2523
vn -0.0785 0.9262 0.3689
vn -0.1265 0.9881 0.0869
vn -0.0785 0.9261 0.3689
vn -0.6607 0.5899 0.4641
vn -0.6278 0.7769 -0.0471
vn -0.4013 0.8891 -0.2203
vn -0.4182 0.8995 0.1263
vn 0.0631 0.9233 0.3788
vn 0.1337 0.9909 0.0158
vn 0.0632 0.9233 0.3788
vn 0.2522 0.9064 0.3389
vn 0.5262 0.7933 0.3063
vn -0.2124 0.7474 -0.6294
vn -0.2047 0.5117 -0.8344
vn -0.2997 0.8046 -0.5127
vn -0.6999 0.6684 -0.2516
vn 0.3629 0.8679 -0.3392
vn 0.6311 0.7731 -0.0631
vn 0.3629 0.8679 -0.3393
vn -0.5295 0.7903 0.3082
vn -0.1892 0.5519 0.8121
vn -0.2369 0.8526 0.4658
vn -0.3236 0.8050 0.4972
vn 0.2845 0.9561 -0.0711
vn -0.6608 0.5899 0.4641
vn -0.1340 0.8986 -0.4178
vn -0.2682 0.8204 -0.5049
vn -0.6150 0.5992 0.5125
vn 0.1104 0.8045 0.5836
vn -0.0629 0.7937 0.6051
vn -0.7604 0.5958 0.2587
vn -0.1971 0.9619 -0.1892
vn -0.2050 0.9776 -0.0473
vn -0.2051 0.9782 -0.0316
vn 0.7619 0.5970 0.2514
vn 0.3301 0.7938 0.5109
vn 0.6076 0.5997 0.5208
vn 0.3301 0.7938 0.5108
vn 0.1729 0.7309 -0.6602
vn 0.1972 0.9700 -0.1420
vn 0.1971 0.9778 -0.0710
vn 0.1970 0.9772 -0.0788
vn 0.1104 0.8045 0.5837
vn 0.2199 0.6284 0.7462
vn -0.2276 0.6356 0.7377
vn -0.5199 0.7168 -0.4647
vn -0.2682 0.8205 -0.5049
vn 0.0079 0.6371 0.7708
vn -0.1965 0.4322 -0.8801
vn 0.0235 0.6990 -0.7147
vn -0.2124 0.7475 -0.6294
vn -0.9048 0.3855 -0.1809
vn 0.1971 0.4258 -0.8831
vn -0.0235 0.6990 -0.7147
vn 0.1971 0.9700 -0.1420
vn 0.1969 0.9689 -0.1497
vn -0.7386 0.5422 -0.4007
vn 0.8252 0.4794 0.2987
vn 0.7723 0.3861 -0.5044
vn 0.5180 0.7141 -0.4709
vn 0.6231 0.5206 -0.5837
vn 0.5179 0.7142 -0.4709
vn 0.4720 -0.8810 -0.0315
vn 0.3301 -0.9198 -0.2123
vn 0.5968 -0.7853 -0.1649
vn -0.1965 0.9590 -0.2044
vn -0.6535 -0.7559 -0.0394
vn -0.7008 -0.5669 -0.4331
vn -0.4164 -0.8877 -0.1964
vn -0.3389 -0.4887 -0.8040
vn -0.3530 -0.5334 -0.7687
vn -0.7008 -0.5669 -0.4330
vn -0.1261 -0.9850 -0.1182
vn 0.0237 -0.9630 -0.2684
vn -0.1416 -0.5902 -0.7948
vn -0.3389 -0.4887 -0.8039
vn -0.9376 -0.3388 0.0788
vn -0.7745 -0.5690 0.2766
vn -0.8836 -0.3944 0.2525
vn -0.8836 -0.3945 0.2524
vn -0.9678 -0.1967 0.1574
vn 0.2053 0.2448 -0.9476
vn 0.3940 0.4729 -0.7881
vn 0.5983 0.4408 -0.6691
vn 0.9376 -0.3388 0.0788
vn 0.8836 -0.3945 0.2524
vn 0.7744 -0.5690 0.2766
vn 0.9678 -0.1967 0.1574
vn 0.8836 -0.3944 0.2525
vn -0.0236 -0.9656 -0.2590
vn 0.3302 -0.9197 -0.2122
vn 0.1263 -0.9867 -0.1026
vn 0.1185 -0.5213 -0.8451
vn 0.2205 -0.4331 -0.8740
vn 0.2998 -0.5364 -0.7889
vn -0.5423 0.7467 -0.3851
vn -0.4662 0.8454 -0.2607
vn -0.5805 0.7922 -0.1883
vn -0.9703 -0.2288 0.0789
vn -0.5584 0.4326 0.7078
vn -0.4173 0.6062 0.6771
vn -0.4172 0.6062 0.6771
vn 0.9678 -0.1967 0.1573
vn 0.9703 -0.2288 0.0789
vn 0.4085 0.6049 0.6835
vn 0.5669 0.4330 0.7008
vn -0.1417 -0.5902 -0.7948
vn -0.1099 -0.4787 -0.8711
vn -0.5205 -0.3076 -0.7965
vn -0.9875 0.1501 0.0474
vn -0.4025 -0.9154 -0.0000
vn -0.2600 0.4413 0.8589
vn -0.2276 0.6357 0.7377
vn -0.7604 0.5957 0.2587
vn -0.8641 0.4164 0.2828
vn 0.0869 0.7502 -0.6555
vn 0.1493 0.9039 -0.4008
vn 0.2916 0.6147 -0.7329
vn 0.9875 0.1501 0.0474
vn 0.2518 0.4328 0.8656
vn 0.7619 0.5969 0.2514
vn 0.8641 0.4163 0.2828
vn 0.7619 0.5969 0.2513
vn -0.0000 0.4566 0.8897
vn 0.3302 -0.9198 -0.2122
vn 0.4720 -0.8810 -0.0314
vn 0.7885 -0.6150 -0.0000
vn 0.7622 -0.6365 -0.1179
vn -0.8422 -0.2991 0.4486
vn -0.9119 0.1179 0.3931
vn -0.8836 -0.3944 0.2524
vn -0.7744 -0.5690 0.2766
vn -0.8307 0.5564 -0.0157
vn -0.9586 0.2829 -0.0314
vn -0.8641 0.4163 0.2828
vn -0.0000 -0.7452 0.6668
vn -0.3141 -0.3376 -0.8873
vn 0.9119 0.1179 0.3931
vn 0.8422 -0.2991 0.4486
vn 0.8836 -0.3944 0.2524
vn 0.8422 -0.2991 0.4487
vn 0.2684 -0.2448 -0.9317
vn 0.4245 -0.3145 -0.8490
vn 0.4245 -0.3145 -0.8491
vn 0.4095 -0.4174 -0.8112
vn 0.2998 -0.5365 -0.7889
vn 0.8104 0.5665 -0.1495
vn 0.8292 0.3791 -0.4107
vn 0.0472 -0.4717 -0.8805
vn -0.0316 0.2683 0.9628
vn 0.0474 0.7023 0.7103
vn -0.1893 0.5519 0.8121
vn -0.3141 -0.3377 -0.8873
vn 0.1494 0.5895 0.7938
vn -0.1494 0.3618 0.9202
vn 0.1493 0.5895 0.7939
vn 0.9706 0.1578 0.1815
vn 0.7723 0.3862 -0.5044
vn 0.8252 0.4794 0.2986
vn 0.5524 -0.2683 -0.7892
vn 0.5575 -0.1492 -0.8166
vn 0.6716 -0.0948 -0.7348
vn 0.4808 -0.3311 -0.8119
vn 0.8641 0.4164 0.2828
vn 0.9611 0.2757 -0.0158
vn 0.9369 0.1811 0.2992
vn -0.0315 -0.5508 -0.8341
vn -0.0236 -0.4408 -0.8973
vn -0.4326 0.4405 -0.7866
vn -0.2748 0.5968 -0.7539
vn -0.5198 0.7168 -0.4647
vn -0.9481 0.3081 0.0790
vn -0.2364 0.9601 -0.1495
vn -0.0710 0.5050 0.8602
vn -0.8864 -0.4628 -0.0078
vn -0.8592 -0.2838 -0.4257
vn 0.0946 0.7570 0.6466
vn 0.0473 0.7024 0.7102
vn 0.3930 0.2908 0.8724
vn -0.9434 0.3223 0.0786
vn -0.5972 -0.0314 -0.8015
vn -0.5742 -0.1180 -0.8102
vn 0.9481 0.3081 0.0790
vn 0.5212 0.5370 -0.6634
vn -0.5837 0.3313 -0.7413
vn -0.7109 -0.3791 0.5924
vn -0.7414 -0.2681 0.6152
vn -0.7531 -0.5099 0.4158
vn -0.7955 0.2836 0.5356
vn -0.7386 0.5421 -0.4007
vn -0.8215 0.3871 -0.4187
vn -0.8308 0.5564 -0.0157
vn -0.8827 0.1813 -0.4335
vn 0.9434 0.3223 0.0786
vn -0.9250 0.3716 0.0791
vn 0.7434 -0.2768 0.6089
vn 0.7109 -0.3791 0.5924
vn 0.7531 -0.5099 0.4158
vn 0.5575 -0.1492 -0.8167
vn -0.0790 0.5291 -0.8449
vn -0.0868 0.7575 -0.6471
vn -0.0868 0.7575 -0.6470
vn 0.5179 0.7141 -0.4709
vn 0.3710 0.4026 -0.8368
vn 0.9250 0.3716 0.0791
vn 0.2368 0.7579 0.6079
vn -0.1808 0.9586 0.2200
vn 0.7643 0.4018 0.5043
vn 0.7643 0.4019 0.5043
vn -0.2511 -0.9495 -0.1883
vn -0.3146 -0.8808 -0.3539
vn -0.0236 -0.9656 -0.2591
vn 0.8976 -0.4173 -0.1417
vn 0.0869 0.7502 -0.6554
vn 0.1340 0.5203 -0.8434
vn 0.0864 0.3221 -0.9428
vn -0.0790 0.5290 -0.8449
vn -0.2120 -0.2591 -0.9423
vn -0.0235 -0.9656 -0.2591
vn -0.0000 0.4566 0.8896
vn -0.1497 0.1969 0.9689
vn -0.0000 0.4567 0.8896
vn 0.1497 0.1969 0.9689
vn -0.2600 0.4412 0.8589
vn -0.4173 0.6062 0.6770
vn -0.5584 0.4326 0.7079
vn -0.3871 0.1975 0.9006
vn 0.2511 -0.9495 -0.1883
vn 0.3770 -0.8561 -0.3535
vn -0.9048 0.3855 -0.1810
vn -0.9867 0.1500 0.0631
vn -0.6607 0.5900 0.4641
vn -0.7885 -0.2365 0.5677
vn -0.7414 -0.2682 0.6152
vn -0.7100 0.1183 0.6942
vn -0.7885 -0.2366 0.5677
vn -0.8637 0.5025 0.0393
vn 0.5669 0.4331 0.7008
vn 0.3932 0.2044 0.8964
vn 0.6444 -0.7466 0.1651
vn 0.5826 0.7557 -0.2992
vn 0.6616 0.6065 -0.4411
vn 0.6284 0.7462 -0.2199
vn 0.7900 -0.2291 0.5688
vn 0.7093 0.1261 0.6935
vn 0.7899 -0.2291 0.5688
vn -0.6848 -0.3227 0.6533
vn -0.6746 -0.1883 0.7138
vn -0.1419 -0.3785 -0.9147
vn 0.8637 0.5025 0.0392
vn 0.8637 0.5025 0.0393
vn 0.6816 -0.1958 0.7051
vn 0.6848 -0.3227 0.6534
vn 0.0866 -0.2913 -0.9527
vn -0.4795 -0.8647 0.1494
vn -0.1653 0.7244 0.6693
vn -0.1654 0.7244 0.6693
vn -0.2756 0.4330 0.8582
vn 0.8098 0.1808 0.5582
vn -0.3698 -0.1259 -0.9205
vn -0.1962 0.2434 -0.9499
vn -0.2047 0.5117 -0.8345
vn 0.1263 -0.3630 -0.9232
vn 0.0630 -0.9919 0.1102
vn -0.9398 0.1895 0.2843
vn -0.9586 0.2829 -0.0315
vn -0.0629 -0.9910 0.1180
vn -0.1105 -0.9868 0.1184
vn -0.2526 -0.9472 0.1974
vn -0.4565 -0.8578 0.2361
vn 0.6445 -0.7466 0.1650
vn 0.4416 -0.8832 0.1577
vn -0.5826 -0.0551 0.8109
vn -0.0708 -0.2438 -0.9672
vn 0.1105 -0.9868 0.1184
vn 0.4565 -0.8578 0.2361
vn 0.2526 -0.9472 0.1973
vn -0.6124 0.2120 0.7616
vn 0.6090 0.2294 0.7593
vn -0.8095 0.2751 0.5187
vn 0.3769 -0.1178 -0.9187
vn 0.9563 -0.2924 -0.0079
vn -0.4466 -0.6816 0.5797
vn -0.5037 -0.8578 0.1023
vn -0.1810 -0.9441 0.2754
vn -0.7955 0.2835 0.5356
vn 0.8095 0.2751 0.5187
vn -0.7734 -0.5998 0.2052
vn 0.1262 -0.3630 -0.9232
vn -0.4876 -0.2831 0.8258
vn -0.4026 -0.1184 0.9077
vn -0.5209 -0.2052 0.8286
vn -0.2981 -0.1569 0.9415
vn -0.4025 -0.1184 0.9077
vn -0.4876 -0.2831 0.8259
vn 0.5142 -0.2136 0.8306
vn 0.3927 -0.1257 0.9110
vn 0.4876 -0.2831 0.8258
vn 0.2981 -0.1569 0.9415
vn 0.4877 -0.2832 0.8258
vn -0.1580 0.2134 -0.9641
vn 0.0237 0.3795 -0.9249
vn 0.0237 0.3794 -0.9249
vn -0.1964 0.4322 -0.8801
vn 0.6151 -0.7807 -0.1104
vn 0.4345 -0.8689 0.2370
vn 0.2206 -0.9612 -0.1654
vn -0.8215 0.3871 -0.4186
vn -0.8992 0.1893 -0.3944
vn -0.6759 -0.6837 0.2751
vn -0.7659 -0.5843 0.2685
vn -0.1257 -0.9901 0.0629
vn 0.1257 -0.9901 0.0629
vn 0.4245 -0.3144 -0.8491
vn 0.5744 0.0157 -0.8184
vn 0.5744 0.0158 -0.8184
vn 0.1257 -0.9901 0.0628
vn 0.7659 -0.5843 0.2684
vn 0.6759 -0.6838 0.2751
vn -0.8270 0.1103 0.5513
vn -0.7955 0.2835 0.5355
vn 0.9583 0.1021 0.2671
vn 0.9590 0.1572 0.2358
vn 0.1728 0.2278 -0.9583
vn 0.1730 0.4405 -0.8809
vn -0.5140 0.3322 0.7908
vn -0.6771 0.3228 0.6613
vn -0.6064 0.2205 0.7639
vn 0.9842 -0.0945 -0.1496
vn 0.2518 0.5744 -0.7789
vn 0.2518 0.5743 -0.7789
vn -0.1412 0.3295 0.9335
vn -0.3925 0.3375 0.8556
vn -0.2902 0.2117 0.9333
vn -0.4497 0.0552 -0.8915
vn 0.2118 -0.6590 0.7217
vn -0.0236 -0.9377 0.3467
vn 0.3157 -0.8129 0.4893
vn 0.2902 0.2117 0.9333
vn 0.3925 0.3375 0.8556
vn 0.1412 0.3295 0.9335
vn 0.6064 0.2205 0.7639
vn 0.6771 0.3228 0.6613
vn 0.5140 0.3321 0.7909
vn -0.5804 0.7922 -0.1883
vn -0.6125 0.7696 -0.1806
vn -0.7386 -0.6286 0.2436
vn 0.8827 0.1813 -0.4335
vn 0.9611 0.2757 -0.0157
vn -0.5998 -0.7418 0.2999
vn -0.1810 -0.9442 0.2754
vn -0.0632 -0.6397 0.7661
vn -0.0472 -0.9988 0.0157
vn -0.8215 0.3870 -0.4187
vn 0.2911 0.4957 0.8182
vn 0.1493 0.5895 0.7938
vn 0.2588 0.1333 0.9567
vn 0.2911 0.4957 0.8183
vn 0.5983 -0.7401 0.3071
vn -0.7564 -0.6539 0.0158
vn -0.8503 -0.3307 0.4094
vn -0.8677 -0.3707 0.3313
vn -0.9986 -0.0472 0.0236
vn -0.8676 -0.3707 0.3313
vn -0.0943 -0.2359 -0.9672
vn 0.1177 -0.1569 -0.9806
vn 0.2685 -0.2448 -0.9317
vn 0.2361 -0.0866 -0.9679
vn 0.8273 -0.5200 0.2127
vn 0.6444 -0.7466 0.1650
vn -0.2902 -0.9413 0.1726
vn -0.0550 -0.9905 0.1258
vn -0.4323 -0.8724 0.2279
vn -0.4336 -0.8673 -0.2444
vn -0.2209 -0.9625 0.1578
vn -0.2515 -0.9508 0.1808
vn -0.5883 -0.7687 0.2510
vn -0.6043 -0.7535 0.2590
vn -0.0944 -0.2359 -0.9672
vn -0.6005 -0.7586 0.2528
vn 0.4345 -0.8690 0.2370
vn 0.3157 -0.8130 0.4893
vn 0.0314 -0.9987 0.0393
vn 0.0315 -0.9987 0.0393
vn -0.1809 -0.9442 0.2754
vn -0.0553 -0.9959 0.0711
vn 0.4643 -0.8578 0.2204
vn 0.0707 -0.9896 0.1256
vn 0.2209 -0.9624 0.1578
vn 0.5918 -0.7655 0.2525
vn 0.2515 -0.9508 0.1807
vn 0.5919 -0.7655 0.2525
vn 0.6043 -0.7535 0.2590
vn -0.2591 -0.9658 -0.0000
vn -0.1257 -0.9896 0.0707
vn 0.2591 -0.9658 -0.0000
vn 0.1257 -0.9896 0.0707
vn -0.2292 0.1818 0.9563
vn -0.3304 0.4564 0.8262
vn -0.3305 0.4564 0.8262
vn 0.9583 -0.2435 0.1493
vn 0.2206 -0.9612 -0.1655
vn -0.7809 -0.2603 0.5679
vn -0.4465 -0.6816 0.5797
vn 0.8845 -0.2606 0.3870
vn 0.8971 -0.4407 0.0315
vn 0.9998 -0.0157 -0.0079
vn 0.6931 -0.5986 0.4017
vn -0.9550 -0.2604 -0.1421
vn 0.0790 -0.9949 0.0632
vn -0.8903 0.3624 0.2758
vn -0.8870 0.4396 0.1413
vn -0.8666 0.1024 0.4884
vn -0.3393 -0.8128 -0.4735
vn -0.0157 -0.9961 -0.0863
vn -0.9348 0.2042 0.2906
vn -0.7984 0.3004 0.5218
vn -0.9059 0.3072 0.2915
vn -0.8166 0.1492 0.5575
vn -0.0393 -0.7946 -0.6058
vn -0.6213 0.2359 -0.7472
vn 0.5275 -0.7164 -0.4566
vn 0.2526 -0.8051 -0.5367
vn 0.9377 0.0236 -0.3467
vn 0.8166 0.1492 0.5575
vn 0.7985 0.3004 0.5217
vn 0.5105 -0.8247 0.2435
vn 0.0707 -0.9896 0.1257
vn 0.8240 -0.4865 0.2904
vn 0.1336 -0.6603 -0.7390
vn 0.7306 -0.6284 0.2671
vn -0.2283 -0.1023 -0.9682
vn -0.1413 -0.0471 -0.9889
vn 0.9348 0.2043 0.2907
vn 0.9059 0.3072 0.2915
vn 0.6816 -0.1959 0.7051
vn 0.5893 0.1021 0.8014
vn 0.3927 -0.1257 0.9111
vn 0.5893 0.1022 0.8014
vn 0.3633 0.1185 0.9241
vn 0.5688 0.2291 0.7900
vn -0.9605 -0.1968 0.1968
vn -0.9550 -0.2605 -0.1420
vn -0.9351 0.0236 0.3536
vn -0.9263 0.3768 -0.0000
vn -0.8820 0.4646 0.0788
vn -0.9448 0.1496 -0.2913
vn -0.9899 0.1414 -0.0078
vn -0.7887 0.3392 0.5127
vn -0.0710 0.5051 0.8602
vn 0.1731 0.4405 -0.8809
vn -0.2369 0.5766 -0.7819
vn -0.3385 0.6771 -0.6534
vn 0.8801 -0.1965 0.4322
vn -0.5141 0.3322 0.7908
vn -0.2901 0.2117 0.9333
vn 0.9520 0.0944 0.2911
vn 0.8332 0.1415 0.5345
vn 0.9410 0.2056 0.2688
vn 0.8903 0.3624 0.2757
vn 0.8903 0.3624 0.2758
vn 0.8870 0.4396 0.1413
vn 0.8666 0.1024 0.4884
vn 0.1334 -0.9885 0.0706
vn -0.2515 -0.9508 0.1807
vn 0.2209 -0.9625 0.1578
vn 0.2514 -0.9508 0.1807
vn -0.1334 -0.9885 0.0706
vn 0.9263 0.3768 -0.0000
vn 0.8820 0.4646 0.0787
vn -0.2369 -0.9715 -0.0000
vn 0.2369 -0.9715 -0.0000
vn -0.9599 0.1731 0.2203
vn -0.8903 0.3624 0.2757
vn -0.8461 0.1898 0.4982
vn -0.9183 0.0942 0.3846
vn -0.9398 0.1896 0.2843
vn -0.9659 0.2513 0.0628
vn -0.9534 0.2837 0.1024
vn 0.9787 0.1894 -0.0789
vn 0.9470 0.1499 -0.2841
vn 0.9075 0.1815 -0.3788
vn 0.2679 -0.3862 -0.8827
vn 0.2133 -0.2370 -0.9478
vn 0.2679 -0.3861 -0.8827
vn -0.2294 -0.6723 -0.7039
vn -0.0394 -0.7946 -0.6058
vn -0.2526 -0.9472 0.1973
vn -0.9295 -0.1024 -0.3544
vn -0.8761 -0.3710 -0.3078
vn -0.1256 -0.9896 0.0707
vn 0.6711 0.1026 -0.7343
vn -0.5644 0.7133 -0.4155
vn -0.4662 0.8454 -0.2608
vn -0.9754 -0.0000 -0.2202
vn 0.1960 -0.5565 -0.8074
vn -0.6999 0.6685 -0.2516
vn 0.9998 -0.0158 -0.0079
vn 0.8743 -0.2836 -0.3938
vn -0.8449 0.2764 -0.4580
vn -0.9819 0.1885 -0.0157
vn -0.9538 0.2995 -0.0236
vn 0.9674 0.2281 0.1101
vn 0.9410 0.2056 0.2689
vn 0.9496 0.2904 0.1177
vn 0.9077 0.4025 0.1184
vn 0.9665 -0.1650 -0.1965
vn 0.3157 -0.8129 0.4894
vn 0.6297 -0.2598 0.7321
vn -0.6005 -0.7586 0.2529
vn -0.7889 -0.5365 0.2998
vn -0.5656 -0.7855 -0.2514
vn -0.5736 -0.7230 -0.3850
vn -0.9550 -0.2605 -0.1421
vn -0.8845 -0.1895 -0.4264
vn 0.9754 -0.0000 -0.2202
vn 0.9656 0.1256 0.2277
vn 0.5581 -0.8176 0.1415
vn 0.6759 -0.6837 0.2751
vn -0.5754 0.1498 0.8040
vn -0.7575 0.2920 0.5839
vn 0.9819 0.1885 -0.0157
vn 0.8449 0.2764 -0.4580
vn 0.9538 0.2995 -0.0236
vn 0.7483 -0.6617 -0.0473
vn -0.8111 -0.4016 -0.4252
vn -0.2982 -0.1569 0.9415
vn -0.1576 -0.0709 0.9850
vn -0.1422 0.0632 0.9878
vn -0.5656 -0.7855 -0.2513
vn -0.9294 -0.1024 -0.3545
vn 0.8449 -0.0790 0.5290
vn 0.7069 -0.3535 0.6127
vn -0.0000 0.1810 0.9835
vn 0.9249 -0.3557 0.1344
vn 0.2361 -0.0865 -0.9679
vn 0.2685 -0.2447 -0.9317
vn 0.1502 0.0395 -0.9879
vn -0.2902 0.2118 0.9332
vn 0.9665 -0.1650 -0.1964
vn 0.9584 -0.2435 0.1492
vn -0.7575 0.2919 0.5839
vn -0.8461 0.1898 0.4981
vn -0.9127 0.3934 0.1102
vn 0.7069 -0.3534 0.6127
vn 0.4492 -0.5911 0.6699
vn 0.7069 -0.3535 0.6126
vn 0.5745 0.0157 -0.8184
vn 0.3393 0.0552 -0.9390
vn 0.6545 0.7255 -0.2129
vn 0.5825 0.7557 -0.2991
vn -0.9449 0.1496 -0.2913
vn -0.9885 -0.0706 -0.1334
vn 0.0237 -0.1026 -0.9944
vn -0.3162 -0.9487 -0.0000
vn -0.9051 -0.3305 -0.2676
vn -0.8201 -0.1183 0.5599
vn -0.5677 0.2365 0.7885
vn -0.5677 0.2366 0.7885
vn -0.7078 0.1415 0.6921
vn -0.7078 0.1416 0.6921
vn -0.7162 0.0866 0.6925
vn -0.7162 0.0866 0.6926
vn -0.0789 0.5291 -0.8449
vn -0.2748 0.5968 -0.7538
vn -0.2749 0.5968 -0.7538
vn -0.1180 0.2832 -0.9518
vn 0.7575 0.2919 0.5839
vn 0.7575 0.2920 0.5839
vn -0.6219 -0.6770 0.3936
vn -0.7564 -0.6539 0.0157
vn -0.7564 -0.2442 0.6067
vn -0.4722 0.0079 0.8814
vn -0.7564 -0.2443 0.6067
vn -0.3465 -0.3781 0.8585
vn -0.7845 0.1961 0.5883
vn -0.7565 -0.2442 0.6067
vn -0.4722 0.0079 0.8815
vn -0.9294 0.2835 0.2363
vn -0.7845 0.1961 0.5884
vn 0.3233 -0.9463 -0.0000
vn 0.5690 -0.7825 -0.2529
vn 0.3770 -0.8561 -0.3534
vn -0.6449 -0.7000 -0.3067
vn 0.7093 0.0709 0.7014
vn 0.7030 0.1501 0.6951
vn 0.7093 0.1261 0.6936
vn 0.5689 0.1185 0.8138
vn 0.5727 0.0785 0.8160
vn 0.6090 0.2293 0.7593
vn 0.4251 0.2047 -0.8817
vn -0.9600 0.1731 0.2203
vn -0.2119 -0.1962 -0.9574
vn -0.1179 -0.2593 -0.9586
vn -0.0632 -0.6397 0.7660
vn -0.4466 -0.6815 0.5797
vn -0.4465 -0.6815 0.5797
vn -0.2752 -0.2202 0.9358
vn -0.0471 0.0628 -0.9969
vn -0.9155 -0.3867 0.1105
vn -0.9320 -0.3475 0.1027
vn -0.9451 -0.3150 0.0866
vn -0.8973 -0.4329 0.0866
vn -0.9085 -0.4029 0.1106
vn -0.8942 -0.4393 0.0863
vn -0.8829 -0.4653 0.0632
vn -0.8942 -0.4392 0.0863
vn -0.8830 -0.4652 0.0631
vn -0.8805 -0.4717 0.0472
vn -0.8761 -0.4815 -0.0237
vn -0.8782 -0.4783 0.0078
vn -0.2915 0.0788 -0.9533
vn -0.3928 -0.9191 0.0314
vn -0.9899 0.1414 -0.0079
vn -0.0708 -0.2438 -0.9673
vn 0.9910 0.1337 0.0079
vn -0.7555 0.1810 -0.6296
vn 0.3928 -0.9191 0.0314
vn 0.9656 0.1256 0.2276
vn 0.7734 0.2052 0.5998
vn -0.7565 -0.2443 0.6067
vn -0.4812 -0.5916 0.6468
vn 0.9155 -0.3867 0.1105
vn 0.9451 -0.3150 0.0866
vn 0.9295 -0.3545 0.1024
vn -0.9294 0.2836 0.2363
vn -0.8782 -0.4783 0.0079
vn -0.9522 -0.2990 0.0630
vn -0.9632 -0.2684 0.0158
vn -0.9522 -0.2990 0.0629
vn -0.9633 -0.2684 -0.0079
vn -0.8808 -0.4718 -0.0393
vn -0.8937 -0.4429 -0.0712
vn -0.9203 -0.3776 -0.1023
vn -0.9064 -0.4098 -0.1025
vn 0.8973 -0.4329 0.0866
vn 0.9085 -0.4029 0.1106
vn 0.8805 -0.4717 0.0472
vn 0.8932 -0.4427 0.0790
vn -0.3705 0.1104 0.9223
vn -0.3705 0.1103 0.9223
vn -0.3467 0.1733 0.9218
vn -0.5689 0.1185 0.8138
vn 0.9910 0.1337 0.0078
vn 0.8743 -0.2836 -0.3939
vn 0.6533 -0.6848 -0.3227
vn -0.9320 -0.3476 0.1027
vn -0.8327 -0.4713 0.2906
vn 0.9294 -0.3545 0.1024
vn -0.4179 -0.9068 0.0552
vn -0.7564 -0.6540 0.0157
vn 0.1576 -0.0709 0.9850
vn 0.1422 0.0632 0.9878
vn 0.3536 0.1729 0.9193
vn -0.4891 0.3550 -0.7967
vn -0.5509 0.5194 -0.6532
vn -0.6710 0.2368 -0.7026
vn -0.9348 0.2042 0.2907
vn -0.8167 0.1492 0.5575
vn -0.9558 -0.0316 0.2923
vn 0.8932 -0.4426 0.0790
vn 0.8757 -0.4812 0.0395
vn 0.8812 -0.4721 -0.0236
vn 0.8815 -0.4722 -0.0079
vn 0.7555 0.1810 -0.6296
vn -0.8808 -0.4719 -0.0393
vn -0.6315 0.1973 -0.7499
vn -0.7161 0.0866 0.6926
vn -0.5731 0.0706 0.8164
vn -0.5731 0.0707 0.8164
vn 0.8757 -0.4812 0.0394
vn -0.9577 -0.2826 -0.0550
vn -0.9517 -0.2989 -0.0708
vn -0.8932 -0.4426 -0.0790
vn 0.9632 -0.2684 0.0158
vn 0.9633 -0.2684 -0.0079
vn 0.9522 -0.2990 0.0630
vn 0.9522 -0.2990 0.0629
vn -0.2902 0.2118 0.9333
vn -0.6064 0.2205 0.7640
vn -0.5599 -0.0315 0.8280
vn 0.5509 0.5194 -0.6532
vn 0.4891 0.3550 -0.7967
vn 0.6522 0.2515 -0.7151
vn -0.8932 -0.4427 -0.0790
vn 0.8906 -0.4492 -0.0709
vn 0.8801 -0.4715 -0.0550
vn 0.9071 -0.4102 -0.0947
vn 0.9230 -0.3708 -0.1026
vn 0.8906 -0.4493 -0.0709
vn -0.9427 -0.3221 -0.0864
vn -0.9428 -0.3221 -0.0864
vn -0.8422 -0.4486 0.2991
vn 0.1340 0.5202 -0.8434
vn 0.9314 -0.2368 0.2763
vn 0.8272 -0.5200 0.2127
vn 0.6315 0.1973 -0.7499
vn -0.9961 -0.0863 -0.0157
vn -0.9851 0.0473 -0.1655
vn -0.9294 -0.2363 0.2836
vn 0.8167 0.1492 0.5575
vn 0.7985 0.3004 0.5218
vn 0.9533 -0.0394 0.2994
vn 0.9348 0.2042 0.2906
vn -0.9295 -0.3544 -0.1024
vn -0.9294 -0.3545 -0.1024
vn 0.5599 -0.0316 0.8280
vn 0.5140 0.3322 0.7908
vn 0.6064 0.2205 0.7640
vn 0.8973 -0.4329 -0.0866
vn 0.9577 -0.2826 -0.0550
vn 0.9633 -0.2685 -0.0079
vn 0.9633 -0.2679 0.0156
vn 0.9517 -0.2989 -0.0708
vn 0.5582 -0.8176 0.1415
vn 0.4091 -0.7947 0.4485
vn -0.3616 0.0943 0.9276
vn 0.8422 -0.4486 0.2991
vn 0.8422 -0.4487 0.2991
vn -0.6213 0.2360 -0.7472
vn 0.1334 -0.1883 0.9730
vn 0.5688 0.2291 0.7899
vn 0.9427 -0.3221 -0.0864
vn 0.9428 -0.3221 -0.0864
vn 0.3393 0.0552 -0.9391
vn 0.5290 0.1816 -0.8290
vn 0.9348 0.2042 0.2907
vn 0.9295 -0.3544 -0.1024
vn 0.9230 -0.3708 -0.1025
vn 0.9294 -0.3545 -0.1024
vn -0.9294 -0.2363 0.2835
vn -0.8864 -0.4628 -0.0079
vn 0.3616 0.0943 0.9276
vn 0.5728 0.0785 0.8160
vn 0.6225 0.2285 -0.7485
vn 0.0550 -0.0471 -0.9974
vn 0.5691 -0.7824 -0.2529
vn 0.6586 -0.6273 -0.4156
vn -0.8844 -0.1895 -0.4265
vn -0.6399 -0.1975 -0.7426
vn -0.9290 -0.0079 0.3700
vn -0.9397 0.0395 0.3396
vn -0.9580 0.0471 0.2827
vn -0.9593 -0.2752 0.0629
vn -0.5347 0.0786 -0.8414
vn -0.4958 0.2125 -0.8420
vn -0.5119 0.4489 -0.7324
vn -0.5835 0.4809 -0.6544
vn -0.1257 -0.0707 -0.9896
vn 0.5835 0.4810 -0.6544
vn 0.5119 0.4489 -0.7324
vn 0.2591 -0.1256 0.9577
vn 0.2982 -0.1569 0.9415
vn -0.0000 0.0551 0.9985
vn 0.0629 -0.0314 0.9975
vn -0.0628 -0.0314 0.9975
vn -0.0000 0.0550 0.9985
vn -0.0000 -0.0315 0.9995
vn 0.0628 -0.0314 0.9975
vn -0.8779 0.1819 -0.4429
vn -0.9049 -0.0236 -0.4249
vn -0.5731 0.0707 0.8165
vn -0.9470 0.2841 -0.1500
vn -0.8750 0.0552 -0.4809
vn 0.8820 0.4646 0.0788
vn 0.3932 0.2045 0.8964
vn 0.9356 0.0707 -0.3459
vn 0.7550 -0.2517 -0.6055
vn 0.7550 -0.2516 -0.6055
vn -0.0000 0.2052 0.9787
vn -0.0000 0.1026 0.9947
vn 0.8389 0.4077 0.3606
vn -0.6831 0.5889 0.4319
vn 0.8779 0.1819 -0.4429
vn 0.9049 -0.0236 -0.4249
vn -0.3609 -0.9024 -0.2354
vn 0.9460 0.0236 0.3232
vn 0.9346 -0.0393 0.3534
vn 0.9460 0.0237 0.3232
vn 0.6711 0.1026 -0.7342
vn 0.9004 0.4344 -0.0237
vn -0.3465 -0.3780 0.8585
vn -0.4812 -0.5916 0.6469
vn -0.8669 -0.1576 -0.4729
vn 0.1501 0.0395 -0.9879
vn 0.2512 0.1413 -0.9576
vn 0.5120 -0.8429 -0.1654
vn 0.6534 -0.6848 -0.3227
vn -0.3616 0.0943 0.9275
vn -0.1257 0.0707 0.9896
vn -0.1256 0.0707 0.9896
vn 0.0078 0.0863 0.9962
vn -0.1261 0.1182 0.9850
vn -0.1423 0.0632 0.9878
vn -0.2591 -0.1256 0.9577
vn -0.9470 0.2841 -0.1499
vn -0.7565 0.6540 0.0079
vn 0.9999 0.0079 -0.0079
vn 0.9356 0.0708 -0.3459
vn 0.7770 0.5101 -0.3689
vn 0.1809 -0.9754 0.1259
vn 0.4182 -0.1736 0.8916
vn 0.8449 -0.0790 0.5291
vn 0.4876 -0.0000 0.8730
vn -0.0000 0.2924 0.9563
vn -0.0000 0.1809 0.9835
vn -0.1577 -0.0631 0.9855
vn -0.1963 0.2434 -0.9499
vn -0.1262 0.1104 -0.9858
vn -0.2276 -0.0314 -0.9732
vn 0.6298 -0.2598 0.7321
vn 0.2748 0.1491 -0.9499
vn 0.1817 0.1501 -0.9718
vn -0.8844 -0.1895 -0.4264
vn -0.0629 -0.0314 0.9975
vn 0.1339 0.1103 0.9848
vn 0.1340 0.1103 0.9848
vn 0.1334 0.0706 0.9885
vn 0.1334 0.0706 0.9886
vn 0.1497 0.1970 0.9689
vn -0.4869 -0.8717 -0.0550
vn -0.9867 0.1499 0.0632
vn 0.4635 0.8721 0.1571
vn -0.1257 0.0707 0.9895
vn 0.0474 0.0947 0.9944
vn 0.0079 0.0863 0.9962
vn -0.5599 -0.0316 0.8280
vn -0.3948 -0.0711 0.9160
vn -0.7103 -0.3552 -0.6077
vn -0.5355 0.0551 -0.8427
vn 0.2370 -0.9715 -0.0000
vn 0.4869 -0.8717 -0.0550
vn -0.4809 -0.8751 -0.0552
vn 0.4809 -0.8751 -0.0552
vn 0.9290 -0.1496 -0.3385
vn 0.7471 -0.1258 -0.6527
vn 0.9470 0.1500 -0.2841
vn 0.8303 -0.4744 0.2926
vn 0.8240 -0.4866 0.2904
vn 0.9534 -0.1024 0.2837
vn 0.2514 -0.0550 -0.9663
vn 0.5690 -0.7824 -0.2529
vn -0.1889 -0.8815 0.4328
vn -0.1256 -0.0707 -0.9896
vn 0.4877 -0.0000 0.8730
vn 0.3534 -0.3770 0.8561
vn 0.3535 -0.3770 0.8561
vn -0.4244 -0.7309 -0.5344
vn -0.1889 -0.8815 0.4329
vn -0.1889 -0.8814 0.4329
vn -0.4404 -0.8493 0.2910
vn -0.5908 -0.7956 -0.1339
vn -0.4809 -0.8750 -0.0552
vn -0.6759 -0.6838 0.2751
vn -0.9152 -0.2604 0.3077
vn -0.9001 -0.3001 0.3158
vn 0.5908 -0.7956 -0.1339
vn 0.4809 -0.8750 -0.0552
vn -0.1491 0.1255 -0.9808
vn 0.6533 -0.6848 -0.3228
vn 0.3700 -0.5511 -0.7479
vn 0.9152 -0.2603 0.3077
vn 0.9001 -0.3001 0.3158
vn -0.9991 -0.0393 -0.0157
vn -0.1962 0.1727 -0.9652
vn -0.7051 0.5014 -0.5014
vn -0.8751 0.0552 -0.4809
vn 0.2518 -0.8264 -0.5037
vn -0.3872 0.2844 -0.8770
vn -0.8740 -0.3149 0.3701
vn -0.8740 -0.3150 0.3701
vn 0.9989 -0.0472 -0.0079
vn 0.1809 -0.9754 0.1258
vn -0.0710 0.0789 -0.9943
vn 0.2902 0.2118 0.9333
vn 0.1179 -0.0707 0.9905
vn 0.3853 -0.0708 0.9201
vn 0.5599 -0.0315 0.8280
vn -0.4188 -0.8928 0.1659
vn 0.7659 -0.5843 0.2685
vn 0.9001 -0.3000 0.3158
vn -0.4187 -0.8928 0.1659
vn 0.4188 -0.8928 0.1659
vn -0.9538 0.2995 -0.0237
vn -0.9273 -0.2358 0.2908
vn 0.2519 -0.8264 -0.5037
vn -0.5217 0.1976 -0.8300
vn -0.5217 0.1976 -0.8299
vn -0.5747 0.1102 -0.8109
vn 0.6847 0.3069 -0.6611
vn -0.4111 0.1818 -0.8933
vn -0.2448 0.3396 -0.9082
vn 0.3304 0.3383 -0.8811
vn 0.5208 0.2052 -0.8286
vn 0.5747 0.1102 -0.8109
vn -0.5826 -0.8030 -0.1260
vn -0.2370 -0.9715 -0.0000
vn 0.5825 -0.8030 -0.1260
vn 0.5519 -0.1892 -0.8121
vn 0.7655 -0.2525 -0.5918
vn 0.8756 -0.2998 0.3786
vn 0.7770 0.5102 -0.3689
vn -0.8084 -0.4316 -0.4002
vn 0.1805 -0.3531 0.9180
vn 0.1179 -0.0708 0.9905
vn 0.3396 -0.2132 -0.9161
vn 0.3537 -0.0079 -0.9353
vn -0.8243 -0.1649 0.5417
vn 0.8999 -0.3237 0.2921
vn -0.2846 -0.5535 -0.7827
vn -0.3853 -0.2752 -0.8808
vn -0.7103 -0.3551 -0.6077
vn 0.8278 -0.1656 0.5361
vn 0.6705 0.5206 -0.5285
vn 0.4337 -0.8989 -0.0631
vn 0.7262 -0.6631 -0.1816
vn 0.6437 -0.7536 -0.1334
vn 0.9472 0.2526 -0.1973
vn -0.2294 -0.6722 -0.7039
vn -0.4247 -0.1730 -0.8887
vn -0.9721 0.1976 -0.1265
vn -0.9708 0.2368 -0.0395
vn -0.9710 0.2369 -0.0316
vn -0.5133 -0.8529 -0.0948
vn -0.6305 -0.7645 -0.1340
vn -0.7066 -0.0392 0.7066
vn -0.7066 -0.0393 0.7066
vn -0.6139 -0.2755 0.7398
vn -0.6139 -0.2754 0.7398
vn -0.7014 -0.4098 0.5832
vn 0.1255 0.1491 0.9808
vn -0.1495 0.3618 0.9202
vn 0.0237 -0.0870 0.9959
vn 0.9932 -0.0552 -0.1025
vn 0.8188 -0.4251 -0.3858
vn 0.6600 -0.4558 -0.5972
vn 0.5825 0.7558 -0.2991
vn 0.6616 0.6064 -0.4411
vn 0.6437 -0.7536 -0.1335
vn -0.4958 0.2125 -0.8421
vn -0.3858 0.4094 -0.8267
vn 0.2511 0.1413 -0.9576
vn 0.0866 0.3150 -0.9451
vn -0.6686 -0.1337 -0.7315
vn -0.2365 0.2523 -0.9383
vn 0.3388 0.1891 -0.9217
vn 0.3387 0.1891 -0.9217
vn 0.5508 0.5980 -0.5823
vn 0.2521 0.8353 -0.4886
vn 0.1890 0.1024 -0.9766
vn 0.0864 0.2435 -0.9661
vn -0.1186 -0.6403 0.7589
vn 0.2911 -0.0944 0.9520
vn 0.3929 0.2908 0.8724
vn -0.7564 0.6540 0.0079
vn -0.6832 0.5889 0.4319
vn 0.0706 -0.7999 0.5960
vn 0.7550 -0.2517 -0.6056
vn 0.5201 0.0709 -0.8511
vn 0.2754 -0.1810 -0.9442
vn 0.1337 -0.6603 -0.7390
vn -0.9549 -0.0868 0.2841
vn -0.9526 -0.1102 0.2834
vn 0.2209 0.1578 -0.9625
vn -0.7889 -0.5364 0.2998
vn 0.7066 -0.0392 0.7066
vn 0.7066 -0.0393 0.7066
vn 0.7066 -0.0392 0.7065
vn 0.6139 -0.2755 0.7398
vn 0.6982 -0.4079 0.5884
vn 0.3934 -0.3698 0.8418
vn -0.2528 -0.9558 -0.1501
vn -0.2989 -0.9437 -0.1416
vn -0.1501 -0.9795 -0.1343
vn -0.2988 -0.9437 -0.1416
vn -0.2844 -0.9481 -0.1422
vn -0.3392 0.1814 -0.9230
vn -0.3392 0.1815 -0.9230
vn 0.4876 -0.0000 0.8731
vn 0.4497 0.2682 0.8520
vn -0.1738 -0.3397 0.9243
vn -0.2293 -0.6723 -0.7039
vn -0.1334 -0.1883 -0.9730
vn -0.6241 0.3239 -0.7110
vn -0.5356 0.0551 -0.8427
vn 0.3845 -0.2825 -0.8788
vn 0.2989 -0.9437 -0.1416
vn 0.2528 -0.9558 -0.1501
vn 0.1501 -0.9795 -0.1343
vn 0.2988 -0.9437 -0.1416
vn 0.2844 -0.9481 -0.1422
vn -0.2590 -0.9577 -0.1256
vn 0.0705 -0.7999 0.5960
vn -0.5737 -0.7230 -0.3850
vn -0.8086 -0.5024 -0.3062
vn -0.7719 -0.4726 -0.4253
vn 0.9549 -0.0868 0.2841
vn 0.5669 -0.5117 -0.6456
vn 0.2921 0.0474 -0.9552
vn 0.9990 0.0315 -0.0315
vn 0.2591 -0.9577 -0.1256
vn 0.3858 -0.4094 0.8267
vn 0.6075 0.2130 0.7652
vn 0.3628 -0.0473 0.9307
vn -0.2756 0.4331 0.8582
vn -0.3468 0.0158 0.9378
vn -0.9555 0.2922 -0.0395
vn 0.1882 -0.8861 0.4235
vn 0.1177 -0.6903 0.7139
vn -0.5736 -0.7230 -0.3851
vn -0.5655 -0.7855 -0.2513
vn -0.2355 0.1648 -0.9578
vn 0.9555 -0.0789 0.2843
vn 0.8302 -0.4744 0.2926
vn 0.9499 0.3062 -0.0628
vn -0.9567 -0.0706 0.2823
vn -0.6528 0.7550 -0.0629
vn 0.6381 0.7641 0.0945
vn 0.9781 0.1893 -0.0867
vn -0.3778 -0.4014 0.8343
vn -0.1806 -0.8874 0.4241
vn -0.1735 -0.5679 0.8046
vn -0.9711 0.1974 -0.1342
vn 0.9567 -0.0706 0.2823
vn -0.9991 -0.0393 -0.0158
vn -0.9538 -0.2995 -0.0236
vn -0.9273 -0.2357 0.2907
vn -0.8243 -0.1649 0.5416
vn -0.0711 0.3554 -0.9320
vn -0.8817 -0.2047 -0.4251
vn -0.0157 -0.9051 -0.4250
vn 0.8278 -0.1655 0.5361
vn 0.0395 -0.9954 0.0869
vn 0.6522 0.2514 -0.7151
vn 0.6156 -0.1026 -0.7813
vn -0.4874 0.3459 0.8018
vn 0.0789 0.0789 -0.9938
vn -0.0789 -0.7965 0.5994
vn -0.1736 -0.5679 0.8046
vn -0.2200 -0.1807 -0.9586
vn -0.2672 -0.1571 -0.9508
vn -0.2275 -0.1804 -0.9569
vn -0.2765 -0.1580 -0.9479
vn 0.8787 -0.2040 -0.4315
vn -0.2919 0.4023 -0.8677
vn -0.2055 0.1660 -0.9645
vn 0.2275 -0.1804 -0.9569
vn 0.2671 -0.1572 -0.9508
vn 0.2200 -0.1807 -0.9586
vn 0.2672 -0.1571 -0.9508
vn 0.2765 -0.1580 -0.9479
vn -0.1805 -0.1884 -0.9654
vn -0.1653 -0.1889 -0.9680
vn -0.9538 -0.2996 -0.0236
vn 0.5745 0.5981 0.5588
vn 0.9788 -0.0947 0.1815
vn 0.1653 -0.1889 -0.9680
vn 0.1805 -0.1884 -0.9654
vn 0.9311 0.1341 0.3393
vn 0.2919 0.4023 -0.8677
vn 0.2131 0.1657 -0.9629
vn -0.2274 -0.1804 -0.9569
vn -0.6393 0.7341 -0.2289
vn -0.2995 -0.1261 -0.9457
vn -0.2671 -0.1572 -0.9508
vn -0.3003 -0.1027 -0.9483
vn -0.1502 -0.9796 -0.1334
vn 0.0236 -0.9907 -0.1337
vn 0.1255 -0.9808 -0.1491
vn 0.2274 -0.1804 -0.9569
vn 0.1502 -0.9796 -0.1336
vn -0.0236 -0.9907 -0.1337
vn -0.1255 -0.9808 -0.1491
vn 0.2995 -0.1261 -0.9457
vn 0.3003 -0.1027 -0.9483
vn 0.9539 -0.2996 -0.0158
vn 0.6590 0.7452 -0.1020
vn -0.3076 -0.1972 0.9308
vn -0.5330 0.1960 0.8231
vn -0.6961 0.2294 0.6803
vn 0.8078 -0.4941 -0.3215
vn 0.8183 0.4957 0.2911
vn 0.8124 -0.5048 0.2918
vn 0.9990 0.0315 -0.0314
vn 0.1491 -0.9808 0.1255
vn -0.1177 -0.1569 -0.9806
vn -0.1415 -0.1729 -0.9747
vn 0.1415 -0.1730 -0.9747
vn 0.1568 -0.9724 -0.1725
vn 0.1882 -0.8862 0.4235
vn -0.0158 -0.9954 0.0948
vn -0.3855 -0.3777 0.8419
vn -0.0315 0.0157 0.9994
vn -0.2292 0.1817 0.9563
vn -0.0315 0.2683 0.9628
vn 0.1415 -0.1729 -0.9747
vn 0.3934 -0.3697 0.8418
vn -0.0079 -0.9678 0.2518
vn -0.1496 -0.9761 -0.1575
vn -0.7096 -0.3706 0.5993
vn -0.5911 -0.6699 -0.4492
vn -0.7096 -0.3706 0.5992
vn 0.1731 0.1338 -0.9758
vn 0.2365 0.2523 -0.9383
vn 0.1883 0.2511 -0.9495
vn 0.6075 0.2130 0.7653
vn 0.7258 0.5522 0.4102
vn 0.5745 0.5588 0.5981
vn -0.1972 0.1419 -0.9700
vn -0.6622 -0.7489 0.0237
vn -0.0000 -0.3233 0.9463
vn -0.0786 -0.5817 0.8096
vn -0.9273 -0.2357 0.2908
vn -0.8243 -0.1648 0.5417
vn -0.5841 -0.1026 -0.8051
vn 0.6622 -0.7489 0.0236
vn 0.2051 -0.3865 0.8992
vn 0.8757 -0.2998 0.3786
vn 0.8660 0.0630 0.4960
vn -0.5826 -0.8030 -0.1259
vn -0.7626 -0.6211 -0.1808
vn -0.3295 -0.0706 -0.9415
vn 0.5986 -0.0945 -0.7955
vn -0.1966 0.1022 -0.9751
vn -0.1573 0.2910 -0.9437
vn -0.0710 0.2604 -0.9629
vn 0.3295 -0.0706 -0.9415
vn -0.3160 -0.0395 -0.9479
vn -0.9617 0.0867 0.2601
vn -0.9152 -0.2603 0.3077
vn 0.7626 -0.6211 -0.1808
vn 0.3160 -0.0395 -0.9479
vn 0.8283 -0.2998 -0.4733
vn 0.3858 -0.4094 0.8268
vn 0.4579 0.3000 0.8369
vn 0.9152 -0.2604 0.3077
vn 0.9617 0.0867 0.2601
vn -0.2212 0.4581 -0.8609
vn 0.7551 0.3304 0.5663
vn -0.2355 0.1649 -0.9578
vn -0.4327 0.4405 -0.7866
vn -0.0867 -0.1497 -0.9849
vn 0.0867 -0.1497 -0.9849
vn 0.2364 0.3073 -0.9218
vn -0.8971 -0.4407 0.0315
vn -0.8086 -0.5024 -0.3061
vn -0.6622 -0.7489 0.0236
vn -0.5655 -0.7855 -0.2514
vn -0.0395 -0.9000 -0.4342
vn -0.1496 -0.9761 -0.1574
vn -0.2678 -0.6852 -0.6773
vn 0.0078 -0.9975 -0.0707
vn -0.8677 -0.4023 0.2919
vn 0.6622 -0.7489 0.0237
vn 0.6601 -0.4557 -0.5972
vn -0.9355 -0.1887 0.2987
vn -0.9444 -0.1181 0.3069
vn -0.9395 -0.1500 0.3079
vn -0.9345 -0.2356 0.2670
vn 0.0079 -0.9006 0.4345
vn 0.0551 0.1654 -0.9847
vn 0.0864 0.3221 -0.9427
vn -0.3610 -0.9024 -0.2354
vn 0.4496 0.2682 0.8520
vn -0.3138 -0.0157 -0.9493
vn 0.9000 -0.3237 0.2921
vn 0.6982 -0.4079 0.5883
vn 0.7240 -0.5666 0.3935
vn -0.0395 -0.9479 -0.3160
vn -0.0000 -0.9518 -0.3068
vn -0.0552 -0.9390 -0.3393
vn 0.0395 -0.9480 -0.3160
vn 0.0395 -0.9479 -0.3160
vn 0.0552 -0.9390 -0.3393
vn 0.2366 0.2523 -0.9383
vn -0.0710 0.2605 -0.9629
vn 0.0078 0.4472 -0.8944
vn 0.0866 0.3151 -0.9451
vn 0.3138 -0.0157 -0.9493
vn 0.0550 -0.8172 -0.5737
vn 0.2664 -0.6816 -0.6816
vn 0.7635 0.6454 -0.0236
vn 0.6390 0.7179 0.2761
vn -0.8311 -0.3607 -0.4234
vn 0.9990 0.0314 -0.0315
vn 0.3232 0.0315 0.9458
vn 0.3232 0.0316 0.9458
vn -0.1887 0.2437 -0.9513
vn -0.2056 0.1660 -0.9645
vn -0.2441 -0.3858 -0.8897
vn -0.5044 -0.0867 -0.8591
vn -0.0631 -0.0946 -0.9935
vn -0.0786 -0.1179 -0.9899
vn -0.2601 0.0867 -0.9617
vn -0.2361 0.1495 -0.9602
vn -0.8280 -0.5047 -0.2445
vn 0.8286 -0.3630 -0.4262
vn 0.0631 -0.0946 -0.9935
vn 0.0785 -0.1179 -0.9899
vn -0.8669 -0.1576 -0.4728
vn -0.6431 -0.4392 -0.6274
vn -0.8084 -0.4316 -0.4003
vn -0.6942 -0.6390 -0.3313
vn 0.0552 0.1654 -0.9847
vn 0.2599 0.0945 -0.9610
vn 0.2358 0.1572 -0.9590
vn -0.0789 -0.7966 0.5994
vn 0.0786 -0.1178 -0.9899
vn 0.0711 -0.0711 -0.9949
vn -0.0711 -0.0711 -0.9949
vn -0.0785 -0.1178 -0.9899
vn -0.4957 0.2911 -0.8183
vn -0.7030 0.4661 -0.5371
vn 0.6134 -0.6213 -0.4876
vn 0.9377 0.0237 -0.3467
vn 0.8280 -0.5047 -0.2444
vn -0.9301 0.1419 0.3389
vn -0.8431 0.4176 0.3388
vn -0.9300 0.1419 0.3389
vn 0.9470 -0.1499 -0.2841
vn -0.2996 0.0079 -0.9540
vn 0.0550 -0.8173 -0.5736
vn -0.0000 -0.9591 -0.2830
vn 0.3138 -0.0157 -0.9494
vn 0.2996 0.0079 -0.9540
vn -0.0868 -0.9308 -0.3550
vn -0.0552 -0.9391 -0.3393
vn -0.1107 -0.9249 -0.3636
vn -0.5331 0.1960 0.8231
vn -0.3077 -0.1972 0.9308
vn -0.4479 0.1965 0.8722
vn 0.1263 -0.2684 0.9550
vn -0.0158 0.1026 0.9946
vn -0.4479 0.1964 0.8722
vn -0.1422 0.4740 0.8690
vn -0.5370 0.5764 0.6159
vn 0.0868 -0.9308 -0.3550
vn 0.0552 -0.9391 -0.3393
vn 0.1107 -0.9249 -0.3636
vn -0.0709 0.0946 -0.9930
vn -0.8479 -0.4710 -0.2434
vn -0.8479 -0.4711 -0.2434
vn -0.8296 -0.5056 -0.2370
vn -0.9412 -0.1255 -0.3137
vn -0.2923 0.0316 -0.9558
vn -0.3139 -0.0157 -0.9493
vn 0.2663 -0.6816 -0.6816
vn 0.2923 -0.2450 -0.9244
vn 0.5044 -0.0867 -0.8591
vn -0.7147 -0.5733 0.4006
vn 0.2923 0.0316 -0.9558
vn -0.9444 -0.1180 0.3069
vn 0.5828 -0.4490 0.6773
vn -0.2681 -0.9462 -0.1813
vn -0.3218 -0.9262 -0.1962
vn 0.8271 -0.5593 -0.0551
vn 0.8271 -0.5593 -0.0552
vn 0.9539 -0.2996 -0.0157
vn 0.3387 0.1890 -0.9217
vn 0.2681 -0.9462 -0.1813
vn 0.2681 -0.9462 -0.1814
vn 0.3218 -0.9262 -0.1962
vn 0.6839 -0.5817 -0.4403
vn -0.8191 -0.4017 -0.4096
vn 0.7631 -0.4327 -0.4800
vn 0.1569 -0.9724 -0.1725
vn 0.6204 0.6597 -0.4241
vn 0.6594 0.7458 -0.0942
vn 0.7001 0.4641 -0.5427
vn -0.5836 0.3313 -0.7414
vn -0.9955 -0.0000 -0.0948
vn -0.5837 0.3312 -0.7414
vn 0.2923 -0.2449 -0.9244
vn 0.1732 -0.5354 -0.8267
vn 0.0628 -0.0471 -0.9969
vn -0.0628 -0.0471 -0.9969
vn -0.9315 0.3237 -0.1658
vn -0.7781 0.6210 -0.0943
vn -0.6450 0.7158 0.2674
vn -0.7636 0.6455 -0.0158
vn -0.6125 0.5183 0.5968
vn -0.6584 0.7446 -0.1098
vn -0.6450 0.7158 0.2675
vn -0.2918 0.9544 0.0631
vn -0.5992 0.6150 -0.5125
vn -0.7636 0.6455 -0.0157
vn -0.6584 0.7446 -0.1097
vn 0.0786 -0.8096 0.5817
vn -0.8221 -0.5138 -0.2451
vn 0.6848 -0.6454 -0.3385
vn -0.8267 -0.5590 -0.0630
vn 0.1102 -0.9914 -0.0708
vn 0.1343 -0.2292 0.9641
vn 0.2362 -0.5906 0.7716
vn -0.1735 -0.5680 0.8046
vn 0.1024 -0.5279 0.8431
vn 0.1739 -0.3161 0.9326
vn -0.0709 -0.4334 0.8984
vn -0.0946 -0.5283 0.8438
vn 0.1106 -0.4029 0.9085
vn -0.1735 -0.3232 0.9303
vn -0.1496 -0.9136 -0.3780
vn -0.1107 -0.9249 -0.3637
vn -0.1726 -0.9101 -0.3766
vn -0.1497 -0.9136 -0.3781
vn 0.1497 -0.9136 -0.3781
vn 0.1107 -0.9249 -0.3637
vn 0.8247 -0.5105 -0.2435
vn 0.5826 -0.8030 -0.1260
vn 0.1496 -0.9136 -0.3780
vn 0.1726 -0.9101 -0.3766
vn -0.2366 0.2523 -0.9383
vn -0.1972 0.1420 -0.9700
vn 0.4332 0.1418 -0.8901
vn 0.7000 0.4641 -0.5428
vn -0.8311 -0.3606 -0.4234
vn 0.2752 0.7469 -0.6053
vn 0.3141 -0.5339 0.7851
vn 0.1739 -0.3162 0.9326
vn 0.1025 -0.5279 0.8431
vn -0.0944 -0.6921 -0.7156
vn -0.2683 0.0394 -0.9625
vn -0.0866 0.1574 -0.9837
vn 0.0631 0.1577 -0.9855
vn -0.0552 0.1025 -0.9932
vn -0.5370 0.5765 0.6159
vn 0.8286 -0.3630 -0.4261
vn 0.2682 0.0394 -0.9625
vn -0.2211 0.4581 -0.8609
vn -0.4408 -0.5983 0.6691
vn 0.3223 -0.8253 0.4637
vn 0.6627 -0.7180 -0.2130
vn -0.7069 -0.6127 -0.3535
vn 0.2436 -0.8094 -0.5344
vn 0.6627 -0.7179 -0.2130
vn 0.9526 -0.2834 -0.1102
vn 0.2209 0.1578 -0.9624
vn -0.8402 0.0943 0.5340
vn -0.8488 0.0471 0.5266
vn -0.8253 0.1572 0.5424
vn 0.2752 0.7469 -0.6054
vn 0.5351 -0.3620 -0.7633
vn 0.6600 -0.4557 -0.5972
vn -0.1022 -0.9903 -0.0943
vn -0.0786 -0.9434 -0.3223
vn -0.2846 -0.5534 -0.7827
vn -0.0158 -0.9051 -0.4250
vn 0.0867 0.0710 -0.9937
vn 0.2826 0.1806 -0.9421
vn 0.1500 0.3315 -0.9314
vn -0.1262 -0.2051 0.9706
vn -0.1262 -0.2052 0.9706
vn 0.0944 0.0944 -0.9911
vn -0.0785 0.0079 -0.9969
vn -0.0707 -0.0236 -0.9972
vn 0.0785 0.0079 -0.9969
vn 0.0707 -0.0236 -0.9972
vn -0.5188 -0.3537 -0.7783
vn 0.6156 -0.1026 -0.7814
vn 0.5435 0.4096 -0.7326
vn 0.5436 0.4096 -0.7326
vn -0.2683 0.0395 -0.9625
vn -0.2513 0.0628 -0.9659
vn -0.2682 0.0395 -0.9625
vn -0.2198 0.0628 -0.9735
vn -0.2214 -0.9016 -0.3717
vn -0.1726 -0.9102 -0.3766
vn -0.2438 -0.8966 -0.3697
vn -0.2215 -0.9016 -0.3717
vn 0.2513 0.0628 -0.9659
vn 0.2198 0.0628 -0.9735
vn 0.2683 0.0394 -0.9625
vn 0.1180 -0.2832 0.9518
vn 0.1256 0.1491 0.9808
vn -0.0707 -0.0235 -0.9972
vn -0.6067 -0.6146 -0.5042
vn -0.6067 -0.6145 -0.5043
vn -0.5910 -0.7802 -0.2049
vn -0.5188 -0.3538 -0.7782
vn -0.6431 -0.4391 -0.6274
vn 0.0158 0.1026 0.9946
vn 0.1417 0.4646 0.8741
vn -0.1185 -0.2686 0.9559
vn -0.2277 -0.5967 0.7695
vn 0.1176 -0.6903 0.7139
vn 0.3000 -0.8684 -0.3947
vn 0.3469 -0.8436 -0.4100
vn 0.2917 -0.8751 -0.3863
vn 0.2364 -0.8983 -0.3704
vn 0.2917 -0.8750 -0.3863
vn 0.2214 -0.9016 -0.3717
vn 0.1726 -0.9102 -0.3766
vn 0.2438 -0.8966 -0.3697
vn 0.3935 0.4879 0.7791
vn 0.7711 0.4092 0.4878
vn 0.6291 0.1494 0.7628
vn -0.7706 0.1730 0.6134
vn -0.5435 -0.2678 -0.7956
vn -0.5841 -0.1026 -0.8052
vn -0.8948 -0.4396 0.0785
vn -0.7069 -0.6126 -0.3534
vn -0.0865 0.1574 -0.9837
vn 0.0236 -0.1885 0.9818
vn -0.1735 -0.3233 0.9303
vn -0.0235 -0.1961 0.9803
vn -0.2199 -0.2514 0.9426
vn -0.3468 0.0157 0.9378
vn -0.0235 -0.1960 0.9803
vn -0.3152 -0.8274 0.4649
vn -0.2754 -0.0551 -0.9598
vn -0.3140 -0.5339 0.7851
vn -0.1734 -0.3232 0.9303
vn -0.5366 -0.4024 0.7417
vn -0.1730 0.0629 -0.9829
vn -0.1499 0.0710 -0.9861
vn -0.2047 0.0708 -0.9763
vn -0.2047 0.0709 -0.9763
vn 0.3708 -0.9230 0.1026
vn 0.1499 0.0710 -0.9861
vn 0.1730 0.0629 -0.9829
vn 0.2047 0.0709 -0.9763
vn -0.2753 -0.0551 -0.9598
vn -0.8402 0.0942 0.5340
vn -0.8516 -0.1104 0.5125
vn -0.8488 0.0472 0.5266
vn 0.8431 0.4176 0.3388
vn 0.9311 0.1342 0.3393
vn 0.2827 -0.0471 -0.9581
vn 0.0078 -0.6750 -0.7378
vn 0.8294 0.0790 0.5530
vn 0.8104 0.1495 0.5665
vn 0.8371 0.0474 0.5449
vn 0.5049 -0.2682 -0.8205
vn 0.6222 -0.7167 -0.3150
vn 0.5667 -0.7792 -0.2676
vn -0.1335 0.0550 -0.9895
vn -0.1103 0.0473 -0.9928
vn -0.1499 0.0710 -0.9862
vn 0.1103 0.0473 -0.9928
vn 0.1335 0.0550 -0.9895
vn -0.3070 -0.8895 -0.3385
vn -0.3228 -0.8897 -0.3228
vn -0.5435 -0.2678 -0.7955
vn -0.6674 -0.5025 -0.5496
vn -0.9050 -0.3306 -0.2676
vn -0.1500 -0.9470 0.2841
vn -0.0948 0.0237 -0.9952
vn 0.3225 -0.8900 -0.3223
vn 0.2438 -0.8966 -0.3696
vn 0.3070 -0.8895 -0.3385
vn 0.1263 -0.2683 0.9550
vn 0.2362 -0.5905 0.7717
vn -0.3697 -0.2124 0.9046
vn -0.5497 -0.1335 0.8246
vn -0.3697 -0.2124 0.9045
vn -0.4320 0.3063 0.8483
vn 0.0785 0.0078 -0.9969
vn 0.0948 0.0237 -0.9952
vn -0.3613 -0.9268 0.1021
vn 0.0079 -0.9975 -0.0707
vn 0.3548 -0.8908 -0.2838
vn 0.3708 -0.9230 0.1025
vn -0.0785 0.0078 -0.9969
vn 0.8057 -0.5687 -0.1658
vn -0.3865 -0.8914 -0.2367
vn -0.2681 -0.9462 -0.1814
vn -0.3865 -0.8914 -0.2366
vn -0.4019 -0.8825 -0.2443
vn 0.2369 -0.2133 0.9478
vn 0.6627 -0.4971 -0.5601
vn -0.7147 -0.5734 0.4006
vn -0.8268 -0.5590 -0.0630
vn -0.6381 -0.7484 0.1812
vn -0.1343 -0.1501 0.9795
vn -0.1894 0.2288 0.9549
vn -0.8660 0.0630 0.4960
vn -0.2512 0.7299 0.6357
vn 0.3865 -0.8914 -0.2366
vn 0.3865 -0.8914 -0.2367
vn 0.4019 -0.8825 -0.2443
vn -0.5498 -0.1335 0.8246
vn -0.6882 0.3085 0.6566
vn 0.0948 -0.0316 -0.9950
vn 0.3222 -0.8253 0.4637
vn 0.0629 0.2124 0.9752
vn 0.0079 -0.1580 0.9874
vn 0.4010 -0.1887 -0.8964
vn 0.5519 -0.1893 -0.8121
vn 0.4806 0.2679 -0.8351
vn 0.5520 -0.1892 -0.8121
vn 0.1418 0.4646 0.8741
vn 0.2450 0.7350 0.6323
vn -0.4659 0.6713 0.5765
vn -0.4873 0.3459 0.8018
vn -0.9342 0.2747 0.2277
vn 0.7893 0.6078 -0.0868
vn 0.0079 -0.7031 -0.7110
vn 0.3140 -0.5339 0.7851
vn 0.5365 -0.4024 0.7417
vn -0.3776 -0.8889 -0.2596
vn -0.3858 -0.8897 -0.2441
vn 0.3378 0.2357 0.9112
vn 0.2441 -0.1811 0.9527
vn 0.1493 -0.5895 0.7939
vn -0.9306 0.2918 0.2208
vn -0.4085 -0.8878 -0.2121
vn 0.9342 0.2748 0.2277
vn 0.4028 -0.3871 -0.8294
vn -0.4092 -0.8814 -0.2361
vn -0.8364 0.2130 0.5050
vn -0.6957 0.2925 0.6561
vn -0.8176 0.3302 0.4717
vn 0.3776 -0.8889 -0.2596
vn 0.3228 -0.8897 -0.3228
vn 0.3858 -0.8897 -0.2441
vn -0.6956 0.2925 0.6561
vn -0.5582 0.1415 0.8176
vn -0.5590 0.2598 0.7874
vn -0.9345 0.2356 0.2670
vn -0.8364 0.2131 0.5050
vn -0.7042 0.1741 0.6884
vn -0.5033 0.8414 0.1966
vn -0.6831 0.5889 0.4318
vn -0.9000 0.3553 0.2526
vn -0.8382 -0.2688 -0.4745
vn -0.8011 -0.5655 -0.1963
vn 0.6436 -0.7456 0.1727
vn -0.5199 -0.4647 0.7168
vn -0.4091 0.1180 0.9048
vn -0.4165 0.2279 0.8801
vn 0.9306 0.2918 0.2208
vn 0.4085 -0.8878 -0.2121
vn 0.4092 -0.8814 -0.2361
vn 0.4085 -0.8877 -0.2121
vn 0.5199 -0.4647 0.7168
vn 0.5366 -0.4024 0.7417
vn -0.2745 0.0941 0.9570
vn -0.2761 0.2052 0.9390
vn -0.3454 -0.8949 -0.2826
vn -0.1882 -0.8784 -0.4392
vn -0.2518 -0.8576 -0.4485
vn -0.2745 -0.8471 -0.4550
vn 0.5582 0.1415 0.8176
vn 0.6957 0.2925 0.6561
vn 0.5591 0.2598 0.7874
vn -0.5514 0.1575 0.8192
vn -0.2753 -0.2202 0.9358
vn -0.1894 0.2289 0.9549
vn -0.3396 -0.0395 -0.9398
vn -0.2438 0.7313 -0.6370
vn -0.1651 0.1494 0.9749
vn -0.0000 0.1491 0.9888
vn 0.7042 0.1741 0.6883
vn 0.8364 0.2130 0.5050
vn 0.5581 0.1415 0.8176
vn 0.7042 0.1741 0.6884
vn -0.4161 -0.8716 -0.2591
vn -0.4162 -0.8716 -0.2591
vn -0.2762 0.2052 0.9390
vn -0.1343 0.0869 0.9871
vn -0.1420 0.1972 0.9700
vn 0.4091 0.1180 0.9048
vn 0.5590 0.2598 0.7874
vn 0.4165 0.2279 0.8801
vn -0.9299 0.2522 0.2679
vn -0.8350 0.2206 0.5041
vn 0.8197 0.3232 0.4729
vn -0.2598 0.1575 0.9527
vn 0.2846 -0.7273 -0.6245
vn 0.1651 0.1494 0.9749
vn -0.2762 0.2051 0.9390
vn 0.5456 -0.7512 -0.3716
vn 0.2745 0.0941 0.9570
vn 0.2762 0.2051 0.9390
vn -0.7042 0.1741 0.6883
vn -0.7022 0.1893 0.6864
vn 0.8197 0.3231 0.4729
vn 0.9345 0.2356 0.2670
vn -0.5217 0.1976 0.8299
vn -0.3861 0.1733 0.9060
vn -0.5274 0.1968 0.8265
vn -0.6723 0.2294 0.7039
vn -0.6803 0.2294 0.6961
vn -0.8172 0.2672 0.5107
vn -0.7437 -0.6250 0.2373
vn 0.0079 -0.5271 0.8497
vn 0.2827 -0.0471 -0.9580
vn -0.2745 -0.8471 -0.4549
vn -0.3293 -0.8232 -0.4625
vn 0.1343 0.0869 0.9871
vn 0.1420 0.1972 0.9700
vn -0.4087 0.1258 0.9039
vn -0.5581 0.1415 0.8176
vn -0.5514 0.1576 0.8192
vn -0.0710 0.0789 0.9943
vn -0.0711 0.1895 0.9793
vn -0.3228 0.8897 0.3228
vn -0.8129 0.2605 0.5209
vn -0.9060 0.2994 0.2993
vn -0.8172 0.2672 0.5108
vn 0.9035 -0.3221 -0.2828
vn 0.8721 -0.4243 -0.2436
vn 0.7262 -0.6630 -0.1816
vn 0.8722 -0.4243 -0.2436
vn 0.2598 0.1575 0.9527
vn -0.0706 -0.0314 -0.9970
vn -0.0707 -0.0314 -0.9970
vn -0.4239 -0.4082 -0.8085
vn -0.6067 -0.6146 -0.5043
vn 0.5348 -0.7394 -0.4090
vn 0.0710 0.0789 0.9943
vn 0.0711 0.1896 0.9793
vn 0.9000 0.3553 0.2526
vn -0.6722 0.2294 0.7039
vn 0.2762 0.2052 0.9390
vn -0.2671 0.1021 0.9583
vn -0.2746 0.0941 0.9570
vn -0.4092 0.1180 0.9048
vn -0.4088 0.1258 0.9039
vn 0.3228 0.8897 0.3228
vn 0.7437 -0.6250 0.2373
vn 0.5049 -0.2682 -0.8204
vn 0.4162 -0.8716 -0.2591
vn -0.7782 0.6209 -0.0943
vn -0.7708 0.5978 -0.2202
vn -0.8129 0.2604 0.5209
vn 0.8689 -0.0711 0.4898
vn 0.2599 0.1575 0.9527
vn 0.3861 0.1733 0.9060
vn 0.3860 0.1733 0.9060
vn -0.1342 0.0947 0.9864
vn -0.1342 0.0869 0.9871
vn -0.1341 0.0947 0.9864
vn 0.5514 0.1575 0.8192
vn 0.2450 0.7350 0.6322
vn -0.0710 0.0868 0.9937
vn -0.0707 -0.9896 -0.1257
vn -0.8611 0.3634 0.3555
vn 0.5217 0.1976 0.8300
vn 0.5217 0.1976 0.8299
vn 0.5274 0.1968 0.8265
vn 0.0707 -0.9896 -0.1256
vn 0.0707 -0.9896 -0.1257
vn 0.4087 0.1258 0.9039
vn 0.2671 0.1021 0.9583
vn 0.2746 0.0941 0.9570
vn 0.2670 0.1021 0.9583
vn 0.0631 0.0868 0.9942
vn 0.1342 0.0947 0.9864
vn 0.1342 0.0869 0.9871
vn -0.6222 -0.7167 -0.3150
vn 0.1341 0.0947 0.9864
vn -0.9060 0.2994 0.2994
vn -0.9415 0.3295 0.0706
vn 0.0868 0.0710 -0.9937
vn 0.0393 0.0079 -0.9992
vn 0.7021 0.1893 0.6864
vn 0.8350 0.2206 0.5041
vn 0.7022 0.1893 0.6864
vn 0.6595 0.7458 -0.0942
vn 0.2918 0.9544 0.0631
vn 0.6722 0.2294 0.7039
vn 0.6766 0.2281 0.7002
vn 0.6766 0.2281 0.7001
vn 0.8172 0.2671 0.5107
vn 0.0079 -0.0079 -0.9999
vn 0.8364 0.2131 0.5050
vn 0.7655 -0.2525 -0.5919
vn 0.8582 0.4331 -0.2756
vn 0.7696 0.1806 -0.6125
vn -0.9697 0.2444 -0.0000
vn -0.9000 0.3553 -0.2526
vn -0.9364 0.2361 -0.2597
vn 0.9299 0.2522 0.2679
vn -0.3072 0.9059 -0.2915
vn 0.6627 -0.4970 -0.5601
vn 0.6627 -0.4970 -0.5602
vn 0.6202 -0.7222 -0.3062
vn 0.6723 0.2294 0.7039
vn 0.8129 0.2604 0.5209
vn 0.8129 0.2605 0.5209
vn 0.8172 0.2672 0.5108
vn 0.9060 0.2994 0.2993
vn 0.5959 0.1333 0.7919
vn 0.6465 0.2996 0.7017
vn -0.7147 -0.5733 0.4005
vn -0.4166 -0.7624 0.4952
vn -0.9346 0.2592 -0.2435
vn -0.9658 0.2591 0.0079
vn 0.4413 0.7723 0.4571
vn -0.2757 -0.7326 -0.6223
vn 0.4493 -0.5911 0.6699
vn 0.4182 -0.7654 0.4892
vn 0.1819 -0.4586 -0.8698
vn 0.6062 0.2913 0.7400
vn -0.1974 0.2210 0.9551
vn 0.9060 0.2994 0.2994
vn 0.9415 0.3295 0.0706
vn -0.0000 -0.1961 -0.9806
vn -0.0706 0.2197 -0.9730
vn -0.3855 -0.3776 0.8419
vn -0.1102 -0.7557 0.6455
vn 0.3933 -0.3698 0.8418
vn 0.1493 -0.5895 0.7938
vn 0.1571 -0.7619 0.6284
vn 0.3072 0.9059 -0.2915
vn -0.2919 0.9544 0.0631
vn -0.8382 -0.2689 -0.4745
vn -0.9136 -0.1496 -0.3780
vn 0.9000 0.3553 -0.2526
vn 0.9697 0.2444 -0.0000
vn 0.9364 0.2361 -0.2597
vn -0.9424 0.3298 0.0550
vn -0.3700 0.9289 -0.0157
vn -0.5188 -0.3538 -0.7783
vn -0.4161 -0.4004 -0.8164
vn 0.3700 0.9289 -0.0157
vn 0.8995 0.4182 0.1262
vn -0.9027 0.4160 -0.1099
vn -0.9581 0.0471 0.2827
vn -0.9077 -0.4104 0.0868
vn -0.3154 0.9463 0.0710
vn 0.9658 0.2591 0.0078
vn 0.9346 0.2592 -0.2435
vn 0.9298 0.2522 0.2679
vn -0.0157 -0.0236 -0.9996
vn -0.0157 -0.0315 -0.9994
vn -0.8176 0.3302 -0.4717
vn 0.3083 0.9486 0.0711
vn 0.8995 0.4182 0.1263
vn 0.7711 0.4092 0.4879
vn 0.8801 -0.1964 0.4322
vn -0.9424 0.3299 0.0550
vn -0.9174 0.3717 -0.1424
vn -0.1499 -0.9470 0.2841
vn 0.1818 -0.4742 0.8614
vn 0.0630 -0.2679 0.9614
vn 0.1888 -0.5980 0.7790
vn -0.8191 -0.4017 -0.4095
vn 0.6839 -0.5817 -0.4402
vn 0.3393 0.8679 0.3629
vn 0.3465 0.8585 0.3780
vn 0.3853 0.7785 0.4954
vn 0.4496 0.5207 0.7258
vn 0.6062 0.2913 0.7401
vn -0.1105 0.3473 0.9312
vn -0.2039 0.5646 0.7998
vn -0.0708 0.1102 0.9914
vn 0.1888 0.4642 0.8654
vn 0.0629 0.2123 0.9752
vn -0.0785 0.4708 0.8788
vn 0.9424 0.3299 0.0550
vn -0.2754 -0.8418 0.4642
vn -0.1888 -0.5980 0.7790
vn -0.2910 -0.7471 0.5977
vn 0.2436 0.7386 -0.6286
vn -0.1736 -0.4655 -0.8679
vn -0.1735 -0.4655 -0.8679
vn 0.2990 -0.8105 0.5036
vn 0.2910 -0.8493 0.4404
vn -0.4878 0.7239 -0.4878
vn -0.2448 -0.9317 0.2685
vn -0.2907 -0.9037 0.3143
vn 0.0552 -0.1025 0.9932
vn -0.0708 0.1101 0.9914
vn 0.0631 -0.2679 0.9614
vn 0.0947 -0.0316 -0.9950
vn -0.0471 -0.1808 -0.9824
vn 0.5122 0.7170 -0.4728
vn 0.1495 0.4641 -0.8731
vn 0.8197 0.3232 -0.4729
vn -0.8494 0.2517 -0.4640
vn 0.9424 0.3298 0.0550
vn 0.9174 0.3717 -0.1423
vn -0.9317 0.3632 -0.0000
vn -0.8104 0.5429 -0.2203
vn -0.9000 0.3552 -0.2526
vn 0.3710 -0.3078 -0.8761
vn 0.4029 -0.3870 -0.8294
vn 0.4029 -0.3871 -0.8294
vn 0.3458 -0.2515 -0.9039
vn -0.0947 -0.1816 -0.9788
vn 0.1576 -0.1891 -0.9692
vn -0.8424 0.2283 -0.4881
vn -0.6957 0.2925 -0.6561
vn -0.7077 0.2044 -0.6762
vn -0.8493 0.2517 -0.4640
vn -0.3396 -0.0395 -0.9397
vn 0.0942 -0.1649 -0.9818
vn -0.7165 0.2441 -0.6535
vn -0.1729 -0.1415 -0.9747
vn 0.7770 0.5101 -0.3688
vn -0.3858 -0.4095 -0.8267
vn -0.2133 -0.2923 -0.9322
vn 0.1817 -0.1501 -0.9718
vn 0.5202 0.0709 -0.8511
vn 0.3845 -0.2825 -0.8789
vn 0.8493 0.2517 -0.4640
vn 0.3619 0.3462 -0.8655
vn -0.2836 -0.6458 -0.7089
vn -0.5836 0.3312 -0.7414
vn 0.9000 0.3552 -0.2526
vn 0.9317 0.3632 -0.0000
vn 0.8104 0.5429 -0.2203
vn 0.1101 -0.9914 -0.0708
vn -0.7797 0.4017 -0.4804
vn -0.9641 -0.2450 -0.1027
vn -0.9760 -0.1417 0.1653
vn -0.8128 -0.5287 0.2446
vn -0.3619 0.3462 -0.8655
vn -0.9136 -0.1496 -0.3781
vn -0.8481 0.0628 -0.5261
vn -0.0785 -0.0000 0.9969
vn -0.2199 -0.2513 0.9426
vn 0.3293 -0.3842 -0.8625
vn 0.6997 0.2909 -0.6526
vn 0.8424 0.2283 -0.4881
vn 0.7077 0.2044 -0.6762
vn -0.9088 0.3793 -0.1738
vn -0.0394 0.1103 -0.9931
vn 0.9583 -0.2435 0.1492
vn -0.7934 0.5734 -0.2043
vn 0.0158 0.1337 -0.9909
vn 0.2924 -0.2449 -0.9244
vn 0.0157 0.1337 -0.9909
vn -0.0947 -0.1815 -0.9788
vn 0.4497 0.5207 0.7258
vn 0.1655 0.6934 0.7013
vn -0.9434 -0.2830 0.1730
vn -0.9434 -0.2673 0.1965
vn -0.9355 -0.1886 0.2987
vn 0.7165 0.2441 -0.6535
vn -0.6956 0.2925 -0.6561
vn -0.7077 0.2044 -0.6763
vn -0.5590 0.1732 -0.8109
vn -0.2755 -0.0472 0.9602
vn -0.9190 -0.2827 -0.2749
vn -0.3925 0.4238 0.8163
vn -0.2681 0.4022 0.8754
vn -0.2761 0.2051 0.9390
vn -0.3924 0.4238 0.8163
vn -0.1338 0.3856 0.9129
vn -0.2682 0.4022 0.8754
vn 0.0785 -0.0000 0.9969
vn 0.0235 -0.1885 0.9818
vn 0.2370 -0.2133 0.9478
vn -0.7069 -0.6126 -0.3535
vn -0.9720 0.1739 0.1580
vn -0.7069 -0.6127 -0.3534
vn -0.1263 -0.2052 0.9705
vn -0.1973 0.2210 0.9551
vn -0.0944 -0.6921 -0.7157
vn -0.0629 0.3855 0.9206
vn -0.0711 0.1896 0.9793
vn -0.1420 0.1971 0.9700
vn 0.6839 -0.5818 -0.4402
vn 0.2436 -0.8094 -0.5343
vn 0.1338 0.3856 0.9129
vn 0.1420 0.1971 0.9700
vn 0.0629 0.3855 0.9205
vn -0.6444 0.4872 0.5894
vn -0.5188 0.4559 0.7232
vn -0.8280 -0.5047 -0.2444
vn -0.9190 -0.2828 -0.2749
vn 0.1419 0.1971 0.9700
vn 0.2682 0.4022 0.8754
vn -0.9174 0.3717 -0.1423
vn -0.8447 0.4263 -0.3237
vn 0.9186 -0.1413 -0.3690
vn 0.8567 0.0707 -0.5109
vn 0.3925 0.4239 0.8163
vn 0.2681 0.4022 0.8754
vn 0.3924 0.4239 0.8163
vn -0.1889 -0.5980 0.7789
vn -0.0629 -0.2439 0.9678
vn -0.1342 -0.3789 0.9157
vn 0.0394 0.1025 0.9939
vn 0.0157 0.0628 0.9979
vn 0.1736 0.4655 0.8679
vn 0.1572 0.4322 0.8880
vn 0.0157 0.0629 0.9979
vn 0.4252 -0.8899 0.1654
vn -0.1577 0.4573 -0.8752
vn 0.9210 -0.2755 -0.2755
vn -0.6381 -0.7483 0.1812
vn -0.6222 -0.7167 -0.3151
vn -0.4487 -0.8895 0.0866
vn 0.8582 0.4330 -0.2756
vn 0.7414 0.3312 -0.5836
vn 0.1344 -0.2292 0.9641
vn 0.4024 -0.6233 -0.6706
vn 0.2749 -0.9031 -0.3298
vn 0.2283 -0.9290 -0.2913
vn 0.2514 -0.7855 -0.5656
vn -0.7406 0.5200 0.4255
vn 0.9190 -0.2827 -0.2749
vn 0.6997 0.2909 -0.6525
vn 0.7077 0.2044 -0.6763
vn 0.5590 0.1732 -0.8109
vn -0.6076 0.2841 -0.7417
vn -0.8844 -0.1896 -0.4264
vn -0.2998 -0.8757 0.3787
vn 0.9174 0.3717 -0.1424
vn 0.9088 0.3793 -0.1738
vn 0.0943 -0.1650 -0.9818
vn -0.3849 -0.6205 -0.6833
vn -0.3858 -0.4094 -0.8267
vn 0.2755 -0.0472 0.9602
vn 0.2370 -0.2132 0.9478
vn 0.6444 0.4872 0.5894
vn 0.5590 0.2599 0.7874
vn 0.5188 0.4559 0.7232
vn 0.3925 0.4238 0.8163
vn -0.3465 0.2441 -0.9057
vn -0.2444 -0.1734 -0.9540
vn -0.2444 -0.1735 -0.9540
vn -0.7278 0.6566 0.1978
vn -0.8345 0.5511 -0.0000
vn -0.8104 0.5429 0.2203
vn -0.6237 0.7816 -0.0000
vn -0.6055 0.7785 0.1651
vn -0.5527 0.5527 0.6238
vn -0.7449 0.5802 0.3293
vn -0.5527 0.5527 0.6237
vn -0.6619 0.7328 0.1576
vn -0.9000 0.3552 0.2526
vn -0.6701 0.6386 0.3784
vn -0.7407 0.5200 0.4255
vn -0.5841 0.6157 0.5289
vn 0.8447 0.4263 -0.3237
vn -0.5033 0.8415 0.1966
vn 0.7406 0.5200 0.4255
vn 0.9000 0.3552 0.2526
vn -0.7514 -0.1581 0.6406
vn 0.9707 0.1578 0.1815
vn 0.1105 -0.1736 -0.9786
vn 0.2042 0.2356 -0.9502
vn 0.2754 -0.1809 -0.9442
vn 0.1337 -0.6604 -0.7390
vn -0.5590 0.2598 -0.7874
vn -0.4108 0.1422 -0.9006
vn -0.7077 0.2045 -0.6763
vn -0.5583 0.2123 -0.8020
vn 0.6202 -0.7222 -0.3061
vn 0.4023 -0.6233 -0.6706
vn -0.3465 0.2442 -0.9057
vn -0.4022 0.1735 -0.8990
vn 0.6765 0.7158 -0.1731
vn 0.1336 -0.6604 -0.7390
vn 0.8104 0.5429 0.2203
vn 0.6701 0.6386 0.3784
vn 0.5841 0.6157 0.5289
vn 0.7278 0.6566 0.1978
vn 0.8345 0.5511 -0.0000
vn 0.6237 0.7816 -0.0000
vn 0.6055 0.7785 0.1651
vn 0.8345 0.5510 -0.0000
vn 0.5590 0.2598 -0.7874
vn 0.4079 0.1412 -0.9021
vn -0.3375 0.1177 -0.9339
vn -0.4165 0.2279 -0.8801
vn -0.3460 0.2201 -0.9121
vn -0.0866 -0.5195 -0.8501
vn -0.0472 -0.1808 -0.9824
vn 0.0474 -0.3159 -0.9476
vn -0.0945 -0.5041 0.8585
vn 0.3231 0.0315 0.9458
vn 0.8124 -0.5048 0.2919
vn -0.9229 0.3155 0.2209
vn -0.9342 0.2748 0.2276
vn -0.7715 0.6219 0.1338
vn 0.7077 0.2045 -0.6763
vn 0.5583 0.2123 -0.8020
vn -0.6076 0.2840 -0.7417
vn -0.5365 0.5602 -0.6312
vn 0.5589 0.1732 -0.8109
vn 0.4022 0.1735 -0.8990
vn 0.3553 -0.9000 0.2526
vn 0.3375 0.1177 -0.9339
vn 0.3460 0.2202 -0.9121
vn 0.4165 0.2279 -0.8801
vn -0.3705 0.8040 0.4651
vn -0.3768 0.7929 0.4789
vn -0.3469 0.8436 0.4100
vn -0.3386 0.8582 0.3858
vn -0.3469 0.8436 0.4099
vn -0.2983 -0.5651 0.7692
vn -0.2197 -0.4394 0.8710
vn -0.3223 -0.7075 0.6289
vn 0.7414 0.3313 -0.5836
vn -0.9756 0.2124 0.0551
vn -0.9954 0.0869 0.0395
vn -0.9947 0.0947 0.0395
vn -0.9992 -0.0315 0.0236
vn 0.1730 -0.8887 0.4247
vn -0.1266 0.5300 0.8385
vn -0.0629 0.3855 0.9205
vn -0.0628 0.5261 0.8481
vn -0.1808 -0.2433 0.9530
vn -0.1976 -0.1265 0.9721
vn 0.0629 0.3855 0.9206
vn 0.1266 0.5300 0.8385
vn 0.0628 0.5261 0.8481
vn -0.2441 0.5434 0.8032
vn -0.3637 0.5614 0.7433
vn -0.2441 0.5433 0.8032
vn -0.3306 -0.9051 -0.2676
vn 0.9342 0.2748 0.2276
vn 0.9229 0.3155 0.2209
vn 0.9555 -0.0790 0.2843
vn 0.9342 0.2747 0.2277
vn 0.7715 0.6219 0.1338
vn 0.7632 -0.4327 -0.4799
vn 0.9405 0.3398 -0.0000
vn 0.2441 0.5434 0.8032
vn 0.3637 0.5614 0.7433
vn 0.2441 0.5433 0.8032
vn -0.2998 -0.8756 0.3786
vn -0.1342 -0.3789 0.9156
vn -0.4879 0.7239 -0.4878
vn -0.0784 0.4708 0.8788
vn -0.2360 0.6213 0.7472
vn -0.4329 -0.8973 0.0866
vn -0.3864 -0.7964 0.4652
vn -0.3872 -0.8770 0.2844
vn 0.2910 0.7471 0.5977
vn 0.3375 0.9339 0.1177
vn 0.3072 0.8980 0.3151
vn -0.4788 0.5886 0.6514
vn -0.3924 0.4239 0.8163
vn -0.4787 0.5886 0.6514
vn -0.3925 0.4239 0.8163
vn -0.9221 0.3231 0.2128
vn -0.7653 0.6312 0.1262
vn -0.9221 0.3232 0.2128
vn 0.0628 -0.0549 0.9965
vn -0.3221 0.1493 -0.9349
vn 0.2832 0.7237 0.6293
vn -0.1102 -0.7558 0.6455
vn -0.0393 -0.8890 0.4563
vn 0.1571 -0.7619 0.6283
vn -0.9576 0.1413 0.2512
vn -0.8667 0.4648 0.1812
vn -0.7323 0.6693 0.1260
vn -0.8337 0.5270 0.1652
vn -0.2202 -0.0000 0.9755
vn 0.4497 0.5206 0.7258
vn -0.9320 -0.1264 -0.3396
vn -0.8204 0.4418 -0.3629
vn 0.2202 -0.0000 0.9755
vn -0.2129 0.7255 0.6545
vn -0.3225 0.8337 0.4483
vn 0.7414 0.3313 -0.5837
vn 0.7695 0.1806 -0.6125
vn 0.8051 0.5367 -0.2525
vn -0.7406 0.5200 -0.4255
vn 0.8725 -0.0943 0.4795
vn -0.3941 -0.8512 -0.3467
vn 0.1818 -0.4742 0.8615
vn -0.1105 0.3472 0.9313
vn -0.3941 -0.8511 -0.3468
vn -0.3848 -0.6205 -0.6833
vn 0.9221 0.3232 0.2128
vn 0.9221 0.3231 0.2128
vn 0.7653 0.6312 0.1262
vn 0.3545 -0.8114 0.4648
vn 0.3931 -0.7940 0.4638
vn 0.4424 -0.8926 0.0869
vn 0.3943 -0.9149 0.0868
vn 0.4788 0.5886 0.6514
vn 0.4787 0.5886 0.6514
vn 0.3638 0.5614 0.7433
vn 0.3924 0.4238 0.8163
vn 0.3221 0.1493 -0.9349
vn 0.9576 0.1413 0.2512
vn 0.8667 0.4648 0.1812
vn 0.8337 0.5270 0.1652
vn 0.8666 0.4648 0.1812
vn 0.7323 0.6693 0.1260
vn 0.0394 0.1026 0.9939
vn -0.8205 0.4418 -0.3629
vn -0.7172 0.4808 -0.5044
vn -0.0943 -0.2043 0.9744
vn -0.2206 -0.1655 0.9612
vn -0.2843 -0.1422 0.9481
vn 0.9320 -0.1264 -0.3396
vn 0.9190 -0.2828 -0.2749
vn 0.7164 0.4566 0.5275
vn 0.2448 0.3396 0.9082
vn 0.4024 -0.6232 -0.6706
vn 0.3951 -0.8535 -0.3398
vn -0.3136 0.9016 0.2979
vn -0.3380 0.9356 -0.1022
vn 0.1966 0.1022 -0.9751
vn 0.1335 -0.5260 -0.8400
vn 0.3307 0.9213 -0.2047
vn 0.3375 0.9339 0.1178
vn 0.3306 0.8345 -0.4408
vn 0.2754 -0.1810 -0.9441
vn 0.4805 0.2678 -0.8351
vn 0.2754 -0.1809 -0.9441
vn 0.4806 0.2678 -0.8351
vn 0.4934 0.5405 -0.6815
vn 0.4805 0.2679 -0.8351
vn 0.5122 0.7171 -0.4728
vn 0.3620 0.3462 -0.8655
vn 0.8204 0.4418 -0.3629
vn -0.6931 0.4017 0.5986
vn 0.7406 0.5200 -0.4255
vn -0.3620 0.3462 -0.8655
vn -0.2908 -0.9037 0.3143
vn -0.3872 -0.8770 0.2845
vn -0.3937 -0.9135 -0.1024
vn -0.4476 -0.6440 0.6204
vn -0.4165 -0.3457 0.8408
vn 0.8205 0.4418 -0.3629
vn 0.7172 0.4808 -0.5044
vn -0.4182 -0.8601 -0.2920
vn -0.6444 0.4872 -0.5894
vn 0.6931 0.4017 0.5986
vn -0.4165 0.5187 0.7466
vn 0.2448 0.3395 0.9082
vn 0.1578 -0.2525 0.9546
vn 0.2758 -0.5830 0.7642
vn 0.3142 -0.1650 0.9349
vn 0.4255 -0.5200 0.7407
vn 0.5891 0.7148 0.3770
vn 0.4496 0.5206 0.7258
vn 0.4255 -0.5200 0.7406
vn 0.5275 -0.7164 0.4566
vn 0.2757 -0.5830 0.7642
vn 0.3067 -0.5584 0.7708
vn 0.1578 -0.2525 0.9547
vn 0.1887 -0.2437 0.9513
vn 0.0315 0.1181 0.9925
vn 0.0315 0.1182 0.9925
vn 0.0550 0.1335 0.9895
vn -0.0947 0.4734 0.8758
vn -0.0632 0.4900 0.8694
vn -0.0947 0.4734 0.8757
vn -0.1895 0.7582 0.6239
vn -0.1651 0.7785 0.6055
vn -0.2511 0.9258 0.2825
vn -0.1652 0.7785 0.6055
vn -0.2133 0.9322 0.2923
vn -0.4477 -0.6440 0.6204
vn -0.5513 -0.7875 0.2756
vn -0.2998 -0.8756 0.3787
vn -0.1415 -0.9669 0.2123
vn -0.7491 0.6624 -0.0000
vn -0.6237 0.7817 -0.0000
vn -0.7278 0.6566 -0.1978
vn -0.7492 0.6624 -0.0000
vn 0.0632 0.4900 0.8694
vn 0.0947 0.4734 0.8758
vn -0.0550 0.1335 0.9895
vn -0.0158 0.1260 0.9919
vn 0.1895 0.7582 0.6239
vn 0.1651 0.7785 0.6055
vn 0.2603 0.9228 0.2839
vn 0.2122 0.9354 0.2830
vn -0.1811 -0.2441 0.9527
vn -0.0157 0.1260 0.9919
vn 0.4182 -0.8601 -0.2920
vn 0.3703 -0.8586 -0.3545
vn 0.4733 -0.2524 -0.8440
vn -0.1021 0.6835 0.7228
vn -0.0552 0.6779 0.7331
vn 0.1099 0.6829 0.7222
vn 0.0552 0.6779 0.7331
vn 0.1334 -0.5260 -0.8400
vn 0.1264 -0.7582 -0.6397
vn 0.6444 0.4872 -0.5894
vn -0.6701 0.6386 -0.3784
vn 0.4413 0.7723 0.4570
vn 0.3935 0.4880 0.7791
vn -0.5590 0.2599 -0.7874
vn -0.5275 0.4566 -0.7164
vn -0.5841 0.6157 -0.5289
vn -0.4960 0.7480 0.4409
vn -0.4102 0.7258 0.5522
vn -0.4961 0.7480 0.4409
vn -0.3153 0.7093 0.6305
vn -0.3152 0.7093 0.6305
vn -0.3638 0.5614 0.7433
vn -0.2120 0.6910 0.6910
vn 0.3152 0.7093 0.6305
vn 0.2120 0.6910 0.6910
vn -0.1969 -0.6144 -0.7640
vn -0.3074 0.4965 -0.8118
vn 0.3137 -0.3607 0.8783
vn 0.2513 -0.7855 -0.5656
vn 0.1662 -0.6092 -0.7754
vn -0.4578 -0.2525 -0.8524
vn 0.2596 -0.7393 -0.6213
vn 0.2513 -0.7855 -0.5655
vn 0.3944 -0.9149 0.0868
vn 0.3943 -0.9149 0.0867
vn 0.5577 -0.8247 0.0943
vn -0.1884 -0.0471 0.9810
vn 0.4102 0.7258 0.5522
vn 0.1976 0.4821 -0.8535
vn 0.2041 0.2356 -0.9502
vn 0.2050 0.1813 0.9618
vn 0.0711 0.5294 0.8454
vn -0.3159 -0.3633 0.8765
vn -0.9720 0.1739 0.1581
vn -0.4165 -0.3458 0.8408
vn -0.2042 0.2356 0.9502
vn -0.0867 0.5044 0.8591
vn -0.0157 0.1259 0.9919
vn 0.4960 0.7480 0.4409
vn 0.4961 0.7480 0.4409
vn 0.5590 0.2599 -0.7874
vn 0.5275 0.4566 -0.7164
vn 0.5841 0.6157 -0.5289
vn 0.7491 0.6624 -0.0000
vn 0.7278 0.6566 -0.1978
vn 0.0947 -0.9629 0.2526
vn 0.4252 -0.8898 0.1654
vn -0.5604 0.7656 0.3157
vn -0.5604 0.7657 0.3157
vn -0.4410 0.8897 0.1181
vn 0.6701 0.6386 -0.3784
vn 0.5828 -0.4489 0.6773
vn 0.9249 -0.3558 0.1344
vn -0.1415 -0.9669 0.2122
vn -0.5512 -0.7875 0.2756
vn -0.3938 -0.9135 -0.1024
vn -0.3540 -0.1652 0.9205
vn -0.4733 -0.5522 0.6863
vn -0.5435 -0.8349 -0.0867
vn -0.3469 -0.7804 -0.5203
vn -0.5433 -0.7874 0.2913
vn 0.8078 -0.4941 -0.3216
vn 0.9633 -0.1106 -0.2448
vn -0.3468 -0.7804 -0.5203
vn -0.3540 -0.6845 -0.6373
vn 0.3540 -0.1652 0.9205
vn 0.4733 -0.5522 0.6863
vn 0.5433 -0.7874 0.2913
vn -0.3305 -0.9051 -0.2676
vn -0.6453 0.7240 -0.2439
vn 0.3702 -0.8586 -0.3545
vn 0.3539 -0.6921 -0.6292
vn 0.6381 -0.1812 0.7483
vn 0.8843 -0.1499 0.4421
vn 0.8690 -0.0711 0.4898
vn -0.2359 0.6213 0.7472
vn -0.3765 0.8157 0.4392
vn -0.7635 0.6454 0.0236
vn 0.4409 0.8897 0.1181
vn 0.5604 0.7657 0.3157
vn -0.1340 -0.7645 -0.6305
vn 0.6055 0.7785 0.1652
vn 0.4935 0.5405 -0.6815
vn 0.2202 -0.9750 0.0314
vn -0.3950 0.4266 -0.8136
vn -0.3460 0.2202 -0.9121
vn -0.2050 -0.9618 -0.1813
vn -0.3941 -0.8512 -0.3468
vn 0.4263 0.8921 -0.1500
vn -0.7797 0.4016 -0.4804
vn -0.8516 -0.1419 0.5046
vn -0.8405 -0.2671 0.4713
vn 0.3541 -0.1652 0.9205
vn 0.6765 0.7158 -0.1730
vn 0.5891 0.7147 0.3770
vn -0.7513 -0.1582 0.6407
vn 0.5423 -0.7939 -0.2751
vn -0.2289 0.3710 -0.9000
vn -0.3145 0.4245 -0.8490
vn -0.0471 0.1413 -0.9889
vn -0.6841 0.4875 -0.5426
vn 0.0471 0.1413 -0.9889
vn 0.4958 0.8420 -0.2125
vn -0.3155 0.9229 -0.2208
vn -0.2834 0.7557 -0.5904
vn -0.3381 0.9356 -0.1022
vn 0.3950 0.4266 -0.8136
vn 0.2202 -0.9750 0.0315
vn 0.4252 -0.8899 0.1653
vn 0.2595 -0.7393 -0.6213
vn -0.0552 0.8271 0.5593
vn 0.1654 0.6934 0.7013
vn 0.2289 0.3710 -0.9000
vn 0.3145 0.4245 -0.8491
vn -0.5300 0.1266 0.8385
vn -0.7234 -0.4167 0.5504
vn 0.2450 0.7350 -0.6323
vn 0.2048 0.5356 -0.8192
vn -0.3950 0.4266 -0.8137
vn -0.4787 0.5886 -0.6514
vn 0.1651 -0.1494 0.9749
vn 0.2133 -0.2923 0.9322
vn 0.2354 -0.3610 0.9024
vn -0.2605 0.1421 0.9550
vn 0.7407 0.5200 -0.4255
vn -0.9077 -0.4105 0.0868
vn -0.7393 -0.6528 0.1652
vn -0.6841 0.4875 -0.5425
vn -0.5349 0.4956 -0.6843
vn 0.2605 0.1421 0.9550
vn -0.0785 0.8319 0.5494
vn -0.0394 0.8277 0.5597
vn -0.1571 0.8405 0.5185
vn -0.2360 0.8495 0.4719
vn 0.0785 0.8319 0.5494
vn 0.0394 0.8277 0.5597
vn 0.3862 0.7723 0.5044
vn -0.5290 -0.6001 0.6001
vn -0.0865 -0.9597 0.2673
vn -0.5188 -0.7232 -0.4559
vn 0.4787 0.5886 -0.6514
vn 0.3950 0.4266 -0.8137
vn -0.6055 0.7785 -0.1651
vn 0.1571 0.8405 0.5185
vn 0.2360 0.8495 0.4719
vn 0.1571 0.8406 0.5185
vn -0.3073 0.8589 0.4097
vn 0.6841 0.4875 -0.5426
vn -0.3296 0.4159 -0.8476
vn -0.3621 0.5668 -0.7400
vn -0.3296 0.4160 -0.8476
vn -0.5604 0.7657 -0.3157
vn 0.3153 0.7093 0.6305
vn 0.1178 -0.9421 -0.3140
vn 0.5290 -0.6001 0.6001
vn -0.3623 0.8743 0.3230
vn -0.3623 0.8743 0.3229
vn 0.0633 0.4900 0.8694
vn -0.2277 0.2121 0.9503
vn -0.2278 0.2121 0.9503
vn -0.3541 -0.1652 0.9205
vn 0.0236 0.1259 -0.9918
vn -0.0236 0.1259 -0.9918
vn 0.2909 0.8411 0.4560
vn 0.2278 0.2121 0.9503
vn 0.0552 0.1025 -0.9932
vn 0.1417 0.4173 -0.8976
vn 0.3073 0.8589 0.4098
vn 0.3073 0.8589 0.4097
vn -0.0236 0.8017 0.5973
vn 0.4935 0.5405 -0.6814
vn 0.6841 0.4875 -0.5425
vn 0.5349 0.4956 -0.6843
vn 0.3296 0.4159 -0.8476
vn 0.3621 0.5668 -0.7400
vn 0.0315 0.8117 0.5832
vn 0.0947 0.4734 0.8757
vn 0.2684 -0.5843 -0.7659
vn 0.3539 -0.6920 -0.6291
vn 0.2444 -0.4178 -0.8750
vn -0.8231 -0.5330 0.1960
vn 0.3623 0.8743 0.3229
vn 0.3623 0.8743 0.3230
vn 0.6055 0.7785 -0.1651
vn 0.6701 0.6385 -0.3784
vn -0.9428 -0.2750 -0.1886
vn 0.6055 0.7785 -0.1652
vn 0.5604 0.7657 -0.3158
vn -0.3771 -0.5028 -0.7778
vn -0.5455 -0.8380 -0.0158
vn -0.4331 -0.8973 0.0855
vn 0.7572 -0.5206 0.3944
vn 0.4730 -0.6386 -0.6070
vn 0.2685 -0.5843 -0.7659
vn -0.4960 0.7480 -0.4410
vn -0.2517 -0.4011 -0.8808
vn 0.4935 0.5404 -0.6815
vn -0.0000 -1.0000 0.0079
vn -0.1105 0.3472 0.9312
vn 0.0079 -0.6750 -0.7378
vn 0.5455 -0.8380 -0.0158
vn -0.0551 0.8271 0.5593
vn -0.3938 0.1969 -0.8979
vn 0.1420 -0.0947 0.9853
vn -0.4960 0.7480 -0.4409
vn -0.1496 -0.1575 0.9761
vn 0.0237 -0.0869 0.9959
vn -0.4896 0.8528 -0.1816
vn -0.5024 0.8086 -0.3062
vn 0.6837 -0.2751 0.6759
vn 0.6838 -0.2751 0.6759
vn 0.7188 -0.0079 0.6951
vn 0.7564 0.0158 0.6540
vn 0.0393 -0.1259 -0.9913
vn -0.0395 0.0948 -0.9947
vn -0.0236 0.0550 -0.9982
vn -0.0395 0.0947 -0.9947
vn -0.1736 0.4655 -0.8679
vn -0.1572 0.4322 -0.8880
vn -0.6055 0.7785 0.1652
vn -0.4504 0.8928 -0.0000
vn -0.4409 0.8897 0.1181
vn 0.3938 0.1969 -0.8979
vn 0.3938 0.1969 -0.8978
vn 0.4960 0.7480 -0.4409
vn 0.5577 -0.8247 0.0942
vn -0.4788 0.5886 -0.6514
vn -0.4102 0.7258 -0.5522
vn -0.3138 0.9337 0.1726
vn -0.4100 0.8830 0.2286
vn -0.3073 0.8589 0.4098
vn -0.2825 0.9258 0.2511
vn 0.1263 -0.7582 -0.6397
vn -0.0471 -0.9343 -0.3533
vn -0.4402 -0.3144 0.8411
vn -0.3231 0.0315 0.9458
vn -0.2042 0.3771 0.9034
vn 0.6627 -0.7180 -0.2129
vn 0.7164 0.4567 0.5275
vn 0.5604 0.7657 -0.3157
vn 0.4961 0.7480 -0.4409
vn -0.2670 0.9583 -0.1021
vn -0.2286 0.9696 -0.0867
vn 0.2042 0.3771 0.9034
vn 0.4402 -0.3144 0.8411
vn 0.2362 -0.5906 0.7717
vn 0.6381 -0.1812 0.7484
vn 0.4504 0.8928 -0.0000
vn -0.4409 0.8897 -0.1181
vn -0.2757 0.7326 -0.6223
vn -0.9633 -0.1106 -0.2448
vn -0.9045 0.1652 -0.3932
vn -0.9136 -0.1497 -0.3780
vn -0.9633 -0.1105 -0.2448
vn 0.4788 0.5886 -0.6514
vn 0.4102 0.7258 -0.5522
vn 0.4100 0.8830 0.2286
vn 0.2825 0.9258 0.2511
vn 0.5604 0.7656 0.3157
vn 0.3138 0.9337 0.1726
vn 0.4099 0.8830 0.2286
vn 0.5423 -0.7938 -0.2751
vn -0.3081 0.5530 -0.7741
vn -0.3152 0.7093 -0.6305
vn -0.0710 0.5998 0.7970
vn -0.0710 0.5997 0.7970
vn 0.0710 0.5997 0.7970
vn -0.0000 0.2518 -0.9678
vn 0.2201 -0.9750 0.0314
vn -0.5435 -0.8349 -0.0866
vn -0.8746 -0.4807 0.0631
vn 0.1258 0.9039 0.4087
vn 0.0631 0.8989 0.4337
vn 0.0394 0.8278 0.5597
vn 0.0315 0.8971 0.4407
vn -0.1807 0.9116 0.3693
vn -0.1807 0.9115 0.3693
vn -0.1257 0.9039 0.4087
vn -0.0785 0.8319 0.5493
vn -0.1258 0.9039 0.4087
vn -0.0631 0.8989 0.4337
vn -0.0315 0.8971 0.4407
vn 0.2286 0.9696 -0.0867
vn 0.2603 0.9228 0.2840
vn 0.2122 0.9354 0.2829
vn 0.9434 0.0315 -0.3302
vn -0.3155 0.6942 0.6469
vn 0.1571 0.8406 0.5184
vn 0.1807 0.9116 0.3693
vn -0.0000 0.2444 -0.9697
vn -0.0001 0.2444 -0.9697
vn -0.3468 0.9379 -0.0000
vn -0.4503 0.8929 -0.0000
vn 0.3143 -0.1650 0.9349
vn 0.5433 0.2913 0.7874
vn 0.3398 0.5768 0.7428
vn 0.0393 0.0628 -0.9973
vn -0.0393 -0.1259 -0.9913
vn -0.0946 0.9542 0.2839
vn -0.2358 0.9195 0.3144
vn -0.5356 -0.7955 -0.2835
vn -0.3237 0.4263 -0.8447
vn -0.4966 0.4887 -0.7173
vn -0.3145 0.4245 -0.8491
vn 0.3081 0.5530 -0.7742
vn 0.3153 0.7093 -0.6305
vn 0.1654 0.9847 -0.0551
vn 0.0706 0.9494 0.3060
vn 0.1896 0.7582 0.6239
vn 0.3223 -0.8253 0.4638
vn 0.0628 0.9572 0.2825
vn 0.2908 0.8411 0.4559
vn 0.2909 0.8411 0.4559
vn 0.4409 0.8897 -0.1181
vn -0.2358 0.9196 0.3144
vn 0.5290 -0.6000 0.6001
vn 0.2358 0.9196 0.3144
vn 0.3237 0.4263 -0.8447
vn 0.3145 0.4245 -0.8490
vn 0.1177 -0.9421 -0.3140
vn -0.4182 -0.8601 -0.2919
vn -0.7774 -0.5732 -0.2591
vn 0.5356 -0.7955 -0.2835
vn 0.3398 0.9405 -0.0000
vn 0.4966 0.4887 -0.7173
vn -0.7406 0.0552 0.6697
vn -0.8373 -0.1027 0.5371
vn -0.7483 0.0473 0.6617
vn -0.6453 0.7239 -0.2439
vn -0.3383 0.9363 -0.0944
vn -0.3069 0.7870 -0.5352
vn -0.3081 0.5530 -0.7742
vn -0.3153 0.7093 -0.6305
vn -0.2677 0.7007 -0.6613
vn -0.9045 0.1652 -0.3933
vn 0.5576 -0.8247 0.0943
vn 0.7825 -0.5690 -0.2529
vn -0.3155 0.9229 -0.2209
vn 0.4423 -0.8926 0.0869
vn 0.3536 0.9351 0.0236
vn 0.5604 0.7656 -0.3157
vn 0.4099 0.8830 -0.2286
vn 0.8724 -0.4873 0.0393
vn -0.3316 0.9394 0.0868
vn -0.4099 0.8830 0.2286
vn -0.7234 -0.4168 0.5504
vn 0.1654 0.9847 -0.0552
vn 0.2603 0.9152 -0.3077
vn 0.2604 0.9152 -0.3077
vn 0.1806 0.8717 -0.4555
vn 0.1976 0.4821 -0.8536
vn 0.3691 0.8011 -0.4712
vn -0.1334 -0.0628 -0.9891
vn -0.2516 -0.2752 -0.9279
vn 0.0553 0.3158 -0.9472
vn -0.1809 0.0315 -0.9830
vn -0.1809 0.0314 -0.9830
vn 0.3081 0.5530 -0.7741
vn 0.2677 0.7007 -0.6613
vn 0.3152 0.7093 -0.6305
vn -0.0158 0.8221 0.5692
vn 0.0710 0.5998 0.7970
vn -0.3073 0.8589 -0.4097
vn 0.0158 0.8221 0.5692
vn -0.8746 -0.4807 0.0630
vn -0.1654 0.8741 -0.4568
vn 0.3316 0.9394 0.0868
vn -0.4100 0.8830 -0.2286
vn -0.4961 0.7480 -0.4409
vn -0.3623 0.8743 -0.3230
vn 0.7824 -0.5691 -0.2529
vn 0.9359 -0.1416 -0.3225
vn 0.9380 0.1025 -0.3311
vn -0.3623 0.8743 -0.3229
vn 0.9633 -0.1105 -0.2448
vn 0.9045 0.1652 -0.3932
vn 0.9045 0.1652 -0.3933
vn 0.7400 0.4173 -0.5275
vn 0.8003 0.4394 -0.4080
vn -0.0709 0.4804 -0.8742
vn 0.0473 0.7483 -0.6617
vn -0.1021 0.9895 0.1021
vn -0.0316 0.2923 -0.9558
vn 0.1256 -0.1491 -0.9808
vn 0.0314 0.2590 -0.9654
vn 0.1255 -0.1491 -0.9808
vn 0.3073 0.8589 -0.4097
vn 0.3781 -0.3466 -0.8585
vn 0.2756 -0.3228 0.9054
vn -0.6744 -0.2823 0.6823
vn -0.7188 0.0079 0.6951
vn -0.7550 -0.0629 0.6527
vn -0.7088 0.1969 0.6773
vn -0.6744 -0.2823 0.6822
vn 0.4100 0.8830 -0.2286
vn 0.3623 0.8743 -0.3229
vn 0.1731 0.7003 -0.6925
vn 0.1024 0.6461 -0.7564
vn -0.3316 0.9394 -0.0868
vn -0.2671 0.9583 -0.1021
vn -0.1494 0.8731 -0.4641
vn -0.2041 0.2356 0.9502
vn -0.3156 0.6942 0.6469
vn -0.3541 -0.6845 -0.6373
vn 0.5356 -0.7955 -0.2836
vn 0.3539 -0.6921 -0.6291
vn 0.3623 0.8743 -0.3230
vn -0.3316 0.9394 -0.0869
vn -0.3138 0.9337 -0.1726
vn -0.0158 0.8221 0.5691
vn -0.0789 0.9787 0.1894
vn -0.5300 0.1265 0.8385
vn 0.3459 0.8018 0.4873
vn 0.3398 0.5769 0.7428
vn 0.0158 0.8221 0.5691
vn 0.0789 0.9787 0.1894
vn -0.2825 0.9258 -0.2511
vn -0.2360 0.8495 -0.4719
vn -0.2358 0.9196 -0.3144
vn -0.2043 0.3771 0.9034
vn -0.3232 0.0315 0.9458
vn -0.7404 0.6617 0.1182
vn 0.3316 0.9394 -0.0868
vn -0.5356 -0.7955 -0.2836
vn -0.4730 -0.6386 -0.6070
vn -0.0157 0.3138 -0.9493
vn 0.0552 0.3157 -0.9472
vn 0.2043 0.3771 0.9034
vn -0.0865 0.9910 -0.1023
vn 0.0627 0.9572 0.2825
vn 0.3138 0.9337 -0.1726
vn -0.0868 0.6470 -0.7575
vn -0.2278 0.2120 0.9503
vn -0.4717 0.8805 -0.0472
vn 0.3547 -0.8909 -0.2838
vn 0.1731 0.7004 -0.6925
vn 0.7404 0.6617 0.1182
vn 0.2360 0.8495 -0.4719
vn -0.3073 0.8589 -0.4098
vn -0.2358 0.9195 -0.3144
vn 0.2825 0.9258 -0.2511
vn 0.4960 0.7480 -0.4410
vn 0.2358 0.9195 -0.3144
vn 0.3073 0.8589 -0.4098
vn 0.2278 0.2120 0.9503
vn -0.7401 -0.3071 -0.5983
vn 0.6538 0.0236 0.7563
vn 0.6144 0.1969 0.7640
vn 0.6584 0.0157 0.7525
vn 0.6774 -0.1654 0.7168
vn 0.0472 0.7483 -0.6617
vn -0.0079 0.0079 0.9999
vn 0.0079 0.0079 0.9999
vn 0.7103 -0.3551 -0.6077
vn 0.7824 -0.5690 -0.2529
vn 0.7635 0.6454 0.0236
vn 0.4717 0.8805 -0.0472
vn -0.1974 0.8448 -0.4974
vn -0.1807 0.9116 -0.3693
vn -0.0394 0.6535 -0.7559
vn -0.1654 0.8741 -0.4567
vn -0.1575 0.9056 -0.3937
vn 0.1974 0.8448 -0.4974
vn 0.1807 0.9116 -0.3693
vn 0.2359 0.8495 -0.4719
vn 0.1807 0.9115 -0.3693
vn 0.1575 0.9056 -0.3938
vn -0.6437 -0.1726 0.7456
vn -0.0865 0.9910 -0.1022
vn -0.1495 0.8731 -0.4641
vn 0.3306 0.8345 -0.4409
vn 0.0550 0.8962 -0.4402
vn 0.7103 -0.3552 -0.6077
vn 0.2591 0.0157 -0.9657
vn 0.3780 -0.3465 -0.8585
vn 0.1966 -0.1022 -0.9751
vn 0.1102 0.3541 -0.9287
vn 0.1102 0.3542 -0.9287
vn 0.6008 -0.0395 -0.7984
vn 0.3780 -0.3466 -0.8585
vn 0.4182 0.4498 -0.7892
vn 0.7472 0.2359 -0.6213
vn 0.4182 0.4498 -0.7891
vn 0.9056 -0.1575 0.3938
vn -1.0000 -0.0000 -0.0000
vn -1.0000 0.0001 -0.0000
vn -1.0000 -0.0001 -0.0000
vn -0.0079 -0.0079 -0.9999
vn -0.0471 -0.2200 0.9744
vn -0.0157 0.1885 0.9819
vn -0.1887 0.2987 0.9355
vn -0.2604 0.1421 0.9550
vn -0.0079 0.8975 0.4409
vn 0.0079 0.8975 0.4409
vn -0.2511 0.7299 0.6357
vn 0.1887 0.2987 0.9355
vn 0.0157 0.1885 0.9819
vn 0.2604 0.1421 0.9550
vn -0.3781 -0.3465 -0.8585
vn -0.3780 -0.3466 -0.8585
vn -0.2516 -0.4011 -0.8808
vn -0.8973 -0.2834 0.3385
vn -0.8973 -0.2834 0.3384
vn -0.0787 0.9603 -0.2676
vn -0.0789 0.9787 0.1895
vn -0.1886 -0.0000 0.9821
vn -0.1730 0.3067 0.9359
vn -0.1885 -0.0000 0.9821
vn 0.0785 -0.0001 0.9969
vn -0.0158 0.6706 -0.7416
vn 0.0549 0.9577 -0.2826
vn 0.0789 0.9787 0.1895
vn 0.0787 0.9603 -0.2676
vn 0.1885 -0.0000 0.9821
vn 0.1730 0.3068 0.9359
vn 0.1886 -0.0000 0.9821
vn -0.0157 0.1886 0.9819
vn 0.3852 -0.3616 -0.8490
vn 0.2444 -0.4178 -0.8751
vn 0.1893 0.9704 0.1499
vn 0.0550 0.9577 -0.2826
vn -0.3467 0.0158 0.9378
vn -0.3785 -0.1419 0.9147
vn -0.1495 -0.1574 0.9761
vn 0.3459 0.8018 0.4874
vn -0.2053 0.9632 0.1737
vn 0.1894 0.9704 0.1499
vn -0.3939 -0.1969 0.8978
vn -0.3938 -0.1969 0.8978
vn -0.7564 0.3388 -0.5595
vn -0.1259 0.3698 -0.9206
vn -0.1259 0.3698 -0.9205
vn 0.0473 0.7483 -0.6616
vn 0.8973 -0.2834 0.3385
vn 0.8973 -0.2834 0.3384
vn 0.3938 -0.1969 0.8979
vn 0.3938 -0.1969 0.8978
vn -0.9421 -0.0942 -0.3219
vn -0.8969 0.2753 -0.3461
vn 0.4811 -0.1262 0.8675
vn -0.2052 0.9632 0.1737
vn 0.8851 -0.3003 0.3556
vn 0.9205 -0.2990 0.2518
vn 0.8777 -0.2926 0.3795
vn -0.5647 -0.0549 -0.8235
vn -0.7401 -0.3070 -0.5983
vn 0.2286 0.9697 -0.0867
vn -0.9049 -0.1417 0.4013
vn 0.4958 0.8421 -0.2125
vn 0.7894 0.6078 -0.0868
vn -0.6144 0.1969 0.7641
vn -0.1962 0.9574 -0.2119
vn 0.0315 -0.8726 -0.4874
vn -0.0236 -0.8641 -0.5028
vn -0.0393 -0.8637 -0.5025
vn 0.9394 -0.3000 0.1658
vn 0.9223 -0.2995 0.2444
vn -0.8167 -0.4790 0.3219
vn -0.8314 -0.4157 0.3687
vn 0.8314 0.1804 0.5255
vn -0.5420 0.2985 -0.7855
vn 0.7401 0.4172 -0.5275
vn 0.8567 0.0708 -0.5109
vn 0.2443 0.8825 -0.4019
vn -0.9049 -0.1416 0.4013
vn -0.9979 -0.0157 -0.0629
vn -0.9547 -0.1104 -0.2762
vn -0.9547 -0.1105 -0.2762
vn -0.0157 0.3138 -0.9494
vn -0.0789 0.5047 -0.8597
vn -0.2213 0.0790 -0.9720
vn -0.1335 -0.0628 -0.9891
vn -0.2212 0.0790 -0.9720
vn 0.0315 0.7881 -0.6147
vn 0.1895 0.1895 -0.9634
vn 0.0629 0.5112 -0.8572
vn -0.7508 0.2371 0.6165
vn -0.5834 0.6544 0.4810
vn 0.0788 -0.6304 0.7723
vn -0.0158 -0.8814 -0.4722
vn 0.0472 -0.8721 -0.4871
vn 0.0316 -0.8759 -0.4814
vn -0.0000 -0.2444 0.9697
vn -0.0000 -0.2518 0.9678
vn -0.5834 0.6544 0.4809
vn 0.2919 0.9544 0.0631
vn -0.4730 -0.6385 -0.6070
vn -0.3781 -0.3466 -0.8585
vn 0.0629 0.5111 -0.8572
vn -0.0315 0.7881 -0.6147
vn -0.1653 0.8741 -0.4567
vn -0.5421 0.2985 -0.7855
vn 0.0943 -0.1649 -0.9818
vn 0.1819 -0.4587 -0.8698
vn -0.3468 0.5753 -0.7408
vn 0.9547 -0.1105 -0.2762
vn 0.9547 -0.1104 -0.2762
vn 0.9547 -0.1105 -0.2761
vn -0.3536 0.7936 -0.4951
vn 0.6837 0.5501 0.4794
vn 0.9056 -0.1575 0.3937
vn 0.7573 -0.5206 0.3944
vn 0.8601 -0.2920 0.4182
vn -0.9349 -0.1493 -0.3221
vn -0.9388 0.0947 -0.3313
vn -0.9189 -0.2828 -0.2749
vn -0.8992 0.2445 -0.3628
vn -0.8269 0.4489 -0.3387
vn 0.9603 0.2676 0.0787
vn 0.9607 0.1575 -0.2284
vn 0.9818 0.0943 0.1649
vn 0.9810 -0.0471 0.1883
vn 0.8393 -0.3922 0.3765
vn -0.8201 -0.1182 0.5599
vn 0.9799 -0.1659 -0.1106
vn 0.2443 0.8825 -0.4018
vn -0.9320 -0.1264 -0.3397
vn -0.9328 0.0949 -0.3478
vn -0.8611 0.3634 -0.3555
vn -0.9327 0.0949 -0.3478
vn -0.3536 0.7937 -0.4950
vn 0.9295 -0.1260 -0.3466
vn 0.6838 0.5501 0.4794
vn -0.9530 -0.1418 -0.2678
vn -0.7401 -0.3071 -0.5984
vn -0.0236 -0.1259 0.9918
vn 0.0236 -0.1259 0.9918
vn -0.7478 0.6534 0.1181
vn -0.7715 0.6220 0.1338
vn -0.7478 0.6533 0.1181
vn -0.4970 0.8677 0.0079
vn -0.0789 0.5048 -0.8597
vn 0.1494 0.4641 -0.8731
vn -0.0394 0.1104 -0.9931
vn -0.3536 0.7937 -0.4951
vn 0.8611 0.3634 -0.3555
vn 0.9328 0.0949 -0.3478
vn 0.9320 -0.1264 -0.3397
vn 0.9328 0.0948 -0.3478
vn -0.9364 0.1180 0.3305
vn -0.8169 -0.2828 -0.5027
vn -0.8167 -0.4790 0.3220
vn -0.8418 -0.2754 0.4642
vn -0.8314 -0.4157 0.3686
vn 0.7478 0.6533 0.1181
vn 0.9229 0.3155 0.2208
vn 0.4970 0.8677 0.0079
vn -0.0789 0.5048 -0.8596
vn 0.2442 0.8825 -0.4018
vn 0.9351 -0.3536 0.0236
vn -0.5911 -0.6699 -0.4493
vn 0.1806 -0.2826 0.9421
vn -0.5213 0.8451 0.1185
vn -0.5835 0.6544 0.4810
vn -0.8030 0.4330 -0.4094
vn -0.5812 0.6519 -0.4870
vn 0.5681 0.7970 0.2051
vn -0.0471 -0.1413 0.9889
vn 0.0471 -0.1413 0.9889
vn 0.4978 0.8612 -0.1027
vn 0.2442 0.8825 -0.4019
vn -0.8243 0.4004 0.4004
vn 0.5285 0.6705 -0.5206
vn -0.8746 -0.4806 0.0631
vn -0.9998 -0.0079 0.0158
vn 0.8724 -0.4872 0.0393
vn 0.9977 -0.0550 0.0393
vn -0.8746 -0.4806 0.0630
vn -0.8243 0.4003 0.4004
vn 0.8658 -0.4723 -0.1653
vn -0.9998 -0.0079 0.0157
vn -0.0235 -0.8641 -0.5027
vn -0.0948 -0.8529 -0.5134
vn 0.9550 0.1263 -0.2683
vn -0.8337 0.1652 -0.5270
vn -0.4166 0.5187 0.7466
vn -0.6534 0.7242 0.2204
vn -0.1261 0.9615 -0.2443
vn -0.6036 -0.0941 0.7917
vn 0.8609 0.4107 0.3001
vn 0.6837 0.5502 0.4794
vn -0.8191 -0.4016 -0.4096
vn -0.9720 0.1738 0.1581
vn -0.7299 0.6357 0.2512
vn 0.9768 0.1733 0.1260
vn 0.0471 -0.8721 -0.4871
vn 0.0949 -0.8619 -0.4982
vn 0.5681 0.7970 0.2052
vn 0.8337 0.5269 0.1652
vn -0.5601 0.8046 -0.1972
vn -0.5420 0.2985 -0.7856
vn -0.3467 0.0157 0.9378
vn -0.5970 0.2514 -0.7619
vn -0.6628 0.3630 -0.6549
vn -0.5930 0.2452 -0.7669
vn -0.1496 -0.1574 0.9761
vn 0.2914 0.8271 0.4805
vn -0.4165 0.5187 0.7467
vn -0.1650 0.9113 -0.3771
vn -0.9507 0.3064 0.0472
vn 0.7472 0.2360 -0.6213
vn 0.9768 0.1733 0.1261
vn 0.7712 0.6296 0.0944
vn 0.8610 0.4107 0.3001
vn -0.7299 0.6357 0.2511
vn -0.8344 0.5510 0.0158
vn 0.7712 0.6295 0.0944
vn -0.0550 0.4244 0.9038
vn -0.7401 -0.3070 -0.5984
vn -0.6863 0.5522 -0.4733
vn 0.0550 0.4244 0.9038
vn 0.1976 0.0237 -0.9800
vn -0.9507 0.3064 0.0471
vn 0.9381 0.0709 -0.3390
vn 0.9434 0.0314 -0.3302
vn 0.9381 0.0710 -0.3390
vn 0.8222 0.4506 -0.3478
vn 0.9589 0.1886 -0.2122
vn -0.2202 -0.0000 -0.9755
vn 0.2202 -0.0000 -0.9755
vn -0.7566 0.6383 -0.1419
vn -0.8344 0.5510 0.0157
vn -0.7566 0.6384 -0.1419
vn 0.9405 0.3399 -0.0000
vn 0.2915 0.8271 0.4805
vn 0.8911 0.4495 -0.0631
vn -0.9136 0.2835 -0.2914
vn -0.9530 -0.1417 -0.2678
vn -0.9136 0.2836 -0.2914
vn 0.8595 0.3154 -0.4022
vn 0.9588 0.1886 -0.2122
vn -0.6701 0.3784 -0.6386
vn -0.5969 0.2513 -0.7619
vn -0.8532 -0.4266 0.3002
vn 0.2915 0.8271 0.4806
vn 0.7401 0.6062 -0.2913
vn -0.1729 0.8647 -0.4716
vn 0.1027 0.9641 -0.2450
vn -0.9609 0.0709 -0.2678
vn 0.5285 0.6705 -0.5207
vn 0.9000 0.3237 0.2921
vn 0.7400 0.6062 -0.2913
vn -0.8337 0.1652 -0.5269
vn -0.7566 0.6384 -0.1418
vn 0.9346 0.2435 -0.2592
vn 0.9534 0.2285 -0.1970
vn 0.9365 0.0551 -0.3463
vn 0.9799 -0.1660 -0.1106
vn 0.7724 0.3861 -0.5044
vn 0.8595 0.3154 -0.4021
vn 0.1730 0.3067 0.9359
vn 0.5668 -0.5118 -0.6456
vn -0.2835 -0.6459 -0.7088
vn 0.2921 0.0473 -0.9552
vn -0.4876 0.8730 0.0079
vn -0.7404 0.6617 0.1181
vn 0.5207 0.6942 -0.4970
vn 0.5683 0.7262 -0.3868
vn 0.7404 0.6616 0.1182
vn 0.4876 0.8730 0.0079
vn -0.9093 0.3242 0.2610
vn 0.7564 0.0157 0.6539
vn 0.6621 0.2838 0.6936
vn 0.4566 0.8897 -0.0000
vn 0.5577 -0.4712 0.6833
vn 0.5850 -0.5929 0.5534
vn 0.4950 -0.3536 0.7937
vn 0.5577 -0.4713 0.6833
vn 0.4951 -0.3536 0.7936
vn -0.7888 0.3391 0.5127
vn -0.4899 0.6085 0.6243
vn -0.6534 0.7243 0.2204
vn -0.0631 0.9867 -0.1500
vn 0.4899 0.6085 0.6243
vn 0.5206 0.6942 -0.4970
vn 0.9276 0.2437 -0.2830
vn 0.9517 0.2360 -0.1966
vn -0.9318 0.2606 -0.2527
vn -0.8031 0.4330 -0.4094
vn -0.7029 0.6161 -0.3554
vn -0.8269 0.4489 -0.3386
vn 0.5279 0.3861 0.7564
vn 0.9318 0.2606 -0.2527
vn 0.2047 0.8739 -0.4409
vn -0.1650 0.9114 -0.3771
vn 0.8992 0.2445 -0.3628
vn 0.7030 0.6161 -0.3554
vn 0.8269 0.4489 -0.3386
vn -0.1104 0.5125 0.8516
vn -0.1730 0.3068 0.9359
vn 0.1104 0.5125 0.8515
vn 0.0786 -0.1101 0.9908
vn 0.0157 -0.0000 0.9999
vn 0.0158 0.0157 0.9998
vn -0.3152 -0.0789 0.9457
vn -0.1101 -0.2281 0.9674
vn -0.2985 -0.0864 0.9505
vn -0.9478 0.2369 -0.2133
vn -0.9519 0.2281 -0.2045
vn -0.9830 0.0944 -0.1573
vn -0.2357 0.9112 -0.3378
vn -0.5652 0.7379 -0.3689
vn -0.9788 0.0553 -0.1973
vn -0.7188 0.0079 0.6952
vn -0.5368 0.3868 0.7499
vn -0.5508 0.4013 0.7318
vn 0.3150 -0.0866 0.9451
vn 0.0079 -0.0157 0.9998
vn 0.0079 -0.0472 0.9989
vn 0.0079 -0.0158 0.9998
vn -0.8868 0.2982 -0.3531
vn -0.8969 0.2754 -0.3462
vn -0.6924 0.6373 -0.3383
vn -0.1730 0.8647 -0.4716
vn 0.7939 0.5423 -0.2751
vn 0.5206 0.5837 0.6231
vn 0.5698 0.3957 0.7202
vn 0.5584 0.5584 0.6135
vn -0.7472 0.6213 -0.2359
vn -0.6530 0.4327 0.6215
vn -0.4905 0.4272 0.7595
vn -0.5434 0.4961 0.6772
vn -0.5666 0.3935 0.7240
vn 0.2278 0.9189 -0.3220
vn 0.1028 0.9641 -0.2450
vn -0.5824 0.5588 0.5903
vn -0.2122 -0.3302 0.9197
vn -0.2835 -0.2914 0.9136
vn -0.1177 -0.2904 0.9496
vn -0.0158 -0.2996 0.9539
vn 0.0473 -0.2050 0.9776
vn 0.1184 -0.1658 0.9790
vn -0.0473 -0.2050 0.9776
vn 0.0158 -0.2996 0.9539
vn -0.1184 -0.1658 0.9790
vn 0.1177 -0.2904 0.9496
vn 0.2122 -0.3302 0.9197
vn 0.2835 -0.2914 0.9136
vn 0.7472 0.6213 -0.2359
vn 0.5684 0.7262 -0.3868
vn 0.5275 0.7007 0.4803
vn -0.8119 0.4809 -0.3311
vn 0.7632 -0.4328 -0.4799
vn -0.0632 0.9867 -0.1499
vn 0.8119 0.4808 -0.3311
vn -0.5595 0.4019 0.7249
vn -0.4628 0.8864 -0.0000
vn -0.1415 0.9829 -0.1180
vn -0.0863 -0.1255 0.9883
vn -0.0472 -0.2125 0.9760
vn 0.0157 0.0157 0.9998
vn -0.6828 0.5651 0.4631
vn -0.5804 0.7137 0.3922
vn -0.6530 0.4327 0.6216
vn -0.5825 0.5588 0.5903
vn 0.8411 -0.3144 -0.4401
vn 0.8338 -0.4169 -0.3618
vn 0.7696 -0.6125 -0.1806
vn -0.0947 -0.0316 0.9950
vn -0.1181 -0.0394 0.9922
vn -0.0785 -0.0078 0.9969
vn -0.1422 -0.0711 0.9873
vn 0.6789 0.4342 0.5921
vn 0.1103 -0.0394 0.9931
vn 0.1500 -0.0631 0.9867
vn 0.1181 -0.0472 0.9919
vn -0.7463 0.1336 0.6520
vn 0.1970 -0.0788 0.9772
vn 0.6693 0.5669 0.4803
vn 0.5279 0.3861 0.7565
vn 0.5042 0.4570 0.7327
vn 0.6134 -0.6212 -0.4876
vn -0.9788 0.0553 -0.1974
vn -0.8431 -0.3388 -0.4176
vn -0.7695 -0.6125 -0.1806
vn -0.8329 -0.4322 -0.3457
vn -0.3160 0.5134 0.7978
vn -0.1022 -0.9751 0.1966
vn -0.2047 -0.0709 0.9763
vn 0.1500 -0.0632 0.9867
vn 0.1022 -0.9751 0.1966
vn -0.1972 -0.0707 0.9778
vn 0.3069 0.5115 0.8026
vn 0.1104 0.5125 0.8516
vn 0.2046 -0.0787 0.9757
vn 0.4480 -0.7782 0.4401
vn 0.0785 -0.0078 0.9969
vn -0.1572 -0.1022 0.9823
vn -0.2127 -0.0315 0.9766
vn -0.4504 0.8928 -0.0079
vn -0.0869 0.9871 -0.1343
vn -0.1259 0.9840 -0.1260
vn -0.4503 0.8928 -0.0079
vn 0.1572 -0.1022 0.9823
vn 0.2127 -0.0315 0.9766
vn 0.4504 0.8928 -0.0079
vn 0.0869 0.9871 -0.1343
vn 0.4503 0.8928 -0.0079
vn -0.2514 -0.0550 0.9663
vn -0.1971 -0.0710 0.9778
vn -0.2439 -0.0629 0.9678
vn -0.0864 0.9893 -0.1178
vn 0.2514 -0.0550 0.9663
vn 0.2439 -0.0630 0.9678
vn 0.0864 0.9893 -0.1178
vn -0.2122 -0.3302 0.9198
vn 0.5359 -0.8433 0.0394
vn 0.2122 -0.3302 0.9198
vn -0.2201 0.0393 0.9747
vn -0.1660 0.9799 -0.1106
vn -0.3297 0.9420 -0.0628
vn -0.0948 -0.0316 0.9950
vn -0.0707 0.0157 0.9974
vn 0.3297 0.9420 -0.0628
vn 0.1660 0.9799 -0.1106
vn -0.2364 -0.1418 0.9613
vn -0.2441 -0.1811 0.9527
vn -0.5367 0.3868 0.7499
vn 0.0785 -0.0079 0.9969
vn 0.0706 0.0393 0.9967
vn 0.8192 0.4569 -0.3466
vn 0.5745 0.7555 -0.3148
vn 0.0706 0.0392 0.9967
vn -0.0707 0.0392 0.9967
vn -0.0632 0.0632 0.9960
vn -0.0706 0.0392 0.9967
vn -0.3624 -0.2757 0.8903
vn -0.4165 -0.2279 0.8801
vn 0.2444 -0.1735 0.9540
vn 0.2358 -0.1572 0.9590
vn 0.3624 -0.2758 0.8903
vn 0.2836 -0.2914 0.9136
vn 0.4165 -0.2279 0.8801
vn -0.4091 0.6293 0.6608
vn -0.7514 -0.1582 0.6406
vn -0.9695 -0.1734 -0.1734
vn -0.9658 -0.1492 -0.2120
vn -0.9191 -0.0315 -0.3928
vn -0.9191 -0.0314 -0.3928
vn -0.9051 -0.0079 -0.4250
vn 0.4090 0.6293 0.6608
vn -0.2922 -0.0395 0.9556
vn 0.8013 0.1414 0.5813
vn -0.2922 -0.0395 0.9555
vn -0.2996 -0.0158 0.9539
vn 0.2922 -0.0395 0.9555
vn 0.2996 -0.0158 0.9539
vn -0.9263 -0.0079 0.3768
vn -0.8973 -0.2833 0.3385
vn -0.9263 -0.0078 0.3768
vn -0.8984 0.0709 0.4334
vn -0.8377 0.2845 0.4662
vn -0.7792 0.3621 0.5116
vn 0.7628 0.1494 0.6291
vn -0.0633 0.0632 0.9960
vn -0.0710 0.0867 0.9937
vn -0.3624 -0.2758 0.8903
vn 0.9263 -0.0079 0.3768
vn 0.8984 0.0709 0.4334
vn 0.8377 0.2845 0.4663
vn 0.7792 0.3621 0.5116
vn 0.8377 0.2845 0.4662
vn 0.0710 0.0868 0.9937
vn 0.4951 -0.3536 0.7937
vn 0.4092 -0.4878 0.7711
vn 0.3374 -0.7219 0.6042
vn 0.4091 -0.4878 0.7711
vn 0.2123 -0.3302 0.9198
vn 0.3312 -0.9227 -0.1971
vn 0.5415 -0.8398 0.0392
vn 0.7266 -0.6871 -0.0000
vn -0.0000 0.1414 -0.9900
vn -0.0000 0.1414 -0.9899
vn -0.6534 0.6848 -0.3227
vn -0.8868 0.2982 -0.3532
vn 0.1022 -0.2909 0.9513
vn -0.8119 0.4808 -0.3311
vn -0.5678 0.7570 -0.3233
vn 0.3625 -0.1813 0.9142
vn 0.4251 -0.2047 0.8817
vn 0.4481 -0.8176 0.3616
vn 0.5760 -0.6549 0.4892
vn 0.7088 -0.6773 0.1969
vn -0.0947 0.9864 -0.1342
vn -0.1659 0.9799 -0.1106
vn 0.9517 0.2359 -0.1966
vn 0.1571 -0.1022 0.9823
vn 0.2201 0.0393 0.9747
vn 0.2126 -0.0315 0.9766
vn 0.2590 0.1256 0.9577
vn 0.1025 0.9857 -0.1340
vn 0.1659 0.9799 -0.1107
vn -0.1260 0.9840 -0.1260
vn 0.5678 0.7570 -0.3233
vn 0.4567 0.8896 -0.0000
vn 0.1338 0.9840 -0.1181
vn -0.2836 -0.4570 0.8430
vn -0.7947 0.4091 0.4485
vn -0.5992 0.7253 -0.3390
vn -0.3139 0.0157 0.9493
vn 0.0948 0.1264 0.9874
vn 0.0709 0.0868 0.9937
vn -0.0786 0.1101 0.9908
vn 0.3138 0.0157 0.9494
vn -0.7481 0.1333 0.6500
vn -0.8680 0.1499 0.4734
vn 0.5992 0.7253 -0.3390
vn -0.1104 0.9858 -0.1262
vn -0.1415 0.9829 -0.1179
vn 0.2752 -0.2516 0.9279
vn 0.1026 0.9867 -0.1263
vn -0.1100 -0.3143 0.9429
vn 0.8084 0.4003 0.4316
vn -0.3138 0.0157 0.9493
vn -0.3136 0.0392 0.9487
vn -0.0948 0.1264 0.9874
vn 0.0707 0.0869 0.9937
vn 0.0947 0.1341 0.9864
vn 0.3138 0.0157 0.9493
vn 0.3160 0.0395 0.9479
vn -0.3156 0.0631 0.9468
vn -0.1186 0.1581 0.9803
vn 0.3156 0.0631 0.9468
vn -0.2606 -0.2527 0.9318
vn -0.2747 -0.2590 0.9260
vn -0.2365 -0.2523 0.9383
vn 0.2592 -0.2435 0.9346
vn 0.2440 -0.2518 0.9365
vn -0.3556 -0.1818 0.9168
vn -0.4402 -0.3537 0.8253
vn -0.2747 -0.2589 0.9260
vn -0.4422 -0.3948 0.8054
vn -0.3557 -0.1818 0.9168
vn -0.4111 -0.1818 0.8933
vn -0.4326 -0.4405 0.7866
vn -0.2590 0.1256 0.9577
vn 0.9039 0.1493 0.4009
vn -0.3703 0.9061 -0.2048
vn -0.6034 0.7366 -0.3056
vn 0.3703 0.9060 -0.2049
vn -0.9859 0.0236 -0.1656
vn -0.6214 -0.2359 0.7472
vn -0.6294 -0.2124 0.7475
vn -0.2282 0.2045 0.9519
vn 0.6034 0.7366 -0.3056
vn 0.8269 0.4489 -0.3387
vn 0.7029 0.6161 -0.3554
vn 0.2591 0.1256 0.9577
vn 0.2281 0.2045 0.9519
vn -0.4011 -0.8416 0.3618
vn -0.4011 -0.8415 0.3618
vn -0.2277 -0.7695 0.5967
vn -0.4974 -0.1974 0.8448
vn 0.1264 0.1580 0.9793
vn 0.0947 0.1342 0.9864
vn 0.1340 0.1655 0.9771
vn 0.4974 -0.1974 0.8448
vn 0.4422 -0.3948 0.8054
vn -0.3079 0.0868 0.9474
vn -0.1340 0.1655 0.9771
vn -0.0631 0.9544 0.2918
vn -0.0709 0.9539 0.2917
vn -0.0551 0.9526 0.2992
vn -0.0943 0.9590 0.2673
vn -0.3069 0.1180 0.9444
vn -0.3079 0.0869 0.9474
vn 0.3079 0.0869 0.9474
vn 0.0709 0.9539 0.2917
vn 0.0631 0.9544 0.2918
vn 0.0551 0.9526 0.2992
vn 0.0943 0.9590 0.2673
vn -0.5356 -0.1260 0.8350
vn 0.3140 0.1178 0.9421
vn 0.5356 -0.1261 0.8350
vn -0.0710 0.9539 0.2917
vn -0.1422 0.9481 0.2844
vn -0.1022 0.9513 0.2909
vn 0.1422 0.9481 0.2844
vn 0.0710 0.9539 0.2917
vn 0.1022 0.9513 0.2909
vn -0.2604 0.1894 0.9468
vn -0.2681 0.1340 0.9540
vn -0.3069 0.1181 0.9444
vn -0.1813 0.1655 0.9694
vn -0.1339 0.1655 0.9771
vn -0.1736 0.1657 0.9708
vn 0.9351 -0.3535 0.0236
vn 0.9799 -0.1659 -0.1107
vn -0.0632 0.9867 -0.1500
vn 0.2754 0.1338 0.9520
vn 0.1734 0.1734 0.9695
vn 0.1808 0.1808 0.9668
vn -0.2051 0.7414 0.6389
vn -0.7706 -0.6369 0.0236
vn 0.2051 0.7414 0.6389
vn 0.4091 0.6293 0.6608
vn 0.1339 0.1655 0.9771
vn -0.1492 0.9658 0.2120
vn -0.0631 0.9544 0.2919
vn -0.1889 0.9680 0.1653
vn -0.2604 0.1893 0.9468
vn -0.1812 0.1655 0.9694
vn -0.2128 0.1734 0.9616
vn -0.2287 0.9463 -0.2287
vn 0.2287 0.9463 -0.2287
vn -0.3148 0.9129 -0.2597
vn 0.0631 0.9544 0.2919
vn 0.1492 0.9658 0.2120
vn 0.1889 0.9680 0.1653
vn -0.2283 0.9290 0.2913
vn -0.1967 0.9363 0.2911
vn -0.0786 -0.5347 0.8414
vn 0.3148 0.9129 -0.2597
vn 0.4402 -0.3537 0.8253
vn 0.2283 0.9290 0.2913
vn 0.1967 0.9363 0.2911
vn -0.2197 0.9338 0.2825
vn -0.1961 0.9414 0.2745
vn 0.2278 0.1728 0.9583
vn 0.2203 0.1731 0.9599
vn 0.9303 -0.1734 0.3232
vn -0.2830 0.9276 -0.2437
vn 0.3703 0.9060 -0.2048
vn 0.1961 0.9414 0.2745
vn 0.2197 0.9338 0.2825
vn 0.1961 0.9414 0.2746
vn 0.2444 -0.1734 0.9540
vn 0.3778 -0.4014 0.8343
vn 0.2830 0.9276 -0.2437
vn 0.2523 0.9383 -0.2365
vn -0.2835 -0.6459 -0.7089
vn 0.3079 0.0868 0.9474
vn 0.7472 0.6214 -0.2360
vn -0.0158 0.9873 -0.1580
vn -0.0000 0.9888 -0.1491
vn 0.0158 0.9873 -0.1580
vn -0.9830 0.0943 -0.1573
vn -0.9859 0.0237 -0.1656
vn -0.9863 0.0473 -0.1578
vn 0.6294 -0.2124 0.7475
vn 0.6225 -0.2285 0.7485
vn 0.6294 -0.2124 0.7474
vn 0.1025 0.9857 -0.1341
vn -0.6213 -0.2359 0.7472
vn -0.6213 -0.2360 0.7472
vn -0.0315 0.9844 -0.1732
vn 0.0315 0.9844 -0.1733
vn 0.2361 0.9445 -0.2283
vn 0.2754 0.1337 0.9520
vn 0.0869 0.9871 -0.1342
vn -0.2763 0.9314 -0.2368
vn 0.2763 0.9314 -0.2368
vn -0.0869 0.9871 -0.1342
vn -0.1260 0.9840 -0.1259
vn -0.0786 -0.2436 0.9667
vn 0.1338 0.9839 -0.1181
vn -0.3061 0.9183 -0.2512
vn -0.0471 0.9824 -0.1808
vn -0.0315 0.9844 -0.1733
vn -0.0632 0.9798 -0.1896
vn 0.0315 0.9844 -0.1732
vn 0.0472 0.9824 -0.1808
vn 0.0632 0.9798 -0.1896
vn -0.2681 0.1341 0.9540
vn -0.6533 0.6848 -0.3227
vn -0.3703 0.9060 -0.2048
vn -0.7472 0.6213 -0.2360
vn -0.3703 0.9060 -0.2049
vn -0.9602 -0.1023 0.2597
vn -0.9378 -0.2207 0.2679
vn -0.9133 -0.3070 0.2677
vn -0.8660 -0.4173 0.2755
vn 0.9289 0.0157 -0.3700
vn -0.0788 0.9772 -0.1971
vn -0.0632 0.9798 -0.1897
vn -0.0788 0.9772 -0.1970
vn -0.0943 0.9744 -0.2043
vn 0.9039 0.1493 0.4008
vn 0.9722 0.0474 0.2292
vn 0.8084 0.4003 0.4317
vn 0.0632 0.9798 -0.1897
vn 0.0788 0.9772 -0.1970
vn 0.0788 0.9772 -0.1971
vn 0.0943 0.9744 -0.2043
vn 0.7427 -0.6321 -0.2213
vn -0.2763 0.9315 -0.2368
vn -0.2366 0.9700 0.0552
vn -0.2517 0.9675 0.0236
vn -0.3061 0.9183 -0.2511
vn -0.2281 0.2045 0.9519
vn -0.2364 0.3072 0.9218
vn 0.2282 0.2045 0.9519
vn 0.2364 0.3073 0.9218
vn -0.1263 0.9705 -0.2052
vn 0.2763 0.9315 -0.2368
vn 0.2366 0.9700 0.0552
vn 0.2517 0.9675 0.0236
vn 0.1263 0.9706 -0.2052
vn -0.7696 -0.6125 -0.1806
vn -0.7261 -0.6787 -0.1105
vn -0.8329 -0.4321 -0.3457
vn -0.1262 0.9706 -0.2052
vn -0.1417 0.9685 -0.2047
vn -0.1816 0.9634 -0.1974
vn 0.0236 -0.4875 0.8728
vn -0.1417 -0.5197 0.8425
vn -0.1100 -0.3378 0.9348
vn 0.6231 -0.5206 0.5837
vn 0.1262 0.9706 -0.2052
vn 0.1417 0.9685 -0.2047
vn 0.1816 0.9634 -0.1974
vn -0.5966 -0.0549 0.8007
vn 0.7695 -0.6125 -0.1806
vn 0.7270 -0.6790 -0.1027
vn 0.5357 -0.1260 0.8350
vn 0.5966 -0.0549 0.8007
vn -0.1974 0.9633 -0.1816
vn -0.2287 0.9619 -0.1498
vn 0.1974 0.9634 -0.1816
vn 0.2286 0.9619 -0.1498
vn -0.9849 -0.0000 -0.1733
vn -0.1974 0.9634 -0.1816
vn -0.2364 0.9613 -0.1418
vn -0.2603 0.9623 -0.0789
vn 0.2364 0.9613 -0.1418
vn -0.2286 0.9619 -0.1498
vn -0.3851 -0.5423 0.7467
vn 0.2603 0.9623 -0.0789
vn 0.3778 -0.5352 0.7555
vn 0.2287 0.9619 -0.1498
vn -0.4405 -0.4326 0.7866
vn 0.1023 -0.9910 -0.0865
vn 0.1959 -0.5566 -0.8074
vn -0.2998 0.8045 -0.5127
vn 0.4405 -0.4327 0.7866
vn -0.1736 0.3630 0.9155
vn -0.2364 0.3073 0.9218
vn 0.1182 -0.5121 0.8508
vn 0.2902 -0.6196 0.7293
vn 0.1182 -0.5120 0.8508
vn 0.0869 -0.7502 0.6554
vn 0.2902 -0.6195 0.7293
vn -0.8979 -0.1969 0.3938
vn -0.8827 -0.1813 0.4335
vn -0.6294 -0.2124 0.7474
vn -0.6011 0.0237 0.7988
vn -0.5357 -0.1260 0.8350
vn 0.9020 -0.1804 0.3922
vn 0.6295 -0.2124 0.7474
vn 0.8827 -0.1813 0.4335
vn -0.6297 -0.2598 0.7321
vn 0.6011 0.0237 0.7988
vn -0.3154 -0.9463 0.0710
vn 0.3083 -0.9486 0.0712
vn 0.3083 -0.9486 0.0711
vn -0.4090 0.6293 0.6608
vn -0.0943 0.7384 0.6677
vn 0.6305 -0.2608 0.7311
vn -0.6518 0.6440 0.4005
vn -0.8956 0.4243 0.1336
vn -0.5932 0.6723 0.4429
vn 0.0943 0.7384 0.6677
vn 0.3774 -0.4035 0.8335
vn -0.8680 0.1499 0.4735
vn -0.9614 0.0630 0.2679
vn -0.9193 -0.1729 0.3536
vn -0.9476 -0.2448 0.2053
vn -0.9614 0.0631 0.2679
vn -0.9955 -0.0948 0.0079
vn -0.9895 -0.1335 0.0550
vn -0.7463 0.1335 0.6520
vn -0.6298 -0.2598 0.7321
vn -0.7868 -0.2046 0.5823
vn -0.2838 -0.5990 0.7488
vn -0.4327 -0.4405 0.7866
vn -0.2837 -0.5990 0.7488
vn -0.2665 -0.8230 0.5016
vn 0.2443 -0.4649 0.8510
vn 0.0236 -0.3303 0.9436
vn 0.0550 -0.3299 0.9424
vn 0.1736 0.3630 0.9155
vn 0.1499 0.4734 0.8680
vn 0.7868 -0.2046 0.5823
vn -0.4819 -0.3950 0.7821
vn 0.4405 -0.4326 0.7866
vn 0.4819 -0.3950 0.7821
vn -0.1653 -0.4723 0.8658
vn -0.0706 -0.3295 0.9415
vn -0.0157 -0.3303 0.9437
vn -0.0315 -0.7414 0.6704
vn -0.8243 -0.4003 0.4004
vn -0.0787 -0.5347 0.8414
vn 0.1181 -0.5120 0.8508
vn 0.0869 -0.7502 0.6555
vn -0.6371 0.7629 0.1101
vn -0.8750 0.4809 0.0552
vn -0.8763 0.4816 -0.0079
vn -0.1499 0.4734 0.8680
vn -0.4405 -0.4327 0.7866
vn 0.8535 0.5137 0.0869
vn 0.8956 0.4243 0.1336
vn 0.7643 0.5752 0.2915
vn 0.0079 -0.0863 -0.9962
vn 0.1497 -0.0867 -0.9849
vn 0.1021 -0.2357 -0.9664
vn 0.0158 -0.1656 -0.9861
vn 0.1494 -0.2045 -0.9674
vn -0.0000 -0.2203 -0.9754
vn -0.0000 -0.5364 -0.8440
vn -0.0000 -0.2202 -0.9754
vn -0.1421 -0.0789 -0.9867
vn -0.1417 -0.2047 -0.9685
vn 0.0158 -0.1657 -0.9861
vn -0.3540 -0.1652 -0.9205
vn -0.1417 -0.1102 -0.9838
vn -0.1500 -0.0632 -0.9867
vn -0.3541 -0.1652 -0.9205
vn -0.3862 -0.0236 -0.9221
vn -0.1500 -0.0631 -0.9867
vn -0.3616 -0.0943 -0.9276
vn 0.0078 -0.0863 -0.9962
vn -0.0000 -0.0550 -0.9985
vn -0.1416 -0.1102 -0.9838
vn -0.7869 -0.2046 0.5823
vn -0.1729 0.0707 -0.9824
vn -0.0707 -0.0000 -0.9975
vn -0.0000 -0.0000 -1.0000
vn 0.0707 -0.0000 -0.9975
vn -0.5662 -0.2202 -0.7943
vn -0.5914 -0.1262 -0.7964
vn -0.4485 0.1495 -0.8812
vn 0.1495 -0.1023 -0.9835
vn 0.3616 -0.0943 -0.9276
vn 0.3541 -0.1652 -0.9205
vn 0.3699 -0.0236 -0.9288
vn 0.3540 -0.1652 -0.9205
vn 0.1500 -0.0631 -0.9867
vn 0.5599 -0.2287 -0.7964
vn 0.5662 -0.2202 -0.7943
vn 0.5835 0.0079 -0.8121
vn 0.4247 0.1730 -0.8887
vn 0.1500 -0.0632 -0.9867
vn 0.1729 0.0707 -0.9824
vn -0.7575 -0.2919 -0.5839
vn -0.7000 -0.1416 -0.7000
vn -0.9754 -0.0000 0.2202
vn -0.9754 -0.0000 0.2203
vn 0.8292 -0.3791 0.4107
vn -0.0787 -0.4801 -0.8737
vn -0.0315 -0.5119 -0.8585
vn 0.0158 -0.6788 -0.7341
vn 0.3396 -0.8608 -0.3791
vn 0.3312 -0.9227 -0.1972
vn 0.5354 -0.8109 -0.2362
vn 0.5352 -0.8109 -0.2366
vn 0.2130 -0.7653 -0.6074
vn -0.9112 0.3378 0.2357
vn -0.9372 0.3308 0.1103
vn -0.8946 0.3845 0.2276
vn 0.9754 -0.0000 0.2202
vn -0.3616 -0.0943 -0.9275
vn -0.3771 -0.2043 -0.9034
vn -0.5601 -0.1972 -0.8046
vn -0.3771 -0.2042 -0.9034
vn -0.2592 -0.4320 -0.8639
vn 0.3932 -0.2044 -0.8964
vn 0.3616 -0.0943 -0.9275
vn 0.2592 -0.4319 -0.8639
vn -0.2051 0.7415 0.6389
vn 0.0866 0.7718 0.6300
vn -0.7067 -0.1099 -0.6989
vn -0.5736 -0.1257 -0.8094
vn -0.0866 0.7717 0.6300
vn -0.8377 0.2845 0.4663
vn -0.7792 0.3620 0.5116
vn -0.6705 0.5206 0.5285
vn -0.7168 0.6774 -0.1654
vn -0.8764 0.4816 -0.0079
vn -0.8651 0.4876 -0.1180
vn -0.9734 0.1805 0.1413
vn -0.9628 0.2683 0.0316
vn -0.9595 0.2281 0.1652
vn 0.9112 0.3378 0.2356
vn 0.8946 0.3845 0.2276
vn 0.9372 0.3308 0.1103
vn -0.8403 -0.4241 -0.3377
vn -0.8185 -0.4328 -0.3778
vn -0.7994 -0.3056 -0.5173
vn -0.8808 -0.3539 -0.3146
vn -0.8956 0.4242 0.1336
vn -0.4338 -0.8755 0.2130
vn -0.8319 -0.0785 -0.5493
vn -0.7004 -0.1731 -0.6925
vn -0.7952 -0.2992 -0.5275
vn -0.8319 -0.0785 -0.5494
vn 0.6705 0.5207 0.5285
vn 0.7557 -0.2991 -0.5826
vn 0.7078 -0.1416 -0.6921
vn 0.7994 -0.3056 -0.5172
vn 0.7557 -0.2992 -0.5825
vn 0.8403 -0.4241 -0.3377
vn 0.7994 -0.3056 -0.5173
vn 0.8184 -0.4330 -0.3778
vn 0.8830 -0.3548 -0.3075
vn -0.6449 0.1180 0.7551
vn -0.6144 0.1969 0.7640
vn -0.5966 -0.0550 0.8007
vn -0.8956 0.4242 0.1335
vn 0.9734 0.1806 0.1413
vn 0.9595 0.2281 0.1652
vn 0.9628 0.2683 0.0316
vn -0.8748 -0.4492 -0.1813
vn -0.8755 -0.4338 -0.2129
vn -0.9112 0.3378 0.2356
vn -0.9372 0.3308 0.1102
vn 0.9112 0.3378 0.2357
vn 0.8956 0.4242 0.1336
vn 0.9460 -0.1025 -0.3074
vn 0.8098 -0.1808 -0.5582
vn 0.8332 -0.1415 -0.5345
vn 0.9039 0.1494 0.4009
vn 0.3932 -0.2045 -0.8964
vn 0.5727 -0.0785 -0.8160
vn 0.6054 -0.2280 -0.7626
vn 0.7092 -0.0709 -0.7014
vn 0.5728 -0.0785 -0.8160
vn 0.5689 -0.1185 -0.8138
vn 0.7022 -0.1578 -0.6943
vn 0.7093 -0.0709 -0.7014
vn 0.9734 0.1805 0.1413
vn 0.5966 -0.0550 0.8007
vn 0.6449 0.1180 0.7551
vn -0.8801 0.4715 0.0550
vn -0.8751 0.4809 0.0552
vn -0.9909 0.1337 -0.0157
vn 0.7643 0.5752 0.2916
vn 0.8956 0.4242 0.1335
vn -0.9848 -0.1733 -0.0079
vn -0.9475 -0.1105 -0.3001
vn -0.9382 -0.1734 -0.2996
vn -0.1338 -0.7163 -0.6848
vn -0.1423 -0.7194 -0.6799
vn -0.1968 -0.6611 -0.7240
vn 0.8748 -0.4492 -0.1813
vn 0.8755 -0.4338 -0.2130
vn -0.5737 -0.1257 -0.8094
vn 0.8730 0.4877 -0.0000
vn 0.8634 0.5023 0.0471
vn -0.9736 0.2042 -0.1021
vn -0.9686 0.2441 -0.0472
vn 0.9898 0.1414 -0.0157
vn -0.7575 -0.2920 -0.5839
vn -0.7994 -0.3057 -0.5173
vn -0.5914 -0.1261 -0.7964
vn 0.0158 -0.5834 -0.8120
vn -0.1337 -0.5819 -0.8022
vn 0.1261 -0.7093 -0.6935
vn -0.9438 0.2596 -0.2045
vn -0.9542 0.2839 -0.0946
vn 0.8133 0.5764 -0.0790
vn 0.8730 0.4876 -0.0000
vn 0.9874 -0.1580 -0.0079
vn 0.9369 -0.1811 -0.2992
vn 0.9590 -0.2830 0.0157
vn -0.8469 0.4235 -0.3215
vn -0.9157 0.3789 -0.1342
vn -0.9438 0.2595 -0.2045
vn 0.8523 0.5129 -0.1026
vn 0.9348 0.1100 -0.3378
vn 0.9217 0.3545 -0.1576
vn 0.9372 0.1654 -0.3072
vn 0.1490 -0.9808 0.1256
vn -0.2836 -0.6459 -0.7088
vn 0.5669 -0.5118 -0.6456
vn -0.8750 0.4651 -0.1340
vn 0.9479 0.3160 -0.0395
vn 0.9431 0.3301 -0.0393
vn -0.9475 -0.1105 -0.3000
vn -0.8278 -0.1892 -0.5282
vn -0.9588 -0.2829 0.0236
vn -0.9301 0.2995 -0.2128
vn 0.8727 0.4717 -0.1258
vn 0.8430 0.4570 -0.2837
vn 0.9125 0.3776 -0.1573
vn 0.9372 0.1654 -0.3071
vn -0.7003 -0.1731 -0.6925
vn -0.5603 -0.4262 -0.7103
vn 0.8430 0.4570 -0.2836
vn -0.8122 -0.5756 -0.0946
vn -0.8120 -0.5760 -0.0947
vn 0.8727 0.4718 -0.1258
vn -0.7067 -0.1100 -0.6989
vn 0.8122 -0.5756 -0.0946
vn 0.5180 -0.7141 0.4709
vn 0.3755 -0.4030 0.8347
vn 0.9369 -0.1811 -0.2991
vn 0.7643 -0.4018 -0.5043
vn 0.9460 -0.1025 -0.3075
vn 0.1411 -0.5254 -0.8391
vn 0.1337 -0.5820 -0.8022
vn 0.3312 -0.6308 -0.7017
vn -0.0000 -0.5835 0.8121
vn -0.9316 -0.2053 -0.3000
vn -0.2592 -0.4319 -0.8639
vn -0.2364 -0.6382 -0.7327
vn 0.7557 -0.2992 -0.5826
vn 0.8008 -0.3043 -0.5159
vn 0.8830 -0.3548 -0.3074
vn 0.7558 -0.2991 -0.5825
vn 0.2130 -0.7653 -0.6075
vn 0.1968 -0.6692 -0.7165
vn 0.4480 -0.7782 0.4402
vn 0.1181 -0.9682 0.2204
vn -0.1807 0.9586 0.2201
vn -0.9589 -0.2829 0.0236
vn -0.9549 -0.2289 -0.1894
vn 0.8755 -0.4338 -0.2129
vn 0.9078 -0.3947 -0.1421
vn 0.9034 -0.3771 -0.2042
vn 0.9384 -0.2839 -0.1971
vn 0.9278 -0.2123 -0.3066
vn 0.8332 -0.1407 -0.5348
vn 0.9278 -0.2123 -0.3067
vn 0.9549 -0.2289 -0.1894
vn -0.8451 -0.4423 -0.3001
vn -0.6915 -0.7151 -0.1022
vn -0.7364 -0.5543 -0.3880
vn -0.5773 0.5773 0.5774
vn -0.9590 -0.2830 -0.0157
vn -0.0707 -0.6524 -0.7546
vn 0.0394 -0.5506 -0.8338
vn -0.9588 -0.2830 0.0236
vn -0.8243 -0.4004 0.4004
vn -0.2600 0.7247 0.6381
vn 0.0866 0.7717 0.6300
vn 0.2600 0.7247 0.6381
vn 0.5774 0.5773 0.5774
vn 0.7792 0.3620 0.5116
vn 0.6705 0.5206 0.5285
vn -0.9188 -0.1743 0.3543
vn -0.3554 0.1421 -0.9239
vn -0.3862 -0.0237 -0.9221
vn 0.9590 -0.2830 -0.0157
vn 0.3554 0.1421 -0.9239
vn -0.3553 0.1421 -0.9239
vn -0.3630 0.1263 -0.9232
vn -0.0553 0.5056 0.8610
vn 0.0078 0.6371 0.7708
vn -0.6138 0.3148 0.7240
vn 0.0553 0.5056 0.8610
vn -0.0079 0.6371 0.7708
vn 0.3630 0.1263 -0.9232
vn 0.3553 0.1421 -0.9239
vn 0.9549 -0.2288 -0.1894
vn 0.6450 0.1180 0.7551
vn 0.6138 0.3148 0.7240
vn 0.0236 -0.3302 0.9436
vn 0.9303 -0.1735 0.3232
vn -0.8952 -0.4319 -0.1099
vn -0.0078 -0.6199 -0.7847
vn 0.1337 -0.5820 -0.8021
vn -0.8031 -0.4252 -0.4173
vn -0.7921 -0.4470 -0.4157
vn 0.8952 -0.4319 -0.1099
vn -0.9382 -0.1735 -0.2996
vn -0.7951 -0.2992 -0.5275
vn -0.8581 -0.4173 -0.2992
vn -0.6224 -0.5987 -0.5042
vn -0.7948 -0.5902 -0.1416
vn -0.5441 -0.7806 -0.3075
vn -0.9549 -0.2288 -0.1894
vn -0.9369 -0.2834 -0.2047
vn -0.9034 -0.3771 -0.2042
vn -0.8808 -0.3539 -0.3145
vn -0.9078 -0.3946 -0.1422
vn 0.1492 -0.4948 0.8561
vn -0.5774 0.5774 0.5773
vn -0.4101 0.6941 0.5916
vn -0.4102 0.6941 0.5916
vn 0.4102 0.6941 0.5916
vn 0.5773 0.5774 0.5773
vn 0.4101 0.6941 0.5916
vn -0.3953 0.2135 -0.8934
vn -0.7489 -0.5440 0.3784
vn -0.5199 -0.7168 0.4647
vn 0.3953 0.2135 -0.8934
vn -0.1808 -0.5582 -0.8098
vn -0.1260 -0.6774 -0.7247
vn -0.1337 -0.5820 -0.8022
vn -0.1653 -0.4722 0.8658
vn -0.2053 -0.4659 0.8607
vn -0.1883 -0.6905 0.6984
vn -0.9569 -0.2275 0.1804
vn 0.3140 -0.4710 0.8243
vn 0.7304 0.2278 -0.6440
vn 0.5773 0.5774 0.5774
vn -0.7280 0.2215 -0.6488
vn 0.1732 0.5354 0.8267
vn -0.0553 0.5055 0.8610
vn -0.1732 0.5354 0.8267
vn -0.5603 -0.4262 -0.7102
vn -0.0552 -0.9947 0.0869
vn -0.4487 -0.8502 0.2755
vn 0.9720 -0.1580 0.1739
vn -0.8166 -0.4790 0.3219
vn -0.7994 -0.3057 -0.5172
vn -0.7566 0.1734 -0.6305
vn 0.7566 0.1734 -0.6305
vn 0.7994 -0.3057 -0.5172
vn 0.8241 -0.5572 -0.1020
vn -0.7636 -0.6455 0.0157
vn 0.5669 -0.4330 -0.7008
vn 0.8091 -0.1794 -0.5596
vn -0.6833 0.1492 -0.7147
vn -0.7280 0.2216 -0.6488
vn -0.7147 0.2906 -0.6362
vn -0.9051 -0.3305 -0.2675
vn -0.0316 -0.7413 0.6704
vn -0.9672 -0.2438 -0.0708
vn -0.5603 -0.4261 -0.7103
vn -0.4985 0.4827 0.7201
vn -0.5440 0.3784 0.7490
vn -0.1968 -0.6611 -0.7241
vn -0.1967 -0.7709 -0.6058
vn -0.1967 -0.7710 -0.6058
vn -0.2836 -0.9057 -0.3150
vn -0.3318 -0.8374 -0.4345
vn -0.2835 -0.9057 -0.3150
vn 0.5423 0.3694 0.7546
vn 0.4877 0.4641 0.7394
vn -0.2835 -0.9057 -0.3151
vn -0.3393 -0.9391 0.0552
vn -0.2516 -0.9279 0.2752
vn 0.9672 -0.2438 -0.0708
vn 0.9673 -0.2438 -0.0707
vn 0.1970 -0.9140 -0.3546
vn 0.8104 -0.5665 0.1495
vn 0.8293 -0.3791 0.4107
vn 0.7304 0.2277 -0.6440
vn 0.6904 0.1569 -0.7062
vn 0.6905 0.1569 -0.7061
vn 0.7109 0.2922 -0.6398
vn -0.6924 0.2282 -0.6845
vn -0.5651 0.6828 -0.4630
vn -0.5439 0.3784 0.7489
vn -0.2906 -0.9348 -0.2043
vn -0.4247 -0.9045 -0.0393
vn -0.3393 -0.9390 0.0552
vn -0.9772 -0.2049 -0.0552
vn 0.2282 -0.6924 0.6845
vn 0.6924 0.2282 -0.6845
vn 0.5671 0.6853 -0.4569
vn 0.5424 0.3694 0.7546
vn -0.7451 0.4392 -0.5019
vn 0.9772 -0.2049 -0.0552
vn 0.7078 -0.1415 -0.6921
vn 0.7451 0.4392 -0.5019
vn 0.7643 -0.4019 -0.5043
vn 0.6076 -0.5997 -0.5208
vn 0.5669 -0.4331 -0.7008
vn -0.3002 0.6083 0.7347
vn -0.3853 0.4954 0.7785
vn -0.1971 -0.8358 -0.5125
vn 0.4010 0.4954 0.7706
vn 0.3062 0.6202 0.7222
vn 0.1731 -0.6765 -0.7158
vn 0.2130 -0.7652 -0.6075
vn 0.4085 -0.6049 -0.6835
vn 0.4481 -0.7781 0.4402
vn -0.0078 0.6371 0.7708
vn -0.0706 -0.8709 -0.4864
vn 0.0316 -0.7028 -0.7107
vn -0.2048 -0.5356 0.8192
vn -0.0236 -0.7069 -0.7069
vn 0.0868 -0.8679 -0.4892
vn 0.3311 -0.6308 -0.7017
vn 0.3609 -0.6355 -0.6826
vn 0.8641 -0.4164 -0.2828
vn 0.8641 -0.4163 -0.2828
vn -0.5603 -0.4261 -0.7102
vn 0.1732 0.5353 0.8267
vn 0.3062 0.6202 0.7223
vn -0.2665 -0.8230 0.5017
vn -0.0863 -0.7608 0.6432
vn -0.1340 -0.8986 0.4178
vn 0.2902 -0.6195 0.7294
vn 0.3629 -0.8679 0.3393
vn 0.5179 -0.7142 0.4708
vn -0.7280 0.2215 -0.6489
vn -0.7451 0.4392 -0.5020
vn 0.7451 0.4392 -0.5020
vn -0.9345 -0.2670 0.2356
vn 0.1968 -0.6693 -0.7165
vn 0.2039 -0.8863 0.4157
vn 0.2764 -0.9555 0.1027
vn -0.7948 -0.5902 -0.1417
vn -0.4173 -0.6062 -0.6771
vn -0.6223 -0.5987 -0.5042
vn -0.3236 -0.8050 -0.4972
vn -0.5198 -0.7168 0.4647
vn -0.8286 -0.3630 -0.4262
vn 0.0945 -0.7955 -0.5986
vn 0.7586 -0.6005 -0.2528
vn 0.6311 -0.7731 0.0631
vn 0.7586 -0.6005 -0.2529
vn -0.0631 -0.7174 0.6938
vn -0.1572 -0.8801 0.4479
vn -0.5440 0.3784 0.7489
vn -0.8933 0.2530 -0.3715
vn -0.9073 0.1657 -0.3866
vn -0.9242 0.1580 -0.3476
vn -0.6919 -0.4482 0.5661
vn -0.7320 -0.4408 0.5195
vn -0.7141 -0.4238 0.5572
vn -0.6786 -0.4656 0.5681
vn 0.3313 -0.9227 -0.1972
vn 0.7054 -0.4389 0.5565
vn 0.7021 -0.4496 0.5522
vn 0.7071 -0.4242 0.5657
vn 0.7091 -0.4491 0.5436
vn 0.7054 -0.4390 0.5565
vn 0.7071 -0.4243 0.5657
vn 0.2287 -0.6309 -0.7413
vn -0.3939 -0.8903 0.2285
vn 0.9073 0.1657 -0.3866
vn 0.8915 0.2604 -0.3708
vn 0.9243 0.1580 -0.3476
vn -0.6786 -0.4655 0.5681
vn -0.7330 -0.4965 0.4650
vn -0.2907 -0.9348 -0.2042
vn -0.9035 0.3221 -0.2828
vn -0.9553 0.1658 -0.2447
vn 0.3140 -0.4711 0.8243
vn -0.6314 -0.7735 0.0552
vn -0.8452 -0.4423 -0.3001
vn 0.3312 -0.6308 -0.7018
vn 0.4418 -0.7416 -0.5049
vn -0.2524 -0.9622 -0.1025
vn 0.1022 -0.9910 -0.0865
vn 0.1498 0.8357 -0.5283
vn 0.7079 -0.5034 0.4955
vn 0.7095 -0.5676 0.4178
vn 0.2764 -0.9555 0.1026
vn 0.5415 -0.8398 0.0393
vn -0.8290 0.4816 -0.2842
vn -0.8933 0.2530 -0.3716
vn -0.9243 0.1580 -0.3476
vn -0.9616 0.1734 -0.2128
vn -0.9394 0.2684 -0.2131
vn -0.9553 0.1658 -0.2448
vn 0.3301 -0.7938 -0.5109
vn 0.2287 -0.6309 -0.7414
vn 0.8997 0.3315 -0.2841
vn 0.8915 0.2603 -0.3708
vn 0.8290 0.4816 -0.2842
vn 0.8997 0.3314 -0.2841
vn 0.9242 0.1580 -0.3476
vn 0.5262 -0.7932 -0.3063
vn -0.2363 -0.6382 -0.7327
vn 0.1422 -0.9006 0.4108
vn 0.3629 -0.8679 0.3392
vn 0.9553 0.1658 -0.2448
vn 0.9394 0.2684 -0.2131
vn 0.9616 0.1734 -0.2128
vn -0.0789 -0.9787 0.1894
vn 0.9553 0.1658 -0.2447
vn 0.9394 0.2684 -0.2132
vn -0.0315 -0.7413 0.6704
vn -0.2906 -0.9348 -0.2042
vn 0.3301 -0.7938 -0.5108
vn -0.0554 -0.7911 -0.6092
vn 0.0158 -0.6789 -0.7341
vn 0.1729 -0.8961 -0.4087
vn 0.1806 -0.8717 0.4555
vn 0.3154 -0.9463 0.0710
vn 0.1028 -0.7986 -0.5930
vn -0.3709 -0.8443 -0.3867
vn -0.5519 -0.8042 0.2207
vn -0.8451 -0.4423 -0.3002
vn -0.7706 -0.6369 0.0235
vn -0.3156 -0.6942 0.6469
vn 0.3069 -0.6924 0.6530
vn 0.2919 -0.8677 0.4023
vn 0.3069 -0.6924 0.6531
vn 0.5179 -0.7142 0.4709
vn -0.2524 -0.9622 -0.1026
vn 0.3155 -0.9463 0.0710
vn 0.8241 -0.5572 -0.1021
vn 0.7132 -0.6270 0.3135
vn 0.6943 -0.6943 0.1894
vn -0.6314 -0.7735 0.0553
vn -0.4013 -0.8891 0.2203
vn 0.0631 -0.9233 -0.3788
vn -0.0554 -0.7911 -0.6091
vn -0.7508 -0.6165 0.2371
vn -0.5519 -0.8042 0.2208
vn 0.0315 -0.8810 0.4720
vn 0.6938 -0.7174 -0.0631
vn 0.7183 -0.6946 0.0395
vn 0.6064 -0.7639 -0.2205
vn -0.4957 -0.8656 0.0708
vn -0.2749 -0.9583 0.0785
vn -0.0473 -0.8754 -0.4811
vn 0.1338 -0.9758 -0.1731
vn -0.0235 -0.7069 -0.7069
vn 0.1498 0.8358 -0.5282
vn -0.0785 -0.9261 -0.3689
vn 0.2522 -0.9064 -0.3389
vn 0.4481 -0.7390 -0.5031
vn 0.5522 -0.7810 -0.2919
vn 0.6064 -0.7640 -0.2205
vn 0.5262 -0.7933 -0.3063
vn -0.4182 -0.8995 -0.1262
vn 0.4265 -0.9003 -0.0869
vn -0.2435 -0.9346 -0.2592
vn -0.2277 -0.9503 -0.2121
vn -0.0785 -0.9262 -0.3689
vn -0.0157 -0.9020 0.4314
vn -0.0392 -0.9813 0.1884
vn -0.2749 -0.9583 0.0786
vn 0.1182 -0.9850 0.1261
vn 0.2825 -0.9572 0.0628
vn 0.1026 -0.9867 0.1263
vn -0.0079 -0.9715 0.2370
vn -0.0000 -1.0000 -0.0079
vn -0.5446 -0.7813 -0.3050
vn -0.0553 -0.9947 0.0868
vn 0.2369 0.7579 0.6078
vn 0.3609 -0.8689 0.3387
vn 0.2210 -0.9551 -0.1973
vn 0.2519 -0.9066 -0.3387
vn 0.0867 -0.9849 -0.1497
vn -0.4182 -0.8995 -0.1263
vn -0.1027 -0.9876 -0.1185
vn -0.0079 -0.9715 0.2369
vn 0.5994 -0.7966 0.0789
vn 0.6938 -0.7174 -0.0630
vn 0.6943 -0.6943 0.1893
vn -0.0947 -0.9788 -0.1815
vn 0.0157 -0.9991 -0.0393
vn -0.0947 -0.9788 -0.1816
vn 0.0315 -0.8892 -0.4564
vn -0.2837 -0.9534 0.1024
vn -0.2278 -0.9503 -0.2121
vn 0.0157 -0.9991 -0.0394
vn -0.4797 -0.8493 -0.2202
vn -0.5214 -0.8532 -0.0158
vn -0.0395 -0.9795 -0.1975
vn -0.4635 -0.8091 0.3613
vn -0.4635 -0.8091 0.3614
vn -0.2989 -0.8730 0.3854
vn -0.2045 -0.9674 0.1494
vn -0.3709 -0.8444 -0.3867
vn -0.0393 -0.9813 0.1884
vn 0.0158 -0.9991 -0.0393
vn -0.2045 -0.9674 0.1495
vn 0.2439 -0.9678 0.0629
vn 0.2439 -0.9678 0.0630
vn 0.1729 -0.8961 -0.4088
vt 0.972087 0.888288
vt 0.971523 0.886050
vt 0.973615 0.886919
vt 0.971565 0.886672
vt 0.973603 0.886919
vt 0.971478 0.885578
vt 0.972101 0.888288
vt 0.974356 0.885588
vt 0.974450 0.888290
vt 0.972715 0.890806
vt 0.974391 0.885588
vt 0.971311 0.883895
vt 0.973536 0.890804
vt 0.974487 0.888290
vt 0.971276 0.883894
vt 0.984018 0.886922
vt 0.984660 0.883894
vt 0.984299 0.885585
vt 0.974516 0.883913
vt 0.980190 0.881265
vt 0.984659 0.883894
vt 0.984276 0.885585
vt 0.984000 0.886922
vt 0.864969 0.945835
vt 0.870525 0.940989
vt 0.869184 0.948224
vt 0.983567 0.888291
vt 0.982620 0.890799
vt 0.982690 0.890799
vt 0.983679 0.888291
vt 0.975152 0.883915
vt 0.973873 0.881257
vt 0.981782 0.881261
vt 0.972732 0.890806
vt 0.974464 0.894148
vt 0.809248 0.910252
vt 0.818635 0.916142
vt 0.807129 0.903686
vt 0.773771 0.881918
vt 0.762068 0.880227
vt 0.773517 0.884809
vt 0.781461 0.886487
vt 0.808665 0.902007
vt 0.820957 0.915161
vt 0.425863 0.980537
vt 0.412873 0.985942
vt 0.432081 0.982314
vt 0.770477 0.881123
vt 0.445527 0.976422
vt 0.150384 0.985942
vt 0.158143 0.985942
vt 0.133464 0.987167
vt 0.174319 0.982314
vt 0.809421 0.902757
vt 0.367411 0.985942
vt 0.356995 0.982314
vt 0.349195 0.982314
vt 0.334796 0.976422
vt 0.119364 0.985942
vt 0.109741 0.985942
vt 0.109464 0.982314
vt 0.406546 0.979126
vt 0.390628 0.986621
vt 0.753040 0.883816
vt 0.203660 0.968493
vt 0.190615 0.976422
vt 0.188250 0.976422
vt 0.379463 0.978615
vt 0.352666 0.976422
vt 0.327305 0.968492
vt 0.975705 0.890800
vt 0.973961 0.894151
vt 0.752128 0.879622
vt 0.083022 0.976422
vt 0.092619 0.982314
vt 0.076314 0.976422
vt 0.063268 0.968493
vt 0.454317 0.968492
vt 0.973088 0.881253
vt 0.434376 0.968492
vt 0.156452 0.982314
vt 0.174883 0.976422
vt 0.454157 0.956849
vt 0.371635 0.968492
vt 0.400740 0.968492
vt 0.460857 0.968492
vt 0.469191 0.956849
vt 0.976933 0.874965
vt 0.978958 0.874985
vt 0.978977 0.874986
vt 0.320420 0.968492
vt 0.312280 0.956849
vt 0.347432 0.968493
vt 0.327719 0.956849
vt 0.976650 0.890800
vt 0.976941 0.874981
vt 0.978979 0.874992
vt 0.978965 0.874996
vt 0.360268 0.956849
vt 0.421553 0.956849
vt 0.196503 0.968493
vt 0.390639 0.956849
vt 0.977132 0.894138
vt 0.738442 0.885893
vt 0.977587 0.894137
vt 0.976916 0.875024
vt 0.211861 0.956849
vt 0.823787 0.934427
vt 0.824517 0.936659
vt 0.070426 0.968492
vt 0.060637 0.956849
vt 0.331720 0.396164
vt 0.347514 0.398557
vt 0.353588 0.406213
vt 0.337563 0.403969
vt 0.356392 0.416669
vt 0.349045 0.400303
vt 0.354920 0.408673
vt 0.328901 0.394493
vt 0.341990 0.402411
vt 0.525588 0.751370
vt 0.511875 0.734762
vt 0.522754 0.751370
vt 0.528921 0.775180
vt 0.975303 0.897518
vt 0.973764 0.894151
vt 0.255690 0.751370
vt 0.258524 0.751370
vt 0.269403 0.734762
vt 0.252356 0.775180
vt 0.342765 0.403428
vt 0.355922 0.417699
vt 0.984588 0.885936
vt 0.531360 0.774097
vt 0.450650 0.941780
vt 0.439431 0.956849
vt 0.249918 0.774097
vt 0.341846 0.956849
vt 0.330134 0.941780
vt 0.350392 0.416967
vt 0.364505 0.433299
vt 0.598575 0.955898
vt 0.329216 0.394336
vt 0.422074 0.941780
vt 0.477169 0.941780
vt 0.113501 0.976422
vt 0.087135 0.968493
vt 0.359674 0.941780
vt 0.304295 0.941780
vt 0.390639 0.941780
vt 0.340370 0.414482
vt 0.356441 0.416865
vt 0.514266 0.751370
vt 0.523277 0.774576
vt 0.472417 0.956849
vt 0.483681 0.932076
vt 0.149969 0.777374
vt 0.149799 0.777374
vt 0.157480 0.777374
vt 0.362018 0.425478
vt 0.258001 0.774576
vt 0.267012 0.751370
vt 0.366074 0.442165
vt 0.364905 0.430039
vt 0.052467 0.956849
vt 0.047122 0.941779
vt 0.338190 0.418638
vt 0.975903 0.878059
vt 0.979671 0.878071
vt 0.822268 0.951526
vt 0.361809 0.437355
vt 0.369198 0.459258
vt 0.363494 0.464328
vt 0.308861 0.956849
vt 0.297599 0.932081
vt 0.299000 0.923490
vt 0.338543 0.412615
vt 0.346601 0.426924
vt 0.193881 0.956849
vt 0.179911 0.968492
vt 0.843944 0.948180
vt 0.848146 0.940989
vt 0.848184 0.945835
vt 0.342811 0.427506
vt 0.361502 0.444744
vt 0.984406 0.881238
vt 0.982145 0.878059
vt 0.984235 0.891392
vt 0.365719 0.476130
vt 0.369282 0.462032
vt 0.881728 0.939370
vt 0.879712 0.946992
vt 0.479461 0.742264
vt 0.488727 0.759170
vt 0.488620 0.747662
vt 0.469269 0.932094
vt 0.215243 0.956849
vt 0.219810 0.941780
vt 0.224717 0.925428
vt 0.226506 0.932076
vt 0.292551 0.759170
vt 0.301817 0.742264
vt 0.292658 0.747662
vt 0.151772 0.968493
vt 0.153196 0.976422
vt 0.076523 0.956849
vt 0.314510 0.941780
vt 0.324437 0.405000
vt 0.107400 0.968492
vt 0.112933 0.956849
vt 0.363630 0.440628
vt 0.414911 0.923904
vt 0.366371 0.924211
vt 0.431740 0.922647
vt 0.724555 0.897046
vt 0.499359 0.759171
vt 0.491130 0.786911
vt 0.598575 0.977373
vt 0.349525 0.922628
vt 0.301026 0.403447
vt 0.984570 0.885850
vt 0.040424 0.932081
vt 0.281919 0.759171
vt 0.290148 0.786911
vt 0.468300 0.735686
vt 0.475772 0.759170
vt 0.337418 0.432735
vt 0.305506 0.759170
vt 0.312977 0.735686
vt 0.356247 0.442459
vt 0.267853 0.396438
vt 0.984545 0.881237
vt 0.982730 0.878053
vt 0.310035 0.922367
vt 0.371984 0.466214
vt 0.975362 0.897518
vt 0.344277 0.442337
vt 0.264821 0.395371
vt 0.482809 0.924365
vt 0.229620 0.395305
vt 0.209341 0.394580
vt 0.229452 0.397438
vt 0.267015 0.396388
vt 0.474462 0.777826
vt 0.358576 0.451621
vt 0.229621 0.395300
vt 0.229451 0.397449
vt 0.209339 0.394582
vt 0.451665 0.925428
vt 0.329021 0.925428
vt 0.505456 0.788485
vt 0.372155 0.468015
vt 0.345034 0.444076
vt 0.949812 0.024398
vt 0.971723 0.022076
vt 0.939045 0.018383
vt 0.275812 0.788599
vt 0.302968 0.413666
vt 0.460993 0.750011
vt 0.454345 0.772553
vt 0.471749 0.766632
vt 0.432828 0.732781
vt 0.309529 0.766632
vt 0.326933 0.772553
vt 0.320285 0.750011
vt 0.348266 0.733055
vt 0.980796 0.897514
vt 0.981717 0.894138
vt 0.486564 0.024398
vt 0.501169 0.018274
vt 0.514918 0.017911
vt 0.226856 0.908085
vt 0.206789 0.407377
vt 0.228285 0.411569
vt 0.293299 0.397280
vt 0.370642 0.488555
vt 0.228284 0.411585
vt 0.206788 0.407382
vt 0.472939 0.898735
vt 0.971190 0.883895
vt 0.980802 0.897514
vt 0.982122 0.894138
vt 0.119584 0.793249
vt 0.120799 0.793249
vt 0.120388 0.791659
vt 0.983220 0.890800
vt 0.116656 0.793249
vt 0.118197 0.793249
vt 0.117736 0.791659
vt 0.372859 0.502599
vt 0.811312 0.024398
vt 0.873441 0.018366
vt 0.790834 0.021238
vt 0.111048 0.791659
vt 0.110587 0.793249
vt 0.112128 0.793249
vt 0.108396 0.791659
vt 0.107985 0.793249
vt 0.109200 0.793249
vt 0.269061 0.409916
vt 0.042214 0.925428
vt 0.448189 0.741359
vt 0.875218 0.024398
vt 0.904436 0.015212
vt 0.971298 0.881236
vt 0.973031 0.878010
vt 0.333089 0.741359
vt 0.496023 0.325032
vt 0.496786 0.332095
vt 0.493742 0.331210
vt 0.495123 0.337688
vt 0.349928 0.460677
vt 0.362988 0.467046
vt 0.370066 0.479054
vt 0.303903 0.419401
vt 0.209733 0.405244
vt 0.050515 0.404434
vt 0.041608 0.405603
vt 0.641298 0.015064
vt 0.707864 0.022076
vt 0.698332 0.021342
vt 0.028489 0.031044
vt 0.017219 0.030989
vt 0.017007 0.032229
vt 0.028808 0.032362
vt 0.208258 0.412264
vt 0.761259 0.021651
vt 0.830388 0.015250
vt 0.210323 0.408242
vt 0.209018 0.408636
vt 0.050443 0.404400
vt 0.028490 0.031045
vt 0.017005 0.032243
vt 0.017219 0.030991
vt 0.028809 0.032372
vt 0.228837 0.404623
vt 0.209958 0.399503
vt 0.228836 0.404640
vt 0.209958 0.399514
vt 0.973014 0.878033
vt 0.971320 0.881237
vt 0.750376 0.024398
vt 0.740024 0.041087
vt 0.562959 0.014880
vt 0.974528 0.040989
vt 0.496479 0.333119
vt 0.494128 0.330451
vt 0.495593 0.338765
vt 0.500345 0.323380
vt 0.723234 0.041088
vt 0.210324 0.408333
vt 0.504334 0.816317
vt 0.513957 0.774097
vt 0.679771 0.022832
vt 0.614633 0.015895
vt 0.123279 0.791659
vt 0.121797 0.793249
vt 0.122798 0.793249
vt 0.122260 0.791084
vt 0.609478 0.020504
vt 0.211605 0.933991
vt 0.499699 0.024398
vt 0.534347 0.020573
vt 0.813199 0.968902
vt 0.106524 0.791084
vt 0.106987 0.793249
vt 0.038662 0.408667
vt 0.206020 0.429128
vt 0.567053 0.024398
vt 0.369525 0.476046
vt 0.367012 0.488786
vt 0.105505 0.791659
vt 0.105986 0.793249
vt 0.307293 0.784820
vt 0.327623 0.789699
vt 0.318776 0.816157
vt 0.986690 0.046220
vt 0.989433 0.041143
vt 0.498914 0.341703
vt 0.525055 0.789700
vt 0.230366 0.896704
vt 0.231562 0.899812
vt 0.840712 0.939397
vt 0.748119 0.046273
vt 0.296221 0.892820
vt 0.305258 0.874279
vt 0.291564 0.865823
vt 0.276944 0.816317
vt 0.267320 0.774097
vt 0.017299 0.031614
vt 0.017299 0.031608
vt 0.256223 0.789700
vt 0.028055 0.032298
vt 0.028054 0.032305
vt 0.490438 0.872318
vt 0.479395 0.864603
vt 0.481625 0.895953
vt 0.493390 0.865683
vt 0.501645 0.841939
vt 0.034888 0.896704
vt 0.036563 0.896704
vt 0.040074 0.908085
vt 0.335008 0.441753
vt 0.343209 0.465734
vt 0.651953 0.024398
vt 0.496477 0.336141
vt 0.364939 0.499763
vt 0.012757 0.690629
vt 0.012757 0.692703
vt 0.760158 0.883230
vt 0.693116 0.789564
vt 0.693480 0.788871
vt 0.693265 0.789564
vt 0.287888 0.865683
vt 0.279633 0.841939
vt 0.271940 0.816159
vt 0.476565 0.046214
vt 0.766959 0.040934
vt 0.028652 0.424017
vt 0.321378 0.425195
vt 0.715137 0.046284
vt 0.498694 0.343819
vt 0.502650 0.315957
vt 0.473651 0.789698
vt 0.487493 0.816158
vt 0.685423 0.788871
vt 0.685787 0.789564
vt 0.685638 0.789564
vt 0.495636 0.325827
vt 0.497153 0.330007
vt 0.431971 0.766579
vt 0.431808 0.788401
vt 0.501276 0.338127
vt 0.503453 0.329546
vt 0.114392 0.791347
vt 0.810242 0.977395
vt 0.367270 0.505943
vt 0.473825 0.041142
vt 0.509338 0.816159
vt 0.507747 0.320695
vt 0.372829 0.506409
vt 0.231427 0.833272
vt 0.234925 0.816788
vt 0.232041 0.839061
vt 0.355251 0.481993
vt 0.057021 0.413008
vt 0.710636 0.915588
vt 0.712182 0.916479
vt 0.462502 0.816157
vt 0.465450 0.864177
vt 0.461477 0.901500
vt 0.160371 0.952067
vt 0.293785 0.816158
vt 0.501936 0.320428
vt 0.503177 0.333306
vt 0.510230 0.336069
vt 0.510959 0.326325
vt 0.505884 0.345809
vt 0.502528 0.349498
vt 0.057064 0.413113
vt 0.487910 0.903508
vt 0.500519 0.320412
vt 0.319785 0.900852
vt 0.315828 0.864176
vt 0.330755 0.865207
vt 0.333556 0.903147
vt 0.065999 0.934527
vt 0.336662 0.473159
vt 0.334443 0.455371
vt 0.911637 0.042574
vt 0.360837 0.513875
vt 0.547590 0.328490
vt 0.547351 0.317036
vt 0.548835 0.311223
vt 0.546571 0.341952
vt 0.546076 0.334513
vt 0.545031 0.348149
vt 0.544157 0.359095
vt 0.545696 0.353018
vt 0.545425 0.356388
vt 0.543589 0.366197
vt 0.371230 0.515633
vt 0.291232 0.408412
vt 0.293341 0.903232
vt 0.225403 0.896704
vt 0.548835 0.311222
vt 0.548547 0.300293
vt 0.549483 0.301827
vt 0.548984 0.293604
vt 0.543842 0.363005
vt 0.546254 0.345976
vt 0.547791 0.325751
vt 0.546075 0.334511
vt 0.546570 0.341953
vt 0.545696 0.353019
vt 0.544778 0.351189
vt 0.453655 0.789699
vt 0.444186 0.816496
vt 0.450523 0.865208
vt 0.500575 0.321120
vt 0.506464 0.310934
vt 0.349309 0.766573
vt 0.349428 0.788245
vt 0.337092 0.816496
vt 0.213301 0.885368
vt 0.239701 0.866694
vt 0.219521 0.884832
vt 0.123438 0.789214
vt 0.543842 0.363004
vt 0.041526 0.896704
vt 0.215637 0.905948
vt 0.447717 0.902762
vt 0.548692 0.298096
vt 0.549093 0.307516
vt 0.544778 0.351188
vt 0.119962 0.789148
vt 0.027227 0.866694
vt 0.053628 0.885368
vt 0.047408 0.884832
vt 0.544157 0.359096
vt 0.548045 0.307434
vt 0.036642 0.908085
vt 0.028916 0.035404
vt 0.016666 0.035510
vt 0.123643 0.791659
vt 0.306650 0.445690
vt 0.051308 0.906037
vt 0.346813 0.463553
vt 0.105346 0.789214
vt 0.547132 0.320221
vt 0.108823 0.789148
vt 0.545030 0.348149
vt 0.508268 0.313787
vt 0.433719 0.865683
vt 0.028916 0.035413
vt 0.016666 0.035514
vt 0.839832 0.042567
vt 0.369315 0.522096
vt 0.105141 0.791659
vt 0.347559 0.865683
vt 0.055214 0.933565
vt 0.360715 0.494875
vt 0.695937 0.042915
vt 0.971113 0.883895
vt 0.366199 0.504457
vt 0.363798 0.534659
vt 0.244460 0.847234
vt 0.257961 0.844131
vt 0.351260 0.490405
vt 0.008968 0.844131
vt 0.022536 0.847249
vt 0.364246 0.725140
vt 0.390639 0.790318
vt 0.374252 0.731167
vt 0.407026 0.731167
vt 0.390639 0.717300
vt 0.693318 0.788871
vt 0.693397 0.788143
vt 0.501946 0.349655
vt 0.502416 0.343156
vt 0.390639 0.924918
vt 0.390337 0.848835
vt 0.505477 0.351433
vt 0.508756 0.353437
vt 0.685585 0.788871
vt 0.685506 0.788143
vt 0.508208 0.310379
vt 0.505259 0.353871
vt 0.230669 0.814045
vt 0.225913 0.836279
vt 0.368599 0.530338
vt 0.510890 0.308272
vt 0.416374 0.848215
vt 0.390639 0.816159
vt 0.424052 0.816159
vt 0.417032 0.725140
vt 0.508017 0.355899
vt 0.347480 0.472646
vt 0.507512 0.352568
vt 0.511422 0.307190
vt 0.794996 0.042753
vt 0.114392 0.793249
vt 0.116800 0.788894
vt 0.977957 0.901292
vt 0.336408 0.498627
vt 0.976555 0.900190
vt 0.977954 0.901296
vt 0.357226 0.816159
vt 0.364857 0.847551
vt 0.017248 0.033816
vt 0.391064 0.841939
vt 0.118463 0.788932
vt 0.503447 0.329661
vt 0.509913 0.338680
vt 0.017248 0.033829
vt 0.209498 0.414355
vt 0.209496 0.414377
vt 0.035502 0.833272
vt 0.034186 0.813211
vt 0.038580 0.814090
vt 0.041016 0.836279
vt 0.025867 0.429556
vt 0.203203 0.455241
vt 0.343654 0.492257
vt 0.512118 0.310464
vt 0.507861 0.315036
vt 0.512554 0.306662
vt 0.227327 0.422705
vt 0.202851 0.439265
vt 0.226209 0.436605
vt 0.227325 0.422734
vt 0.365634 0.526715
vt 0.509977 0.320075
vt 0.693556 0.788140
vt 0.976459 0.900060
vt 0.508997 0.352013
vt 0.510535 0.312770
vt 0.366999 0.542242
vt 0.271060 0.434613
vt 0.685347 0.788140
vt 0.353388 0.515470
vt 0.112565 0.788771
vt 0.110321 0.788932
vt 0.263245 0.410716
vt 0.123149 0.793249
vt 0.123783 0.789129
vt 0.123128 0.786586
vt 0.692507 0.789564
vt 0.692729 0.788608
vt 0.507958 0.346630
vt 0.200818 0.935037
vt 0.362066 0.553859
vt 0.364273 0.549403
vt 0.686396 0.789564
vt 0.686174 0.788608
vt 0.027695 0.035019
vt 0.027693 0.035033
vt 0.510766 0.043297
vt 0.488849 0.041009
vt 0.222310 0.779389
vt 0.112030 0.786204
vt 0.334345 0.469758
vt 0.335513 0.499030
vt 0.122233 0.787596
vt 0.105635 0.793249
vt 0.105001 0.789129
vt 0.105945 0.785633
vt 0.511359 0.319610
vt 0.510657 0.328971
vt 0.106551 0.787596
vt 0.362742 0.540038
vt 0.209971 0.420433
vt 0.208813 0.439135
vt 0.060673 0.429354
vt 0.668627 0.042982
vt 0.980504 0.877665
vt 0.980733 0.878089
vt 0.209743 0.424362
vt 0.060654 0.429182
vt 0.121272 0.789166
vt 0.120484 0.786639
vt 0.121076 0.784918
vt 0.974576 0.878053
vt 0.976489 0.875510
vt 0.032004 0.816783
vt 0.043929 0.780959
vt 0.052216 0.777014
vt 0.034843 0.838820
vt 0.359570 0.558316
vt 0.357175 0.550685
vt 0.219521 0.827189
vt 0.221261 0.815175
vt 0.194317 0.894983
vt 0.068134 0.908086
vt 0.983726 0.888291
vt 0.217344 0.839061
vt 0.347213 0.517048
vt 0.350634 0.539557
vt 0.514196 0.314681
vt 0.047408 0.827189
vt 0.049585 0.839061
vt 0.978760 0.875202
vt 0.514421 0.311470
vt 0.509914 0.338681
vt 0.551368 0.042736
vt 0.017607 0.456225
vt 0.084677 0.933670
vt 0.107512 0.789166
vt 0.108301 0.786639
vt 0.107708 0.784918
vt 0.110139 0.785743
vt 0.926567 0.626224
vt 0.958252 0.608718
vt 0.912184 0.604746
vt 0.945901 0.629543
vt 0.028864 0.039774
vt 0.198714 0.908086
vt 0.512041 0.343828
vt 0.116754 0.786204
vt 0.623546 0.042612
vt 0.508737 0.346301
vt 0.946066 0.628690
vt 0.945987 0.629148
vt 0.319920 0.452151
vt 0.870601 0.931299
vt 0.873361 0.936144
vt 0.862171 0.936144
vt 0.560540 0.321396
vt 0.558611 0.347053
vt 0.573139 0.334797
vt 0.979458 0.875871
vt 0.348297 0.503647
vt 0.561985 0.300901
vt 0.575327 0.304610
vt 0.182663 0.933478
vt 0.016266 0.040304
vt 0.975167 0.878091
vt 0.511000 0.357090
vt 0.980738 0.878101
vt 0.574853 0.311338
vt 0.123151 0.785584
vt 0.356059 0.554733
vt 0.437149 0.183274
vt 0.453327 0.245086
vt 0.444620 0.246401
vt 0.514621 0.308618
vt 0.045668 0.815175
vt 0.511877 0.345937
vt 0.979400 0.900195
vt 0.575724 0.298881
vt 0.216761 0.549885
vt 0.217890 0.536219
vt 0.216314 0.539133
vt 0.217385 0.526829
vt -0.004950 0.245086
vt 0.011228 0.183274
vt 0.003757 0.246401
vt 0.223214 0.853487
vt 0.203717 0.866695
vt 0.216000 0.542247
vt 0.216518 0.552913
vt 0.437917 0.158568
vt 0.511423 0.351761
vt 0.308854 0.484179
vt 0.043714 0.853487
vt 0.063212 0.866695
vt 0.511039 0.356592
vt 0.218906 0.508942
vt 0.220272 0.507495
vt 0.891274 0.631796
vt 0.872943 0.614323
vt 0.218913 0.508860
vt 0.220274 0.507475
vt 0.010461 0.158568
vt 0.975167 0.878092
vt 0.573739 0.326727
vt 0.390875 0.852503
vt 0.859336 0.940989
vt 0.859412 0.931299
vt 0.862171 0.926454
vt 0.217802 0.537601
vt 0.216598 0.534404
vt 0.562265 0.296780
vt 0.576352 0.289654
vt 0.118646 0.785743
vt 0.975261 0.876154
vt 0.576244 0.291259
vt 0.709812 0.928737
vt 0.708726 0.928297
vt 0.093795 0.906806
vt 0.072611 0.894983
vt 0.084924 0.890375
vt 0.557511 0.360951
vt 0.570986 0.362559
vt 0.173214 0.906706
vt 0.289889 0.425707
vt 0.114392 0.786312
vt 0.115452 0.783297
vt 0.410454 0.267058
vt 0.407266 0.203208
vt 0.574318 0.318807
vt 0.272534 0.466195
vt 0.017085 0.037188
vt 0.220722 0.487339
vt 0.041111 0.203208
vt 0.037924 0.267058
vt 0.339784 0.520405
vt 0.341797 0.545120
vt 0.350858 0.539678
vt 0.220737 0.487164
vt 0.208141 0.436175
vt 0.223111 0.473339
vt 0.223397 0.470441
vt 0.017083 0.037208
vt 0.223115 0.473286
vt 0.208139 0.436209
vt 0.571964 0.350157
vt 0.354302 0.568116
vt 0.979670 0.897510
vt 0.978797 0.900192
vt 0.978672 0.900209
vt 0.218114 0.515659
vt 0.982188 0.894138
vt 0.289170 0.453402
vt 0.576033 0.294372
vt 0.561383 0.309591
vt 0.122611 0.784883
vt 0.973989 0.894149
vt 0.972962 0.890805
vt 0.117323 0.941779
vt 0.222714 0.463438
vt 0.107413 0.783247
vt 0.564247 0.904168
vt 0.552712 0.924165
vt 0.530388 0.904778
vt 0.555674 0.871638
vt 0.348404 0.564917
vt 0.222726 0.463286
vt 0.557226 0.364459
vt 0.570377 0.370115
vt 0.424657 0.141742
vt 0.850982 0.936144
vt 0.182006 0.890374
vt 0.574318 0.318806
vt 0.559566 0.334571
vt 0.220333 0.488706
vt 0.220512 0.505117
vt 0.691566 0.788554
vt 0.691426 0.789564
vt 0.225340 0.446550
vt 0.023720 0.141742
vt 0.214139 0.778240
vt 0.208077 0.760524
vt 0.687337 0.788554
vt 0.687477 0.789564
vt 0.557827 0.356999
vt 0.800103 0.983633
vt 0.225336 0.446593
vt 0.309421 0.513901
vt 0.307288 0.784741
vt 0.588496 0.862570
vt 0.579949 0.836236
vt 0.572253 0.346405
vt 0.587940 0.318190
vt 0.586672 0.335388
vt 0.585408 0.351932
vt 0.157299 0.925428
vt 0.061206 0.450310
vt 0.208020 0.449771
vt 0.206036 0.473330
vt 0.224591 0.440708
vt 0.573739 0.326726
vt 0.121371 0.783247
vt 0.224600 0.440598
vt 0.799384 0.982978
vt 0.850200 0.640190
vt 0.834544 0.624731
vt 0.106757 0.783226
vt 0.105633 0.785584
vt 0.158635 0.787928
vt 0.161647 0.791496
vt 0.161624 0.786786
vt 0.570627 0.367036
vt 0.570251 0.371671
vt 0.894756 0.939397
vt 0.890145 0.945835
vt 0.890145 0.936144
vt 0.222829 0.458731
vt 0.347066 0.538549
vt 0.558206 0.358504
vt 0.585244 0.375161
vt 0.570813 0.364717
vt 0.522351 0.309717
vt 0.027374 0.038717
vt 0.058851 0.760524
vt 0.122027 0.783226
vt 0.522741 0.304029
vt 0.521049 0.327953
vt 0.589025 0.302939
vt 0.027930 0.435731
vt 0.611768 0.823200
vt 0.603666 0.801697
vt 0.027373 0.038739
vt 0.572539 0.342707
vt 0.410403 0.101165
vt 0.355805 0.565941
vt 0.690442 0.789564
vt 0.688721 0.789564
vt 0.690040 0.788558
vt 0.037974 0.101165
vt 0.119159 0.783266
vt 0.589783 0.291953
vt 0.143390 0.787490
vt 0.150772 0.791815
vt 0.150703 0.788770
vt 0.150317 0.785594
vt 0.980405 0.894130
vt 0.980334 0.894146
vt 0.979700 0.897510
vt 0.059034 0.788930
vt 0.109137 0.925342
vt 0.338401 0.526805
vt 0.342731 0.549598
vt 0.109625 0.783266
vt 0.688415 0.788461
vt 0.225173 0.430912
vt 0.225171 0.430936
vt 0.205029 0.784289
vt 0.571439 0.356860
vt 0.226141 0.421716
vt 0.636084 0.785844
vt 0.628088 0.768529
vt 0.226146 0.421646
vt 0.976251 0.875003
vt 0.203311 0.760524
vt 0.194798 0.751572
vt 0.348272 0.733047
vt 0.519512 0.348178
vt 0.779959 0.173450
vt 0.770077 0.069082
vt 0.971870 0.069570
vt 0.389684 0.144169
vt 0.143390 0.793020
vt 0.017990 0.442789
vt 0.344969 0.207618
vt 0.344508 0.270102
vt 0.033803 0.447874
vt 0.227411 0.405275
vt 0.227148 0.409075
vt 0.590121 0.286963
vt 0.227410 0.405284
vt 0.227151 0.409040
vt 0.981057 0.890795
vt 0.103408 0.207618
vt 0.522092 0.313425
vt 0.980380 0.894130
vt 0.066310 0.144672
vt 0.065447 0.760524
vt 0.071900 0.751657
vt 0.226786 0.412127
vt 0.226779 0.412203
vt 0.660884 0.752134
vt 0.652702 0.738072
vt 0.393357 0.102470
vt 0.933141 0.042666
vt 0.952003 0.043002
vt 0.918262 0.172228
vt 0.590016 0.288525
vt 0.349534 0.765963
vt 0.809640 0.650078
vt 0.796956 0.636473
vt 0.055020 0.102470
vt 0.120629 0.781778
vt 0.888311 0.042575
vt 0.890892 0.166309
vt 0.584354 0.365317
vt 0.944012 0.166666
vt 0.103870 0.270102
vt 0.164780 0.211439
vt 0.166066 0.272643
vt 0.855050 0.166282
vt 0.864072 0.042036
vt 0.529736 0.042973
vt 0.538336 0.166249
vt 0.200443 0.485256
vt 0.522092 0.313424
vt 0.979263 0.900194
vt 0.033803 0.447875
vt 0.686647 0.722453
vt 0.677982 0.710803
vt 0.186697 0.749187
vt 0.819147 0.166256
vt 0.816508 0.042581
vt 0.112266 0.783290
vt 0.028645 0.044898
vt 0.703904 0.688038
vt 0.712495 0.697696
vt 0.730865 0.667945
vt 0.740520 0.678473
vt 0.776964 0.807192
vt 0.788643 0.851061
vt 0.802987 0.830671
vt 0.745578 0.854479
vt 0.776001 0.873666
vt 0.794956 0.787039
vt 0.760527 0.829585
vt 0.518683 0.358589
vt 0.819053 0.812310
vt 0.431743 0.765961
vt 0.348192 0.564554
vt 0.108155 0.781778
vt 0.732099 0.881966
vt 0.765063 0.898569
vt 0.720137 0.911882
vt 0.755881 0.925726
vt 0.590016 0.288526
vt 0.433009 0.733051
vt 0.697413 0.821044
vt 0.620866 0.933524
vt 0.611393 0.952918
vt 0.761953 0.650652
vt 0.772712 0.662571
vt 0.709702 0.943841
vt 0.748493 0.955093
vt 0.755604 0.745503
vt 0.735141 0.767925
vt 0.640289 0.894361
vt 0.589451 0.296797
vt 0.077924 0.749645
vt 0.715677 0.792974
vt 0.681533 0.822584
vt 0.660572 0.857027
vt 0.703264 0.791442
vt 0.262783 0.431469
vt 0.680303 0.852204
vt 0.700403 0.978296
vt 0.742709 0.987477
vt 0.583706 0.373367
vt 0.725916 0.763509
vt 0.207042 0.461797
vt 0.061195 0.450560
vt 0.262471 0.210288
vt 0.257895 0.273038
vt 0.090200 0.744878
vt 0.664371 0.886074
vt 0.749433 0.738441
vt 0.981042 0.890795
vt 0.649948 0.921606
vt 0.637608 0.959636
vt 0.577100 0.955898
vt 0.955419 0.166852
vt 0.375812 0.066415
vt 0.113488 0.903999
vt 0.127325 0.880795
vt 0.509192 0.173365
vt 0.491286 0.069570
vt 0.814584 0.768990
vt 0.856737 0.781588
vt 0.836092 0.752623
vt 0.583695 0.373494
vt 0.072565 0.066415
vt 0.982559 0.877716
vt 0.118849 0.781788
vt 0.802048 0.708657
vt 0.777759 0.725794
vt 0.109935 0.781788
vt 0.588514 0.310178
vt 0.790001 0.166454
vt 0.599182 0.042031
vt 0.608405 0.166276
vt 0.115938 0.781794
vt 0.112083 0.781792
vt 0.320136 0.482071
vt 0.774344 0.715665
vt 0.577100 0.977373
vt 0.176937 0.745622
vt 0.771074 0.171076
vt 0.741584 0.069570
vt 0.692050 0.171071
vt 0.721663 0.069570
vt 0.956330 0.173542
vt 0.971573 0.886162
vt 0.010683 0.692703
vt 0.156008 0.882121
vt 0.161353 0.858531
vt 0.878575 0.769200
vt 0.561697 0.312246
vt 0.978627 0.900209
vt 0.976947 0.900194
vt 0.815239 0.196159
vt 0.559386 0.343482
vt 0.841919 0.196061
vt 0.871432 0.196370
vt 0.562464 0.301242
vt 0.562600 0.299248
vt 0.518954 0.355220
vt 0.562954 0.294034
vt 0.560705 0.325987
vt 0.252782 0.150360
vt 0.518954 0.355221
vt 0.585408 0.351939
vt 0.829934 0.694713
vt 0.836866 0.795888
vt 0.875489 0.809337
vt 0.078877 0.760525
vt 0.588726 0.322420
vt 0.146796 0.149136
vt 0.859751 0.738009
vt 0.902551 0.758802
vt 0.885862 0.725234
vt 0.066580 0.065799
vt 0.861215 0.683508
vt 0.520848 0.330692
vt 0.351879 0.104530
vt 0.314121 0.123416
vt 0.519828 0.344154
vt 0.877538 0.928843
vt 0.683204 0.173410
vt 0.981707 0.881280
vt 0.981723 0.881954
vt 0.981895 0.883923
vt 0.519828 0.344153
vt 0.010295 0.464189
vt 0.106592 0.104897
vt 0.802030 0.695597
vt 0.586671 0.335399
vt 0.974222 0.881297
vt 0.974155 0.882394
vt 0.587731 0.335364
vt 0.848322 0.219583
vt 0.914543 0.714449
vt 0.016835 0.041250
vt 0.796007 0.912498
vt 0.789376 0.936408
vt 0.784920 0.962278
vt 0.152579 0.794638
vt 0.782878 0.990812
vt 0.815176 0.870477
vt 0.804643 0.890517
vt 0.206111 0.462026
vt 0.561472 0.315378
vt 0.560166 0.333245
vt 0.559104 0.347147
vt 0.109798 0.780689
vt 0.016833 0.041277
vt 0.381797 0.065799
vt 0.343240 0.039134
vt 0.514988 0.166747
vt 0.106766 0.067682
vt 0.827549 0.852371
vt 0.206107 0.462072
vt 0.672637 0.166643
vt 0.117950 0.780695
vt 0.341612 0.067682
vt 0.644263 0.166253
vt 0.646995 0.042743
vt 0.863404 0.858626
vt 0.857665 0.821714
vt 0.841714 0.836112
vt 0.895213 0.870443
vt 0.884183 0.880018
vt 0.923380 0.196241
vt 0.938402 0.194049
vt 0.925007 0.212508
vt 0.851407 0.872438
vt 0.841156 0.887910
vt 0.805601 0.967656
vt 0.574818 0.042609
vt 0.571362 0.166273
vt 0.928836 0.750446
vt 0.945809 0.705365
vt 0.894647 0.673803
vt 0.928372 0.663358
vt 0.538855 0.213012
vt 0.506794 0.173551
vt 0.980073 0.697353
vt 0.957701 0.744101
vt 0.989749 0.739644
vt 0.265631 0.069031
vt 0.196700 0.107280
vt 0.856576 0.945835
vt 0.848222 0.931299
vt 0.851739 0.925297
vt 0.012919 0.486054
vt 0.198321 0.512921
vt 0.655514 0.198225
vt 0.977155 0.900186
vt 0.977124 0.900209
vt 0.642890 0.311981
vt 0.678355 0.317292
vt 0.678991 0.308256
vt 0.156013 0.882222
vt 0.157656 0.925174
vt 0.111890 0.780701
vt 0.820036 0.965602
vt 0.820905 0.989357
vt 0.642148 0.322389
vt 0.685366 0.325782
vt 0.821970 0.943898
vt 0.826291 0.923692
vt 0.157998 0.783872
vt 0.888083 0.212371
vt 0.643642 0.301049
vt 0.643409 0.304485
vt 0.679372 0.302740
vt 0.557641 0.365541
vt 0.832744 0.905013
vt 0.015901 0.045459
vt 0.028297 0.049641
vt 0.976394 0.874915
vt 0.963136 0.645980
vt 0.558210 0.358490
vt 0.115295 0.780706
vt 0.199481 0.473441
vt 0.196652 0.507759
vt 0.010683 0.690629
vt 0.833649 0.678711
vt 0.974120 0.882451
vt 0.105137 0.039134
vt 0.895110 0.798967
vt 0.980926 0.890812
vt 0.330632 0.039471
vt 0.679217 0.304991
vt 0.679450 0.301592
vt 0.223131 0.781258
vt 0.150143 0.783047
vt 0.143393 0.781224
vt 0.117745 0.039471
vt 0.293039 0.900155
vt 0.166309 0.068895
vt 0.557582 0.366265
vt 0.545136 0.196269
vt 0.273167 0.498602
vt 0.692022 0.309678
vt 0.691405 0.318200
vt 0.643564 0.302210
vt 0.916593 0.790698
vt 0.147614 0.778427
vt 0.143390 0.777374
vt 0.677964 0.322713
vt 0.678701 0.312410
vt 0.691031 0.323312
vt 0.691740 0.313596
vt 0.809833 0.213714
vt 0.692242 0.306597
vt 0.677107 0.334331
vt 0.641283 0.334124
vt 0.676255 0.345507
vt 0.640422 0.345411
vt 0.675547 0.354547
vt 0.639704 0.354536
vt 0.675106 0.360068
vt 0.639257 0.360104
vt 0.692393 0.304472
vt 0.119179 0.780688
vt 0.116516 0.780020
vt 0.877074 0.846526
vt 0.892407 0.836314
vt 0.643552 0.302385
vt 0.679302 0.303744
vt 0.275806 0.788664
vt 0.853433 0.965400
vt 0.856070 0.983673
vt 0.170210 0.040076
vt 0.909295 0.828051
vt 0.940043 0.784656
vt 0.927725 0.821892
vt 0.866639 0.903590
vt 0.860356 0.917378
vt 0.855922 0.932357
vt 0.853529 0.948408
vt 0.635335 0.196096
vt 0.505461 0.788545
vt 0.692492 0.303391
vt 0.576847 0.196056
vt 0.690216 0.334268
vt 0.689419 0.344807
vt 0.146135 0.795608
vt 0.112646 0.780021
vt 0.874622 0.891101
vt 0.904698 0.901106
vt 0.624314 0.321303
vt 0.625293 0.307484
vt 0.679128 0.306281
vt 0.624132 0.298312
vt 0.289687 0.485345
vt 0.643156 0.308163
vt 0.624131 0.298312
vt 0.670026 0.204708
vt 0.657741 0.214162
vt 0.643182 0.307782
vt 0.699408 0.319618
vt 0.981264 0.888312
vt 0.896531 0.226097
vt 0.308754 0.540911
vt 0.274314 0.040090
vt 0.152439 0.022791
vt 0.965644 0.781017
vt 0.288690 0.022802
vt 0.981391 0.888293
vt 0.801743 0.213012
vt 0.692391 0.304472
vt 0.932903 0.639756
vt 0.946381 0.629536
vt 0.962760 0.891392
vt 0.868051 0.664415
vt 0.343469 0.563412
vt 0.111514 0.780019
vt 0.867637 0.230637
vt 0.698720 0.328861
vt 0.699961 0.312174
vt 0.947697 0.818030
vt 0.044827 0.778917
vt 0.885140 0.962241
vt 0.888135 0.974644
vt 0.884316 0.950446
vt 0.885328 0.939041
vt 0.117355 0.780019
vt 0.977118 0.900209
vt 0.607501 0.300315
vt 0.183727 0.745715
vt 0.907626 0.862534
vt 0.888013 0.928241
vt 0.993663 0.780068
vt 0.969228 0.816737
vt 0.921300 0.856411
vt 0.175088 0.022823
vt 0.892222 0.918220
vt 0.623353 0.334340
vt 0.840710 0.230637
vt 0.688765 0.353330
vt 0.678701 0.312406
vt 0.642542 0.316908
vt 0.687518 0.313943
vt 0.624741 0.296838
vt 0.700189 0.309101
vt 0.692019 0.309678
vt 0.936138 0.852240
vt 0.642542 0.316913
vt 0.114392 0.779786
vt 0.946259 0.629143
vt 0.977299 0.874532
vt 0.032435 0.473039
vt 0.057446 0.480662
vt 0.912723 0.894278
vt 0.952034 0.850221
vt 0.922418 0.927905
vt 0.897824 0.909130
vt 0.919298 0.932982
vt 0.253095 0.022846
vt 0.606667 0.312232
vt 0.605598 0.327010
vt 0.604442 0.342412
vt 0.675213 0.361228
vt 0.639163 0.361257
vt 0.921761 0.888756
vt 0.321441 0.506744
vt 0.992321 0.818383
vt 0.968854 0.850612
vt 0.621429 0.347347
vt 0.224189 0.017102
vt 0.702078 0.308028
vt 0.915247 0.950653
vt 0.915883 0.956871
vt 0.917775 0.963440
vt 0.915642 0.944493
vt 0.697360 0.347134
vt 0.930835 0.919668
vt 0.699641 0.333787
vt 0.697639 0.343397
vt 0.688362 0.358533
vt 0.917015 0.938554
vt 0.623785 0.298295
vt 0.902675 0.651819
vt 0.683463 0.360270
vt 0.858801 0.237443
vt 0.700329 0.307218
vt 0.625286 0.234193
vt 0.627572 0.225251
vt 0.986393 0.853729
vt 0.700329 0.307219
vt 0.835897 0.234007
vt 0.931696 0.884690
vt 0.702078 0.308029
vt 0.892177 0.234193
vt 0.926293 0.923434
vt 0.639440 0.357833
vt 0.566567 0.226127
vt 0.641764 0.327655
vt 0.684648 0.321364
vt 0.676672 0.340084
vt 0.686330 0.329600
vt 0.919357 0.219583
vt 0.621596 0.357014
vt 0.953652 0.881483
vt 0.639440 0.357828
vt 0.942385 0.882216
vt 0.027127 0.042939
vt 0.016528 0.045552
vt 0.323679 0.528652
vt 0.606661 0.196348
vt 0.594645 0.225164
vt 0.872513 0.238460
vt 0.676719 0.339467
vt 0.677707 0.326219
vt 0.641020 0.337595
vt 0.691403 0.318200
vt 0.058753 0.474125
vt 0.053550 0.497892
vt 0.675685 0.352798
vt 0.640037 0.350335
vt 0.935888 0.916595
vt 0.684786 0.356806
vt 0.941412 0.914397
vt 0.412331 0.402536
vt 0.440049 0.443397
vt 0.444601 0.398760
vt 0.698423 0.350162
vt 0.947285 0.913147
vt 0.965286 0.882652
vt 0.953364 0.912907
vt 0.015627 0.050139
vt 0.622100 0.304197
vt 0.640843 0.339935
vt 0.688374 0.359546
vt 0.306466 0.565918
vt 0.570594 0.234007
vt 0.418381 0.446301
vt 0.700757 0.314636
vt 0.699853 0.313628
vt 0.976996 0.885880
vt 0.959486 0.913728
vt 0.685362 0.349684
vt 0.965446 0.915637
vt 0.975466 0.894258
vt 0.688526 0.356411
vt 0.690629 0.328737
vt 0.637487 0.325028
vt 0.689809 0.339693
vt 0.699078 0.324057
vt 0.698002 0.338512
vt 0.702688 0.329221
vt 0.704204 0.315837
vt 0.790468 0.896567
vt 0.791113 0.894848
vt 0.790633 0.895970
vt 0.790646 0.896510
vt 0.791787 0.893492
vt 0.791115 0.895830
vt 0.792469 0.892285
vt 0.791754 0.894702
vt 0.792408 0.893401
vt 0.792958 0.891581
vt 0.793117 0.891577
vt 0.792910 0.892254
vt 0.008826 0.488461
vt 0.012715 0.513001
vt 0.602589 0.366011
vt 0.620995 0.314604
vt 0.946223 0.628886
vt 0.469191 0.441873
vt 0.484905 0.397954
vt 0.024387 0.496021
vt 0.014748 0.502271
vt 0.689067 0.349411
vt 0.593908 0.237443
vt 0.696682 0.356247
vt 0.599093 0.239742
vt 0.979292 0.874882
vt 0.689808 0.339693
vt 0.203767 0.496972
vt 0.979447 0.874846
vt 0.981631 0.886132
vt 0.981888 0.883923
vt 0.981726 0.886274
vt 0.699078 0.324053
vt 0.703754 0.315045
vt 0.696713 0.355819
vt 0.021902 0.847318
vt 0.981684 0.881292
vt 0.981843 0.883940
vt 0.981712 0.886251
vt 0.703916 0.325629
vt 0.696894 0.353393
vt 0.956060 0.959057
vt 0.969549 0.957130
vt 0.956060 0.957130
vt 0.969549 0.955203
vt 0.956060 0.955203
vt 0.969549 0.953276
vt 0.969549 0.959057
vt 0.956060 0.960984
vt 0.969549 0.960984
vt 0.956060 0.962911
vt 0.969549 0.962911
vt 0.956060 0.964838
vt 0.969549 0.964838
vt 0.956060 0.966765
vt 0.969549 0.966765
vt 0.619226 0.347331
vt 0.623598 0.331042
vt 0.498284 0.443190
vt 0.517106 0.400965
vt 0.619690 0.334418
vt 0.701536 0.344806
vt 0.245087 0.847324
vt 0.621057 0.363704
vt 0.619078 0.357623
vt 0.498309 0.443192
vt 0.702792 0.340785
vt 0.027129 0.042912
vt 0.016530 0.045520
vt 0.026985 0.047114
vt 0.016217 0.049368
vt 0.984448 0.881240
vt 0.733184 0.901680
vt 0.710587 0.929121
vt 0.619206 0.363769
vt 0.519892 0.445903
vt 0.203639 0.489134
vt 0.704448 0.315639
vt 0.956060 0.953276
vt 0.704790 0.313911
vt 0.197239 0.532761
vt 0.203634 0.489187
vt 0.707212 0.322417
vt 0.814634 0.949920
vt 0.981264 0.888310
vt 0.732013 0.899810
vt 0.977940 0.874468
vt 0.701498 0.351965
vt 0.702122 0.350398
vt 0.701499 0.351965
vt 0.706372 0.332805
vt 0.701536 0.344794
vt 0.708071 0.318571
vt 0.707939 0.318165
vt 0.126642 0.881236
vt 0.157261 0.778478
vt 0.152861 0.777374
vt 0.338413 0.573670
vt 0.979714 0.875019
vt 0.708921 0.332942
vt 0.158786 0.795608
vt 0.194800 0.539646
vt 0.705862 0.342320
vt 0.709812 0.325547
vt 0.702129 0.350392
vt 0.062536 0.783259
vt 0.156385 0.781117
vt 0.710406 0.329095
vt 0.708215 0.339749
vt 0.709459 0.336972
vt 0.016855 0.532206
vt 0.702789 0.340792
vt 0.488227 0.900284
vt 0.204877 0.485766
vt 0.202554 0.508432
vt 0.709339 0.326237
vt 0.707141 0.341821
vt 0.710347 0.332802
vt 0.708807 0.329057
vt 0.706621 0.329992
vt 0.814769 0.944044
vt 0.705953 0.341337
vt 0.974407 0.887380
vt 0.974063 0.883940
vt 0.816884 0.922279
vt 0.027892 0.053107
vt 0.327765 0.553242
vt 0.050011 0.509035
vt 0.975406 0.894136
vt 0.161624 0.795608
vt 0.974824 0.890803
vt 0.974415 0.886976
vt 0.291291 0.515736
vt 0.026966 0.050971
vt 0.026985 0.047141
vt 0.026966 0.050980
vt 0.016215 0.049383
vt 0.024223 0.540593
vt 0.661651 0.724960
vt 0.661127 0.726867
vt 0.661431 0.726022
vt 0.974173 0.885059
vt 0.974204 0.886279
vt 0.332781 0.569261
vt 0.327649 0.552719
vt 0.798555 0.982400
vt 0.044226 0.522292
vt 0.661141 0.726866
vt 0.661629 0.724960
vt 0.201330 0.519138
vt 0.201588 0.760524
vt 0.293835 0.542909
vt 0.052860 0.778128
vt 0.332875 0.569448
vt 0.063618 0.760524
vt 0.274882 0.534228
vt 0.271664 0.541686
vt 0.269392 0.543927
vt 0.272609 0.530775
vt 0.266892 0.529536
vt 0.270215 0.513167
vt 0.270220 0.513221
vt 0.201088 0.513707
vt 0.161581 0.781091
vt 0.201085 0.513732
vt 0.197302 0.541808
vt 0.117271 0.941779
vt 0.180944 0.892145
vt 0.198607 0.534348
vt 0.198755 0.537495
vt 0.196393 0.548799
vt 0.214729 0.777014
vt 0.200246 0.527776
vt 0.194939 0.552871
vt 0.198365 0.539841
vt 0.042034 0.526817
vt 0.085954 0.892092
vt 0.033242 0.538014
vt 0.799609 0.983143
vt 0.799397 0.983117
vt 0.800428 0.983840
vt 0.798581 0.982421
vt 0.709584 0.928626
vt 0.708497 0.928164
vt 0.709467 0.928656
vt 0.710553 0.929117
vt 0.764210 0.886696
vt 0.265141 0.508730
vt 0.268669 0.491686
vt 0.015492 0.053474
vt 0.015511 0.054973
vt 0.027506 0.054769
vt 0.268660 0.491535
vt 0.302904 0.576191
vt 0.263793 0.483405
vt 0.084279 0.933485
vt 0.276326 0.524744
vt 0.272839 0.525369
vt 0.182200 0.933674
vt 0.983246 0.888292
vt 0.228374 0.814148
vt 0.262980 0.456659
vt 0.973753 0.890802
vt 0.972075 0.886196
vt 0.160795 0.777374
vt 0.154993 0.777374
vt 0.151710 0.777374
vt 0.144219 0.777374
vt 0.147534 0.777374
vt 0.159504 0.952787
vt 0.199110 0.908086
vt 0.200919 0.934579
vt 0.972615 0.888289
vt 0.267650 0.467913
vt 0.978217 0.874467
vt 0.036246 0.814097
vt 0.194335 0.894954
vt 0.110085 0.956849
vt 0.072594 0.894954
vt 0.067891 0.908086
vt 0.053478 0.885119
vt 0.066113 0.935045
vt 0.073024 0.956849
vt 0.267655 0.468066
vt 0.232783 0.813318
vt 0.298086 0.567246
vt 0.015920 0.052500
vt 0.974638 0.888309
vt 0.055322 0.933984
vt 0.051309 0.906041
vt 0.972628 0.888289
vt 0.277102 0.505135
vt 0.889353 0.930049
vt 0.027151 0.054125
vt 0.115111 0.968492
vt 0.213448 0.885123
vt 0.231410 0.833366
vt 0.190431 0.956849
vt 0.974537 0.888292
vt 0.215606 0.906119
vt 0.211708 0.933591
vt 0.015666 0.054565
vt 0.982831 0.878054
vt 0.267219 0.444409
vt 0.267218 0.444287
vt 0.206276 0.956849
vt 0.277007 0.478395
vt 0.974976 0.890810
vt 0.777359 0.886249
vt 0.159459 0.968492
vt 0.179727 0.968492
vt 0.153370 0.976422
vt 0.040051 0.908085
vt 0.042196 0.925428
vt 0.226873 0.908085
vt 0.224728 0.925428
vt 0.035529 0.833419
vt 0.975572 0.894152
vt 0.976315 0.897525
vt 0.041029 0.836353
vt 0.086999 0.968493
vt 0.091988 0.976422
vt 0.660797 0.724954
vt 0.660651 0.726857
vt 0.267421 0.423413
vt 0.225901 0.836345
vt 0.660264 0.724961
vt 0.660653 0.726861
vt 0.047103 0.941780
vt 0.267419 0.423492
vt 0.416419 0.847572
vt 0.414905 0.924277
vt 0.390639 0.924965
vt 0.390639 0.948511
vt 0.364905 0.848234
vt 0.366369 0.923972
vt 0.337085 0.816473
vt 0.349475 0.788420
vt 0.327293 0.781299
vt 0.390639 0.790293
vt 0.444184 0.816502
vt 0.453987 0.781296
vt 0.431844 0.788268
vt 0.293753 0.816158
vt 0.290146 0.787005
vt 0.901334 0.931299
vt 0.219813 0.941780
vt 0.661231 0.718936
vt 0.660590 0.718949
vt 0.661713 0.719779
vt 0.971823 0.881245
vt 0.349540 0.922734
vt 0.334281 0.921288
vt 0.359201 0.941780
vt 0.431750 0.922714
vt 0.421611 0.941780
vt 0.317428 0.876388
vt 0.330750 0.865182
vt 0.257968 0.774504
vt 0.276925 0.816325
vt 0.308334 0.898633
vt 0.320975 0.922577
vt 0.311992 0.932031
vt 0.487532 0.816158
vt 0.491132 0.786993
vt 0.523320 0.774484
vt 0.504353 0.816331
vt 0.276030 0.449568
vt 0.252315 0.775082
vt 0.485068 0.892820
vt 0.471239 0.922410
vt 0.476025 0.874263
vt 0.447721 0.903099
vt 0.452250 0.925428
vt 0.461495 0.900776
vt 0.450524 0.865200
vt 0.465456 0.864152
vt 0.296207 0.892820
vt 0.298998 0.923613
vt 0.528963 0.775081
vt 0.482279 0.923525
vt 0.226513 0.932056
vt 0.871918 0.924108
vt 0.303761 0.864242
vt 0.297588 0.932047
vt 0.230693 0.905452
vt 0.330615 0.941780
vt 0.196495 0.968492
vt 0.483687 0.932056
vt 0.466768 0.941780
vt 0.291546 0.865804
vt 0.359723 0.956849
vt 0.777425 0.889389
vt 0.040414 0.932047
vt 0.489731 0.865812
vt 0.983794 0.886146
vt 0.983981 0.882242
vt 0.661789 0.719917
vt 0.661234 0.718940
vt 0.268264 0.408041
vt 0.274437 0.425095
vt 0.268268 0.407998
vt 0.274432 0.425047
vt 0.660167 0.724962
vt 0.304107 0.941779
vt 0.327152 0.956849
vt 0.310504 0.956849
vt 0.326946 0.968492
vt 0.055053 0.956849
vt 0.070387 0.968492
vt 0.660854 0.723912
vt 0.803329 0.904351
vt 0.810794 0.911617
vt 0.660401 0.726017
vt 0.756525 0.887476
vt 0.814305 0.921659
vt 0.451189 0.941780
vt 0.272528 0.408092
vt 0.272518 0.408034
vt 0.972838 0.886193
vt 0.214460 0.956849
vt 0.660788 0.723912
vt 0.453538 0.956849
vt 0.270167 0.400787
vt 0.270159 0.400783
vt 0.661139 0.720926
vt 0.660049 0.719914
vt 0.661127 0.720926
vt 0.476985 0.941780
vt 0.113700 0.976422
vt 0.110445 0.982314
vt 0.183909 0.976422
vt 0.051686 0.956849
vt 0.346903 0.968492
vt 0.468998 0.956849
vt 0.460860 0.968493
vt 0.660045 0.723913
vt 0.660868 0.723125
vt 0.421013 0.956849
vt 0.203659 0.968492
vt 0.258516 0.751370
vt 0.063270 0.968492
vt 0.807228 0.904960
vt 0.433852 0.968492
vt 0.522783 0.751370
vt 0.453993 0.968492
vt 0.157451 0.982314
vt 0.116556 0.985942
vt 0.897157 0.924064
vt 0.380555 0.968492
vt 0.662101 0.721127
vt 0.659980 0.723913
vt 0.660764 0.723125
vt 0.771915 0.886222
vt 0.409643 0.968492
vt 0.884550 0.921608
vt 0.880373 0.928843
vt 0.661826 0.723912
vt 0.661926 0.723125
vt 0.078664 0.976422
vt 0.401807 0.978610
vt 0.092603 0.982314
vt 0.659742 0.720921
vt 0.661183 0.721755
vt 0.374754 0.979129
vt 0.428613 0.976422
vt 0.335752 0.976422
vt 0.320421 0.968492
vt 0.446482 0.976422
vt 0.355437 0.980554
vt 0.662123 0.721752
vt 0.662089 0.720921
vt 0.659932 0.723125
vt 0.660289 0.722463
vt 0.153899 0.985942
vt 0.174310 0.982314
vt 0.660775 0.722468
vt 0.659803 0.722706
vt 0.424285 0.982314
vt 0.407894 0.985942
vt 0.390639 0.987167
vt 0.371700 0.985942
vt 0.108786 0.985942
vt 0.349197 0.982314
vt 0.432083 0.982314
vt 0.415166 0.985942
vt 0.660906 0.721756
vt 0.659731 0.722103
vt 0.659741 0.720921
vt 0.662043 0.722441
vt 0.659696 0.721752
vt 0.661927 0.723125
vt 0.661109 0.722484
vt 0.662044 0.722441
s 0
usemtl Handle1Mtl.004
f 1/1/1 2/2/2 3/3/3
f 4/4/4 5/5/5 6/6/6
f 7/4/7 8/7/8 9/5/5
f 10/8/9 11/3/3 12/2/10
f 13/9/11 14/10/12 15/1/1
f 16/3/3 13/9/11 15/1/1
f 17/5/5 18/11/13 19/6/6
f 19/6/6 18/11/13 20/12/14
f 21/13/15 22/14/16 23/7/8
f 22/14/16 24/5/5 23/7/8
f 25/15/17 26/8/9 27/2/10
f 28/14/16 29/16/18 30/5/19
f 29/16/18 31/11/13 30/5/19
f 32/17/20 31/11/13 33/18/21
f 31/11/13 34/16/18 33/18/21
f 35/19/22 36/8/9 37/15/17
f 38/20/23 39/21/24 40/19/22
f 40/19/25 39/21/24 41/22/26
f 42/22/26 43/8/9 40/19/25
f 43/8/9 42/22/26 44/23/27
f 44/23/28 45/9/11 46/3/3
f 44/23/28 46/3/3 47/8/9
f 48/24/29 49/25/30 50/26/31
f 51/9/11 52/23/27 53/27/32
f 51/9/11 53/27/32 54/28/33
f 55/14/16 56/29/34 57/30/35
f 58/16/36 55/14/16 57/30/37
f 59/11/13 60/31/38 61/12/39
f 62/32/40 61/12/39 60/31/38
f 63/31/38 64/11/13 65/17/41
f 66/33/42 63/31/43 65/17/20
f 67/7/8 68/34/44 69/13/15
f 68/34/44 70/35/45 69/13/15
f 71/36/46 72/37/47 73/38/48
f 74/39/49 75/40/50 76/41/51
f 77/42/52 78/39/49 79/41/51
f 80/37/47 81/43/53 82/38/54
f 83/43/55 84/37/47 85/44/56
f 86/38/48 87/42/52 88/41/51
f 89/43/57 90/42/52 91/38/48
f 92/45/58 93/46/59 94/47/60
f 95/48/61 96/40/50 97/39/49
f 98/43/53 99/39/49 100/42/52
f 101/49/62 102/45/58 103/47/63
f 104/50/64 105/51/59 106/52/65
f 107/53/63 105/51/66 104/50/64
f 108/44/67 109/54/68 110/43/69
f 111/55/70 112/56/71 113/57/72
f 113/57/73 112/56/71 114/58/74
f 115/59/75 116/52/65 117/60/70
f 118/61/76 115/59/77 117/60/70
f 119/45/78 120/62/79 121/46/59
f 122/46/80 123/62/81 124/63/65
f 125/41/51 126/40/50 127/64/82
f 128/65/83 129/66/62 130/67/84
f 130/67/84 129/66/85 131/53/60
f 132/68/86 133/55/87 134/63/65
f 135/55/70 136/68/86 137/56/71
f 138/63/65 139/62/79 140/68/86
f 141/56/71 142/68/88 143/69/89
f 144/56/71 145/69/89 146/58/74
f 146/58/74 145/69/89 147/70/90
f 148/71/91 149/72/92 150/10/12
f 151/9/11 148/71/91 150/10/12
f 152/48/93 153/73/94 154/40/50
f 155/43/53 156/54/68 157/39/49
f 158/74/95 159/75/72 160/76/74
f 161/77/96 158/74/97 160/76/74
f 162/78/98 163/45/78 164/49/85
f 165/79/99 166/19/22 167/15/100
f 168/52/65 169/59/75 170/50/64
f 171/61/76 170/50/64 169/59/75
f 172/80/101 173/62/79 174/45/78
f 175/61/76 176/60/70 177/75/102
f 178/74/97 175/61/76 177/75/73
f 179/40/50 180/73/94 181/64/103
f 182/53/60 183/81/104 184/82/105
f 183/81/104 182/53/60 185/50/64
f 186/83/106 187/80/101 188/78/98
f 189/45/78 188/78/98 187/80/101
f 190/84/107 191/69/89 192/68/86
f 193/85/108 194/68/86 195/62/81
f 196/78/98 197/49/85 198/86/83
f 199/87/109 196/78/98 198/86/83
f 200/88/110 201/89/111 202/90/112
f 203/58/74 204/70/90 205/91/96
f 205/91/96 204/70/90 206/92/113
f 207/70/90 208/69/89 209/93/114
f 210/94/115 207/70/90 209/93/116
f 211/35/45 212/95/117 213/13/15
f 213/13/15 212/95/117 214/14/16
f 215/96/118 216/97/119 217/98/120
f 218/69/89 219/84/121 220/93/114
f 221/99/122 220/93/116 219/84/107
f 222/100/123 223/85/108 224/80/101
f 224/80/101 223/85/108 225/62/79
f 226/101/124 227/67/84 228/82/125
f 228/82/125 227/67/84 229/53/60
f 230/68/86 231/85/108 232/84/107
f 233/102/126 232/84/107 231/85/108
f 234/28/33 235/103/127 236/71/91
f 237/9/11 234/28/128 236/71/129
f 238/54/68 239/48/93 240/39/49
f 241/73/94 242/104/130 243/64/103
f 244/105/131 245/29/34 246/95/117
f 246/95/117 245/29/132 247/14/16
f 248/96/133 249/98/120 250/106/134
f 251/107/135 252/65/83 253/101/124
f 253/101/124 252/65/83 254/67/84
f 255/108/136 256/44/56 257/37/47
f 255/108/136 258/109/137 259/44/67
f 260/110/138 261/74/97 262/77/96
f 262/77/96 263/111/139 260/110/140
f 264/112/141 265/113/142 266/114/143
f 267/88/110 268/106/144 269/89/111
f 270/115/145 271/116/146 272/117/147
f 273/118/148 274/117/149 275/116/150
f 276/119/151 277/117/147 278/120/152
f 279/120/153 280/117/149 281/118/154
f 282/121/155 283/122/156 284/123/157
f 284/123/158 285/124/159 282/121/155
f 286/125/160 287/35/161 288/126/162
f 287/35/161 289/34/44 288/126/162
f 290/127/163 291/128/164 292/129/165
f 293/130/166 291/128/167 290/127/163
f 294/131/168 295/113/169 296/119/170
f 297/131/171 298/132/172 299/113/173
f 300/16/174 301/133/175 302/18/176
f 303/134/177 304/121/155 305/124/159
f 306/135/178 307/136/179 308/83/106
f 308/83/106 307/136/180 309/80/101
f 310/130/181 311/127/163 312/137/182
f 313/94/115 314/93/114 315/138/183
f 316/139/184 313/94/115 315/138/183
f 317/120/185 318/118/148 319/140/186
f 320/141/187 321/118/154 322/116/146
f 323/142/188 324/142/188 325/142/188
f 325/142/188 326/142/188 323/142/188
f 327/143/189 328/115/145 329/117/147
f 330/136/180 331/144/190 332/100/123
f 330/136/180 332/100/191 333/80/101
f 334/83/106 335/87/192 336/145/193
f 335/87/109 334/83/106 337/78/98
f 338/143/189 339/117/147 340/119/151
f 341/146/194 342/61/195 343/74/95
f 344/147/196 341/146/194 343/74/95
f 345/142/197 346/142/197 347/142/197
f 346/142/197 345/142/197 348/142/197
f 349/148/198 350/138/183 351/99/122
f 350/138/183 352/93/116 351/99/122
f 353/92/199 354/70/90 355/94/115
f 355/94/115 356/149/200 353/92/201
f 357/84/107 358/102/126 359/99/122
f 360/150/202 359/99/122 358/102/126
f 361/113/203 362/112/204 363/119/170
f 364/102/126 365/85/108 366/100/191
f 366/100/123 367/150/202 364/102/126
f 368/151/205 369/114/143 370/152/206
f 371/114/143 372/151/205 373/112/141
f 374/153/207 375/154/208 376/123/158
f 376/123/209 377/122/210 374/153/207
f 378/87/109 379/86/83 380/155/211
f 381/145/193 378/87/109 380/155/211
f 382/155/211 383/156/212 381/145/213
f 384/157/214 385/158/214 386/159/214
f 387/141/187 388/160/215 389/118/154
f 390/128/164 391/161/216 392/162/217
f 390/128/218 392/162/219 393/129/165
f 394/163/220 395/164/221 396/132/172
f 396/132/172 395/164/222 397/114/223
f 396/132/172 398/114/223 399/113/224
f 400/111/139 401/77/96 402/165/225
f 403/166/226 400/111/139 402/165/225
f 404/167/227 405/120/185 406/140/186
f 407/168/228 408/20/229 409/79/230
f 409/79/99 408/20/23 410/19/22
f 411/140/186 412/118/148 413/160/231
f 414/32/232 415/31/43 416/33/42
f 417/169/233 414/32/234 416/33/42
f 418/170/235 419/109/236 420/108/237
f 421/164/221 422/171/238 423/114/223
f 422/171/238 424/172/239 425/173/240
f 426/114/223 427/171/238 428/152/241
f 429/91/96 430/92/201 431/174/225
f 431/174/225 430/92/199 432/149/242
f 433/175/243 432/149/242 434/176/244
f 432/149/200 433/175/243 435/174/225
f 436/177/245 437/178/246 438/131/171
f 439/179/247 440/101/124 441/180/248
f 441/180/248 440/101/249 442/82/125
f 443/142/250 444/142/250 445/142/250
f 445/142/250 446/142/250 443/142/250
f 447/178/246 448/132/172 449/131/171
f 450/181/251 451/182/252 452/183/29
f 453/184/253 454/185/254 455/116/146
f 456/186/255 457/21/24 458/20/256
f 459/187/257 456/186/255 460/20/256
f 461/188/258 462/188/258 463/188/258
f 462/188/258 461/188/258 464/188/258
f 465/185/254 466/141/187 467/116/146
f 468/189/259 469/190/260 465/185/254
f 470/142/261 471/142/261 472/142/261
f 471/142/261 470/142/261 473/142/261
f 474/25/262 475/191/263 476/192/31
f 477/193/264 478/194/265 479/195/266
f 480/196/267 481/135/178 482/83/106
f 483/197/211 484/107/268 485/198/269
f 484/107/268 483/197/270 486/65/83
f 487/199/271 488/200/212 485/198/269
f 489/188/272 490/188/272 491/188/272
f 490/188/272 489/188/272 492/188/272
f 493/188/273 494/188/273 495/188/273
f 495/188/273 496/188/273 493/188/273
f 497/201/274 498/202/275 499/203/276
f 500/171/238 501/164/222 502/172/277
f 503/204/278 504/82/105 505/205/279
f 505/205/280 504/82/125 506/81/104
f 507/147/196 508/74/95 509/110/138
f 509/110/281 510/206/282 507/147/196
f 511/185/254 512/190/260 513/141/187
f 514/188/283 515/188/283 516/188/283
f 515/188/283 514/188/283 517/188/283
f 518/115/145 519/184/253 520/116/150
f 521/36/284 522/38/54 523/41/285
f 524/149/200 525/94/115 526/207/286
f 526/207/287 527/176/244 524/149/242
f 528/208/288 529/177/289 530/131/290
f 531/171/291 532/151/205 533/152/206
f 534/204/278 535/146/292 536/209/293
f 537/210/294 534/204/295 536/209/293
f 534/204/295 538/205/280 539/146/194
f 539/146/194 538/205/280 540/81/104
f 539/146/194 541/81/104 542/61/76
f 541/81/104 543/50/64 542/61/195
f 544/160/231 545/211/296 546/140/186
f 547/131/297 548/119/170 549/208/288
f 550/150/298 551/100/123 552/144/190
f 553/212/299 550/150/202 552/144/190
f 554/150/300 555/213/301 556/148/198
f 557/99/122 554/150/202 556/148/198
f 558/144/302 559/136/303 560/135/178
f 560/135/304 561/214/305 558/144/190
f 562/208/306 563/120/152 564/167/307
f 565/104/308 566/215/309 567/64/310
f 568/194/265 569/216/311 570/195/266
f 568/194/312 571/217/313 569/216/314
f 572/142/315 573/218/315 574/218/315
f 575/138/183 576/148/198 577/139/316
f 578/219/317 577/139/184 576/148/198
f 579/112/204 580/151/205 581/220/318
f 582/221/319 583/23/320 584/22/321
f 585/218/315 586/142/315 587/142/315
f 588/166/226 589/165/225 590/222/243
f 591/203/276 592/223/322 593/201/274
f 594/224/323 593/201/274 592/223/324
f 595/225/325 596/226/326 597/193/264
f 598/178/246 599/177/245 600/227/327
f 601/218/328 602/142/328 603/218/328
f 604/218/329 605/142/329 606/142/329
f 607/119/151 608/120/152 609/208/306
f 610/228/330 611/229/331 612/202/275
f 613/230/332 614/132/172 615/178/246
f 616/143/189 617/231/333 618/115/145
f 619/17/41 620/232/334 621/33/42
f 621/33/42 620/232/335 622/233/336
f 623/207/287 624/94/115 625/139/184
f 625/139/184 626/234/337 623/207/286
f 627/141/187 628/235/338 629/160/231
f 630/103/127 631/236/339 632/72/340
f 633/71/91 630/103/127 632/72/92
f 634/167/227 635/140/186 636/237/341
f 637/119/170 638/112/141 639/238/342
f 640/239/343 641/145/213 642/156/344
f 643/119/151 644/238/345 645/143/189
f 646/240/346 647/241/347 648/242/348
f 649/112/141 650/220/349 651/243/350
f 652/226/326 653/194/312 654/193/264
f 655/244/351 653/194/312 652/226/326
f 656/140/186 657/211/296 658/245/352
f 659/112/141 660/243/350 661/238/342
f 662/246/353 663/247/354 664/248/355
f 665/214/305 666/135/178 667/249/356
f 668/139/316 669/219/317 670/250/357
f 671/251/358 672/216/311 673/217/313
f 674/163/220 675/252/359 676/164/222
f 677/253/360 678/151/205 679/171/291
f 680/238/345 681/231/333 682/143/189
f 683/254/361 684/255/362 685/256/363
f 686/239/343 687/196/364 688/145/193
f 689/224/323 690/223/322 691/257/365
f 692/196/364 693/249/356 694/135/178
f 695/258/366 696/184/253 697/115/145
f 698/125/160 699/105/131 700/35/45
f 700/35/45 699/105/131 701/95/117
f 702/160/215 703/235/338 704/211/296
f 705/140/186 706/245/352 707/237/367
f 708/259/368 709/260/369 710/261/370
f 711/262/371 712/260/372 713/259/373
f 714/115/145 715/231/333 716/258/366
f 717/263/374 718/264/375 719/265/376
f 720/264/375 721/266/377 722/265/378
f 723/267/379 724/103/127 725/268/380
f 726/28/33 725/268/381 724/103/382
f 727/269/383 728/270/384 729/271/385
f 730/200/212 731/197/211 732/198/386
f 733/272/387 730/200/212 734/199/271
f 735/242/348 736/273/388 737/274/389
f 738/119/170 739/238/342 740/275/390
f 741/275/391 742/238/345 743/119/151
f 744/164/392 745/252/359 746/172/239
f 745/252/359 747/276/393 746/172/239
f 748/172/239 747/276/394 749/173/240
f 750/119/170 751/275/390 752/208/288
f 753/275/395 754/119/151 755/208/306
f 756/247/354 757/277/396 758/278/397
f 759/239/343 760/279/398 761/196/364
f 761/196/399 762/83/106 763/145/213
f 764/280/400 765/4/401 766/6/401
f 767/105/131 768/281/402 769/282/403
f 770/29/34 767/105/131 769/282/403
f 771/283/404 772/284/405 773/285/406
f 774/171/291 775/173/407 776/253/360
f 777/268/381 778/28/128 779/286/408
f 780/27/32 779/286/409 778/28/33
f 781/287/410 782/288/411 783/289/412
f 784/290/413 785/235/338 786/190/260
f 787/141/187 786/190/260 788/235/338
f 789/291/414 790/292/415 791/293/416
f 792/294/417 793/295/418 794/296/419
f 795/297/420 796/298/421 797/299/422
f 798/18/423 799/133/175 800/17/424
f 801/231/333 802/300/425 803/258/366
f 804/301/426 805/166/226 806/222/427
f 807/302/428 808/262/428 809/259/428
f 810/256/429 811/292/415 812/303/430
f 813/292/415 810/256/429 814/304/431
f 815/179/247 816/198/432 817/107/268
f 815/179/247 817/107/135 818/101/124
f 819/305/433 820/12/39 821/32/434
f 822/306/435 823/305/436 821/32/434
f 824/266/437 825/307/437 826/265/437
f 827/308/438 828/309/439 829/310/440
f 828/309/439 830/311/441 829/310/442
f 831/312/443 832/313/444 833/230/332
f 834/163/445 832/313/444 835/314/446
f 833/230/332 836/313/444 837/163/445
f 833/230/332 837/163/445 838/132/172
f 839/151/205 840/315/447 841/220/448
f 842/316/449 843/317/450 844/318/451
f 845/319/431 846/320/362 847/321/452
f 848/322/453 849/323/454 850/324/455
f 851/324/455 852/325/456 853/322/453
f 854/230/332 855/178/246 856/312/457
f 857/316/449 858/318/451 859/326/458
f 860/327/459 861/293/460 862/328/461
f 863/328/462 864/293/416 865/292/415
f 866/256/463 867/255/362 868/304/431
f 869/329/464 870/330/465 871/331/466
f 872/332/467 873/333/468 874/334/469
f 875/333/470 876/332/467 877/335/471
f 878/336/472 879/246/353 880/337/473
f 881/338/474 882/339/475 883/240/346
f 884/340/476 885/79/230 886/341/477
f 887/341/478 885/79/99 888/15/100
f 889/342/383 890/343/479 891/327/459
f 892/271/480 893/270/384 894/344/461
f 895/345/481 896/255/362 897/254/482
f 898/346/483 899/347/484 900/348/485
f 901/347/484 898/346/483 902/349/486
f 903/328/461 904/292/415 905/304/431
f 906/320/362 907/350/487 908/321/452
f 909/351/488 910/317/450 911/316/449
f 912/123/209 913/154/208 914/124/159
f 915/352/489 916/124/490 913/154/208
f 917/251/358 918/352/489 913/154/208
f 919/153/207 920/353/491 913/154/208
f 913/154/208 920/353/491 921/251/358
f 922/321/452 923/354/492 924/355/493
f 925/227/327 926/312/457 927/178/246
f 928/319/431 929/321/452 930/355/493
f 931/356/494 932/357/495 933/358/496
f 934/359/497 935/284/405 936/357/495
f 937/355/493 938/354/492 939/360/498
f 940/198/269 941/179/247 942/361/499
f 943/362/500 944/271/480 945/363/501
f 946/344/462 947/319/431 948/355/493
f 949/271/480 950/344/462 951/355/493
f 952/364/502 953/109/236 954/170/235
f 955/355/493 956/363/501 957/271/480
f 958/298/421 959/365/503 960/366/504
f 961/330/465 962/367/505 963/331/506
f 964/367/505 961/330/465 965/368/507
f 966/369/508 967/363/501 968/360/498
f 967/363/501 969/355/493 968/360/498
f 970/220/448 971/300/509 972/243/350
f 973/235/338 974/370/510 975/211/296
f 976/245/352 974/370/510 977/371/511
f 978/366/504 979/372/512 980/373/513
f 981/228/514 982/202/275 983/201/274
f 983/201/274 984/374/515 981/228/514
f 984/374/515 985/201/274 986/224/323
f 987/264/516 988/263/374 984/374/517
f 989/374/515 990/375/518 987/264/375
f 990/375/518 989/374/515 991/376/519
f 992/377/520 993/378/521 994/255/362
f 995/379/522 996/311/441 997/309/439
f 998/134/523 999/124/490 1000/380/524
f 1001/272/387 1002/381/525 1003/382/526
f 1004/383/527 1005/182/528 1006/181/31
f 1007/282/529 1008/286/530 1009/29/34
f 1009/29/34 1008/286/530 1010/30/531
f 1011/327/384 1012/343/479 1013/384/532
f 1014/283/533 1015/289/534 1016/288/411
f 1017/234/337 1018/176/244 1019/207/287
f 1017/234/337 1020/385/535 1021/176/244
f 1020/385/535 1022/386/536 1023/387/537
f 1023/387/537 1024/386/536 1025/388/538
f 1026/257/365 1027/161/216 1025/388/539
f 1027/161/216 1028/128/164 1029/130/181
f 1030/388/539 1027/161/216 1031/130/540
f 1027/161/216 1032/257/365 1033/389/541
f 1033/389/541 1034/162/217 1027/161/216
f 1035/322/453 1036/390/542 1037/323/543
f 1038/332/544 1039/334/545 1040/391/546
f 1041/255/362 1042/345/481 1043/377/520
f 1044/130/540 1045/137/547 1046/392/548
f 1047/393/549 1048/332/467 1049/391/546
f 1050/394/550 1051/390/542 1052/322/453
f 1053/395/551 1054/352/552 1055/396/553
f 1053/395/551 1055/396/553 1056/397/554
f 1054/352/552 1057/380/524 1058/124/490
f 1059/239/555 1060/395/551 1056/397/554
f 1061/398/556 1062/399/557 1060/395/551
f 1063/400/558 1064/401/559 1065/402/560
f 1066/294/417 1067/299/422 1068/295/418
f 1069/167/227 1070/237/367 1071/403/561
f 1070/237/341 1072/404/562 1073/403/563
f 1074/354/492 1075/405/564 1076/360/565
f 1077/399/557 1078/352/489 1079/395/551
f 1080/240/346 1081/339/475 1082/241/566
f 1083/311/441 1084/406/567 1085/310/568
f 1086/246/353 1087/248/355 1088/337/569
f 1089/220/448 1090/315/447 1091/300/509
f 1092/173/240 1093/276/393 1094/407/570
f 1095/30/571 1096/133/572 1097/16/174
f 1098/408/573 1099/409/573 1100/409/573
f 1098/408/573 1100/409/573 1101/408/573
f 1102/48/93 1103/410/574 1104/73/575
f 1105/348/576 1106/347/484 1107/346/577
f 1108/411/578 1109/412/579 1110/413/580
f 1111/414/581 1112/387/582 1113/415/583
f 1111/414/581 1114/385/535 1112/387/537
f 1115/387/582 1116/388/539 1113/415/583
f 1116/388/539 1117/392/548 1118/416/584
f 1116/388/538 1118/416/584 1119/415/583
f 1120/362/500 1121/269/383 1122/271/480
f 1120/362/500 1123/417/585 1121/269/383
f 1124/293/586 1125/327/384 1126/418/587
f 1127/189/259 1128/290/413 1129/190/260
f 1130/326/588 1131/318/451 1132/419/589
f 1133/177/289 1134/420/590 1135/227/591
f 1136/242/348 1137/241/347 1138/273/388
f 1139/321/452 1140/350/592 1141/421/593
f 1142/409/594 1143/408/594 1144/408/594
f 1142/409/594 1144/408/594 1145/409/594
f 1146/346/483 1147/348/576 1148/422/595
f 1149/423/596 1150/347/484 1151/349/486
f 1152/247/354 1153/278/597 1154/248/355
f 1155/194/312 1156/244/351 1157/217/313
f 1158/217/313 1156/244/351 1159/424/598
f 1160/424/598 1161/425/599 1157/217/313
f 1162/426/600 1163/427/601 1164/428/602
f 1165/315/447 1166/151/205 1167/253/360
f 1168/423/596 1169/429/603 1170/347/484
f 1171/430/604 1172/308/438 1173/310/568
f 1174/262/605 1175/431/606 1176/260/372
f 1176/260/372 1177/431/606 1178/432/607
f 1179/420/608 1180/177/289 1181/208/288
f 1182/406/609 1183/430/604 1184/310/568
f 1185/346/483 1186/433/610 1187/434/611
f 1188/435/612 1189/294/417 1190/296/419
f 1191/436/613 1192/364/502 1193/170/235
f 1194/314/614 1195/252/359 1196/163/615
f 1197/437/616 1194/314/446 1198/313/444
f 1199/287/410 1200/289/617 1201/435/612
f 1202/417/618 1203/438/619 1204/269/383
f 1205/425/620 1206/352/552 1207/251/358
f 1206/352/489 1208/425/599 1209/396/621
f 1210/352/489 1211/399/557 1212/439/622
f 1213/380/524 1210/352/489 1212/439/622
f 1214/349/486 1215/434/623 1216/440/624
f 1217/349/486 1218/346/483 1215/434/625
f 1219/276/626 1220/252/359 1221/441/627
f 1222/21/628 1223/221/629 1224/22/321
f 1225/442/630 1226/443/631 1227/444/526
f 1228/445/632 1229/404/562 1230/237/367
f 1231/329/464 1232/331/506 1233/446/633
f 1234/215/309 1235/447/634 1236/448/635
f 1237/425/620 1238/424/598 1239/449/636
f 1239/449/637 1240/450/638 1237/425/599
f 1241/279/398 1240/450/639 1242/451/640
f 1242/451/641 1243/196/364 1241/279/398
f 1244/204/642 1245/180/643 1246/82/105
f 1245/180/644 1244/204/278 1247/452/645
f 1248/453/646 1249/257/365 1250/388/538
f 1250/388/538 1251/386/536 1252/453/647
f 1253/454/648 1254/309/439 1255/308/649
f 1256/455/650 1257/309/439 1253/454/648
f 1258/456/651 1256/455/652 1259/457/653
f 1260/458/654 1256/455/655 1261/456/656
f 1262/379/522 1263/309/439 1256/455/652
f 1264/459/657 1262/379/522 1265/458/658
f 1266/351/488 1267/460/659 1268/317/450
f 1269/420/660 1270/208/306 1271/167/661
f 1272/396/621 1273/425/620 1274/450/638
f 1274/450/639 1275/279/398 1272/396/621
f 1276/239/343 1277/156/212 1278/461/526
f 1279/462/662 1280/308/649 1281/430/604
f 1282/252/359 1283/314/446 1284/441/627
f 1285/139/184 1286/250/357 1287/234/337
f 1287/234/337 1288/463/663 1289/386/536
f 1289/386/536 1288/463/663 1290/464/664
f 1289/386/536 1291/464/664 1292/453/647
f 1292/453/647 1293/224/665 1294/257/365
f 1295/376/519 1296/453/646 1291/464/664
f 1295/376/519 1297/374/517 1296/453/646
f 1298/465/666 1299/464/664 1288/463/663
f 1298/465/666 1300/376/519 1299/464/664
f 1301/466/667 1298/465/666 1302/463/663
f 1302/463/663 1303/250/668 1301/466/667
f 1304/234/337 1305/250/357 1302/463/663
f 1306/111/139 1307/206/282 1308/110/140
f 1306/111/139 1309/467/669 1307/206/282
f 1310/397/554 1311/396/553 1312/279/398
f 1312/279/398 1313/239/343 1310/397/554
f 1314/461/526 1315/398/556 1316/395/670
f 1317/461/526 1318/395/551 1319/239/555
f 1320/468/671 1321/227/327 1322/469/672
f 1323/346/577 1324/347/484 1325/429/603
f 1326/303/673 1327/254/674 1328/256/429
f 1327/254/675 1326/303/673 1329/470/676
f 1330/245/352 1331/445/632 1332/237/367
f 1331/445/632 1333/371/511 1334/471/677
f 1335/211/296 1336/370/510 1330/245/352
f 1337/472/678 1338/473/679 1339/474/680
f 1340/472/678 1341/475/681 1342/476/682
f 1343/476/682 1344/475/681 1345/477/683
f 1344/475/681 1346/478/684 1345/477/685
f 1347/478/686 1348/475/681 1349/479/687
f 1350/480/688 1351/481/689 1352/479/687
f 1353/290/413 1354/482/690 1355/235/338
f 1356/235/338 1357/482/690 1358/370/510
f 1359/472/678 1360/476/682 1361/473/679
f 1362/208/288 1363/275/390 1364/483/691
f 1365/382/692 1366/200/212 1367/272/387
f 1368/445/632 1369/245/693 1370/371/511
f 1371/175/243 1372/176/244 1373/484/694
f 1374/272/387 1375/485/695 1376/381/630
f 1377/483/696 1378/275/391 1379/208/306
f 1380/346/483 1381/422/595 1382/433/610
f 1381/422/697 1383/458/698 1384/433/610
f 1385/455/699 1386/454/648 1387/440/700
f 1388/472/701 1389/486/702 1390/473/703
f 1391/459/704 1392/311/441 1393/379/522
f 1394/479/687 1395/481/705 1396/478/686
f 1397/474/680 1398/487/706 1399/488/707
f 1399/488/707 1398/487/708 1400/489/709
f 1401/490/710 1402/480/688 1403/491/711
f 1403/491/711 1404/492/712 1405/493/713
f 1406/494/714 1407/472/701 1408/476/715
f 1409/495/716 1410/494/714 1411/496/717
f 1412/261/370 1413/260/372 1414/244/351
f 1415/497/718 1416/244/351 1413/260/372
f 1416/244/351 1417/497/718 1418/424/598
f 1417/497/719 1419/449/637 1418/424/598
f 1420/449/636 1417/497/718 1421/498/720
f 1422/499/721 1420/449/637 1421/498/720
f 1423/196/364 1424/451/640 1425/249/356
f 1426/385/535 1427/414/581 1428/484/722
f 1429/346/723 1430/429/603 1431/500/724
f 1432/476/715 1433/496/717 1434/494/714
f 1435/474/680 1436/473/725 1437/487/708
f 1438/419/589 1439/368/726 1440/326/588
f 1441/472/701 1442/473/727 1443/476/715
f 1444/501/728 1445/454/648 1446/308/729
f 1447/502/730 1448/266/377 1449/264/375
f 1450/503/731 1451/502/730 1449/264/375
f 1450/503/731 1452/375/518 1453/504/732
f 1452/375/518 1450/503/731 1454/264/375
f 1455/505/733 1456/506/734 1457/507/735
f 1458/357/495 1459/356/736 1460/359/737
f 1460/359/737 1461/356/494 1462/508/738
f 1463/495/716 1464/496/739 1465/509/740
f 1466/480/741 1467/495/716 1468/481/742
f 1469/402/560 1470/401/559 1471/510/743
f 1472/490/744 1473/481/689 1474/480/688
f 1475/511/745 1476/485/695 1477/272/387
f 1478/450/639 1479/449/636 1480/499/721
f 1480/499/721 1481/451/640 1478/450/639
f 1481/451/746 1480/499/721 1482/512/747
f 1481/451/640 1482/512/748 1483/249/356
f 1484/495/716 1485/509/749 1486/481/742
f 1487/488/707 1488/513/750 1489/514/751
f 1490/513/750 1491/488/707 1492/489/709
f 1493/515/752 1494/490/744 1495/491/711
f 1496/488/753 1497/489/754 1498/487/755
f 1499/486/702 1496/488/753 1498/487/756
f 1500/289/757 1501/283/533 1502/285/758
f 1500/289/412 1502/285/758 1503/516/759
f 1504/517/760 1505/518/761 1506/519/762
f 1507/493/713 1508/515/763 1509/491/711
f 1510/486/702 1511/487/755 1512/473/727
f 1513/491/764 1514/480/741 1515/520/765
f 1516/493/766 1517/492/767 1513/491/768
f 1518/521/769 1519/492/712 1520/514/751
f 1521/513/750 1518/521/770 1520/514/751
f 1522/522/694 1523/301/426 1524/222/243
f 1525/523/771 1526/324/455 1527/524/771
f 1528/358/496 1529/525/579 1530/356/736
f 1531/508/738 1530/356/494 1529/525/579
f 1532/209/772 1533/146/292 1534/147/196
f 1534/147/196 1535/210/294 1532/209/293
f 1536/526/773 1537/315/774 1538/253/360
f 1539/466/667 1540/250/357 1541/219/317
f 1542/527/775 1543/402/560 1544/510/743
f 1545/425/620 1546/251/358 1547/217/313
f 1548/512/747 1549/214/305 1550/249/356
f 1551/528/776 1552/189/777 1553/185/254
f 1554/526/778 1551/528/776 1555/184/253
f 1556/184/253 1551/528/776 1557/185/254
f 1558/365/779 1559/372/512 1560/366/780
f 1561/529/781 1562/372/782 1558/365/503
f 1563/520/765 1564/480/741 1565/481/742
f 1566/492/712 1567/521/770 1568/530/783
f 1568/530/784 1569/493/713 1566/492/712
f 1570/297/420 1571/294/417 1572/531/785
f 1573/299/786 1571/294/417 1570/297/787
f 1574/400/558 1575/402/560 1576/522/694
f 1577/301/426 1576/522/694 1575/402/560
f 1578/532/788 1579/493/766 1580/491/764
f 1581/488/753 1582/513/789 1583/489/790
f 1584/513/789 1585/488/791 1586/514/792
f 1587/484/694 1588/176/244 1589/385/535
f 1590/423/793 1591/349/486 1592/533/794
f 1593/499/721 1594/498/720 1595/534/795
f 1595/534/795 1596/512/748 1593/499/721
f 1597/333/470 1598/535/796 1599/536/797
f 1600/361/798 1601/199/271 1602/198/269
f 1603/303/673 1604/291/414 1605/537/799
f 1606/292/415 1604/291/414 1603/303/673
f 1607/465/666 1608/504/732 1609/376/800
f 1608/504/732 1610/375/518 1609/376/519
f 1611/514/792 1612/492/767 1613/521/801
f 1611/514/792 1613/521/802 1614/513/789
f 1615/491/764 1616/520/765 1617/532/788
f 1618/441/803 1619/538/804 1620/276/626
f 1621/539/600 1622/373/513 1623/372/805
f 1623/372/782 1624/529/781 1621/539/600
f 1625/521/801 1626/492/767 1627/530/806
f 1626/492/807 1628/493/766 1627/530/808
f 1629/258/366 1630/526/809 1631/184/810
f 1632/465/666 1633/540/811 1634/504/732
f 1635/466/812 1633/540/811 1632/465/666
f 1636/541/813 1637/166/226 1638/301/426
f 1639/324/455 1640/523/771 1641/325/456
f 1642/437/616 1643/313/444 1644/542/814
f 1644/542/814 1645/313/444 1646/312/457
f 1647/420/815 1648/167/661 1649/403/816
f 1650/354/492 1651/421/817 1652/543/818
f 1653/341/819 1654/15/820 1655/544/821
f 1655/544/821 1654/15/820 1656/2/822
f 1657/545/823 1658/290/413 1659/189/259
f 1660/546/824 1658/290/413 1657/545/823
f 1661/501/728 1662/308/438 1663/462/662
f 1664/547/825 1665/548/826 1666/506/734
f 1667/349/486 1668/440/624 1669/533/794
f 1670/549/827 1671/542/814 1672/312/457
f 1673/535/796 1674/333/470 1675/335/471
f 1676/432/607 1677/498/720 1678/497/719
f 1678/497/718 1679/260/369 1676/432/607
f 1680/385/535 1681/234/337 1682/386/536
f 1683/517/760 1684/550/828 1685/551/829
f 1686/502/730 1687/552/830 1688/266/831
f 1686/502/730 1689/553/832 1690/554/833
f 1691/555/834 1689/553/835 1692/431/606
f 1689/553/835 1693/556/836 1694/554/837
f 1695/412/579 1696/411/578 1697/557/838
f 1698/558/839 1695/412/579 1697/557/838
f 1699/534/795 1700/214/305 1701/512/840
f 1702/559/841 1703/560/842 1704/406/609
f 1705/392/843 1706/388/539 1707/130/540
f 1708/219/844 1709/540/811 1710/466/667
f 1711/379/845 1712/346/577 1713/455/846
f 1713/455/847 1712/346/577 1714/500/724
f 1715/150/202 1716/212/299 1717/561/848
f 1716/212/299 1718/562/849 1719/561/848
f 1720/561/848 1721/562/849 1722/213/301
f 1722/213/301 1723/150/300 1724/561/848
f 1725/458/698 1726/422/697 1727/563/850
f 1728/482/690 1729/371/511 1730/370/510
f 1731/458/658 1732/379/522 1733/455/699
f 1734/564/851 1735/459/657 1731/458/654
f 1736/427/601 1737/426/600 1738/565/852
f 1737/426/600 1739/566/853 1738/565/852
f 1740/567/854 1741/501/728 1742/462/662
f 1743/6/401 1744/12/855 1745/280/400
f 1746/305/856 1745/280/400 1744/12/857
f 1747/276/393 1748/538/804 1749/407/858
f 1750/422/697 1751/348/576 1752/568/859
f 1753/457/860 1754/455/652 1755/440/861
f 1756/569/862 1757/442/630 1758/570/695
f 1759/314/446 1760/437/863 1761/441/627
f 1761/441/803 1760/437/616 1762/571/864
f 1763/423/793 1764/572/865 1765/500/866
f 1766/534/867 1767/498/720 1768/573/868
f 1769/212/299 1766/534/795 1770/573/869
f 1766/534/795 1771/212/299 1772/214/305
f 1772/214/305 1771/212/299 1773/144/190
f 1774/574/870 1768/573/868 1775/575/871
f 1775/575/871 1776/553/835 1774/574/870
f 1777/498/720 1775/575/871 1778/573/869
f 1777/498/720 1779/432/607 1775/575/871
f 1780/553/835 1781/575/871 1779/432/872
f 1782/431/606 1780/553/835 1779/432/607
f 1783/262/605 1784/576/873 1782/431/606
f 1785/453/646 1786/374/515 1787/224/323
f 1788/559/874 1789/311/441 1790/459/657
f 1791/577/875 1788/559/874 1790/459/657
f 1792/253/360 1793/173/407 1794/578/876
f 1795/379/877 1796/348/485 1797/346/577
f 1798/568/859 1795/379/877 1799/579/878
f 1800/500/866 1801/429/603 1802/423/793
f 1803/572/865 1802/423/793 1804/580/879
f 1805/581/880 1806/291/414 1807/293/416
f 1808/434/625 1809/433/881 1810/456/882
f 1811/541/813 1812/111/139 1813/166/226
f 1814/301/426 1815/527/775 1811/541/813
f 1816/296/419 1817/582/883 1818/435/884
f 1818/435/612 1819/289/412 1820/583/885
f 1821/103/127 1822/267/379 1823/236/339
f 1824/236/886 1822/267/379 1825/584/887
f 1826/468/671 1827/312/457 1828/227/327
f 1829/585/888 1830/549/827 1826/468/671
f 1831/293/586 1832/418/889 1833/581/880
f 1834/586/890 1835/587/891 1836/125/160
f 1837/421/892 1838/354/492 1839/321/452
f 1840/556/836 1841/553/835 1842/555/893
f 1841/553/835 1843/503/731 1844/588/894
f 1841/553/835 1845/502/730 1843/503/731
f 1846/588/895 1843/503/731 1847/504/732
f 1847/504/732 1848/589/896 1846/588/895
f 1846/588/894 1849/574/870 1850/553/832
f 1849/574/870 1846/588/894 1851/589/896
f 1852/540/811 1851/589/897 1853/504/732
f 1852/540/811 1854/213/898 1855/589/896
f 1856/213/898 1852/540/811 1857/219/844
f 1857/219/844 1858/148/198 1856/213/301
f 1859/393/549 1860/391/546 1861/590/899
f 1862/587/891 1863/281/402 1864/125/160
f 1864/125/160 1863/281/402 1865/105/131
f 1866/104/130 1867/447/634 1868/215/900
f 1869/108/136 1870/37/901 1871/36/46
f 1872/562/849 1873/212/299 1874/573/902
f 1874/573/869 1875/574/870 1872/562/849
f 1876/589/896 1877/591/903 1875/574/904
f 1878/213/301 1872/562/849 1879/589/896
f 1879/589/896 1872/562/849 1880/591/903
f 1881/289/412 1882/516/905 1883/592/906
f 1884/593/907 1885/462/662 1886/430/604
f 1887/406/567 1884/593/907 1886/430/604
f 1888/594/908 1884/593/907 1889/560/842
f 1890/593/907 1887/406/567 1891/560/842
f 1892/506/734 1893/505/733 1894/547/825
f 1895/394/909 1896/595/910 1897/390/542
f 1898/336/472 1899/337/473 1900/596/911
f 1901/518/761 1902/517/760 1903/551/829
f 1904/338/474 1905/597/912 1906/339/475
f 1907/568/859 1908/348/576 1909/379/877
f 1910/422/595 1911/568/859 1912/563/850
f 1913/598/559 1914/599/913 1915/600/914
f 1916/600/914 1917/601/743 1918/598/915
f 1919/483/691 1920/420/608 1921/208/288
f 1922/368/507 1923/602/916 1924/367/505
f 1923/602/916 1922/368/917 1925/603/918
f 1926/404/562 1927/445/632 1928/604/919
f 1929/483/696 1930/208/306 1931/420/920
f 1932/440/861 1933/454/648 1934/605/921
f 1935/468/671 1936/549/922 1937/312/457
f 1938/456/923 1939/457/924 1940/434/623
f 1941/440/624 1942/434/611 1939/457/925
f 1943/606/926 1944/567/854 1945/462/662
f 1946/454/648 1947/501/728 1948/605/927
f 1948/605/928 1947/501/728 1949/607/929
f 1950/608/930 1951/336/472 1952/596/931
f 1953/273/932 1954/609/933 1955/610/934
f 1956/611/935 1957/597/936 1958/338/474
f 1959/612/937 1960/471/677 1961/371/511
f 1962/455/846 1963/500/938 1964/613/939
f 1965/609/940 1966/278/597 1967/610/941
f 1968/412/579 1969/558/839 1970/614/942
f 1971/236/886 1972/584/887 1973/615/943
f 1974/559/874 1975/406/567 1976/311/441
f 1977/616/944 1978/560/945 1974/559/874
f 1979/617/946 1980/500/724 1981/572/865
f 1982/618/947 1983/482/690 1984/290/413
f 1985/433/881 1986/458/698 1987/456/923
f 1988/273/388 1989/610/934 1990/274/389
f 1991/300/425 1992/619/948 1993/258/366
f 1994/619/949 1995/526/809 1996/258/366
f 1997/620/950 1998/566/853 1999/426/600
f 2000/423/793 2001/533/794 2002/580/951
f 2003/621/952 2004/542/814 2005/549/827
f 2006/294/953 2007/622/954 2008/623/955
f 2009/294/953 2008/623/955 2010/531/956
f 2011/624/957 2012/483/691 2013/275/390
f 2014/278/597 2015/277/958 2016/610/959
f 2017/238/342 2018/624/960 2019/275/390
f 2020/624/961 2021/275/391 2022/483/696
f 2023/525/579 2024/358/496 2025/625/962
f 2026/508/738 2023/525/579 2027/626/942
f 2028/627/963 2026/508/738 2029/626/942
f 2030/505/733 2031/507/735 2032/511/745
f 2033/624/961 2034/238/345 2035/275/391
f 2036/613/939 2037/500/938 2038/617/964
f 2039/527/775 2040/519/762 2041/518/761
f 2042/628/965 2043/557/838 2044/411/578
f 2043/557/838 2045/628/966 2046/629/967
f 2047/630/968 2048/379/877 2049/455/847
f 2050/631/969 2051/361/499 2052/179/247
f 2053/199/271 2054/361/499 2055/511/745
f 2056/632/970 2057/612/937 2058/482/690
f 2058/482/690 2057/612/937 2059/371/511
f 2060/538/804 2061/571/864 2062/633/971
f 2063/565/852 2064/634/972 2065/427/601
f 2064/634/972 2063/565/852 2066/635/973
f 2067/636/974 2068/393/975 2069/590/899
f 2070/44/67 2071/109/236 2072/54/68
f 2073/637/976 2074/595/910 2075/394/550
f 2076/362/500 2077/638/977 2078/639/978
f 2079/621/952 2080/437/616 2081/542/814
f 2082/452/645 2083/179/247 2084/180/248
f 2085/619/979 2086/315/447 2087/526/773
f 2088/579/980 2089/379/877 2090/630/968
f 2091/569/862 2092/640/981 2093/443/631
f 2094/442/525 2095/569/862 2093/443/631
f 2096/272/387 2097/199/271 2098/511/745
f 2099/623/955 2100/622/954 2101/641/982
f 2102/294/417 2103/435/612 2100/622/983
f 2104/582/883 2105/287/410 2103/435/884
f 2106/404/562 2107/642/984 2108/403/561
f 2107/642/984 2109/604/919 2110/643/985
f 2111/644/986 2112/359/497 2113/508/738
f 2114/571/864 2115/538/804 2116/441/627
f 2117/373/513 2118/539/600 2119/645/602
f 2120/529/781 2121/646/950 2118/539/600
f 2120/529/781 2122/647/987 2121/646/950
f 2123/402/560 2124/527/775 2125/301/426
f 2126/648/988 2127/606/926 2128/593/907
f 2129/649/989 2130/648/988 2128/593/990
f 2128/593/990 2131/606/926 2132/462/662
f 2133/594/908 2134/649/989 2128/593/907
f 2135/529/781 2136/365/779 2137/650/991
f 2138/538/804 2139/651/992 2140/407/858
f 2141/652/993 2142/460/659 2143/351/488
f 2144/653/994 2145/654/995 2141/652/993
f 2146/407/996 2147/578/876 2148/173/407
f 2149/405/997 2150/354/492 2151/655/998
f 2152/404/562 2153/604/919 2154/642/984
f 2155/90/999 2156/656/1000 2157/657/1001
f 2158/410/574 2159/104/308 2160/73/94
f 2161/658/1002 2162/446/633 2163/659/1003
f 2164/284/405 2165/359/737 2166/285/758
f 2167/285/758 2165/359/737 2168/660/1004
f 2169/285/406 2168/660/1005 2170/516/759
f 2168/660/1004 2171/359/497 2172/644/986
f 2173/661/1006 2174/516/759 2168/660/1005
f 2175/661/1007 2176/592/906 2174/516/905
f 2177/662/1008 2175/661/1006 2178/644/986
f 2179/663/1009 2180/32/434 2181/169/1010
f 2179/663/1009 2181/169/233 2182/664/1011
f 2183/598/559 2184/665/1012 2185/599/913
f 2185/599/913 2186/666/1013 2187/667/1014
f 2188/668/558 2189/665/1012 2183/598/559
f 2190/221/1015 2191/27/32 2192/23/1016
f 2193/652/993 2194/654/1017 2195/460/659
f 2196/290/413 2197/546/1018 2198/618/947
f 2199/669/1019 2200/618/947 2197/546/824
f 2201/571/1020 2202/437/616 2203/670/1021
f 2204/569/862 2205/671/735 2206/672/1022
f 2207/547/825 2208/505/733 2209/673/1023
f 2210/467/669 2211/111/139 2212/541/813
f 2212/541/813 2213/674/1024 2210/467/669
f 2214/527/775 2215/518/761 2213/674/1025
f 2216/675/1026 2217/286/409 2218/27/1027
f 2219/221/629 2216/675/1026 2218/27/32
f 2220/671/735 2221/570/695 2222/676/745
f 2223/618/947 2224/632/970 2225/482/690
f 2226/677/1028 2227/471/677 2228/678/1029
f 2226/677/1028 2229/445/632 2227/471/677
f 2230/679/1030 2231/440/861 2232/605/921
f 2233/601/743 2234/680/762 2235/681/775
f 2236/437/863 2237/621/952 2238/670/1021
f 2239/187/257 2240/20/229 2241/168/228
f 2242/682/1031 2239/187/1032 2241/168/228
f 2243/600/914 2244/680/762 2245/601/743
f 2246/577/1033 2247/459/657 2248/564/1034
f 2249/599/913 2250/665/1012 2251/666/1013
f 2252/526/773 2253/253/360 2254/578/876
f 2255/533/794 2256/440/624 2257/683/1035
f 2258/671/735 2259/569/862 2260/570/695
f 2261/630/968 2262/455/1036 2263/684/1037
f 2264/685/1038 2265/363/501 2266/369/1039
f 2267/686/1040 2268/603/1041 2269/419/589
f 2270/206/282 2271/210/294 2272/147/196
f 2273/687/1042 2271/210/294 2270/206/282
f 2274/603/1041 2275/368/726 2276/419/1043
f 2277/298/421 2278/297/787 2279/365/779
f 2279/365/779 2280/297/787 2281/688/1044
f 2281/688/1045 2282/297/420 2283/531/956
f 2284/365/503 2281/688/1046 2285/650/991
f 2281/688/1044 2286/531/956 2287/689/1047
f 2288/623/955 2289/689/1047 2286/531/956
f 2290/650/991 2289/689/1047 2291/690/1048
f 2292/689/1047 2293/691/1049 2291/690/1048
f 2294/692/1050 2295/693/1051 2296/694/1052
f 2297/693/1053 2298/692/1050 2299/695/1054
f 2300/696/1040 2301/523/771 2302/524/771
f 2303/505/733 2304/511/745 2305/697/1055
f 2305/697/1056 2306/361/499 2307/631/969
f 2308/456/1057 2309/458/698 2310/698/1058
f 2311/583/885 2312/289/412 2313/592/906
f 2311/583/885 2313/592/906 2314/699/1059
f 2315/360/498 2316/405/1060 2317/700/1061
f 2318/701/1062 2319/594/1063 2320/560/842
f 2321/684/1037 2322/455/846 2323/649/1064
f 2324/649/1064 2322/455/846 2325/613/939
f 2326/693/1065 2327/692/1066 2328/694/1067
f 2329/692/1066 2330/693/1068 2331/695/1069
f 2332/693/1053 2333/695/1054 2334/702/1070
f 2335/695/1054 2336/703/1070 2337/702/1070
f 2338/580/951 2339/533/794 2340/683/1071
f 2341/227/1072 2342/704/1073 2343/469/1074
f 2344/536/796 2345/535/796 2346/696/1075
f 2347/604/919 2348/445/632 2349/677/1028
f 2350/677/1028 2351/643/985 2347/604/919
f 2352/705/1076 2353/706/1077 2354/707/1078
f 2354/707/1078 2353/706/1077 2355/25/262
f 2356/210/294 2357/452/645 2358/204/278
f 2359/702/1079 2360/695/1069 2361/693/1065
f 2362/695/1069 2363/702/1079 2364/703/1079
f 2365/616/944 2366/701/1062 2367/560/945
f 2368/708/1080 2369/709/1081 2370/710/1082
f 2371/233/336 2372/169/233 2373/33/42
f 2372/169/233 2371/233/1083 2374/711/1084
f 2375/712/1085 2376/189/777 2377/528/776
f 2378/713/1086 2379/708/1080 2380/714/1087
f 2381/538/804 2382/633/971 2383/651/992
f 2384/704/1073 2385/227/1088 2386/420/1089
f 2387/715/1090 2388/179/247 2389/452/645
f 2390/603/918 2391/686/1091 2392/602/1092
f 2393/578/876 2394/407/996 2395/712/1093
f 2396/716/1094 2397/696/1040 2398/524/771
f 2399/557/838 2400/629/967 2401/558/839
f 2402/571/864 2403/670/1021 2404/633/971
f 2405/96/1095 2406/106/1095 2407/717/1095
f 2408/563/850 2409/568/859 2410/718/1096
f 2411/97/1097 2412/719/1097 2413/98/1097
f 2414/708/1098 2415/713/1099 2416/720/1100
f 2417/90/999 2418/89/1101 2419/656/1000
f 2420/696/1075 2421/716/1102 2422/536/797
f 2423/635/973 2424/565/852 2425/566/853
f 2426/626/1103 2427/721/1104 2428/627/1105
f 2429/661/1007 2430/660/1004 2431/644/1106
f 2432/577/1033 2433/616/944 2434/559/841
f 2435/722/1107 2436/678/1029 2437/612/937
f 2438/612/937 2436/678/1029 2439/471/677
f 2440/723/1108 2441/724/942 2442/725/839
f 2443/726/1109 2444/567/854 2445/606/926
f 2446/687/1042 2447/206/282 2448/467/669
f 2449/650/1110 2450/688/1045 2451/689/1047
f 2452/567/854 2453/607/1111 2454/501/728
f 2455/680/1112 2456/600/914 2457/727/1113
f 2458/564/851 2459/458/654 2460/728/1114
f 2460/728/1114 2459/458/658 2461/456/651
f 2462/281/402 2463/587/891 2464/729/1115
f 2465/713/1099 2466/730/1116 2467/720/1117
f 2468/731/1118 2469/732/1119 2470/733/1120
f 2470/733/1120 2469/732/1119 2471/734/1121
f 2472/735/950 2473/736/1122 2474/737/853
f 2475/738/1123 2476/547/825 2477/739/1124
f 2478/673/1023 2479/505/733 2480/697/1056
f 2481/733/1125 2482/732/1126 2483/731/1127
f 2482/732/1128 2481/733/1125 2484/734/1129
f 2485/585/888 2486/621/952 2487/549/922
f 2488/731/1118 2489/740/1130 2490/741/1131
f 2491/724/942 2492/723/1108 2493/742/1132
f 2494/458/698 2495/563/850 2496/743/1133
f 2497/126/1134 2498/586/1134 2499/125/1134
f 2500/731/1127 2501/741/1135 2502/740/1136
f 2503/744/1137 2504/526/773 2505/578/876
f 2506/551/829 2507/745/1138 2508/746/1139
f 2509/740/1130 2510/731/1118 2511/733/1140
f 2512/747/1141 2513/616/944 2514/577/1033
f 2515/748/1142 2516/732/1143 2517/749/1144
f 2518/732/1119 2519/748/1142 2520/734/1121
f 2521/694/1145 2522/750/1146 2523/692/1050
f 2524/750/1146 2525/694/1052 2526/751/1147
f 2527/740/1136 2528/733/1148 2529/731/1127
f 2530/694/1149 2531/750/1150 2532/751/1151
f 2533/750/1150 2534/694/1067 2535/692/1066
f 2536/732/1126 2537/752/1152 2538/753/1153
f 2539/736/1122 2540/735/950 2541/754/1154
f 2542/752/1152 2543/732/1126 2544/734/1129
f 2545/755/1155 2546/106/1155 2547/88/1155
f 2548/756/1156 2549/709/1157 2550/708/1098
f 2548/756/1156 2551/708/1098 2552/720/1100
f 2553/562/1158 2554/757/1158 2555/591/1158
f 2556/704/1159 2557/420/920 2558/403/816
f 2559/457/860 2560/440/861 2561/679/1030
f 2562/758/1160 2563/25/30 2564/24/29
f 2565/707/1078 2563/25/30 2562/758/1160
f 2566/759/1161 2567/705/1076 2565/707/1162
f 2566/759/1161 2568/760/1163 2567/705/1076
f 2569/761/1164 2570/741/1131 2571/762/1165
f 2572/741/1135 2573/761/444 2574/762/1166
f 2575/763/1167 2576/713/1168 2577/764/1169
f 2578/592/906 2579/661/1006 2580/765/1170
f 2581/762/1165 2582/741/1131 2583/740/1130
f 2584/766/1171 2585/168/228 2586/340/476
f 2586/340/1172 2585/168/1173 2587/79/99
f 2588/762/1174 2589/740/1136 2590/741/1135
f 2591/689/1047 2592/623/955 2593/691/1175
f 2594/767/1176 2595/713/1099 2596/763/1177
f 2597/768/1178 2598/447/634 2599/769/1179
f 2600/768/1180 2601/448/635 2602/447/634
f 2603/770/1181 2604/771/1182 2605/772/1183
f 2606/709/1184 2607/773/1185 2608/774/1186
f 2609/775/1187 2610/673/1023 2611/697/1056
f 2612/483/691 2613/624/960 2614/776/1188
f 2615/622/983 2616/435/884 2617/583/885
f 2615/622/983 2617/583/885 2618/777/1189
f 2617/583/885 2619/699/1059 2620/777/1189
f 2621/778/1190 2620/777/1189 2622/699/1059
f 2623/771/1182 2624/770/1181 2625/674/1025
f 2626/644/986 2627/508/738 2628/627/1191
f 2629/662/1008 2630/644/1192 2628/627/963
f 2631/725/839 2632/779/967 2633/780/1193
f 2634/624/961 2635/483/696 2636/776/1194
f 2637/708/1080 2638/781/1195 2639/714/1087
f 2640/300/509 2641/315/447 2642/619/979
f 2642/619/1196 2643/526/773 2644/782/1197
f 2645/636/1198 2646/590/899 2647/783/1199
f 2648/749/1144 2649/784/1200 2650/748/1142
f 2651/785/1201 2652/786/973 2653/737/853
f 2654/787/1202 2655/621/952 2656/585/888
f 2657/788/1203 2658/789/1204 2654/787/1202
f 2659/790/1205 2660/753/1153 2661/752/1152
f 2662/608/930 2663/596/911 2664/791/1199
f 2665/749/1144 2666/792/1206 2667/784/1200
f 2668/793/1207 2669/610/934 2670/609/1208
f 2671/637/976 2672/794/1209 2673/595/910
f 2674/790/1205 2675/795/1210 2676/753/1153
f 2677/704/1159 2678/403/816 2679/642/1211
f 2680/611/935 2681/796/1209 2682/597/936
f 2683/622/983 2684/777/1189 2685/641/982
f 2686/511/745 2687/361/499 2688/697/1055
f 2689/708/1212 2690/710/1082 2691/781/1195
f 2692/709/1081 2693/797/1213 2694/710/1082
f 2695/674/1025 2696/541/813 2697/527/775
f 2698/215/309 2699/448/635 2700/64/82
f 2701/609/1214 2702/610/959 2703/793/1215
f 2704/722/1107 2705/612/937 2706/632/970
f 2707/798/1216 2704/722/1107 2708/632/970
f 2709/799/1217 2710/800/1217 2711/801/1217
f 2712/592/906 2713/765/1170 2714/699/1059
f 2715/623/955 2716/641/982 2717/691/1175
f 2718/697/1055 2719/631/969 2720/715/1218
f 2720/715/1218 2719/631/969 2721/179/1219
f 2722/802/1220 2723/761/1164 2724/762/1165
f 2725/802/1221 2726/762/1174 2727/761/444
f 2728/286/408 2729/803/1222 2730/268/381
f 2730/268/381 2729/803/1222 2731/267/379
f 2732/420/590 2733/483/691 2734/776/1188
f 2735/804/1223 2736/704/1224 2732/420/608
f 2737/776/1225 2738/804/1223 2732/420/1226
f 2739/805/1227 2740/763/1228 2741/806/1229
f 2742/767/1176 2743/763/1228 2744/764/1230
f 2745/807/1231 2746/627/963 2747/721/1104
f 2748/420/815 2749/776/1232 2750/483/696
f 2751/804/484 2748/420/815 2752/704/1159
f 2753/804/484 2754/776/1232 2748/420/660
f 2755/600/914 2756/599/913 2757/667/1233
f 2758/72/1234 2759/236/1235 2760/808/1236
f 2761/808/1236 2762/809/1237 2758/72/1234
f 2763/713/1086 2764/714/1087 2765/805/1238
f 2766/810/1239 2767/452/645 2768/210/1240
f 2769/607/1111 2770/567/1241 2771/726/1109
f 2772/458/698 2773/743/1133 2774/698/1242
f 2775/792/1206 2776/811/1243 2777/784/1200
f 2778/529/781 2779/650/991 2780/647/1244
f 2780/647/1244 2781/690/1245 2782/812/1246
f 2783/813/1247 2784/814/1248 2785/815/1248
f 2785/815/1248 2786/816/1249 2783/813/1247
f 2787/813/1250 2788/815/1248 2789/814/1248
f 2788/815/1248 2787/813/1251 2790/816/1252
f 2791/518/761 2792/551/829 2793/771/1253
f 2794/771/1182 2792/551/829 2795/746/1139
f 2796/670/1021 2797/621/952 2798/789/1254
f 2798/789/1254 2799/817/1255 2800/670/1256
f 2801/818/1257 2802/795/1210 2803/790/1205
f 2804/763/1167 2805/730/1258 2806/806/1259
f 2807/440/624 2808/457/925 2809/683/1035
f 2810/713/1086 2811/805/1238 2812/764/1169
f 2813/789/1254 2814/621/952 2815/787/1202
f 2816/723/1108 2817/725/839 2818/780/1193
f 2819/773/1185 2820/819/1260 2821/820/1261
f 2822/742/1104 2823/723/1108 2824/821/1262
f 2825/759/1161 2826/707/1263 2827/822/1264
f 2827/822/1265 2826/707/1263 2828/758/1160
f 2829/785/1201 2830/737/853 2831/736/1122
f 2832/823/1266 2833/739/1267 2834/673/1023
f 2835/771/1182 2836/746/1139 2837/772/1183
f 2838/824/1268 2839/806/1229 2840/825/1269
f 2841/826/1270 2842/827/1271 2843/802/1220
f 2844/828/1272 2845/628/965 2846/829/1273
f 2847/830/1274 2848/608/930 2849/791/1199
f 2850/736/1122 2851/754/1154 2852/831/1275
f 2853/826/1276 2854/802/1221 2855/827/1277
f 2856/569/1278 2857/832/1279 2858/640/1280
f 2858/640/1280 2859/832/1279 2860/833/1281
f 2861/709/1184 2862/774/1186 2863/797/1213
f 2864/810/1282 2865/210/1240 2866/687/1042
f 2867/634/972 2868/834/1283 2869/835/1284
f 2870/628/966 2871/828/1272 2872/629/967
f 2873/730/1285 2874/713/1099 2875/767/1176
f 2876/802/1221 2877/761/444 2878/827/1286
f 2879/826/1276 2878/827/1286 2880/793/1287
f 2881/802/1220 2882/827/1271 2883/761/1164
f 2884/826/1270 2885/793/1288 2882/827/1289
f 2886/834/1283 2887/634/972 2888/635/973
f 2889/797/1290 2890/825/1269 2891/836/1291
f 2892/837/1292 2893/364/1293 2894/436/613
f 2895/838/1294 2896/796/1209 2897/611/935
f 2898/526/778 2899/744/1295 2900/528/776
f 2901/712/1085 2899/744/1295 2902/839/1296
f 2903/528/776 2899/744/1297 2904/712/1085
f 2905/263/1298 2906/840/1298 2907/374/1298
f 2908/792/1206 2909/838/1299 2910/811/1243
f 2911/632/970 2912/618/947 2913/669/1019
f 2914/730/1300 2915/763/1167 2916/767/1301
f 2917/818/1302 2918/830/1303 2919/795/1210
f 2920/841/1304 2921/813/1247 2922/816/1305
f 2922/816/1305 2923/842/1306 2920/841/1304
f 2924/709/1307 2925/756/1308 2926/843/1309
f 2927/844/1310 2925/756/1156 2928/720/1100
f 2929/845/1311 2930/843/1312 2925/756/1308
f 2931/846/1313 2932/843/1309 2929/845/1311
f 2933/774/1314 2934/709/1157 2935/843/1309
f 2936/813/1251 2937/841/1315 2938/816/1252
f 2938/816/1316 2937/841/1315 2939/842/1317
f 2940/847/1318 2941/715/1218 2942/452/645
f 2943/658/1002 2944/329/464 2945/446/633
f 2946/848/1319 2943/658/1002 2947/659/1003
f 2943/658/1002 2948/848/1320 2949/849/1321
f 2948/848/1320 2950/850/1322 2949/849/1321
f 2951/838/1299 2952/851/1323 2953/811/1324
f 2954/806/1325 2955/852/1326 2956/825/1327
f 2957/662/1008 2958/627/963 2959/807/1231
f 2960/853/1328 2957/662/1008 2959/807/1231
f 2961/854/1329 2962/830/1303 2963/818/1302
f 2964/615/1235 2965/808/1236 2966/236/1330
f 2967/855/1331 2968/837/1292 2969/436/613
f 2970/856/1332 2971/751/1151 2972/750/1150
f 2973/751/1151 2974/856/1332 2975/857/1333
f 2976/647/1244 2977/812/1246 2978/858/1334
f 2979/859/1154 2980/647/1244 2978/858/1335
f 2980/647/1244 2981/650/1110 2982/690/1048
f 2979/859/1336 2983/646/950 2984/647/1244
f 2985/847/1318 2986/452/645 2987/810/1239
f 2988/674/1337 2989/687/1042 2990/467/669
f 2991/718/1096 2992/568/859 2993/579/878
f 2994/751/1147 2995/856/1338 2996/750/1146
f 2997/856/1339 2998/751/1147 2999/857/1340
f 3000/860/1341 3001/861/1342 3002/862/1343
f 3003/767/1301 3004/763/1344 3005/764/1169
f 3006/773/1185 3007/820/1261 3008/774/1186
f 3009/819/1260 3010/863/1345 3011/864/1346
f 3010/863/1345 3012/819/1260 3013/836/1347
f 3014/191/1348 3015/865/527 3016/866/31
f 3017/867/1349 3015/865/527 3014/191/1350
f 3018/547/825 3019/673/1023 3020/739/1124
f 3021/852/1351 3022/806/1325 3023/720/1352
f 3024/868/1353 3025/826/1276 3026/793/1287
f 3027/868/1354 3028/793/1288 3029/826/1270
f 3030/189/777 3031/712/1085 3032/545/1355
f 3033/869/1356 3032/545/1355 3034/712/1085
f 3035/820/1357 3036/819/1358 3037/870/1359
f 3038/864/1360 3035/820/1361 3039/871/1362
f 3040/872/1363 3041/819/1364 3042/864/1365
f 3041/819/1358 3040/872/1363 3043/836/1291
f 3044/873/1366 3045/679/1030 3046/605/921
f 3047/874/1367 3048/636/974 3049/783/1199
f 3050/666/1013 3051/875/1368 3052/667/1233
f 3053/876/1369 3054/807/1231 3055/721/1132
f 3056/877/1370 3057/607/1111 3058/726/1109
f 3059/457/924 3060/456/882 3061/878/1371
f 3062/879/1372 3063/720/1373 3064/730/1285
f 3065/317/1374 3066/880/1375 3067/318/1376
f 3068/331/1377 3069/367/1378 3070/880/1379
f 3071/881/1380 3072/841/1304 3073/842/1306
f 3074/842/1381 3075/882/1382 3076/881/1383
f 3077/841/1315 3078/881/1384 3079/842/1385
f 3080/883/1386 3081/794/1209 3082/637/1387
f 3083/842/1385 3084/881/1388 3085/882/1389
f 3086/673/1390 3087/775/1391 3088/823/1266
f 3087/775/1187 3089/715/1218 3090/847/1318
f 3091/884/1392 3092/836/1393 3093/825/1327
f 3094/885/1369 3095/742/1104 3096/821/1394
f 3097/651/992 3098/633/971 3099/886/1395
f 3100/460/1396 3101/880/1397 3102/317/1398
f 3103/714/1399 3104/805/1227 3105/806/1229
f 3106/838/1299 3107/611/1400 3108/851/1323
f 3109/887/1401 3110/888/1402 3111/889/1403
f 3112/864/1365 3113/819/1364 3114/820/1357
f 3115/774/1404 3116/870/1359 3117/709/1157
f 3118/831/1405 3119/754/1336 3120/890/1334
f 3121/563/850 3122/718/1096 3123/743/1133
f 3124/854/1329 3125/608/1406 3126/830/1303
f 3127/632/970 3128/669/1019 3129/798/1407
f 3130/891/1408 3131/765/1170 3132/662/1008
f 3133/892/1409 3134/730/1285 3135/767/1176
f 3136/893/1410 3137/894/1411 3138/895/1412
f 3139/893/1413 3138/895/1412 3140/896/1414
f 3141/765/1170 3142/661/1007 3143/662/1008
f 3144/819/1260 3145/864/1346 3146/820/1261
f 3147/687/1415 3148/674/1025 3149/770/1181
f 3148/674/1025 3150/518/761 3151/771/1182
f 3152/897/1416 3153/898/1417 3154/899/1418
f 3155/633/971 3156/670/1021 3157/886/1419
f 3158/900/1420 3159/600/914 3160/667/1421
f 3161/877/1422 3162/572/1423 3163/580/879
f 3164/648/1424 3165/726/1425 3166/606/926
f 3167/901/1426 3168/810/1239 3169/687/1415
f 3170/643/985 3171/677/1028 3172/902/1427
f 3173/678/1029 3174/902/1427 3171/677/1028
f 3174/902/1427 3173/678/1029 3175/903/1428
f 3176/690/1245 3177/691/1175 3178/904/624
f 3179/878/1429 3180/456/656 3181/457/653
f 3182/457/653 3183/679/1030 3179/878/1430
f 3184/905/1431 3185/835/1284 3186/834/1283
f 3185/835/1284 3184/905/1431 3187/888/1402
f 3188/820/1357 3189/870/1359 3190/774/1314
f 3191/906/1432 3192/610/1433 3193/868/1354
f 3194/907/1434 3195/868/1353 3196/610/1435
f 3197/908/1436 3198/569/862 3199/672/1022
f 3200/727/1437 3201/600/914 3202/900/1420
f 3203/836/1393 3204/884/1392 3205/909/1438
f 3206/863/1345 3203/836/1347 3207/909/1439
f 3208/611/1440 3209/910/1441 3210/851/1323
f 3208/611/1442 3211/338/1443 3209/910/1441
f 3212/911/1444 3213/882/1445 3214/912/1446
f 3215/911/1447 3216/881/1380 3217/882/1382
f 3218/913/1448 3219/608/1406 3220/854/1329
f 3221/913/1448 3222/336/1449 3219/608/1450
f 3223/887/1401 3224/828/1272 3225/829/1273
f 3226/32/234 3227/663/1009 3228/306/435
f 3229/914/1451 3228/306/435 3227/663/1452
f 3230/868/1353 3231/793/1287 3232/610/1435
f 3233/868/1354 3234/610/1453 3235/793/1288
f 3236/833/1281 3237/832/1279 3238/915/1454
f 3236/833/1281 3238/915/1455 3239/916/1456
f 3240/569/862 3241/908/1457 3242/832/1458
f 3243/797/1213 3244/845/1459 3245/710/1082
f 3244/845/1459 3243/797/1213 3246/846/1460
f 3247/781/1195 3245/710/1082 3244/845/1459
f 3244/845/1459 3248/844/1461 3247/781/1195
f 3249/714/1087 3247/781/1195 3250/844/1461
f 3250/844/1461 3251/879/1462 3252/714/1463
f 3253/266/1464 3254/552/1465 3255/917/1466
f 3256/307/1467 3253/266/1464 3255/917/1468
f 3257/911/1469 3258/882/1470 3259/881/1388
f 3260/912/1471 3261/882/1389 3262/911/1469
f 3263/698/1242 3264/743/1133 3265/918/1472
f 3266/418/889 3267/327/459 3268/384/532
f 3268/384/532 3269/919/1473 3270/920/1474
f 3271/345/481 3272/921/1475 3273/377/520
f 3274/922/1476 3275/723/1108 3276/780/1477
f 3277/923/1478 3278/894/1479 3279/893/1413
f 3280/828/1272 3281/887/1480 3282/889/1403
f 3283/367/1378 3284/924/1481 3285/880/1482
f 3286/318/1376 3287/924/1483 3288/419/1484
f 3289/169/233 3290/711/1485 3291/664/1011
f 3292/318/1376 3293/880/1375 3294/924/1486
f 3295/714/1087 3296/879/1462 3297/805/1238
f 3298/879/1462 3299/892/1487 3300/805/1238
f 3301/925/1488 3302/779/967 3303/926/1272
f 3304/446/1489 3305/880/1490 3306/927/1491
f 3304/446/1489 3307/331/1377 3308/880/1379
f 3309/240/1492 3310/928/1493 3311/929/1494
f 3312/338/1443 3311/929/1495 3313/910/1441
f 3314/930/1496 3315/767/1176 3316/764/1230
f 3317/931/1497 3318/246/1498 3319/932/1499
f 3319/932/1499 3320/336/1449 3321/913/1448
f 3322/824/1268 3323/714/1399 3324/806/1229
f 3325/846/1313 3326/774/1314 3327/843/1312
f 3328/780/1193 3329/779/967 3330/925/1500
f 3331/897/1501 3332/933/1502 3333/898/1503
f 3334/889/1403 3335/888/1402 3336/905/1431
f 3337/712/1093 3338/839/1504 3339/744/1137
f 3340/578/876 3341/712/1093 3339/744/1505
f 3342/934/1506 3343/786/973 3344/785/1201
f 3345/935/1507 3346/726/1425 3347/648/988
f 3348/936/1508 3349/799/1509 3350/898/1510
f 3351/736/1122 3352/937/1511 3353/785/1201
f 3354/875/1368 3355/938/1512 3356/667/1421
f 3354/875/1368 3357/939/1513 3355/938/1512
f 3358/720/1352 3359/806/1259 3360/730/1300
f 3361/242/1514 3362/940/1515 3363/928/1516
f 3364/941/1517 3365/247/1518 3366/931/1497
f 3367/942/1519 3368/912/1446 3369/943/1520
f 3370/942/1519 3371/911/1444 3372/912/1446
f 3373/723/1108 3374/922/1521 3375/821/1394
f 3376/944/1522 3375/821/1394 3377/922/1521
f 3378/410/574 3379/447/1523 3380/104/130
f 3381/683/1035 3382/873/1524 3383/580/879
f 3384/274/1525 3385/906/1432 3386/940/1515
f 3387/242/1514 3384/274/1525 3386/940/1515
f 3388/943/1526 3389/912/1527 3390/942/1528
f 3391/912/1471 3392/911/1469 3393/942/1528
f 3394/845/1311 3395/756/1156 3396/844/1529
f 3396/844/1529 3397/720/1100 3398/879/1530
f 3399/805/1238 3400/892/1487 3401/764/1169
f 3402/945/1531 3403/946/1532 3404/254/482
f 3402/945/1533 3405/947/1534 3406/946/1532
f 3407/697/1056 3408/715/1218 3409/775/1391
f 3410/907/1535 3411/277/1536 3412/941/1517
f 3412/941/1517 3411/277/1536 3413/247/1518
f 3414/892/1487 3415/930/1537 3416/764/1169
f 3417/805/1227 3418/764/1538 3419/763/1228
f 3420/948/1539 3421/930/1540 3418/764/1538
f 3422/906/1541 3423/274/1525 3424/610/1453
f 3425/554/1542 3426/949/1542 3427/502/1542
f 3428/907/1535 3429/610/1435 3430/277/1536
f 3431/950/1543 3432/857/1333 3433/856/1544
f 3434/857/1333 3435/950/1545 3436/951/1546
f 3437/367/1378 3438/602/1547 3439/924/1481
f 3440/873/1366 3441/605/921 3442/607/1111
f 3443/683/1035 3444/457/924 3445/878/1371
f 3446/937/1511 3447/831/1405 3448/952/1548
f 3446/937/1511 3449/736/1122 3447/831/1275
f 3450/853/1549 3451/807/1231 3452/876/1550
f 3453/953/1551 3450/853/1328 3452/876/1369
f 3454/954/1552 3455/955/1553 3456/470/676
f 3454/954/1552 3456/470/676 3457/303/673
f 3458/619/948 3459/782/1554 3460/526/778
f 3461/384/532 3462/920/1474 3463/418/889
f 3464/774/1314 3465/846/1313 3466/956/1555
f 3467/948/1539 3468/764/1538 3469/805/1227
f 3470/857/1340 3471/950/1556 3472/856/1338
f 3473/950/1557 3474/857/1340 3475/951/1558
f 3476/946/1532 3477/921/1475 3478/345/481
f 3476/946/1532 3479/345/481 3480/254/482
f 3476/946/1559 3481/947/1534 3482/957/1560
f 3483/786/973 3484/934/1506 3485/958/1283
f 3485/958/1283 3486/959/1561 3487/960/1431
f 3488/872/1363 3489/797/1290 3490/836/1291
f 3491/879/1530 3492/730/1285 3493/892/1562
f 3494/961/1563 3495/962/1564 3496/537/799
f 3497/303/673 3496/537/799 3495/962/1564
f 3498/363/501 3499/638/977 3500/362/500
f 3501/963/1565 3499/638/1566 3502/363/501
f 3503/963/1565 3504/964/1567 3499/638/1568
f 3505/774/1186 3506/846/1460 3507/797/1213
f 3506/846/1569 3505/774/1186 3508/956/1570
f 3509/918/1571 3510/564/1034 3511/728/1572
f 3512/965/1573 3513/603/1041 3514/686/1040
f 3515/869/1574 3516/407/996 3517/651/992
f 3518/966/1575 3519/613/939 3520/617/946
f 3521/267/379 3522/967/1287 3523/584/887
f 3524/460/1576 3525/968/1577 3526/880/1397
f 3527/338/1443 3528/240/1492 3529/929/1495
f 3530/969/1578 3531/943/1520 3532/970/1579
f 3533/943/1520 3534/969/1578 3535/942/1519
f 3536/932/1499 3537/246/1498 3538/336/1449
f 3539/916/1456 3540/915/1454 3541/971/1456
f 3542/407/996 3543/869/1574 3544/712/1093
f 3545/972/1580 3546/537/799 3547/973/1581
f 3547/973/1581 3546/537/799 3548/291/414
f 3549/901/1426 3550/687/1415 3551/770/1181
f 3552/691/1175 3553/641/982 3554/974/1582
f 3555/975/1583 3556/696/1040 3557/716/1094
f 3558/976/1584 3559/969/1578 3560/970/1579
f 3561/969/1578 3562/976/1584 3563/977/1584
f 3564/686/1091 3565/603/918 3566/965/1585
f 3567/938/1586 3568/900/1420 3569/667/1233
f 3570/978/1587 3571/977/1584 3572/976/1584
f 3573/977/1584 3574/978/1587 3575/979/1587
f 3576/980/1588 3577/981/1589 3578/982/1590
f 3579/942/1528 3580/969/1591 3581/943/1592
f 3582/970/1593 3583/943/1592 3584/969/1591
f 3585/981/1594 3586/983/1595 3587/984/1596
f 3588/982/1590 3589/985/1597 3590/980/1588
f 3591/981/1589 3592/980/1598 3593/986/1599
f 3594/983/1595 3591/981/1589 3595/986/1599
f 3596/987/1600 3597/577/1033 3598/564/1601
f 3599/985/1597 3600/982/1590 3601/988/1602
f 3602/704/1073 3603/468/1603 3604/469/1074
f 3605/555/1604 3606/431/1604 3607/989/1604
f 3608/990/1255 3609/678/1029 3610/722/1107
f 3611/955/1553 3612/954/1552 3613/962/1564
f 3613/962/1564 3612/954/1552 3614/303/430
f 3615/858/1334 3616/812/1246 3617/991/1605
f 3618/659/1606 3619/446/1489 3620/927/1491
f 3621/240/1492 3622/242/1514 3623/928/1493
f 3624/984/1596 3625/992/1607 3626/993/1608
f 3627/716/1102 3628/696/1075 3629/975/1609
f 3630/884/1392 3631/825/1327 3632/852/1351
f 3633/931/1497 3634/247/1518 3635/246/1498
f 3636/969/1591 3637/976/1610 3638/970/1593
f 3639/976/1610 3640/969/1591 3641/977/1610
f 3642/977/1610 3643/978/1611 3644/976/1610
f 3645/978/1611 3646/977/1612 3647/979/1611
f 3648/765/1170 3649/778/1190 3650/699/1059
f 3651/992/1607 3652/984/1596 3653/983/1595
f 3654/654/1613 3655/968/1614 3656/460/1576
f 3657/993/1608 3658/994/1615 3659/995/1616
f 3660/930/1537 3661/996/1617 3662/764/1169
f 3662/764/1169 3663/996/1617 3664/767/1301
f 3665/302/1618 3666/997/1619 3667/262/1620
f 3668/983/1621 3669/981/1622 3670/984/1623
f 3671/986/1599 3672/998/1624 3673/983/1595
f 3674/470/1625 3675/955/1626 3676/947/1534
f 3677/254/361 3674/470/1625 3678/945/1533
f 3679/947/1534 3680/945/1531 3674/470/676
f 3681/710/1627 3682/824/1268 3683/825/1269
f 3684/797/1290 3681/710/1627 3683/825/1269
f 3684/797/1290 3685/872/1363 3686/956/1628
f 3687/777/1189 3688/974/1582 3689/641/982
f 3690/994/1615 3691/993/1608 3692/992/1607
f 3693/892/1409 3694/767/1176 3695/930/1496
f 3696/999/1629 3697/814/1630 3698/1000/1630
f 3699/678/1029 3700/990/1255 3701/903/1428
f 3702/981/1622 3703/986/1631 3704/980/1632
f 3702/981/1622 3705/983/1633 3706/986/1634
f 3707/979/1587 3708/1001/1635 3709/1002/1635
f 3710/1001/1636 3711/979/1587 3712/978/1587
f 3713/995/1637 3714/1003/1638 3715/1004/1639
f 3716/992/1640 3717/984/1641 3718/993/1642
f 3719/980/1588 3720/1005/1643 3721/1006/1644
f 3722/981/1622 3723/980/1632 3724/982/1645
f 3725/814/1630 3726/999/1629 3727/813/1629
f 3728/1007/1646 3727/813/1629 3726/999/1629
f 3729/813/1629 3728/1007/1646 3730/841/1646
f 3731/1008/1647 3732/805/1227 3733/714/1399
f 3734/814/1630 3735/999/1648 3736/1000/1630
f 3737/1003/1638 3738/995/1649 3739/994/1615
f 3740/939/1513 3741/1009/1650 3742/938/1512
f 3743/994/1651 3744/993/1642 3745/995/1652
f 3746/1006/1644 3747/986/1653 3748/980/1598
f 3749/986/1653 3750/1006/1644 3751/1010/1654
f 3752/998/1624 3749/986/1599 3751/1010/1654
f 3753/982/1655 3754/980/1632 3755/985/1656
f 3756/1011/1657 3757/881/1658 3758/1012/1658
f 3757/881/1658 3756/1011/1657 3759/911/1659
f 3760/1013/1660 3761/911/1659 3762/1011/1657
f 3761/911/1659 3760/1013/1660 3763/942/1661
f 3764/1013/1660 3765/969/1662 3763/942/1661
f 3766/776/1225 3767/624/960 3768/1014/1663
f 3769/878/1371 3770/873/1664 3771/683/1035
f 3772/959/1561 3773/958/1283 3774/934/1665
f 3775/1002/1636 3776/951/1546 3777/950/1545
f 3778/951/1546 3779/1002/1636 3780/1001/1636
f 3781/1012/1658 3782/841/1646 3783/1007/1646
f 3782/841/1646 3781/1012/1658 3784/881/1658
f 3785/262/1666 3786/997/1619 3787/576/1667
f 3788/1003/1668 3789/995/1652 3790/1004/1669
f 3791/983/1595 3792/1015/1670 3793/992/1607
f 3794/1015/1670 3791/983/1671 3795/998/1672
f 3796/1004/1639 3797/1016/1673 3798/1017/1674
f 3799/774/1314 3800/1018/1675 3801/820/1361
f 3802/1019/1676 3803/977/1677 3804/969/1678
f 3805/1020/1679 3806/1021/1680 3807/653/1681
f 3808/653/1681 3806/1021/1682 3809/654/1017
f 3810/999/1648 3811/814/1630 3812/813/1648
f 3812/813/1648 3813/1007/1683 3810/999/1648
f 3813/1007/1683 3814/813/1648 3815/841/1683
f 3816/984/1641 3817/992/1640 3818/983/1621
f 3819/925/1488 3820/926/1272 3821/1022/1684
f 3821/1022/1685 3820/926/1272 3822/1023/1403
f 3823/832/1279 3824/971/1686 3825/915/1687
f 3826/1005/1643 3827/980/1598 3828/985/1597
f 3829/1016/1673 3830/1004/1639 3831/1003/1638
f 3832/938/1512 3833/1009/1650 3834/1024/1688
f 3835/670/1256 3836/817/1255 3837/886/1419
f 3838/1004/1669 3839/1016/1689 3840/1003/1668
f 3841/1016/1689 3842/1004/1669 3843/1017/1690
f 3844/982/1645 3845/985/1656 3846/988/1691
f 3847/969/1662 3848/1013/1692 3849/1019/1676
f 3850/993/1642 3851/994/1651 3852/992/1640
f 3853/995/1693 3854/1003/1668 3855/994/1651
f 3856/992/1607 3857/1025/1694 3858/994/1695
f 3859/1025/1694 3856/992/1696 3860/1015/1697
f 3861/1018/1698 3862/774/1186 3863/820/1261
f 3864/1014/1699 3865/624/961 3866/776/1194
f 3867/956/1555 3868/1018/1675 3869/774/1314
f 3870/934/1506 3871/785/1201 3872/937/1700
f 3873/979/1611 3874/1001/1701 3875/978/1611
f 3876/1001/1701 3877/979/1611 3878/1002/1701
f 3879/545/1355 3880/869/1702 3881/546/1703
f 3882/977/1677 3883/1019/1704 3884/1026/1677
f 3885/1027/1705 3886/936/1508 3887/898/1510
f 3888/841/1706 3889/1012/1707 3890/1007/1706
f 3889/1012/1708 3888/841/1683 3891/881/1708
f 3892/994/1615 3893/1028/1709 3894/1003/1710
f 3895/1028/1711 3892/994/1615 3896/1025/1694
f 3897/998/1712 3898/986/1631 3899/983/1633
f 3900/774/1186 3901/1018/1698 3902/956/1713
f 3903/1003/1638 3904/1029/1714 3905/1016/1673
f 3904/1029/1714 3906/1003/1638 3907/1028/1709
f 3908/1002/1701 3909/951/1558 3910/1001/1701
f 3911/951/1558 3912/1002/1701 3913/950/1557
f 3914/142/1715 3915/1030/1715 3916/1030/1715
f 3914/142/1715 3916/1030/1715 3917/142/1715
f 3918/921/1475 3919/1031/1716 3920/377/520
f 3921/881/1707 3922/1011/1717 3923/1012/1707
f 3922/1011/1718 3921/881/1708 3924/911/1719
f 3925/142/1720 3926/1030/1720 3927/1030/1720
f 3926/1030/1721 3925/142/1721 3928/142/1721
f 3929/1015/1722 3930/983/1621 3931/992/1640
f 3930/983/1621 3932/1015/1722 3933/998/1712
f 3934/1025/1723 3935/992/1640 3936/994/1724
f 3935/992/1640 3937/1025/1725 3938/1015/1722
f 3939/1003/1668 3940/1029/1726 3941/1028/1727
f 3940/1029/1726 3942/1003/1728 3943/1016/1689
f 3944/885/1550 3945/821/1262 3946/944/1522
f 3947/1032/1729 3944/885/1369 3946/944/1522
f 3948/994/1651 3949/1028/1730 3950/1025/1723
f 3951/1028/1727 3948/994/1651 3952/1003/1728
f 3953/1026/1731 3954/979/1732 3955/977/1731
f 3956/847/1318 3957/810/1239 3958/901/1733
f 3959/1033/1734 3956/847/1318 3958/901/1426
f 3960/986/1631 3961/1010/1735 3962/1006/1736
f 3960/986/1634 3963/998/1712 3961/1010/1737
f 3964/820/1261 3965/864/1738 3966/871/1739
f 3967/911/1719 3968/1013/1740 3969/1011/1718
f 3968/1013/1740 3967/911/1719 3970/942/1741
f 3971/1013/1740 3970/942/1742 3972/969/1743
f 3973/1034/1744 3974/847/1318 3975/1033/1734
f 3976/986/1634 3977/1006/1736 3978/980/1745
f 3979/417/585 3980/362/500 3981/639/1746
f 3982/1035/1747 3979/417/618 3983/1036/1748
f 3984/1037/1749 3985/1038/1750 3986/1039/1751
f 3987/980/1632 3988/1006/1736 3989/1005/1752
f 3990/1040/1753 3991/872/1363 3992/864/1365
f 3993/831/1405 3994/890/1335 3995/952/1754
f 3995/952/1755 3994/890/1334 3996/1041/1756
f 3997/1013/1757 3998/969/1743 3999/1019/1758
f 4000/1019/1759 4001/969/1760 4002/977/1761
f 4003/960/1431 4004/1022/1684 4005/1023/1403
f 4006/1042/1762 4007/186/1763 4008/187/257
f 4009/891/1408 4010/662/1008 4011/853/1764
f 4011/853/1549 4012/1043/1765 4009/891/1408
f 4013/980/1632 4014/1005/1752 4015/985/1656
f 4016/946/1532 4017/957/1560 4018/921/1475
f 4019/1037/1749 4020/1044/1766 4021/1045/1767
f 4022/985/1597 4021/1045/1767 4023/1005/1643
f 4024/743/1133 4025/718/1096 4026/987/1768
f 4027/767/1301 4028/1008/1769 4029/730/1300
f 4030/908/1436 4031/971/1686 4032/832/1279
f 4033/1019/1758 4034/977/1761 4035/1026/1761
f 4036/690/1245 4037/904/1770 4038/812/1246
f 4039/1046/1771 4038/812/1246 4037/904/624
f 4040/817/1255 4041/789/1254 4042/788/1203
f 4043/920/1474 4044/972/1580 4045/581/880
f 4046/925/1488 4047/922/1476 4048/780/1477
f 4049/1008/1769 4050/767/1301 4051/996/1617
f 4052/1047/1772 4053/714/1399 4054/824/1268
f 4055/920/1474 4056/919/1473 4057/1048/1773
f 4058/728/1572 4059/456/651 4060/918/1774
f 4061/1026/1775 4062/977/1775 4063/979/1776
f 4064/360/565 4065/1049/1777 4066/369/508
f 4067/360/498 4068/700/1061 4065/1049/1777
f 4069/1050/1778 4065/1049/1777 4068/700/1061
f 4070/765/1779 4071/891/1408 4072/778/1190
f 4073/1051/1780 4072/778/1190 4071/891/1408
f 4074/974/1582 4075/904/624 4076/691/1781
f 4075/904/624 4074/974/1782 4077/1052/1783
f 4078/1040/1784 4079/864/1738 4080/863/1345
f 4081/820/1361 4082/1018/1675 4083/871/1785
f 4084/468/1786 4085/704/1073 4086/1053/1787
f 4087/1038/1788 4088/1037/1789 4089/1039/1790
f 4090/979/1732 4091/1026/1731 4092/1054/1791
f 4093/218/1792 4094/1055/1792 4095/1055/1792
f 4094/1055/1792 4093/218/1792 4096/218/1792
f 4097/639/978 4098/1036/1748 4099/417/585
f 4100/638/977 4098/1036/1748 4101/639/1746
f 4102/908/1793 4103/1056/1794 4104/971/1686
f 4105/820/1261 4106/871/1739 4107/1018/1698
f 4108/218/1795 4109/1055/1795 4110/1055/1795
f 4108/218/1795 4110/1055/1795 4111/218/1795
f 4112/1057/1796 4113/384/532 4114/1058/618
f 4115/1059/1797 4116/421/892 4117/1060/520
f 4118/377/520 4119/1031/1716 4120/1061/1797
f 4121/544/1798 4122/2/822 4123/1062/1799
f 4124/409/1800 4125/1063/1800 4126/1063/1800
f 4125/1063/1800 4124/409/1800 4127/409/1800
f 4128/1037/1789 4129/1045/1801 4130/1044/1802
f 4131/985/1656 4132/1005/1803 4129/1045/1801
f 4133/847/1318 4134/1034/1744 4135/1064/1804
f 4135/1064/1804 4134/1034/1744 4136/1065/1805
f 4137/1066/1806 4138/1039/1751 4139/1038/1750
f 4140/1063/1807 4141/409/1807 4142/409/1807
f 4142/409/1807 4143/1063/1807 4140/1063/1807
f 4144/1057/1808 4145/919/1809 4146/384/1810
f 4147/1054/1811 4148/1002/1812 4149/979/1732
f 4150/873/1813 4151/877/1422 4152/580/879
f 4153/990/1255 4154/722/1107 4155/798/1407
f 4156/974/1782 4157/777/1189 4158/778/1190
f 4158/778/1190 4159/1052/1783 4156/974/1582
f 4160/1067/1814 4161/530/1815 4162/521/1816
f 4163/861/1817 4164/860/1818 4165/895/1412
f 4166/967/1819 4167/1068/1820 4168/1069/1821
f 4169/920/1474 4170/581/880 4171/418/587
f 4172/972/1580 4169/920/1474 4173/1048/1773
f 4174/1070/1822 4172/972/1580 4173/1048/1823
f 4175/1071/1824 4176/515/1825 4177/493/1826
f 4178/1072/1827 4179/961/1828 4180/972/1580
f 4179/961/1828 4181/537/799 4180/972/1580
f 4182/961/1828 4183/1073/1829 4184/955/1626
f 4185/962/1564 4182/961/1828 4184/955/1626
f 4186/1026/1775 4187/979/1776 4188/1054/1830
f 4189/513/1831 4190/521/1832 4191/1074/1833
f 4192/956/1834 4193/863/1345 4194/909/1439
f 4195/730/1258 4196/1047/1835 4197/720/1352
f 4198/572/1423 4199/966/1575 4200/617/946
f 4201/1047/1836 4202/730/1300 4203/1008/1769
f 4204/1075/1837 4205/521/1816 4206/513/1838
f 4207/1076/1839 4208/616/944 4209/747/1141
f 4210/489/1840 4211/513/1831 4212/1077/1841
f 4213/1078/1842 4214/493/1843 4215/530/1844
f 4216/1022/1685 4217/960/1431 4218/959/1561
f 4216/1022/1684 4218/959/1845 4219/1079/1846
f 4220/1080/1847 4221/579/878 4222/630/968
f 4223/1081/1848 4224/909/1439 4225/884/1392
f 4226/1039/1790 4227/1066/1849 4228/1038/1788
f 4229/1039/1751 4230/1082/1850 4231/1044/1766
f 4232/1054/1851 4233/979/1776 4234/1002/1852
f 4235/1008/1647 4236/948/1539 4237/805/1227
f 4238/1038/1750 4239/1037/1749 4240/1083/1853
f 4241/1044/1766 4239/1037/1749 4242/1039/1751
f 4240/1083/1853 4243/1084/1854 4244/1038/1855
f 4245/1085/1856 4246/900/1420 4247/938/1857
f 4245/1085/1856 4247/938/1858 4248/1024/1859
f 4249/720/1352 4250/1086/1860 4251/852/1351
f 4252/959/1845 4253/934/1506 4254/1087/1861
f 4255/1088/1862 4256/1089/1863 4257/1090/1864
f 4258/1082/1865 4259/1039/1751 4260/1088/1862
f 4261/890/1334 4262/1091/1605 4263/1041/1756
f 4264/710/1866 4265/1086/1867 4266/824/1268
f 4267/1039/1751 4268/1066/1806 4269/1088/1862
f 4269/1088/1862 4270/1092/1868 4271/1082/1865
f 4272/1093/1869 4273/649/989 4274/594/908
f 4275/1080/1847 4276/718/1096 4277/579/1870
f 4278/1094/1871 4279/922/1476 4280/1095/1872
f 4281/1093/1873 4282/684/1874 4283/649/1875
f 4284/944/1522 4285/922/1476 4286/1094/1871
f 4287/1039/1790 4288/1044/1802 4289/1082/1876
f 4290/1086/1860 4291/720/1352 4292/1047/1835
f 4293/1096/1877 4294/630/968 4295/684/1037
f 4296/1097/1878 4297/191/1348 4298/706/1077
f 4298/706/1077 4299/191/1879 4300/25/262
f 4301/1037/1789 4302/1038/1880 4303/1083/1881
f 4304/1084/1882 4303/1083/1881 4305/1038/1788
f 4301/1037/1789 4306/1044/1802 4307/1039/1790
f 4308/873/1366 4309/607/1111 4310/877/1883
f 4311/877/1422 4312/966/1575 4313/572/1423
f 4314/1059/1797 4315/1098/1884 4316/421/817
f 4317/1099/1885 4318/1100/1886 4319/1101/1887
f 4320/1102/1888 4321/594/908 4322/701/1062
f 4323/1060/520 4324/421/892 4325/350/487
f 4326/1053/1889 4327/585/1890 4328/468/1786
f 4329/1103/1891 4330/419/1892 4331/924/1483
f 4332/934/1665 4333/937/1700 4334/1087/1861
f 4334/1087/1861 4333/937/1511 4335/1104/1893
f 4336/1089/1894 4337/1088/1895 4338/1090/1896
f 4339/1002/1812 4340/1054/1811 4341/1105/1897
f 4342/1086/1867 4343/710/1866 4344/1106/1898
f 4345/1058/585 4346/384/1810 4347/343/1899
f 4348/717/1900 4349/1107/1900 4350/1108/1900
f 4351/766/1171 4352/682/1031 4353/168/228
f 4354/1109/1901 4355/884/1392 4356/852/1902
f 4357/1109/1903 4356/852/1351 4358/1086/1904
f 4359/698/1242 4360/878/1371 4361/456/923
f 4362/972/1580 4363/973/1581 4364/581/880
f 4365/291/414 4364/581/880 4363/973/1581
f 4366/1070/1905 4367/1072/1827 4362/972/1580
f 4368/1110/1906 4367/1072/1827 4366/1070/1822
f 4369/1/1907 4370/10/1908 4371/809/1237
f 4370/10/1908 4372/72/1909 4373/809/1237
f 4374/1066/1849 4375/1039/1790 4376/1088/1895
f 4376/1088/1895 4377/1082/1876 4378/1092/1910
f 4379/1089/1911 4380/1088/1862 4381/1066/1806
f 4382/1090/1912 4379/1089/1863 4383/1111/1913
f 4384/1039/1790 4385/1082/1876 4386/1088/1895
f 4387/419/1484 4388/1103/1891 4389/686/1914
f 4390/874/1367 4391/783/1199 4392/1112/1915
f 4393/1113/1916 4394/995/1637 4395/1114/1917
f 4394/995/1918 4393/1113/1919 4396/993/1608
f 4397/1114/1917 4398/1004/1639 4399/1115/1920
f 4398/1004/1639 4397/1114/1921 4400/995/1649
f 4401/1103/1922 4402/924/1923 4403/602/1924
f 4404/894/1925 4405/861/1817 4406/895/1412
f 4407/1116/1926 4408/861/1817 4404/894/1927
f 4409/456/651 4410/878/1928 4411/918/1929
f 4412/1047/1772 4413/1008/1647 4414/714/1930
f 4415/871/1362 4416/1040/1753 4417/864/1365
f 4418/1115/1920 4419/1017/1674 4420/1117/1931
f 4419/1017/1932 4418/1115/1920 4421/1004/1933
f 4422/860/1934 4423/896/1414 4424/895/1935
f 4425/1115/1936 4426/1017/1690 4427/1004/1937
f 4426/1017/1690 4425/1115/1936 4428/1117/1938
f 4429/984/1596 4430/1118/1939 4431/981/1589
f 4430/1118/1939 4429/984/1596 4432/1119/1940
f 4432/1119/1940 4433/993/1608 4434/1113/1916
f 4433/993/1608 4432/1119/1940 4435/984/1596
f 4436/830/1941 4437/791/1199 4438/1120/1942
f 4439/1004/1943 4440/1114/1944 4441/1115/1936
f 4440/1114/1944 4439/1004/1669 4442/995/1652
f 4443/1002/1945 4444/1105/1897 4445/950/1946
f 4446/871/1739 4447/864/1346 4448/1040/1784
f 4449/1116/1926 4450/894/1925 4451/923/1478
f 4452/1053/1947 4453/642/1211 4454/643/1948
f 4455/995/1652 4456/1113/1949 4457/1114/1950
f 4456/1113/1951 4455/995/1693 4458/993/1642
f 4459/679/1030 4460/873/1366 4461/878/1429
f 4462/521/1952 4463/530/1953 4464/1121/1954
f 4463/530/1953 4465/493/1955 4466/1122/1956
f 4465/493/1955 4467/532/1957 4468/1123/1958
f 4466/1122/1959 4469/1121/1954 4470/530/1953
f 4471/812/1246 4472/1046/1771 4473/991/1605
f 4474/1124/1960 4473/991/1605 4472/1046/1771
f 4475/956/1628 4476/1081/1961 4477/797/1290
f 4478/1106/1898 4479/797/1290 4480/1081/1961
f 4479/797/1290 4478/1106/1898 4481/710/1866
f 4482/883/1386 4483/1125/1962 4484/794/1209
f 4485/1126/1963 4486/885/1369 4487/1032/1964
f 4488/1127/1965 4485/1126/1551 4489/1032/1729
f 4490/1035/1966 4491/1036/1748 4492/1128/1967
f 4493/878/1968 4494/698/1058 4495/918/1472
f 4496/937/1511 4497/952/1755 4498/1104/1893
f 4499/1104/1893 4497/952/1548 4500/1129/1969
f 4501/1077/1970 4502/489/1971 4503/487/1972
f 4504/1130/1973 4505/988/1602 4506/982/1590
f 4507/1118/1939 4506/982/1590 4508/981/1589
f 4509/982/1590 4507/1118/1939 4510/1130/1973
f 4511/838/1294 4512/1131/1974 4513/796/1209
f 4514/1088/1895 4515/1089/1975 4516/1066/1849
f 4515/1089/1975 4517/1090/1976 4518/1111/1977
f 4519/421/892 4520/1132/1978 4521/543/818
f 4522/1132/1978 4523/421/1979 4524/1098/1884
f 4525/953/1963 4526/1043/1765 4527/853/1328
f 4528/1043/1765 4525/953/1551 4529/1133/1980
f 4530/1054/1830 4531/1002/1981 4532/1105/1982
f 4533/1086/1983 4534/1047/1772 4535/824/1268
f 4536/1134/1984 4537/944/1522 4538/1094/1985
f 4539/686/1986 4540/1103/1922 4541/602/1987
f 4542/1118/1988 4543/984/1989 4544/981/1622
f 4543/984/1641 4542/1118/1988 4545/1119/1990
f 4546/993/1642 4545/1119/1990 4547/1113/1991
f 4545/1119/1990 4546/993/1642 4548/984/1641
f 4549/1135/1992 4550/1136/1993 4551/655/998
f 4552/405/997 4551/655/998 4553/1136/1994
f 4554/1137/1995 4555/1138/1996 4556/1139/1997
f 4557/1140/1998 4554/1137/1995 4558/1141/1999
f 4559/1084/1854 4560/1083/1853 4555/1138/1996
f 4561/1083/1853 4562/1139/1997 4555/1138/1996
f 4563/1037/1749 4564/988/1602 4561/1083/1853
f 4565/1045/1767 4566/985/1597 4563/1037/1749
f 4567/957/1560 4568/1142/2000 4569/1143/2001
f 4570/921/1475 4567/957/1560 4571/1031/1716
f 4567/957/1560 4572/1143/2001 4571/1031/1716
f 4572/1143/2001 4573/1142/2002 4574/1144/2003
f 4575/1093/1869 4576/648/988 4577/649/989
f 4578/988/2004 4579/1037/1749 4580/985/1597
f 4556/1139/1997 4581/1083/1853 4578/988/2004
f 4578/988/1602 4582/1130/1973 4562/1139/1997
f 4583/1145/2005 4562/1139/1997 4584/1130/1973
f 4584/1130/2006 4585/1146/2007 4586/1145/2005
f 4587/947/1534 4588/1142/2002 4589/957/1560
f 4590/1105/1982 4591/1002/1852 4592/950/2008
f 4593/987/2009 4594/747/1141 4595/577/875
f 4596/613/939 4597/1093/1873 4598/649/1064
f 4599/1130/2010 4600/982/1645 4601/988/2011
f 4602/1118/1988 4603/981/1622 4600/982/1645
f 4602/1118/1988 4600/982/1645 4604/1130/2010
f 4605/1147/2012 4606/170/2013 4607/108/136
f 4608/1032/1729 4609/944/1522 4610/1134/1984
f 4611/1148/2014 4612/1149/2015 4613/685/1038
f 4611/1148/2014 4613/685/2016 4614/369/2017
f 4615/1111/1913 4616/1150/2018 4617/1151/2019
f 4618/1092/1868 4619/1088/1862 4620/1090/2020
f 4618/1092/1868 4620/1090/2020 4621/1152/2021
f 4622/952/1754 4623/1041/2022 4624/1129/2023
f 4625/700/1061 4626/405/1060 4627/1136/1993
f 4628/1136/1994 4629/1135/2024 4625/700/1061
f 4630/1111/1913 4631/1089/1863 4632/1150/2018
f 4633/1153/2025 4630/1111/1913 4634/1151/2019
f 4635/1040/1784 4636/863/1345 4637/956/1834
f 4638/1040/1753 4639/956/1628 4640/872/1363
f 4641/1035/1747 4642/1154/2026 4643/1155/1808
f 4644/417/585 4641/1035/1966 4643/1155/1796
f 4645/1049/1777 4646/1149/2015 4647/1148/2014
f 4648/369/2027 4645/1049/1777 4649/1148/2014
f 4650/988/1691 4651/985/1656 4652/1037/1789
f 4653/1139/2028 4650/988/2011 4654/1083/1881
f 4655/1130/2010 4650/988/2011 4656/1139/2028
f 4657/1145/2029 4658/1130/2010 4656/1139/2028
f 4659/1146/2030 4658/1130/2010 4660/1145/2029
f 4661/1137/2031 4653/1139/2028 4662/1138/2032
f 4661/1137/2031 4663/1140/2033 4664/1141/2034
f 4665/1083/1881 4666/1084/1882 4662/1138/2035
f 4667/1139/2028 4668/1083/1881 4662/1138/2032
f 4669/988/2011 4670/1037/1789 4668/1083/1881
f 4671/985/1656 4672/1045/1801 4670/1037/1789
f 4673/1150/2036 4674/1111/1977 4675/1151/2037
f 4676/1156/2038 4677/1157/2039 4678/1158/2040
f 4679/922/1521 4680/925/1500 4681/1095/1872
f 4682/1159/2041 4683/1134/1984 4681/1095/1872
f 4684/1022/1684 4681/1095/1872 4685/925/1488
f 4686/1095/1872 4684/1022/1684 4687/1079/2042
f 4686/1095/1872 4688/1079/2042 4689/1160/2043
f 4690/1151/2019 4691/1157/2039 4692/1156/2038
f 4693/182/252 4694/758/1160 4695/1161/29
f 4696/822/1264 4694/758/1160 4693/182/252
f 4697/1162/2044 4698/759/1161 4696/822/2045
f 4699/1163/1163 4698/759/2046 4697/1162/2044
f 4700/1164/2047 4701/965/2048 4702/686/1040
f 4701/965/1573 4700/1164/2047 4703/1165/2049
f 4704/1152/2021 4705/1090/2020 4706/1111/1913
f 4707/1088/1895 4708/1092/1910 4709/1090/1976
f 4709/1090/2050 4708/1092/1910 4710/1152/2051
f 4711/1132/1978 4712/655/998 4713/543/818
f 4712/655/998 4714/354/492 4713/543/818
f 4715/1132/2052 4716/1135/1992 4712/655/998
f 4715/1132/1978 4717/1166/2053 4716/1135/1992
f 4718/1111/2054 4719/1150/2036 4720/1089/1975
f 4721/1153/2055 4722/1151/2037 4718/1111/1977
f 4723/513/1838 4724/489/2056 4725/1075/1837
f 4726/1156/2057 4727/1158/2058 4728/1157/2059
f 4729/1167/2060 4730/1168/2061 4731/801/2062
f 4732/800/2063 4729/1167/2060 4731/801/2064
f 4733/1169/2065 4734/1170/2066 4735/1171/2067
f 4736/638/977 4737/964/1567 4738/1128/2068
f 4739/966/1575 4740/1093/1873 4741/613/939
f 4742/1081/1848 4743/884/1392 4744/1109/1903
f 4745/956/1834 4746/909/1439 4747/1081/1848
f 4748/1065/2069 4749/1172/2070 4750/1064/2071
f 4749/1172/2070 4751/1173/2072 4750/1064/2071
f 4752/904/624 4753/1052/1783 4754/1046/1771
f 4754/1046/1771 4753/1052/1783 4755/1174/2073
f 4756/987/2009 4757/564/1601 4758/918/1571
f 4759/1175/2074 4760/1117/2075 4761/1176/2076
f 4762/1151/2037 4763/1156/2057 4764/1157/2059
f 4765/1177/2077 4766/1178/2078 4767/1170/2066
f 4768/1117/2079 4769/1175/2080 4770/1176/2081
f 4771/1117/2075 4772/1175/2074 4773/1115/1920
f 4774/1179/2082 4775/1115/1920 4772/1175/2074
f 4775/1115/1920 4776/1179/2082 4777/1114/1921
f 4778/1180/2083 4779/1114/1917 4774/1179/2084
f 4780/489/2085 4781/1075/2085 4782/487/2085
f 4783/965/2086 4784/1164/2087 4785/686/2088
f 4784/1164/2087 4783/965/2089 4786/1165/2090
f 4787/860/1818 4788/862/2091 4789/1181/2092
f 4790/1175/2080 4791/1117/2079 4792/1115/1936
f 4793/1115/1936 4794/1179/2093 4790/1175/2080
f 4795/1114/1950 4796/1180/2094 4794/1179/2095
f 4797/1179/2095 4793/1115/1936 4798/1114/1950
f 4799/1051/1780 4800/891/1408 4801/1043/1765
f 4802/1133/2096 4799/1051/1780 4801/1043/1765
f 4803/521/1832 4804/1121/2097 4805/1074/1833
f 4806/1102/1888 4807/616/944 4808/1076/2098
f 4809/955/1553 4810/1073/1829 4811/947/1534
f 4810/1073/2099 4812/1182/2100 4813/947/1534
f 4814/1067/1814 4815/521/1816 4816/1075/1837
f 4817/1183/2101 4818/1184/2102 4819/1185/2103
f 4820/520/2104 4821/481/2105 4822/1186/2106
f 4823/1152/2051 4824/1111/1977 4825/1090/1976
f 4826/1031/1716 4827/1143/2001 4828/1061/1797
f 4829/1184/2102 4830/1171/2067 4831/1185/2103
f 4832/1146/2007 4833/1130/1973 4834/1118/1939
f 4835/1119/1940 4836/1146/2007 4834/1118/1939
f 4836/1146/2007 4835/1119/1940 4837/1187/2107
f 4838/1113/2108 4839/1187/2109 4835/1119/1940
f 4839/1187/2109 4840/1113/2110 4841/1180/2083
f 4842/1114/1917 4841/1180/2083 4838/1113/1916
f 4843/1188/2111 4844/975/1583 4845/716/1094
f 4846/1189/2112 4844/975/1583 4843/1188/2113
f 4847/1190/2114 4848/682/1031 4849/766/1171
f 4850/1191/2115 4851/1151/2019 4852/1156/2038
f 4853/520/2104 4854/1192/2116 4855/532/1957
f 4856/1052/1783 4857/1051/2117 4858/1193/2118
f 4856/1052/2119 4859/778/1190 4857/1051/1780
f 4860/609/933 4861/1194/2120 4862/793/1207
f 4863/827/2121 4862/793/1207 4861/1194/2120
f 4864/761/2122 4863/827/2121 4865/1195/2123
f 4866/1194/2120 4867/1195/2123 4868/827/2121
f 4869/409/2124 4870/1196/2124 4871/1063/2124
f 4872/1196/2124 4873/409/2124 4874/408/2124
f 4875/919/1809 4876/1070/2125 4877/1048/1773
f 4878/795/2126 4879/830/1274 4880/1120/1915
f 4881/950/1946 4882/1105/1897 4883/1197/2127
f 4884/409/2128 4885/1063/2128 4886/1196/2128
f 4887/409/2128 4888/1196/2128 4889/408/2128
f 4890/870/2129 4891/490/2130 4892/515/1825
f 4893/638/1566 4894/1128/2131 4895/1036/2132
f 4896/1107/2133 4897/755/2133 4898/1198/2133
f 4899/776/1188 4900/1014/1663 4901/804/1223
f 4902/1091/1605 4903/1199/1960 4904/1041/1756
f 4905/1038/1855 4906/1200/2134 4907/1066/1806
f 4908/898/1510 4909/1201/2135 4910/1027/1705
f 4911/1032/1729 4912/1202/2136 4913/1127/1965
f 4914/1078/1842 4915/530/1844 4916/1067/2137
f 4917/1071/2138 4918/493/1826 4914/1078/1842
f 4919/1202/2139 4920/1032/1729 4921/1134/2140
f 4922/975/1609 4923/1188/2141 4924/716/1102
f 4923/1188/2142 4922/975/1609 4925/1189/2143
f 4926/1152/2021 4927/1111/1913 4928/1153/2025
f 4929/1203/2144 4930/1184/2145 4931/1183/2146
f 4932/1203/2144 4931/1183/2146 4933/1204/2147
f 4934/1146/2030 4935/1118/1988 4936/1130/2010
f 4937/1146/2030 4938/1119/1990 4935/1118/1988
f 4938/1119/1990 4937/1146/2030 4939/1187/2148
f 4940/1187/2149 4941/1113/1991 4938/1119/1990
f 4942/1180/2150 4943/1114/1950 4941/1113/2151
f 4944/1113/2151 4940/1187/2149 4942/1180/2094
f 4945/1191/2152 4946/1156/2057 4947/1151/2037
f 4948/1194/2153 4949/609/1214 4950/793/1215
f 4948/1194/2153 4950/793/1215 4951/827/2154
f 4952/1195/2155 4951/827/2156 4953/761/2157
f 4954/1123/1958 4955/1122/1959 4956/493/2158
f 4957/1192/2116 4954/1123/1958 4958/532/1957
f 4959/1195/2155 4960/1194/2153 4961/827/2154
f 4962/950/1946 4963/1197/2159 4964/856/2160
f 4965/640/2161 4966/1205/2162 4967/443/2163
f 4968/792/2164 4969/1131/2165 4970/838/1294
f 4971/1206/2166 4972/1207/2167 4973/893/1413
f 4974/1129/2168 4975/1041/1756 4976/1208/2169
f 4977/1014/1699 4978/776/1232 4979/804/484
f 4980/1199/1960 4981/1208/2169 4982/1041/1756
f 4983/1186/2170 4984/481/2171 4985/490/2130
f 4986/414/2172 4987/1209/2172 4988/484/2172
f 4989/1087/1861 4990/1104/1893 4991/1160/2043
f 4991/1160/2043 4990/1104/1893 4992/1210/2173
f 4993/1211/2174 4994/481/2175 4995/509/2176
f 4996/847/2072 4997/1064/2071 4998/1173/2072
f 4999/685/2177 5000/964/2178 5001/963/1565
f 5002/363/501 4999/685/2179 5001/963/1565
f 5000/964/2180 5003/685/1038 5004/1149/2015
f 5004/1149/2015 5005/1212/2181 5006/964/2182
f 5007/1151/2019 5008/1191/2115 5009/1153/2025
f 5010/1111/1977 5011/1152/2051 5012/1153/2055
f 5013/947/1534 5014/1182/2100 5015/1142/2000
f 5016/1080/2183 5017/630/968 5018/1096/2184
f 5019/1110/1906 5020/1073/1829 5021/1072/1827
f 5021/1072/1827 5020/1073/1829 5022/961/1828
f 5023/1093/1869 5024/935/1507 5025/648/1424
f 5026/950/2008 5027/1197/2185 5028/1105/1982
f 5029/782/1554 5030/744/1295 5031/526/809
f 5032/744/1295 5029/782/1554 5033/1213/2186
f 5034/1200/2187 5035/1038/1788 5036/1066/1849
f 5037/1102/2188 5038/1093/1869 5039/594/908
f 5040/1151/2037 5041/1153/2055 5042/1191/2152
f 5043/513/1831 5044/1074/1833 5045/1077/2189
f 5046/1096/2184 5047/684/1037 5048/1093/1873
f 5049/1183/2101 5050/1185/2190 5051/1204/2191
f 5052/1170/2066 5053/1214/2192 5054/1171/2067
f 5053/1214/2192 5052/1170/2066 5055/1215/2193
f 5056/1197/2194 5057/950/2008 5058/856/2195
f 5059/1159/2041 5060/1095/1872 5061/1160/2043
f 5062/1204/2191 5063/1216/2196 5064/1183/2101
f 5065/1066/1806 5066/1217/2197 5067/1089/1863
f 5068/782/1197 5069/526/773 5070/744/1137
f 5068/782/1197 5071/744/1137 5072/1213/2198
f 5073/1218/2199 5074/1219/1478 5075/1207/2200
f 5076/1220/2201 5077/1221/2202 5078/1222/2203
f 5077/1221/2202 5079/1223/2204 5080/1222/2203
f 5081/1075/1837 5082/489/2056 5083/1077/2056
f 5084/1224/2205 5085/1070/2206 5086/919/1473
f 5087/1223/2207 5088/1221/2202 5089/1203/2144
f 5089/1203/2144 5090/1225/2208 5087/1223/2207
f 5091/1221/2209 5092/1169/2210 5093/1184/2145
f 5093/1184/2145 5094/1203/2144 5091/1221/2209
f 5092/1169/2210 5095/1221/2202 5096/1220/2201
f 5096/1220/2211 5097/1177/2212 5092/1169/2210
f 5097/1177/2212 5096/1220/2211 5098/1226/2213
f 5098/1226/2214 5099/1227/2215 5097/1177/2212
f 5100/1227/2215 5098/1226/2214 5101/1228/2216
f 5101/1228/2216 5102/1229/2217 5100/1227/2215
f 5102/1229/2217 5101/1228/2218 5103/1230/2219
f 5103/1230/2219 5104/1231/2220 5102/1229/2217
f 5104/1231/2220 5103/1230/2219 5105/1232/2221
f 5104/1231/2222 5105/1232/2221 5106/1233/2223
f 5107/1171/2067 5108/1214/2192 5109/1185/2190
f 5108/1214/2224 5110/1234/2225 5109/1185/2103
f 5111/953/1551 5112/1235/1965 5113/1133/2226
f 5113/1133/2226 5114/1235/1965 5115/1236/2227
f 5116/1138/1996 5117/1137/1995 5118/1237/2228
f 5117/1137/1995 5119/1140/2229 5120/1237/2228
f 5121/1238/2230 5122/1138/1996 5118/1237/2231
f 5116/1138/1996 5123/1238/2230 5124/1084/1854
f 5125/1200/2134 5126/1038/1750 5124/1084/1854
f 5127/1229/2232 5128/1228/2233 5129/1227/2234
f 5128/1228/2233 5130/1226/2235 5129/1227/2234
f 5131/1230/2236 5128/1228/2233 5127/1229/2232
f 5132/1231/2237 5131/1230/2236 5127/1229/2232
f 5132/1231/2237 5133/1232/2238 5131/1230/2236
f 5133/1232/2238 5132/1231/2237 5134/1233/2239
f 5130/1226/2235 5135/1178/2078 5136/1177/2240
f 5137/1227/2234 5130/1226/2241 5136/1177/2240
f 5138/1169/2065 5136/1177/2240 5139/1170/2066
f 5140/1184/2102 5138/1169/2065 5141/1171/2067
f 5142/616/944 5143/1102/1888 5144/701/1062
f 5145/1239/2242 5146/1204/2147 5147/1183/2146
f 5148/1204/2147 5149/1239/2242 5150/1240/2243
f 5151/257/2244 5152/223/2244 5153/1241/2244
f 5154/1242/2245 5155/1176/2076 5156/1243/2246
f 5157/1176/2081 5158/1242/2247 5159/1243/2248
f 5160/1160/2043 5161/1210/2249 5162/1159/2041
f 5162/1159/2041 5161/1210/2173 5163/1244/2250
f 5164/1079/1846 5165/1087/1861 5160/1160/2043
f 5166/959/1561 5165/1087/1861 5164/1079/1846
f 5167/1217/2251 5168/1066/1849 5169/1089/1975
f 5170/1217/2197 5171/1066/1806 5172/1200/2134
f 5173/1084/1854 5174/1245/2252 5172/1200/2134
f 5175/743/1133 5176/987/2253 5177/918/2254
f 5178/1151/2019 5179/1150/2018 5180/1157/2039
f 5181/1150/2255 5182/1246/2256 5180/1157/2039
f 5179/1150/2018 5183/1217/2197 5184/1246/2256
f 5185/1217/2197 5186/1247/2257 5184/1246/2256
f 5187/1143/2001 5188/1144/2003 5189/1061/1797
f 5190/1248/2258 5191/1187/2109 5192/1249/2259
f 5193/1187/2109 5190/1248/2260 5194/1146/2007
f 5195/1249/2259 5196/1180/2083 5197/1250/2261
f 5198/1180/2083 5195/1249/2259 5199/1187/2109
f 5200/1179/2082 5201/1250/2262 5196/1180/2263
f 5202/1175/2074 5203/1251/2264 5200/1179/2082
f 5204/1251/2264 5202/1175/2074 5205/1242/2245
f 5206/1176/2076 5205/1242/2245 5207/1175/2074
f 5208/1250/2262 5209/1179/2082 5204/1251/2264
f 5210/1179/2095 5211/1250/2265 5212/1251/2266
f 5213/487/2267 5214/1121/2267 5215/473/2267
f 5216/700/1061 5217/1135/2024 5218/1050/1778
f 5217/1135/2024 5219/1252/2268 5218/1050/1778
f 5220/251/2269 5221/353/2269 5222/1253/2269
f 5223/487/2270 5224/473/2271 5225/1121/2271
f 5226/1095/1872 5227/1134/1984 5228/1094/1985
f 5229/1089/1863 5230/1217/2197 5231/1150/2018
f 5232/251/2272 5233/1253/2272 5234/216/2272
f 5235/1121/2271 5236/1074/2273 5237/487/2274
f 5238/1225/2208 5239/1203/2144 5240/1204/2275
f 5238/1225/2208 5240/1204/2276 5241/1254/2277
f 5242/444/2278 5243/443/2278 5244/444/2278
f 5245/1180/2094 5246/1249/2279 5247/1250/2265
f 5246/1249/2279 5248/1180/2150 5249/1187/2148
f 5250/1250/2265 5251/1179/2095 5245/1180/2094
f 5252/1251/2266 5253/1175/2080 5251/1179/2095
f 5253/1175/2080 5252/1251/2266 5254/1242/2247
f 5254/1242/2247 5255/1176/2081 5256/1175/2080
f 5257/1149/2015 5258/1049/1777 5259/1050/1778
f 5259/1050/1778 5260/1255/2280 5257/1149/2281
f 5261/1220/2211 5262/1222/2203 5263/1256/2282
f 5264/1226/2214 5261/1220/2201 5263/1256/2282
f 5264/1226/2214 5263/1256/2282 5265/1257/2283
f 5265/1257/2283 5266/1228/2216 5264/1226/2213
f 5267/1224/2205 5268/919/1473 5269/1057/1808
f 5270/257/2284 5271/1241/2284 5272/389/2284
f 5273/1258/2199 5274/1116/2285 5275/923/1478
f 5276/1245/2252 5277/1084/1854 5278/1238/2230
f 5279/1170/2066 5280/1178/2078 5281/1215/2286
f 5280/1178/2078 5282/1226/2241 5283/1256/2287
f 5284/1257/2288 5283/1256/2287 5282/1226/2241
f 5285/1228/2233 5284/1257/2288 5282/1226/2289
f 5286/1248/2290 5287/1187/2149 5288/1146/2030
f 5289/1187/2149 5290/1248/2291 5291/1249/2279
f 5292/1151/2037 5293/1157/2059 5294/1150/2292
f 5295/1246/2293 5296/1150/2036 5293/1157/2059
f 5294/1150/2036 5297/1246/2293 5298/1217/2251
f 5299/1247/2294 5300/1217/2251 5297/1246/2293
f 5301/1137/2031 5302/1138/2032 5303/1237/2295
f 5304/1138/2032 5305/1238/2296 5303/1237/2295
f 5306/1140/2033 5301/1137/2031 5307/1237/2295
f 5308/1238/2296 5302/1138/2032 5309/1084/1882
f 5310/1038/1788 5311/1200/2187 5309/1084/1882
f 5312/1259/2297 5313/1124/2298 5314/1174/2073
f 5315/1046/1771 5316/1174/2073 5313/1124/2298
f 4556/1139/1997 5317/1145/2005 5318/1137/1995
f 5319/1146/2007 5320/1260/2299 5317/1145/2005
f 5320/1260/2300 5321/1146/2007 5322/1248/2260
f 5323/1145/2005 5324/1141/1999 5318/1137/1995
f 5325/1260/2299 5326/1261/2301 5324/1141/1999
f 5327/1066/1849 5328/1217/2251 5329/1200/2187
f 5330/1245/2302 5331/1084/1882 5329/1200/2187
f 5332/855/2303 5333/436/2304 5334/1147/2012
f 5335/1104/1893 5336/1129/1969 5337/1210/2249
f 5337/1210/2173 5338/1129/2168 5339/1244/2250
f 5340/1141/1999 5341/1145/2005 5342/1260/2300
f 5343/1217/2251 5344/1089/1975 5345/1150/2036
f 5346/1193/2118 5347/1051/1780 5348/1133/2096
f 5349/1193/2118 5348/1133/2226 5350/1236/2305
f 5351/1185/2103 5352/1234/2306 5353/1204/2307
f 5354/1262/2308 5355/1169/2065 5356/1263/2309
f 5357/1234/2225 5358/1254/2310 5359/1204/2307
f 5360/1264/2311 5361/1216/2196 5362/1204/2307
f 5363/1265/2312 5364/1263/2309 5365/1184/2102
f 5366/704/2313 5367/1266/2314 5368/804/484
f 5369/1264/2315 5370/1267/2316 5371/1216/2196
f 5372/1169/2210 5373/1262/2317 5374/1263/2318
f 5375/1184/2145 5376/1263/2318 5377/1268/2319
f 5378/1077/2320 5379/1075/2320 5380/489/2320
f 5381/1269/2003 5382/1270/2321 5383/1059/1797
f 5384/1240/2322 5385/1239/2242 5386/1271/2323
f 5387/1272/2324 5388/1222/2203 5389/1223/2207
f 5390/1273/2325 5391/1027/2326 5392/1201/2135
f 5393/520/2104 5394/1186/2106 5395/1192/2116
f 5396/1182/2327 5397/1274/2328 5398/1142/2000
f 5399/1084/1882 5400/1245/2302 5401/1238/2296
f 5402/1275/2329 5403/869/1356 5404/839/1296
f 5405/1141/2034 5406/1145/2029 5407/1137/2031
f 5408/1261/2330 5409/1260/2331 5405/1141/2034
f 5410/1145/2029 5411/1139/2028 5407/1137/2031
f 5412/1260/2331 5413/1146/2030 5410/1145/2029
f 5414/1146/2030 5412/1260/2331 5415/1248/2290
f 5416/1276/2332 5417/1134/2140 5418/1159/2041
f 5419/1270/2321 5420/1098/1884 5421/1059/1797
f 5422/1145/2029 5423/1141/2333 5424/1260/2331
f 5425/1169/2065 5426/1262/2308 5427/1177/2240
f 5428/1174/2073 5429/1193/2118 5430/1259/2297
f 5431/1052/1783 5429/1193/2118 5432/1174/2073
f 5433/964/2178 5434/1212/2334 5435/1128/2068
f 5436/1208/2169 5437/1199/2298 5438/1277/2335
f 5439/1200/2134 5440/1247/2257 5441/1217/2197
f 5442/1157/2039 5443/1278/2336 5444/1158/2337
f 5445/1279/2338 5446/1127/1965 5447/1202/2339
f 5448/987/2340 5449/718/1096 5450/1080/1847
f 5451/1098/2341 5452/1166/2053 5453/1132/1978
f 5454/1201/2342 5455/898/1503 5456/933/1502
f 5456/933/1502 5457/1280/2343 5454/1201/2342
f 5458/1262/2344 5459/1169/2210 5460/1177/2212
f 5461/1281/2345 5462/1224/2346 5463/1057/1796
f 5464/1147/2347 5465/436/2304 5466/170/235
f 5467/1204/2147 5468/1240/2322 5469/1282/2348
f 5470/695/2349 5471/1283/2350 5472/1284/2349
f 5473/188/2351 5474/188/2351 5475/1285/2351
f 5474/188/2351 5476/1285/2351 5475/1285/2351
f 5477/856/2160 5478/1197/2159 5479/1286/2352
f 5480/1285/2353 5481/188/2353 5482/188/2353
f 5481/188/2353 5480/1285/2353 5483/1285/2353
f 5484/1287/2354 5485/651/992 5486/886/1419
f 5487/1211/2355 5488/478/2356 5489/481/2357
f 5490/1254/2277 5491/1204/2276 5492/1282/2348
f 5493/1274/2328 5494/1144/2003 5495/1142/2000
f 5496/1278/2358 5497/1157/2059 5498/1158/2058
f 5499/1288/2359 5500/1124/2360 5501/1259/2297
f 5502/1074/2361 5503/1077/1970 5504/487/1972
f 5505/1110/1906 5506/1289/2362 5507/1182/2100
f 5508/1073/1829 5505/1110/2363 5507/1182/2100
f 5509/695/2364 5510/1284/2364 5511/1283/2365
f 5512/1178/2078 5513/1256/2287 5514/1290/2366
f 5515/1215/2286 5516/1178/2078 5514/1290/2366
f 5517/1214/2224 5518/1215/2286 5519/1291/2367
f 5520/1192/2368 5521/509/2176 5522/496/2369
f 5523/1157/2039 5524/1246/2256 5525/1278/2370
f 5524/1246/2256 5526/1292/2371 5525/1278/2370
f 5527/666/2372 5528/1293/2373 5529/875/2374
f 5530/686/1914 5531/1103/1891 5532/1164/2375
f 5533/1247/2294 5534/1200/2376 5535/1217/2251
f 5536/1062/2377 5537/2/822 5538/1/2378
f 5539/1286/2379 5540/750/2380 5541/856/2160
f 5542/686/1986 5543/1164/2381 5544/1103/1922
f 5545/1294/2382 5546/1243/2246 5547/1295/2383
f 5548/1135/1992 5549/1166/2053 5550/1252/2268
f 5551/1243/2246 5552/1294/2382 5553/1242/2245
f 5554/1296/2384 5555/1242/2245 5552/1294/2382
f 5555/1242/2245 5556/1296/2384 5557/1251/2264
f 5558/1297/2385 5559/1251/2264 5556/1296/2384
f 5560/1235/1965 5561/1298/2338 5562/1236/2305
f 5563/1234/2306 5564/1214/2192 5565/1291/2367
f 5566/1224/2346 5567/1110/2363 5568/1070/1822
f 5569/1243/2248 5570/1294/2386 5571/1295/2387
f 5572/1251/2264 5573/1297/2385 5574/1250/2262
f 5575/1068/1820 5576/1299/2388 5577/1069/1821
f 5578/892/1487 5579/879/1462 5580/1300/2389
f 5581/971/2390 5582/1301/2390 5583/916/2390
f 5584/1204/2307 5585/1225/2391 5586/1264/2315
f 5587/1157/2059 5588/1278/2358 5589/1246/2293
f 5590/1292/2392 5589/1246/2293 5588/1278/2393
f 5591/1247/2257 5592/1200/2134 5593/1245/2252
f 5594/1302/2394 5593/1245/2252 5595/1238/2230
f 5596/1140/1998 5595/1238/2230 5597/1237/2228
f 5598/1294/2386 5599/1243/2248 5600/1242/2247
f 5601/1242/2247 5602/1296/2395 5598/1294/2386
f 5603/1296/2395 5601/1242/2247 5604/1251/2266
f 5604/1251/2266 5605/1297/2396 5603/1296/2397
f 5606/1303/2398 5607/1250/2262 5608/1297/2385
f 5609/1250/2262 5610/1303/2398 5611/1249/2259
f 5612/856/2195 5613/1286/2399 5614/1197/2185
f 5615/1121/2267 5616/487/2267 5617/1075/2267
f 5618/1158/2337 5619/1278/2336 5620/1304/2400
f 5619/1278/2370 5621/1305/2401 5620/1304/2402
f 5622/1238/2230 5623/1140/1998 5624/1302/2394
f 5625/1245/2252 5624/1302/2394 5626/1306/2403
f 5627/1254/2310 5628/1225/2391 5629/1204/2191
f 5630/1297/2396 5631/1251/2266 5632/1250/2404
f 5633/1129/2168 5634/1208/2169 5635/1244/2250
f 5636/1244/2250 5634/1208/2169 5637/1307/2405
f 5638/1300/2406 5639/879/1372 5640/892/1562
f 5641/1308/2407 5642/1249/2259 5643/1303/2398
f 5644/1249/2259 5641/1308/2408 5645/1248/2260
f 5646/1229/2409 5647/1227/2234 5648/1309/2410
f 5648/1309/2411 5647/1227/2234 5649/1262/2412
f 5647/1227/2234 5650/1177/2240 5651/1262/2412
f 5652/1030/2413 5653/142/2413 5654/142/2413
f 5653/142/2413 5652/1030/2413 5655/1030/2413
f 5656/142/2414 5657/142/2414 5658/1030/2414
f 5657/142/2414 5659/1030/2414 5658/1030/2414
f 5660/1202/2339 5661/1134/1984 5662/1276/2332
f 5663/1279/2338 5664/1202/2136 5662/1276/2332
f 5665/1263/2309 5666/1169/2065 5667/1184/2102
f 5668/1310/2415 5669/1110/1906 5670/1224/2346
f 5671/1309/2416 5672/1227/2215 5673/1229/2217
f 5672/1227/2215 5671/1309/2416 5674/1262/2317
f 5675/1262/2344 5676/1177/2212 5672/1227/2215
f 5677/476/2417 5678/1123/2418 5679/496/2369
f 5680/1303/2419 5681/1250/2265 5682/1249/2279
f 5683/1250/2404 5684/1303/2420 5685/1297/2396
f 5686/1311/2421 5687/1230/2219 5688/1228/2218
f 5689/1228/2218 5690/1257/2283 5686/1311/2421
f 5691/1128/2068 5692/1212/2422 5693/1035/1966
f 5694/1286/2423 5695/856/2195 5696/750/2424
f 5697/1158/2058 5698/1304/2425 5699/1278/2393
f 5700/1305/2426 5699/1278/2358 5698/1304/2425
f 5701/1230/2236 5702/1311/2427 5703/1228/2428
f 5704/1311/2427 5705/1257/2288 5706/1228/2233
f 5707/1169/2210 5708/1263/2318 5709/1184/2145
f 5710/1312/2429 5711/1271/2430 5712/1313/2431
f 5713/1069/2432 5714/615/2432 5715/584/2432
f 5716/1208/2169 5717/1277/2359 5718/1307/2405
f 5719/1308/2433 5720/1249/2279 5721/1248/2291
f 5722/1249/2279 5719/1308/2434 5723/1303/2420
f 5724/1200/2376 5725/1247/2294 5726/1245/2302
f 5727/1302/2435 5728/1238/2296 5726/1245/2436
f 5729/1140/2033 5730/1237/2295 5728/1238/2296
f 5731/656/2437 5732/1099/1885 5733/657/2437
f 5734/987/2009 5735/1076/2098 5736/747/1141
f 5737/1140/2033 5738/1238/2296 5739/1302/2438
f 5740/1245/2302 5741/1306/2439 5739/1302/2435
f 5742/1314/2440 5743/1267/2316 5744/1264/2311
f 5745/1315/2441 5746/1265/2312 5747/1183/2442
f 5748/1316/2443 5749/1223/2207 5750/1225/2208
f 5751/1317/2444 5752/1240/2322 5753/1312/2445
f 5754/1246/2256 5755/1247/2257 5756/1292/2371
f 5755/1247/2257 5757/1318/2446 5756/1292/2371
f 5758/1314/2440 5759/1319/2447 5760/1267/2316
f 5761/1212/2448 5762/1154/2345 5763/1035/1966
f 5764/1320/2449 5765/1259/2297 5766/1236/2227
f 5767/1193/2118 5766/1236/2305 5765/1259/2297
f 5768/870/2129 5769/515/1825 5770/1071/2450
f 5771/1186/2170 5772/490/2130 5768/870/2129
f 5773/935/2451 5774/877/1370 5775/726/1109
f 5776/1183/2146 5777/1268/2319 5778/1315/2452
f 5779/1182/2327 5780/1289/2453 5781/1274/2328
f 5782/695/2454 5783/1321/2454 5784/1284/2454
f 5785/1321/2454 5786/695/2454 5787/703/2454
f 5788/666/2372 5789/665/2455 5790/1293/2373
f 5791/1245/2252 5792/1306/2403 5793/1247/2257
f 5794/1247/2257 5795/1306/2403 5796/1318/2456
f 5797/1322/2457 5798/664/2458 5799/711/1084
f 5800/546/1703 5801/1287/2459 5802/669/2460
f 5803/1021/2461 5804/968/1614 5805/654/1613
f 5803/1021/2462 5806/1323/2463 5807/968/1614
f 5808/1324/2464 5806/1323/2463 5809/1021/2462
f 5810/473/2465 5811/476/2466 5812/1122/2467
f 5811/476/2468 5813/477/2469 5814/1123/2470
f 5815/1141/2471 5816/1325/2472 5817/1140/1998
f 5818/1325/2472 5819/1141/1999 5820/1261/2473
f 5821/695/2474 5822/1321/2474 5823/703/2474
f 5824/1321/2475 5825/695/2475 5826/1284/2475
f 5827/1246/2293 5828/1292/2392 5829/1247/2294
f 5829/1247/2294 5828/1292/2392 5830/1318/2476
f 5831/860/1818 5832/1181/2092 5833/896/1414
f 5834/1225/2208 5835/1254/2477 5836/1316/2443
f 5837/1278/2336 5838/1292/2478 5839/1305/2401
f 5840/1292/2371 5841/1326/2479 5839/1305/2401
f 5842/1308/2408 5843/1327/2480 5844/1328/2481
f 5845/1248/2258 5844/1328/2481 5846/1260/2300
f 5847/1328/2481 5848/1248/2258 5849/1308/2407
f 5850/1303/2482 5851/1329/2483 5849/1308/2408
f 5852/1265/2312 5853/1184/2102 5854/1183/2101
f 5855/1244/2484 5856/1330/2485 5857/1276/2332
f 5858/1159/2041 5855/1244/2250 5857/1276/2332
f 5859/1320/2449 5860/1288/2335 5861/1259/2297
f 5862/879/1462 5863/844/1461 5864/1331/2486
f 5863/844/1461 5865/845/1459 5866/1332/2487
f 5865/845/1459 5867/846/1460 5868/1333/2488
f 5869/893/2489 5870/896/1414 5871/1206/2166
f 5872/1181/2092 5873/1206/2490 5870/896/1414
f 5874/1306/2491 5875/1245/2302 5876/1247/2294
f 5877/1247/2294 5878/1318/2492 5879/1306/2491
f 5880/1334/2493 5881/1233/2223 5882/1232/2221
f 5883/1233/2223 5884/1334/2493 5885/1335/2494
f 5886/1332/2045 5887/845/1311 5888/844/1310
f 5889/1333/2495 5890/846/1313 5887/845/1311
f 5891/1331/2496 5888/844/1310 5892/879/2497
f 5893/1223/2207 5894/1316/2443 5895/1272/2498
f 5896/1320/2449 5897/1236/2227 5898/1298/2338
f 5899/1184/2145 5900/1268/2319 5901/1183/2146
f 5902/1141/2034 5903/1325/2499 5904/1261/2330
f 5905/1292/2371 5906/1318/2456 5907/1326/2479
f 5908/1325/2472 5909/1302/2394 5910/1140/1998
f 5911/1302/2394 5912/1325/2472 5913/1336/2500
f 5914/477/2469 5915/478/2356 5916/1192/2501
f 5917/1266/2502 5918/1337/2503 5919/1053/2504
f 5920/704/1073 5917/1266/2505 5919/1053/1889
f 5921/1266/2505 5920/704/1073 5922/804/1223
f 5923/1278/2393 5924/1305/2426 5925/1292/2506
f 5926/1326/2507 5927/1292/2392 5924/1305/2426
f 5928/1248/2291 5929/1328/2508 5930/1308/2433
f 5931/1329/2509 5932/1303/2420 5930/1308/2433
f 5933/1328/2508 5934/1248/2291 5935/1260/2510
f 5936/1327/2511 5937/1308/2433 5933/1328/2512
f 5938/1317/2444 5939/1282/2513 5940/1240/2322
f 5941/1304/2400 5942/1305/2401 5943/1338/2514
f 5944/1305/2401 5945/1339/2515 5943/1338/2514
f 5946/1287/2459 5947/546/1703 5948/869/1702
f 5949/1340/2516 5950/1229/2232 5951/1309/2411
f 5952/1231/2237 5950/1229/2232 5949/1340/2517
f 5953/1229/2217 5954/1340/2518 5955/1309/2416
f 5954/1340/2518 5953/1229/2217 5956/1231/2220
f 5957/1030/2519 5958/142/2519 5959/142/2519
f 5958/142/2519 5957/1030/2519 5960/1030/2519
f 5961/142/2519 5962/142/2519 5963/1030/2519
f 5962/142/2519 5964/1030/2519 5963/1030/2519
f 5965/1341/2449 5966/1307/2405 5967/1277/2520
f 5968/1254/2521 5969/1234/2225 5970/1342/2522
f 5971/1294/2386 5972/1343/2523 5973/1344/2524
f 5973/1344/2524 5974/1295/2387 5971/1294/2386
f 5974/1295/2525 5973/1344/2524 5975/1345/2526
f 5976/1296/2384 5977/1346/2527 5978/1297/2385
f 5979/1346/2528 5980/1296/2384 5981/1343/2529
f 5982/1294/2530 5981/1343/2529 5980/1296/2384
f 5983/1343/2531 5984/1294/2382 5985/1344/2532
f 5986/1295/2383 5985/1344/2532 5984/1294/2382
f 5985/1344/2532 5986/1295/2383 5987/1345/2533
f 5988/1335/2534 5989/1232/2535 5990/1233/2536
f 5991/1020/1679 5992/1324/2537 5993/1021/1680
f 5994/1279/2338 5995/1276/2332 5996/1330/2485
f 5997/1341/2449 5994/1279/2338 5998/1330/2485
f 5999/1257/2288 6000/1311/2427 6001/1347/2538
f 6002/1343/2523 6003/1294/2386 6004/1296/2539
f 6004/1296/2395 6005/1346/2540 6002/1343/2523
f 6006/1285/2541 6007/188/2541 6008/188/2541
f 6007/188/2541 6006/1285/2541 6009/1285/2541
f 6010/188/2541 6011/188/2541 6012/1285/2541
f 6011/188/2542 6013/1285/2542 6012/1285/2542
f 6014/930/1537 6015/892/1487 6016/1265/2312
f 6017/1261/2473 6018/1260/2300 6019/1328/2481
f 6017/1261/2473 6020/1348/2543 6021/1325/2544
f 6022/1256/2282 6023/1222/2545 6024/1349/2546
f 6022/1256/2282 6024/1349/2546 6025/1350/2547
f 6026/1122/2548 6027/473/2549 6028/1121/2549
f 6029/1123/2418 6030/476/2417 6026/1122/2548
f 6031/473/2549 6026/1122/2548 6032/476/2417
f 6033/1300/2389 6034/1331/2486 6035/1263/2309
f 6036/1351/2550 6037/1230/2219 6038/1311/2421
f 6037/1230/2219 6036/1351/2550 6039/1232/2221
f 6040/1346/2540 6041/1296/2395 6042/1297/2396
f 6043/1352/2551 6044/1297/2385 6045/1346/2527
f 6044/1297/2385 6043/1352/2551 6046/1303/2398
f 6047/1315/2441 6048/1216/2196 6049/1353/2552
f 6050/692/2553 6051/1354/2554 6052/1283/2555
f 6053/1257/2283 6054/1256/2282 6055/1350/2547
f 6056/1304/2425 6057/1338/2556 6058/1305/2426
f 6059/1339/2557 6060/1305/2426 6057/1338/2556
f 6061/1232/2238 6062/1335/2534 6063/1355/2558
f 6064/1230/2236 6065/1351/2559 6066/1311/2427
f 6065/1351/2559 6064/1230/2560 6067/1232/2535
f 6068/1292/2506 6069/1326/2507 6070/1318/2476
f 6071/1283/2350 6072/695/2349 6073/692/2553
f 6074/1222/2545 6075/1272/2498 6076/1349/2546
f 6077/1268/2319 6078/892/2561 6079/930/1496
f 6080/1356/2562 6081/1289/2362 6082/1310/2563
f 6082/1310/2564 6081/1289/2453 6083/1110/1906
f 6084/1325/2499 6085/1140/2033 6086/1302/2435
f 6087/1325/2499 6088/1302/2435 6089/1336/2565
f 6090/1336/2500 6091/1306/2403 6092/1302/2394
f 6093/1329/2483 6094/1303/2398 6095/1352/2566
f 6096/750/2380 6097/1286/2352 6098/1354/2554
f 6099/1263/2318 6100/1331/2496 6101/1300/2567
f 6102/1352/2568 6103/1297/2396 6104/1303/2420
f 6103/1297/2396 6102/1352/2568 6105/1346/2540
f 6106/692/2569 6107/695/2364 6108/1283/2570
f 6109/1330/2485 6110/1244/2250 6111/1307/2571
f 6112/1341/2449 6109/1330/2485 6111/1307/2405
f 6113/1315/2441 6114/1183/2101 6115/1216/2572
f 6116/750/2380 6117/1354/2554 6118/692/2553
f 6119/1357/2573 6120/1225/2391 6121/1254/2521
f 6122/1353/2574 6123/1239/2242 6124/1315/2452
f 6125/1260/2510 6126/1261/2330 6127/1328/2512
f 6128/1348/2575 6126/1261/2330 6129/1325/2499
f 6130/1327/2480 6131/1308/2408 6132/1329/2483
f 6133/1303/2420 6134/1329/2509 6135/1352/2568
f 6136/692/2569 6137/1283/2570 6138/1354/2576
f 6139/228/2577 6140/840/2578 6141/228/2579
f 6142/1314/2440 6143/1264/2315 6144/1225/2391
f 6145/1270/2580 6146/1166/2053 6147/1098/1884
f 6148/1358/2581 6149/1359/2582 6145/1270/2321
f 6150/1338/2583 6151/1339/2584 6152/1360/2585
f 6153/879/1462 6154/1331/2486 6155/1300/2389
f 6156/1337/2586 6157/585/1890 6158/1053/1889
f 6159/1254/2587 6160/1282/2513 6161/1361/2588
f 6162/478/2356 6163/1211/2589 6164/1192/2501
f 6165/1325/2499 6166/1141/2034 6167/1140/2033
f 6168/1348/2575 6165/1325/2499 6169/1336/2565
f 6170/1183/2590 6171/1315/2452 6172/1239/2242
f 6173/1362/2591 6174/1310/2563 6175/1224/2205
f 6176/1336/2565 6177/1302/2435 6178/1306/2491
f 6179/1306/2592 6180/1363/2593 6181/1336/2565
f 6182/1254/2277 6183/1364/2594 6184/1316/2443
f 6185/750/2424 6186/692/2569 6187/1354/2576
f 6188/1144/2003 6189/1274/2328 6190/1365/2581
f 6191/1362/2591 6192/1224/2346 6193/1281/2026
f 6194/1308/2434 6195/1327/2511 6196/1329/2509
f 6197/1366/2595 6198/1328/2596 6199/1327/2480
f 6200/1328/2596 6201/1366/2595 6202/1261/2473
f 6203/750/2424 6204/1354/2576 6205/1286/2399
f 6206/1331/2496 6207/879/1372 6208/1300/2406
f 6209/1215/2286 6210/1290/2366 6211/1291/2597
f 6212/1355/2598 6213/1335/2534 6214/1232/2599
f 6215/1211/2589 6216/481/2171 6217/1186/2170
f 6218/1232/2600 6219/1335/2534 6220/1367/2601
f 6221/1212/2334 6222/1149/2015 6223/1255/2280
f 6221/1212/2334 6223/1255/2602 6224/1368/2603
f 6225/1369/2604 6226/1319/2447 6227/1370/2605
f 6228/1371/2606 6225/1369/2604 6229/1372/2607
f 6229/1372/2608 6230/1369/2604 6231/1370/2605
f 6231/1370/2605 6232/1319/2447 6233/1314/2440
f 6234/1144/2003 6235/1365/2581 6236/1373/2321
f 6237/1338/2609 6238/1360/2610 6239/1339/2611
f 6240/1270/2321 6241/1359/2582 6242/1166/2053
f 6243/1231/2222 6244/1374/2612 6245/1340/2613
f 6246/1305/2401 6247/1326/2479 6248/1339/2515
f 6247/1326/2479 6249/1375/2614 6248/1339/2515
f 6250/892/1487 6251/1300/2389 6252/1265/2312
f 6253/1374/2615 6254/1231/2237 6255/1340/2517
f 6256/1348/2543 6257/1261/2473 6258/1366/2595
f 6259/1234/2225 6260/1291/2367 6261/1342/2616
f 6262/1334/2493 6263/1376/2617 6264/1335/2494
f 6265/1212/2334 6266/1368/2603 6267/1154/2026
f 6268/1328/2508 6269/1366/2618 6270/1327/2511
f 6271/1366/2618 6272/1328/2508 6273/1261/2330
f 6274/1306/2403 6275/1363/2619 6276/1318/2456
f 6276/1318/2620 6277/1377/2621 6278/1326/2479
f 6279/1364/2594 6280/1254/2277 6281/1361/2622
f 6282/1378/2623 6283/1125/1962 6284/883/1386
f 6285/1378/2623 6286/1379/2624 6283/1125/1962
f 6287/1300/2406 6288/892/1562 6289/1268/2319
f 6290/1359/2582 6291/1252/2268 6292/1166/2053
f 6293/930/1537 6294/1315/2441 6295/996/1617
f 6296/1326/2479 6297/1377/2625 6298/1375/2614
f 6299/1266/2626 6300/1053/1947 6301/1337/2627
f 6299/1266/2626 6302/704/2313 6300/1053/1947
f 6300/1053/1947 6303/704/2313 6304/642/1211
f 6305/1337/2627 6300/1053/1947 6306/643/1948
f 6305/1337/2628 6307/902/2629 6308/1380/2630
f 6309/1255/2280 6310/1050/1778 6311/1381/2631
f 6312/1381/2631 6313/1382/2632 6309/1255/2280
f 6310/1050/1778 6314/1252/2268 6315/1381/2631
f 6314/1252/2268 6316/1359/2582 6317/1381/2631
f 6318/914/1451 6319/663/1009 6320/664/2458
f 6321/1274/2328 6322/1289/2453 6323/1383/2633
f 6324/1384/2634 6325/1385/2635 6326/1386/2636
f 6325/1385/2637 6327/1312/2445 6328/1313/2431
f 6329/1305/2426 6330/1339/2557 6331/1326/2507
f 6330/1339/2611 6332/1375/2638 6331/1326/2507
f 6333/1357/2573 6334/1254/2521 6335/1342/2522
f 6336/1261/2330 6337/1348/2575 6338/1366/2618
f 6339/1348/2543 6340/1336/2500 6341/1325/2472
f 6342/1387/2639 6343/1317/2444 6344/1312/2429
f 6345/522/2640 6346/522/2640 6347/400/2640
f 6348/848/2641 6349/927/1491 6350/1323/2642
f 6351/848/2641 6352/659/1606 6349/927/1491
f 6353/1388/2643 6350/1323/2642 6354/1389/2644
f 6353/1388/2643 6355/848/2645 6350/1323/2642
f 6356/1315/2452 6357/930/1496 6358/948/1539
f 6359/1363/2646 6360/1306/2491 6361/1318/2476
f 6361/1318/2476 6362/1326/2507 6363/1377/2647
f 6364/1122/2467 6365/1121/2465 6366/473/2465
f 6367/1123/2470 6364/1122/2467 6368/476/2468
f 6367/1123/2470 6369/477/2469 6370/1192/2501
f 6371/1383/2633 6372/1289/2453 6373/1356/2562
f 6374/1232/2238 6375/1355/2598 6376/1351/2559
f 6377/930/1537 6378/1265/2312 6379/1315/2441
f 6380/1390/2648 6381/1367/2601 6382/1391/2649
f 6383/1336/2500 6384/1348/2543 6385/1392/2650
f 6385/1392/2650 6386/1363/2619 6387/1336/2500
f 6388/1334/2651 6389/1393/2652 6390/1376/2617
f 6391/1256/2653 6392/1257/2288 6393/1347/2654
f 6394/1216/2196 6395/1267/2655 6396/1353/2552
f 6397/1239/2242 6398/1353/2656 6399/1271/2657
f 6400/1326/2507 6401/1375/2638 6402/1377/2658
f 6403/1363/2619 6404/1392/2659 6405/1394/2660
f 6406/1395/2661 6407/1396/2223 6408/1397/2662
f 6409/1347/2654 6410/1290/2663 6411/1256/2287
f 6412/1334/2493 6413/1232/2221 6414/1351/2550
f 6415/1268/2319 6416/930/1540 6417/1315/2452
f 6418/1274/2328 6419/1383/2633 6420/1365/2581
f 6421/1398/2664 6422/1257/2283 6423/1350/2665
f 6424/1396/2239 6425/1395/2666 6426/1397/2667
f 6427/1306/2403 6428/1336/2500 6429/1363/2619
f 6430/1318/2456 6429/1363/2619 6431/1377/2621
f 6431/1377/2625 6432/1399/2668 6433/1375/2614
f 6434/1400/2669 6435/1339/2584 6433/1375/2614
f 6436/1375/2614 6437/1401/2670 6434/1400/2669
f 6438/845/1459 6439/1333/2671 6440/1332/2672
f 6440/1332/2672 6439/1333/2671 6441/1309/2411
f 6442/844/1461 6440/1332/2487 6443/1331/2486
f 6444/1353/2552 6445/996/1617 6446/1315/2441
f 6447/1402/2673 6448/1189/2112 6449/1188/2111
f 6450/1348/2575 6451/1336/2565 6452/1392/2674
f 6452/1392/2674 6453/1336/2565 6454/1363/2646
f 6455/1353/2675 6456/1267/2655 6457/1403/2676
f 6458/1391/2649 6459/1404/2677 6460/1371/2678
f 6461/1369/2604 6460/1371/2678 6459/1404/2677
f 6462/1353/2574 6463/1403/2444 6464/1271/2657
f 6465/1333/2679 6466/845/1311 6467/1332/1264
f 6468/1309/2416 6465/1333/2495 6467/1332/1264
f 6467/1332/1264 6469/844/1529 6470/1331/2496
f 6471/1405/2680 6472/1334/2493 6473/1351/2550
f 6474/1362/2591 6475/1356/2681 6476/1310/2415
f 6477/1363/2593 6478/1394/2682 6479/1392/2674
f 6480/1339/2584 6481/1400/2669 6482/1360/2585
f 6483/1363/2619 6484/1394/2660 6485/1377/2621
f 6485/1377/2625 6484/1394/2660 6486/1399/2668
f 6487/1391/2683 6488/1384/2634 6489/1386/2636
f 6490/1257/2283 6491/1398/2664 6492/1311/2421
f 6493/1332/2672 6494/1309/2684 6495/1262/2412
f 6496/1331/2486 6493/1332/2487 6497/1262/2308
f 6498/1406/2685 6499/869/1356 6500/1275/2329
f 6499/869/1356 6501/712/1085 6502/839/1296
f 6503/1315/2452 6504/948/2686 6505/1353/2574
f 6506/1232/2600 6507/1367/2601 6508/1390/2687
f 6509/1189/2143 6510/1402/2688 6511/1188/2141
f 6512/1154/2345 6513/1368/2603 6514/1407/2591
f 6515/1360/2610 6516/1400/2689 6517/1339/2557
f 6518/1375/2690 6519/1399/2668 6520/1401/2691
f 6521/1396/2223 6522/1395/2661 6523/1408/2220
f 6524/1399/2692 6525/1377/2647 6526/1375/2638
f 6527/1318/2693 6525/1377/2658 6528/1363/2646
f 6529/1339/2557 6530/1400/2689 6526/1375/2638
f 6531/1401/2694 6532/1375/2695 6530/1400/2689
f 6533/1395/2666 6534/1396/2239 6535/1408/2237
f 6536/1309/2696 6537/1332/1264 6538/1262/2344
f 6539/1262/2317 6537/1332/2045 6540/1331/2496
f 6541/1409/2697 6542/1314/2440 6543/1225/2391
f 6544/1265/2312 6545/1300/2389 6546/1263/2309
f 6547/226/2698 6548/225/2699 6549/226/2700
f 6550/244/2701 6547/226/2698 6549/226/2700
f 6551/1394/2682 6552/1363/2593 6553/1377/2647
f 6553/1377/2658 6554/1399/2692 6551/1394/2682
f 6555/1368/2603 6556/1255/2602 6557/1382/2702
f 6558/1055/2703 6559/1030/2703 6560/218/2703
f 6561/218/2704 6562/1030/2704 6563/1055/2704
f 6564/1410/2705 6565/1361/2706 6566/1282/2513
f 6567/1390/2687 6568/1391/2649 6569/1371/2678
f 6570/1275/2707 6571/869/1574 6572/1406/2708
f 6573/839/1504 6574/712/1093 6571/869/1574
f 6575/1411/2709 6576/1360/2585 6577/1400/2669
f 6577/1400/2669 6578/1412/2710 6575/1411/2709
f 6579/1384/2634 6580/1391/2683 6581/1413/2711
f 6580/1391/2683 6582/1393/2652 6583/1413/2711
f 6582/1393/2652 6584/1391/2683 6585/1376/2712
f 6586/1263/2318 6587/1300/2406 6588/1268/2319
f 6589/481/2105 6590/1211/2174 6591/1186/2106
f 6592/1412/2710 6593/1400/2669 6594/1401/2670
f 6595/1414/2713 6596/1411/2709 6592/1412/2710
f 6597/1360/2610 6598/1411/2714 6599/1400/2689
f 6598/1411/2714 6600/1412/2715 6599/1400/2716
f 6601/1375/2695 6602/1401/2694 6603/1399/2692
f 6604/1400/2689 6605/1412/2717 6602/1401/2694
f 6606/1411/2714 6607/1414/2718 6605/1412/2717
f 6608/142/2703 6609/218/2703 6610/1030/2703
f 6611/1030/2704 6612/218/2704 6613/142/2704
f 6614/1415/2719 6615/615/2719 6616/1069/2719
f 6617/1405/2720 6618/1393/2721 6619/1334/2651
f 6620/1211/2174 6621/509/2722 6622/1192/2368
f 6623/1416/2723 6624/1232/2600 6625/1390/2687
f 6626/996/1617 6627/1403/2676 6628/1008/1769
f 6629/1282/2513 6630/1317/2444 6631/1410/2724
f 6632/1331/2486 6633/1262/2308 6634/1263/2309
f 6635/1417/2725 6636/1387/2726 6637/1385/2635
f 6638/1384/2634 6635/1417/2725 6639/1385/2637
f 6639/1385/2635 6640/1418/2727 6641/1386/2636
f 6639/1385/2635 6642/1313/2431 6643/1418/2727
f 6644/1387/2726 6645/1312/2445 6639/1385/2635
f 6645/1312/2429 6646/1240/2243 6647/1271/2657
f 6648/1413/2711 6649/1419/2728 6638/1384/2634
f 6650/1417/2725 6638/1384/2634 6649/1419/2729
f 6651/1420/2730 6652/1387/2731 6650/1417/2725
f 6653/1421/2732 6654/1420/2730 6650/1417/2725
f 6655/1422/2733 6656/1420/2730 6653/1421/2732
f 6653/1421/2734 6657/1419/2729 6658/1413/2711
f 6659/1423/2735 6660/1272/2498 6661/1316/2443
f 6662/1424/2736 6663/1425/2736 6664/1426/2736
f 6665/1427/2736 6666/1428/2736 6663/1425/2736
f 6667/1427/2737 6668/1425/2737 6669/1424/2737
f 6670/1429/2736 6671/1428/2736 6672/1427/2736
f 6673/1429/2736 6674/1430/2736 6675/1428/2736
f 6676/1431/2736 6677/1430/2736 6678/1429/2736
f 6679/1432/2736 6680/1433/2736 6676/1431/2736
f 6679/1432/2736 6681/1434/2736 6680/1433/2736
f 6682/1431/2737 6683/1433/2737 6684/1430/2737
f 6685/1435/2738 6686/1434/2738 6687/1432/2738
f 6688/218/1744 6689/142/1744 6690/1030/1744
f 6691/142/2739 6692/218/2739 6693/1030/2739
f 6694/996/1617 6695/1353/2552 6696/1403/2676
f 6697/846/1460 6698/1340/2517 6699/1333/2488
f 6700/1410/2724 6701/1317/2444 6702/1387/2639
f 6703/1340/2518 6704/846/1313 6705/1333/2495
f 6706/640/2161 6707/833/2740 6708/1205/2162
f 6709/1192/2368 6710/496/2369 6711/1123/2418
f 6712/1008/1647 6713/1403/2444 6714/948/1539
f 6715/1262/2317 6716/1331/2496 6717/1263/2318
f 6718/1436/2741 6719/1437/2742 6720/1164/2743
f 6721/1103/1891 6718/1436/2741 6720/1164/2743
f 6722/1353/2574 6723/948/1539 6724/1403/2444
f 6725/956/1570 6726/1018/1698 6727/1438/2744
f 6728/846/1569 6725/956/1570 6729/1340/2516
f 6730/1438/2745 6731/1018/1675 6732/956/1555
f 6733/1340/2518 6732/956/2746 6734/846/1313
f 6735/1437/2747 6736/1436/2748 6737/1164/2749
f 6737/1164/2749 6736/1436/2748 6738/1103/1922
f 6739/218/1744 6740/1030/1744 6741/1055/1744
f 6742/1030/2739 6743/218/2739 6744/1055/2739
f 6745/1267/2316 6746/1439/2750 6747/1403/2676
f 6746/1439/2751 6748/1267/2316 6749/1319/2752
f 6750/1207/2167 6751/1206/2166 6752/1218/2199
f 6753/1440/2753 6754/1321/2753 6755/702/2753
f 6756/702/2754 6757/1321/2754 6758/703/2754
f 6759/1441/2494 6760/1442/2755 6761/1397/2756
f 6762/1443/2757 6763/1436/2748 6764/1444/2758
f 6763/1436/2748 6765/1443/2757 6766/1103/1922
f 6767/1323/2759 6768/1103/1922 6769/1443/2759
f 6768/1103/2760 6770/1323/2757 6771/927/2757
f 6772/927/2757 6773/924/1923 6774/1103/1922
f 6773/924/1481 6775/927/2757 6776/880/1379
f 6777/1371/2606 6778/1445/2761 6779/1390/2648
f 6780/1446/2762 6781/1382/2632 6782/1359/2582
f 6783/1381/2631 6782/1359/2582 6784/1382/2632
f 6785/1409/2697 6786/1225/2391 6787/1357/2573
f 6788/1441/2534 6789/1397/2763 6790/1442/2764
f 6791/1340/2517 6792/1438/2744 6793/1374/2615
f 6794/1374/2661 6795/1438/2745 6796/1340/2518
f 6797/1436/2741 6798/1443/2765 6799/1444/2766
f 6800/1103/1891 6801/1443/2767 6797/1436/2768
f 6802/1443/2767 6803/1103/1891 6804/1323/2767
f 6803/1103/1891 6805/968/2765 6806/1323/2765
f 6807/924/1483 6808/968/2767 6809/1103/1891
f 6810/968/2765 6811/924/1483 6812/880/1375
f 6813/1271/2657 6814/1439/2769 6815/1313/2770
f 6814/1439/2769 6813/1271/2657 6816/1403/2444
f 6817/1362/2591 6818/1383/2633 6819/1356/2562
f 6820/651/992 6821/1287/2354 6822/869/1574
f 6823/1447/2771 6824/1405/2680 6825/1351/2550
f 6826/1446/2762 6827/1448/2633 6828/1407/2591
f 6829/1368/2603 6830/1446/2772 6831/1407/2591
f 6832/711/2773 6833/1449/2774 6834/1322/2775
f 6835/1398/2776 6836/1351/2550 6837/1311/2421
f 6838/1355/2558 6839/1232/2600 6840/1416/2723
f 6841/1351/2559 6842/1355/2558 6843/1447/2777
f 6844/1447/2777 6845/1311/2427 6846/1351/2559
f 6847/1351/2550 6848/1398/2776 6849/1447/2778
f 6850/693/2779 6851/1440/2779 6852/1191/2779
f 6853/1440/2780 6854/693/2780 6855/702/2780
f 6856/1337/2503 6857/787/2781 6858/585/1890
f 6859/1445/2761 6860/1371/2606 6861/1450/2782
f 6861/1450/2783 6862/1371/2606 6863/1372/2607
f 6864/1382/2784 6865/1446/2772 6866/1368/2603
f 6867/1358/2581 6868/1448/2633 6869/1446/2772
f 6870/1358/2581 6871/1446/2772 6872/1359/2582
f 6873/702/2785 6874/703/2785 6875/1321/2785
f 6876/702/2786 6877/1321/2786 6878/1440/2786
f 6879/693/2787 6880/1440/2787 6881/702/2787
f 6882/1440/2788 6883/693/2788 6884/1191/2788
f 6885/850/1322 6886/848/1320 6887/1388/2789
f 6887/1388/2789 6888/1451/2790 6885/850/1322
f 6889/1452/2791 6890/1042/1762 6891/682/1031
f 6892/1311/2427 6893/1447/2792 6894/1347/2654
f 6895/1453/2793 6896/1454/2794 6897/1455/2795
f 6898/1456/2796 6899/1314/2440 6900/1409/2797
f 6901/1416/2723 6902/1390/2648 6903/1445/2761
f 6904/1213/2186 6905/839/1296 6906/744/1295
f 6907/1397/2667 6908/1441/2798 6909/1396/2239
f 6910/1441/2494 6911/1397/2662 6912/1396/2223
f 6913/1403/2444 6914/1047/1772 6915/1439/2769
f 6914/1047/1772 6913/1403/2444 6916/1008/1647
f 6917/1290/2366 6918/1457/2799 6919/1291/2597
f 6920/1406/2708 6921/869/1574 6922/1287/2800
f 6921/869/2801 6923/1275/2707 6924/839/1504
f 6925/228/2577 6926/228/2579 6927/229/2802
f 6928/1458/2803 6929/1355/2598 6930/1416/2723
f 6931/1333/2671 6932/1340/2516 6933/1309/2411
f 6934/550/2804 6935/1459/2805 6936/551/2806
f 6937/1213/2198 6938/744/1137 6939/839/1504
f 6940/1340/2613 6941/1333/2679 6942/1309/2416
f 6943/1460/2807 6944/1454/2794 6945/1461/2808
f 6946/1453/2809 6947/1462/2810 6948/1101/1887
f 6949/1349/2546 6950/1272/2498 6951/1463/2811
f 6952/1418/2727 6953/1313/2770 6954/1439/2769
f 6955/1314/2440 6956/1456/2796 6957/1370/2605
f 6958/1349/2812 6959/1372/2607 6956/1456/2796
f 6960/1456/2796 6959/1372/2608 6961/1370/2605
f 6962/956/1713 6963/1438/2744 6964/1340/2516
f 6965/1438/2745 6966/956/2746 6967/1340/2518
f 6968/902/2813 6969/1337/2627 6970/643/2814
f 6971/1464/2815 6972/1393/2721 6973/1405/2680
f 6974/1342/2616 6975/1291/2597 6976/1457/2816
f 6977/574/2817 6978/591/2817 6979/757/2817
f 6980/1447/2777 6981/1355/2558 6982/1458/2803
f 6983/1465/2818 6984/1466/2818 6985/1467/2818
f 6986/1468/2819 6985/1467/2819 6984/1466/2819
f 6985/1467/2819 6986/1468/2819 6987/1469/2819
f 6988/1470/2819 6987/1469/2819 6986/1468/2819
f 6984/1466/2819 6983/1465/2819 6989/1471/2819
f 6990/1472/2819 6989/1471/2819 6983/1465/2819
f 6989/1471/2819 6990/1472/2819 6991/1473/2819
f 6992/1474/2819 6991/1473/2819 6990/1472/2819
f 6991/1473/2819 6992/1474/2819 6993/1475/2819
f 6993/1475/2819 6992/1474/2819 6994/1476/2819
f 6994/1476/2819 6995/1477/2819 6993/1475/2819
f 6995/1477/2818 6994/1476/2819 6996/1478/2819
f 6995/1477/2819 6996/1478/2819 6997/1479/2819
f 6998/1404/2820 6999/1480/2821 7000/1481/2822
f 6998/1404/2677 7001/1481/2822 7002/1369/2823
f 7001/1481/2824 7003/1319/2447 7004/1369/2604
f 7003/1319/2447 7005/1481/2822 7006/1439/2750
f 7007/1482/2601 7008/1442/2764 7009/1483/2825
f 7010/1386/2636 7011/1484/2826 7012/1480/2827
f 7013/1457/2816 7014/1290/2366 7015/1422/2828
f 7016/1290/2366 7017/1485/2829 7015/1422/2828
f 7018/1420/2730 7019/1410/2705 7020/1387/2726
f 7021/971/2830 7022/1056/2830 7023/1301/2830
f 7024/548/2831 7025/547/2832 7026/1486/2833
f 7027/1285/2834 7028/1285/2834 7029/188/2834
f 7029/188/2834 7028/1285/2834 7030/188/2834
f 7031/1030/2835 7032/142/2835 7033/1030/2835
f 7032/142/2835 7031/1030/2835 7034/142/2835
f 7035/1285/2834 7036/1285/2834 7037/188/2834
f 7037/188/2834 7038/188/2834 7035/1285/2834
f 7039/1030/2835 7040/1030/2835 7041/142/2835
f 7041/142/2835 7042/142/2835 7039/1030/2835
f 7043/1421/2732 7044/1417/2725 7045/1419/2729
f 7046/1464/2815 7047/1413/2711 7048/1393/2721
f 7049/1290/2366 7050/1347/2654 7051/1485/2836
f 7052/1487/2662 7053/871/1785 7054/1438/2745
f 7055/1487/2667 7056/1438/2744 7057/871/2837
f 7058/1086/1860 7059/1047/1835 7060/1439/2751
f 7061/1403/2676 7062/1047/1835 7063/1008/1769
f 7062/1047/1835 7061/1403/2838 7064/1439/2751
f 7065/1481/2822 7066/1086/1860 7064/1439/2839
f 7067/1042/1762 7068/187/1032 7069/682/1031
f 7070/1391/2683 7071/1480/2840 7072/1488/2841
f 7073/1489/2842 7074/1483/2841 7075/1442/2755
f 7076/1441/2494 7073/1489/2712 7077/1442/2755
f 7078/1391/2649 7079/1488/2825 7080/1480/2821
f 7081/1349/2843 7082/1450/2782 7083/1372/2607
f 7084/1086/2844 7085/1439/2769 7086/1047/2845
f 7087/1350/2846 7088/1445/2761 7089/1450/2783
f 7090/1465/2847 7091/1466/2847 7092/1471/2847
f 7093/1467/2848 7091/1466/2848 7090/1465/2848
f 7090/1465/2847 7092/1471/2847 7094/1472/2847
f 7093/1467/2847 7095/1468/2847 7091/1466/2847
f 7095/1468/2847 7093/1467/2847 7096/1469/2847
f 7095/1468/2848 7096/1469/2848 7097/1470/2848
f 7098/1473/2847 7094/1472/2847 7092/1471/2847
f 7094/1472/2847 7098/1473/2847 7099/1474/2847
f 7100/1475/2847 7099/1474/2847 7098/1473/2847
f 7099/1474/2847 7100/1475/2847 7101/1476/2847
f 7101/1476/2847 7100/1475/2847 7102/1477/2847
f 7102/1477/2847 7103/1478/2847 7101/1476/2849
f 7103/1478/2848 7102/1477/2849 7104/1479/2847
f 7105/1418/2727 7106/1439/2769 7107/1086/1867
f 7108/1441/2534 7109/1442/2764 7110/1482/2601
f 7111/1438/2744 7112/1018/1698 7113/871/1739
f 7114/1438/2745 7115/871/1362 7116/1018/1675
f 7117/1398/2850 7118/1416/2723 7119/1445/2761
f 7120/1490/2851 7121/1350/2665 7122/1349/2546
f 7123/1386/2636 7124/1418/2727 7125/1484/2826
f 7126/1423/2852 7127/1316/2853 7128/1364/2594
f 7129/1455/2795 7130/1273/2854 7131/1453/2793
f 7132/1491/2855 7133/1112/1942 7134/1492/2856
f 7135/1491/2855 7136/874/1367 7133/1112/2857
f 7137/1493/2858 7134/1492/2856 7138/1494/2859
f 7139/1495/2860 7140/21/2861 7141/186/2862
f 7142/1042/2863 7139/1495/2860 7141/186/2862
f 7143/1496/2864 7144/448/2865 7145/1497/2866
f 7146/1447/2771 7147/1464/2867 7148/1405/2720
f 7149/871/1739 7150/1040/1784 7151/1498/2764
f 7152/1489/2712 7153/1499/2683 7154/1483/2841
f 7155/871/1362 7156/1498/2755 7157/1040/1753
f 7158/1484/2826 7159/1418/2727 7160/1086/2844
f 7161/1482/2601 7162/1483/2825 7163/1499/2649
f 7164/795/2868 7165/1120/1942 7166/1500/2869
f 7167/753/2870 7164/795/2126 7168/1500/2871
f 7169/1458/2803 7170/1416/2723 7171/1398/2872
f 7172/1501/2873 7173/1361/2706 7174/1410/2724
f 7175/1469/2819 7176/1470/2819 7177/1502/2819
f 7178/1398/2776 7179/1350/2665 7180/1490/2874
f 7181/1391/2649 7182/1480/2821 7183/1404/2677
f 7184/1454/2794 7185/1453/2793 7186/1461/2808
f 7187/1438/2744 7188/1487/2667 7189/1374/2615
f 7190/1487/2662 7191/1438/2745 7192/1374/2612
f 7193/1503/2875 7194/1409/2876 7195/1357/2573
f 7196/1030/2877 7197/142/2877 7198/1030/2877
f 7197/142/2877 7196/1030/2877 7199/142/2877
f 7200/1030/2878 7201/1030/2878 7202/142/2878
f 7202/142/2878 7203/142/2878 7200/1030/2878
f 7204/1350/2846 7205/1450/2783 7206/1349/2812
f 7207/1437/2879 7208/1165/2049 7209/1164/2047
f 7208/1165/2880 7207/1437/2881 7210/1504/2882
f 7211/1391/2683 7212/1386/2636 7213/1480/2827
f 7214/1480/2883 7215/1081/2884 7216/1109/1903
f 7217/1484/2826 7218/1086/2844 7219/1106/2885
f 7220/1484/2826 7219/1106/2885 7221/1480/2840
f 7222/1106/2885 7223/1081/1961 7221/1480/2827
f 7224/1398/2886 7225/1445/2761 7226/1350/2846
f 7227/749/2887 7228/1505/2888 7229/792/2164
f 7229/792/2889 7230/1505/2890 7231/1131/2165
f 7232/1457/2799 7233/1422/2828 7234/1506/2891
f 7235/364/502 7236/837/1292 7237/1507/2892
f 7238/1498/2764 7239/1040/1784 7240/956/1834
f 7238/1498/2764 7241/956/1834 7242/1488/2825
f 7243/1498/2755 7244/956/1628 7245/1040/1753
f 7244/956/1628 7243/1498/2755 7246/1488/2841
f 7247/1487/2662 7248/1498/2755 7249/871/1362
f 7250/1487/2667 7251/871/1739 7252/1498/2764
f 7253/1453/2893 7254/1508/2894 7255/1462/2895
f 7256/1165/2090 7257/1437/2896 7258/1164/2897
f 7257/1437/2896 7256/1165/2090 7259/1504/2898
f 7260/1508/2894 7261/1201/2342 7262/1280/2343
f 7263/1480/2899 7264/1109/1903 7265/1481/2822
f 7265/1481/2822 7266/1109/1903 7267/1086/1860
f 7268/1488/2825 7269/1081/1848 7270/1480/2899
f 7269/1081/1848 7268/1488/2825 7271/956/1834
f 7272/1464/2900 7273/1421/2734 7274/1413/2711
f 7275/956/1628 7276/1488/2841 7277/1081/1961
f 7278/1480/2827 7277/1081/1961 7276/1488/2841
f 7279/447/634 7280/1509/2901 7281/769/2902
f 7282/1510/2903 7283/682/1031 7284/1190/2114
f 7285/1485/2829 7286/1447/2792 7287/1511/2904
f 7288/1447/2777 7289/1485/2905 7290/1347/2538
f 7291/1470/2847 7292/1469/2847 7293/1502/2847
f 7294/787/2781 7295/1337/2503 7296/1380/2906
f 7297/1380/2906 7298/788/2907 7294/787/2781
f 7299/1512/2908 7300/1447/2771 7301/1398/2776
f 7302/1463/2811 7303/1272/2324 7304/1423/2735
f 7305/1490/2851 7306/1349/2546 7302/1463/2811
f 7307/1285/2909 7308/188/2909 7309/1285/2909
f 7308/188/2909 7307/1285/2909 7310/188/2909
f 7311/1285/2910 7312/1285/2910 7313/188/2910
f 7313/188/2910 7314/188/2910 7311/1285/2910
f 7315/1513/2911 7316/1464/2912 7317/1447/2771
f 7318/1422/2828 7319/1485/2829 7320/1514/2913
f 7321/1515/2914 7322/1421/2734 7323/1464/2815
f 7324/1342/2915 7325/1457/2816 7326/1516/2916
f 7327/1501/2873 7328/1364/2917 7329/1361/2588
f 7330/1280/2343 7331/1462/2895 7332/1508/2894
f 7333/1517/2918 7334/1423/2852 7335/1364/2594
f 7336/1503/2875 7337/1357/2573 7338/1342/2522
f 7336/1503/2875 7339/1342/2919 7340/1516/2916
f 7341/1099/1885 7342/656/2437 7343/1100/1886
f 7344/1162/2044 7345/822/2045 7346/383/527
f 7347/1422/2828 7348/1514/2920 7349/1506/2891
f 7350/1406/2685 7351/1287/2459 7352/869/1702
f 7353/1033/2921 7354/1518/2921 7355/1034/2921
f 7356/1457/2816 7357/1506/2891 7358/1516/2922
f 7359/551/2806 7360/1459/2923 7361/745/2924
f 7362/1447/2777 7363/1458/2803 7364/1511/2904
f 7365/1495/2860 7366/221/2925 7367/21/2861
f 7368/1463/2926 7369/1456/2796 7370/1409/2697
f 7371/1218/2927 7372/1519/2928 7373/1520/1926
f 7374/1521/2929 7375/669/2460 7376/1287/2459
f 7377/711/1084 7378/1522/2930 7379/1449/2774
f 7380/1523/2931 7381/1490/2932 7382/1463/2811
f 7383/1524/2928 7384/861/2933 7385/1116/2934
f 7386/1195/2123 7387/1525/2122 7388/761/2122
f 7389/1485/2829 7390/1526/2935 7391/1514/2913
f 7392/1527/2936 7393/1423/2852 7394/1517/2918
f 7395/1501/2873 7396/1517/2918 7397/1364/2594
f 7398/547/2937 7399/738/2938 7400/1486/2833
f 7401/1512/2939 7402/1398/2664 7403/1490/2932
f 7404/1525/2157 7405/1195/2940 7406/761/2157
f 7407/1513/2911 7408/1447/2778 7409/1512/2908
f 7410/1458/2803 7411/1528/2941 7412/1511/2904
f 7413/1349/2942 7414/1456/2796 7415/1463/2926
f 7416/1528/2941 7417/1458/2803 7418/1398/2850
f 7419/233/1083 7420/1522/2930 7421/711/2943
f 7422/900/2944 7423/1529/2945 7424/727/2946
f 7425/1322/2947 7426/914/1451 7427/664/2458
f 7428/1530/2948 7429/1218/2949 7430/1206/2166
f 7431/1420/2730 7432/1501/2873 7433/1410/2705
f 7434/669/2460 7435/1521/2929 7436/798/2950
f 7437/1516/2922 7438/1506/2891 7439/1531/2951
f 7440/1501/2873 7441/1420/2730 7442/1422/2952
f 7443/1523/2931 7444/1463/2811 7445/1527/2936
f 7445/1527/2953 7444/1463/2811 7446/1423/2852
f 7447/1532/2954 7448/1490/2851 7443/1523/2955
f 7449/1485/2829 7450/1511/2904 7451/1526/2956
f 7451/1526/2956 7452/1533/2957 7453/1531/2951
f 7454/1532/2958 7455/1512/2908 7456/1490/2851
f 7457/1436/2741 7458/1534/2959 7459/1437/2742
f 7460/1463/2926 7461/1409/2960 7462/1503/2875
f 7463/1535/2961 7464/1350/2846 7465/1349/2942
f 7466/1534/2962 7467/1436/2748 7468/1437/2747
f 7469/1398/2886 7470/1350/2846 7471/1535/2961
f 7472/398/2963 7473/461/2963 7474/1536/2963
f 7475/1506/2891 7476/1514/2913 7477/1531/2964
f 7478/1526/2935 7477/1531/2964 7476/1514/2913
f 7479/1537/2965 7480/1324/2966 7481/1020/1679
f 7480/1324/2537 7479/1537/2967 7482/1538/2968
f 7483/1539/2969 7484/1517/2918 7485/1501/2873
f 7486/408/2970 7487/1196/2970 7488/409/2970
f 7489/1196/2970 7490/1063/2970 7491/409/2970
f 7492/408/2971 7493/409/2971 7494/1196/2971
f 7495/1196/2971 7496/409/2971 7497/1063/2971
f 7498/1527/2936 7499/1517/2918 7500/1539/2969
f 7501/1526/2935 7502/1511/2904 7503/1540/2972
f 7504/1533/2973 7505/1526/2956 7506/1540/2972
f 7507/1511/2904 7508/1528/2941 7509/1540/2974
f 7510/1513/2911 7511/1515/2914 7512/1464/2867
f 7513/1532/2954 7514/1513/2911 7515/1512/2939
f 7516/1181/2975 7517/1530/2976 7518/1206/2166
f 7519/1541/2977 7520/1523/2931 7521/1527/2936
f 7522/1541/2977 7523/1532/2958 7524/1523/2931
f 7525/1542/2978 7526/1503/2979 7527/1516/2922
f 7528/1531/2964 7529/1533/2973 7525/1542/2980
f 7528/1531/2951 7525/1542/2978 7530/1516/2922
f 7531/1528/2941 7532/1398/2872 7533/1535/2961
f 7534/1543/2981 7535/1539/2982 7536/1501/2873
f 7537/1515/2914 7538/1422/2733 7539/1421/2734
f 7540/1085/2983 7541/1529/2945 7542/900/2984
f 7543/36/284 7544/1544/2985 7545/108/136
f 7546/1541/2977 7547/1527/2936 7548/1539/2982
f 7549/1218/2199 7550/1530/2986 7551/1519/2928
f 7552/1545/2987 7553/1513/2911 7554/1532/2954
f 7555/817/2988 7556/1521/2989 7557/886/1419
f 7558/17/2990 7559/133/2990 7560/232/2990
f 7561/1543/2981 7562/1501/2873 7563/1422/2733
f 7564/1515/2991 7561/1543/2981 7563/1422/2952
f 7565/431/2992 7566/576/2992 7567/989/2992
f 7568/1545/2993 7569/1515/2914 7570/1513/2911
f 7571/1541/2977 7568/1545/2993 7572/1532/2958
f 7573/1540/2972 7574/1535/2961 7575/1542/2978
f 7576/1542/2978 7574/1535/2961 7577/1463/2994
f 7576/1542/2978 7578/1463/2926 7579/1503/2979
f 7580/1535/2961 7581/1349/2812 7582/1463/2994
f 7583/1528/2941 7580/1535/2961 7584/1540/2995
f 7585/1543/2981 7586/1515/2914 7587/1545/2993
f 7588/1546/2996 7589/1547/2997 7590/1198/2998
f 7591/1540/2974 7592/1542/2978 7593/1533/2973
f 7594/448/2865 7595/768/1180 7596/1497/2999
f 7597/1541/2977 7598/1539/2969 7599/1543/2981
f 7600/1507/2892 7601/1548/1003 7602/109/3000
f 7603/1541/2977 7604/1543/3001 7605/1545/2993
f 7606/1436/2741 7607/1444/3002 7608/1534/2959
f 7609/1534/2962 7610/1444/2758 7611/1436/2748
f 7612/705/3003 7613/1097/3004 7614/706/3005
f 7615/1549/3006 7616/1189/2112 7617/1402/3007
f 7618/1380/2630 7619/903/3008 7620/1550/3009
f 7621/1402/3010 7622/1189/2143 7623/1549/3011
f 7624/502/3012 7625/949/3012 7626/552/3012
f 7627/1323/2463 7628/1324/3013 7629/1551/3014
f 7630/1504/2898 7631/1534/3015 7632/1437/2896
f 7633/1167/3016 7634/587/3017 7635/586/3018
f 7636/1552/925 7633/1167/3019 7637/586/3020
f 7638/383/3021 7639/822/1264 7640/182/252
f 7641/109/236 7642/364/502 7643/1507/2892
f 7644/839/1296 7645/1213/2186 7646/1275/3022
f 7647/1287/2354 7648/886/1419 7649/1521/2989
f 7650/861/1817 7651/1524/3023 7652/1553/3024
f 7653/839/1504 7654/1275/3025 7655/1213/2198
f 7656/903/3026 7657/1380/2630 7658/902/2629
f 7659/1554/3027 7660/1555/3028 7661/1546/2996
f 7662/1337/2503 7663/1556/3029 7664/1380/3030
f 7665/1493/2858 7666/1491/2855 7667/1492/2856
f 7668/1557/3031 7665/1493/2858 7669/1494/3032
f 7670/1443/3033 7671/1323/2463 7672/1551/3014
f 7673/1556/3034 7674/1337/2628 7675/1380/2630
f 7676/990/3035 7677/798/3036 7678/1521/2929
f 7679/1558/3037 7680/1379/2624 7681/1378/2623
f 7682/1559/3038 7683/1560/3039 7679/1558/3037
f 7684/1561/3040 7685/1444/3041 7686/1534/2962
f 7687/1444/3002 7688/1561/3042 7689/1534/2959
f 7690/1173/3043 7691/1518/3044 7692/1033/3045
f 7693/1562/3046 7694/1563/3047 7695/1564/3048
f 7696/1108/3049 7697/1565/3050 7698/1566/3051
f 7699/1567/3052 7700/788/2907 7701/1568/3053
f 7702/1147/2012 7703/1569/3054 7704/855/1331
f 7705/1323/3055 7706/1443/3056 7707/1389/2644
f 7706/1443/3056 7708/1570/3057 7707/1389/2644
f 7709/1564/3058 7710/1571/3058 7711/1572/3058
f 7712/1172/3059 7713/1065/3060 7714/1518/3044
f 7715/1173/3043 7712/1172/3061 7714/1518/3044
f 7716/1389/3062 7717/1451/3063 7718/1388/2789
f 7716/1389/3062 7719/1573/3064 7717/1451/3063
f 7720/788/2907 7721/1567/3052 7722/817/3065
f 7723/1056/3066 7724/908/3066 7725/1301/3066
f 7726/1301/3067 7727/908/3068 7728/1574/3069
f 7729/1337/2586 7730/1266/2505 7731/1556/3029
f 7732/1380/2906 7731/1556/3029 7733/1575/3070
f 7734/1576/3071 7735/1085/3072 7736/1009/3073
f 7737/1085/3072 7738/1576/3071 7739/1529/3074
f 7740/1521/2929 7741/1577/3075 7742/990/3035
f 7743/1521/3076 7744/817/2988 7745/1567/3052
f 7746/1576/3071 7747/1009/3073 7748/1578/3077
f 7749/1579/3078 7750/1580/3079 7751/1581/3080
f 7752/1582/3081 7751/1581/3080 7753/1583/3082
f 7754/1582/3081 7753/1583/3082 7755/1584/3083
f 7756/1583/3084 7757/1582/3085 7758/1585/3086
f 7756/1583/3084 7759/1581/3087 7760/1582/3085
f 7761/1579/3088 7759/1581/3087 7762/1580/3089
f 7763/1556/3034 7764/1266/2626 7765/1337/2627
f 7766/1575/3090 7763/1556/3034 7767/1380/2630
f 7768/1558/3037 7769/1560/3039 7770/1379/2624
f 7771/903/3008 7772/1577/3075 7773/1550/3091
f 7774/1568/3053 7775/788/2907 7776/1380/2906
f 7777/1574/3069 7778/916/3092 7779/1301/3067
f 7780/753/2870 7781/1500/2869 7782/1586/3093
f 7783/1181/2092 7784/862/3094 7785/1587/3095
f 7786/749/2887 7787/1588/3096 7788/1505/2890
f 7789/1577/3075 7790/903/3026 7791/990/3035
f 7792/1085/3072 7793/1024/3097 7794/1009/3073
f 7795/1534/3098 7796/1504/2882 7797/1437/2881
f 7798/1504/2882 7795/1534/3098 7799/1589/3099
f 7800/1173/3043 7801/901/3100 7802/1590/3101
f 7800/1173/3043 7803/1033/3102 7801/901/3100
f 7804/875/3103 7805/1578/3077 7806/939/3104
f 7804/875/3103 7807/1576/3105 7805/1578/3106
f 7808/775/3107 7809/1591/3108 7810/823/3109
f 7811/1573/3110 7812/1592/3111 7813/1586/3112
f 7814/1593/3113 7815/1594/606 7812/1592/3111
f 7816/1521/2929 7817/1287/2459 7818/1406/2685
f 7819/1595/3114 7820/1574/3069 7821/908/3068
f 7822/1592/3115 7823/1594/3116 7824/1596/3117
f 7825/1576/3105 7826/727/3118 7827/1529/3074
f 7828/939/3104 7829/1578/3077 7830/1009/3073
f 7831/1594/3116 7832/1597/3119 7833/1598/730
f 7834/1406/2708 7835/1287/2800 7836/1521/2989
f 7837/1574/3069 7838/1595/3114 7839/833/3120
f 7837/1574/3069 7839/833/3120 7840/916/3092
f 7841/1443/3121 7842/1551/3014 7843/1599/3122
f 7844/837/3123 7845/1569/3124 7846/1147/2012
f 7847/770/3125 7848/772/3126 7849/1600/3127
f 7850/1601/3128 7851/1443/3056 7852/1444/2758
f 7853/1602/3129 7854/1603/3129 7855/1604/3129
f 7856/1605/3129 7854/1603/3129 7853/1602/3129
f 7857/1589/3130 7858/1594/606 7859/1593/3113
f 7860/1596/3117 7861/1594/3131 7862/1598/730
f 7863/1601/3128 7864/1444/2758 7865/1561/3040
f 7866/1606/3132 7867/1607/3132 7868/1608/3132
f 7869/1609/3132 7866/1606/3132 7868/1608/3132
f 7870/1594/606 7871/1589/3130 7872/1597/3133
f 7873/1444/3002 7874/1443/3033 7875/1601/3134
f 7876/1444/3002 7877/1601/3134 7878/1561/3135
f 7879/1589/3136 7880/1598/730 7881/1597/3119
f 7882/1610/3137 7883/64/310 7884/1496/2864
f 7885/1592/3115 7886/1538/3138 7887/1588/3138
f 7888/1611/3139 7889/1585/3086 7890/1612/3140
f 7888/1611/3139 7891/1583/3084 7889/1585/3086
f 7892/1613/3141 7893/1549/3006 7894/1402/3007
f 7895/1614/3142 7896/1615/3143 7892/1613/3144
f 7897/1584/3083 7898/1611/3145 7899/1616/3146
f 7897/1584/3083 7900/1583/3082 7898/1611/3145
f 7901/1538/3138 7902/1592/3115 7903/1596/3117
f 7904/1573/3110 7905/1593/3113 7906/1592/3111
f 7907/1549/3011 7908/1613/3147 7909/1402/2688
f 7910/1615/55 7911/1614/3148 7908/1613/3149
f 7912/1525/3150 7913/1597/3151 7914/1589/3130
f 7912/1525/3150 7915/1589/3130 7916/1504/3152
f 7917/1406/2685 7918/1617/3153 7919/1521/2929
f 7920/1589/3136 7921/1525/3154 7922/1504/3155
f 7923/1597/3119 7921/1525/3154 7924/1589/3136
f 7925/1617/3156 7926/1406/2708 7927/1521/2989
f 7928/1582/3081 7929/1579/3157 7930/1581/3080
f 7931/840/2578 7932/228/2577 7933/374/2578
f 7934/1065/3158 7935/1034/3158 7936/1518/3158
f 7937/1582/3085 7938/1581/3087 7939/1579/3159
f 7940/1618/3160 7941/1611/3139 7942/1612/3140
f 7943/741/3161 7944/761/3162 7945/1525/3162
f 7946/1573/3163 7947/1586/3112 7948/1451/3164
f 7949/1443/3121 7950/1599/3122 7951/1601/3134
f 7952/1525/3165 7953/761/3165 7954/741/3166
f 7955/770/3167 7956/1619/3168 7957/901/3100
f 7958/1570/3057 7959/1443/3169 7960/1601/3128
f 7961/1538/3170 7962/1505/3171 7963/1588/3170
f 7964/1538/2968 7965/1551/3172 7966/1324/2966
f 7965/1551/3172 7964/1538/2968 7967/1596/3173
f 7968/1538/3138 7969/1537/3174 7970/1505/3174
f 7971/1451/3164 7972/1500/3175 7973/850/3176
f 7971/1451/3164 7974/1586/3112 7972/1500/3177
f 7975/1620/3178 7976/1621/3179 7977/1580/3079
f 7978/1173/3043 7979/1622/3180 7980/775/3181
f 7981/1620/3182 7982/1580/3183 7983/1621/3184
f 7984/1275/3022 7985/1213/2186 7986/1621/3185
f 7987/1544/2985 7988/1147/3186 7989/108/237
f 7990/286/3187 7991/1623/3188 7992/30/3189
f 7992/30/3190 7991/1623/3188 7993/133/3191
f 7994/1275/3025 7995/1621/3192 7996/1213/2198
f 7997/1504/3152 7998/1165/3193 7999/1525/3150
f 8000/908/3068 8001/1624/3194 8002/1595/3114
f 8003/1165/3195 8004/1195/3196 8005/1525/3150
f 8006/1504/3155 8007/1525/3154 8008/1165/3197
f 8009/1165/3197 8010/1525/3154 8011/1195/3198
f 8012/1380/3030 8013/1575/3070 8014/1568/3053
f 8015/804/1223 8016/1625/2753 8017/1266/3199
f 8015/804/1223 8018/1014/1663 8016/1625/3200
f 8017/1266/3201 8019/1618/3202 8020/1556/3203
f 8017/1266/3201 8021/1625/2753 8022/1618/3202
f 8023/1556/3203 8022/1618/3202 8024/1611/3204
f 8025/672/3205 8026/1624/3194 8027/908/3068
f 8028/850/3206 8029/1500/3177 8030/1120/3207
f 8031/1575/3090 8032/1380/2630 8033/1550/3009
f 8034/1579/3078 8035/1620/3208 8036/1580/3079
f 8037/1625/2785 8038/804/484 8039/1266/3209
f 8037/1625/2785 8040/1014/1699 8038/804/484
f 8041/1618/3210 8039/1266/3209 8042/1556/3211
f 8043/1618/3210 8044/1625/2786 8039/1266/3209
f 8045/1611/3212 8043/1618/3210 8046/1556/3213
f 8047/1131/3214 8048/1505/3174 8049/1537/3174
f 8050/1552/924 8051/586/3215 8052/126/3216
f 8053/1626/3217 8050/1552/924 8054/126/3218
f 8055/1579/3219 8056/1580/3089 8057/1620/3182
f 8058/280/3220 8059/1627/3221 8060/4/3222
f 8061/1628/3223 8062/1629/3223 8063/159/3223
f 8061/1628/3224 8064/1630/3224 8062/1629/3224
f 8065/1631/3223 8064/1630/3223 8061/1628/3223
f 8065/1631/3223 8066/1632/3223 8064/1630/3223
f 8067/1570/3225 8068/1573/3064 8069/1389/3226
f 8070/1173/3043 8071/1590/3101 8072/1633/3227
f 8073/1586/3228 8074/732/3229 8075/753/2870
f 8076/1634/3230 8077/1622/3180 8078/1635/3231
f 8079/1636/3232 8080/34/3233 8081/7/3234
f 8082/1627/3221 8079/1636/3232 8081/7/3234
f 8083/1525/3162 8084/1597/3235 8085/741/3236
f 8086/1547/2997 8087/1546/2996 8088/1555/3237
f 8089/1616/3146 8090/1611/3238 8091/1618/3239
f 8092/1616/3240 8091/1618/3239 8093/1637/3241
f 8094/1597/3242 8095/1525/3165 8096/741/3243
f 8097/1615/3244 8098/1549/3006 8099/1613/3141
f 8100/1510/2903 8101/1452/2791 8102/682/1031
f 8103/732/3245 8104/1588/3096 8105/749/2887
f 8106/1534/3246 8107/1504/2898 8108/1589/3247
f 8109/1613/3147 8110/1549/3011 8111/1615/57
f 8112/1173/3043 8113/1633/3227 8114/1622/3180
f 8115/1322/2775 8116/1449/2774 8117/1638/3248
f 8118/1293/3249 8119/1576/3071 8120/875/3103
f 8121/732/3229 8122/1586/3228 8123/1592/3250
f 8124/1165/3195 8125/965/3251 8126/1195/3196
f 8127/1537/3171 8128/1020/3214 8129/1131/3214
f 8130/796/3252 8129/1131/3214 8128/1020/3253
f 8131/850/3176 8132/1120/3207 8133/849/3254
f 8134/1165/3197 8135/1195/3198 8136/965/3255
f 8137/727/3256 8138/1576/3071 8139/1639/3257
f 8140/1588/3096 8141/732/3245 8142/1592/3258
f 8143/1561/3259 8144/1589/3260 8145/1534/3098
f 8146/1622/3180 8147/1634/3230 8148/775/3181
f 8149/1640/3261 8148/775/3181 8147/1634/3230
f 8150/1589/3247 8151/1561/3262 8152/1534/3246
f 8153/1590/3101 8154/1619/3168 8155/1641/3263
f 8156/1205/3264 8157/833/3120 8158/1595/3114
f 8159/965/3265 8160/1194/3266 8161/1195/3196
f 8162/849/3254 8163/1120/1714 8164/791/3267
f 8165/796/3252 8166/1020/3268 8167/653/3269
f 8168/965/3270 8169/1195/3198 8170/1194/3271
f 8171/1639/3257 8172/1576/3105 8173/1293/3249
f 8174/965/3265 8175/603/3272 8176/1194/3266
f 8177/849/3254 8178/791/3267 8179/658/3273
f 8180/965/3270 8181/1194/3271 8182/603/3274
f 8183/746/3275 8184/1642/3276 8185/1600/3277
f 8186/739/3278 8187/1591/3279 8188/1640/3261
f 8189/1643/3280 8190/1619/3168 8191/770/3167
f 8191/770/3167 8192/1642/3276 8189/1643/3280
f 8192/1642/3276 8193/1644/3281 8194/1643/3280
f 8192/1642/3282 8195/746/3275 8196/1459/3283
f 8197/1643/3284 8198/1645/3285 8199/1619/3168
f 8199/1619/3168 8198/1645/3285 8200/1646/3286
f 8201/775/3181 8202/1640/3261 8203/1591/3279
f 8204/1618/3160 8205/1612/3140 8206/1647/3287
f 8207/1624/3194 8208/1648/3288 8209/1595/3114
f 8210/1567/3052 8211/1568/3053 8212/1649/3289
f 8213/1557/3031 8214/1494/3032 8215/1650/3290
f 8216/1577/3075 8217/1649/3291 8218/1550/3009
f 8219/1565/3050 8220/1651/3292 8221/1566/3051
f 8222/1652/3293 8223/1643/3280 8224/1653/3294
f 8225/1642/3276 8226/770/3167 8227/1600/3277
f 8228/1625/3295 8229/1618/3160 8230/1647/3287
f 8231/1650/3296 8232/1560/3297 8233/1559/3298
f 8234/1637/3299 8235/1618/3239 8236/1625/3300
f 8237/901/3100 8238/1619/3168 8239/1590/3101
f 8240/1062/2377 8241/1/2378 8242/1654/3301
f 8242/1654/3302 8241/1/2378 8243/809/3303
f 8244/1620/3208 8245/1655/3304 8246/1621/3179
f 8247/1577/3075 8248/1521/2929 8249/1617/3153
f 8250/1617/3156 8251/1521/2989 8252/1567/3052
f 8253/597/3305 8254/653/3306 8255/652/3307
f 8256/1620/3182 8257/1621/3184 8258/1655/3308
f 8259/739/3278 8260/1640/3261 8261/1486/3309
f 8262/597/3305 8263/796/3252 8264/653/3306
f 8265/603/3272 8266/609/3310 8267/1194/3266
f 8268/658/3273 8269/791/3267 8270/596/3311
f 8271/1197/3312 8272/1286/3313 8273/1092/3314
f 8274/1092/3314 8275/1082/3315 8276/1197/3312
f 8277/603/3272 8278/368/3316 8279/609/3317
f 8280/603/3274 8281/1194/3271 8282/609/3318
f 8283/1286/3319 8284/1197/3320 8285/1092/3321
f 8286/1092/3321 8287/1197/3320 8288/1082/3322
f 8289/1655/3304 8290/1213/3323 8291/1621/3179
f 8292/603/3274 8293/609/3318 8294/368/3324
f 8295/1655/3308 8296/1621/3184 8297/1213/3325
f 8298/1286/3326 8299/1354/3327 8300/1152/3328
f 8301/1152/3328 8302/1092/3314 8303/1286/3326
f 8304/1354/3329 8305/1286/3330 8306/1152/3331
f 8307/1152/3331 8308/1286/3330 8309/1092/3321
f 8310/330/3332 8311/278/3333 8312/368/3334
f 8313/329/3335 8314/596/3336 8315/337/3337
f 8316/1627/3221 8317/7/3234 8318/4/3222
f 8319/1509/3338 8320/1497/3339 8321/769/2902
f 8322/1530/2948 8323/1587/3340 8324/1519/2928
f 8325/1181/2092 8323/1587/3024 8322/1530/2976
f 8326/596/3311 8327/329/3335 8328/658/3273
f 8329/273/3341 8330/326/1683 8331/368/3324
f 8332/339/3342 8333/652/3307 8334/351/3343
f 8335/1275/3022 8336/1621/3185 8337/1406/3344
f 8338/191/1348 8339/1656/3345 8340/867/1349
f 8341/1275/3025 8342/1406/3346 8343/1621/3347
f 8344/652/3348 8345/339/3342 8346/597/3305
f 8347/1105/3349 8348/1197/3350 8349/1082/3315
f 8347/1105/3349 8349/1082/3315 8350/1044/3351
f 8351/330/3352 8352/329/3353 8353/248/3354
f 8354/1597/3242 8355/741/3166 8356/731/3355
f 8357/731/3356 8358/741/3236 8359/1597/3235
f 8360/1557/3031 8361/1650/3290 8362/1657/3357
f 8363/1197/3358 8364/1105/3359 8365/1082/3322
f 8365/1082/3322 8364/1105/3359 8366/1044/3360
f 8367/1283/3361 8368/1153/3362 8369/1354/3327
f 8370/1153/3362 8371/1152/3328 8372/1354/3327
f 8373/1641/3263 8374/1658/3363 8375/1633/3227
f 8376/1590/3101 8373/1641/3263 8375/1633/3227
f 8377/1650/3296 8378/1559/3298 8379/1657/3364
f 8380/1634/3230 8381/1659/3365 8382/1640/3261
f 8383/1283/3366 8384/1354/3329 8385/1153/3367
f 8386/1152/3331 8387/1153/3367 8388/1354/3329
f 8389/1284/3368 8390/1440/3369 8391/1191/3361
f 8392/1440/3369 8393/1284/3368 8394/1321/3369
f 8395/351/3343 8396/316/3370 8397/241/3371
f 8398/1648/3288 8399/1205/3264 8400/1595/3114
f 8401/1660/3372 8398/1648/3288 8402/1624/3194
f 8403/1594/3373 8404/731/3355 8405/732/3229
f 8406/1617/3153 8407/1649/3374 8408/1577/3075
f 8409/1191/3361 8410/1153/3362 8411/1283/3361
f 8412/1191/3361 8413/1283/3361 8414/1284/3368
f 8415/1440/3375 8416/1284/3376 8417/1191/3366
f 8418/1284/3376 8419/1440/3377 8420/1321/3377
f 8421/1622/3378 8422/1661/3379 8423/1635/3231
f 8424/368/3316 8425/278/3333 8426/609/3310
f 8427/732/3245 8428/731/3356 8429/1594/3380
f 8430/351/3343 8431/241/3371 8432/339/3342
f 8433/1596/3173 8434/1599/3173 8435/1551/3172
f 8434/1599/3173 8433/1596/3173 8436/1601/3381
f 8437/1097/3382 8438/1656/3345 8439/191/263
f 8440/368/3324 8441/609/3383 8442/273/3341
f 8443/1284/3376 8444/1283/3366 8445/1191/3366
f 8446/1153/3367 8447/1191/3366 8448/1283/3366
f 8449/1649/3374 8450/1575/3384 8451/1550/3091
f 8452/999/3385 8453/1029/3386 8454/1000/3386
f 8455/1029/3386 8456/999/3387 8457/1000/3386
f 8458/326/1683 8459/241/3371 8460/316/3370
f 8461/1566/3388 8462/1651/3389 8463/1662/3390
f 8464/1634/3230 8465/1663/3391 8466/1659/3365
f 8467/1664/3392 8468/1663/3393 8464/1634/3230
f 8469/1594/3373 8470/1597/3394 8471/731/3355
f 8472/1645/3285 8473/1643/3284 8474/1652/3395
f 8475/1645/3285 8474/1652/3396 8476/1646/3286
f 8477/1029/3386 8478/999/3385 8479/1028/3397
f 8480/999/3387 8481/1029/3386 8482/1028/3398
f 8483/1597/3235 8484/1594/3380 8485/731/3356
f 8486/1589/3099 8487/1561/3259 8488/1598/3399
f 8489/241/3371 8490/326/1683 8491/273/3400
f 8492/1614/3401 8493/1615/55 8494/1657/3357
f 8495/1592/3250 8496/1594/3373 8497/732/3229
f 8498/1657/3357 8499/1665/3402 8500/1614/3401
f 8501/1665/3403 8502/1657/3364 8503/1614/3404
f 8504/1657/3364 8505/1615/3405 8506/1614/3404
f 8507/899/3048 8508/1068/3047 8509/967/3406
f 8510/1601/3381 8511/1598/3399 8512/1561/3259
f 8513/1561/3262 8514/1589/3407 8515/1593/3408
f 8516/1007/3409 8517/1028/3397 8518/999/3385
f 8519/1028/3410 8520/1007/3409 8521/1025/3411
f 8522/1594/3380 8523/1592/3258 8524/732/3245
f 8525/1028/3412 8526/1007/3413 8527/999/3387
f 8528/1007/3413 8529/1028/3412 8530/1025/3414
f 8531/248/3354 8532/329/3335 8533/337/3337
f 8534/330/3352 8531/248/3354 8535/278/3415
f 8536/1593/3408 8537/1570/3416 8538/1601/3402
f 8539/1649/3417 8540/1617/3156 8541/1567/3052
f 8542/1568/3053 8543/1575/3418 8539/1649/3419
f 8544/232/3420 8545/1666/3421 8546/233/3422
f 8546/233/3422 8545/1666/3421 8547/1522/3423
f 8548/1547/2997 8549/1107/3424 8550/1198/2998
f 8551/1012/3425 8552/1025/3411 8553/1007/3409
f 8554/1025/3426 8555/1012/3427 8556/1015/3428
f 8557/1648/3429 8558/443/3430 8559/1205/3431
f 8560/1025/3432 8561/1012/3433 8562/1007/3413
f 8563/1012/3434 8564/1025/3414 8565/1015/3435
f 8566/847/3436 8567/1173/3436 8568/775/3436
f 8569/1598/3399 8570/1601/3381 8571/1596/3173
f 8572/1657/3357 8573/1650/3290 8574/1665/3437
f 8575/1054/3438 8576/1105/3349 8577/1044/3351
f 8575/1054/3438 8578/1044/3351 8579/1045/3439
f 8580/126/3216 8581/34/3233 8582/1626/3217
f 8583/1636/3232 8582/1626/3217 8581/34/3233
f 8584/1573/3064 8585/1570/3416 8586/1593/3408
f 8586/1593/3440 8587/1601/3437 8588/1561/3262
f 8589/1625/3441 8590/1647/3287 8591/1667/3442
f 8592/1637/3241 8593/1625/3443 8594/1668/3444
f 8595/1011/3445 8596/1015/3428 8597/1012/3427
f 8598/1665/3446 8599/1650/3296 8600/1657/3364
f 8601/1054/3447 8602/1044/3360 8603/1105/3359
f 8604/1044/3360 8601/1054/3447 8605/1045/3448
f 8606/1015/3435 8607/1011/3449 8608/1012/3433
f 8609/772/3450 8610/746/3451 8611/1600/3452
f 8612/1015/3428 8613/1011/3453 8614/998/3454
f 8615/1013/3455 8614/998/3454 8613/1011/3453
f 8616/1415/3456 8617/808/3457 8618/615/3458
f 8619/1634/3230 8620/1635/3231 8621/1664/3392
f 8622/1669/3459 8621/1664/3392 8623/1635/3231
f 8624/1011/3460 8625/1015/3435 8626/998/3461
f 8626/998/3461 8627/1013/3462 8624/1011/3460
f 8628/1655/3304 8629/1670/3463 8630/1213/3323
f 8631/823/3464 8632/1591/3108 8633/739/3465
f 8634/1655/3308 8635/1213/3466 8636/1670/3467
f 8637/998/3454 8638/1013/3455 8639/1010/3468
f 8640/1019/3469 8639/1010/3468 8641/1013/3455
f 8642/1013/3462 8643/998/3461 8644/1010/3470
f 8644/1010/3470 8645/1019/3471 8646/1013/3462
f 8647/1662/3390 8648/1651/3389 8649/1671/3472
f 8650/1010/3473 8651/1019/3469 8652/1006/3474
f 8653/1026/3475 8654/1045/3439 8655/1005/3475
f 8656/1045/3439 8657/1026/3475 8658/1054/3438
f 8659/1019/3471 8660/1010/3470 8661/1006/3476
f 8662/1019/3469 8663/1005/3475 8664/1006/3474
f 8665/1005/3475 8666/1019/3477 8667/1026/3475
f 8668/745/3478 8669/1459/3283 8670/746/3275
f 8671/1643/3280 8672/1644/3281 8673/1653/3294
f 8674/1005/3479 8675/1045/3448 8676/1026/3479
f 8677/1045/3448 8678/1054/3447 8679/1026/3479
f 8680/1486/3309 8681/738/3480 8682/739/3278
f 8683/1026/3479 8684/1019/3481 8685/1005/3479
f 8686/1006/3476 8687/1005/3479 8688/1019/3481
f 8689/1459/3283 8690/1644/3281 8691/1642/3276
f 8692/1659/3365 8693/1486/3309 8694/1640/3261
f 8695/517/3482 8696/1644/3281 8697/1459/3283
f 8698/1672/3483 8699/410/3484 8700/48/3485
f 8701/1659/3365 8702/506/3486 8703/1486/3309
f 8704/1014/3487 8705/1625/3295 8706/1667/3488
f 8707/1622/3180 8708/1633/3227 8709/1661/3379
f 8710/1673/3489 8711/1674/3490 8708/1633/3227
f 8710/1673/3491 8712/1675/3492 8711/1674/3493
f 8713/1676/3494 8714/1677/3495 8715/1653/3496
f 8716/1670/3463 8717/782/3497 8718/1213/3498
f 8719/1678/3499 8720/1663/3500 8721/1679/3501
f 8722/1644/3281 8723/519/3502 8724/1653/3294
f 8725/1670/3467 8726/1213/3466 8727/782/3503
f 8728/1196/3504 8729/408/3504 8730/408/3504
f 8730/408/3504 8731/1196/3504 8728/1196/3504
f 8732/408/3505 8733/1196/3505 8734/1196/3505
f 8733/1196/3505 8732/408/3506 8735/408/3506
f 8736/1406/3344 8737/1621/3507 8738/1580/3508
f 8739/671/3509 8740/1624/3194 8741/672/3205
f 8742/806/3510 8743/1121/3511 8744/1075/3512
f 8745/1663/3391 8746/507/587 8747/1659/3365
f 8748/1406/3346 8749/1580/3513 8750/1621/3347
f 8751/1674/3490 8752/1661/3514 8753/1633/3227
f 8754/1639/3515 8755/1293/3249 8756/665/3516
f 8756/665/3516 8757/1680/3517 8758/1639/3257
f 8759/668/3518 8757/1680/3517 8760/665/3519
f 8761/1167/3520 8762/1681/3521 8763/1682/3520
f 8764/1639/3257 8765/680/3502 8766/727/3522
f 8767/680/3523 8768/1639/3257 8769/1683/3524
f 8770/1619/3168 8771/1646/3286 8772/1641/3263
f 8773/1684/3525 8772/1641/3263 8771/1646/3526
f 8773/1684/3527 8774/1658/3363 8772/1641/3263
f 8775/1685/3528 8774/1658/3363 8773/1684/3527
f 8776/1686/3529 8777/1687/3530 8778/1563/3531
f 8779/1668/3444 8780/1625/3300 8781/1014/3532
f 8782/1668/3444 8781/1014/3532 8783/1688/3533
f 8784/1624/3194 8785/671/889 8786/1689/3534
f 8787/1459/3283 8788/550/3535 8789/517/3482
f 8790/867/1349 8791/1656/3345 8792/865/527
f 8793/506/3536 8794/548/3537 8795/1486/3309
f 8796/1690/3538 8797/1571/3539 8798/1691/3540
f 8799/680/3502 8800/1683/3524 8801/681/3496
f 8802/1554/3541 8803/808/3457 8804/1415/3456
f 8805/1677/3495 8806/1652/3395 8807/1653/3496
f 8808/1652/3396 8805/1677/3495 8809/1692/3542
f 8810/1633/3227 8811/1658/3543 8812/1673/3544
f 8811/1658/3363 8813/1675/3545 8812/1673/3491
f 8814/763/3546 8815/1075/3547 8816/1077/3548
f 8817/1689/3534 8818/671/587 8819/676/3391
f 8820/1014/3487 8821/1667/3488 8822/1693/3549
f 8823/1644/3281 8824/517/3550 8825/519/3502
f 8826/1624/3194 8827/1689/3534 8828/1660/3372
f 8829/1074/3551 8830/1121/3552 8831/806/3553
f 8832/506/3536 8833/1659/3365 8834/507/587
f 8835/574/3554 8836/1694/3555 8837/562/3556
f 8836/1694/3555 8838/757/3557 8837/562/3556
f 8836/1694/3555 8839/1695/3558 8840/757/3557
f 8838/757/3557 8841/1695/3558 8842/1696/3559
f 8841/1695/3558 8843/1697/3560 8842/1696/3561
f 8835/574/3554 8844/757/3557 8845/1698/3562
f 8846/1699/3563 8847/1698/3562 8844/757/3564
f 8848/1700/3565 8849/588/3566 8845/1698/3562
f 8850/1701/3567 8849/588/3566 8848/1700/3568
f 8851/1700/3565 8852/1702/3569 8850/1701/3570
f 8853/540/3571 8851/1700/3565 8854/1698/3562
f 8849/588/3566 8855/574/3572 8854/1698/3562
f 8856/1703/3573 8855/574/3572 8849/588/3574
f 8857/1639/3257 8858/1680/3517 8859/1683/3575
f 8860/1496/2864 8861/64/310 8862/448/635
f 8863/949/3576 8864/1703/3573 8865/1701/3567
f 8864/1703/3573 8863/949/3576 8866/554/3577
f 8865/1701/3570 8864/1703/3573 8867/588/3574
f 8864/1703/3573 8868/556/3578 8869/555/3579
f 8870/1702/3569 8871/949/3576 8865/1701/3567
f 8872/376/3580 8873/840/3581 8870/1702/3569
f 8874/263/3582 8870/1702/3569 8873/840/3581
f 8875/1694/3555 8876/574/3554 8877/575/3583
f 8878/1703/3573 8877/575/3583 8876/574/3572
f 8879/534/3584 8875/1694/3555 8880/1704/3585
f 8881/1705/3586 8880/1704/3587 8882/1706/3588
f 8883/449/3589 8881/1705/3586 8884/424/3590
f 8885/424/3590 8881/1705/3586 8886/244/3591
f 8887/1705/3586 8888/261/3592 8886/244/3591
f 8889/1706/3593 8890/989/3594 8887/1705/3586
f 8882/1706/3588 8891/1704/3585 8892/575/3583
f 8891/1704/3587 8893/1694/3555 8892/575/3583
f 8889/1706/3588 8892/575/3583 8894/1703/3573
f 8894/1703/3573 8895/989/3594 8889/1706/3588
f 8894/1703/3573 8896/555/3579 8895/989/3594
f 8897/1707/3595 8898/1708/3596 8899/840/3581
f 8900/1509/2901 8901/1496/2864 8902/1497/2999
f 8903/1656/3345 8904/1709/2044 8905/865/527
f 8906/1196/3597 8907/1063/3597 8908/1063/3597
f 8906/1196/3598 8908/1063/3598 8909/1196/3598
f 8910/1664/3392 8911/1669/3459 8912/1710/3599
f 8913/1679/3501 8914/1663/3500 8910/1664/3392
f 8910/1664/3392 8915/1710/3599 8913/1679/3501
f 8916/1711/3600 8917/1712/3601 8918/1713/3602
f 8919/556/3578 8920/1703/3573 8921/554/3577
f 8922/1714/3603 8923/280/3604 8924/305/3605
f 8922/1714/3603 8925/305/3606 8926/306/3607
f 8927/825/3608 8928/1123/3609 8929/1122/3610
f 8930/1507/2892 8931/837/1292 8932/1147/3186
f 8933/1196/3611 8934/1063/3611 8935/1196/3611
f 8934/1063/3611 8933/1196/3611 8936/1063/3611
f 8937/540/3612 8938/1715/3613 8939/1716/3614
f 8940/1699/3563 8941/540/3612 8942/1698/3562
f 8941/540/3571 8943/1699/3563 8944/1715/3615
f 8944/1715/3615 8945/1699/3563 8946/1717/3616
f 8947/1695/3558 8948/534/3584 8949/1718/3617
f 8948/534/3618 8950/1695/3558 8951/1694/3555
f 8952/1718/3617 8953/1719/3619 8947/1695/3558
f 8954/1406/3620 8955/1580/3508 8956/1617/3621
f 8957/1720/3622 8958/1721/3623 8959/1716/3614
f 8960/1406/3346 8961/1617/3624 8962/1580/3513
f 8963/1556/3625 8964/1611/3626 8965/1575/3627
f 8966/713/3628 8967/1077/3629 8968/1074/3630
f 8969/836/3631 8970/1211/3632 8971/1192/3633
f 8972/825/3634 8973/1122/3635 8974/1123/3636
f 8975/1722/3637 8976/389/3638 8977/1241/3639
f 8977/1241/3639 8978/1723/3640 8975/1722/3637
f 8979/825/3608 8980/1122/3610 8981/1121/3641
f 8982/766/3642 8983/340/3642 8984/1190/3642
f 8985/1724/3643 8986/1725/3644 8987/1726/3645
f 8985/1724/3646 8988/1720/3622 8986/1725/3644
f 8989/836/3631 8990/1192/3633 8991/1123/3609
f 8992/1611/3212 8993/1556/3211 8994/1575/3647
f 8995/1727/3648 8996/1728/3649 8997/1253/3650
f 8996/1728/3649 8998/1727/3651 8999/424/3590
f 9000/1729/3652 9001/1253/3653 9002/353/3654
f 9001/1253/3653 9000/1729/3652 9003/1730/3655
f 9004/1731/3656 9005/619/3657 9006/782/3497
f 9007/1670/3658 9008/1731/3656 9006/782/3497
f 9009/806/3510 9010/825/3608 9011/1121/3659
f 9012/836/3660 9013/1192/3661 9014/1211/3662
f 9015/1723/3640 9016/392/3663 9017/1732/3664
f 9018/825/3665 9019/836/3631 9020/1123/3666
f 9021/825/3667 9022/1121/3668 9023/1122/3635
f 9024/1733/3669 9025/1734/3670 9026/1735/3671
f 9027/1721/3623 9028/1700/3568 9029/540/3571
f 9030/1716/3614 9027/1721/3623 9029/540/3612
f 9031/1660/3372 9032/443/3430 9033/1648/3672
f 9034/1718/3673 9035/534/3584 9036/1736/3674
f 9036/1736/3674 9037/1737/3675 9038/1718/3617
f 9039/1738/3676 9040/1737/3675 9036/1736/3677
f 9041/1739/3678 9039/1738/3676 9036/1736/3677
f 9042/1740/3679 9039/1738/3676 9041/1739/3678
f 9043/449/3589 9042/1740/3679 9041/1739/3678
f 9044/1734/3670 9045/1737/3675 9039/1738/3680
f 9044/1734/3670 9039/1738/3680 9046/1735/3671
f 9047/836/3681 9048/1123/3636 9049/1192/3661
f 9050/1670/3682 9051/782/3503 9052/1731/3683
f 9053/1731/3683 9051/782/3503 9054/619/2699
f 9055/806/3684 9056/1075/3685 9057/763/3546
f 9058/836/3631 9059/819/3686 9060/1211/3632
f 9061/806/3687 9062/1121/3688 9063/825/3667
f 9064/1209/3689 9065/1741/3690 9066/1742/3691
f 9066/1742/3691 9067/1724/3643 9068/1726/3645
f 9069/755/3692 9070/88/3693 9071/1190/3694
f 9072/380/3695 9073/1730/3655 9074/1743/3696
f 9075/1702/3569 9076/1700/3565 9077/376/3580
f 9078/1721/3697 9077/376/3580 9076/1700/3565
f 9079/1739/3678 9080/534/3618 9081/1704/3587
f 9079/1739/3678 9082/1736/3677 9080/534/3584
f 9083/825/3634 9084/1123/3636 9085/836/3660
f 9086/713/3628 9087/763/3546 9088/1077/3629
f 9089/1723/3640 9090/1732/3664 9091/1722/3637
f 9092/1077/3698 9093/1074/3551 9094/763/3699
f 9095/1705/3586 9096/449/3589 9097/1704/3585
f 9098/1739/3678 9097/1704/3587 9096/449/3589
f 9099/806/3553 9100/763/3699 9101/1074/3551
f 9102/773/3700 9103/1186/3701 9104/819/3686
f 9105/819/3686 9103/1186/3701 9106/1211/3632
f 9107/1653/3294 9108/510/3524 9109/1676/3494
f 9110/836/3681 9111/1211/3662 9112/819/3702
f 9113/1730/3655 9114/1729/3652 9115/1743/3696
f 9116/1707/3703 9117/1241/3704 9118/1708/3596
f 9119/840/3705 9120/376/3580 9116/1707/3703
f 9121/1721/3623 9116/1707/3703 9120/376/3580
f 9122/1638/3706 9123/97/3707 9124/96/3708
f 9125/709/3709 9126/1192/3710 9127/773/3700
f 9128/713/3711 9129/1077/3712 9130/763/3699
f 9131/1536/3713 9132/1744/3714 9133/1733/3669
f 9134/1745/3715 9135/1678/3499 9136/1679/3501
f 9137/708/3716 9138/1122/3717 9139/709/3718
f 9140/773/3700 9141/1192/3710 9142/1186/3701
f 9143/713/3711 9144/1075/3719 9145/1077/3712
f 9146/870/3720 9147/1071/3721 9148/709/3722
f 9149/1746/3723 9150/1097/3724 9151/705/3725
f 9152/708/3716 9153/713/3628 9154/1074/3630
f 9155/708/3716 9156/1074/3630 9157/1121/3726
f 9158/1663/3393 9159/1678/3499 9160/485/3534
f 9161/1186/3727 9162/870/3728 9163/819/3702
f 9164/1211/3662 9161/1186/3727 9163/819/3702
f 9165/1724/3646 9166/1741/3729 9167/1747/3730
f 9168/1676/3494 9169/510/3524 9170/401/3517
f 9171/708/3716 9172/1121/3726 9173/1122/3717
f 9174/1742/3691 9175/1748/3731 9176/1209/3689
f 9177/709/3718 9178/1122/3717 9179/1123/3732
f 9177/709/3709 9180/1123/3732 9181/1192/3710
f 9182/1067/3733 9183/713/3711 9184/708/3734
f 9185/1678/3499 9186/1745/3715 9187/1749/3713
f 9188/1078/3735 9189/709/3736 9190/1071/3721
f 9191/1678/3499 9192/381/3372 9193/485/3534
f 9194/1720/3622 9195/1716/3614 9196/1725/3737
f 9197/1726/3645 9196/1725/3644 9198/1750/3738
f 9199/1707/3703 9200/1721/3623 9194/1720/3622
f 9201/713/3711 9202/1067/3733 9203/1075/3719
f 9204/709/3736 9205/1078/3735 9206/708/3739
f 9207/1285/3740 9208/1285/3740 9209/1285/3740
f 9209/1285/3740 9210/1285/3741 9207/1285/3740
f 9211/1078/3735 9212/1067/3742 9213/708/3739
f 9214/1747/3730 9215/1707/3703 9216/1720/3743
f 9217/1724/3646 9218/1747/3730 9216/1720/3622
f 9219/424/3590 9220/1727/3648 9221/449/3589
f 9220/1727/3651 9222/1740/3679 9221/449/3589
f 9223/1735/3671 9224/1738/3676 9222/1740/3679
f 9223/1735/3671 9222/1740/3679 9225/1727/3648
f 9226/1707/3595 9227/1723/3640 9228/1241/3639
f 9227/1723/3640 9226/1707/3703 9229/1747/3730
f 9230/1285/3744 9231/1285/3744 9232/1285/3744
f 9231/1285/3744 9230/1285/3744 9233/1285/3744
f 9234/1635/3231 9235/1661/3379 9236/1669/3459
f 9237/1751/3745 9236/1669/3459 9235/1661/3746
f 9238/1752/3715 9239/1744/3714 9240/1536/3713
f 9241/1734/3670 9239/1744/3747 9242/1753/3748
f 9241/1734/3670 9243/1733/3749 9239/1744/3714
f 9244/1452/3750 9245/90/3751 9246/1042/3752
f 9247/800/3753 9248/587/3753 9249/1167/3753
f 9250/1754/3754 9251/1723/3640 9252/1747/3730
f 9252/1747/3730 9253/1741/3690 9250/1754/3754
f 9254/757/3557 9255/1696/3559 9256/1699/3563
f 9257/1697/3560 9256/1699/3563 9255/1696/3561
f 9258/1717/3755 9257/1697/3560 9259/1755/3756
f 9260/1727/3757 9261/1253/3758 9262/1730/3759
f 9262/1730/3655 9263/1735/3671 9264/1727/3760
f 9265/96/3708 9266/306/3761 9267/914/3762
f 9268/1610/3763 9269/1756/3764 9270/41/3765
f 9271/522/3689 9272/1757/3766 9273/1676/3494
f 9271/522/3689 9273/1676/3494 9274/400/3518
f 9275/414/3767 9276/1741/3690 9277/1209/3689
f 9278/1507/2892 9279/1147/3186 9280/1544/2985
f 9281/1743/3768 9282/134/3769 9283/380/3695
f 9284/1730/3759 9283/380/3695 9285/439/3770
f 9286/1730/3655 9285/439/3770 9287/399/3771
f 9288/1758/3772 9289/1735/3671 9290/1730/3759
f 9291/1733/3749 9289/1735/3773 9292/1758/3774
f 9293/1733/3749 9294/398/3775 9295/1536/3713
f 9296/133/3776 9297/1759/3777 9298/1760/3778
f 9299/1575/3627 9300/1611/3204 9301/1583/3779
f 9302/1055/3780 9303/1030/3780 9304/1030/3780
f 9305/1030/3780 9306/1055/3780 9307/1055/3780
f 9308/1761/3781 9309/1712/3782 9310/1762/3782
f 9311/1676/3494 9312/1757/3783 9313/1677/3495
f 9313/1677/3495 9314/1757/3731 9315/1692/3784
f 9316/1617/3624 9317/1581/3785 9318/1580/3513
f 9319/1617/3786 9320/1580/3508 9321/1581/3787
f 9322/1583/3788 9323/1611/3789 9324/1575/3790
f 9325/400/3518 9326/1676/3494 9327/401/3791
f 9328/917/3792 9329/949/3576 9330/1702/3793
f 9331/1055/3794 9332/1030/3794 9333/1030/3794
f 9334/1055/3794 9335/1030/3794 9336/1055/3794
f 9337/989/3594 9338/997/3795 9339/1705/3586
f 9340/917/3796 9341/552/3797 9342/949/3576
f 9343/624/3798 9344/1693/3549 9345/1763/3799
f 9346/1731/3656 9347/1764/3800 9348/619/3657
f 9349/1688/3533 9350/624/3801 9351/1765/3802
f 9352/989/3594 9353/576/3803 9354/997/3804
f 9355/444/3713 9356/443/3430 9357/1660/3372
f 9358/398/3805 9359/1758/3772 9360/399/3771
f 9359/1758/3774 9361/1730/3759 9360/399/3771
f 9358/398/3775 9362/1733/3669 9359/1758/3774
f 9363/1731/3806 9364/619/2699 9365/1766/3807
f 9366/1686/3529 9367/1767/3456 9368/1687/3808
f 9369/1678/3499 9370/1749/3713 9371/381/3809
f 9372/1030/3810 9373/1030/3810 9374/1030/3810
f 9374/1030/3810 9375/1030/3810 9372/1030/3810
f 9376/1510/3811 9377/88/3693 9378/90/3812
f 9379/1666/3813 9380/232/3814 9381/1760/3778
f 9382/1692/3784 9383/1646/3286 9384/1652/3395
f 9385/1030/3815 9386/1030/3815 9387/1030/3815
f 9386/1030/3815 9385/1030/3815 9388/1030/3815
f 9389/1742/3691 9390/1741/3729 9391/1724/3646
f 9389/1742/3816 9392/1726/3817 9393/1768/3818
f 9392/1726/3645 9394/1769/3819 9395/1768/3818
f 9396/1770/3820 9394/1769/3819 9397/1771/3821
f 9394/1769/3819 9396/1770/3820 9398/1768/3818
f 9390/1741/3729 9399/414/3822 9400/1754/3754
f 9399/414/3822 9401/415/3823 9400/1754/3754
f 9400/1754/3754 9401/415/3823 9402/1723/3640
f 9403/1723/3640 9401/415/3823 9404/416/3824
f 9405/392/3663 9403/1723/3825 9404/416/3824
f 9406/137/3826 9407/1732/3664 9405/392/3663
f 9408/967/3827 9409/1069/3827 9410/584/3827
f 9411/1575/3627 9412/1583/3828 9413/1649/3829
f 9414/1617/3624 9415/1649/3830 9416/1581/3785
f 9417/1617/3786 9418/1581/3787 9419/1649/3831
f 9420/1583/3832 9421/1575/3790 9422/1649/3833
f 9423/1702/3793 9424/263/3582 9425/265/3834
f 9426/1646/3286 9427/1692/3784 9428/1772/3835
f 9426/1646/3286 9428/1772/3835 9429/1773/3836
f 9430/1705/3586 9431/259/3837 9432/261/3592
f 9433/1522/3838 9434/1666/3839 9435/97/3840
f 9436/917/3796 9437/1702/3569 9438/265/3834
f 9439/1705/3586 9440/997/3804 9441/259/3837
f 9442/1571/3539 9443/1690/3841 9444/1572/3842
f 9445/1572/3842 9443/1690/3538 9446/1774/3843
f 9447/1681/3521 9448/1167/3520 9449/1552/3844
f 9450/1649/3830 9451/1583/3779 9452/1581/3785
f 9453/41/51 9454/64/310 9455/1610/3763
f 9456/1686/3529 9457/1563/3531 9458/1562/3845
f 9459/424/3590 9460/244/3591 9461/1728/3649
f 9460/244/3591 9462/194/3846 9463/1728/3649
f 9464/1581/3787 9465/1583/3847 9466/1649/3831
f 9467/201/3848 9468/840/3581 9469/1708/3596
f 9470/624/3798 9471/1014/3487 9472/1693/3549
f 9473/238/3849 9470/624/3850 9474/1763/126
f 9475/1688/3533 9476/1014/3532 9477/624/3801
f 9478/1765/3802 9477/624/3801 9479/238/3851
f 9480/1725/3737 9481/1716/3614 9482/1750/3852
f 9483/1775/3853 9484/1776/3854 9485/36/284
f 9486/1687/3855 9487/1777/3855 9488/1691/3855
f 9489/1100/1886 9490/1453/3856 9491/1101/1887
f 9492/1699/3563 9493/1697/3560 9494/1717/3755
f 9495/1241/3857 9496/223/3858 9497/1708/3596
f 9498/1697/3560 9499/1695/3558 9500/1719/3619
f 9501/1728/3649 9502/216/3859 9503/1253/3860
f 9504/410/574 9505/1778/3861 9506/1509/2901
f 9507/1776/3854 9508/1779/3862 9509/36/284
f 9510/1780/3863 9511/1737/3675 9512/1734/3864
f 9513/840/3581 9514/201/3848 9515/228/3865
f 9514/201/3866 9516/202/3867 9515/228/3865
f 9517/410/574 9518/1509/2901 9519/447/3868
f 9520/1554/3869 9521/1654/3302 9522/809/3303
f 9522/809/3303 9523/808/3457 9520/1554/3541
f 9524/1285/3870 9525/1285/3870 9526/1285/3870
f 9525/1285/3870 9524/1285/3870 9527/1285/3870
f 9528/1715/3613 9529/1750/3871 9530/1716/3614
f 9531/1764/3800 9532/1781/3872 9533/300/3873
f 9534/1190/3874 9535/340/3875 9536/755/3692
f 9535/340/3876 9537/1198/3877 9538/755/3692
f 9539/340/3876 9540/341/3878 9537/1198/3879
f 9541/1766/3807 9542/300/3880 9543/1782/3881
f 9544/1198/3882 9545/1783/3883 9546/1546/3884
f 9547/1285/3885 9548/1285/3885 9549/1285/3885
f 9548/1285/3886 9547/1285/3886 9550/1285/3886
f 9551/1780/3863 9552/1718/3617 9553/1737/3675
f 9554/1778/3861 9555/1496/2864 9556/1509/2901
f 9557/306/3761 9558/1108/3887 9559/1714/3603
f 9560/1710/3599 9561/1784/3888 9562/1745/3715
f 9563/1679/3501 9560/1710/3889 9562/1745/3715
f 9564/1544/2985 9565/1548/1003 9566/1507/2892
f 9567/194/3890 9568/244/3591 9569/226/3891
f 9569/226/3892 9570/193/3893 9567/194/3890
f 9571/229/3894 9572/228/3865 9573/202/3867
f 9574/307/3895 9575/917/3895 9576/265/3895
f 9577/1764/3800 9578/300/3896 9579/619/3657
f 9580/544/3897 9581/1062/3898 9582/1783/3883
f 9583/1783/3899 9581/1062/3898 9584/1654/3301
f 9585/1030/3900 9586/1030/3900 9587/1030/3900
f 9586/1030/3900 9585/1030/3900 9588/1030/3900
f 9589/1785/3901 9590/1767/3456 9591/1686/3529
f 9592/226/3892 9593/225/3902 9594/193/3893
f 9595/997/3903 9596/302/3903 9597/259/3903
f 9598/1766/3807 9599/619/2699 9600/300/3904
f 9601/201/3866 9602/1708/3596 9603/223/3858
f 9601/201/3866 9603/223/3858 9604/203/3905
f 9605/1030/3906 9606/1030/3906 9607/1030/3906
f 9606/1030/3906 9605/1030/3906 9608/1030/3906
f 9609/1452/3750 9610/1510/3811 9611/90/3751
f 9612/1768/3818 9613/1770/3820 9614/1748/3731
f 9615/1742/3691 9612/1768/3818 9616/1748/3731
f 9617/1779/3862 9618/1544/2985 9619/36/284
f 9620/1728/3907 9621/194/3846 9622/216/3859
f 9623/195/3908 9622/216/3859 9621/194/3890
f 9624/1753/3909 9625/1786/3910 9626/1780/3911
f 9626/1780/3863 9627/1734/3670 9624/1753/3909
f 9628/1781/3872 9629/1787/3912 9630/243/3913
f 9631/1666/3839 9632/1460/3914 9633/719/3781
f 9634/97/3840 9631/1666/3839 9633/719/3781
f 9635/1782/3881 9636/231/3915 9637/1788/3916
f 9638/717/3917 9639/306/3918 9640/96/3708
f 9641/1108/3887 9639/306/3761 9642/717/3917
f 9643/1718/3673 9644/1780/3911 9645/1719/3619
f 9646/136/3919 9645/1719/3619 9644/1780/3911
f 9647/1638/3706 9648/1522/3838 9649/97/3707
f 9650/1778/3861 9651/1610/3920 9652/1496/2864
f 9653/1765/3921 9654/238/3851 9655/1787/3912
f 9656/1787/3912 9654/238/3851 9657/243/3913
f 9658/1789/3922 9659/1790/3923 9660/1761/3781
f 9661/1712/3782 9660/1761/3781 9659/1790/3923
f 9662/1671/3924 9663/1552/3924 9664/1626/3924
f 9665/1790/3925 9666/1791/3926 9667/1713/3602
f 9667/1713/3602 9668/1712/3601 9665/1790/3925
f 9669/1042/3927 9670/90/3751 9671/657/3928
f 9672/1753/3909 9673/1744/3714 9674/1792/3929
f 9674/1792/3930 9675/1786/3910 9672/1753/3909
f 9676/1726/3817 9677/1750/3931 9678/1769/3819
f 9679/238/3932 9680/1763/126 9681/1788/3916
f 9682/1788/3933 9683/231/3915 9679/238/3849
f 9684/1685/3934 9685/1793/3935 9686/1658/3363
f 9685/1793/3935 9684/1685/3528 9687/1794/3936
f 9688/1674/3937 9689/1795/3938 9690/1751/3745
f 9691/1661/3379 9688/1674/3490 9690/1751/3939
f 9692/202/3867 9693/201/3940 9694/203/3941
f 9695/194/3890 9696/193/3893 9697/195/3942
f 9698/1671/3943 9699/1681/3521 9700/1552/3844
f 9701/96/3708 9702/914/3944 9703/1638/3706
f 9704/1662/3945 9705/1626/3217 9706/1636/3232
f 9706/1636/3232 9707/1566/3946 9704/1662/3945
f 9708/1757/3766 9709/1796/3947 9710/1692/3784
f 9711/1750/3871 9712/1715/3615 9713/1717/3755
f 9713/1717/3755 9714/138/3948 9711/1750/3738
f 9711/1750/3852 9715/138/3948 9716/1769/3949
f 9716/1769/3819 9715/138/3948 9717/1797/3950
f 9718/1646/3286 9719/1773/3836 9720/1684/3525
f 9720/1684/3527 9719/1773/3951 9721/1685/3528
f 9722/1108/3952 9723/1107/3952 9724/1565/3952
f 9725/36/284 9726/41/3765 9727/1756/3764
f 9728/914/3944 9729/1322/3953 9730/1638/3706
f 9731/1510/3811 9732/1190/3694 9733/88/3693
f 9734/1752/3715 9735/1792/3929 9736/1744/3714
f 9735/1792/3930 9737/1752/3715 9738/155/3888
f 9739/155/3888 9740/1798/3954 9735/1792/3930
f 9741/1799/3955 9740/1798/3956 9739/155/3888
f 9742/1782/3881 9743/300/3880 9744/231/3915
f 9745/1774/3843 9746/1690/3538 9747/1800/3957
f 9747/1800/3957 9748/1801/3958 9745/1774/3843
f 9749/1781/3872 9750/243/3913 9751/300/3959
f 9752/162/3960 9753/389/3961 9754/1722/3962
f 9755/799/3963 9756/936/3964 9757/281/3965
f 9757/281/3965 9758/729/3966 9755/799/3963
f 9759/1108/3887 9760/280/3967 9761/1714/3603
f 9762/899/3968 9763/967/3969 9764/267/3970
f 9765/897/3971 9762/899/3972 9764/267/3973
f 9766/1719/3619 9767/1802/3974 9768/1697/3560
f 9769/729/3975 9770/587/3975 9771/800/3975
f 9772/353/3976 9773/153/3977 9774/1729/3978
f 9775/1669/3459 9776/1803/3955 9777/1784/3888
f 9778/1710/3599 9775/1669/3459 9777/1784/3888
f 9779/800/3979 9780/799/3963 9781/729/3979
f 9782/282/3980 9783/281/3965 9784/936/3964
f 9784/936/3964 9785/1027/1549 9782/282/3980
f 9786/1198/3879 9787/341/3878 9788/544/3981
f 9789/1804/3982 9790/1722/3962 9791/1732/3983
f 9792/1562/3984 9793/1785/3901 9794/1686/3529
f 9795/1796/3820 9796/1772/3835 9797/1692/3542
f 9796/1772/3835 9795/1796/3820 9798/1805/3985
f 9799/133/3986 9800/1760/3778 9801/232/3814
f 9802/1042/3987 9803/657/3928 9804/1495/3988
f 9805/1806/3989 9806/1672/3990 9807/54/3991
f 9808/267/3973 9809/803/3992 9810/897/3971
f 9811/933/3993 9810/897/3971 9809/803/3992
f 9812/1779/3862 9813/1806/3989 9814/1548/1003
f 9815/1544/2985 9812/1779/3862 9816/1548/1003
f 9817/1566/3994 9818/1636/3232 9819/1627/3995
f 9820/280/3604 9817/1566/3994 9819/1627/3221
f 9821/1804/3982 9822/129/3996 9823/162/3997
f 9823/162/3960 9824/1722/3998 9821/1804/3982
f 9825/54/3991 9826/1548/1003 9827/1806/3989
f 9828/137/3999 9829/127/4000 9830/1732/4001
f 9831/136/3919 9832/1807/4002 9833/1802/4003
f 9834/1719/3619 9831/136/3919 9833/1802/4003
f 9835/1808/4004 9836/153/4005 9837/122/4006
f 9835/1808/4007 9838/1729/4008 9836/153/4005
f 9839/1798/3954 9840/1809/4009 9841/1786/3910
f 9841/1786/3910 9842/1792/3929 9839/1798/3954
f 9843/138/3948 9844/1717/3755 9845/1755/4010
f 9843/138/3948 9845/1755/3756 9846/1797/3950
f 9847/1675/3545 9848/1810/4011 9849/1795/3938
f 9850/1674/3490 9847/1675/3545 9849/1795/4012
f 9851/1743/4013 9852/121/4014 9853/134/4015
f 9854/1658/3363 9855/1793/3935 9856/1675/3545
f 9856/1675/3545 9855/1793/3935 9857/1794/3936
f 9856/1675/3492 9858/1794/3936 9859/1810/4011
f 9858/1794/3936 9860/1811/4016 9859/1810/4011
f 9861/1729/3978 9862/1808/4007 9863/1743/4013
f 9863/1743/4017 9864/1808/4004 9865/121/4018
f 9865/121/4018 9864/1808/4004 9866/122/4006
f 9867/1812/1163 9868/1709/2044 9869/1656/3345
f 9870/1783/3883 9871/1654/3301 9872/1546/3884
f 9873/1654/3302 9874/1554/4019 9872/1546/3884
f 9875/1198/3879 9876/544/4020 9870/1783/3899
f 9877/1786/3910 9878/1807/4021 9879/136/3919
f 9880/1780/3911 9877/1786/3910 9879/136/3919
f 9881/1697/3560 9882/1813/4022 9883/1755/4010
f 9884/1713/4023 9885/1791/3926 9886/1814/4024
f 9887/127/4000 9888/129/3996 9889/1804/3982
f 9889/1804/3982 9890/1732/4001 9887/127/4000
f 9891/1767/3456 9892/1785/3901 9893/1815/3541
f 9894/1816/4025 9893/1815/3541 9892/1785/3901
f 9895/1817/4026 9896/1610/3763 9897/1778/3861
f 9898/1818/4027 9899/1697/3560 9900/1802/4003
f 9901/1666/3839 9902/1760/4028 9903/1460/3914
f 9904/1108/3887 9905/1566/3946 9906/280/3604
f 9907/1623/4029 9908/1759/3777 9909/133/4030
f 9910/1819/1163 9911/1656/4031 9912/1820/1878
f 9913/1572/3842 9914/1774/3843 9915/1821/4032
f 9916/1801/3958 9915/1821/4032 9914/1774/3843
f 9917/1785/3901 9918/1562/3984 9919/1821/4033
f 9920/1822/4034 9917/1785/3901 9919/1821/4035
f 9921/1751/4036 9922/1795/4012 9923/1803/3955
f 9923/1803/3955 9924/1669/3459 9921/1751/4036
f 9925/1776/3854 9926/1806/4037 9927/1779/3862
f 9928/1817/4038 9929/1778/4039 9930/410/574
f 9931/803/3992 9932/286/4040 9933/933/3993
f 9932/286/4040 9934/1280/4041 9933/933/3993
f 9935/1772/3835 9936/1805/3985 9937/1773/3836
f 9937/1773/3836 9936/1805/4042 9938/1823/4043
f 9939/1824/4044 9940/1813/4045 9941/1818/4027
f 9942/1697/3560 9941/1818/4027 9940/1813/4022
f 9943/286/4046 9944/282/3980 9945/1027/1328
f 9943/286/4046 9945/1027/1328 9946/1623/4047
f 9947/1548/1003 9948/54/3991 9949/109/236
f 9950/1662/3945 9951/1671/4048 9952/1626/3217
f 9953/1759/4049 9954/675/4050 9955/221/4051
f 9956/1449/4052 9957/1522/4052 9958/1638/4052
f 9959/1773/3951 9960/1823/4043 9961/1685/3528
f 9961/1685/3528 9960/1823/4043 9962/1825/4053
f 9963/1826/4054 9964/1827/4055 9965/1791/3926
f 9966/1790/4056 9963/1826/4054 9965/1791/3926
f 9967/48/3485 9968/54/4057 9969/1672/3990
f 9970/1755/3756 9971/1813/4022 9972/1797/3950
f 9972/1797/3950 9971/1813/4022 9973/1828/4058
f 9974/1829/4059 9975/1818/4027 9976/1807/4021
f 9977/1802/3974 9976/1807/4021 9975/1818/4027
f 9978/657/3928 9979/1099/4060 9980/1495/3988
f 9981/1101/4061 9980/1495/3988 9979/1099/4060
f 9982/221/4062 9983/1101/4061 9984/1759/4049
f 9985/1809/4063 9986/1829/4059 9987/1807/4021
f 9988/1786/3910 9985/1809/4063 9987/1807/4021
f 9989/1771/3821 9990/1830/4064 9991/1831/3985
f 9992/1770/3820 9989/1771/3821 9991/1831/4042
f 9993/1832/4065 9994/1809/4063 9995/1799/3955
f 9995/1799/3955 9994/1809/4063 9996/1798/3956
f 9997/1769/3819 9998/1797/3950 9999/1771/3821
f 10000/1833/4066 9999/1771/3821 9998/1797/3950
f 10001/1834/4067 10002/1789/3922 10003/1835/3914
f 10004/1761/3781 10003/1835/3914 10005/1789/3922
f 10006/1813/4045 10007/1824/4044 10008/1828/4068
f 10009/1801/3958 10010/1800/3957 10011/1836/4069
f 10012/1837/4070 10009/1801/3958 10011/1836/4069
f 10013/1818/4027 10014/1829/4059 10015/1824/4044
f 10016/1825/4071 10017/1794/3936 10018/1685/3528
f 10017/1794/3936 10016/1825/4053 10019/1811/4016
f 10020/1810/4011 10021/1838/4072 10022/1839/4073
f 10023/1795/3938 10020/1810/4011 10022/1839/4073
f 10024/1840/4074 10025/1841/4075 10026/1816/4025
f 10027/52/4076 10028/1838/4072 10029/1811/4016
f 10030/1810/4011 10029/1811/4016 10028/1838/4072
f 10031/1495/3988 10032/1101/4061 10033/221/4051
f 10034/1797/3950 10035/1828/4068 10036/1833/4066
f 10037/1771/4077 10038/1833/4066 10039/1830/4064
f 10040/1775/4078 10041/36/4079 10042/1756/3764
f 10043/1795/3938 10044/1839/4073 10045/66/4065
f 10046/1803/3955 10043/1795/4080 10045/66/4065
f 10047/1672/3483 10048/1775/4078 10049/1756/3764
f 10050/1775/4078 10051/1672/3990 10052/1806/3989
f 10053/1842/4081 10054/1829/4082 10055/1832/4065
f 10055/1832/4065 10054/1829/4059 10056/1809/4063
f 10057/1824/4044 10058/1843/4083 10059/1828/4068
f 10060/1805/3985 10061/76/4084 10062/1823/4043
f 10062/1823/4043 10061/76/4064 10063/1825/4071
f 10064/1842/4081 10065/1824/4044 10066/1829/4059
f 10067/1843/4083 10068/1824/4044 10069/1842/4081
f 10070/1843/4083 10071/1844/4076 10072/1845/4085
f 10073/1828/4068 10070/1843/4083 10072/1845/4085
f 10074/1828/4068 10075/1845/4085 10076/1833/4066
f 10077/1817/4026 10078/410/574 10079/1672/3990
f 10080/1817/4026 10081/1756/3764 10082/1610/3763
f 10083/1672/3483 10084/1756/3764 10085/1817/4026
f 10086/1815/4019 10087/1816/4025 10088/1841/4086
f 10089/1806/3989 10090/1776/3854 10091/1775/4078
f 10092/1811/4016 10093/1846/4085 10094/52/4076
f 10095/1825/4053 10093/1846/4085 10092/1811/4016
f 10096/1830/4084 10097/1833/4066 10098/1847/4053
f 10099/1833/4066 10100/1845/4085 10101/1847/4053
f 10102/1842/4081 10103/1848/4073 10104/1849/4072
f 10103/1848/4073 10102/1842/4081 10105/1832/4065
f 10106/1849/4072 10107/1844/4076 10108/1843/4083
f 10106/1849/4072 10108/1843/4083 10109/1842/4081
f 10110/1462/4087 10111/1280/4041 10112/1759/4088
f 10112/1759/4049 10113/1280/4089 10114/675/4050
f 10115/286/4040 10114/675/4050 10113/1280/4041
f 10116/1850/4090 10117/1837/4070 10118/1851/4091
f 10119/1850/4092 10120/1852/4093 10121/1789/3922
f 10121/1789/3922 10120/1852/4093 10122/1790/3923
f 10123/1853/4094 10119/1850/4092 10124/1834/4095
f 10125/1789/3922 10126/1834/4095 10119/1850/4090
f 10119/1850/4092 10127/1851/4096 10128/1852/4093
f 10129/1454/4097 10130/1759/3777 10131/1455/4098
f 10132/1759/4049 10133/1101/4061 10134/1462/4087
f 10135/1854/4099 10136/1841/4086 10137/1840/4074
f 10138/1827/4055 10139/1854/4099 10137/1840/4074
f 10140/1826/4054 10139/1854/4099 10138/1827/4055
f 10141/1027/1549 10142/1273/4100 10143/1623/4047
f 10143/1623/4029 10144/1273/4101 10145/1455/4098
f 10146/1821/4032 10147/1801/3958 10148/1855/4102
f 10149/1856/4103 10148/1855/4102 10147/1801/3958
f 10150/1454/4097 10151/1460/3914 10152/1760/4104
f 10153/1785/3901 10154/1822/4034 10155/1816/4025
f 10154/1822/4034 10156/1840/4074 10155/1816/4025
f 10157/1760/4104 10158/1759/3777 10159/1454/4097
f 10160/1623/4047 10161/1455/4098 10162/1759/3777
f 10163/1791/3926 10164/1827/4055 10165/1814/4024
f 10166/1856/4103 10167/1801/3958 10168/1837/4105
f 10169/1850/4090 10170/1856/4103 10168/1837/4105
f 10171/1837/4105 10172/1836/4069 10173/1851/4106
f 10174/1855/4102 10175/1856/4107 10176/1853/4094
f 10177/1840/4074 10178/1822/4034 10179/1857/4108
f 10180/1827/4055 10181/1857/4109 10182/1814/4110
f 10183/1827/4055 10184/1840/4074 10181/1857/4108
f 10185/1850/4090 10186/1853/4094 10187/1856/4103
