# This file is brought to you by Roblox Corporation
# Generated by Roblox Studio

mtllib venus.mtl

g Handle1

v -1.10109 8.23005 6.97097 
v -1.03171 8.01478 6.98299 
v -1.03805 8.01196 6.97097 
v -1.09706 8.23569 6.98299 
v -1.10513 8.22441 6.98299 
v -1.04439 8.00915 6.98299 
v -1.14775 8.26392 6.98299 
v -1.15391 8.26072 6.97097 
v -1.16006 8.25751 6.98299 
v -1.13491 8.30786 6.98299 
v -1.12835 8.31013 6.97097 
v -1.12179 8.31239 6.98299 
v -1.16899 8.3692 6.98299 
v -1.16243 8.37146 6.97097 
v -1.15587 8.37373 6.98299 
v -1.17706 8.36641 6.98792 
v -1.14779 8.37652 6.98792 
v -1.16243 8.37146 6.9611 
v -1.18149 8.37922 6.98792 
v -1.16686 8.38428 6.9611 
v -1.15222 8.38934 6.98792 
v -0.851614 7.10991 6.79446 
v -0.773624 7.08821 6.80903 
v -0.845727 7.09198 6.83752 
v -0.328789 7.09198 6.83752 
v -0.400892 7.08821 6.80903 
v -0.322902 7.10991 6.79446 
v -0.0921228 7.98777 6.8618 
v -0.0851258 7.9616 6.97898 
v 0.0112752 7.94675 6.97898 
v -0.0921228 7.98777 7.09616 
v -0.20422 8.04492 6.97898 
v -0.179047 8.06729 6.83759 
v -0.179047 8.06729 7.12038 
v -0.132556 8.1086 6.76245 
v -0.247797 8.16296 6.8618 
v -0.272967 8.17298 6.97898 
v -0.0272748 7.99166 6.82163 
v -0.0679808 8.16599 6.73721 
v -0.236315 8.2269 6.82163 
v 0.0486332 8.03433 6.80311 
v -0.185016 8.29727 6.80311 
v 0.0926202 7.98526 6.97898 
v 0.0486332 8.03433 7.15486 
v -0.276387 8.27046 6.97898 
v -0.228583 8.34672 6.97898 
v -0.185016 8.29727 7.15486 
v -0.0272748 7.99166 7.13633 
v -0.236316 8.2269 7.13633 
v -0.247797 8.16296 7.09616 
v -0.132556 8.1086 7.19551 
v -0.0679808 8.16599 7.22076 
v -0.0326518 8.03717 7.09874 
v 0.0926202 7.98526 6.97898 
v -0.112636 8.1263 7.14328 
v -0.00350177 8.00349 6.97898 
v -0.0869298 8.03012 7.06796 
v -0.146416 8.09629 7.10172 
v -0.0648838 8.00454 6.97898 
v -0.205132 8.16314 7.06796 
v -0.0869298 8.03012 6.89001 
v -0.191752 8.21621 7.09874 
v -0.185016 8.29727 7.15486 
v -0.227947 8.18804 6.97898 
v -0.228583 8.34672 6.97898 
v -0.22177 8.24912 6.97898 
v -0.191752 8.21621 6.85922 
v -0.205132 8.16314 6.89001 
v -0.0679808 8.16599 6.73721 
v -0.112636 8.1263 6.81469 
v -0.146415 8.09629 6.85624 
v -0.0326518 8.03717 6.85922 
v -0.156037 8.08774 6.85585 
v -0.0857438 8.04471 6.90013 
v -0.0961518 8.02115 6.88943 
v -0.138058 8.10371 6.87048 
v -0.0793798 8.0732 6.9172 
v -0.117425 8.12205 6.90366 
v -0.161463 8.16557 6.9172 
v -0.190502 8.1626 6.90013 
v -0.215124 8.15504 6.88943 
v -0.210135 8.18482 6.97898 
v -0.161463 8.16557 6.9172 
v -0.215124 8.15504 6.88943 
v -0.237831 8.17978 6.97898 
v -0.16746 8.17836 6.97898 
v -0.215124 8.15504 7.06854 
v -0.210135 8.18482 6.97898 
v -0.161463 8.16557 7.04077 
v -0.190502 8.1626 7.05784 
v -0.112007 8.12687 6.97898 
v -0.161463 8.16557 7.04077 
v -0.117425 8.12205 7.05431 
v -0.0793798 8.0732 6.9172 
v -0.117425 8.12205 6.90366 
v -0.0673888 8.06574 6.97898 
v -0.112007 8.12687 6.97898 
v -0.161463 8.16557 6.9172 
v -0.117425 8.12205 6.90366 
v -0.0793798 8.0732 7.04077 
v -0.117425 8.12205 7.05431 
v -0.156037 8.08774 7.10212 
v -0.215124 8.15504 7.06854 
v -0.138058 8.10371 7.08749 
v -0.161463 8.16557 7.04077 
v -0.117425 8.12205 7.05431 
v -0.0793798 8.0732 7.04077 
v -0.0857438 8.04471 7.05784 
v -0.0961518 8.02115 7.06854 
v -0.0961518 8.02115 7.06854 
v -0.0659818 8.0226 6.97898 
v -0.0793798 8.0732 7.04077 
v -0.0742438 7.99569 6.97898 
v -0.0673888 8.06574 6.97898 
v -0.0961518 8.02115 6.88943 
v -0.0659818 8.0226 6.97898 
v -0.0793798 8.0732 6.9172 
v -0.0857438 8.04471 6.90013 
v -0.845727 7.09198 6.83752 
v -0.818752 7.09319 6.90985 
v -0.891865 7.15268 6.85204 
v -0.865396 7.15508 6.92534 
v -0.745052 7.08946 6.88157 
v -0.773624 7.08821 6.80903 
v -0.774529 7.11112 7.00455 
v -0.81082 7.16455 7.02052 
v -0.711171 7.11022 6.98427 
v -0.328789 7.09198 6.83752 
v -0.282651 7.15268 6.85204 
v -0.355764 7.09319 6.90985 
v -0.30912 7.15508 6.92534 
v -0.429464 7.08946 6.88157 
v -0.400892 7.08821 6.80903 
v -0.399987 7.11112 7.00455 
v -0.363696 7.16455 7.02052 
v -0.463345 7.11022 6.98427 
v -1.14079 7.89546 6.99272 
v -1.14079 7.85332 6.98659 
v -1.14079 7.87291 6.9998 
v -1.13383 7.87291 6.9998 
v -1.13383 7.85332 6.98659 
v -1.13383 7.89546 6.99272 
v -1.14079 7.90398 6.97067 
v -1.13383 7.90398 6.97067 
v -1.13383 7.85143 6.96303 
v -1.14079 7.89206 6.95027 
v -1.13383 7.89206 6.95027 
v -1.14079 7.85143 6.96303 
v -1.13383 7.86867 6.94687 
v -1.14079 7.86867 6.94687 
v -1.14079 7.73758 6.99461 
v -1.14079 7.77881 6.98397 
v -1.14079 7.73637 6.95205 
v -1.14079 7.72673 6.97362 
v -1.13383 7.72673 6.97362 
v -1.13383 7.73758 6.99461 
v -1.13383 7.73637 6.95205 
v -1.13383 7.76076 6.99922 
v -1.14079 7.76076 6.99922 
v -1.13383 7.77881 6.98397 
v -1.13383 7.77814 6.96034 
v -1.14079 7.75925 6.94614 
v -1.13383 7.75925 6.94614 
v -1.14079 7.77814 6.96034 
v -1.11669 7.6582 6.97898 
v -1.13135 7.72388 6.90177 
v -1.11653 7.69988 6.88045 
v -1.11725 7.81074 6.84339 
v -1.13433 7.70484 6.97898 
v -1.13433 7.81074 6.88486 
v -1.11725 7.81074 6.84339 
v -1.13135 7.8976 6.90177 
v -1.11653 7.92159 6.88045 
v -1.13135 7.8976 6.90177 
v -1.11669 7.96328 6.97898 
v -1.13433 7.91663 6.97898 
v -1.14059 7.81074 6.97898 
v -1.13135 7.8976 6.90177 
v -1.13433 7.81074 6.88486 
v -1.13433 7.70484 6.97898 
v -1.13135 7.72388 7.05619 
v -1.13433 7.81074 7.07311 
v -1.11669 7.6582 6.97898 
v -1.13135 7.72388 7.05619 
v -1.11653 7.69988 7.07752 
v -1.11725 7.81074 7.11458 
v -1.13433 7.81074 7.07311 
v -1.11725 7.81074 7.11458 
v -1.13135 7.8976 7.05619 
v -1.11653 7.92159 7.07752 
v -1.11669 7.96328 6.97898 
v -1.13135 7.8976 7.05619 
v -1.13433 7.91663 6.97898 
v -1.14059 7.81074 6.97898 
v -1.13135 7.8976 7.05619 
v -1.13135 7.72388 6.90177 
v -0.0337268 7.85332 6.98659 
v -0.0337268 7.86867 6.94687 
v -0.0337268 7.89206 6.95027 
v -0.0406888 7.89206 6.95027 
v -0.0406888 7.86867 6.94687 
v -0.0406888 7.90398 6.97067 
v -0.0337268 7.85143 6.96303 
v -0.0406888 7.85143 6.96303 
v -0.0406888 7.85332 6.98659 
v -0.0337268 7.90398 6.97067 
v -0.0406888 7.89546 6.99272 
v -0.0337268 7.89546 6.99272 
v -0.0406888 7.87291 6.9998 
v -0.0337268 7.87291 6.9998 
v -0.0337268 7.77881 6.98397 
v -0.0337268 7.75925 6.94614 
v -0.0337268 7.77814 6.96034 
v -0.0406888 7.75925 6.94614 
v -0.0406888 7.77814 6.96034 
v -0.0406888 7.73637 6.95205 
v -0.0406888 7.77881 6.98397 
v -0.0337268 7.73637 6.95205 
v -0.0406888 7.72673 6.97362 
v -0.0337268 7.76076 6.99922 
v -0.0406888 7.76076 6.99922 
v -0.0337268 7.72673 6.97362 
v -0.0406888 7.73758 6.99461 
v -0.0337268 7.73758 6.99461 
v -0.423 7.12827 7.04212 
v -0.463345 7.11022 6.98427 
v -0.399987 7.11112 7.00455 
v -0.475043 7.1343 7.03439 
v -0.0578258 7.6582 6.97898 
v -0.0579808 7.69988 6.88045 
v -0.0431618 7.72388 6.90177 
v -0.0572608 7.81074 6.84339 
v -0.0401808 7.70484 6.97898 
v -0.0401808 7.81074 6.88486 
v -0.0572608 7.81074 6.84339 
v -0.0431618 7.8976 6.90177 
v -0.0579808 7.92159 6.88045 
v -0.0578258 7.96328 6.97898 
v -0.0431618 7.8976 6.90177 
v -0.0401808 7.91663 6.97898 
v -0.0339258 7.81074 6.97898 
v -0.0431618 7.8976 6.90177 
v -0.0401808 7.81074 6.88486 
v -0.0431618 7.72388 7.05619 
v -0.0401808 7.70484 6.97898 
v -0.0401808 7.81074 7.07311 
v -0.0431618 7.72388 7.05619 
v -0.0578258 7.6582 6.97898 
v -0.0579808 7.69988 7.07752 
v -0.0572608 7.81074 7.11458 
v -0.0401808 7.81074 7.07311 
v -0.0431618 7.8976 7.05619 
v -0.0572608 7.81074 7.11458 
v -0.0579808 7.92159 7.07752 
v -0.0578258 7.96328 6.97898 
v -0.0431618 7.8976 7.05619 
v -0.0401808 7.91663 6.97898 
v -0.0431618 7.8976 7.05619 
v -0.0339258 7.81074 6.97898 
v -0.0431618 7.72388 6.90177 
v -0.774529 7.11112 7.00455 
v -0.711171 7.11022 6.98427 
v -0.751516 7.12827 7.04212 
v -0.699473 7.1343 7.03439 
v -0.234642 8.24957 6.97898 
v -0.215124 8.15504 6.88943 
v -0.202925 8.21457 6.85303 
v -0.237831 8.17978 6.97898 
v -0.234642 8.24957 6.97898 
v -0.215124 8.15504 7.06854 
v -0.202925 8.21457 7.10493 
v -0.0750898 8.15967 7.21207 
v -0.187694 8.28639 7.1485 
v -0.119605 8.12011 7.15217 
v -0.215124 8.15504 7.06854 
v -0.156037 8.08774 7.10212 
v -0.0961518 8.02115 7.06854 
v -0.0355988 8.02627 7.10493 
v 0.0375142 8.03295 7.1485 
v 0.0797402 7.98543 6.97898 
v -0.0355988 8.02627 7.10493 
v -0.0045678 7.99066 6.97898 
v 0.0797402 7.98543 6.97898 
v -0.0355988 8.02627 6.85303 
v 0.0375142 8.03295 6.80946 
v -0.0045678 7.99066 6.97898 
v -0.0961518 8.02115 7.06854 
v -0.0742438 7.99569 6.97898 
v -0.0045678 7.99066 6.97898 
v -0.0961518 8.02115 6.88943 
v -0.0355988 8.02627 6.85303 
v -0.587258 8.23563 6.73049 
v -0.925982 8.20589 6.75061 
v -0.899597 8.18847 6.78987 
v -0.587258 8.20403 6.77196 
v -0.587258 8.23563 6.73049 
v -0.899597 8.19555 6.70892 
v -0.587258 8.21171 6.68416 
v -0.587258 7.12641 7.04469 
v -0.716678 7.15457 7.13692 
v -0.71553 7.13179 7.03462 
v -0.587258 7.14653 7.15908 
v -0.587258 7.20002 7.20549 
v -0.718451 7.20758 7.18143 
v -0.587258 7.2755 7.20439 
v -0.71352 7.28267 7.18431 
v -0.587258 8.23563 6.73049 
v -0.274919 8.18847 6.78987 
v -0.248534 8.20589 6.75061 
v -0.587258 8.20403 6.77196 
v -0.587258 8.23563 6.73049 
v -0.274919 8.19555 6.70892 
v -0.587258 8.21171 6.68416 
v -0.587258 7.12641 7.04469 
v -0.458986 7.13179 7.03462 
v -0.457838 7.15457 7.13692 
v -0.587258 7.14653 7.15908 
v -0.587258 7.20002 7.20549 
v -0.456065 7.20758 7.18143 
v -0.587258 7.2755 7.20439 
v -0.460996 7.28267 7.18431 
v -0.851614 7.10991 6.79446 
v -0.800173 7.1152 6.76603 
v -0.773624 7.08821 6.80903 
v -0.851614 7.10991 6.79446 
v -0.82688 7.18084 6.75612 
v -0.882564 7.16013 6.796 
v -1.06662 7.39381 6.97798 
v -1.06375 7.27065 6.97798 
v -1.06375 7.27065 6.97898 
v -1.06662 7.39381 6.97898 
v -1.09465 7.95212 7.10458 
v -1.03728 8.03967 6.97898 
v -1.09465 8.00512 6.97898 
v -1.03787 7.97725 7.12395 
v -1.09465 7.95212 7.10458 
v -1.03934 7.81074 7.17831 
v -1.09464 7.81074 7.15168 
v -1.09465 7.66936 7.10458 
v -1.03934 7.81074 7.17831 
v -1.03787 7.64422 7.12395 
v -1.09692 7.96998 6.97898 
v -1.09465 7.95212 7.10458 
v -1.0973 7.92655 7.08193 
v -1.0973 7.92655 7.08193 
v -1.09464 7.81074 7.15168 
v -1.09847 7.81074 7.12053 
v -1.0973 7.69492 7.08193 
v -1.09465 7.66936 7.10458 
v -1.03728 7.5818 6.97898 
v -1.09465 7.61635 6.97898 
v -1.09692 7.65149 6.97898 
v -1.0973 7.69492 7.08193 
v -1.06043 7.61174 6.97798 
v -1.05978 7.50451 6.97798 
v -1.05978 7.50451 6.97898 
v -1.06043 7.61174 6.97898 
v -1.05978 7.50451 6.97798 
v -1.06662 7.39381 6.97798 
v -1.06662 7.39381 6.97898 
v -1.05978 7.50451 6.97898 
v -0.71553 7.13179 7.03462 
v -0.788972 7.16053 7.11833 
v -0.799142 7.14753 7.03929 
v -0.716678 7.15457 7.13692 
v -0.832572 7.19795 7.04436 
v -0.718451 7.20758 7.18143 
v -0.806581 7.20397 7.14382 
v -0.832998 7.27602 7.04894 
v -0.802898 7.28102 7.1457 
v -0.71352 7.28267 7.18431 
v -0.0798698 7.95212 7.10458 
v -0.0798698 8.00512 6.97898 
v -0.137235 8.03967 6.97898 
v -0.136642 7.97725 7.12395 
v -0.135173 7.81074 7.17831 
v -0.0798698 7.95212 7.10458 
v -0.0798748 7.81074 7.15168 
v -0.135173 7.81074 7.17831 
v -0.0798698 7.66936 7.10458 
v -0.136642 7.64422 7.12395 
v -0.0798698 7.95212 7.10458 
v -0.0775968 7.96998 6.97898 
v -0.0772188 7.92655 7.08193 
v -0.0798748 7.81074 7.15168 
v -0.0772188 7.92655 7.08193 
v -0.0760478 7.81074 7.12053 
v -0.0772188 7.69492 7.08193 
v -0.0798698 7.66936 7.10458 
v -0.137235 7.5818 6.97898 
v -0.0798698 7.61635 6.97898 
v -0.0775968 7.65149 6.97898 
v -0.0772188 7.69492 7.08193 
v -0.202925 8.21457 6.85303 
v -0.22992 8.33391 6.97898 
v -0.234642 8.24957 6.97898 
v -0.187694 8.28639 6.80946 
v -0.22992 8.33391 6.97898 
v -0.202925 8.21457 7.10493 
v -0.0750898 8.15967 6.74589 
v -0.0355988 8.02627 6.85303 
v 0.0375142 8.03295 6.80946 
v -0.119605 8.12011 6.8058 
v -0.0961518 8.02115 6.88943 
v -0.156037 8.08774 6.85585 
v -0.215124 8.15504 6.88943 
v -0.771608 7.17363 7.06063 
v -0.774529 7.11112 7.00455 
v -0.751516 7.12827 7.04212 
v -0.81082 7.16455 7.02052 
v -0.0875238 7.27054 6.97798 
v -0.0939028 7.39832 6.97798 
v -0.0939028 7.39832 6.97898 
v -0.0875238 7.27054 6.97898 
v -0.882564 7.16013 6.796 
v -0.891865 7.15268 6.85204 
v -0.88577 7.21861 6.80323 
v -0.889154 7.23018 6.84868 
v -0.851614 7.10991 6.79446 
v -0.891865 7.15268 6.85204 
v -0.845727 7.09198 6.83752 
v -0.103262 7.49124 6.97798 
v -0.108526 7.60791 6.97798 
v -0.108526 7.60791 6.97898 
v -0.103262 7.49124 6.97898 
v -0.400892 7.08821 6.80903 
v -0.42391 7.14491 6.75406 
v -0.374343 7.1152 6.76603 
v -0.457216 7.13648 6.78616 
v -0.678699 7.20978 6.7993 
v -0.738385 7.23001 6.83518 
v -0.687368 7.25478 6.7729 
v -0.733876 7.28552 6.79611 
v -0.665689 7.18888 6.8461 
v -0.738385 7.23001 6.83518 
v -0.706503 7.20232 6.88853 
v -0.523884 7.22152 6.92228 
v -0.557471 7.20382 6.8605 
v -0.508827 7.18888 6.8461 
v -0.558073 7.23179 6.80067 
v -0.458986 7.13179 7.03462 
v -0.375374 7.14753 7.03929 
v -0.385544 7.16053 7.11833 
v -0.457838 7.15457 7.13692 
v -0.341944 7.19795 7.04436 
v -0.456065 7.20758 7.18143 
v -0.367935 7.20397 7.14382 
v -0.341518 7.27602 7.04894 
v -0.371618 7.28102 7.1457 
v -0.460996 7.28267 7.18431 
v -1.09465 7.95212 6.85339 
v -1.03728 8.03967 6.97898 
v -1.03787 7.97725 6.83402 
v -1.09465 8.00512 6.97898 
v -1.09465 7.95212 6.85339 
v -1.09692 7.96998 6.97898 
v -1.0973 7.92655 6.87604 
v -1.03934 7.81074 6.77965 
v -1.09465 7.95212 6.85339 
v -1.09464 7.81074 6.80629 
v -1.09465 7.66936 6.85339 
v -1.03787 7.64422 6.83402 
v -1.09464 7.81074 6.80629 
v -1.0973 7.92655 6.87604 
v -1.09847 7.81074 6.83743 
v -1.03728 7.5818 6.97898 
v -1.09465 7.66936 6.85339 
v -1.09465 7.61635 6.97898 
v -1.09464 7.81074 6.80629 
v -1.0973 7.69492 6.87604 
v -1.09465 7.66936 6.85339 
v -1.09692 7.65149 6.97898 
v -1.0973 7.69492 6.87604 
v -0.750606 7.14491 6.75406 
v -0.773624 7.08821 6.80903 
v -0.800173 7.1152 6.76603 
v -0.7173 7.13648 6.78616 
v -0.103262 7.49124 6.97898 
v -0.0939028 7.39832 6.97798 
v -0.103262 7.49124 6.97798 
v -0.0939028 7.39832 6.97898 
v -0.402908 7.17363 7.06063 
v -0.423 7.12827 7.04212 
v -0.399987 7.11112 7.00455 
v -0.363696 7.16455 7.02052 
v -1.03787 7.97725 6.83402 
v -0.9595 8.07047 6.97898 
v -0.9595 7.99963 6.8201 
v -1.03728 8.03967 6.97898 
v -0.558073 7.23179 6.80067 
v -0.495817 7.20978 6.7993 
v -0.508827 7.18888 6.8461 
v -0.650632 7.22152 6.92228 
v -0.665689 7.18888 6.8461 
v -0.617045 7.20382 6.8605 
v -0.616443 7.23179 6.80067 
v -0.587258 7.14101 6.92781 
v -0.71553 7.13179 7.03462 
v -0.716678 7.14198 6.93294 
v -0.587258 7.12641 7.04469 
v -0.788972 7.15124 6.95834 
v -0.718451 7.19498 6.89242 
v -0.71553 7.13179 7.03462 
v -0.799142 7.14753 7.03929 
v -0.806581 7.1962 6.93797 
v -0.832572 7.19795 7.04436 
v -0.802898 7.27536 6.94287 
v -0.832998 7.27602 7.04894 
v -0.802898 7.27536 6.94287 
v -0.718451 7.19498 6.89242 
v -0.71352 7.27324 6.90205 
v -0.757687 7.2831 6.79306 
v -0.676562 7.22046 6.85051 
v -0.727853 7.28811 6.86758 
v -0.70757 7.21676 6.77564 
v -0.652296 7.21826 6.9596 
v -0.696351 7.27806 6.96928 
v -0.808601 7.29246 6.89854 
v -0.83715 7.28741 6.82278 
v -0.763922 7.27986 6.99935 
v -0.487148 7.25478 6.7729 
v -0.44064 7.28552 6.79611 
v -0.436131 7.23001 6.83518 
v -0.495817 7.20978 6.7993 
v -0.436131 7.23001 6.83518 
v -0.508827 7.18888 6.8461 
v -0.468013 7.20232 6.88853 
v -0.616443 7.23179 6.80067 
v -0.665689 7.18888 6.8461 
v -0.678699 7.20978 6.7993 
v -0.291952 7.16013 6.796 
v -0.288746 7.21861 6.80323 
v -0.282651 7.15268 6.85204 
v -0.285362 7.23018 6.84868 
v -0.282651 7.15268 6.85204 
v -0.322902 7.10991 6.79446 
v -0.328789 7.09198 6.83752 
v -0.0798698 7.95212 6.85339 
v -0.137235 8.03967 6.97898 
v -0.0798698 8.00512 6.97898 
v -0.136642 7.97725 6.83402 
v -0.0798698 7.95212 6.85339 
v -0.0775968 7.96998 6.97898 
v -0.0772178 7.92655 6.87604 
v -0.0798698 7.95212 6.85339 
v -0.135173 7.81074 6.77965 
v -0.0798748 7.81074 6.80629 
v -0.0798698 7.66936 6.85339 
v -0.136642 7.64422 6.83402 
v -0.0772178 7.92655 6.87604 
v -0.0798748 7.81074 6.80629 
v -0.0760478 7.81074 6.83743 
v -0.0798698 7.66936 6.85339 
v -0.137235 7.5818 6.97898 
v -0.0798698 7.61635 6.97898 
v -0.0772188 7.69492 6.87604 
v -0.0798748 7.81074 6.80629 
v -0.0798698 7.66936 6.85339 
v -0.0775968 7.65149 6.97898 
v -0.0772188 7.69492 6.87604 
v -0.587258 7.14101 6.92781 
v -0.457838 7.14198 6.93294 
v -0.458986 7.13179 7.03462 
v -0.587258 7.12641 7.04469 
v -0.456065 7.19498 6.89242 
v -0.385544 7.15124 6.95834 
v -0.458986 7.13179 7.03462 
v -0.375374 7.14753 7.03929 
v -0.367935 7.1962 6.93797 
v -0.341944 7.19795 7.04436 
v -0.371618 7.27536 6.94287 
v -0.341518 7.27602 7.04894 
v -0.456065 7.19498 6.89242 
v -0.371618 7.27536 6.94287 
v -0.460996 7.27324 6.90205 
v -0.416829 7.2831 6.79306 
v -0.497954 7.22046 6.85051 
v -0.466946 7.21676 6.77564 
v -0.446663 7.28811 6.86758 
v -0.52222 7.21826 6.9596 
v -0.478165 7.27806 6.96928 
v -0.365915 7.29246 6.89854 
v -0.337366 7.28741 6.82278 
v -0.410594 7.27986 6.99935 
v -1.11669 7.96328 6.97898 
v -1.11653 7.92159 7.07752 
v -1.09692 7.96998 6.97898 
v -1.0973 7.92655 7.08193 
v -0.523884 7.22152 6.92228 
v -0.508827 7.18888 6.8461 
v -0.468013 7.20232 6.88853 
v -0.665689 7.18888 6.8461 
v -0.650632 7.22152 6.92228 
v -0.706503 7.20232 6.88853 
v -0.758323 7.24823 6.94522 
v -0.752122 7.31631 7.02322 
v -0.800333 7.29831 6.99242 
v -0.829371 7.32379 6.94655 
v -0.758323 7.24823 6.94522 
v -0.790791 7.27654 6.89259 
v -0.829371 7.32379 6.94655 
v -0.785701 7.33144 6.85277 
v -0.82449 7.37174 6.91086 
v -0.0579808 7.92159 7.07752 
v -0.0578258 7.96328 6.97898 
v -0.0775968 7.96998 6.97898 
v -0.0772188 7.92655 7.08193 
v -0.587258 8.26531 7.17133 
v -0.835645 8.24024 7.13844 
v -0.587258 8.15696 7.24823 
v -0.858983 8.14751 7.17723 
v -0.587258 8.30562 6.99554 
v -0.835645 8.24024 7.13844 
v -0.890075 8.25944 6.9924 
v -0.957194 8.14137 6.98701 
v -0.835645 8.24024 7.13844 
v -0.858983 8.14751 7.17723 
v -0.976374 7.94419 7.00682 
v -0.868123 7.95946 7.19394 
v -0.587258 7.97088 7.26257 
v -0.587258 8.15696 7.24823 
v -0.813074 7.90729 7.28572 
v -0.587258 7.91279 7.3409 
v -0.813074 7.75685 7.29772 
v -0.587258 7.91279 7.3409 
v -0.587258 7.74542 7.34614 
v -0.868123 7.95946 7.19394 
v -0.900107 7.89501 7.13527 
v -0.813074 7.90729 7.28572 
v -0.977836 7.80455 7.07172 
v -0.901283 7.78274 7.18745 
v -0.897754 7.71257 7.1136 
v -0.973448 7.71844 6.97565 
v -0.868123 7.59519 7.14612 
v -0.813074 7.61601 7.22822 
v -0.790791 7.27654 6.89259 
v -0.733876 7.28552 6.79611 
v -0.738385 7.23001 6.83518 
v -0.785701 7.33144 6.85277 
v -0.706503 7.20232 6.88853 
v -0.790791 7.27654 6.89259 
v -0.758323 7.24823 6.94522 
v -0.0875238 7.27054 6.97898 
v -0.158559 7.27304 6.97798 
v -0.0875238 7.27054 6.97798 
v -0.158559 7.27304 6.97898 
v -0.195766 8.02767 6.73502 
v -0.274919 7.86688 6.68016 
v -0.248534 8.03151 6.69112 
v -0.248534 7.84945 6.71943 
v -0.274919 8.18847 6.78987 
v -0.248534 8.02383 6.77892 
v -0.248534 8.20589 6.75061 
v -0.274919 8.18847 6.78987 
v -0.587258 8.02521 6.7632 
v -0.587258 8.20403 6.77196 
v -0.195766 8.02767 6.73502 
v -0.274919 7.85979 6.76112 
v -0.274919 8.19555 6.70892 
v -0.248534 8.03151 6.69112 
v -0.248534 8.02383 6.77892 
v -0.899597 7.85979 6.76112 
v -0.925982 8.02383 6.77892 
v -0.587258 7.84759 6.74077 
v -0.97875 8.02767 6.73502 
v -0.899597 7.85979 6.76112 
v -0.925982 7.84945 6.71943 
v -0.274919 7.85979 6.76112 
v -0.587258 8.02521 6.7632 
v -0.899597 8.18847 6.78987 
v -0.925982 8.02383 6.77892 
v -0.899597 8.19555 6.70892 
v -0.925982 8.03151 6.69112 
v -0.925982 8.20589 6.75061 
v -0.899597 8.19555 6.70892 
v -0.587258 8.03409 6.66173 
v -0.587258 8.21171 6.68416 
v -0.274919 7.86688 6.68016 
v -0.248534 8.03151 6.69112 
v -0.587258 7.85527 6.65298 
v -0.97875 8.02767 6.73502 
v -0.899597 8.18847 6.78987 
v -0.899597 7.86688 6.68016 
v -0.925982 8.03151 6.69112 
v -0.899597 7.86688 6.68016 
v -0.587258 8.03409 6.66173 
v -0.274919 8.19555 6.70892 
v -0.248534 8.03151 6.69112 
v -1.11653 7.92159 6.88045 
v -1.09692 7.96998 6.97898 
v -1.0973 7.92655 6.87604 
v -1.11669 7.96328 6.97898 
v -0.338871 8.24024 7.13844 
v -0.217322 8.14137 6.98701 
v -0.284441 8.25944 6.9924 
v -0.315533 8.14751 7.17723 
v -0.587258 8.30562 6.99554 
v -0.338871 8.24024 7.13844 
v -0.587258 8.26531 7.17133 
v -0.198142 7.94419 7.00682 
v -0.587258 8.15696 7.24823 
v -0.338871 8.24024 7.13844 
v -0.315533 8.14751 7.17723 
v -0.306393 7.95946 7.19394 
v -0.587258 7.97088 7.26257 
v -0.587258 8.15696 7.24823 
v -0.361442 7.90729 7.28572 
v -0.587258 7.91279 7.3409 
v -0.587258 7.91279 7.3409 
v -0.361442 7.75685 7.29772 
v -0.587258 7.74542 7.34614 
v -0.306393 7.95946 7.19394 
v -0.274409 7.89501 7.13527 
v -0.361442 7.90729 7.28572 
v -0.19668 7.80455 7.07172 
v -0.273233 7.78274 7.18745 
v -0.276762 7.71257 7.1136 
v -0.201068 7.71844 6.97565 
v -0.306393 7.59519 7.14612 
v -0.361442 7.61601 7.22822 
v -0.322902 7.10991 6.79446 
v -0.400892 7.08821 6.80903 
v -0.374343 7.1152 6.76603 
v -0.322902 7.10991 6.79446 
v -0.347636 7.18084 6.75612 
v -0.291952 7.16013 6.796 
v -0.347636 7.18084 6.75612 
v -0.288746 7.21861 6.80323 
v -0.332703 7.24772 6.77673 
v -0.422394 7.31631 7.02322 
v -0.416193 7.24823 6.94522 
v -0.374183 7.29831 6.99242 
v -0.416193 7.24823 6.94522 
v -0.345145 7.32379 6.94655 
v -0.383725 7.27654 6.89259 
v -0.388815 7.33144 6.85277 
v -0.345145 7.32379 6.94655 
v -0.350026 7.37174 6.91086 
v -0.0579808 7.92159 6.88045 
v -0.0775968 7.96998 6.97898 
v -0.0578258 7.96328 6.97898 
v -0.0772178 7.92655 6.87604 
v -1.06375 7.27065 6.97798 
v -0.992852 7.27567 6.97798 
v -0.992852 7.27567 6.97898 
v -1.06375 7.27065 6.97898 
v -0.383725 7.27654 6.89259 
v -0.436131 7.23001 6.83518 
v -0.44064 7.28552 6.79611 
v -0.388815 7.33144 6.85277 
v -0.383725 7.27654 6.89259 
v -0.468013 7.20232 6.88853 
v -0.416193 7.24823 6.94522 
v -0.703111 7.26806 6.97962 
v -0.706503 7.20232 6.88853 
v -0.650632 7.22152 6.92228 
v -0.471405 7.26806 6.97962 
v -0.523884 7.22152 6.92228 
v -0.468013 7.20232 6.88853 
v -0.706503 7.20232 6.88853 
v -0.703111 7.26806 6.97962 
v -0.758323 7.24823 6.94522 
v -0.752122 7.31631 7.02322 
v -0.463345 7.11022 6.98427 
v -0.512411 7.15925 7.00636 
v -0.511169 7.14965 6.96009 
v -0.475043 7.1343 7.03439 
v -0.471405 7.26806 6.97962 
v -0.468013 7.20232 6.88853 
v -0.416193 7.24823 6.94522 
v -0.422394 7.31631 7.02322 
v -0.856159 8.11939 6.79201 
v -0.957194 8.14137 6.98701 
v -0.835645 8.22867 6.84337 
v -0.890075 8.25944 6.9924 
v -0.587258 8.12017 6.71917 
v -0.587258 8.25357 6.81347 
v -0.587258 7.90137 6.68367 
v -0.868123 7.85874 6.7633 
v -0.587258 8.30562 6.99554 
v -0.835645 8.22867 6.84337 
v -0.587258 8.25357 6.81347 
v -0.856159 8.11939 6.79201 
v -0.976374 7.94419 7.00682 
v -0.868123 7.85874 6.7633 
v -0.973448 7.71844 6.97565 
v -0.977836 7.80455 7.07172 
v -0.835635 7.39314 6.95351 
v -0.829371 7.32379 6.94655 
v -0.838105 7.36566 6.98682 
v -0.82449 7.37174 6.91086 
v -0.817746 7.33877 7.01391 
v -0.800333 7.29831 6.99242 
v -0.711171 7.11022 6.98427 
v -0.662105 7.15925 7.00636 
v -0.699473 7.1343 7.03439 
v -0.663347 7.14965 6.96009 
v -0.84838 7.95973 6.79622 
v -0.864428 7.82756 6.78615 
v -0.939879 7.82756 6.86785 
v -0.917185 7.96866 6.8731 
v -0.318357 8.11939 6.79201 
v -0.198142 7.94419 7.00682 
v -0.306393 7.85874 6.7633 
v -0.201068 7.71844 6.97565 
v -0.19668 7.80455 7.07172 
v -0.217322 8.14137 6.98701 
v -0.338871 8.22867 6.84337 
v -0.284441 8.25944 6.9924 
v -0.318357 8.11939 6.79201 
v -0.587258 8.30562 6.99554 
v -0.338871 8.22867 6.84337 
v -0.587258 8.25357 6.81347 
v -0.587258 8.12017 6.71917 
v -0.587258 8.25357 6.81347 
v -0.587258 7.90137 6.68367 
v -0.306393 7.85874 6.7633 
v -0.88344 7.98406 6.97898 
v -0.848474 7.97058 7.12147 
v -0.848456 8.03063 6.97898 
v -0.883554 7.93719 7.08985 
v -0.848451 7.81074 7.17438 
v -0.883554 7.93719 7.08985 
v -0.883833 7.81074 7.13136 
v -0.883554 7.68428 7.08985 
v -0.848451 7.81074 7.17438 
v -0.848474 7.65089 7.12147 
v -0.88344 7.63742 6.97898 
v -0.848456 7.59084 6.97898 
v -0.883554 7.68428 7.08985 
v -0.326136 7.95973 6.79622 
v -0.234637 7.82756 6.86785 
v -0.310088 7.82756 6.78615 
v -0.257331 7.96866 6.8731 
v -0.838986 8.15094 6.68951 
v -0.86795 8.18701 6.6955 
v -0.844723 8.17602 6.69235 
v -0.837807 8.14974 6.70238 
v -0.843544 8.17483 6.70523 
v -0.866772 8.18582 6.70837 
v -0.89 8.17444 6.70945 
v -0.85506 8.13065 6.6891 
v -0.853881 8.12946 6.70197 
v -0.891178 8.17563 6.69657 
v -0.879662 8.12924 6.70431 
v -0.896915 8.15045 6.69476 
v -0.895736 8.14926 6.70764 
v -0.880841 8.13043 6.69144 
v -0.587258 7.53952 7.1784 
v -0.813074 7.61601 7.22822 
v -0.868123 7.59519 7.14612 
v -0.587258 7.56975 7.26726 
v -0.587258 7.56975 7.26726 
v -0.587258 7.74542 7.34614 
v -0.813074 7.75685 7.29772 
v -0.901283 7.78274 7.18745 
v -0.897754 7.71257 7.1136 
v -0.813074 7.75685 7.29772 
v -0.813074 7.90729 7.28572 
v -0.900107 7.89501 7.13527 
v -0.319456 8.13065 6.6891 
v -0.277601 8.15045 6.69476 
v -0.293675 8.13043 6.69144 
v -0.294854 8.12924 6.70431 
v -0.27878 8.14926 6.70764 
v -0.284516 8.17444 6.70945 
v -0.320635 8.12946 6.70197 
v -0.336709 8.14974 6.70238 
v -0.283338 8.17563 6.69657 
v -0.33553 8.15094 6.68951 
v -0.329793 8.17602 6.69235 
v -0.330972 8.17483 6.70523 
v -0.306566 8.18701 6.6955 
v -0.307744 8.18582 6.70837 
v -0.336411 7.36566 6.98682 
v -0.345145 7.32379 6.94655 
v -0.338881 7.39314 6.95351 
v -0.350026 7.37174 6.91086 
v -0.35677 7.33877 7.01391 
v -0.374183 7.29831 6.99242 
v -0.215016 7.81074 7.19745 
v -0.215016 7.62184 7.13787 
v -0.136642 7.64422 7.12395 
v -0.135173 7.81074 7.17831 
v -0.215016 7.55101 6.97898 
v -0.136642 7.64422 7.12395 
v -0.137235 7.5818 6.97898 
v -0.136642 7.97725 7.12395 
v -0.215016 7.81074 7.19745 
v -0.215016 7.99963 7.13787 
v -0.136642 7.97725 7.12395 
v -0.215016 8.07047 6.97898 
v -0.137235 8.03967 6.97898 
v -0.215016 7.99963 7.13787 
v -0.287955 7.81074 7.21208 
v -0.287955 8.00328 7.14851 
v -0.788121 7.36082 7.03644 
v -0.800333 7.29831 6.99242 
v -0.752122 7.31631 7.02322 
v -0.817746 7.33877 7.01391 
v -0.83886 7.62886 7.15961 
v -0.75583 7.51887 7.12933 
v -0.805478 7.61943 7.17249 
v -0.848703 7.57784 6.88222 
v -0.940064 7.67898 6.97898 
v -0.917185 7.68646 6.87409 
v -0.864951 7.56259 6.97931 
v -0.940064 7.67898 6.97898 
v -0.848703 7.57784 7.079 
v -0.917185 7.68646 7.08517 
v -0.839425 7.91169 6.66982 
v -0.881754 7.93059 6.67505 
v -0.856049 7.93141 6.67209 
v -0.88026 7.93037 6.68794 
v -0.854555 7.93119 6.68498 
v -0.837931 7.91147 6.68272 
v -0.897183 7.90985 6.67648 
v -0.895689 7.90963 6.68938 
v -0.889224 7.88459 6.6882 
v -0.8444 7.88629 6.66996 
v -0.842906 7.88607 6.68286 
v -0.865733 7.8741 6.6853 
v -0.890718 7.88481 6.67531 
v -0.867227 7.87432 6.6724 
v -0.330116 7.88629 6.66996 
v -0.283798 7.88481 6.67531 
v -0.307289 7.87432 6.6724 
v -0.308783 7.8741 6.6853 
v -0.285292 7.88459 6.6882 
v -0.33161 7.88607 6.68286 
v -0.277333 7.90985 6.67648 
v -0.278827 7.90963 6.68938 
v -0.336585 7.91147 6.68272 
v -0.294256 7.93037 6.68794 
v -0.292762 7.93059 6.67505 
v -0.335091 7.91169 6.66982 
v -0.318467 7.93141 6.67209 
v -0.319961 7.93119 6.68498 
v -0.290962 7.93719 7.08985 
v -0.291076 7.98406 6.97898 
v -0.326042 7.97058 7.12147 
v -0.32606 8.03063 6.97898 
v -0.326065 7.81074 7.17438 
v -0.290962 7.93719 7.08985 
v -0.290683 7.81074 7.13136 
v -0.326065 7.81074 7.17438 
v -0.290962 7.68428 7.08985 
v -0.326042 7.65089 7.12147 
v -0.291076 7.63742 6.97898 
v -0.32606 7.59084 6.97898 
v -0.290962 7.68428 7.08985 
v -0.732775 7.68775 7.21381 
v -0.816084 7.6086 7.14355 
v -0.724144 7.5792 7.16634 
v -0.84838 7.69539 7.16589 
v -0.917185 7.68646 7.08517 
v -0.816084 7.6086 7.14355 
v -0.848703 7.57784 7.079 
v -0.9595 7.62184 7.13787 
v -0.9595 7.81074 7.19745 
v -1.03787 7.64422 7.12395 
v -1.03934 7.81074 7.17831 
v -1.03787 7.64422 7.12395 
v -0.9595 7.55101 6.97898 
v -1.03728 7.5818 6.97898 
v -0.9595 7.81074 7.19745 
v -1.03787 7.97725 7.12395 
v -0.9595 7.99963 7.13787 
v -0.9595 8.07047 6.97898 
v -1.03787 7.97725 7.12395 
v -1.03728 8.03967 6.97898 
v -0.9595 7.62184 7.13787 
v -0.886561 7.81074 7.21208 
v -0.886561 7.61819 7.14851 
v -0.386395 7.36082 7.03644 
v -0.374183 7.29831 6.99242 
v -0.35677 7.33877 7.01391 
v -0.422394 7.31631 7.02322 
v -0.84838 7.69539 6.7985 
v -0.939879 7.82756 6.86785 
v -0.864428 7.82756 6.78615 
v -0.917185 7.68646 6.87409 
v -0.587258 7.53952 7.1784 
v -0.306393 7.59519 7.14612 
v -0.361442 7.61601 7.22822 
v -0.587258 7.56975 7.26726 
v -0.587258 7.74542 7.34614 
v -0.587258 7.56975 7.26726 
v -0.361442 7.75685 7.29772 
v -0.276762 7.71257 7.1136 
v -0.273233 7.78274 7.18745 
v -0.361442 7.75685 7.29772 
v -0.361442 7.90729 7.28572 
v -0.274409 7.89501 7.13527 
v -0.886098 7.58091 6.87795 
v -0.899515 7.63624 6.87324 
v -0.842351 7.60494 6.82158 
v -0.892298 7.68321 6.8629 
v -0.870314 7.68791 6.83711 
v -0.842351 7.60494 6.82158 
v -0.82646 7.53052 6.83752 
v -0.886098 7.58091 6.87795 
v -0.335656 7.62886 7.15961 
v -0.369038 7.61943 7.17249 
v -0.418686 7.51887 7.12933 
v -0.899515 7.63624 6.87324 
v -0.870314 7.68791 6.83711 
v -0.828874 7.65613 6.79527 
v -0.883554 7.93719 6.86812 
v -0.848451 7.81074 6.78359 
v -0.883833 7.81074 6.82661 
v -0.848474 7.97058 6.8365 
v -0.848451 7.81074 6.78359 
v -0.883554 7.68428 6.86812 
v -0.848474 7.65089 6.8365 
v -0.88344 7.98406 6.97898 
v -0.883554 7.93719 6.86812 
v -0.848456 8.03063 6.97898 
v -0.848456 7.59084 6.97898 
v -0.88344 7.63742 6.97898 
v -0.883554 7.68428 6.86812 
v -0.899515 7.63624 6.87324 
v -0.828874 7.65613 6.79527 
v -0.842351 7.60494 6.82158 
v -0.746055 7.50344 7.12794 
v -0.706928 7.51107 7.14607 
v -0.759206 7.60533 7.16365 
v -0.889458 7.82678 6.81454 
v -0.879612 7.74737 6.78804 
v -0.880308 7.75916 6.8012 
v -0.257331 7.68646 7.08517 
v -0.358432 7.6086 7.14355 
v -0.325813 7.57784 7.079 
v -0.326136 7.69539 7.16589 
v -0.358432 7.6086 7.14355 
v -0.441741 7.68775 7.21381 
v -0.450372 7.5792 7.16634 
v -0.234452 7.67898 6.97898 
v -0.325813 7.57784 7.079 
v -0.309565 7.56259 6.97931 
v -0.257331 7.68646 7.08517 
v -0.325813 7.57784 6.88222 
v -0.234452 7.67898 6.97898 
v -0.257331 7.68646 6.87409 
v -0.891544 7.84803 6.79612 
v -0.872644 7.85907 6.79375 
v -0.872632 7.86049 6.78385 
v -0.853006 7.87031 6.79718 
v -1.09692 7.65149 6.97898 
v -1.11653 7.69988 7.07752 
v -1.11669 7.6582 6.97898 
v -1.0973 7.69492 7.08193 
v -1.09847 7.81074 7.12053 
v -1.11653 7.69988 7.07752 
v -1.11725 7.81074 7.11458 
v -1.09847 7.81074 7.12053 
v -1.11653 7.92159 7.07752 
v -1.0973 7.92655 7.08193 
v -0.326136 7.69539 6.7985 
v -0.310088 7.82756 6.78615 
v -0.234637 7.82756 6.86785 
v -0.257331 7.68646 6.87409 
v -0.428461 7.50344 7.12794 
v -0.415309 7.60533 7.16365 
v -0.46759 7.51095 7.14602 
v -0.684018 7.49668 7.12788 
v -0.706928 7.51107 7.14607 
v -0.705666 7.45504 7.10537 
v -0.746055 7.50344 7.12794 
v -0.842351 7.60494 6.82158 
v -0.777301 7.55623 6.79121 
v -0.82646 7.53052 6.83752 
v -0.332165 7.60494 6.82158 
v -0.275001 7.63624 6.87324 
v -0.288418 7.58091 6.87795 
v -0.304202 7.68791 6.83711 
v -0.282218 7.68321 6.8629 
v -0.275001 7.63624 6.87324 
v -0.815493 7.52795 7.1197 
v -0.75583 7.51887 7.12933 
v -0.83886 7.62886 7.15961 
v -0.332165 7.60494 6.82158 
v -0.288418 7.58091 6.87795 
v -0.348056 7.53052 6.83752 
v -0.816084 7.6086 6.82184 
v -0.917185 7.68646 6.87409 
v -0.84838 7.69539 6.7985 
v -0.848703 7.57784 6.88222 
v -0.88577 7.21861 6.80323 
v -0.82688 7.18084 6.75612 
v -0.882564 7.16013 6.796 
v -0.345642 7.65613 6.79527 
v -0.304202 7.68791 6.83711 
v -0.275001 7.63624 6.87324 
v -0.345642 7.65613 6.79527 
v -0.275001 7.63624 6.87324 
v -0.332165 7.60494 6.82158 
v -0.694616 7.85198 6.73302 
v -0.664693 7.92861 6.74069 
v -0.626993 7.91491 6.72593 
v -0.359023 7.52795 7.1197 
v -0.335656 7.62886 7.15961 
v -0.418686 7.51887 7.12933 
v -0.0775968 7.65149 6.97898 
v -0.0579808 7.69988 7.07752 
v -0.0772188 7.69492 7.08193 
v -0.0578258 7.6582 6.97898 
v -0.0579808 7.69988 7.07752 
v -0.0760478 7.81074 7.12053 
v -0.0572608 7.81074 7.11458 
v -0.0579808 7.92159 7.07752 
v -0.0760478 7.81074 7.12053 
v -0.0772188 7.92655 7.08193 
v -0.290962 7.93719 6.86812 
v -0.326065 7.81074 6.78359 
v -0.326042 7.97058 6.8365 
v -0.290683 7.81074 6.82661 
v -0.291076 7.98406 6.97898 
v -0.32606 8.03063 6.97898 
v -0.290962 7.93719 6.86812 
v -0.326065 7.81074 6.78359 
v -0.290962 7.68428 6.86812 
v -0.326042 7.65089 6.8365 
v -0.291076 7.63742 6.97898 
v -0.32606 7.59084 6.97898 
v -0.290962 7.68428 6.86812 
v -0.46759 7.51095 7.14602 
v -0.485034 7.49325 7.11981 
v -0.46885 7.45504 7.10537 
v -0.428461 7.50344 7.12794 
v -0.587258 7.50138 7.15955 
v -0.69214 7.59329 7.16296 
v -0.663317 7.48987 7.13077 
v -0.32151 7.87031 6.79718 
v -0.301872 7.85907 6.79375 
v -0.301884 7.86049 6.78385 
v -0.282972 7.84803 6.79612 
v -0.482376 7.59329 7.16296 
v -0.587258 7.58798 7.19176 
v -0.587258 7.50138 7.15955 
v -0.69214 7.59329 7.16296 
v -0.69214 7.59329 7.16296 
v -0.587258 7.58798 7.17296 
v -0.482376 7.59329 7.16296 
v -0.587258 7.57826 7.17735 
v -0.689282 7.59138 7.14459 
v -0.485234 7.59138 7.14459 
v -0.511199 7.48987 7.13077 
v -0.587258 7.44394 7.1186 
v -0.663317 7.48987 7.13077 
v -0.663317 7.48987 7.13077 
v -0.663317 7.48987 7.11197 
v -0.511199 7.48987 7.11197 
v -0.511199 7.48987 7.13077 
v -0.663317 7.48987 7.11197 
v -0.587258 7.44891 7.09967 
v -0.511199 7.48987 7.11197 
v -0.520044 7.49579 7.11155 
v -0.587258 7.45305 7.11447 
v -0.654472 7.49579 7.11155 
v -0.861697 7.78173 6.78934 
v -0.891544 7.84803 6.79612 
v -0.872632 7.86049 6.78385 
v -0.752528 7.4818 7.08461 
v -0.754828 7.51308 7.10838 
v -0.75583 7.51887 7.12933 
v -0.815493 7.52795 7.1197 
v -0.359023 7.52795 7.1197 
v -0.418686 7.51887 7.12933 
v -0.421988 7.4818 7.08461 
v -0.419688 7.51308 7.10838 
v -0.724144 7.5792 7.16634 
v -0.587258 7.6809 7.23043 
v -0.732775 7.68775 7.21381 
v -0.587258 7.56479 7.17789 
v -0.450372 7.5792 7.16634 
v -0.587258 7.6809 7.23043 
v -0.441741 7.68775 7.21381 
v -0.332165 7.60494 6.82158 
v -0.348056 7.53052 6.83752 
v -0.397214 7.55623 6.79121 
v -0.684018 7.49668 7.12788 
v -0.70819 7.59624 7.17803 
v -0.706928 7.51107 7.14607 
v -0.759206 7.60533 7.16365 
v -0.757972 7.61197 7.15634 
v -0.763909 7.51937 7.11674 
v -0.752075 7.61089 7.17169 
v -0.511199 7.48987 7.13077 
v -0.482376 7.59329 7.16296 
v -0.587258 7.50138 7.15955 
v -0.587258 7.2755 7.20439 
v -0.69239 7.41241 7.19041 
v -0.71352 7.28267 7.18431 
v -0.587258 7.40954 7.19715 
v -0.285058 7.82678 6.81454 
v -0.294207 7.75916 6.8012 
v -0.294904 7.74737 6.78805 
v -0.345642 7.65613 6.79527 
v -0.332165 7.60494 6.82158 
v -0.364483 7.60736 6.79836 
v -0.587258 7.2755 7.20439 
v -0.482126 7.41241 7.19041 
v -0.587258 7.40954 7.19715 
v -0.460996 7.28267 7.18431 
v -0.326136 7.69539 6.7985 
v -0.257331 7.68646 6.87409 
v -0.358432 7.6086 6.82184 
v -0.325813 7.57784 6.88222 
v -0.405873 7.41659 6.94981 
v -0.331729 7.27755 7.04902 
v -0.373482 7.41927 7.05 
v -0.364036 7.27703 6.93671 
v -0.458528 7.27464 6.89255 
v -0.393438 7.41753 7.11523 
v -0.364052 7.28227 7.15197 
v -0.457775 7.28324 7.19367 
v -0.479821 7.41472 6.9087 
v -0.43846 7.5015 6.96719 
v -0.587258 7.27293 6.8856 
v -0.473985 7.51324 6.95256 
v -0.587258 7.39987 6.90155 
v -0.49318 7.5573 7.04985 
v -0.428446 7.51963 7.05001 
v -0.434423 7.50825 7.10281 
v -0.694695 7.41472 6.9087 
v -0.4932 7.51976 7.15929 
v -0.715988 7.27464 6.89255 
v -0.478625 7.41473 7.19939 
v -0.587258 7.27555 7.2143 
v -0.587258 7.41134 7.2069 
v -0.587258 7.51989 7.16447 
v -0.681316 7.51976 7.15929 
v -0.695891 7.41473 7.19939 
v -0.716741 7.28324 7.19367 
v -0.781078 7.41753 7.11523 
v -0.810464 7.28227 7.15197 
v -0.842787 7.27755 7.04902 
v -0.740093 7.50825 7.10281 
v -0.801034 7.41927 7.05 
v -0.681336 7.5573 7.04985 
v -0.74607 7.51963 7.05001 
v -0.736056 7.5015 6.96719 
v -0.700531 7.51324 6.95256 
v -0.768643 7.41659 6.94981 
v -0.81048 7.27703 6.93671 
v -0.754559 7.76686 6.71107 
v -0.694616 7.85198 6.73302 
v -0.67678 7.8131 6.70807 
v -0.680325 7.78113 6.72514 
v -0.415309 7.60533 7.16365 
v -0.466326 7.59624 7.17803 
v -0.46759 7.51095 7.14602 
v -0.51623 7.5883 7.15765 
v -0.312819 7.78173 6.78934 
v -0.301884 7.86049 6.78385 
v -0.282972 7.84803 6.79612 
v -0.886561 7.81074 7.21208 
v -0.9595 7.99963 7.13787 
v -0.886561 8.00328 7.14851 
v -0.9595 7.62184 7.13787 
v -0.886561 7.546 6.97898 
v -0.9595 7.55101 6.97898 
v -0.886561 8.07548 6.97898 
v -0.9595 7.99963 7.13787 
v -0.9595 8.07047 6.97898 
v -0.815493 7.52795 7.1197 
v -0.838975 7.62954 7.13993 
v -0.81093 7.5301 7.10038 
v -0.83886 7.62886 7.15961 
v -0.830717 7.63227 7.15783 
v -0.660719 7.86254 6.73374 
v -0.646399 7.94345 6.74137 
v -0.57655 7.93084 6.72593 
v -0.587258 7.49609 7.09112 
v -0.724144 7.5792 7.16634 
v -0.733082 7.51596 7.08544 
v -0.587258 7.56479 7.17789 
v -0.740769 7.49532 6.98078 
v -0.848703 7.57784 7.079 
v -0.864951 7.56259 6.97931 
v -0.733082 7.51596 7.08544 
v -0.848703 7.57784 6.88222 
v -0.740769 7.49532 6.98078 
v -0.733082 7.51596 6.87936 
v -0.694616 7.85198 6.73302 
v -0.626993 7.91491 6.72593 
v -0.67678 7.8131 6.70807 
v -0.622265 7.82254 6.73188 
v -0.486208 7.33604 6.79507 
v -0.487148 7.25478 6.7729 
v -0.531001 7.28428 6.77112 
v -0.487148 7.25478 6.7729 
v -0.558073 7.23179 6.80067 
v -0.495817 7.20978 6.7993 
v -0.587258 7.49609 7.09112 
v -0.441434 7.51596 7.08544 
v -0.450372 7.5792 7.16634 
v -0.587258 7.56479 7.17789 
v -0.655441 7.79181 6.72703 
v -0.660719 7.86254 6.73374 
v -0.599707 7.81783 6.70807 
v -0.687368 7.25478 6.7729 
v -0.688308 7.33604 6.79507 
v -0.643515 7.28428 6.77112 
v -0.616443 7.23179 6.80067 
v -0.687368 7.25478 6.7729 
v -0.678699 7.20978 6.7993 
v -0.660719 7.86254 6.73374 
v -0.57655 7.93084 6.72593 
v -0.599707 7.81783 6.70807 
v -0.525335 7.83515 6.73151 
v -0.557892 7.77207 6.72542 
v -0.616957 7.7322 6.71234 
v -0.655441 7.79181 6.72703 
v -0.82688 7.18084 6.75612 
v -0.88577 7.21861 6.80323 
v -0.841813 7.24772 6.77673 
v -0.752528 7.4818 7.08461 
v -0.815493 7.52795 7.1197 
v -0.81093 7.5301 7.10038 
v -0.705666 7.45504 7.10537 
v -0.746113 7.50358 7.1091 
v -0.7065 7.46068 7.08737 
v -0.746055 7.50344 7.12794 
v -0.686263 7.48987 7.10508 
v -0.523884 7.22152 6.92228 
v -0.588136 7.24501 6.87314 
v -0.557471 7.20382 6.8605 
v -0.568152 7.27319 6.92267 
v -0.410607 7.51937 7.11674 
v -0.416544 7.61197 7.15634 
v -0.422441 7.61089 7.17169 
v -0.325813 7.57784 6.88222 
v -0.433747 7.49532 6.98078 
v -0.441434 7.51596 6.87936 
v -0.309565 7.56259 6.97931 
v -0.433747 7.49532 6.98078 
v -0.325813 7.57784 7.079 
v -0.441434 7.51596 7.08544 
v -0.525335 7.83515 6.73151 
v -0.57655 7.93084 6.72593 
v -0.506839 7.91522 6.73906 
v -0.986498 7.97914 6.98896 
v -0.952437 7.9871 6.98921 
v -0.969682 7.98311 6.95876 
v -1.05525 8.46698 6.98612 
v -1.04308 8.46908 6.96483 
v -1.03109 8.47116 6.98601 
v -1.01631 8.47894 6.99522 
v -1.04401 8.47409 6.94651 
v -1.07171 8.46924 6.99522 
v -1.0495 8.50544 6.94669 
v -1.07705 8.50062 6.99513 
v -1.02195 8.51027 6.99513 
v -0.816084 7.6086 6.82184 
v -0.724144 7.5792 6.80448 
v -0.733082 7.51596 6.87936 
v -0.848703 7.57784 6.88222 
v -0.46885 7.45504 7.10537 
v -0.484359 7.49209 7.10479 
v -0.46876 7.46006 7.08575 
v -0.428403 7.50358 7.1091 
v -0.428461 7.50344 7.12794 
v -0.819768 7.74335 6.78297 
v -0.861697 7.78173 6.78934 
v -0.828937 7.77131 6.76803 
v -1.0973 7.69492 6.87604 
v -1.09692 7.65149 6.97898 
v -1.11653 7.69988 6.88045 
v -1.11669 7.6582 6.97898 
v -1.11653 7.69988 6.88045 
v -1.09847 7.81074 6.83743 
v -1.11725 7.81074 6.84339 
v -1.11653 7.92159 6.88045 
v -1.09847 7.81074 6.83743 
v -1.0973 7.92655 6.87604 
v -0.421988 7.4818 7.08461 
v -0.363586 7.5301 7.10038 
v -0.359023 7.52795 7.1197 
v -0.358432 7.6086 6.82184 
v -0.441434 7.51596 6.87936 
v -0.450372 7.5792 6.80448 
v -0.325813 7.57784 6.88222 
v -0.58638 7.24501 6.87314 
v -0.650632 7.22152 6.92228 
v -0.617045 7.20382 6.8605 
v -0.606364 7.27319 6.92267 
v -0.646399 7.94345 6.74137 
v -0.576642 7.92957 6.73585 
v -0.57655 7.93084 6.72593 
v -0.506839 7.91522 6.73906 
v -0.587258 7.47437 6.9819 
v -0.733082 7.51596 7.08544 
v -0.740769 7.49532 6.98078 
v -0.587258 7.49609 7.09112 
v -0.733082 7.51596 6.87936 
v -0.587258 7.47437 6.9819 
v -0.587258 7.49609 6.87611 
v -0.816084 7.6086 7.14355 
v -0.724144 7.5792 7.16634 
v -0.848703 7.57784 7.079 
v -0.557892 7.77207 6.72542 
v -0.599707 7.81783 6.70807 
v -0.525335 7.83515 6.73151 
v -0.861697 7.78173 6.78934 
v -0.872632 7.86049 6.78385 
v -0.828937 7.77131 6.76803 
v -0.810212 7.78455 6.78417 
v -0.0579808 7.69988 6.88045 
v -0.0775968 7.65149 6.97898 
v -0.0772188 7.69492 6.87604 
v -0.0578258 7.6582 6.97898 
v -0.0760478 7.81074 6.83743 
v -0.0579808 7.69988 6.88045 
v -0.0572608 7.81074 6.84339 
v -0.0760478 7.81074 6.83743 
v -0.0579808 7.92159 6.88045 
v -0.0772178 7.92655 6.87604 
v -0.364304 7.78455 6.78417 
v -0.301884 7.86049 6.78385 
v -0.345579 7.77131 6.76803 
v -0.312819 7.78173 6.78934 
v -0.287955 7.81074 6.74589 
v -0.215016 7.62184 6.8201 
v -0.287955 7.61819 6.80946 
v -0.287955 7.546 6.97898 
v -0.215016 7.55101 6.97898 
v -0.215016 7.81074 6.76052 
v -0.215016 7.99963 6.8201 
v -0.287955 8.00328 6.80946 
v -0.287955 8.07548 6.97898 
v -0.215016 7.99963 6.8201 
v -0.215016 8.07047 6.97898 
v -0.136642 7.64422 6.83402 
v -0.215016 7.55101 6.97898 
v -0.137235 7.5818 6.97898 
v -0.215016 7.81074 6.76052 
v -0.136642 7.64422 6.83402 
v -0.135173 7.81074 6.77965 
v -0.136642 7.97725 6.83402 
v -0.215016 8.07047 6.97898 
v -0.136642 7.97725 6.83402 
v -0.137235 8.03967 6.97898 
v -0.587258 7.47437 6.9819 
v -0.433747 7.49532 6.98078 
v -0.441434 7.51596 7.08544 
v -0.587258 7.49609 7.09112 
v -0.587258 7.47437 6.9819 
v -0.441434 7.51596 6.87936 
v -0.587258 7.49609 6.87611 
v -0.358432 7.6086 7.14355 
v -0.450372 7.5792 7.16634 
v -0.325813 7.57784 7.079 
v -0.71352 7.28267 7.18431 
v -0.773172 7.41423 7.11024 
v -0.802898 7.28102 7.1457 
v -0.69239 7.41241 7.19041 
v -0.354749 7.74335 6.78297 
v -0.345579 7.77131 6.76803 
v -0.312819 7.78173 6.78934 
v -0.215016 7.62184 7.13787 
v -0.287955 7.81074 7.21208 
v -0.287955 7.61819 7.14851 
v -0.215016 7.99963 7.13787 
v -0.287955 8.07548 6.97898 
v -0.215016 8.07047 6.97898 
v -0.287955 7.546 6.97898 
v -0.215016 7.62184 7.13787 
v -0.215016 7.55101 6.97898 
v -0.684018 7.49668 7.12788 
v -0.660963 7.58929 7.15751 
v -0.70819 7.59624 7.17803 
v -0.241811 7.84219 6.71892 
v -0.185857 8.02768 6.735 
v -0.271733 7.86299 6.67162 
v -0.244138 8.03229 6.68227 
v -0.587258 7.81382 6.69332 
v -0.587258 8.03495 6.65186 
v -0.587258 7.85079 6.64414 
v -0.902783 7.86299 6.67162 
v -0.932705 7.84219 6.71892 
v -0.272387 7.85448 6.76909 
v -0.587258 7.84143 6.74854 
v -0.902129 7.85448 6.76909 
v -0.988659 8.02768 6.735 
v -0.930378 8.03229 6.68227 
v -0.587258 8.02434 6.77308 
v -0.24469 8.02304 6.78802 
v -0.929826 8.02304 6.78802 
v -0.272387 8.19232 6.79865 
v -0.587258 8.20874 6.78067 
v -0.902129 8.19232 6.79865 
v -0.587258 8.24552 6.73109 
v -0.241811 8.21313 6.75137 
v -0.932705 8.21313 6.75137 
v -0.902783 8.20086 6.70118 
v -0.587258 8.21765 6.67624 
v -0.271733 8.20086 6.70118 
v -0.817746 7.33877 7.01391 
v -0.810033 7.40334 7.01244 
v -0.838105 7.36566 6.98682 
v -0.369038 7.61943 7.17249 
v -0.422441 7.61089 7.17169 
v -0.418686 7.51887 7.12933 
v -0.422441 7.61089 7.17169 
v -0.419688 7.51308 7.10838 
v -0.587258 7.82756 6.73057 
v -0.732775 7.68775 6.75955 
v -0.740311 7.82756 6.7428 
v -0.587258 7.6809 6.74879 
v -0.724144 7.5792 6.80448 
v -0.587258 7.56479 6.79672 
v -0.441741 7.96737 6.75533 
v -0.587258 7.97421 6.74284 
v -0.84838 7.95973 6.79622 
v -0.732775 7.96737 6.75533 
v -0.864428 7.82756 6.78615 
v -0.84838 7.69539 6.7985 
v -0.732775 7.68775 6.75955 
v -0.816084 7.6086 6.82184 
v -0.724144 7.5792 6.80448 
v -0.732775 7.96737 6.75533 
v -0.587258 7.97421 6.74284 
v -0.724144 7.5792 6.80448 
v -0.587258 7.56479 6.79672 
v -0.587258 7.49609 6.87611 
v -0.733082 7.51596 6.87936 
v -0.434205 7.82756 6.7428 
v -0.441741 7.68775 6.75955 
v -0.587258 7.6809 6.74879 
v -0.450372 7.5792 6.80448 
v -0.587258 7.56479 6.79672 
v -0.326136 7.95973 6.79622 
v -0.441741 7.96737 6.75533 
v -0.310088 7.82756 6.78615 
v -0.326136 7.69539 6.7985 
v -0.441741 7.68775 6.75955 
v -0.358432 7.6086 6.82184 
v -0.450372 7.5792 6.80448 
v -0.450372 7.5792 6.80448 
v -0.587258 7.49609 6.87611 
v -0.587258 7.56479 6.79672 
v -0.441434 7.51596 6.87936 
v -0.479821 7.41472 6.9087 
v -0.587258 7.51976 6.94419 
v -0.587258 7.39987 6.90155 
v -0.694695 7.41472 6.9087 
v -0.473985 7.51324 6.95256 
v -0.700531 7.51324 6.95256 
v -0.49318 7.5573 7.04985 
v -0.681336 7.5573 7.04985 
v -0.587258 7.5576 7.05096 
v -0.4932 7.51976 7.15929 
v -0.681316 7.51976 7.15929 
v -0.587258 7.51989 7.16447 
v -0.886561 7.81074 6.74589 
v -0.9595 7.62184 6.8201 
v -0.9595 7.81074 6.76052 
v -0.886561 8.00328 6.80946 
v -0.886561 7.61819 6.80946 
v -0.886561 7.546 6.97898 
v -0.9595 7.55101 6.97898 
v -0.9595 7.99963 6.8201 
v -0.886561 8.07548 6.97898 
v -0.9595 8.07047 6.97898 
v -0.9595 7.55101 6.97898 
v -1.03787 7.64422 6.83402 
v -1.03728 7.5818 6.97898 
v -1.03787 7.64422 6.83402 
v -0.9595 7.81074 6.76052 
v -1.03934 7.81074 6.77965 
v -1.03787 7.97725 6.83402 
v -0.752075 7.61089 7.17169 
v -0.805478 7.61943 7.17249 
v -0.75583 7.51887 7.12933 
v -0.754828 7.51308 7.10838 
v -0.752075 7.61089 7.17169 
v -0.401344 7.41423 7.11024 
v -0.460996 7.28267 7.18431 
v -0.371618 7.28102 7.1457 
v -0.482126 7.41241 7.19041 
v -0.879612 7.74737 6.78804 
v -0.872334 7.83141 6.80926 
v -0.863411 7.75635 6.77861 
v -0.845819 7.76012 6.79259 
v -0.328697 7.76012 6.79259 
v -0.302182 7.83141 6.80926 
v -0.311105 7.75635 6.77861 
v -0.294904 7.74737 6.78805 
v -0.886098 7.58091 6.87795 
v -0.879609 7.58752 6.88497 
v -0.891581 7.64169 6.87993 
v -0.788121 7.36082 7.03644 
v -0.810033 7.40334 7.01244 
v -0.817746 7.33877 7.01391 
v -0.622265 7.82254 6.73188 
v -0.626993 7.91491 6.72593 
v -0.589902 7.89825 6.73943 
v -0.892298 7.68321 6.8629 
v -0.899515 7.63624 6.87324 
v -0.891581 7.64169 6.87993 
v -0.429464 7.08946 6.88157 
v -0.486576 7.13852 6.85754 
v -0.400892 7.08821 6.80903 
v -0.457216 7.13648 6.78616 
v -0.511169 7.14965 6.96009 
v -0.463345 7.11022 6.98427 
v -0.488986 7.21741 6.85341 
v -0.459374 7.21392 6.78137 
v -0.512631 7.21616 6.96096 
v -0.752528 7.4818 7.08461 
v -0.81093 7.5301 7.10038 
v -0.752674 7.48856 7.06555 
v -0.754828 7.51308 7.10838 
v -0.879612 7.74737 6.78804 
v -0.889458 7.82678 6.81454 
v -0.872334 7.83141 6.80926 
v -0.854887 7.83278 6.81641 
v -0.845819 7.76012 6.79259 
v -0.294904 7.74737 6.78805 
v -0.302182 7.83141 6.80926 
v -0.285058 7.82678 6.81454 
v -0.328697 7.76012 6.79259 
v -0.319629 7.83278 6.81641 
v -0.35677 7.33877 7.01391 
v -0.336411 7.36566 6.98682 
v -0.364483 7.40334 7.01244 
v -0.421988 7.4818 7.08461 
v -0.419688 7.51308 7.10838 
v -0.421842 7.48856 7.06555 
v -0.363586 7.5301 7.10038 
v -0.415094 7.2028 6.74676 
v -0.42391 7.14491 6.75406 
v -0.459374 7.21392 6.78137 
v -0.457216 7.13648 6.78616 
v -0.347636 7.18084 6.75612 
v -0.389754 7.25361 6.76284 
v -0.332703 7.24772 6.77673 
v -0.347636 7.18084 6.75612 
v -0.42391 7.14491 6.75406 
v -0.374343 7.1152 6.76603 
v -0.46759 7.51095 7.14602 
v -0.51623 7.5883 7.15765 
v -0.485034 7.49325 7.11981 
v -0.715142 7.21392 6.78137 
v -0.750606 7.14491 6.75406 
v -0.759422 7.2028 6.74676 
v -0.7173 7.13648 6.78616 
v -0.82688 7.18084 6.75612 
v -0.784762 7.25361 6.76284 
v -0.841813 7.24772 6.77673 
v -0.750606 7.14491 6.75406 
v -0.82688 7.18084 6.75612 
v -0.800173 7.1152 6.76603 
v -0.587258 7.19463 6.88582 
v -0.716678 7.14198 6.93294 
v -0.718451 7.19498 6.89242 
v -0.587258 7.14101 6.92781 
v -0.71352 7.27324 6.90205 
v -0.587258 7.27168 6.89543 
v -0.386395 7.36082 7.03644 
v -0.35677 7.33877 7.01391 
v -0.364483 7.40334 7.01244 
v -0.587258 7.19463 6.88582 
v -0.457838 7.14198 6.93294 
v -0.587258 7.14101 6.92781 
v -0.456065 7.19498 6.89242 
v -0.460996 7.27324 6.90205 
v -0.587258 7.27168 6.89543 
v -0.664693 7.92861 6.74069 
v -0.627246 7.91363 6.73584 
v -0.626993 7.91491 6.72593 
v -0.589902 7.89825 6.73943 
v -0.568152 7.27319 6.92267 
v -0.471405 7.26806 6.97962 
v -0.516349 7.3191 6.97936 
v -0.523884 7.22152 6.92228 
v -0.364304 7.78455 6.78417 
v -0.345579 7.77131 6.76803 
v -0.398045 7.72711 6.77261 
v -0.354749 7.74335 6.78297 
v -0.745052 7.08946 6.88157 
v -0.773624 7.08821 6.80903 
v -0.68794 7.13852 6.85754 
v -0.7173 7.13648 6.78616 
v -0.663347 7.14965 6.96009 
v -0.711171 7.11022 6.98427 
v -0.68553 7.21741 6.85341 
v -0.715142 7.21392 6.78137 
v -0.661885 7.21616 6.96096 
v -0.886098 7.58091 6.87795 
v -0.891581 7.64169 6.87993 
v -0.899515 7.63624 6.87324 
v -0.828937 7.77131 6.76803 
v -0.810212 7.78455 6.78417 
v -0.776471 7.72711 6.77261 
v -0.819768 7.74335 6.78297 
v -0.328697 7.76012 6.79259 
v -0.311105 7.75635 6.77861 
v -0.338958 7.70785 6.775 
v -0.294904 7.74737 6.78805 
v -0.288418 7.58091 6.87795 
v -0.282935 7.64169 6.87993 
v -0.294907 7.58752 6.88497 
v -0.275001 7.63624 6.87324 
v -0.282218 7.68321 6.8629 
v -0.863411 7.75635 6.77861 
v -0.845819 7.76012 6.79259 
v -0.835558 7.70785 6.775 
v -0.879612 7.74737 6.78804 
v -0.703111 7.26806 6.97962 
v -0.606364 7.27319 6.92267 
v -0.658167 7.3191 6.97936 
v -0.650632 7.22152 6.92228 
v -0.69239 7.41241 7.19041 
v -0.678246 7.51299 7.15274 
v -0.773172 7.41423 7.11024 
v -0.733308 7.50224 7.09882 
v -0.587258 7.40954 7.19715 
v -0.678246 7.51299 7.15274 
v -0.587258 7.5128 7.15754 
v -0.761514 7.41333 6.95587 
v -0.832998 7.27602 7.04894 
v -0.791825 7.41561 7.05 
v -0.832998 7.27602 7.04894 
v -0.773172 7.41423 7.11024 
v -0.802898 7.28102 7.1457 
v -0.531001 7.28428 6.77112 
v -0.592654 7.27831 6.83231 
v -0.566457 7.3109 6.79994 
v -0.558073 7.23179 6.80067 
v -0.401344 7.41423 7.11024 
v -0.441208 7.50224 7.09882 
v -0.49627 7.51299 7.15274 
v -0.482126 7.41241 7.19041 
v -0.49627 7.51299 7.15274 
v -0.587258 7.40954 7.19715 
v -0.587258 7.5128 7.15754 
v -0.777301 7.55623 6.79121 
v -0.822615 7.5329 6.84658 
v -0.82646 7.53052 6.83752 
v -0.886098 7.58091 6.87795 
v -0.664347 7.5899 7.14232 
v -0.7041 7.46485 7.10756 
v -0.660963 7.58929 7.15751 
v -0.643515 7.28428 6.77112 
v -0.581862 7.27831 6.83231 
v -0.616443 7.23179 6.80067 
v -0.608059 7.3109 6.79994 
v -0.341518 7.27602 7.04894 
v -0.413002 7.41333 6.95587 
v -0.382691 7.41561 7.05 
v -0.401344 7.41423 7.11024 
v -0.341518 7.27602 7.04894 
v -0.371618 7.28102 7.1457 
v -0.288418 7.58091 6.87795 
v -0.294907 7.58752 6.88497 
v -0.351901 7.5329 6.84658 
v -0.348056 7.53052 6.83752 
v -0.397214 7.55623 6.79121 
v -0.832998 7.27602 7.04894 
v -0.761514 7.41333 6.95587 
v -0.802898 7.27536 6.94287 
v -0.688308 7.33604 6.79507 
v -0.687368 7.25478 6.7729 
v -0.733876 7.28552 6.79611 
v -0.680325 7.78113 6.72514 
v -0.67678 7.8131 6.70807 
v -0.622265 7.82254 6.73188 
v -0.364304 7.78455 6.78417 
v -0.32151 7.87031 6.79718 
v -0.301884 7.86049 6.78385 
v -0.568152 7.27319 6.92267 
v -0.573961 7.32755 6.88217 
v -0.588136 7.24501 6.87314 
v -0.592654 7.27831 6.83231 
v -0.558073 7.23179 6.80067 
v -0.588136 7.24501 6.87314 
v -0.557471 7.20382 6.8605 
v -0.487148 7.25478 6.7729 
v -0.486208 7.33604 6.79507 
v -0.44064 7.28552 6.79611 
v -0.664347 7.5899 7.14232 
v -0.7065 7.46068 7.08737 
v -0.7041 7.46485 7.10756 
v -0.872632 7.86049 6.78385 
v -0.853006 7.87031 6.79718 
v -0.810212 7.78455 6.78417 
v -0.886098 7.58091 6.87795 
v -0.822615 7.5329 6.84658 
v -0.879609 7.58752 6.88497 
v -0.413002 7.41333 6.95587 
v -0.341518 7.27602 7.04894 
v -0.371618 7.27536 6.94287 
v -0.791825 7.41561 7.05 
v -0.729724 7.49573 6.97217 
v -0.761514 7.41333 6.95587 
v -0.739042 7.51264 7.05 
v -0.791825 7.41561 7.05 
v -0.733308 7.50224 7.09882 
v -0.773172 7.41423 7.11024 
v -0.369038 7.61943 7.17249 
v -0.335656 7.62886 7.15961 
v -0.343799 7.63226 7.15783 
v -0.422441 7.61089 7.17169 
v -0.835635 7.39314 6.95351 
v -0.810033 7.40334 7.01244 
v -0.809581 7.42605 6.96397 
v -0.805478 7.61943 7.17249 
v -0.830717 7.63227 7.15783 
v -0.83886 7.62886 7.15961 
v -0.752075 7.61089 7.17169 
v -0.684028 7.58801 7.15627 
v -0.689282 7.59138 7.14459 
v -0.587258 7.57826 7.17735 
v -0.606364 7.27319 6.92267 
v -0.58638 7.24501 6.87314 
v -0.600555 7.32755 6.88217 
v -0.581862 7.27831 6.83231 
v -0.58638 7.24501 6.87314 
v -0.616443 7.23179 6.80067 
v -0.617045 7.20382 6.8605 
v -0.587258 7.57826 7.17735 
v -0.485234 7.59138 7.14459 
v -0.490488 7.58801 7.15627 
v -0.759206 7.60533 7.16365 
v -0.752192 7.60688 7.14571 
v -0.746113 7.50358 7.1091 
v -0.746055 7.50344 7.12794 
v -0.737164 7.50802 7.10914 
v -0.738525 7.50822 7.12341 
v -0.173489 7.50221 6.97898 
v -0.108526 7.60791 6.97898 
v -0.178448 7.59514 6.97898 
v -0.103262 7.49124 6.97898 
v -0.158559 7.27304 6.97898 
v -0.0939028 7.39832 6.97898 
v -0.164447 7.38962 6.97898 
v -0.0875238 7.27054 6.97898 
v -0.164447 7.38962 6.97898 
v -0.103262 7.49124 6.97898 
v -0.173489 7.50221 6.97898 
v -0.0939028 7.39832 6.97898 
v -0.990005 7.49098 6.97898 
v -0.989356 7.61174 6.97898 
v -1.05978 7.50451 6.97898 
v -1.06043 7.61174 6.97898 
v -1.06662 7.39381 6.97898 
v -1.05978 7.50451 6.97898 
v -0.996801 7.38049 6.97898 
v -1.06375 7.27065 6.97898 
v -0.996801 7.38049 6.97898 
v -0.992852 7.27567 6.97898 
v -0.978806 7.98804 6.98372 
v -0.970861 7.99012 6.9695 
v -0.962917 7.9922 6.98372 
v -1.05328 8.47944 6.98372 
v -1.04519 8.48086 6.9695 
v -1.03711 8.48227 6.98372 
v -1.0636 8.47763 6.98977 
v -1.02679 8.48408 6.98977 
v -1.04519 8.48085 6.95741 
v -1.06667 8.49518 6.98977 
v -1.04827 8.4984 6.95741 
v -1.02986 8.50163 6.98977 
v -0.444792 7.49573 6.97217 
v -0.382691 7.41561 7.05 
v -0.413002 7.41333 6.95587 
v -0.435474 7.51264 7.05 
v -0.382691 7.41561 7.05 
v -0.441208 7.50224 7.09882 
v -0.401344 7.41423 7.11024 
v -0.680325 7.78113 6.72514 
v -0.750381 7.76633 6.71988 
v -0.754559 7.76686 6.71107 
v -0.694616 7.85198 6.73302 
v -0.338881 7.39314 6.95351 
v -0.364935 7.42605 6.96397 
v -0.364483 7.40334 7.01244 
v -0.733876 7.28552 6.79611 
v -0.740756 7.38248 6.85251 
v -0.688308 7.33604 6.79507 
v -0.785701 7.33144 6.85277 
v -0.752304 7.38508 7.03622 
v -0.810033 7.40334 7.01244 
v -0.788121 7.36082 7.03644 
v -0.44064 7.28552 6.79611 
v -0.43376 7.38248 6.85251 
v -0.388815 7.33144 6.85277 
v -0.486208 7.33604 6.79507 
v -0.82449 7.37174 6.91086 
v -0.740756 7.38248 6.85251 
v -0.785701 7.33144 6.85277 
v -0.785288 7.41713 6.91124 
v -0.71352 7.27324 6.90205 
v -0.802898 7.27536 6.94287 
v -0.761514 7.41333 6.95587 
v -0.705666 7.45504 7.10537 
v -0.686263 7.48987 7.10508 
v -0.684018 7.49668 7.12788 
v -0.422212 7.38508 7.03622 
v -0.386395 7.36082 7.03644 
v -0.364483 7.40334 7.01244 
v -0.879612 7.74737 6.78804 
v -0.835558 7.70785 6.775 
v -0.880308 7.75916 6.8012 
v -0.364483 7.60736 6.79836 
v -0.332165 7.60494 6.82158 
v -0.338496 7.60773 6.82792 
v -0.69239 7.41217 6.91799 
v -0.587258 7.39759 6.9112 
v -0.587258 7.27168 6.89543 
v -0.71352 7.27324 6.90205 
v -0.69239 7.41217 6.91799 
v -0.761514 7.41333 6.95587 
v -0.891865 7.15268 6.85204 
v -0.862985 7.23397 6.92121 
v -0.889154 7.23018 6.84868 
v -0.865396 7.15508 6.92534 
v -0.805873 7.28303 6.89719 
v -0.833383 7.27839 6.82438 
v -0.812125 7.23077 7.01421 
v -0.761533 7.27049 6.99721 
v -0.865396 7.15508 6.92534 
v -0.812125 7.23077 7.01421 
v -0.81082 7.16455 7.02052 
v -0.460996 7.27324 6.90205 
v -0.413002 7.41333 6.95587 
v -0.371618 7.27536 6.94287 
v -0.482126 7.41217 6.91799 
v -0.587258 7.27168 6.89543 
v -0.587258 7.39759 6.9112 
v -0.460996 7.27324 6.90205 
v -0.413002 7.41333 6.95587 
v -0.482126 7.41217 6.91799 
v -0.466326 7.59624 7.17803 
v -0.423171 7.60823 7.15809 
v -0.466807 7.5999 7.16874 
v -0.415309 7.60533 7.16365 
v -0.51623 7.5883 7.15765 
v -0.46885 7.45504 7.10537 
v -0.485034 7.49325 7.11981 
v -0.484359 7.49209 7.10479 
v -0.838975 7.62954 7.13993 
v -0.830717 7.63227 7.15783 
v -0.82887 7.63187 7.14 
v -0.43376 7.38248 6.85251 
v -0.350026 7.37174 6.91086 
v -0.388815 7.33144 6.85277 
v -0.389228 7.41713 6.91124 
v -0.70819 7.59624 7.17803 
v -0.751345 7.60823 7.15809 
v -0.759206 7.60533 7.16365 
v -0.707709 7.5999 7.16874 
v -0.660963 7.58929 7.15751 
v -0.294904 7.74737 6.78805 
v -0.294207 7.75916 6.8012 
v -0.338958 7.70785 6.775 
v -0.304202 7.68791 6.83711 
v -0.345642 7.65613 6.79527 
v -0.35238 7.65797 6.80243 
v -0.69775 7.50645 6.95921 
v -0.69239 7.41217 6.91799 
v -0.729724 7.49573 6.97217 
v -0.761514 7.41333 6.95587 
v -0.752192 7.60688 7.14571 
v -0.759206 7.60533 7.16365 
v -0.751345 7.60823 7.15809 
v -0.835635 7.39314 6.95351 
v -0.785288 7.41713 6.91124 
v -0.82449 7.37174 6.91086 
v -0.809581 7.42605 6.96397 
v -0.838105 7.36566 6.98682 
v -0.810033 7.40334 7.01244 
v -0.759596 7.42121 7.01359 
v -0.752304 7.38508 7.03622 
v -0.870314 7.68791 6.83711 
v -0.822136 7.65797 6.80243 
v -0.828874 7.65613 6.79527 
v -0.467943 7.46447 7.10217 
v -0.484359 7.49209 7.10479 
v -0.485034 7.49325 7.11981 
v -0.282651 7.15268 6.85204 
v -0.311531 7.23397 6.92121 
v -0.30912 7.15508 6.92534 
v -0.285362 7.23018 6.84868 
v -0.368643 7.28303 6.89719 
v -0.341133 7.27839 6.82438 
v -0.362391 7.23077 7.01421 
v -0.412983 7.27049 6.99721 
v -0.362391 7.23077 7.01421 
v -0.30912 7.15508 6.92534 
v -0.363696 7.16455 7.02052 
v -0.0750898 8.15967 7.21207 
v -0.0270458 8.00205 7.12872 
v 0.0375142 8.03295 7.1485 
v -0.127326 8.11325 7.1847 
v -0.0750898 8.15967 7.21207 
v -0.225974 8.22591 7.12872 
v -0.187694 8.28639 7.1485 
v -0.444792 7.49573 6.97217 
v -0.482126 7.41217 6.91799 
v -0.476766 7.50645 6.95921 
v -0.413002 7.41333 6.95587 
v -0.108526 7.60791 6.97798 
v -0.173489 7.50221 6.97798 
v -0.178448 7.59514 6.97798 
v -0.103262 7.49124 6.97798 
v -0.0939028 7.39832 6.97798 
v -0.158559 7.27304 6.97798 
v -0.164447 7.38962 6.97798 
v -0.0875238 7.27054 6.97798 
v -0.103262 7.49124 6.97798 
v -0.164447 7.38962 6.97798 
v -0.173489 7.50221 6.97798 
v -0.0939028 7.39832 6.97798 
v -0.989356 7.61174 6.97798 
v -1.05978 7.50451 6.97798 
v -1.06043 7.61174 6.97798 
v -0.990005 7.49098 6.97798 
v -1.06662 7.39381 6.97798 
v -0.996801 7.38049 6.97798 
v -1.05978 7.50451 6.97798 
v -0.996801 7.38049 6.97798 
v -1.06375 7.27065 6.97798 
v -0.992852 7.27567 6.97798 
v -0.373482 7.41927 7.05 
v -0.43846 7.5015 6.96719 
v -0.405873 7.41659 6.94981 
v -0.428446 7.51963 7.05001 
v -0.434423 7.50825 7.10281 
v -0.393438 7.41753 7.11523 
v -0.389228 7.41713 6.91124 
v -0.338881 7.39314 6.95351 
v -0.350026 7.37174 6.91086 
v -0.364935 7.42605 6.96397 
v -0.336411 7.36566 6.98682 
v -0.364483 7.40334 7.01244 
v -0.41492 7.42121 7.01359 
v -0.422212 7.38508 7.03622 
v -0.849956 7.74985 6.79863 
v -0.854887 7.83278 6.81641 
v -0.872334 7.83141 6.80926 
v -0.359023 7.52795 7.1197 
v -0.335541 7.62954 7.13993 
v -0.335656 7.62886 7.15961 
v -0.343799 7.63226 7.15783 
v -0.363586 7.5301 7.10038 
v -0.345646 7.63187 7.14 
v -0.366017 7.53406 7.11425 
v -0.302182 7.83141 6.80926 
v -0.319629 7.83278 6.81641 
v -0.32456 7.74985 6.79863 
v -0.511169 7.14965 6.96009 
v -0.512411 7.15925 7.00636 
v -0.512631 7.21616 6.96096 
v -0.510721 7.21099 7.01752 
v -0.736056 7.5015 6.96719 
v -0.801034 7.41927 7.05 
v -0.768643 7.41659 6.94981 
v -0.74607 7.51963 7.05001 
v -0.740093 7.50825 7.10281 
v -0.781078 7.41753 7.11523 
v -0.828874 7.65613 6.79527 
v -0.810033 7.60736 6.79836 
v -0.842351 7.60494 6.82158 
v -0.83602 7.60773 6.82792 
v -0.777301 7.55623 6.79121 
v -0.822136 7.65797 6.80243 
v -0.794428 7.65951 6.77107 
v -0.587258 7.5128 6.95125 
v -0.69239 7.41217 6.91799 
v -0.69775 7.50645 6.95921 
v -0.587258 7.39759 6.9112 
v -0.587258 7.5128 6.95125 
v -0.482126 7.41217 6.91799 
v -0.587258 7.39759 6.9112 
v -0.476766 7.50645 6.95921 
v -0.212792 7.61524 6.81306 
v -0.291289 7.81074 6.73656 
v -0.291573 7.61201 6.80262 
v -0.212873 7.81074 6.75085 
v -0.212792 8.00624 6.81306 
v -0.291289 7.81074 6.73656 
v -0.291573 8.00947 6.80262 
v -0.32606 7.59084 6.97898 
v -0.326042 7.65089 6.8365 
v -0.291899 7.53691 6.97898 
v -0.212817 7.54135 6.97898 
v -0.132825 7.63812 6.82721 
v -0.133032 7.57283 6.97898 
v -0.132825 7.63812 6.82721 
v -0.212873 7.81074 6.75085 
v -0.131863 7.81074 6.77031 
v -0.291289 7.81074 6.73656 
v -0.326042 7.65089 6.8365 
v -0.326065 7.81074 6.78359 
v -0.132825 7.98336 6.82721 
v -0.212873 7.81074 6.75085 
v -0.212792 8.00624 6.81306 
v -0.291289 7.81074 6.73656 
v -0.326042 7.97058 6.8365 
v -0.291899 8.08457 6.97898 
v -0.32606 8.03063 6.97898 
v -0.326042 7.97058 6.8365 
v -0.212817 8.08013 6.97898 
v -0.132825 7.98336 6.82721 
v -0.133032 8.04865 6.97898 
v -0.88577 7.21861 6.80323 
v -0.833383 7.27839 6.82438 
v -0.841813 7.24772 6.77673 
v -0.889154 7.23018 6.84868 
v -1.06043 7.61174 6.97898 
v -0.989356 7.61174 6.97798 
v -1.06043 7.61174 6.97798 
v -0.989356 7.61174 6.97898 
v -0.679002 7.54767 7.05002 
v -0.733308 7.50224 7.09882 
v -0.678246 7.51299 7.15274 
v -0.739042 7.51264 7.05 
v -0.679002 7.54767 7.05002 
v -0.729724 7.49573 6.97217 
v -0.69775 7.50645 6.95921 
v -0.428461 7.50344 7.12794 
v -0.428403 7.50358 7.1091 
v -0.415309 7.60533 7.16365 
v -0.422324 7.60688 7.14571 
v -0.437352 7.50802 7.10914 
v -0.423171 7.60823 7.15809 
v -0.435992 7.50822 7.12341 
v -0.663317 7.48987 7.13077 
v -0.689282 7.59138 7.14459 
v -0.663317 7.48987 7.11197 
v -0.69214 7.59329 7.16296 
v -0.654472 7.49579 7.11155 
v -0.684028 7.58801 7.15627 
v -0.656654 7.49597 7.12648 
v -0.961724 7.61524 6.81306 
v -0.883227 7.81074 6.73656 
v -0.961643 7.81074 6.75085 
v -0.961724 8.00624 6.81306 
v -0.883227 7.81074 6.73656 
v -0.882943 8.00947 6.80262 
v -0.848456 8.03063 6.97898 
v -0.848474 7.97058 6.8365 
v -0.882617 8.08457 6.97898 
v -0.961724 8.00624 6.81306 
v -0.961699 8.08013 6.97898 
v -1.04169 7.98336 6.82721 
v -1.04148 8.04865 6.97898 
v -0.961643 7.81074 6.75085 
v -1.04169 7.98336 6.82721 
v -1.04265 7.81074 6.77031 
v -0.883227 7.81074 6.73656 
v -0.848474 7.97058 6.8365 
v -0.848451 7.81074 6.78359 
v -0.883227 7.81074 6.73656 
v -0.848474 7.65089 6.8365 
v -0.882943 7.61201 6.80262 
v -1.04169 7.63812 6.82721 
v -0.961643 7.81074 6.75085 
v -0.848456 7.59084 6.97898 
v -0.848474 7.65089 6.8365 
v -0.882617 7.53691 6.97898 
v -0.961699 7.54135 6.97898 
v -1.04169 7.63812 6.82721 
v -1.04148 7.57283 6.97898 
v -1.1024 7.6653 6.84874 
v -1.04148 7.57283 6.97898 
v -1.10257 7.61041 6.97898 
v -1.10564 7.64675 6.97898 
v -1.10601 7.69169 6.87254 
v -1.10257 7.61041 6.97898 
v -0.663347 7.14965 6.96009 
v -0.661885 7.21616 6.96096 
v -0.662105 7.15925 7.00636 
v -0.663795 7.21099 7.01752 
v -0.684018 7.49668 7.12788 
v -0.664347 7.5899 7.14232 
v -0.660963 7.58929 7.15751 
v -0.686263 7.48987 7.10508 
v -0.127326 8.11325 6.77327 
v -0.225974 8.22591 6.82924 
v -0.0750898 8.15967 6.74589 
v -0.187694 8.28639 6.80946 
v -0.0750898 8.15967 6.74589 
v -0.0270458 8.00205 6.82924 
v 0.0375142 8.03295 6.80946 
v -0.288746 7.21861 6.80323 
v -0.341133 7.27839 6.82438 
v -0.285362 7.23018 6.84868 
v -0.332703 7.24772 6.77673 
v -0.495514 7.54767 7.05002 
v -0.441208 7.50224 7.09882 
v -0.435474 7.51264 7.05 
v -0.49627 7.51299 7.15274 
v -0.495514 7.54767 7.05002 
v -0.444792 7.49573 6.97217 
v -0.476766 7.50645 6.95921 
v -0.587258 7.5477 7.05121 
v -0.678246 7.51299 7.15274 
v -0.587258 7.5128 7.15754 
v -0.679002 7.54767 7.05002 
v -0.587258 7.5477 7.05121 
v -0.49627 7.51299 7.15274 
v -0.495514 7.54767 7.05002 
v -0.587258 7.5128 7.15754 
v -0.316168 7.65129 7.12068 
v -0.287955 7.81074 7.21208 
v -0.316168 7.81074 7.17381 
v -0.287955 7.61819 7.14851 
v -0.316168 7.97019 7.12068 
v -0.287955 8.00328 7.14851 
v -0.316168 8.02998 6.97898 
v -0.287955 8.07548 6.97898 
v -0.316168 7.97019 7.12068 
v -0.511199 7.48987 7.13077 
v -0.485234 7.59138 7.14459 
v -0.482376 7.59329 7.16296 
v -0.511199 7.48987 7.11197 
v -0.520044 7.49579 7.11155 
v -0.490488 7.58801 7.15627 
v -0.517862 7.49597 7.12648 
v -0.754828 7.51308 7.10838 
v -0.763909 7.51937 7.11674 
v -0.757972 7.61197 7.15634 
v -0.531001 7.28428 6.77112 
v -0.540779 7.35639 6.83024 
v -0.486208 7.33604 6.79507 
v -0.566457 7.3109 6.79994 
v -0.482376 7.59329 7.16296 
v -0.485234 7.59138 7.14459 
v -0.587258 7.58798 7.17296 
v -0.69214 7.59329 7.16296 
v -0.587258 7.58798 7.17296 
v -0.689282 7.59138 7.14459 
v -0.587258 7.82366 6.69445 
v -0.899597 7.85979 6.76112 
v -0.925982 7.84945 6.71943 
v -0.587258 7.84759 6.74077 
v -0.587258 7.82366 6.69445 
v -0.899597 7.86688 6.68016 
v -0.587258 7.85527 6.65298 
v -0.419688 7.51308 7.10838 
v -0.416544 7.61197 7.15634 
v -0.410607 7.51937 7.11674 
v -0.587258 7.82366 6.69445 
v -0.248534 7.84945 6.71943 
v -0.274919 7.85979 6.76112 
v -0.587258 7.84759 6.74077 
v -0.587258 7.82366 6.69445 
v -0.274919 7.86688 6.68016 
v -0.587258 7.85527 6.65298 
v -0.643515 7.28428 6.77112 
v -0.633737 7.35639 6.83024 
v -0.608059 7.3109 6.79994 
v -0.688308 7.33604 6.79507 
v -0.886561 7.81074 7.21208 
v -0.858348 7.65129 7.12068 
v -0.858348 7.81074 7.17381 
v -0.886561 7.61819 7.14851 
v -0.858348 7.97019 7.12068 
v -0.886561 8.00328 7.14851 
v -0.858348 7.97019 7.12068 
v -0.858348 8.02998 6.97898 
v -0.886561 8.07548 6.97898 
v -0.0688778 7.64675 6.97898 
v -0.0513958 7.69483 7.08298 
v -0.0511848 7.65081 6.97898 
v -0.0685098 7.69169 7.08543 
v -0.0513958 7.69483 6.87499 
v -0.0685098 7.69169 6.87254 
v -0.316168 8.02998 6.97898 
v -0.287955 8.00328 6.80946 
v -0.316168 7.97019 6.83729 
v -0.287955 8.07548 6.97898 
v -0.287955 7.81074 6.74589 
v -0.316168 7.97019 6.83729 
v -0.316168 7.81074 6.78416 
v -0.316168 7.65129 6.83729 
v -0.287955 7.61819 6.80946 
v -1.10564 7.64675 6.97898 
v -1.12312 7.69483 7.08298 
v -1.10601 7.69169 7.08543 
v -1.12333 7.65081 6.97898 
v -1.12312 7.69483 6.87499 
v -1.10601 7.69169 6.87254 
v -0.811204 7.77493 6.79197 
v -0.828345 7.77129 6.77801 
v -0.776471 7.72711 6.77261 
v -0.819768 7.74335 6.78297 
v -0.346171 7.77129 6.77801 
v -0.363312 7.77493 6.79197 
v -0.398045 7.72711 6.77261 
v -0.354749 7.74335 6.78297 
v -0.680325 7.78113 6.72514 
v -0.622265 7.82254 6.73188 
v -0.677344 7.81321 6.71805 
v -0.287955 7.61819 7.14851 
v -0.316168 7.59149 6.97898 
v -0.287955 7.546 6.97898 
v -0.316168 7.65129 7.12068 
v -0.811204 7.77493 6.79197 
v -0.872644 7.85907 6.79375 
v -0.828345 7.77129 6.77801 
v -0.861697 7.78173 6.78934 
v -0.312819 7.78173 6.78934 
v -0.301872 7.85907 6.79375 
v -0.346171 7.77129 6.77801 
v -0.363312 7.77493 6.79197 
v -0.861697 7.78173 6.78934 
v -0.872644 7.85907 6.79375 
v -0.891544 7.84803 6.79612 
v -0.811204 7.77493 6.79197 
v -0.853006 7.87031 6.79718 
v -0.312819 7.78173 6.78934 
v -0.282972 7.84803 6.79612 
v -0.301872 7.85907 6.79375 
v -0.32151 7.87031 6.79718 
v -0.363312 7.77493 6.79197 
v -0.587258 7.67835 6.73921 
v -0.587258 7.82739 6.72066 
v -0.734762 7.68524 6.75017 
v -0.726304 7.57348 6.79668 
v -0.587258 7.55892 6.78873 
v -0.448212 7.57348 6.79668 
v -0.439754 7.68524 6.75017 
v -0.432122 7.82742 6.73312 
v -0.742394 7.82742 6.73312 
v -0.439734 7.96834 6.74568 
v -0.320774 7.96099 6.78798 
v -0.304581 7.82749 6.77791 
v -0.587258 7.97509 6.73297 
v -0.734782 7.96834 6.74568 
v -0.853742 7.96099 6.78798 
v -0.869935 7.82749 6.77791 
v -0.432122 7.82742 6.73312 
v -0.320891 7.69271 6.79053 
v -0.439754 7.68524 6.75017 
v -0.35394 7.60347 6.81464 
v -0.448212 7.57348 6.79668 
v -0.438683 7.50742 6.87515 
v -0.319723 7.57119 6.87811 
v -0.587258 7.48718 6.87177 
v -0.587258 7.55892 6.78873 
v -0.853625 7.69271 6.79053 
v -0.742394 7.82742 6.73312 
v -0.734762 7.68524 6.75017 
v -0.820576 7.60347 6.81464 
v -0.726304 7.57348 6.79668 
v -0.735833 7.50742 6.87515 
v -0.854793 7.57119 6.87811 
v -0.587258 7.48718 6.87177 
v -0.587258 7.55892 6.78873 
v -0.741869 7.08008 6.8814 
v -0.679434 7.13404 6.85514 
v -0.771661 7.079 6.80596 
v -0.710213 7.13201 6.78087 
v -0.654403 7.1454 6.95967 
v -0.707364 7.10123 6.98601 
v -0.676562 7.22046 6.85051 
v -0.70757 7.21676 6.77564 
v -0.652296 7.21826 6.9596 
v -0.131863 7.81074 7.18765 
v -0.132825 7.63812 7.13076 
v -0.212873 7.81074 7.20712 
v -0.212792 7.61524 7.14491 
v -0.212873 7.81074 7.20712 
v -0.132825 7.98336 7.13076 
v -0.212792 8.00624 7.14491 
v -0.212817 7.54135 6.97898 
v -0.133032 7.57283 6.97898 
v -0.291899 7.53691 6.97898 
v -0.291573 7.61201 7.15535 
v -0.32606 7.59084 6.97898 
v -0.326042 7.65089 7.12147 
v -0.0721198 7.6653 7.10923 
v -0.133032 7.57283 6.97898 
v -0.0719418 7.61041 6.97898 
v -0.0685098 7.69169 7.08543 
v -0.0688778 7.64675 6.97898 
v -0.0719418 7.61041 6.97898 
v -0.291289 7.81074 7.22141 
v -0.212792 7.61524 7.14491 
v -0.326042 7.65089 7.12147 
v -0.326065 7.81074 7.17438 
v -0.291289 7.81074 7.22141 
v -0.212792 8.00624 7.14491 
v -0.326042 7.97058 7.12147 
v -0.291573 8.00947 7.15535 
v -0.326042 7.97058 7.12147 
v -0.32606 8.03063 6.97898 
v -0.291899 8.08457 6.97898 
v -0.212817 8.08013 6.97898 
v -0.132825 7.98336 7.13076 
v -0.133032 8.04865 6.97898 
v -0.961643 7.81074 7.20712 
v -1.04169 7.63812 7.13076 
v -1.04265 7.81074 7.18765 
v -0.961724 7.61524 7.14491 
v -1.04169 7.98336 7.13076 
v -0.961643 7.81074 7.20712 
v -0.961724 8.00624 7.14491 
v -0.961699 7.54135 6.97898 
v -1.04148 7.57283 6.97898 
v -0.882617 7.53691 6.97898 
v -0.882943 7.61201 7.15535 
v -0.848456 7.59084 6.97898 
v -0.848474 7.65089 7.12147 
v -1.04148 7.57283 6.97898 
v -1.1024 7.6653 7.10923 
v -1.10257 7.61041 6.97898 
v -1.10564 7.64675 6.97898 
v -1.10601 7.69169 7.08543 
v -1.10257 7.61041 6.97898 
v -0.961724 7.61524 7.14491 
v -0.883227 7.81074 7.22141 
v -0.848474 7.65089 7.12147 
v -0.848451 7.81074 7.17438 
v -0.848474 7.97058 7.12147 
v -0.883227 7.81074 7.22141 
v -0.961724 8.00624 7.14491 
v -0.882943 8.00947 7.15535 
v -0.848456 8.03063 6.97898 
v -0.848474 7.97058 7.12147 
v -0.882617 8.08457 6.97898 
v -0.961699 8.08013 6.97898 
v -1.04169 7.98336 7.13076 
v -1.04148 8.04865 6.97898 
v -0.311655 7.75445 6.78842 
v -0.32456 7.74985 6.79863 
v -0.338958 7.70785 6.775 
v -0.294207 7.75916 6.8012 
v -0.849956 7.74985 6.79863 
v -0.862861 7.75445 6.78842 
v -0.835558 7.70785 6.775 
v -0.880308 7.75916 6.8012 
v -0.108526 7.60791 6.97798 
v -0.178448 7.59514 6.97798 
v -0.178448 7.59514 6.97898 
v -0.108526 7.60791 6.97898 
v -0.294207 7.75916 6.8012 
v -0.302182 7.83141 6.80926 
v -0.311655 7.75445 6.78842 
v -0.32456 7.74985 6.79863 
v -0.849956 7.74985 6.79863 
v -0.872334 7.83141 6.80926 
v -0.862861 7.75445 6.78842 
v -0.880308 7.75916 6.8012 
v -0.0513958 7.69483 6.87499 
v -0.0676368 7.81074 6.83217 
v -0.0685098 7.69169 6.87254 
v -0.0507558 7.81074 6.83589 
v -0.886561 8.00328 6.80946 
v -0.858348 8.02998 6.97898 
v -0.858348 7.97019 6.83729 
v -0.886561 8.07548 6.97898 
v -0.858348 7.97019 6.83729 
v -0.886561 7.81074 6.74589 
v -0.858348 7.81074 6.78416 
v -0.858348 7.65129 6.83729 
v -0.886561 7.61819 6.80946 
v -0.587258 7.5128 6.95125 
v -0.679002 7.54767 7.05002 
v -0.587258 7.5477 7.05121 
v -0.69775 7.50645 6.95921 
v -0.316168 7.59149 6.97898 
v -0.316168 7.65129 6.83729 
v -0.287955 7.61819 6.80946 
v -0.287955 7.546 6.97898 
v -0.587258 7.5128 6.95125 
v -0.495514 7.54767 7.05002 
v -0.476766 7.50645 6.95921 
v -0.587258 7.5477 7.05121 
v -1.12312 7.69483 6.87499 
v -1.10688 7.81074 6.83217 
v -1.12376 7.81074 6.83589 
v -1.10601 7.69169 6.87254 
v -0.320891 7.69271 6.79053 
v -0.35394 7.60347 6.81464 
v -0.249732 7.68267 6.86898 
v -0.227354 7.82753 6.86113 
v -0.304581 7.82749 6.77791 
v -0.320774 7.96099 6.78798 
v -0.250103 7.97006 6.86647 
v -0.319723 7.57119 6.87811 
v -0.226126 7.67361 6.97897 
v -0.302813 7.55534 6.97929 
v -0.31961 7.5712 7.08295 
v -0.430643 7.48591 6.98076 
v -0.438683 7.50742 6.87515 
v -0.249677 7.68154 7.08909 
v -0.587258 7.46446 6.98188 
v -0.587258 7.48718 6.87177 
v -0.735833 7.50742 6.87515 
v -0.353596 7.6034 7.15047 
v -0.320748 7.69125 7.17309 
v -0.439333 7.68383 7.22259 
v -0.438573 7.50737 7.08946 
v -0.4479 7.5733 7.17391 
v -0.587258 7.67685 7.23947 
v -0.587258 7.55868 7.18569 
v -0.587258 7.48709 7.09528 
v -0.726616 7.5733 7.17391 
v -0.663317 7.48987 7.11197 
v -0.654472 7.49579 7.11155 
v -0.587258 7.44891 7.09967 
v -0.511199 7.48987 7.11197 
v -0.587258 7.44891 7.09967 
v -0.520044 7.49579 7.11155 
v -0.858348 7.59149 6.97898 
v -0.886561 7.61819 7.14851 
v -0.886561 7.546 6.97898 
v -0.858348 7.65129 7.12068 
v -0.520044 7.49579 7.11155 
v -0.587258 7.45305 7.11447 
v -0.517862 7.49597 7.12648 
v -0.459374 7.21392 6.78137 
v -0.413789 7.27468 6.79732 
v -0.415094 7.2028 6.74676 
v -0.389754 7.25361 6.76284 
v -0.838975 7.62954 7.13993 
v -0.82887 7.63187 7.14 
v -0.81093 7.5301 7.10038 
v -0.540779 7.35639 6.83024 
v -0.592654 7.27831 6.83231 
v -0.573961 7.32755 6.88217 
v -0.566457 7.3109 6.79994 
v -0.432647 7.08008 6.8814 
v -0.402855 7.079 6.80596 
v -0.495082 7.13404 6.85514 
v -0.464303 7.13201 6.78087 
v -0.520113 7.1454 6.95967 
v -0.467152 7.10123 6.98601 
v -0.497954 7.22046 6.85051 
v -0.466946 7.21676 6.77564 
v -0.52222 7.21826 6.9596 
v -0.746113 7.50358 7.1091 
v -0.737164 7.50802 7.10914 
v -0.7065 7.46068 7.08737 
v -0.428403 7.50358 7.1091 
v -0.46876 7.46006 7.08575 
v -0.437352 7.50802 7.10914 
v -0.858348 7.59149 6.97898 
v -0.886561 7.61819 6.80946 
v -0.858348 7.65129 6.83729 
v -0.886561 7.546 6.97898 
v -0.587258 7.45305 7.11447 
v -0.654472 7.49579 7.11155 
v -0.656654 7.49597 7.12648 
v -0.760727 7.27468 6.79732 
v -0.759422 7.2028 6.74676 
v -0.784762 7.25361 6.76284 
v -0.715142 7.21392 6.78137 
v -0.488972 7.40232 6.88691 
v -0.486208 7.33604 6.79507 
v -0.540779 7.35639 6.83024 
v -0.43376 7.38248 6.85251 
v -0.685544 7.40232 6.88691 
v -0.688308 7.33604 6.79507 
v -0.740756 7.38248 6.85251 
v -0.633737 7.35639 6.83024 
v -0.738525 7.50822 7.12341 
v -0.752192 7.60688 7.14571 
v -0.751345 7.60823 7.15809 
v -0.633737 7.35639 6.83024 
v -0.600555 7.32755 6.88217 
v -0.581862 7.27831 6.83231 
v -0.608059 7.3109 6.79994 
v -0.622265 7.82254 6.73188 
v -0.589902 7.89825 6.73943 
v -0.627246 7.91363 6.73584 
v -0.354749 7.74335 6.78297 
v -0.312819 7.78173 6.78934 
v -0.346171 7.77129 6.77801 
v -0.364304 7.78455 6.78417 
v -0.398045 7.72711 6.77261 
v -0.363312 7.77493 6.79197 
v -0.364304 7.78455 6.78417 
v -0.363312 7.77493 6.79197 
v -0.32151 7.87031 6.79718 
v -0.735183 7.68383 7.22259 
v -0.735943 7.50737 7.08946 
v -0.82092 7.6034 7.15047 
v -0.853768 7.69125 7.17309 
v -0.924839 7.68154 7.08909 
v -0.854906 7.5712 7.08295 
v -0.94839 7.67361 6.97897 
v -0.743873 7.48591 6.98076 
v -0.871703 7.55534 6.97929 
v -0.854793 7.57119 6.87811 
v -0.924784 7.68267 6.86898 
v -0.820576 7.60347 6.81464 
v -0.853625 7.69271 6.79053 
v -0.947162 7.82753 6.86113 
v -0.869935 7.82749 6.77791 
v -0.853742 7.96099 6.78798 
v -0.924413 7.97006 6.86647 
v -0.557892 7.77207 6.72542 
v -0.525335 7.83515 6.73151 
v -0.599656 7.81726 6.71805 
v -0.819768 7.74335 6.78297 
v -0.828345 7.77129 6.77801 
v -0.861697 7.78173 6.78934 
v -0.707709 7.5999 7.16874 
v -0.660963 7.58929 7.15751 
v -0.7041 7.46485 7.10756 
v -0.0270458 8.00205 6.82924 
v 0.00932318 7.95948 6.97898 
v -0.0871288 7.99863 6.8666 
v -0.0804878 7.97362 6.97898 
v 0.0375142 8.03295 6.80946 
v 0.00932318 7.95948 6.97898 
v 0.0797402 7.98543 6.97898 
v 0.00932318 7.95948 6.97898 
v -0.0871288 7.99863 7.09136 
v -0.0270458 8.00205 7.12872 
v 0.0375142 8.03295 7.1485 
v 0.00932318 7.95948 6.97898 
v -0.525335 7.83515 6.73151 
v -0.506839 7.91522 6.73906 
v -0.576642 7.92957 6.73585 
v -0.485034 7.49325 7.11981 
v -0.51623 7.5883 7.15765 
v -0.466807 7.5999 7.16874 
v -0.516349 7.3191 6.97936 
v -0.573961 7.32755 6.88217 
v -0.568152 7.27319 6.92267 
v -0.52144 7.374 6.93954 
v -0.488972 7.40232 6.88691 
v -0.573961 7.32755 6.88217 
v -0.540779 7.35639 6.83024 
v -0.752304 7.38508 7.03622 
v -0.752122 7.31631 7.02322 
v -0.711958 7.36085 7.02255 
v -0.788121 7.36082 7.03644 
v -0.708039 7.40965 6.98791 
v -0.759596 7.42121 7.01359 
v -0.770192 7.43945 6.97582 
v -0.736115 7.43428 6.94098 
v -0.770192 7.43945 6.97582 
v -0.785288 7.41713 6.91124 
v -0.809581 7.42605 6.96397 
v -0.810033 7.40334 7.01244 
v -0.770192 7.43945 6.97582 
v -0.810033 7.40334 7.01244 
v -0.759596 7.42121 7.01359 
v -0.422441 7.61089 7.17169 
v -0.416544 7.61197 7.15634 
v -0.419688 7.51308 7.10838 
v -0.312461 8.12231 6.78461 
v -0.188289 7.94522 7.00702 
v -0.207785 8.14406 6.98681 
v -0.299278 7.85969 6.75647 
v -0.191268 7.71699 6.97581 
v -0.188289 7.94522 7.00702 
v -0.187175 7.80381 7.07442 
v -0.299278 7.85969 6.75647 
v -0.587258 7.90276 6.67386 
v -0.587258 8.12344 6.70982 
v -0.862055 8.12231 6.78461 
v -0.875238 7.85969 6.75647 
v -0.587258 8.12344 6.70982 
v -0.986227 7.94522 7.00702 
v -0.966731 8.14406 6.98681 
v -0.875238 7.85969 6.75647 
v -0.986227 7.94522 7.00702 
v -0.983248 7.71699 6.97581 
v -0.987341 7.80381 7.07442 
v -0.839985 8.23568 6.83788 
v -0.587258 8.26146 6.80748 
v -0.862055 8.12231 6.78461 
v -0.587258 8.31552 6.99526 
v -0.966731 8.14406 6.98681 
v -0.896217 8.26721 6.99222 
v -0.0507558 7.81074 7.12208 
v -0.0513958 7.69483 7.08298 
v -0.0676368 7.81074 7.1258 
v -0.0685098 7.69169 7.08543 
v -0.576642 7.92957 6.73585 
v -0.646399 7.94345 6.74137 
v -0.660719 7.86254 6.73374 
v -0.622265 7.82254 6.73188 
v -0.627246 7.91363 6.73584 
v -0.677344 7.81321 6.71805 
v -0.694616 7.85198 6.73302 
v -0.294207 7.75916 6.8012 
v -0.285058 7.82678 6.81454 
v -0.302182 7.83141 6.80926 
v -0.525335 7.83515 6.73151 
v -0.576642 7.92957 6.73585 
v -0.599656 7.81726 6.71805 
v -0.660719 7.86254 6.73374 
v -0.557892 7.77207 6.72542 
v -0.616957 7.7322 6.71234 
v -0.655441 7.79181 6.72703 
v -0.686263 7.48987 7.10508 
v -0.7065 7.46068 7.08737 
v -0.664347 7.5899 7.14232 
v -0.599656 7.81726 6.71805 
v -0.660719 7.86254 6.73374 
v -0.655441 7.79181 6.72703 
v -0.810212 7.78455 6.78417 
v -0.811204 7.77493 6.79197 
v -0.776471 7.72711 6.77261 
v -1.12312 7.69483 7.08298 
v -1.12376 7.81074 7.12208 
v -1.10688 7.81074 7.1258 
v -1.10601 7.69169 7.08543 
v -0.627246 7.91363 6.73584 
v -0.664693 7.92861 6.74069 
v -0.694616 7.85198 6.73302 
v -0.810212 7.78455 6.78417 
v -0.853006 7.87031 6.79718 
v -0.811204 7.77493 6.79197 
v -0.680325 7.78113 6.72514 
v -0.677344 7.81321 6.71805 
v -0.750381 7.76633 6.71988 
v -0.694616 7.85198 6.73302 
v -0.0507558 7.81074 6.83589 
v -0.0513958 7.92664 6.87499 
v -0.0676368 7.81074 6.83217 
v -0.0685098 7.92979 6.87254 
v -0.880308 7.75916 6.8012 
v -0.872334 7.83141 6.80926 
v -0.889458 7.82678 6.81454 
v -0.485034 7.49325 7.11981 
v -0.466807 7.5999 7.16874 
v -0.467413 7.51564 7.13719 
v -0.423171 7.60823 7.15809 
v -0.751345 7.60823 7.15809 
v -0.707709 7.5999 7.16874 
v -0.707104 7.51576 7.13723 
v -0.7041 7.46485 7.10756 
v -0.517862 7.49597 7.12648 
v -0.587258 7.50576 7.15056 
v -0.490488 7.58801 7.15627 
v -1.12312 7.92664 6.87499 
v -1.12376 7.81074 6.83589 
v -1.10688 7.81074 6.83217 
v -1.10601 7.92979 6.87254 
v -0.283798 7.15799 6.79079 
v -0.273276 7.14965 6.85309 
v -0.280406 7.2215 6.79873 
v -0.276436 7.23445 6.84921 
v -0.337366 7.28741 6.82278 
v -0.317488 7.10348 6.7892 
v -0.323909 7.08337 6.83701 
v -0.402855 7.079 6.80596 
v -0.344072 7.18047 6.74688 
v -0.373313 7.10918 6.75823 
v -0.328072 7.25315 6.76985 
v -0.390068 7.25949 6.75487 
v -0.416829 7.2831 6.79306 
v -0.42715 7.14148 6.74535 
v -0.464303 7.13201 6.78087 
v -0.466946 7.21676 6.77564 
v -0.417587 7.20434 6.73729 
v -0.437352 7.50802 7.10914 
v -0.467943 7.46447 7.10217 
v -0.435992 7.50822 7.12341 
v -0.46876 7.46006 7.08575 
v -0.484359 7.49209 7.10479 
v -0.338496 7.60773 6.82792 
v -0.304202 7.68791 6.83711 
v -0.35238 7.65797 6.80243 
v -0.658167 7.3191 6.97936 
v -0.600555 7.32755 6.88217 
v -0.653076 7.374 6.93954 
v -0.606364 7.27319 6.92267 
v -0.600555 7.32755 6.88217 
v -0.685544 7.40232 6.88691 
v -0.633737 7.35639 6.83024 
v -0.684028 7.58801 7.15627 
v -0.587258 7.57826 7.17735 
v -0.587258 7.50576 7.15056 
v -0.490488 7.58801 7.15627 
v -0.517862 7.49597 7.12648 
v -0.587258 7.45305 7.11447 
v -0.656654 7.49597 7.12648 
v -0.833383 7.27839 6.82438 
v -0.784762 7.25361 6.76284 
v -0.841813 7.24772 6.77673 
v -0.760727 7.27468 6.79732 
v -0.656654 7.49597 7.12648 
v -0.684028 7.58801 7.15627 
v -0.587258 7.50576 7.15056 
v -0.366017 7.53406 7.11425 
v -0.410607 7.51937 7.11674 
v -0.343799 7.63226 7.15783 
v -0.7041 7.46485 7.10756 
v -0.737164 7.50802 7.10914 
v -0.738525 7.50822 7.12341 
v -0.7065 7.46068 7.08737 
v -0.752075 7.61089 7.17169 
v -0.754828 7.51308 7.10838 
v -0.757972 7.61197 7.15634 
v -0.282935 7.64169 6.87993 
v -0.282218 7.68321 6.8629 
v -0.304202 7.68791 6.83711 
v -0.890718 7.15799 6.79079 
v -0.89411 7.2215 6.79873 
v -0.90124 7.14965 6.85309 
v -0.89808 7.23445 6.84921 
v -0.83715 7.28741 6.82278 
v -0.857028 7.10348 6.7892 
v -0.850607 7.08337 6.83701 
v -0.771661 7.079 6.80596 
v -0.830444 7.18047 6.74688 
v -0.801203 7.10918 6.75823 
v -0.846444 7.25315 6.76985 
v -0.784448 7.25949 6.75487 
v -0.757687 7.2831 6.79306 
v -0.747366 7.14148 6.74535 
v -0.710213 7.13201 6.78087 
v -0.70757 7.21676 6.77564 
v -0.756929 7.20434 6.73729 
v -0.332703 7.24772 6.77673 
v -0.389754 7.25361 6.76284 
v -0.341133 7.27839 6.82438 
v -0.413789 7.27468 6.79732 
v -0.345642 7.65613 6.79527 
v -0.364483 7.60736 6.79836 
v -0.380088 7.65951 6.77107 
v -0.35238 7.65797 6.80243 
v -0.338496 7.60773 6.82792 
v -0.294907 7.58752 6.88497 
v -0.338496 7.60773 6.82792 
v -0.351901 7.5329 6.84658 
v -0.435992 7.50822 7.12341 
v -0.467413 7.51564 7.13719 
v -0.423171 7.60823 7.15809 
v -0.864863 8.15044 7.18465 
v -0.986227 7.94522 7.00702 
v -0.966731 8.14406 6.98681 
v -0.875129 7.96108 7.20076 
v -0.587258 7.976 7.27105 
v -0.356646 7.9113 7.29341 
v -0.299387 7.96108 7.20076 
v -0.587258 7.91732 7.34971 
v -0.81787 7.9113 7.29341 
v -0.587258 7.91732 7.34971 
v -0.81787 7.9113 7.29341 
v -0.818547 7.75528 7.30583 
v -0.587258 7.74351 7.35586 
v -0.355969 7.75528 7.30583 
v -0.356646 7.9113 7.29341 
v -0.587258 7.74351 7.35586 
v -0.587258 7.56249 7.274 
v -0.818106 7.61005 7.23433 
v -0.818547 7.75528 7.30583 
v -0.35641 7.61005 7.23433 
v -0.587258 7.56249 7.274 
v -0.355969 7.75528 7.30583 
v -0.35641 7.61005 7.23433 
v -0.587258 7.53027 7.18195 
v -0.818106 7.61005 7.23433 
v -0.264856 7.78175 7.19265 
v -0.268494 7.70975 7.11828 
v -0.298774 7.59165 7.15137 
v -0.35641 7.61005 7.23433 
v -0.191268 7.71699 6.97581 
v -0.875742 7.59165 7.15137 
v -0.90966 7.78175 7.19265 
v -0.906022 7.70975 7.11828 
v -0.818106 7.61005 7.23433 
v -0.983248 7.71699 6.97581 
v -0.268494 7.70975 7.11828 
v -0.187175 7.80381 7.07442 
v -0.264856 7.78175 7.19265 
v -0.987341 7.80381 7.07442 
v -0.906022 7.70975 7.11828 
v -0.90966 7.78175 7.19265 
v -0.81787 7.9113 7.29341 
v -0.908356 7.89614 7.14065 
v -0.987341 7.80381 7.07442 
v -0.986227 7.94522 7.00702 
v -0.356646 7.9113 7.29341 
v -0.26616 7.89614 7.14065 
v -0.187175 7.80381 7.07442 
v -0.188289 7.94522 7.00702 
v -0.294907 7.58752 6.88497 
v -0.282935 7.64169 6.87993 
v -0.338496 7.60773 6.82792 
v -0.282935 7.64169 6.87993 
v -0.304202 7.68791 6.83711 
v -0.338496 7.60773 6.82792 
v -0.485034 7.49325 7.11981 
v -0.467413 7.51564 7.13719 
v -0.467943 7.46447 7.10217 
v -0.435992 7.50822 7.12341 
v -0.366017 7.53406 7.11425 
v -0.417212 7.49012 7.08181 
v -0.410607 7.51937 7.11674 
v -0.421842 7.48856 7.06555 
v -0.419688 7.51308 7.10838 
v -0.363586 7.5301 7.10038 
v -0.351901 7.5329 6.84658 
v -0.338496 7.60773 6.82792 
v -0.397214 7.55623 6.79121 
v -0.332165 7.60494 6.82158 
v -0.410607 7.51937 7.11674 
v -0.422441 7.61089 7.17169 
v -0.343799 7.63226 7.15783 
v -0.283615 7.94159 6.86309 
v -0.316168 7.81074 6.78416 
v -0.283615 7.81074 6.81963 
v -0.316168 7.97019 6.83729 
v -0.316168 7.81074 6.78416 
v -0.283615 7.67989 6.86309 
v -0.316168 7.65129 6.83729 
v -0.283615 7.9906 6.97898 
v -0.283615 7.94159 6.86309 
v -0.316168 8.02998 6.97898 
v -0.316168 7.59149 6.97898 
v -0.283615 7.63088 6.97898 
v -0.283615 7.67989 6.86309 
v -0.462558 7.36085 7.02255 
v -0.471405 7.26806 6.97962 
v -0.422394 7.31631 7.02322 
v -0.516349 7.3191 6.97936 
v -0.462558 7.36085 7.02255 
v -0.52144 7.374 6.93954 
v -0.466477 7.40965 6.98791 
v -0.438401 7.43428 6.94098 
v -0.52144 7.374 6.93954 
v -0.488972 7.40232 6.88691 
v -0.438401 7.43428 6.94098 
v -0.43376 7.38248 6.85251 
v -0.389228 7.41713 6.91124 
v -0.404324 7.43945 6.97582 
v -0.389228 7.41713 6.91124 
v -0.364935 7.42605 6.96397 
v -0.404324 7.43945 6.97582 
v -0.364483 7.40334 7.01244 
v -0.41492 7.42121 7.01359 
v -0.364483 7.40334 7.01244 
v -0.466477 7.40965 6.98791 
v -0.404324 7.43945 6.97582 
v -0.41492 7.42121 7.01359 
v -0.422212 7.38508 7.03622 
v -0.462558 7.36085 7.02255 
v -0.422394 7.31631 7.02322 
v -0.386395 7.36082 7.03644 
v -0.822136 7.65797 6.80243 
v -0.870314 7.68791 6.83711 
v -0.83602 7.60773 6.82792 
v -0.738525 7.50822 7.12341 
v -0.751345 7.60823 7.15809 
v -0.707104 7.51576 7.13723 
v -0.808499 7.53406 7.11425 
v -0.763909 7.51937 7.11674 
v -0.757304 7.49012 7.08181 
v -0.752674 7.48856 7.06555 
v -0.81093 7.5301 7.10038 
v -0.754828 7.51308 7.10838 
v -0.830717 7.63227 7.15783 
v -0.752075 7.61089 7.17169 
v -0.763909 7.51937 7.11674 
v -0.738525 7.50822 7.12341 
v -0.707104 7.51576 7.13723 
v -0.7041 7.46485 7.10756 
v -0.870314 7.68791 6.83711 
v -0.892298 7.68321 6.8629 
v -0.891581 7.64169 6.87993 
v -0.83602 7.60773 6.82792 
v -0.822615 7.5329 6.84658 
v -0.777301 7.55623 6.79121 
v -0.363586 7.5301 7.10038 
v -0.417212 7.49012 7.08181 
v -0.366017 7.53406 7.11425 
v -0.83602 7.60773 6.82792 
v -0.879609 7.58752 6.88497 
v -0.822615 7.5329 6.84658 
v -0.83602 7.60773 6.82792 
v -0.891581 7.64169 6.87993 
v -0.879609 7.58752 6.88497 
v -0.328697 7.76012 6.79259 
v -0.338958 7.70785 6.775 
v -0.32456 7.74985 6.79863 
v -0.711958 7.36085 7.02255 
v -0.703111 7.26806 6.97962 
v -0.658167 7.3191 6.97936 
v -0.752122 7.31631 7.02322 
v -0.711958 7.36085 7.02255 
v -0.653076 7.374 6.93954 
v -0.708039 7.40965 6.98791 
v -0.653076 7.374 6.93954 
v -0.736115 7.43428 6.94098 
v -0.685544 7.40232 6.88691 
v -0.736115 7.43428 6.94098 
v -0.740756 7.38248 6.85251 
v -0.785288 7.41713 6.91124 
v -0.870314 7.68791 6.83711 
v -0.891581 7.64169 6.87993 
v -0.83602 7.60773 6.82792 
v -0.328697 7.76012 6.79259 
v -0.32456 7.74985 6.79863 
v -0.319629 7.83278 6.81641 
v -0.890901 7.94159 6.86309 
v -0.858348 7.81074 6.78416 
v -0.858348 7.97019 6.83729 
v -0.890901 7.81074 6.81963 
v -0.890901 7.9906 6.97898 
v -0.858348 8.02998 6.97898 
v -0.890901 7.94159 6.86309 
v -0.858348 7.81074 6.78416 
v -0.890901 7.67989 6.86309 
v -0.858348 7.65129 6.83729 
v -0.890901 7.63088 6.97898 
v -0.858348 7.59149 6.97898 
v -0.890901 7.67989 6.86309 
v -0.757304 7.49012 7.08181 
v -0.81093 7.5301 7.10038 
v -0.808499 7.53406 7.11425 
v -0.808499 7.53406 7.11425 
v -0.81093 7.5301 7.10038 
v -0.82887 7.63187 7.14 
v -0.337064 7.88048 6.66081 
v -0.26671 7.91189 6.66949 
v -0.343695 7.91434 6.66062 
v -0.348887 7.91474 6.68082 
v -0.321536 7.94062 6.66363 
v -0.341768 7.87838 6.68102 
v -0.325097 7.94295 6.68406 
v -0.309101 7.86126 6.68451 
v -0.287276 7.93953 6.66758 
v -0.288313 7.94178 6.6883 
v -0.266233 7.9121 6.69035 
v -0.306637 7.86454 6.66406 
v -0.275327 7.87851 6.66792 
v -0.275485 7.87626 6.68866 
v -0.0513958 7.92664 7.08298 
v -0.0676368 7.81074 7.1258 
v -0.0685098 7.92979 7.08543 
v -0.0507558 7.81074 7.12208 
v -0.283615 7.9906 6.97898 
v -0.316168 7.97019 7.12068 
v -0.316168 8.02998 6.97898 
v -0.283615 7.94159 7.09488 
v -0.316168 7.81074 7.17381 
v -0.283615 7.94159 7.09488 
v -0.283615 7.81074 7.13833 
v -0.283615 7.67989 7.09488 
v -0.316168 7.81074 7.17381 
v -0.316168 7.65129 7.12068 
v -0.283615 7.63088 6.97898 
v -0.316168 7.59149 6.97898 
v -0.283615 7.67989 7.09488 
v -0.587258 7.19206 6.87625 
v -0.71832 7.13356 6.92797 
v -0.587258 7.1324 6.92291 
v -0.72079 7.19259 6.88309 
v -0.715988 7.27464 6.89255 
v -0.587258 7.27293 6.8856 
v -0.458528 7.27464 6.89255 
v -0.587258 7.27293 6.8856 
v -0.453726 7.19259 6.88309 
v -0.456196 7.13356 6.92797 
v -0.587258 7.1324 6.92291 
v -0.716552 7.12194 7.03505 
v -0.587258 7.11651 7.04517 
v -0.71832 7.13356 6.92797 
v -0.794183 7.14365 6.95468 
v -0.804809 7.13941 7.03969 
v -0.842171 7.1955 7.04453 
v -0.81402 7.19388 6.93185 
v -0.81048 7.27703 6.93671 
v -0.842787 7.27755 7.04902 
v -0.72079 7.19259 6.88309 
v -0.794183 7.14365 6.95468 
v -0.81402 7.19388 6.93185 
v -0.81048 7.27703 6.93671 
v -0.715988 7.27464 6.89255 
v -0.808499 7.53406 7.11425 
v -0.830717 7.63227 7.15783 
v -0.763909 7.51937 7.11674 
v -0.82887 7.63187 7.14 
v -0.907804 7.91189 6.66949 
v -0.83745 7.88048 6.66081 
v -0.83082 7.91435 6.66062 
v -0.825627 7.91474 6.68082 
v -0.852978 7.94062 6.66363 
v -0.832746 7.87838 6.68102 
v -0.849418 7.94295 6.68406 
v -0.865414 7.86126 6.68451 
v -0.88724 7.93953 6.66758 
v -0.886201 7.94178 6.6883 
v -0.908281 7.9121 6.69035 
v -0.867877 7.86454 6.66406 
v -0.899187 7.87851 6.66792 
v -0.89903 7.87627 6.68866 
v -1.12312 7.92664 7.08298 
v -1.10688 7.81074 7.1258 
v -1.12376 7.81074 7.12208 
v -1.10601 7.92979 7.08543 
v -0.845819 7.76012 6.79259 
v -0.849956 7.74985 6.79863 
v -0.835558 7.70785 6.775 
v -0.845819 7.76012 6.79259 
v -0.854887 7.83278 6.81641 
v -0.849956 7.74985 6.79863 
v -0.344427 8.14957 6.6803 
v -0.30582 8.19765 6.68828 
v -0.336781 8.183 6.68409 
v -0.307696 8.19867 6.70904 
v -0.340936 8.18294 6.70454 
v -0.349145 8.14705 6.70046 
v -0.27486 8.18248 6.68971 
v -0.274456 8.18238 6.71057 
v -0.266246 8.14635 6.70799 
v -0.323002 8.12253 6.67975 
v -0.326142 8.11801 6.69988 
v -0.289249 8.1177 6.70323 
v -0.267214 8.14892 6.6873 
v -0.288639 8.12224 6.68287 
v -0.868694 8.19765 6.68828 
v -0.830087 8.14957 6.6803 
v -0.837734 8.183 6.68409 
v -0.866819 8.19867 6.70904 
v -0.833579 8.18294 6.70454 
v -0.825369 8.14705 6.70046 
v -0.899654 8.18248 6.68971 
v -0.900059 8.18238 6.71057 
v -0.851512 8.12253 6.67975 
v -0.848372 8.11801 6.69988 
v -0.908268 8.14635 6.70799 
v -0.885266 8.1177 6.70323 
v -0.885876 8.12224 6.68287 
v -0.907301 8.14892 6.6873 
v -0.429367 7.22375 6.83155 
v -0.484715 7.25241 6.76359 
v -0.494362 7.20229 6.79298 
v -0.563811 7.2267 6.79439 
v -0.508857 7.17902 6.84511 
v -0.434657 7.28536 6.78821 
v -0.563034 7.19565 6.86115 
v -0.465001 7.19313 6.89067 
v -0.526912 7.21431 6.92837 
v -0.597176 7.24152 6.87522 
v -0.473167 7.26192 6.9872 
v -0.375585 7.27136 6.89034 
v -0.411825 7.2401 6.94883 
v -0.576012 7.27168 6.92851 
v -0.582578 7.33217 6.88377 
v -0.522978 7.31875 6.98671 
v -0.422856 7.3115 7.03187 
v -0.467671 7.36163 7.031 
v -0.528853 7.37982 6.94259 
v -0.602222 7.27862 6.82975 
v -0.53355 7.28526 6.76159 
v -0.573034 7.31491 6.7937 
v -0.545668 7.36392 6.82605 
v -0.485033 7.34161 6.78696 
v -0.492594 7.41111 6.88412 
v -0.431271 7.38927 6.84573 
v -0.440624 7.44385 6.93967 
v -0.472381 7.41636 6.9922 
v -0.381441 7.33245 6.84623 
v -0.423953 7.3878 7.04559 
v -0.41599 7.42869 7.02 
v -0.336071 7.3199 6.94573 
v -0.341676 7.37382 6.90594 
v -0.385596 7.42475 6.90606 
v -0.403745 7.44922 6.97735 
v -0.359275 7.43418 6.96371 
v -0.329818 7.39691 6.95215 
v -0.358745 7.40843 7.01871 
v -0.326909 7.36565 6.98963 
v -0.350025 7.33548 7.02039 
v -0.383625 7.36016 7.04593 
v -0.368723 7.29161 6.99727 
v -0.890901 7.94159 7.09488 
v -0.890901 7.9906 6.97898 
v -0.858348 7.97019 7.12068 
v -0.858348 8.02998 6.97898 
v -0.858348 7.81074 7.17381 
v -0.890901 7.94159 7.09488 
v -0.890901 7.81074 7.13833 
v -0.858348 7.81074 7.17381 
v -0.890901 7.67989 7.09488 
v -0.858348 7.65129 7.12068 
v -0.890901 7.63088 6.97898 
v -0.858348 7.59149 6.97898 
v -0.890901 7.67989 7.09488 
v -0.273276 7.14965 6.85309 
v -0.303497 7.2385 6.92483 
v -0.276436 7.23445 6.84921 
v -0.300607 7.15208 6.92943 
v -0.365915 7.29246 6.89854 
v -0.337366 7.28741 6.82278 
v -0.35477 7.23531 7.01863 
v -0.410594 7.27986 6.99935 
v -0.300607 7.15208 6.92943 
v -0.35477 7.23531 7.01863 
v -0.356319 7.16077 7.02595 
v -0.300607 7.15208 6.92943 
v -0.396989 7.10274 7.00891 
v -0.351907 7.08443 6.9124 
v -0.273276 7.14965 6.85309 
v -0.323909 7.08337 6.83701 
v -0.432647 7.08008 6.8814 
v -0.467152 7.10123 6.98601 
v -0.402855 7.079 6.80596 
v -0.745149 7.22375 6.83155 
v -0.689801 7.25241 6.76359 
v -0.739859 7.28536 6.78821 
v -0.680154 7.20229 6.79298 
v -0.610705 7.2267 6.79439 
v -0.665659 7.17902 6.84511 
v -0.709515 7.19313 6.89067 
v -0.611482 7.19565 6.86115 
v -0.647604 7.21431 6.92837 
v -0.57734 7.24152 6.87522 
v -0.640966 7.28526 6.76159 
v -0.798931 7.27136 6.89034 
v -0.701349 7.26192 6.9872 
v -0.762691 7.2401 6.94883 
v -0.689483 7.34161 6.78696 
v -0.793075 7.33245 6.84623 
v -0.743245 7.38927 6.84573 
v -0.838445 7.3199 6.94573 
v -0.83284 7.37382 6.90594 
v -0.681922 7.41111 6.88412 
v -0.628848 7.36392 6.82605 
v -0.601482 7.31491 6.7937 
v -0.572294 7.27862 6.82975 
v -0.591938 7.33217 6.88377 
v -0.598504 7.27168 6.92851 
v -0.651538 7.31875 6.98671 
v -0.645663 7.37982 6.94259 
v -0.733892 7.44385 6.93967 
v -0.706845 7.36163 7.031 
v -0.702135 7.41636 6.9922 
v -0.78892 7.42475 6.90606 
v -0.770771 7.44922 6.97735 
v -0.758526 7.42869 7.02 
v -0.815241 7.43418 6.96371 
v -0.844698 7.39691 6.95215 
v -0.815771 7.40843 7.01871 
v -0.847607 7.36565 6.98963 
v -0.750563 7.3878 7.04559 
v -0.824491 7.33548 7.02039 
v -0.790891 7.36016 7.04593 
v -0.75166 7.3115 7.03187 
v -0.805793 7.29161 6.99727 
v -0.0513958 7.92664 6.87499 
v -0.0688778 7.97472 6.97898 
v -0.0685098 7.92979 6.87254 
v -0.0511848 7.97067 6.97898 
v -1.12312 7.92664 6.87499 
v -1.10564 7.97472 6.97898 
v -1.12333 7.97067 6.97898 
v -1.10601 7.92979 6.87254 
v -0.90124 7.14965 6.85309 
v -0.871019 7.2385 6.92483 
v -0.873909 7.15208 6.92943 
v -0.89808 7.23445 6.84921 
v -0.808601 7.29246 6.89854 
v -0.83715 7.28741 6.82278 
v -0.819746 7.23531 7.01863 
v -0.763922 7.27986 6.99935 
v -0.819746 7.23531 7.01863 
v -0.873909 7.15208 6.92943 
v -0.818197 7.16077 7.02595 
v -0.777527 7.10274 7.00891 
v -0.873909 7.15208 6.92943 
v -0.822609 7.08443 6.9124 
v -0.90124 7.14965 6.85309 
v -0.850607 7.08337 6.83701 
v -0.741869 7.08008 6.8814 
v -0.707364 7.10123 6.98601 
v -0.771661 7.079 6.80596 
v -0.0513958 7.92664 7.08298 
v -0.0688778 7.97472 6.97898 
v -0.0511848 7.97067 6.97898 
v -0.0685098 7.92979 7.08543 
v -0.133032 7.57283 6.97898 
v -0.0721198 7.6653 6.84874 
v -0.0719418 7.61041 6.97898 
v -0.0688778 7.64675 6.97898 
v -0.0719418 7.61041 6.97898 
v -0.0685098 7.69169 6.87254 
v -0.173489 7.50221 6.97798 
v -0.164447 7.38962 6.97798 
v -0.164447 7.38962 6.97898 
v -0.173489 7.50221 6.97898 
v -1.12312 7.92664 7.08298 
v -1.12333 7.97067 6.97898 
v -1.10564 7.97472 6.97898 
v -1.10601 7.92979 7.08543 
v -0.173489 7.50221 6.97898 
v -0.178448 7.59514 6.97798 
v -0.173489 7.50221 6.97798 
v -0.178448 7.59514 6.97898 
v -0.164447 7.38962 6.97798 
v -0.158559 7.27304 6.97798 
v -0.158559 7.27304 6.97898 
v -0.164447 7.38962 6.97898 
v -0.818197 7.16077 7.02595 
v -0.777174 7.16835 7.06691 
v -0.777527 7.10274 7.00891 
v -0.753833 7.12037 7.04763 
v -0.707364 7.10123 6.98601 
v -0.695371 7.12574 7.03723 
v -0.65308 7.15528 7.00734 
v -0.654403 7.1454 6.95967 
v -0.652296 7.21826 6.9596 
v -0.653886 7.21107 7.0176 
v -0.996801 7.38049 6.97798 
v -0.990005 7.49098 6.97798 
v -0.990005 7.49098 6.97898 
v -0.996801 7.38049 6.97898 
v -0.0721198 7.95617 6.84874 
v -0.133032 8.04865 6.97898 
v -0.132825 7.98336 6.82721 
v -0.0719418 8.01106 6.97898 
v -0.131863 7.81074 6.77031 
v -0.0721198 7.95617 6.84874 
v -0.0722088 7.81074 6.80001 
v -0.131863 7.81074 6.77031 
v -0.0721198 7.6653 6.84874 
v -0.132825 7.63812 6.82721 
v -0.0688778 7.97472 6.97898 
v -0.0685098 7.92979 6.87254 
v -0.0719418 8.01106 6.97898 
v -0.356319 7.16077 7.02595 
v -0.396989 7.10274 7.00891 
v -0.397342 7.16835 7.06691 
v -0.420683 7.12037 7.04763 
v -0.467152 7.10123 6.98601 
v -0.479145 7.12574 7.03723 
v -0.521436 7.15528 7.00734 
v -0.520113 7.1454 6.95967 
v -0.52222 7.21826 6.9596 
v -0.52063 7.21107 7.0176 
v -0.989356 7.61174 6.97898 
v -0.990005 7.49098 6.97798 
v -0.989356 7.61174 6.97798 
v -0.990005 7.49098 6.97898 
v -0.457964 7.12194 7.03505 
v -0.456196 7.13356 6.92797 
v -0.587258 7.11651 7.04517 
v -0.380333 7.14365 6.95468 
v -0.369707 7.13941 7.03969 
v -0.332345 7.1955 7.04453 
v -0.360496 7.19388 6.93185 
v -0.364036 7.27703 6.93671 
v -0.331729 7.27755 7.04902 
v -0.380333 7.14365 6.95468 
v -0.453726 7.19259 6.88309 
v -0.360496 7.19388 6.93185 
v -0.364036 7.27703 6.93671 
v -0.458528 7.27464 6.89255 
v -1.1024 7.95617 6.84874 
v -1.04148 8.04865 6.97898 
v -1.10257 8.01106 6.97898 
v -1.04169 7.98336 6.82721 
v -1.10564 7.97472 6.97898 
v -1.10601 7.92979 6.87254 
v -1.10257 8.01106 6.97898 
v -1.04265 7.81074 6.77031 
v -1.1024 7.95617 6.84874 
v -1.10231 7.81074 6.80001 
v -1.1024 7.6653 6.84874 
v -1.04265 7.81074 6.77031 
v -1.04169 7.63812 6.82721 
v -0.413789 7.27468 6.79732 
v -0.488986 7.21741 6.85341 
v -0.442342 7.27929 6.8689 
v -0.459374 7.21392 6.78137 
v -0.512631 7.21616 6.96096 
v -0.473573 7.26929 6.96975 
v -0.368643 7.28303 6.89719 
v -0.341133 7.27839 6.82438 
v -0.412983 7.27049 6.99721 
v -0.992852 7.27567 6.97798 
v -0.996801 7.38049 6.97798 
v -0.996801 7.38049 6.97898 
v -0.992852 7.27567 6.97898 
v -0.760727 7.27468 6.79732 
v -0.68553 7.21741 6.85341 
v -0.715142 7.21392 6.78137 
v -0.732174 7.27929 6.8689 
v -0.661885 7.21616 6.96096 
v -0.700943 7.26929 6.96975 
v -0.805873 7.28303 6.89719 
v -0.833383 7.27839 6.82438 
v -0.761533 7.27049 6.99721 
v -0.278299 8.26721 6.99222 
v -0.207785 8.14406 6.98681 
v -0.334501 8.24742 7.14369 
v -0.309653 8.15044 7.18465 
v -0.587258 8.31552 6.99526 
v -0.587258 8.27332 7.17716 
v -0.334501 8.24742 7.14369 
v -0.587258 8.15998 7.25767 
v -0.840015 8.24742 7.14369 
v -0.896217 8.26721 6.99222 
v -0.966731 8.14406 6.98681 
v -0.587258 8.27332 7.17716 
v -0.864863 8.15044 7.18465 
v -0.840015 8.24742 7.14369 
v -0.587258 8.15998 7.25767 
v -0.309653 8.15044 7.18465 
v -0.207785 8.14406 6.98681 
v -0.188289 7.94522 7.00702 
v -0.457964 7.12194 7.03505 
v -0.380773 7.15291 7.12249 
v -0.369707 7.13941 7.03969 
v -0.456099 7.1462 7.14194 
v -0.332345 7.1955 7.04453 
v -0.453419 7.20444 7.19044 
v -0.360922 7.20104 7.15018 
v -0.331729 7.27755 7.04902 
v -0.364052 7.28227 7.15197 
v -0.457775 7.28324 7.19367 
v -0.0719418 8.01106 6.97898 
v -0.0721198 7.95617 7.10923 
v -0.133032 8.04865 6.97898 
v -0.132825 7.98336 7.13076 
v -0.0688778 7.97472 6.97898 
v -0.0685098 7.92979 7.08543 
v -0.0719418 8.01106 6.97898 
v -0.0721198 7.95617 7.10923 
v -0.131863 7.81074 7.18765 
v -0.0722088 7.81074 7.15795 
v -0.0721198 7.6653 7.10923 
v -0.131863 7.81074 7.18765 
v -0.132825 7.63812 7.13076 
v -0.716552 7.12194 7.03505 
v -0.804809 7.13941 7.03969 
v -0.793743 7.15291 7.12249 
v -0.718417 7.1462 7.14194 
v -0.842171 7.1955 7.04453 
v -0.721097 7.20444 7.19044 
v -0.813594 7.20104 7.15018 
v -0.842787 7.27755 7.04902 
v -0.810464 7.28227 7.15197 
v -0.716741 7.28324 7.19367 
v -1.1024 7.95617 7.10923 
v -1.10257 8.01106 6.97898 
v -1.04148 8.04865 6.97898 
v -1.04169 7.98336 7.13076 
v -1.04265 7.81074 7.18765 
v -1.1024 7.95617 7.10923 
v -1.10231 7.81074 7.15795 
v -1.1024 7.6653 7.10923 
v -1.04265 7.81074 7.18765 
v -1.04169 7.63812 7.13076 
v -1.10564 7.97472 6.97898 
v -1.10601 7.92979 7.08543 
v -1.10257 8.01106 6.97898 
v -0.207785 8.14406 6.98681 
v -0.334531 8.23568 6.83788 
v -0.312461 8.12231 6.78461 
v -0.278299 8.26721 6.99222 
v -0.587258 8.26146 6.80748 
v -0.587258 8.31552 6.99526 
v -0.0721198 7.95617 6.84874 
v -0.0722088 7.81074 6.80001 
v -0.0685098 7.92979 6.87254 
v -0.0676368 7.81074 6.83217 
v -0.0685098 7.69169 6.87254 
v -0.0721198 7.6653 6.84874 
v -0.127326 8.11325 7.1847 
v -0.0871288 7.99863 7.09136 
v -0.170489 8.0749 7.11447 
v -0.127326 8.11325 7.1847 
v -0.236427 8.16664 7.09136 
v -0.225974 8.22591 7.12872 
v -0.187694 8.28639 7.1485 
v -0.263975 8.26703 6.97898 
v -0.22992 8.33391 6.97898 
v -0.263975 8.26703 6.97898 
v -0.236427 8.16664 7.09136 
v -0.260489 8.17618 6.97898 
v -0.263975 8.26703 6.97898 
v -0.187694 8.28639 6.80946 
v -0.225974 8.22591 6.82924 
v -0.127326 8.11325 6.77327 
v -0.236427 8.16664 6.8666 
v -0.170489 8.0749 6.84349 
v -0.236427 8.16664 6.8666 
v -0.263975 8.26703 6.97898 
v -0.127326 8.11325 6.77327 
v -0.0871288 7.99863 6.8666 
v -0.0270458 8.00205 6.82924 
v -0.236427 8.16664 6.8666 
v -0.194592 8.05348 6.97898 
v -0.170489 8.0749 6.84349 
v -0.0871288 7.99863 7.09136 
v -0.170489 8.0749 7.11447 
v -0.0804878 7.97362 6.97898 
v -0.587258 7.11651 7.04517 
v -0.456099 7.1462 7.14194 
v -0.457964 7.12194 7.03505 
v -0.587258 7.13809 7.16426 
v -0.587258 7.19658 7.21478 
v -0.453419 7.20444 7.19044 
v -0.587258 7.27555 7.2143 
v -0.457775 7.28324 7.19367 
v -0.587258 7.11651 7.04517 
v -0.716552 7.12194 7.03505 
v -0.718417 7.1462 7.14194 
v -0.587258 7.13809 7.16426 
v -0.587258 7.19658 7.21478 
v -0.721097 7.20444 7.19044 
v -0.587258 7.27555 7.2143 
v -0.716741 7.28324 7.19367 
v -0.0685098 7.69169 7.08543 
v -0.0722088 7.81074 7.15795 
v -0.0676368 7.81074 7.1258 
v -0.0721198 7.6653 7.10923 
v -0.0685098 7.92979 7.08543 
v -0.0721198 7.95617 7.10923 
v -0.0511848 7.65081 6.97898 
v -0.0336348 7.72208 6.89972 
v -0.0513958 7.69483 6.87499 
v -0.0507558 7.81074 6.83589 
v -0.0305868 7.81074 6.88237 
v -0.0240178 7.81074 6.97898 
v -0.0305438 7.70253 6.97898 
v -0.0336348 7.72208 7.05825 
v -0.0513958 7.69483 7.08298 
v -0.0305868 7.81074 7.07559 
v -0.0507558 7.81074 7.12208 
v -0.0513958 7.92664 6.87499 
v -0.0507558 7.81074 6.83589 
v -0.0336348 7.89939 6.89972 
v -0.0305868 7.81074 6.88237 
v -1.10601 7.92979 6.87254 
v -1.10231 7.81074 6.80001 
v -1.1024 7.95617 6.84874 
v -1.10688 7.81074 6.83217 
v -1.10601 7.69169 6.87254 
v -1.1024 7.6653 6.84874 
v -0.0254218 7.90218 6.99989 
v -0.0254218 7.86572 6.93748 
v -0.0254218 7.87149 7.00953 
v -0.0254218 7.84225 6.95948 
v -0.0398758 7.86483 6.93463 
v -0.0398758 7.83946 6.9584 
v -0.0254218 7.89756 6.94211 
v -0.0398758 7.89923 6.93963 
v -0.0398748 7.91677 6.96965 
v -0.0254218 7.84482 6.99155 
v -0.0398758 7.84224 6.99306 
v -0.0398758 7.87106 7.01249 
v -0.0398748 7.90423 7.00208 
v -0.0254218 7.91378 6.96989 
v -0.0254218 7.76322 7.00874 
v -0.0254218 7.71689 6.9739 
v -0.0254218 7.73166 7.00248 
v -0.0398758 7.7139 6.97398 
v -0.0398758 7.72987 7.00487 
v -0.0398748 7.76397 7.01164 
v -0.0254218 7.78779 6.98798 
v -0.0398748 7.79052 6.9892 
v -0.0254208 7.78688 6.95583 
v -0.0398748 7.78954 6.95445 
v -0.0398758 7.76175 6.93355 
v -0.0254218 7.73002 6.94453 
v -0.0398758 7.72809 6.94225 
v -0.0254218 7.76117 6.93649 
v -0.194592 8.05348 6.97898 
v -0.236427 8.16664 7.09136 
v -0.170489 8.0749 7.11447 
v -0.0871288 7.99863 6.8666 
v -0.170489 8.0749 6.84349 
v -0.0336348 7.89939 6.89972 
v -0.0305868 7.81074 6.88237 
v -0.0240178 7.81074 6.97898 
v -0.0305438 7.91894 6.97898 
v -1.10601 7.69169 7.08543 
v -1.10688 7.81074 7.1258 
v -1.10231 7.81074 7.15795 
v -1.1024 7.6653 7.10923 
v -1.10601 7.92979 7.08543 
v -1.1024 7.95617 7.10923 
v -1.12333 7.65081 6.97898 
v -1.12312 7.69483 6.87499 
v -1.14088 7.72208 6.89972 
v -1.12376 7.81074 6.83589 
v -1.14393 7.81074 6.88237 
v -1.1505 7.81074 6.97898 
v -1.14397 7.70253 6.97898 
v -1.14088 7.72208 7.05825 
v -1.12312 7.69483 7.08298 
v -1.14393 7.81074 7.07559 
v -1.12376 7.81074 7.12208 
v -0.0240178 7.81074 6.97898 
v -0.0336348 7.89939 7.05825 
v -0.0305438 7.91894 6.97898 
v -0.0305868 7.81074 7.07559 
v -1.14088 7.89939 6.89972 
v -1.12376 7.81074 6.83589 
v -1.12312 7.92664 6.87499 
v -1.14393 7.81074 6.88237 
v -0.0507558 7.81074 7.12208 
v -0.0336348 7.89939 7.05825 
v -0.0305868 7.81074 7.07559 
v -0.0513958 7.92664 7.08298 
v -1.14909 7.90218 6.99989 
v -1.14909 7.86572 6.93748 
v -1.14909 7.89756 6.94211 
v -1.13464 7.86482 6.93463 
v -1.13464 7.89923 6.93963 
v -1.13464 7.91677 6.96965 
v -1.14909 7.91378 6.96989 
v -1.13464 7.90423 7.00208 
v -1.13464 7.87106 7.01249 
v -1.14909 7.84225 6.95948 
v -1.13464 7.83946 6.9584 
v -1.14909 7.87149 7.00953 
v -1.14909 7.84482 6.99155 
v -1.13464 7.84224 6.99306 
v -1.14909 7.76322 7.00874 
v -1.14909 7.73002 6.94453 
v -1.14909 7.78688 6.95583 
v -1.14909 7.78779 6.98798 
v -1.13464 7.76396 7.01164 
v -1.13464 7.79052 6.9892 
v -1.13464 7.78954 6.95445 
v -1.13464 7.76175 6.93355 
v -1.14909 7.76117 6.93649 
v -1.13464 7.72809 6.94225 
v -1.13464 7.7139 6.97398 
v -1.14909 7.73167 7.00248 
v -1.13464 7.72987 7.00487 
v -1.14909 7.71689 6.9739 
v -1.14088 7.89939 6.89972 
v -1.1505 7.81074 6.97898 
v -1.14393 7.81074 6.88237 
v -1.14397 7.91894 6.97898 
v -0.0336348 7.89939 7.05825 
v -0.0511848 7.97067 6.97898 
v -0.0305438 7.91894 6.97898 
v -0.0513958 7.92664 7.08298 
v -0.0336348 7.89939 6.89972 
v -0.0513958 7.92664 6.87499 
v -1.1505 7.81074 6.97898 
v -1.14088 7.89939 7.05825 
v -1.14393 7.81074 7.07559 
v -1.14397 7.91894 6.97898 
v -1.14088 7.89939 7.05825 
v -1.12376 7.81074 7.12208 
v -1.14393 7.81074 7.07559 
v -1.12312 7.92664 7.08298 
v -1.12333 7.97067 6.97898 
v -1.12312 7.92664 7.08298 
v -1.14088 7.89939 7.05825 
v -1.14397 7.91894 6.97898 
v -1.14088 7.89939 6.89972 
v -1.12312 7.92664 6.87499 
v -0.146415 8.09629 6.85624 
v -0.0751168 8.04445 6.89287 
v -0.132361 8.10878 6.8601 
v -0.0869298 8.03012 6.89001 
v -0.0533948 8.01991 6.97898 
v -0.0648838 8.00454 6.97898 
v -0.0869298 8.03012 7.06796 
v -0.0680188 8.07729 6.9127 
v -0.0751168 8.04445 7.06509 
v -0.146416 8.09629 7.10172 
v -0.0550008 8.06927 6.97898 
v -0.10875 8.12976 6.89807 
v -0.0680188 8.07729 7.04526 
v -0.102378 8.13542 6.97898 
v -0.156071 8.17637 6.9127 
v -0.10875 8.12976 7.0599 
v -0.189515 8.17319 6.89287 
v -0.205132 8.16314 6.89001 
v -0.211328 8.19764 6.97898 
v -0.227947 8.18804 6.97898 
v -0.162499 8.19024 6.97898 
v -0.205132 8.16314 7.06796 
v -0.156071 8.17637 7.04526 
v -0.189515 8.17319 7.06509 
v -0.132362 8.10878 7.09786 
v -1.02129 8.0178 6.98993 
v -1.09874 8.23145 6.95839 
v -1.03887 8.01183 6.95812 
v -1.08823 8.24327 6.98852 
v -1.11319 8.21833 6.99098 
v -1.05517 8.00611 6.98935 
v -1.14028 8.2657 6.99331 
v -1.15853 8.2603 6.95896 
v -1.17155 8.25383 6.98751 
v -1.14439 8.30846 6.99168 
v -1.12479 8.30914 6.95864 
v -1.11013 8.31309 6.98841 
v -1.15898 8.36008 6.96618 
v -1.14774 8.3643 6.98596 
v -1.16877 8.35655 6.98507 
v -1.13663 8.37316 6.99338 
v -1.18378 8.35687 6.99338 
v -1.1602 8.36502 6.95018 
v -1.1926 8.38294 6.99328 
v -1.14578 8.39912 6.99328 
v -1.16919 8.39103 6.95039 

vn 0 0 -1 
vn 0.858268 0.251969 0.448819 
vn 0.015748 0.00787402 -1 
vn 0.795276 0.370079 0.472441 
vn -0.795276 -0.370079 0.480315 
vn -0.850394 -0.244094 0.464567 
vn 0.795276 0.259843 0.543307 
vn -0.0314961 -0.023622 -1 
vn -0.811024 -0.283465 0.511811 
vn -0.88189 -0.0708661 0.472441 
vn -0.00787402 0 -1 
vn 0.874016 0.0629921 0.480315 
vn -0.645669 -0.606299 0.464567 
vn 0.0708661 -0.212598 -0.976378 
vn 0.84252 0.204724 0.496063 
vn -0.574803 -0.692913 0.440945 
vn 0.874016 -0.188976 0.440945 
vn 0.149606 -0.440945 -0.88189 
vn -0.811024 0.464567 0.354331 
vn -0.228346 0.661417 -0.708661 
vn 0.354331 0.866142 0.354331 
vn -0.543307 -0.645669 -0.527559 
vn 0.19685 -0.929134 -0.314961 
vn -0.496063 -0.866142 -0.0551181 
vn 0.496063 -0.866142 -0.0551181 
vn -0.19685 -0.929134 -0.314961 
vn 0.543307 -0.645669 -0.527559 
vn 0 0 -1 
vn 0 0 -1 
vn 0 0 -1 
vn 0 0 -1 
vn 0 0 -1 
vn 0 0 -1 
vn 0 0 -1 
vn 0 0 -1 
vn 0 0 -1 
vn 0 0 -1 
vn 0 0 -1 
vn 0 0 -1 
vn 0 0 -1 
vn 0 0 -1 
vn 0 0 -1 
vn 0 0 -1 
vn 0 0 -1 
vn 0 0 -1 
vn 0 0 -1 
vn 0 0 -1 
vn 0 0 -1 
vn 0 0 -1 
vn 0 0 -1 
vn 0 0 -1 
vn 0 0 -1 
vn 0 0 -1 
vn 0 0 -1 
vn 0 0 -1 
vn 0 0 -1 
vn 0 0 -1 
vn 0 0 -1 
vn 0 0 -1 
vn 0 0 -1 
vn 0 0 -1 
vn 0 0 -1 
vn 0 0 -1 
vn 0 0 -1 
vn 0 0 -1 
vn 0 0 -1 
vn 0 0 -1 
vn 0 0 -1 
vn 0 0 -1 
vn 0 0 -1 
vn 0 0 -1 
vn 0 0 -1 
vn 0.393701 0.346457 -0.850394 
vn 0.834646 0.015748 -0.543307 
vn 0.795276 -0.0866142 -0.598425 
vn 0.464567 0.417323 -0.779528 
vn 0.88189 0.314961 -0.346457 
vn 0.677165 0.598425 -0.433071 
vn 0.417323 0.834646 -0.346457 
vn 0.110236 0.826772 -0.543307 
vn 0.00787402 0.80315 -0.598425 
vn -0.0551181 1 0 
vn 0.417323 0.834646 -0.346457 
vn 0.00787402 0.80315 -0.598425 
vn -0.173228 0.984252 0 
vn 0.385827 0.92126 0 
vn 0.00787402 0.80315 0.598425 
vn -0.0551181 1 0 
vn 0.417323 0.834646 0.346457 
vn 0.110236 0.826772 0.543307 
vn 0.748031 0.661417 0 
vn 0.417323 0.834646 0.346457 
vn 0.677165 0.598425 0.433071 
vn 0.88189 0.314961 -0.346457 
vn 0.677165 0.598425 -0.433071 
vn 0.96063 0.275591 0 
vn 0.748031 0.661417 0 
vn 0.417323 0.834646 -0.346457 
vn 0.677165 0.598425 -0.433071 
vn 0.88189 0.314961 0.346457 
vn 0.677165 0.598425 0.433071 
vn 0.393701 0.346457 0.850394 
vn 0.00787402 0.80315 0.598425 
vn 0.464567 0.417323 0.779528 
vn 0.417323 0.834646 0.346457 
vn 0.677165 0.598425 0.433071 
vn 0.88189 0.314961 0.346457 
vn 0.834646 0.015748 0.543307 
vn 0.795276 -0.0866142 0.598425 
vn 0.795276 -0.0866142 0.598425 
vn 0.984252 -0.173228 0 
vn 0.88189 0.314961 0.346457 
vn 0.96063 -0.283465 0 
vn 0.96063 0.275591 0 
vn 0.795276 -0.0866142 -0.598425 
vn 0.984252 -0.173228 0 
vn 0.88189 0.314961 -0.346457 
vn 0.834646 0.015748 -0.543307 
vn -0.496063 -0.866142 -0.0551181 
vn -0.385827 -0.88189 0.251969 
vn -0.944882 -0.307087 0.102362 
vn -0.858268 -0.307087 0.409449 
vn 0.322835 -0.944882 -0.015748 
vn 0.19685 -0.929134 -0.314961 
vn -0.299213 -0.850394 0.440945 
vn -0.748031 -0.385827 0.543307 
vn 0.385827 -0.905512 0.173228 
vn 0.496063 -0.866142 -0.0551181 
vn 0.944882 -0.307087 0.102362 
vn 0.385827 -0.88189 0.251969 
vn 0.858268 -0.307087 0.409449 
vn -0.322835 -0.944882 -0.015748 
vn -0.19685 -0.929134 -0.314961 
vn 0.299213 -0.850394 0.440945 
vn 0.748031 -0.385827 0.543307 
vn -0.385827 -0.905512 0.173228 
vn -0.622047 0.535433 0.574803 
vn -0.622047 -0.677165 0.393701 
vn -0.622047 -0.110236 0.771654 
vn 0 -0.141732 0.992126 
vn 0 -0.866142 0.503937 
vn 0 0.685039 0.732283 
vn -0.622047 0.779528 -0.0629921 
vn 0 1 -0.0787402 
vn 0 -0.929134 -0.362205 
vn -0.622047 0.440945 -0.645669 
vn 0 0.559055 -0.826772 
vn -0.622047 -0.732283 -0.283465 
vn 0 -0.299213 -0.952756 
vn -0.622047 -0.23622 -0.748031 
vn -0.622047 -0.472441 0.629921 
vn -0.622047 0.716535 0.322835 
vn -0.622047 -0.503937 -0.598425 
vn -0.622047 -0.779528 0.023622 
vn 0 -1 0.0314961 
vn 0 -0.598425 0.795276 
vn 0 -0.645669 -0.76378 
vn 0 0.251969 0.968504 
vn -0.622047 0.19685 0.755906 
vn 0 0.913386 0.409449 
vn 0 0.889764 -0.456693 
vn -0.622047 0.149606 -0.771654 
vn 0 0.19685 -0.984252 
vn -0.622047 0.692913 -0.362205 
vn -0.637795 -0.771654 0 
vn -0.96063 -0.188976 -0.212598 
vn -0.629921 -0.527559 -0.566929 
vn -0.622047 0 -0.779528 
vn -0.968504 -0.244094 0 
vn -0.968504 0 -0.259843 
vn -0.622047 0 -0.779528 
vn -0.96063 0.188976 -0.212598 
vn -0.629921 0.527559 -0.566929 
vn -0.96063 0.188976 -0.212598 
vn -0.637795 0.771654 0 
vn -0.968504 0.244094 0 
vn -1 0 0 
vn -0.96063 0.188976 -0.212598 
vn -0.968504 0 -0.259843 
vn -0.968504 -0.244094 0 
vn -0.96063 -0.188976 0.212598 
vn -0.968504 0 0.259843 
vn -0.637795 -0.771654 0 
vn -0.96063 -0.188976 0.212598 
vn -0.629921 -0.527559 0.566929 
vn -0.622047 0 0.779528 
vn -0.968504 0 0.259843 
vn -0.622047 0 0.779528 
vn -0.96063 0.188976 0.212598 
vn -0.629921 0.527559 0.566929 
vn -0.637795 0.771654 0 
vn -0.96063 0.188976 0.212598 
vn -0.968504 0.244094 0 
vn -1 0 0 
vn -0.96063 0.188976 0.212598 
vn -0.96063 -0.188976 -0.212598 
vn 0.622047 -0.677165 0.393701 
vn 0.622047 -0.23622 -0.748031 
vn 0.622047 0.440945 -0.645669 
vn 0 0.559055 -0.826772 
vn 0 -0.299213 -0.952756 
vn 0 1 -0.0787402 
vn 0.622047 -0.732283 -0.283465 
vn 0 -0.929134 -0.362205 
vn 0 -0.866142 0.503937 
vn 0.622047 0.779528 -0.0629921 
vn 0 0.685039 0.732283 
vn 0.622047 0.535433 0.574803 
vn 0 -0.141732 0.992126 
vn 0.622047 -0.110236 0.771654 
vn 0.622047 0.716535 0.322835 
vn 0.622047 0.149606 -0.771654 
vn 0.622047 0.692913 -0.362205 
vn 0 0.19685 -0.984252 
vn 0 0.889764 -0.456693 
vn 0 -0.645669 -0.76378 
vn 0 0.913386 0.409449 
vn 0.622047 -0.503937 -0.598425 
vn 0 -1 0.0314961 
vn 0.622047 0.19685 0.755906 
vn 0 0.251969 0.968504 
vn 0.622047 -0.779528 0.023622 
vn 0 -0.598425 0.795276 
vn 0.622047 -0.472441 0.629921 
vn 0.23622 -0.795276 0.551181 
vn -0.385827 -0.905512 0.173228 
vn 0.299213 -0.850394 0.440945 
vn -0.417323 -0.866142 0.283465 
vn 0.637795 -0.771654 0 
vn 0.629921 -0.527559 -0.566929 
vn 0.96063 -0.188976 -0.212598 
vn 0.622047 0 -0.779528 
vn 0.968504 -0.244094 0 
vn 0.968504 0 -0.259843 
vn 0.622047 0 -0.779528 
vn 0.96063 0.188976 -0.212598 
vn 0.629921 0.527559 -0.566929 
vn 0.637795 0.771654 0 
vn 0.96063 0.188976 -0.212598 
vn 0.968504 0.244094 0 
vn 1 0 0 
vn 0.96063 0.188976 -0.212598 
vn 0.968504 0 -0.259843 
vn 0.96063 -0.188976 0.212598 
vn 0.968504 -0.244094 0 
vn 0.968504 0 0.259843 
vn 0.96063 -0.188976 0.212598 
vn 0.637795 -0.771654 0 
vn 0.629921 -0.527559 0.566929 
vn 0.622047 0 0.779528 
vn 0.968504 0 0.259843 
vn 0.96063 0.188976 0.212598 
vn 0.622047 0 0.779528 
vn 0.629921 0.527559 0.566929 
vn 0.637795 0.771654 0 
vn 0.96063 0.188976 0.212598 
vn 0.968504 0.244094 0 
vn 0.96063 0.188976 0.212598 
vn 1 0 0 
vn 0.96063 -0.188976 -0.212598 
vn -0.299213 -0.850394 0.440945 
vn 0.385827 -0.905512 0.173228 
vn -0.23622 -0.795276 0.551181 
vn 0.417323 -0.866142 0.283465 
vn 1 -0.0472441 0 
vn 0.866142 0.11811 0.488189 
vn 0.866142 0.11811 0.488189 
vn 1 -0.0472441 0 
vn 1 -0.0472441 0 
vn 0.866142 0.11811 -0.488189 
vn 0.866142 0.11811 -0.488189 
vn 0.527559 0.472441 -0.700787 
vn 0.866142 0.110236 -0.488189 
vn 0.535433 0.472441 -0.700787 
vn 0.866142 0.11811 -0.488189 
vn 0.535433 0.472441 -0.700787 
vn 0.220472 0.84252 -0.488189 
vn 0.212598 0.84252 -0.488189 
vn 0.212598 0.84252 -0.488189 
vn 0.0629921 1 0 
vn 0.212598 0.84252 -0.488189 
vn 0.0708661 1 0 
vn 0.0629921 1 0 
vn 0.212598 0.84252 0.488189 
vn 0.212598 0.84252 0.488189 
vn 0.0708661 1 0 
vn 0.220472 0.84252 -0.488189 
vn 0.0708661 1 0 
vn 0.0708661 1 0 
vn 0.220472 0.84252 0.488189 
vn 0.212598 0.84252 0.488189 
vn 0 1 0.0629921 
vn -0.622047 0.779528 0.0787402 
vn -0.259843 0.417323 0.866142 
vn 0 0.511811 0.858268 
vn 0 1 0.0629921 
vn -0.322835 0.559055 -0.76378 
vn 0 0.637795 -0.771654 
vn 0 -1 0.0472441 
vn -0.181102 -0.84252 0.503937 
vn -0.102362 -0.992126 0.0393701 
vn 0 -0.850394 0.527559 
vn 0 -0.346457 0.937008 
vn -0.267717 -0.314961 0.905512 
vn 0 0 1 
vn -0.330709 0.0551181 0.944882 
vn 0 1 0.0629921 
vn 0.259843 0.417323 0.866142 
vn 0.622047 0.779528 0.0787402 
vn 0 0.511811 0.858268 
vn 0 1 0.0629921 
vn 0.322835 0.559055 -0.76378 
vn 0 0.637795 -0.771654 
vn 0 -1 0.0472441 
vn 0.102362 -0.992126 0.0393701 
vn 0.181102 -0.84252 0.503937 
vn 0 -0.850394 0.527559 
vn 0 -0.346457 0.937008 
vn 0.267717 -0.314961 0.905512 
vn 0 0 1 
vn 0.330709 0.0551181 0.944882 
vn -0.543307 -0.645669 -0.527559 
vn -0.102362 -0.606299 -0.787402 
vn 0.19685 -0.929134 -0.314961 
vn -0.543307 -0.645669 -0.527559 
vn -0.362205 -0.0393701 -0.929134 
vn -0.826772 -0.212598 -0.527559 
vn -1 -0.023622 0 
vn -1 -0.023622 0 
vn -1 -0.023622 0 
vn -1 -0.023622 0 
vn -0.779528 0.409449 0.464567 
vn -0.425197 0.905512 0 
vn -0.80315 0.598425 0 
vn -0.385827 0.614173 0.685039 
vn -0.779528 0.409449 0.464567 
vn -0.338583 0 0.944882 
vn -0.771654 0 0.629921 
vn -0.779528 -0.409449 0.464567 
vn -0.338583 0 0.944882 
vn -0.385827 -0.614173 0.685039 
vn -0.866142 0.503937 0 
vn -0.779528 0.409449 0.464567 
vn -0.858268 0.346457 0.370079 
vn -0.858268 0.346457 0.370079 
vn -0.771654 0 0.629921 
vn -0.834646 0 0.559055 
vn -0.858268 -0.346457 0.370079 
vn -0.779528 -0.409449 0.464567 
vn -0.425197 -0.905512 0 
vn -0.80315 -0.598425 0 
vn -0.866142 -0.503937 0 
vn -0.858268 -0.346457 0.370079 
vn -1 -0.00787402 0 
vn -1 -0.00787402 0 
vn -1 -0.00787402 0 
vn -1 -0.00787402 0 
vn -1 0.0629921 0 
vn -1 0.0629921 0 
vn -1 0.0629921 0 
vn -1 0.0629921 0 
vn -0.102362 -0.992126 0.0393701 
vn -0.480315 -0.76378 0.417323 
vn -0.574803 -0.818898 0.0393701 
vn -0.181102 -0.84252 0.503937 
vn -0.968504 -0.251969 0.015748 
vn -0.267717 -0.314961 0.905512 
vn -0.708661 -0.299213 0.637795 
vn -0.992126 0.149606 0.00787402 
vn -0.76378 0.125984 0.629921 
vn -0.330709 0.0551181 0.944882 
vn 0.779528 0.409449 0.464567 
vn 0.80315 0.598425 0 
vn 0.425197 0.905512 0 
vn 0.385827 0.614173 0.685039 
vn 0.338583 0 0.944882 
vn 0.779528 0.409449 0.464567 
vn 0.771654 0 0.629921 
vn 0.338583 0 0.944882 
vn 0.779528 -0.409449 0.464567 
vn 0.385827 -0.614173 0.685039 
vn 0.779528 0.409449 0.464567 
vn 0.866142 0.503937 0 
vn 0.858268 0.346457 0.370079 
vn 0.771654 0 0.629921 
vn 0.858268 0.346457 0.370079 
vn 0.834646 0 0.559055 
vn 0.858268 -0.346457 0.370079 
vn 0.779528 -0.409449 0.464567 
vn 0.425197 -0.905512 0 
vn 0.80315 -0.598425 0 
vn 0.866142 -0.503937 0 
vn 0.858268 -0.346457 0.370079 
vn 0.866142 0.11811 0.488189 
vn 1 -0.0551181 0 
vn 1 -0.0472441 0 
vn 0.866142 0.110236 0.488189 
vn 1 -0.0551181 0 
vn 0.866142 0.11811 -0.488189 
vn 0.527559 0.472441 0.700787 
vn 0.212598 0.84252 0.488189 
vn 0.212598 0.84252 0.488189 
vn 0.535433 0.472441 0.700787 
vn 0.220472 0.84252 0.488189 
vn 0.535433 0.472441 0.700787 
vn 0.866142 0.11811 0.488189 
vn -0.559055 -0.535433 0.629921 
vn -0.299213 -0.850394 0.440945 
vn -0.23622 -0.795276 0.551181 
vn -0.748031 -0.385827 0.543307 
vn 1 0.0472441 0 
vn 1 0.0472441 0 
vn 1 0.0472441 0 
vn 1 0.0472441 0 
vn -0.826772 -0.212598 -0.527559 
vn -0.944882 -0.307087 0.102362 
vn -0.84252 0.291339 -0.456693 
vn -0.897638 0.433071 0.0551181 
vn -0.543307 -0.645669 -0.527559 
vn -0.944882 -0.307087 0.102362 
vn -0.496063 -0.866142 -0.0551181 
vn 1 0.0472441 0 
vn 1 0.0472441 0 
vn 1 0.0472441 0 
vn 1 0.0472441 0 
vn -0.19685 -0.929134 -0.314961 
vn -0.330709 -0.346457 -0.88189 
vn 0.102362 -0.606299 -0.787402 
vn -0.716535 -0.448819 -0.535433 
vn -0.141732 -0.755906 -0.637795 
vn -0.677165 -0.629921 -0.370079 
vn -0.244094 -0.244094 -0.937008 
vn -0.606299 -0.015748 -0.795276 
vn 0.00787402 -0.992126 -0.102362 
vn -0.677165 -0.629921 -0.370079 
vn -0.299213 -0.929134 0.212598 
vn -0.307087 -0.732283 0.614173 
vn -0.559055 -0.826772 0.0629921 
vn -0.00787402 -0.992126 -0.102362 
vn -0.582677 -0.511811 -0.629921 
vn 0.102362 -0.992126 0.0393701 
vn 0.574803 -0.818898 0.0393701 
vn 0.480315 -0.76378 0.417323 
vn 0.181102 -0.84252 0.503937 
vn 0.968504 -0.251969 0.015748 
vn 0.267717 -0.314961 0.905512 
vn 0.708661 -0.299213 0.637795 
vn 0.992126 0.149606 0.00787402 
vn 0.76378 0.125984 0.629921 
vn 0.330709 0.0551181 0.944882 
vn -0.779528 0.409449 -0.464567 
vn -0.425197 0.905512 0 
vn -0.385827 0.614173 -0.685039 
vn -0.80315 0.598425 0 
vn -0.779528 0.409449 -0.464567 
vn -0.866142 0.503937 0 
vn -0.858268 0.346457 -0.370079 
vn -0.338583 0 -0.944882 
vn -0.779528 0.409449 -0.464567 
vn -0.771654 0 -0.629921 
vn -0.779528 -0.409449 -0.464567 
vn -0.385827 -0.614173 -0.685039 
vn -0.771654 0 -0.629921 
vn -0.858268 0.346457 -0.370079 
vn -0.834646 0 -0.559055 
vn -0.425197 -0.905512 0 
vn -0.779528 -0.409449 -0.464567 
vn -0.80315 -0.598425 0 
vn -0.771654 0 -0.629921 
vn -0.858268 -0.346457 -0.370079 
vn -0.779528 -0.409449 -0.464567 
vn -0.866142 -0.503937 0 
vn -0.858268 -0.346457 -0.370079 
vn 0.330709 -0.346457 -0.88189 
vn 0.19685 -0.929134 -0.314961 
vn -0.102362 -0.606299 -0.787402 
vn 0.716535 -0.448819 -0.535433 
vn 0.992126 0.102362 0 
vn 0.992126 0.102362 0 
vn 0.992126 0.102362 0 
vn 0.992126 0.102362 0 
vn 0.559055 -0.535433 0.629921 
vn 0.23622 -0.795276 0.551181 
vn 0.299213 -0.850394 0.440945 
vn 0.748031 -0.385827 0.543307 
vn -0.385827 0.614173 -0.685039 
vn -0.220472 0.976378 0 
vn -0.220472 0.669291 -0.708661 
vn -0.425197 0.905512 0 
vn -0.582677 -0.511811 -0.629921 
vn 0.141732 -0.755906 -0.637795 
vn -0.00787402 -0.992126 -0.102362 
vn 0.307087 -0.732283 0.614173 
vn 0.00787402 -0.992126 -0.102362 
vn 0.559055 -0.826772 0.0629921 
vn 0.582677 -0.511811 -0.629921 
vn 0 -0.866142 -0.496063 
vn -0.102362 -0.992126 0.0393701 
vn -0.165354 -0.850394 -0.503937 
vn 0 -1 0.0472441 
vn -0.527559 -0.76378 -0.370079 
vn -0.23622 -0.244094 -0.937008 
vn -0.102362 -0.992126 0.0393701 
vn -0.574803 -0.818898 0.0393701 
vn -0.748031 -0.23622 -0.614173 
vn -0.968504 -0.251969 0.015748 
vn -0.76378 0.165354 -0.622047 
vn -0.992126 0.149606 0.00787402 
vn -0.76378 0.165354 -0.622047 
vn -0.23622 -0.244094 -0.937008 
vn -0.251969 0.141732 -0.96063 
vn 0 0 -1 
vn 0 0 -1 
vn 0 0 -1 
vn 0 0 -1 
vn 0 0 -1 
vn 0 0 -1 
vn 0 0 -1 
vn 0 0 -1 
vn 0 0 -1 
vn 0.244094 -0.244094 -0.937008 
vn 0.606299 -0.015748 -0.795276 
vn 0.677165 -0.629921 -0.370079 
vn 0.141732 -0.755906 -0.637795 
vn 0.677165 -0.629921 -0.370079 
vn -0.00787402 -0.992126 -0.102362 
vn 0.299213 -0.929134 0.212598 
vn 0.582677 -0.511811 -0.629921 
vn 0.00787402 -0.992126 -0.102362 
vn -0.141732 -0.755906 -0.637795 
vn 0.826772 -0.212598 -0.527559 
vn 0.84252 0.291339 -0.456693 
vn 0.944882 -0.307087 0.102362 
vn 0.897638 0.433071 0.0551181 
vn 0.944882 -0.307087 0.102362 
vn 0.543307 -0.645669 -0.527559 
vn 0.496063 -0.866142 -0.0551181 
vn 0.779528 0.409449 -0.464567 
vn 0.425197 0.905512 0 
vn 0.80315 0.598425 0 
vn 0.385827 0.614173 -0.685039 
vn 0.779528 0.409449 -0.464567 
vn 0.866142 0.503937 0 
vn 0.858268 0.346457 -0.370079 
vn 0.779528 0.409449 -0.464567 
vn 0.338583 0 -0.944882 
vn 0.771654 0 -0.629921 
vn 0.779528 -0.409449 -0.464567 
vn 0.385827 -0.614173 -0.685039 
vn 0.858268 0.346457 -0.370079 
vn 0.771654 0 -0.629921 
vn 0.834646 0 -0.559055 
vn 0.779528 -0.409449 -0.464567 
vn 0.425197 -0.905512 0 
vn 0.80315 -0.598425 0 
vn 0.858268 -0.346457 -0.370079 
vn 0.771654 0 -0.629921 
vn 0.779528 -0.409449 -0.464567 
vn 0.866142 -0.503937 0 
vn 0.858268 -0.346457 -0.370079 
vn 0 -0.866142 -0.496063 
vn 0.165354 -0.850394 -0.503937 
vn 0.102362 -0.992126 0.0393701 
vn 0 -1 0.0472441 
vn 0.23622 -0.244094 -0.937008 
vn 0.527559 -0.76378 -0.370079 
vn 0.102362 -0.992126 0.0393701 
vn 0.574803 -0.818898 0.0393701 
vn 0.748031 -0.23622 -0.614173 
vn 0.968504 -0.251969 0.015748 
vn 0.76378 0.165354 -0.622047 
vn 0.992126 0.149606 0.00787402 
vn 0.23622 -0.244094 -0.937008 
vn 0.76378 0.165354 -0.622047 
vn 0.251969 0.141732 -0.96063 
vn 0 0 -1 
vn 0 0 -1 
vn 0 0 -1 
vn 0 0 -1 
vn 0 0 -1 
vn 0 0 -1 
vn 0 0 -1 
vn 0 0 -1 
vn 0 0 -1 
vn -0.637795 0.771654 0 
vn -0.629921 0.527559 0.566929 
vn -0.866142 0.503937 0 
vn -0.858268 0.346457 0.370079 
vn -0.307087 -0.732283 0.614173 
vn -0.00787402 -0.992126 -0.102362 
vn 0.299213 -0.929134 0.212598 
vn 0.00787402 -0.992126 -0.102362 
vn 0.307087 -0.732283 0.614173 
vn -0.299213 -0.929134 0.212598 
vn -0.440945 -0.818898 0.362205 
vn 0.0472441 -0.488189 0.874016 
vn -0.551181 -0.677165 0.488189 
vn -0.913386 -0.393701 -0.0787402 
vn -0.440945 -0.818898 0.362205 
vn -0.818898 -0.519685 -0.228346 
vn -0.913386 -0.393701 -0.0787402 
vn -0.748031 0.102362 -0.661417 
vn -0.84252 0.212598 -0.496063 
vn 0.629921 0.527559 0.566929 
vn 0.637795 0.771654 0 
vn 0.866142 0.503937 0 
vn 0.858268 0.346457 0.370079 
vn 0 0.811024 0.590551 
vn -0.440945 0.724409 0.527559 
vn 0 0.307087 0.952756 
vn -0.590551 0.299213 0.748031 
vn 0 1 -0.0314961 
vn -0.440945 0.724409 0.527559 
vn -0.622047 0.787402 -0.015748 
vn -0.96063 0.275591 -0.023622 
vn -0.440945 0.724409 0.527559 
vn -0.590551 0.299213 0.748031 
vn -0.992126 0.102362 0.015748 
vn -0.708661 0.165354 0.685039 
vn 0 0.519685 0.858268 
vn 0 0.307087 0.952756 
vn -0.480315 0.409449 0.771654 
vn 0 0.464567 0.889764 
vn -0.551181 -0.15748 0.818898 
vn 0 0.464567 0.889764 
vn 0 -0.188976 0.984252 
vn -0.708661 0.165354 0.685039 
vn -0.834646 0.110236 0.543307 
vn -0.480315 0.409449 0.771654 
vn -0.96063 -0.0708661 0.275591 
vn -0.84252 -0.102362 0.527559 
vn -0.834646 -0.283465 0.472441 
vn -0.992126 -0.141732 0.015748 
vn -0.771654 -0.354331 0.527559 
vn -0.503937 -0.606299 0.614173 
vn -0.818898 -0.519685 -0.228346 
vn -0.606299 -0.015748 -0.795276 
vn -0.677165 -0.629921 -0.370079 
vn -0.748031 0.102362 -0.661417 
vn -0.299213 -0.929134 0.212598 
vn -0.818898 -0.519685 -0.228346 
vn -0.440945 -0.818898 0.362205 
vn -0.0393701 -1 0 
vn -0.0393701 -1 0 
vn -0.0393701 -1 0 
vn -0.0393701 -1 0 
vn 1 0 0 
vn 0.322835 -0.425197 -0.84252 
vn 0.448819 0.0787402 -0.889764 
vn 0.622047 -0.779528 -0.0551181 
vn 0.259843 0.417323 0.866142 
vn 0.393701 -0.0787402 0.913386 
vn 0.622047 0.779528 0.0787402 
vn 0.259843 0.417323 0.866142 
vn 0 -0.0866142 1 
vn 0 0.511811 0.858268 
vn 1 0 0 
vn 0.259843 -0.566929 0.779528 
vn 0.322835 0.559055 -0.76378 
vn 0.448819 0.0787402 -0.889764 
vn 0.393701 -0.0787402 0.913386 
vn -0.259843 -0.566929 0.779528 
vn -0.393701 -0.0787402 0.913386 
vn 0 -0.653543 0.755906 
vn -1 0 0 
vn -0.259843 -0.566929 0.779528 
vn -0.622047 -0.779528 -0.0551181 
vn 0.259843 -0.566929 0.779528 
vn 0 -0.0866142 1 
vn -0.259843 0.417323 0.866142 
vn -0.393701 -0.0787402 0.913386 
vn -0.322835 0.559055 -0.76378 
vn -0.448819 0.0787402 -0.889764 
vn -0.622047 0.779528 0.0787402 
vn -0.322835 0.559055 -0.76378 
vn 0 0.0866142 -1 
vn 0 0.637795 -0.771654 
vn 0.322835 -0.425197 -0.84252 
vn 0.448819 0.0787402 -0.889764 
vn 0 -0.488189 -0.874016 
vn -1 0 0 
vn -0.259843 0.417323 0.866142 
vn -0.322835 -0.425197 -0.84252 
vn -0.448819 0.0787402 -0.889764 
vn -0.322835 -0.425197 -0.84252 
vn 0 0.0866142 -1 
vn 0.322835 0.559055 -0.76378 
vn 0.448819 0.0787402 -0.889764 
vn -0.629921 0.527559 -0.566929 
vn -0.866142 0.503937 0 
vn -0.858268 0.346457 -0.370079 
vn -0.637795 0.771654 0 
vn 0.440945 0.724409 0.527559 
vn 0.96063 0.275591 -0.023622 
vn 0.622047 0.787402 -0.015748 
vn 0.590551 0.299213 0.748031 
vn 0 1 -0.0314961 
vn 0.440945 0.724409 0.527559 
vn 0 0.811024 0.590551 
vn 0.992126 0.102362 0.015748 
vn 0 0.307087 0.952756 
vn 0.440945 0.724409 0.527559 
vn 0.590551 0.299213 0.748031 
vn 0.708661 0.165354 0.685039 
vn 0 0.519685 0.858268 
vn 0 0.307087 0.952756 
vn 0.480315 0.409449 0.771654 
vn 0 0.464567 0.889764 
vn 0 0.464567 0.889764 
vn 0.551181 -0.15748 0.818898 
vn 0 -0.188976 0.984252 
vn 0.708661 0.165354 0.685039 
vn 0.834646 0.110236 0.543307 
vn 0.480315 0.409449 0.771654 
vn 0.96063 -0.0708661 0.275591 
vn 0.84252 -0.102362 0.527559 
vn 0.834646 -0.283465 0.472441 
vn 0.992126 -0.141732 0.015748 
vn 0.771654 -0.354331 0.527559 
vn 0.503937 -0.606299 0.614173 
vn 0.543307 -0.645669 -0.527559 
vn -0.19685 -0.929134 -0.314961 
vn 0.102362 -0.606299 -0.787402 
vn 0.543307 -0.645669 -0.527559 
vn 0.362205 -0.0393701 -0.929134 
vn 0.826772 -0.212598 -0.527559 
vn 0.362205 -0.0393701 -0.929134 
vn 0.84252 0.291339 -0.456693 
vn 0.464567 0.551181 -0.692913 
vn -0.0472441 -0.488189 0.874016 
vn 0.440945 -0.818898 0.362205 
vn 0.551181 -0.677165 0.488189 
vn 0.440945 -0.818898 0.362205 
vn 0.913386 -0.393701 -0.0787402 
vn 0.818898 -0.519685 -0.228346 
vn 0.748031 0.102362 -0.661417 
vn 0.913386 -0.393701 -0.0787402 
vn 0.84252 0.212598 -0.496063 
vn 0.629921 0.527559 -0.566929 
vn 0.866142 0.503937 0 
vn 0.637795 0.771654 0 
vn 0.858268 0.346457 -0.370079 
vn 0.0708661 -1 0 
vn 0.0708661 -1 0 
vn 0.0708661 -1 0 
vn 0.0708661 -1 0 
vn 0.818898 -0.519685 -0.228346 
vn 0.677165 -0.629921 -0.370079 
vn 0.606299 -0.015748 -0.795276 
vn 0.748031 0.102362 -0.661417 
vn 0.818898 -0.519685 -0.228346 
vn 0.299213 -0.929134 0.212598 
vn 0.440945 -0.818898 0.362205 
vn 0.181102 -0.622047 0.76378 
vn -0.299213 -0.929134 0.212598 
vn 0.307087 -0.732283 0.614173 
vn -0.181102 -0.622047 0.76378 
vn -0.307087 -0.732283 0.614173 
vn 0.299213 -0.929134 0.212598 
vn -0.299213 -0.929134 0.212598 
vn 0.181102 -0.622047 0.76378 
vn -0.440945 -0.818898 0.362205 
vn 0.0472441 -0.488189 0.874016 
vn -0.385827 -0.905512 0.173228 
vn -0.913386 -0.401575 0.0944882 
vn -0.905512 -0.433071 -0.0472441 
vn -0.417323 -0.866142 0.283465 
vn -0.181102 -0.622047 0.76378 
vn 0.299213 -0.929134 0.212598 
vn 0.440945 -0.818898 0.362205 
vn -0.0472441 -0.488189 0.874016 
vn -0.598425 0.299213 -0.748031 
vn -0.96063 0.275591 -0.023622 
vn -0.440945 0.708661 -0.551181 
vn -0.622047 0.787402 -0.015748 
vn 0 0.330709 -0.944882 
vn 0 0.795276 -0.606299 
vn 0 0.141732 -0.992126 
vn -0.716535 0.0944882 -0.685039 
vn 0 1 -0.0314961 
vn -0.440945 0.708661 -0.551181 
vn 0 0.795276 -0.606299 
vn -0.598425 0.299213 -0.748031 
vn -0.992126 0.102362 0.015748 
vn -0.716535 0.0944882 -0.685039 
vn -0.992126 -0.141732 0.015748 
vn -0.96063 -0.0708661 0.275591 
vn -0.913386 0.377953 -0.133858 
vn -0.913386 -0.393701 -0.0787402 
vn -0.96063 0 0.283465 
vn -0.84252 0.212598 -0.496063 
vn -0.685039 -0.330709 0.653543 
vn -0.551181 -0.677165 0.488189 
vn 0.385827 -0.905512 0.173228 
vn 0.913386 -0.401575 0.0944882 
vn 0.417323 -0.866142 0.283465 
vn 0.905512 -0.433071 -0.0472441 
vn -0.543307 0.125984 -0.834646 
vn -0.559055 -0.00787402 -0.834646 
vn -0.732283 -0.00787402 -0.677165 
vn -0.724409 0.141732 -0.669291 
vn 0.598425 0.299213 -0.748031 
vn 0.992126 0.102362 0.015748 
vn 0.716535 0.0944882 -0.685039 
vn 0.992126 -0.141732 0.015748 
vn 0.96063 -0.0708661 0.275591 
vn 0.96063 0.275591 -0.023622 
vn 0.440945 0.708661 -0.551181 
vn 0.622047 0.787402 -0.015748 
vn 0.598425 0.299213 -0.748031 
vn 0 1 -0.0314961 
vn 0.440945 0.708661 -0.551181 
vn 0 0.795276 -0.606299 
vn 0 0.330709 -0.944882 
vn 0 0.795276 -0.606299 
vn 0 0.141732 -0.992126 
vn 0.716535 0.0944882 -0.685039 
vn 0 0 -1 
vn 0 0 -1 
vn 0 0 -1 
vn 0 0 -1 
vn 0 0 -1 
vn 0 0 -1 
vn 0 0 -1 
vn 0 0 -1 
vn 0 0 -1 
vn 0 0 -1 
vn 0 0 -1 
vn 0 0 -1 
vn 0 0 -1 
vn 0.543307 0.125984 -0.834646 
vn 0.732283 -0.00787402 -0.677165 
vn 0.559055 -0.00787402 -0.834646 
vn 0.724409 0.141732 -0.669291 
vn 0.700787 -0.110236 -0.700787 
vn -0.0551181 0.834646 -0.543307 
vn 0.551181 0.551181 -0.629921 
vn 0.968504 -0.212598 -0.110236 
vn 0.779528 0.629921 -0.015748 
vn 0 0.992126 0.0944882 
vn -0.779528 0.614173 0.125984 
vn 0.283465 -0.645669 -0.708661 
vn 0.433071 -0.889764 -0.125984 
vn -0.669291 0.535433 -0.511811 
vn -0.433071 -0.897638 -0.0472441 
vn -0.818898 -0.125984 -0.566929 
vn -0.968504 -0.228346 0.0708661 
vn -0.393701 -0.645669 -0.653543 
vn 0 -0.937008 0.354331 
vn -0.503937 -0.606299 0.614173 
vn -0.771654 -0.354331 0.527559 
vn 0 -0.732283 0.677165 
vn 0 -0.732283 0.677165 
vn 0 -0.188976 0.984252 
vn -0.551181 -0.15748 0.818898 
vn -0.84252 -0.102362 0.527559 
vn -0.834646 -0.283465 0.472441 
vn -0.551181 -0.15748 0.818898 
vn -0.480315 0.409449 0.771654 
vn -0.834646 0.110236 0.543307 
vn -0.283465 -0.645669 -0.708661 
vn 0.818898 -0.125984 -0.566929 
vn 0.393701 -0.645669 -0.653543 
vn 0.433071 -0.897638 -0.0472441 
vn 0.968504 -0.228346 0.0708661 
vn 0.779528 0.614173 0.125984 
vn -0.433071 -0.889764 -0.125984 
vn -0.968504 -0.212598 -0.110236 
vn 0.669291 0.535433 -0.511811 
vn -0.700787 -0.110236 -0.700787 
vn -0.551181 0.551181 -0.629921 
vn -0.779528 0.629921 -0.015748 
vn 0.0551181 0.834646 -0.543307 
vn 0 0.992126 0.0944882 
vn 0.96063 0 0.283465 
vn 0.913386 -0.393701 -0.0787402 
vn 0.913386 0.377953 -0.133858 
vn 0.84252 0.212598 -0.496063 
vn 0.685039 -0.330709 0.653543 
vn 0.551181 -0.677165 0.488189 
vn 0.212598 0 0.976378 
vn 0.220472 -0.669291 0.708661 
vn 0.385827 -0.614173 0.685039 
vn 0.338583 0 0.944882 
vn 0.220472 -0.976378 0 
vn 0.385827 -0.614173 0.685039 
vn 0.425197 -0.905512 0 
vn 0.385827 0.614173 0.685039 
vn 0.212598 0 0.976378 
vn 0.220472 0.669291 0.708661 
vn 0.385827 0.614173 0.685039 
vn 0.220472 0.976378 0 
vn 0.425197 0.905512 0 
vn 0.220472 0.669291 0.708661 
vn -0.338583 0 0.937008 
vn -0.370079 0.622047 0.692913 
vn -0.283465 -0.0629921 0.96063 
vn -0.551181 -0.677165 0.488189 
vn 0.0472441 -0.488189 0.874016 
vn -0.685039 -0.330709 0.653543 
vn -0.76378 0.307087 0.566929 
vn 0.535433 -0.527559 0.661417 
vn -0.149606 0.212598 0.968504 
vn -0.614173 -0.669291 -0.417323 
vn -0.84252 -0.543307 0 
vn -0.76378 -0.385827 -0.519685 
vn -0.685039 -0.732283 0 
vn -0.84252 -0.543307 0 
vn -0.622047 -0.669291 0.401575 
vn -0.771654 -0.496063 0.393701 
vn 0.685039 0.212598 -0.700787 
vn -0.433071 0.708661 -0.566929 
vn 0.244094 0.724409 -0.637795 
vn -0.456693 0.889764 0.0708661 
vn 0.401575 0.913386 -0.0314961 
vn 0.96063 0.251969 -0.110236 
vn -0.834646 0.15748 -0.527559 
vn -0.976378 0.188976 0.11811 
vn -0.755906 -0.645669 0.0787402 
vn 0.551181 -0.456693 -0.700787 
vn 0.795276 -0.598425 -0.102362 
vn 0.0314961 -1 -0.023622 
vn -0.669291 -0.496063 -0.559055 
vn -0.0472441 -0.771654 -0.629921 
vn -0.551181 -0.456693 -0.700787 
vn 0.669291 -0.496063 -0.559055 
vn 0.0472441 -0.771654 -0.629921 
vn -0.0314961 -1 -0.023622 
vn 0.755906 -0.645669 0.0787402 
vn -0.795276 -0.598425 -0.102362 
vn 0.834646 0.15748 -0.527559 
vn 0.976378 0.188976 0.11811 
vn -0.96063 0.251969 -0.110236 
vn 0.456693 0.889764 0.0708661 
vn 0.433071 0.708661 -0.566929 
vn -0.685039 0.212598 -0.700787 
vn -0.244094 0.724409 -0.637795 
vn -0.401575 0.913386 -0.0314961 
vn 0 0 -1 
vn 0 0 -1 
vn 0 0 -1 
vn 0 0 -1 
vn 0 0 -1 
vn 0 0 -1 
vn 0 0 -1 
vn 0 0 -1 
vn 0 0 -1 
vn 0 0 -1 
vn 0 0 -1 
vn 0 0 -1 
vn 0 0 -1 
vn -0.244094 -0.393701 0.88189 
vn -0.488189 -0.527559 0.700787 
vn -0.251969 -0.598425 0.76378 
vn -0.543307 -0.417323 0.724409 
vn -0.771654 -0.496063 0.393701 
vn -0.488189 -0.527559 0.700787 
vn -0.622047 -0.669291 0.401575 
vn -0.220472 -0.669291 0.708661 
vn -0.212598 0 0.976378 
vn -0.385827 -0.614173 0.685039 
vn -0.338583 0 0.944882 
vn -0.385827 -0.614173 0.685039 
vn -0.220472 -0.976378 0 
vn -0.425197 -0.905512 0 
vn -0.212598 0 0.976378 
vn -0.385827 0.614173 0.685039 
vn -0.220472 0.669291 0.708661 
vn -0.220472 0.976378 0 
vn -0.385827 0.614173 0.685039 
vn -0.425197 0.905512 0 
vn -0.220472 -0.669291 0.708661 
vn 0.338583 0 0.937008 
vn 0.370079 -0.622047 0.692913 
vn 0.283465 -0.0629921 0.96063 
vn 0.551181 -0.677165 0.488189 
vn 0.685039 -0.330709 0.653543 
vn -0.0472441 -0.488189 0.874016 
vn -0.527559 -0.267717 -0.80315 
vn -0.732283 -0.00787402 -0.677165 
vn -0.559055 -0.00787402 -0.834646 
vn -0.76378 -0.385827 -0.519685 
vn 0 -0.937008 0.354331 
vn 0.771654 -0.354331 0.527559 
vn 0.503937 -0.606299 0.614173 
vn 0 -0.732283 0.677165 
vn 0 -0.188976 0.984252 
vn 0 -0.732283 0.677165 
vn 0.551181 -0.15748 0.818898 
vn 0.834646 -0.283465 0.472441 
vn 0.84252 -0.102362 0.527559 
vn 0.551181 -0.15748 0.818898 
vn 0.480315 0.409449 0.771654 
vn 0.834646 0.110236 0.543307 
vn -0.80315 -0.559055 0.188976 
vn -0.992126 -0.0629921 0.0787402 
vn -0.519685 -0.275591 -0.80315 
vn -0.409449 0.874016 0.259843 
vn -0.0944882 0.984252 -0.133858 
vn -0.519685 -0.275591 -0.80315 
vn -0.291339 -0.913386 -0.283465 
vn -0.80315 -0.559055 0.188976 
vn 0.76378 0.307087 0.566929 
vn 0.149606 0.212598 0.968504 
vn -0.535433 -0.527559 0.661417 
vn -0.992126 -0.0629921 0.0787402 
vn -0.0944882 0.984252 -0.133858 
vn -0.472441 0.417323 -0.771654 
vn 0 0 -1 
vn 0 0 -1 
vn 0 0 -1 
vn 0 0 -1 
vn 0 0 -1 
vn 0 0 -1 
vn 0 0 -1 
vn 0 0 -1 
vn 0 0 -1 
vn 0 0 -1 
vn 0 0 -1 
vn 0 0 -1 
vn 0 0 -1 
vn -0.992126 -0.0629921 0.0787402 
vn -0.472441 0.417323 -0.771654 
vn -0.519685 -0.275591 -0.80315 
vn -0.755906 -0.472441 0.464567 
vn 0.0629921 -0.440945 0.897638 
vn -0.755906 0.409449 0.503937 
vn -0.622047 0.685039 0.377953 
vn -0.858268 -0.456693 -0.244094 
vn -0.417323 -0.330709 0.84252 
vn 0.771654 -0.496063 0.393701 
vn 0.488189 -0.527559 0.700787 
vn 0.622047 -0.669291 0.401575 
vn 0.543307 -0.417323 0.724409 
vn 0.488189 -0.527559 0.700787 
vn 0.244094 -0.393701 0.88189 
vn 0.251969 -0.598425 0.76378 
vn 0.84252 -0.543307 0 
vn 0.622047 -0.669291 0.401575 
vn 0.685039 -0.732283 0 
vn 0.771654 -0.496063 0.393701 
vn 0.614173 -0.669291 -0.417323 
vn 0.84252 -0.543307 0 
vn 0.76378 -0.385827 -0.519685 
vn -0.944882 0.0866142 0.314961 
vn -0.362205 0.559055 0.748031 
vn -0.322835 0.622047 -0.708661 
vn 0.393701 0.866142 0.314961 
vn -0.866142 -0.503937 0 
vn -0.629921 -0.527559 0.566929 
vn -0.637795 -0.771654 0 
vn -0.858268 -0.346457 0.370079 
vn -0.834646 0 0.559055 
vn -0.629921 -0.527559 0.566929 
vn -0.622047 0 0.779528 
vn -0.834646 0 0.559055 
vn -0.629921 0.527559 0.566929 
vn -0.858268 0.346457 0.370079 
vn 0.527559 -0.267717 -0.80315 
vn 0.559055 -0.00787402 -0.834646 
vn 0.732283 -0.00787402 -0.677165 
vn 0.76378 -0.385827 -0.519685 
vn 0.755906 -0.472441 0.464567 
vn 0.755906 0.409449 0.503937 
vn -0.110236 -0.480315 0.866142 
vn 0.755906 -0.448819 0.472441 
vn 0.0629921 -0.440945 0.897638 
vn 0.0866142 -0.984252 0.165354 
vn -0.755906 -0.472441 0.464567 
vn -0.519685 -0.275591 -0.80315 
vn 0.771654 -0.125984 -0.622047 
vn -0.291339 -0.913386 -0.283465 
vn 0.519685 -0.275591 -0.80315 
vn 0.992126 -0.0629921 0.0787402 
vn 0.80315 -0.559055 0.188976 
vn 0.0944882 0.984252 -0.133858 
vn 0.409449 0.874016 0.259843 
vn 0.992126 -0.0629921 0.0787402 
vn -0.732283 -0.582677 0.354331 
vn 0.535433 -0.527559 0.661417 
vn -0.76378 0.307087 0.566929 
vn 0.519685 -0.275591 -0.80315 
vn 0.80315 -0.559055 0.188976 
vn 0.291339 -0.913386 -0.283465 
vn -0.456693 -0.519685 -0.724409 
vn -0.76378 -0.385827 -0.519685 
vn -0.527559 -0.267717 -0.80315 
vn -0.614173 -0.669291 -0.417323 
vn -0.84252 0.291339 -0.456693 
vn -0.362205 -0.0393701 -0.929134 
vn -0.826772 -0.212598 -0.527559 
vn 0.472441 0.417323 -0.771654 
vn 0.0944882 0.984252 -0.133858 
vn 0.992126 -0.0629921 0.0787402 
vn 0.472441 0.417323 -0.771654 
vn 0.992126 -0.0629921 0.0787402 
vn 0.519685 -0.275591 -0.80315 
vn -0.771654 0.448819 0.440945 
vn -0.566929 0.787402 0.244094 
vn 0.267717 0.677165 -0.685039 
vn 0.732283 -0.582677 0.354331 
vn 0.76378 0.307087 0.566929 
vn -0.535433 -0.527559 0.661417 
vn 0.866142 -0.503937 0 
vn 0.629921 -0.527559 0.566929 
vn 0.858268 -0.346457 0.370079 
vn 0.637795 -0.771654 0 
vn 0.629921 -0.527559 0.566929 
vn 0.834646 0 0.559055 
vn 0.622047 0 0.779528 
vn 0.629921 0.527559 0.566929 
vn 0.834646 0 0.559055 
vn 0.858268 0.346457 0.370079 
vn 0 0 -1 
vn 0 0 -1 
vn 0 0 -1 
vn 0 0 -1 
vn 0 0 -1 
vn 0 0 -1 
vn 0 0 -1 
vn 0 0 -1 
vn 0 0 -1 
vn 0 0 -1 
vn 0 0 -1 
vn 0 0 -1 
vn 0 0 -1 
vn -0.110236 -0.480315 0.866142 
vn -0.952756 0.0708661 -0.291339 
vn -0.133858 -0.968504 0.19685 
vn 0.755906 -0.472441 0.464567 
vn 0 -0.456693 0.889764 
vn -0.724409 0.496063 0.488189 
vn -0.677165 -0.582677 0.440945 
vn -0.393701 0.866142 0.314961 
vn 0.362205 0.559055 0.748031 
vn 0.322835 0.622047 -0.708661 
vn 0.944882 0.0866142 0.314961 
vn 0.724409 0.496063 0.488189 
vn 0 0.496063 0.866142 
vn 0 -0.456693 0.889764 
vn -0.724409 0.496063 0.488189 
vn -0.724409 0.496063 0.488189 
vn 0 0.598425 -0.795276 
vn 0.724409 0.496063 0.488189 
vn 0 -0.0314961 -1 
vn -0.385827 0.511811 -0.76378 
vn 0.385827 0.511811 -0.76378 
vn 0.677165 -0.582677 0.440945 
vn 0 -0.96063 0.267717 
vn -0.677165 -0.582677 0.440945 
vn -0.677165 -0.582677 0.440945 
vn -0.685039 -0.370079 -0.629921 
vn 0.685039 -0.370079 -0.629921 
vn 0.677165 -0.582677 0.440945 
vn -0.685039 -0.370079 -0.629921 
vn 0 -0.322835 -0.944882 
vn 0.685039 -0.370079 -0.629921 
vn -0.338583 0.551181 -0.755906 
vn 0 0.866142 -0.496063 
vn 0.338583 0.551181 -0.755906 
vn -0.748031 -0.527559 0.409449 
vn -0.944882 0.0866142 0.314961 
vn -0.322835 0.622047 -0.708661 
vn 0.401575 -0.913386 0.0472441 
vn 0.771654 0.527559 -0.362205 
vn 0.535433 -0.527559 0.661417 
vn -0.732283 -0.582677 0.354331 
vn 0.732283 -0.582677 0.354331 
vn -0.535433 -0.527559 0.661417 
vn -0.401575 -0.913386 0.0472441 
vn -0.771654 0.527559 -0.362205 
vn -0.251969 -0.598425 0.76378 
vn 0 -0.409449 0.913386 
vn -0.244094 -0.393701 0.88189 
vn 0 -0.614173 0.787402 
vn 0.251969 -0.598425 0.76378 
vn 0 -0.409449 0.913386 
vn 0.244094 -0.393701 0.88189 
vn 0.519685 -0.275591 -0.80315 
vn 0.291339 -0.913386 -0.283465 
vn -0.771654 -0.125984 -0.622047 
vn 0.755906 -0.448819 0.472441 
vn 0.102362 0.330709 0.937008 
vn 0.0629921 -0.440945 0.897638 
vn -0.755906 0.409449 0.503937 
vn -0.23622 0.944882 -0.244094 
vn -0.0708661 0.606299 -0.787402 
vn 0.748031 0.488189 0.456693 
vn 0.677165 -0.582677 0.440945 
vn 0.724409 0.496063 0.488189 
vn 0 -0.456693 0.889764 
vn 0 0 1 
vn -0.354331 0.23622 0.905512 
vn -0.330709 0.0551181 0.944882 
vn 0 0.181102 0.984252 
vn 0.622047 0.685039 0.377953 
vn 0.417323 -0.330709 0.84252 
vn 0.858268 -0.456693 -0.244094 
vn 0.472441 0.417323 -0.771654 
vn 0.519685 -0.275591 -0.80315 
vn -0.614173 -0.700787 -0.362205 
vn 0 0 1 
vn 0.354331 0.23622 0.905512 
vn 0 0.181102 0.984252 
vn 0.330709 0.0551181 0.944882 
vn 0.527559 -0.267717 -0.80315 
vn 0.76378 -0.385827 -0.519685 
vn 0.456693 -0.519685 -0.724409 
vn 0.614173 -0.669291 -0.417323 
vn 0 0 -1 
vn 0 0 -1 
vn 0 0 -1 
vn 0 0 -1 
vn 0 0 -1 
vn 0 0 -1 
vn 0 0 -1 
vn 0 0 -1 
vn 0 0 -1 
vn 0 0 -1 
vn 0 0 -1 
vn 0 0 -1 
vn 0 0 -1 
vn 0 0 -1 
vn 0 0 -1 
vn 0 0 -1 
vn 0 0 -1 
vn 0 0 -1 
vn 0 0 -1 
vn 0 0 -1 
vn 0 0 -1 
vn 0 0 -1 
vn 0 0 -1 
vn 0 0 -1 
vn 0 0 -1 
vn 0 0 -1 
vn 0 0 -1 
vn 0 0 -1 
vn 0 0 -1 
vn 0 0 -1 
vn 0 0 -1 
vn 0 0 -1 
vn 0 0 -1 
vn 0 0 -1 
vn 0 0 -1 
vn 0 0 -1 
vn 0 0 -1 
vn -0.795276 -0.401575 -0.456693 
vn -0.771654 0.448819 0.440945 
vn 0.0866142 -0.0472441 -0.992126 
vn 0.433071 -0.811024 0.385827 
vn 0.755906 0.409449 0.503937 
vn -0.0866142 0.338583 0.937008 
vn -0.110236 -0.480315 0.866142 
vn -0.897638 0.433071 -0.0314961 
vn 0.748031 -0.527559 0.409449 
vn 0.322835 0.622047 -0.708661 
vn 0.944882 0.0866142 0.314961 
vn 0.338583 0 0.937008 
vn -0.220472 0.669291 0.708661 
vn 0.370079 0.622047 0.692913 
vn -0.220472 -0.669291 0.708661 
vn 0.401575 -0.913386 0 
vn -0.220472 -0.976378 0 
vn 0.401575 0.913386 0 
vn -0.220472 0.669291 0.708661 
vn -0.220472 0.976378 0 
vn -0.732283 -0.582677 0.354331 
vn -0.732283 0.496063 -0.464567 
vn -0.362205 0.102362 -0.929134 
vn -0.76378 0.307087 0.566929 
vn 0.141732 0.968504 0.19685 
vn -0.976378 0.0708661 0.19685 
vn -0.724409 0.669291 0.173228 
vn 0.141732 0.740157 -0.661417 
vn 0 -0.905512 0.417323 
vn -0.251969 -0.598425 0.76378 
vn -0.291339 -0.866142 0.409449 
vn 0 -0.614173 0.787402 
vn -0.314961 -0.952756 0 
vn -0.622047 -0.669291 0.401575 
vn -0.685039 -0.732283 0 
vn -0.291339 -0.866142 0.409449 
vn -0.614173 -0.669291 -0.417323 
vn -0.314961 -0.952756 0 
vn -0.275591 -0.858268 -0.425197 
vn -0.771654 0.448819 0.440945 
vn 0.267717 0.677165 -0.685039 
vn 0.0866142 -0.0472441 -0.992126 
vn 0.787402 -0.559055 0.251969 
vn 0.11811 0.559055 -0.818898 
vn 0.244094 -0.244094 -0.937008 
vn -0.259843 0.0944882 -0.96063 
vn 0.244094 -0.244094 -0.937008 
vn -0.582677 -0.511811 -0.629921 
vn 0.141732 -0.755906 -0.637795 
vn 0 -0.905512 0.417323 
vn 0.291339 -0.866142 0.409449 
vn 0.251969 -0.598425 0.76378 
vn 0 -0.614173 0.787402 
vn -0.905512 -0.346457 0.228346 
vn -0.976378 0.0708661 0.19685 
vn -0.00787402 0.0393701 -1 
vn -0.244094 -0.244094 -0.937008 
vn -0.11811 0.559055 -0.818898 
vn 0.259843 0.0944882 -0.96063 
vn 0.582677 -0.511811 -0.629921 
vn -0.244094 -0.244094 -0.937008 
vn -0.141732 -0.755906 -0.637795 
vn -0.976378 0.0708661 0.19685 
vn 0.141732 0.740157 -0.661417 
vn -0.00787402 0.0393701 -1 
vn 0.937008 -0.314961 0.165354 
vn 0.708661 -0.677165 0.204724 
vn -0.19685 -0.976378 -0.0787402 
vn -0.905512 -0.346457 0.228346 
vn -0.362205 -0.0393701 -0.929134 
vn -0.84252 0.291339 -0.456693 
vn -0.464567 0.551181 -0.692913 
vn 0.401575 -0.913386 0.0472441 
vn -0.732283 -0.582677 0.354331 
vn -0.362205 0.102362 -0.929134 
vn 0.0866142 -0.984252 0.165354 
vn -0.779528 -0.133858 -0.614173 
vn 0.0472441 -0.425197 -0.905512 
vn -0.755906 -0.472441 0.464567 
vn 0.850394 -0.141732 -0.503937 
vn -0.307087 -0.732283 0.614173 
vn -0.913386 -0.354331 0.204724 
vn -0.559055 -0.826772 0.0629921 
vn -0.795276 -0.149606 0.590551 
vn 0.0708661 0.606299 -0.787402 
vn 0.23622 0.944882 -0.244094 
vn -0.748031 0.488189 0.456693 
vn 0.614173 -0.669291 -0.417323 
vn 0.314961 -0.952756 0 
vn 0.275591 -0.858268 -0.425197 
vn 0.685039 -0.732283 0 
vn 0.314961 -0.952756 0 
vn 0.622047 -0.669291 0.401575 
vn 0.291339 -0.866142 0.409449 
vn 0.937008 -0.314961 0.165354 
vn 0.141732 0.740157 -0.661417 
vn 0.929134 0.338583 0.141732 
vn 0 0 -1 
vn 0 0 -1 
vn 0 0 -1 
vn 0 0 -1 
vn 0 0 -1 
vn 0 0 -1 
vn 0 0 -1 
vn 0 0 -1 
vn 0 0 -1 
vn 0 0 -1 
vn 0 0 -1 
vn 0 0 -1 
vn -0.456693 -0.519685 -0.724409 
vn -0.220472 -0.574803 -0.787402 
vn -0.275591 -0.858268 -0.425197 
vn -0.614173 -0.669291 -0.417323 
vn -0.133858 -0.968504 0.19685 
vn -0.401575 0.80315 -0.433071 
vn -0.15748 -0.377953 -0.913386 
vn 0.779528 -0.133858 -0.606299 
vn 0.755906 -0.472441 0.464567 
vn -0.322835 -0.80315 0.503937 
vn -0.748031 -0.527559 0.409449 
vn -0.133858 -0.0787402 -0.984252 
vn -0.858268 -0.346457 -0.370079 
vn -0.866142 -0.503937 0 
vn -0.629921 -0.527559 -0.566929 
vn -0.637795 -0.771654 0 
vn -0.629921 -0.527559 -0.566929 
vn -0.834646 0 -0.559055 
vn -0.622047 0 -0.779528 
vn -0.629921 0.527559 -0.566929 
vn -0.834646 0 -0.559055 
vn -0.858268 0.346457 -0.370079 
vn -0.401575 -0.913386 0.0472441 
vn 0.362205 0.102362 -0.929134 
vn 0.732283 -0.582677 0.354331 
vn 0.456693 -0.519685 -0.724409 
vn 0.275591 -0.858268 -0.425197 
vn 0.220472 -0.574803 -0.787402 
vn 0.614173 -0.669291 -0.417323 
vn 0.913386 -0.354331 0.204724 
vn 0.307087 -0.732283 0.614173 
vn 0.559055 -0.826772 0.0629921 
vn 0.795276 -0.149606 0.590551 
vn -0.724409 0.669291 0.173228 
vn 0.133858 0.614173 0.779528 
vn 0.141732 0.740157 -0.661417 
vn 0.929134 0.338583 0.141732 
vn 0 -1 0 
vn -0.291339 -0.866142 0.409449 
vn -0.314961 -0.952756 0 
vn 0 -0.905512 0.417323 
vn -0.275591 -0.858268 -0.425197 
vn 0 -1 0 
vn 0 -0.897638 -0.440945 
vn -0.488189 -0.527559 0.700787 
vn -0.251969 -0.598425 0.76378 
vn -0.622047 -0.669291 0.401575 
vn 0.708661 -0.677165 0.204724 
vn -0.00787402 0.0393701 -1 
vn 0.937008 -0.314961 0.165354 
vn -0.748031 -0.527559 0.409449 
vn -0.322835 0.622047 -0.708661 
vn -0.133858 -0.0787402 -0.984252 
vn 0.84252 0.488189 -0.204724 
vn 0.629921 -0.527559 -0.566929 
vn 0.866142 -0.503937 0 
vn 0.858268 -0.346457 -0.370079 
vn 0.637795 -0.771654 0 
vn 0.834646 0 -0.559055 
vn 0.629921 -0.527559 -0.566929 
vn 0.622047 0 -0.779528 
vn 0.834646 0 -0.559055 
vn 0.629921 0.527559 -0.566929 
vn 0.858268 0.346457 -0.370079 
vn -0.84252 0.488189 -0.204724 
vn 0.322835 0.622047 -0.708661 
vn 0.133858 -0.0787402 -0.984252 
vn 0.748031 -0.527559 0.409449 
vn -0.338583 0 -0.937008 
vn 0.220472 -0.669291 -0.708661 
vn -0.370079 -0.622047 -0.692913 
vn -0.401575 -0.913386 0 
vn 0.220472 -0.976378 0 
vn 0.212598 0 -0.976378 
vn 0.220472 0.669291 -0.708661 
vn -0.370079 0.622047 -0.692913 
vn -0.401575 0.913386 0 
vn 0.220472 0.669291 -0.708661 
vn 0.220472 0.976378 0 
vn 0.385827 -0.614173 -0.685039 
vn 0.220472 -0.976378 0 
vn 0.425197 -0.905512 0 
vn 0.212598 0 -0.976378 
vn 0.385827 -0.614173 -0.685039 
vn 0.338583 0 -0.944882 
vn 0.385827 0.614173 -0.685039 
vn 0.220472 0.976378 0 
vn 0.385827 0.614173 -0.685039 
vn 0.425197 0.905512 0 
vn 0 -1 0 
vn 0.314961 -0.952756 0 
vn 0.291339 -0.866142 0.409449 
vn 0 -0.905512 0.417323 
vn 0 -1 0 
vn 0.275591 -0.858268 -0.425197 
vn 0 -0.897638 -0.440945 
vn 0.488189 -0.527559 0.700787 
vn 0.251969 -0.598425 0.76378 
vn 0.622047 -0.669291 0.401575 
vn -0.330709 0.0551181 0.944882 
vn -0.795276 0.330709 0.503937 
vn -0.76378 0.125984 0.629921 
vn -0.354331 0.23622 0.905512 
vn 0.322835 -0.80315 0.503937 
vn 0.133858 -0.0787402 -0.984252 
vn 0.748031 -0.527559 0.409449 
vn 0.220472 -0.669291 0.708661 
vn -0.338583 0 0.937008 
vn -0.370079 -0.622047 0.692913 
vn 0.220472 0.669291 0.708661 
vn -0.401575 0.913386 0 
vn 0.220472 0.976378 0 
vn -0.401575 -0.913386 0 
vn 0.220472 -0.669291 0.708661 
vn 0.220472 -0.976378 0 
vn 0.755906 -0.448819 0.472441 
vn 0.850394 0.519685 0.0866142 
vn 0.102362 0.330709 0.937008 
vn 0 0 -1 
vn 0 0 -1 
vn 0 0 -1 
vn 0 0 -1 
vn 0 0 -1 
vn 0 0 -1 
vn 0 0 -1 
vn 0 0 -1 
vn 0 0 -1 
vn 0 0 -1 
vn 0 0 -1 
vn 0 0 -1 
vn 0 0 -1 
vn 0 0 -1 
vn 0 0 -1 
vn 0 0 -1 
vn 0 0 -1 
vn 0 0 -1 
vn 0 0 -1 
vn 0 0 -1 
vn 0 0 -1 
vn 0 0 -1 
vn 0 0 -1 
vn 0 0 -1 
vn 0 0 -1 
vn 0 0 -1 
vn -0.685039 -0.330709 0.653543 
vn -0.582677 0.511811 0.629921 
vn -0.96063 0 0.283465 
vn 0.149606 0.212598 0.968504 
vn -0.748031 0.488189 0.456693 
vn -0.535433 -0.527559 0.661417 
vn -0.748031 0.488189 0.456693 
vn -0.771654 0.527559 -0.362205 
vn 0 -0.015748 -1 
vn -0.204724 -0.251969 -0.944882 
vn -0.212598 -0.015748 -0.976378 
vn 0 -0.259843 -0.968504 
vn -0.220472 -0.574803 -0.787402 
vn 0 -0.590551 -0.80315 
vn 0.204724 0.0944882 -0.976378 
vn 0 0.0866142 -1 
vn -0.543307 0.125984 -0.834646 
vn -0.204724 0.0944882 -0.976378 
vn -0.559055 -0.00787402 -0.834646 
vn -0.527559 -0.267717 -0.80315 
vn -0.204724 -0.251969 -0.944882 
vn -0.456693 -0.519685 -0.724409 
vn -0.220472 -0.574803 -0.787402 
vn -0.204724 0.0944882 -0.976378 
vn 0 0.0866142 -1 
vn -0.220472 -0.574803 -0.787402 
vn 0 -0.590551 -0.80315 
vn 0 -0.897638 -0.440945 
vn -0.275591 -0.858268 -0.425197 
vn 0.212598 -0.015748 -0.976378 
vn 0.204724 -0.251969 -0.944882 
vn 0 -0.259843 -0.968504 
vn 0.220472 -0.574803 -0.787402 
vn 0 -0.590551 -0.80315 
vn 0.543307 0.125984 -0.834646 
vn 0.204724 0.0944882 -0.976378 
vn 0.559055 -0.00787402 -0.834646 
vn 0.527559 -0.267717 -0.80315 
vn 0.204724 -0.251969 -0.944882 
vn 0.456693 -0.519685 -0.724409 
vn 0.220472 -0.574803 -0.787402 
vn 0.220472 -0.574803 -0.787402 
vn 0 -0.897638 -0.440945 
vn 0 -0.590551 -0.80315 
vn 0.275591 -0.858268 -0.425197 
vn 0 0 -1 
vn 0 0 -1 
vn 0 0 -1 
vn 0 0 -1 
vn 0 0 -1 
vn 0 0 -1 
vn 0 0 -1 
vn 0 0 -1 
vn 0 0 -1 
vn 0 0 -1 
vn 0 0 -1 
vn 0 0 -1 
vn 0.338583 0 -0.937008 
vn -0.220472 -0.669291 -0.708661 
vn -0.212598 0 -0.976378 
vn 0.370079 0.622047 -0.692913 
vn 0.370079 -0.622047 -0.692913 
vn 0.401575 -0.913386 0 
vn -0.220472 -0.976378 0 
vn -0.220472 0.669291 -0.708661 
vn 0.401575 0.913386 0 
vn -0.220472 0.976378 0 
vn -0.220472 -0.976378 0 
vn -0.385827 -0.614173 -0.685039 
vn -0.425197 -0.905512 0 
vn -0.385827 -0.614173 -0.685039 
vn -0.212598 0 -0.976378 
vn -0.338583 0 -0.944882 
vn -0.385827 0.614173 -0.685039 
vn 0.748031 0.488189 0.456693 
vn -0.149606 0.212598 0.968504 
vn 0.535433 -0.527559 0.661417 
vn 0.771654 0.527559 -0.362205 
vn 0.748031 0.488189 0.456693 
vn 0.795276 0.330709 0.503937 
vn 0.330709 0.0551181 0.944882 
vn 0.76378 0.125984 0.629921 
vn 0.354331 0.23622 0.905512 
vn -0.858268 -0.456693 -0.244094 
vn -0.15748 0.984252 0.0472441 
vn -0.0629921 0.228346 -0.976378 
vn 0.952756 0.228346 -0.188976 
vn -0.952756 0.228346 -0.188976 
vn 0.15748 0.984252 0.0472441 
vn 0.0629921 0.228346 -0.976378 
vn 0.858268 -0.456693 -0.244094 
vn -0.80315 -0.559055 0.188976 
vn 0.0472441 -0.110236 0.992126 
vn -0.015748 0.251969 0.968504 
vn -0.283465 -0.0629921 0.96063 
vn -0.582677 0.511811 0.629921 
vn -0.685039 -0.330709 0.653543 
vn 0.787402 -0.559055 0.251969 
vn 0.267717 0.677165 -0.685039 
vn 0.96063 0.165354 0.220472 
vn -0.409449 0.874016 0.259843 
vn -0.992126 -0.0629921 0.0787402 
vn -0.015748 0.251969 0.968504 
vn -0.322835 -0.944882 -0.015748 
vn -0.858268 -0.448819 -0.244094 
vn -0.19685 -0.929134 -0.314961 
vn -0.716535 -0.448819 -0.535433 
vn -0.905512 -0.433071 -0.0472441 
vn -0.385827 -0.905512 0.173228 
vn -0.905512 0.307087 -0.291339 
vn -0.76378 0.283465 -0.582677 
vn -0.968504 0.212598 -0.141732 
vn 0.401575 -0.913386 0.0472441 
vn -0.362205 0.102362 -0.929134 
vn 0.228346 -0.141732 -0.96063 
vn 0.771654 0.527559 -0.362205 
vn -0.858268 -0.456693 -0.244094 
vn -0.622047 0.685039 0.377953 
vn -0.15748 0.984252 0.0472441 
vn 0.393701 0.826772 0.401575 
vn 0.952756 0.228346 -0.188976 
vn 0.858268 -0.456693 -0.244094 
vn 0.15748 0.984252 0.0472441 
vn 0.622047 0.685039 0.377953 
vn -0.952756 0.228346 -0.188976 
vn -0.393701 0.826772 0.401575 
vn 0.685039 -0.330709 0.653543 
vn 0.96063 0 0.283465 
vn 0.582677 0.511811 0.629921 
vn -0.401575 -0.913386 0.0472441 
vn -0.771654 0.527559 -0.362205 
vn -0.228346 -0.141732 -0.96063 
vn 0.362205 0.102362 -0.929134 
vn -0.251969 0.15748 -0.952756 
vn -0.330709 -0.346457 -0.88189 
vn -0.76378 0.283465 -0.582677 
vn -0.716535 -0.448819 -0.535433 
vn 0.362205 -0.0393701 -0.929134 
vn -0.0314961 0.590551 -0.80315 
vn 0.464567 0.551181 -0.692913 
vn 0.362205 -0.0393701 -0.929134 
vn -0.330709 -0.346457 -0.88189 
vn 0.102362 -0.606299 -0.787402 
vn -0.110236 -0.480315 0.866142 
vn -0.897638 0.433071 -0.0314961 
vn -0.952756 0.0708661 -0.291339 
vn 0.76378 0.283465 -0.582677 
vn 0.330709 -0.346457 -0.88189 
vn 0.251969 0.15748 -0.952756 
vn 0.716535 -0.448819 -0.535433 
vn -0.362205 -0.0393701 -0.929134 
vn 0.0314961 0.590551 -0.80315 
vn -0.464567 0.551181 -0.692913 
vn 0.330709 -0.346457 -0.88189 
vn -0.362205 -0.0393701 -0.929134 
vn -0.102362 -0.606299 -0.787402 
vn 0 -0.259843 -0.968504 
vn -0.165354 -0.850394 -0.503937 
vn -0.23622 -0.244094 -0.937008 
vn 0 -0.866142 -0.496063 
vn -0.251969 0.141732 -0.96063 
vn 0 0.125984 -0.992126 
vn 0.283465 -0.0629921 0.96063 
vn 0.685039 -0.330709 0.653543 
vn 0.582677 0.511811 0.629921 
vn 0 -0.259843 -0.968504 
vn 0.165354 -0.850394 -0.503937 
vn 0 -0.866142 -0.496063 
vn 0.23622 -0.244094 -0.937008 
vn 0.251969 0.141732 -0.96063 
vn 0 0.125984 -0.992126 
vn -0.566929 0.787402 0.244094 
vn 0.251969 0.590551 0.76378 
vn 0.267717 0.677165 -0.685039 
vn 0.96063 0.165354 0.220472 
vn -0.795276 -0.149606 0.590551 
vn -0.181102 -0.622047 0.76378 
vn -0.669291 -0.0314961 0.740157 
vn -0.307087 -0.732283 0.614173 
vn -0.84252 0.488189 -0.204724 
vn 0.133858 -0.0787402 -0.984252 
vn -0.716535 -0.692913 -0.11811 
vn 0.322835 -0.80315 0.503937 
vn 0.322835 -0.944882 -0.015748 
vn 0.19685 -0.929134 -0.314961 
vn 0.858268 -0.448819 -0.244094 
vn 0.716535 -0.448819 -0.535433 
vn 0.905512 -0.433071 -0.0472441 
vn 0.385827 -0.905512 0.173228 
vn 0.905512 0.307087 -0.291339 
vn 0.76378 0.283465 -0.582677 
vn 0.968504 0.212598 -0.141732 
vn -0.80315 -0.559055 0.188976 
vn -0.015748 0.251969 0.968504 
vn -0.992126 -0.0629921 0.0787402 
vn -0.133858 -0.0787402 -0.984252 
vn 0.84252 0.488189 -0.204724 
vn 0.716535 -0.692913 -0.11811 
vn -0.322835 -0.80315 0.503937 
vn -0.952756 0.228346 -0.188976 
vn 0.0629921 0.228346 -0.976378 
vn -0.464567 -0.84252 -0.259843 
vn 0.858268 -0.456693 -0.244094 
vn 0.80315 -0.559055 0.188976 
vn 0.015748 0.251969 0.968504 
vn -0.0472441 -0.110236 0.992126 
vn 0.992126 -0.0629921 0.0787402 
vn 0.409449 0.874016 0.259843 
vn -0.0629921 0.228346 -0.976378 
vn 0.952756 0.228346 -0.188976 
vn 0.464567 -0.84252 -0.259843 
vn -0.858268 -0.456693 -0.244094 
vn 0.181102 -0.622047 0.76378 
vn 0.795276 -0.149606 0.590551 
vn 0.669291 -0.0314961 0.740157 
vn 0.307087 -0.732283 0.614173 
vn -0.354331 0.23622 0.905512 
vn -0.307087 0.685039 0.661417 
vn -0.795276 0.330709 0.503937 
vn -0.685039 0.606299 0.401575 
vn 0 0.181102 0.984252 
vn -0.307087 0.685039 0.661417 
vn 0 0.716535 0.700787 
vn -0.716535 0.330709 -0.614173 
vn -0.992126 0.149606 0.00787402 
vn -0.929134 0.370079 0 
vn -0.992126 0.149606 0.00787402 
vn -0.795276 0.330709 0.503937 
vn -0.76378 0.125984 0.629921 
vn -0.259843 0.0944882 -0.96063 
vn -0.968504 0.0314961 -0.259843 
vn -0.661417 0.401575 -0.629921 
vn -0.582677 -0.511811 -0.629921 
vn 0.795276 0.330709 0.503937 
vn 0.685039 0.606299 0.401575 
vn 0.307087 0.685039 0.661417 
vn 0.354331 0.23622 0.905512 
vn 0.307087 0.685039 0.661417 
vn 0 0.181102 0.984252 
vn 0 0.716535 0.700787 
vn 0.771654 -0.125984 -0.622047 
vn 0.401575 -0.606299 0.685039 
vn -0.291339 -0.913386 -0.283465 
vn -0.80315 -0.559055 0.188976 
vn 0.11811 0.937008 -0.322835 
vn -0.220472 0.88189 -0.417323 
vn 0.850394 0.519685 0.0866142 
vn 0.259843 0.0944882 -0.96063 
vn 0.968504 0.0314961 -0.259843 
vn 0.582677 -0.511811 -0.629921 
vn 0.661417 0.401575 -0.629921 
vn 0.992126 0.149606 0.00787402 
vn 0.716535 0.330709 -0.614173 
vn 0.929134 0.370079 0 
vn 0.795276 0.330709 0.503937 
vn 0.992126 0.149606 0.00787402 
vn 0.76378 0.125984 0.629921 
vn 0.80315 -0.559055 0.188976 
vn -0.0472441 -0.110236 0.992126 
vn -0.401575 -0.606299 0.685039 
vn 0.291339 -0.913386 -0.283465 
vn -0.771654 -0.125984 -0.622047 
vn -0.992126 0.149606 0.00787402 
vn -0.716535 0.330709 -0.614173 
vn -0.76378 0.165354 -0.622047 
vn -0.11811 0.559055 -0.818898 
vn -0.244094 -0.244094 -0.937008 
vn -0.606299 -0.015748 -0.795276 
vn 0.433071 -0.811024 0.385827 
vn 0.0866142 -0.0472441 -0.992126 
vn 0.787402 -0.559055 0.251969 
vn -0.84252 0.488189 -0.204724 
vn -0.393701 0.866142 0.314961 
vn 0.322835 0.622047 -0.708661 
vn -0.795276 -0.149606 0.590551 
vn -0.874016 0.464567 0.15748 
vn -0.913386 -0.354331 0.204724 
vn -0.968504 0.0314961 -0.259843 
vn -0.582677 -0.511811 -0.629921 
vn -0.913386 -0.354331 0.204724 
vn -0.559055 -0.826772 0.0629921 
vn 0.244094 -0.244094 -0.937008 
vn 0.11811 0.559055 -0.818898 
vn 0.606299 -0.015748 -0.795276 
vn 0.11811 0.937008 -0.322835 
vn 0.0472441 -0.425197 -0.905512 
vn -0.220472 0.88189 -0.417323 
vn -0.322835 0.622047 -0.708661 
vn 0.393701 0.866142 0.314961 
vn 0.84252 0.488189 -0.204724 
vn -0.80315 -0.559055 0.188976 
vn 0.401575 -0.606299 0.685039 
vn 0.0472441 -0.110236 0.992126 
vn 0.716535 0.330709 -0.614173 
vn 0.992126 0.149606 0.00787402 
vn 0.76378 0.165354 -0.622047 
vn -0.929134 0.370079 0 
vn -0.637795 0.582677 -0.503937 
vn -0.716535 0.330709 -0.614173 
vn -0.708661 0.708661 0 
vn -0.929134 0.370079 0 
vn -0.685039 0.606299 0.401575 
vn -0.795276 0.330709 0.503937 
vn 0.149606 0.212598 0.968504 
vn 0.76378 0.307087 0.566929 
vn -0.141732 0.968504 0.19685 
vn -0.748031 0.488189 0.456693 
vn -0.913386 0.377953 -0.133858 
vn -0.582677 0.511811 0.629921 
vn -0.574803 0.818898 -0.023622 
vn -0.149606 0.212598 0.968504 
vn 0.141732 0.968504 0.19685 
vn -0.76378 0.307087 0.566929 
vn 0.748031 0.488189 0.456693 
vn 0.582677 -0.354331 -0.732283 
vn -0.385827 0.511811 -0.76378 
vn 0 -0.0314961 -1 
vn 0.795276 -0.149606 0.590551 
vn 0.913386 -0.354331 0.204724 
vn 0.874016 0.464567 0.15748 
vn 0.968504 0.0314961 -0.259843 
vn 0.913386 -0.354331 0.204724 
vn 0.582677 -0.511811 -0.629921 
vn 0.559055 -0.826772 0.0629921 
vn 0 -0.0314961 -1 
vn 0.385827 0.511811 -0.76378 
vn -0.582677 -0.354331 -0.732283 
vn -0.755906 0.409449 0.503937 
vn 0.0629921 0.700787 -0.708661 
vn -0.779528 -0.133858 -0.614173 
vn -0.755906 -0.472441 0.464567 
vn 0.480315 0.543307 -0.685039 
vn 0.779528 0.448819 -0.440945 
vn 0 0 1 
vn 0 0 1 
vn 0 0 1 
vn 0 0 1 
vn 0 0 1 
vn 0 0 1 
vn 0 0 1 
vn 0 0 1 
vn 0 0 1 
vn 0 0 1 
vn 0 0 1 
vn 0 0 1 
vn 0 0 1 
vn 0 0 1 
vn 0 0 1 
vn 0 0 1 
vn 0 0 1 
vn 0 0 1 
vn 0 0 1 
vn 0 0 1 
vn 0 0 1 
vn 0 0 1 
vn -0.858268 -0.141732 0.496063 
vn 0 -0.015748 -1 
vn 0.858268 0.11811 0.496063 
vn -0.850394 -0.173228 0.496063 
vn 0.00787402 -0.0393701 -1 
vn 0.858268 0.0866142 0.496063 
vn -0.692913 -0.566929 0.448819 
vn 0.84252 -0.299213 0.448819 
vn 0.0787402 -0.433071 -0.897638 
vn -0.748031 0.551181 0.370079 
vn -0.11811 0.661417 -0.740157 
vn 0.511811 0.771654 0.370079 
vn 0.637795 0.582677 -0.503937 
vn 0.929134 0.370079 0 
vn 0.716535 0.330709 -0.614173 
vn 0.708661 0.708661 0 
vn 0.929134 0.370079 0 
vn 0.685039 0.606299 0.401575 
vn 0.795276 0.330709 0.503937 
vn 0.433071 -0.811024 0.385827 
vn -0.511811 -0.598425 0.622047 
vn -0.795276 -0.401575 -0.456693 
vn -0.771654 0.448819 0.440945 
vn 0.913386 0.377953 -0.133858 
vn 0.574803 0.818898 -0.023622 
vn 0.582677 0.511811 0.629921 
vn -0.606299 -0.015748 -0.795276 
vn -0.251969 0.685039 -0.685039 
vn -0.11811 0.559055 -0.818898 
vn -0.748031 0.102362 -0.661417 
vn 0.173228 0.275591 0.944882 
vn -0.582677 0.511811 0.629921 
vn -0.283465 -0.0629921 0.96063 
vn 0.606299 -0.015748 -0.795276 
vn 0.251969 0.685039 -0.685039 
vn 0.748031 0.102362 -0.661417 
vn 0.11811 0.559055 -0.818898 
vn -0.84252 0.212598 -0.496063 
vn -0.251969 0.685039 -0.685039 
vn -0.748031 0.102362 -0.661417 
vn -0.370079 0.771654 -0.519685 
vn -0.251969 0.141732 -0.96063 
vn -0.76378 0.165354 -0.622047 
vn -0.716535 0.330709 -0.614173 
vn 0.0866142 -0.984252 0.165354 
vn 0.850394 -0.141732 -0.503937 
vn 0.755906 -0.448819 0.472441 
vn -0.173228 0.275591 0.944882 
vn 0.283465 -0.0629921 0.96063 
vn 0.582677 0.511811 0.629921 
vn -0.858268 -0.456693 -0.244094 
vn 0.464567 -0.84252 -0.259843 
vn -0.417323 -0.330709 0.84252 
vn -0.614173 -0.700787 -0.362205 
vn 0.519685 -0.275591 -0.80315 
vn -0.826772 0.173228 0.535433 
vn -0.23622 0.259843 -0.937008 
vn 0 0.228346 -0.976378 
vn 0 0.125984 -0.992126 
vn -0.251969 0.141732 -0.96063 
vn -0.23622 0.259843 -0.937008 
vn -0.716535 0.330709 -0.614173 
vn -0.944882 -0.307087 0.102362 
vn -0.811024 0.456693 0.362205 
vn -0.897638 0.433071 0.0551181 
vn -0.858268 -0.307087 0.409449 
vn -0.275591 0.952756 0.133858 
vn -0.377953 0.913386 -0.165354 
vn -0.771654 0.456693 0.448819 
vn -0.244094 0.944882 0.212598 
vn -0.858268 -0.307087 0.409449 
vn -0.771654 0.456693 0.448819 
vn -0.748031 -0.385827 0.543307 
vn 0.251969 0.141732 -0.96063 
vn 0.716535 0.330709 -0.614173 
vn 0.76378 0.165354 -0.622047 
vn 0.23622 0.259843 -0.937008 
vn 0 0.125984 -0.992126 
vn 0 0.228346 -0.976378 
vn 0.251969 0.141732 -0.96063 
vn 0.716535 0.330709 -0.614173 
vn 0.23622 0.259843 -0.937008 
vn -0.0866142 0.338583 0.937008 
vn -0.173228 0.984252 -0.0944882 
vn -0.204724 0.929134 -0.299213 
vn 0.755906 0.409449 0.503937 
vn -0.897638 0.433071 -0.0314961 
vn -0.133858 -0.968504 0.19685 
vn -0.952756 0.0708661 -0.291339 
vn -0.401575 0.80315 -0.433071 
vn -0.732283 0.496063 -0.464567 
vn 0.141732 0.968504 0.19685 
vn 0.488189 0.76378 -0.433071 
vn 0.251969 0.685039 -0.685039 
vn 0.84252 0.212598 -0.496063 
vn 0.748031 0.102362 -0.661417 
vn 0.370079 0.771654 -0.519685 
vn 0.102362 0.330709 0.937008 
vn 0.173228 0.984252 -0.0944882 
vn -0.755906 0.409449 0.503937 
vn 0.19685 0.937008 -0.291339 
vn 0.850394 0.519685 0.0866142 
vn 0.858268 -0.456693 -0.244094 
vn 0.417323 -0.330709 0.84252 
vn -0.464567 -0.84252 -0.259843 
vn 0.0944882 0.984252 -0.133858 
vn 0.472441 0.417323 -0.771654 
vn -0.582677 0.724409 0.370079 
vn -0.283465 0.685039 -0.669291 
vn -0.23622 0.259843 -0.937008 
vn -0.637795 0.582677 -0.503937 
vn -0.716535 0.330709 -0.614173 
vn 0.0629921 0.700787 -0.708661 
vn -0.755906 0.409449 0.503937 
vn 0.173228 0.984252 -0.0944882 
vn -0.913386 0.377953 -0.133858 
vn -0.370079 0.771654 -0.519685 
vn -0.84252 0.212598 -0.496063 
vn -0.574803 0.818898 -0.023622 
vn -0.96063 0 0.283465 
vn -0.582677 0.511811 0.629921 
vn 0.110236 0.755906 0.645669 
vn 0.173228 0.275591 0.944882 
vn -0.0944882 0.984252 -0.133858 
vn 0.582677 0.724409 0.370079 
vn -0.472441 0.417323 -0.771654 
vn 0.015748 0.905512 -0.425197 
vn -0.401575 0.80315 -0.433071 
vn -0.952756 0.0708661 -0.291339 
vn 0.944882 -0.307087 0.102362 
vn 0.811024 0.456693 0.362205 
vn 0.858268 -0.307087 0.409449 
vn 0.897638 0.433071 0.0551181 
vn 0.275591 0.952756 0.133858 
vn 0.377953 0.913386 -0.165354 
vn 0.771654 0.456693 0.448819 
vn 0.244094 0.944882 0.212598 
vn 0.771654 0.456693 0.448819 
vn 0.858268 -0.307087 0.409449 
vn 0.748031 -0.385827 0.543307 
vn -0.275591 -0.244094 0.929134 
vn -0.0314961 -0.811024 0.582677 
vn 0.15748 -0.740157 0.653543 
vn -0.417323 -0.370079 0.834646 
vn -0.275591 -0.244094 0.929134 
vn -0.811024 0.0629921 0.582677 
vn -0.716535 0.244094 0.653543 
vn 0.637795 0.582677 -0.503937 
vn 0.23622 0.259843 -0.937008 
vn 0.283465 0.685039 -0.669291 
vn 0.716535 0.330709 -0.614173 
vn 0 0 -1 
vn 0 0 -1 
vn 0 0 -1 
vn 0 0 -1 
vn 0 0 -1 
vn 0 0 -1 
vn 0 0 -1 
vn 0 0 -1 
vn 0 0 -1 
vn 0 0 -1 
vn 0 0 -1 
vn 0 0 -1 
vn 0 0 -1 
vn 0 0 -1 
vn 0 0 -1 
vn 0 0 -1 
vn 0 0 -1 
vn 0 0 -1 
vn 0 0 -1 
vn 0 0 -1 
vn 0 0 -1 
vn 0 0 -1 
vn 0 0 -1 
vn 0 0 -1 
vn 0 0 -1 
vn 0 0 -1 
vn 0 0 -1 
vn 0 0 -1 
vn 0.370079 0.771654 -0.519685 
vn 0.913386 0.377953 -0.133858 
vn 0.84252 0.212598 -0.496063 
vn 0.574803 0.818898 -0.023622 
vn 0.96063 0 0.283465 
vn 0.582677 0.511811 0.629921 
vn -0.110236 0.755906 0.645669 
vn -0.173228 0.275591 0.944882 
vn 0.102362 -0.362205 0.92126 
vn 0.393701 0.826772 0.401575 
vn -0.15748 0.984252 0.0472441 
vn 0.732283 -0.582677 0.354331 
vn 0.732283 0.496063 -0.464567 
vn 0.76378 0.307087 0.566929 
vn -0.141732 0.968504 0.19685 
vn 0.362205 0.102362 -0.929134 
vn -0.488189 0.76378 -0.433071 
vn -0.614173 0.543307 -0.574803 
vn 0.15748 0.984252 0.0472441 
vn -0.393701 0.826772 0.401575 
vn -0.102362 -0.362205 0.92126 
vn -0.905512 -0.433071 -0.0472441 
vn -0.913386 -0.401575 0.0944882 
vn -0.968504 0.212598 -0.141732 
vn -1 0 0.00787402 
vn 0 0 -1 
vn 0 0 -1 
vn 0 0 -1 
vn 0 0 -1 
vn 0 0 -1 
vn 0 0 -1 
vn -0.472441 0.417323 -0.771654 
vn 0.614173 -0.700787 -0.362205 
vn -0.519685 -0.275591 -0.80315 
vn 0.826772 0.173228 0.535433 
vn 0.771654 -0.125984 -0.622047 
vn 0.582677 0.724409 0.370079 
vn 0.645669 0.385827 -0.661417 
vn 0 0.700787 -0.708661 
vn -0.23622 0.259843 -0.937008 
vn -0.283465 0.685039 -0.669291 
vn 0 0.228346 -0.976378 
vn 0 0.700787 -0.708661 
vn 0.23622 0.259843 -0.937008 
vn 0 0.228346 -0.976378 
vn 0.283465 0.685039 -0.669291 
vn 0 0 -1 
vn 0 0 -1 
vn 0 0 -1 
vn 0 0 -1 
vn 0 0 -1 
vn 0 0 -1 
vn 0 0 -1 
vn 0 0 -1 
vn 0 0 -1 
vn 0 0 -1 
vn 0 0 -1 
vn 0 0 -1 
vn 0 0 -1 
vn 0 0 -1 
vn 0 0 -1 
vn 0 0 -1 
vn 0 0 -1 
vn 0 0 -1 
vn 0 0 -1 
vn 0 0 -1 
vn 0 0 -1 
vn 0 0 -1 
vn 0 0 -1 
vn 0 0 -1 
vn 0 0 -1 
vn 0 0 -1 
vn 0 0 -1 
vn 0 0 -1 
vn 0 0 -1 
vn 0 0 -1 
vn -0.84252 0.291339 -0.456693 
vn -0.377953 0.913386 -0.165354 
vn -0.464567 0.551181 -0.692913 
vn -0.897638 0.433071 0.0551181 
vn 0 1 0 
vn 0 1 0 
vn 0 1 0 
vn 0 1 0 
vn -0.23622 0.968504 -0.015748 
vn -0.685039 0.606299 0.401575 
vn -0.307087 0.685039 0.661417 
vn -0.708661 0.708661 0 
vn -0.23622 0.968504 -0.015748 
vn -0.637795 0.582677 -0.503937 
vn -0.283465 0.685039 -0.669291 
vn 0.755906 -0.472441 0.464567 
vn 0.779528 -0.133858 -0.606299 
vn 0.755906 0.409449 0.503937 
vn -0.0629921 0.700787 -0.708661 
vn -0.496063 0.543307 -0.677165 
vn -0.173228 0.984252 -0.0944882 
vn -0.771654 0.456693 -0.448819 
vn -0.677165 -0.582677 0.440945 
vn -0.385827 0.511811 -0.76378 
vn -0.685039 -0.370079 -0.629921 
vn -0.724409 0.496063 0.488189 
vn 0.338583 0.551181 -0.755906 
vn 0.582677 -0.354331 -0.732283 
vn 0.700787 0.590551 -0.393701 
vn 0 0 -1 
vn 0 0 -1 
vn 0 0 -1 
vn 0 0 -1 
vn 0 0 -1 
vn 0 0 -1 
vn 0 0 -1 
vn 0 0 -1 
vn 0 0 -1 
vn 0 0 -1 
vn 0 0 -1 
vn 0 0 -1 
vn 0 0 -1 
vn 0 0 -1 
vn 0 0 -1 
vn 0 0 -1 
vn 0 0 -1 
vn 0 0 -1 
vn 0 0 -1 
vn 0 0 -1 
vn 0 0 -1 
vn 0 0 -1 
vn 0 0 -1 
vn 0 0 -1 
vn 0 0 -1 
vn 0 0 -1 
vn 0 0 -1 
vn 0 0 -1 
vn 0 0 -1 
vn 0 0 -1 
vn 0 0 -1 
vn 0 0 -1 
vn 0 0 -1 
vn 0 0 -1 
vn 0 0 -1 
vn 0 0 -1 
vn 0.905512 -0.433071 -0.0472441 
vn 0.968504 0.212598 -0.141732 
vn 0.913386 -0.401575 0.0944882 
vn 1 0 0.00787402 
vn 0.755906 -0.448819 0.472441 
vn 0.11811 0.937008 -0.322835 
vn 0.850394 0.519685 0.0866142 
vn 0.850394 -0.141732 -0.503937 
vn -0.417323 -0.370079 -0.834646 
vn -0.811024 0.0629921 -0.582677 
vn -0.275591 -0.244094 -0.929134 
vn -0.716535 0.244094 -0.653543 
vn -0.275591 -0.244094 -0.929134 
vn -0.0314961 -0.811024 -0.582677 
vn 0.15748 -0.740157 -0.653543 
vn 0.84252 0.291339 -0.456693 
vn 0.377953 0.913386 -0.165354 
vn 0.897638 0.433071 0.0551181 
vn 0.464567 0.551181 -0.692913 
vn 0.23622 0.968504 -0.015748 
vn 0.685039 0.606299 0.401575 
vn 0.708661 0.708661 0 
vn 0.307087 0.685039 0.661417 
vn 0.23622 0.968504 -0.015748 
vn 0.637795 0.582677 -0.503937 
vn 0.283465 0.685039 -0.669291 
vn 0 1 -0.023622 
vn -0.307087 0.685039 0.661417 
vn 0 0.716535 0.700787 
vn -0.23622 0.968504 -0.015748 
vn 0 1 -0.023622 
vn 0.307087 0.685039 0.661417 
vn 0.23622 0.968504 -0.015748 
vn 0 0.716535 0.700787 
vn -0.992126 -0.0551181 0.0866142 
vn -0.338583 0 0.937008 
vn -1 0 0.0708661 
vn -0.370079 -0.622047 0.692913 
vn -0.992126 0.0551181 0.0866142 
vn -0.370079 0.622047 0.692913 
vn -1 0.0787402 0 
vn -0.401575 0.913386 0 
vn -0.992126 0.0551181 0.0866142 
vn 0.677165 -0.582677 0.440945 
vn 0.385827 0.511811 -0.76378 
vn 0.724409 0.496063 0.488189 
vn 0.685039 -0.370079 -0.629921 
vn -0.338583 0.551181 -0.755906 
vn -0.582677 -0.354331 -0.732283 
vn -0.700787 0.590551 -0.393701 
vn 0.771654 0.527559 -0.362205 
vn -0.0708661 0.606299 -0.787402 
vn -0.23622 0.944882 -0.244094 
vn -0.259843 0.0944882 -0.96063 
vn -0.496063 0.755906 -0.425197 
vn 0.11811 0.559055 -0.818898 
vn -0.661417 0.401575 -0.629921 
vn 0.724409 0.496063 0.488189 
vn 0.385827 0.511811 -0.76378 
vn 0 0.598425 -0.795276 
vn -0.724409 0.496063 0.488189 
vn 0 0.598425 -0.795276 
vn -0.385827 0.511811 -0.76378 
vn 0 -0.992126 -0.110236 
vn -0.259843 -0.566929 0.779528 
vn -0.622047 -0.779528 -0.0551181 
vn 0 -0.653543 0.755906 
vn 0 -0.992126 -0.110236 
vn -0.322835 -0.425197 -0.84252 
vn 0 -0.488189 -0.874016 
vn -0.771654 0.527559 -0.362205 
vn 0.23622 0.944882 -0.244094 
vn 0.0708661 0.606299 -0.787402 
vn 0 -0.992126 -0.110236 
vn 0.622047 -0.779528 -0.0551181 
vn 0.259843 -0.566929 0.779528 
vn 0 -0.653543 0.755906 
vn 0 -0.992126 -0.110236 
vn 0.322835 -0.425197 -0.84252 
vn 0 -0.488189 -0.874016 
vn 0.259843 0.0944882 -0.96063 
vn 0.496063 0.755906 -0.425197 
vn 0.661417 0.401575 -0.629921 
vn -0.11811 0.559055 -0.818898 
vn 0.338583 0 0.937008 
vn 0.992126 -0.0551181 0.0866142 
vn 1 0 0.0708661 
vn 0.370079 -0.622047 0.692913 
vn 0.992126 0.0551181 0.0866142 
vn 0.370079 0.622047 0.692913 
vn 0.992126 0.0551181 0.0866142 
vn 1 0.0787402 0 
vn 0.401575 0.913386 0 
vn 0 0 -1 
vn 0 0 -1 
vn 0 0 -1 
vn 0 0 -1 
vn 0 0 -1 
vn 0 0 -1 
vn -1 0.0787402 0 
vn -0.370079 0.622047 -0.692913 
vn -0.992126 0.0551181 -0.0866142 
vn -0.401575 0.913386 0 
vn -0.338583 0 -0.937008 
vn -0.992126 0.0551181 -0.0866142 
vn -1 0 -0.0708661 
vn -0.992126 -0.0551181 -0.0866142 
vn -0.370079 -0.622047 -0.692913 
vn 0 0 -1 
vn 0 0 -1 
vn 0 0 -1 
vn 0 0 -1 
vn 0 0 -1 
vn 0 0 -1 
vn 0.204724 -0.141732 0.968504 
vn -0.023622 -0.11811 0.992126 
vn 0.716535 -0.692913 -0.11811 
vn -0.322835 -0.80315 0.503937 
vn 0.023622 -0.11811 0.992126 
vn -0.204724 -0.141732 0.968504 
vn -0.716535 -0.692913 -0.11811 
vn 0.322835 -0.80315 0.503937 
vn 0.433071 -0.811024 0.385827 
vn 0.787402 -0.559055 0.251969 
vn -0.0472441 -0.023622 1 
vn -0.370079 -0.622047 0.692913 
vn -1 -0.0787402 0 
vn -0.401575 -0.913386 0 
vn -0.992126 -0.0551181 0.0866142 
vn 0.204724 -0.141732 0.968504 
vn -0.362205 0.559055 0.748031 
vn -0.023622 -0.11811 0.992126 
vn -0.748031 -0.527559 0.409449 
vn 0.748031 -0.527559 0.409449 
vn 0.362205 0.559055 0.748031 
vn 0.023622 -0.11811 0.992126 
vn -0.204724 -0.141732 0.968504 
vn -0.748031 -0.527559 0.409449 
vn -0.362205 0.559055 0.748031 
vn -0.944882 0.0866142 0.314961 
vn 0.204724 -0.141732 0.968504 
vn 0.393701 0.866142 0.314961 
vn 0.748031 -0.527559 0.409449 
vn 0.944882 0.0866142 0.314961 
vn 0.362205 0.559055 0.748031 
vn -0.393701 0.866142 0.314961 
vn -0.204724 -0.141732 0.968504 
vn 0 0 -1 
vn 0 0 -1 
vn 0 0 -1 
vn 0 0 -1 
vn 0 0 -1 
vn 0 0 -1 
vn 0 0 -1 
vn 0 0 -1 
vn 0 0 -1 
vn 0 0 -1 
vn 0 0 -1 
vn 0 0 -1 
vn 0 0 -1 
vn 0 0 -1 
vn 0 0 -1 
vn 0 0 -1 
vn 0 0 -1 
vn 0 0 -1 
vn 0 0 -1 
vn 0 0 -1 
vn 0 0 -1 
vn 0 0 -1 
vn 0 0 -1 
vn 0 0 -1 
vn 0 0 -1 
vn 0 0 -1 
vn 0 0 -1 
vn 0 0 -1 
vn 0 0 -1 
vn 0 0 -1 
vn 0 0 -1 
vn 0 0 -1 
vn 0 0 -1 
vn 0 0 -1 
vn 0 0 -1 
vn 0 0 -1 
vn 0 0 -1 
vn 0 0 -1 
vn 0 0 -1 
vn 0 0 -1 
vn 0 0 -1 
vn 0 0 -1 
vn 0 0 -1 
vn 0 0 -1 
vn 0 0 -1 
vn 0 0 -1 
vn 0 0 -1 
vn 0 0 -1 
vn 0 0 -1 
vn 0 0 -1 
vn 0 0 -1 
vn 0 0 -1 
vn 0 0 -1 
vn 0 0 -1 
vn 0 0 -1 
vn 0 0 -1 
vn 0 0 -1 
vn 0 0 -1 
vn 0 0 -1 
vn 0 0 -1 
vn 0 0 -1 
vn 0 0 -1 
vn 0 0 -1 
vn 0 0 -1 
vn 0 0 -1 
vn 0 0 -1 
vn 0 0 -1 
vn 0 0 -1 
vn 0 0 -1 
vn 0 0 -1 
vn 0 0 -1 
vn 0 0 -1 
vn 0 0 -1 
vn 0 0 -1 
vn 0 0 -1 
vn 0 0 -1 
vn 0 0 -1 
vn 0 0 -1 
vn 0 0 -1 
vn 0 0 -1 
vn 0 0 -1 
vn 0 0 -1 
vn 0 0 -1 
vn 0 0 -1 
vn 0 0 -1 
vn 0 0 -1 
vn 0 0 -1 
vn 0 0 -1 
vn 0 0 -1 
vn 0 0 -1 
vn 0 0 -1 
vn 0 0 -1 
vn 0 0 -1 
vn 0 0 -1 
vn 0 0 -1 
vn 0 0 -1 
vn 0 0 -1 
vn 0 0 -1 
vn 0 0 -1 
vn 0 0 -1 
vn 0 0 -1 
vn 0 0 -1 
vn 0 0 -1 
vn 0 0 -1 
vn 0 0 -1 
vn 0 0 -1 
vn 0 0 -1 
vn 0 0 -1 
vn 0 0 -1 
vn -0.0393701 -0.19685 0.976378 
vn -0.102362 -0.362205 0.92126 
vn -0.464567 -0.84252 -0.259843 
vn 0.417323 -0.330709 0.84252 
vn 0.102362 -0.362205 0.92126 
vn 0.0393701 -0.19685 0.976378 
vn 0.464567 -0.84252 -0.259843 
vn -0.417323 -0.330709 0.84252 
vn -0.181102 0.984252 0 
vn -0.181102 0.984252 0 
vn -0.181102 0.984252 0 
vn -0.181102 0.984252 0 
vn 0.417323 -0.330709 0.84252 
vn 0.15748 0.984252 0.0472441 
vn -0.0393701 -0.19685 0.976378 
vn -0.102362 -0.362205 0.92126 
vn 0.102362 -0.362205 0.92126 
vn -0.15748 0.984252 0.0472441 
vn 0.0393701 -0.19685 0.976378 
vn -0.417323 -0.330709 0.84252 
vn 0 0 -1 
vn 0 0 -1 
vn 0 0 -1 
vn 0 0 -1 
vn 0.370079 0.622047 -0.692913 
vn 1 0.0787402 0 
vn 0.992126 0.0551181 -0.0866142 
vn 0.401575 0.913386 0 
vn 0.992126 0.0551181 -0.0866142 
vn 0.338583 0 -0.937008 
vn 1 0 -0.0708661 
vn 0.992126 -0.0551181 -0.0866142 
vn 0.370079 -0.622047 -0.692913 
vn 0 0.700787 -0.708661 
vn -0.23622 0.968504 -0.015748 
vn 0 1 -0.023622 
vn -0.283465 0.685039 -0.669291 
vn -1 -0.0787402 0 
vn -0.992126 -0.0551181 -0.0866142 
vn -0.370079 -0.622047 -0.692913 
vn -0.401575 -0.913386 0 
vn 0 0.700787 -0.708661 
vn 0.23622 0.968504 -0.015748 
vn 0.283465 0.685039 -0.669291 
vn 0 1 -0.023622 
vn 0 0 -1 
vn 0 0 -1 
vn 0 0 -1 
vn 0 0 -1 
vn 0 0 -1 
vn 0 0 -1 
vn 0 0 -1 
vn 0 0 -1 
vn 0 0 -1 
vn 0 0 -1 
vn 0 0 -1 
vn 0 0 -1 
vn 0 0 -1 
vn 0 0 -1 
vn 0 0 -1 
vn 0 0 -1 
vn 0 0 -1 
vn 0 0 -1 
vn 0 0 -1 
vn 0 0 -1 
vn 0 0 -1 
vn 0 0 -1 
vn 0 0 -1 
vn 0 0 -1 
vn 0.00787402 0 -1 
vn 0 0 -1 
vn 0 0 -1 
vn 0 0 -1 
vn 0 0 -1 
vn 0 0 -1 
vn -0.685039 -0.370079 -0.629921 
vn 0.338583 0.551181 -0.755906 
vn 0 -0.322835 -0.944882 
vn 0.685039 -0.370079 -0.629921 
vn 0 -0.322835 -0.944882 
vn -0.338583 0.551181 -0.755906 
vn 1 -0.0787402 0 
vn 0.370079 -0.622047 0.692913 
vn 0.401575 -0.913386 0 
vn 0.992126 -0.0551181 0.0866142 
vn -0.338583 0.551181 -0.755906 
vn 0 0.866142 -0.496063 
vn -0.700787 0.590551 -0.393701 
vn -0.76378 0.283465 -0.582677 
vn -0.307087 0.850394 -0.433071 
vn -0.251969 0.15748 -0.952756 
vn -0.0314961 0.590551 -0.80315 
vn -0.732283 0.496063 -0.464567 
vn 0.488189 0.76378 -0.433071 
vn -0.362205 0.102362 -0.929134 
vn -0.496063 0.755906 -0.425197 
vn -0.968504 0.0314961 -0.259843 
vn -0.874016 0.464567 0.15748 
vn -0.661417 0.401575 -0.629921 
vn 0 0 -1 
vn 0 0 -1 
vn 0 0 -1 
vn 0 0 -1 
vn 0 0 -1 
vn 0 0 -1 
vn 0 0 -1 
vn 0 0 -1 
vn 0 0 -1 
vn -0.779528 -0.133858 -0.614173 
vn 0.480315 0.543307 -0.685039 
vn 0.0472441 -0.425197 -0.905512 
vn 0.779528 -0.133858 -0.606299 
vn -0.15748 -0.377953 -0.913386 
vn -0.496063 0.543307 -0.677165 
vn 1 -0.0787402 0 
vn 0.370079 -0.622047 -0.692913 
vn 0.992126 -0.0551181 -0.0866142 
vn 0.401575 -0.913386 0 
vn 0 0.866142 -0.496063 
vn 0.338583 0.551181 -0.755906 
vn 0.700787 0.590551 -0.393701 
vn 0.307087 0.850394 -0.433071 
vn 0.251969 0.15748 -0.952756 
vn 0.0314961 0.590551 -0.80315 
vn 0.76378 0.283465 -0.582677 
vn -0.362205 0.889764 -0.283465 
vn 0.11811 0.559055 -0.818898 
vn -0.496063 0.755906 -0.425197 
vn 0.251969 0.685039 -0.685039 
vn 0.362205 0.889764 -0.283465 
vn -0.11811 0.559055 -0.818898 
vn -0.251969 0.685039 -0.685039 
vn 0.496063 0.755906 -0.425197 
vn 0.779528 0.448819 -0.440945 
vn 0.0629921 0.700787 -0.708661 
vn 0.173228 0.984252 -0.0944882 
vn 0.496063 0.755906 -0.425197 
vn 0.874016 0.464567 0.15748 
vn 0.968504 0.0314961 -0.259843 
vn 0.661417 0.401575 -0.629921 
vn 0.787402 -0.559055 0.251969 
vn 0.96063 0.165354 0.220472 
vn 0.251969 0.590551 0.76378 
vn 0.322835 -0.80315 0.503937 
vn 0.748031 -0.527559 0.409449 
vn 0.023622 -0.11811 0.992126 
vn -0.84252 0.488189 -0.204724 
vn -0.716535 -0.692913 -0.11811 
vn -0.204724 -0.141732 0.968504 
vn -0.84252 0.488189 -0.204724 
vn -0.204724 -0.141732 0.968504 
vn -0.393701 0.866142 0.314961 
vn 0 0 -1 
vn 0 0 -1 
vn 0 0 -1 
vn 0 0 -1 
vn 0 0 -1 
vn 0 0 -1 
vn 0 0 -1 
vn 0 0 -1 
vn 0 0 -1 
vn 0 0 -1 
vn 0 0 -1 
vn 0 0 -1 
vn 0 0 -1 
vn 0 0 -1 
vn 0 0 -1 
vn 0 0 -1 
vn 0 0 -1 
vn 0.708661 -0.677165 0.204724 
vn 0.937008 -0.314961 0.165354 
vn 0 -0.0866142 0.992126 
vn -0.322835 -0.80315 0.503937 
vn -0.023622 -0.11811 0.992126 
vn -0.748031 -0.527559 0.409449 
vn 0.19685 0.937008 -0.291339 
vn 0.850394 0.519685 0.0866142 
vn -0.220472 0.88189 -0.417323 
vn -0.0314961 -0.811024 -0.582677 
vn 0.141732 -0.992126 0 
vn -0.385827 -0.84252 -0.370079 
vn -0.362205 -0.929134 0 
vn 0.15748 -0.740157 -0.653543 
vn 0.141732 -0.992126 0 
vn 0.346457 -0.937008 0 
vn 0.141732 -0.992126 0 
vn -0.385827 -0.84252 0.370079 
vn -0.0314961 -0.811024 0.582677 
vn 0.15748 -0.740157 0.653543 
vn 0.141732 -0.992126 0 
vn 0.937008 -0.314961 0.165354 
vn 0.929134 0.338583 0.141732 
vn 0.133858 0.614173 0.779528 
vn -0.952756 0.0708661 -0.291339 
vn -0.897638 0.433071 -0.0314961 
vn -0.204724 0.929134 -0.299213 
vn -0.669291 -0.0314961 0.740157 
vn -0.874016 0.464567 0.15748 
vn -0.795276 -0.149606 0.590551 
vn -0.748031 0.590551 0.307087 
vn -0.362205 0.889764 -0.283465 
vn -0.874016 0.464567 0.15748 
vn -0.496063 0.755906 -0.425197 
vn 0.173228 0.275591 0.944882 
vn 0.0472441 -0.488189 0.874016 
vn 0.511811 0.0787402 0.850394 
vn -0.283465 -0.0629921 0.96063 
vn 0.590551 0.677165 0.433071 
vn 0.110236 0.755906 0.645669 
vn -0.0629921 0.984252 0.15748 
vn 0.220472 0.968504 -0.133858 
vn -0.0629921 0.984252 0.15748 
vn -0.370079 0.771654 -0.519685 
vn -0.574803 0.818898 -0.023622 
vn -0.582677 0.511811 0.629921 
vn -0.0629921 0.984252 0.15748 
vn -0.582677 0.511811 0.629921 
vn 0.110236 0.755906 0.645669 
vn -0.748031 0.488189 0.456693 
vn 0.23622 0.944882 -0.244094 
vn -0.771654 0.527559 -0.362205 
vn 0 0 -1 
vn 0 0 -1 
vn 0 0 -1 
vn 0 0 -1 
vn 0 0 -1 
vn 0 0 -1 
vn 0 0 -1 
vn 0 0 -1 
vn 0 0 -1 
vn 0 0 -1 
vn 0 0 -1 
vn 0 0 -1 
vn 0 0 -1 
vn 0 0 -1 
vn 0 0 -1 
vn 0 0 -1 
vn 0 0 -1 
vn 0 0 -1 
vn 0 0 -1 
vn 0 0 -1 
vn 0 0 -1 
vn 0 0 -1 
vn 0 0 -1 
vn 0 0 -1 
vn 0 0 -1 
vn 0 0 -1 
vn 0 0 -1 
vn 0 0 -1 
vn 0 0 -1 
vn 0.133858 0.614173 0.779528 
vn -0.724409 0.669291 0.173228 
vn -0.976378 0.0708661 0.19685 
vn 0.787402 -0.559055 0.251969 
vn 0.251969 0.590551 0.76378 
vn -0.0472441 -0.023622 1 
vn -0.771654 0.448819 0.440945 
vn 0.417323 -0.330709 0.84252 
vn 0.622047 0.685039 0.377953 
vn 0.15748 0.984252 0.0472441 
vn 0.937008 -0.314961 0.165354 
vn 0.133858 0.614173 0.779528 
vn 0 -0.0866142 0.992126 
vn -0.976378 0.0708661 0.19685 
vn 0.708661 -0.677165 0.204724 
vn -0.19685 -0.976378 -0.0787402 
vn -0.905512 -0.346457 0.228346 
vn 0.850394 -0.141732 -0.503937 
vn 0.0472441 -0.425197 -0.905512 
vn 0.11811 0.937008 -0.322835 
vn 0 -0.0866142 0.992126 
vn -0.976378 0.0708661 0.19685 
vn -0.905512 -0.346457 0.228346 
vn 0.84252 0.488189 -0.204724 
vn 0.204724 -0.141732 0.968504 
vn 0.716535 -0.692913 -0.11811 
vn 0 0 -1 
vn 0 0 -1 
vn 0 0 -1 
vn 0 0 -1 
vn 0.251969 0.590551 0.76378 
vn -0.566929 0.787402 0.244094 
vn -0.771654 0.448819 0.440945 
vn 0.84252 0.488189 -0.204724 
vn 0.393701 0.866142 0.314961 
vn 0.204724 -0.141732 0.968504 
vn 0.433071 -0.811024 0.385827 
vn -0.0472441 -0.023622 1 
vn -0.511811 -0.598425 0.622047 
vn -0.771654 0.448819 0.440945 
vn 0 0 -1 
vn 0 0 -1 
vn 0 0 -1 
vn 0 0 -1 
vn -0.417323 -0.330709 0.84252 
vn -0.15748 0.984252 0.0472441 
vn -0.622047 0.685039 0.377953 
vn -0.952756 0.0708661 -0.291339 
vn -0.204724 0.929134 -0.299213 
vn 0.0551181 0.417323 -0.905512 
vn -0.173228 0.984252 -0.0944882 
vn 0.173228 0.984252 -0.0944882 
vn 0.19685 0.937008 -0.291339 
vn -0.472441 0.354331 -0.811024 
vn -0.220472 0.88189 -0.417323 
vn -0.700787 0.590551 -0.393701 
vn 0 0.448819 -0.889764 
vn -0.582677 -0.354331 -0.732283 
vn 0 0 -1 
vn 0 0 -1 
vn 0 0 -1 
vn 0 0 -1 
vn 0 0 -1 
vn 0 0 -1 
vn 0 0 -1 
vn 0 0 -1 
vn 0 0 -1 
vn 0 0 -1 
vn 0 0 -1 
vn 0 0 -1 
vn 0 0 -1 
vn 0 0 -1 
vn 0 0 -1 
vn 0 0 -1 
vn 0 0 -1 
vn 0 0 -1 
vn 0 0 -1 
vn 0 0 -1 
vn 0 0 -1 
vn -0.496063 0.543307 -0.677165 
vn 0.015748 0.905512 -0.425197 
vn -0.771654 0.456693 -0.448819 
vn -0.15748 -0.377953 -0.913386 
vn -0.401575 0.80315 -0.433071 
vn -0.826772 0.173228 0.535433 
vn 0.0944882 0.984252 -0.133858 
vn -0.582677 0.724409 0.370079 
vn 0.669291 -0.0314961 0.740157 
vn 0.874016 0.464567 0.15748 
vn 0.748031 0.590551 0.307087 
vn 0.795276 -0.149606 0.590551 
vn 0.874016 0.464567 0.15748 
vn 0.362205 0.889764 -0.283465 
vn 0.496063 0.755906 -0.425197 
vn 0.582677 -0.354331 -0.732283 
vn 0 -0.0314961 -1 
vn 0 0.448819 -0.889764 
vn -0.582677 -0.354331 -0.732283 
vn -0.700787 0.590551 -0.393701 
vn 0 0.866142 -0.496063 
vn 0.700787 0.590551 -0.393701 
vn -0.377953 0.913386 -0.165354 
vn 0.0314961 0.590551 -0.80315 
vn -0.464567 0.551181 -0.692913 
vn 0.307087 0.850394 -0.433071 
vn 0.700787 0.590551 -0.393701 
vn 0.582677 -0.354331 -0.732283 
vn 0 0.448819 -0.889764 
vn -0.614173 0.543307 -0.574803 
vn 0.0708661 0.606299 -0.787402 
vn -0.141732 0.968504 0.19685 
vn -0.220472 0.88189 -0.417323 
vn 0.480315 0.543307 -0.685039 
vn 0.779528 0.448819 -0.440945 
vn 0.0472441 -0.425197 -0.905512 
vn 0.748031 0.488189 0.456693 
vn 0.771654 0.527559 -0.362205 
vn -0.23622 0.944882 -0.244094 
vn 0.015748 0.251969 0.968504 
vn 0.409449 0.874016 0.259843 
vn 0.0944882 0.984252 -0.133858 
vn 0 0 -1 
vn 0 0 -1 
vn 0 0 -1 
vn 0 0 -1 
vn 0 0 -1 
vn 0 0 -1 
vn 0 0 -1 
vn 0 0 -1 
vn 0 0 -1 
vn 0 0 -1 
vn 0 0 -1 
vn 0 0 -1 
vn 0 0 -1 
vn 0 0 -1 
vn 0 0 -1 
vn 0 0 -1 
vn 0 0 -1 
vn 0.464567 0.551181 -0.692913 
vn -0.0314961 0.590551 -0.80315 
vn 0.377953 0.913386 -0.165354 
vn -0.307087 0.850394 -0.433071 
vn 0.472441 0.417323 -0.771654 
vn -0.614173 -0.700787 -0.362205 
vn -0.645669 0.385827 -0.661417 
vn -0.582677 0.724409 0.370079 
vn -0.826772 0.173228 0.535433 
vn -0.0472441 -0.110236 0.992126 
vn -0.826772 0.173228 0.535433 
vn -0.401575 -0.606299 0.685039 
vn -0.771654 0.456693 -0.448819 
vn 0.0551181 0.417323 -0.905512 
vn -0.173228 0.984252 -0.0944882 
vn 0 0 -1 
vn 0 0 -1 
vn 0 0 -1 
vn 0 0 -1 
vn 0 0 -1 
vn 0 0 -1 
vn 0 0 -1 
vn 0 0 -1 
vn 0 0 -1 
vn 0 0 -1 
vn 0 0 -1 
vn 0 0 -1 
vn 0 0 -1 
vn 0 0 -1 
vn 0 0 -1 
vn 0 0 -1 
vn 0 0 -1 
vn 0 0 -1 
vn 0 0 -1 
vn 0 0 -1 
vn 0 0 -1 
vn 0 0 -1 
vn 0 0 -1 
vn 0 0 -1 
vn 0 0 -1 
vn 0 0 -1 
vn 0 0 -1 
vn 0 0 -1 
vn 0 0 -1 
vn 0 0 -1 
vn 0 0 -1 
vn 0 0 -1 
vn 0 0 -1 
vn 0 0 -1 
vn 0 0 -1 
vn 0 0 -1 
vn 0 0 -1 
vn 0 0 -1 
vn 0 0 -1 
vn 0 0 -1 
vn 0 0 -1 
vn 0 0 -1 
vn 0 0 -1 
vn 0 0 -1 
vn 0 0 -1 
vn 0 0 -1 
vn 0 0 -1 
vn 0 0 -1 
vn 0 0 -1 
vn -0.0472441 -0.110236 0.992126 
vn 0.015748 0.251969 0.968504 
vn -0.826772 0.173228 0.535433 
vn 0.015748 0.251969 0.968504 
vn 0.0944882 0.984252 -0.133858 
vn -0.826772 0.173228 0.535433 
vn -0.952756 0.0708661 -0.291339 
vn 0.0551181 0.417323 -0.905512 
vn 0.015748 0.905512 -0.425197 
vn -0.771654 0.456693 -0.448819 
vn -0.614173 0.543307 -0.574803 
vn 0.291339 0.897638 -0.322835 
vn 0.0708661 0.606299 -0.787402 
vn -0.228346 -0.141732 -0.96063 
vn -0.771654 0.527559 -0.362205 
vn 0.362205 0.102362 -0.929134 
vn -0.401575 -0.606299 0.685039 
vn -0.826772 0.173228 0.535433 
vn -0.771654 -0.125984 -0.622047 
vn 0.519685 -0.275591 -0.80315 
vn 0.0708661 0.606299 -0.787402 
vn -0.748031 0.488189 0.456693 
vn -0.141732 0.968504 0.19685 
vn -0.76378 -0.425197 0.488189 
vn -1 0 -0.0708661 
vn -0.740157 0 0.677165 
vn -0.992126 0.0551181 -0.0866142 
vn -1 0 -0.0708661 
vn -0.76378 0.425197 0.488189 
vn -0.992126 -0.0551181 -0.0866142 
vn -0.771654 -0.637795 0 
vn -0.76378 -0.425197 0.488189 
vn -1 0.0787402 0 
vn -1 -0.0787402 0 
vn -0.771654 0.637795 0 
vn -0.76378 0.425197 0.488189 
vn -0.511811 0.0787402 0.850394 
vn -0.181102 -0.622047 0.76378 
vn -0.0472441 -0.488189 0.874016 
vn -0.669291 -0.0314961 0.740157 
vn -0.511811 0.0787402 0.850394 
vn -0.748031 0.590551 0.307087 
vn -0.590551 0.677165 0.433071 
vn -0.220472 0.968504 -0.133858 
vn -0.748031 0.590551 0.307087 
vn -0.362205 0.889764 -0.283465 
vn -0.220472 0.968504 -0.133858 
vn 0.251969 0.685039 -0.685039 
vn 0.370079 0.771654 -0.519685 
vn 0.0629921 0.984252 0.15748 
vn 0.370079 0.771654 -0.519685 
vn 0.574803 0.818898 -0.023622 
vn 0.0629921 0.984252 0.15748 
vn 0.582677 0.511811 0.629921 
vn -0.110236 0.755906 0.645669 
vn 0.582677 0.511811 0.629921 
vn -0.590551 0.677165 0.433071 
vn 0.0629921 0.984252 0.15748 
vn -0.110236 0.755906 0.645669 
vn -0.173228 0.275591 0.944882 
vn -0.511811 0.0787402 0.850394 
vn -0.0472441 -0.488189 0.874016 
vn 0.283465 -0.0629921 0.96063 
vn 0.582677 0.724409 0.370079 
vn -0.0944882 0.984252 -0.133858 
vn 0.826772 0.173228 0.535433 
vn 0.779528 0.448819 -0.440945 
vn 0.173228 0.984252 -0.0944882 
vn -0.472441 0.354331 -0.811024 
vn 0.614173 0.543307 -0.574803 
vn -0.0708661 0.606299 -0.787402 
vn -0.291339 0.897638 -0.322835 
vn 0.228346 -0.141732 -0.96063 
vn -0.362205 0.102362 -0.929134 
vn 0.771654 0.527559 -0.362205 
vn 0.141732 0.968504 0.19685 
vn 0.748031 0.488189 0.456693 
vn -0.0708661 0.606299 -0.787402 
vn 0.779528 0.448819 -0.440945 
vn -0.472441 0.354331 -0.811024 
vn -0.220472 0.88189 -0.417323 
vn -0.0944882 0.984252 -0.133858 
vn -0.409449 0.874016 0.259843 
vn -0.015748 0.251969 0.968504 
vn 0.826772 0.173228 0.535433 
vn 0.401575 -0.606299 0.685039 
vn 0.771654 -0.125984 -0.622047 
vn 0.362205 0.102362 -0.929134 
vn 0.291339 0.897638 -0.322835 
vn -0.614173 0.543307 -0.574803 
vn 0.826772 0.173228 0.535433 
vn 0.0472441 -0.110236 0.992126 
vn 0.401575 -0.606299 0.685039 
vn 0.826772 0.173228 0.535433 
vn -0.015748 0.251969 0.968504 
vn 0.0472441 -0.110236 0.992126 
vn -0.952756 0.228346 -0.188976 
vn -0.464567 -0.84252 -0.259843 
vn -0.102362 -0.362205 0.92126 
vn 0.511811 0.0787402 0.850394 
vn 0.181102 -0.622047 0.76378 
vn 0.669291 -0.0314961 0.740157 
vn 0.0472441 -0.488189 0.874016 
vn 0.511811 0.0787402 0.850394 
vn 0.748031 0.590551 0.307087 
vn 0.590551 0.677165 0.433071 
vn 0.748031 0.590551 0.307087 
vn 0.220472 0.968504 -0.133858 
vn 0.362205 0.889764 -0.283465 
vn 0.220472 0.968504 -0.133858 
vn -0.251969 0.685039 -0.685039 
vn -0.370079 0.771654 -0.519685 
vn -0.0944882 0.984252 -0.133858 
vn -0.015748 0.251969 0.968504 
vn 0.826772 0.173228 0.535433 
vn -0.952756 0.228346 -0.188976 
vn -0.102362 -0.362205 0.92126 
vn -0.393701 0.826772 0.401575 
vn 0.76378 -0.425197 0.488189 
vn 1 0 -0.0708661 
vn 0.992126 0.0551181 -0.0866142 
vn 0.740157 0 0.677165 
vn 0.771654 -0.637795 0 
vn 1 0.0787402 0 
vn 0.76378 -0.425197 0.488189 
vn 1 0 -0.0708661 
vn 0.76378 0.425197 0.488189 
vn 0.992126 -0.0551181 -0.0866142 
vn 0.771654 0.637795 0 
vn 1 -0.0787402 0 
vn 0.76378 0.425197 0.488189 
vn -0.291339 0.897638 -0.322835 
vn -0.362205 0.102362 -0.929134 
vn 0.614173 0.543307 -0.574803 
vn 0.614173 0.543307 -0.574803 
vn -0.362205 0.102362 -0.929134 
vn 0.488189 0.76378 -0.433071 
vn 0 0 -1 
vn 0 0 -1 
vn 0 0 -1 
vn 0 0 -1 
vn 0 0 -1 
vn 0 0 -1 
vn 0 0 -1 
vn 0 0 -1 
vn 0 0 -1 
vn 0 0 -1 
vn 0 0 -1 
vn 0 0 -1 
vn 0 0 -1 
vn 0 0 -1 
vn 0 0 -1 
vn 0 0 -1 
vn 0 0 -1 
vn 0 0 -1 
vn -0.771654 -0.637795 0 
vn -0.992126 0.0551181 0.0866142 
vn -1 0.0787402 0 
vn -0.76378 -0.425197 -0.488189 
vn -1 0 0.0708661 
vn -0.76378 -0.425197 -0.488189 
vn -0.740157 0 -0.677165 
vn -0.76378 0.425197 -0.488189 
vn -1 0 0.0708661 
vn -0.992126 -0.0551181 0.0866142 
vn -0.771654 0.637795 0 
vn -1 -0.0787402 0 
vn -0.76378 0.425197 -0.488189 
vn 0 0 -1 
vn 0 0 -1 
vn 0 0 -1 
vn 0 0 -1 
vn 0 0 -1 
vn 0 0 -1 
vn 0 0 -1 
vn 0 0 -1 
vn 0 0 -1 
vn 0 0 -1 
vn 0 0 -1 
vn 0 0 -1 
vn 0 0 -1 
vn 0 0 -1 
vn 0 0 -1 
vn 0 0 -1 
vn 0 0 -1 
vn 0 0 -1 
vn 0 0 -1 
vn 0 0 -1 
vn 0 0 -1 
vn 0 0 -1 
vn 0 0 -1 
vn 0 0 -1 
vn 0 0 -1 
vn 0.614173 0.543307 -0.574803 
vn 0.141732 0.968504 0.19685 
vn -0.0708661 0.606299 -0.787402 
vn 0.488189 0.76378 -0.433071 
vn 0 0 -1 
vn 0 0 -1 
vn 0 0 -1 
vn 0 0 -1 
vn 0 0 -1 
vn 0 0 -1 
vn 0 0 -1 
vn 0 0 -1 
vn 0 0 -1 
vn 0 0 -1 
vn 0 0 -1 
vn 0 0 -1 
vn 0 0 -1 
vn 0 0 -1 
vn 0 0 -1 
vn 0 0 -1 
vn 0 0 -1 
vn 0 0 -1 
vn 0.952756 0.228346 -0.188976 
vn 0.102362 -0.362205 0.92126 
vn 0.464567 -0.84252 -0.259843 
vn 0.952756 0.228346 -0.188976 
vn 0.393701 0.826772 0.401575 
vn 0.102362 -0.362205 0.92126 
vn 0 0 -1 
vn 0 0 -1 
vn 0 0 -1 
vn 0 0 -1 
vn 0 0 -1 
vn 0 0 -1 
vn 0 0 -1 
vn 0 0 -1 
vn 0 0 -1 
vn 0 0 -1 
vn 0 0 -1 
vn 0 0 -1 
vn 0 0 -1 
vn 0 0 -1 
vn 0 0 -1 
vn 0 0 -1 
vn 0 0 -1 
vn 0 0 -1 
vn 0 0 -1 
vn 0 0 -1 
vn 0 0 -1 
vn 0 0 -1 
vn 0 0 -1 
vn 0 0 -1 
vn 0 0 -1 
vn 0 0 -1 
vn 0 0 -1 
vn 0 0 -1 
vn 0 0 -1 
vn 0 0 -1 
vn 0 0 -1 
vn 0 0 -1 
vn 0 0 -1 
vn 0 0 -1 
vn 0 0 -1 
vn 0 0 -1 
vn 0 0 -1 
vn 0 0 -1 
vn 0 0 -1 
vn 0 0 -1 
vn 0 0 -1 
vn 0 0 -1 
vn 0 0 -1 
vn 0 0 -1 
vn 0 0 -1 
vn 0 0 -1 
vn 0 0 -1 
vn 0 0 -1 
vn 0 0 -1 
vn 0 0 -1 
vn 0 0 -1 
vn 0 0 -1 
vn 0 0 -1 
vn 0 0 -1 
vn 0 0 -1 
vn 0 0 -1 
vn 0 0 -1 
vn 0 0 -1 
vn 0 0 -1 
vn 0 0 -1 
vn 0 0 -1 
vn 0 0 -1 
vn 0 0 -1 
vn 0 0 -1 
vn 0 0 -1 
vn 0 0 -1 
vn 0 0 -1 
vn 0 0 -1 
vn 0 0 -1 
vn 0 0 -1 
vn 0.76378 -0.425197 -0.488189 
vn 0.771654 -0.637795 0 
vn 0.992126 0.0551181 0.0866142 
vn 1 0.0787402 0 
vn 1 0 0.0708661 
vn 0.76378 -0.425197 -0.488189 
vn 0.740157 0 -0.677165 
vn 1 0 0.0708661 
vn 0.76378 0.425197 -0.488189 
vn 0.992126 -0.0551181 0.0866142 
vn 0.771654 0.637795 0 
vn 1 -0.0787402 0 
vn 0.76378 0.425197 -0.488189 
vn 0 0 -1 
vn 0 0 -1 
vn 0 0 -1 
vn 0 0 -1 
vn 0 0 -1 
vn 0 0 -1 
vn 0 0 -1 
vn 0 0 -1 
vn 0 0 -1 
vn 0 0 -1 
vn 0 0 -1 
vn 0 0 -1 
vn 0 0 -1 
vn 0 0 -1 
vn 0 0 -1 
vn 0 0 -1 
vn 0 0 -1 
vn 0 0 -1 
vn 0 0 -1 
vn 0 0 -1 
vn 0 0 -1 
vn 0 0 -1 
vn 0 0 -1 
vn 0 0 -1 
vn 0 0 -1 
vn 0 0 -1 
vn 0 0 -1 
vn 0 0 -1 
vn 0 0 -1 
vn 0 0 -1 
vn 0 0 -1 
vn 0 0 -1 
vn 0 0 -1 
vn 0 0 -1 
vn 0 0 -1 
vn 0 0 -1 
vn 0 0 -1 
vn 0 0 -1 
vn 0 0 -1 
vn 0 0 -1 
vn 0 0 -1 
vn 0 0 -1 
vn 0 0 -1 
vn 0 0 -1 
vn 0 0 -1 
vn 0 0 -1 
vn 0 0 -1 
vn 0 0 -1 
vn 0 0 -1 
vn 0 0 -1 
vn 0 0 -1 
vn 0 0 -1 
vn 0 0 -1 
vn 0 0 -1 
vn 0 0 -1 
vn 0 0 -1 
vn 0 0 -1 
vn 0 0 -1 
vn 0 0 -1 
vn 0 0 -1 
vn 0 0 -1 
vn 0 0 -1 
vn 0 0 -1 
vn 0 0 -1 
vn 0 0 -1 
vn 0 0 -1 
vn 0 0 -1 
vn 0 0 -1 
vn 0 0 -1 
vn 0 0 -1 
vn 0 0 -1 
vn 0 0 -1 
vn 0 0 -1 
vn 0 0 -1 
vn 0 0 -1 
vn 0 0 -1 
vn 0 0 -1 
vn 0 0 -1 
vn 0 0 -1 
vn 0 0 -1 
vn 0 0 -1 
vn 0 0 -1 
vn 0 0 -1 
vn 0 0 -1 
vn 0 0 -1 
vn 0 0 -1 
vn 0 0 -1 
vn 0 0 -1 
vn 0 0 -1 
vn 0 0 -1 
vn 0 0 -1 
vn 0 0 -1 
vn 0 0 -1 
vn 0 0 -1 
vn 0 0 -1 
vn 0 0 -1 
vn 0 0 -1 
vn 0 0 -1 
vn -1 -0.0787402 0 
vn -1 -0.0787402 0 
vn -1 -0.0787402 0 
vn -1 -0.0787402 0 
vn 0 0 -1 
vn 0 0 -1 
vn 0 0 -1 
vn 0 0 -1 
vn -1 -0.0551181 0 
vn -1 -0.0551181 0 
vn -1 -0.0551181 0 
vn -1 -0.0551181 0 
vn -1 -0.0472441 0 
vn -1 -0.0472441 0 
vn -1 -0.0472441 0 
vn -1 -0.0472441 0 
vn 0 0 -1 
vn 0 0 -1 
vn 0 0 -1 
vn 0 0 -1 
vn 0 0 -1 
vn 0 0 -1 
vn 0 0 -1 
vn 0 0 -1 
vn 0 0 -1 
vn 0 0 -1 
vn 1 -0.0629921 0 
vn 1 -0.0629921 0 
vn 1 -0.0629921 0 
vn 1 -0.0629921 0 
vn 0 0 -1 
vn 0 0 -1 
vn 0 0 -1 
vn 0 0 -1 
vn 0 0 -1 
vn 0 0 -1 
vn 0 0 -1 
vn 0 0 -1 
vn 0 0 -1 
vn 0 0 -1 
vn 0 0 -1 
vn 0 0 -1 
vn 0 0 -1 
vn 0 0 -1 
vn 0 0 -1 
vn 0 0 -1 
vn 0 0 -1 
vn 0 0 -1 
vn 0 0 -1 
vn 0 0 -1 
vn 0 0 -1 
vn 0 0 -1 
vn 0 0 -1 
vn 1 -0.00787402 0 
vn 1 -0.00787402 0 
vn 1 -0.00787402 0 
vn 1 -0.00787402 0 
vn 0 0 -1 
vn 0 0 -1 
vn 0 0 -1 
vn 0 0 -1 
vn 0 0 -1 
vn 0 0 -1 
vn 0 0 -1 
vn 0 0 -1 
vn 0 0 -1 
vn 0 0 -1 
vn 0 0 -1 
vn 0 0 -1 
vn 0 0 -1 
vn 0 0 -1 
vn 0 0 -1 
vn 0 0 -1 
vn 0 0 -1 
vn 0 0 -1 
vn 0 0 -1 
vn 0 0 -1 
vn 0 0 -1 
vn 0 0 -1 
vn 0 0 -1 
vn 0 0 -1 
vn 0 0 -1 
vn 0 0 -1 
vn 0 0 -1 
vn -0.307087 0.850394 -0.433071 
vn -0.905512 0.307087 -0.291339 
vn -0.433071 0.889764 -0.133858 
vn -0.76378 0.283465 -0.582677 
vn -0.968504 0.212598 -0.141732 
vn -0.464567 0.88189 -0.0472441 
vn 0.275591 0.952756 0.133858 
vn 0.377953 0.913386 -0.165354 
vn 0.244094 0.944882 0.212598 
vn 1 0.0393701 0 
vn 1 0.0393701 0 
vn 1 0.0393701 0 
vn 1 0.0393701 0 
vn 0.307087 0.850394 -0.433071 
vn 0.905512 0.307087 -0.291339 
vn 0.76378 0.283465 -0.582677 
vn 0.433071 0.889764 -0.133858 
vn 0.968504 0.212598 -0.141732 
vn 0.464567 0.88189 -0.0472441 
vn -0.275591 0.952756 0.133858 
vn -0.377953 0.913386 -0.165354 
vn -0.244094 0.944882 0.212598 
vn 0 0 -1 
vn 0 0 -1 
vn 0 0 -1 
vn 0 0 -1 
vn 0 0 -1 
vn 0 0 -1 
vn 0 0 -1 
vn 0 0 -1 
vn 0 0 -1 
vn 0 0 -1 
vn 0 0 -1 
vn 0 0 -1 
vn 0 0 -1 
vn 0 0 -1 
vn 0 0 -1 
vn 0 0 -1 
vn 0 0 -1 
vn 0 0 -1 
vn 0 0 -1 
vn 0 0 -1 
vn 0 0 -1 
vn 0 0 -1 
vn 0 0 -1 
vn 0 0 -1 
vn 0 0 -1 
vn 0 0 -1 
vn 0 0 -1 
vn 0 0 -1 
vn 0 0 -1 
vn 0 0 -1 
vn 0 0 -1 
vn 0 0 -1 
vn 0 0 -1 
vn 0 0 -1 
vn 0 0 -1 
vn 0 0 -1 
vn 0 0 -1 
vn 0 0 -1 
vn 0 0 -1 
vn 0 0 -1 
vn 0 0 -1 
vn 0 0 -1 
vn 0 0 -1 
vn 0 0 -1 
vn 0 0 -1 
vn 0 0 -1 
vn 0 0 -1 
vn 0 0 -1 
vn 0 0 -1 
vn 0 0 -1 
vn 0 0 -1 
vn 0 0 -1 
vn 0 0 -1 
vn 0 0 -1 
vn 0 0 -1 
vn 0 0 -1 
vn 0 0 -1 
vn 0 0 -1 
vn 0 0 -1 
vn 0 0 -1 
vn 0 0 -1 
vn 0 0 -1 
vn 0 0 -1 
vn 0 0 -1 
vn 0 0 -1 
vn 0 0 -1 
vn 0 0 -1 
vn 0 0 -1 
vn 0 0 -1 
vn 0 0 -1 
vn 0 0 -1 
vn 0 0 -1 
vn 0 0 -1 
vn 0 0 -1 
vn 0 0 -1 
vn 0 0 -1 
vn -0.417323 -0.370079 0.834646 
vn -0.385827 -0.84252 0.370079 
vn -0.661417 -0.590551 0.456693 
vn -0.417323 -0.370079 0.834646 
vn -0.88189 -0.283465 0.370079 
vn -0.811024 0.0629921 0.582677 
vn -0.716535 0.244094 0.653543 
vn -0.968504 0.251969 0 
vn -0.889764 0.448819 0 
vn -0.968504 0.251969 0 
vn -0.88189 -0.283465 0.370079 
vn -0.968504 -0.251969 0 
vn -0.968504 0.251969 0 
vn -0.716535 0.244094 -0.653543 
vn -0.811024 0.0629921 -0.582677 
vn -0.417323 -0.370079 -0.834646 
vn -0.88189 -0.283465 -0.370079 
vn -0.661417 -0.590551 -0.456693 
vn -0.88189 -0.283465 -0.370079 
vn -0.968504 0.251969 0 
vn -0.417323 -0.370079 -0.834646 
vn -0.385827 -0.84252 -0.370079 
vn -0.0314961 -0.811024 -0.582677 
vn -0.88189 -0.283465 -0.370079 
vn -0.748031 -0.661417 0 
vn -0.661417 -0.590551 -0.456693 
vn -0.385827 -0.84252 0.370079 
vn -0.661417 -0.590551 0.456693 
vn -0.362205 -0.929134 0 
vn 0 0 -1 
vn 0 0 -1 
vn 0 0 -1 
vn 0 0 -1 
vn 0 0 -1 
vn 0 0 -1 
vn 0 0 -1 
vn 0 0 -1 
vn 0 0 -1 
vn 0 0 -1 
vn 0 0 -1 
vn 0 0 -1 
vn 0 0 -1 
vn 0 0 -1 
vn 0 0 -1 
vn 0 0 -1 
vn 0 0 -1 
vn 0 0 -1 
vn 0 0 -1 
vn 0 0 -1 
vn 0 0 -1 
vn 0 0 -1 
vn 0 0 -1 
vn 0 0 -1 
vn 0 0 -1 
vn 0 0 -1 
vn 0 0 -1 
vn 0 0 -1 
vn 0 0 -1 
vn 0 0 -1 
vn 0 0 -1 
vn 0 0 -1 
vn 0 0 -1 
vn 0 0 -1 
vn 0 0 -1 
vn 0 0 -1 
vn 0 0 -1 
vn 0 0 -1 
vn 0 0 -1 
vn 0 0 -1 
vn 0 0 -1 
vn 0 0 -1 
vn 0 0 -1 
vn 0 0 -1 
vn 0 0 -1 
vn 0 0 -1 
vn 0 0 -1 
vn 0 0 -1 
vn 0 0 -1 
vn 0 0 -1 
vn 0 0 -1 
vn 0 0 -1 
vn 0 0 -1 
vn 0 0 -1 
vn 0 0 -1 
vn 0 0 -1 
vn 0 0 -1 
vn 0 0 -1 
vn 0 0 -1 
vn 0 0 -1 
vn 0 0 -1 
vn 0 0 -1 
vn 0 0 -1 
vn 0 0 -1 
vn 0.00787402 0 -1 
vn 0 0 -1 
vn 0 0 -1 
vn 0 0 -1 
vn 0 0 -1 
vn 0 0 -1 
vn 0 0 -1 
vn -0.748031 -0.661417 0 
vn -0.88189 -0.283465 0.370079 
vn -0.661417 -0.590551 0.456693 
vn -0.385827 -0.84252 -0.370079 
vn -0.661417 -0.590551 -0.456693 
vn 0 0 -1 
vn 0 0 -1 
vn 0 0 -1 
vn 0 0 -1 
vn 0 0 -1 
vn 0 0 -1 
vn 0 0 -1 
vn 0 0 -1 
vn 0 0 -1 
vn 0 0 -1 
vn 0 0 -1 
vn 0 0 -1 
vn 0 0 -1 
vn 0 0 -1 
vn 0 0 -1 
vn 0 0 -1 
vn 0 0 -1 
vn 0 0 -1 
vn 0 0 -1 
vn 0 0 -1 
vn 0 0 -1 
vn 0 0 -1 
vn 0 0 -1 
vn 0 0 -1 
vn 0 0 -1 
vn 0 0 -1 
vn 0 0 -1 
vn 0 0 -1 
vn 0 0 -1 
vn 0 0 -1 
vn 0 0 -1 
vn 0 0 -1 
vn 0 0 -1 
vn 0 0 -1 
vn 0 0 -1 
vn 0 0 -1 
vn 0 0 -1 
vn 0 0 -1 
vn 0 0 -1 
vn 0 0 -1 
vn 0 0 -1 
vn 0 0 -1 
vn 0 0 -1 
vn 0 0 -1 
vn 0 0 -1 
vn 0 0 -1 
vn 0 0 -1 
vn 0 0 -1 
vn 0 0 -1 
vn 0 0 -1 
vn 0 0 -1 
vn 0 0 -1 
vn 0 0 -1 
vn 0 0 -1 
vn 0 0 -1 
vn 0 0 -1 
vn 0 0 -1 
vn 0 0 -1 
vn 0 0 -1 
vn 0 0 -1 
vn 0 0 -1 
vn 0 0 -1 
vn 0 0 -1 
vn 0 0 -1 
vn 0 0 -1 
vn 0 0 -1 
vn 0 0 -1 
vn 0 0 -1 
vn 0 0 -1 
vn 0 0 -1 
vn 0 0 -1 
vn 0 0 -1 
vn 0 0 -1 
vn 0 0 -1 
vn 0 0 -1 
vn 0 0 -1 
vn 0 0 -1 
vn 0 0 -1 
vn 0 0 -1 
vn 0 0 -1 
vn 0 0 -1 
vn 0 0 -1 
vn 0 0 -1 
vn 0 0 -1 
vn 0 0 -1 
vn 0 0 -1 
vn 0 0 -1 
vn 0 0 -1 
vn 0 0 -1 
vn 0 0 -1 
vn 0 0 -1 
vn 0 0 -1 
vn 0 0 -1 
vn 0 0 -1 
vn 0 0 -1 
vn 0 0 -1 
vn 0 0 -1 
vn 0 0 -1 
vn 0 0 -1 
vn 0 0 -1 
vn 0 0 -1 
vn 0 0 -1 
vn 0 0 -1 
vn 0 0 -1 
vn 0 0 -1 
vn 0 0 -1 
vn 0 0 -1 
vn 0 0 -1 
vn 0 0 -1 
vn 0 0 -1 
vn 0 0 -1 
vn 0 0 -1 
vn 0 0 -1 
vn 0 0 -1 
vn 0 0 -1 
vn 0 0 -1 
vn 0 0 -1 
vn 0 0 -1 
vn 0 0 -1 
vn 0 0 -1 
vn 0 0 -1 
vn 0 0 -1 
vn 0 0 -1 
vn 0 0 -1 
vn 0 0 -1 
vn 0 0 -1 
vn 0 0 -1 
vn 0 0 -1 
vn 0 0 -1 
vn 0 0 -1 
vn 0 0 -1 

vt 0.069313 0.935381 
vt 0.069313 0.935381 
vt 0.069313 0.935381 
vt 0.069313 0.935381 
vt 0.069313 0.935381 
vt 0.069313 0.935381 
vt 0.069313 0.935381 
vt 0.069313 0.935381 
vt 0.069313 0.935381 
vt 0.069313 0.935381 
vt 0.069313 0.935381 
vt 0.069313 0.935381 
vt 0.069313 0.935381 
vt 0.069313 0.935381 
vt 0.069313 0.935381 
vt 0.069313 0.935381 
vt 0.069313 0.935381 
vt 0.069313 0.935381 
vt 0.069313 0.935381 
vt 0.069313 0.935381 
vt 0.069313 0.935381 
vt 0.018073 0.978952 
vt 0.018069 0.978954 
vt 0.01807 0.978953 
vt 0.01807 0.978953 
vt 0.018069 0.978954 
vt 0.018073 0.978952 
vt 0.017926 0.977893 
vt 0.017926 0.977893 
vt 0.017926 0.977893 
vt 0.017926 0.977893 
vt 0.017926 0.977893 
vt 0.017926 0.977893 
vt 0.017926 0.977893 
vt 0.017926 0.977893 
vt 0.017926 0.977893 
vt 0.017926 0.977893 
vt 0.017926 0.977893 
vt 0.017926 0.977893 
vt 0.017926 0.977893 
vt 0.017926 0.977893 
vt 0.017926 0.977893 
vt 0.017926 0.977893 
vt 0.017926 0.977893 
vt 0.017926 0.977893 
vt 0.017926 0.977893 
vt 0.017926 0.977893 
vt 0.017926 0.977893 
vt 0.017926 0.977893 
vt 0.017926 0.977893 
vt 0.017926 0.977893 
vt 0.017926 0.977893 
vt 0.017926 0.977893 
vt 0.017926 0.977893 
vt 0.017926 0.977893 
vt 0.017926 0.977893 
vt 0.017926 0.977893 
vt 0.017926 0.977893 
vt 0.017926 0.977893 
vt 0.017926 0.977893 
vt 0.017926 0.977893 
vt 0.017926 0.977893 
vt 0.017926 0.977893 
vt 0.017926 0.977893 
vt 0.017926 0.977893 
vt 0.017926 0.977893 
vt 0.017926 0.977893 
vt 0.017926 0.977893 
vt 0.017926 0.977893 
vt 0.017926 0.977893 
vt 0.017926 0.977893 
vt 0.017926 0.977893 
vt 0.068672 0.991345 
vt 0.068672 0.991349 
vt 0.068672 0.991349 
vt 0.068672 0.991345 
vt 0.068672 0.991349 
vt 0.068672 0.991345 
vt 0.068672 0.991341 
vt 0.068672 0.991341 
vt 0.068672 0.991341 
vt 0.068672 0.991337 
vt 0.068672 0.991341 
vt 0.068672 0.991341 
vt 0.068672 0.991337 
vt 0.068673 0.991337 
vt 0.068672 0.991333 
vt 0.068672 0.991337 
vt 0.068672 0.991333 
vt 0.068672 0.991333 
vt 0.068676 0.991337 
vt 0.068672 0.991333 
vt 0.068676 0.991333 
vt 0.068679 0.991341 
vt 0.068676 0.991341 
vt 0.068679 0.991337 
vt 0.068676 0.991337 
vt 0.068672 0.991341 
vt 0.068676 0.991341 
vt 0.068679 0.991333 
vt 0.068676 0.991333 
vt 0.068672 0.991329 
vt 0.068672 0.991333 
vt 0.068672 0.991329 
vt 0.068672 0.991333 
vt 0.068672 0.991329 
vt 0.068672 0.991326 
vt 0.068672 0.991326 
vt 0.068672 0.991326 
vt 0.068672 0.991326 
vt 0.068672 0.991322 
vt 0.068672 0.991326 
vt 0.068672 0.991322 
vt 0.068672 0.991322 
vt 0.068672 0.991318 
vt 0.068672 0.991322 
vt 0.068672 0.991318 
vt 0.068672 0.991318 
vt 0.052392 0.253437 
vt 0.052392 0.173336 
vt 0.052392 0.256366 
vt 0.052392 0.175753 
vt 0.052392 0.165317 
vt 0.052392 0.248673 
vt 0.052392 0.064046 
vt 0.052392 0.062337 
vt 0.052392 0.050768 
vt 0.052392 0.253437 
vt 0.052392 0.256366 
vt 0.052392 0.173336 
vt 0.052392 0.175753 
vt 0.052392 0.165317 
vt 0.052392 0.248673 
vt 0.052392 0.064046 
vt 0.052392 0.062337 
vt 0.052392 0.050768 
vt 0.059658 0.930942 
vt 0.059658 0.930942 
vt 0.059658 0.930942 
vt 0.059658 0.930942 
vt 0.059658 0.930942 
vt 0.059658 0.930942 
vt 0.059658 0.930942 
vt 0.059658 0.930942 
vt 0.059658 0.930942 
vt 0.059658 0.930942 
vt 0.059658 0.930942 
vt 0.059658 0.930942 
vt 0.059658 0.930942 
vt 0.059658 0.930942 
vt 0.059658 0.930942 
vt 0.059658 0.930942 
vt 0.059658 0.930942 
vt 0.059658 0.930942 
vt 0.059658 0.930942 
vt 0.059658 0.930942 
vt 0.059658 0.930942 
vt 0.059658 0.930942 
vt 0.059658 0.930942 
vt 0.059658 0.930942 
vt 0.059658 0.930942 
vt 0.059658 0.930942 
vt 0.059658 0.930942 
vt 0.059658 0.930942 
vt 0.066612 0.976239 
vt 0.066612 0.976742 
vt 0.066612 0.976558 
vt 0.066612 0.977408 
vt 0.066612 0.976596 
vt 0.066612 0.977408 
vt 0.066612 0.977408 
vt 0.066612 0.978074 
vt 0.066612 0.978258 
vt 0.066612 0.978074 
vt 0.066612 0.978577 
vt 0.066612 0.97822 
vt 0.066612 0.977408 
vt 0.066612 0.978074 
vt 0.066612 0.977408 
vt 0.066612 0.976596 
vt 0.066612 0.976742 
vt 0.066612 0.977408 
vt 0.066612 0.976239 
vt 0.066612 0.976742 
vt 0.066612 0.976558 
vt 0.066612 0.977408 
vt 0.066612 0.977408 
vt 0.066612 0.977408 
vt 0.066612 0.978074 
vt 0.066612 0.978258 
vt 0.066612 0.978577 
vt 0.066612 0.978074 
vt 0.066612 0.97822 
vt 0.066612 0.977408 
vt 0.066612 0.978074 
vt 0.066612 0.976742 
vt 0.059658 0.930942 
vt 0.059658 0.930942 
vt 0.059658 0.930942 
vt 0.059658 0.930942 
vt 0.059658 0.930942 
vt 0.059658 0.930942 
vt 0.059658 0.930942 
vt 0.059658 0.930942 
vt 0.059658 0.930942 
vt 0.059658 0.930942 
vt 0.059658 0.930942 
vt 0.059658 0.930942 
vt 0.059658 0.930942 
vt 0.059658 0.930942 
vt 0.059658 0.930942 
vt 0.059658 0.930942 
vt 0.059658 0.930942 
vt 0.059658 0.930942 
vt 0.059658 0.930942 
vt 0.059658 0.930942 
vt 0.059658 0.930942 
vt 0.059658 0.930942 
vt 0.059658 0.930942 
vt 0.059658 0.930942 
vt 0.059658 0.930942 
vt 0.059658 0.930942 
vt 0.059658 0.930942 
vt 0.059658 0.930942 
vt 0.055509 0.756396 
vt 0.055399 0.756325 
vt 0.055545 0.756325 
vt 0.05543 0.756417 
vt 0.066612 0.976239 
vt 0.066612 0.976558 
vt 0.066612 0.976742 
vt 0.066612 0.977408 
vt 0.066612 0.976596 
vt 0.066612 0.977408 
vt 0.066612 0.977408 
vt 0.066612 0.978074 
vt 0.066612 0.978258 
vt 0.066612 0.978577 
vt 0.066612 0.978074 
vt 0.066612 0.97822 
vt 0.066612 0.977408 
vt 0.066612 0.978074 
vt 0.066612 0.977408 
vt 0.066612 0.976742 
vt 0.066612 0.976596 
vt 0.066612 0.977408 
vt 0.066612 0.976742 
vt 0.066612 0.976239 
vt 0.066612 0.976558 
vt 0.066612 0.977408 
vt 0.066612 0.977408 
vt 0.066612 0.978074 
vt 0.066612 0.977408 
vt 0.066612 0.978258 
vt 0.066612 0.978577 
vt 0.066612 0.978074 
vt 0.066612 0.97822 
vt 0.066612 0.978074 
vt 0.066612 0.977408 
vt 0.066612 0.976742 
vt 0.055545 0.756325 
vt 0.055399 0.756325 
vt 0.055509 0.756396 
vt 0.05543 0.756417 
vt 0.068672 0.934739 
vt 0.068672 0.934743 
vt 0.068672 0.934743 
vt 0.068672 0.934739 
vt 0.068672 0.934739 
vt 0.068672 0.934735 
vt 0.068672 0.934735 
vt 0.068672 0.934731 
vt 0.068672 0.934735 
vt 0.068672 0.934731 
vt 0.068672 0.934735 
vt 0.068672 0.934731 
vt 0.068672 0.934728 
vt 0.068672 0.934728 
vt 0.068672 0.934728 
vt 0.068672 0.934724 
vt 0.068672 0.934728 
vt 0.068672 0.934724 
vt 0.068672 0.934724 
vt 0.068672 0.93472 
vt 0.068672 0.93472 
vt 0.068672 0.934724 
vt 0.068672 0.934728 
vt 0.068672 0.934724 
vt 0.068672 0.934724 
vt 0.068672 0.93472 
vt 0.068672 0.93472 
vt 0.068622 0.935161 
vt 0.068627 0.935161 
vt 0.068627 0.935166 
vt 0.068622 0.935166 
vt 0.068622 0.935161 
vt 0.068627 0.935157 
vt 0.068622 0.935157 
vt 0.049918 0.670506 
vt 0.049918 0.654215 
vt 0.049918 0.669416 
vt 0.049918 0.65509 
vt 0.049918 0.605935 
vt 0.049918 0.605618 
vt 0.049918 0.535301 
vt 0.049918 0.533876 
vt 0.068622 0.935161 
vt 0.068617 0.935166 
vt 0.068617 0.935161 
vt 0.068622 0.935166 
vt 0.068622 0.935161 
vt 0.068617 0.935157 
vt 0.068622 0.935157 
vt 0.049918 0.670506 
vt 0.049918 0.669416 
vt 0.049918 0.654215 
vt 0.049918 0.65509 
vt 0.049918 0.605935 
vt 0.049918 0.605618 
vt 0.049918 0.535301 
vt 0.049918 0.533876 
vt 0.018073 0.978952 
vt 0.018072 0.978952 
vt 0.018069 0.978954 
vt 0.018073 0.978952 
vt 0.018074 0.978948 
vt 0.018074 0.978948 
vt 0.145854 0.976993 
vt 0.145854 0.977028 
vt 0.145854 0.977028 
vt 0.145854 0.976993 
vt 0.051847 0.442465 
vt 0.051847 0.525695 
vt 0.051847 0.492846 
vt 0.051847 0.466358 
vt 0.051847 0.442465 
vt 0.051847 0.308074 
vt 0.051847 0.308075 
vt 0.051847 0.173685 
vt 0.051847 0.308074 
vt 0.051847 0.149792 
vt 0.051847 0.459446 
vt 0.051847 0.442465 
vt 0.051847 0.418163 
vt 0.051847 0.418163 
vt 0.051847 0.308075 
vt 0.051847 0.308075 
vt 0.051847 0.197987 
vt 0.051847 0.173685 
vt 0.051847 0.090456 
vt 0.051847 0.123303 
vt 0.051847 0.156704 
vt 0.051847 0.197987 
vt 0.145854 0.976921 
vt 0.145854 0.976957 
vt 0.145854 0.976957 
vt 0.145854 0.976921 
vt 0.145854 0.976957 
vt 0.145854 0.976993 
vt 0.145854 0.976993 
vt 0.145854 0.976957 
vt 0.049918 0.669416 
vt 0.049918 0.645906 
vt 0.049918 0.6532 
vt 0.049918 0.654215 
vt 0.049918 0.605046 
vt 0.049918 0.605618 
vt 0.049918 0.604498 
vt 0.049918 0.531732 
vt 0.049918 0.531935 
vt 0.049918 0.533876 
vt 0.051847 0.442465 
vt 0.051847 0.492846 
vt 0.051847 0.525695 
vt 0.051847 0.466358 
vt 0.051847 0.308074 
vt 0.051847 0.442465 
vt 0.051847 0.308075 
vt 0.051847 0.308074 
vt 0.051847 0.173685 
vt 0.051847 0.149792 
vt 0.051847 0.442465 
vt 0.051847 0.459446 
vt 0.051847 0.418163 
vt 0.051847 0.308075 
vt 0.051847 0.418163 
vt 0.051847 0.308075 
vt 0.051847 0.197987 
vt 0.051847 0.173685 
vt 0.051847 0.090456 
vt 0.051847 0.123303 
vt 0.051847 0.156704 
vt 0.051847 0.197987 
vt 0.068672 0.934743 
vt 0.068672 0.934739 
vt 0.068672 0.934739 
vt 0.068672 0.934743 
vt 0.068672 0.934739 
vt 0.068672 0.934735 
vt 0.068672 0.934747 
vt 0.068672 0.934751 
vt 0.068672 0.934751 
vt 0.068672 0.934747 
vt 0.068672 0.934751 
vt 0.068672 0.934747 
vt 0.068672 0.934743 
vt 0.055539 0.756473 
vt 0.055545 0.756325 
vt 0.055509 0.756396 
vt 0.055632 0.756442 
vt 0.145854 0.977028 
vt 0.145854 0.976993 
vt 0.145854 0.976993 
vt 0.145854 0.977028 
vt 0.018074 0.978948 
vt 0.018071 0.978948 
vt 0.018073 0.978945 
vt 0.01807 0.978943 
vt 0.018073 0.978952 
vt 0.018071 0.978948 
vt 0.01807 0.978953 
vt 0.145854 0.976957 
vt 0.145854 0.976921 
vt 0.145854 0.976921 
vt 0.145854 0.976957 
vt 0.018069 0.978954 
vt 0.01807 0.978951 
vt 0.018072 0.978952 
vt 0.018068 0.978952 
vt 0.102807 0.938894 
vt 0.102803 0.938894 
vt 0.102806 0.93889 
vt 0.102802 0.938888 
vt 0.102806 0.938897 
vt 0.102803 0.938894 
vt 0.102802 0.938899 
vt 0.102801 0.9389 
vt 0.102805 0.938897 
vt 0.102806 0.938897 
vt 0.102807 0.938894 
vt 0.049918 0.669416 
vt 0.049918 0.6532 
vt 0.049918 0.645906 
vt 0.049918 0.654215 
vt 0.049918 0.605046 
vt 0.049918 0.605618 
vt 0.049918 0.604498 
vt 0.049918 0.531732 
vt 0.049918 0.531935 
vt 0.049918 0.533876 
vt 0.051847 0.442464 
vt 0.051847 0.525695 
vt 0.051847 0.466357 
vt 0.051847 0.492846 
vt 0.051847 0.442464 
vt 0.051847 0.459446 
vt 0.051847 0.418163 
vt 0.051847 0.308074 
vt 0.051847 0.442464 
vt 0.051847 0.308075 
vt 0.051847 0.173685 
vt 0.051847 0.149791 
vt 0.051847 0.308075 
vt 0.051847 0.418163 
vt 0.051847 0.308075 
vt 0.051847 0.090456 
vt 0.051847 0.173685 
vt 0.051847 0.123303 
vt 0.051847 0.308075 
vt 0.051847 0.197987 
vt 0.051847 0.173685 
vt 0.051847 0.156704 
vt 0.051847 0.197987 
vt 0.01807 0.978951 
vt 0.018069 0.978954 
vt 0.018072 0.978952 
vt 0.018068 0.978952 
vt 0.145854 0.976957 
vt 0.145854 0.976993 
vt 0.145854 0.976957 
vt 0.145854 0.976993 
vt 0.055539 0.756473 
vt 0.055509 0.756396 
vt 0.055545 0.756325 
vt 0.055632 0.756442 
vt 0.051847 0.466357 
vt 0.051847 0.554964 
vt 0.051847 0.48763 
vt 0.051847 0.525695 
vt 0.102807 0.938894 
vt 0.102807 0.938894 
vt 0.102806 0.938897 
vt 0.102801 0.9389 
vt 0.102806 0.938897 
vt 0.102805 0.938897 
vt 0.102807 0.938894 
vt 0.049918 0.65509 
vt 0.049918 0.669416 
vt 0.049918 0.654215 
vt 0.049918 0.670506 
vt 0.049918 0.645906 
vt 0.049918 0.605618 
vt 0.049918 0.669416 
vt 0.049918 0.6532 
vt 0.049918 0.604498 
vt 0.049918 0.605046 
vt 0.049918 0.531935 
vt 0.049918 0.531732 
vt 0.049918 0.531935 
vt 0.049918 0.605618 
vt 0.049918 0.533876 
vt 0.017915 0.977451 
vt 0.017915 0.9774 
vt 0.017915 0.977399 
vt 0.017915 0.977453 
vt 0.017915 0.977327 
vt 0.017915 0.977328 
vt 0.017915 0.977394 
vt 0.017915 0.977448 
vt 0.017915 0.977319 
vt 0.102806 0.93889 
vt 0.102802 0.938888 
vt 0.102803 0.938894 
vt 0.102807 0.938894 
vt 0.102803 0.938894 
vt 0.102806 0.938897 
vt 0.102802 0.938899 
vt 0.102807 0.938894 
vt 0.102806 0.938897 
vt 0.102807 0.938894 
vt 0.018074 0.978948 
vt 0.018073 0.978945 
vt 0.018071 0.978948 
vt 0.01807 0.978943 
vt 0.018071 0.978948 
vt 0.018073 0.978952 
vt 0.01807 0.978953 
vt 0.051847 0.442464 
vt 0.051847 0.525695 
vt 0.051847 0.492846 
vt 0.051847 0.466357 
vt 0.051847 0.442464 
vt 0.051847 0.459446 
vt 0.051847 0.418163 
vt 0.051847 0.442464 
vt 0.051847 0.308074 
vt 0.051847 0.308075 
vt 0.051847 0.173685 
vt 0.051847 0.149791 
vt 0.051847 0.418163 
vt 0.051847 0.308075 
vt 0.051847 0.308075 
vt 0.051847 0.173685 
vt 0.051847 0.090456 
vt 0.051847 0.123303 
vt 0.051847 0.197987 
vt 0.051847 0.308075 
vt 0.051847 0.173685 
vt 0.051847 0.156704 
vt 0.051847 0.197987 
vt 0.049918 0.65509 
vt 0.049918 0.654215 
vt 0.049918 0.669416 
vt 0.049918 0.670506 
vt 0.049918 0.605618 
vt 0.049918 0.645906 
vt 0.049918 0.669416 
vt 0.049918 0.6532 
vt 0.049918 0.604498 
vt 0.049918 0.605046 
vt 0.049918 0.531935 
vt 0.049918 0.531732 
vt 0.049918 0.605618 
vt 0.049918 0.531935 
vt 0.049918 0.533876 
vt 0.017915 0.977451 
vt 0.017915 0.9774 
vt 0.017915 0.977453 
vt 0.017915 0.977399 
vt 0.017915 0.977327 
vt 0.017915 0.977328 
vt 0.017915 0.977394 
vt 0.017915 0.977448 
vt 0.017915 0.977319 
vt 0.057999 0.934283 
vt 0.057999 0.933964 
vt 0.057999 0.934334 
vt 0.057999 0.934002 
vt 0.102801 0.9389 
vt 0.102806 0.938897 
vt 0.102802 0.938899 
vt 0.102806 0.938897 
vt 0.102801 0.9389 
vt 0.102802 0.938899 
vt 0.102797 0.938901 
vt 0.102794 0.938902 
vt 0.102794 0.938901 
vt 0.102794 0.938894 
vt 0.102797 0.938901 
vt 0.102797 0.938894 
vt 0.102794 0.938894 
vt 0.102797 0.938887 
vt 0.102794 0.938886 
vt 0.057999 0.933964 
vt 0.057999 0.934283 
vt 0.057999 0.934334 
vt 0.057999 0.934002 
vt 0.051847 0.740171 
vt 0.051847 0.716347 
vt 0.051847 0.637181 
vt 0.051847 0.628202 
vt 0.051847 0.778489 
vt 0.051847 0.716347 
vt 0.051847 0.734594 
vt 0.051847 0.622365 
vt 0.051847 0.716347 
vt 0.051847 0.628202 
vt 0.051847 0.434932 
vt 0.051847 0.449442 
vt 0.051847 0.460297 
vt 0.051847 0.637181 
vt 0.051847 0.399851 
vt 0.051847 0.405078 
vt 0.051847 0.256851 
vt 0.051847 0.405078 
vt 0.051847 0.245986 
vt 0.051847 0.449442 
vt 0.051847 0.388185 
vt 0.051847 0.399851 
vt 0.051847 0.302191 
vt 0.051847 0.281462 
vt 0.051847 0.21476 
vt 0.051847 0.220341 
vt 0.051847 0.103187 
vt 0.051847 0.122975 
vt 0.102797 0.938894 
vt 0.102802 0.938888 
vt 0.102803 0.938894 
vt 0.102797 0.938887 
vt 0.102802 0.938899 
vt 0.102797 0.938894 
vt 0.102797 0.938901 
vt 0.145854 0.977028 
vt 0.145746 0.977028 
vt 0.145854 0.977028 
vt 0.145746 0.977028 
vt 0.068631 0.93518 
vt 0.068636 0.935185 
vt 0.068631 0.935185 
vt 0.068636 0.93518 
vt 0.068627 0.935176 
vt 0.068631 0.935176 
vt 0.068627 0.93518 
vt 0.068627 0.935176 
vt 0.068631 0.935171 
vt 0.068627 0.935171 
vt 0.068631 0.93518 
vt 0.068636 0.935176 
vt 0.068627 0.935185 
vt 0.068631 0.935185 
vt 0.068631 0.935176 
vt 0.068636 0.935166 
vt 0.068631 0.935166 
vt 0.068636 0.935171 
vt 0.068631 0.935161 
vt 0.068636 0.935166 
vt 0.068636 0.935161 
vt 0.068636 0.935176 
vt 0.068631 0.935171 
vt 0.068627 0.935166 
vt 0.068631 0.935166 
vt 0.068627 0.935157 
vt 0.068631 0.935157 
vt 0.068627 0.935161 
vt 0.068627 0.935157 
vt 0.068631 0.935152 
vt 0.068627 0.935152 
vt 0.068636 0.935147 
vt 0.068631 0.935147 
vt 0.068636 0.935152 
vt 0.068631 0.935161 
vt 0.068627 0.935166 
vt 0.068636 0.935157 
vt 0.068631 0.935157 
vt 0.068636 0.935157 
vt 0.068631 0.935152 
vt 0.068627 0.935147 
vt 0.068631 0.935147 
vt 0.057999 0.933964 
vt 0.057999 0.934334 
vt 0.057999 0.934002 
vt 0.057999 0.934283 
vt 0.051847 0.716347 
vt 0.051847 0.622365 
vt 0.051847 0.734594 
vt 0.051847 0.628202 
vt 0.051847 0.778489 
vt 0.051847 0.716347 
vt 0.051847 0.740171 
vt 0.051847 0.434932 
vt 0.051847 0.637181 
vt 0.051847 0.716347 
vt 0.051847 0.628202 
vt 0.051847 0.449442 
vt 0.051847 0.460297 
vt 0.051847 0.637181 
vt 0.051847 0.399851 
vt 0.051847 0.405078 
vt 0.051847 0.405078 
vt 0.051847 0.256851 
vt 0.051847 0.245986 
vt 0.051847 0.449442 
vt 0.051847 0.388185 
vt 0.051847 0.399851 
vt 0.051847 0.302191 
vt 0.051847 0.281462 
vt 0.051847 0.21476 
vt 0.051847 0.220341 
vt 0.051847 0.103187 
vt 0.051847 0.122975 
vt 0.018073 0.978952 
vt 0.018069 0.978954 
vt 0.018072 0.978952 
vt 0.018073 0.978952 
vt 0.018074 0.978948 
vt 0.018074 0.978948 
vt 0.018074 0.978948 
vt 0.018073 0.978945 
vt 0.018072 0.978944 
vt 0.102794 0.938902 
vt 0.102797 0.938901 
vt 0.102794 0.938901 
vt 0.102797 0.938901 
vt 0.102794 0.938894 
vt 0.102797 0.938894 
vt 0.102797 0.938887 
vt 0.102794 0.938894 
vt 0.102794 0.938886 
vt 0.057999 0.933964 
vt 0.057999 0.934334 
vt 0.057999 0.934283 
vt 0.057999 0.934002 
vt 0.145854 0.977028 
vt 0.145746 0.977028 
vt 0.145746 0.977028 
vt 0.145854 0.977028 
vt 0.102797 0.938894 
vt 0.102803 0.938894 
vt 0.102802 0.938888 
vt 0.102797 0.938887 
vt 0.102797 0.938894 
vt 0.102802 0.938899 
vt 0.102797 0.938901 
vt 0.102796 0.938901 
vt 0.102802 0.938899 
vt 0.102801 0.9389 
vt 0.102796 0.938901 
vt 0.102801 0.9389 
vt 0.102802 0.938899 
vt 0.102802 0.938899 
vt 0.102796 0.938901 
vt 0.102797 0.938901 
vt 0.102794 0.938902 
vt 0.055399 0.756325 
vt 0.055357 0.756453 
vt 0.055281 0.756412 
vt 0.05543 0.756417 
vt 0.102796 0.938901 
vt 0.102802 0.938899 
vt 0.102797 0.938901 
vt 0.102794 0.938902 
vt 0.051847 0.601465 
vt 0.051847 0.622365 
vt 0.051847 0.705345 
vt 0.051847 0.734594 
vt 0.051847 0.602207 
vt 0.051847 0.729016 
vt 0.051847 0.394228 
vt 0.051847 0.353705 
vt 0.051847 0.778489 
vt 0.051847 0.705345 
vt 0.051847 0.729016 
vt 0.051847 0.601465 
vt 0.051847 0.434932 
vt 0.051847 0.353705 
vt 0.051847 0.220341 
vt 0.051847 0.302191 
vt 0.102794 0.938888 
vt 0.102794 0.938894 
vt 0.102794 0.938894 
vt 0.102794 0.938886 
vt 0.102794 0.938899 
vt 0.102794 0.938901 
vt 0.055399 0.756325 
vt 0.055357 0.756453 
vt 0.05543 0.756417 
vt 0.055281 0.756412 
vt 0.101798 0.937566 
vt 0.1018 0.937566 
vt 0.1018 0.937569 
vt 0.101798 0.937569 
vt 0.051847 0.601465 
vt 0.051847 0.434932 
vt 0.051847 0.353705 
vt 0.051847 0.220341 
vt 0.051847 0.302191 
vt 0.051847 0.622365 
vt 0.051847 0.705345 
vt 0.051847 0.734594 
vt 0.051847 0.601465 
vt 0.051847 0.778489 
vt 0.051847 0.705345 
vt 0.051847 0.729016 
vt 0.051847 0.602207 
vt 0.051847 0.729016 
vt 0.051847 0.394228 
vt 0.051847 0.353705 
vt 0.017915 0.977597 
vt 0.017915 0.977585 
vt 0.017915 0.977622 
vt 0.017915 0.977567 
vt 0.017915 0.977487 
vt 0.017915 0.977567 
vt 0.017915 0.977487 
vt 0.017915 0.977406 
vt 0.017915 0.977487 
vt 0.017915 0.977389 
vt 0.017915 0.977376 
vt 0.017915 0.977352 
vt 0.017915 0.977406 
vt 0.101798 0.937594 
vt 0.1018 0.937592 
vt 0.1018 0.937594 
vt 0.101798 0.937592 
vt 0.071414 0.980362 
vt 0.071414 0.980362 
vt 0.071414 0.980362 
vt 0.071414 0.980362 
vt 0.071414 0.980362 
vt 0.071414 0.980362 
vt 0.071414 0.980362 
vt 0.071414 0.980362 
vt 0.071414 0.980362 
vt 0.071414 0.980362 
vt 0.071414 0.980362 
vt 0.071414 0.980362 
vt 0.071414 0.980362 
vt 0.071414 0.980362 
vt 0.051847 0.050263 
vt 0.051847 0.122975 
vt 0.051847 0.103187 
vt 0.051847 0.079004 
vt 0.051847 0.079004 
vt 0.051847 0.245986 
vt 0.051847 0.256851 
vt 0.051847 0.281462 
vt 0.051847 0.21476 
vt 0.051847 0.256851 
vt 0.051847 0.399851 
vt 0.051847 0.388185 
vt 0.071414 0.980362 
vt 0.071414 0.980362 
vt 0.071414 0.980362 
vt 0.071414 0.980362 
vt 0.071414 0.980362 
vt 0.071414 0.980362 
vt 0.071414 0.980362 
vt 0.071414 0.980362 
vt 0.071414 0.980362 
vt 0.071414 0.980362 
vt 0.071414 0.980362 
vt 0.071414 0.980362 
vt 0.071414 0.980362 
vt 0.071414 0.980362 
vt 0.102794 0.938894 
vt 0.102794 0.938894 
vt 0.102794 0.938888 
vt 0.102794 0.938886 
vt 0.102794 0.938899 
vt 0.102794 0.938901 
vt 0.051847 0.308075 
vt 0.051847 0.128518 
vt 0.051847 0.149792 
vt 0.051847 0.308074 
vt 0.051847 0.061186 
vt 0.051847 0.149792 
vt 0.051847 0.090456 
vt 0.051847 0.466358 
vt 0.051847 0.308075 
vt 0.051847 0.48763 
vt 0.051847 0.466358 
vt 0.051847 0.554964 
vt 0.051847 0.525695 
vt 0.051847 0.48763 
vt 0.051847 0.308075 
vt 0.051847 0.491098 
vt 0.102794 0.938899 
vt 0.102794 0.938901 
vt 0.102794 0.938902 
vt 0.102794 0.938899 
vt 0.104876 0.978784 
vt 0.104881 0.978776 
vt 0.104876 0.97878 
vt 0.101805 0.937569 
vt 0.101803 0.937571 
vt 0.101803 0.937569 
vt 0.101805 0.937571 
vt 0.101803 0.937571 
vt 0.101805 0.937573 
vt 0.101803 0.937573 
vt 0.071414 0.980362 
vt 0.071414 0.980362 
vt 0.071414 0.980362 
vt 0.071414 0.980362 
vt 0.071414 0.980362 
vt 0.071414 0.980362 
vt 0.071414 0.980362 
vt 0.071414 0.980362 
vt 0.071414 0.980362 
vt 0.071414 0.980362 
vt 0.071414 0.980362 
vt 0.071414 0.980362 
vt 0.071414 0.980362 
vt 0.071414 0.980362 
vt 0.071414 0.980362 
vt 0.071414 0.980362 
vt 0.071414 0.980362 
vt 0.071414 0.980362 
vt 0.071414 0.980362 
vt 0.071414 0.980362 
vt 0.071414 0.980362 
vt 0.071414 0.980362 
vt 0.071414 0.980362 
vt 0.071414 0.980362 
vt 0.071414 0.980362 
vt 0.071414 0.980362 
vt 0.071414 0.980362 
vt 0.071414 0.980362 
vt 0.017915 0.977567 
vt 0.017915 0.977597 
vt 0.017915 0.977585 
vt 0.017915 0.977622 
vt 0.017915 0.977487 
vt 0.017915 0.977567 
vt 0.017915 0.977487 
vt 0.017915 0.977487 
vt 0.017915 0.977406 
vt 0.017915 0.977389 
vt 0.017915 0.977376 
vt 0.017915 0.977352 
vt 0.017915 0.977406 
vt 0.101803 0.937578 
vt 0.101805 0.937576 
vt 0.101805 0.937578 
vt 0.101803 0.937576 
vt 0.101803 0.937573 
vt 0.101805 0.937576 
vt 0.101805 0.937573 
vt 0.051847 0.128518 
vt 0.051847 0.308075 
vt 0.051847 0.149792 
vt 0.051847 0.308074 
vt 0.051847 0.149792 
vt 0.051847 0.061186 
vt 0.051847 0.090456 
vt 0.051847 0.308075 
vt 0.051847 0.466358 
vt 0.051847 0.48763 
vt 0.051847 0.554964 
vt 0.051847 0.466358 
vt 0.051847 0.525695 
vt 0.051847 0.128518 
vt 0.051847 0.308075 
vt 0.051847 0.125052 
vt 0.102794 0.938899 
vt 0.102794 0.938901 
vt 0.102794 0.938899 
vt 0.102794 0.938902 
vt 0.101803 0.937566 
vt 0.1018 0.937569 
vt 0.1018 0.937566 
vt 0.101803 0.937569 
vt 0.051847 0.050263 
vt 0.051847 0.103187 
vt 0.051847 0.122975 
vt 0.051847 0.079004 
vt 0.051847 0.245986 
vt 0.051847 0.079004 
vt 0.051847 0.256851 
vt 0.051847 0.21476 
vt 0.051847 0.281462 
vt 0.051847 0.256851 
vt 0.051847 0.399851 
vt 0.051847 0.388185 
vt 0.104881 0.978776 
vt 0.104876 0.978775 
vt 0.104876 0.978784 
vt 0.104872 0.978775 
vt 0.104872 0.97878 
vt 0.104876 0.978784 
vt 0.104881 0.97878 
vt 0.104881 0.978776 
vt 0.104876 0.978784 
vt 0.104876 0.97878 
vt 0.104881 0.978776 
vt 0.104876 0.978775 
vt 0.104872 0.97878 
vt 0.104872 0.978784 
vt 0.017915 0.977567 
vt 0.017915 0.977487 
vt 0.017915 0.977487 
vt 0.017915 0.977585 
vt 0.017915 0.977487 
vt 0.017915 0.977406 
vt 0.017915 0.977389 
vt 0.017915 0.977597 
vt 0.017915 0.977567 
vt 0.017915 0.977622 
vt 0.017915 0.977352 
vt 0.017915 0.977376 
vt 0.017915 0.977406 
vt 0.104876 0.978775 
vt 0.104872 0.978784 
vt 0.104876 0.978784 
vt 0.104881 0.978784 
vt 0.104879 0.97878 
vt 0.104876 0.978784 
vt 0.104876 0.978784 
vt 0.10488 0.978784 
vt 0.104879 0.978784 
vt 0.101803 0.937587 
vt 0.101805 0.937585 
vt 0.101805 0.937587 
vt 0.101803 0.937585 
vt 0.101805 0.937585 
vt 0.101803 0.937583 
vt 0.101805 0.937583 
vt 0.101803 0.93759 
vt 0.101805 0.937587 
vt 0.101805 0.93759 
vt 0.101803 0.937587 
vt 0.101805 0.937592 
vt 0.101803 0.93759 
vt 0.101803 0.937592 
vt 0.104876 0.978784 
vt 0.104876 0.97878 
vt 0.104876 0.97878 
vt 0.104876 0.978775 
vt 0.057999 0.931893 
vt 0.057999 0.932264 
vt 0.057999 0.931944 
vt 0.057999 0.932226 
vt 0.057999 0.933114 
vt 0.057999 0.932264 
vt 0.057999 0.933114 
vt 0.057999 0.933114 
vt 0.057999 0.933964 
vt 0.057999 0.934002 
vt 0.101803 0.937594 
vt 0.1018 0.937594 
vt 0.1018 0.937592 
vt 0.101803 0.937592 
vt 0.104881 0.978784 
vt 0.104876 0.978784 
vt 0.104879 0.97878 
vt 0.104881 0.978775 
vt 0.104879 0.97878 
vt 0.104881 0.97878 
vt 0.104881 0.978784 
vt 0.104876 0.978784 
vt 0.104881 0.978784 
vt 0.104881 0.97878 
vt 0.104876 0.978785 
vt 0.104876 0.978775 
vt 0.104881 0.978775 
vt 0.104872 0.97878 
vt 0.104872 0.978775 
vt 0.104876 0.978775 
vt 0.104881 0.978784 
vt 0.104881 0.978776 
vt 0.104876 0.978784 
vt 0.104876 0.978785 
vt 0.104881 0.978775 
vt 0.104881 0.97878 
vt 0.101805 0.937566 
vt 0.101803 0.937569 
vt 0.101803 0.937566 
vt 0.101805 0.937569 
vt 0.018073 0.978945 
vt 0.018074 0.978948 
vt 0.018074 0.978948 
vt 0.104872 0.978784 
vt 0.104872 0.97878 
vt 0.104876 0.978775 
vt 0.104872 0.978784 
vt 0.104876 0.978775 
vt 0.104876 0.978785 
vt 0.104879 0.978775 
vt 0.104876 0.978775 
vt 0.104876 0.97878 
vt 0.104881 0.978784 
vt 0.104876 0.978784 
vt 0.104881 0.978776 
vt 0.057999 0.931893 
vt 0.057999 0.932264 
vt 0.057999 0.932226 
vt 0.057999 0.931944 
vt 0.057999 0.932264 
vt 0.057999 0.933114 
vt 0.057999 0.933114 
vt 0.057999 0.933964 
vt 0.057999 0.933114 
vt 0.057999 0.934002 
vt 0.017915 0.977567 
vt 0.017915 0.977487 
vt 0.017915 0.977585 
vt 0.017915 0.977487 
vt 0.017915 0.977597 
vt 0.017915 0.977622 
vt 0.017915 0.977567 
vt 0.017915 0.977487 
vt 0.017915 0.977406 
vt 0.017915 0.977389 
vt 0.017915 0.977376 
vt 0.017915 0.977352 
vt 0.017915 0.977406 
vt 0.104879 0.97878 
vt 0.104881 0.978775 
vt 0.104881 0.97878 
vt 0.104881 0.978784 
vt 0.104879 0.97878 
vt 0.104876 0.978775 
vt 0.104881 0.978775 
vt 0.104876 0.978775 
vt 0.104876 0.97878 
vt 0.104876 0.97878 
vt 0.104876 0.978784 
vt 0.104876 0.978784 
vt 0.104876 0.97878 
vt 0.104879 0.97878 
vt 0.104876 0.978775 
vt 0.104876 0.978775 
vt 0.104876 0.97878 
vt 0.104876 0.978784 
vt 0.104876 0.97878 
vt 0.104876 0.978775 
vt 0.104876 0.978784 
vt 0.104881 0.978784 
vt 0.104881 0.97878 
vt 0.104881 0.978775 
vt 0.104881 0.978775 
vt 0.104881 0.978775 
vt 0.104881 0.978784 
vt 0.104881 0.978784 
vt 0.104881 0.978775 
vt 0.104881 0.97878 
vt 0.104881 0.978784 
vt 0.104881 0.978784 
vt 0.104881 0.97878 
vt 0.104881 0.978775 
vt 0.104879 0.978784 
vt 0.104876 0.978784 
vt 0.104876 0.97878 
vt 0.104881 0.97878 
vt 0.104881 0.978775 
vt 0.104881 0.978776 
vt 0.104881 0.978784 
vt 0.104881 0.978784 
vt 0.104881 0.978776 
vt 0.104881 0.97878 
vt 0.104881 0.978775 
vt 0.101805 0.937578 
vt 0.101803 0.93758 
vt 0.101803 0.937578 
vt 0.101805 0.93758 
vt 0.101805 0.937583 
vt 0.101803 0.93758 
vt 0.101803 0.937583 
vt 0.104876 0.978785 
vt 0.104881 0.97878 
vt 0.104881 0.978784 
vt 0.104881 0.978775 
vt 0.104876 0.97878 
vt 0.104879 0.97878 
vt 0.104876 0.978784 
vt 0.104876 0.978775 
vt 0.104881 0.978776 
vt 0.104876 0.978775 
vt 0.104881 0.978784 
vt 0.104876 0.978784 
vt 0.104879 0.97878 
vt 0.021212 0.98249 
vt 0.021208 0.982492 
vt 0.021211 0.982492 
vt 0.021208 0.98249 
vt 0.104876 0.978784 
vt 0.104879 0.978784 
vt 0.10488 0.978784 
vt 0.104872 0.978784 
vt 0.104876 0.978785 
vt 0.104876 0.978784 
vt 0.021212 0.98249 
vt 0.021208 0.982492 
vt 0.021208 0.98249 
vt 0.021211 0.982492 
vt 0.101803 0.937594 
vt 0.101803 0.937592 
vt 0.101805 0.937594 
vt 0.101805 0.937592 
vt 0.017895 0.977924 
vt 0.017895 0.977924 
vt 0.017895 0.977924 
vt 0.017895 0.977924 
vt 0.017895 0.977924 
vt 0.017895 0.977924 
vt 0.017895 0.977924 
vt 0.017895 0.977924 
vt 0.017895 0.977924 
vt 0.017895 0.977924 
vt 0.017895 0.977924 
vt 0.017895 0.977924 
vt 0.017895 0.977924 
vt 0.017895 0.977924 
vt 0.017895 0.977924 
vt 0.017895 0.977924 
vt 0.017895 0.977924 
vt 0.017895 0.977924 
vt 0.017895 0.977924 
vt 0.017895 0.977924 
vt 0.017895 0.977924 
vt 0.017895 0.977924 
vt 0.017895 0.977924 
vt 0.017895 0.977924 
vt 0.017895 0.977924 
vt 0.017895 0.977924 
vt 0.017895 0.977924 
vt 0.017895 0.977924 
vt 0.017895 0.977924 
vt 0.017895 0.977924 
vt 0.017895 0.977924 
vt 0.017895 0.977924 
vt 0.017895 0.977924 
vt 0.017895 0.977924 
vt 0.017895 0.977924 
vt 0.017895 0.977924 
vt 0.017895 0.977924 
vt 0.104881 0.97878 
vt 0.104879 0.978775 
vt 0.104879 0.97878 
vt 0.104881 0.978784 
vt 0.104876 0.978784 
vt 0.104876 0.97878 
vt 0.104879 0.97878 
vt 0.104876 0.978775 
vt 0.104879 0.978784 
vt 0.104876 0.97878 
vt 0.104876 0.978784 
vt 0.051847 0.308075 
vt 0.051847 0.48763 
vt 0.051847 0.491098 
vt 0.051847 0.128518 
vt 0.051847 0.056427 
vt 0.051847 0.061186 
vt 0.051847 0.559724 
vt 0.051847 0.48763 
vt 0.051847 0.554964 
vt 0.104881 0.978784 
vt 0.104876 0.978784 
vt 0.104881 0.978784 
vt 0.104876 0.978784 
vt 0.104876 0.978784 
vt 0.104879 0.978775 
vt 0.104876 0.978775 
vt 0.104876 0.97878 
vt 0.10181 0.937573 
vt 0.101807 0.937576 
vt 0.101807 0.937573 
vt 0.10181 0.937576 
vt 0.101807 0.937571 
vt 0.101805 0.937573 
vt 0.101805 0.937571 
vt 0.101807 0.937573 
vt 0.101805 0.937569 
vt 0.101807 0.937571 
vt 0.101807 0.937569 
vt 0.104879 0.978775 
vt 0.104876 0.97878 
vt 0.104879 0.97878 
vt 0.104879 0.978784 
vt 0.102801 0.938887 
vt 0.102806 0.93889 
vt 0.102805 0.93889 
vt 0.102806 0.93889 
vt 0.102807 0.938894 
vt 0.102807 0.938894 
vt 0.10181 0.937573 
vt 0.101812 0.937573 
vt 0.101812 0.937576 
vt 0.10181 0.937576 
vt 0.104881 0.978775 
vt 0.104879 0.978775 
vt 0.104879 0.97878 
vt 0.102806 0.93889 
vt 0.102801 0.938887 
vt 0.102805 0.93889 
vt 0.102807 0.938894 
vt 0.102806 0.93889 
vt 0.102807 0.938894 
vt 0.104879 0.978775 
vt 0.104876 0.97878 
vt 0.104879 0.97878 
vt 0.104879 0.978784 
vt 0.104881 0.978784 
vt 0.104881 0.97878 
vt 0.104881 0.978775 
vt 0.018074 0.978948 
vt 0.018073 0.978945 
vt 0.018072 0.978944 
vt 0.104881 0.97878 
vt 0.104881 0.978784 
vt 0.104881 0.978784 
vt 0.104881 0.97878 
vt 0.104881 0.978784 
vt 0.104881 0.97878 
vt 0.104881 0.978784 
vt 0.104881 0.978775 
vt 0.102801 0.9389 
vt 0.102803 0.938896 
vt 0.102805 0.938897 
vt 0.102799 0.938897 
vt 0.104881 0.978776 
vt 0.104876 0.978775 
vt 0.104876 0.978775 
vt 0.101814 0.937569 
vt 0.101812 0.937571 
vt 0.101812 0.937569 
vt 0.101814 0.937571 
vt 0.101812 0.937571 
vt 0.101814 0.937573 
vt 0.101812 0.937573 
vt 0.104879 0.978784 
vt 0.104876 0.97878 
vt 0.104876 0.978784 
vt 0.017926 0.977893 
vt 0.017926 0.977893 
vt 0.017926 0.977893 
vt 0.017926 0.977893 
vt 0.017926 0.977893 
vt 0.017926 0.977893 
vt 0.017926 0.977893 
vt 0.017926 0.977893 
vt 0.017926 0.977893 
vt 0.017926 0.977893 
vt 0.017926 0.977893 
vt 0.017926 0.977893 
vt 0.884732 0.217563 
vt 0.749524 0.174326 
vt 0.762669 0.081337 
vt 0.932702 0.172333 
vt 0.104881 0.97878 
vt 0.104881 0.978775 
vt 0.104881 0.97878 
vt 0.104881 0.978784 
vt 0.104881 0.978784 
vt 0.104881 0.978784 
vt 0.104879 0.978784 
vt 0.104879 0.97878 
vt 0.057999 0.932226 
vt 0.057999 0.931893 
vt 0.057999 0.932264 
vt 0.057999 0.931944 
vt 0.057999 0.932264 
vt 0.057999 0.933114 
vt 0.057999 0.933114 
vt 0.057999 0.933964 
vt 0.057999 0.933114 
vt 0.057999 0.934002 
vt 0.104881 0.97878 
vt 0.104881 0.978784 
vt 0.104881 0.978784 
vt 0.211704 0.217563 
vt 0.333767 0.081337 
vt 0.346912 0.174326 
vt 0.163734 0.172333 
vt 0.102803 0.938896 
vt 0.102801 0.9389 
vt 0.102805 0.938897 
vt 0.102799 0.938897 
vt 0.104876 0.978775 
vt 0.104876 0.97878 
vt 0.104876 0.97878 
vt 0.104876 0.978784 
vt 0.10181 0.937571 
vt 0.101807 0.937573 
vt 0.101807 0.937571 
vt 0.10181 0.937573 
vt 0.101807 0.937569 
vt 0.10181 0.937571 
vt 0.10181 0.937569 
vt 0.101805 0.937576 
vt 0.101807 0.937576 
vt 0.101805 0.937573 
vt 0.104881 0.978784 
vt 0.104879 0.97878 
vt 0.104879 0.978784 
vt 0.104879 0.978784 
vt 0.104876 0.97878 
vt 0.104879 0.97878 
vt 0.10488 0.978775 
vt 0.057999 0.932264 
vt 0.057999 0.931893 
vt 0.057999 0.932226 
vt 0.057999 0.931944 
vt 0.057999 0.933114 
vt 0.057999 0.932264 
vt 0.057999 0.933114 
vt 0.057999 0.933114 
vt 0.057999 0.933964 
vt 0.057999 0.934002 
vt 0.10488 0.978775 
vt 0.104876 0.97878 
vt 0.104879 0.97878 
vt 0.104879 0.978784 
vt 0.051847 0.308075 
vt 0.051847 0.128519 
vt 0.051847 0.125052 
vt 0.051847 0.056427 
vt 0.051847 0.061186 
vt 0.051847 0.308074 
vt 0.051847 0.48763 
vt 0.051847 0.491098 
vt 0.051847 0.559724 
vt 0.051847 0.48763 
vt 0.051847 0.554964 
vt 0.051847 0.149791 
vt 0.051847 0.061186 
vt 0.051847 0.090456 
vt 0.051847 0.308074 
vt 0.051847 0.149791 
vt 0.051847 0.308074 
vt 0.051847 0.466357 
vt 0.051847 0.554964 
vt 0.051847 0.466357 
vt 0.051847 0.525695 
vt 0.10181 0.937571 
vt 0.101812 0.937571 
vt 0.101812 0.937573 
vt 0.10181 0.937573 
vt 0.10181 0.937571 
vt 0.101812 0.937569 
vt 0.10181 0.937569 
vt 0.101814 0.937576 
vt 0.101812 0.937576 
vt 0.101814 0.937573 
vt 0.021211 0.982492 
vt 0.021208 0.982497 
vt 0.021211 0.982495 
vt 0.021208 0.982492 
vt 0.104881 0.978784 
vt 0.104879 0.97878 
vt 0.104879 0.978784 
vt 0.051847 0.128518 
vt 0.051847 0.308075 
vt 0.051847 0.125052 
vt 0.051847 0.48763 
vt 0.051847 0.559724 
vt 0.051847 0.554964 
vt 0.051847 0.056427 
vt 0.051847 0.128518 
vt 0.051847 0.061186 
vt 0.104881 0.978775 
vt 0.104876 0.978775 
vt 0.104876 0.97878 
vt 0.017926 0.977893 
vt 0.017926 0.977893 
vt 0.017926 0.977893 
vt 0.017926 0.977893 
vt 0.017926 0.977893 
vt 0.017926 0.977893 
vt 0.017926 0.977893 
vt 0.017926 0.977893 
vt 0.017926 0.977893 
vt 0.017926 0.977893 
vt 0.017926 0.977893 
vt 0.017926 0.977893 
vt 0.017926 0.977893 
vt 0.017926 0.977893 
vt 0.017926 0.977893 
vt 0.017926 0.977893 
vt 0.017926 0.977893 
vt 0.017926 0.977893 
vt 0.017926 0.977893 
vt 0.017926 0.977893 
vt 0.017926 0.977893 
vt 0.017926 0.977893 
vt 0.017926 0.977893 
vt 0.017926 0.977893 
vt 0.017926 0.977893 
vt 0.017926 0.977893 
vt 0.102794 0.938899 
vt 0.102794 0.938899 
vt 0.102794 0.938894 
vt 0.104876 0.97878 
vt 0.104876 0.978775 
vt 0.104881 0.978776 
vt 0.104876 0.978775 
vt 0.104881 0.978775 
vt 0.548218 0.539571 
vt 0.762217 0.333963 
vt 0.773299 0.539571 
vt 0.548218 0.323901 
vt 0.749524 0.174326 
vt 0.548218 0.153136 
vt 0.334219 0.745181 
vt 0.548218 0.755243 
vt 0.932227 0.733937 
vt 0.762217 0.745181 
vt 0.955827 0.539571 
vt 0.932227 0.345207 
vt 0.762217 0.333963 
vt 0.884732 0.217563 
vt 0.749524 0.174326 
vt 0.762217 0.745181 
vt 0.548218 0.755243 
vt 0.749524 0.174326 
vt 0.548218 0.153136 
vt 0.548218 0.052107 
vt 0.762669 0.081337 
vt 0.323137 0.539571 
vt 0.334219 0.333963 
vt 0.548218 0.323901 
vt 0.346912 0.174326 
vt 0.548218 0.153136 
vt 0.164209 0.733937 
vt 0.334219 0.745181 
vt 0.140609 0.539571 
vt 0.164209 0.345207 
vt 0.334219 0.333963 
vt 0.211704 0.217563 
vt 0.346912 0.174326 
vt 0.346912 0.174326 
vt 0.548218 0.052107 
vt 0.548218 0.153136 
vt 0.333767 0.081337 
vt 0.017947 0.977891 
vt 0.017947 0.977891 
vt 0.017947 0.977891 
vt 0.017947 0.977891 
vt 0.017947 0.977891 
vt 0.017947 0.977891 
vt 0.017947 0.977891 
vt 0.017947 0.977891 
vt 0.017947 0.977891 
vt 0.017947 0.977891 
vt 0.017947 0.977891 
vt 0.017947 0.977891 
vt 0.051847 0.308075 
vt 0.051847 0.128519 
vt 0.051847 0.308074 
vt 0.051847 0.491098 
vt 0.051847 0.125052 
vt 0.051847 0.056427 
vt 0.051847 0.061186 
vt 0.051847 0.48763 
vt 0.051847 0.559724 
vt 0.051847 0.554964 
vt 0.051847 0.061186 
vt 0.051847 0.149791 
vt 0.051847 0.090456 
vt 0.051847 0.149791 
vt 0.051847 0.308074 
vt 0.051847 0.308074 
vt 0.051847 0.466357 
vt 0.104876 0.978775 
vt 0.104876 0.97878 
vt 0.104881 0.978776 
vt 0.104881 0.978775 
vt 0.104876 0.978775 
vt 0.021208 0.982497 
vt 0.021211 0.982492 
vt 0.021211 0.982495 
vt 0.021208 0.982492 
vt 0.10488 0.978784 
vt 0.104876 0.97878 
vt 0.104879 0.97878 
vt 0.10488 0.978775 
vt 0.10488 0.978775 
vt 0.104876 0.97878 
vt 0.104879 0.97878 
vt 0.10488 0.978784 
vt 0.104881 0.978776 
vt 0.104881 0.978775 
vt 0.104876 0.978775 
vt 0.102794 0.938899 
vt 0.102794 0.938899 
vt 0.102794 0.938899 
vt 0.104879 0.978784 
vt 0.104876 0.97878 
vt 0.104876 0.978784 
vt 0.104872 0.978775 
vt 0.104876 0.978775 
vt 0.104876 0.978775 
vt 0.052392 0.164386 
vt 0.052392 0.172405 
vt 0.052392 0.247742 
vt 0.052392 0.252507 
vt 0.052392 0.063116 
vt 0.052392 0.049838 
vt 0.052392 0.174822 
vt 0.052392 0.255435 
vt 0.052392 0.061406 
vt 0.104881 0.97878 
vt 0.104881 0.978784 
vt 0.104881 0.97878 
vt 0.104881 0.978775 
vt 0.10488 0.978784 
vt 0.104876 0.978784 
vt 0.104876 0.97878 
vt 0.104876 0.978775 
vt 0.10488 0.978775 
vt 0.10488 0.978784 
vt 0.104876 0.97878 
vt 0.104876 0.978784 
vt 0.10488 0.978775 
vt 0.104876 0.978775 
vt 0.102794 0.938899 
vt 0.102794 0.938894 
vt 0.102794 0.938899 
vt 0.104881 0.97878 
vt 0.104881 0.978775 
vt 0.104881 0.97878 
vt 0.104881 0.978784 
vt 0.01807 0.978948 
vt 0.01807 0.978951 
vt 0.018067 0.978948 
vt 0.018068 0.978952 
vt 0.018074 0.978948 
vt 0.01807 0.978945 
vt 0.018072 0.978944 
vt 0.018074 0.978948 
vt 0.01807 0.978951 
vt 0.018072 0.978952 
vt 0.104879 0.97878 
vt 0.104876 0.978775 
vt 0.104881 0.978775 
vt 0.018067 0.978948 
vt 0.01807 0.978951 
vt 0.01807 0.978948 
vt 0.018068 0.978952 
vt 0.018074 0.978948 
vt 0.01807 0.978945 
vt 0.018072 0.978944 
vt 0.01807 0.978951 
vt 0.018074 0.978948 
vt 0.018072 0.978952 
vt 0.049918 0.605935 
vt 0.049918 0.654215 
vt 0.049918 0.605618 
vt 0.049918 0.65509 
vt 0.049918 0.533876 
vt 0.049918 0.535301 
vt 0.102794 0.938899 
vt 0.102794 0.938899 
vt 0.102794 0.938899 
vt 0.049918 0.605935 
vt 0.049918 0.654215 
vt 0.049918 0.65509 
vt 0.049918 0.605618 
vt 0.049918 0.533876 
vt 0.049918 0.535301 
vt 0.104876 0.978775 
vt 0.104876 0.97878 
vt 0.104876 0.97878 
vt 0.104876 0.978784 
vt 0.102799 0.938897 
vt 0.102796 0.938901 
vt 0.102795 0.938898 
vt 0.102801 0.9389 
vt 0.10488 0.978775 
vt 0.104879 0.97878 
vt 0.104881 0.97878 
vt 0.104881 0.978784 
vt 0.052392 0.164386 
vt 0.052392 0.247742 
vt 0.052392 0.172405 
vt 0.052392 0.252507 
vt 0.052392 0.063116 
vt 0.052392 0.049838 
vt 0.052392 0.174822 
vt 0.052392 0.255435 
vt 0.052392 0.061406 
vt 0.104881 0.978776 
vt 0.104876 0.978775 
vt 0.104876 0.978775 
vt 0.104879 0.97878 
vt 0.10488 0.978775 
vt 0.104881 0.97878 
vt 0.104881 0.978784 
vt 0.10488 0.978775 
vt 0.104879 0.97878 
vt 0.104881 0.97878 
vt 0.10488 0.978784 
vt 0.104881 0.978775 
vt 0.104876 0.978775 
vt 0.104881 0.978775 
vt 0.104876 0.978775 
vt 0.104872 0.978775 
vt 0.104879 0.97878 
vt 0.10488 0.978775 
vt 0.104881 0.97878 
vt 0.10488 0.978784 
vt 0.102796 0.938901 
vt 0.102799 0.938897 
vt 0.102795 0.938898 
vt 0.102801 0.9389 
vt 0.021208 0.982492 
vt 0.021205 0.982492 
vt 0.021208 0.982497 
vt 0.021196 0.982483 
vt 0.021208 0.98249 
vt 0.021205 0.982492 
vt 0.021205 0.98249 
vt 0.021208 0.982504 
vt 0.021211 0.982499 
vt 0.021208 0.982499 
vt 0.021211 0.982499 
vt 0.021208 0.982497 
vt 0.021211 0.982495 
vt 0.102805 0.93889 
vt 0.102803 0.938894 
vt 0.102803 0.938891 
vt 0.102807 0.938894 
vt 0.021208 0.982497 
vt 0.021196 0.982483 
vt 0.021205 0.982492 
vt 0.021208 0.982492 
vt 0.021205 0.982492 
vt 0.021208 0.98249 
vt 0.021205 0.98249 
vt 0.104881 0.978784 
vt 0.104881 0.97878 
vt 0.104881 0.97878 
vt 0.104881 0.978776 
vt 0.104876 0.978775 
vt 0.104881 0.978779 
vt 0.104876 0.978775 
vt 0.102805 0.93889 
vt 0.102803 0.938894 
vt 0.102807 0.938894 
vt 0.102803 0.938891 
vt 0.021211 0.982499 
vt 0.021208 0.982504 
vt 0.021208 0.982499 
vt 0.021208 0.982497 
vt 0.021211 0.982499 
vt 0.021211 0.982495 
vt 0.104881 0.978775 
vt 0.104881 0.978775 
vt 0.104881 0.97878 
vt 0.104881 0.97878 
vt 0.104881 0.978784 
vt 0.021211 0.982499 
vt 0.021208 0.982504 
vt 0.021212 0.982485 
vt 0.102801 0.938887 
vt 0.102806 0.93889 
vt 0.102802 0.938888 
vt 0.104881 0.978784 
vt 0.104879 0.97878 
vt 0.104879 0.978784 
vt 0.10488 0.978775 
vt 0.104876 0.978775 
vt 0.104876 0.97878 
vt 0.102799 0.938897 
vt 0.102799 0.938894 
vt 0.102803 0.938896 
vt 0.102803 0.938894 
vt 0.102807 0.938894 
vt 0.102803 0.938896 
vt 0.102805 0.938897 
vt 0.102806 0.93889 
vt 0.102801 0.938887 
vt 0.102802 0.938888 
vt 0.104876 0.978775 
vt 0.104881 0.97878 
vt 0.104881 0.978779 
vt 0.104876 0.97878 
vt 0.104876 0.978775 
vt 0.10488 0.978775 
vt 0.104881 0.978776 
vt 0.104881 0.97878 
vt 0.104881 0.978775 
vt 0.021208 0.982504 
vt 0.021211 0.982499 
vt 0.021212 0.982485 
vt 0.105193 0.925858 
vt 0.105189 0.925863 
vt 0.105193 0.925863 
vt 0.105189 0.925858 
vt 0.105193 0.925858 
vt 0.105189 0.925855 
vt 0.105193 0.925856 
vt 0.104876 0.97878 
vt 0.104876 0.978784 
vt 0.104876 0.978784 
vt 0.104876 0.978775 
vt 0.102794 0.938888 
vt 0.102794 0.938888 
vt 0.102794 0.938888 
vt 0.104876 0.97878 
vt 0.104876 0.978784 
vt 0.104876 0.978784 
vt 0.104876 0.978775 
vt 0.104876 0.978775 
vt 0.104876 0.978775 
vt 0.104876 0.97878 
vt 0.102799 0.938897 
vt 0.102803 0.938896 
vt 0.102799 0.938894 
vt 0.102803 0.938894 
vt 0.102803 0.938896 
vt 0.102807 0.938894 
vt 0.102805 0.938897 
vt 0.104876 0.97878 
vt 0.104876 0.978784 
vt 0.104876 0.978784 
vt 0.104876 0.978784 
vt 0.104876 0.978784 
vt 0.104881 0.978784 
vt 0.104881 0.978784 
vt 0.104881 0.978784 
vt 0.104881 0.978784 
vt 0.145746 0.976957 
vt 0.145854 0.976921 
vt 0.145746 0.976921 
vt 0.145854 0.976957 
vt 0.145746 0.977028 
vt 0.145854 0.976993 
vt 0.145746 0.976993 
vt 0.145854 0.977028 
vt 0.145746 0.976993 
vt 0.145854 0.976957 
vt 0.145746 0.976957 
vt 0.145854 0.976993 
vt 0.145746 0.976957 
vt 0.145746 0.976921 
vt 0.145854 0.976957 
vt 0.145854 0.976921 
vt 0.145854 0.976993 
vt 0.145854 0.976957 
vt 0.145746 0.976993 
vt 0.145854 0.977028 
vt 0.145746 0.976993 
vt 0.145746 0.977028 
vt 0.069313 0.935381 
vt 0.069313 0.935381 
vt 0.069313 0.935381 
vt 0.069313 0.935381 
vt 0.069313 0.935381 
vt 0.069313 0.935381 
vt 0.069313 0.935381 
vt 0.069313 0.935381 
vt 0.069313 0.935381 
vt 0.069313 0.935381 
vt 0.069313 0.935381 
vt 0.069313 0.935381 
vt 0.105189 0.925863 
vt 0.105193 0.925858 
vt 0.105193 0.925863 
vt 0.105189 0.925858 
vt 0.105193 0.925858 
vt 0.105189 0.925855 
vt 0.105193 0.925856 
vt 0.104881 0.978784 
vt 0.104881 0.97878 
vt 0.104881 0.97878 
vt 0.104879 0.978775 
vt 0.102794 0.938888 
vt 0.102794 0.938888 
vt 0.102794 0.938888 
vt 0.102802 0.938888 
vt 0.102796 0.938886 
vt 0.102801 0.938887 
vt 0.102797 0.938887 
vt 0.102794 0.938897 
vt 0.102794 0.938897 
vt 0.102794 0.938899 
vt 0.102802 0.938888 
vt 0.102796 0.938886 
vt 0.102797 0.938887 
vt 0.102801 0.938887 
vt 0.102794 0.938886 
vt 0.102796 0.938886 
vt 0.102797 0.938887 
vt 0.102794 0.938885 
vt 0.021211 0.982469 
vt 0.021212 0.982485 
vt 0.021208 0.982466 
vt 0.104881 0.97878 
vt 0.104881 0.978775 
vt 0.104881 0.978775 
vt 0.102794 0.938897 
vt 0.102794 0.938899 
vt 0.102794 0.938897 
vt 0.10488 0.978784 
vt 0.104881 0.97878 
vt 0.104879 0.978784 
vt 0.104876 0.978784 
vt 0.104876 0.978785 
vt 0.104876 0.978784 
vt 0.021208 0.982469 
vt 0.021209 0.982471 
vt 0.021212 0.982471 
vt 0.021211 0.982469 
vt 0.021208 0.982469 
vt 0.021208 0.982466 
vt 0.052392 0.256366 
vt 0.052392 0.173342 
vt 0.052392 0.253289 
vt 0.052392 0.175753 
vt 0.052392 0.165506 
vt 0.052392 0.248554 
vt 0.052392 0.063995 
vt 0.052392 0.050768 
vt 0.052392 0.175753 
vt 0.052392 0.063995 
vt 0.052392 0.062337 
vt 0.021211 0.982469 
vt 0.021208 0.982466 
vt 0.021212 0.982485 
vt 0.021208 0.982469 
vt 0.021212 0.982471 
vt 0.021209 0.982471 
vt 0.021211 0.982469 
vt 0.021208 0.982466 
vt 0.021208 0.982469 
vt 0.104876 0.97878 
vt 0.104876 0.978784 
vt 0.104876 0.97878 
vt 0.104876 0.978784 
vt 0.104876 0.978775 
vt 0.104881 0.97878 
vt 0.104881 0.978775 
vt 0.104881 0.978775 
vt 0.104876 0.978784 
vt 0.104876 0.978784 
vt 0.104876 0.978785 
vt 0.102796 0.938886 
vt 0.102794 0.938886 
vt 0.102797 0.938887 
vt 0.102794 0.938885 
vt 0.104876 0.97878 
vt 0.104876 0.978785 
vt 0.104876 0.978784 
vt 0.104876 0.97878 
vt 0.104876 0.978775 
vt 0.10488 0.978784 
vt 0.104879 0.978784 
vt 0.104881 0.97878 
vt 0.104872 0.97878 
vt 0.104872 0.978784 
vt 0.104872 0.978784 
vt 0.021201 0.982472 
vt 0.021208 0.982469 
vt 0.021205 0.982466 
vt 0.021208 0.982466 
vt 0.104876 0.978784 
vt 0.104876 0.978784 
vt 0.104876 0.978785 
vt 0.102794 0.938888 
vt 0.102794 0.938885 
vt 0.102794 0.938886 
vt 0.102794 0.938888 
vt 0.102794 0.938894 
vt 0.102794 0.938894 
vt 0.102794 0.938894 
vt 0.102794 0.938897 
vt 0.104872 0.97878 
vt 0.104872 0.978784 
vt 0.104872 0.978784 
vt 0.104881 0.97878 
vt 0.104881 0.978775 
vt 0.104881 0.978775 
vt 0.052392 0.256366 
vt 0.052392 0.173342 
vt 0.052392 0.175753 
vt 0.052392 0.253289 
vt 0.052392 0.165506 
vt 0.052392 0.248554 
vt 0.052392 0.063995 
vt 0.052392 0.050768 
vt 0.052392 0.063995 
vt 0.052392 0.175753 
vt 0.052392 0.062337 
vt 0.068672 0.934731 
vt 0.068668 0.934728 
vt 0.068672 0.934728 
vt 0.068668 0.934731 
vt 0.068672 0.934731 
vt 0.068668 0.934735 
vt 0.068672 0.934735 
vt 0.021205 0.982466 
vt 0.021208 0.982469 
vt 0.021201 0.982472 
vt 0.021208 0.982466 
vt 0.145854 0.976921 
vt 0.145746 0.976957 
vt 0.145746 0.976921 
vt 0.145854 0.976957 
vt 0.145854 0.976993 
vt 0.145746 0.977028 
vt 0.145746 0.976993 
vt 0.145854 0.977028 
vt 0.145854 0.976957 
vt 0.145746 0.976993 
vt 0.145746 0.976957 
vt 0.145854 0.976993 
vt 0.145746 0.976921 
vt 0.145854 0.976957 
vt 0.145854 0.976921 
vt 0.145746 0.976957 
vt 0.145854 0.976993 
vt 0.145746 0.976993 
vt 0.145854 0.976957 
vt 0.145746 0.976993 
vt 0.145854 0.977028 
vt 0.145746 0.977028 
vt 0.01795 0.977887 
vt 0.01795 0.977887 
vt 0.01795 0.977887 
vt 0.01795 0.977887 
vt 0.01795 0.977887 
vt 0.01795 0.977887 
vt 0.102794 0.938885 
vt 0.102794 0.938888 
vt 0.102794 0.938886 
vt 0.102794 0.938888 
vt 0.102794 0.938894 
vt 0.102794 0.938894 
vt 0.102794 0.938894 
vt 0.102794 0.938897 
vt 0.10488 0.978775 
vt 0.104876 0.978775 
vt 0.104876 0.97878 
vt 0.104881 0.978784 
vt 0.104876 0.978784 
vt 0.104876 0.978784 
vt 0.104876 0.978784 
vt 0.104881 0.978784 
vt 0.104876 0.978784 
vt 0.104881 0.978784 
vt 0.104876 0.97878 
vt 0.104876 0.978775 
vt 0.10488 0.978775 
vt 0.055281 0.756412 
vt 0.055357 0.756453 
vt 0.055269 0.756562 
vt 0.055369 0.756533 
vt 0.01795 0.977887 
vt 0.01795 0.977887 
vt 0.01795 0.977887 
vt 0.01795 0.977887 
vt 0.01795 0.977887 
vt 0.01795 0.977887 
vt 0.104872 0.978784 
vt 0.104876 0.978784 
vt 0.104876 0.978784 
vt 0.104876 0.978784 
vt 0.104881 0.978784 
vt 0.104872 0.978784 
vt 0.104872 0.978784 
vt 0.101283 0.93169 
vt 0.101286 0.931687 
vt 0.10128 0.931691 
vt 0.101287 0.93169 
vt 0.101283 0.93169 
vt 0.101286 0.931687 
vt 0.101287 0.93169 
vt 0.10128 0.931691 
vt 0.017915 0.97737 
vt 0.017915 0.977487 
vt 0.017915 0.977368 
vt 0.017915 0.977487 
vt 0.017915 0.977603 
vt 0.017915 0.977487 
vt 0.017915 0.977605 
vt 0.017915 0.977352 
vt 0.017915 0.977389 
vt 0.017915 0.977324 
vt 0.017915 0.977327 
vt 0.017915 0.977384 
vt 0.017915 0.977346 
vt 0.017915 0.977384 
vt 0.017915 0.977487 
vt 0.017915 0.977487 
vt 0.017915 0.977487 
vt 0.017915 0.977389 
vt 0.017915 0.977487 
vt 0.017915 0.977589 
vt 0.017915 0.977487 
vt 0.017915 0.977603 
vt 0.017915 0.977487 
vt 0.017915 0.977585 
vt 0.017915 0.97765 
vt 0.017915 0.977622 
vt 0.017915 0.977585 
vt 0.017915 0.977647 
vt 0.017915 0.977589 
vt 0.017915 0.977628 
vt 0.018073 0.978945 
vt 0.018069 0.978942 
vt 0.018072 0.978944 
vt 0.01807 0.978943 
vt 0.145854 0.976921 
vt 0.145746 0.976921 
vt 0.145854 0.976921 
vt 0.145746 0.976921 
vt 0.021198 0.98248 
vt 0.021196 0.982483 
vt 0.021198 0.982485 
vt 0.021196 0.98248 
vt 0.021198 0.98248 
vt 0.021196 0.982476 
vt 0.021201 0.982472 
vt 0.104881 0.978784 
vt 0.104881 0.978784 
vt 0.104876 0.978784 
vt 0.104876 0.978784 
vt 0.104881 0.978784 
vt 0.104876 0.978784 
vt 0.104881 0.978784 
vt 0.104881 0.978775 
vt 0.104876 0.978775 
vt 0.104881 0.978775 
vt 0.104876 0.978775 
vt 0.104881 0.978775 
vt 0.104876 0.978775 
vt 0.104881 0.978775 
vt 0.017915 0.97737 
vt 0.017915 0.977487 
vt 0.017915 0.977487 
vt 0.017915 0.977603 
vt 0.017915 0.977487 
vt 0.017915 0.977605 
vt 0.017915 0.977622 
vt 0.017915 0.977585 
vt 0.017915 0.97765 
vt 0.017915 0.977603 
vt 0.017915 0.977647 
vt 0.017915 0.977589 
vt 0.017915 0.977628 
vt 0.017915 0.977487 
vt 0.017915 0.977589 
vt 0.017915 0.977487 
vt 0.017915 0.977487 
vt 0.017915 0.977585 
vt 0.017915 0.977487 
vt 0.017915 0.977487 
vt 0.017915 0.977389 
vt 0.017915 0.977368 
vt 0.017915 0.977384 
vt 0.017915 0.977487 
vt 0.017915 0.977352 
vt 0.017915 0.977389 
vt 0.017915 0.977324 
vt 0.017915 0.977327 
vt 0.017915 0.977384 
vt 0.017915 0.977346 
vt 0.017915 0.9774 
vt 0.017915 0.977346 
vt 0.017915 0.977367 
vt 0.017915 0.977389 
vt 0.017915 0.977415 
vt 0.017915 0.977367 
vt 0.055281 0.756412 
vt 0.055269 0.756562 
vt 0.055357 0.756453 
vt 0.055369 0.756533 
vt 0.104881 0.978775 
vt 0.104876 0.978775 
vt 0.104876 0.978775 
vt 0.104881 0.978775 
vt 0.068668 0.934747 
vt 0.068668 0.934743 
vt 0.068672 0.934747 
vt 0.068672 0.934743 
vt 0.068672 0.934747 
vt 0.068668 0.934751 
vt 0.068672 0.934751 
vt 0.018073 0.978945 
vt 0.018069 0.978942 
vt 0.01807 0.978943 
vt 0.018072 0.978944 
vt 0.021198 0.98248 
vt 0.021196 0.982483 
vt 0.021196 0.98248 
vt 0.021198 0.982485 
vt 0.021198 0.98248 
vt 0.021196 0.982476 
vt 0.021201 0.982472 
vt 0.101279 0.931699 
vt 0.101276 0.931704 
vt 0.101279 0.931704 
vt 0.101276 0.931699 
vt 0.101279 0.931699 
vt 0.101276 0.931704 
vt 0.101276 0.931699 
vt 0.101279 0.931704 
vt 0.051847 0.156507 
vt 0.051847 0.308075 
vt 0.051847 0.308075 
vt 0.051847 0.125052 
vt 0.051847 0.459643 
vt 0.051847 0.491098 
vt 0.051847 0.516479 
vt 0.051847 0.559724 
vt 0.051847 0.459643 
vt 0.104881 0.978784 
vt 0.104876 0.978784 
vt 0.104876 0.978784 
vt 0.104881 0.978784 
vt 0.104881 0.978784 
vt 0.104876 0.978784 
vt 0.104881 0.978784 
vt 0.104881 0.978775 
vt 0.104881 0.978776 
vt 0.104876 0.978775 
vt 0.102805 0.93889 
vt 0.102799 0.93889 
vt 0.102801 0.938887 
vt 0.102803 0.938891 
vt 0.104876 0.978784 
vt 0.104876 0.978784 
vt 0.104876 0.97878 
vt 0.104876 0.978775 
vt 0.104876 0.97878 
vt 0.104876 0.978775 
vt 0.068641 0.935161 
vt 0.068636 0.935166 
vt 0.068636 0.935161 
vt 0.068641 0.935166 
vt 0.068641 0.935161 
vt 0.068636 0.935157 
vt 0.068641 0.935157 
vt 0.104881 0.978775 
vt 0.104876 0.978775 
vt 0.104881 0.978776 
vt 0.068641 0.935161 
vt 0.068645 0.935161 
vt 0.068645 0.935166 
vt 0.068641 0.935166 
vt 0.068641 0.935161 
vt 0.068645 0.935157 
vt 0.068641 0.935157 
vt 0.102805 0.93889 
vt 0.102799 0.93889 
vt 0.102803 0.938891 
vt 0.102801 0.938887 
vt 0.051847 0.308075 
vt 0.051847 0.156507 
vt 0.051847 0.308075 
vt 0.051847 0.125052 
vt 0.051847 0.459643 
vt 0.051847 0.491098 
vt 0.051847 0.459643 
vt 0.051847 0.516479 
vt 0.051847 0.559724 
vt 0.017919 0.977891 
vt 0.017919 0.977891 
vt 0.017919 0.977891 
vt 0.017919 0.977891 
vt 0.017919 0.977891 
vt 0.017919 0.977891 
vt 0.051847 0.516479 
vt 0.051847 0.491098 
vt 0.051847 0.459643 
vt 0.051847 0.559724 
vt 0.051847 0.308075 
vt 0.051847 0.459643 
vt 0.051847 0.308075 
vt 0.051847 0.156507 
vt 0.051847 0.125052 
vt 0.017919 0.977891 
vt 0.017919 0.977891 
vt 0.017919 0.977891 
vt 0.017919 0.977891 
vt 0.017919 0.977891 
vt 0.017919 0.977891 
vt 0.10488 0.978775 
vt 0.104879 0.97878 
vt 0.104881 0.97878 
vt 0.104881 0.978784 
vt 0.104879 0.97878 
vt 0.10488 0.978775 
vt 0.104881 0.97878 
vt 0.104881 0.978784 
vt 0.104881 0.978784 
vt 0.104879 0.978784 
vt 0.104879 0.97878 
vt 0.051847 0.125052 
vt 0.051847 0.099672 
vt 0.051847 0.056427 
vt 0.051847 0.156507 
vt 0.10488 0.978775 
vt 0.104876 0.97878 
vt 0.104879 0.97878 
vt 0.104879 0.978784 
vt 0.104879 0.978784 
vt 0.104876 0.97878 
vt 0.104879 0.97878 
vt 0.10488 0.978775 
vt 0.104879 0.978784 
vt 0.104876 0.97878 
vt 0.104876 0.978784 
vt 0.10488 0.978775 
vt 0.104876 0.978775 
vt 0.104879 0.978784 
vt 0.104876 0.978784 
vt 0.104876 0.97878 
vt 0.104876 0.978775 
vt 0.10488 0.978775 
vt 0.018237 0.977497 
vt 0.018237 0.977637 
vt 0.018375 0.977503 
vt 0.018367 0.9774 
vt 0.018237 0.977386 
vt 0.018106 0.9774 
vt 0.018098 0.977503 
vt 0.018091 0.977637 
vt 0.018383 0.977637 
vt 0.018098 0.97777 
vt 0.017988 0.977763 
vt 0.017973 0.977637 
vt 0.018237 0.977776 
vt 0.018375 0.97777 
vt 0.018486 0.977763 
vt 0.018501 0.977637 
vt 0.018091 0.977637 
vt 0.017988 0.977511 
vt 0.018098 0.977503 
vt 0.018019 0.977428 
vt 0.018106 0.9774 
vt 0.018098 0.97734 
vt 0.017988 0.977399 
vt 0.018237 0.977321 
vt 0.018237 0.977386 
vt 0.018486 0.977511 
vt 0.018383 0.977637 
vt 0.018375 0.977503 
vt 0.018455 0.977428 
vt 0.018367 0.9774 
vt 0.018376 0.97734 
vt 0.018486 0.977399 
vt 0.018237 0.977321 
vt 0.018237 0.977386 
vt 0.017915 0.977394 
vt 0.017915 0.977399 
vt 0.017915 0.977448 
vt 0.017915 0.977451 
vt 0.017915 0.977328 
vt 0.017915 0.977319 
vt 0.017915 0.9774 
vt 0.017915 0.977453 
vt 0.017915 0.977327 
vt 0.017915 0.977487 
vt 0.017915 0.977384 
vt 0.017915 0.977487 
vt 0.017915 0.97737 
vt 0.017915 0.977487 
vt 0.017915 0.977589 
vt 0.017915 0.977603 
vt 0.017915 0.977327 
vt 0.017915 0.977346 
vt 0.017915 0.977324 
vt 0.017915 0.977368 
vt 0.017915 0.977352 
vt 0.017915 0.977389 
vt 0.017915 0.9774 
vt 0.017915 0.977346 
vt 0.017915 0.977367 
vt 0.017915 0.977415 
vt 0.017915 0.977389 
vt 0.017915 0.977367 
vt 0.017915 0.977487 
vt 0.017915 0.97737 
vt 0.017915 0.977389 
vt 0.017915 0.977487 
vt 0.017915 0.977487 
vt 0.017915 0.977603 
vt 0.017915 0.977585 
vt 0.017915 0.977605 
vt 0.017915 0.977585 
vt 0.017915 0.977622 
vt 0.017915 0.97765 
vt 0.017915 0.977647 
vt 0.017915 0.977589 
vt 0.017915 0.977628 
vt 0.017915 0.977487 
vt 0.017915 0.977384 
vt 0.017915 0.977487 
vt 0.017915 0.97737 
vt 0.017915 0.977589 
vt 0.017915 0.977487 
vt 0.017915 0.977603 
vt 0.017915 0.977327 
vt 0.017915 0.977346 
vt 0.017915 0.977324 
vt 0.017915 0.977368 
vt 0.017915 0.977352 
vt 0.017915 0.977389 
vt 0.017915 0.977346 
vt 0.017915 0.9774 
vt 0.017915 0.977367 
vt 0.017915 0.977389 
vt 0.017915 0.977415 
vt 0.017915 0.977367 
vt 0.017915 0.97737 
vt 0.017915 0.977487 
vt 0.017915 0.977389 
vt 0.017915 0.977487 
vt 0.017915 0.977585 
vt 0.017915 0.977487 
vt 0.017915 0.977603 
vt 0.017915 0.977605 
vt 0.017915 0.977622 
vt 0.017915 0.977585 
vt 0.017915 0.97765 
vt 0.017915 0.977647 
vt 0.017915 0.977589 
vt 0.017915 0.977628 
vt 0.104879 0.97878 
vt 0.10488 0.978775 
vt 0.104881 0.97878 
vt 0.104879 0.978784 
vt 0.10488 0.978775 
vt 0.104879 0.97878 
vt 0.104881 0.97878 
vt 0.104879 0.978784 
vt 0.145854 0.976921 
vt 0.145746 0.976921 
vt 0.145746 0.976921 
vt 0.145854 0.976921 
vt 0.104879 0.978784 
vt 0.104876 0.97878 
vt 0.104879 0.97878 
vt 0.10488 0.978775 
vt 0.10488 0.978775 
vt 0.104876 0.97878 
vt 0.104879 0.97878 
vt 0.104879 0.978784 
vt 0.017919 0.977891 
vt 0.017919 0.977892 
vt 0.017919 0.977891 
vt 0.017919 0.977892 
vt 0.051847 0.491098 
vt 0.051847 0.516479 
vt 0.051847 0.459643 
vt 0.051847 0.559724 
vt 0.051847 0.459643 
vt 0.051847 0.308075 
vt 0.051847 0.308075 
vt 0.051847 0.156507 
vt 0.051847 0.125052 
vt 0.101279 0.931694 
vt 0.101276 0.931699 
vt 0.101279 0.931699 
vt 0.10128 0.931691 
vt 0.051847 0.099672 
vt 0.051847 0.156507 
vt 0.051847 0.125052 
vt 0.051847 0.056427 
vt 0.101279 0.931694 
vt 0.101276 0.931699 
vt 0.10128 0.931691 
vt 0.101279 0.931699 
vt 0.017919 0.977891 
vt 0.017919 0.977892 
vt 0.017919 0.977892 
vt 0.017919 0.977891 
vt 0.017947 0.977895 
vt 0.017947 0.977895 
vt 0.017947 0.977895 
vt 0.017947 0.977895 
vt 0.017947 0.977895 
vt 0.017947 0.977895 
vt 0.017947 0.977895 
vt 0.017947 0.977895 
vt 0.017947 0.977895 
vt 0.017947 0.977895 
vt 0.017947 0.977895 
vt 0.017947 0.977895 
vt 0.017947 0.977895 
vt 0.017947 0.977895 
vt 0.017947 0.977895 
vt 0.017947 0.977895 
vt 0.017947 0.977895 
vt 0.017947 0.977895 
vt 0.017947 0.977895 
vt 0.017947 0.977895 
vt 0.017947 0.977895 
vt 0.017947 0.977895 
vt 0.017947 0.977895 
vt 0.017947 0.977895 
vt 0.017947 0.977895 
vt 0.017947 0.977895 
vt 0.104881 0.978775 
vt 0.104881 0.978775 
vt 0.104881 0.97878 
vt 0.104881 0.978784 
vt 0.104881 0.97878 
vt 0.104881 0.978784 
vt 0.051847 0.099672 
vt 0.051847 0.125052 
vt 0.051847 0.056427 
vt 0.051847 0.156507 
vt 0.104881 0.978784 
vt 0.104881 0.97878 
vt 0.104881 0.978784 
vt 0.018067 0.978948 
vt 0.018068 0.978944 
vt 0.01807 0.978948 
vt 0.01807 0.978945 
vt 0.104876 0.978784 
vt 0.104876 0.978785 
vt 0.104881 0.978784 
vt 0.102799 0.93889 
vt 0.102803 0.938894 
vt 0.102799 0.938894 
vt 0.102803 0.938891 
vt 0.017915 0.977394 
vt 0.017915 0.977448 
vt 0.017915 0.977399 
vt 0.017915 0.977451 
vt 0.017915 0.977328 
vt 0.017915 0.977319 
vt 0.017915 0.9774 
vt 0.017915 0.977453 
vt 0.017915 0.977327 
vt 0.104881 0.978784 
vt 0.104881 0.978784 
vt 0.104881 0.97878 
vt 0.104881 0.978784 
vt 0.104881 0.97878 
vt 0.104881 0.978784 
vt 0.051847 0.099672 
vt 0.051847 0.125052 
vt 0.051847 0.156507 
vt 0.051847 0.056427 
vt 0.104881 0.97878 
vt 0.104881 0.978775 
vt 0.104881 0.978775 
vt 0.018068 0.978944 
vt 0.01807 0.978948 
vt 0.01807 0.978945 
vt 0.018067 0.978948 
vt 0.102795 0.938889 
vt 0.102801 0.938887 
vt 0.102799 0.93889 
vt 0.102796 0.938886 
vt 0.102795 0.938889 
vt 0.102801 0.938887 
vt 0.102796 0.938886 
vt 0.102799 0.93889 
vt 0.104881 0.978784 
vt 0.104876 0.978784 
vt 0.104876 0.978785 
vt 0.102799 0.93889 
vt 0.102799 0.938894 
vt 0.102803 0.938894 
vt 0.102803 0.938891 
vt 0.104879 0.978784 
vt 0.104876 0.978784 
vt 0.104876 0.97878 
vt 0.104881 0.978784 
vt 0.104879 0.978784 
vt 0.104879 0.97878 
vt 0.10488 0.978775 
vt 0.104881 0.97878 
vt 0.10488 0.978775 
vt 0.10488 0.978775 
vt 0.10488 0.978775 
vt 0.104876 0.978775 
vt 0.017947 0.977895 
vt 0.017947 0.977895 
vt 0.017947 0.977895 
vt 0.017947 0.977895 
vt 0.017947 0.977895 
vt 0.017947 0.977895 
vt 0.017947 0.977895 
vt 0.017947 0.977895 
vt 0.017947 0.977895 
vt 0.017947 0.977895 
vt 0.017947 0.977895 
vt 0.017947 0.977895 
vt 0.017947 0.977895 
vt 0.017947 0.977895 
vt 0.017947 0.977895 
vt 0.017947 0.977895 
vt 0.017947 0.977895 
vt 0.104881 0.978784 
vt 0.104879 0.978784 
vt 0.104879 0.97878 
vt 0.104881 0.978784 
vt 0.104879 0.97878 
vt 0.104879 0.978784 
vt 0.104876 0.97878 
vt 0.104876 0.978775 
vt 0.104881 0.978779 
vt 0.068668 0.93472 
vt 0.068668 0.934724 
vt 0.068664 0.93472 
vt 0.068664 0.934724 
vt 0.068672 0.93472 
vt 0.068668 0.934724 
vt 0.068672 0.934724 
vt 0.068668 0.934724 
vt 0.068664 0.934728 
vt 0.068668 0.934728 
vt 0.068672 0.934728 
vt 0.068668 0.934724 
vt 0.104879 0.978784 
vt 0.104876 0.978784 
vt 0.104876 0.97878 
vt 0.104881 0.978775 
vt 0.104876 0.978775 
vt 0.104876 0.97878 
vt 0.102795 0.938898 
vt 0.102799 0.938894 
vt 0.102799 0.938897 
vt 0.102795 0.938894 
vt 0.102795 0.938889 
vt 0.102799 0.938894 
vt 0.102799 0.93889 
vt 0.102794 0.938897 
vt 0.102794 0.938902 
vt 0.102794 0.938898 
vt 0.102794 0.938899 
vt 0.102794 0.938894 
vt 0.102794 0.938894 
vt 0.102794 0.93889 
vt 0.102794 0.938889 
vt 0.102794 0.93889 
vt 0.102794 0.938885 
vt 0.102794 0.938888 
vt 0.102794 0.938888 
vt 0.102794 0.93889 
vt 0.102794 0.93889 
vt 0.102794 0.938894 
vt 0.104876 0.978775 
vt 0.104876 0.978775 
vt 0.104881 0.978775 
vt 0.017915 0.977677 
vt 0.017915 0.977569 
vt 0.017915 0.97769 
vt 0.017915 0.977516 
vt 0.017915 0.97743 
vt 0.017915 0.977569 
vt 0.017915 0.977483 
vt 0.017915 0.977516 
vt 0.017915 0.977543 
vt 0.017915 0.977677 
vt 0.017915 0.977677 
vt 0.017915 0.977516 
vt 0.017915 0.977677 
vt 0.017915 0.977569 
vt 0.017915 0.97769 
vt 0.017915 0.977516 
vt 0.017915 0.977569 
vt 0.017915 0.97743 
vt 0.017915 0.977483 
vt 0.017915 0.977744 
vt 0.017915 0.977759 
vt 0.017915 0.977677 
vt 0.017915 0.977792 
vt 0.017915 0.97769 
vt 0.017915 0.977763 
vt 0.017919 0.977892 
vt 0.017919 0.977891 
vt 0.017919 0.977892 
vt 0.017919 0.977891 
vt 0.104876 0.97878 
vt 0.104876 0.978775 
vt 0.104879 0.978775 
vt 0.104879 0.978784 
vt 0.104876 0.97878 
vt 0.104879 0.97878 
vt 0.104879 0.978775 
vt 0.104879 0.978784 
vt 0.104876 0.978784 
vt 0.104876 0.97878 
vt 0.104879 0.978784 
vt 0.104876 0.97878 
vt 0.104879 0.97878 
vt 0.104879 0.978775 
vt 0.104881 0.978784 
vt 0.104881 0.97878 
vt 0.104881 0.978775 
vt 0.104881 0.978775 
vt 0.104881 0.97878 
vt 0.104876 0.978775 
vt 0.104879 0.97878 
vt 0.104879 0.978775 
vt 0.104881 0.978775 
vt 0.10488 0.978775 
vt 0.10488 0.978775 
vt 0.104881 0.97878 
vt 0.017919 0.977891 
vt 0.017919 0.977892 
vt 0.017919 0.977892 
vt 0.017919 0.977891 
vt 0.104876 0.97878 
vt 0.104876 0.978775 
vt 0.104879 0.978775 
vt 0.10488 0.978775 
vt 0.104876 0.978775 
vt 0.10488 0.978775 
vt 0.104881 0.978784 
vt 0.104879 0.97878 
vt 0.104881 0.97878 
vt 0.104879 0.978775 
vt 0.017919 0.977892 
vt 0.017919 0.977892 
vt 0.017919 0.977892 
vt 0.017919 0.977892 
vt 0.104879 0.978784 
vt 0.104876 0.97878 
vt 0.104876 0.978784 
vt 0.104881 0.978775 
vt 0.104876 0.97878 
vt 0.104879 0.97878 
vt 0.104876 0.978784 
vt 0.104876 0.978785 
vt 0.104876 0.97878 
vt 0.104879 0.97878 
vt 0.104881 0.978779 
vt 0.104881 0.978784 
vt 0.104879 0.97878 
vt 0.104876 0.978784 
vt 0.017919 0.977892 
vt 0.017919 0.977892 
vt 0.017919 0.977892 
vt 0.017919 0.977892 
vt 0.017893 0.977921 
vt 0.017893 0.977921 
vt 0.017893 0.977921 
vt 0.017893 0.977921 
vt 0.017893 0.977921 
vt 0.017893 0.977921 
vt 0.017893 0.977921 
vt 0.017893 0.977921 
vt 0.017893 0.977921 
vt 0.017893 0.977921 
vt 0.017893 0.977921 
vt 0.017893 0.977921 
vt 0.017893 0.977921 
vt 0.017893 0.977921 
vt 0.017893 0.977921 
vt 0.017893 0.977921 
vt 0.017893 0.977921 
vt 0.104881 0.978784 
vt 0.104881 0.97878 
vt 0.104881 0.978784 
vt 0.104881 0.97878 
vt 0.104881 0.978775 
vt 0.104876 0.978784 
vt 0.104872 0.97878 
vt 0.104872 0.978784 
vt 0.102795 0.938898 
vt 0.102799 0.938894 
vt 0.102795 0.938894 
vt 0.102799 0.938897 
vt 0.102799 0.938894 
vt 0.102795 0.938889 
vt 0.102799 0.93889 
vt 0.104876 0.978775 
vt 0.104876 0.97878 
vt 0.104879 0.97878 
vt 0.104876 0.978784 
vt 0.104881 0.978784 
vt 0.104881 0.97878 
vt 0.104881 0.978775 
vt 0.018069 0.978942 
vt 0.01807 0.978945 
vt 0.018072 0.978944 
vt 0.018068 0.978944 
vt 0.104881 0.978775 
vt 0.104876 0.978775 
vt 0.104879 0.97878 
vt 0.104881 0.978784 
vt 0.104881 0.978776 
vt 0.104876 0.978784 
vt 0.104881 0.978779 
vt 0.104881 0.978784 
vt 0.104881 0.978784 
vt 0.104881 0.97878 
vt 0.104876 0.978775 
vt 0.104881 0.978775 
vt 0.104876 0.978775 
vt 0.104876 0.978775 
vt 0.104872 0.978775 
vt 0.104872 0.97878 
vt 0.017893 0.977921 
vt 0.017893 0.977921 
vt 0.017893 0.977921 
vt 0.017893 0.977921 
vt 0.017893 0.977921 
vt 0.017893 0.977921 
vt 0.017893 0.977921 
vt 0.017893 0.977921 
vt 0.017893 0.977921 
vt 0.017893 0.977921 
vt 0.017893 0.977921 
vt 0.017893 0.977921 
vt 0.017893 0.977921 
vt 0.017893 0.977921 
vt 0.017893 0.977921 
vt 0.017893 0.977921 
vt 0.017893 0.977921 
vt 0.018072 0.978944 
vt 0.01807 0.978945 
vt 0.018069 0.978942 
vt 0.018068 0.978944 
vt 0.104872 0.978784 
vt 0.104876 0.978784 
vt 0.104872 0.978784 
vt 0.104872 0.978784 
vt 0.104876 0.978784 
vt 0.104881 0.978775 
vt 0.104876 0.978784 
vt 0.104881 0.97878 
vt 0.104881 0.978784 
vt 0.104879 0.97878 
vt 0.104876 0.978784 
vt 0.017915 0.977694 
vt 0.017915 0.977569 
vt 0.017915 0.97769 
vt 0.017915 0.977578 
vt 0.017915 0.977585 
vt 0.017915 0.977546 
vt 0.017915 0.977578 
vt 0.017915 0.97755 
vt 0.017915 0.977546 
vt 0.017915 0.97755 
vt 0.017915 0.977546 
vt 0.017915 0.977453 
vt 0.017915 0.977446 
vt 0.017915 0.977453 
vt 0.017915 0.977546 
vt 0.017915 0.977446 
vt 0.017915 0.977338 
vt 0.017915 0.977367 
vt 0.017915 0.977453 
vt 0.017915 0.977367 
vt 0.017915 0.977338 
vt 0.017915 0.977453 
vt 0.017915 0.977367 
vt 0.017915 0.97732 
vt 0.017915 0.977367 
vt 0.017915 0.977469 
vt 0.017915 0.977426 
vt 0.017915 0.977354 
vt 0.017915 0.977367 
vt 0.017915 0.97743 
vt 0.017915 0.977354 
vt 0.017915 0.977469 
vt 0.017915 0.977426 
vt 0.017915 0.977367 
vt 0.017915 0.97743 
vt 0.017915 0.977426 
vt 0.017915 0.977483 
vt 0.017915 0.977469 
vt 0.017915 0.977483 
vt 0.017915 0.977426 
vt 0.017915 0.977469 
vt 0.017915 0.977546 
vt 0.017915 0.977539 
vt 0.017915 0.977483 
vt 0.017915 0.977569 
vt 0.017915 0.977546 
vt 0.017915 0.977539 
vt 0.017915 0.977483 
vt 0.017915 0.977569 
vt 0.104881 0.978775 
vt 0.104876 0.978775 
vt 0.104876 0.978784 
vt 0.104876 0.978775 
vt 0.104872 0.97878 
vt 0.104876 0.978784 
vt 0.104881 0.978775 
vt 0.104879 0.97878 
vt 0.104881 0.97878 
vt 0.104881 0.978784 
vt 0.104881 0.978784 
vt 0.104881 0.97878 
vt 0.104881 0.978776 
vt 0.104881 0.97878 
vt 0.104881 0.978775 
vt 0.104881 0.978784 
vt 0.104881 0.97878 
vt 0.104876 0.978784 
vt 0.104881 0.978784 
vt 0.104876 0.978785 
vt 0.104881 0.978776 
vt 0.104876 0.978775 
vt 0.104876 0.978784 
vt 0.051847 0.432457 
vt 0.051847 0.308075 
vt 0.051847 0.308075 
vt 0.051847 0.459643 
vt 0.051847 0.308075 
vt 0.051847 0.183693 
vt 0.051847 0.156507 
vt 0.051847 0.479045 
vt 0.051847 0.432457 
vt 0.051847 0.516479 
vt 0.051847 0.099672 
vt 0.051847 0.137106 
vt 0.051847 0.183693 
vt 0.102794 0.938898 
vt 0.102796 0.938901 
vt 0.102794 0.938902 
vt 0.102795 0.938898 
vt 0.102794 0.938898 
vt 0.102795 0.938894 
vt 0.102794 0.938894 
vt 0.102794 0.938889 
vt 0.102795 0.938894 
vt 0.102795 0.938889 
vt 0.102794 0.938889 
vt 0.102796 0.938886 
vt 0.102794 0.938885 
vt 0.102794 0.93889 
vt 0.102794 0.938885 
vt 0.102794 0.938888 
vt 0.102794 0.93889 
vt 0.102794 0.938888 
vt 0.102794 0.938894 
vt 0.102794 0.93889 
vt 0.102794 0.938894 
vt 0.102794 0.93889 
vt 0.102794 0.938894 
vt 0.102794 0.938897 
vt 0.102794 0.938898 
vt 0.102794 0.938902 
vt 0.102794 0.938899 
vt 0.104872 0.978784 
vt 0.104872 0.97878 
vt 0.104876 0.978784 
vt 0.104881 0.978784 
vt 0.104876 0.978785 
vt 0.104879 0.97878 
vt 0.104881 0.978784 
vt 0.104881 0.978776 
vt 0.104881 0.97878 
vt 0.104881 0.97878 
vt 0.104881 0.978784 
vt 0.104881 0.978775 
vt 0.104876 0.978784 
vt 0.104876 0.978775 
vt 0.104881 0.978776 
vt 0.104881 0.978784 
vt 0.104879 0.97878 
vt 0.104881 0.978779 
vt 0.104872 0.97878 
vt 0.104872 0.978775 
vt 0.104876 0.978775 
vt 0.104876 0.978784 
vt 0.104881 0.97878 
vt 0.104881 0.978784 
vt 0.104881 0.978784 
vt 0.104881 0.97878 
vt 0.104881 0.978784 
vt 0.104876 0.978784 
vt 0.104881 0.978775 
vt 0.104881 0.97878 
vt 0.104876 0.978784 
vt 0.104876 0.978775 
vt 0.104881 0.978775 
vt 0.10488 0.978775 
vt 0.104881 0.97878 
vt 0.10488 0.978775 
vt 0.102794 0.938898 
vt 0.102796 0.938901 
vt 0.102795 0.938898 
vt 0.102794 0.938902 
vt 0.102794 0.938898 
vt 0.102795 0.938894 
vt 0.102794 0.938894 
vt 0.102795 0.938894 
vt 0.102794 0.938889 
vt 0.102795 0.938889 
vt 0.102794 0.938889 
vt 0.102796 0.938886 
vt 0.102794 0.938885 
vt 0.104872 0.97878 
vt 0.104876 0.978775 
vt 0.104876 0.978784 
vt 0.10488 0.978775 
vt 0.10488 0.978775 
vt 0.104876 0.978775 
vt 0.051847 0.432457 
vt 0.051847 0.308075 
vt 0.051847 0.459643 
vt 0.051847 0.308075 
vt 0.051847 0.479045 
vt 0.051847 0.516479 
vt 0.051847 0.432457 
vt 0.051847 0.308075 
vt 0.051847 0.183693 
vt 0.051847 0.156507 
vt 0.051847 0.137106 
vt 0.051847 0.099672 
vt 0.051847 0.183693 
vt 0.104881 0.97878 
vt 0.104881 0.978784 
vt 0.104881 0.978784 
vt 0.104881 0.978784 
vt 0.104881 0.978784 
vt 0.104876 0.978785 
vt 0.017928 0.977922 
vt 0.017928 0.977922 
vt 0.017928 0.977922 
vt 0.017928 0.977922 
vt 0.017928 0.977922 
vt 0.017928 0.977922 
vt 0.017928 0.977922 
vt 0.017928 0.977922 
vt 0.017928 0.977922 
vt 0.017928 0.977922 
vt 0.017928 0.977922 
vt 0.017928 0.977922 
vt 0.017928 0.977922 
vt 0.017928 0.977922 
vt 0.017919 0.977892 
vt 0.017919 0.977892 
vt 0.017919 0.977892 
vt 0.017919 0.977892 
vt 0.051847 0.479045 
vt 0.051847 0.459643 
vt 0.051847 0.516479 
vt 0.051847 0.432457 
vt 0.051847 0.308075 
vt 0.051847 0.432457 
vt 0.051847 0.308075 
vt 0.051847 0.183693 
vt 0.051847 0.308075 
vt 0.051847 0.156507 
vt 0.051847 0.137106 
vt 0.051847 0.099672 
vt 0.051847 0.183693 
vt 0.017914 0.97768 
vt 0.017914 0.977711 
vt 0.017914 0.977712 
vt 0.017914 0.97768 
vt 0.017914 0.977633 
vt 0.017914 0.977634 
vt 0.017914 0.977633 
vt 0.017914 0.977634 
vt 0.017914 0.97768 
vt 0.017914 0.977711 
vt 0.017914 0.977712 
vt 0.017914 0.977721 
vt 0.017914 0.977722 
vt 0.017914 0.977711 
vt 0.017914 0.977706 
vt 0.017914 0.97771 
vt 0.017914 0.977679 
vt 0.017914 0.977679 
vt 0.017914 0.977632 
vt 0.017914 0.977632 
vt 0.017914 0.97768 
vt 0.017914 0.977706 
vt 0.017914 0.977679 
vt 0.017914 0.977632 
vt 0.017914 0.977633 
vt 0.104881 0.978784 
vt 0.104876 0.978784 
vt 0.104881 0.978776 
vt 0.104876 0.978785 
vt 0.017928 0.977922 
vt 0.017928 0.977922 
vt 0.017928 0.977922 
vt 0.017928 0.977922 
vt 0.017928 0.977922 
vt 0.017928 0.977922 
vt 0.017928 0.977922 
vt 0.017928 0.977922 
vt 0.017928 0.977922 
vt 0.017928 0.977922 
vt 0.017928 0.977922 
vt 0.017928 0.977922 
vt 0.017928 0.977922 
vt 0.017928 0.977922 
vt 0.017919 0.977892 
vt 0.017919 0.977892 
vt 0.017919 0.977892 
vt 0.017919 0.977892 
vt 0.10488 0.978775 
vt 0.10488 0.978775 
vt 0.104881 0.97878 
vt 0.10488 0.978775 
vt 0.104876 0.978775 
vt 0.10488 0.978775 
vt 0.017928 0.977922 
vt 0.017928 0.977922 
vt 0.017928 0.977922 
vt 0.017928 0.977922 
vt 0.017928 0.977922 
vt 0.017928 0.977922 
vt 0.017928 0.977922 
vt 0.017928 0.977922 
vt 0.017928 0.977922 
vt 0.017928 0.977922 
vt 0.017928 0.977922 
vt 0.017928 0.977922 
vt 0.017928 0.977922 
vt 0.017928 0.977922 
vt 0.017928 0.977922 
vt 0.017928 0.977922 
vt 0.017928 0.977922 
vt 0.017928 0.977922 
vt 0.017928 0.977922 
vt 0.017928 0.977922 
vt 0.017928 0.977922 
vt 0.017928 0.977922 
vt 0.017928 0.977922 
vt 0.017928 0.977922 
vt 0.017928 0.977922 
vt 0.017928 0.977922 
vt 0.017928 0.977922 
vt 0.017928 0.977922 
vt 0.017948 0.977895 
vt 0.017948 0.977895 
vt 0.017948 0.977895 
vt 0.017948 0.977895 
vt 0.017948 0.977895 
vt 0.017948 0.977895 
vt 0.017948 0.977895 
vt 0.017948 0.977895 
vt 0.017948 0.977895 
vt 0.017948 0.977895 
vt 0.017948 0.977895 
vt 0.017948 0.977895 
vt 0.017948 0.977895 
vt 0.017948 0.977895 
vt 0.017948 0.977895 
vt 0.017948 0.977895 
vt 0.017948 0.977895 
vt 0.017948 0.977895 
vt 0.017948 0.977895 
vt 0.017948 0.977895 
vt 0.017948 0.977895 
vt 0.017948 0.977895 
vt 0.017948 0.977895 
vt 0.017948 0.977895 
vt 0.017948 0.977895 
vt 0.017948 0.977895 
vt 0.017948 0.977895 
vt 0.017948 0.977895 
vt 0.017948 0.977895 
vt 0.017948 0.977895 
vt 0.017948 0.977895 
vt 0.017948 0.977895 
vt 0.017948 0.977895 
vt 0.017948 0.977895 
vt 0.017948 0.977895 
vt 0.017948 0.977895 
vt 0.017948 0.977895 
vt 0.017948 0.977895 
vt 0.017948 0.977895 
vt 0.017948 0.977895 
vt 0.017948 0.977895 
vt 0.017948 0.977895 
vt 0.051847 0.432457 
vt 0.051847 0.479045 
vt 0.051847 0.459643 
vt 0.051847 0.516479 
vt 0.051847 0.308075 
vt 0.051847 0.432457 
vt 0.051847 0.308075 
vt 0.051847 0.308075 
vt 0.051847 0.183693 
vt 0.051847 0.156507 
vt 0.051847 0.137106 
vt 0.051847 0.099672 
vt 0.051847 0.183693 
vt 0.017915 0.977453 
vt 0.017915 0.977399 
vt 0.017915 0.977451 
vt 0.017915 0.977401 
vt 0.017915 0.977394 
vt 0.017915 0.977448 
vt 0.017915 0.977329 
vt 0.017915 0.97732 
vt 0.017915 0.977401 
vt 0.017915 0.977329 
vt 0.017915 0.977327 
vt 0.017915 0.977401 
vt 0.017915 0.977329 
vt 0.017915 0.977399 
vt 0.017915 0.977453 
vt 0.017915 0.977451 
vt 0.017915 0.977394 
vt 0.017915 0.97732 
vt 0.017915 0.977448 
vt 0.017948 0.977895 
vt 0.017948 0.977895 
vt 0.017948 0.977895 
vt 0.017948 0.977895 
vt 0.017948 0.977895 
vt 0.017948 0.977895 
vt 0.017948 0.977895 
vt 0.017948 0.977895 
vt 0.017948 0.977895 
vt 0.017948 0.977895 
vt 0.017948 0.977895 
vt 0.017948 0.977895 
vt 0.017948 0.977895 
vt 0.017948 0.977895 
vt 0.017948 0.977895 
vt 0.017948 0.977895 
vt 0.017948 0.977895 
vt 0.017948 0.977895 
vt 0.017948 0.977895 
vt 0.017948 0.977895 
vt 0.017948 0.977895 
vt 0.017948 0.977895 
vt 0.017948 0.977895 
vt 0.017948 0.977895 
vt 0.017948 0.977895 
vt 0.017948 0.977895 
vt 0.017948 0.977895 
vt 0.017948 0.977895 
vt 0.017948 0.977895 
vt 0.017948 0.977895 
vt 0.017948 0.977895 
vt 0.017948 0.977895 
vt 0.017948 0.977895 
vt 0.017948 0.977895 
vt 0.017948 0.977895 
vt 0.017948 0.977895 
vt 0.017948 0.977895 
vt 0.017948 0.977895 
vt 0.017948 0.977895 
vt 0.017948 0.977895 
vt 0.017948 0.977895 
vt 0.017948 0.977895 
vt 0.017919 0.977892 
vt 0.017919 0.977893 
vt 0.017919 0.977892 
vt 0.017919 0.977893 
vt 0.017919 0.977892 
vt 0.017919 0.977893 
vt 0.017919 0.977893 
vt 0.017919 0.977892 
vt 0.017915 0.977453 
vt 0.017915 0.977399 
vt 0.017915 0.977401 
vt 0.017915 0.977451 
vt 0.017915 0.977394 
vt 0.017915 0.977448 
vt 0.017915 0.977329 
vt 0.017915 0.97732 
vt 0.017915 0.977329 
vt 0.017915 0.977401 
vt 0.017915 0.977327 
vt 0.017915 0.977329 
vt 0.017915 0.977401 
vt 0.017915 0.977399 
vt 0.017915 0.977453 
vt 0.017915 0.977451 
vt 0.017915 0.977394 
vt 0.017915 0.97732 
vt 0.017915 0.977448 
vt 0.017919 0.977892 
vt 0.017919 0.977893 
vt 0.017919 0.977893 
vt 0.017919 0.977892 
vt 0.017915 0.977346 
vt 0.017915 0.9774 
vt 0.017915 0.977367 
vt 0.017915 0.977389 
vt 0.017915 0.977367 
vt 0.017915 0.977415 
vt 0.145746 0.976957 
vt 0.145746 0.976993 
vt 0.145746 0.976993 
vt 0.145746 0.976957 
vt 0.017919 0.977892 
vt 0.017919 0.977893 
vt 0.017919 0.977893 
vt 0.017919 0.977892 
vt 0.145746 0.976957 
vt 0.145746 0.976921 
vt 0.145746 0.976957 
vt 0.145746 0.976921 
vt 0.145746 0.976993 
vt 0.145746 0.977028 
vt 0.145746 0.977028 
vt 0.145746 0.976993 
vt 0.017917 0.977777 
vt 0.017917 0.977777 
vt 0.017917 0.977777 
vt 0.017917 0.977777 
vt 0.017917 0.977777 
vt 0.017917 0.977777 
vt 0.017917 0.977777 
vt 0.017917 0.977777 
vt 0.017917 0.977777 
vt 0.017917 0.977777 
vt 0.145746 0.976993 
vt 0.145746 0.976957 
vt 0.145746 0.976957 
vt 0.145746 0.976993 
vt 0.017915 0.977574 
vt 0.017915 0.977628 
vt 0.017915 0.977589 
vt 0.017915 0.977606 
vt 0.017915 0.977487 
vt 0.017915 0.977574 
vt 0.017915 0.977487 
vt 0.017915 0.977487 
vt 0.017915 0.9774 
vt 0.017915 0.977384 
vt 0.017915 0.977585 
vt 0.017915 0.977558 
vt 0.017915 0.977606 
vt 0.017917 0.977777 
vt 0.017917 0.977777 
vt 0.017917 0.977777 
vt 0.017917 0.977777 
vt 0.017917 0.977777 
vt 0.017917 0.977777 
vt 0.017917 0.977777 
vt 0.017917 0.977777 
vt 0.017917 0.977777 
vt 0.017917 0.977777 
vt 0.145746 0.976921 
vt 0.145746 0.976957 
vt 0.145746 0.976921 
vt 0.145746 0.976957 
vt 0.017914 0.977721 
vt 0.017914 0.977711 
vt 0.017914 0.977722 
vt 0.017914 0.977706 
vt 0.017914 0.97771 
vt 0.017914 0.977679 
vt 0.017914 0.977679 
vt 0.017914 0.977632 
vt 0.017914 0.977632 
vt 0.017914 0.977706 
vt 0.017914 0.97768 
vt 0.017914 0.977679 
vt 0.017914 0.977632 
vt 0.017914 0.977633 
vt 0.017915 0.977574 
vt 0.017915 0.977628 
vt 0.017915 0.977606 
vt 0.017915 0.977589 
vt 0.017915 0.977585 
vt 0.017915 0.977558 
vt 0.017915 0.977606 
vt 0.017915 0.977487 
vt 0.017915 0.977574 
vt 0.017915 0.977487 
vt 0.017915 0.9774 
vt 0.017915 0.977487 
vt 0.017915 0.977384 
vt 0.052392 0.252358 
vt 0.052392 0.174822 
vt 0.052392 0.172411 
vt 0.052392 0.255435 
vt 0.052392 0.061406 
vt 0.052392 0.063064 
vt 0.052392 0.164576 
vt 0.052392 0.247623 
vt 0.052392 0.049838 
vt 0.145746 0.977028 
vt 0.145746 0.976993 
vt 0.145746 0.976993 
vt 0.145746 0.977028 
vt 0.052392 0.252358 
vt 0.052392 0.174822 
vt 0.052392 0.255435 
vt 0.052392 0.172411 
vt 0.052392 0.061406 
vt 0.052392 0.063064 
vt 0.052392 0.164576 
vt 0.052392 0.247623 
vt 0.052392 0.049838 
vt 0.017915 0.977763 
vt 0.017915 0.97769 
vt 0.017915 0.977751 
vt 0.017915 0.977694 
vt 0.017915 0.977792 
vt 0.017915 0.977767 
vt 0.017915 0.977751 
vt 0.017915 0.9777 
vt 0.017915 0.977751 
vt 0.017915 0.977763 
vt 0.017915 0.97769 
vt 0.017915 0.977767 
vt 0.017915 0.977694 
vt 0.017915 0.977751 
vt 0.017915 0.9777 
vt 0.017915 0.977694 
vt 0.017915 0.97769 
vt 0.017915 0.977569 
vt 0.017914 0.977721 
vt 0.017914 0.977706 
vt 0.017914 0.97771 
vt 0.017914 0.977711 
vt 0.017914 0.977679 
vt 0.017914 0.97768 
vt 0.017914 0.977679 
vt 0.017914 0.977632 
vt 0.017914 0.977632 
vt 0.017914 0.977633 
vt 0.017915 0.977606 
vt 0.017915 0.977574 
vt 0.017915 0.977628 
vt 0.017915 0.977589 
vt 0.017915 0.977585 
vt 0.017915 0.977558 
vt 0.017915 0.977606 
vt 0.017915 0.977574 
vt 0.017915 0.977487 
vt 0.017915 0.977487 
vt 0.017915 0.9774 
vt 0.017915 0.977487 
vt 0.017915 0.977384 
vt 0.017914 0.977721 
vt 0.017914 0.97771 
vt 0.017914 0.977706 
vt 0.017914 0.977711 
vt 0.017914 0.977679 
vt 0.017914 0.97768 
vt 0.017914 0.977679 
vt 0.017914 0.977632 
vt 0.017914 0.977632 
vt 0.017914 0.977633 
vt 0.017915 0.977574 
vt 0.017915 0.977606 
vt 0.017915 0.977628 
vt 0.017915 0.977589 
vt 0.017915 0.977487 
vt 0.017915 0.977574 
vt 0.017915 0.977487 
vt 0.017915 0.9774 
vt 0.017915 0.977487 
vt 0.017915 0.977384 
vt 0.017915 0.977585 
vt 0.017915 0.977558 
vt 0.017915 0.977606 
vt 0.017915 0.97769 
vt 0.017915 0.977744 
vt 0.017915 0.977677 
vt 0.017915 0.977763 
vt 0.017915 0.977759 
vt 0.017915 0.977792 
vt 0.017915 0.977574 
vt 0.017915 0.977487 
vt 0.017915 0.977558 
vt 0.017915 0.977487 
vt 0.017915 0.977415 
vt 0.017915 0.9774 
vt 0.068668 0.934731 
vt 0.068664 0.934728 
vt 0.068664 0.934731 
vt 0.068668 0.934731 
vt 0.068664 0.934735 
vt 0.068668 0.934735 
vt 0.068672 0.934735 
vt 0.068668 0.934739 
vt 0.068672 0.934739 
vt 0.068668 0.934739 
vt 0.068664 0.934735 
vt 0.068664 0.934739 
vt 0.068668 0.934739 
vt 0.068672 0.934743 
vt 0.068668 0.934743 
vt 0.068668 0.934747 
vt 0.068664 0.934743 
vt 0.068664 0.934747 
vt 0.068664 0.934743 
vt 0.068668 0.934739 
vt 0.068668 0.934747 
vt 0.068664 0.934751 
vt 0.068668 0.934751 
vt 0.068664 0.934743 
vt 0.06866 0.934739 
vt 0.06866 0.934743 
vt 0.068656 0.934735 
vt 0.06866 0.934735 
vt 0.068656 0.934739 
vt 0.017914 0.977722 
vt 0.017914 0.977711 
vt 0.017914 0.977721 
vt 0.017914 0.977712 
vt 0.017914 0.97768 
vt 0.017914 0.97768 
vt 0.017914 0.977634 
vt 0.017914 0.977633 
vt 0.017914 0.977722 
vt 0.017914 0.977721 
vt 0.017914 0.977711 
vt 0.017914 0.977712 
vt 0.017914 0.97768 
vt 0.017914 0.97768 
vt 0.017914 0.977634 
vt 0.017914 0.977633 
vt 0.017915 0.977415 
vt 0.017915 0.977487 
vt 0.017915 0.977487 
vt 0.017915 0.9774 
vt 0.017915 0.977558 
vt 0.017915 0.977574 
vt 0.017925 0.97792 
vt 0.017925 0.97792 
vt 0.017925 0.97792 
vt 0.017925 0.97792 
vt 0.017925 0.97792 
vt 0.017925 0.97792 
vt 0.017925 0.97792 
vt 0.017925 0.97792 
vt 0.017925 0.97792 
vt 0.017925 0.97792 
vt 0.017925 0.97792 
vt 0.017925 0.977921 
vt 0.017925 0.97792 
vt 0.017925 0.977921 
vt 0.017925 0.97792 
vt 0.017915 0.977558 
vt 0.017915 0.977487 
vt 0.017915 0.977574 
vt 0.017915 0.977487 
vt 0.017915 0.977415 
vt 0.017915 0.9774 
vt 0.01792 0.97789 
vt 0.01792 0.97789 
vt 0.01792 0.97789 
vt 0.01792 0.97789 
vt 0.01792 0.97789 
vt 0.01792 0.97789 
vt 0.01792 0.97789 
vt 0.01792 0.97789 
vt 0.01792 0.97789 
vt 0.01792 0.97789 
vt 0.01792 0.97789 
vt 0.01792 0.97789 
vt 0.01792 0.97789 
vt 0.01792 0.97789 
vt 0.01792 0.97789 
vt 0.01792 0.97789 
vt 0.01792 0.97789 
vt 0.01792 0.97789 
vt 0.01792 0.97789 
vt 0.01792 0.97789 
vt 0.01792 0.97789 
vt 0.01792 0.97789 
vt 0.01792 0.97789 
vt 0.01792 0.97789 
vt 0.01792 0.97789 
vt 0.01792 0.97789 
vt 0.01792 0.97789 
vt 0.01792 0.97789 
vt 0.06866 0.934739 
vt 0.068664 0.934735 
vt 0.06866 0.934735 
vt 0.068656 0.934743 
vt 0.06866 0.934743 
vt 0.017925 0.977921 
vt 0.017925 0.97792 
vt 0.017925 0.97792 
vt 0.017925 0.977921 
vt 0.017915 0.977415 
vt 0.017915 0.977487 
vt 0.017915 0.977487 
vt 0.017915 0.9774 
vt 0.017915 0.977558 
vt 0.017915 0.977574 
vt 0.017925 0.97792 
vt 0.017925 0.97792 
vt 0.017925 0.97792 
vt 0.017925 0.97792 
vt 0.017925 0.97792 
vt 0.017925 0.97792 
vt 0.017925 0.97792 
vt 0.017925 0.97792 
vt 0.017925 0.97792 
vt 0.017925 0.97792 
vt 0.017925 0.97792 
vt 0.017925 0.97792 
vt 0.017925 0.977921 
vt 0.017925 0.977921 
vt 0.017925 0.97792 
vt 0.017925 0.977921 
vt 0.017925 0.97792 
vt 0.017925 0.977921 
vt 0.017925 0.97792 
vt 0.017925 0.97792 
vt 0.017925 0.977921 
vt 0.017925 0.97792 
vt 0.017925 0.977921 
vt 0.01792 0.97789 
vt 0.01792 0.97789 
vt 0.01792 0.97789 
vt 0.01792 0.97789 
vt 0.01792 0.97789 
vt 0.01792 0.97789 
vt 0.01792 0.97789 
vt 0.01792 0.97789 
vt 0.01792 0.97789 
vt 0.01792 0.97789 
vt 0.01792 0.97789 
vt 0.01792 0.97789 
vt 0.01792 0.97789 
vt 0.01792 0.97789 
vt 0.01792 0.97789 
vt 0.01792 0.97789 
vt 0.01792 0.97789 
vt 0.01792 0.97789 
vt 0.01792 0.97789 
vt 0.01792 0.97789 
vt 0.01792 0.97789 
vt 0.01792 0.97789 
vt 0.01792 0.97789 
vt 0.01792 0.97789 
vt 0.01792 0.97789 
vt 0.01792 0.97789 
vt 0.01792 0.97789 
vt 0.01792 0.97789 
vt 0.017925 0.977921 
vt 0.017925 0.97792 
vt 0.017925 0.97792 
vt 0.017925 0.977921 
vt 0.017925 0.977921 
vt 0.017925 0.977921 
vt 0.017925 0.977921 
vt 0.017925 0.977921 
vt 0.017925 0.977921 
vt 0.017925 0.977921 
vt 0.017925 0.97792 
vt 0.017925 0.977921 
vt 0.017925 0.97792 
vt 0.017925 0.977921 
vt 0.017925 0.977921 
vt 0.017925 0.97792 
vt 0.017925 0.97792 
vt 0.017925 0.977921 
vt 0.017925 0.977921 
vt 0.017925 0.977921 
vt 0.017925 0.977921 
vt 0.017925 0.977921 
vt 0.017925 0.977921 
vt 0.017925 0.977921 
vt 0.017926 0.977929 
vt 0.017926 0.977929 
vt 0.017926 0.977929 
vt 0.017926 0.977929 
vt 0.017926 0.977929 
vt 0.017926 0.977929 
vt 0.017926 0.977929 
vt 0.017926 0.977929 
vt 0.017926 0.977929 
vt 0.017926 0.977929 
vt 0.017926 0.977929 
vt 0.017926 0.977929 
vt 0.017926 0.977929 
vt 0.017926 0.977929 
vt 0.017926 0.977929 
vt 0.017926 0.977929 
vt 0.017926 0.977929 
vt 0.017926 0.977929 
vt 0.017926 0.977929 
vt 0.017926 0.977929 
vt 0.017926 0.977929 
vt 0.017926 0.977929 
vt 0.017926 0.977929 
vt 0.017926 0.977929 
vt 0.017926 0.977929 
vt 0.017926 0.977893 
vt 0.017926 0.977893 
vt 0.017926 0.977893 
vt 0.017926 0.977893 
vt 0.017926 0.977893 
vt 0.017926 0.977893 
vt 0.017926 0.977893 
vt 0.017926 0.977893 
vt 0.017926 0.977893 
vt 0.017926 0.977893 
vt 0.017926 0.977893 
vt 0.017926 0.977893 
vt 0.017926 0.977893 
vt 0.017926 0.977893 
vt 0.017926 0.977893 
vt 0.017926 0.977893 
vt 0.017926 0.977893 
vt 0.017926 0.977893 
vt 0.017926 0.977893 
vt 0.017926 0.977893 
vt 0.017926 0.977893 

usemtl Handle1Mtl

f 1/1/1 2/2/2 3/3/3 
f 2/2/2 1/1/1 4/4/4 
f 3/3/3 5/5/5 1/1/1 
f 2/2/2 4/4/4 5/5/5 
f 5/5/5 3/3/3 6/6/6 
f 5/5/5 6/6/6 2/2/2 
f 7/7/7 5/5/5 4/4/4 
f 1/1/1 7/7/7 4/4/4 
f 8/8/8 1/1/1 5/5/5 
f 1/1/1 8/8/8 7/7/7 
f 5/5/5 9/9/9 8/8/8 
f 5/5/5 7/7/7 9/9/9 
f 10/10/10 8/8/8 9/9/9 
f 10/10/10 9/9/9 7/7/7 
f 11/11/11 7/7/7 8/8/8 
f 8/8/8 10/10/10 11/11/11 
f 7/7/7 12/12/12 10/10/10 
f 7/7/7 11/11/11 12/12/12 
f 13/13/13 11/11/11 10/10/10 
f 14/14/14 12/12/12 11/11/11 
f 11/11/11 13/13/13 14/14/14 
f 15/15/15 10/10/10 12/12/12 
f 10/10/10 15/15/15 13/13/13 
f 12/12/12 14/14/14 15/15/15 
f 15/15/15 16/16/16 13/13/13 
f 16/16/16 14/14/14 13/13/13 
f 14/14/14 17/17/17 15/15/15 
f 17/17/17 16/16/16 15/15/15 
f 14/14/14 16/16/16 18/18/18 
f 18/18/18 17/17/17 14/14/14 
f 19/19/19 18/18/18 16/16/16 
f 17/17/17 19/19/19 16/16/16 
f 18/18/18 19/19/19 20/20/20 
f 20/20/20 17/17/17 18/18/18 
f 21/21/21 19/19/19 17/17/17 
f 19/19/19 21/21/21 20/20/20 
f 17/17/17 20/20/20 21/21/21 
f 22/22/22 23/23/23 24/24/24 
f 25/25/25 26/26/26 27/27/27 
f 28/28/28 29/29/29 30/30/30 
f 31/31/31 30/30/30 29/29/29 
f 28/28/28 32/32/32 29/29/29 
f 32/32/32 31/31/31 29/29/29 
f 32/32/32 28/28/28 33/33/33 
f 31/31/31 32/32/32 34/34/34 
f 28/28/28 35/35/35 33/33/33 
f 36/36/36 32/32/32 33/33/33 
f 36/36/36 33/33/33 35/35/35 
f 32/32/32 36/36/36 37/37/37 
f 35/35/35 28/28/28 38/38/38 
f 28/28/28 30/30/30 38/38/38 
f 38/38/38 39/39/39 35/35/35 
f 40/40/40 36/36/36 35/35/35 
f 40/40/40 35/35/35 39/39/39 
f 39/39/39 38/38/38 41/41/41 
f 30/30/30 41/41/41 38/38/38 
f 39/39/39 42/42/42 40/40/40 
f 41/41/41 30/30/30 43/43/43 
f 44/44/44 43/43/43 30/30/30 
f 45/45/45 36/36/36 40/40/40 
f 42/42/42 45/45/45 40/40/40 
f 36/36/36 45/45/45 37/37/37 
f 45/45/45 42/42/42 46/46/46 
f 47/47/47 45/45/45 46/46/46 
f 30/30/30 48/48/48 44/44/44 
f 30/30/30 31/31/31 48/48/48 
f 45/45/45 47/47/47 49/49/49 
f 45/45/45 50/50/50 37/37/37 
f 45/45/45 49/49/49 50/50/50 
f 50/50/50 32/32/32 37/37/37 
f 32/32/32 50/50/50 34/34/34 
f 51/51/51 31/31/31 34/34/34 
f 50/50/50 51/51/51 34/34/34 
f 51/51/51 50/50/50 49/49/49 
f 51/51/51 48/48/48 31/31/31 
f 52/52/52 49/49/49 47/47/47 
f 49/49/49 52/52/52 51/51/51 
f 48/48/48 51/51/51 52/52/52 
f 48/48/48 52/52/52 44/44/44 
f 44/44/44 52/52/52 53/53/53 
f 53/53/53 54/54/54 44/44/44 
f 55/55/55 53/53/53 52/52/52 
f 54/54/54 53/53/53 56/56/56 
f 53/53/53 55/55/55 57/57/57 
f 57/57/57 56/56/56 53/53/53 
f 58/58/58 57/57/57 55/55/55 
f 56/56/56 57/57/57 59/59/59 
f 55/55/55 60/60/60 58/58/58 
f 61/61/61 56/56/56 59/59/59 
f 52/52/52 62/62/62 55/55/55 
f 60/60/60 55/55/55 62/62/62 
f 62/62/62 52/52/52 63/63/63 
f 62/62/62 64/64/64 60/60/60 
f 63/63/63 65/65/65 62/62/62 
f 64/64/64 62/62/62 66/66/66 
f 62/62/62 65/65/65 66/66/66 
f 67/67/67 64/64/64 66/66/66 
f 65/65/65 67/67/67 66/66/66 
f 67/67/67 65/65/65 42/42/42 
f 64/64/64 67/67/67 68/68/68 
f 67/67/67 42/42/42 69/69/69 
f 70/70/70 68/68/68 67/67/67 
f 67/67/67 69/69/69 70/70/70 
f 68/68/68 70/70/70 71/71/71 
f 70/70/70 61/61/61 71/71/71 
f 69/69/69 72/72/72 70/70/70 
f 61/61/61 70/70/70 72/72/72 
f 72/72/72 69/69/69 41/41/41 
f 56/56/56 61/61/61 72/72/72 
f 54/54/54 72/72/72 41/41/41 
f 72/72/72 54/54/54 56/56/56 
f 73/73/73 74/74/74 75/75/75 
f 74/74/74 73/73/73 76/76/76 
f 76/76/76 77/77/77 74/74/74 
f 77/77/77 76/76/76 78/78/78 
f 76/76/76 79/79/79 78/78/78 
f 76/76/76 80/80/80 79/79/79 
f 73/73/73 80/80/80 76/76/76 
f 73/73/73 81/81/81 80/80/80 
f 82/82/82 83/83/83 80/80/80 
f 82/82/82 80/80/80 84/84/84 
f 84/84/84 85/85/85 82/82/82 
f 83/83/83 82/82/82 86/86/86 
f 87/87/87 88/88/88 85/85/85 
f 86/86/86 88/88/88 89/89/89 
f 88/88/88 87/87/87 90/90/90 
f 88/88/88 90/90/90 89/89/89 
f 91/91/91 86/86/86 92/92/92 
f 91/91/91 92/92/92 93/93/93 
f 94/94/94 95/95/95 91/91/91 
f 94/94/94 91/91/91 96/96/96 
f 97/97/97 98/98/98 86/86/86 
f 98/98/98 97/97/97 99/99/99 
f 97/97/97 100/100/100 96/96/96 
f 100/100/100 97/97/97 101/101/101 
f 102/102/102 90/90/90 103/103/103 
f 90/90/90 102/102/102 104/104/104 
f 104/104/104 105/105/105 90/90/90 
f 105/105/105 104/104/104 106/106/106 
f 107/107/107 106/106/106 104/104/104 
f 104/104/104 108/108/108 107/107/107 
f 108/108/108 104/104/104 102/102/102 
f 102/102/102 109/109/109 108/108/108 
f 110/110/110 111/111/111 108/108/108 
f 111/111/111 112/112/112 108/108/108 
f 111/111/111 110/110/110 113/113/113 
f 112/112/112 111/111/111 114/114/114 
f 115/115/115 116/116/116 113/113/113 
f 116/116/116 117/117/117 114/114/114 
f 116/116/116 115/115/115 118/118/118 
f 117/117/117 116/116/116 118/118/118 
f 119/119/119 120/120/120 121/121/121 
f 121/121/121 120/120/120 122/122/122 
f 119/119/119 123/123/123 120/120/120 
f 119/119/119 124/124/124 123/123/123 
f 125/125/125 122/122/122 120/120/120 
f 125/125/125 120/120/120 123/123/123 
f 122/122/122 125/125/125 126/126/126 
f 123/123/123 127/127/127 125/125/125 
f 128/128/128 129/129/129 130/130/130 
f 129/129/129 131/131/131 130/130/130 
f 130/130/130 132/132/132 128/128/128 
f 128/128/128 132/132/132 133/133/133 
f 131/131/131 134/134/134 130/130/130 
f 134/134/134 132/132/132 130/130/130 
f 134/134/134 131/131/131 135/135/135 
f 132/132/132 134/134/134 136/136/136 
f 137/137/137 138/138/138 139/139/139 
f 137/137/137 139/139/139 140/140/140 
f 141/141/141 140/140/140 139/139/139 
f 139/139/139 138/138/138 141/141/141 
f 140/140/140 142/142/142 137/137/137 
f 142/142/142 143/143/143 137/137/137 
f 143/143/143 142/142/142 144/144/144 
f 145/145/145 141/141/141 138/138/138 
f 146/146/146 137/137/137 143/143/143 
f 144/144/144 146/146/146 143/143/143 
f 138/138/138 137/137/137 146/146/146 
f 146/146/146 144/144/144 147/147/147 
f 138/138/138 148/148/148 145/145/145 
f 149/149/149 145/145/145 148/148/148 
f 150/150/150 138/138/138 146/146/146 
f 150/150/150 146/146/146 147/147/147 
f 138/138/138 150/150/150 148/148/148 
f 147/147/147 149/149/149 150/150/150 
f 148/148/148 150/150/150 149/149/149 
f 151/151/151 152/152/152 153/153/153 
f 151/151/151 153/153/153 154/154/154 
f 153/153/153 155/155/155 154/154/154 
f 155/155/155 156/156/156 154/154/154 
f 154/154/154 156/156/156 151/151/151 
f 157/157/157 155/155/155 153/153/153 
f 156/156/156 158/158/158 151/151/151 
f 151/151/151 158/158/158 159/159/159 
f 152/152/152 151/151/151 159/159/159 
f 158/158/158 160/160/160 159/159/159 
f 159/159/159 160/160/160 152/152/152 
f 161/161/161 152/152/152 160/160/160 
f 162/162/162 157/157/157 153/153/153 
f 152/152/152 162/162/162 153/153/153 
f 163/163/163 157/157/157 162/162/162 
f 164/164/164 152/152/152 161/161/161 
f 161/161/161 163/163/163 164/164/164 
f 162/162/162 152/152/152 164/164/164 
f 164/164/164 163/163/163 162/162/162 
f 165/165/165 166/166/166 167/167/167 
f 166/166/166 168/168/168 167/167/167 
f 166/166/166 165/165/165 169/169/169 
f 168/168/168 166/166/166 170/170/170 
f 171/171/171 170/170/170 172/172/172 
f 173/173/173 171/171/171 172/172/172 
f 174/174/174 175/175/175 173/173/173 
f 175/175/175 174/174/174 176/176/176 
f 177/177/177 176/176/176 178/178/178 
f 178/178/178 179/179/179 177/177/177 
f 177/177/177 180/180/180 181/181/181 
f 177/177/177 181/181/181 182/182/182 
f 183/183/183 184/184/184 180/180/180 
f 184/184/184 183/183/183 185/185/185 
f 186/186/186 184/184/184 185/185/185 
f 184/184/184 186/186/186 187/187/187 
f 188/188/188 189/189/189 187/187/187 
f 189/189/189 188/188/188 190/190/190 
f 190/190/190 191/191/191 192/192/192 
f 192/192/192 191/191/191 193/193/193 
f 194/194/194 195/195/195 193/193/193 
f 195/195/195 194/194/194 182/182/182 
f 196/196/196 194/194/194 179/179/179 
f 194/194/194 196/196/196 169/169/169 
f 197/197/197 198/198/198 199/199/199 
f 199/199/199 198/198/198 200/200/200 
f 200/200/200 198/198/198 201/201/201 
f 200/200/200 202/202/202 199/199/199 
f 198/198/198 203/203/203 201/201/201 
f 198/198/198 197/197/197 203/203/203 
f 201/201/201 203/203/203 204/204/204 
f 203/203/203 197/197/197 204/204/204 
f 204/204/204 197/197/197 205/205/205 
f 199/199/199 202/202/202 206/206/206 
f 202/202/202 207/207/207 206/206/206 
f 208/208/208 199/199/199 206/206/206 
f 206/206/206 207/207/207 208/208/208 
f 197/197/197 199/199/199 208/208/208 
f 209/209/209 208/208/208 207/207/207 
f 197/197/197 210/210/210 205/205/205 
f 205/205/205 210/210/210 209/209/209 
f 197/197/197 208/208/208 210/210/210 
f 210/210/210 208/208/208 209/209/209 
f 211/211/211 212/212/212 213/213/213 
f 214/214/214 213/213/213 212/212/212 
f 213/213/213 214/214/214 215/215/215 
f 211/211/211 213/213/213 215/215/215 
f 212/212/212 216/216/216 214/214/214 
f 215/215/215 217/217/217 211/211/211 
f 216/216/216 212/212/212 218/218/218 
f 211/211/211 218/218/218 212/212/212 
f 218/218/218 219/219/219 216/216/216 
f 217/217/217 220/220/220 211/211/211 
f 220/220/220 217/217/217 221/221/221 
f 219/219/219 218/218/218 222/222/222 
f 222/222/222 223/223/223 219/219/219 
f 218/218/218 211/211/211 224/224/224 
f 218/218/218 224/224/224 222/222/222 
f 224/224/224 211/211/211 220/220/220 
f 223/223/223 222/222/222 224/224/224 
f 221/221/221 224/224/224 220/220/220 
f 224/224/224 221/221/221 223/223/223 
f 225/225/225 226/226/226 227/227/227 
f 226/226/226 225/225/225 228/228/228 
f 229/229/229 230/230/230 231/231/231 
f 232/232/232 231/231/231 230/230/230 
f 229/229/229 231/231/231 233/233/233 
f 231/231/231 232/232/232 234/234/234 
f 235/235/235 236/236/236 234/234/234 
f 236/236/236 235/235/235 237/237/237 
f 238/238/238 239/239/239 237/237/237 
f 239/239/239 238/238/238 240/240/240 
f 241/241/241 242/242/242 240/240/240 
f 242/242/242 241/241/241 243/243/243 
f 241/241/241 244/244/244 245/245/245 
f 244/244/244 241/241/241 246/246/246 
f 247/247/247 248/248/248 245/245/245 
f 248/248/248 247/247/247 249/249/249 
f 250/250/250 249/249/249 247/247/247 
f 247/247/247 251/251/251 250/250/250 
f 252/252/252 253/253/253 251/251/251 
f 253/253/253 252/252/252 254/254/254 
f 255/255/255 254/254/254 256/256/256 
f 255/255/255 256/256/256 257/257/257 
f 258/258/258 259/259/259 257/257/257 
f 259/259/259 258/258/258 246/246/246 
f 259/259/259 260/260/260 243/243/243 
f 260/260/260 259/259/259 233/233/233 
f 261/261/261 262/262/262 263/263/263 
f 262/262/262 264/264/264 263/263/263 
f 265/265/265 266/266/266 267/267/267 
f 266/266/266 265/265/265 268/268/268 
f 269/269/269 270/270/270 268/268/268 
f 269/269/269 271/271/271 270/270/270 
f 272/272/272 271/271/271 273/273/273 
f 271/271/271 272/272/272 274/274/274 
f 274/274/274 275/275/275 271/271/271 
f 275/275/275 274/274/274 276/276/276 
f 274/274/274 277/277/277 276/276/276 
f 274/274/274 278/278/278 277/277/277 
f 272/272/272 278/278/278 274/274/274 
f 272/272/272 279/279/279 278/278/278 
f 280/280/280 281/281/281 279/279/279 
f 281/281/281 280/280/280 282/282/282 
f 283/283/283 284/284/284 282/282/282 
f 284/284/284 283/283/283 285/285/285 
f 286/286/286 287/287/287 278/278/278 
f 287/287/287 286/286/286 288/288/288 
f 289/289/289 290/290/290 288/288/288 
f 290/290/290 289/289/289 291/291/291 
f 292/292/292 293/293/293 294/294/294 
f 292/292/292 294/294/294 295/295/295 
f 296/296/296 297/297/297 293/293/293 
f 297/297/297 296/296/296 298/298/298 
f 299/299/299 300/300/300 301/301/301 
f 300/300/300 299/299/299 302/302/302 
f 300/300/300 302/302/302 303/303/303 
f 300/300/300 303/303/303 304/304/304 
f 304/304/304 303/303/303 305/305/305 
f 304/304/304 305/305/305 306/306/306 
f 307/307/307 308/308/308 309/309/309 
f 308/308/308 307/307/307 310/310/310 
f 311/311/311 309/309/309 312/312/312 
f 312/312/312 313/313/313 311/311/311 
f 314/314/314 315/315/315 316/316/316 
f 314/314/314 316/316/316 317/317/317 
f 317/317/317 316/316/316 318/318/318 
f 319/319/319 318/318/318 316/316/316 
f 318/318/318 319/319/319 320/320/320 
f 321/321/321 320/320/320 319/319/319 
f 322/322/322 323/323/323 324/324/324 
f 325/325/325 326/326/326 323/323/323 
f 327/327/327 326/326/326 325/325/325 
f 328/328/328 329/329/329 330/330/330 
f 328/328/328 330/330/330 331/331/331 
f 332/332/332 333/333/333 334/334/334 
f 333/333/333 332/332/332 335/335/335 
f 336/336/336 337/337/337 335/335/335 
f 337/337/337 336/336/336 338/338/338 
f 339/339/339 340/340/340 338/338/338 
f 341/341/341 340/340/340 339/339/339 
f 342/342/342 343/343/343 334/334/334 
f 343/343/343 342/342/342 344/344/344 
f 345/345/345 346/346/346 343/343/343 
f 346/346/346 345/345/345 347/347/347 
f 348/348/348 346/346/346 347/347/347 
f 346/346/346 348/348/348 349/349/349 
f 349/349/349 350/350/350 341/341/341 
f 350/350/350 349/349/349 351/351/351 
f 351/351/351 349/349/349 352/352/352 
f 353/353/353 352/352/352 349/349/349 
f 354/354/354 355/355/355 356/356/356 
f 354/354/354 356/356/356 357/357/357 
f 358/358/358 359/359/359 360/360/360 
f 358/358/358 360/360/360 361/361/361 
f 362/362/362 363/363/363 364/364/364 
f 363/363/363 362/362/362 365/365/365 
f 363/363/363 366/366/366 364/364/364 
f 365/365/365 367/367/367 363/363/363 
f 366/366/366 363/363/363 368/368/368 
f 363/363/363 367/367/367 368/368/368 
f 368/368/368 369/369/369 366/366/366 
f 369/369/369 368/368/368 370/370/370 
f 367/367/367 370/370/370 368/368/368 
f 370/370/370 367/367/367 371/371/371 
f 372/372/372 373/373/373 374/374/374 
f 374/374/374 375/375/375 372/372/372 
f 376/376/376 377/377/377 375/375/375 
f 377/377/377 376/376/376 378/378/378 
f 379/379/379 380/380/380 378/378/378 
f 380/380/380 379/379/379 381/381/381 
f 382/382/382 383/383/383 373/373/373 
f 383/383/383 382/382/382 384/384/384 
f 385/385/385 386/386/386 382/382/382 
f 386/386/386 385/385/385 387/387/387 
f 388/388/388 387/387/387 385/385/385 
f 385/385/385 389/389/389 388/388/388 
f 390/390/390 389/389/389 381/381/381 
f 389/389/389 390/390/390 391/391/391 
f 392/392/392 389/389/389 391/391/391 
f 389/389/389 392/392/392 393/393/393 
f 394/394/394 395/395/395 396/396/396 
f 395/395/395 394/394/394 397/397/397 
f 398/398/398 399/399/399 396/396/396 
f 398/398/398 273/273/273 399/399/399 
f 267/267/267 400/400/400 397/397/397 
f 400/400/400 401/401/401 402/402/402 
f 401/401/401 400/400/400 403/403/403 
f 400/400/400 267/267/267 403/403/403 
f 403/403/403 404/404/404 401/401/401 
f 404/404/404 403/403/403 405/405/405 
f 403/403/403 406/406/406 405/405/405 
f 406/406/406 403/403/403 267/267/267 
f 407/407/407 408/408/408 409/409/409 
f 408/408/408 407/407/407 410/410/410 
f 411/411/411 412/412/412 413/413/413 
f 411/411/411 413/413/413 414/414/414 
f 415/415/415 416/416/416 417/417/417 
f 417/417/417 416/416/416 418/418/418 
f 419/419/419 420/420/420 415/415/415 
f 420/420/420 419/419/419 421/421/421 
f 422/422/422 423/423/423 424/424/424 
f 422/422/422 424/424/424 425/425/425 
f 426/426/426 427/427/427 428/428/428 
f 427/427/427 426/426/426 429/429/429 
f 430/430/430 431/431/431 432/432/432 
f 433/433/433 432/432/432 431/431/431 
f 434/434/434 435/435/435 430/430/430 
f 435/435/435 434/434/434 436/436/436 
f 437/437/437 438/438/438 439/439/439 
f 440/440/440 439/439/439 438/438/438 
f 441/441/441 442/442/442 443/443/443 
f 441/441/441 443/443/443 444/444/444 
f 445/445/445 443/443/443 442/442/442 
f 444/444/444 443/443/443 446/446/446 
f 443/443/443 445/445/445 447/447/447 
f 443/443/443 447/447/447 446/446/446 
f 448/448/448 447/447/447 445/445/445 
f 447/447/447 448/448/448 449/449/449 
f 449/449/449 446/446/446 447/447/447 
f 446/446/446 449/449/449 450/450/450 
f 451/451/451 452/452/452 453/453/453 
f 452/452/452 451/451/451 454/454/454 
f 455/455/455 456/456/456 454/454/454 
f 456/456/456 455/455/455 457/457/457 
f 453/453/453 458/458/458 459/459/459 
f 459/459/459 458/458/458 460/460/460 
f 458/458/458 461/461/461 460/460/460 
f 461/461/461 458/458/458 462/462/462 
f 459/459/459 463/463/463 464/464/464 
f 463/463/463 465/465/465 464/464/464 
f 462/462/462 466/466/466 467/467/467 
f 467/467/467 466/466/466 468/468/468 
f 469/469/469 470/470/470 465/465/465 
f 470/470/470 469/469/469 471/471/471 
f 472/472/472 471/471/471 468/468/468 
f 471/471/471 472/472/472 473/473/473 
f 474/474/474 475/475/475 476/476/476 
f 475/475/475 474/474/474 477/477/477 
f 478/478/478 479/479/479 480/480/480 
f 479/479/479 478/478/478 481/481/481 
f 482/482/482 483/483/483 484/484/484 
f 484/484/484 485/485/485 482/482/482 
f 486/486/486 487/487/487 488/488/488 
f 487/487/487 486/486/486 489/489/489 
f 490/490/490 491/491/491 492/492/492 
f 493/493/493 494/494/494 495/495/495 
f 494/494/494 496/496/496 495/495/495 
f 497/497/497 498/498/498 499/499/499 
f 498/498/498 497/497/497 500/500/500 
f 501/501/501 502/502/502 499/499/499 
f 503/503/503 501/501/501 499/499/499 
f 501/501/501 503/503/503 504/504/504 
f 502/502/502 501/501/501 505/505/505 
f 501/501/501 504/504/504 506/506/506 
f 506/506/506 505/505/505 501/501/501 
f 506/506/506 507/507/507 505/505/505 
f 507/507/507 506/506/506 508/508/508 
f 509/509/509 510/510/510 505/505/505 
f 509/509/509 511/511/511 510/510/510 
f 512/512/512 513/513/513 514/514/514 
f 513/513/513 512/512/512 515/515/515 
f 513/513/513 516/516/516 514/514/514 
f 514/514/514 516/516/516 517/517/517 
f 512/512/512 514/514/514 518/518/518 
f 514/514/514 517/517/517 518/518/518 
f 518/518/518 519/519/519 512/512/512 
f 520/520/520 518/518/518 517/517/517 
f 521/521/521 522/522/522 523/523/523 
f 521/521/521 523/523/523 524/524/524 
f 525/525/525 526/526/526 524/524/524 
f 526/526/526 525/525/525 527/527/527 
f 528/528/528 529/529/529 530/530/530 
f 531/531/531 532/532/532 533/533/533 
f 532/532/532 534/534/534 533/533/533 
f 535/535/535 536/536/536 531/531/531 
f 536/536/536 535/535/535 537/537/537 
f 538/538/538 539/539/539 540/540/540 
f 539/539/539 538/538/538 541/541/541 
f 542/542/542 540/540/540 543/543/543 
f 542/542/542 543/543/543 544/544/544 
f 545/545/545 546/546/546 541/541/541 
f 546/546/546 545/545/545 547/547/547 
f 548/548/548 546/546/546 547/547/547 
f 546/546/546 548/548/548 549/549/549 
f 550/550/550 551/551/551 545/545/545 
f 551/551/551 550/550/550 552/552/552 
f 553/553/553 554/554/554 549/549/549 
f 554/554/554 553/553/553 555/555/555 
f 556/556/556 557/557/557 552/552/552 
f 557/557/557 556/556/556 558/558/558 
f 558/558/558 559/559/559 555/555/555 
f 559/559/559 558/558/558 560/560/560 
f 561/561/561 562/562/562 563/563/563 
f 561/561/561 563/563/563 564/564/564 
f 565/565/565 566/566/566 562/562/562 
f 566/566/566 567/567/567 562/562/562 
f 567/567/567 566/566/566 568/568/568 
f 566/566/566 565/565/565 569/569/569 
f 566/566/566 570/570/570 568/568/568 
f 569/569/569 570/570/570 566/566/566 
f 571/571/571 570/570/570 569/569/569 
f 570/570/570 571/571/571 572/572/572 
f 573/573/573 574/574/574 569/569/569 
f 574/574/574 573/573/573 575/575/575 
f 576/576/576 577/577/577 578/578/578 
f 577/577/577 576/576/576 579/579/579 
f 577/577/577 579/579/579 580/580/580 
f 579/579/579 581/581/581 580/580/580 
f 576/576/576 582/582/582 579/579/579 
f 582/582/582 581/581/581 579/579/579 
f 582/582/582 576/576/576 583/583/583 
f 582/582/582 584/584/584 581/581/581 
f 585/585/585 586/586/586 587/587/587 
f 587/587/587 586/586/586 588/588/588 
f 589/589/589 590/590/590 591/591/591 
f 592/592/592 593/593/593 594/594/594 
f 595/595/595 596/596/596 597/597/597 
f 598/598/598 599/599/599 597/597/597 
f 599/599/599 598/598/598 600/600/600 
f 601/601/601 602/602/602 600/600/600 
f 602/602/602 601/601/601 603/603/603 
f 604/604/604 605/605/605 606/606/606 
f 606/606/606 607/607/607 604/604/604 
f 608/608/608 609/609/609 610/610/610 
f 611/611/611 610/610/610 609/609/609 
f 612/612/612 613/613/613 608/608/608 
f 612/612/612 614/614/614 613/613/613 
f 615/615/615 616/616/616 614/614/614 
f 616/616/616 615/615/615 617/617/617 
f 618/618/618 617/617/617 615/615/615 
f 617/617/617 618/618/618 619/619/619 
f 619/619/619 620/620/620 617/617/617 
f 620/620/620 621/621/621 617/617/617 
f 620/620/620 619/619/619 622/622/622 
f 620/620/620 622/622/622 623/623/623 
f 624/624/624 625/625/625 622/622/622 
f 624/624/624 626/626/626 625/625/625 
f 627/627/627 618/618/618 628/628/628 
f 628/628/628 629/629/629 627/627/627 
f 630/630/630 628/628/628 618/618/618 
f 628/628/628 630/630/630 631/631/631 
f 631/631/631 630/630/630 632/632/632 
f 630/630/630 633/633/633 632/632/632 
f 634/634/634 632/632/632 633/633/633 
f 632/632/632 634/634/634 635/635/635 
f 636/636/636 637/637/637 638/638/638 
f 637/637/637 636/636/636 639/639/639 
f 640/640/640 641/641/641 638/638/638 
f 641/641/641 640/640/640 642/642/642 
f 643/643/643 644/644/644 645/645/645 
f 644/644/644 643/643/643 646/646/646 
f 647/647/647 648/648/648 649/649/649 
f 648/648/648 647/647/647 650/650/650 
f 647/647/647 651/651/651 652/652/652 
f 651/651/651 647/647/647 653/653/653 
f 654/654/654 655/655/655 652/652/652 
f 655/655/655 654/654/654 656/656/656 
f 657/657/657 658/658/658 650/650/650 
f 657/657/657 659/659/659 653/653/653 
f 659/659/659 657/657/657 660/660/660 
f 658/658/658 657/657/657 661/661/661 
f 662/662/662 655/655/655 663/663/663 
f 655/655/655 662/662/662 664/664/664 
f 665/665/665 666/666/666 663/663/663 
f 665/665/665 667/667/667 666/666/666 
f 664/664/664 668/668/668 669/669/669 
f 661/661/661 669/669/669 668/668/668 
f 656/656/656 670/670/670 669/669/669 
f 671/671/671 669/669/669 670/670/670 
f 672/672/672 673/673/673 665/665/665 
f 665/665/665 674/674/674 672/672/672 
f 675/675/675 676/676/676 673/673/673 
f 676/676/676 675/675/675 677/677/677 
f 678/678/678 676/676/676 679/679/679 
f 676/676/676 678/678/678 680/680/680 
f 681/681/681 682/682/682 674/674/674 
f 682/682/682 681/681/681 671/671/671 
f 681/681/681 683/683/683 667/667/667 
f 683/683/683 681/681/681 684/684/684 
f 685/685/685 686/686/686 680/680/680 
f 686/686/686 685/685/685 684/684/684 
f 687/687/687 686/686/686 677/677/677 
f 686/686/686 687/687/687 688/688/688 
f 689/689/689 690/690/690 691/691/691 
f 690/690/690 689/689/689 692/692/692 
f 693/693/693 694/694/694 695/695/695 
f 696/696/696 694/694/694 693/693/693 
f 697/697/697 698/698/698 695/695/695 
f 698/698/698 697/697/697 699/699/699 
f 694/694/694 696/696/696 700/700/700 
f 701/701/701 702/702/702 699/699/699 
f 702/702/702 701/701/701 703/703/703 
f 700/700/700 696/696/696 704/704/704 
f 696/696/696 705/705/705 704/704/704 
f 705/705/705 696/696/696 706/706/706 
f 705/705/705 707/707/707 704/704/704 
f 707/707/707 705/705/705 708/708/708 
f 709/709/709 710/710/710 707/707/707 
f 710/710/710 709/709/709 711/711/711 
f 712/712/712 713/713/713 700/700/700 
f 713/713/713 712/712/712 714/714/714 
f 700/700/700 713/713/713 715/715/715 
f 716/716/716 715/715/715 713/713/713 
f 717/717/717 715/715/715 716/716/716 
f 715/715/715 717/717/717 718/718/718 
f 719/719/719 718/718/718 717/717/717 
f 717/717/717 720/720/720 719/719/719 
f 721/721/721 722/722/722 723/723/723 
f 724/724/724 723/723/723 725/725/725 
f 726/726/726 724/724/724 725/725/725 
f 727/727/727 728/728/728 726/726/726 
f 728/728/728 727/727/727 729/729/729 
f 730/730/730 731/731/731 732/732/732 
f 732/732/732 733/733/733 734/734/734 
f 733/733/733 735/735/735 734/734/734 
f 736/736/736 737/737/737 735/735/735 
f 737/737/737 736/736/736 738/738/738 
f 739/739/739 740/740/740 741/741/741 
f 740/740/740 739/739/739 742/742/742 
f 743/743/743 744/744/744 745/745/745 
f 743/743/743 745/745/745 746/746/746 
f 747/747/747 748/748/748 749/749/749 
f 747/747/747 749/749/749 750/750/750 
f 751/751/751 752/752/752 748/748/748 
f 752/752/752 751/751/751 753/753/753 
f 754/754/754 755/755/755 756/756/756 
f 757/757/757 758/758/758 759/759/759 
f 760/760/760 761/761/761 762/762/762 
f 763/763/763 762/762/762 761/761/761 
f 764/764/764 765/765/765 766/766/766 
f 765/765/765 764/764/764 767/767/767 
f 768/768/768 769/769/769 770/770/770 
f 770/770/770 771/771/771 768/768/768 
f 772/772/772 773/773/773 774/774/774 
f 773/773/773 775/775/775 774/774/774 
f 774/774/774 776/776/776 772/772/772 
f 776/776/776 774/774/774 777/777/777 
f 778/778/778 772/772/772 776/776/776 
f 772/772/772 778/778/778 779/779/779 
f 780/780/780 781/781/781 775/775/775 
f 781/781/781 780/780/780 782/782/782 
f 783/783/783 784/784/784 773/773/773 
f 783/783/783 785/785/785 784/784/784 
f 786/786/786 784/784/784 785/785/785 
f 784/784/784 786/786/786 787/787/787 
f 788/788/788 789/789/789 790/790/790 
f 789/789/789 788/788/788 791/791/791 
f 789/789/789 792/792/792 790/790/790 
f 792/792/792 789/789/789 793/793/793 
f 794/794/794 795/795/795 796/796/796 
f 795/795/795 794/794/794 797/797/797 
f 798/798/798 799/799/799 800/800/800 
f 798/798/798 800/800/800 801/801/801 
f 802/802/802 803/803/803 804/804/804 
f 803/803/803 805/805/805 804/804/804 
f 805/805/805 803/803/803 806/806/806 
f 803/803/803 802/802/802 807/807/807 
f 807/807/807 808/808/808 809/809/809 
f 808/808/808 807/807/807 810/810/810 
f 811/811/811 809/809/809 812/812/812 
f 812/812/812 813/813/813 811/811/811 
f 814/814/814 808/808/808 810/810/810 
f 808/808/808 814/814/814 815/815/815 
f 810/810/810 816/816/816 814/814/814 
f 816/816/816 810/810/810 817/817/817 
f 818/818/818 819/819/819 820/820/820 
f 819/819/819 818/818/818 821/821/821 
f 822/822/822 819/819/819 823/823/823 
f 823/823/823 824/824/824 822/822/822 
f 825/825/825 826/826/826 824/824/824 
f 826/826/826 825/825/825 827/827/827 
f 827/827/827 828/828/828 829/829/829 
f 828/828/828 827/827/827 830/830/830 
f 831/831/831 832/832/832 833/833/833 
f 832/832/832 831/831/831 834/834/834 
f 835/835/835 836/836/836 837/837/837 
f 837/837/837 838/838/838 835/835/835 
f 838/838/838 837/837/837 839/839/839 
f 836/836/836 839/839/839 837/837/837 
f 839/839/839 836/836/836 840/840/840 
f 836/836/836 841/841/841 840/840/840 
f 838/838/838 842/842/842 835/835/835 
f 842/842/842 838/838/838 843/843/843 
f 836/836/836 835/835/835 844/844/844 
f 841/841/841 836/836/836 844/844/844 
f 842/842/842 844/844/844 835/835/835 
f 845/845/845 842/842/842 843/843/843 
f 846/846/846 841/841/841 844/844/844 
f 842/842/842 846/846/846 844/844/844 
f 841/841/841 846/846/846 847/847/847 
f 846/846/846 845/845/845 847/847/847 
f 842/842/842 845/845/845 848/848/848 
f 846/846/846 848/848/848 845/845/845 
f 846/846/846 842/842/842 848/848/848 
f 849/849/849 850/850/850 851/851/851 
f 850/850/850 849/849/849 852/852/852 
f 850/850/850 853/853/853 854/854/854 
f 850/850/850 854/854/854 855/855/855 
f 850/850/850 856/856/856 857/857/857 
f 856/856/856 850/850/850 858/858/858 
f 859/859/859 856/856/856 858/858/858 
f 856/856/856 859/859/859 860/860/860 
f 861/861/861 862/862/862 863/863/863 
f 863/863/863 862/862/862 864/864/864 
f 864/864/864 861/861/861 863/863/863 
f 865/865/865 864/864/864 862/862/862 
f 862/862/862 866/866/866 865/865/865 
f 861/861/861 864/864/864 867/867/867 
f 861/861/861 867/867/867 868/868/868 
f 862/862/862 861/861/861 869/869/869 
f 866/866/866 862/862/862 869/869/869 
f 870/870/870 861/861/861 868/868/868 
f 870/870/870 869/869/869 861/861/861 
f 868/868/868 871/871/871 870/870/870 
f 871/871/871 868/868/868 872/872/872 
f 870/870/870 873/873/873 869/869/869 
f 873/873/873 870/870/870 871/871/871 
f 869/869/869 873/873/873 866/866/866 
f 872/872/872 873/873/873 871/871/871 
f 873/873/873 874/874/874 866/866/866 
f 873/873/873 872/872/872 874/874/874 
f 875/875/875 876/876/876 877/877/877 
f 876/876/876 878/878/878 877/877/877 
f 879/879/879 876/876/876 875/875/875 
f 876/876/876 879/879/879 880/880/880 
f 881/881/881 882/882/882 883/883/883 
f 883/883/883 884/884/884 881/881/881 
f 885/885/885 886/886/886 882/882/882 
f 887/887/887 886/886/886 885/885/885 
f 888/888/888 889/889/889 884/884/884 
f 889/889/889 888/888/888 890/890/890 
f 891/891/891 892/892/892 890/890/890 
f 892/892/892 891/891/891 893/893/893 
f 894/894/894 895/895/895 881/881/881 
f 895/895/895 894/894/894 896/896/896 
f 897/897/897 898/898/898 899/899/899 
f 898/898/898 897/897/897 900/900/900 
f 901/901/901 902/902/902 903/903/903 
f 904/904/904 905/905/905 906/906/906 
f 905/905/905 904/904/904 907/907/907 
f 908/908/908 907/907/907 909/909/909 
f 908/908/908 909/909/909 910/910/910 
f 911/911/911 912/912/912 913/913/913 
f 914/914/914 913/913/913 912/912/912 
f 913/913/913 914/914/914 915/915/915 
f 916/916/916 913/913/913 915/915/915 
f 913/913/913 916/916/916 911/911/911 
f 917/917/917 914/914/914 912/912/912 
f 911/911/911 917/917/917 912/912/912 
f 914/914/914 917/917/917 918/918/918 
f 917/917/917 919/919/919 918/918/918 
f 920/920/920 911/911/911 916/916/916 
f 920/920/920 917/917/917 911/911/911 
f 920/920/920 916/916/916 921/921/921 
f 922/922/922 920/920/920 921/921/921 
f 917/917/917 923/923/923 919/919/919 
f 923/923/923 922/922/922 919/919/919 
f 917/917/917 920/920/920 923/923/923 
f 920/920/920 922/922/922 924/924/924 
f 923/923/923 924/924/924 922/922/922 
f 920/920/920 924/924/924 923/923/923 
f 925/925/925 926/926/926 927/927/927 
f 927/927/927 926/926/926 928/928/928 
f 928/928/928 925/925/925 927/927/927 
f 929/929/929 928/928/928 926/926/926 
f 925/925/925 928/928/928 930/930/930 
f 926/926/926 931/931/931 929/929/929 
f 925/925/925 931/931/931 926/926/926 
f 932/932/932 929/929/929 931/931/931 
f 930/930/930 933/933/933 925/925/925 
f 931/931/931 934/934/934 932/932/932 
f 934/934/934 931/931/931 935/935/935 
f 931/931/931 925/925/925 936/936/936 
f 936/936/936 925/925/925 933/933/933 
f 936/936/936 935/935/935 931/931/931 
f 935/935/935 937/937/937 934/934/934 
f 935/935/935 936/936/936 937/937/937 
f 933/933/933 937/937/937 936/936/936 
f 937/937/937 938/938/938 934/934/934 
f 937/937/937 933/933/933 938/938/938 
f 939/939/939 940/940/940 941/941/941 
f 942/942/942 941/941/941 940/940/940 
f 943/943/943 944/944/944 941/941/941 
f 944/944/944 943/943/943 945/945/945 
f 946/946/946 947/947/947 945/945/945 
f 947/947/947 946/946/946 948/948/948 
f 949/949/949 948/948/948 950/950/950 
f 948/948/948 949/949/949 951/951/951 
f 952/952/952 953/953/953 954/954/954 
f 953/953/953 952/952/952 955/955/955 
f 956/956/956 957/957/957 955/955/955 
f 956/956/956 958/958/958 957/957/957 
f 959/959/959 960/960/960 961/961/961 
f 961/961/961 960/960/960 962/962/962 
f 963/963/963 964/964/964 959/959/959 
f 964/964/964 963/963/963 965/965/965 
f 966/966/966 967/967/967 962/962/962 
f 967/967/967 966/966/966 968/968/968 
f 969/969/969 970/970/970 968/968/968 
f 970/970/970 969/969/969 971/971/971 
f 972/972/972 973/973/973 960/960/960 
f 974/974/974 973/973/973 972/972/972 
f 975/975/975 976/976/976 977/977/977 
f 976/976/976 975/975/975 978/978/978 
f 979/979/979 980/980/980 981/981/981 
f 980/980/980 979/979/979 982/982/982 
f 983/983/983 984/984/984 985/985/985 
f 983/983/983 985/985/985 986/986/986 
f 985/985/985 987/987/987 988/988/988 
f 987/987/987 985/985/985 989/989/989 
f 985/985/985 990/990/990 991/991/991 
f 991/991/991 992/992/992 985/985/985 
f 993/993/993 992/992/992 991/991/991 
f 991/991/991 994/994/994 993/993/993 
f 995/995/995 996/996/996 997/997/997 
f 996/996/996 998/998/998 999/999/999 
f 1000/1000/1000 1001/1001/1001 1002/1002/1002 
f 1003/1003/1003 1004/1004/1004 1005/1005/1005 
f 1006/1006/1006 1007/1007/1007 1008/1008/1008 
f 1009/1009/1009 1010/1010/1010 1011/1011/1011 
f 1010/1010/1010 1009/1009/1009 1012/1012/1012 
f 1013/1013/1013 1014/1014/1014 1011/1011/1011 
f 1014/1014/1014 1013/1013/1013 1015/1015/1015 
f 1016/1016/1016 1012/1012/1012 1017/1017/1017 
f 1012/1012/1012 1016/1016/1016 1018/1018/1018 
f 1015/1015/1015 1019/1019/1019 1020/1020/1020 
f 1015/1015/1015 1020/1020/1020 1021/1021/1021 
f 1022/1022/1022 1023/1023/1023 1024/1024/1024 
f 1025/1025/1025 1026/1026/1026 1027/1027/1027 
f 1028/1028/1028 1029/1029/1029 1030/1030/1030 
f 1031/1031/1031 1032/1032/1032 1033/1033/1033 
f 1032/1032/1032 1031/1031/1031 1034/1034/1034 
f 1035/1035/1035 1034/1034/1034 1036/1036/1036 
f 1037/1037/1037 1035/1035/1035 1036/1036/1036 
f 1038/1038/1038 1039/1039/1039 1040/1040/1040 
f 1039/1039/1039 1038/1038/1038 1041/1041/1041 
f 1042/1042/1042 1043/1043/1043 1040/1040/1040 
f 1044/1044/1044 1043/1043/1043 1042/1042/1042 
f 1045/1045/1045 1046/1046/1046 1047/1047/1047 
f 1048/1048/1048 1047/1047/1047 1046/1046/1046 
f 1049/1049/1049 1050/1050/1050 1051/1051/1051 
f 1050/1050/1050 1049/1049/1049 1052/1052/1052 
f 1052/1052/1052 1053/1053/1053 1054/1054/1054 
f 1054/1054/1054 1053/1053/1053 1055/1055/1055 
f 1056/1056/1056 1057/1057/1057 1055/1055/1055 
f 1057/1057/1057 1056/1056/1056 1058/1058/1058 
f 1059/1059/1059 1060/1060/1060 1061/1061/1061 
f 1059/1059/1059 1061/1061/1061 1062/1062/1062 
f 1063/1063/1063 1064/1064/1064 1065/1065/1065 
f 1066/1066/1066 1067/1067/1067 1068/1068/1068 
f 1069/1069/1069 1068/1068/1068 1067/1067/1067 
f 1070/1070/1070 1071/1071/1071 1072/1072/1072 
f 1073/1073/1073 1074/1074/1074 1075/1075/1075 
f 1076/1076/1076 1077/1077/1077 1078/1078/1078 
f 1079/1079/1079 1080/1080/1080 1081/1081/1081 
f 1082/1082/1082 1083/1083/1083 1084/1084/1084 
f 1085/1085/1085 1086/1086/1086 1087/1087/1087 
f 1086/1086/1086 1085/1085/1085 1088/1088/1088 
f 1089/1089/1089 1090/1090/1090 1091/1091/1091 
f 1092/1092/1092 1093/1093/1093 1094/1094/1094 
f 1095/1095/1095 1096/1096/1096 1097/1097/1097 
f 1098/1098/1098 1099/1099/1099 1100/1100/1100 
f 1101/1101/1101 1102/1102/1102 1103/1103/1103 
f 1104/1104/1104 1105/1105/1105 1106/1106/1106 
f 1105/1105/1105 1104/1104/1104 1107/1107/1107 
f 1108/1108/1108 1109/1109/1109 1106/1106/1106 
f 1109/1109/1109 1108/1108/1108 1110/1110/1110 
f 1111/1111/1111 1112/1112/1112 1110/1110/1110 
f 1112/1112/1112 1111/1111/1111 1113/1113/1113 
f 1114/1114/1114 1115/1115/1115 1116/1116/1116 
f 1115/1115/1115 1114/1114/1114 1117/1117/1117 
f 1118/1118/1118 1116/1116/1116 1119/1119/1119 
f 1116/1116/1116 1118/1118/1118 1120/1120/1120 
f 1121/1121/1121 1117/1117/1117 1122/1122/1122 
f 1123/1123/1123 1121/1121/1121 1122/1122/1122 
f 1123/1123/1123 1124/1124/1124 1125/1125/1125 
f 1124/1124/1124 1123/1123/1123 1126/1126/1126 
f 1127/1127/1127 1128/1128/1128 1129/1129/1129 
f 1130/1130/1130 1127/1127/1127 1129/1129/1129 
f 1131/1131/1131 1132/1132/1132 1133/1133/1133 
f 1134/1134/1134 1135/1135/1135 1136/1136/1136 
f 1137/1137/1137 1136/1136/1136 1135/1135/1135 
f 1138/1138/1138 1139/1139/1139 1140/1140/1140 
f 1139/1139/1139 1141/1141/1141 1140/1140/1140 
f 1142/1142/1142 1139/1139/1139 1143/1143/1143 
f 1144/1144/1144 1143/1143/1143 1139/1139/1139 
f 1143/1143/1143 1145/1145/1145 1146/1146/1146 
f 1143/1143/1143 1147/1147/1147 1145/1145/1145 
f 1148/1148/1148 1140/1140/1140 1149/1149/1149 
f 1140/1140/1140 1150/1150/1150 1149/1149/1149 
f 1149/1149/1149 1151/1151/1151 1152/1152/1152 
f 1149/1149/1149 1153/1153/1153 1154/1154/1154 
f 1149/1149/1149 1155/1155/1155 1156/1156/1156 
f 1149/1149/1149 1156/1156/1156 1157/1157/1157 
f 1158/1158/1158 1156/1156/1156 1159/1159/1159 
f 1159/1159/1159 1156/1156/1156 1160/1160/1160 
f 1161/1161/1161 1162/1162/1162 1163/1163/1163 
f 1164/1164/1164 1165/1165/1165 1166/1166/1166 
f 1167/1167/1167 1164/1164/1164 1166/1166/1166 
f 1168/1168/1168 1169/1169/1169 1170/1170/1170 
f 1170/1170/1170 1169/1169/1169 1171/1171/1171 
f 1172/1172/1172 1173/1173/1173 1174/1174/1174 
f 1173/1173/1173 1172/1172/1172 1175/1175/1175 
f 1175/1175/1175 1176/1176/1176 1177/1177/1177 
f 1176/1176/1176 1178/1178/1178 1177/1177/1177 
f 1179/1179/1179 1180/1180/1180 1181/1181/1181 
f 1182/1182/1182 1183/1183/1183 1184/1184/1184 
f 1185/1185/1185 1184/1184/1184 1183/1183/1183 
f 1186/1186/1186 1187/1187/1187 1188/1188/1188 
f 1189/1189/1189 1190/1190/1190 1191/1191/1191 
f 1192/1192/1192 1193/1193/1193 1194/1194/1194 
f 1193/1193/1193 1192/1192/1192 1195/1195/1195 
f 1196/1196/1196 1197/1197/1197 1198/1198/1198 
f 1199/1199/1199 1200/1200/1200 1201/1201/1201 
f 1202/1202/1202 1203/1203/1203 1204/1204/1204 
f 1203/1203/1203 1202/1202/1202 1205/1205/1205 
f 1206/1206/1206 1207/1207/1207 1208/1208/1208 
f 1208/1208/1208 1207/1207/1207 1209/1209/1209 
f 1210/1210/1210 1211/1211/1211 1212/1212/1212 
f 1211/1211/1211 1210/1210/1210 1213/1213/1213 
f 1213/1213/1213 1210/1210/1210 1214/1214/1214 
f 1212/1212/1212 1211/1211/1211 1215/1215/1215 
f 1216/1216/1216 1215/1215/1215 1211/1211/1211 
f 1217/1217/1217 1215/1215/1215 1216/1216/1216 
f 1214/1214/1214 1210/1210/1210 1218/1218/1218 
f 1219/1219/1219 1218/1218/1218 1210/1210/1210 
f 1218/1218/1218 1220/1220/1220 1214/1214/1214 
f 1218/1218/1218 1219/1219/1219 1221/1221/1221 
f 1220/1220/1220 1218/1218/1218 1222/1222/1222 
f 1219/1219/1219 1223/1223/1223 1221/1221/1221 
f 1223/1223/1223 1219/1219/1219 1224/1224/1224 
f 1225/1225/1225 1223/1223/1223 1224/1224/1224 
f 1220/1220/1220 1222/1222/1222 1226/1226/1226 
f 1223/1223/1223 1225/1225/1225 1227/1227/1227 
f 1215/1215/1215 1227/1227/1227 1225/1225/1225 
f 1228/1228/1228 1220/1220/1220 1226/1226/1226 
f 1229/1229/1229 1227/1227/1227 1215/1215/1215 
f 1215/1215/1215 1217/1217/1217 1229/1229/1229 
f 1230/1230/1230 1229/1229/1229 1217/1217/1217 
f 1231/1231/1231 1227/1227/1227 1229/1229/1229 
f 1229/1229/1229 1230/1230/1230 1231/1231/1231 
f 1227/1227/1227 1231/1231/1231 1232/1232/1232 
f 1231/1231/1231 1233/1233/1233 1232/1232/1232 
f 1230/1230/1230 1234/1234/1234 1231/1231/1231 
f 1233/1233/1233 1231/1231/1231 1234/1234/1234 
f 1234/1234/1234 1230/1230/1230 1235/1235/1235 
f 1235/1235/1235 1236/1236/1236 1234/1234/1234 
f 1236/1236/1236 1233/1233/1233 1234/1234/1234 
f 1236/1236/1236 1235/1235/1235 1237/1237/1237 
f 1238/1238/1238 1236/1236/1236 1237/1237/1237 
f 1236/1236/1236 1239/1239/1239 1233/1233/1233 
f 1236/1236/1236 1238/1238/1238 1240/1240/1240 
f 1239/1239/1239 1241/1241/1241 1233/1233/1233 
f 1241/1241/1241 1239/1239/1239 1242/1242/1242 
f 1241/1241/1241 1242/1242/1242 1243/1243/1243 
f 1241/1241/1241 1243/1243/1243 1244/1244/1244 
f 1226/1226/1226 1244/1244/1244 1243/1243/1243 
f 1238/1238/1238 1245/1245/1245 1240/1240/1240 
f 1243/1243/1243 1245/1245/1245 1226/1226/1226 
f 1245/1245/1245 1238/1238/1238 1246/1246/1246 
f 1228/1228/1228 1226/1226/1226 1245/1245/1245 
f 1245/1245/1245 1246/1246/1246 1228/1228/1228 
f 1247/1247/1247 1248/1248/1248 1249/1249/1249 
f 1250/1250/1250 1247/1247/1247 1249/1249/1249 
f 1251/1251/1251 1252/1252/1252 1253/1253/1253 
f 1252/1252/1252 1254/1254/1254 1253/1253/1253 
f 1255/1255/1255 1256/1256/1256 1257/1257/1257 
f 1258/1258/1258 1259/1259/1259 960/960/960 
f 1259/1259/1259 1258/1258/1258 1260/1260/1260 
f 1261/1261/1261 1262/1262/1262 974/974/974 
f 1262/1262/1262 1261/1261/1261 1263/1263/1263 
f 1264/1264/1264 1265/1265/1265 1260/1260/1260 
f 1265/1265/1265 1264/1264/1264 1266/1266/1266 
f 1267/1267/1267 1268/1268/1268 1269/1269/1269 
f 1267/1267/1267 1270/1270/1270 1268/1268/1268 
f 1268/1268/1268 1270/1270/1270 1271/1271/1271 
f 1272/1272/1272 1273/1273/1273 1274/1274/1274 
f 1275/1275/1275 1276/1276/1276 1277/1277/1277 
f 1276/1276/1276 1275/1275/1275 1278/1278/1278 
f 1279/1279/1279 1280/1280/1280 1281/1281/1281 
f 1280/1280/1280 1279/1279/1279 1282/1282/1282 
f 1283/1283/1283 1284/1284/1284 1281/1281/1281 
f 1283/1283/1283 1285/1285/1285 1284/1284/1284 
f 1286/1286/1286 1287/1287/1287 1288/1288/1288 
f 1289/1289/1289 1288/1288/1288 1287/1287/1287 
f 1290/1290/1290 1291/1291/1291 1292/1292/1292 
f 1293/1293/1293 1294/1294/1294 1292/1292/1292 
f 1294/1294/1294 1293/1293/1293 1295/1295/1295 
f 1296/1296/1296 1297/1297/1297 1298/1298/1298 
f 1296/1296/1296 1298/1298/1298 1299/1299/1299 
f 1300/1300/1300 1301/1301/1301 1302/1302/1302 
f 1303/1303/1303 1304/1304/1304 1305/1305/1305 
f 1306/1306/1306 1307/1307/1307 1305/1305/1305 
f 1307/1307/1307 1306/1306/1306 1308/1308/1308 
f 1309/1309/1309 1310/1310/1310 1311/1311/1311 
f 1312/1312/1312 1311/1311/1311 1310/1310/1310 
f 1313/1313/1313 1314/1314/1314 1311/1311/1311 
f 1315/1315/1315 1311/1311/1311 1314/1314/1314 
f 1316/1316/1316 1317/1317/1317 1318/1318/1318 
f 1319/1319/1319 1320/1320/1320 1321/1321/1321 
f 1322/1322/1322 1323/1323/1323 1324/1324/1324 
f 1322/1322/1322 1325/1325/1325 1323/1323/1323 
f 1322/1322/1322 1324/1324/1324 1326/1326/1326 
f 1327/1327/1327 1328/1328/1328 1329/1329/1329 
f 1328/1328/1328 1327/1327/1327 1330/1330/1330 
f 1331/1331/1331 1332/1332/1332 1333/1333/1333 
f 1334/1334/1334 1335/1335/1335 1336/1336/1336 
f 1335/1335/1335 1334/1334/1334 1337/1337/1337 
f 1338/1338/1338 1337/1337/1337 1339/1339/1339 
f 1338/1338/1338 1339/1339/1339 1340/1340/1340 
f 1341/1341/1341 1342/1342/1342 1343/1343/1343 
f 1344/1344/1344 1345/1345/1345 1346/1346/1346 
f 1346/1346/1346 1347/1347/1347 1344/1344/1344 
f 1347/1347/1347 1345/1345/1345 1344/1344/1344 
f 1348/1348/1348 1346/1346/1346 1345/1345/1345 
f 1347/1347/1347 1346/1346/1346 1348/1348/1348 
f 1348/1348/1348 1345/1345/1345 1349/1349/1349 
f 1345/1345/1345 1347/1347/1347 1349/1349/1349 
f 1350/1350/1350 1348/1348/1348 1349/1349/1349 
f 1347/1347/1347 1350/1350/1350 1349/1349/1349 
f 1351/1351/1351 1347/1347/1347 1348/1348/1348 
f 1348/1348/1348 1350/1350/1350 1351/1351/1351 
f 1347/1347/1347 1351/1351/1351 1352/1352/1352 
f 1352/1352/1352 1350/1350/1350 1347/1347/1347 
f 1351/1351/1351 1350/1350/1350 1353/1353/1353 
f 1351/1351/1351 1354/1354/1354 1352/1352/1352 
f 1354/1354/1354 1350/1350/1350 1352/1352/1352 
f 1353/1353/1353 1354/1354/1354 1351/1351/1351 
f 1350/1350/1350 1354/1354/1354 1355/1355/1355 
f 1354/1354/1354 1353/1353/1353 1355/1355/1355 
f 1353/1353/1353 1350/1350/1350 1355/1355/1355 
f 1356/1356/1356 1357/1357/1357 1358/1358/1358 
f 1358/1358/1358 1359/1359/1359 1356/1356/1356 
f 1360/1360/1360 1361/1361/1361 1362/1362/1362 
f 1360/1360/1360 1362/1362/1362 1363/1363/1363 
f 1360/1360/1360 1363/1363/1363 1364/1364/1364 
f 1365/1365/1365 1366/1366/1366 1367/1367/1367 
f 1368/1368/1368 1369/1369/1369 1370/1370/1370 
f 1370/1370/1370 1369/1369/1369 1371/1371/1371 
f 1372/1372/1372 1373/1373/1373 1368/1368/1368 
f 1373/1373/1373 1372/1372/1372 1374/1374/1374 
f 1375/1375/1375 1376/1376/1376 1374/1374/1374 
f 1377/1377/1377 1376/1376/1376 1375/1375/1375 
f 1378/1378/1378 1379/1379/1379 1380/1380/1380 
f 1381/1381/1381 1382/1382/1382 1383/1383/1383 
f 1382/1382/1382 1381/1381/1381 1384/1384/1384 
f 1385/1385/1385 1386/1386/1386 1387/1387/1387 
f 1386/1386/1386 1385/1385/1385 1388/1388/1388 
f 1389/1389/1389 1390/1390/1390 1391/1391/1391 
f 1392/1392/1392 1391/1391/1391 1390/1390/1390 
f 1393/1393/1393 1394/1394/1394 1395/1395/1395 
f 1394/1394/1394 1393/1393/1393 1396/1396/1396 
f 1397/1397/1397 1398/1398/1398 1395/1395/1395 
f 1397/1397/1397 1399/1399/1399 1398/1398/1398 
f 1400/1400/1400 1394/1394/1394 1401/1401/1401 
f 1394/1394/1394 1400/1400/1400 1402/1402/1402 
f 1403/1403/1403 1404/1404/1404 1405/1405/1405 
f 1406/1406/1406 1407/1407/1407 1408/1408/1408 
f 1407/1407/1407 1409/1409/1409 1408/1408/1408 
f 1410/1410/1410 1411/1411/1411 1412/1412/1412 
f 1411/1411/1411 1410/1410/1410 1413/1413/1413 
f 1414/1414/1414 1415/1415/1415 1412/1412/1412 
f 1415/1415/1415 1414/1414/1414 1416/1416/1416 
f 1417/1417/1417 1418/1418/1418 1416/1416/1416 
f 1418/1418/1418 1417/1417/1417 1419/1419/1419 
f 1420/1420/1420 1421/1421/1421 1422/1422/1422 
f 1423/1423/1423 1422/1422/1422 1421/1421/1421 
f 1424/1424/1424 1425/1425/1425 1426/1426/1426 
f 1425/1425/1425 1427/1427/1427 1426/1426/1426 
f 1427/1427/1427 1425/1425/1425 1428/1428/1428 
f 1425/1425/1425 1424/1424/1424 1429/1429/1429 
f 1424/1424/1424 1430/1430/1430 1429/1429/1429 
f 1430/1430/1430 1424/1424/1424 1431/1431/1431 
f 1431/1431/1431 1432/1432/1432 1433/1433/1433 
f 1433/1433/1433 1432/1432/1432 1434/1434/1434 
f 1435/1435/1435 1436/1436/1436 1425/1425/1425 
f 1436/1436/1436 1435/1435/1435 1437/1437/1437 
f 1438/1438/1438 1439/1439/1439 1425/1425/1425 
f 1439/1439/1439 1438/1438/1438 1440/1440/1440 
f 1438/1438/1438 1441/1441/1441 1440/1440/1440 
f 1441/1441/1441 1438/1438/1438 1430/1430/1430 
f 1430/1430/1430 1442/1442/1442 1443/1443/1443 
f 1443/1443/1443 1442/1442/1442 1444/1444/1444 
f 1445/1445/1445 1446/1446/1446 1447/1447/1447 
f 1445/1445/1445 1447/1447/1447 1448/1448/1448 
f 1449/1449/1449 1450/1450/1450 1446/1446/1446 
f 1450/1450/1450 1449/1449/1449 1451/1451/1451 
f 1447/1447/1447 1452/1452/1452 1453/1453/1453 
f 1447/1447/1447 1454/1454/1454 1452/1452/1452 
f 1455/1455/1455 1456/1456/1456 1457/1457/1457 
f 1456/1456/1456 1455/1455/1455 1458/1458/1458 
f 1459/1459/1459 1460/1460/1460 1461/1461/1461 
f 1462/1462/1462 881/881/881 1463/1463/1463 
f 1463/1463/1463 1464/1464/1464 1462/1462/1462 
f 1465/1465/1465 1466/1466/1466 896/896/896 
f 1466/1466/1466 1465/1465/1465 1467/1467/1467 
f 1468/1468/1468 1469/1469/1469 1464/1464/1464 
f 1470/1470/1470 1469/1469/1469 1468/1468/1468 
f 1471/1471/1471 1472/1472/1472 1473/1473/1473 
f 1474/1474/1474 1475/1475/1475 1476/1476/1476 
f 1477/1477/1477 1476/1476/1476 1475/1475/1475 
f 1476/1476/1476 1478/1478/1478 1474/1474/1474 
f 1479/1479/1479 1476/1476/1476 1477/1477/1477 
f 1478/1478/1478 1476/1476/1476 1480/1480/1480 
f 1476/1476/1476 1479/1479/1479 1480/1480/1480 
f 1481/1481/1481 1478/1478/1478 1480/1480/1480 
f 1481/1481/1481 1480/1480/1480 1479/1479/1479 
f 1478/1478/1478 1481/1481/1481 1482/1482/1482 
f 1474/1474/1474 1478/1478/1478 1483/1483/1483 
f 1483/1483/1483 1475/1475/1475 1474/1474/1474 
f 1483/1483/1483 1478/1478/1478 1484/1484/1484 
f 1485/1485/1485 1478/1478/1478 1482/1482/1482 
f 1478/1478/1478 1485/1485/1485 1484/1484/1484 
f 1481/1481/1481 1486/1486/1486 1482/1482/1482 
f 1486/1486/1486 1485/1485/1485 1482/1482/1482 
f 1486/1486/1486 1481/1481/1481 1487/1487/1487 
f 1481/1481/1481 1479/1479/1479 1487/1487/1487 
f 1488/1488/1488 1483/1483/1483 1484/1484/1484 
f 1485/1485/1485 1488/1488/1488 1484/1484/1484 
f 1488/1488/1488 1489/1489/1489 1483/1483/1483 
f 1475/1475/1475 1483/1483/1483 1489/1489/1489 
f 1488/1488/1488 1485/1485/1485 1490/1490/1490 
f 1485/1485/1485 1486/1486/1486 1490/1490/1490 
f 1488/1488/1488 1491/1491/1491 1489/1489/1489 
f 1489/1489/1489 1491/1491/1491 1475/1475/1475 
f 1491/1491/1491 1488/1488/1488 1492/1492/1492 
f 1493/1493/1493 1488/1488/1488 1490/1490/1490 
f 1493/1493/1493 1492/1492/1492 1488/1488/1488 
f 1486/1486/1486 1493/1493/1493 1490/1490/1490 
f 1494/1494/1494 1491/1491/1491 1492/1492/1492 
f 1493/1493/1493 1494/1494/1494 1492/1492/1492 
f 1495/1495/1495 1475/1475/1475 1491/1491/1491 
f 1491/1491/1491 1494/1494/1494 1495/1495/1495 
f 1493/1493/1493 1486/1486/1486 1496/1496/1496 
f 1496/1496/1496 1494/1494/1494 1493/1493/1493 
f 1486/1486/1486 1497/1497/1497 1496/1496/1496 
f 1497/1497/1497 1494/1494/1494 1496/1496/1496 
f 1497/1497/1497 1486/1486/1486 1487/1487/1487 
f 1479/1479/1479 1497/1497/1497 1487/1487/1487 
f 1494/1494/1494 1497/1497/1497 1498/1498/1498 
f 1497/1497/1497 1479/1479/1479 1498/1498/1498 
f 1494/1494/1494 1499/1499/1499 1495/1495/1495 
f 1499/1499/1499 1494/1494/1494 1498/1498/1498 
f 1479/1479/1479 1499/1499/1499 1498/1498/1498 
f 1499/1499/1499 1475/1475/1475 1495/1495/1495 
f 1479/1479/1479 1477/1477/1477 1499/1499/1499 
f 1475/1475/1475 1499/1499/1499 1477/1477/1477 
f 1500/1500/1500 1501/1501/1501 1502/1502/1502 
f 1503/1503/1503 1504/1504/1504 1505/1505/1505 
f 1505/1505/1505 1506/1506/1506 1507/1507/1507 
f 1508/1508/1508 1509/1509/1509 1510/1510/1510 
f 1509/1509/1509 1508/1508/1508 1511/1511/1511 
f 1511/1511/1511 1512/1512/1512 1509/1509/1509 
f 1512/1512/1512 1511/1511/1511 1513/1513/1513 
f 1514/1514/1514 1508/1508/1508 1515/1515/1515 
f 1510/1510/1510 1516/1516/1516 1517/1517/1517 
f 1516/1516/1516 1510/1510/1510 1518/1518/1518 
f 1510/1510/1510 1519/1519/1519 1518/1518/1518 
f 1519/1519/1519 1510/1510/1510 1520/1520/1520 
f 1520/1520/1520 1521/1521/1521 1519/1519/1519 
f 1521/1521/1521 1520/1520/1520 1522/1522/1522 
f 1523/1523/1523 1508/1508/1508 1510/1510/1510 
f 1508/1508/1508 1523/1523/1523 1524/1524/1524 
f 1525/1525/1525 1526/1526/1526 1527/1527/1527 
f 1525/1525/1525 1527/1527/1527 1528/1528/1528 
f 1508/1508/1508 1514/1514/1514 1529/1529/1529 
f 1530/1530/1530 1508/1508/1508 1529/1529/1529 
f 1508/1508/1508 1530/1530/1530 1531/1531/1531 
f 1532/1532/1532 1531/1531/1531 1530/1530/1530 
f 1531/1531/1531 1532/1532/1532 1533/1533/1533 
f 1534/1534/1534 1529/1529/1529 1535/1535/1535 
f 1529/1529/1529 1534/1534/1534 1536/1536/1536 
f 1537/1537/1537 1529/1529/1529 1536/1536/1536 
f 1529/1529/1529 1537/1537/1537 1538/1538/1538 
f 1539/1539/1539 1538/1538/1538 1537/1537/1537 
f 1538/1538/1538 1539/1539/1539 1540/1540/1540 
f 1541/1541/1541 1542/1542/1542 1543/1543/1543 
f 1542/1542/1542 1541/1541/1541 1544/1544/1544 
f 1545/1545/1545 1546/1546/1546 1547/1547/1547 
f 1546/1546/1546 1548/1548/1548 1547/1547/1547 
f 1546/1546/1546 1545/1545/1545 1549/1549/1549 
f 1548/1548/1548 1546/1546/1546 1550/1550/1550 
f 1551/1551/1551 1546/1546/1546 1549/1549/1549 
f 1546/1546/1546 1552/1552/1552 1550/1550/1550 
f 1546/1546/1546 1551/1551/1551 1553/1553/1553 
f 1552/1552/1552 1546/1546/1546 1553/1553/1553 
f 1554/1554/1554 1553/1553/1553 1551/1551/1551 
f 1553/1553/1553 1555/1555/1555 1552/1552/1552 
f 1553/1553/1553 1554/1554/1554 1556/1556/1556 
f 1555/1555/1555 1553/1553/1553 1556/1556/1556 
f 1557/1557/1557 1558/1558/1558 1559/1559/1559 
f 488/488/488 1557/1557/1557 1559/1559/1559 
f 1560/1560/1560 1557/1557/1557 488/488/488 
f 1558/1558/1558 1557/1557/1557 1561/1561/1561 
f 1562/1562/1562 1558/1558/1558 1561/1561/1561 
f 1558/1558/1558 1562/1562/1562 1563/1563/1563 
f 1564/1564/1564 1565/1565/1565 1560/1560/1560 
f 1565/1565/1565 1564/1564/1564 1566/1566/1566 
f 1567/1567/1567 1568/1568/1568 1558/1558/1558 
f 1568/1568/1568 1567/1567/1567 1569/1569/1569 
f 1570/1570/1570 1571/1571/1571 1558/1558/1558 
f 1571/1571/1571 1570/1570/1570 1572/1572/1572 
f 1573/1573/1573 1571/1571/1571 1572/1572/1572 
f 488/488/488 1571/1571/1571 1573/1573/1573 
f 1574/1574/1574 1575/1575/1575 1576/1576/1576 
f 1576/1576/1576 1577/1577/1577 1578/1578/1578 
f 1579/1579/1579 1580/1580/1580 1581/1581/1581 
f 1580/1580/1580 1579/1579/1579 1582/1582/1582 
f 1583/1583/1583 1584/1584/1584 1585/1585/1585 
f 1584/1584/1584 1586/1586/1586 1585/1585/1585 
f 1587/1587/1587 1588/1588/1588 1589/1589/1589 
f 1590/1590/1590 1589/1589/1589 1588/1588/1588 
f 1591/1591/1591 1592/1592/1592 1593/1593/1593 
f 1594/1594/1594 1595/1595/1595 1596/1596/1596 
f 1597/1597/1597 1598/1598/1598 1599/1599/1599 
f 1600/1600/1600 1601/1601/1601 1602/1602/1602 
f 1603/1603/1603 1604/1604/1604 1605/1605/1605 
f 1605/1605/1605 1604/1604/1604 1606/1606/1606 
f 1603/1603/1603 1607/1607/1607 1604/1604/1604 
f 1607/1607/1607 1603/1603/1603 1608/1608/1608 
f 1606/1606/1606 1604/1604/1604 1609/1609/1609 
f 1607/1607/1607 1609/1609/1609 1604/1604/1604 
f 1610/1610/1610 1606/1606/1606 1609/1609/1609 
f 1609/1609/1609 1607/1607/1607 1611/1611/1611 
f 1612/1612/1612 1613/1613/1613 1614/1614/1614 
f 1612/1612/1612 1614/1614/1614 1615/1615/1615 
f 1616/1616/1616 1617/1617/1617 1618/1618/1618 
f 1618/1618/1618 1619/1619/1619 1620/1620/1620 
f 1621/1621/1621 1622/1622/1622 1623/1623/1623 
f 1624/1624/1624 1625/1625/1625 1622/1622/1622 
f 1626/1626/1626 1627/1627/1627 1628/1628/1628 
f 1629/1629/1629 1630/1630/1630 1631/1631/1631 
f 1629/1629/1629 1631/1631/1631 1632/1632/1632 
f 1633/1633/1633 1634/1634/1634 1635/1635/1635 
f 1635/1635/1635 1634/1634/1634 1636/1636/1636 
f 1637/1637/1637 1633/1633/1633 1638/1638/1638 
f 1639/1639/1639 1637/1637/1637 1638/1638/1638 
f 1640/1640/1640 1641/1641/1641 1633/1633/1633 
f 1641/1641/1641 1640/1640/1640 1642/1642/1642 
f 1643/1643/1643 1644/1644/1644 1645/1645/1645 
f 1646/1646/1646 1647/1647/1647 1648/1648/1648 
f 1647/1647/1647 1646/1646/1646 1649/1649/1649 
f 1650/1650/1650 1651/1651/1651 1648/1648/1648 
f 1651/1651/1651 1650/1650/1650 1652/1652/1652 
f 1653/1653/1653 1654/1654/1654 1648/1648/1648 
f 1654/1654/1654 1653/1653/1653 1655/1655/1655 
f 1656/1656/1656 1657/1657/1657 1658/1658/1658 
f 1657/1657/1657 1656/1656/1656 1659/1659/1659 
f 1660/1660/1660 1656/1656/1656 1658/1658/1658 
f 1660/1660/1660 1661/1661/1661 1656/1656/1656 
f 1662/1662/1662 1663/1663/1663 1664/1664/1664 
f 1665/1665/1665 1666/1666/1666 1667/1667/1667 
f 1666/1666/1666 1665/1665/1665 1668/1668/1668 
f 1665/1665/1665 1669/1669/1669 1668/1668/1668 
f 1669/1669/1669 1665/1665/1665 1670/1670/1670 
f 1671/1671/1671 1672/1672/1672 1673/1673/1673 
f 1674/1674/1674 1673/1673/1673 1672/1672/1672 
f 1675/1675/1675 1676/1676/1676 1677/1677/1677 
f 1676/1676/1676 1675/1675/1675 1678/1678/1678 
f 1679/1679/1679 1680/1680/1680 1681/1681/1681 
f 1682/1682/1682 1681/1681/1681 1680/1680/1680 
f 1683/1683/1683 1684/1684/1684 1685/1685/1685 
f 1684/1684/1684 1686/1686/1686 1685/1685/1685 
f 1687/1687/1687 1683/1683/1683 1685/1685/1685 
f 1683/1683/1683 1687/1687/1687 1688/1688/1688 
f 1686/1686/1686 1689/1689/1689 1685/1685/1685 
f 1685/1685/1685 1689/1689/1689 1687/1687/1687 
f 1690/1690/1690 1689/1689/1689 1686/1686/1686 
f 1689/1689/1689 1691/1691/1691 1687/1687/1687 
f 1692/1692/1692 1693/1693/1693 1694/1694/1694 
f 1695/1695/1695 1696/1696/1696 1697/1697/1697 
f 1698/1698/1698 1695/1695/1695 1697/1697/1697 
f 1699/1699/1699 1700/1700/1700 1701/1701/1701 
f 1702/1702/1702 1701/1701/1701 1700/1700/1700 
f 1703/1703/1703 1704/1704/1704 1705/1705/1705 
f 1703/1703/1703 1706/1706/1706 1704/1704/1704 
f 1707/1707/1707 1704/1704/1704 1706/1706/1706 
f 1708/1708/1708 1709/1709/1709 1710/1710/1710 
f 1711/1711/1711 1708/1708/1708 1710/1710/1710 
f 1712/1712/1712 1713/1713/1713 1714/1714/1714 
f 1713/1713/1713 1712/1712/1712 1715/1715/1715 
f 1716/1716/1716 1717/1717/1717 1718/1718/1718 
f 1718/1718/1718 1717/1717/1717 1719/1719/1719 
f 1720/1720/1720 1721/1721/1721 1716/1716/1716 
f 1721/1721/1721 1720/1720/1720 1722/1722/1722 
f 1723/1723/1723 1724/1724/1724 1725/1725/1725 
f 1725/1725/1725 1726/1726/1726 1727/1727/1727 
f 1728/1728/1728 1727/1727/1727 1726/1726/1726 
f 1729/1729/1729 1730/1730/1730 1731/1731/1731 
f 1730/1730/1730 1729/1729/1729 1732/1732/1732 
f 1733/1733/1733 1734/1734/1734 1735/1735/1735 
f 1733/1733/1733 1735/1735/1735 1736/1736/1736 
f 1737/1737/1737 1738/1738/1738 1736/1736/1736 
f 1738/1738/1738 1737/1737/1737 1739/1739/1739 
f 1740/1740/1740 1741/1741/1741 1742/1742/1742 
f 1742/1742/1742 1741/1741/1741 1743/1743/1743 
f 1744/1744/1744 1745/1745/1745 1746/1746/1746 
f 1747/1747/1747 1748/1748/1748 1749/1749/1749 
f 1748/1748/1748 1747/1747/1747 1750/1750/1750 
f 1751/1751/1751 1752/1752/1752 1753/1753/1753 
f 1754/1754/1754 1755/1755/1755 1753/1753/1753 
f 1755/1755/1755 1754/1754/1754 1756/1756/1756 
f 1757/1757/1757 1758/1758/1758 1759/1759/1759 
f 1760/1760/1760 1757/1757/1757 1759/1759/1759 
f 1761/1761/1761 1760/1760/1760 1759/1759/1759 
f 1762/1762/1762 1763/1763/1763 1764/1764/1764 
f 1765/1765/1765 1766/1766/1766 1767/1767/1767 
f 1768/1768/1768 1769/1769/1769 1770/1770/1770 
f 1771/1771/1771 1772/1772/1772 1773/1773/1773 
f 1774/1774/1774 1775/1775/1775 1776/1776/1776 
f 1776/1776/1776 1775/1775/1775 1777/1777/1777 
f 1778/1778/1778 1779/1779/1779 1777/1777/1777 
f 1779/1779/1779 1778/1778/1778 1780/1780/1780 
f 1781/1781/1781 1782/1782/1782 1783/1783/1783 
f 1784/1784/1784 1785/1785/1785 1786/1786/1786 
f 1787/1787/1787 1788/1788/1788 1789/1789/1789 
f 1790/1790/1790 1791/1791/1791 1792/1792/1792 
f 1793/1793/1793 1794/1794/1794 1795/1795/1795 
f 1796/1796/1796 1797/1797/1797 1798/1798/1798 
f 1797/1797/1797 1796/1796/1796 1799/1799/1799 
f 1799/1799/1799 1800/1800/1800 1801/1801/1801 
f 1802/1802/1802 1801/1801/1801 1800/1800/1800 
f 1803/1803/1803 1804/1804/1804 1805/1805/1805 
f 1803/1803/1803 1805/1805/1805 1806/1806/1806 
f 1807/1807/1807 1808/1808/1808 1809/1809/1809 
f 1810/1810/1810 1811/1811/1811 1812/1812/1812 
f 1810/1810/1810 1813/1813/1813 1811/1811/1811 
f 1814/1814/1814 1815/1815/1815 1816/1816/1816 
f 1817/1817/1817 1818/1818/1818 1819/1819/1819 
f 1818/1818/1818 1820/1820/1820 1819/1819/1819 
f 1821/1821/1821 1822/1822/1822 1820/1820/1820 
f 1822/1822/1822 1821/1821/1821 1823/1823/1823 
f 1824/1824/1824 1825/1825/1825 1826/1826/1826 
f 1827/1827/1827 1828/1828/1828 1829/1829/1829 
f 1830/1830/1830 1827/1827/1827 1829/1829/1829 
f 1829/1829/1829 1828/1828/1828 1831/1831/1831 
f 1832/1832/1832 1831/1831/1831 1828/1828/1828 
f 1833/1833/1833 1834/1834/1834 1835/1835/1835 
f 1834/1834/1834 1833/1833/1833 1836/1836/1836 
f 1837/1837/1837 1838/1838/1838 1839/1839/1839 
f 1838/1838/1838 1837/1837/1837 1840/1840/1840 
f 1841/1841/1841 1842/1842/1842 1843/1843/1843 
f 1842/1842/1842 1841/1841/1841 1844/1844/1844 
f 1845/1845/1845 1846/1846/1846 1847/1847/1847 
f 1847/1847/1847 1846/1846/1846 1848/1848/1848 
f 1849/1849/1849 1845/1845/1845 1850/1850/1850 
f 1851/1851/1851 1845/1845/1845 1849/1849/1849 
f 1852/1852/1852 1853/1853/1853 1849/1849/1849 
f 1853/1853/1853 1852/1852/1852 1854/1854/1854 
f 1855/1855/1855 1856/1856/1856 1857/1857/1857 
f 1855/1855/1855 1858/1858/1858 1856/1856/1856 
f 1857/1857/1857 1858/1858/1858 1855/1855/1855 
f 1859/1859/1859 1857/1857/1857 1856/1856/1856 
f 1859/1859/1859 1856/1856/1856 1858/1858/1858 
f 1858/1858/1858 1857/1857/1857 1860/1860/1860 
f 1857/1857/1857 1859/1859/1859 1860/1860/1860 
f 1860/1860/1860 1861/1861/1861 1858/1858/1858 
f 1861/1861/1861 1859/1859/1859 1858/1858/1858 
f 1859/1859/1859 1862/1862/1862 1860/1860/1860 
f 1861/1861/1861 1860/1860/1860 1862/1862/1862 
f 1861/1861/1861 1863/1863/1863 1859/1859/1859 
f 1862/1862/1862 1859/1859/1859 1863/1863/1863 
f 1863/1863/1863 1861/1861/1861 1864/1864/1864 
f 1862/1862/1862 1864/1864/1864 1861/1861/1861 
f 1864/1864/1864 1865/1865/1865 1863/1863/1863 
f 1865/1865/1865 1862/1862/1862 1863/1863/1863 
f 1864/1864/1864 1862/1862/1862 1866/1866/1866 
f 1862/1862/1862 1865/1865/1865 1866/1866/1866 
f 1864/1864/1864 1866/1866/1866 1865/1865/1865 
f 1867/1867/1867 1868/1868/1868 1869/1869/1869 
f 1868/1868/1868 1867/1867/1867 1870/1870/1870 
f 1871/1871/1871 1870/1870/1870 1872/1872/1872 
f 1871/1871/1871 1872/1872/1872 1873/1873/1873 
f 1874/1874/1874 1875/1875/1875 1876/1876/1876 
f 1876/1876/1876 1875/1875/1875 1877/1877/1877 
f 1878/1878/1878 1879/1879/1879 1880/1880/1880 
f 1881/1881/1881 1882/1882/1882 1883/1883/1883 
f 1882/1882/1882 1881/1881/1881 1884/1884/1884 
f 1885/1885/1885 1886/1886/1886 1887/1887/1887 
f 1888/1888/1888 1889/1889/1889 1890/1890/1890 
f 1889/1889/1889 1888/1888/1888 1891/1891/1891 
f 1892/1892/1892 1893/1893/1893 1894/1894/1894 
f 1893/1893/1893 1892/1892/1892 1895/1895/1895 
f 1896/1896/1896 1897/1897/1897 1898/1898/1898 
f 1899/1899/1899 1900/1900/1900 1901/1901/1901 
f 1902/1902/1902 1903/1903/1903 1904/1904/1904 
f 1905/1905/1905 1906/1906/1906 1907/1907/1907 
f 1908/1908/1908 1909/1909/1909 1910/1910/1910 
f 1911/1911/1911 1912/1912/1912 1913/1913/1913 
f 1913/1913/1913 1914/1914/1914 1911/1911/1911 
f 1915/1915/1915 1914/1914/1914 1916/1916/1916 
f 1917/1917/1917 1918/1918/1918 1919/1919/1919 
f 1918/1918/1918 1917/1917/1917 1920/1920/1920 
f 1921/1921/1921 1919/1919/1919 1918/1918/1918 
f 1919/1919/1919 1921/1921/1921 1922/1922/1922 
f 1923/1923/1923 1921/1921/1921 1918/1918/1918 
f 1921/1921/1921 1923/1923/1923 1924/1924/1924 
f 1918/1918/1918 1925/1925/1925 1926/1926/1926 
f 1925/1925/1925 1927/1927/1927 1926/1926/1926 
f 1928/1928/1928 1929/1929/1929 1930/1930/1930 
f 1931/1931/1931 1932/1932/1932 1933/1933/1933 
f 1932/1932/1932 1931/1931/1931 1934/1934/1934 
f 1935/1935/1935 1934/1934/1934 1936/1936/1936 
f 1937/1937/1937 1938/1938/1938 1939/1939/1939 
f 1937/1937/1937 1940/1940/1940 1938/1938/1938 
f 1941/1941/1941 1937/1937/1937 1939/1939/1939 
f 1942/1942/1942 1943/1943/1943 1944/1944/1944 
f 1945/1945/1945 1946/1946/1946 1947/1947/1947 
f 1948/1948/1948 1949/1949/1949 1950/1950/1950 
f 1949/1949/1949 1948/1948/1948 1951/1951/1951 
f 1952/1952/1952 1953/1953/1953 1954/1954/1954 
f 1952/1952/1952 1955/1955/1955 1953/1953/1953 
f 1952/1952/1952 1956/1956/1956 1955/1955/1955 
f 1957/1957/1957 1958/1958/1958 1959/1959/1959 
f 1960/1960/1960 1961/1961/1961 1962/1962/1962 
f 1963/1963/1963 1964/1964/1964 1965/1965/1965 
f 1964/1964/1964 1966/1966/1966 1965/1965/1965 
f 1967/1967/1967 1968/1968/1968 1969/1969/1969 
f 1970/1970/1970 1971/1971/1971 1972/1972/1972 
f 1971/1971/1971 1970/1970/1970 1973/1973/1973 
f 1974/1974/1974 1975/1975/1975 1970/1970/1970 
f 1976/1976/1976 1975/1975/1975 1977/1977/1977 
f 1978/1978/1978 1979/1979/1979 1980/1980/1980 
f 1981/1981/1981 1982/1982/1982 1983/1983/1983 
f 1984/1984/1984 1985/1985/1985 1986/1986/1986 
f 1985/1985/1985 1984/1984/1984 1987/1987/1987 
f 1987/1987/1987 1988/1988/1988 1985/1985/1985 
f 1988/1988/1988 1987/1987/1987 1989/1989/1989 
f 1988/1988/1988 1990/1990/1990 1985/1985/1985 
f 1990/1990/1990 1988/1988/1988 1991/1991/1991 
f 1985/1985/1985 1992/1992/1992 1993/1993/1993 
f 1993/1993/1993 1992/1992/1992 1994/1994/1994 
f 1995/1995/1995 1996/1996/1996 1997/1997/1997 
f 1996/1996/1996 1995/1995/1995 1998/1998/1998 
f 1999/1999/1999 2000/2000/2000 1998/1998/1998 
f 2000/2000/2000 1999/1999/1999 2001/2001/2001 
f 2002/2002/2002 2003/2003/2003 2004/2004/2004 
f 2003/2003/2003 2002/2002/2002 2005/2005/2005 
f 2006/2006/2006 2007/2007/2007 2008/2008/2008 
f 2007/2007/2007 2006/2006/2006 2009/2009/2009 
f 2010/2010/2010 2011/2011/2011 2012/2012/2012 
f 2011/2011/2011 2010/2010/2010 2013/2013/2013 
f 2014/2014/2014 2015/2015/2015 2016/2016/2016 
f 2015/2015/2015 2014/2014/2014 2017/2017/2017 
f 2018/2018/2018 2019/2019/2019 2020/2020/2020 
f 2019/2019/2019 2018/2018/2018 2021/2021/2021 
f 2022/2022/2022 2021/2021/2021 2023/2023/2023 
f 2021/2021/2021 2022/2022/2022 2024/2024/2024 
f 2025/2025/2025 2026/2026/2026 2022/2022/2022 
f 2026/2026/2026 2025/2025/2025 2027/2027/2027 
f 2028/2028/2028 2029/2029/2029 2030/2030/2030 
f 2029/2029/2029 2028/2028/2028 2031/2031/2031 
f 2031/2031/2031 2028/2028/2028 2032/2032/2032 
f 2028/2028/2028 2033/2033/2033 2032/2032/2032 
f 2034/2034/2034 2035/2035/2035 2036/2036/2036 
f 2035/2035/2035 2034/2034/2034 2037/2037/2037 
f 2038/2038/2038 2035/2035/2035 2039/2039/2039 
f 2040/2040/2040 2041/2041/2041 2039/2039/2039 
f 2042/2042/2042 2043/2043/2043 2044/2044/2044 
f 2045/2045/2045 2046/2046/2046 2047/2047/2047 
f 2046/2046/2046 2048/2048/2048 2047/2047/2047 
f 2045/2045/2045 2049/2049/2049 2046/2046/2046 
f 2046/2046/2046 2050/2050/2050 2048/2048/2048 
f 2046/2046/2046 2049/2049/2049 2050/2050/2050 
f 2050/2050/2050 2051/2051/2051 2048/2048/2048 
f 2050/2050/2050 2049/2049/2049 2051/2051/2051 
f 2052/2052/2052 2053/2053/2053 2054/2054/2054 
f 2055/2055/2055 2056/2056/2056 2057/2057/2057 
f 2057/2057/2057 2056/2056/2056 2058/2058/2058 
f 2059/2059/2059 2060/2060/2060 2061/2061/2061 
f 2060/2060/2060 2059/2059/2059 2062/2062/2062 
f 2062/2062/2062 2063/2063/2063 2060/2060/2060 
f 2060/2060/2060 2063/2063/2063 2064/2064/2064 
f 2065/2065/2065 2066/2066/2066 2067/2067/2067 
f 2066/2066/2066 2068/2068/2068 2067/2067/2067 
f 2067/2067/2067 2068/2068/2068 2069/2069/2069 
f 2070/2070/2070 2068/2068/2068 2066/2066/2066 
f 2065/2065/2065 2071/2071/2071 2066/2066/2066 
f 2070/2070/2070 2066/2066/2066 2071/2071/2071 
f 2071/2071/2071 2065/2065/2065 2070/2070/2070 
f 2072/2072/2072 2073/2073/2073 2074/2074/2074 
f 2073/2073/2073 2072/2072/2072 2075/2075/2075 
f 2076/2076/2076 2077/2077/2077 2078/2078/2078 
f 2077/2077/2077 2076/2076/2076 2079/2079/2079 
f 2080/2080/2080 2081/2081/2081 2082/2082/2082 
f 2081/2081/2081 2080/2080/2080 2083/2083/2083 
f 2083/2083/2083 2084/2084/2084 2085/2085/2085 
f 2085/2085/2085 2084/2084/2084 2086/2086/2086 
f 2087/2087/2087 2082/2082/2082 2088/2088/2088 
f 2082/2082/2082 2087/2087/2087 2089/2089/2089 
f 2089/2089/2089 2080/2080/2080 2082/2082/2082 
f 2080/2080/2080 2089/2089/2089 2090/2090/2090 
f 2090/2090/2090 2091/2091/2091 2080/2080/2080 
f 2091/2091/2091 2090/2090/2090 2092/2092/2092 
f 2093/2093/2093 2094/2094/2094 2080/2080/2080 
f 2094/2094/2094 2093/2093/2093 2095/2095/2095 
f 2082/2082/2082 2096/2096/2096 2097/2097/2097 
f 2096/2096/2096 2098/2098/2098 2097/2097/2097 
f 2095/2095/2095 2099/2099/2099 2100/2100/2100 
f 2100/2100/2100 2099/2099/2099 2101/2101/2101 
f 2102/2102/2102 2103/2103/2103 2098/2098/2098 
f 2103/2103/2103 2102/2102/2102 2086/2086/2086 
f 2101/2101/2101 2104/2104/2104 2086/2086/2086 
f 2105/2105/2105 2086/2086/2086 2104/2104/2104 
f 2086/2086/2086 2105/2105/2105 2106/2106/2106 
f 2104/2104/2104 2101/2101/2101 2107/2107/2107 
f 2108/2108/2108 2107/2107/2107 2101/2101/2101 
f 2107/2107/2107 2108/2108/2108 2109/2109/2109 
f 2110/2110/2110 2111/2111/2111 2112/2112/2112 
f 2111/2111/2111 2110/2110/2110 2113/2113/2113 
f 2114/2114/2114 2115/2115/2115 2116/2116/2116 
f 2115/2115/2115 2114/2114/2114 2117/2117/2117 
f 2118/2118/2118 2119/2119/2119 2120/2120/2120 
f 2119/2119/2119 2118/2118/2118 2121/2121/2121 
f 2122/2122/2122 2123/2123/2123 2121/2121/2121 
f 2123/2123/2123 2122/2122/2122 2124/2124/2124 
f 2125/2125/2125 2126/2126/2126 2127/2127/2127 
f 2127/2127/2127 2126/2126/2126 2128/2128/2128 
f 2126/2126/2126 2129/2129/2129 2128/2128/2128 
f 2128/2128/2128 2130/2130/2130 2127/2127/2127 
f 2128/2128/2128 2129/2129/2129 2131/2131/2131 
f 2128/2128/2128 2131/2131/2131 2130/2130/2130 
f 2132/2132/2132 2133/2133/2133 2134/2134/2134 
f 2132/2132/2132 2135/2135/2135 2133/2133/2133 
f 2133/2133/2133 2136/2136/2136 2134/2134/2134 
f 2137/2137/2137 2136/2136/2136 2133/2133/2133 
f 2138/2138/2138 2136/2136/2136 2137/2137/2137 
f 2139/2139/2139 2140/2140/2140 2141/2141/2141 
f 2142/2142/2142 2141/2141/2141 2143/2143/2143 
f 2143/2143/2143 2144/2144/2144 2142/2142/2142 
f 2145/2145/2145 2144/2144/2144 2146/2146/2146 
f 2144/2144/2144 2145/2145/2145 2147/2147/2147 
f 2144/2144/2144 2147/2147/2147 2148/2148/2148 
f 2148/2148/2148 2147/2147/2147 2149/2149/2149 
f 2148/2148/2148 2149/2149/2149 2150/2150/2150 
f 2150/2150/2150 2149/2149/2149 2151/2151/2151 
f 2152/2152/2152 2148/2148/2148 2153/2153/2153 
f 2153/2153/2153 2154/2154/2154 2152/2152/2152 
f 2155/2155/2155 2156/2156/2156 2144/2144/2144 
f 2156/2156/2156 2155/2155/2155 2157/2157/2157 
f 2158/2158/2158 2159/2159/2159 2157/2157/2157 
f 2159/2159/2159 2158/2158/2158 2160/2160/2160 
f 2161/2161/2161 2162/2162/2162 2154/2154/2154 
f 2162/2162/2162 2161/2161/2161 2139/2139/2139 
f 2140/2140/2140 2139/2139/2139 2160/2160/2160 
f 2160/2160/2160 2163/2163/2163 2164/2164/2164 
f 2160/2160/2160 2165/2165/2165 2163/2163/2163 
f 2139/2139/2139 2165/2165/2165 2160/2160/2160 
f 2165/2165/2165 2139/2139/2139 2166/2166/2166 
f 2167/2167/2167 2166/2166/2166 2139/2139/2139 
f 2166/2166/2166 2167/2167/2167 2168/2168/2168 
f 2169/2169/2169 2170/2170/2170 2167/2167/2167 
f 2170/2170/2170 2169/2169/2169 2171/2171/2171 
f 2172/2172/2172 2169/2169/2169 2173/2173/2173 
f 2169/2169/2169 2172/2172/2172 2174/2174/2174 
f 2175/2175/2175 2176/2176/2176 2177/2177/2177 
f 2176/2176/2176 2178/2178/2178 2177/2177/2177 
f 2179/2179/2179 2180/2180/2180 2181/2181/2181 
f 2179/2179/2179 2182/2182/2182 2180/2180/2180 
f 2183/2183/2183 2184/2184/2184 2185/2185/2185 
f 2184/2184/2184 2186/2186/2186 2185/2185/2185 
f 2187/2187/2187 2188/2188/2188 2183/2183/2183 
f 2188/2188/2188 2187/2187/2187 2189/2189/2189 
f 2190/2190/2190 2191/2191/2191 2192/2192/2192 
f 2191/2191/2191 2190/2190/2190 2193/2193/2193 
f 2194/2194/2194 2195/2195/2195 2196/2196/2196 
f 2195/2195/2195 2194/2194/2194 2197/2197/2197 
f 2198/2198/2198 2196/2196/2196 2199/2199/2199 
f 2198/2198/2198 2199/2199/2199 2200/2200/2200 
f 2201/2201/2201 2202/2202/2202 2203/2203/2203 
f 2202/2202/2202 2201/2201/2201 2204/2204/2204 
f 2205/2205/2205 2206/2206/2206 2207/2207/2207 
f 2206/2206/2206 2205/2205/2205 2208/2208/2208 
f 2209/2209/2209 2210/2210/2210 2211/2211/2211 
f 2210/2210/2210 2209/2209/2209 2212/2212/2212 
f 2213/2213/2213 2211/2211/2211 2210/2210/2210 
f 2210/2210/2210 2214/2214/2214 2213/2213/2213 
f 2215/2215/2215 2214/2214/2214 2216/2216/2216 
f 2214/2214/2214 2215/2215/2215 2217/2217/2217 
f 2218/2218/2218 2219/2219/2219 2220/2220/2220 
f 2218/2218/2218 2221/2221/2221 2219/2219/2219 
f 2219/2219/2219 2221/2221/2221 2222/2222/2222 
f 2219/2219/2219 2222/2222/2222 2223/2223/2223 
f 2222/2222/2222 2224/2224/2224 2223/2223/2223 
f 2225/2225/2225 2226/2226/2226 2227/2227/2227 
f 2228/2228/2228 2229/2229/2229 2230/2230/2230 
f 2229/2229/2229 2228/2228/2228 2231/2231/2231 
f 2232/2232/2232 2233/2233/2233 2234/2234/2234 
f 2235/2235/2235 2236/2236/2236 2237/2237/2237 
f 2238/2238/2238 2239/2239/2239 2240/2240/2240 
f 2239/2239/2239 2238/2238/2238 2241/2241/2241 
f 2242/2242/2242 2240/2240/2240 2243/2243/2243 
f 2243/2243/2243 2244/2244/2244 2242/2242/2242 
f 2245/2245/2245 2246/2246/2246 2247/2247/2247 
f 2248/2248/2248 2249/2249/2249 2250/2250/2250 
f 2248/2248/2248 2250/2250/2250 2251/2251/2251 
f 2252/2252/2252 2253/2253/2253 2249/2249/2249 
f 2253/2253/2253 2252/2252/2252 2254/2254/2254 
f 2255/2255/2255 2256/2256/2256 2257/2257/2257 
f 2256/2256/2256 2255/2255/2255 2258/2258/2258 
f 2259/2259/2259 2260/2260/2260 2261/2261/2261 
f 2260/2260/2260 2259/2259/2259 2262/2262/2262 
f 2263/2263/2263 2259/2259/2259 2261/2261/2261 
f 2264/2264/2264 2259/2259/2259 2263/2263/2263 
f 2265/2265/2265 2266/2266/2266 2264/2264/2264 
f 2267/2267/2267 2264/2264/2264 2266/2266/2266 
f 2268/2268/2268 2269/2269/2269 2270/2270/2270 
f 2269/2269/2269 2268/2268/2268 2271/2271/2271 
f 2272/2272/2272 2268/2268/2268 2270/2270/2270 
f 2273/2273/2273 2268/2268/2268 2272/2272/2272 
f 2274/2274/2274 2275/2275/2275 2276/2276/2276 
f 2275/2275/2275 2274/2274/2274 2277/2277/2277 
f 2278/2278/2278 2279/2279/2279 2275/2275/2275 
f 2279/2279/2279 2278/2278/2278 2280/2280/2280 
f 2278/2278/2278 2281/2281/2281 2280/2280/2280 
f 2281/2281/2281 2278/2278/2278 2282/2282/2282 
f 2283/2283/2283 2284/2284/2284 2285/2285/2285 
f 2284/2284/2284 2283/2283/2283 2286/2286/2286 
f 2283/2283/2283 2287/2287/2287 2286/2286/2286 
f 2287/2287/2287 2283/2283/2283 2288/2288/2288 
f 2289/2289/2289 2290/2290/2290 2291/2291/2291 
f 2292/2292/2292 2291/2291/2291 2290/2290/2290 
f 2293/2293/2293 2294/2294/2294 2295/2295/2295 
f 2296/2296/2296 2293/2293/2293 2295/2295/2295 
f 2297/2297/2297 2298/2298/2298 2299/2299/2299 
f 2300/2300/2300 2301/2301/2301 2302/2302/2302 
f 2301/2301/2301 2300/2300/2300 2303/2303/2303 
f 2304/2304/2304 2305/2305/2305 2306/2306/2306 
f 2307/2307/2307 2306/2306/2306 2305/2305/2305 
f 2308/2308/2308 2309/2309/2309 2310/2310/2310 
f 2309/2309/2309 2311/2311/2311 2310/2310/2310 
f 2312/2312/2312 2313/2313/2313 2314/2314/2314 
f 2315/2315/2315 2316/2316/2316 2313/2313/2313 
f 2317/2317/2317 2318/2318/2318 2319/2319/2319 
f 2319/2319/2319 2320/2320/2320 2321/2321/2321 
f 2322/2322/2322 2323/2323/2323 2324/2324/2324 
f 2325/2325/2325 2322/2322/2322 2324/2324/2324 
f 2326/2326/2326 2322/2322/2322 2325/2325/2325 
f 2327/2327/2327 2322/2322/2322 2326/2326/2326 
f 2322/2322/2322 2327/2327/2327 2328/2328/2328 
f 2328/2328/2328 2323/2323/2323 2322/2322/2322 
f 2323/2323/2323 2328/2328/2328 2329/2329/2329 
f 2324/2324/2324 2323/2323/2323 2330/2330/2330 
f 2331/2331/2331 2323/2323/2323 2329/2329/2329 
f 2329/2329/2329 2332/2332/2332 2331/2331/2331 
f 2333/2333/2333 2332/2332/2332 2329/2329/2329 
f 2323/2323/2323 2331/2331/2331 2334/2334/2334 
f 2335/2335/2335 2323/2323/2323 2334/2334/2334 
f 2323/2323/2323 2335/2335/2335 2330/2330/2330 
f 2336/2336/2336 2330/2330/2330 2335/2335/2335 
f 2330/2330/2330 2336/2336/2336 2337/2337/2337 
f 2338/2338/2338 2339/2339/2339 2333/2333/2333 
f 2339/2339/2339 2338/2338/2338 2340/2340/2340 
f 2340/2340/2340 2341/2341/2341 2339/2339/2339 
f 2341/2341/2341 2340/2340/2340 2342/2342/2342 
f 2343/2343/2343 2341/2341/2341 2342/2342/2342 
f 2341/2341/2341 2343/2343/2343 2344/2344/2344 
f 2342/2342/2342 2345/2345/2345 2343/2343/2343 
f 2345/2345/2345 2342/2342/2342 2346/2346/2346 
f 2347/2347/2347 2348/2348/2348 2337/2337/2337 
f 2349/2349/2349 2348/2348/2348 2347/2347/2347 
f 2350/2350/2350 2349/2349/2349 2347/2347/2347 
f 2351/2351/2351 2349/2349/2349 2350/2350/2350 
f 2350/2350/2350 2352/2352/2352 2351/2351/2351 
f 2352/2352/2352 2350/2350/2350 2353/2353/2353 
f 2354/2354/2354 2351/2351/2351 2352/2352/2352 
f 2351/2351/2351 2354/2354/2354 2355/2355/2355 
f 2356/2356/2356 2357/2357/2357 2358/2358/2358 
f 2358/2358/2358 2357/2357/2357 2359/2359/2359 
f 2356/2356/2356 2360/2360/2360 2357/2357/2357 
f 2360/2360/2360 2356/2356/2356 2361/2361/2361 
f 2359/2359/2359 2357/2357/2357 2362/2362/2362 
f 2360/2360/2360 2362/2362/2362 2357/2357/2357 
f 2363/2363/2363 2359/2359/2359 2362/2362/2362 
f 2362/2362/2362 2360/2360/2360 2364/2364/2364 
f 2365/2365/2365 2366/2366/2366 2367/2367/2367 
f 2367/2367/2367 2366/2366/2366 2368/2368/2368 
f 2369/2369/2369 2370/2370/2370 2365/2365/2365 
f 2370/2370/2370 2369/2369/2369 2371/2371/2371 
f 2366/2366/2366 2372/2372/2372 2368/2368/2368 
f 2372/2372/2372 2366/2366/2366 2373/2373/2373 
f 2374/2374/2374 2368/2368/2368 2372/2372/2372 
f 2368/2368/2368 2374/2374/2374 2375/2375/2375 
f 2376/2376/2376 2375/2375/2375 2374/2374/2374 
f 2375/2375/2375 2376/2376/2376 2377/2377/2377 
f 2378/2378/2378 2379/2379/2379 2366/2366/2366 
f 2379/2379/2379 2378/2378/2378 2380/2380/2380 
f 2381/2381/2381 2382/2382/2382 2378/2378/2378 
f 2383/2383/2383 2378/2378/2378 2382/2382/2382 
f 2384/2384/2384 2385/2385/2385 2375/2375/2375 
f 2369/2369/2369 2385/2385/2385 2384/2384/2384 
f 2386/2386/2386 2384/2384/2384 2375/2375/2375 
f 2384/2384/2384 2386/2386/2386 2387/2387/2387 
f 2388/2388/2388 2389/2389/2389 2369/2369/2369 
f 2390/2390/2390 2388/2388/2388 2387/2387/2387 
f 2389/2389/2389 2388/2388/2388 2391/2391/2391 
f 2388/2388/2388 2390/2390/2390 2391/2391/2391 
f 2392/2392/2392 2393/2393/2393 2391/2391/2391 
f 2394/2394/2394 2391/2391/2391 2393/2393/2393 
f 2394/2394/2394 2371/2371/2371 2391/2391/2391 
f 2371/2371/2371 2394/2394/2394 2395/2395/2395 
f 2395/2395/2395 2396/2396/2396 2371/2371/2371 
f 2396/2396/2396 2395/2395/2395 2397/2397/2397 
f 2398/2398/2398 2399/2399/2399 2400/2400/2400 
f 2399/2399/2399 2398/2398/2398 2401/2401/2401 
f 2402/2402/2402 2403/2403/2403 2400/2400/2400 
f 2403/2403/2403 2402/2402/2402 2404/2404/2404 
f 2405/2405/2405 2399/2399/2399 2401/2401/2401 
f 2406/2406/2406 2399/2399/2399 2405/2405/2405 
f 2405/2405/2405 2401/2401/2401 2407/2407/2407 
f 2407/2407/2407 2401/2401/2401 2408/2408/2408 
f 2408/2408/2408 2409/2409/2409 2407/2407/2407 
f 2409/2409/2409 2408/2408/2408 2410/2410/2410 
f 2411/2411/2411 2412/2412/2412 2399/2399/2399 
f 2412/2412/2412 2411/2411/2411 2413/2413/2413 
f 2412/2412/2412 2414/2414/2414 2415/2415/2415 
f 2414/2414/2414 2412/2412/2412 2416/2416/2416 
f 2417/2417/2417 2418/2418/2418 2408/2408/2408 
f 2418/2418/2418 2417/2417/2417 2403/2403/2403 
f 2418/2418/2418 2419/2419/2419 2408/2408/2408 
f 2419/2419/2419 2418/2418/2418 2420/2420/2420 
f 2421/2421/2421 2420/2420/2420 2422/2422/2422 
f 2423/2423/2423 2422/2422/2422 2403/2403/2403 
f 2422/2422/2422 2424/2424/2424 2421/2421/2421 
f 2422/2422/2422 2423/2423/2423 2424/2424/2424 
f 2424/2424/2424 2425/2425/2425 2426/2426/2426 
f 2425/2425/2425 2424/2424/2424 2427/2427/2427 
f 2404/2404/2404 2427/2427/2427 2424/2424/2424 
f 2427/2427/2427 2404/2404/2404 2428/2428/2428 
f 2429/2429/2429 2428/2428/2428 2404/2404/2404 
f 2428/2428/2428 2429/2429/2429 2430/2430/2430 
f 2431/2431/2431 2432/2432/2432 2433/2433/2433 
f 2434/2434/2434 2431/2431/2431 2433/2433/2433 
f 2435/2435/2435 2436/2436/2436 2437/2437/2437 
f 2438/2438/2438 2437/2437/2437 2436/2436/2436 
f 2439/2439/2439 2440/2440/2440 2441/2441/2441 
f 2439/2439/2439 2441/2441/2441 2442/2442/2442 
f 2443/2443/2443 2444/2444/2444 2445/2445/2445 
f 2444/2444/2444 2446/2446/2446 2445/2445/2445 
f 2447/2447/2447 2448/2448/2448 2449/2449/2449 
f 2450/2450/2450 2449/2449/2449 2448/2448/2448 
f 2451/2451/2451 2452/2452/2452 2453/2453/2453 
f 2452/2452/2452 2451/2451/2451 2454/2454/2454 
f 2455/2455/2455 2456/2456/2456 2457/2457/2457 
f 2456/2456/2456 2455/2455/2455 2458/2458/2458 
f 2459/2459/2459 2460/2460/2460 2455/2455/2455 
f 2460/2460/2460 2459/2459/2459 2461/2461/2461 
f 2460/2460/2460 2461/2461/2461 2462/2462/2462 
f 2463/2463/2463 2460/2460/2460 2462/2462/2462 
f 2464/2464/2464 2465/2465/2465 2466/2466/2466 
f 2465/2465/2465 2464/2464/2464 2467/2467/2467 
f 2468/2468/2468 2469/2469/2469 2470/2470/2470 
f 2470/2470/2470 2471/2471/2471 2468/2468/2468 
f 2472/2472/2472 2473/2473/2473 2474/2474/2474 
f 2473/2473/2473 2472/2472/2472 2475/2475/2475 
f 2476/2476/2476 2477/2477/2477 2478/2478/2478 
f 2477/2477/2477 2476/2476/2476 2479/2479/2479 
f 2480/2480/2480 2481/2481/2481 2482/2482/2482 
f 2482/2482/2482 2483/2483/2483 2480/2480/2480 
f 2484/2484/2484 2480/2480/2480 2483/2483/2483 
f 2483/2483/2483 2485/2485/2485 2484/2484/2484 
f 2485/2485/2485 2483/2483/2483 2486/2486/2486 
f 2481/2481/2481 2487/2487/2487 2482/2482/2482 
f 2482/2482/2482 2487/2487/2487 2488/2488/2488 
f 2487/2487/2487 2489/2489/2489 2488/2488/2488 
f 2490/2490/2490 2488/2488/2488 2489/2489/2489 
f 2487/2487/2487 2491/2491/2491 2489/2489/2489 
f 2491/2491/2491 2490/2490/2490 2489/2489/2489 
f 2491/2491/2491 2487/2487/2487 2492/2492/2492 
f 2488/2488/2488 2490/2490/2490 2493/2493/2493 
f 2492/2492/2492 2494/2494/2494 2491/2491/2491 
f 2494/2494/2494 2492/2492/2492 2495/2495/2495 
f 2496/2496/2496 2494/2494/2494 2495/2495/2495 
f 2497/2497/2497 2493/2493/2493 2490/2490/2490 
f 2493/2493/2493 2497/2497/2497 2498/2498/2498 
f 2499/2499/2499 2498/2498/2498 2497/2497/2497 
f 2490/2490/2490 2491/2491/2491 2500/2500/2500 
f 2490/2490/2490 2500/2500/2500 2497/2497/2497 
f 2494/2494/2494 2500/2500/2500 2491/2491/2491 
f 2499/2499/2499 2497/2497/2497 2501/2501/2501 
f 2497/2497/2497 2500/2500/2500 2501/2501/2501 
f 2502/2502/2502 2499/2499/2499 2501/2501/2501 
f 2502/2502/2502 2501/2501/2501 2503/2503/2503 
f 2504/2504/2504 2501/2501/2501 2500/2500/2500 
f 2501/2501/2501 2504/2504/2504 2503/2503/2503 
f 2500/2500/2500 2494/2494/2494 2504/2504/2504 
f 2505/2505/2505 2502/2502/2502 2503/2503/2503 
f 2504/2504/2504 2505/2505/2505 2503/2503/2503 
f 2506/2506/2506 2507/2507/2507 2508/2508/2508 
f 2509/2509/2509 2510/2510/2510 2511/2511/2511 
f 2512/2512/2512 2513/2513/2513 2514/2514/2514 
f 2513/2513/2513 2512/2512/2512 2515/2515/2515 
f 2516/2516/2516 2517/2517/2517 2518/2518/2518 
f 2519/2519/2519 2520/2520/2520 2521/2521/2521 
f 2521/2521/2521 2520/2520/2520 2522/2522/2522 
f 2523/2523/2523 2524/2524/2524 2525/2525/2525 
f 2526/2526/2526 2527/2527/2527 2528/2528/2528 
f 2527/2527/2527 2526/2526/2526 2529/2529/2529 
f 2530/2530/2530 2531/2531/2531 2532/2532/2532 
f 2531/2531/2531 2533/2533/2533 2532/2532/2532 
f 2534/2534/2534 2530/2530/2530 2532/2532/2532 
f 2530/2530/2530 2534/2534/2534 2535/2535/2535 
f 2533/2533/2533 2536/2536/2536 2532/2532/2532 
f 2532/2532/2532 2536/2536/2536 2534/2534/2534 
f 2537/2537/2537 2536/2536/2536 2533/2533/2533 
f 2536/2536/2536 2538/2538/2538 2534/2534/2534 
f 2539/2539/2539 2540/2540/2540 2541/2541/2541 
f 2542/2542/2542 2543/2543/2543 2544/2544/2544 
f 2545/2545/2545 2546/2546/2546 2547/2547/2547 
f 2546/2546/2546 2545/2545/2545 2548/2548/2548 
f 2549/2549/2549 2550/2550/2550 2551/2551/2551 
f 2552/2552/2552 2553/2553/2553 2554/2554/2554 
f 2553/2553/2553 2552/2552/2552 2555/2555/2555 
f 2556/2556/2556 2557/2557/2557 2558/2558/2558 
f 2557/2557/2557 2556/2556/2556 2559/2559/2559 
f 2560/2560/2560 2561/2561/2561 2562/2562/2562 
f 2561/2561/2561 2560/2560/2560 2563/2563/2563 
f 2564/2564/2564 2565/2565/2565 2566/2566/2566 
f 2567/2567/2567 2568/2568/2568 2569/2569/2569 
f 2567/2567/2567 2569/2569/2569 2570/2570/2570 
f 2571/2571/2571 2572/2572/2572 2573/2573/2573 
f 2574/2574/2574 2575/2575/2575 2576/2576/2576 
f 2577/2577/2577 2578/2578/2578 2579/2579/2579 
f 2580/2580/2580 2581/2581/2581 2582/2582/2582 
f 2502/2502/2502 2505/2505/2505 2583/2583/2583 
f 2494/2494/2494 2584/2584/2584 2504/2504/2504 
f 2505/2505/2505 2504/2504/2504 2584/2584/2584 
f 2585/2585/2585 2583/2583/2583 2505/2505/2505 
f 2584/2584/2584 2585/2585/2585 2505/2505/2505 
f 2583/2583/2583 2585/2585/2585 2586/2586/2586 
f 2585/2585/2585 2587/2587/2587 2586/2586/2586 
f 2588/2588/2588 2587/2587/2587 2585/2585/2585 
f 2585/2585/2585 2584/2584/2584 2588/2588/2588 
f 2588/2588/2588 2589/2589/2589 2587/2587/2587 
f 2584/2584/2584 2494/2494/2494 2590/2590/2590 
f 2590/2590/2590 2588/2588/2588 2584/2584/2584 
f 2494/2494/2494 2496/2496/2496 2590/2590/2590 
f 2589/2589/2589 2588/2588/2588 2591/2591/2591 
f 2588/2588/2588 2590/2590/2590 2591/2591/2591 
f 2592/2592/2592 2590/2590/2590 2496/2496/2496 
f 2590/2590/2590 2592/2592/2592 2591/2591/2591 
f 2592/2592/2592 2589/2589/2589 2591/2591/2591 
f 2589/2589/2589 2592/2592/2592 2593/2593/2593 
f 2594/2594/2594 2593/2593/2593 2592/2592/2592 
f 2593/2593/2593 2594/2594/2594 2595/2595/2595 
f 2595/2595/2595 2596/2596/2596 2593/2593/2593 
f 2596/2596/2596 2595/2595/2595 2597/2597/2597 
f 2598/2598/2598 2596/2596/2596 2597/2597/2597 
f 2596/2596/2596 2598/2598/2598 2599/2599/2599 
f 2600/2600/2600 2601/2601/2601 2602/2602/2602 
f 2603/2603/2603 2604/2604/2604 2605/2605/2605 
f 2606/2606/2606 2607/2607/2607 2608/2608/2608 
f 2609/2609/2609 2610/2610/2610 2611/2611/2611 
f 2611/2611/2611 2610/2610/2610 2612/2612/2612 
f 2613/2613/2613 2614/2614/2614 2609/2609/2609 
f 2614/2614/2614 2613/2613/2613 2615/2615/2615 
f 2616/2616/2616 2617/2617/2617 2612/2612/2612 
f 2617/2617/2617 2616/2616/2616 2618/2618/2618 
f 2615/2615/2615 2619/2619/2619 2620/2620/2620 
f 2620/2620/2620 2619/2619/2619 2618/2618/2618 
f 2621/2621/2621 2622/2622/2622 2623/2623/2623 
f 2624/2624/2624 2625/2625/2625 2626/2626/2626 
f 2627/2627/2627 2628/2628/2628 2629/2629/2629 
f 2628/2628/2628 2627/2627/2627 2630/2630/2630 
f 2631/2631/2631 2632/2632/2632 2630/2630/2630 
f 2632/2632/2632 2631/2631/2631 2633/2633/2633 
f 2634/2634/2634 2635/2635/2635 2636/2636/2636 
f 2635/2635/2635 2634/2634/2634 2637/2637/2637 
f 2634/2634/2634 2636/2636/2636 2638/2638/2638 
f 2638/2638/2638 2639/2639/2639 2634/2634/2634 
f 2638/2638/2638 2640/2640/2640 2639/2639/2639 
f 2640/2640/2640 2638/2638/2638 2641/2641/2641 
f 2642/2642/2642 2641/2641/2641 2643/2643/2643 
f 2643/2643/2643 2644/2644/2644 2642/2642/2642 
f 2644/2644/2644 2645/2645/2645 2646/2646/2646 
f 2646/2646/2646 2647/2647/2647 2648/2648/2648 
f 2649/2649/2649 2650/2650/2650 2651/2651/2651 
f 2652/2652/2652 2653/2653/2653 2654/2654/2654 
f 2653/2653/2653 2652/2652/2652 2655/2655/2655 
f 2656/2656/2656 2657/2657/2657 2655/2655/2655 
f 2657/2657/2657 2656/2656/2656 2658/2658/2658 
f 2659/2659/2659 2652/2652/2652 2660/2660/2660 
f 2660/2660/2660 2652/2652/2652 2661/2661/2661 
f 2660/2660/2660 2662/2662/2662 2663/2663/2663 
f 2662/2662/2662 2660/2660/2660 2664/2664/2664 
f 2665/2665/2665 2662/2662/2662 2666/2666/2666 
f 2662/2662/2662 2665/2665/2665 2667/2667/2667 
f 2668/2668/2668 2669/2669/2669 2667/2667/2667 
f 2669/2669/2669 2668/2668/2668 2670/2670/2670 
f 2671/2671/2671 2664/2664/2664 2672/2672/2672 
f 2664/2664/2664 2671/2671/2671 2673/2673/2673 
f 2674/2674/2674 2671/2671/2671 2672/2672/2672 
f 2671/2671/2671 2675/2675/2675 2673/2673/2673 
f 2671/2671/2671 2674/2674/2674 2676/2676/2676 
f 2675/2675/2675 2671/2671/2671 2676/2676/2676 
f 2677/2677/2677 2678/2678/2678 2679/2679/2679 
f 2679/2679/2679 2678/2678/2678 2680/2680/2680 
f 2681/2681/2681 2682/2682/2682 2683/2683/2683 
f 2684/2684/2684 2685/2685/2685 2686/2686/2686 
f 2685/2685/2685 2687/2687/2687 2686/2686/2686 
f 2688/2688/2688 2689/2689/2689 2690/2690/2690 
f 2691/2691/2691 2692/2692/2692 2693/2693/2693 
f 2692/2692/2692 2694/2694/2694 2693/2693/2693 
f 2695/2695/2695 2693/2693/2693 2696/2696/2696 
f 2693/2693/2693 2697/2697/2697 2696/2696/2696 
f 2698/2698/2698 2699/2699/2699 2700/2700/2700 
f 2701/2701/2701 2702/2702/2702 2703/2703/2703 
f 2704/2704/2704 2705/2705/2705 2706/2706/2706 
f 2707/2707/2707 2708/2708/2708 2709/2709/2709 
f 2709/2709/2709 2710/2710/2710 2707/2707/2707 
f 2711/2711/2711 2712/2712/2712 2713/2713/2713 
f 2714/2714/2714 2715/2715/2715 2716/2716/2716 
f 2717/2717/2717 2718/2718/2718 2719/2719/2719 
f 2718/2718/2718 2720/2720/2720 2719/2719/2719 
f 2721/2721/2721 2722/2722/2722 2723/2723/2723 
f 2723/2723/2723 2722/2722/2722 2724/2724/2724 
f 2725/2725/2725 2726/2726/2726 2727/2727/2727 
f 2728/2728/2728 2729/2729/2729 2730/2730/2730 
f 2731/2731/2731 2730/2730/2730 2729/2729/2729 
f 2732/2732/2732 2733/2733/2733 2734/2734/2734 
f 2733/2733/2733 2735/2735/2735 2734/2734/2734 
f 2736/2736/2736 2737/2737/2737 2738/2738/2738 
f 2739/2739/2739 2740/2740/2740 2741/2741/2741 
f 2741/2741/2741 2742/2742/2742 2739/2739/2739 
f 2743/2743/2743 2744/2744/2744 2745/2745/2745 
f 2745/2745/2745 2744/2744/2744 2746/2746/2746 
f 2747/2747/2747 2745/2745/2745 2746/2746/2746 
f 2748/2748/2748 2744/2744/2744 2743/2743/2743 
f 2744/2744/2744 2748/2748/2748 2749/2749/2749 
f 2748/2748/2748 2750/2750/2750 2749/2749/2749 
f 2748/2748/2748 2743/2743/2743 2751/2751/2751 
f 2745/2745/2745 2751/2751/2751 2743/2743/2743 
f 2748/2748/2748 2752/2752/2752 2750/2750/2750 
f 2751/2751/2751 2752/2752/2752 2748/2748/2748 
f 2745/2745/2745 2747/2747/2747 2753/2753/2753 
f 2751/2751/2751 2745/2745/2745 2753/2753/2753 
f 2747/2747/2747 2754/2754/2754 2753/2753/2753 
f 2751/2751/2751 2753/2753/2753 2754/2754/2754 
f 2754/2754/2754 2747/2747/2747 2755/2755/2755 
f 2756/2756/2756 2750/2750/2750 2752/2752/2752 
f 2751/2751/2751 2756/2756/2756 2752/2752/2752 
f 2750/2750/2750 2756/2756/2756 2757/2757/2757 
f 2758/2758/2758 2757/2757/2757 2756/2756/2756 
f 2756/2756/2756 2751/2751/2751 2759/2759/2759 
f 2756/2756/2756 2759/2759/2759 2758/2758/2758 
f 2759/2759/2759 2751/2751/2751 2754/2754/2754 
f 2755/2755/2755 2758/2758/2758 2759/2759/2759 
f 2755/2755/2755 2759/2759/2759 2754/2754/2754 
f 2760/2760/2760 2761/2761/2761 2762/2762/2762 
f 2760/2760/2760 2763/2763/2763 2761/2761/2761 
f 2761/2761/2761 2763/2763/2763 2764/2764/2764 
f 2765/2765/2765 2766/2766/2766 2767/2767/2767 
f 2768/2768/2768 2769/2769/2769 2770/2770/2770 
f 2769/2769/2769 2768/2768/2768 2771/2771/2771 
f 2770/2770/2770 2772/2772/2772 2773/2773/2773 
f 2772/2772/2772 2774/2774/2774 2773/2773/2773 
f 2775/2775/2775 2776/2776/2776 2777/2777/2777 
f 2778/2778/2778 2777/2777/2777 2776/2776/2776 
f 2779/2779/2779 2780/2780/2780 2777/2777/2777 
f 2781/2781/2781 2777/2777/2777 2780/2780/2780 
f 2782/2782/2782 2783/2783/2783 2784/2784/2784 
f 2783/2783/2783 2782/2782/2782 2785/2785/2785 
f 2786/2786/2786 2787/2787/2787 2788/2788/2788 
f 2789/2789/2789 2790/2790/2790 2791/2791/2791 
f 2792/2792/2792 2793/2793/2793 2794/2794/2794 
f 2792/2792/2792 2795/2795/2795 2793/2793/2793 
f 2796/2796/2796 2797/2797/2797 2798/2798/2798 
f 2799/2799/2799 2800/2800/2800 2801/2801/2801 
f 2802/2802/2802 2803/2803/2803 2804/2804/2804 
f 2803/2803/2803 2805/2805/2805 2804/2804/2804 
f 2803/2803/2803 2806/2806/2806 2805/2805/2805 
f 2804/2804/2804 2807/2807/2807 2802/2802/2802 
f 2807/2807/2807 2804/2804/2804 2808/2808/2808 
f 2808/2808/2808 2809/2809/2809 2807/2807/2807 
f 2807/2807/2807 2810/2810/2810 2802/2802/2802 
f 2810/2810/2810 2803/2803/2803 2802/2802/2802 
f 2807/2807/2807 2809/2809/2809 2811/2811/2811 
f 2810/2810/2810 2807/2807/2807 2811/2811/2811 
f 2806/2806/2806 2803/2803/2803 2812/2812/2812 
f 2803/2803/2803 2810/2810/2810 2812/2812/2812 
f 2812/2812/2812 2813/2813/2813 2806/2806/2806 
f 2810/2810/2810 2813/2813/2813 2812/2812/2812 
f 2813/2813/2813 2814/2814/2814 2806/2806/2806 
f 2809/2809/2809 2815/2815/2815 2811/2811/2811 
f 2815/2815/2815 2810/2810/2810 2811/2811/2811 
f 2815/2815/2815 2809/2809/2809 2816/2816/2816 
f 2816/2816/2816 2817/2817/2817 2815/2815/2815 
f 2810/2810/2810 2815/2815/2815 2818/2818/2818 
f 2813/2813/2813 2810/2810/2810 2818/2818/2818 
f 2815/2815/2815 2817/2817/2817 2818/2818/2818 
f 2818/2818/2818 2814/2814/2814 2813/2813/2813 
f 2814/2814/2814 2818/2818/2818 2817/2817/2817 
f 2819/2819/2819 2820/2820/2820 2821/2821/2821 
f 2820/2820/2820 2822/2822/2822 2821/2821/2821 
f 2823/2823/2823 2824/2824/2824 2825/2825/2825 
f 2825/2825/2825 2826/2826/2826 2823/2823/2823 
f 2826/2826/2826 2825/2825/2825 2824/2824/2824 
f 2826/2826/2826 2824/2824/2824 2827/2827/2827 
f 2828/2828/2828 2829/2829/2829 2830/2830/2830 
f 2831/2831/2831 2832/2832/2832 2833/2833/2833 
f 2834/2834/2834 2835/2835/2835 2836/2836/2836 
f 2835/2835/2835 2834/2834/2834 2837/2837/2837 
f 2834/2834/2834 2838/2838/2838 2837/2837/2837 
f 2839/2839/2839 2838/2838/2838 2840/2840/2840 
f 2838/2838/2838 2839/2839/2839 2841/2841/2841 
f 2837/2837/2837 2838/2838/2838 2842/2842/2842 
f 2843/2843/2843 2842/2842/2842 2838/2838/2838 
f 2844/2844/2844 2843/2843/2843 2845/2845/2845 
f 2843/2843/2843 2846/2846/2846 2845/2845/2845 
f 2847/2847/2847 2841/2841/2841 2848/2848/2848 
f 2841/2841/2841 2847/2847/2847 2849/2849/2849 
f 2850/2850/2850 2851/2851/2851 2849/2849/2849 
f 2852/2852/2852 2849/2849/2849 2851/2851/2851 
f 2846/2846/2846 2853/2853/2853 2854/2854/2854 
f 2853/2853/2853 2846/2846/2846 2855/2855/2855 
f 2854/2854/2854 2856/2856/2856 2857/2857/2857 
f 2857/2857/2857 2858/2858/2858 2850/2850/2850 
f 2859/2859/2859 2856/2856/2856 2855/2855/2855 
f 2856/2856/2856 2859/2859/2859 2860/2860/2860 
f 2861/2861/2861 2857/2857/2857 2856/2856/2856 
f 2862/2862/2862 2860/2860/2860 2861/2861/2861 
f 2863/2863/2863 2861/2861/2861 2860/2860/2860 
f 2858/2858/2858 2857/2857/2857 2864/2864/2864 
f 2865/2865/2865 2852/2852/2852 2858/2858/2858 
f 2858/2858/2858 2866/2866/2866 2865/2865/2865 
f 2864/2864/2864 2866/2866/2866 2867/2867/2867 
f 2866/2866/2866 2864/2864/2864 2868/2868/2868 
f 2869/2869/2869 2870/2870/2870 2863/2863/2863 
f 2870/2870/2870 2869/2869/2869 2871/2871/2871 
f 2868/2868/2868 2872/2872/2872 2873/2873/2873 
f 2874/2874/2874 2873/2873/2873 2872/2872/2872 
f 2875/2875/2875 2852/2852/2852 2874/2874/2874 
f 2874/2874/2874 2876/2876/2876 2875/2875/2875 
f 2875/2875/2875 2876/2876/2876 2837/2837/2837 
f 2877/2877/2877 2876/2876/2876 2874/2874/2874 
f 2837/2837/2837 2876/2876/2876 2878/2878/2878 
f 2876/2876/2876 2877/2877/2877 2878/2878/2878 
f 2879/2879/2879 2871/2871/2871 2855/2855/2855 
f 2871/2871/2871 2879/2879/2879 2880/2880/2880 
f 2840/2840/2840 2880/2880/2880 2879/2879/2879 
f 2881/2881/2881 2871/2871/2871 2880/2880/2880 
f 2880/2880/2880 2840/2840/2840 2882/2882/2882 
f 2882/2882/2882 2881/2881/2881 2880/2880/2880 
f 2883/2883/2883 2884/2884/2884 2885/2885/2885 
f 2886/2886/2886 2887/2887/2887 2888/2888/2888 
f 2889/2889/2889 2890/2890/2890 2891/2891/2891 
f 2892/2892/2892 2891/2891/2891 2890/2890/2890 
f 2893/2893/2893 2894/2894/2894 2895/2895/2895 
f 2894/2894/2894 2896/2896/2896 2895/2895/2895 
f 2897/2897/2897 2895/2895/2895 2896/2896/2896 
f 2898/2898/2898 2896/2896/2896 2894/2894/2894 
f 2899/2899/2899 2900/2900/2900 2901/2901/2901 
f 2902/2902/2902 2901/2901/2901 2900/2900/2900 
f 2903/2903/2903 2904/2904/2904 2905/2905/2905 
f 2906/2906/2906 2907/2907/2907 2908/2908/2908 
f 2907/2907/2907 2906/2906/2906 2909/2909/2909 
f 2910/2910/2910 2911/2911/2911 2908/2908/2908 
f 2911/2911/2911 2910/2910/2910 2912/2912/2912 
f 2913/2913/2913 2909/2909/2909 2914/2914/2914 
f 2909/2909/2909 2913/2913/2913 2915/2915/2915 
f 2912/2912/2912 2916/2916/2916 2917/2917/2917 
f 2912/2912/2912 2917/2917/2917 2918/2918/2918 
f 2919/2919/2919 2920/2920/2920 2921/2921/2921 
f 2920/2920/2920 2919/2919/2919 2922/2922/2922 
f 2923/2923/2923 2924/2924/2924 2922/2922/2922 
f 2924/2924/2924 2923/2923/2923 2925/2925/2925 
f 2926/2926/2926 2927/2927/2927 2925/2925/2925 
f 2927/2927/2927 2926/2926/2926 2928/2928/2928 
f 2929/2929/2929 2930/2930/2930 2928/2928/2928 
f 2930/2930/2930 2929/2929/2929 2931/2931/2931 
f 2932/2932/2932 2933/2933/2933 2926/2926/2926 
f 2933/2933/2933 2932/2932/2932 2934/2934/2934 
f 2934/2934/2934 2935/2935/2935 2936/2936/2936 
f 2935/2935/2935 2937/2937/2937 2938/2938/2938 
f 2939/2939/2939 2940/2940/2940 2926/2926/2926 
f 2940/2940/2940 2939/2939/2939 2941/2941/2941 
f 2939/2939/2939 2942/2942/2942 2941/2941/2941 
f 2942/2942/2942 2939/2939/2939 2943/2943/2943 
f 2944/2944/2944 2942/2942/2942 2943/2943/2943 
f 2942/2942/2942 2944/2944/2944 2945/2945/2945 
f 2946/2946/2946 2947/2947/2947 2948/2948/2948 
f 2949/2949/2949 2950/2950/2950 2951/2951/2951 
f 2952/2952/2952 2953/2953/2953 2954/2954/2954 
f 2953/2953/2953 2955/2955/2955 2954/2954/2954 
f 2954/2954/2954 2955/2955/2955 2956/2956/2956 
f 2957/2957/2957 2955/2955/2955 2953/2953/2953 
f 2958/2958/2958 2959/2959/2959 2960/2960/2960 
f 2961/2961/2961 2962/2962/2962 2963/2963/2963 
f 2964/2964/2964 2965/2965/2965 2966/2966/2966 
f 2967/2967/2967 2968/2968/2968 2969/2969/2969 
f 2970/2970/2970 2971/2971/2971 2972/2972/2972 
f 2973/2973/2973 2974/2974/2974 2975/2975/2975 
f 2976/2976/2976 2977/2977/2977 2978/2978/2978 
f 2979/2979/2979 2980/2980/2980 2981/2981/2981 
f 2982/2982/2982 2983/2983/2983 2984/2984/2984 
f 2983/2983/2983 2982/2982/2982 2985/2985/2985 
f 2986/2986/2986 2984/2984/2984 2987/2987/2987 
f 2986/2986/2986 2987/2987/2987 2988/2988/2988 
f 2989/2989/2989 2990/2990/2990 2988/2988/2988 
f 2990/2990/2990 2989/2989/2989 2991/2991/2991 
f 2992/2992/2992 2991/2991/2991 2993/2993/2993 
f 2992/2992/2992 2993/2993/2993 2994/2994/2994 
f 2995/2995/2995 2996/2996/2996 2997/2997/2997 
f 2998/2998/2998 2999/2999/2999 3000/3000/3000 
f 3001/3001/3001 3002/3002/3002 3003/3003/3003 
f 3002/3002/3002 3001/3001/3001 3004/3004/3004 
f 3005/3005/3005 3003/3003/3003 3006/3006/3006 
f 3003/3003/3003 3005/3005/3005 3007/3007/3007 
f 3008/3008/3008 3004/3004/3004 3009/3009/3009 
f 3010/3010/3010 3008/3008/3008 3009/3009/3009 
f 3010/3010/3010 3011/3011/3011 3012/3012/3012 
f 3011/3011/3011 3010/3010/3010 3013/3013/3013 
f 3014/3014/3014 3015/3015/3015 3016/3016/3016 
f 3017/3017/3017 3018/3018/3018 3019/3019/3019 
f 3020/3020/3020 3021/3021/3021 3022/3022/3022 
f 3020/3020/3020 3022/3022/3022 3023/3023/3023 
f 3024/3024/3024 3023/3023/3023 3022/3022/3022 
f 3020/3020/3020 3023/3023/3023 3025/3025/3025 
f 3023/3023/3023 3024/3024/3024 3026/3026/3026 
f 3027/3027/3027 3020/3020/3020 3025/3025/3025 
f 3022/3022/3022 3028/3028/3028 3024/3024/3024 
f 3028/3028/3028 3026/3026/3026 3024/3024/3024 
f 3022/3022/3022 3021/3021/3021 3028/3028/3028 
f 3026/3026/3026 3028/3028/3028 3029/3029/3029 
f 3021/3021/3021 3029/3029/3029 3028/3028/3028 
f 3029/3029/3029 3021/3021/3021 3030/3030/3030 
f 3020/3020/3020 3027/3027/3027 3031/3031/3031 
f 3032/3032/3032 3030/3030/3030 3021/3021/3021 
f 3021/3021/3021 3020/3020/3020 3032/3032/3032 
f 3032/3032/3032 3020/3020/3020 3031/3031/3031 
f 3032/3032/3032 3031/3031/3031 3027/3027/3027 
f 3030/3030/3030 3032/3032/3032 3033/3033/3033 
f 3032/3032/3032 3027/3027/3027 3033/3033/3033 
f 3034/3034/3034 3035/3035/3035 3036/3036/3036 
f 3035/3035/3035 3034/3034/3034 3037/3037/3037 
f 3038/3038/3038 3039/3039/3039 3040/3040/3040 
f 3039/3039/3039 3038/3038/3038 3041/3041/3041 
f 3042/3042/3042 3039/3039/3039 3043/3043/3043 
f 3043/3043/3043 3044/3044/3044 3042/3042/3042 
f 3045/3045/3045 3046/3046/3046 3044/3044/3044 
f 3046/3046/3046 3045/3045/3045 3047/3047/3047 
f 3047/3047/3047 3048/3048/3048 3049/3049/3049 
f 3048/3048/3048 3047/3047/3047 3050/3050/3050 
f 3051/3051/3051 3052/3052/3052 3053/3053/3053 
f 3052/3052/3052 3051/3051/3051 3054/3054/3054 
f 3054/3054/3054 3051/3051/3051 3055/3055/3055 
f 3051/3051/3051 3056/3056/3056 3055/3055/3055 
f 3051/3051/3051 3057/3057/3057 3058/3058/3058 
f 3057/3057/3057 3051/3051/3051 3059/3059/3059 
f 3051/3051/3051 3060/3060/3060 3059/3059/3059 
f 3060/3060/3060 3051/3051/3051 3061/3061/3061 
f 3061/3061/3061 3062/3062/3062 3063/3063/3063 
f 3061/3061/3061 3064/3064/3064 3062/3062/3062 
f 3065/3065/3065 3062/3062/3062 3064/3064/3064 
f 3062/3062/3062 3065/3065/3065 3066/3066/3066 
f 3065/3065/3065 3067/3067/3067 3066/3066/3066 
f 3068/3068/3068 3067/3067/3067 3065/3065/3065 
f 3069/3069/3069 3067/3067/3067 3068/3068/3068 
f 3067/3067/3067 3069/3069/3069 3070/3070/3070 
f 3071/3071/3071 3072/3072/3072 3064/3064/3064 
f 3072/3072/3072 3071/3071/3071 3073/3073/3073 
f 3073/3073/3073 3071/3071/3071 3074/3074/3074 
f 3071/3071/3071 3075/3075/3075 3074/3074/3074 
f 3076/3076/3076 3077/3077/3077 3078/3078/3078 
f 3076/3076/3076 3079/3079/3079 3077/3077/3077 
f 3080/3080/3080 3081/3081/3081 3082/3082/3082 
f 3082/3082/3082 3081/3081/3081 3083/3083/3083 
f 3083/3083/3083 3084/3084/3084 3082/3082/3082 
f 3085/3085/3085 3083/3083/3083 3081/3081/3081 
f 3084/3084/3084 3083/3083/3083 3086/3086/3086 
f 3081/3081/3081 3087/3087/3087 3085/3085/3085 
f 3088/3088/3088 3082/3082/3082 3084/3084/3084 
f 3086/3086/3086 3088/3088/3088 3084/3084/3084 
f 3080/3080/3080 3082/3082/3082 3088/3088/3088 
f 3088/3088/3088 3086/3086/3086 3089/3089/3089 
f 3089/3089/3089 3080/3080/3080 3088/3088/3088 
f 3080/3080/3080 3089/3089/3089 3090/3090/3090 
f 3087/3087/3087 3081/3081/3081 3091/3091/3091 
f 3081/3081/3081 3080/3080/3080 3092/3092/3092 
f 3090/3090/3090 3092/3092/3092 3080/3080/3080 
f 3081/3081/3081 3092/3092/3092 3091/3091/3091 
f 3091/3091/3091 3092/3092/3092 3087/3087/3087 
f 3092/3092/3092 3090/3090/3090 3093/3093/3093 
f 3093/3093/3093 3087/3087/3087 3092/3092/3092 
f 3094/3094/3094 3095/3095/3095 3096/3096/3096 
f 3095/3095/3095 3094/3094/3094 3097/3097/3097 
f 3098/3098/3098 3099/3099/3099 3100/3100/3100 
f 3101/3101/3101 3102/3102/3102 3103/3103/3103 
f 3104/3104/3104 3105/3105/3105 3106/3106/3106 
f 3107/3107/3107 3106/3106/3106 3105/3105/3105 
f 3106/3106/3106 3107/3107/3107 3108/3108/3108 
f 3109/3109/3109 3106/3106/3106 3108/3108/3108 
f 3106/3106/3106 3109/3109/3109 3104/3104/3104 
f 3110/3110/3110 3107/3107/3107 3105/3105/3105 
f 3105/3105/3105 3104/3104/3104 3110/3110/3110 
f 3107/3107/3107 3110/3110/3110 3111/3111/3111 
f 3110/3110/3110 3112/3112/3112 3111/3111/3111 
f 3104/3104/3104 3109/3109/3109 3113/3113/3113 
f 3113/3113/3113 3110/3110/3110 3104/3104/3104 
f 3113/3113/3113 3109/3109/3109 3114/3114/3114 
f 3115/3115/3115 3113/3113/3113 3114/3114/3114 
f 3113/3113/3113 3116/3116/3116 3110/3110/3110 
f 3110/3110/3110 3116/3116/3116 3112/3112/3112 
f 3113/3113/3113 3115/3115/3115 3117/3117/3117 
f 3116/3116/3116 3113/3113/3113 3117/3117/3117 
f 3112/3112/3112 3117/3117/3117 3115/3115/3115 
f 3117/3117/3117 3112/3112/3112 3116/3116/3116 
f 3118/3118/3118 3119/3119/3119 3120/3120/3120 
f 3118/3118/3118 3120/3120/3120 3121/3121/3121 
f 3120/3120/3120 3122/3122/3122 3121/3121/3121 
f 3120/3120/3120 3123/3123/3123 3122/3122/3122 
f 3123/3123/3123 3120/3120/3120 3119/3119/3119 
f 3121/3121/3121 3124/3124/3124 3118/3118/3118 
f 3119/3119/3119 3118/3118/3118 3124/3124/3124 
f 3124/3124/3124 3121/3121/3121 3125/3125/3125 
f 3119/3119/3119 3126/3126/3126 3123/3123/3123 
f 3119/3119/3119 3124/3124/3124 3126/3126/3126 
f 3126/3126/3126 3127/3127/3127 3123/3123/3123 
f 3125/3125/3125 3128/3128/3128 3124/3124/3124 
f 3126/3126/3126 3129/3129/3129 3127/3127/3127 
f 3130/3130/3130 3128/3128/3128 3129/3129/3129 
f 3129/3129/3129 3126/3126/3126 3130/3130/3130 
f 3131/3131/3131 3124/3124/3124 3128/3128/3128 
f 3131/3131/3131 3126/3126/3126 3124/3124/3124 
f 3128/3128/3128 3130/3130/3130 3131/3131/3131 
f 3126/3126/3126 3131/3131/3131 3130/3130/3130 
f 3132/3132/3132 3133/3133/3133 3134/3134/3134 
f 3133/3133/3133 3135/3135/3135 3134/3134/3134 
f 3136/3136/3136 3132/3132/3132 3134/3134/3134 
f 3135/3135/3135 3136/3136/3136 3134/3134/3134 
f 3132/3132/3132 3137/3137/3137 3133/3133/3133 
f 3136/3136/3136 3135/3135/3135 3138/3138/3138 
f 3132/3132/3132 3136/3136/3136 3139/3139/3139 
f 3140/3140/3140 3136/3136/3136 3138/3138/3138 
f 3136/3136/3136 3140/3140/3140 3139/3139/3139 
f 3141/3141/3141 3140/3140/3140 3138/3138/3138 
f 3135/3135/3135 3141/3141/3141 3138/3138/3138 
f 3142/3142/3142 3139/3139/3139 3140/3140/3140 
f 3139/3139/3139 3143/3143/3143 3132/3132/3132 
f 3143/3143/3143 3137/3137/3137 3132/3132/3132 
f 3143/3143/3143 3139/3139/3139 3144/3144/3144 
f 3139/3139/3139 3142/3142/3142 3144/3144/3144 
f 3140/3140/3140 3141/3141/3141 3145/3145/3145 
f 3145/3145/3145 3142/3142/3142 3140/3140/3140 
f 3145/3145/3145 3141/3141/3141 3146/3146/3146 
f 3142/3142/3142 3145/3145/3145 3147/3147/3147 
f 3146/3146/3146 3147/3147/3147 3145/3145/3145 
f 3148/3148/3148 3144/3144/3144 3142/3142/3142 
f 3149/3149/3149 3142/3142/3142 3147/3147/3147 
f 3142/3142/3142 3149/3149/3149 3148/3148/3148 
f 3149/3149/3149 3147/3147/3147 3150/3150/3150 
f 3147/3147/3147 3146/3146/3146 3150/3150/3150 
f 3141/3141/3141 3151/3151/3151 3146/3146/3146 
f 3141/3141/3141 3135/3135/3135 3151/3151/3151 
f 3152/3152/3152 3151/3151/3151 3135/3135/3135 
f 3135/3135/3135 3133/3133/3133 3152/3152/3152 
f 3151/3151/3151 3152/3152/3152 3153/3153/3153 
f 3154/3154/3154 3151/3151/3151 3153/3153/3153 
f 3152/3152/3152 3154/3154/3154 3153/3153/3153 
f 3154/3154/3154 3146/3146/3146 3151/3151/3151 
f 3133/3133/3133 3155/3155/3155 3152/3152/3152 
f 3154/3154/3154 3152/3152/3152 3155/3155/3155 
f 3155/3155/3155 3133/3133/3133 3137/3137/3137 
f 3146/3146/3146 3154/3154/3154 3156/3156/3156 
f 3155/3155/3155 3156/3156/3156 3154/3154/3154 
f 3150/3150/3150 3146/3146/3146 3156/3156/3156 
f 3137/3137/3137 3157/3157/3157 3155/3155/3155 
f 3156/3156/3156 3155/3155/3155 3157/3157/3157 
f 3158/3158/3158 3150/3150/3150 3156/3156/3156 
f 3158/3158/3158 3156/3156/3156 3157/3157/3157 
f 3150/3150/3150 3158/3158/3158 3159/3159/3159 
f 3149/3149/3149 3150/3150/3150 3159/3159/3159 
f 3157/3157/3157 3137/3137/3137 3160/3160/3160 
f 3137/3137/3137 3143/3143/3143 3160/3160/3160 
f 3149/3149/3149 3159/3159/3159 3161/3161/3161 
f 3161/3161/3161 3148/3148/3148 3149/3149/3149 
f 3159/3159/3159 3162/3162/3162 3161/3161/3161 
f 3163/3163/3163 3160/3160/3160 3143/3143/3143 
f 3144/3144/3144 3163/3163/3163 3143/3143/3143 
f 3164/3164/3164 3157/3157/3157 3160/3160/3160 
f 3160/3160/3160 3163/3163/3163 3164/3164/3164 
f 3157/3157/3157 3164/3164/3164 3165/3165/3165 
f 3158/3158/3158 3157/3157/3157 3165/3165/3165 
f 3166/3166/3166 3159/3159/3159 3158/3158/3158 
f 3159/3159/3159 3166/3166/3166 3162/3162/3162 
f 3166/3166/3166 3158/3158/3158 3165/3165/3165 
f 3165/3165/3165 3167/3167/3167 3166/3166/3166 
f 3168/3168/3168 3165/3165/3165 3164/3164/3164 
f 3165/3165/3165 3168/3168/3168 3167/3167/3167 
f 3163/3163/3163 3168/3168/3168 3164/3164/3164 
f 3167/3167/3167 3169/3169/3169 3166/3166/3166 
f 3166/3166/3166 3169/3169/3169 3162/3162/3162 
f 3168/3168/3168 3169/3169/3169 3167/3167/3167 
f 3162/3162/3162 3169/3169/3169 3161/3161/3161 
f 3168/3168/3168 3163/3163/3163 3170/3170/3170 
f 3170/3170/3170 3169/3169/3169 3168/3168/3168 
f 3163/3163/3163 3171/3171/3171 3170/3170/3170 
f 3171/3171/3171 3169/3169/3169 3170/3170/3170 
f 3161/3161/3161 3169/3169/3169 3172/3172/3172 
f 3172/3172/3172 3169/3169/3169 3171/3171/3171 
f 3148/3148/3148 3161/3161/3161 3172/3172/3172 
f 3171/3171/3171 3163/3163/3163 3173/3173/3173 
f 3173/3173/3173 3172/3172/3172 3171/3171/3171 
f 3172/3172/3172 3173/3173/3173 3148/3148/3148 
f 3163/3163/3163 3144/3144/3144 3173/3173/3173 
f 3144/3144/3144 3148/3148/3148 3173/3173/3173 
f 3174/3174/3174 3175/3175/3175 3176/3176/3176 
f 3177/3177/3177 3176/3176/3176 3175/3175/3175 
f 3178/3178/3178 3179/3179/3179 3176/3176/3176 
f 3179/3179/3179 3178/3178/3178 3180/3180/3180 
f 3181/3181/3181 3182/3182/3182 3180/3180/3180 
f 3182/3182/3182 3181/3181/3181 3183/3183/3183 
f 3184/3184/3184 3183/3183/3183 3185/3185/3185 
f 3183/3183/3183 3184/3184/3184 3186/3186/3186 
f 3187/3187/3187 3188/3188/3188 3189/3189/3189 
f 3188/3188/3188 3187/3187/3187 3190/3190/3190 
f 3191/3191/3191 3189/3189/3189 3188/3188/3188 
f 3189/3189/3189 3191/3191/3191 3192/3192/3192 
f 3193/3193/3193 3191/3191/3191 3188/3188/3188 
f 3191/3191/3191 3193/3193/3193 3194/3194/3194 
f 3188/3188/3188 3195/3195/3195 3196/3196/3196 
f 3195/3195/3195 3197/3197/3197 3196/3196/3196 
f 3198/3198/3198 3199/3199/3199 3197/3197/3197 
f 3199/3199/3199 3198/3198/3198 3200/3200/3200 
f 3201/3201/3201 3200/3200/3200 3198/3198/3198 
f 3202/3202/3202 3200/3200/3200 3201/3201/3201 
f 3199/3199/3199 3200/3200/3200 3203/3203/3203 
f 3202/3202/3202 3203/3203/3203 3200/3200/3200 
f 3203/3203/3203 3204/3204/3204 3199/3199/3199 
f 3202/3202/3202 3205/3205/3205 3203/3203/3203 
f 3206/3206/3206 3207/3207/3207 3208/3208/3208 
f 3206/3206/3206 3209/3209/3209 3207/3207/3207 
f 3210/3210/3210 3207/3207/3207 3209/3209/3209 
f 3206/3206/3206 3211/3211/3211 3209/3209/3209 
f 3210/3210/3210 3209/3209/3209 3211/3211/3211 
f 3211/3211/3211 3206/3206/3206 3212/3212/3212 
f 3210/3210/3210 3211/3211/3211 3213/3213/3213 
f 3214/3214/3214 3213/3213/3213 3211/3211/3211 
f 3214/3214/3214 3211/3211/3211 3212/3212/3212 
f 3215/3215/3215 3210/3210/3210 3213/3213/3213 
f 3214/3214/3214 3215/3215/3215 3213/3213/3213 
f 3207/3207/3207 3210/3210/3210 3216/3216/3216 
f 3217/3217/3217 3212/3212/3212 3206/3206/3206 
f 3217/3217/3217 3206/3206/3206 3208/3208/3208 
f 3218/3218/3218 3214/3214/3214 3212/3212/3212 
f 3212/3212/3212 3217/3217/3217 3219/3219/3219 
f 3218/3218/3218 3212/3212/3212 3219/3219/3219 
f 3207/3207/3207 3220/3220/3220 3208/3208/3208 
f 3220/3220/3220 3207/3207/3207 3216/3216/3216 
f 3217/3217/3217 3208/3208/3208 3221/3221/3221 
f 3222/3222/3222 3208/3208/3208 3220/3220/3220 
f 3208/3208/3208 3222/3222/3222 3221/3221/3221 
f 3221/3221/3221 3223/3223/3223 3217/3217/3217 
f 3219/3219/3219 3217/3217/3217 3223/3223/3223 
f 3222/3222/3222 3224/3224/3224 3221/3221/3221 
f 3223/3223/3223 3221/3221/3221 3224/3224/3224 
f 3220/3220/3220 3225/3225/3225 3222/3222/3222 
f 3216/3216/3216 3226/3226/3226 3220/3220/3220 
f 3225/3225/3225 3220/3220/3220 3226/3226/3226 
f 3226/3226/3226 3216/3216/3216 3227/3227/3227 
f 3216/3216/3216 3228/3228/3228 3227/3227/3227 
f 3228/3228/3228 3226/3226/3226 3227/3227/3227 
f 3228/3228/3228 3216/3216/3216 3210/3210/3210 
f 3210/3210/3210 3215/3215/3215 3228/3228/3228 
f 3226/3226/3226 3228/3228/3228 3229/3229/3229 
f 3215/3215/3215 3229/3229/3229 3228/3228/3228 
f 3229/3229/3229 3225/3225/3225 3226/3226/3226 
f 3230/3230/3230 3229/3229/3229 3215/3215/3215 
f 3215/3215/3215 3214/3214/3214 3230/3230/3230 
f 3218/3218/3218 3230/3230/3230 3214/3214/3214 
f 3231/3231/3231 3229/3229/3229 3230/3230/3230 
f 3230/3230/3230 3218/3218/3218 3231/3231/3231 
f 3225/3225/3225 3229/3229/3229 3232/3232/3232 
f 3229/3229/3229 3231/3231/3231 3232/3232/3232 
f 3232/3232/3232 3233/3233/3233 3225/3225/3225 
f 3233/3233/3233 3222/3222/3222 3225/3225/3225 
f 3234/3234/3234 3232/3232/3232 3231/3231/3231 
f 3218/3218/3218 3234/3234/3234 3231/3231/3231 
f 3233/3233/3233 3232/3232/3232 3235/3235/3235 
f 3232/3232/3232 3234/3234/3234 3235/3235/3235 
f 3222/3222/3222 3233/3233/3233 3236/3236/3236 
f 3224/3224/3224 3222/3222/3222 3236/3236/3236 
f 3235/3235/3235 3237/3237/3237 3233/3233/3233 
f 3237/3237/3237 3236/3236/3236 3233/3233/3233 
f 3237/3237/3237 3235/3235/3235 3238/3238/3238 
f 3236/3236/3236 3237/3237/3237 3239/3239/3239 
f 3236/3236/3236 3240/3240/3240 3224/3224/3224 
f 3240/3240/3240 3236/3236/3236 3239/3239/3239 
f 3223/3223/3223 3224/3224/3224 3240/3240/3240 
f 3239/3239/3239 3237/3237/3237 3241/3241/3241 
f 3237/3237/3237 3238/3238/3238 3241/3241/3241 
f 3240/3240/3240 3239/3239/3239 3241/3241/3241 
f 3242/3242/3242 3223/3223/3223 3240/3240/3240 
f 3242/3242/3242 3240/3240/3240 3241/3241/3241 
f 3238/3238/3238 3235/3235/3235 3243/3243/3243 
f 3238/3238/3238 3243/3243/3243 3241/3241/3241 
f 3234/3234/3234 3243/3243/3243 3235/3235/3235 
f 3244/3244/3244 3242/3242/3242 3241/3241/3241 
f 3244/3244/3244 3223/3223/3223 3242/3242/3242 
f 3243/3243/3243 3245/3245/3245 3241/3241/3241 
f 3245/3245/3245 3244/3244/3244 3241/3241/3241 
f 3246/3246/3246 3243/3243/3243 3234/3234/3234 
f 3243/3243/3243 3246/3246/3246 3245/3245/3245 
f 3234/3234/3234 3218/3218/3218 3246/3246/3246 
f 3219/3219/3219 3246/3246/3246 3218/3218/3218 
f 3223/3223/3223 3244/3244/3244 3247/3247/3247 
f 3223/3223/3223 3247/3247/3247 3219/3219/3219 
f 3245/3245/3245 3247/3247/3247 3244/3244/3244 
f 3246/3246/3246 3219/3219/3219 3247/3247/3247 
f 3247/3247/3247 3245/3245/3245 3246/3246/3246 
f 3248/3248/3248 3249/3249/3249 3250/3250/3250 
f 3249/3249/3249 3248/3248/3248 3251/3251/3251 
f 3252/3252/3252 3253/3253/3253 3254/3254/3254 
f 3253/3253/3253 3252/3252/3252 3255/3255/3255 
f 3256/3256/3256 3257/3257/3257 3258/3258/3258 
f 3257/3257/3257 3256/3256/3256 3259/3259/3259 
f 3259/3259/3259 3260/3260/3260 3257/3257/3257 
f 3260/3260/3260 3259/3259/3259 3261/3261/3261 
f 3260/3260/3260 3262/3262/3262 3257/3257/3257 
f 3262/3262/3262 3260/3260/3260 3263/3263/3263 
f 3257/3257/3257 3264/3264/3264 3265/3265/3265 
f 3265/3265/3265 3264/3264/3264 3266/3266/3266 
f 3267/3267/3267 3268/3268/3268 3266/3266/3266 
f 3268/3268/3268 3267/3267/3267 3269/3269/3269 
f 3270/3270/3270 3268/3268/3268 3269/3269/3269 
f 3271/3271/3271 3270/3270/3270 3269/3269/3269 
f 3267/3267/3267 3272/3272/3272 3269/3269/3269 
f 3269/3269/3269 3272/3272/3272 3271/3271/3271 
f 3272/3272/3272 3267/3267/3267 3273/3273/3273 
f 3271/3271/3271 3272/3272/3272 3274/3274/3274 
f 3275/3275/3275 3276/3276/3276 3277/3277/3277 
f 3276/3276/3276 3275/3275/3275 3278/3278/3278 
f 2091/2091/2091 3279/3279/3279 3280/3280/3280 
f 3280/3280/3280 3279/3279/3279 3281/3281/3281 
f 3282/3282/3282 3280/3280/3280 3283/3283/3283 
f 3280/3280/3280 3282/3282/3282 3284/3284/3284 
f 3285/3285/3285 3286/3286/3286 3287/3287/3287 
f 3285/3285/3285 3287/3287/3287 3288/3288/3288 
f 3289/3289/3289 3290/3290/3290 3291/3291/3291 
f 3291/3291/3291 3292/3292/3292 3289/3289/3289 
f 3293/3293/3293 3294/3294/3294 3295/3295/3295 
f 3294/3294/3294 3293/3293/3293 3296/3296/3296 
f 3297/3297/3297 3298/3298/3298 3299/3299/3299 
f 3297/3297/3297 3299/3299/3299 3300/3300/3300 
f 3301/3301/3301 3302/3302/3302 3303/3303/3303 
f 3303/3303/3303 3302/3302/3302 3304/3304/3304 
f 3304/3304/3304 3305/3305/3305 3303/3303/3303 
f 3305/3305/3305 3304/3304/3304 3306/3306/3306 
f 3307/3307/3307 3305/3305/3305 3306/3306/3306 
f 3305/3305/3305 3307/3307/3307 3308/3308/3308 
f 3307/3307/3307 3309/3309/3309 3308/3308/3308 
f 3309/3309/3309 3307/3307/3307 3310/3310/3310 
f 3311/3311/3311 3312/3312/3312 3313/3313/3313 
f 3311/3311/3311 3313/3313/3313 3314/3314/3314 
f 3315/3315/3315 3316/3316/3316 3317/3317/3317 
f 3316/3316/3316 3315/3315/3315 3318/3318/3318 
f 3317/3317/3317 3319/3319/3319 3320/3320/3320 
f 3321/3321/3321 3320/3320/3320 3319/3319/3319 
f 3322/3322/3322 3323/3323/3323 3321/3321/3321 
f 3323/3323/3323 3322/3322/3322 3324/3324/3324 
f 3325/3325/3325 3315/3315/3315 3326/3326/3326 
f 3315/3315/3315 3325/3325/3325 3327/3327/3327 
f 3328/3328/3328 3329/3329/3329 3330/3330/3330 
f 3329/3329/3329 3331/3331/3331 3330/3330/3330 
f 3329/3329/3329 3332/3332/3332 3331/3331/3331 
f 3332/3332/3332 3333/3333/3333 3331/3331/3331 
f 3332/3332/3332 3334/3334/3334 3333/3333/3333 
f 3334/3334/3334 3332/3332/3332 3335/3335/3335 
f 3335/3335/3335 3336/3336/3336 3334/3334/3334 
f 3336/3336/3336 3337/3337/3337 3334/3334/3334 
f 3338/3338/3338 3339/3339/3339 3340/3340/3340 
f 3339/3339/3339 3338/3338/3338 3341/3341/3341 
f 3053/3053/3053 3342/3342/3342 3343/3343/3343 
f 3342/3342/3342 3053/3053/3053 3344/3344/3344 
f 3342/3342/3342 3345/3345/3345 3343/3343/3343 
f 3345/3345/3345 3342/3342/3342 3346/3346/3346 
f 3345/3345/3345 3346/3346/3346 3347/3347/3347 
f 3347/3347/3347 3348/3348/3348 3345/3345/3345 
f 3347/3347/3347 3349/3349/3349 3348/3348/3348 
f 3349/3349/3349 3347/3347/3347 3350/3350/3350 
f 3351/3351/3351 3352/3352/3352 3343/3343/3343 
f 3352/3352/3352 3351/3351/3351 3353/3353/3353 
f 3354/3354/3354 3352/3352/3352 3353/3353/3353 
f 3352/3352/3352 3354/3354/3354 3355/3355/3355 
f 3356/3356/3356 3357/3357/3357 3358/3358/3358 
f 3357/3357/3357 3356/3356/3356 3359/3359/3359 
f 3356/3356/3356 3360/3360/3360 3361/3361/3361 
f 3356/3356/3356 3362/3362/3362 3360/3360/3360 
f 3363/3363/3363 3359/3359/3359 3364/3364/3364 
f 3364/3364/3364 3365/3365/3365 3363/3363/3363 
f 3366/3366/3366 3367/3367/3367 3365/3365/3365 
f 3367/3367/3367 3366/3366/3366 3368/3368/3368 
f 3369/3369/3369 3370/3370/3370 3371/3371/3371 
f 3370/3370/3370 3369/3369/3369 3372/3372/3372 
f 3370/3370/3370 3373/3373/3373 3371/3371/3371 
f 3371/3371/3371 3373/3373/3373 3374/3374/3374 
f 3369/3369/3369 3371/3371/3371 3375/3375/3375 
f 3371/3371/3371 3374/3374/3374 3375/3375/3375 
f 3375/3375/3375 3376/3376/3376 3369/3369/3369 
f 3377/3377/3377 3375/3375/3375 3374/3374/3374 
f 3378/3378/3378 3379/3379/3379 3380/3380/3380 
f 3378/3378/3378 3380/3380/3380 3381/3381/3381 
f 3382/3382/3382 3383/3383/3383 3384/3384/3384 
f 3383/3383/3383 3382/3382/3382 3385/3385/3385 
f 3383/3383/3383 3385/3385/3385 3386/3386/3386 
f 3385/3385/3385 3387/3387/3387 3386/3386/3386 
f 3382/3382/3382 3388/3388/3388 3385/3385/3385 
f 3388/3388/3388 3387/3387/3387 3385/3385/3385 
f 3388/3388/3388 3382/3382/3382 3389/3389/3389 
f 3388/3388/3388 3390/3390/3390 3387/3387/3387 
f 3391/3391/3391 3392/3392/3392 3393/3393/3393 
f 3392/3392/3392 3394/3394/3394 3393/3393/3393 
f 3393/3393/3393 3395/3395/3395 3391/3391/3391 
f 3395/3395/3395 3393/3393/3393 3396/3396/3396 
f 3397/3397/3397 3398/3398/3398 3396/3396/3396 
f 3398/3398/3398 3397/3397/3397 3394/3394/3394 
f 3395/3395/3395 3399/3399/3399 3400/3400/3400 
f 3399/3399/3399 3401/3401/3401 3400/3400/3400 
f 3399/3399/3399 3395/3395/3395 3402/3402/3402 
f 3401/3401/3401 3399/3399/3399 3403/3403/3403 
f 3404/3404/3404 3402/3402/3402 3405/3405/3405 
f 3405/3405/3405 3403/3403/3403 3404/3404/3404 
f 3406/3406/3406 2838/2838/2838 3398/3398/3398 
f 2834/2834/2834 3405/3405/3405 2838/2838/2838 
f 3407/3407/3407 3408/3408/3408 3406/3406/3406 
f 3408/3408/3408 2840/2840/2840 3406/3406/3406 
f 2838/2838/2838 3406/3406/3406 2840/2840/2840 
f 3409/3409/3409 3410/3410/3410 3411/3411/3411 
f 3410/3410/3410 3409/3409/3409 3412/3412/3412 
f 3410/3410/3410 3413/3413/3413 3411/3411/3411 
f 3414/3414/3414 3410/3410/3410 3412/3412/3412 
f 3413/3413/3413 3410/3410/3410 3415/3415/3415 
f 3414/3414/3414 3415/3415/3415 3410/3410/3410 
f 3415/3415/3415 3416/3416/3416 3413/3413/3413 
f 3416/3416/3416 3415/3415/3415 3417/3417/3417 
f 3414/3414/3414 3417/3417/3417 3415/3415/3415 
f 3417/3417/3417 3414/3414/3414 3418/3418/3418 
f 3419/3419/3419 3420/3420/3420 3421/3421/3421 
f 3422/3422/3422 3421/3421/3421 3420/3420/3420 
f 3420/3420/3420 3423/3423/3423 3424/3424/3424 
f 3423/3423/3423 3420/3420/3420 3425/3425/3425 
f 3426/3426/3426 3427/3427/3427 3422/3422/3422 
f 3427/3427/3427 3426/3426/3426 3428/3428/3428 
f 3428/3428/3428 3429/3429/3429 3430/3430/3430 
f 3431/3431/3431 3430/3430/3430 3429/3429/3429 
f 3432/3432/3432 3433/3433/3433 3434/3434/3434 
f 3432/3432/3432 3434/3434/3434 3435/3435/3435 
f 3436/3436/3436 3434/3434/3434 3433/3433/3433 
f 3434/3434/3434 3437/3437/3437 3435/3435/3435 
f 3434/3434/3434 3436/3436/3436 3438/3438/3438 
f 3437/3437/3437 3434/3434/3434 3438/3438/3438 
f 3439/3439/3439 3438/3438/3438 3436/3436/3436 
f 3438/3438/3438 3439/3439/3439 3440/3440/3440 
f 3440/3440/3440 3437/3437/3437 3438/3438/3438 
f 3437/3437/3437 3440/3440/3440 3441/3441/3441 
f 3442/3442/3442 3443/3443/3443 3444/3444/3444 
f 3444/3444/3444 3445/3445/3445 3442/3442/3442 
f 3446/3446/3446 3447/3447/3447 3445/3445/3445 
f 3447/3447/3447 3446/3446/3446 3448/3448/3448 
f 3449/3449/3449 3448/3448/3448 3450/3450/3450 
f 3450/3450/3450 3451/3451/3451 3449/3449/3449 
f 3452/3452/3452 3442/3442/3442 3453/3453/3453 
f 3442/3442/3442 3452/3452/3452 3454/3454/3454 
f 3455/3455/3455 3456/3456/3456 3457/3457/3457 
f 2661/2661/2661 3457/3457/3457 3456/3456/3456 
f 3456/3456/3456 3455/3455/3455 3458/3458/3458 
f 2661/2661/2661 3456/3456/3456 3459/3459/3459 
f 3460/3460/3460 3456/3456/3456 3458/3458/3458 
f 3456/3456/3456 3460/3460/3460 3459/3459/3459 
f 3461/3461/3461 3462/3462/3462 3463/3463/3463 
f 3462/3462/3462 3464/3464/3464 3463/3463/3463 
f 3462/3462/3462 3465/3465/3465 3464/3464/3464 
f 3465/3465/3465 3462/3462/3462 3466/3466/3466 
f 3467/3467/3467 3468/3468/3468 2618/2618/2618 
f 3467/3467/3467 3469/3469/3469 3468/3468/3468 
f 3470/3470/3470 3471/3471/3471 3469/3469/3469 
f 3471/3471/3471 3470/3470/3470 3472/3472/3472 
f 3473/3473/3473 3474/3474/3474 3472/3472/3472 
f 3474/3474/3474 3473/3473/3473 3475/3475/3475 
f 3476/3476/3476 3477/3477/3477 3472/3472/3472 
f 3476/3476/3476 3478/3478/3478 3477/3477/3477 
f 3479/3479/3479 3475/3475/3475 3480/3480/3480 
f 3481/3481/3481 3479/3479/3479 3480/3480/3480 
f 3481/3481/3481 3482/3482/3482 3483/3483/3483 
f 3483/3483/3483 3482/3482/3482 3484/3484/3484 
f 3485/3485/3485 3486/3486/3486 3481/3481/3481 
f 3486/3486/3486 3485/3485/3485 3478/3478/3478 
f 3487/3487/3487 3488/3488/3488 3484/3484/3484 
f 3488/3488/3488 3487/3487/3487 3489/3489/3489 
f 3490/3490/3490 3491/3491/3491 3478/3478/3478 
f 3491/3491/3491 3490/3490/3490 3492/3492/3492 
f 3491/3491/3491 3493/3493/3493 3494/3494/3494 
f 3491/3491/3491 3495/3495/3495 3493/3493/3493 
f 3496/3496/3496 3497/3497/3497 3498/3498/3498 
f 3497/3497/3497 3496/3496/3496 3499/3499/3499 
f 3500/3500/3500 3497/3497/3497 3499/3499/3499 
f 3500/3500/3500 3501/3501/3501 3497/3497/3497 
f 3502/3502/3502 3501/3501/3501 3500/3500/3500 
f 3502/3502/3502 3503/3503/3503 3501/3501/3501 
f 3504/3504/3504 3505/3505/3505 3506/3506/3506 
f 3504/3504/3504 3506/3506/3506 3507/3507/3507 
f 3506/3506/3506 3508/3508/3508 3507/3507/3507 
f 3508/3508/3508 3506/3506/3506 3509/3509/3509 
f 3509/3509/3509 3510/3510/3510 3508/3508/3508 
f 3510/3510/3510 3509/3509/3509 3511/3511/3511 
f 3512/3512/3512 3513/3513/3513 3514/3514/3514 
f 3513/3513/3513 3512/3512/3512 3515/3515/3515 
f 3513/3513/3513 3516/3516/3516 3514/3514/3514 
f 3516/3516/3516 3513/3513/3513 3517/3517/3517 
f 3518/3518/3518 3519/3519/3519 3520/3520/3520 
f 3519/3519/3519 3521/3521/3521 3520/3520/3520 
f 3521/3521/3521 3519/3519/3519 3522/3522/3522 
f 3519/3519/3519 3523/3523/3523 3522/3522/3522 
f 3519/3519/3519 3518/3518/3518 3524/3524/3524 
f 3523/3523/3523 3519/3519/3519 3524/3524/3524 
f 3518/3518/3518 3525/3525/3525 3524/3524/3524 
f 3523/3523/3523 3524/3524/3524 3525/3525/3525 
f 3525/3525/3525 3518/3518/3518 3526/3526/3526 
f 3523/3523/3523 3525/3525/3525 3527/3527/3527 
f 3528/3528/3528 3525/3525/3525 3526/3526/3526 
f 3525/3525/3525 3528/3528/3528 3527/3527/3527 
f 3529/3529/3529 3530/3530/3530 3531/3531/3531 
f 3530/3530/3530 3532/3532/3532 3531/3531/3531 
f 3533/3533/3533 3534/3534/3534 3535/3535/3535 
f 3534/3534/3534 3533/3533/3533 3536/3536/3536 
f 3537/3537/3537 3534/3534/3534 3536/3536/3536 
f 3534/3534/3534 3537/3537/3537 3538/3538/3538 
f 3539/3539/3539 3540/3540/3540 3541/3541/3541 
f 3541/3541/3541 3540/3540/3540 3542/3542/3542 
f 3543/3543/3543 3542/3542/3542 3540/3540/3540 
f 3542/3542/3542 3543/3543/3543 3544/3544/3544 
f 3545/3545/3545 3543/3543/3543 3540/3540/3540 
f 3540/3540/3540 3539/3539/3539 3545/3545/3545 
f 3543/3543/3543 3545/3545/3545 3546/3546/3546 
f 3545/3545/3545 3547/3547/3547 3546/3546/3546 
f 3548/3548/3548 3542/3542/3542 3544/3544/3544 
f 3541/3541/3541 3542/3542/3542 3548/3548/3548 
f 3544/3544/3544 3549/3549/3549 3548/3548/3548 
f 3550/3550/3550 3548/3548/3548 3549/3549/3549 
f 3548/3548/3548 3550/3550/3550 3541/3541/3541 
f 3550/3550/3550 3539/3539/3539 3541/3541/3541 
f 3539/3539/3539 3550/3550/3550 3551/3551/3551 
f 3547/3547/3547 3539/3539/3539 3551/3551/3551 
f 3545/3545/3545 3539/3539/3539 3552/3552/3552 
f 3539/3539/3539 3547/3547/3547 3552/3552/3552 
f 3547/3547/3547 3545/3545/3545 3552/3552/3552 
f 3553/3553/3553 3554/3554/3554 3555/3555/3555 
f 3556/3556/3556 3555/3555/3555 3554/3554/3554 
f 3555/3555/3555 3556/3556/3556 3557/3557/3557 
f 3558/3558/3558 3555/3555/3555 3557/3557/3557 
f 3555/3555/3555 3558/3558/3558 3553/3553/3553 
f 3558/3558/3558 3559/3559/3559 3553/3553/3553 
f 3559/3559/3559 3558/3558/3558 3560/3560/3560 
f 3561/3561/3561 3553/3553/3553 3559/3559/3559 
f 3560/3560/3560 3561/3561/3561 3559/3559/3559 
f 3554/3554/3554 3553/3553/3553 3561/3561/3561 
f 3561/3561/3561 3560/3560/3560 3562/3562/3562 
f 3563/3563/3563 3561/3561/3561 3562/3562/3562 
f 3564/3564/3564 3556/3556/3556 3554/3554/3554 
f 3561/3561/3561 3564/3564/3564 3554/3554/3554 
f 3565/3565/3565 3556/3556/3556 3564/3564/3564 
f 3564/3564/3564 3563/3563/3563 3565/3565/3565 
f 3566/3566/3566 3561/3561/3561 3563/3563/3563 
f 3564/3564/3564 3561/3561/3561 3566/3566/3566 
f 3563/3563/3563 3564/3564/3564 3566/3566/3566 
f 3567/3567/3567 3568/3568/3568 3478/3478/3478 
f 3568/3568/3568 3567/3567/3567 3569/3569/3569 
f 3567/3567/3567 3570/3570/3570 3495/3495/3495 
f 3570/3570/3570 3567/3567/3567 3571/3571/3571 
f 3572/3572/3572 3573/3573/3573 3574/3574/3574 
f 3574/3574/3574 3575/3575/3575 3572/3572/3572 
f 3576/3576/3576 3577/3577/3577 3578/3578/3578 
f 3578/3578/3578 3579/3579/3579 3576/3576/3576 
f 3580/3580/3580 3578/3578/3578 3577/3577/3577 
f 3578/3578/3578 3580/3580/3580 3581/3581/3581 
f 3582/3582/3582 3583/3583/3583 3584/3584/3584 
f 3585/3585/3585 3584/3584/3584 3583/3583/3583 
f 3584/3584/3584 3585/3585/3585 3586/3586/3586 
f 3587/3587/3587 3584/3584/3584 3586/3586/3586 
f 3582/3582/3582 3584/3584/3584 3588/3588/3588 
f 3584/3584/3584 3587/3587/3587 3588/3588/3588 
f 3589/3589/3589 3582/3582/3582 3588/3588/3588 
f 3587/3587/3587 3589/3589/3589 3588/3588/3588 
f 3582/3582/3582 3589/3589/3589 3590/3590/3590 
f 3589/3589/3589 3587/3587/3587 3591/3591/3591 
f 3592/3592/3592 3590/3590/3590 3589/3589/3589 
f 3589/3589/3589 3591/3591/3591 3592/3592/3592 
f 3593/3593/3593 3594/3594/3594 3595/3595/3595 
f 3594/3594/3594 3593/3593/3593 3596/3596/3596 
f 3597/3597/3597 3598/3598/3598 3599/3599/3599 
f 3598/3598/3598 3597/3597/3597 3600/3600/3600 
f 3601/3601/3601 3602/3602/3602 3603/3603/3603 
f 3602/3602/3602 3601/3601/3601 3604/3604/3604 
f 3605/3605/3605 3606/3606/3606 3607/3607/3607 
f 3608/3608/3608 3607/3607/3607 3606/3606/3606 
f 3607/3607/3607 3608/3608/3608 3609/3609/3609 
f 3609/3609/3609 3610/3610/3610 3607/3607/3607 
f 3607/3607/3607 3610/3610/3610 3611/3611/3611 
f 3605/3605/3605 3607/3607/3607 3611/3611/3611 
f 3610/3610/3610 3605/3605/3605 3611/3611/3611 
f 3605/3605/3605 3610/3610/3610 3612/3612/3612 
f 3612/3612/3612 3613/3613/3613 3605/3605/3605 
f 3614/3614/3614 3608/3608/3608 3606/3606/3606 
f 3614/3614/3614 3615/3615/3615 3608/3608/3608 
f 3606/3606/3606 3605/3605/3605 3616/3616/3616 
f 3616/3616/3616 3614/3614/3614 3606/3606/3606 
f 3605/3605/3605 3613/3613/3613 3616/3616/3616 
f 3617/3617/3617 3615/3615/3615 3614/3614/3614 
f 3614/3614/3614 3616/3616/3616 3617/3617/3617 
f 3613/3613/3613 3617/3617/3617 3616/3616/3616 
f 3615/3615/3615 3617/3617/3617 3618/3618/3618 
f 3617/3617/3617 3613/3613/3613 3618/3618/3618 
f 3619/3619/3619 3620/3620/3620 3621/3621/3621 
f 3619/3619/3619 3621/3621/3621 3622/3622/3622 
f 3622/3622/3622 3623/3623/3623 3619/3619/3619 
f 3623/3623/3623 3622/3622/3622 3624/3624/3624 
f 3621/3621/3621 3624/3624/3624 3622/3622/3622 
f 3624/3624/3624 3621/3621/3621 3625/3625/3625 
f 3626/3626/3626 3625/3625/3625 3621/3621/3621 
f 3627/3627/3627 3626/3626/3626 3621/3621/3621 
f 3621/3621/3621 3620/3620/3620 3627/3627/3627 
f 3620/3620/3620 3626/3626/3626 3627/3627/3627 
f 3626/3626/3626 3620/3620/3620 3628/3628/3628 
f 3620/3620/3620 3629/3629/3629 3628/3628/3628 
f 3630/3630/3630 3619/3619/3619 3623/3623/3623 
f 3620/3620/3620 3619/3619/3619 3630/3630/3630 
f 3623/3623/3623 3631/3631/3631 3630/3630/3630 
f 3629/3629/3629 3630/3630/3630 3631/3631/3631 
f 3620/3620/3620 3630/3630/3630 3632/3632/3632 
f 3630/3630/3630 3629/3629/3629 3632/3632/3632 
f 3629/3629/3629 3620/3620/3620 3632/3632/3632 
f 3633/3633/3633 3634/3634/3634 3635/3635/3635 
f 3634/3634/3634 3633/3633/3633 3636/3636/3636 
f 3637/3637/3637 3638/3638/3638 3639/3639/3639 
f 3640/3640/3640 3638/3638/3638 3637/3637/3637 
f 3638/3638/3638 3641/3641/3641 3639/3639/3639 
f 3641/3641/3641 3638/3638/3638 3642/3642/3642 
f 3643/3643/3643 3644/3644/3644 3645/3645/3645 
f 3644/3644/3644 3643/3643/3643 3646/3646/3646 
f 3647/3647/3647 3648/3648/3648 3649/3649/3649 
f 3648/3648/3648 3647/3647/3647 3650/3650/3650 
f 3651/3651/3651 3652/3652/3652 3653/3653/3653 
f 3651/3651/3651 3653/3653/3653 3654/3654/3654 
f 3655/3655/3655 3651/3651/3651 3654/3654/3654 
f 3651/3651/3651 3655/3655/3655 3656/3656/3656 
f 3657/3657/3657 3658/3658/3658 3659/3659/3659 
f 3658/3658/3658 3657/3657/3657 3660/3660/3660 
f 3660/3660/3660 3661/3661/3661 3658/3658/3658 
f 3661/3661/3661 3660/3660/3660 3662/3662/3662 
f 3662/3662/3662 3663/3663/3663 3661/3661/3661 
f 3661/3661/3661 3664/3664/3664 3658/3658/3658 
f 3664/3664/3664 3659/3659/3659 3658/3658/3658 
f 3665/3665/3665 3661/3661/3661 3663/3663/3663 
f 3663/3663/3663 3666/3666/3666 3665/3665/3665 
f 3664/3664/3664 3661/3661/3661 3667/3667/3667 
f 3659/3659/3659 3664/3664/3664 3668/3668/3668 
f 3669/3669/3669 3661/3661/3661 3665/3665/3665 
f 3661/3661/3661 3669/3669/3669 3667/3667/3667 
f 3670/3670/3670 3664/3664/3664 3667/3667/3667 
f 3664/3664/3664 3670/3670/3670 3668/3668/3668 
f 3669/3669/3669 3670/3670/3670 3667/3667/3667 
f 3671/3671/3671 3659/3659/3659 3668/3668/3668 
f 3670/3670/3670 3671/3671/3671 3668/3668/3668 
f 3670/3670/3670 3669/3669/3669 3672/3672/3672 
f 3659/3659/3659 3671/3671/3671 3673/3673/3673 
f 3673/3673/3673 3657/3657/3657 3659/3659/3659 
f 3657/3657/3657 3673/3673/3673 3674/3674/3674 
f 3675/3675/3675 3674/3674/3674 3673/3673/3673 
f 3671/3671/3671 3675/3675/3675 3673/3673/3673 
f 3674/3674/3674 3675/3675/3675 3676/3676/3676 
f 3671/3671/3671 3670/3670/3670 3677/3677/3677 
f 3675/3675/3675 3671/3671/3671 3677/3677/3677 
f 3675/3675/3675 3678/3678/3678 3676/3676/3676 
f 3670/3670/3670 3679/3679/3679 3677/3677/3677 
f 3679/3679/3679 3675/3675/3675 3677/3677/3677 
f 3679/3679/3679 3670/3670/3670 3672/3672/3672 
f 3678/3678/3678 3675/3675/3675 3680/3680/3680 
f 3680/3680/3680 3675/3675/3675 3679/3679/3679 
f 3680/3680/3680 3666/3666/3666 3678/3678/3678 
f 3681/3681/3681 3679/3679/3679 3672/3672/3672 
f 3679/3679/3679 3681/3681/3681 3680/3680/3680 
f 3666/3666/3666 3680/3680/3680 3681/3681/3681 
f 3672/3672/3672 3669/3669/3669 3681/3681/3681 
f 3681/3681/3681 3665/3665/3665 3666/3666/3666 
f 3665/3665/3665 3681/3681/3681 3669/3669/3669 
f 3682/3682/3682 3683/3683/3683 3684/3684/3684 
f 3683/3683/3683 3682/3682/3682 3685/3685/3685 
f 3686/3686/3686 3684/3684/3684 3683/3683/3683 
f 3685/3685/3685 3682/3682/3682 3686/3686/3686 
f 3684/3684/3684 3686/3686/3686 3687/3687/3687 
f 3686/3686/3686 3682/3682/3682 3687/3687/3687 
f 3686/3686/3686 3688/3688/3688 3685/3685/3685 
f 3683/3683/3683 3685/3685/3685 3688/3688/3688 
f 3689/3689/3689 3686/3686/3686 3683/3683/3683 
f 3689/3689/3689 3683/3683/3683 3688/3688/3688 
f 3686/3686/3686 3689/3689/3689 3690/3690/3690 
f 3688/3688/3688 3686/3686/3686 3690/3690/3690 
f 3689/3689/3689 3691/3691/3691 3690/3690/3690 
f 3688/3688/3688 3690/3690/3690 3691/3691/3691 
f 3688/3688/3688 3692/3692/3692 3689/3689/3689 
f 3691/3691/3691 3689/3689/3689 3692/3692/3692 
f 3692/3692/3692 3688/3688/3688 3693/3693/3693 
f 3693/3693/3693 3688/3688/3688 3691/3691/3691 
f 3693/3693/3693 3694/3694/3694 3692/3692/3692 
f 3691/3691/3691 3695/3695/3695 3693/3693/3693 
f 3694/3694/3694 3693/3693/3693 3695/3695/3695 
f 3692/3692/3692 3696/3696/3696 3691/3691/3691 
f 3695/3695/3695 3691/3691/3691 3696/3696/3696 
f 3696/3696/3696 3692/3692/3692 3694/3694/3694 
f 3696/3696/3696 3697/3697/3697 3695/3695/3695 
f 3697/3697/3697 3694/3694/3694 3695/3695/3695 
f 3694/3694/3694 3698/3698/3698 3696/3696/3696 
f 3697/3697/3697 3696/3696/3696 3698/3698/3698 
f 3698/3698/3698 3694/3694/3694 3699/3699/3699 
f 3697/3697/3697 3699/3699/3699 3694/3694/3694 
f 3699/3699/3699 3700/3700/3700 3698/3698/3698 
f 3698/3698/3698 3701/3701/3701 3697/3697/3697 
f 3701/3701/3701 3698/3698/3698 3700/3700/3700 
f 3697/3697/3697 3702/3702/3702 3699/3699/3699 
f 3702/3702/3702 3697/3697/3697 3701/3701/3701 
f 3700/3700/3700 3699/3699/3699 3702/3702/3702 
f 3700/3700/3700 3702/3702/3702 3701/3701/3701 

