# Blender 4.0.2
# www.blender.org
mtllib yuuri.mtl
o yuuri
v -6.792385 22.210382 0.044292
v -7.590183 21.275736 -1.168211
v -8.433589 21.012712 -0.052531
v -8.433589 21.012712 -0.052531
v -7.721989 21.729063 2.092367
v -9.134287 20.570566 1.706761
v -8.954913 20.064081 3.967510
v -7.721989 21.729063 2.092367
v -7.416413 21.113428 4.692830
v 7.513926 21.275736 -1.168211
v 7.064803 22.076042 0.609829
v 8.357052 21.012712 -0.052531
v 5.857044 22.417444 -0.836055
v 0.721888 22.865168 -2.735819
v -0.796464 19.856993 10.006239
v 2.332589 19.938147 9.665967
v 4.964388 20.273945 8.238834
v -2.160086 22.823189 -2.560648
v 3.496127 22.730854 -2.165245
v -3.797086 20.075262 9.078604
v 6.354870 20.646116 6.671506
v -6.092247 20.525787 7.179117
v 7.339876 21.113428 4.692830
v -4.846726 22.593737 -1.582641
v 5.857044 22.417444 -0.836055
v 7.064803 22.076042 0.609829
v 7.645438 21.729063 2.092367
v -7.416413 21.113428 4.692830
v -6.792385 22.210382 0.044292
v -7.721989 21.729063 2.092367
v -7.590183 21.275736 -1.168211
v -4.846726 22.593737 -1.582641
v -5.817454 21.614336 -2.588349
v -6.792385 22.210382 0.044292
v 6.381450 21.502413 -2.143979
v 5.857044 22.417444 -0.836055
v 7.513926 21.275736 -1.168211
v -7.416413 21.113428 4.692830
v -8.954913 20.064081 3.967510
v -8.437511 19.672319 5.627180
v -7.416413 21.113428 4.692830
v -7.597456 19.311329 7.156730
v -6.092247 20.525787 7.179117
v -8.437511 19.672319 5.627180
v 3.496127 22.730854 -2.165245
v 6.381450 21.502413 -2.143979
v 4.248024 21.779446 -3.292683
v 5.857044 22.417444 -0.836055
v 8.878375 20.064081 3.967510
v 7.339876 21.113428 4.692830
v 8.360974 19.672319 5.627180
v 7.339876 21.113428 4.692830
v 6.354870 20.646116 6.671506
v 8.360974 19.672319 5.627180
v 7.520918 19.311329 7.156730
v -4.846726 22.593737 -1.582641
v -2.160086 22.823189 -2.560648
v -2.663490 21.891371 -3.776786
v -5.817454 21.614336 -2.588349
v -6.092247 20.525787 7.179117
v -5.089335 18.734898 9.597691
v -3.797086 20.075262 9.078604
v -6.466941 18.995119 8.497398
v 6.354870 20.646116 6.671506
v 6.390404 18.995119 8.497398
v 7.520918 19.311329 7.156730
v 4.964388 20.273945 8.238834
v -6.092247 20.525787 7.179117
v -7.597456 19.311329 7.156730
v -6.466941 18.995119 8.497398
v 3.440993 18.538990 10.415354
v 4.964388 20.273945 8.238834
v 2.332589 19.938147 9.665967
v 5.012798 18.734898 9.597691
v 0.721888 22.865168 -2.735819
v 3.496127 22.730854 -2.165245
v 0.858163 21.978102 -3.987501
v 4.248024 21.779446 -3.292683
v -2.160086 22.823189 -2.560648
v 0.721888 22.865168 -2.735819
v 0.858163 21.978102 -3.987501
v -2.663490 21.891371 -3.776786
v -0.038135 18.382286 11.088905
v 2.332589 19.938147 9.665967
v -0.796464 19.856993 10.006239
v 1.735434 18.421463 10.919047
v 6.390404 18.995119 8.497398
v 4.964388 20.273945 8.238834
v 5.012798 18.734898 9.597691
v -3.797086 20.075262 9.078604
v -5.089335 18.734898 9.597691
v -3.517530 18.538990 10.415354
v 3.440993 18.538990 10.415354
v 2.332589 19.938147 9.665967
v 1.735434 18.421463 10.919047
v 10.890911 16.160461 1.145144
v 8.878375 20.064081 3.967510
v 10.681033 15.667958 3.223162
v 9.057750 20.570566 1.706761
v 8.357052 21.012712 -0.052531
v 7.645438 21.729063 2.092367
v 7.064803 22.076042 0.609829
v 8.878375 20.064081 3.967510
v 7.645438 21.729063 2.092367
v 7.339876 21.113428 4.692830
v -16.119123 9.136716 -2.888886
v -12.042841 13.801493 -3.139615
v -15.181968 9.648807 -5.066522
v -12.794738 13.392920 -1.406345
v -13.661654 10.121720 -7.071225
v -15.181968 9.648807 -5.066522
v -12.042841 13.801493 -3.139615
v -10.829772 14.176440 -4.730167
v -16.436174 8.660999 -0.873549
v -12.794738 13.392920 -1.406345
v -16.119123 9.136716 -2.888886
v -13.049382 13.029154 0.137756
v -12.805933 12.447091 2.598861
v -16.436174 8.660999 -0.873549
v -16.120525 7.922259 2.242077
v 16.042585 9.136716 -2.888886
v 11.966304 13.801493 -3.139615
v 12.718481 13.392920 -1.406345
v 15.105431 9.648807 -5.066522
v 13.585117 10.121720 -7.071225
v 11.966304 13.801493 -3.139615
v 10.753234 14.176440 -4.730167
v 11.542919 10.533069 -8.825200
v 10.753234 14.176440 -4.730167
v 9.128817 14.506661 -6.118124
v 12.729396 12.447091 2.598861
v 16.043980 7.922259 2.242077
v 16.359631 8.660999 -0.873549
v 12.972845 13.029154 0.137756
v 16.359631 8.660999 -0.873549
v 12.718481 13.392920 -1.406345
v 16.042585 9.136716 -2.888886
v -10.829772 14.176440 -4.730167
v -11.619177 10.533069 -8.825200
v -13.661654 10.121720 -7.071225
v -9.205367 14.506661 -6.118124
v -7.615922 13.935805 -7.921909
v -9.205367 14.506661 -6.118124
v -7.255506 14.766882 -7.229610
v -11.619177 10.533069 -8.825200
v -7.615922 13.935805 -7.921909
v -9.082235 10.882851 -10.275280
v -9.205367 14.506661 -6.118124
v -15.187291 7.214289 5.235701
v -12.071383 11.884643 4.976576
v -16.120525 7.922259 2.242077
v -12.805933 12.447091 2.598861
v 7.539385 13.935805 -7.921909
v 11.542919 10.533069 -8.825200
v 9.005978 10.882851 -10.275280
v 9.128817 14.506661 -6.118124
v 11.994845 11.884643 4.976576
v 15.110747 7.214289 5.235701
v 16.043980 7.922259 2.242077
v 12.729396 12.447091 2.598861
v -12.497008 12.959181 0.248008
v -10.755342 16.471067 -0.168938
v -12.290214 13.292177 -1.165972
v -10.967168 16.160461 1.145144
v 9.128817 14.506661 -6.118124
v 7.539385 13.935805 -7.921909
v 5.942962 14.895618 -7.783953
v 7.539385 13.935805 -7.921909
v 4.198774 14.128884 -9.123220
v -12.290214 13.292177 -1.165972
v -10.129913 16.812443 -1.624336
v -11.588954 13.697948 -2.841034
v -10.755342 16.471067 -0.168938
v -10.755342 16.471067 -0.168938
v -8.433589 21.012712 -0.052531
v -9.134287 20.570566 1.706761
v 5.942962 14.895618 -7.783953
v 4.198774 14.128884 -9.123220
v 1.248523 15.122269 -8.759440
v -11.588954 13.697948 -2.841034
v -9.116100 17.128653 -2.964160
v -10.450607 14.058912 -4.371985
v -10.129913 16.812443 -1.624336
v -4.275311 14.128884 -9.123220
v -7.255506 14.766882 -7.229610
v -3.537959 15.057927 -8.473176
v -7.615922 13.935805 -7.921909
v -12.071383 11.884643 4.976576
v -15.187291 7.214289 5.235701
v -10.874552 11.366949 7.168486
v -13.672009 6.562280 7.994266
v 12.420458 12.959181 0.248008
v 10.678805 16.471067 -0.168938
v 10.890911 16.160461 1.145144
v 12.213662 13.292177 -1.165972
v 0.050291 15.388124 9.852895
v 3.784904 17.173433 7.995943
v 0.050291 17.173433 8.508030
v 3.777632 15.242600 9.498069
v -3.684309 17.173433 7.995943
v 0.050291 15.388124 9.852895
v 0.050291 17.173433 8.508030
v -3.677317 15.242600 9.498069
v 12.213662 13.292177 -1.165972
v 10.053376 16.812443 -1.624336
v 10.678805 16.471067 -0.168938
v 11.512417 13.697948 -2.841034
v 8.357052 21.012712 -0.052531
v 10.678805 16.471067 -0.168938
v 9.057750 20.570566 1.706761
v 11.512417 13.697948 -2.841034
v 9.039563 17.128653 -2.964160
v 10.053376 16.812443 -1.624336
v 10.374351 14.058912 -4.371985
v 10.798015 11.366949 7.168486
v 13.595471 6.562280 7.994266
v 15.110747 7.214289 5.235701
v 11.994845 11.884643 4.976576
v -9.090347 17.173433 2.557726
v -9.635463 17.173433 -0.883904
v -10.181126 15.550430 2.135743
v -10.641444 15.284577 -0.950223
v 6.844010 17.176235 6.185442
v 2.552260 17.162252 -5.439816
v 3.784904 17.173433 7.995943
v 0.050291 17.173433 8.508030
v 9.190663 17.173433 2.557726
v 6.770142 17.173433 -4.424595
v 8.660105 17.173433 -3.007812
v 9.736058 17.173433 -0.883904
v -2.305875 17.173433 -5.423307
v -3.684309 17.173433 7.995943
v -6.743415 17.176235 6.185442
v -9.090347 17.173433 2.557726
v -6.669547 17.173433 -4.424595
v -8.559790 17.173433 -3.007812
v -9.635463 17.173433 -0.883904
v -10.450607 14.058912 -4.371985
v -7.754440 17.402885 -4.135808
v -8.915457 14.372347 -5.714051
v -9.116100 17.128653 -2.964160
v -10.874552 11.366949 7.168486
v -11.632613 5.991426 10.412275
v -9.261609 10.913649 9.090918
v -13.672009 6.562280 7.994266
v -6.294852 -10.831961 -8.988340
v -6.772237 -10.300282 -9.197654
v -5.994867 -10.367453 -9.564508
v 6.872832 -10.300282 -9.197654
v 6.395448 -10.831961 -8.988340
v 6.095463 -10.367453 -9.564229
v -0.038135 14.238006 -9.549119
v -4.275311 14.128884 -9.123220
v -3.537959 15.057927 -8.473176
v 1.248523 15.122269 -8.759440
v 6.872832 -10.300282 -9.197654
v 7.258161 -10.484981 -8.465339
v 6.395448 -10.831961 -8.988340
v -10.129913 16.812443 -1.624336
v -7.590183 21.275736 -1.168211
v -9.116100 17.128653 -2.964160
v -8.433589 21.012712 -0.052531
v -6.294852 -10.831961 -8.988340
v -7.157846 -10.484981 -8.465339
v -6.772237 -10.300282 -9.197654
v 10.374351 14.058912 -4.371985
v 7.677902 17.402885 -4.135808
v 9.039563 17.128653 -2.964160
v 8.838920 14.372347 -5.714051
v 11.556063 5.991426 10.412275
v 10.798015 11.366949 7.168486
v 9.185072 10.913649 9.090918
v 13.595471 6.562280 7.994266
v 9.190663 17.173433 2.557726
v 6.844010 17.176235 6.185442
v 9.067264 15.388123 5.008197
v 7.209751 15.600789 7.185836
v 9.197655 13.518854 6.125838
v 9.067264 15.388123 5.008197
v -6.743415 17.176235 6.185442
v -9.090347 17.173433 2.557726
v -8.966668 15.388123 5.008197
v -7.109156 15.600789 7.185836
v -8.966668 15.388123 5.008197
v -9.097073 13.518854 6.125838
v 10.053376 16.812443 -1.624336
v 7.513926 21.275736 -1.168211
v 8.357052 21.012712 -0.052531
v 9.039563 17.128653 -2.964160
v 10.678805 16.471067 -0.168938
v 9.057750 20.570566 1.706761
v 10.890911 16.160461 1.145144
v 7.258161 -10.484981 -8.465339
v 6.830294 -11.114599 -7.766321
v 6.395448 -10.831961 -8.988340
v -6.729712 -11.114599 -7.766321
v -7.157846 -10.484981 -8.465339
v -6.294852 -10.831961 -8.988340
v -9.134287 20.570566 1.706761
v -10.755342 16.471067 -0.168938
v -10.967168 16.160461 1.145144
v -10.967168 16.160461 1.145144
v -8.954913 20.064081 3.967510
v -10.757585 15.667958 3.223162
v -9.261609 10.913649 9.090918
v -9.147711 5.521313 12.396549
v -7.294121 10.538674 10.670278
v -11.632613 5.991426 10.412275
v -5.884064 -11.302073 -8.221045
v -6.729712 -11.114599 -7.766321
v -6.294852 -10.831961 -8.988340
v 6.395448 -10.831961 -8.988340
v 6.830294 -11.114599 -7.766321
v 5.984646 -11.302073 -8.221325
v -10.967168 16.160461 1.145144
v -12.285729 12.430305 2.530022
v -10.757585 15.667958 3.223162
v -12.497008 12.959181 0.248008
v -12.285729 12.430305 2.530022
v -10.135798 15.195044 5.218351
v -11.592317 11.890246 4.810915
v 9.071454 5.521313 12.396549
v 9.185072 10.913649 9.090918
v 7.217584 10.538674 10.670278
v 11.556063 5.991426 10.412275
v -8.915457 14.372347 -5.714051
v -7.754440 17.402885 -4.135808
v -7.041718 14.632568 -6.817698
v -6.098131 17.626760 -5.095628
v 12.209192 12.430305 2.530022
v 10.059260 15.195044 5.218351
v 11.516047 11.890246 4.810915
v 10.681033 15.667958 3.223162
v 12.209192 12.430305 2.530022
v 10.890911 16.160461 1.145144
v 12.420458 12.959181 0.248008
v -9.116100 17.128653 -2.964160
v -7.590183 21.275736 -1.168211
v -7.754440 17.402885 -4.135808
v -5.817454 21.614336 -2.588349
v 6.965181 14.632568 -6.817698
v 7.677902 17.402885 -4.135808
v 8.838920 14.372347 -5.714051
v 6.021874 17.626760 -5.095628
v 1.248523 15.122269 -8.759440
v 4.198774 14.128884 -9.123220
v -0.038135 14.238006 -9.549119
v 6.095463 -10.367453 -9.564229
v 6.395448 -10.831961 -8.988340
v 5.445695 -10.605285 -9.380100
v -5.994867 -10.367453 -9.564508
v -5.344820 -10.605285 -9.379821
v -6.294852 -10.831961 -8.988340
v -2.170721 13.689543 11.580287
v -1.811972 18.421463 10.919047
v -3.517530 18.538990 10.415354
v -4.221031 13.832263 10.975013
v -1.811972 18.421463 10.919047
v -3.797086 20.075262 9.078604
v -0.796464 19.856993 10.006239
v -7.294121 10.538674 10.670278
v -6.313039 5.174333 13.870978
v -5.047931 10.261640 11.845846
v -9.147711 5.521313 12.396549
v 9.039563 17.128653 -2.964160
v 6.381450 21.502413 -2.143979
v 7.513926 21.275736 -1.168211
v 7.677902 17.402885 -4.135808
v 6.236502 5.174333 13.870978
v 7.217584 10.538674 10.670278
v 4.971394 10.261640 11.845846
v 9.071454 5.521313 12.396549
v -5.047931 10.261640 11.845846
v -3.237147 4.958865 14.779025
v -2.609209 10.090925 12.572284
v -6.313039 5.174333 13.870978
v 3.160609 4.958865 14.779025
v 4.971394 10.261640 11.845846
v 2.532672 10.090925 12.572284
v 6.236502 5.174333 13.870978
v -5.117049 -11.148171 -8.607491
v -6.294852 -10.831961 -8.988340
v -5.344820 -10.605285 -9.379821
v -5.884064 -11.302073 -8.221045
v 5.217364 -11.148171 -8.607491
v 6.395448 -10.831961 -8.988340
v 5.984646 -11.302073 -8.221325
v 5.445695 -10.605285 -9.380100
v -7.041718 14.632568 -6.817698
v -6.098131 17.626760 -5.095628
v -4.901021 14.825646 -7.641799
v -4.210957 17.794645 -5.807795
v -2.609209 10.090925 12.572284
v -0.038135 4.886090 15.085715
v -0.038135 10.032162 12.824969
v -3.237147 4.958865 14.779025
v -10.641444 15.284577 -0.950223
v -8.559790 17.173433 -3.007812
v -9.507020 15.446886 -3.158362
v -9.635463 17.173433 -0.883904
v -10.641444 15.284577 -0.950223
v -10.764576 13.600008 -2.212536
v -0.038135 4.886090 15.085715
v 2.532672 10.090925 12.572284
v -0.038135 10.032162 12.824969
v 3.160609 4.958865 14.779025
v 10.741759 15.284577 -0.950223
v 8.660105 17.173433 -3.007812
v 9.736058 17.173433 -0.883904
v 9.607335 15.446886 -3.158362
v 10.940722 13.460090 -2.150136
v 10.741759 15.284577 -0.950223
v 4.824483 14.825646 -7.641799
v 6.021874 17.626760 -5.095628
v 6.965181 14.632568 -6.817698
v 4.134699 17.794645 -5.807795
v -8.437511 19.672319 5.627180
v -10.757585 15.667958 3.223162
v -10.135798 15.195044 5.218351
v -8.954913 20.064081 3.967510
v 7.209751 15.600789 7.185836
v 3.777632 15.242600 9.498069
v 6.706614 13.451685 8.649627
v 4.940050 12.760527 9.974900
v 7.300419 11.372553 8.527061
v 6.706614 13.451685 8.649627
v 6.844010 17.176235 6.185442
v 3.777632 15.242600 9.498069
v 3.784904 17.173433 7.995943
v -9.125895 14.761307 7.057113
v -11.592317 11.890246 4.810915
v -10.454517 11.392140 6.917478
v -10.135798 15.195044 5.218351
v 6.021874 17.626760 -5.095628
v 6.381450 21.502413 -2.143979
v 7.677902 17.402885 -4.135808
v 4.248024 21.779446 -3.292683
v -6.743415 17.176235 6.185442
v -3.677317 15.242600 9.498069
v -3.684309 17.173433 7.995943
v -7.109156 15.600789 7.185836
v -3.677317 15.242600 9.498069
v -6.606019 13.451685 8.649627
v -4.839455 12.760527 9.974900
v -6.606019 13.451685 8.649627
v -7.199824 11.372553 8.527061
v 10.681033 15.667958 3.223162
v 8.360974 19.672319 5.627180
v 10.059260 15.195044 5.218351
v 8.878375 20.064081 3.967510
v 7.258161 -10.484981 -8.465339
v 7.481462 -10.616492 -7.391350
v 6.830294 -11.114599 -7.766321
v -6.729712 -11.114599 -7.766321
v -7.380866 -10.616492 -7.391350
v -7.157846 -10.484981 -8.465339
v -5.817454 21.614336 -2.588349
v -6.098131 17.626760 -5.095628
v -7.754440 17.402885 -4.135808
v 2.497686 14.945976 -8.155568
v 4.134699 17.794645 -5.807795
v 4.824483 14.825646 -7.641799
v 2.088579 17.898190 -6.246007
v 11.516047 11.890246 4.810915
v 9.049637 14.761307 7.057113
v 10.377979 11.392140 6.917478
v 10.059260 15.195044 5.218351
v -6.098131 17.626760 -5.095628
v -5.817454 21.614336 -2.588349
v -4.210957 17.794645 -5.807795
v -2.663490 21.891371 -3.776786
v -2.663490 21.891371 -3.776786
v -2.165116 17.898190 -6.246007
v -4.210957 17.794645 -5.807795
v -2.574223 14.945976 -8.155568
v -4.210957 17.794645 -5.807795
v -4.901021 14.825646 -7.641799
v -7.597456 19.311329 7.156730
v -10.135798 15.195044 5.218351
v -9.125895 14.761307 7.057113
v -8.437511 19.672319 5.627180
v 6.872832 -10.300282 -9.197654
v 7.536316 -9.625883 -8.798055
v 7.258161 -10.484981 -8.465339
v 7.719040 -9.863742 -8.240913
v -7.157846 -10.484981 -8.465339
v -7.435721 -9.625883 -8.798055
v -6.772237 -10.300282 -9.197654
v -7.618724 -9.863742 -8.240913
v -0.038135 17.931763 -6.393758
v 0.858163 21.978102 -3.987501
v 2.088579 17.898190 -6.246007
v -0.038135 15.015949 -8.340537
v 2.497686 14.945976 -8.155568
v -7.767036 14.377926 8.668934
v -10.454517 11.392140 6.917478
v -8.916018 10.952825 8.767435
v -9.125895 14.761307 7.057113
v -2.574223 14.945976 -8.155568
v -2.165116 17.898190 -6.246007
v -0.038135 15.015949 -8.340537
v -0.038135 17.931763 -6.393758
v -2.663490 21.891371 -3.776786
v 0.858163 21.978102 -3.987501
v 10.281721 15.550430 2.135743
v 9.190663 17.173433 2.557726
v 9.067264 15.388123 5.008197
v 9.067264 15.388123 5.008197
v 10.909658 13.625200 2.274818
v 9.197655 13.518854 6.125838
v 10.059260 15.195044 5.218351
v 7.520918 19.311329 7.156730
v 9.049637 14.761307 7.057113
v 8.360974 19.672319 5.627180
v -9.090347 17.173433 2.557726
v -10.181126 15.550430 2.135743
v -8.966668 15.388123 5.008197
v -10.809063 13.625200 2.274818
v -8.966668 15.388123 5.008197
v -9.097073 13.518854 6.125838
v 2.088579 17.898190 -6.246007
v 4.248024 21.779446 -3.292683
v 4.134699 17.794645 -5.807795
v 0.858163 21.978102 -3.987501
v -5.310688 -9.928110 -9.870922
v -5.344820 -10.605285 -9.379821
v -5.994867 -10.367453 -9.564508
v 5.411283 -9.928110 -9.870922
v 6.095463 -10.367453 -9.564229
v 5.445695 -10.605285 -9.380100
v 4.134699 17.794645 -5.807795
v 4.248024 21.779446 -3.292683
v 6.021874 17.626760 -5.095628
v 10.377979 11.392140 6.917478
v 7.690498 14.377926 8.668934
v 8.839479 10.952825 8.767435
v 9.049637 14.761307 7.057113
v 7.536316 -9.625883 -8.798055
v 6.730405 -9.777010 -9.537365
v 7.117682 -9.452394 -9.310705
v 6.872832 -10.300282 -9.197654
v 7.895332 -9.175359 -8.024605
v 7.719040 -9.863742 -8.240913
v 6.095463 -10.367453 -9.564229
v 6.730405 -9.777010 -9.537365
v 6.211870 -9.746214 -9.799008
v 5.637386 -9.550334 -9.947316
v 5.411283 -9.928110 -9.870922
v -5.536790 -9.550334 -9.947316
v -5.310688 -9.928110 -9.870922
v -6.111275 -9.746214 -9.799008
v -5.994867 -10.367453 -9.564508
v -6.629810 -9.777010 -9.537645
v -6.772237 -10.300282 -9.197654
v -7.435721 -9.625883 -8.798055
v -6.629810 -9.777010 -9.537645
v -7.017087 -9.452394 -9.310705
v -7.618724 -9.863742 -8.240913
v -7.794736 -9.175359 -8.024605
v 9.736058 17.173433 -0.883904
v 9.190663 17.173433 2.557726
v 10.281721 15.550430 2.135743
v 10.741759 15.284577 -0.950223
v 10.281721 15.550430 2.135743
v 11.416158 12.950802 -0.212313
v 10.909658 13.625200 2.274818
v 11.160393 11.397744 2.322667
v 11.416158 12.950802 -0.212313
v 11.519408 10.770927 -0.200001
v -6.466941 18.995119 8.497398
v -9.125895 14.761307 7.057113
v -7.767036 14.377926 8.668934
v -7.597456 19.311329 7.156730
v -7.036115 10.594636 10.289429
v -6.110727 14.067320 9.991969
v -7.767036 14.377926 8.668934
v -8.916018 10.952825 8.767435
v 6.211870 -9.746214 -9.799008
v 6.095463 -10.367453 -9.564229
v 5.411283 -9.928110 -9.870922
v -6.111275 -9.746214 -9.799008
v -5.310688 -9.928110 -9.870922
v -5.994867 -10.367453 -9.564508
v 9.049637 14.761307 7.057113
v 6.390404 18.995119 8.497398
v 7.690498 14.377926 8.668934
v 7.520918 19.311329 7.156730
v -0.796464 19.856993 10.006239
v -1.811972 18.421463 10.919047
v -0.038135 18.382286 11.088905
v -2.170721 13.689543 11.580287
v -0.038135 13.641988 11.784560
v -0.038135 18.382286 11.088905
v 6.034177 14.067320 9.991969
v 6.959857 10.594636 10.289429
v 7.690498 14.377926 8.668934
v 8.839479 10.952825 8.767435
v 7.719040 -9.863742 -8.240913
v 7.481462 -10.616492 -7.391350
v 7.258161 -10.484981 -8.465339
v -7.380866 -10.616492 -7.391350
v -7.618724 -9.863742 -8.240913
v -7.157846 -10.484981 -8.465339
v -6.110727 14.067320 9.991969
v -5.089335 18.734898 9.597691
v -6.466941 18.995119 8.497398
v -7.767036 14.377926 8.668934
v -4.887584 10.325982 11.424980
v -4.221031 13.832263 10.975013
v -6.110727 14.067320 9.991969
v -7.036115 10.594636 10.289429
v 3.777632 15.242600 9.498069
v 0.050291 15.388124 9.852895
v 0.050291 13.451685 10.541835
v 3.154725 12.665362 10.497345
v 0.050291 15.388124 9.852895
v -3.677317 15.242600 9.498069
v -3.054143 12.665362 10.497345
v 4.144494 13.832263 10.975013
v 4.811047 10.325982 11.424980
v 6.034177 14.067320 9.991969
v 6.959857 10.594636 10.289429
v 5.012798 18.734898 9.597691
v 6.034177 14.067320 9.991969
v 6.390404 18.995119 8.497398
v 7.690498 14.377926 8.668934
v -2.552967 10.158095 12.130989
v -2.170721 13.689543 11.580287
v -4.221031 13.832263 10.975013
v -4.887584 10.325982 11.424980
v 10.940722 13.460090 -2.150136
v 10.741759 15.284577 -0.950223
v 11.416158 12.950802 -0.212313
v 2.094170 13.689543 11.580287
v 2.476430 10.158095 12.130989
v 4.144494 13.832263 10.975013
v 4.811047 10.325982 11.424980
v -4.221031 13.832263 10.975013
v -3.517530 18.538990 10.415354
v -5.089335 18.734898 9.597691
v -6.110727 14.067320 9.991969
v -10.641444 15.284577 -0.950223
v -10.764576 13.600008 -2.212536
v -11.214820 13.451684 -0.213711
v -0.038135 13.641988 11.784560
v -2.170721 13.689543 11.580287
v -0.038135 10.127326 12.394310
v -2.552967 10.158095 12.130989
v 2.094170 13.689543 11.580287
v -0.038135 13.641988 11.784560
v -0.038135 10.127326 12.394310
v 2.476430 10.158095 12.130989
v 3.440993 18.538990 10.415354
v 4.144494 13.832263 10.975013
v 5.012798 18.734898 9.597691
v 6.034177 14.067320 9.991969
v -11.996113 -5.803417 0.392681
v -12.047591 -5.403250 0.883783
v -12.189752 -5.512399 0.388205
v -11.516192 -5.990891 1.129194
v -12.157847 -5.162590 0.004277
v -11.980994 -5.509597 -0.144311
v 6.362423 -9.315277 -9.814119
v 6.730405 -9.777010 -9.537365
v 6.211870 -9.746214 -9.799008
v -6.262107 -9.315277 -9.814119
v -6.111275 -9.746214 -9.799008
v -6.629810 -9.777010 -9.537645
v 5.021751 -11.559519 0.092147
v 5.711815 -11.204132 -0.289263
v 5.460814 -11.215314 1.324797
v 1.735434 18.421463 10.919047
v 2.094170 13.689543 11.580287
v 3.440993 18.538990 10.415354
v 4.144494 13.832263 10.975013
v 6.830294 -11.114599 -7.766321
v 4.936127 -11.545535 -3.038313
v 5.984646 -11.302073 -8.221325
v -4.835532 -11.545535 -3.038313
v -6.729712 -11.114599 -7.766321
v -5.884064 -11.302073 -8.221045
v 4.470498 -11.223721 -2.547492
v 5.711815 -11.204132 -0.289263
v 5.021751 -11.559519 0.092147
v -0.038135 18.382286 11.088905
v -0.038135 13.641988 11.784560
v 1.735434 18.421463 10.919047
v 2.094170 13.689543 11.580287
v 11.770144 -5.965725 0.898054
v 12.115175 -5.775423 0.336996
v 12.261525 -5.587949 0.409751
v 4.470498 -11.223721 -2.547492
v 5.021751 -11.559519 0.092147
v 3.086167 -11.551112 -2.651030
v -4.294899 -11.226522 2.759766
v -5.660470 -11.201330 -0.292902
v -4.702058 -11.567899 0.157065
v -3.640102 -11.612679 2.053193
v 5.984646 -11.302073 -8.221325
v 4.936127 -11.545535 -3.038313
v 4.094403 -11.660261 -3.603290
v -3.994087 -11.660261 -3.603290
v -4.835532 -11.545535 -3.038313
v -5.884064 -11.302073 -8.221045
v 2.586953 -11.654656 2.802018
v 5.460814 -11.215314 1.324797
v 3.658703 -11.226522 3.323903
v 5.021751 -11.559519 0.092147
v -4.702058 -11.567899 0.157065
v -5.660470 -11.201330 -0.292902
v -3.610160 -11.551112 -2.177278
v -3.498502 -11.223721 -3.111908
v -0.392668 -11.553914 -3.358160
v -11.980994 -5.509597 -0.144311
v -11.996113 -5.803417 0.392681
v -12.189752 -5.512399 0.388205
v 12.261525 -5.587949 0.409751
v 12.194915 -5.333305 0.841528
v 11.770144 -5.965725 0.898054
v 12.261525 -5.587949 0.409751
v 12.362254 -5.131820 0.388205
v -4.294899 -11.226522 2.759766
v -3.640102 -11.612679 2.053193
v -1.279733 -11.584711 3.483125
v 0.649407 -11.240506 -3.970149
v 3.086167 -11.551112 -2.651030
v -0.392668 -11.553914 -3.358160
v 3.086167 -11.551112 -2.651030
v 5.021751 -11.559519 0.092147
v 2.201904 -11.738613 -1.032493
v -4.835532 -11.545535 -3.038313
v -5.570376 -11.075422 -2.528184
v -6.729712 -11.114599 -7.766321
v 6.830294 -11.114599 -7.766321
v 5.670958 -11.075422 -2.528184
v 4.936127 -11.545535 -3.038313
v 7.719040 -9.863742 -8.240913
v 7.898974 -9.888934 -7.120754
v 7.481462 -10.616492 -7.391350
v 12.362254 -5.131820 0.388205
v 12.261525 -5.587949 0.409751
v 12.194915 -5.333305 -0.064842
v -4.702058 -11.567899 0.157065
v -3.610160 -11.551112 -2.177278
v -1.334587 -11.772184 -1.094613
v -1.334587 -11.772184 -1.094613
v -3.610160 -11.551112 -2.177278
v -0.392668 -11.553914 -3.358160
v -7.380866 -10.616492 -7.391350
v -7.798379 -9.888934 -7.120754
v -7.618724 -9.863742 -8.240913
v -10.272354 -6.900346 -0.682985
v -10.357697 -6.780016 -0.540832
v -10.219181 -6.533778 -1.034171
v -10.272354 -6.900346 -0.682985
v -10.022740 -7.015072 -0.131998
v -11.617496 -6.010479 -0.102897
v -11.996113 -5.803417 0.392681
v -11.980994 -5.509597 -0.144311
v -1.334587 -11.772184 -1.094613
v -0.392668 -11.553914 -3.358160
v 2.201904 -11.738613 -1.032493
v 3.086167 -11.551112 -2.651030
v -3.640102 -11.612679 2.053193
v -4.702058 -11.567899 0.157065
v -1.334587 -11.772184 -1.094613
v 12.194915 -5.333305 -0.064842
v 12.261525 -5.587949 0.409751
v 12.115175 -5.775423 0.336996
v -1.334587 -11.772184 -1.094613
v 2.201904 -11.738613 -1.032493
v 2.586953 -11.654656 2.802018
v 5.021751 -11.559519 0.092147
v -3.610160 -11.551112 -2.177278
v -5.660470 -11.201330 -0.292902
v -3.498502 -11.223721 -3.111908
v 5.411283 -9.928110 -9.870922
v 5.445695 -10.605285 -9.380100
v 4.852184 -9.995254 -9.643421
v -5.310688 -9.928110 -9.870922
v -4.751308 -9.995254 -9.643141
v -5.344820 -10.605285 -9.379821
v 12.194915 -5.333305 -0.064842
v 12.115175 -5.775423 0.336996
v 11.767061 -5.842593 -0.306893
v 12.225418 -4.810006 -0.147110
v 12.362254 -5.131820 0.388205
v -1.279733 -11.584711 3.483125
v -3.640102 -11.612679 2.053193
v 2.586953 -11.654656 2.802018
v -3.640102 -11.612679 2.053193
v -1.334587 -11.772184 -1.094613
v 2.586953 -11.654656 2.802018
v -5.570376 -11.075422 -2.528184
v -7.380866 -10.616492 -7.391350
v -6.729712 -11.114599 -7.766321
v 7.481462 -10.616492 -7.391350
v 5.670958 -11.075422 -2.528184
v 6.830294 -11.114599 -7.766321
v -4.438180 -10.652866 -8.927338
v -5.344820 -10.605285 -9.379821
v -4.751308 -9.995254 -9.643141
v -5.117049 -11.148171 -8.607491
v 4.538776 -10.652866 -8.927338
v 5.445695 -10.605285 -9.380100
v 5.217364 -11.148171 -8.607491
v 4.852184 -9.995254 -9.643421
v -1.279733 -11.584711 3.483125
v 2.586953 -11.654656 2.802018
v -0.484176 -11.240506 4.184381
v 3.658703 -11.226522 3.323903
v 11.465128 -6.259546 0.056046
v 12.115175 -5.775423 0.336996
v 11.770144 -5.965725 0.898054
v -10.994308 -6.511388 0.511611
v -11.516192 -5.990891 1.129194
v -11.996113 -5.803417 0.392681
v -11.272183 -4.418245 -1.573963
v -11.293452 -4.457421 -1.374166
v -11.283659 -3.906155 -1.237327
v -11.272183 -4.418245 -1.573963
v -10.923802 -4.784840 -1.663510
v 9.703875 10.429525 5.732957
v 9.197655 13.518854 6.125838
v 7.300419 11.372553 8.527061
v 7.300419 11.372553 8.527061
v 6.706614 13.451685 8.649627
v 7.209751 15.600789 7.185836
v -3.994087 -11.660261 -3.603290
v -5.884064 -11.302073 -8.221045
v -5.117049 -11.148171 -8.607491
v 5.984646 -11.302073 -8.221325
v 4.094403 -11.660261 -3.603290
v 5.217364 -11.148171 -8.607491
v -10.994308 -6.511388 0.511611
v -11.996113 -5.803417 0.392681
v -11.617496 -6.010479 -0.102897
v 12.194915 -5.333305 0.841528
v 12.362254 -5.131820 0.388205
v 12.225418 -4.810006 0.923519
v -11.199155 -4.600142 2.442718
v -11.173963 -4.698082 2.317354
v -10.789474 -5.053468 2.537299
v 10.605204 -5.699873 -1.447762
v 10.942964 -5.330503 -1.723392
v 10.989411 -5.280118 -1.537025
v 10.583653 -5.741851 -1.592153
v -9.507020 15.446886 -3.158362
v -9.509262 13.538443 -3.801411
v -10.764576 13.600008 -2.212536
v -11.708444 -5.207370 1.577203
v -12.047591 -5.403250 0.883783
v -11.516192 -5.990891 1.129194
v -12.214650 7.586461 0.910088
v -10.936666 12.805279 -0.238897
v -11.497166 10.597438 -0.129481
v -12.402137 7.720774 0.599756
v -12.476580 2.832150 0.238215
v -12.378920 2.860117 0.588561
v 9.968593 -6.718450 -0.006077
v 10.034068 -6.570152 0.211632
v 10.050588 -6.522570 1.399229
v 10.050588 -6.522570 1.399229
v 10.173427 -6.242733 1.496052
v 10.524890 -5.414459 2.351213
v 10.524890 -5.414459 2.351213
v 10.636827 -5.159815 2.179958
v 11.050697 -4.197200 2.228367
v 11.157310 -3.962117 -1.039769
v 10.831866 -4.700884 -1.629928
v 11.362144 -3.486427 -0.859277
v 11.770144 -5.965725 0.898054
v 10.997805 -6.494602 0.814664
v 11.465128 -6.259546 0.056046
v 10.925617 -6.556141 0.123767
v 10.524890 -5.414459 2.351213
v 10.173427 -6.242733 1.496052
v 10.636827 -5.159815 2.179958
v -10.923522 -6.458201 -0.152988
v -10.994308 -6.511388 0.511611
v -11.617496 -6.010479 -0.102897
v -9.868278 -6.718450 -0.006077
v -9.949992 -6.522570 1.399229
v -9.933474 -6.570152 0.211352
v -9.949992 -6.522570 1.399229
v -10.424308 -5.411657 2.351213
v -10.073112 -6.242733 1.496052
v 7.534915 -8.889945 -8.824918
v 7.536316 -9.625883 -8.798055
v 7.117682 -9.452394 -9.310705
v 6.362423 -9.315277 -9.814119
v 6.730405 -9.777010 -9.537365
v 6.916772 -8.973875 -9.477203
v 11.345638 -3.522801 1.628411
v 11.339474 -3.545191 1.284780
v 11.524452 -3.117030 0.587444
v 11.414476 -3.374476 0.038416
v 11.362144 -3.486427 -0.859277
v 11.524452 -3.117030 0.587444
v -10.424308 -5.411657 2.351213
v -10.536511 -5.159815 2.179958
v -10.073112 -6.242733 1.496052
v 10.707626 -4.994704 -1.397671
v 10.267177 -6.021688 -0.976525
v 10.250937 -6.052457 -1.221659
v 10.831866 -4.700884 -1.629928
v 10.050588 -6.522570 1.399229
v 10.034068 -6.570152 0.211632
v 10.173427 -6.242733 1.496052
v 11.050697 -4.197200 2.228367
v 10.636827 -5.159815 2.179958
v 11.040343 -4.227970 1.966168
v 11.345638 -3.522801 1.628411
v 11.040343 -4.227970 1.966168
v 11.339474 -3.545191 1.284780
v 11.050697 -4.197200 2.228367
v 11.524452 -3.117030 0.587444
v 11.339474 -3.545191 1.284780
v 11.414476 -3.374476 0.038416
v 11.414476 -3.374476 0.038416
v 11.157310 -3.962117 -1.039769
v 11.362144 -3.486427 -0.859277
v 11.157310 -3.962117 -1.039769
v 10.707626 -4.994704 -1.397671
v 10.831866 -4.700884 -1.629928
v -10.424308 -5.411657 2.351213
v -10.950102 -4.197200 2.228367
v -10.536511 -5.159815 2.179958
v -7.435721 -9.625883 -8.798055
v -7.434319 -8.889945 -8.824918
v -7.017087 -9.452394 -9.310705
v -6.262107 -9.315277 -9.814119
v -6.629810 -9.777010 -9.537645
v -6.816176 -8.973875 -9.477203
v -9.949992 -6.522570 1.399229
v -10.073112 -6.242733 1.496052
v -9.933474 -6.570152 0.211352
v -10.950102 -4.197200 2.228367
v -11.056715 -3.962116 1.816178
v -10.536511 -5.159815 2.179958
v -11.261828 -3.486427 -0.859277
v -11.238892 -3.545191 -0.508091
v -11.423857 -3.117030 0.587444
v -10.731551 -4.700884 -1.629928
v -10.939748 -4.227970 -1.189758
v -11.261828 -3.486427 -0.859277
v -10.731551 -4.700884 -1.629928
v -10.150342 -6.052457 -1.221659
v -10.607311 -4.994704 -1.397671
v -10.166581 -6.021688 -0.976805
v -10.950102 -4.197200 2.228367
v -11.245323 -3.522801 1.628411
v -11.056715 -3.962116 1.816178
v -11.245323 -3.522801 1.628411
v -11.423857 -3.117030 0.587444
v -11.313881 -3.374476 0.737993
v -11.056715 -3.962116 1.816178
v -11.423857 -3.117030 0.587444
v -11.238892 -3.545191 -0.508091
v -11.313881 -3.374476 0.737993
v -11.261828 -3.486427 -0.859277
v -10.939748 -4.227970 -1.189758
v -11.238892 -3.545191 -0.508091
v -10.731551 -4.700884 -1.629928
v -10.607311 -4.994704 -1.397671
v -10.939748 -4.227970 -1.189758
v -12.047591 -5.403250 0.883783
v -12.263619 -5.154211 0.401638
v -12.189752 -5.512399 0.388205
v -12.263619 -5.154211 0.401638
v -12.157847 -5.162590 0.004277
v -12.124823 -4.810006 0.923519
v -12.263619 -5.154211 0.401638
v -12.117830 -4.295140 0.159023
v -12.073344 -4.275552 0.829776
v 11.808759 -5.207370 -0.800513
v 12.194915 -5.333305 -0.064842
v 11.767061 -5.842593 -0.306893
v 6.362423 -9.315277 -9.814119
v 6.211870 -9.746214 -9.799008
v 5.637386 -9.550334 -9.947316
v -6.262107 -9.315277 -9.814119
v -5.536790 -9.550334 -9.947316
v -6.111275 -9.746214 -9.799008
v -11.619457 -5.420036 -0.800233
v -11.617496 -6.010479 -0.102897
v -11.980994 -5.509597 -0.144311
v 11.238185 -4.600142 2.442718
v 10.836349 -5.064650 2.531421
v 10.829345 -5.064650 2.366324
v 11.227270 -4.616928 2.292169
v 11.770144 -5.965725 0.898054
v 11.808759 -5.207370 1.577203
v 11.275959 -5.853775 1.668708
v 0.649407 -11.240506 -3.970149
v 4.470498 -11.223721 -2.547492
v 3.086167 -11.551112 -2.651030
v 11.160393 11.397744 2.322667
v 9.197655 13.518854 6.125838
v 9.703875 10.429525 5.732957
v 10.909658 13.625200 2.274818
v 11.146676 -5.856577 -0.998074
v 11.767061 -5.842593 -0.306893
v 10.960310 -6.284711 -0.617226
v 12.115175 -5.775423 0.336996
v 11.465128 -6.259546 0.056046
v -0.392668 -11.553914 -3.358160
v -3.498502 -11.223721 -3.111908
v 0.649407 -11.240506 -3.970149
v -11.662823 -3.450053 1.035173
v -11.398105 -3.601153 1.473104
v -11.752931 -3.307333 1.023978
v 11.770144 -5.965725 0.898054
v 11.104137 -6.251139 1.313322
v 10.997805 -6.494602 0.814664
v -3.166907 -11.391606 -4.150357
v -3.994087 -11.660261 -3.603290
v -5.117049 -11.148171 -8.607491
v 5.217364 -11.148171 -8.607491
v 4.094403 -11.660261 -3.603290
v 3.267503 -11.391606 -4.150357
v 10.946592 -4.804428 -1.508204
v 11.310092 -4.435031 -1.576201
v 11.287435 -4.524592 -1.406067
v 10.964232 -4.790418 -1.644202
v -11.173963 -4.698082 2.317354
v -10.790035 -5.056270 2.401024
v -10.789474 -5.053468 2.537299
v -10.552737 -5.744653 -1.575921
v -10.565053 -5.699873 -1.448319
v -10.946739 -5.338882 -1.606984
v -10.923802 -4.784840 -1.663510
v -10.908964 -4.815610 -1.493653
v -11.293452 -4.457421 -1.374166
v 5.670958 -11.075422 -2.528184
v 4.877643 -10.932702 -1.226135
v 4.936127 -11.545535 -3.038313
v -4.777328 -10.932702 -1.226135
v -5.570376 -11.075422 -2.528184
v -4.835532 -11.545535 -3.038313
v 11.770144 -5.965725 0.898054
v 11.275959 -5.853775 1.668708
v 11.104137 -6.251139 1.313322
v -12.124823 -4.810006 0.923519
v -12.047591 -5.403250 0.883783
v -11.708444 -5.207370 1.577203
v 11.488345 -3.458432 1.557895
v 11.698783 -3.466839 1.083863
v 11.748593 -3.273761 1.095055
v 10.036871 -7.048644 0.682305
v 10.284523 -7.001088 0.270677
v 10.090884 -6.931116 0.668035
v 10.200566 -7.177381 0.182811
v 10.866572 10.144111 -0.195801
v 9.956557 14.878834 -1.880377
v 10.270246 14.878834 -0.212871
v 10.571631 10.118918 -1.963489
v -10.489783 -6.421827 1.967565
v -10.181966 -6.606526 1.556774
v -10.135238 -6.704466 1.638766
v -10.765977 10.144111 -0.195801
v -9.856242 14.878834 -1.880377
v -10.471316 10.118918 -1.963489
v -10.169650 14.878834 -0.212871
v -11.752931 -3.307333 1.023978
v -11.398105 -3.601153 1.473104
v -11.429168 -3.452828 1.540265
v 10.960310 -6.284711 -0.617226
v 11.767061 -5.842593 -0.306893
v 11.465128 -6.259546 0.056046
v -11.045520 -6.178391 -0.624501
v -10.923522 -6.458201 -0.152988
v -11.617496 -6.010479 -0.102897
v -0.484176 -11.240506 4.184381
v -4.294899 -11.226522 2.759766
v -1.279733 -11.584711 3.483125
v -10.809063 13.625200 2.274818
v -11.207829 10.854884 1.617498
v -10.484739 10.549855 3.869010
v 12.194915 -5.333305 0.841528
v 12.225418 -4.810006 0.923519
v 11.808759 -5.207370 1.577203
v 9.786977 12.864043 -3.852062
v 9.607335 15.446886 -3.158362
v 10.940722 13.460090 -2.150136
v 8.313111 11.618816 -4.776618
v 7.852513 15.388123 -4.537086
v 9.607335 15.446886 -3.158362
v 7.852513 15.388123 -4.537086
v 8.660105 17.173433 -3.007812
v 6.770142 17.173433 -4.424595
v -11.516473 -3.752253 1.947977
v -11.476457 -3.964919 1.878579
v -11.165851 -4.144013 2.259147
v 6.362423 -9.315277 -9.814119
v 5.637386 -9.550334 -9.947316
v 5.815639 -9.013051 -9.947036
v -6.262107 -9.315277 -9.814119
v -5.715324 -9.013051 -9.947036
v -5.536790 -9.550334 -9.947316
v -10.267591 -6.337898 -1.374443
v -10.521127 -6.360261 -1.187240
v -10.570658 -5.727867 -1.601387
v -10.521127 -6.360261 -1.187240
v -10.568976 -5.674681 -1.423974
v -11.619457 -5.420036 -0.800233
v -11.045520 -6.178391 -0.624501
v -11.617496 -6.010479 -0.102897
v -11.207829 10.854884 1.617498
v -11.416852 10.751340 -0.195521
v -10.666356 6.998820 -0.368737
v -10.666356 6.998820 -0.368737
v -10.449206 4.721006 0.635293
v -11.207829 10.854884 1.617498
v -11.214820 13.451684 -0.213711
v -10.809063 13.625200 2.274818
v -10.181126 15.550430 2.135743
v -11.214820 13.451684 -0.213711
v -10.641444 15.284577 -0.950223
v 10.260451 -6.533778 -1.026896
v 10.627873 -6.234354 -1.264751
v 10.295999 -6.447020 -0.935391
v 10.174828 -6.707268 1.639046
v 10.219314 -6.581334 1.543901
v 10.569950 -6.312706 1.969524
v -12.157847 -5.162590 0.004277
v -11.619457 -5.420036 -0.800233
v -11.980994 -5.509597 -0.144311
v -11.962808 -4.642120 -0.523202
v -10.673067 -5.750231 2.234802
v -10.417302 -5.920945 2.244596
v -10.796200 -5.671878 2.478535
v 11.627983 -3.679505 -0.928956
v 11.269248 -3.992913 -1.124276
v 11.307863 -3.906155 -1.244883
v 11.573703 -3.799835 -0.853403
v 11.808759 -5.207370 1.577203
v 11.896625 -4.415443 1.507244
v 11.457562 -4.907946 1.972042
v 11.770144 -5.965725 0.898054
v 12.194915 -5.333305 0.841528
v -11.696408 -3.380080 0.154266
v -11.737266 -3.223376 0.266200
v -11.528229 -3.321316 -0.459681
v -3.282194 -11.386028 -2.061147
v -4.835532 -11.545535 -3.038313
v -3.994087 -11.660261 -3.603290
v -4.777328 -10.932702 -1.226135
v 4.877643 -10.932702 -1.226135
v 3.382789 -11.386028 -2.061147
v 4.936127 -11.545535 -3.038313
v 4.094403 -11.660261 -3.603290
v -9.507020 15.446886 -3.158362
v -8.559790 17.173433 -3.007812
v -7.751918 15.388123 -4.537086
v -6.669547 17.173433 -4.424595
v -7.751918 15.388123 -4.537086
v -9.509262 13.538443 -3.801411
v -8.189019 11.529256 -4.734643
v 11.560546 -3.282140 0.555543
v 11.748593 -3.273761 1.095055
v 11.698783 -3.466839 1.083863
v 11.612038 -3.139420 0.567015
v 7.481462 -10.616492 -7.391350
v 6.457561 -10.451382 -3.295757
v 5.670958 -11.075422 -2.528184
v -11.273024 -3.906155 -1.249920
v -11.229378 -3.990111 -1.124836
v -11.598748 -3.724285 -0.821502
v 12.225418 -4.810006 -0.147110
v 12.194915 -5.333305 -0.064842
v 11.808759 -5.207370 -0.800513
v -5.570376 -11.075422 -2.528184
v -6.356966 -10.451382 -3.295757
v -7.380866 -10.616492 -7.391350
v 10.074085 -6.987104 -0.126124
v 10.326501 -6.925538 -0.559299
v 10.365677 -6.810812 -0.466396
v 10.113822 -6.861170 -0.093103
v 10.801364 -5.683087 2.465662
v 10.452983 -5.990891 2.318752
v 10.482645 -5.929325 2.189192
v 10.886161 -5.512399 2.355129
v 11.488345 -3.458432 1.557895
v 11.423990 -3.581565 1.464992
v 11.698783 -3.466839 1.083863
v 11.627983 -3.679505 -0.928956
v 11.545709 -3.312937 -0.437014
v 11.489746 -3.458432 -0.362858
v 11.573703 -3.799835 -0.853403
v 10.474519 -5.976907 2.312598
v 10.412966 -6.572954 1.979318
v 10.569950 -6.312706 1.969524
v -11.708444 -5.207370 1.577203
v -11.516192 -5.990891 1.129194
v -10.987597 -6.002100 1.686338
v 10.200566 -7.177381 0.182811
v 10.104308 -6.936720 -0.342710
v 10.154119 -6.791224 -0.281988
v 10.284523 -7.001088 0.270677
v -11.449877 -3.450053 -0.377409
v -11.696408 -3.380080 0.154266
v -11.528229 -3.321316 -0.459681
v 11.310092 -4.435031 -1.576201
v 11.278481 -3.998518 -1.108047
v 11.287435 -4.524592 -1.406067
v 11.323809 -3.906155 -1.237888
v 11.808759 -5.207370 -0.800513
v 11.767061 -5.842593 -0.306893
v 11.146676 -5.856577 -0.998074
v -11.516192 -5.990891 1.129194
v -10.994308 -6.511388 0.511611
v -10.716727 -6.391057 1.268271
v -10.613183 -6.612130 0.660199
v 10.174828 -6.707268 1.639046
v 10.569950 -6.312706 1.969524
v 10.412966 -6.572954 1.979318
v -12.073344 -4.275552 0.829776
v -12.263619 -5.154211 0.401638
v -12.124823 -4.810006 0.923519
v -4.294899 -11.226522 2.759766
v -6.183475 -9.995253 0.584926
v -5.660470 -11.201330 -0.292902
v -5.556378 -10.042835 2.136582
v -10.987597 -6.002100 1.686338
v -11.516192 -5.990891 1.129194
v -10.716727 -6.391057 1.268271
v 2.497686 14.945976 -8.155568
v 1.248523 15.122269 -8.759440
v -0.038135 15.015949 -8.340537
v 10.960310 -6.284711 -0.617226
v 11.465128 -6.259546 0.056046
v 10.925617 -6.556141 0.123767
v 8.966802 -6.388256 0.762058
v 9.120423 -6.013281 1.642125
v 8.571118 -6.547762 1.320597
v 8.744902 -6.139215 2.136302
v 10.970664 -4.776434 -1.672183
v 10.989411 -5.280118 -1.537025
v 10.942964 -5.330503 -1.723392
v 2.532672 10.090925 12.572284
v -0.038135 10.127326 12.394310
v -0.038135 10.032162 12.824969
v 2.476430 10.158095 12.130989
v -0.038135 10.127326 12.394310
v -2.609209 10.090925 12.572284
v -0.038135 10.032162 12.824969
v -2.552967 10.158095 12.130989
v -12.117830 -4.295140 0.159023
v -12.157847 -5.162590 0.004277
v -12.263619 -5.154211 0.401638
v -11.962808 -4.642120 -0.523202
v -8.866487 -6.388256 0.762058
v -8.470523 -6.547762 1.320597
v -9.019828 -6.013281 1.642125
v -8.644307 -6.139215 2.136302
v -11.165851 -4.144013 2.259147
v -11.476457 -3.964919 1.878579
v -11.124433 -4.199975 2.124269
v -9.999522 -7.054248 0.684824
v -10.062197 -6.894742 0.667754
v -10.264801 -7.001088 0.187848
v 3.154725 12.665362 10.497345
v 0.050291 13.451685 10.541835
v 0.050291 10.474306 10.736598
v 0.050291 13.451685 10.541835
v -3.054143 12.665362 10.497345
v 11.789731 -3.184200 0.196241
v 11.727324 -3.402471 0.016309
v 11.567538 -3.321316 -0.459681
v 11.567538 -3.785824 1.908801
v 11.182489 -4.149617 2.190589
v 11.515219 -3.962116 1.876060
v 9.026406 -5.478800 2.715553
v 9.420128 -5.322096 2.254390
v 9.370037 -4.675692 2.970197
v 9.420128 -5.322096 2.254390
v 8.744902 -6.139215 2.136302
v 9.120423 -6.013281 1.642125
v 5.604922 15.427299 -5.354188
v 2.552260 17.162252 -5.439816
v 6.770142 17.173433 -4.424595
v 11.808759 -5.207370 1.577203
v 12.225418 -4.810006 0.923519
v 11.896625 -4.415443 1.507244
v -8.644307 -6.139215 2.136302
v -9.319533 -5.322096 2.254390
v -9.019828 -6.013281 1.642125
v -8.925811 -5.478800 2.715553
v -9.269722 -4.675692 2.970197
v -9.319533 -5.322096 2.254390
v -11.476457 -3.964919 1.878579
v -11.516473 -3.752253 1.947977
v -11.441203 -3.441647 1.548938
v -11.796309 -4.415443 1.507244
v -12.124823 -4.810006 0.923519
v -11.708444 -5.207370 1.577203
v 9.420128 -5.322096 2.254390
v 9.802094 -4.426651 2.402141
v 9.370037 -4.675692 2.970197
v 5.711815 -11.204132 -0.289263
v 6.275678 -10.056819 1.076868
v 5.460814 -11.215314 1.324797
v 6.350667 -9.995253 -0.372092
v 5.711815 -11.204132 -0.289263
v 10.326501 -6.925538 -0.559299
v 10.271927 -6.530976 -1.034171
v 10.308581 -6.416250 -0.919442
v 10.365677 -6.810812 -0.466396
v -10.022740 -7.015072 -0.131998
v -10.073391 -6.861170 -0.093663
v -10.357697 -6.780016 -0.540832
v -9.269722 -4.675692 2.970197
v -9.701499 -4.426651 2.402141
v -9.319533 -5.322096 2.254390
v -10.189798 -6.575729 1.550619
v -10.245214 -7.015072 0.974728
v -10.154265 -6.715648 1.665349
v -10.819417 -5.050666 2.389268
v -10.796200 -5.671878 2.478535
v -10.782203 -5.050666 2.520510
v 10.832147 -5.050666 2.531982
v 10.801364 -5.683087 2.465662
v 10.886161 -5.512399 2.355129
v 8.561604 11.711152 -4.373663
v 7.055275 14.836856 -4.492312
v 9.074256 14.834053 -3.023765
v -3.537959 15.057927 -8.473176
v -0.038135 15.015949 -8.340537
v 1.248523 15.122269 -8.759440
v -2.574223 14.945976 -8.155568
v -8.973941 14.834053 -3.023765
v -6.954693 14.836856 -4.492312
v -8.461009 11.711152 -4.373663
v -8.429946 -6.642900 0.392962
v -8.866487 -6.388256 0.762058
v -8.885234 -6.332294 -0.190482
v 8.530261 -6.642900 0.392962
v 8.985829 -6.332294 -0.190482
v 8.966802 -6.388256 0.762058
v 6.916772 -8.973875 -9.477203
v 7.534915 -8.889945 -8.824918
v 7.117682 -9.452394 -9.310705
v 11.789731 -3.184200 0.196241
v 11.560826 -3.234585 0.552184
v 11.727324 -3.402471 0.016309
v -7.434319 -8.889945 -8.824918
v -6.816176 -8.973875 -9.477203
v -7.017087 -9.452394 -9.310705
v 11.567538 -3.321316 -0.459681
v 11.727324 -3.402471 0.016309
v 11.499540 -3.433240 -0.386646
v 12.225418 -4.810006 0.923519
v 12.362254 -5.131820 0.388205
v 12.160502 -4.026485 0.388205
v 6.350667 -9.995253 -0.372092
v 5.711815 -11.204132 -0.289263
v 5.726092 -10.045637 -1.922631
v 4.470498 -11.223721 -2.547492
v 7.895332 -9.175359 -8.024605
v 7.898974 -9.888934 -7.120754
v 7.719040 -9.863742 -8.240913
v 10.392257 4.796556 1.501649
v 11.472120 1.511346 -1.287699
v 10.706225 5.185514 -0.617507
v 10.627873 -6.234354 -1.264751
v 10.586176 -5.730642 -1.596349
v 10.613317 -5.685889 -1.451958
v -7.798379 -9.888934 -7.120754
v -7.794736 -9.175359 -8.024605
v -7.618724 -9.863742 -8.240913
v -5.068079 -9.217338 -9.949835
v -5.310688 -9.928110 -9.870922
v -5.536790 -9.550334 -9.947316
v 5.168395 -9.217338 -9.949835
v 5.637386 -9.550334 -9.947316
v 5.411283 -9.928110 -9.870922
v -10.256409 -6.430233 -0.923078
v -10.521127 -6.360261 -1.187240
v -10.215271 -6.514190 -1.020461
v -11.598748 -3.724285 -0.821502
v -11.444846 -3.458432 -0.362858
v -11.505558 -3.312937 -0.437014
v -11.441203 -3.441647 1.548938
v -11.386362 -3.575961 1.453516
v -11.476457 -3.964919 1.878579
v 6.965181 14.632568 -6.817698
v 5.942962 14.895618 -7.783953
v 4.824483 14.825646 -7.641799
v 12.160502 -4.026485 0.388205
v 12.362254 -5.131820 0.388205
v 12.225418 -4.810006 -0.147110
v 11.896625 -4.415443 -0.730834
v 12.225418 -4.810006 -0.147110
v 11.808759 -5.207370 -0.800513
v -6.095890 -10.160363 -0.760216
v -3.498502 -11.223721 -3.111908
v -5.660470 -11.201330 -0.292902
v -4.901861 -10.054017 -2.669217
v -10.264801 -7.001088 0.187848
v -10.099705 -6.821994 -0.289823
v -10.052122 -6.942324 -0.339354
v 11.994845 11.884643 4.976576
v 12.209192 12.430305 2.530022
v 11.516047 11.890246 4.810915
v 12.729396 12.447091 2.598861
v 8.561604 11.711152 -4.373663
v 9.074256 14.834053 -3.023765
v 9.956557 14.878834 -1.880377
v 11.275959 -5.853775 1.668708
v 11.808759 -5.207370 1.577203
v 11.212432 -5.475998 1.965047
v -3.537959 15.057927 -8.473176
v -4.901021 14.825646 -7.641799
v -2.574223 14.945976 -8.155568
v 10.798015 11.366949 7.168486
v 11.516047 11.890246 4.810915
v 10.377979 11.392140 6.917478
v 11.994845 11.884643 4.976576
v 10.377979 11.392140 6.917478
v 8.839479 10.952825 8.767435
v 9.185072 10.913649 9.090918
v 10.798015 11.366949 7.168486
v -11.592317 11.890246 4.810915
v -10.874552 11.366949 7.168486
v -10.454517 11.392140 6.917478
v -12.071383 11.884643 4.976576
v -12.285729 12.430305 2.530022
v -12.071383 11.884643 4.976576
v -11.592317 11.890246 4.810915
v -12.805933 12.447091 2.598861
v -12.042841 13.801493 -3.139615
v -10.450607 14.058912 -4.371985
v -10.829772 14.176440 -4.730167
v -11.588954 13.697948 -2.841034
v 10.374351 14.058912 -4.371985
v 11.966304 13.801493 -3.139615
v 10.753234 14.176440 -4.730167
v 11.512417 13.697948 -2.841034
v -8.973941 14.834053 -3.023765
v -8.461009 11.711152 -4.373663
v -9.856242 14.878834 -1.880377
v 5.460814 -11.215314 1.324797
v 5.609405 -10.098797 2.279856
v 3.658703 -11.226522 3.323903
v 7.217584 10.538674 10.670278
v 9.185072 10.913649 9.090918
v 8.839479 10.952825 8.767435
v 6.959857 10.594636 10.289429
v 7.217584 10.538674 10.670278
v 4.811047 10.325982 11.424980
v 4.971394 10.261640 11.845846
v 6.959857 10.594636 10.289429
v 4.971394 10.261640 11.845846
v 2.476430 10.158095 12.130989
v 2.532672 10.090925 12.572284
v 4.811047 10.325982 11.424980
v -7.294121 10.538674 10.670278
v -4.887584 10.325982 11.424980
v -7.036115 10.594636 10.289429
v -5.047931 10.261640 11.845846
v -9.261609 10.913649 9.090918
v -7.294121 10.538674 10.670278
v -8.916018 10.952825 8.767435
v -7.036115 10.594636 10.289429
v -9.261609 10.913649 9.090918
v -10.454517 11.392140 6.917478
v -10.874552 11.366949 7.168486
v -8.916018 10.952825 8.767435
v -9.547877 4.760182 3.332855
v -9.603279 10.429525 5.732957
v -10.484739 10.549855 3.869010
v -9.097073 13.518854 6.125838
v -10.484739 10.549855 3.869010
v -10.809063 13.625200 2.274818
v -2.552967 10.158095 12.130989
v -5.047931 10.261640 11.845846
v -2.609209 10.090925 12.572284
v -4.887584 10.325982 11.424980
v -10.450607 14.058912 -4.371985
v -9.205367 14.506661 -6.118124
v -10.829772 14.176440 -4.730167
v -8.915457 14.372347 -5.714051
v 8.838920 14.372347 -5.714051
v 10.374351 14.058912 -4.371985
v 9.128817 14.506661 -6.118124
v 10.753234 14.176440 -4.730167
v 9.802094 -4.426651 2.402141
v 10.098997 -3.743873 2.180795
v 9.730174 -3.850193 2.868057
v 12.384644 5.703208 -0.747067
v 12.363094 5.479334 -0.443449
v 11.680877 3.305064 -1.338907
v 9.994052 -7.079440 1.082462
v 10.287605 -7.006692 0.973610
v 10.194415 -6.715648 1.664788
v 6.965181 14.632568 -6.817698
v 8.838920 14.372347 -5.714051
v 9.128817 14.506661 -6.118124
v 11.512417 13.697948 -2.841034
v 12.718481 13.392920 -1.406345
v 11.966304 13.801493 -3.139615
v 12.213662 13.292177 -1.165972
v -9.629579 -3.850193 2.868057
v -9.998402 -3.743873 2.180795
v -9.701499 -4.426651 2.402141
v 12.729396 12.447091 2.598861
v 12.420458 12.959181 0.248008
v 12.209192 12.430305 2.530022
v 12.972845 13.029154 0.137756
v -12.794738 13.392920 -1.406345
v -11.588954 13.697948 -2.841034
v -12.042841 13.801493 -3.139615
v -12.290214 13.292177 -1.165972
v 9.802094 -4.426651 2.402141
v 9.730174 -3.850193 2.868057
v 9.370037 -4.675692 2.970197
v 8.530261 -6.642900 0.392962
v 8.966802 -6.388256 0.762058
v 8.571118 -6.547762 1.320597
v 10.194415 -6.715648 1.664788
v 10.287605 -7.006692 0.973610
v 10.220435 -6.586938 1.554536
v -12.497008 12.959181 0.248008
v -12.805933 12.447091 2.598861
v -12.285729 12.430305 2.530022
v -13.049382 13.029154 0.137756
v -7.255506 14.766882 -7.229610
v -8.915457 14.372347 -5.714051
v -7.041718 14.632568 -6.817698
v -9.205367 14.506661 -6.118124
v -7.041718 14.632568 -6.817698
v -4.901021 14.825646 -7.641799
v -9.629579 -3.850193 2.868057
v -9.701499 -4.426651 2.402141
v -9.269722 -4.675692 2.970197
v -8.429946 -6.642900 0.392962
v -8.470523 -6.547762 1.320597
v -8.866487 -6.388256 0.762058
v 7.898974 -9.888934 -7.120754
v 6.457561 -10.451382 -3.295757
v 7.481462 -10.616492 -7.391350
v -6.356966 -10.451382 -3.295757
v -7.798379 -9.888934 -7.120754
v -7.380866 -10.616492 -7.391350
v 7.534915 -8.889945 -8.824918
v 7.895332 -9.175359 -8.024605
v 7.536316 -9.625883 -8.798055
v 4.940050 12.760527 9.974900
v 3.777632 15.242600 9.498069
v 3.154725 12.665362 10.497345
v 4.774673 8.588252 9.726690
v 3.154725 12.665362 10.497345
v 2.721840 8.255256 10.213595
v -3.677317 15.242600 9.498069
v -4.839455 12.760527 9.974900
v -3.054143 12.665362 10.497345
v -4.674077 8.588252 9.726690
v -3.054143 12.665362 10.497345
v -2.621245 8.255256 10.213595
v -7.794736 -9.175359 -8.024605
v -7.434319 -8.889945 -8.824918
v -7.435721 -9.625883 -8.798055
v -3.282194 -11.386028 -2.061147
v -3.994087 -11.660261 -3.603290
v -3.166907 -11.391606 -4.150357
v 4.094403 -11.660261 -3.603290
v 3.382789 -11.386028 -2.061147
v 3.267503 -11.391606 -4.150357
v -6.669547 17.173433 -4.424595
v -2.305875 17.173433 -5.423307
v -5.226465 14.543036 -5.632060
v -10.154265 -6.715648 1.665349
v -10.245214 -7.015072 0.974728
v -9.954742 -7.079440 1.080784
v 11.423990 -3.564779 1.467510
v 11.567538 -3.785824 1.908801
v 11.515219 -3.962116 1.876060
v 11.481354 -3.436043 1.552017
v -10.357697 -6.780016 -0.540832
v -10.264522 -6.413448 -0.917761
v -10.219181 -6.533778 -1.034171
v 12.972845 13.029154 0.137756
v 12.718481 13.392920 -1.406345
v 12.213662 13.292177 -1.165972
v 12.420458 12.959181 0.248008
v -12.497008 12.959181 0.248008
v -12.290214 13.292177 -1.165972
v -13.049382 13.029154 0.137756
v -12.794738 13.392920 -1.406345
v -10.946739 -5.338882 -1.606984
v -10.916797 -4.801626 -1.491975
v -10.926591 -4.782038 -1.657352
v 6.807076 -7.471200 -1.165690
v 7.033179 -6.989880 0.300339
v 6.672188 -7.334085 0.279070
v 6.937201 -7.143808 0.279630
v 6.626861 -7.241749 2.059351
v 6.124565 -7.594333 1.669826
v 6.480511 -7.378865 0.256126
v 9.128817 14.506661 -6.118124
v 5.942962 14.895618 -7.783953
v 6.965181 14.632568 -6.817698
v -11.130036 -4.205579 2.107760
v -11.199155 -4.600142 2.442718
v -11.156056 -4.130029 2.256629
v -11.173963 -4.698082 2.317354
v -11.293452 -4.457421 -1.374166
v -11.243642 -3.981705 -1.139387
v -11.283659 -3.906155 -1.237327
v 5.942962 14.895618 -7.783953
v 1.248523 15.122269 -8.759440
v 2.497686 14.945976 -8.155568
v 4.824483 14.825646 -7.641799
v 12.160502 -4.026485 0.388205
v 12.225418 -4.810006 -0.147110
v 12.035703 -4.093656 -0.295141
v -10.573446 1.021646 4.031032
v -12.479088 0.769804 0.810187
v -12.273133 -0.780452 1.832127
v -10.305939 2.406791 3.285286
v -8.945119 1.410605 5.994877
v -11.092261 2.613879 0.365537
v -10.449206 4.721006 0.635293
v -9.547877 4.760182 3.332855
v -10.434368 -5.976907 2.312874
v -10.451168 -5.906961 2.162608
v -10.489783 -6.421827 1.967565
v -3.537959 15.057927 -8.473176
v -7.255506 14.766882 -7.229610
v -4.901021 14.825646 -7.641799
v -10.943390 -5.848197 -1.034171
v -11.045520 -6.178391 -0.624501
v -11.619457 -5.420036 -0.800233
v -11.177325 -5.305310 -1.212145
v -10.943390 -5.848197 -1.034171
v -6.262107 -9.315277 -9.814119
v -6.816176 -8.973875 -9.477203
v -6.188519 -8.632499 -9.759552
v 6.362423 -9.315277 -9.814119
v 6.289101 -8.632499 -9.759552
v 6.916772 -8.973875 -9.477203
v 10.098997 -3.743873 2.180795
v 10.341606 -3.189804 1.684096
v 10.040234 -3.142222 2.439359
v -7.864976 4.813342 5.869236
v -10.305939 2.406791 3.285286
v -8.945119 1.410605 5.994877
v 11.200130 -4.138436 2.242358
v 11.238185 -4.600142 2.442718
v 11.227270 -4.616928 2.292169
v 11.164863 -4.199975 2.124550
v -5.539593 -7.045869 -3.330456
v -5.314610 -7.588729 -2.466622
v -6.151571 -7.059852 -2.328105
v -8.565675 -6.309904 -0.743707
v -8.885234 -6.332294 -0.190482
v -9.027394 -5.996495 -0.890897
v 8.666270 -6.309904 -0.743707
v 9.127709 -5.996495 -0.890897
v 8.985829 -6.332294 -0.190482
v -9.939638 -3.142222 2.439359
v -10.241011 -3.189804 1.684096
v -9.998402 -3.743873 2.180795
v 5.460814 -11.215314 1.324797
v 6.275678 -10.056819 1.076868
v 5.609405 -10.098797 2.279856
v -10.305939 2.406791 3.285286
v -7.864976 4.813342 5.869236
v -9.547877 4.760182 3.332855
v 5.706785 -7.250129 -3.656180
v 6.250485 -7.280925 -2.329226
v 4.990701 -7.588729 -3.529415
v 7.067872 -6.810812 1.166131
v 6.626861 -7.241749 2.059351
v 6.937201 -7.143808 0.279630
v -6.670107 -7.099028 -0.852001
v -5.832852 -7.280925 -2.105922
v -5.963257 -7.588729 -0.510048
v -6.233846 -7.264112 0.521405
v -6.670107 -7.099028 -0.852001
v -5.963257 -7.588729 -0.510048
v -12.073344 -4.275552 0.829776
v -12.124823 -4.810006 0.923519
v -11.796309 -4.415443 1.507244
v 10.392257 4.796556 1.501649
v 8.435964 4.818946 5.379252
v 10.820392 0.979668 2.095167
v -11.752931 -3.307333 1.023978
v -11.518435 -3.234585 0.580168
v -11.662823 -3.450053 1.035173
v 5.785977 -7.261337 2.801180
v 5.010009 -7.269716 4.022916
v 4.634754 -7.605514 3.621922
v 10.098997 -3.743873 2.180795
v 10.040234 -3.142222 2.439359
v 9.730174 -3.850193 2.868057
v 3.862135 -7.059853 -5.072118
v 4.235161 -7.334085 -4.344003
v 2.488452 -7.468399 -5.338518
v -5.821658 -7.238946 2.460068
v -6.480938 -7.048644 0.537353
v -5.589123 -7.594333 1.598189
v 12.225418 -4.810006 0.923519
v 12.160502 -4.026485 0.388205
v 11.966864 -3.959341 1.117441
v -9.939638 -3.142222 2.439359
v -9.998402 -3.743873 2.180795
v -9.629579 -3.850193 2.868057
v 11.277921 -5.305310 -1.212145
v 11.808759 -5.207370 -0.800513
v 11.146676 -5.856577 -0.998074
v 10.970664 -4.776434 -1.672183
v 10.958348 -4.801626 -1.527511
v 10.989411 -5.280118 -1.537025
v -6.669547 17.173433 -4.424595
v -5.226465 14.543036 -5.632060
v -7.751918 15.388123 -4.537086
v -6.480938 -7.048644 0.537353
v -5.941988 -7.367656 0.490622
v -5.589123 -7.594333 1.598189
v -5.539593 -7.045869 -3.330456
v -4.467843 -7.280925 -3.893475
v -5.314610 -7.588729 -2.466622
v 12.035703 -4.093656 -0.295141
v 12.225418 -4.810006 -0.147110
v 11.896625 -4.415443 -0.730834
v 6.362423 -9.315277 -9.814119
v 5.815639 -9.013051 -9.947036
v 6.289101 -8.632499 -9.759552
v 8.435964 4.818946 5.379252
v 8.511514 1.077608 5.931636
v 10.820392 0.979668 2.095167
v -6.188519 -8.632499 -9.759552
v -5.715324 -9.013051 -9.947036
v -6.262107 -9.315277 -9.814119
v -10.245214 -7.015072 0.974728
v -10.054084 -6.908752 0.661600
v -9.997561 -7.031858 0.683987
v -11.737266 -3.223376 0.266200
v -11.696408 -3.380080 0.154266
v -11.515352 -3.226178 0.548548
v -11.420774 -4.745664 -1.146663
v -11.619457 -5.420036 -0.800233
v -11.962808 -4.642120 -0.523202
v -4.751308 -9.995254 -9.643141
v -4.013675 -10.009264 -9.104470
v -4.438180 -10.652866 -8.927338
v 6.395728 -7.124220 -2.393587
v 6.807076 -7.471200 -1.165690
v 5.965619 -7.356475 -2.226249
v 5.815639 -9.013051 -9.947036
v 5.637386 -9.550334 -9.947316
v 5.168395 -9.217338 -9.949835
v 4.852184 -9.995254 -9.643421
v 4.538776 -10.652866 -8.927338
v 4.113991 -10.009264 -9.104470
v -5.715324 -9.013051 -9.947036
v -5.068079 -9.217338 -9.949835
v -5.536790 -9.550334 -9.947316
v -6.366479 -6.810812 1.769727
v -6.480938 -7.048644 0.537353
v -5.821658 -7.238946 2.460068
v -4.633500 -7.020677 -4.017161
v -3.460167 -7.468399 -4.743319
v -4.244809 -7.356475 -3.713824
v -5.331397 -6.970292 3.130817
v -4.835251 -7.387244 2.846511
v -4.141558 -7.429222 4.096511
v -7.864976 4.813342 5.869236
v -7.121752 1.617693 7.369685
v -6.580560 4.785348 6.980439
v 4.420127 -7.015072 -4.549957
v 5.706785 -7.250129 -3.656180
v 4.990701 -7.588729 -3.529415
v 4.098592 -7.353673 -4.208284
v -6.183475 -9.995253 0.584926
v -6.095890 -10.160363 -0.760216
v -5.660470 -11.201330 -0.292902
v -6.151571 -7.059852 -2.328105
v -6.028733 -7.269716 -1.580401
v -6.215940 -6.642900 -1.628250
v -5.314610 -7.588729 -2.466622
v -6.028733 -7.269716 -1.580401
v 0.244783 -7.241749 -5.863759
v 1.336122 -7.367657 -5.260443
v -0.085424 -7.597136 -5.307735
v 6.457561 -10.451382 -3.295757
v 6.103575 -10.009263 -1.795308
v 5.670958 -11.075422 -2.528184
v 7.895332 -9.175359 -8.024605
v 8.022374 -9.088628 -7.000708
v 7.898974 -9.888934 -7.120754
v -5.570376 -11.075422 -2.528184
v -6.002980 -10.009263 -1.795308
v -6.356966 -10.451382 -3.295757
v -7.798379 -9.888934 -7.120754
v -7.921778 -9.088628 -7.000708
v -7.794736 -9.175359 -8.024605
v 11.519408 10.770927 -0.200001
v 11.160393 11.397744 2.322667
v 10.813680 8.588251 2.321830
v -7.121752 1.617693 7.369685
v -7.864976 4.813342 5.869236
v -8.945119 1.410605 5.994877
v -0.085424 -7.597136 -5.307735
v -1.687452 -7.378865 -5.063445
v -1.850307 -7.034660 -5.477312
v 0.244783 -7.241749 -5.863759
v 3.482130 -7.264112 4.623153
v 2.082428 -7.247326 5.417588
v 2.221212 -7.588728 4.816514
v -7.240948 9.293421 8.186226
v -7.199824 11.372553 8.527061
v -9.603279 10.429525 5.732957
v 7.088020 -6.810812 -1.514358
v 7.033179 -6.989880 0.300339
v 6.807076 -7.471200 -1.165690
v 7.088020 -6.810812 -1.514358
v 6.395728 -7.124220 -2.393587
v -3.166907 -11.391606 -4.150357
v -5.117049 -11.148171 -8.607491
v -4.438180 -10.652866 -8.927338
v 6.626861 -7.241749 2.059351
v 5.522367 -7.356475 2.660985
v 6.124565 -7.594333 1.669826
v 11.808759 -5.207370 1.577203
v 11.457562 -4.907946 1.972042
v 11.212432 -5.475998 1.965047
v -11.356980 -4.907946 1.972042
v -11.708444 -5.207370 1.577203
v -11.112130 -5.475998 1.965047
v 10.341606 -3.189804 1.684096
v 10.517057 -2.778456 0.770451
v 10.267737 -2.618950 1.749859
v 6.916772 -8.973875 -9.477203
v 7.294255 -8.444998 -8.969313
v 7.534915 -8.889945 -8.824918
v 5.217364 -11.148171 -8.607491
v 3.267503 -11.391606 -4.150357
v 4.538776 -10.652866 -8.927338
v 6.683383 4.796556 6.982397
v 8.511514 1.077608 5.931636
v 8.435964 4.818946 5.379252
v 1.445243 -6.936720 -5.737554
v 1.336122 -7.367657 -5.260443
v 0.244783 -7.241749 -5.863759
v -10.167142 -2.618950 1.749859
v -10.416462 -2.778456 0.770451
v -10.241011 -3.189804 1.684096
v -6.816176 -8.973875 -9.477203
v -7.434319 -8.889945 -8.824918
v -7.193659 -8.444998 -8.969313
v -4.839455 12.760527 9.974900
v -7.199824 11.372553 8.527061
v -4.674077 8.588252 9.726690
v -7.240948 9.293421 8.186226
v -3.460167 -7.468399 -4.743319
v -1.849747 -6.989880 -5.506134
v -1.682128 -7.378865 -5.074917
v -3.498502 -11.223721 -3.111908
v -1.866813 -10.082011 -4.196251
v 0.649407 -11.240506 -3.970149
v 3.862135 -7.059853 -5.072118
v 4.405289 -6.975896 -4.544079
v 4.235161 -7.334085 -4.344003
v -9.988328 -6.530976 2.043679
v -10.489783 -6.421827 1.967565
v -10.135238 -6.704466 1.638766
v -5.821658 -7.238946 2.460068
v -5.589123 -7.594333 1.598189
v -5.071709 -7.286502 2.993421
v 3.658703 -11.226522 3.323903
v 2.008546 -10.087615 4.410761
v -0.484176 -11.240506 4.184381
v 10.706225 5.185514 -0.617507
v 10.813680 8.588251 2.321830
v 10.392257 4.796556 1.501649
v -12.273133 -0.780452 1.832127
v -12.479088 0.769804 0.810187
v -12.315952 0.364033 0.712808
v -11.993590 -0.897980 1.636807
v -1.725507 -7.241748 5.363862
v -2.675526 -7.261336 4.718014
v -0.912604 -7.560734 5.182532
v 10.341606 -3.189804 1.684096
v 10.267737 -2.618950 1.749859
v 10.040234 -3.142222 2.439359
v 8.666270 -6.309904 -0.743707
v 8.985829 -6.332294 -0.190482
v 8.530261 -6.642900 0.392962
v -11.796309 -4.415443 1.507244
v -11.708444 -5.207370 1.577203
v -11.356980 -4.907946 1.972042
v 10.832147 -5.050666 2.531982
v 10.886161 -5.512399 2.355129
v 10.827396 -5.053468 2.404660
v 6.022995 -6.936720 2.938857
v 5.522367 -7.356475 2.660985
v 6.626861 -7.241749 2.059351
v 2.082428 -7.247326 5.417588
v 0.407359 -7.280924 5.324128
v 2.221212 -7.588728 4.816514
v 6.485542 -6.810812 -2.410933
v 6.250485 -7.280925 -2.329226
v 5.706785 -7.250129 -3.656180
v -10.167142 -2.618950 1.749859
v -10.241011 -3.189804 1.684096
v -9.939638 -3.142222 2.439359
v -8.565675 -6.309904 -0.743707
v -8.429946 -6.642900 0.392962
v -8.885234 -6.332294 -0.190482
v 0.050291 10.474306 10.736598
v -3.054143 12.665362 10.497345
v -2.621245 8.255256 10.213595
v 10.925617 -6.556141 0.123767
v 10.997805 -6.494602 0.814664
v 10.497189 -6.642900 0.220025
v -10.140268 -5.926549 2.402141
v -10.796200 -5.671878 2.478535
v -10.417302 -5.920945 2.244596
v 4.634754 -7.605514 3.621922
v 3.578109 -7.006692 4.761947
v 3.318995 -7.367656 4.386976
v 5.010009 -7.269716 4.022916
v 10.997805 -6.494602 0.814664
v 11.104137 -6.251139 1.313322
v 10.691108 -6.298722 1.470866
v 11.519408 10.770927 -0.200001
v 10.813680 8.588251 2.321830
v 10.706225 5.185514 -0.617507
v 4.470498 -11.223721 -2.547492
v 0.649407 -11.240506 -3.970149
v 2.033738 -10.082011 -4.196251
v 4.213052 -10.065226 -3.315625
v -9.954742 -7.079440 1.080784
v -10.245214 -7.015072 0.974728
v -9.997561 -7.031858 0.683987
v -7.109156 15.600789 7.185836
v -9.097073 13.518854 6.125838
v -6.606019 13.451685 8.649627
v -7.199824 11.372553 8.527061
v -9.603279 10.429525 5.732957
v -7.199824 11.372553 8.527061
v -7.864976 4.813342 5.869236
v -9.547877 4.760182 3.332855
v -11.207829 10.854884 1.617498
v -10.449206 4.721006 0.635293
v -10.484739 10.549855 3.869010
v 11.314295 -3.763461 2.143020
v 11.182489 -4.149617 2.190589
v 11.567538 -3.785824 1.908801
v 10.706225 5.185514 -0.617507
v 10.552604 4.164135 -0.996394
v 10.679086 7.502504 -0.325922
v -4.294899 -11.226522 2.759766
v -0.484176 -11.240506 4.184381
v -1.855071 -10.084813 4.408242
v -3.990165 -10.082011 3.542730
v -2.784941 -7.034659 4.897945
v -4.141558 -7.429222 4.096511
v -2.530297 -7.404030 4.491074
v 0.419394 -7.020676 5.509374
v -0.912604 -7.560734 5.182532
v 0.402889 -7.359276 5.031982
v -2.263617 -10.890724 -2.728541
v -3.282194 -11.386028 -2.061147
v -3.166907 -11.391606 -4.150357
v 3.267503 -11.391606 -4.150357
v 3.382789 -11.386028 -2.061147
v 2.364212 -10.890724 -2.728541
v -11.761323 -3.978929 -0.522081
v -11.962808 -4.642120 -0.523202
v -12.117830 -4.295140 0.159023
v 11.104137 -6.251139 1.313322
v 11.275959 -5.853775 1.668708
v 10.691108 -6.298722 1.470866
v 4.113991 -10.009264 -9.104470
v 3.910838 -9.301293 -9.166030
v 4.014930 -8.551345 -9.065572
v -3.810243 -9.304095 -9.166030
v -4.013675 -10.009264 -9.104470
v -3.914614 -8.551345 -9.065852
v -4.777328 -10.932702 -1.226135
v -6.002980 -10.009263 -1.795308
v -5.570376 -11.075422 -2.528184
v -5.362740 -9.944895 -0.882224
v 5.670958 -11.075422 -2.528184
v 6.103575 -10.009263 -1.795308
v 4.877643 -10.932702 -1.226135
v 5.463055 -9.944895 -0.882224
v 5.604922 15.427299 -5.354188
v 6.770142 17.173433 -4.424595
v 7.852513 15.388123 -4.537086
v 7.852513 15.388123 -4.537086
v 6.614825 11.825878 -5.590925
v 8.313111 11.618816 -4.776618
v -10.215271 -6.514190 -1.020461
v -10.521127 -6.360261 -1.187240
v -10.267591 -6.337898 -1.374443
v 6.002847 -6.810812 2.907794
v 5.010009 -7.269716 4.022916
v 5.785977 -7.261337 2.801180
v -11.420774 -4.745664 -1.146663
v -11.177325 -5.305310 -1.212145
v -11.619457 -5.420036 -0.800233
v -10.819417 -5.050666 2.389268
v -10.673067 -5.750231 2.234802
v -10.796200 -5.671878 2.478535
v -6.482900 -6.810812 0.553025
v -6.670107 -7.099028 -0.852001
v -6.233846 -7.264112 0.521405
v 10.474519 -5.976907 2.312598
v 10.569950 -6.312706 1.969524
v 10.481244 -5.912539 2.167645
v 10.287605 -7.006692 0.973610
v 9.994052 -7.079440 1.082462
v 10.057300 -6.961912 0.687342
v 9.758155 -7.037462 0.690982
v -6.068189 -6.810812 -2.187072
v -5.832852 -7.280925 -2.105922
v -6.670107 -7.099028 -0.852001
v -0.897766 -6.810813 -5.863478
v 0.244783 -7.241749 -5.863759
v -1.850307 -7.034660 -5.477312
v 3.658703 -11.226522 3.323903
v 5.609405 -10.098797 2.279856
v 4.204659 -10.068027 3.522861
v -11.643235 -4.317503 -0.871029
v -11.420774 -4.745664 -1.146663
v -11.962808 -4.642120 -0.523202
v -5.068079 -9.217338 -9.949835
v -4.751308 -9.995254 -9.643141
v -5.310688 -9.928110 -9.870922
v -4.512049 -9.239727 -9.687354
v -10.208265 4.427186 -1.422857
v -10.994308 4.004629 -0.333757
v -10.843769 6.819726 -0.333757
v -10.543504 1.472170 -0.926158
v -8.870970 2.521543 -2.966958
v -8.517545 1.567308 -2.777512
v -6.700329 -0.178828 -2.321390
v -11.192990 9.234656 -1.628531
v -10.843769 6.819726 -0.333757
v -11.497166 10.597438 -0.129481
v -10.764576 13.600008 -2.212536
v -11.214820 13.451684 -0.213711
v 5.168395 -9.217338 -9.949835
v 5.411283 -9.928110 -9.870922
v 4.852184 -9.995254 -9.643421
v 4.612364 -9.239727 -9.687354
v 5.489635 -6.810813 -4.038707
v 5.706785 -7.250129 -3.656180
v 4.420127 -7.015072 -4.549957
v -2.305875 17.173433 -5.423307
v -1.867653 15.556008 -5.838014
v -5.226465 14.543036 -5.632060
v 6.807076 -7.471200 -1.165690
v 6.139682 -7.521558 -1.167932
v 5.965619 -7.356475 -2.226249
v -10.613183 -6.612130 0.660199
v -10.923522 -6.458201 -0.152988
v -10.518886 -6.466608 -0.418823
v -10.994308 -6.511388 0.511611
v -6.816176 -8.973875 -9.477203
v -6.513123 -8.274310 -9.460414
v -6.188519 -8.632499 -9.759552
v 6.916772 -8.973875 -9.477203
v 6.289101 -8.632499 -9.759552
v 6.613705 -8.274310 -9.460414
v 11.160393 11.397744 2.322667
v 9.703875 10.429525 5.732957
v 10.813680 8.588251 2.321830
v 8.435964 4.818946 5.379252
v 10.392257 4.796556 1.501649
v 9.703875 10.429525 5.732957
v -3.687111 -6.810813 -4.954310
v -3.460167 -7.468399 -4.743319
v -4.633500 -7.020677 -4.017161
v 10.517057 -2.778456 0.770451
v 10.380502 -2.364306 0.860559
v 10.267737 -2.618950 1.749859
v -10.279906 -2.364306 0.860559
v -10.416462 -2.778456 0.770451
v -10.167142 -2.618950 1.749859
v -3.460167 -7.468399 -4.743319
v -1.682128 -7.378865 -5.074917
v -3.151242 -7.521559 -4.246059
v -3.460167 -7.468399 -4.743319
v -4.244809 -7.356475 -3.713824
v -4.438180 -10.652866 -8.927338
v -2.670775 -10.644460 -5.222948
v -3.166907 -11.391606 -4.150357
v -10.994589 10.535871 -8.252110
v -8.619955 10.882851 -9.629433
v -9.088387 10.916422 -10.156912
v -11.557050 10.577848 -8.728381
v 4.538776 -10.652866 -8.927338
v 3.267503 -11.391606 -4.150357
v 2.771918 -10.644460 -5.223785
v -10.782203 -5.050666 2.520510
v -10.796200 -5.671878 2.478535
v -10.618506 -5.397646 2.634959
v 8.545099 10.880049 -9.629993
v 10.934010 10.533069 -8.238677
v 9.011848 10.916422 -10.156912
v 11.480513 10.577848 -8.728381
v -4.647764 -6.810813 -4.043184
v -4.467843 -7.280925 -3.893475
v -5.539593 -7.045869 -3.330456
v 9.703875 10.429525 5.732957
v 7.341263 9.293421 8.186226
v 8.435964 4.818946 5.379252
v -11.761323 -3.978929 -0.522081
v -11.643235 -4.317503 -0.871029
v -11.962808 -4.642120 -0.523202
v -2.824117 -6.810812 4.932645
v -2.675526 -7.261336 4.718014
v -1.725507 -7.241748 5.363862
v 7.898974 -9.888934 -7.120754
v 6.738518 -9.595113 -3.142969
v 6.457561 -10.451382 -3.295757
v -6.356966 -10.451382 -3.295757
v -6.637923 -9.595113 -3.142969
v -7.798379 -9.888934 -7.120754
v 7.341263 9.293421 8.186226
v 6.683383 4.796556 6.982397
v 8.435964 4.818946 5.379252
v 9.703875 10.429525 5.732957
v 7.300419 11.372553 8.527061
v 0.419394 -7.020676 5.509374
v -1.725507 -7.241748 5.363862
v -0.912604 -7.560734 5.182532
v 4.986218 13.879844 -8.212374
v 4.189260 14.165257 -8.999534
v 2.484823 14.008554 -8.748526
v -12.934095 10.141308 -6.590478
v -10.994589 10.535871 -8.252110
v -11.557050 10.577848 -8.728381
v -13.582742 10.166500 -6.987836
v -5.084024 13.877042 -8.207897
v -2.561080 14.008554 -8.748526
v -4.265798 14.165257 -8.999534
v -11.903764 -3.766237 0.445571
v -12.073344 -4.275552 0.829776
v -11.791546 -3.894973 1.138430
v -11.791546 -3.894973 1.138430
v -11.796309 -4.415443 1.507244
v 1.418944 -6.810813 -5.710971
v 2.488452 -7.468399 -5.338518
v 1.384251 -7.261337 -5.502778
v 3.613095 -6.810812 4.803084
v 2.082428 -7.247326 5.417588
v 3.482130 -7.264112 4.623153
v -3.783930 -6.810812 4.610000
v -4.141558 -7.429222 4.096511
v -2.784941 -7.034659 4.897945
v -13.582742 10.166500 -6.987836
v -15.088231 9.696362 -5.001884
v -14.369905 9.696362 -4.699667
v -12.934095 10.141308 -6.590478
v 10.934010 10.533069 -8.238677
v 12.858679 10.141308 -6.589637
v 11.480513 10.577848 -8.728381
v 13.506205 10.166500 -6.987836
v 4.733255 -6.810812 4.387816
v 3.578109 -7.006692 4.761947
v 5.010009 -7.269716 4.022916
v -0.975838 -6.810812 5.616271
v -1.725507 -7.241748 5.363862
v 0.419394 -7.020676 5.509374
v -15.554700 8.758940 -0.739792
v -15.257531 9.209464 -2.641794
v -16.328159 8.716961 -0.857320
v -16.015032 9.187074 -2.847192
v -15.257531 9.209464 -2.641794
v -15.088231 9.696362 -5.001884
v -16.015032 9.187074 -2.847192
v -14.369905 9.696362 -4.699667
v 12.858679 10.141308 -6.589637
v 14.293928 9.696362 -4.699107
v 13.506205 10.166500 -6.987836
v 15.011686 9.696362 -5.001884
v 14.293928 9.696362 -4.699107
v 15.180986 9.209464 -2.641237
v 15.011686 9.696362 -5.001884
v 15.938768 9.187074 -2.847192
v 10.517057 -2.778456 0.770451
v 10.349998 -2.431449 -0.068758
v 10.380502 -2.364306 0.860559
v 10.487395 -2.856808 -0.236377
v 4.213052 -10.065226 -3.315625
v 5.726092 -10.045637 -1.922631
v 4.470498 -11.223721 -2.547492
v -15.554700 8.758940 -0.739792
v -16.015032 7.986600 2.235362
v -15.254169 8.062177 2.206820
v -16.328159 8.716961 -0.857320
v 16.251616 8.716961 -0.857320
v 15.938768 9.187074 -2.847192
v 15.180986 9.209464 -2.641237
v 15.478163 8.758940 -0.740072
v -11.903764 -3.766237 0.445571
v -12.117830 -4.295140 0.159023
v -12.073344 -4.275552 0.829776
v -11.761323 -3.978929 -0.522081
v -12.117830 -4.295140 0.159023
v -14.369065 7.393383 5.039260
v -13.582742 6.635027 7.950052
v -12.933255 6.774946 7.648953
v -15.088231 7.284235 5.209394
v -15.254169 8.062177 2.206820
v -15.088231 7.284235 5.209394
v -14.369065 7.393383 5.039260
v -16.015032 7.986600 2.235362
v 15.478163 8.758940 -0.740072
v 15.177631 8.062177 2.206540
v 15.938768 7.986600 2.235362
v 16.251616 8.716961 -0.857320
v 15.177631 8.062177 2.206540
v 14.292247 7.393383 5.040098
v 15.011686 7.284235 5.209394
v 15.938768 7.986600 2.235362
v -10.279906 -2.364306 0.860559
v -10.249403 -2.431449 -0.068758
v -10.416462 -2.778456 0.770451
v -10.386800 -2.856808 -0.236377
v 6.738518 -9.595113 -3.142969
v 6.103575 -10.009263 -1.795308
v 6.457561 -10.451382 -3.295757
v -12.933255 6.774946 7.648953
v -11.557050 6.066976 10.352394
v -11.001874 6.234888 9.936005
v -13.582742 6.635027 7.950052
v 14.292247 7.393383 5.040098
v 12.856438 6.774946 7.649794
v 13.506205 6.635027 7.950052
v 15.011686 7.284235 5.209394
v 8.666270 -6.309904 -0.743707
v 9.019415 -5.501191 -1.523315
v 9.127709 -5.996495 -0.890897
v 9.362765 -5.445229 -1.393474
v -8.918819 -5.501191 -1.523315
v -8.565675 -6.309904 -0.743707
v -9.027394 -5.996495 -0.890897
v -9.262170 -5.445229 -1.393474
v -6.002980 -10.009263 -1.795308
v -6.637923 -9.595113 -3.142969
v -6.356966 -10.451382 -3.295757
v 1.456719 13.297782 -6.204872
v -1.867653 15.556008 -5.838014
v 2.552260 17.162252 -5.439816
v -3.687111 -6.810813 -4.954310
v -1.849747 -6.989880 -5.506134
v -3.460167 -7.468399 -4.743319
v -5.294743 -6.810812 3.131658
v -5.821658 -7.238946 2.460068
v -5.071709 -7.286502 2.993421
v -9.088387 5.602468 12.324075
v -6.272182 5.255461 13.788983
v -8.649337 5.792743 11.812264
v -5.965765 5.462549 13.205819
v -11.557050 6.066976 10.352394
v -9.088387 5.602468 12.324075
v -11.001874 6.234888 9.936005
v -8.649337 5.792743 11.812264
v 12.856438 6.774946 7.649794
v 10.925056 6.234888 9.936565
v 11.480513 6.066976 10.352394
v 13.506205 6.635027 7.950052
v 9.011848 5.602468 12.324075
v 10.925056 6.234888 9.936565
v 8.572239 5.792743 11.812545
v 11.480513 6.066976 10.352394
v 8.572239 5.792743 11.812545
v 6.195644 5.255461 13.788983
v 9.011848 5.602468 12.324075
v 5.888948 5.462549 13.205819
v 2.977872 5.261065 14.063215
v -0.038135 4.970047 14.995614
v 3.139900 5.042795 14.691159
v -0.038415 5.191119 14.350044
v -0.038415 5.191119 14.350044
v -3.054423 5.261065 14.062936
v -0.038135 4.970047 14.995614
v -3.216158 5.042795 14.691159
v -3.054423 5.261065 14.062936
v -5.965765 5.462549 13.205819
v -3.216158 5.042795 14.691159
v -6.272182 5.255461 13.788983
v 5.888948 5.462549 13.205819
v 3.139900 5.042795 14.691159
v 6.195644 5.255461 13.788983
v 2.977872 5.261065 14.063215
v 6.916772 -8.973875 -9.477203
v 6.613705 -8.274310 -9.460414
v 7.294255 -8.444998 -8.969313
v -6.816176 -8.973875 -9.477203
v -7.193659 -8.444998 -8.969313
v -6.513123 -8.274310 -9.460414
v 1.456719 13.297782 -6.204872
v 2.552260 17.162252 -5.439816
v 2.899240 13.261408 -6.121483
v -2.675526 -7.261336 4.718014
v -1.248669 -7.524360 4.721653
v -0.912604 -7.560734 5.182532
v -2.393461 -7.258534 4.233070
v 2.475309 -7.524361 -4.788929
v 4.235161 -7.334085 -4.344003
v 3.911105 -7.266915 -4.006246
v 2.488452 -7.468399 -5.338518
v -3.498502 -11.223721 -3.111908
v -4.901861 -10.054017 -2.669217
v -3.517250 -10.070829 -3.583142
v -6.580560 4.785348 6.980439
v -7.240948 9.293421 8.186226
v -7.864976 4.813342 5.869236
v -7.240948 9.293421 8.186226
v -9.603279 10.429525 5.732957
v -3.990165 -10.082011 3.542730
v -5.556378 -10.042835 2.136582
v -4.294899 -11.226522 2.759766
v -3.498502 -11.223721 -3.111908
v -3.517250 -10.070829 -3.583142
v -1.866813 -10.082011 -4.196251
v 8.561604 11.711152 -4.373663
v 9.956557 14.878834 -1.880377
v 10.571631 10.118918 -1.963489
v 7.810268 6.416757 -4.110345
v 9.388784 5.745187 -1.873381
v 8.561604 11.711152 -4.373663
v 7.810268 6.416757 -4.110345
v -0.484176 -11.240506 4.184381
v 2.008546 -10.087615 4.410761
v 0.083596 -10.084813 4.613079
v -9.856242 14.878834 -1.880377
v -8.461009 11.711152 -4.373663
v -10.471316 10.118918 -1.963489
v -9.288189 5.745187 -1.873381
v -7.709673 6.416757 -4.110345
v -8.461009 11.711152 -4.373663
v -7.709673 6.416757 -4.110345
v -1.867653 15.556008 -5.838014
v -2.305875 17.173433 -5.423307
v 2.552260 17.162252 -5.439816
v 1.456719 13.297782 -6.204872
v -2.861332 13.093522 -6.107492
v 10.960310 -6.284711 -0.617226
v 10.925617 -6.556141 0.123767
v 10.497189 -6.642900 0.220025
v -5.201552 -8.484175 -9.852175
v -5.068079 -9.217338 -9.949835
v -5.715324 -9.013051 -9.947036
v 5.815639 -9.013051 -9.947036
v 5.168395 -9.217338 -9.949835
v 5.302148 -8.484175 -9.852175
v 9.918502 -6.844384 -0.775608
v 10.271927 -6.530976 -1.034171
v 10.326501 -6.925538 -0.559299
v 2.899240 13.261408 -6.121483
v 5.604922 15.427299 -5.354188
v 6.614825 11.825878 -5.590925
v 2.552260 17.162252 -5.439816
v 7.535195 13.885422 -7.809699
v 4.986218 13.879844 -8.212374
v 7.158259 13.697948 -7.395548
v 4.189260 14.165257 -8.999534
v -7.611453 13.885422 -7.809699
v -5.084024 13.877042 -8.207897
v -4.265798 14.165257 -8.999534
v -7.231154 13.697948 -7.392749
v 9.769630 -6.992682 -0.159983
v 10.326501 -6.925538 -0.559299
v 10.074085 -6.987104 -0.126124
v 2.721840 8.255256 10.213595
v 0.050291 10.474306 10.736598
v 0.050291 6.968024 9.945238
v 0.050291 6.968024 9.945238
v 0.050291 10.474306 10.736598
v -2.621245 8.255256 10.213595
v -5.226465 14.543036 -5.632060
v -1.867653 15.556008 -5.838014
v -2.861332 13.093522 -6.107492
v 7.534915 -8.889945 -8.824918
v 7.731356 -8.391838 -8.052309
v 7.895332 -9.175359 -8.024605
v -7.794736 -9.175359 -8.024605
v -7.630760 -8.391838 -8.052309
v -7.434319 -8.889945 -8.824918
v 9.388784 5.745187 -1.873381
v 10.571631 10.118918 -1.963489
v 10.121374 6.884094 -0.211753
v 10.866572 10.144111 -0.195801
v -10.020792 6.884094 -0.211753
v -10.765977 10.144111 -0.195801
v -10.471316 10.118918 -1.963489
v -9.288189 5.745187 -1.873381
v -11.345785 -3.304531 0.563099
v -11.515352 -3.226178 0.548548
v -11.696408 -3.380080 0.154266
v 10.138734 -6.307101 -1.413619
v 10.586176 -5.730642 -1.596349
v 10.627873 -6.234354 -1.264751
v 1.261959 -7.244524 -4.942838
v 2.488452 -7.468399 -5.338518
v 2.475309 -7.524361 -4.788929
v 1.384251 -7.261337 -5.502778
v 6.672188 -7.334085 0.279070
v 6.139682 -7.521558 -1.167932
v 6.807076 -7.471200 -1.165690
v 6.160111 -7.266914 0.241855
v 2.484823 14.008554 -8.748526
v -0.038135 14.266000 -9.429633
v -0.038135 14.050531 -8.922023
v 4.189260 14.165257 -8.999534
v 11.685066 -3.953737 -0.668434
v 11.896625 -4.415443 -0.730834
v 11.551873 -4.622532 -1.123158
v 11.808759 -5.207370 -0.800513
v 11.551873 -4.622532 -1.123158
v 10.501112 -5.338882 2.686167
v 10.801364 -5.683087 2.465662
v 10.832147 -5.050666 2.531982
v -4.141558 -7.429222 4.096511
v -4.835251 -7.387244 2.846511
v -2.530297 -7.404030 4.491074
v -2.561080 14.008554 -8.748526
v -0.038135 14.050531 -8.922023
v -0.038135 14.266000 -9.429633
v -4.265798 14.165257 -8.999534
v -10.607032 -5.047864 -1.868063
v -10.946739 -5.338882 -1.606984
v -10.926591 -4.782038 -1.657352
v -5.314610 -7.588729 -2.466622
v -4.467843 -7.280925 -3.893475
v -3.980090 -7.266915 -3.512626
v 0.407639 -6.810812 5.536237
v 0.407359 -7.280924 5.324128
v 2.082428 -7.247326 5.417588
v 2.659994 -6.575730 -5.575813
v 3.862135 -7.059853 -5.072118
v 2.488452 -7.468399 -5.338518
v 1.418944 -6.810813 -5.710971
v 0.083596 -10.084813 -4.399967
v 2.033738 -10.082011 -4.196251
v 0.649407 -11.240506 -3.970149
v -1.866813 -10.082011 -4.196251
v 0.083596 -10.084813 -4.399967
v 7.341263 9.293421 8.186226
v 4.774673 8.588252 9.726690
v 6.683383 4.796556 6.982397
v 6.683383 4.796556 6.982397
v 4.096924 4.715402 8.339575
v 4.774673 8.588252 9.726690
v 2.721840 8.255256 10.213595
v 7.300419 11.372553 8.527061
v 7.341263 9.293421 8.186226
v 4.940050 12.760527 9.974900
v -5.963257 -7.588729 -0.510048
v -5.832852 -7.280925 -2.105922
v -5.244652 -7.266914 -1.915075
v -9.377176 -4.474207 -1.816018
v -9.555149 -4.768028 -1.623213
v -9.918649 -3.911759 -1.506246
v 11.457562 -4.907946 1.972042
v 11.896625 -4.415443 1.507244
v 11.551312 -4.275552 1.782597
v 9.477491 -4.474207 -1.816018
v 10.018964 -3.911759 -1.506246
v 9.655465 -4.768028 -1.623213
v -8.189019 11.529256 -4.734643
v -7.751918 15.388123 -4.537086
v -5.939186 12.771708 -5.393924
v -5.226465 14.543036 -5.632060
v -11.450717 -4.275552 1.782597
v -11.796309 -4.415443 1.507244
v -11.356980 -4.907946 1.972042
v 11.560826 -3.234585 0.552184
v 11.385375 -3.304531 0.563099
v 11.727324 -3.402471 0.016309
v 3.658703 -11.226522 3.323903
v 4.204659 -10.068027 3.522861
v 2.008546 -10.087615 4.410761
v 2.221212 -7.588728 4.816514
v 0.407359 -7.280924 5.324128
v 0.393642 -7.266914 4.798047
v 4.990701 -7.588729 -3.529415
v 6.250485 -7.280925 -2.329226
v 5.641856 -7.266914 -2.099764
v 5.785977 -7.261337 2.801180
v 4.634754 -7.605514 3.621922
v 5.212321 -7.244524 2.490567
v -4.674077 8.588252 9.726690
v -7.240948 9.293421 8.186226
v -6.580560 4.785348 6.980439
v 11.314295 -3.763461 2.143020
v 10.967301 -3.990111 2.335261
v 11.182489 -4.149617 2.190589
v -5.589123 -7.594333 1.598189
v -4.551505 -7.264112 2.694003
v -5.071709 -7.286502 2.993421
v -5.939186 12.771708 -5.393924
v -3.570703 11.523652 -6.020184
v -6.177604 9.245837 -5.575533
v -8.189019 11.529256 -4.734643
v -6.752929 11.921017 -5.072960
v -7.176873 10.188865 -5.186292
v -7.697637 9.326992 -4.955989
v -6.752088 7.636817 -4.878197
v -8.235747 9.201084 -4.704984
v -9.629859 9.058364 -4.039825
v -9.509262 13.538443 -3.801411
v -7.617884 6.108953 -4.860007
v -10.596116 9.049957 -2.896722
v -10.764576 13.600008 -2.212536
v -11.192990 9.234656 -1.628531
v -10.208265 4.427186 -1.422857
v -8.870970 2.521543 -2.966958
v -7.867498 2.445967 -4.112022
v -7.247393 4.673423 -4.826149
v -5.824740 0.797771 -4.856651
v -6.705080 0.677441 -3.643308
v -5.824740 0.797771 -4.856651
v -4.799438 -0.324350 -4.397730
v 3.482130 -7.264112 4.623153
v 2.221212 -7.588728 4.816514
v 3.151376 -7.244524 4.125336
v -11.412102 -3.002304 0.581566
v -11.737266 -3.223376 0.266200
v -11.515352 -3.226178 0.548548
v -10.489783 -6.421827 1.967565
v -10.142790 -5.918143 2.405781
v -10.434368 -5.976907 2.312874
v -9.988328 -6.530976 2.043679
v -10.667477 -4.737258 2.659864
v -11.199155 -4.600142 2.442718
v -10.789474 -5.053468 2.537299
v 7.001835 -6.586938 0.288864
v 7.067872 -6.810812 1.166131
v 6.937201 -7.143808 0.279630
v -4.757179 -6.679274 2.971595
v -3.931681 -6.679274 -3.357320
v -2.854620 -6.679273 4.175144
v -1.826529 -6.676472 -4.251377
v -5.404144 -6.679274 -1.940261
v -5.833133 -6.679274 1.401191
v -6.039648 -6.676472 -0.137036
v -0.512157 -6.676471 4.751316
v -0.503204 -6.676472 -4.427392
v 1.928793 -6.679273 4.541441
v 0.541393 -6.656884 -4.499306
v -0.313208 -6.628916 -4.554994
v 1.994842 -6.676472 -4.251377
v 4.099994 -6.679274 -3.357039
v 4.620197 -6.676471 3.309071
v 5.572738 -6.679274 -1.940261
v 6.005355 -6.679274 1.388038
v 6.208241 -6.676472 -0.136475
v 6.626861 -6.379849 2.059351
v 6.022995 -6.936720 2.938857
v 7.067872 -6.810812 1.166131
v -6.233846 -7.264112 0.521405
v -5.963257 -7.588729 -0.510048
v -5.553857 -7.244524 0.459282
v -10.943390 -5.848197 -1.034171
v -10.518886 -6.466608 -0.418823
v -11.045520 -6.178391 -0.624501
v 11.887111 -3.634725 0.223665
v 12.160502 -4.026485 0.388205
v 12.035703 -4.093656 -0.295141
v 0.083596 -10.084813 4.613079
v -1.855071 -10.084813 4.408242
v -0.484176 -11.240506 4.184381
v 3.665694 12.111319 -5.785408
v -2.340848 14.839658 -5.587566
v 3.521867 14.836856 -5.414633
v -9.560460 -0.220806 0.103337
v -10.828931 0.904118 0.482508
v -10.934998 0.761397 0.159863
v -12.476580 2.832150 0.238215
v -12.378920 2.860117 0.588561
v -4.512049 -9.239727 -9.687354
v -4.013675 -10.009264 -9.104470
v -4.751308 -9.995254 -9.643141
v 4.612364 -9.239727 -9.687354
v 4.852184 -9.995254 -9.643421
v 4.113991 -10.009264 -9.104470
v 10.487395 -2.856808 -0.236377
v 10.181540 -2.814830 -0.896775
v 10.349998 -2.431449 -0.068758
v 10.335454 -3.200986 -0.923919
v -2.263617 -10.890724 -2.728541
v -3.166907 -11.391606 -4.150357
v -2.670775 -10.644460 -5.222948
v -6.028733 -7.269716 -1.580401
v -5.314610 -7.588729 -2.466622
v -5.419823 -7.236145 -1.440763
v -10.249403 -2.431449 -0.068758
v -10.081223 -2.814830 -0.896775
v -10.386800 -2.856808 -0.236377
v -10.234859 -3.200986 -0.923919
v 3.267503 -11.391606 -4.150357
v 2.364212 -10.890724 -2.728541
v 2.771918 -10.644460 -5.223785
v -0.912604 -7.560734 5.182532
v -1.248669 -7.524360 4.721653
v 0.402889 -7.359276 5.031982
v -3.783930 -6.810812 4.610000
v -5.331397 -6.970292 3.130817
v -4.141558 -7.429222 4.096511
v -11.273024 -3.906155 -1.249920
v -11.598748 -3.724285 -0.821502
v -11.221812 -3.469641 -1.111963
v 8.022374 -9.088628 -7.000708
v 6.738518 -9.595113 -3.142969
v 7.898974 -9.888934 -7.120754
v -6.637923 -9.595113 -3.142969
v -7.921778 -9.088628 -7.000708
v -7.798379 -9.888934 -7.120754
v 5.815639 -9.013051 -9.947036
v 5.302148 -8.484175 -9.852175
v 6.289101 -8.632499 -9.759552
v 9.918502 -6.844384 -0.775608
v 10.326501 -6.925538 -0.559299
v 9.769630 -6.992682 -0.159983
v 9.979507 -6.494602 -1.097132
v 10.271927 -6.530976 -1.034171
v 10.200566 -7.177381 0.182811
v 9.805177 -6.919934 -0.372092
v 10.104308 -6.936720 -0.342710
v 7.088020 -6.810812 -1.514358
v 6.395728 -7.124220 -2.393587
v 6.445258 -6.592542 -2.406737
v -5.201552 -8.484175 -9.852175
v -5.715324 -9.013051 -9.947036
v -6.188519 -8.632499 -9.759552
v -4.643855 4.743396 8.063942
v -4.674077 8.588252 9.726690
v -6.580560 4.785348 6.980439
v 0.050291 6.968024 9.945238
v 4.096924 4.715402 8.339575
v 2.721840 8.255256 10.213595
v 0.071000 4.704220 8.873492
v 3.154725 12.665362 10.497345
v 0.050291 10.474306 10.736598
v 3.665694 12.111319 -5.785408
v 8.561604 11.711152 -4.373663
v 5.478720 7.911050 -5.218749
v 7.055275 14.836856 -4.492312
v 3.521867 14.836856 -5.414633
v 11.275959 -5.853775 1.668708
v 11.212432 -5.475998 1.965047
v 10.691108 -6.298722 1.470866
v -11.528229 -3.321316 -0.459681
v -11.737266 -3.223376 0.266200
v -11.427206 -2.974336 -0.134797
v -3.445343 -10.697646 -1.095454
v -4.777328 -10.932702 -1.226135
v -3.282194 -11.386028 -2.061147
v -3.329496 -9.953301 -0.747907
v -2.904991 -10.437398 -1.257755
v 4.877643 -10.932702 -1.226135
v 3.545658 -10.697646 -1.095454
v 3.382789 -11.386028 -2.061147
v 3.429798 -9.953301 -0.747907
v 3.005306 -10.437398 -1.257755
v -8.769107 -0.819627 6.552859
v -7.121752 1.617693 7.369685
v -5.630808 1.002058 8.316071
v -6.580560 4.785348 6.980439
v -4.643855 4.743396 8.063942
v -2.705748 4.609056 8.589182
v -3.709221 -0.825231 8.992417
v -0.392948 1.002059 9.277004
v 0.071000 4.704220 8.873492
v 2.931424 -0.805643 9.115263
v 4.096924 4.715402 8.339575
v 4.886036 1.004861 8.349930
v 6.683383 4.796556 6.982397
v 7.163850 -0.780451 7.312598
v 8.511514 1.077608 5.931636
v 10.820392 0.979668 2.095167
v 10.414647 -0.783253 3.927494
v 11.819674 0.246505 -0.917761
v 11.981408 -0.858804 -0.249807
v 10.392257 4.796556 1.501649
v 11.472120 1.511346 -1.287699
v -10.152864 -7.177381 0.162662
v -10.264801 -7.001088 0.187848
v -10.052122 -6.942324 -0.339354
v -9.999522 -7.054248 0.684824
v -9.488833 -7.048644 0.143074
v -10.052122 -6.942324 -0.339354
v -9.382220 -6.766032 -0.374333
v -9.488833 -7.048644 0.143074
v -9.999522 -7.054248 0.684824
v -9.327645 -6.883560 0.690141
v -10.607032 -5.047864 -1.868063
v -10.272074 -5.660697 -1.683098
v -10.552737 -5.744653 -1.575921
v -10.946739 -5.338882 -1.606984
v -10.166581 -6.021688 -0.976805
v -10.518886 -6.466608 -0.418823
v -10.943390 -5.848197 -1.034171
v 10.412966 -6.572954 1.979318
v 10.474519 -5.976907 2.312598
v 10.182380 -5.918143 2.405500
v 9.019415 -5.501191 -1.523315
v 9.655465 -4.768028 -1.623213
v 9.362765 -5.445229 -1.393474
v 9.477491 -4.474207 -1.816018
v -8.918819 -5.501191 -1.523315
v -9.555149 -4.768028 -1.623213
v -9.377176 -4.474207 -1.816018
v -9.262170 -5.445229 -1.393474
v 1.428457 11.190655 -6.362697
v 2.370924 11.204665 -6.513244
v 1.298053 9.150699 -6.346745
v 1.456719 13.297782 -6.204872
v 2.899240 13.261408 -6.121483
v -1.439239 9.203886 -6.137992
v -2.861332 13.093522 -6.107492
v 0.745679 11.316590 -6.139393
v 6.614825 11.825878 -5.590925
v 7.833766 8.176903 -5.502499
v 8.360414 11.199061 -5.004683
v 8.313111 11.618816 -4.776618
v 9.786977 12.864043 -3.852062
v 9.587748 8.126518 -3.911666
v 8.353969 8.688993 -4.755632
v 10.792971 10.281227 -2.734701
v 10.940722 13.460090 -2.150136
v 8.541456 4.234080 -3.992537
v 7.480901 4.234080 -4.667486
v 5.598210 1.676456 -5.095066
v 7.125235 2.146569 -3.688919
v 4.490913 0.333263 -4.749754
v 9.329460 4.234081 -3.069655
v 9.928016 5.596862 -2.907914
v 11.362704 10.281227 -1.511564
v 11.416158 12.950802 -0.212313
v 11.434345 9.198282 -0.213711
v 10.837751 6.774945 -1.579561
v 11.036981 6.774945 -0.213711
v 10.910499 4.337625 -0.853403
v 10.356443 4.334823 -2.014417
v 8.222737 2.280883 -3.060701
v 9.244677 1.989865 -1.988391
v 7.832365 1.063624 -2.664461
v 7.042973 0.845353 -2.901478
v -11.518435 -3.234585 0.580168
v -11.752931 -3.307333 1.023978
v -11.344665 -2.949144 0.574291
v 10.997805 -6.494602 0.814664
v 10.691108 -6.298722 1.470866
v 10.497189 -6.642900 0.220025
v 9.994052 -7.079440 1.082462
v 10.194415 -6.715648 1.664788
v 9.882408 -6.679274 1.704525
v -10.154265 -6.715648 1.665349
v -9.954742 -7.079440 1.080784
v -9.842818 -6.679274 1.704525
v -5.226465 14.543036 -5.632060
v -2.861332 13.093522 -6.107492
v -3.570703 11.523652 -6.020184
v 11.685066 -3.953737 -0.668434
v 12.035703 -4.093656 -0.295141
v 11.896625 -4.415443 -0.730834
v 9.902837 -3.452828 -1.497849
v 10.181540 -2.814830 -0.896775
v 10.335454 -3.200986 -0.923919
v 10.018964 -3.911759 -1.506246
v -10.073112 -6.242733 1.496052
v -10.987597 -6.002100 1.686338
v -10.716727 -6.391057 1.268271
v -10.081223 -2.814830 -0.896775
v -9.802241 -3.452828 -1.497849
v -10.234859 -3.200986 -0.923919
v -9.918649 -3.911759 -1.506246
v 7.534915 -8.889945 -8.824918
v 7.294255 -8.444998 -8.969313
v 7.731356 -8.391838 -8.052309
v -7.434319 -8.889945 -8.824918
v -7.630760 -8.391838 -8.052309
v -7.193659 -8.444998 -8.969313
v 0.244783 -6.379850 -5.863759
v 1.445243 -6.936720 -5.737554
v -0.897766 -6.810813 -5.863478
v 9.968593 -6.718450 -0.006077
v 10.250937 -6.052457 -1.221659
v 10.267177 -6.021688 -0.976525
v 10.034068 -6.570152 0.211632
v 9.127709 -5.996495 -0.890897
v 10.250937 -6.052457 -1.221659
v 8.985829 -6.332294 -0.190482
v -10.150342 -6.052457 -1.221659
v -9.868278 -6.718450 -0.006077
v -10.166581 -6.021688 -0.976805
v -9.933474 -6.570152 0.211352
v -10.150342 -6.052457 -1.221659
v -9.027394 -5.996495 -0.890897
v -8.885234 -6.332294 -0.190482
v 11.371658 -2.946342 0.580449
v 11.560826 -3.234585 0.552184
v 11.789731 -3.184200 0.196241
v 10.267177 -6.021688 -0.976525
v 11.146676 -5.856577 -0.998074
v 10.960310 -6.284711 -0.617226
v -11.300164 -3.212195 -0.717404
v -11.598748 -3.724285 -0.821502
v -11.505558 -3.312937 -0.437014
v 4.733255 -6.810812 4.387816
v 5.010009 -7.269716 4.022916
v 6.002847 -6.810812 2.907794
v 7.859798 -8.291097 -7.039603
v 8.022374 -9.088628 -7.000708
v 7.731356 -8.391838 -8.052309
v 7.895332 -9.175359 -8.024605
v -7.921778 -9.088628 -7.000708
v -7.759483 -8.291097 -7.039603
v -7.630760 -8.391838 -8.052309
v -7.794736 -9.175359 -8.024605
v -4.777328 -10.932702 -1.226135
v -4.540310 -10.401024 -0.773369
v -5.362740 -9.944895 -0.882224
v 4.877643 -10.932702 -1.226135
v 5.463055 -9.944895 -0.882224
v 4.640345 -10.403826 -0.773369
v 4.877643 -10.932702 -1.226135
v 4.640345 -10.403826 -0.773369
v 3.545658 -10.697646 -1.095454
v -4.777328 -10.932702 -1.226135
v -3.445343 -10.697646 -1.095454
v -4.540310 -10.401024 -0.773369
v 9.388784 5.745187 -1.873381
v 10.121374 6.884094 -0.211753
v 8.537267 3.590478 -0.595120
v -3.330603 10.317601 -5.893982
v -2.340848 14.839658 -5.587566
v 3.665694 12.111319 -5.785408
v -4.013675 -10.009264 -9.104470
v -2.670775 -10.644460 -5.222948
v -4.438180 -10.652866 -8.927338
v 4.113991 -10.009264 -9.104470
v 4.538776 -10.652866 -8.927338
v 2.771918 -10.644460 -5.223785
v -5.939186 12.771708 -5.393924
v -5.226465 14.543036 -5.632060
v -3.570703 11.523652 -6.020184
v -8.436952 3.590478 -0.595120
v -10.020792 6.884094 -0.211753
v -9.288189 5.745187 -1.873381
v 11.182489 -4.149617 2.190589
v 10.921133 -4.160799 2.037801
v 11.515219 -3.962116 1.876060
v 5.706785 -6.374272 -3.656180
v 6.485542 -6.810812 -2.410933
v 5.489635 -6.810813 -4.038707
v 0.050291 6.968024 9.945238
v -2.705748 4.609056 8.589182
v 0.071000 4.704220 8.873492
v -2.621245 8.255256 10.213595
v -4.643855 4.743396 8.063942
v -4.674077 8.588252 9.726690
v -2.705748 4.609056 8.589182
v -11.112130 -5.475998 1.965047
v -10.987597 -6.002100 1.686338
v -10.536511 -5.159815 2.179958
v -10.073112 -6.242733 1.496052
v -11.708444 -5.207370 1.577203
v -10.987597 -6.002100 1.686338
v 10.706225 5.185514 -0.617507
v 11.472120 1.511346 -1.287699
v 10.552604 4.164135 -0.996394
v 11.896625 -4.415443 1.507244
v 11.966864 -3.959341 1.117441
v 11.551312 -4.275552 1.782597
v 11.966864 -3.959341 1.117441
v 12.160502 -4.026485 0.388205
v 11.887111 -3.634725 0.223665
v 6.738518 -9.595113 -3.142969
v 6.195644 -9.161374 -1.693452
v 6.103575 -10.009263 -1.795308
v -5.843487 -6.340673 -2.802137
v -5.539593 -7.045869 -3.330456
v -6.151571 -7.059852 -2.328105
v -6.002980 -10.009263 -1.795308
v -6.095329 -9.161374 -1.693452
v -6.637923 -9.595113 -3.142969
v 8.262754 3.576494 1.398952
v 10.121374 6.884094 -0.211753
v 9.793702 6.881292 2.025768
v 8.537267 3.590478 -0.595120
v -8.162438 3.576494 1.398952
v -10.020792 6.884094 -0.211753
v -8.436952 3.590478 -0.595120
v -9.693107 6.881292 2.025768
v -11.221812 -3.469641 -1.111963
v -11.598748 -3.724285 -0.821502
v -11.300164 -3.212195 -0.717404
v -9.933474 -6.570152 0.211352
v -10.613183 -6.612130 0.660199
v -10.518886 -6.466608 -0.418823
v -10.613183 -6.612130 0.660199
v -10.073112 -6.242733 1.496052
v -10.716727 -6.391057 1.268271
v -11.791546 -3.894973 1.138430
v -11.796309 -4.415443 1.507244
v -11.450717 -4.275552 1.782597
v 5.478720 7.911050 -5.218749
v 8.561604 11.711152 -4.373663
v 7.810268 6.416757 -4.110345
v -7.709673 6.416757 -4.110345
v -8.461009 11.711152 -4.373663
v -5.378405 7.911050 -5.218749
v 11.014043 -4.535773 2.581792
v 10.576101 -4.947122 2.627126
v 10.836349 -5.064650 2.531421
v -11.156056 -4.130029 2.256629
v -11.199155 -4.600142 2.442718
v -10.862516 -4.309124 2.563882
v 10.497189 -6.642900 0.220025
v 10.691108 -6.298722 1.470866
v 10.173427 -6.242733 1.496052
v 10.034068 -6.570152 0.211632
v -2.670775 -10.644460 -5.222948
v -2.034432 -10.227533 -3.958673
v -2.263617 -10.890724 -2.728541
v 10.057300 -6.961912 0.687342
v 9.986780 -6.794000 0.645648
v 10.287605 -7.006692 0.973610
v -10.862516 -4.309124 2.563882
v -11.199155 -4.600142 2.442718
v -10.667477 -4.737258 2.659864
v 10.501112 -5.338882 2.686167
v 10.452983 -5.990891 2.318752
v 10.801364 -5.683087 2.465662
v -6.366479 -6.810812 1.769727
v -5.821658 -7.238946 2.460068
v -5.294743 -6.810812 3.131658
v 2.771918 -10.644460 -5.223785
v 2.364212 -10.890724 -2.728541
v 2.135027 -10.227533 -3.958954
v 11.340875 -3.214997 -0.717965
v 11.545709 -3.312937 -0.437014
v 11.627983 -3.679505 -0.928956
v -2.341128 -10.540942 -1.949774
v -3.282194 -11.386028 -2.061147
v -2.263617 -10.890724 -2.728541
v -5.821658 -6.382651 2.460068
v -6.366479 -6.810812 1.769727
v -5.294743 -6.810812 3.131658
v 3.382789 -11.386028 -2.061147
v 2.441443 -10.540942 -1.949774
v 2.364212 -10.890724 -2.728541
v -10.267591 -6.337898 -1.374443
v -10.570658 -5.727867 -1.601387
v -10.274876 -5.655093 -1.685336
v -2.904991 -10.437398 -1.257755
v -3.445343 -10.697646 -1.095454
v -2.341128 -10.540942 -1.949774
v 3.545658 -10.697646 -1.095454
v 3.005306 -10.437398 -1.257755
v 2.441443 -10.540942 -1.949774
v 7.810268 6.416757 -4.110345
v 9.388784 5.745187 -1.873381
v 7.390513 3.444982 -2.696922
v -1.725507 -6.382651 5.363862
v -2.824117 -6.810812 4.932645
v -0.975838 -6.810812 5.616271
v -9.288189 5.745187 -1.873381
v -7.709673 6.416757 -4.110345
v -7.289931 3.444982 -2.696922
v 8.262754 3.576494 1.398952
v 8.566368 6.884094 4.729768
v 7.760177 6.791732 6.169214
v 9.793702 6.881292 2.025768
v -8.162438 3.576494 1.398952
v -8.466053 6.884094 4.729768
v -9.693107 6.881292 2.025768
v -7.659862 6.791732 6.169214
v 5.010009 -6.354683 4.022916
v 4.733255 -6.810812 4.387816
v 6.002847 -6.810812 2.907794
v -6.954693 14.836856 -4.492312
v -3.330603 10.317601 -5.893982
v -8.461009 11.711152 -4.373663
v -2.340848 14.839658 -5.587566
v -5.378405 7.911050 -5.218749
v -3.330603 10.317601 -5.893982
v 3.665694 12.111319 -5.785408
v 1.554939 6.492333 -5.553987
v -2.955923 3.372208 -4.607041
v -5.378405 7.911050 -5.218749
v -10.843769 6.819726 -0.333757
v -10.691815 4.018612 -0.138157
v -10.558621 6.861704 -0.116611
v -10.994308 4.004629 -0.333757
v -10.345395 1.642858 -0.632057
v -10.543504 1.472170 -0.926158
v 11.212432 -5.475998 1.965047
v 11.457562 -4.907946 1.972042
v 10.636827 -5.159815 2.179958
v -10.536511 -5.159815 2.179958
v -11.356980 -4.907946 1.972042
v -11.112130 -5.475998 1.965047
v 11.551873 -4.622532 -1.123158
v 11.808759 -5.207370 -0.800513
v 11.277921 -5.305310 -1.212145
v 11.146676 -5.856577 -0.998074
v 10.707626 -4.994704 -1.397671
v 10.267177 -6.021688 -0.976525
v 10.034068 -6.570152 0.211632
v 10.267177 -6.021688 -0.976525
v 10.497189 -6.642900 0.220025
v 10.960310 -6.284711 -0.617226
v 10.412966 -6.572954 1.979318
v 9.766001 -6.421827 2.049837
v 10.174828 -6.707268 1.639046
v 9.502670 -6.516965 1.689694
v -11.518435 -3.234585 0.580168
v -11.195513 -3.276536 0.550506
v -11.398105 -3.601153 1.473104
v -6.576637 -6.371469 -0.841927
v -6.670107 -7.099028 -0.852001
v -6.482900 -6.810812 0.553025
v -6.068189 -6.810812 -2.187072
v 12.225418 -4.810006 0.923519
v 11.966864 -3.959341 1.117441
v 11.896625 -4.415443 1.507244
v 11.887111 -3.634725 0.223665
v 11.339474 -3.545191 1.284780
v 11.551312 -4.275552 1.782597
v 7.294255 -8.444998 -8.969313
v 7.336513 -7.848978 -8.259941
v 7.731356 -8.391838 -8.052309
v -7.193659 -8.444998 -8.969313
v -7.630760 -8.391838 -8.052309
v -7.236198 -7.848978 -8.259661
v 5.535243 -9.194946 -0.791279
v 5.463055 -9.944895 -0.882224
v 6.195644 -9.161374 -1.693452
v 6.103575 -10.009263 -1.795308
v -6.352776 -6.402239 1.177887
v -6.480938 -7.048644 0.537353
v -6.366479 -6.810812 1.769727
v 9.388784 5.745187 -1.873381
v 8.537267 3.590478 -0.595120
v 7.390513 3.444982 -2.696922
v 9.968593 -6.718450 -0.006077
v 10.050588 -6.522570 1.399229
v 8.966802 -6.388256 0.762058
v -8.866487 -6.388256 0.762058
v -9.949992 -6.522570 1.399229
v -9.868278 -6.718450 -0.006077
v -5.362740 -9.944895 -0.882224
v -5.434647 -9.194946 -0.791279
v -6.095329 -9.161374 -1.693452
v -6.002980 -10.009263 -1.795308
v 9.294487 -6.903148 -0.021466
v 9.805177 -6.919934 -0.372092
v 10.200566 -7.177381 0.182811
v -8.436952 3.590478 -0.595120
v -9.288189 5.745187 -1.873381
v -7.289931 3.444982 -2.696922
v -7.193659 -8.444998 -8.969313
v -6.723267 -7.641889 -8.779587
v -6.513123 -8.274310 -9.460414
v 7.294255 -8.444998 -8.969313
v 6.613705 -8.274310 -9.460414
v 6.823582 -7.641889 -8.779867
v -11.705081 -3.679505 -0.093383
v -11.761323 -3.978929 -0.522081
v -11.903764 -3.766237 0.445571
v -11.238892 -3.545191 -0.508091
v -11.705081 -3.679505 -0.093383
v 9.766001 -6.421827 2.049837
v 10.412966 -6.572954 1.979318
v 10.182380 -5.918143 2.405500
v 8.022374 -9.088628 -7.000708
v 6.731233 -8.976676 -3.118067
v 6.738518 -9.595113 -3.142969
v -6.637923 -9.595113 -3.142969
v -6.630651 -8.976676 -3.118067
v -7.921778 -9.088628 -7.000708
v 3.655620 -6.379850 -5.074357
v 3.862135 -7.059853 -5.072118
v 2.659994 -6.575730 -5.575813
v -11.598748 -3.724285 -0.821502
v -11.229378 -3.990111 -1.124836
v -11.444846 -3.458432 -0.362858
v -5.068079 -9.217338 -9.949835
v -4.569132 -8.587719 -9.603965
v -4.512049 -9.239727 -9.687354
v -5.201552 -8.484175 -9.852175
v 4.669447 -8.587719 -9.603965
v 5.168395 -9.217338 -9.949835
v 4.612364 -9.239727 -9.687354
v 5.302148 -8.484175 -9.852175
v -9.988328 -6.530976 2.043679
v -10.135238 -6.704466 1.638766
v -9.463641 -6.516965 1.689974
v -10.022740 -7.015072 -0.131998
v -9.419715 -6.634493 -0.817863
v -9.372986 -6.849988 -0.163062
v -10.272354 -6.900346 -0.682985
v 5.763587 -5.420036 0.166298
v 5.843621 -5.361272 1.008310
v 5.114941 -5.252151 0.605074
v 12.363094 5.479334 -0.443449
v 10.554272 2.356433 -0.932873
v 11.680877 3.305064 -1.338907
v 6.139682 -7.521558 -1.167932
v 5.563224 -7.174578 -2.090250
v 5.965619 -7.356475 -2.226249
v -2.341128 -10.540942 -1.949774
v -3.445343 -10.697646 -1.095454
v -3.282194 -11.386028 -2.061147
v 5.188529 -5.187782 -0.254007
v 5.784016 -5.165392 -0.647725
v 5.763587 -5.420036 0.166298
v 6.731233 -8.976676 -3.118067
v 6.195644 -9.161374 -1.693452
v 6.738518 -9.595113 -3.142969
v 3.382789 -11.386028 -2.061147
v 3.545658 -10.697646 -1.095454
v 2.441443 -10.540942 -1.949774
v -11.272183 -4.418245 -1.573963
v -11.283659 -3.906155 -1.237327
v -11.039929 -3.741071 -1.328833
v 11.310092 -4.435031 -1.576201
v 11.080359 -3.741071 -1.329113
v 11.323809 -3.906155 -1.237888
v -5.680618 2.865722 4.636025
v -7.659862 6.791732 6.169214
v -8.162438 3.576494 1.398952
v -6.095329 -9.161374 -1.693452
v -6.630651 -8.976676 -3.118067
v -6.637923 -9.595113 -3.142969
v -4.496384 6.802940 8.570153
v -5.920718 6.884094 7.507360
v -7.659862 6.791732 6.169214
v -5.680618 2.865722 4.636025
v -4.496384 6.802940 8.570153
v 10.691108 -6.298722 1.470866
v 11.212432 -5.475998 1.965047
v 10.636827 -5.159815 2.179958
v 10.173427 -6.242733 1.496052
v 5.843621 -5.361272 1.008310
v 6.044251 -5.022698 1.747897
v 5.252337 -5.039485 1.430573
v 11.748593 -3.273761 1.095055
v 11.273438 -3.276536 1.602668
v 11.488345 -3.458432 1.557895
v -1.835483 -6.477790 -5.424146
v -0.897766 -6.810813 -5.863478
v -1.850307 -7.034660 -5.477312
v -2.824117 -6.810812 4.932645
v -1.725507 -7.241748 5.363862
v -0.975838 -6.810812 5.616271
v -10.518886 -6.466608 -0.418823
v -10.923522 -6.458201 -0.152988
v -11.045520 -6.178391 -0.624501
v -10.166581 -6.021688 -0.976805
v -9.933474 -6.570152 0.211352
v -3.151242 -7.521559 -4.246059
v -1.682128 -7.378865 -5.074917
v -1.535218 -7.185760 -4.724571
v -9.954742 -7.079440 1.080784
v -9.324003 -6.877956 0.688463
v -9.255178 -6.852764 1.087499
v -9.997561 -7.031858 0.683987
v -9.842818 -6.679274 1.704525
v -9.954742 -7.079440 1.080784
v 4.783906 -0.268361 0.976409
v 4.491193 -0.909188 1.568806
v 4.740247 -0.601384 0.394082
v -5.737154 -8.671674 -1.158695
v -4.901861 -10.054017 -2.669217
v -6.095890 -10.160363 -0.760216
v 10.138734 -6.307101 -1.413619
v 10.260451 -6.533778 -1.026896
v 9.591097 -6.337898 -1.095734
v 4.797329 -0.268361 -0.802191
v 4.760956 -0.534214 0.401915
v 4.610963 -1.256168 -0.570774
v 4.797329 -0.268361 -0.802191
v 4.337852 -0.735698 -1.385358
v 10.351680 2.401213 -1.345342
v 11.680877 3.305064 -1.338907
v 10.554272 2.356433 -0.932873
v 4.610963 -1.256168 -0.570774
v 4.760956 -0.534214 0.401915
v 4.521416 -1.051908 0.387924
v 8.262754 3.576494 1.398952
v 7.760177 6.791732 6.169214
v 5.370426 2.174537 4.169269
v 10.018964 -3.911759 -1.506246
v 9.477491 -4.474207 -1.816018
v 9.902837 -3.452828 -1.497849
v 7.067872 -6.810812 1.166131
v 6.022995 -6.936720 2.938857
v 6.626861 -7.241749 2.059351
v -9.377176 -4.474207 -1.816018
v -9.918649 -3.911759 -1.506246
v -9.802241 -3.452828 -1.497849
v -9.419715 -6.634493 -0.817863
v -10.272354 -6.900346 -0.682985
v -10.219181 -6.533778 -1.034171
v -9.556271 -6.340673 -1.099651
v -11.034885 3.615670 -0.199160
v -12.476580 2.832150 0.238215
v -12.402137 7.720774 0.599756
v -10.843769 6.819726 -0.333757
v -11.497166 10.597438 -0.129481
v -9.916127 0.971261 -0.510049
v -10.934998 0.761397 0.159863
v -9.560460 -0.220806 0.103337
v 4.394374 -1.116250 0.372533
v 4.491193 -0.909188 1.568806
v 4.158197 -1.438065 1.310526
v 4.740247 -0.601384 0.394082
v 7.760177 6.791732 6.169214
v 6.021034 6.884094 7.507360
v 4.596979 6.802940 8.570153
v 7.760177 6.791732 6.169214
v 5.370426 2.174537 4.169269
v 11.887111 -3.634725 0.223665
v 12.035703 -4.093656 -0.295141
v 11.685066 -3.953737 -0.668434
v 5.344687 -4.821214 -1.014023
v 5.963951 -4.675692 -1.286858
v 5.784016 -5.165392 -0.647725
v -5.088228 -5.187782 1.030416
v -5.743025 -5.361272 1.008310
v -5.662992 -5.420036 0.166298
v -5.014346 -5.252151 0.171616
v 4.596979 6.802940 8.570153
v 2.654390 6.884094 9.069091
v 1.817709 3.349818 6.996951
v 2.654390 6.884094 9.069091
v 0.050291 6.884094 9.305268
v 1.817709 3.349818 6.996951
v -10.607311 -4.994704 -1.397671
v -11.177325 -5.305310 -1.212145
v -11.420774 -4.745664 -1.146663
v 4.397457 -0.268361 -1.396830
v 4.241593 -0.967952 -1.342823
v 3.880896 -0.923172 -2.223170
v 10.707626 -4.994704 -1.397671
v 11.551873 -4.622532 -1.123158
v 11.277921 -5.305310 -1.212145
v -5.939186 12.771708 -5.393924
v -6.177604 9.245837 -5.575533
v -5.842366 12.654180 -5.050854
v 11.261122 -3.469641 -1.112244
v 11.340875 -3.214997 -0.717965
v 11.627983 -3.679505 -0.928956
v -10.215271 -6.514190 -1.020461
v -9.574738 -6.097238 -1.417819
v -9.552347 -6.337898 -1.096014
v -10.267591 -6.337898 -1.374443
v 9.294767 -6.852764 1.088340
v 9.758155 -7.037462 0.690982
v 9.994052 -7.079440 1.082462
v 9.882408 -6.679274 1.704525
v -5.244091 -4.821214 1.790713
v -5.943669 -5.022698 1.747897
v -5.743025 -5.361272 1.008310
v -5.088228 -5.187782 1.030416
v 5.706785 -6.374272 -3.656180
v 5.489635 -6.810813 -4.038707
v 4.299797 -6.357486 -4.423472
v 6.485542 -6.810812 -2.410933
v 5.706785 -7.250129 -3.656180
v 3.933495 -0.942760 2.061028
v 3.418616 -0.951166 2.871416
v 3.169843 -1.454850 2.605577
v 11.157310 -3.962117 -1.039769
v 11.685066 -3.953737 -0.668434
v 11.551873 -4.622532 -1.123158
v 6.044251 -5.022698 1.747897
v 6.324368 -4.449042 2.279856
v 5.462495 -4.544180 2.096569
v -4.013675 -10.009264 -9.104470
v -2.295521 -9.830169 -5.324524
v -2.670775 -10.644460 -5.222948
v -11.381039 -3.066672 1.291215
v -11.429168 -3.452828 1.540265
v -10.825302 -3.117030 1.594272
v -11.752931 -3.307333 1.023978
v -11.429168 -3.452828 1.540265
v 4.077336 -0.268361 2.131825
v 3.418616 -0.951166 2.871416
v 3.933495 -0.942760 2.061028
v -2.806210 3.330230 6.663952
v -2.553808 6.884094 9.069091
v -4.496384 6.802940 8.570153
v 4.113991 -10.009264 -9.104470
v 2.771918 -10.644460 -5.223785
v 2.396116 -9.830169 -5.324804
v 3.880896 -0.923172 -2.223170
v 4.241593 -0.967952 -1.342823
v 3.406020 -1.432461 -2.138940
v 4.491193 0.375241 1.568806
v 4.090760 -0.453059 2.152534
v 4.783906 -0.268361 0.976409
v -7.709673 6.416757 -4.110345
v -5.378405 7.911050 -5.218749
v -2.955923 3.372208 -4.607041
v -5.464590 -5.101050 -0.659477
v -5.014346 -5.252151 0.171616
v -5.662992 -5.420036 0.166298
v -10.256409 -6.430233 -0.923078
v -10.568976 -5.674681 -1.423974
v -10.521127 -6.360261 -1.187240
v -0.897766 -6.810813 -5.863478
v 1.445243 -6.936720 -5.737554
v 0.244783 -7.241749 -5.863759
v 6.480511 -7.378865 0.256126
v 6.124565 -7.594333 1.669826
v 6.046212 -7.157793 0.225343
v 4.697148 0.229719 0.388204
v 4.783906 -0.268361 0.976409
v 4.740247 -0.601384 0.394082
v -7.289931 3.444982 -2.696922
v -7.709673 6.416757 -4.110345
v -4.783212 1.807968 -3.271413
v -10.194562 -5.772621 2.083696
v -10.417302 -5.920945 2.244596
v -10.673067 -5.750231 2.234802
v -4.330446 -0.699324 -0.362578
v -3.774976 -0.967952 -1.194515
v -3.861441 -1.432460 -0.135918
v -4.041096 -0.942760 0.548548
v -4.330446 -0.699324 -0.362578
v -1.729416 -9.986873 -2.826201
v -2.263617 -10.890724 -2.728541
v -2.034432 -10.227533 -3.958673
v -4.173742 -0.601384 1.247562
v -4.029060 -0.990342 0.545469
v -3.613242 -1.438065 1.262954
v 2.364212 -10.890724 -2.728541
v 1.830012 -9.986873 -2.826201
v 2.135027 -10.227533 -3.958954
v 7.294255 -8.444998 -8.969313
v 6.823582 -7.641889 -8.779867
v 7.336513 -7.848978 -8.259941
v -7.193659 -8.444998 -8.969313
v -7.236198 -7.848978 -8.259661
v -6.723267 -7.641889 -8.779587
v 0.422477 -6.477789 5.447531
v -0.975838 -6.810812 5.616271
v 0.419394 -7.020676 5.509374
v 5.478720 7.911050 -5.218749
v 7.810268 6.416757 -4.110345
v 2.469424 3.134349 -4.613759
v 4.797329 -0.268361 -0.802191
v 4.337852 -0.735698 -1.385358
v 4.370876 0.059031 -1.394032
v 4.337852 -0.735698 -1.385358
v 4.610963 -1.256168 -0.570774
v 4.017732 -1.183421 -1.271186
v -2.806210 3.330230 6.663952
v -4.496384 6.802940 8.570153
v -5.680618 2.865722 4.636025
v 2.656912 -0.640560 -3.162557
v 2.983476 -0.856029 -2.776114
v 1.759212 -1.432461 -3.105194
v -4.206193 -0.268361 0.569534
v -4.330446 -0.699324 -0.362578
v -4.041096 -0.942760 0.548548
v -6.215940 -6.642900 -1.628250
v -5.843487 -6.340673 -2.802137
v -6.151571 -7.059852 -2.328105
v -3.986535 -0.640560 -1.341986
v -3.905101 -0.953969 -0.846128
v -4.029060 -0.016519 -0.877748
v -3.431345 -1.432461 -1.433768
v -3.905101 -0.953969 -0.846128
v -3.781982 0.434005 -1.656515
v -3.986535 -0.640560 -1.341986
v -3.580498 -0.620972 -2.007141
v -3.431345 -1.432461 -1.433768
v 2.947383 -0.942760 -2.732182
v 3.880896 -0.923172 -2.223170
v 3.406020 -1.432461 -2.138940
v 4.760956 -0.534214 0.401915
v 4.797329 -0.268361 -0.802191
v 4.626922 0.422797 0.393522
v 4.610963 0.719419 -0.570775
v 4.370876 0.059031 -1.394032
v 4.797329 -0.268361 -0.802191
v 5.843621 -5.361272 1.008310
v 5.252337 -5.039485 1.430573
v 5.114941 -5.252151 0.605074
v 10.050588 -6.522570 1.399229
v 10.524890 -5.414459 2.351213
v 9.420128 -5.322096 2.254390
v 9.120423 -6.013281 1.642125
v -10.424308 -5.411657 2.351213
v -9.949992 -6.522570 1.399229
v -9.319533 -5.322096 2.254390
v -9.019828 -6.013281 1.642125
v 4.405289 -6.975896 -4.544079
v 3.862135 -7.059853 -5.072118
v 4.294473 -6.332294 -4.413678
v 3.655620 -6.379850 -5.074357
v 4.783906 -0.268361 0.976409
v 4.090760 -0.453059 2.152534
v 4.491193 -0.909188 1.568806
v -8.769107 -0.819627 6.552859
v -10.573446 1.021646 4.031032
v -10.283549 0.898514 3.855300
v 5.676562 0.702633 0.447529
v 8.537267 3.590478 -0.595120
v 8.262754 3.576494 1.398952
v 5.188529 -5.187782 -0.254007
v 5.763587 -5.420036 0.166298
v 5.114941 -5.252151 0.605074
v -4.141558 -6.192375 4.096511
v -5.331397 -6.970292 3.130817
v -3.783930 -6.810812 4.610000
v 4.640345 -10.403826 -0.773369
v 4.286920 -9.919703 -0.545588
v 3.545658 -10.697646 -1.095454
v 11.499540 -3.433240 -0.386646
v 11.727324 -3.402471 0.016309
v 11.203479 -3.427663 -0.339915
v -3.580498 -0.620972 -2.007141
v -2.869444 -0.967952 -2.380715
v -3.431345 -1.432461 -1.433768
v 3.827162 0.084223 -2.397224
v 3.880896 -0.923172 -2.223170
v 2.947383 -0.942760 -2.732182
v 2.947383 -0.942760 -2.732182
v 3.027403 0.036641 -2.816131
v 3.827162 0.084223 -2.397224
v 4.397457 -0.268361 -1.396830
v 3.827162 0.084223 -2.397224
v 4.241593 0.434005 -1.342823
v -3.931120 -0.268361 -1.248523
v -3.774976 -0.967952 -1.194515
v -4.330446 -0.699324 -0.362578
v -2.806210 3.330230 6.663952
v 0.050291 6.884094 9.305268
v -2.553808 6.884094 9.069091
v 1.817709 3.349818 6.996951
v -2.295521 -9.830169 -5.324524
v -2.034432 -10.227533 -3.958673
v -2.670775 -10.644460 -5.222948
v -4.205072 0.089801 0.558899
v -4.029060 -0.990342 0.545469
v -4.173742 -0.601384 1.247562
v -3.442261 -0.509021 2.279576
v -3.113187 -1.130260 2.091251
v -2.653136 -1.191800 2.920386
v -4.783212 1.807968 -3.271413
v -7.709673 6.416757 -4.110345
v -2.955923 3.372208 -4.607041
v -6.223772 -4.449042 2.279856
v -5.943669 -5.022698 1.747897
v -5.500697 -4.219563 2.336942
v -5.244091 -4.821214 1.790713
v 2.396116 -9.830169 -5.324804
v 2.771918 -10.644460 -5.223785
v 2.135027 -10.227533 -3.958954
v 4.491193 -0.909188 1.568806
v 3.758604 -1.085480 1.968125
v 4.158197 -1.438065 1.310526
v -10.667477 -4.737258 2.659864
v -10.789474 -5.053468 2.537299
v -10.152584 -4.793220 2.624608
v 2.491815 -0.268361 3.389101
v 1.493386 -0.699324 3.846624
v 2.404789 -0.942760 3.269895
v -4.205072 0.089801 0.558899
v -4.173742 -0.601384 1.247562
v -3.767704 0.372439 1.834645
v -3.767704 -0.906386 1.834645
v -3.613242 -1.438065 1.262954
v -2.979140 -0.584572 -2.462703
v -2.200930 -1.250564 -2.944290
v -2.704347 -1.186223 -2.235202
v 2.469424 3.134349 -4.613759
v 7.810268 6.416757 -4.110345
v 4.883794 1.807968 -3.271413
v 7.390513 3.444982 -2.696922
v 8.537267 3.590478 -0.595120
v 5.035468 0.495571 -1.437688
v -8.162438 3.576494 1.398952
v -8.436952 3.590478 -0.595120
v -5.302855 0.534748 0.642568
v -10.607311 -4.994704 -1.397671
v -10.166581 -6.021688 -0.976805
v -10.943390 -5.848197 -1.034171
v -11.177325 -5.305310 -1.212145
v 4.090760 -0.453059 2.152534
v 3.758604 -1.085480 1.968125
v 4.491193 -0.909188 1.568806
v -4.268320 0.386423 -0.355863
v -4.330446 -0.699324 -0.362578
v -4.206193 -0.268361 0.569534
v -3.931120 -0.268361 -1.248523
v -4.935153 0.495571 -1.437688
v -8.436952 3.590478 -0.595120
v -7.289931 3.444982 -2.696922
v -3.781982 0.434005 -1.656515
v -3.580498 -0.620972 -2.007141
v -3.986535 -0.640560 -1.341986
v -11.092261 2.613879 0.365537
v -12.315952 0.364033 0.712808
v -12.479088 0.769804 0.810187
v 2.192390 0.671863 -3.269454
v 2.656912 -0.640560 -3.162557
v 1.859674 -0.620972 -3.496675
v 1.859674 -0.620972 -3.496675
v 1.759212 -1.432461 -3.105194
v 4.491193 0.375241 1.568806
v 4.783906 -0.268361 0.976409
v 4.697148 0.229719 0.388204
v 3.235039 -0.268361 3.113471
v 2.468584 -0.559406 3.361957
v 3.418616 -0.951166 2.871416
v 1.013186 -0.942760 -3.448265
v 1.859674 -0.620972 -3.496675
v 1.759212 -1.432461 -3.105194
v 3.235039 -0.268361 3.113471
v 3.418616 -0.951166 2.871416
v 4.077336 -0.268361 2.131825
v 2.409540 0.397632 3.277450
v 3.418616 0.417220 2.871416
v 3.235039 -0.268361 3.113471
v 4.077336 -0.268361 2.131825
v 11.819674 0.246505 -0.917761
v 11.981408 -0.858804 -0.249807
v 11.281831 0.671864 -1.227814
v 11.472120 1.511346 -1.287699
v -0.875376 -0.654544 3.884682
v -1.680446 -0.939958 3.332855
v -0.504885 -1.466059 3.532094
v 6.044251 -5.022698 1.747897
v 5.462495 -4.544180 2.096569
v 5.252337 -5.039485 1.430573
v 4.213052 -10.065226 -3.315625
v 4.358561 -6.553366 -2.652148
v 5.726092 -10.045637 -1.922631
v 11.261122 -3.469641 -1.112244
v 11.307863 -3.906155 -1.244883
v 10.696152 -3.598351 -1.324916
v 11.627983 -3.679505 -0.928956
v 11.307863 -3.906155 -1.244883
v 0.257086 -0.909189 -3.687521
v 0.981015 -1.099464 -3.287364
v 0.037988 -1.440867 -3.318985
v -10.618506 -5.397646 2.634959
v -10.796200 -5.671878 2.478535
v -10.140268 -5.926549 2.402141
v -9.936275 -5.129018 2.682811
v -10.140268 -5.926549 2.402141
v -10.148114 -4.790418 2.620688
v -10.618506 -5.397646 2.634959
v -10.782203 -5.050666 2.520510
v -3.767704 0.372439 1.834645
v -4.173742 -0.601384 1.247562
v -3.417922 -0.268361 2.280416
v 2.296775 -1.102266 3.113190
v 3.418616 -0.951166 2.871416
v 2.468584 -0.559406 3.361957
v 3.169843 -1.454850 2.605577
v 4.596979 6.802940 8.570153
v 1.817709 3.349818 6.996951
v 5.370426 2.174537 4.169269
v -10.939748 -4.227970 -1.189758
v -11.420774 -4.745664 -1.146663
v -11.643235 -4.317503 -0.871029
v 10.263534 -5.243744 -1.849876
v 10.583653 -5.741851 -1.592153
v 9.917101 -5.498388 -1.677500
v 10.942964 -5.330503 -1.723392
v 10.583653 -5.741851 -1.592153
v 10.263534 -5.243744 -1.849876
v 10.970664 -4.776434 -1.672183
v 10.338524 -4.510608 -1.768165
v -5.963257 -7.588729 -0.510048
v -5.244652 -7.266914 -1.915075
v -5.553857 -7.244524 0.459282
v -2.351483 -0.268361 -3.084486
v -1.132262 -0.534214 -3.450503
v -2.200930 -1.250564 -2.944290
v -2.979140 -0.584572 -2.462703
v -2.200930 -1.250564 -2.944290
v -1.021179 -1.119052 -3.164239
v 3.418616 0.417220 2.871416
v 4.077336 -0.268361 2.131825
v 3.933495 0.406011 2.061028
v -1.024808 -1.113448 -3.156683
v 0.257086 -0.909189 -3.687521
v 0.037988 -1.440867 -3.318985
v -1.132823 -0.601384 -3.431195
v -3.767704 -0.906386 1.834645
v -3.613242 -1.438065 1.262954
v -3.270171 -0.976332 2.188631
v -5.401636 -6.553366 -0.709848
v -5.737154 -8.671674 -1.158695
v -6.183475 -9.995253 0.584926
v 10.138734 -6.307101 -1.413619
v 9.939491 -5.503993 -1.687855
v 10.586176 -5.730642 -1.596349
v 5.344687 -4.821214 -1.014023
v 5.784016 -5.165392 -0.647725
v 5.188529 -5.187782 -0.254007
v -2.415851 -0.268361 3.260938
v -2.653136 -1.191800 2.920386
v -1.752927 -0.601384 3.452065
v -2.988934 -0.268361 -2.479772
v -2.869444 -0.967952 -2.380715
v -3.580498 -0.620972 -2.007141
v 8.537267 3.590478 -0.595120
v 5.676562 0.702633 0.447529
v 5.035468 0.495571 -1.437688
v 6.324368 -4.449042 2.279856
v 6.647850 -3.729862 2.523028
v 5.755754 -3.858599 2.502319
v 1.493386 -0.699324 3.846624
v 0.365100 -0.967952 3.734973
v 1.568376 -1.432460 3.398057
v 2.404789 -0.942760 3.269895
v 1.493386 -0.699324 3.846624
v 1.476307 0.386423 3.796813
v 0.365100 -0.268361 3.875725
v 2.491815 -0.268361 3.389101
v -4.173742 -0.601384 1.247562
v -3.767704 -0.906386 1.834645
v -3.417922 -0.268361 2.280416
v 5.676562 0.702633 0.447529
v 8.262754 3.576494 1.398952
v 5.370426 2.174537 4.169269
v 11.789731 -3.184200 0.196241
v 11.567538 -3.321316 -0.459681
v 11.340594 -3.142222 -0.481227
v -3.417922 -0.268361 2.280416
v -3.767704 -0.906386 1.834645
v -3.270171 -0.976332 2.188631
v 0.372946 -0.581796 3.857815
v -0.504885 -1.466059 3.532094
v 0.362031 -1.088282 3.541048
v 11.314295 -3.763461 2.143020
v 11.567538 -3.785824 1.908801
v 11.481354 -3.436043 1.552017
v -5.843487 -6.340673 -2.802137
v -4.647764 -6.810813 -4.043184
v -5.539593 -7.045869 -3.330456
v -1.752927 -0.601384 3.452065
v -2.653136 -1.191800 2.920386
v -1.583907 -1.155426 3.182306
v 2.943740 0.447989 -2.725743
v 2.983476 -0.856029 -2.776114
v 2.656912 -0.640560 -3.162557
v 2.192390 0.671863 -3.269454
v -5.680618 2.865722 4.636025
v -8.162438 3.576494 1.398952
v -5.302855 0.534748 0.642568
v 11.206000 -2.862386 -0.131719
v 11.789731 -3.184200 0.196241
v 11.340594 -3.142222 -0.481227
v -4.085596 -4.832396 0.596397
v -5.088228 -5.187782 1.030416
v -5.014346 -5.252151 0.171616
v 1.036137 -0.268361 -3.586502
v 1.859674 -0.620972 -3.496675
v 1.013186 -0.942760 -3.448265
v 7.390513 3.444982 -2.696922
v 5.035468 0.495571 -1.437688
v 4.883794 1.807968 -3.271413
v -5.302855 0.534748 0.642568
v -8.436952 3.590478 -0.595120
v -4.935153 0.495571 -1.437688
v -4.935153 0.495571 -1.437688
v -7.289931 3.444982 -2.696922
v -4.783212 1.807968 -3.271413
v -7.247393 4.673423 -4.826149
v -7.617884 6.108953 -4.860007
v -6.281135 4.620263 -4.684275
v -11.449877 -3.450053 -0.377409
v -11.345785 -3.304531 0.563099
v -11.696408 -3.380080 0.154266
v 4.299797 -6.357486 -4.423472
v 5.489635 -6.810813 -4.038707
v 4.420127 -7.015072 -4.549957
v 0.365100 -0.268361 3.875725
v 0.365100 -0.967952 3.734973
v 1.493386 -0.699324 3.846624
v -2.415851 -0.268361 3.260938
v -3.442261 -0.509021 2.279576
v -2.653136 -1.191800 2.920386
v -2.653136 0.655078 2.920386
v -3.302062 0.434006 2.201784
v -4.137355 -4.779236 -0.214550
v -5.014346 -5.252151 0.171616
v -5.464590 -5.101050 -0.659477
v -11.056715 -3.962116 1.816178
v -11.791546 -3.894973 1.138430
v -11.450717 -4.275552 1.782597
v -3.391329 -6.553366 -3.224400
v -3.517250 -10.070829 -3.583142
v -4.901861 -10.054017 -2.669217
v 2.221212 -7.588728 4.816514
v 0.393642 -7.266914 4.798047
v 3.151376 -7.244524 4.125336
v -0.500962 -0.268361 -3.687521
v 0.257086 -0.909189 -3.687521
v -1.132823 -0.601384 -3.431195
v 1.053483 -0.453060 -3.603852
v 0.257086 -0.909189 -3.687521
v -5.556378 -10.042835 2.136582
v -5.176094 -6.553366 1.395874
v -6.183475 -9.995253 0.584926
v -3.445343 -10.697646 -1.095454
v -3.329496 -9.953301 -0.747907
v -4.186605 -9.919703 -0.545588
v -4.540310 -10.401024 -0.773369
v -4.186605 -9.919703 -0.545588
v -1.050000 0.375242 3.761276
v -1.778947 -0.268361 3.475289
v -0.875376 -0.654544 3.884682
v 0.375175 0.229719 3.816681
v 0.372946 -0.581796 3.857815
v -1.680446 -0.939958 3.332855
v -0.875376 -0.654544 3.884682
v 0.372946 -0.581796 3.857815
v -0.504885 -1.466059 3.532094
v 0.257086 0.375241 -3.687521
v 1.053483 -0.453060 -3.603852
v -0.500962 -0.268361 -3.687521
v -4.197800 -4.636516 1.378244
v -5.244091 -4.821214 1.790713
v -5.088228 -5.187782 1.030416
v -11.313881 -3.374476 0.737993
v -11.903764 -3.766237 0.445571
v -11.791546 -3.894973 1.138430
v -4.583129 -6.477790 -3.971547
v -3.687111 -6.810813 -4.954310
v -4.633500 -7.020677 -4.017161
v -3.460167 -6.153200 -4.743319
v -1.849747 -6.989880 -5.506134
v -1.820925 -6.494602 -5.440935
v 1.053483 -0.453060 -3.603852
v 0.981015 -1.099464 -3.287364
v 0.257086 -0.909189 -3.687521
v 0.257086 0.375241 -3.687521
v 1.010117 0.447989 -3.429518
v -3.559228 1.377033 4.298549
v -2.806210 3.330230 6.663952
v -5.680618 2.865722 4.636025
v 8.511514 1.077608 5.931636
v 7.005478 -0.822429 7.014298
v 8.284290 0.985272 5.697141
v 7.163850 -0.780451 7.312598
v -10.189798 -6.575729 1.550619
v -10.054084 -6.908752 0.661600
v -10.245214 -7.015072 0.974728
v 9.362485 -6.911528 0.699655
v 10.200566 -7.177381 0.182811
v 10.036871 -7.048644 0.682305
v 9.152047 -6.679274 0.677268
v 8.952244 -6.626114 0.222544
v -5.314610 -7.588729 -2.466622
v -3.980090 -7.266915 -3.512626
v -5.419823 -7.236145 -1.440763
v -4.268320 0.386423 -0.355863
v -4.206193 -0.268361 0.569534
v -4.041096 0.408813 0.548548
v 11.727324 -3.402471 0.016309
v 11.385375 -3.304531 0.563099
v 11.203479 -3.427663 -0.339915
v 11.160393 -2.954748 1.284780
v 11.273438 -3.276536 1.602668
v 11.748593 -3.273761 1.095055
v -3.781982 0.434005 -1.656515
v -2.988934 -0.268361 -2.479772
v -3.580498 -0.620972 -2.007141
v 10.820392 0.979668 2.095167
v 10.114382 -0.903584 3.769112
v 10.490478 0.962882 1.922791
v 10.414647 -0.783253 3.927494
v 2.469424 3.134349 -4.613759
v 1.990639 0.495571 -3.007535
v -1.776718 0.688649 -3.247348
v 1.554939 6.492333 -5.553987
v 5.478720 7.911050 -5.218749
v 3.665694 12.111319 -5.785408
v -2.955923 3.372208 -4.607041
v 2.469424 3.134349 -4.613759
v 1.554939 6.492333 -5.553987
v -3.330603 10.317601 -5.893982
v 1.554939 6.492333 -5.553987
v -4.540310 -10.401024 -0.773369
v -4.186605 -9.919703 -0.545588
v -4.920329 -9.379644 -0.548107
v -5.362740 -9.944895 -0.882224
v -4.920329 -9.379644 -0.548107
v 5.463055 -9.944895 -0.882224
v 5.020644 -9.379644 -0.548107
v 4.640345 -10.403826 -0.773369
v 5.020644 -9.379644 -0.548107
v 4.286920 -9.919703 -0.545588
v -2.200930 0.713842 -2.944290
v -2.351483 -0.268361 -3.084486
v -2.945848 0.229719 -2.432203
v -2.945848 0.229719 -2.432203
v -2.979140 -0.584572 -2.462703
v 4.491193 0.375241 1.568806
v 3.917830 0.403209 2.050113
v 4.090760 -0.453059 2.152534
v 8.985829 -6.332294 -0.190482
v 9.968593 -6.718450 -0.006077
v 8.966802 -6.388256 0.762058
v -8.885234 -6.332294 -0.190482
v -8.866487 -6.388256 0.762058
v -9.868278 -6.718450 -0.006077
v 11.241814 -3.279338 0.550226
v 11.698783 -3.466839 1.083863
v 11.423990 -3.581565 1.464992
v 11.560546 -3.282140 0.555543
v -10.311250 -5.554350 -1.345061
v -10.946739 -5.338882 -1.606984
v -10.565053 -5.699873 -1.448319
v -10.916797 -4.801626 -1.491975
v 3.575881 -6.553365 3.416245
v 4.204659 -10.068027 3.522861
v 5.609405 -10.098797 2.279856
v -6.183475 -9.995253 0.584926
v -5.737154 -8.671674 -1.158695
v -6.095890 -10.160363 -0.760216
v -1.696405 0.434006 3.362517
v -2.415851 -0.268361 3.260938
v -1.752927 -0.601384 3.452065
v -2.653136 0.655078 2.920386
v -3.442261 -0.509021 2.279576
v 1.476307 0.386423 3.796813
v 2.491815 -0.268361 3.389101
v 2.404789 0.408813 3.269895
v 11.551312 -4.275552 1.782597
v 11.040343 -4.227970 1.966168
v 11.457562 -4.907946 1.972042
v 10.636827 -5.159815 2.179958
v 5.252337 -5.039485 1.430573
v 4.298115 -4.636516 1.378244
v 5.114941 -5.252151 0.605074
v 4.186178 -4.832396 0.596397
v -5.662992 -5.420036 0.166298
v -8.429946 -6.642900 0.392962
v -8.565675 -6.309904 -0.743707
v -5.464590 -5.101050 -0.659477
v -1.123029 0.229719 -3.395936
v -0.500962 -0.268361 -3.687521
v -1.132823 -0.601384 -3.431195
v 4.186178 -4.832396 0.596397
v 4.237950 -4.779236 -0.214550
v 5.114941 -5.252151 0.605074
v 5.188529 -5.187782 -0.254007
v 2.192390 0.671863 -3.269454
v 1.859674 -0.620972 -3.496675
v 1.036137 -0.268361 -3.586502
v 5.784016 -5.165392 -0.647725
v 8.530261 -6.642900 0.392962
v 5.763587 -5.420036 0.166298
v 8.666270 -6.309904 -0.743707
v 3.575881 -6.553365 3.416245
v 2.008546 -10.087615 4.410761
v 4.204659 -10.068027 3.522861
v 8.360414 11.199061 -5.004683
v 8.313111 11.618816 -4.776618
v 8.199507 11.176672 -4.674762
v 8.215733 11.453706 -4.439982
v 7.703375 8.098551 -5.168101
v 7.833766 8.176903 -5.502499
v -11.516473 -3.752253 1.947977
v -10.871469 -3.564779 2.183594
v -10.851041 -3.114254 1.599309
v -11.516473 -3.752253 1.947977
v -10.941429 -3.995715 2.341979
v -11.165851 -4.144013 2.259147
v -10.941429 -3.995715 2.341979
v -3.990165 -10.082011 3.542730
v -3.369232 -6.553365 3.420444
v -5.556378 -10.042835 2.136582
v 6.350667 -9.995253 -0.372092
v 5.601559 -6.553366 -0.302416
v 6.275678 -10.056819 1.076868
v 5.350558 -6.553366 1.382720
v -4.512049 -9.239727 -9.687354
v -3.914614 -8.551345 -9.065852
v -4.013675 -10.009264 -9.104470
v -11.752931 -3.307333 1.023978
v -11.381039 -3.066672 1.291215
v -11.344665 -2.949144 0.574291
v 4.612364 -9.239727 -9.687354
v 4.113991 -10.009264 -9.104470
v 4.014930 -8.551345 -9.065572
v -3.781982 0.434005 -1.656515
v -2.869444 0.434005 -2.380715
v -2.988934 -0.268361 -2.479772
v -2.200930 0.713842 -2.944290
v -1.113235 0.204526 -3.407131
v -2.351483 -0.268361 -3.084486
v -1.132262 -0.534214 -3.450503
v 2.409540 0.397632 3.277450
v 2.468584 -0.559406 3.361957
v 3.235039 -0.268361 3.113471
v 6.324368 -4.449042 2.279856
v 5.755754 -3.858599 2.502319
v 5.462495 -4.544180 2.096569
v -4.285946 -4.429454 -0.950782
v -5.464590 -5.101050 -0.659477
v -5.630808 -4.594538 -1.308684
v -1.050000 0.375242 3.761276
v -0.875376 -0.654544 3.884682
v 0.375175 0.229719 3.816681
v -5.743025 -5.361272 1.008310
v -8.470523 -6.547762 1.320597
v -8.429946 -6.642900 0.392962
v -5.662992 -5.420036 0.166298
v 5.763587 -5.420036 0.166298
v 8.530261 -6.642900 0.392962
v 5.843621 -5.361272 1.008310
v 8.571118 -6.547762 1.320597
v -11.528229 -3.321316 -0.459681
v -11.427206 -2.974336 -0.134797
v -11.286461 -3.142222 -0.476470
v -11.427206 -2.974336 -0.134797
v -11.737266 -3.223376 0.266200
v -11.412102 -3.002304 0.581566
v -9.574738 -6.097238 -1.417819
v -10.267591 -6.337898 -1.374443
v -10.274876 -5.655093 -1.685336
v -4.268320 0.386423 -0.355863
v -3.673687 0.565517 -1.157578
v -3.931120 -0.268361 -1.248523
v 9.294487 -6.903148 -0.021466
v 10.200566 -7.177381 0.182811
v 9.362485 -6.911528 0.699655
v 8.952244 -6.626114 0.222544
v 9.362485 -6.911528 0.699655
v -10.967168 -3.945331 -1.052362
v -11.243642 -3.981705 -1.139387
v -11.293452 -4.457421 -1.374166
v 3.488842 -6.365865 4.634625
v 3.578109 -7.006692 4.761947
v 4.733255 -6.810812 4.387816
v 2.192390 0.671863 -3.269454
v 1.036137 -0.268361 -3.586502
v 1.013186 0.406011 -3.448265
v 5.601279 -4.219563 -1.560253
v 5.963951 -4.675692 -1.286858
v 5.344687 -4.821214 -1.014023
v -4.398724 -4.166403 2.024651
v -5.500697 -4.219563 2.336942
v -5.244091 -4.821214 1.790713
v -4.285946 -4.429454 -0.950782
v -4.137355 -4.779236 -0.214550
v -5.464590 -5.101050 -0.659477
v 11.573703 -3.799835 -0.853403
v 11.489746 -3.458432 -0.362858
v 11.269248 -3.992913 -1.124276
v -2.699597 -6.340672 4.763068
v -3.783930 -6.810812 4.610000
v -2.784941 -7.034659 4.897945
v -4.197800 -4.636516 1.378244
v -5.088228 -5.187782 1.030416
v -4.085596 -4.832396 0.596397
v -2.530297 -7.404030 4.491074
v -4.835251 -7.387244 2.846511
v -4.489112 -7.146584 2.644473
v -2.305595 -6.998286 4.110785
v -3.767704 0.372439 1.834645
v -3.417922 -0.268361 2.280416
v -3.270171 0.442385 2.188631
v 9.655465 -4.768028 -1.623213
v 10.250937 -6.052457 -1.221659
v 9.362765 -5.445229 -1.393474
v 10.831866 -4.700884 -1.629928
v 5.462495 -4.544180 2.096569
v 4.499320 -4.166403 2.024651
v 5.252337 -5.039485 1.430573
v 4.298115 -4.636516 1.378244
v -9.555149 -4.768028 -1.623213
v -9.262170 -5.445229 -1.393474
v -10.150342 -6.052457 -1.221659
v -10.731551 -4.700884 -1.629928
v -4.814823 -3.058266 -0.284787
v -4.241179 -2.840023 -1.639165
v -4.949991 -4.510608 -1.100771
v 3.545658 -10.697646 -1.095454
v 4.286920 -9.919703 -0.545588
v 3.429798 -9.953301 -0.747907
v -2.653136 0.655078 2.920386
v -2.415851 -0.268361 3.260938
v -1.696405 0.434006 3.362517
v 1.476307 0.386423 3.796813
v 0.365100 0.434006 3.734973
v 0.365100 -0.268361 3.875725
v 6.105537 -3.519999 -1.785235
v 6.230337 -4.012501 -1.676103
v 5.601279 -4.219563 -1.560253
v 5.963951 -4.675692 -1.286858
v -4.137355 -4.779236 -0.214550
v -4.085596 -4.832396 0.596397
v -5.014346 -5.252151 0.171616
v -0.261716 -4.449042 -4.097191
v 0.440103 -4.435032 -4.072566
v -0.313208 -6.628916 -4.554994
v -0.274312 -3.290547 -3.978262
v 0.440103 -4.435032 -4.072566
v 0.459131 -3.251371 -3.950001
v -4.783212 1.807968 -3.271413
v -2.955923 3.372208 -4.607041
v -1.776718 0.688649 -3.247348
v 10.050588 -6.522570 1.399229
v 9.120423 -6.013281 1.642125
v 8.966802 -6.388256 0.762058
v -9.019828 -6.013281 1.642125
v -9.949992 -6.522570 1.399229
v -8.866487 -6.388256 0.762058
v -5.630808 -4.594538 -1.308684
v -8.565675 -6.309904 -0.743707
v -8.918819 -5.501191 -1.523315
v 0.082755 -6.553365 4.280359
v 0.083596 -10.084813 4.613079
v 2.008546 -10.087615 4.410761
v -1.855071 -10.084813 4.408242
v 10.438425 -4.048875 -1.708003
v 11.080359 -3.741071 -1.329113
v 11.310092 -4.435031 -1.576201
v 11.310092 -4.435031 -1.576201
v 10.715739 -4.667312 -1.755015
v 11.310092 -4.435031 -1.576201
v 10.964232 -4.790418 -1.644202
v 4.237950 -4.779236 -0.214550
v 4.386261 -4.429454 -0.950782
v 5.188529 -5.187782 -0.254007
v 5.344687 -4.821214 -1.014023
v -5.589123 -7.594333 1.598189
v -5.941988 -7.367656 0.490622
v -5.378405 -6.967516 0.430180
v -1.050000 0.375242 3.761276
v -1.680446 0.403209 3.332855
v -1.778947 -0.268361 3.475289
v 5.726092 -10.045637 -1.922631
v 5.601559 -6.553366 -0.302416
v 6.350667 -9.995253 -0.372092
v 4.358561 -6.553366 -2.652148
v -10.923802 -4.784840 -1.663510
v -10.399116 -4.046073 -1.707443
v -10.293062 -4.513383 -1.757530
v -11.272183 -4.418245 -1.573963
v -3.613242 0.901316 1.262953
v -4.205072 0.089801 0.558899
v -3.767704 0.372439 1.834645
v 5.963951 -4.675692 -1.286858
v 9.019415 -5.501191 -1.523315
v 8.666270 -6.309904 -0.743707
v 5.535243 -9.194946 -0.791279
v 5.020644 -9.379644 -0.548107
v 5.463055 -9.944895 -0.882224
v 10.958348 -4.801626 -1.527511
v 10.717421 -4.726076 -1.409143
v 10.989411 -5.280118 -1.537025
v 5.370426 2.174537 4.169269
v 1.817709 3.349818 6.996951
v 1.669118 1.206345 4.694509
v -5.464590 -5.101050 -0.659477
v -8.565675 -6.309904 -0.743707
v -5.630808 -4.594538 -1.308684
v 10.524890 -5.414459 2.351213
v 11.050697 -4.197200 2.228367
v 9.802094 -4.426651 2.402141
v -9.701499 -4.426651 2.402141
v -10.950102 -4.197200 2.228367
v -10.424308 -5.411657 2.351213
v 1.994842 -6.676472 -4.251377
v 2.563735 -4.463026 -3.550124
v 4.099994 -6.679274 -3.357039
v -4.920329 -9.379644 -0.548107
v -5.434647 -9.194946 -0.791279
v -5.362740 -9.944895 -0.882224
v -6.215660 -6.329492 0.516928
v -6.480938 -7.048644 0.537353
v -6.352776 -6.402239 1.177887
v 4.697148 0.229719 0.388204
v 4.158197 0.904118 1.310526
v 4.491193 0.375241 1.568806
v 4.394374 0.579501 0.372533
v 6.275678 -10.056819 1.076868
v 5.350558 -6.553366 1.382720
v 5.609405 -10.098797 2.279856
v 3.575881 -6.553365 3.416245
v 5.572738 -6.679274 -1.940261
v 5.121653 -4.507806 -1.100771
v 6.208241 -6.676472 -0.136475
v 4.099994 -6.679274 -3.357039
v 4.148684 -4.482614 -2.526504
v 5.572738 -6.679274 -1.940261
v -4.949991 -4.510608 -1.100771
v -3.779460 -3.307333 -2.462146
v -3.977021 -4.485416 -2.526504
v -4.241179 -2.840023 -1.639165
v -3.977021 -4.485416 -2.526504
v -5.404144 -6.679274 -1.940261
v -2.391780 -4.465828 -3.550124
v -1.826529 -6.676472 -4.251377
v -3.931681 -6.679274 -3.357320
v 10.501112 -5.338882 2.686167
v 10.832147 -5.050666 2.531982
v 10.186863 -4.790418 2.620408
v 2.469424 3.134349 -4.613759
v 4.883794 1.807968 -3.271413
v 1.990639 0.495571 -3.007535
v 6.124565 -7.594333 1.669826
v 5.522367 -7.356475 2.660985
v 5.072402 -6.992682 2.426206
v -10.939748 -4.227970 -1.189758
v -10.607311 -4.994704 -1.397671
v -11.420774 -4.745664 -1.146663
v -6.183475 -9.995253 0.584926
v -5.176094 -6.553366 1.395874
v -5.401636 -6.553366 -0.709848
v -5.133835 -4.460224 0.542110
v -4.949991 -4.510608 -1.100771
v -6.039648 -6.676472 -0.137036
v -4.814823 -3.058266 -0.284787
v 4.407811 -2.979914 1.983794
v 2.881053 -3.282140 3.491798
v 4.151205 -4.485416 2.739057
v 4.241593 0.434005 -1.342823
v 3.827162 0.084223 -2.397224
v 3.406020 0.895711 -2.138940
v 3.406020 0.895711 -2.138940
v 3.027403 0.036641 -2.816131
v 2.813896 0.545929 -2.589468
v 3.169843 0.918102 2.605577
v 3.418616 0.417220 2.871416
v 3.933495 0.406011 2.061028
v 8.666270 -6.309904 -0.743707
v 5.784016 -5.165392 -0.647725
v 5.963951 -4.675692 -1.286858
v -5.943669 -5.022698 1.747897
v -8.644307 -6.139215 2.136302
v -8.470523 -6.547762 1.320597
v -5.743025 -5.361272 1.008310
v -3.977021 -4.485416 -2.526504
v -3.931681 -6.679274 -3.357320
v -5.404144 -6.679274 -1.940261
v -5.133835 -4.460224 0.542110
v -4.691423 -3.307333 1.294294
v -4.814823 -3.058266 -0.284787
v -5.833133 -6.679274 1.401191
v -6.039648 -6.676472 -0.137036
v -3.810243 -9.304095 -9.166030
v -2.295521 -9.830169 -5.324524
v -4.013675 -10.009264 -9.104470
v -3.559228 1.377033 4.298549
v -5.680618 2.865722 4.636025
v -5.302855 0.534748 0.642568
v -4.398724 -4.166403 2.024651
v -5.244091 -4.821214 1.790713
v -4.197800 -4.636516 1.378244
v 5.843621 -5.361272 1.008310
v 8.571118 -6.547762 1.320597
v 6.044251 -5.022698 1.747897
v 8.744902 -6.139215 2.136302
v 6.647850 -3.729862 2.523028
v 6.892700 -3.164612 2.482174
v 6.088751 -3.089062 2.586549
v -4.949991 -4.510608 -1.100771
v -5.404144 -6.679274 -1.940261
v -6.039648 -6.676472 -0.137036
v 2.549178 -4.482613 3.764355
v 1.928793 -6.679273 4.541441
v 4.620197 -6.676471 3.309071
v -4.569132 -8.587719 -9.603965
v -3.914614 -8.551345 -9.065852
v -4.512049 -9.239727 -9.687354
v 3.910838 -9.301293 -9.166030
v 4.113991 -10.009264 -9.104470
v 2.396116 -9.830169 -5.324804
v -3.709221 -0.825231 8.992417
v -5.630808 1.002058 8.316071
v -5.497895 0.918102 7.985590
v -10.527839 -4.955528 2.281814
v -10.790035 -5.056270 2.401024
v -11.173963 -4.698082 2.317354
v 4.017732 0.649473 -1.271186
v 4.610963 0.719419 -0.570775
v 4.370876 0.059031 -1.394032
v 0.459131 -3.251371 -3.950001
v 1.351226 -2.067683 -3.376070
v 2.447315 -3.301729 -3.465894
v 2.447315 -3.301729 -3.465894
v 0.574697 -4.485416 -4.020797
v 2.563735 -4.463026 -3.550124
v 1.994842 -6.676472 -4.251377
v 0.574697 -4.485416 -4.020797
v 2.881053 -3.282140 3.491798
v 2.549178 -4.482613 3.764355
v 4.151205 -4.485416 2.739057
v 4.620197 -6.676471 3.309071
v 0.440103 -4.435032 -4.072566
v 0.459131 -3.251371 -3.950001
v 0.574697 -4.485416 -4.020797
v 0.541393 -6.656884 -4.499306
v 5.121653 -4.507806 -1.100771
v 3.953083 -3.307333 -2.462146
v 4.775780 -2.985518 -1.044806
v 4.148684 -4.482614 -2.526504
v 3.209299 -1.359713 -1.917314
v 4.775780 -2.985518 -1.044806
v 4.669447 -8.587719 -9.603965
v 4.612364 -9.239727 -9.687354
v 4.014930 -8.551345 -9.065572
v 9.439156 -6.480591 1.688296
v 9.294767 -6.852764 1.088340
v 9.882408 -6.679274 1.704525
v -9.398445 -6.480591 1.688576
v -9.842818 -6.679274 1.704525
v -9.255178 -6.852764 1.087499
v 2.108167 -6.522569 5.492585
v 2.082428 -7.247326 5.417588
v 3.613095 -6.810812 4.803084
v 0.407639 -6.810812 5.536237
v 0.407359 -6.340672 5.324128
v 2.221212 -6.032868 4.816514
v -1.176202 -2.067683 -3.376070
v -0.274312 -3.290547 -3.978262
v -2.273691 -3.301729 -3.465894
v -0.399113 -4.423850 -4.015200
v -2.273691 -3.301729 -3.465894
v -2.391780 -4.465828 -3.550124
v -0.399113 -4.423850 -4.015200
v -1.826529 -6.676472 -4.251377
v -0.399113 -4.423850 -4.015200
v -0.503204 -6.676472 -4.427392
v -1.826529 -6.676472 -4.251377
v -0.313208 -6.628916 -4.554994
v 0.440103 -4.435032 -4.072566
v 0.541393 -6.656884 -4.499306
v -0.504885 0.932086 3.532094
v -1.050000 0.375242 3.761276
v 0.375175 0.229719 3.816681
v -4.550385 -4.496597 2.066346
v -4.691423 -3.307333 1.294294
v -5.133835 -4.460224 0.542110
v -5.833133 -6.679274 1.401191
v 6.208241 -6.676472 -0.136475
v 5.305511 -4.457421 0.542670
v 6.005355 -6.679274 1.388038
v 10.591780 -4.351102 2.635239
v 10.576101 -4.947122 2.627126
v 11.014043 -4.535773 2.581792
v 10.962831 -3.987309 2.338340
v 11.014043 -4.535773 2.581792
v 11.200130 -4.138436 2.242358
v 11.238185 -4.600142 2.442718
v 11.014043 -4.535773 2.581792
v 10.836349 -5.064650 2.531421
v 9.936129 -4.695280 2.532262
v 10.576101 -4.947122 2.627126
v 9.961601 -4.118848 2.497843
v -6.513123 -8.274310 -9.460414
v -5.840405 -7.904940 -9.490076
v -6.188519 -8.632499 -9.759552
v -5.840405 -7.904940 -9.490076
v -5.201552 -8.484175 -9.852175
v -4.896257 -8.002880 -9.434388
v -4.569132 -8.587719 -9.603965
v -5.840405 -7.904940 -9.490076
v -4.896257 -8.002880 -9.434388
v -5.728748 -7.454415 -9.049343
v 6.289101 -8.632499 -9.759552
v 5.941000 -7.904940 -9.489797
v 6.613705 -8.274310 -9.460414
v 5.302148 -8.484175 -9.852175
v 5.941000 -7.904940 -9.489797
v 4.669447 -8.587719 -9.603965
v 4.996572 -8.002880 -9.434108
v 4.996572 -8.002880 -9.434108
v 5.941000 -7.904940 -9.489797
v 5.829063 -7.454415 -9.049623
v -6.547535 -3.729862 2.523028
v -6.223772 -4.449042 2.279856
v -5.819976 -3.478020 2.586549
v -5.500697 -4.219563 2.336942
v -5.819976 -3.478020 2.586549
v -6.792385 -3.164612 2.482174
v -6.237489 -2.518208 2.445237
v 0.584211 -4.521789 4.245940
v -0.512157 -6.676471 4.751316
v 1.928793 -6.679273 4.541441
v 2.447315 -3.301729 -3.465894
v 2.358888 -1.449247 -2.691044
v 3.953083 -3.307333 -2.462146
v 3.953083 -3.307333 -2.462146
v 2.563735 -4.463026 -3.550124
v 4.148684 -4.482614 -2.526504
v 4.099994 -6.679274 -3.357039
v -4.757179 -6.679274 2.971595
v -4.550385 -4.496597 2.066346
v -5.833133 -6.679274 1.401191
v -2.854620 -6.679273 4.175144
v -3.231556 -4.485415 3.306833
v -4.757179 -6.679274 2.971595
v -0.512157 -6.676471 4.751316
v -1.386346 -4.496597 4.085880
v -2.854620 -6.679273 4.175144
v 9.596981 -5.582345 2.237881
v 9.804896 -5.775423 2.400183
v 9.522258 -5.170996 2.457549
v 10.501112 -5.338882 2.686167
v 10.452983 -5.990891 2.318752
v 1.568376 0.895712 3.398057
v 1.476307 0.386423 3.796813
v 2.404789 0.408813 3.269895
v -1.855071 -10.084813 4.408242
v -3.369232 -6.553365 3.420444
v -3.990165 -10.082011 3.542730
v -1.855071 -10.084813 4.408242
v 0.082755 -6.553365 4.280359
v -1.325914 -3.298926 3.986259
v -1.952731 -2.067683 3.316346
v -3.072050 -3.304530 3.231556
v -3.072050 -3.304530 3.231556
v -1.386346 -4.496597 4.085880
v -3.231556 -4.485415 3.306833
v -2.854620 -6.679273 4.175144
v 3.060708 -6.964714 4.007805
v 5.212321 -7.244524 2.490567
v 4.634754 -7.605514 3.621922
v 3.318995 -7.367656 4.386976
v -3.705858 0.545929 -0.800233
v -3.781982 0.434005 -1.656515
v -4.029060 -0.016519 -0.877748
v 4.186178 -4.832396 0.596397
v 4.298115 -4.636516 1.378244
v 3.010897 -4.034891 0.913725
v -5.556378 -10.042835 2.136582
v -3.369232 -6.553365 3.420444
v -5.176094 -6.553366 1.395874
v -2.183303 -1.449247 -2.691044
v -2.273691 -3.301729 -3.465894
v -3.779460 -3.307333 -2.462146
v -2.391780 -4.465828 -3.550124
v -3.977021 -4.485416 -2.526504
v -3.931681 -6.679274 -3.357320
v -0.085424 -7.597136 -5.307735
v 1.336122 -7.367657 -5.260443
v 1.244053 -6.992682 -4.809358
v 0.257086 0.375241 -3.687521
v -0.500962 -0.268361 -3.687521
v -1.123029 0.229719 -3.395936
v -1.024808 0.579501 -3.156683
v 0.037988 0.906920 -3.318985
v 4.883794 1.807968 -3.271413
v 5.035468 0.495571 -1.437688
v 1.990639 0.495571 -3.007535
v 2.562334 -0.444653 -1.008986
v 7.810268 6.416757 -4.110345
v 7.390513 3.444982 -2.696922
v 5.121653 -4.507806 -1.100771
v 5.305511 -4.457421 0.542670
v 6.208241 -6.676472 -0.136475
v 5.121653 -4.507806 -1.100771
v 4.988739 -3.058266 0.497617
v 4.775780 -2.985518 -1.044806
v 3.743219 -1.063090 -0.509212
v 4.988739 -3.058266 0.497617
v 0.541393 -6.656884 -4.499306
v 0.574697 -4.485416 -4.020797
v 1.994842 -6.676472 -4.251377
v -5.589123 -7.594333 1.598189
v -5.378405 -6.967516 0.430180
v -4.551505 -7.264112 2.694003
v 11.287435 -4.524592 -1.406067
v 11.278481 -3.998518 -1.108047
v 10.946592 -4.804428 -1.508204
v -3.072050 -3.304530 3.231556
v -3.007121 -1.482845 2.273978
v -4.043057 -3.307332 2.348134
v -4.043057 -3.307332 2.348134
v -3.231556 -4.485415 3.306833
v -4.550385 -4.496597 2.066346
v -4.757179 -6.679274 2.971595
v 6.563347 -8.319090 -3.164798
v 8.022374 -9.088628 -7.000708
v 7.859798 -8.291097 -7.039603
v 6.731233 -8.976676 -3.118067
v 10.220435 -6.586938 1.554536
v 10.287605 -7.006692 0.973610
v 9.986780 -6.794000 0.645648
v -4.532197 -3.852995 -1.482458
v -5.630808 -4.594538 -1.308684
v -5.900290 -3.917363 -1.698767
v -6.462751 -8.319090 -3.164798
v -7.921778 -9.088628 -7.000708
v -6.630651 -8.976676 -3.118067
v -7.759483 -8.291097 -7.039603
v 11.515219 -3.962116 1.876060
v 10.921133 -4.160799 2.037801
v 11.423990 -3.564779 1.467510
v -10.908964 -4.815610 -1.493653
v -10.967168 -3.945331 -1.052362
v -11.293452 -4.457421 -1.374166
v 5.755754 -3.858599 2.502319
v 4.781384 -3.508817 2.421729
v 5.462495 -4.544180 2.096569
v 4.499320 -4.166403 2.024651
v -4.532197 -3.852995 -1.482458
v -4.285946 -4.429454 -0.950782
v -5.630808 -4.594538 -1.308684
v -3.391329 -6.553366 -3.224400
v -5.737154 -8.671674 -1.158695
v -5.401636 -6.553366 -0.709848
v -4.901861 -10.054017 -2.669217
v 1.230616 -1.485647 3.356363
v 0.562382 -3.248568 4.128132
v 2.881053 -3.282140 3.491798
v 0.562382 -3.248568 4.128132
v 2.549178 -4.482613 3.764355
v 0.584211 -4.521789 4.245940
v 2.549178 -4.482613 3.764355
v 1.928793 -6.679273 4.541441
v 6.647850 -3.729862 2.523028
v 6.088751 -3.089062 2.586549
v 5.755754 -3.858599 2.502319
v 4.186178 -4.832396 0.596397
v 3.010897 -4.034891 0.913725
v 2.975364 -4.090853 0.205194
v 4.237950 -4.779236 -0.214550
v 4.186178 -4.832396 0.596397
v -2.962914 -3.911759 1.244206
v -4.197800 -4.636516 1.378244
v -4.085596 -4.832396 0.596397
v -2.874768 -4.090853 0.571212
v 7.859798 -8.291097 -7.039603
v 7.731356 -8.391838 -8.052309
v 7.333431 -7.515981 -7.271023
v 7.336513 -7.848978 -8.259941
v -4.141558 -6.192375 4.096511
v -5.119838 -6.340673 3.013289
v -5.331397 -6.970292 3.130817
v -3.613242 0.901316 1.262953
v -3.847457 0.565517 0.528119
v -4.205072 0.089801 0.558899
v -2.874768 -4.090853 0.571212
v -4.085596 -4.832396 0.596397
v -2.910582 -4.034891 -0.137316
v -4.137355 -4.779236 -0.214550
v -0.274312 -3.290547 -3.978262
v -0.261716 -4.449042 -4.097191
v -0.399113 -4.423850 -4.015200
v -0.313208 -6.628916 -4.554994
v -0.399113 -4.423850 -4.015200
v -0.503204 -6.676472 -4.427392
v -7.759483 -8.291097 -7.039603
v -7.233676 -7.515981 -7.270743
v -7.630760 -8.391838 -8.052309
v -7.236198 -7.848978 -8.259661
v -1.687452 -7.378865 -5.063445
v -0.085424 -7.597136 -5.307735
v -1.520393 -6.998287 -4.638663
v -3.673687 0.565517 -1.157578
v -4.268320 0.386423 -0.355863
v -3.861441 0.895711 -0.135919
v -4.268320 0.386423 -0.355863
v -4.041096 0.408813 0.548548
v 2.409540 0.397632 3.277450
v 3.418616 0.417220 2.871416
v 3.169843 0.918102 2.605577
v 4.632513 -3.852995 -1.482458
v 5.344687 -4.821214 -1.014023
v 4.386261 -4.429454 -0.950782
v 5.601279 -4.219563 -1.560253
v -4.680789 -3.508817 2.421729
v -5.819976 -3.478020 2.586549
v -5.500697 -4.219563 2.336942
v -2.341128 -10.540942 -1.949774
v -2.263617 -10.890724 -2.728541
v -1.729416 -9.986873 -2.826201
v 10.482645 -5.929325 2.189192
v 10.263814 -5.786631 2.082855
v 10.886161 -5.512399 2.355129
v 3.917830 0.403209 2.050113
v 4.491193 0.375241 1.568806
v 4.158197 0.904118 1.310526
v -6.237489 -2.518208 2.445237
v -7.014578 -2.624554 2.279295
v -6.792385 -3.164612 2.482174
v 2.364212 -10.890724 -2.728541
v 2.441443 -10.540942 -1.949774
v 1.830012 -9.986873 -2.826201
v -11.273024 -3.906155 -1.249920
v -11.221812 -3.469641 -1.111963
v -10.656562 -3.598351 -1.325193
v -11.450717 -4.275552 1.782597
v -11.356980 -4.907946 1.972042
v -11.056715 -3.962116 1.816178
v -10.536511 -5.159815 2.179958
v -5.900290 -3.917363 -1.698767
v -5.630808 -4.594538 -1.308684
v -8.918819 -5.501191 -1.523315
v 3.575881 -6.553365 3.416245
v 0.082755 -6.553365 4.280359
v 2.008546 -10.087615 4.410761
v -11.386362 -3.575961 1.453516
v -11.124433 -4.199975 2.124269
v -11.476457 -3.964919 1.878579
v 4.098592 -7.353673 -4.208284
v 4.990701 -7.588729 -3.529415
v 3.779033 -6.975896 -3.872766
v 0.083596 -10.084813 -4.399967
v 0.642135 -6.553366 -4.087957
v 2.033738 -10.082011 -4.196251
v 0.083596 -10.084813 -4.399967
v -1.866813 -10.082011 -4.196251
v -3.391329 -6.553366 -3.224400
v -3.517250 -10.070829 -3.583142
v 4.358561 -6.553366 -2.652148
v 2.033738 -10.082011 -4.196251
v 4.213052 -10.065226 -3.315625
v 9.939491 -5.503993 -1.687855
v 10.138734 -6.307101 -1.413619
v 9.471621 -6.002100 -1.378923
v 9.591097 -6.337898 -1.095734
v 9.352971 -6.175590 -1.026336
v 9.308472 -5.705477 -1.273147
v 10.627873 -6.234354 -1.264751
v 10.260451 -6.533778 -1.026896
v 2.679022 0.114993 2.423687
v 5.676562 0.702633 0.447529
v 5.370426 2.174537 4.169269
v 4.298115 -4.636516 1.378244
v 4.499320 -4.166403 2.024651
v 3.139620 -3.732665 1.541663
v 4.886036 1.004861 8.349930
v 2.931424 -0.805643 9.115263
v 2.875742 -0.842017 8.752044
v 4.764038 0.948899 8.009094
v -11.156056 -4.130029 2.256629
v -10.862516 -4.309124 2.563882
v -10.539594 -3.833407 2.336102
v -3.431345 0.895711 -1.433768
v -3.781982 0.434005 -1.656515
v -3.705858 0.545929 -0.800233
v 2.679022 0.114993 2.423687
v 5.370426 2.174537 4.169269
v 1.669118 1.206345 4.694509
v 6.230337 -4.012501 -1.676103
v 9.019415 -5.501191 -1.523315
v 5.963951 -4.675692 -1.286858
v 3.177115 -0.486631 0.935832
v 4.407811 -2.979914 1.983794
v 4.988739 -3.058266 0.497617
v 4.927454 -4.524592 1.698370
v 4.988739 -3.058266 0.497617
v 5.305511 -4.457421 0.542670
v 4.927454 -4.524592 1.698370
v 6.005355 -6.679274 1.388038
v 0.562382 -3.248568 4.128132
v -0.296969 -1.418476 3.444509
v -1.325914 -3.298926 3.986259
v -1.325914 -3.298926 3.986259
v 0.584211 -4.521789 4.245940
v -1.386346 -4.496597 4.085880
v -0.512157 -6.676471 4.751316
v 0.584211 -4.521789 4.245940
v -0.296969 -1.418476 3.444509
v -1.952731 -2.067683 3.316346
v -2.704347 0.649473 -2.235202
v -2.200930 0.713842 -2.944290
v -2.945848 0.229719 -2.432203
v 3.063230 -3.911759 -0.467517
v 4.386261 -4.429454 -0.950782
v 4.237950 -4.779236 -0.214550
v 4.407811 -2.979914 1.983794
v 4.151205 -4.485416 2.739057
v 4.927454 -4.524592 1.698370
v 2.609623 -0.413883 1.729430
v 2.623340 -1.485647 2.740735
v 4.151205 -4.485416 2.739057
v 6.005355 -6.679274 1.388038
v 4.620197 -6.676471 3.309071
v 10.627873 -6.234354 -1.264751
v 10.390016 -5.562757 -1.345341
v 10.057859 -6.256743 -0.854800
v -10.607032 -5.047864 -1.868063
v -10.926591 -4.782038 -1.657352
v -10.288300 -4.510608 -1.753334
v 4.990701 -7.588729 -3.529415
v 5.641856 -7.266914 -2.099764
v 3.779033 -6.975896 -3.872766
v 9.362765 -5.445229 -1.393474
v 10.250937 -6.052457 -1.221659
v 9.127709 -5.996495 -0.890897
v -9.262170 -5.445229 -1.393474
v -9.027394 -5.996495 -0.890897
v -10.150342 -6.052457 -1.221659
v -4.935153 0.495571 -1.437688
v -4.783212 1.807968 -3.271413
v -1.776718 0.688649 -3.247348
v -2.056822 -0.475450 -1.326034
v -4.935153 0.495571 -1.437688
v -4.680789 -3.508817 2.421729
v -5.500697 -4.219563 2.336942
v -4.398724 -4.166403 2.024651
v -10.939748 -4.227970 -1.189758
v -11.761323 -3.978929 -0.522081
v -11.238892 -3.545191 -0.508091
v -11.643235 -4.317503 -0.871029
v -3.391329 -6.553366 -3.224400
v 0.642135 -6.553366 -4.087957
v -1.866813 -10.082011 -4.196251
v -3.151242 -7.521559 -4.246059
v -3.860334 -6.959111 -3.404892
v -4.244809 -7.356475 -3.713824
v 5.572738 -6.679274 -1.940261
v 4.148684 -4.482614 -2.526504
v 5.121653 -4.507806 -1.100771
v -1.021179 0.582303 -3.164239
v -1.113235 0.204526 -3.407131
v -2.200930 0.713842 -2.944290
v 1.759212 -1.432461 -3.105194
v 2.983476 -0.856029 -2.776114
v 2.689656 -0.948364 -2.455147
v 4.298115 -4.636516 1.378244
v 3.139620 -3.732665 1.541663
v 3.010897 -4.034891 0.913725
v -5.900290 -3.917363 -1.698767
v -8.918819 -5.501191 -1.523315
v -9.377176 -4.474207 -1.816018
v 0.037988 0.906920 -3.318985
v 1.010117 0.447989 -3.429518
v 0.257086 0.375241 -3.687521
v 9.026406 -5.478800 2.715553
v 6.324368 -4.449042 2.279856
v 8.744902 -6.139215 2.136302
v 6.044251 -5.022698 1.747897
v -6.223772 -4.449042 2.279856
v -8.925811 -5.478800 2.715553
v -8.644307 -6.139215 2.136302
v -5.943669 -5.022698 1.747897
v -3.136405 -3.506015 1.794629
v -4.398724 -4.166403 2.024651
v -4.197800 -4.636516 1.378244
v -2.962914 -3.911759 1.244206
v 3.063230 -3.911759 -0.467517
v 4.237950 -4.779236 -0.214550
v 2.975364 -4.090853 0.205194
v -4.043057 -3.307332 2.348134
v -3.007121 -1.482845 2.273978
v -3.805199 -1.600373 1.196354
v -4.691423 -3.307333 1.294294
v -4.550385 -4.496597 2.066346
v -4.043057 -3.307332 2.348134
v -6.723267 -7.641889 -8.779587
v -5.728748 -7.454415 -9.049343
v -5.840405 -7.904940 -9.490076
v -6.513123 -8.274310 -9.460414
v -5.840405 -7.904940 -9.490076
v 6.613705 -8.274310 -9.460414
v 5.941000 -7.904940 -9.489797
v 6.823582 -7.641889 -8.779867
v 5.941000 -7.904940 -9.489797
v 5.829063 -7.454415 -9.049623
v 6.230337 -4.012501 -1.676103
v 9.477491 -4.474207 -1.816018
v 9.019415 -5.501191 -1.523315
v 10.613317 -5.685889 -1.451958
v 10.390016 -5.562757 -1.345341
v 10.627873 -6.234354 -1.264751
v -2.869444 0.434005 -2.380715
v -3.781982 0.434005 -1.656515
v -3.431345 0.895711 -1.433768
v 6.105537 -3.519999 -1.785235
v 9.477491 -4.474207 -1.816018
v 6.230337 -4.012501 -1.676103
v -4.285946 -4.429454 -0.950782
v -3.039305 -3.732665 -0.765253
v -4.137355 -4.779236 -0.214550
v -2.910582 -4.034891 -0.137316
v -10.489783 -6.421827 1.967565
v -9.942440 -6.407844 1.491856
v -10.181966 -6.606526 1.556774
v -10.451168 -5.906961 2.162608
v 5.706785 -6.374272 -3.656180
v 6.250485 -6.340673 -2.329226
v 6.485542 -6.810812 -2.410933
v 0.365100 0.434006 3.734973
v 1.476307 0.386423 3.796813
v 1.568376 0.895712 3.398057
v 4.407811 -2.979914 1.983794
v 2.623340 -1.485647 2.740735
v 2.881053 -3.282140 3.491798
v -11.195513 -3.276536 0.550506
v -11.093929 -3.536785 1.415461
v -11.398105 -3.601153 1.473104
v -3.460167 -6.153200 -4.743319
v -3.687111 -6.810813 -4.954310
v -4.583129 -6.477790 -3.971547
v 0.357548 -1.021112 -3.038875
v 0.413510 -2.070486 -3.562717
v -0.232334 -2.123646 -3.608608
v 0.459131 -3.251371 -3.950001
v -0.232334 -2.123646 -3.608608
v -0.274312 -3.290547 -3.978262
v 10.989411 -5.280118 -1.537025
v 10.351399 -5.554350 -1.344784
v 10.605204 -5.699873 -1.447762
v 10.717421 -4.726076 -1.409143
v 10.827396 -5.053468 2.404660
v 10.886161 -5.512399 2.355129
v 10.571351 -4.949924 2.278178
v -3.559228 1.377033 4.298549
v -5.302855 0.534748 0.642568
v -2.182743 -0.346713 1.296812
v 5.998363 -8.344255 -1.751936
v 6.731233 -8.976676 -3.118067
v 6.563347 -8.319090 -3.164798
v 6.195644 -9.161374 -1.693452
v -11.130036 -4.205579 2.107760
v -10.527839 -4.955528 2.281814
v -11.173963 -4.698082 2.317354
v 2.447315 -3.301729 -3.465894
v 1.351226 -2.067683 -3.376070
v 2.358888 -1.449247 -2.691044
v -1.680446 0.403209 3.332855
v -1.050000 0.375242 3.761276
v -0.504885 0.932086 3.532094
v 5.035468 0.495571 -1.437688
v 5.676562 0.702633 0.447529
v 2.562334 -0.444653 -1.008986
v 3.953083 -3.307333 -2.462146
v 2.358888 -1.449247 -2.691044
v 3.209299 -1.359713 -1.917314
v -4.691423 -3.307333 1.294294
v -3.805199 -1.600373 1.196354
v -4.814823 -3.058266 -0.284787
v -5.897768 -8.344255 -1.751936
v -6.630651 -8.976676 -3.118067
v -6.095329 -9.161374 -1.693452
v -6.462751 -8.319090 -3.164798
v 10.114382 -0.903584 3.769112
v 8.511514 1.077608 5.931636
v 8.284290 0.985272 5.697141
v 10.414647 -0.783253 3.927494
v 11.227270 -4.616928 2.292169
v 10.829345 -5.064650 2.366324
v 11.164863 -4.199975 2.124550
v -4.757460 -3.338103 -1.685336
v -4.532197 -3.852995 -1.482458
v -5.900290 -3.917363 -1.698767
v 9.054948 -6.416250 -0.654443
v 9.769630 -6.992682 -0.159983
v 9.171636 -6.654081 -0.138437
v 9.918502 -6.844384 -0.775608
v 4.499320 -4.166403 2.024651
v 3.296324 -3.377278 1.893410
v 3.139620 -3.732665 1.541663
v 6.892700 -3.164612 2.482174
v 7.115160 -2.624554 2.279295
v 6.410832 -2.347520 2.336662
v 6.088751 -3.089062 2.586549
v 0.413510 -2.070486 -3.562717
v 0.357548 -1.021112 -3.038875
v 1.351226 -2.067683 -3.376070
v 0.459131 -3.251371 -3.950001
v 0.244783 -6.379850 -5.863759
v 1.379487 -6.332294 -5.474793
v 1.445243 -6.936720 -5.737554
v -3.270171 0.442385 2.188631
v -3.613242 0.901316 1.262953
v -3.767704 0.372439 1.834645
v 10.645220 -3.464036 2.182196
v 10.967301 -3.990111 2.335261
v 11.314295 -3.763461 2.143020
v 11.314295 -3.763461 2.143020
v 10.879436 -3.108650 1.599589
v 11.481354 -3.436043 1.552017
v 11.157310 -3.962117 -1.039769
v 11.551873 -4.622532 -1.123158
v 10.707626 -4.994704 -1.397671
v 4.857775 -3.338103 -1.685336
v 5.601279 -4.219563 -1.560253
v 4.632513 -3.852995 -1.482458
v 6.105537 -3.519999 -1.785235
v -10.449206 4.721006 0.635293
v -10.097463 4.790951 0.579607
v -11.092261 2.613879 0.365537
v -11.518435 -3.234585 0.580168
v -11.398105 -3.601153 1.473104
v -11.662823 -3.450053 1.035173
v -2.056822 -0.475450 -1.326034
v -5.302855 0.534748 0.642568
v -4.935153 0.495571 -1.437688
v 10.018964 -3.911759 -1.506246
v 11.362144 -3.486427 -0.859277
v 10.831866 -4.700884 -1.629928
v -2.735130 -1.018310 -1.864428
v -2.183303 -1.449247 -2.691044
v -4.241179 -2.840023 -1.639165
v -3.072050 -3.304530 3.231556
v -1.952731 -2.067683 3.316346
v -3.007121 -1.482845 2.273978
v 10.789888 4.362817 -0.553705
v 10.554272 2.356433 -0.932873
v 12.363094 5.479334 -0.443449
v 10.875246 6.539889 0.014350
v 12.384644 5.703208 -0.747067
v 11.434345 9.198282 -0.213711
v 11.150879 12.368739 -0.208954
v 11.416158 12.950802 -0.212313
v -9.988328 -6.530976 2.043679
v -9.463641 -6.516965 1.689974
v -9.155837 -6.086029 1.970925
v -1.248669 -7.524360 4.721653
v 0.391694 -6.978698 4.633227
v 0.402889 -7.359276 5.031982
v -2.393461 -7.258534 4.233070
v -2.806210 3.330230 6.663952
v 1.669118 1.206345 4.694509
v 1.817709 3.349818 6.996951
v -3.559228 1.377033 4.298549
v -2.182743 -0.346713 1.296812
v 2.679022 0.114993 2.423687
v -9.918649 -3.911759 -1.506246
v -10.731551 -4.700884 -1.629928
v -11.261828 -3.486427 -0.859277
v 2.329506 -3.517197 0.124604
v 3.010897 -4.034891 0.913725
v 2.248365 -3.433240 0.574291
v -5.843487 -6.340673 -2.802137
v -4.467843 -6.340673 -3.893475
v -4.647764 -6.810813 -4.043184
v -6.576637 -6.371469 -0.841927
v -5.832852 -6.340673 -2.105922
v -6.068189 -6.810812 -2.187072
v 2.562334 -0.444653 -1.008986
v 5.676562 0.702633 0.447529
v 1.633851 -0.640560 0.286068
v 6.088751 -3.089062 2.586549
v 5.102625 -2.764445 2.509875
v 5.755754 -3.858599 2.502319
v 4.781384 -3.508817 2.421729
v -2.228924 -3.517197 0.651806
v -2.962914 -3.911759 1.244206
v -2.874768 -4.090853 0.571212
v 1.633851 -0.640560 0.286068
v 5.676562 0.702633 0.447529
v 2.679022 0.114993 2.423687
v -2.056822 -0.475450 -1.326034
v -1.776718 0.688649 -3.247348
v 1.990639 0.495571 -3.007535
v 3.237000 -3.506015 -1.018220
v 4.386261 -4.429454 -0.950782
v 3.063230 -3.911759 -0.467517
v 3.237000 -3.506015 -1.018220
v 4.632513 -3.852995 -1.482458
v 4.386261 -4.429454 -0.950782
v -6.149343 -3.335300 -1.776561
v -5.900290 -3.917363 -1.698767
v -9.377176 -4.474207 -1.816018
v 10.295999 -6.447020 -0.935391
v 10.627873 -6.234354 -1.264751
v 10.057859 -6.256743 -0.854800
v 11.206000 -2.862386 -0.131719
v 11.371658 -2.946342 0.580449
v 11.789731 -3.184200 0.196241
v -0.085424 -7.597136 -5.307735
v 1.244053 -6.992682 -4.809358
v -1.520393 -6.998287 -4.638663
v 5.010009 -6.354683 4.022916
v 6.002847 -6.810812 2.907794
v 5.785977 -6.360261 2.801180
v 2.659994 -6.575730 -5.575813
v 1.418944 -6.810813 -5.710971
v 1.384251 -6.360261 -5.502778
v 2.475309 -7.524361 -4.788929
v 3.911105 -7.266915 -4.006246
v 1.261959 -7.244524 -4.942838
v -5.302855 0.534748 0.642568
v -2.056822 -0.475450 -1.326034
v -2.182743 -0.346713 1.296812
v 3.209299 -1.359713 -1.917314
v 3.743219 -1.063090 -0.509212
v 4.775780 -2.985518 -1.044806
v -4.241179 -2.840023 -1.639165
v -2.183303 -1.449247 -2.691044
v -3.779460 -3.307333 -2.462146
v -9.574738 -6.097238 -1.417819
v -10.274876 -5.655093 -1.685336
v -9.826019 -5.464817 -1.665188
v -9.701499 -4.426651 2.402141
v -10.424308 -5.411657 2.351213
v -9.319533 -5.322096 2.254390
v -5.002030 -2.764445 2.509875
v -6.237489 -2.518208 2.445237
v -5.819976 -3.478020 2.586549
v 10.524890 -5.414459 2.351213
v 9.802094 -4.426651 2.402141
v 9.420128 -5.322096 2.254390
v 9.804896 -5.775423 2.400183
v 10.501112 -5.338882 2.686167
v 9.822523 -5.061874 2.629922
v 10.186863 -4.790418 2.620408
v 2.329506 -3.517197 0.124604
v 3.063230 -3.911759 -0.467517
v 2.975364 -4.090853 0.205194
v -3.039305 -3.732665 -0.765253
v -4.532197 -3.852995 -1.482458
v -3.251424 -3.237360 -1.217179
v -4.285946 -4.429454 -0.950782
v -3.014687 -0.436274 -0.567415
v -4.241179 -2.840023 -1.639165
v -4.814823 -3.058266 -0.284787
v -2.397651 -3.159008 1.450161
v -3.136405 -3.506015 1.794629
v -2.962914 -3.911759 1.244206
v -3.805199 -1.600373 1.196354
v -3.126611 -0.481054 0.540992
v -4.814823 -3.058266 -0.284787
v -0.188114 -0.962348 -2.979550
v -0.232334 -2.123646 -3.608608
v -1.176202 -2.067683 -3.376070
v -0.274312 -3.290547 -3.978262
v -2.183303 -1.449247 -2.691044
v -1.176202 -2.067683 -3.376070
v -5.002030 -2.764445 2.509875
v -5.819976 -3.478020 2.586549
v -4.680789 -3.508817 2.421729
v -4.757460 -3.338103 -1.685336
v -6.149343 -3.335300 -1.776561
v -5.002030 -2.764446 -1.733186
v -5.900290 -3.917363 -1.698767
v 9.198496 -6.584136 -0.345508
v 9.805177 -6.919934 -0.372092
v 9.294487 -6.903148 -0.021466
v -6.576637 -6.371469 -0.841927
v -6.482900 -6.810812 0.553025
v -6.233846 -6.357486 0.521405
v 2.975364 -4.090853 0.205194
v 3.010897 -4.034891 0.913725
v 2.329506 -3.517197 0.124604
v 6.626861 -6.379849 2.059351
v 5.762466 -6.360261 2.784668
v 6.022995 -6.936720 2.938857
v -2.910582 -4.034891 -0.137316
v -2.228924 -3.517197 0.651806
v -2.874768 -4.090853 0.571212
v -1.707040 -0.106080 -1.788594
v -2.183303 -1.449247 -2.691044
v -2.735130 -1.018310 -1.864428
v -1.176202 -2.067683 -3.376070
v -2.273691 -3.301729 -3.465894
v 3.743219 -1.063090 -0.509212
v 3.177115 -0.486631 0.935832
v 4.988739 -3.058266 0.497617
v -11.300164 -3.212195 -0.717404
v -11.505558 -3.312937 -0.437014
v -10.898330 -2.982716 -0.480110
v 2.108167 -6.522569 5.492585
v 3.613095 -6.810812 4.803084
v 3.482130 -6.357485 4.623153
v 3.177115 -0.486631 0.935832
v 2.609623 -0.413883 1.729430
v 4.407811 -2.979914 1.983794
v -6.352776 -6.402239 1.177887
v -6.366479 -6.810812 1.769727
v -5.821658 -6.382651 2.460068
v 6.445258 -6.592542 -2.406737
v 6.807076 -6.150397 -1.165690
v 7.088020 -6.810812 -1.514358
v 1.990639 0.495571 -3.007535
v 2.562334 -0.444653 -1.008986
v -2.056822 -0.475450 -1.326034
v 1.633851 -0.640560 0.286068
v 9.370037 -4.675692 2.970197
v 6.647850 -3.729862 2.523028
v 9.026406 -5.478800 2.715553
v 6.324368 -4.449042 2.279856
v -6.547535 -3.729862 2.523028
v -9.269722 -4.675692 2.970197
v -8.925811 -5.478800 2.715553
v -6.223772 -4.449042 2.279856
v -3.126611 -0.481054 0.540992
v -3.014687 -0.436274 -0.567415
v -4.814823 -3.058266 -0.284787
v -2.295521 -9.830169 -5.324524
v -1.836043 -9.418820 -3.983299
v -2.034432 -10.227533 -3.958673
v -2.265859 -9.830169 -1.569766
v -2.904991 -10.437398 -1.257755
v -2.341128 -10.540942 -1.949774
v -10.573446 1.021646 4.031032
v -11.993590 -0.897980 1.636807
v -10.283549 0.898514 3.855300
v -12.273133 -0.780452 1.832127
v 11.340875 -3.214997 -0.717965
v 10.937639 -2.982716 -0.480110
v 11.545709 -3.312937 -0.437014
v -8.996891 -6.488997 -0.508371
v -9.372986 -6.849988 -0.163062
v -9.419715 -6.634493 -0.817863
v -2.653136 -1.191800 2.920386
v -3.113187 -1.130260 2.091251
v -1.583907 -1.155426 3.182306
v -3.431345 -1.432461 -1.433768
v -2.869444 -0.967952 -2.380715
v -2.545962 -0.951167 -2.127748
v 11.551312 -4.275552 1.782597
v 11.339474 -3.545191 1.284780
v 11.040343 -4.227970 1.966168
v 11.887111 -3.634725 0.223665
v 11.685066 -3.953737 -0.668434
v 11.414476 -3.374476 0.038416
v 11.157310 -3.962117 -1.039769
v 2.441443 -10.540942 -1.949774
v 3.005306 -10.437398 -1.257755
v 2.366454 -9.830169 -1.569766
v -10.142790 -5.918143 2.405781
v -9.155837 -6.086029 1.970925
v -9.522965 -5.624323 2.319873
v -9.988328 -6.530976 2.043679
v 0.905172 -0.066903 2.397384
v 1.230616 -1.485647 3.356363
v 2.623340 -1.485647 2.740735
v 2.623340 -1.485647 2.740735
v 2.881053 -3.282140 3.491798
v -3.014687 -0.436274 -0.567415
v -2.735130 -1.018310 -1.864428
v -4.241179 -2.840023 -1.639165
v -10.666356 6.998820 -0.368737
v -11.416852 10.751340 -0.195521
v -11.054753 10.731751 -0.231341
v -0.504885 -1.466059 3.532094
v -1.680446 -0.939958 3.332855
v -1.493239 -0.934380 3.011050
v 0.905172 -0.066903 2.397384
v -0.296969 -1.418476 3.444509
v 1.230616 -1.485647 3.356363
v -0.296969 -1.418476 3.444509
v 0.562382 -3.248568 4.128132
v 1.351226 -2.067683 -3.376070
v 0.357548 -1.021112 -3.038875
v 2.358888 -1.449247 -2.691044
v -7.697637 9.326992 -4.955989
v -7.572277 9.324190 -4.594451
v -7.910583 11.657992 -4.450898
v -6.752088 7.636817 -4.878197
v -8.189019 11.529256 -4.734643
v 2.108167 -6.522569 5.492585
v 0.407359 -6.340672 5.324128
v 0.407639 -6.810812 5.536237
v 3.406020 -1.432461 -2.138940
v 4.241593 -0.967952 -1.342823
v 3.837797 -0.948364 -1.190596
v -3.861441 -1.432460 -0.135918
v -3.774976 -0.967952 -1.194515
v -3.384897 -0.948364 -1.068030
v 2.679022 0.114993 2.423687
v -2.182743 -0.346713 1.296812
v 1.633851 -0.640560 0.286068
v -9.881714 -4.667312 2.543457
v -10.148114 -4.790418 2.620688
v -9.936275 -5.129018 2.682811
v -10.140268 -5.926549 2.402141
v -9.691985 -5.736247 2.376956
v 3.139620 -3.732665 1.541663
v 3.296324 -3.377278 1.893410
v 2.497966 -3.159008 1.450161
v 5.102625 -2.764446 -1.733186
v 6.105537 -3.519999 -1.785235
v 4.857775 -3.338103 -1.685336
v 5.102625 -2.764446 -1.733186
v 6.492267 -2.786836 -1.688135
v 6.105537 -3.519999 -1.785235
v 7.339035 -2.028507 1.743701
v 6.410832 -2.347520 2.336662
v 7.115160 -2.624554 2.279295
v 6.672749 -1.748671 1.790152
v -1.952731 -2.067683 3.316346
v -1.207265 -0.495038 2.650070
v -3.007121 -1.482845 2.273978
v -3.613242 -1.438065 1.262954
v -2.924859 -0.945562 1.989952
v -3.270171 -0.976332 2.188631
v 1.633851 -0.640560 0.286068
v -2.182743 -0.346713 1.296812
v -2.056822 -0.475450 -1.326034
v -0.188114 -0.962348 -2.979550
v -0.126281 -0.145256 -2.378476
v 0.357548 -1.021112 -3.038875
v -0.232334 -2.123646 -3.608608
v 1.568376 -1.432460 3.398057
v 0.365100 -0.967952 3.734973
v 0.355867 -0.948364 3.385745
v 2.497966 -3.159008 -0.673471
v 3.237000 -3.506015 -1.018220
v 3.063230 -3.911759 -0.467517
v -3.654099 -2.305542 2.202621
v -5.002030 -2.764445 2.509875
v -4.680789 -3.508817 2.421729
v -3.379026 -2.940737 2.130984
v -4.680789 -3.508817 2.421729
v -3.136405 -3.506015 1.794629
v -4.398724 -4.166403 2.024651
v -1.836043 -9.418820 -3.983299
v -1.729416 -9.986873 -2.826201
v -2.034432 -10.227533 -3.958673
v 5.102625 -2.764445 2.509875
v 3.754401 -2.305542 2.202621
v 4.781384 -3.508817 2.421729
v 3.479609 -2.940737 2.130984
v 3.296324 -3.377278 1.893410
v 4.781384 -3.508817 2.421729
v 4.499320 -4.166403 2.024651
v 1.936625 -9.418820 -3.983299
v 2.135027 -10.227533 -3.958954
v 1.830012 -9.986873 -2.826201
v 9.365834 -6.178391 -1.040326
v 9.918502 -6.844384 -0.775608
v 9.054948 -6.416250 -0.654443
v 9.979507 -6.494602 -1.097132
v 3.933495 -0.942760 2.061028
v 3.169843 -1.454850 2.605577
v 3.552930 -0.917568 1.855074
v 2.404789 -0.942760 3.269895
v 1.568376 -1.432460 3.398057
v 2.185678 -0.914792 2.939414
v 6.492267 -2.786836 -1.688135
v 9.477491 -4.474207 -1.816018
v 6.105537 -3.519999 -1.785235
v 3.417495 -3.094666 -1.285740
v 4.632513 -3.852995 -1.482458
v 3.237000 -3.506015 -1.018220
v 11.519408 10.770927 -0.200001
v 10.679086 7.502504 -0.325922
v 11.150879 12.368739 -0.208954
v -9.488833 -7.048644 0.143074
v -9.382220 -6.766032 -0.374333
v -8.914336 -6.673669 0.137477
v -9.327645 -6.883560 0.690141
v -8.914336 -6.673669 0.137477
v -2.397651 -3.159008 1.450161
v -2.962914 -3.911759 1.244206
v -2.228924 -3.517197 0.651806
v -11.313881 -3.374476 0.737993
v -11.791546 -3.894973 1.138430
v -11.056715 -3.962116 1.816178
v -6.391671 -2.786836 -1.688135
v -6.149343 -3.335300 -1.776561
v -9.377176 -4.474207 -1.816018
v 11.050697 -4.197200 2.228367
v 10.098997 -3.743873 2.180795
v 9.802094 -4.426651 2.402141
v -9.998402 -3.743873 2.180795
v -10.950102 -4.197200 2.228367
v -9.701499 -4.426651 2.402141
v -5.002030 -2.764446 -1.733186
v -6.149343 -3.335300 -1.776561
v -6.391671 -2.786836 -1.688135
v -7.238720 -2.028507 1.743701
v -7.014578 -2.624554 2.279295
v -6.572167 -1.748671 1.790152
v -6.237489 -2.518208 2.445237
v -11.416852 10.751340 -0.195521
v -10.936666 12.805279 -0.238897
v -11.054753 10.731751 -0.231341
v 9.502670 -6.516965 1.689694
v 9.766001 -6.421827 2.049837
v 9.195427 -6.086029 1.971482
v 5.965619 -6.265123 -2.226249
v 6.139682 -6.100039 -1.167932
v 6.807076 -6.150397 -1.165690
v 7.033179 -6.989880 0.300339
v 7.088020 -6.810812 -1.514358
v 6.831414 -6.349080 0.287746
v 2.358888 -1.449247 -2.691044
v 1.883185 -0.106080 -1.788594
v 3.209299 -1.359713 -1.917314
v -6.391671 -2.786836 -1.688135
v -9.377176 -4.474207 -1.816018
v -9.802241 -3.452828 -1.497849
v 6.492267 -2.786836 -1.688135
v 9.902837 -3.452828 -1.497849
v 9.477491 -4.474207 -1.816018
v -11.229378 -3.990111 -1.124836
v -10.593595 -3.808215 -1.049003
v -11.444846 -3.458432 -0.362858
v 11.269248 -3.992913 -1.124276
v 11.489746 -3.458432 -0.362858
v 10.633184 -3.808215 -1.049003
v 3.488842 -6.365865 4.634625
v 4.733255 -6.810812 4.387816
v 5.010009 -6.354683 4.022916
v -0.392948 1.002059 9.277004
v 2.875742 -0.842017 8.752044
v 2.931424 -0.805643 9.115263
v -0.378964 0.954476 8.896436
v -4.041096 -0.942760 0.548548
v -3.861441 -1.432460 -0.135918
v -3.590011 -0.917568 0.507410
v -3.039305 -3.732665 -0.765253
v -2.147770 -3.433240 0.201838
v -2.910582 -4.034891 -0.137316
v -2.397651 -3.159008 -0.673751
v -10.936666 12.805279 -0.238897
v -11.416852 10.751340 -0.195521
v -11.214820 13.451684 -0.213711
v -5.821658 -6.382651 2.460068
v -5.294743 -6.810812 3.131658
v -5.071709 -6.335096 2.993421
v -1.207265 -0.495038 2.650070
v -1.921107 -0.136849 1.841921
v -3.007121 -1.482845 2.273978
v 6.195644 -9.161374 -1.693452
v 5.356709 -8.472992 -0.846127
v 5.535243 -9.194946 -0.791279
v 5.998363 -8.344255 -1.751936
v 1.013186 -0.942760 -3.448265
v 1.759212 -1.432461 -3.105194
v 0.932045 -0.917568 -3.076650
v 2.938977 -0.173223 -0.376292
v 3.177115 -0.486631 0.935832
v 3.743219 -1.063090 -0.509212
v -5.256127 -8.472992 -0.846127
v -6.095329 -9.161374 -1.693452
v -5.434647 -9.194946 -0.791279
v -5.897768 -8.344255 -1.751936
v 10.182380 -5.918143 2.405500
v 9.562836 -5.624323 2.319032
v 9.766001 -6.421827 2.049837
v 9.195427 -6.086029 1.971482
v -2.200930 -1.250564 -2.944290
v -1.021179 -1.119052 -3.164239
v -2.704347 -1.186223 -2.235202
v -10.819417 -5.050666 2.389268
v -10.515523 -4.947122 2.277898
v -10.673067 -5.750231 2.234802
v 0.351957 0.478786 3.437790
v -0.504885 0.932086 3.532094
v 0.375175 0.229719 3.816681
v 2.497966 -3.159008 -0.673471
v 3.063230 -3.911759 -0.467517
v 2.329506 -3.517197 0.124604
v 10.090884 -6.931116 0.668035
v 10.284523 -7.001088 0.270677
v 9.866449 -6.710070 0.651806
v -2.397651 -3.159008 -0.673751
v -3.039305 -3.732665 -0.765253
v -3.251424 -3.237360 -1.217179
v 10.487395 -2.856808 -0.236377
v 11.524452 -3.117030 0.587444
v 11.362144 -3.486427 -0.859277
v 6.410832 -2.347520 2.336662
v 5.414632 -2.048095 2.275379
v 6.088751 -3.089062 2.586549
v 5.102625 -2.764445 2.509875
v 0.357548 -1.021112 -3.038875
v 1.883185 -0.106080 -1.788594
v 2.358888 -1.449247 -2.691044
v 0.304668 -0.117261 -2.327825
v -2.183303 -1.449247 -2.691044
v -1.707040 -0.106080 -1.788594
v -0.188114 -0.962348 -2.979550
v -0.126281 -0.145256 -2.378476
v -10.386800 -2.856808 -0.236377
v -11.261828 -3.486427 -0.859277
v -11.423857 -3.117030 0.587444
v -3.805199 -1.600373 1.196354
v -3.007121 -1.482845 2.273978
v -3.126611 -0.481054 0.540992
v -1.921107 -0.136849 1.841921
v -10.459841 -4.647724 -1.407465
v -10.967168 -3.945331 -1.052362
v -10.908964 -4.815610 -1.493653
v -9.889267 -6.626114 -0.249807
v -10.099705 -6.821994 -0.289823
v -10.264801 -7.001088 0.187848
v 11.345638 -3.522801 1.628411
v 10.341606 -3.189804 1.684096
v 11.050697 -4.197200 2.228367
v 10.098997 -3.743873 2.180795
v -10.241011 -3.189804 1.684096
v -11.245323 -3.522801 1.628411
v -10.950102 -4.197200 2.228367
v -9.998402 -3.743873 2.180795
v 3.209299 -1.359713 -1.917314
v 2.938977 -0.173223 -0.376292
v 3.743219 -1.063090 -0.509212
v 1.883185 -0.106080 -1.788594
v -3.151242 -7.521559 -4.246059
v -1.535218 -7.185760 -4.724571
v -3.860334 -6.959111 -3.404892
v 2.947383 -0.942760 -2.732182
v 3.406020 -1.432461 -2.138940
v 2.682931 -0.903584 -2.449553
v 3.417495 -3.094666 -1.285740
v 4.857775 -3.338103 -1.685336
v 4.632513 -3.852995 -1.482458
v 3.615617 -2.627330 -1.425095
v -11.313881 -3.374476 0.737993
v -11.705081 -3.679505 -0.093383
v -11.903764 -3.766237 0.445571
v -11.238892 -3.545191 -0.508091
v -3.251424 -3.237360 -1.217179
v -4.757460 -3.338103 -1.685336
v -3.515022 -2.627330 -1.425095
v -4.532197 -3.852995 -1.482458
v 2.609623 -0.413883 1.729430
v 0.905172 -0.066903 2.397384
v 2.623340 -1.485647 2.740735
v -10.399116 -4.046073 -1.707443
v -11.272183 -4.418245 -1.573963
v -11.039929 -3.741071 -1.328833
v -10.386239 -3.542389 -1.257756
v -10.042048 -3.833407 -1.493092
v 5.020644 -9.379644 -0.548107
v 4.394654 -9.057830 -0.444849
v 4.286920 -9.919703 -0.545588
v -4.920329 -9.379644 -0.548107
v -4.186605 -9.919703 -0.545588
v -4.294059 -9.057830 -0.444849
v -3.905101 -0.953969 -0.846128
v -3.431345 -1.432461 -1.433768
v -3.501024 -0.903584 -0.753221
v -5.630808 1.002058 8.316071
v -8.769107 -0.819627 6.552859
v -5.497895 0.918102 7.985590
v -11.427206 -2.974336 -0.134797
v -11.412102 -3.002304 0.581566
v -10.980885 -2.806424 0.578210
v -3.379026 -2.940737 2.130984
v -2.397651 -3.159008 1.450161
v -2.646704 -2.588153 1.823734
v -3.136405 -3.506015 1.794629
v -4.029060 -0.990342 0.545469
v -3.607918 -0.917568 0.504055
v -3.613242 -1.438065 1.262954
v -3.014687 -0.436274 -0.567415
v -1.707040 -0.106080 -1.788594
v -2.735130 -1.018310 -1.864428
v -4.141558 -6.192375 4.096511
v -3.783930 -6.810812 4.610000
v -2.699597 -6.340672 4.763068
v 7.339035 -2.028507 1.743701
v 6.833376 -1.382103 1.030136
v 6.672749 -1.748671 1.790152
v 7.448997 -1.656335 0.999072
v -6.572167 -1.748671 1.790152
v -6.732780 -1.382103 1.030136
v -7.238720 -2.028507 1.743701
v -7.348695 -1.656335 0.999072
v -0.296969 -1.418476 3.444509
v 0.905172 -0.066903 2.397384
v -1.207265 -0.495038 2.650070
v -1.853950 -9.569921 -2.189311
v -2.341128 -10.540942 -1.949774
v -1.729416 -9.986873 -2.826201
v -11.345785 -3.304531 0.563099
v -10.780802 -3.273761 -0.342433
v -10.812145 -3.125436 0.554983
v -11.449877 -3.450053 -0.377409
v 1.830012 -9.986873 -2.826201
v 2.441443 -10.540942 -1.949774
v 1.954265 -9.569921 -2.189311
v -5.314050 -2.048095 2.275379
v -6.237489 -2.518208 2.445237
v -5.002030 -2.764445 2.509875
v 4.286920 -9.919703 -0.545588
v 3.835275 -9.309672 -0.498576
v 3.429798 -9.953301 -0.747907
v -4.186605 -9.919703 -0.545588
v -3.329496 -9.953301 -0.747907
v -3.734680 -9.309672 -0.498576
v -3.709221 -0.825231 8.992417
v -0.378964 0.954476 8.896436
v -0.392948 1.002059 9.277004
v 0.244783 -6.379850 -5.863759
v -0.897766 -6.810813 -5.863478
v -1.835483 -6.477790 -5.424146
v 9.730174 -3.850193 2.868057
v 6.892700 -3.164612 2.482174
v 9.370037 -4.675692 2.970197
v 6.647850 -3.729862 2.523028
v -6.792385 -3.164612 2.482174
v -9.629579 -3.850193 2.868057
v -9.269722 -4.675692 2.970197
v -6.547535 -3.729862 2.523028
v 11.887111 -3.634725 0.223665
v 11.414476 -3.374476 0.038416
v 11.339474 -3.545191 1.284780
v -10.489503 -4.001293 2.035006
v -11.124433 -4.199975 2.124269
v -11.386362 -3.575961 1.453516
v -10.607032 -5.047864 -1.868063
v -9.644977 -5.380860 -1.598588
v -10.272074 -5.660697 -1.683098
v -9.726691 -4.720472 -1.753614
v -1.725507 -6.382651 5.363862
v -0.975838 -6.810812 5.616271
v 0.422477 -6.477789 5.447531
v 0.238339 0.517962 -1.580678
v 0.304668 -0.117261 -2.327825
v -0.061913 0.506753 -1.626853
v -0.126281 -0.145256 -2.378476
v 0.304668 -0.117261 -2.327825
v 0.357548 -1.021112 -3.038875
v 11.489746 -3.458432 -0.362858
v 10.785699 -3.259750 -0.336275
v 10.633184 -3.808215 -1.049003
v -10.862516 -4.309124 2.563882
v -10.667477 -4.737258 2.659864
v -9.921731 -4.118848 2.498123
v -5.314050 -2.048095 -1.498690
v -6.391671 -2.786836 -1.688135
v -6.705360 -2.123645 -1.281541
v 5.414632 -2.048095 -1.498690
v 6.805955 -2.123645 -1.281541
v 6.492267 -2.786836 -1.688135
v -10.593595 -3.808215 -1.049003
v -10.745268 -3.259750 -0.336275
v -11.444846 -3.458432 -0.362858
v -1.725507 -6.382651 5.363862
v -2.675526 -6.363063 4.718014
v -2.824117 -6.810812 4.932645
v 2.094450 0.487165 -0.061483
v 3.177115 -0.486631 0.935832
v 2.938977 -0.173223 -0.376292
v -3.126611 -0.481054 0.540992
v -1.935931 0.498374 0.106697
v -3.014687 -0.436274 -0.567415
v -3.042948 0.551534 2.047038
v -3.302062 0.434006 2.201784
v -2.653136 0.655078 2.920386
v 5.414632 -2.048095 -1.498690
v 6.492267 -2.786836 -1.688135
v 5.102625 -2.764446 -1.733186
v -5.314050 -2.048095 -1.498690
v -5.002030 -2.764446 -1.733186
v -6.391671 -2.786836 -1.688135
v 6.626861 -6.379849 2.059351
v 7.067872 -6.810812 1.166131
v 7.001835 -6.586938 0.288864
v -2.147770 -3.433240 0.201838
v -2.228924 -3.517197 0.651806
v -2.910582 -4.034891 -0.137316
v -2.195619 -2.993924 1.184321
v -9.918649 -3.911759 -1.506246
v -9.555149 -4.768028 -1.623213
v -10.731551 -4.700884 -1.629928
v 10.018964 -3.911759 -1.506246
v 10.831866 -4.700884 -1.629928
v 9.655465 -4.768028 -1.623213
v -3.515022 -2.627330 -1.425095
v -4.757460 -3.338103 -1.685336
v -5.002030 -2.764446 -1.733186
v 3.615617 -2.627330 -1.425095
v 5.102625 -2.764446 -1.733186
v 4.857775 -3.338103 -1.685336
v 1.607552 0.503951 1.195513
v 2.609623 -0.413883 1.729430
v 3.177115 -0.486631 0.935832
v 1.607552 0.503951 1.195513
v 0.905172 -0.066903 2.397384
v 2.609623 -0.413883 1.729430
v 0.905172 -0.066903 2.397384
v 0.280597 0.515160 1.768326
v -1.207265 -0.495038 2.650070
v -2.265859 -9.830169 -1.569766
v -2.341128 -10.540942 -1.949774
v -1.853950 -9.569921 -2.189311
v 10.946592 -4.804428 -1.508204
v 11.278481 -3.998518 -1.108047
v 10.321457 -4.574950 -1.414180
v 0.280597 0.515160 1.768326
v -0.215268 0.904118 0.955980
v -1.152411 0.503951 1.426933
v -1.207265 -0.495038 2.650070
v -0.296969 -1.418476 3.444509
v -1.952731 -2.067683 3.316346
v 2.441443 -10.540942 -1.949774
v 2.366454 -9.830169 -1.569766
v 1.954265 -9.569921 -2.189311
v 10.365677 -6.810812 -0.466396
v 10.308581 -6.416250 -0.919442
v 10.113822 -6.861170 -0.093103
v -3.810243 -9.304095 -9.166030
v -2.235075 -9.178161 -5.312772
v -2.295521 -9.830169 -5.324524
v 11.423990 -3.564779 1.467510
v 10.921133 -4.160799 2.037801
v 10.769460 -3.388487 1.410144
v -1.207265 -0.495038 2.650070
v -1.152411 0.503951 1.426933
v -1.921107 -0.136849 1.841921
v 3.910838 -9.301293 -9.166030
v 2.396116 -9.830169 -5.324804
v 2.335671 -9.178161 -5.312772
v -0.912604 -6.060863 5.182532
v -1.725507 -6.382651 5.363862
v 0.422477 -6.477789 5.447531
v 6.805955 -2.123645 -1.281541
v 9.902837 -3.452828 -1.497849
v 6.492267 -2.786836 -1.688135
v -6.705360 -2.123645 -1.281541
v -6.391671 -2.786836 -1.688135
v -9.802241 -3.452828 -1.497849
v 7.448997 -1.656335 0.999072
v 7.254238 -1.491225 0.174134
v 6.833376 -1.382103 1.030136
v -10.667477 -4.737258 2.659864
v -10.152584 -4.793220 2.624608
v -9.921731 -4.118848 2.498123
v -10.357697 -6.780016 -0.540832
v -10.073391 -6.861170 -0.093663
v -10.264522 -6.413448 -0.917761
v -7.153643 -1.491225 0.174134
v -7.348695 -1.656335 0.999072
v -6.732780 -1.382103 1.030136
v 10.586736 -3.080656 1.556774
v 11.160393 -2.954748 1.284780
v 10.515656 -2.781258 1.087219
v 10.586736 -3.080656 1.556774
v 11.273438 -3.276536 1.602668
v 11.612038 -3.139420 0.567015
v 11.010120 -2.798044 0.571772
v 11.748593 -3.273761 1.095055
v 10.569950 -6.312706 1.969524
v 10.219314 -6.581334 1.543901
v 10.481244 -5.912539 2.167645
v 9.197374 -6.631718 0.686782
v 9.758155 -7.037462 0.690982
v 9.294767 -6.852764 1.088340
v 2.497966 -3.159008 -0.673471
v 3.417495 -3.094666 -1.285740
v 3.237000 -3.506015 -1.018220
v 2.747299 -2.588154 -1.047045
v 4.610963 -1.256168 -0.570774
v 4.521416 -1.051908 0.387924
v 4.181708 -0.951166 0.363019
v 4.017732 -1.183421 -1.271186
v -5.568414 -1.466059 1.753495
v -6.572167 -1.748671 1.790152
v -6.237489 -2.518208 2.445237
v -5.314050 -2.048095 2.275379
v -3.126611 -0.481054 0.540992
v -1.921107 -0.136849 1.841921
v -1.935931 0.498374 0.106697
v -1.152411 0.503951 1.426933
v 10.335454 -3.200986 -0.923919
v 11.362144 -3.486427 -0.859277
v 10.018964 -3.911759 -1.506246
v -10.234859 -3.200986 -0.923919
v -9.918649 -3.911759 -1.506246
v -11.261828 -3.486427 -0.859277
v 1.328556 0.501149 -1.213823
v 1.010117 0.892909 -0.312211
v 2.094450 0.487165 -0.061483
v 2.094450 0.487165 -0.061483
v 1.883185 -0.106080 -1.788594
v 2.938977 -0.173223 -0.376292
v 10.284523 -7.001088 0.270677
v 10.154119 -6.791224 -0.281988
v 9.866449 -6.710070 0.651806
v -6.705360 -2.123645 -1.281541
v -9.802241 -3.452828 -1.497849
v -10.081223 -2.814830 -0.896775
v 6.805955 -2.123645 -1.281541
v 10.181540 -2.814830 -0.896775
v 9.902837 -3.452828 -1.497849
v -2.646984 -2.588154 -1.047325
v -2.397651 -3.159008 -0.673751
v -3.251424 -3.237360 -1.217179
v -0.324670 0.943294 -0.580569
v -0.061913 0.506753 -1.626853
v -1.152411 0.501149 -1.213823
v -1.152411 0.501149 -1.213823
v -0.126281 -0.145256 -2.378476
v -1.707040 -0.106080 -1.788594
v 11.203479 -3.427663 -0.339915
v 11.385375 -3.304531 0.563099
v 10.852575 -3.125436 0.554983
v 11.345638 -3.522801 1.628411
v 10.517057 -2.778456 0.770451
v 10.341606 -3.189804 1.684096
v 11.524452 -3.117030 0.587444
v 0.238339 0.517962 -1.580678
v 0.248133 0.876123 -0.711527
v 1.328556 0.501149 -1.213823
v 1.328556 0.501149 -1.213823
v 0.304668 -0.117261 -2.327825
v 1.883185 -0.106080 -1.788594
v -2.646984 -2.588154 -1.047325
v -3.251424 -3.237360 -1.217179
v -3.515022 -2.627330 -1.425095
v 3.479609 -2.940737 2.130984
v 2.747299 -2.588153 1.823734
v 3.296324 -3.377278 1.893410
v 2.497966 -3.159008 1.450161
v 3.754401 -2.305542 2.202621
v 2.747299 -2.588153 1.823734
v 3.078895 -1.801831 1.852836
v -10.241011 -3.189804 1.684096
v -10.416462 -2.778456 0.770451
v -11.245323 -3.522801 1.628411
v -11.423857 -3.117030 0.587444
v -2.608929 -9.360057 -1.078945
v -2.904991 -10.437398 -1.257755
v -2.265859 -9.830169 -1.569766
v -2.608929 -9.360057 -1.078945
v -3.329496 -9.953301 -0.747907
v -2.904991 -10.437398 -1.257755
v 3.005306 -10.437398 -1.257755
v 3.429798 -9.953301 -0.747907
v 2.709244 -9.360057 -1.078945
v -10.062197 -6.894742 0.667754
v -9.889267 -6.626114 -0.249807
v -10.264801 -7.001088 0.187848
v 6.672749 -1.748671 1.790152
v 5.669010 -1.466059 1.753495
v 6.410832 -2.347520 2.336662
v 5.414632 -2.048095 2.275379
v 0.928403 0.890134 0.613186
v 1.607552 0.503951 1.195513
v 2.094450 0.487165 -0.061483
v 3.177115 -0.486631 0.935832
v 3.005306 -10.437398 -1.257755
v 2.709244 -9.360057 -1.078945
v 2.366454 -9.830169 -1.569766
v -11.386362 -3.575961 1.453516
v -10.692936 -3.374476 1.406785
v -10.489503 -4.001293 2.035006
v 0.931765 0.517961 -3.106872
v 2.192390 0.671863 -3.269454
v 1.013186 0.406011 -3.448265
v -10.819697 -2.965930 -0.480110
v -11.286461 -3.142222 -0.476470
v -11.427206 -2.974336 -0.134797
v -0.324670 0.943294 -0.580569
v -1.152411 0.501149 -1.213823
v -1.935931 0.498374 0.106697
v -1.152411 0.501149 -1.213823
v -3.014687 -0.436274 -0.567415
v -1.707040 -0.106080 -1.788594
v 4.764038 0.948899 8.009094
v 7.163850 -0.780451 7.312598
v 4.886036 1.004861 8.349930
v 7.005478 -0.822429 7.014298
v -10.871469 -3.564779 2.183594
v -10.941429 -3.995715 2.341979
v -10.267043 -3.771841 2.266983
v -10.515523 -4.947122 2.277898
v -10.194562 -5.772621 2.083696
v -10.673067 -5.750231 2.234802
v -3.919939 -1.692709 1.998068
v -5.314050 -2.048095 2.275379
v -5.002030 -2.764445 2.509875
v -3.654099 -2.305542 2.202621
v 5.414632 -2.048095 2.275379
v 4.020240 -1.692709 1.998068
v 5.102625 -2.764445 2.509875
v 3.754401 -2.305542 2.202621
v 0.155797 0.932085 -0.839409
v 0.238339 0.517962 -1.580678
v 0.088079 0.932085 -0.845847
v -0.061913 0.506753 -1.626853
v 9.730174 -3.850193 2.868057
v 7.115160 -2.624554 2.279295
v 6.892700 -3.164612 2.482174
v -7.014578 -2.624554 2.279295
v -9.629579 -3.850193 2.868057
v -6.792385 -3.164612 2.482174
v -0.061913 0.506753 -1.626853
v 0.020629 0.932085 -0.839409
v 0.088079 0.932085 -0.845847
v 2.747299 -2.588154 -1.047045
v 3.615617 -2.627330 -1.425095
v 3.417495 -3.094666 -1.285740
v 10.075486 -4.429454 -1.664070
v 10.438425 -4.048875 -1.708003
v 10.715739 -4.667312 -1.755015
v 11.278481 -3.998518 -1.108047
v 10.587857 -3.780247 -1.047602
v 10.321457 -4.574950 -1.414180
v 2.248365 -3.433240 0.574291
v 2.497966 -3.159008 1.450161
v 2.301805 -3.013512 1.191877
v -3.654099 -2.305542 2.202621
v -2.646704 -2.588153 1.823734
v -2.784941 -2.039689 1.829328
v -3.379026 -2.940737 2.130984
v -4.186605 -9.919703 -0.545588
v -3.734680 -9.309672 -0.498576
v -4.294059 -9.057830 -0.444849
v 4.286920 -9.919703 -0.545588
v 4.394654 -9.057830 -0.444849
v 3.835275 -9.309672 -0.498576
v -5.568414 -1.466059 -0.976805
v -6.705360 -2.123645 -1.281541
v -6.962526 -1.661939 -0.618063
v 5.669010 -1.466059 -0.976805
v 7.063121 -1.661939 -0.618063
v 6.805955 -2.123645 -1.281541
v 0.012236 0.820161 -0.616946
v -0.063875 0.867744 -0.459121
v 0.012236 0.836947 -0.655281
v 0.012236 0.820161 -0.616946
v -0.063875 0.850958 -0.420505
v -0.063875 0.867744 -0.459121
v -2.235075 -9.178161 -5.312772
v -1.836043 -9.418820 -3.983299
v -2.295521 -9.830169 -5.324524
v 9.730174 -3.850193 2.868057
v 10.040234 -3.142222 2.439359
v 7.115160 -2.624554 2.279295
v -7.014578 -2.624554 2.279295
v -9.939638 -3.142222 2.439359
v -9.629579 -3.850193 2.868057
v 2.335671 -9.178161 -5.312772
v 2.396116 -9.830169 -5.324804
v 1.936625 -9.418820 -3.983299
v 11.519408 10.770927 -0.200001
v 11.150879 12.368739 -0.208954
v 11.416158 12.950802 -0.212313
v 10.860408 -2.965930 -0.479829
v 11.206000 -2.862386 -0.131719
v 11.340594 -3.142222 -0.481227
v 0.020629 0.915299 -0.800794
v 0.012236 0.836947 -0.655281
v 0.020629 0.932085 -0.839409
v 0.020629 0.915299 -0.800794
v 0.012236 0.820161 -0.616946
v 0.012236 0.836947 -0.655281
v 0.155797 0.915299 -0.800794
v 0.248133 0.876123 -0.711527
v 0.238339 0.517962 -1.580678
v 2.301805 -3.013512 1.191877
v 2.253676 -2.518208 1.030693
v 2.126915 -2.730874 0.388205
v 2.248365 -3.433240 0.574291
v 3.139620 -3.732665 1.541663
v 3.010897 -4.034891 0.913725
v 2.497966 -3.159008 1.450161
v -2.195619 -2.993924 1.184321
v -2.397651 -3.159008 1.450161
v -2.228924 -3.517197 0.651806
v -0.324670 0.943294 -0.580569
v -0.008193 0.895711 -0.767772
v -0.061913 0.506753 -1.626853
v 9.244677 1.989865 -1.988391
v 10.910499 4.337625 -0.853403
v 10.789888 4.362817 -0.553705
v 8.512355 1.712831 -2.084373
v 7.832365 1.063624 -2.664461
v 7.143702 1.077608 -2.537699
v 7.042973 0.845353 -2.901478
v -10.607032 -5.047864 -1.868063
v -10.288300 -4.510608 -1.753334
v -9.726691 -4.720472 -1.753614
v 3.891250 -1.989331 -1.357374
v 5.102625 -2.764446 -1.733186
v 3.615617 -2.627330 -1.425095
v -3.790655 -1.989331 -1.357374
v -3.515022 -2.627330 -1.425095
v -5.002030 -2.764446 -1.733186
v 9.258101 -6.340673 1.658914
v 9.294767 -6.852764 1.088340
v 9.439156 -6.480591 1.688296
v -9.217390 -6.340673 1.659751
v -9.398445 -6.480591 1.688576
v -9.255178 -6.852764 1.087499
v 5.669010 -1.466059 -0.976805
v 6.805955 -2.123645 -1.281541
v 5.414632 -2.048095 -1.498690
v -5.568414 -1.466059 -0.976805
v -5.314050 -2.048095 -1.498690
v -6.705360 -2.123645 -1.281541
v 1.328556 0.501149 -1.213823
v 0.248133 0.876123 -0.711527
v 1.010117 0.892909 -0.312211
v -0.061913 0.506753 -1.626853
v -0.008193 0.895711 -0.767772
v 0.020629 0.915299 -0.800794
v 0.928403 0.890134 0.613186
v 0.088079 1.021646 0.106416
v -0.215268 0.904118 0.955980
v 0.280597 0.515160 1.768326
v 0.928403 0.890134 0.613186
v 1.607552 0.503951 1.195513
v 0.280597 0.515160 1.768326
v 0.905172 -0.066903 2.397384
v 9.267334 -6.346277 1.626453
v 9.502670 -6.516965 1.689694
v 9.195427 -6.086029 1.971482
v -9.936275 -5.129018 2.682811
v -9.691985 -5.736247 2.376956
v -9.461679 -5.285722 2.421169
v -9.155837 -6.086029 1.970925
v -9.463641 -6.516965 1.689974
v -9.227183 -6.346277 1.626173
v -3.790655 -1.989331 -1.357374
v -5.002030 -2.764446 -1.733186
v -5.314050 -2.048095 -1.498690
v 3.891250 -1.989331 -1.357374
v 5.414632 -2.048095 -1.498690
v 5.102625 -2.764446 -1.733186
v -0.215268 0.904118 0.955980
v 0.088079 1.021646 0.106416
v -0.933019 0.887332 0.192044
v -0.933019 0.887332 0.192044
v -1.152411 0.503951 1.426933
v -1.935931 0.498374 0.106697
v -10.539594 -3.833407 2.336102
v -10.862516 -4.309124 2.563882
v -9.921731 -4.118848 2.498123
v 1.010117 0.892909 -0.312211
v 0.088079 1.021646 0.106416
v 0.928403 0.890134 0.613186
v 2.094450 0.487165 -0.061483
v 5.826274 -1.107870 -0.246732
v 7.254238 -1.491225 0.174134
v 7.063121 -1.661939 -0.618063
v -0.933019 0.887332 0.192044
v 0.088079 1.021646 0.106416
v -0.324670 0.943294 -0.580569
v -1.935931 0.498374 0.106697
v 0.238339 0.517962 -1.580678
v 0.155797 0.932085 -0.839409
v 0.155797 0.915299 -0.800794
v -5.725679 -1.107870 -0.246732
v -6.962526 -1.661939 -0.618063
v -7.153643 -1.491225 0.174134
v -0.324670 0.943294 -0.580569
v 0.088079 1.021646 0.106416
v -0.063875 0.850958 -0.420505
v 0.088079 1.021646 0.106416
v 0.164190 0.820161 -0.616666
v 0.088079 0.887332 -0.745666
v 0.240580 0.850958 -0.423024
v 7.063121 -1.661939 -0.618063
v 10.181540 -2.814830 -0.896775
v 6.805955 -2.123645 -1.281541
v -6.962526 -1.661939 -0.618063
v -6.705360 -2.123645 -1.281541
v -10.081223 -2.814830 -0.896775
v 0.248133 0.876123 -0.711527
v 0.088079 1.021646 0.106416
v 1.010117 0.892909 -0.312211
v 0.088079 1.021646 0.106416
v 0.012236 0.820161 -0.616946
v -0.063875 0.850958 -0.420505
v 0.088079 0.887332 -0.745666
v -2.153361 -2.971534 -0.323963
v -2.147770 -3.433240 0.201838
v -2.397651 -3.159008 -0.673751
v -6.962526 -1.661939 -0.618063
v -10.081223 -2.814830 -0.896775
v -10.249403 -2.431449 -0.068758
v 7.063121 -1.661939 -0.618063
v 10.349998 -2.431449 -0.068758
v 10.181540 -2.814830 -0.896775
v 0.240580 0.850958 -0.423024
v 0.088079 1.021646 0.106416
v 0.248133 0.876123 -0.711527
v -0.061913 0.506753 -1.626853
v 0.020629 0.915299 -0.800794
v 0.020629 0.932085 -0.839409
v -10.543504 1.472170 -0.926158
v -6.700329 -0.178828 -2.321390
v -10.345395 1.642858 -0.632057
v -6.633719 0.078619 -2.059747
v 0.088079 0.887332 -0.745666
v 0.088079 1.021646 0.106416
v 0.088079 1.116784 -0.077431
v 0.088079 0.915299 -0.807229
v -9.099861 -6.687680 0.684544
v -9.327645 -6.883560 0.690141
v -8.914336 -6.673669 0.137477
v 3.754401 -2.305542 2.202621
v 4.020240 -1.692709 1.998068
v 3.078895 -1.801831 1.852836
v 10.518178 -3.990111 2.037244
v 10.829345 -5.064650 2.366324
v 10.171745 -4.801626 2.273421
v 11.164863 -4.199975 2.124550
v 6.672749 -1.748671 1.790152
v 5.826274 -1.107870 1.023137
v 5.669010 -1.466059 1.753495
v 6.833376 -1.382103 1.030136
v -5.725679 -1.107870 1.023137
v -6.572167 -1.748671 1.790152
v -5.568414 -1.466059 1.753495
v -6.732780 -1.382103 1.030136
v 9.522258 -5.170996 2.457549
v 9.804896 -5.775423 2.400183
v 9.822523 -5.061874 2.629922
v -1.495481 0.473182 3.036516
v -2.653136 0.655078 2.920386
v -1.696405 0.434006 3.362517
v 0.155797 0.915299 -0.800794
v 0.164190 0.836947 -0.655281
v 0.155797 0.932085 -0.839409
v 0.155797 0.915299 -0.800794
v 0.164190 0.820161 -0.616666
v 0.164190 0.836947 -0.655281
v 0.012236 0.820161 -0.616946
v -0.324670 0.943294 -0.580569
v -0.063875 0.850958 -0.420505
v -4.569132 -8.587719 -9.603965
v -4.278955 -7.773427 -8.831913
v -3.914614 -8.551345 -9.065852
v -4.896257 -8.002880 -9.434388
v 4.379550 -7.773427 -8.831913
v 4.669447 -8.587719 -9.603965
v 4.014930 -8.551345 -9.065572
v 4.996572 -8.002880 -9.434108
v 9.352971 -6.175590 -1.026336
v 9.471621 -6.002100 -1.378923
v 9.591097 -6.337898 -1.095734
v -7.238720 -2.028507 1.743701
v -10.167142 -2.618950 1.749859
v -9.939638 -3.142222 2.439359
v 7.339035 -2.028507 1.743701
v 10.040234 -3.142222 2.439359
v 10.267737 -2.618950 1.749859
v -11.441203 -3.441647 1.548938
v -11.516473 -3.752253 1.947977
v -10.851041 -3.114254 1.599309
v -10.532322 -3.153430 1.518999
v -10.276277 -3.256948 1.939581
v 10.040234 -3.142222 2.439359
v 7.339035 -2.028507 1.743701
v 7.115160 -2.624554 2.279295
v -7.238720 -2.028507 1.743701
v -9.939638 -3.142222 2.439359
v -7.014578 -2.624554 2.279295
v 10.338524 -4.510608 -1.768165
v 10.263534 -5.243744 -1.849876
v 9.710306 -4.835198 -1.731227
v 9.917101 -5.498388 -1.677500
v -10.490624 -3.995715 2.033044
v -10.527839 -4.955528 2.281814
v -11.130036 -4.205579 2.107760
v 5.826274 -1.107870 -0.246732
v 7.063121 -1.661939 -0.618063
v 5.669010 -1.466059 -0.976805
v 6.833376 -1.382103 1.030136
v 5.869640 -1.040700 0.388204
v 5.826274 -1.107870 1.023137
v 7.254238 -1.491225 0.174134
v -5.725679 -1.107870 1.023137
v -5.769045 -1.040700 0.388204
v -6.732780 -1.382103 1.030136
v -7.153643 -1.491225 0.174134
v -5.725679 -1.107870 -0.246732
v -5.568414 -1.466059 -0.976805
v -6.962526 -1.661939 -0.618063
v 0.164190 0.820161 -0.616666
v 0.240580 0.850958 -0.423024
v 0.248133 0.876123 -0.711527
v 2.396116 -9.830169 -5.324804
v 2.135027 -10.227533 -3.958954
v 1.936625 -9.418820 -3.983299
v 2.034565 -8.573734 -3.887040
v 1.754462 -9.046648 -2.794861
v 4.840709 -8.643680 -0.589241
v 5.535243 -9.194946 -0.791279
v 5.356709 -8.472992 -0.846127
v 5.020644 -9.379644 -0.548107
v -6.705080 0.677441 -3.643308
v -8.621636 2.653055 -2.738056
v -8.870970 2.521543 -2.966958
v 2.885256 -2.039689 -1.052919
v 3.615617 -2.627330 -1.425095
v 2.747299 -2.588154 -1.047045
v 5.869640 -1.040700 0.388204
v 7.254238 -1.491225 0.174134
v 5.826274 -1.107870 -0.246732
v -5.769045 -1.040700 0.388204
v -5.725679 -1.107870 -0.246732
v -7.153643 -1.491225 0.174134
v -4.740113 -8.643680 -0.589241
v -5.434647 -9.194946 -0.791279
v -4.920329 -9.379644 -0.548107
v -5.256127 -8.472992 -0.846127
v 10.487395 -2.856808 -0.236377
v 11.362144 -3.486427 -0.859277
v 10.335454 -3.200986 -0.923919
v 5.669010 -1.466059 1.753495
v 4.236269 -1.197404 1.548381
v 5.414632 -2.048095 2.275379
v 4.020240 -1.692709 1.998068
v -4.135687 -1.197404 1.548381
v -5.568414 -1.466059 1.753495
v -5.314050 -2.048095 2.275379
v -3.919939 -1.692709 1.998068
v 7.254238 -1.491225 0.174134
v 10.380502 -2.364306 0.860559
v 10.349998 -2.431449 -0.068758
v -10.386800 -2.856808 -0.236377
v -10.234859 -3.200986 -0.923919
v -11.261828 -3.486427 -0.859277
v -7.153643 -1.491225 0.174134
v -10.249403 -2.431449 -0.068758
v -10.279906 -2.364306 0.860559
v -3.092198 -1.558395 1.717398
v -3.919939 -1.692709 1.998068
v -3.654099 -2.305542 2.202621
v -2.784941 -2.039689 1.829328
v 0.164190 0.820161 -0.616666
v 0.240580 0.867744 -0.461639
v 0.164190 0.836947 -0.655281
v 0.164190 0.820161 -0.616666
v 0.240580 0.850958 -0.423024
v 0.240580 0.867744 -0.461639
v -10.916797 -4.801626 -1.491975
v -10.311250 -5.554350 -1.345061
v -10.275156 -4.566570 -1.413062
v 2.885256 -2.039689 -1.052919
v 3.891250 -1.989331 -1.357374
v 3.615617 -2.627330 -1.425095
v -2.978299 -1.801831 -1.076427
v -2.646984 -2.588154 -1.047325
v -3.515022 -2.627330 -1.425095
v 11.423990 -3.581565 1.464992
v 10.731685 -3.380080 1.414621
v 11.241814 -3.279338 0.550226
v 11.241814 -3.279338 0.550226
v 10.656976 -2.937962 0.553865
v 7.254238 -1.491225 0.174134
v 10.349998 -2.431449 -0.068758
v 7.063121 -1.661939 -0.618063
v 10.387214 -3.111452 -0.936792
v 11.340875 -3.214997 -0.717965
v 11.261122 -3.469641 -1.112244
v 10.962831 -3.987309 2.338340
v 10.311664 -3.777445 2.251034
v 10.591780 -4.351102 2.635239
v 9.961601 -4.118848 2.497843
v -11.221812 -3.469641 -1.111963
v -11.300164 -3.212195 -0.717404
v -10.348184 -3.108650 -0.935111
v 10.517057 -2.778456 0.770451
v 11.524452 -3.117030 0.587444
v 10.487395 -2.856808 -0.236377
v -7.348695 -1.656335 0.999072
v -10.279906 -2.364306 0.860559
v -10.167142 -2.618950 1.749859
v 7.448997 -1.656335 0.999072
v 10.267737 -2.618950 1.749859
v 10.380502 -2.364306 0.860559
v -10.416462 -2.778456 0.770451
v -10.386800 -2.856808 -0.236377
v -11.423857 -3.117030 0.587444
v -7.153643 -1.491225 0.174134
v -6.962526 -1.661939 -0.618063
v -10.249403 -2.431449 -0.068758
v 0.088079 0.887332 -0.745666
v 0.155797 0.915299 -0.800794
v 0.088079 0.915299 -0.807229
v 0.088079 0.887332 -0.745666
v 0.088079 0.915299 -0.807229
v 0.020629 0.915299 -0.800794
v -0.008193 0.895711 -0.767772
v -0.324670 0.943294 -0.580569
v 0.012236 0.820161 -0.616946
v 0.088079 0.915299 -0.807229
v 0.020629 0.932085 -0.839409
v 0.020629 0.915299 -0.800794
v 0.088079 0.932085 -0.845847
v 0.155797 0.932085 -0.839409
v 0.155797 0.915299 -0.800794
v 6.139682 -7.521558 -1.167932
v 6.160111 -7.266914 0.241855
v 5.563224 -7.174578 -2.090250
v 5.939319 -6.810812 0.230660
v 5.466965 -6.810812 -2.049116
v 2.196593 0.414418 2.965720
v 2.409540 0.397632 3.277450
v 3.169843 0.918102 2.605577
v 0.088079 0.887332 -0.745666
v 0.164190 0.820161 -0.616666
v 0.155797 0.915299 -0.800794
v -0.008193 0.895711 -0.767772
v 0.012236 0.820161 -0.616946
v 0.020629 0.915299 -0.800794
v -3.329496 -9.953301 -0.747907
v -3.146199 -9.362859 -0.731114
v -3.734680 -9.309672 -0.498576
v 3.429798 -9.953301 -0.747907
v 3.835275 -9.309672 -0.498576
v 3.246794 -9.362859 -0.731114
v 9.928016 5.596862 -2.907914
v 9.287202 4.628643 -2.795983
v 9.329460 4.234081 -3.069655
v 7.125235 2.146569 -3.688919
v 4.136941 -1.424081 -1.023817
v 5.414632 -2.048095 -1.498690
v 3.891250 -1.989331 -1.357374
v -4.036066 -1.424081 -1.024098
v -3.790655 -1.989331 -1.357374
v -5.314050 -2.048095 -1.498690
v 0.248133 0.876123 -0.711527
v 0.155797 0.915299 -0.800794
v 0.164190 0.820161 -0.616666
v 0.088079 0.887332 -0.745666
v 0.020629 0.915299 -0.800794
v 0.012236 0.820161 -0.616946
v -1.836043 -9.418820 -3.983299
v -1.654147 -9.046648 -2.795141
v -1.729416 -9.986873 -2.826201
v 1.936625 -9.418820 -3.983299
v 1.830012 -9.986873 -2.826201
v 1.754462 -9.046648 -2.794861
v -4.036066 -1.424081 -1.024098
v -5.314050 -2.048095 -1.498690
v -5.568414 -1.466059 -0.976805
v 4.136941 -1.424081 -1.023817
v 5.669010 -1.466059 -0.976805
v 5.414632 -2.048095 -1.498690
v 1.568376 0.895712 3.398057
v 2.404789 0.408813 3.269895
v 2.185678 0.380846 2.939414
v -11.381039 -3.066672 1.291215
v -10.825302 -3.117030 1.594272
v -10.472437 -2.812028 1.217063
v -11.427206 -2.974336 -0.134797
v -10.980885 -2.806424 0.578210
v -10.518044 -2.691698 0.187848
v -10.276277 -3.256948 1.939581
v -10.851041 -3.114254 1.599309
v -10.871469 -3.564779 2.183594
v -2.545962 0.414417 -2.127748
v -2.869444 0.434005 -2.380715
v -3.431345 0.895711 -1.433768
v -10.656562 -3.598351 -1.325193
v -11.221812 -3.469641 -1.111963
v -10.348184 -3.108650 -0.935111
v 10.696152 -3.598351 -1.324916
v 10.387214 -3.111452 -0.936792
v 11.261122 -3.469641 -1.112244
v 3.169843 0.918102 2.605577
v 3.933495 0.406011 2.061028
v 3.552930 0.380846 1.855074
v -3.861441 0.895711 -0.135919
v -4.041096 0.408813 0.548548
v -3.590011 0.380846 0.507410
v -1.493239 0.400434 3.011050
v -1.680446 0.403209 3.332855
v -0.504885 0.932086 3.532094
v 10.423321 -3.536785 -1.258597
v 11.080359 -3.741071 -1.329113
v 10.438425 -4.048875 -1.708003
v 3.837797 0.414417 -1.190596
v 4.241593 0.434005 -1.342823
v 3.406020 0.895711 -2.138940
v -2.978299 -1.801831 -1.076427
v -3.790655 -1.989331 -1.357374
v -4.036066 -1.424081 -1.024098
v -3.515022 -2.627330 -1.425095
v -10.399116 -4.046073 -1.707443
v -11.039929 -3.741071 -1.328833
v -10.386239 -3.542389 -1.257756
v 1.456719 13.297782 -6.204872
v 1.428457 11.190655 -6.362697
v 1.430139 13.255804 -5.841934
v -2.924859 0.411615 1.989952
v -3.613242 0.901316 1.262953
v -3.270171 0.442385 2.188631
v 3.565526 0.383621 1.867106
v 3.917830 0.403209 2.050113
v 4.158197 0.904118 1.310526
v 7.339035 -2.028507 1.743701
v 10.267737 -2.618950 1.749859
v 7.448997 -1.656335 0.999072
v 10.380502 -2.364306 0.860559
v 7.254238 -1.491225 0.174134
v -7.238720 -2.028507 1.743701
v -7.348695 -1.656335 0.999072
v -10.167142 -2.618950 1.749859
v -7.153643 -1.491225 0.174134
v -10.279906 -2.364306 0.860559
v -10.256409 -6.430233 -0.923078
v -9.661763 -6.114023 -0.857319
v -10.568976 -5.674681 -1.423974
v 2.747299 -2.588153 1.823734
v 3.078895 -1.801831 1.852836
v 2.638444 -2.238371 1.667587
v 7.539385 13.935805 -7.921909
v 9.005978 10.882851 -10.275280
v 8.545099 10.880049 -9.629993
v 7.158259 13.697948 -7.395548
v 0.355867 0.411615 3.385745
v 0.365100 0.434006 3.734973
v 1.568376 0.895712 3.398057
v 6.823582 -7.641889 -8.779867
v 6.239584 -6.942325 -7.814734
v 7.336513 -7.848978 -8.259941
v 7.333431 -7.515981 -7.271023
v -6.723267 -7.641889 -8.779587
v -7.236198 -7.848978 -8.259661
v -6.140656 -6.942325 -7.813894
v -7.233676 -7.515981 -7.270743
v 10.937639 -2.982716 -0.480110
v 11.340875 -3.214997 -0.717965
v 10.387214 -3.111452 -0.936792
v 10.716300 -2.798044 0.567015
v 11.371658 -2.946342 0.580449
v 10.557074 -2.691698 0.188405
v 11.206000 -2.862386 -0.131719
v 10.886161 -5.512399 2.355129
v 10.263814 -5.786631 2.082855
v 10.571351 -4.949924 2.278178
v 10.571351 -4.949924 2.278178
v 9.750883 -5.596329 2.104962
v -11.300164 -3.212195 -0.717404
v -10.898330 -2.982716 -0.480110
v -10.348184 -3.108650 -0.935111
v -9.082235 10.882851 -10.275280
v -7.615922 13.935805 -7.921909
v -8.619955 10.882851 -9.629433
v -7.231154 13.697948 -7.392749
v 5.669010 -1.466059 1.753495
v 4.368635 -0.892402 0.921841
v 4.236269 -1.197404 1.548381
v 5.826274 -1.107870 1.023137
v -4.268320 -0.892402 0.921841
v -5.568414 -1.466059 1.753495
v -4.135687 -1.197404 1.548381
v -5.725679 -1.107870 1.023137
v 12.384644 5.703208 -0.747067
v 11.680877 3.305064 -1.338907
v 10.351680 2.401213 -1.345342
v 10.910499 4.337625 -0.853403
v 11.036981 6.774945 -0.213711
v 11.434345 9.198282 -0.213711
v -10.673908 -2.778456 0.561141
v -11.381039 -3.066672 1.291215
v -10.472437 -2.812028 1.217063
v -11.344665 -2.949144 0.574291
v 3.192793 -1.558395 -0.940708
v 3.891250 -1.989331 -1.357374
v 2.885256 -2.039689 -1.052919
v 0.940438 0.383621 -3.090643
v 1.010117 0.447989 -3.429518
v 0.037988 0.906920 -3.318985
v -5.824740 0.797771 -4.856651
v -7.247393 4.673423 -4.826149
v -5.358817 0.495571 -4.480278
v -4.799438 -0.324350 -4.397730
v -8.914336 -6.673669 0.137477
v -9.382220 -6.766032 -0.374333
v -9.163670 -6.564548 -0.338793
v -4.214039 -1.018310 -0.475350
v -5.568414 -1.466059 -0.976805
v -5.725679 -1.107870 -0.246732
v 3.192793 -1.558395 -0.940708
v 4.136941 -1.424081 -1.023817
v 3.891250 -1.989331 -1.357374
v 4.314621 -1.018310 -0.475350
v 5.826274 -1.107870 -0.246732
v 5.669010 -1.466059 -0.976805
v 4.314621 -1.018310 -0.475350
v 5.669010 -1.466059 -0.976805
v 4.136941 -1.424081 -1.023817
v -2.784941 -2.039689 1.829328
v -2.646704 -2.588153 1.823734
v -2.393741 -2.406284 1.517598
v -2.646704 -2.588153 1.823734
v -2.195619 -2.993924 1.184321
v -2.397651 -3.159008 1.450161
v -4.214039 -1.018310 -0.475350
v -4.036066 -1.424081 -1.024098
v -5.568414 -1.466059 -0.976805
v -8.619955 10.882851 -9.629433
v -7.611453 13.885422 -7.809699
v -9.088387 10.916422 -10.156912
v -7.231154 13.697948 -7.392749
v 5.869640 -1.040700 0.388204
v 5.826274 -1.107870 -0.246732
v 4.399698 -0.830836 0.192885
v -3.166627 -1.158228 1.314722
v -3.919939 -1.692709 1.998068
v -3.092198 -1.558395 1.717398
v -4.135687 -1.197404 1.548381
v -5.769045 -1.040700 0.388204
v -4.299103 -0.830836 0.192885
v -5.725679 -1.107870 -0.246732
v 2.301805 -3.013512 1.191877
v 2.747299 -2.588153 1.823734
v 2.638444 -2.238371 1.667587
v 2.497966 -3.159008 1.450161
v -2.034712 -2.711286 0.482509
v -2.195619 -2.993924 1.184321
v -2.147770 -3.433240 0.201838
v 5.826274 -1.107870 1.023137
v 5.869640 -1.040700 0.388204
v 4.368635 -0.892402 0.921841
v -5.769045 -1.040700 0.388204
v -5.725679 -1.107870 1.023137
v -4.268320 -0.892402 0.921841
v -1.021179 0.582303 -3.164239
v -2.200930 0.713842 -2.944290
v -2.704347 0.649473 -2.235202
v 7.158259 13.697948 -7.395548
v 8.545099 10.880049 -9.629993
v 7.535195 13.885422 -7.809699
v 9.011848 10.916422 -10.156912
v 2.747299 -2.588154 -1.047045
v 2.295934 -2.993924 -0.407632
v 2.494056 -2.406284 -0.741189
v 2.497966 -3.159008 -0.673471
v 10.284523 -3.270958 1.900405
v 10.645220 -3.464036 2.182196
v 10.879436 -3.108650 1.599589
v 10.306353 -3.777445 2.251591
v 10.967301 -3.990111 2.335261
v -9.661763 -6.114023 -0.857319
v -9.905212 -5.383662 -1.347860
v -10.568976 -5.674681 -1.423974
v 4.368635 -0.892402 0.921841
v 5.869640 -1.040700 0.388204
v 4.399698 -0.830836 0.192885
v -4.299103 -0.830836 0.192885
v -5.769045 -1.040700 0.388204
v -4.268320 -0.892402 0.921841
v 2.295934 -2.993924 -0.407632
v 2.329506 -3.517197 0.124604
v 2.248365 -3.433240 0.574291
v 2.126915 -2.730874 0.388205
v 2.295934 -2.993924 -0.407632
v 2.248365 -3.433240 0.574291
v -10.449206 4.721006 0.635293
v -10.666356 6.998820 -0.368737
v -10.097463 4.790951 0.579607
v 11.010120 -2.798044 0.571772
v 10.515656 -2.781258 1.087219
v 11.160393 -2.954748 1.284780
v 4.399698 -0.830836 0.192885
v 5.826274 -1.107870 -0.246732
v 4.314621 -1.018310 -0.475350
v 4.020240 -1.692709 1.998068
v 3.433160 -0.981936 1.120520
v 3.078895 -1.801831 1.852836
v 4.236269 -1.197404 1.548381
v 4.236269 -1.197404 1.548381
v 4.368635 -0.892402 0.921841
v 3.433160 -0.981936 1.120520
v -4.299103 -0.830836 0.192885
v -4.214039 -1.018310 -0.475350
v -5.725679 -1.107870 -0.246732
v -9.921731 -4.118848 2.498123
v -10.152584 -4.793220 2.624608
v -9.884784 -4.698082 2.525827
v -3.042948 0.551534 2.047038
v -2.653136 0.655078 2.920386
v -1.495481 0.473182 3.036516
v 2.370924 11.204665 -6.513244
v 2.899240 13.261408 -6.121483
v 2.359449 11.165490 -6.151145
v 2.893929 13.404128 -5.731681
v 1.298053 9.150699 -6.346745
v 6.020473 -7.543949 -3.343329
v 7.859798 -8.291097 -7.039603
v 7.333431 -7.515981 -7.271023
v 6.563347 -8.319090 -3.164798
v -5.919878 -7.543949 -3.341651
v -7.759483 -8.291097 -7.039603
v -6.462751 -8.319090 -3.164798
v -7.233676 -7.515981 -7.270743
v 10.820392 0.979668 2.095167
v 10.490478 0.962882 1.922791
v 11.981408 -0.858804 -0.249807
v -10.073391 -6.861170 -0.093663
v -9.484630 -6.522570 -0.069598
v -10.264522 -6.413448 -0.917761
v -1.654147 -9.046648 -2.795141
v -1.853950 -9.569921 -2.189311
v -1.729416 -9.986873 -2.826201
v 6.823582 -7.641889 -8.779867
v 5.829063 -7.454415 -9.049623
v 6.239584 -6.942325 -7.814734
v -10.871469 -3.564779 2.183594
v -10.267043 -3.771841 2.266983
v -10.276277 -3.256948 1.939581
v 4.626922 0.422797 0.393522
v 4.610963 0.719419 -0.570775
v 4.181708 0.414417 0.363019
v 4.017732 0.649473 -1.271186
v -3.734680 -9.309672 -0.498576
v -3.146199 -9.362859 -0.731114
v -3.252251 -8.755630 -0.717124
v -2.608929 -9.360057 -1.078945
v -3.329496 -9.953301 -0.747907
v -6.723267 -7.641889 -8.779587
v -6.140656 -6.942325 -7.813894
v -5.728748 -7.454415 -9.049343
v 3.835275 -9.309672 -0.498576
v 3.352847 -8.755630 -0.716843
v 3.246794 -9.362859 -0.731114
v 2.709244 -9.360057 -1.078945
v 3.429798 -9.953301 -0.747907
v 10.113822 -6.861170 -0.093103
v 10.308581 -6.416250 -0.919442
v 9.524220 -6.522570 -0.069318
v -2.646984 -2.588154 -1.047325
v -2.153361 -2.971534 -0.323963
v -2.397651 -3.159008 -0.673751
v -2.538409 -2.238371 -0.891178
v 1.754462 -9.046648 -2.794861
v 1.830012 -9.986873 -2.826201
v 1.954265 -9.569921 -2.189311
v -2.861332 13.093522 -6.107492
v -1.439239 9.203886 -6.137992
v -2.871126 13.001160 -5.745111
v -1.393631 9.203886 -5.774773
v 9.676173 -5.378058 -1.581519
v 9.710306 -4.835198 -1.731227
v 9.917101 -5.498388 -1.677500
v 0.931765 0.517961 -3.106872
v 2.689656 0.411615 -2.455147
v 2.192390 0.671863 -3.269454
v 2.943740 0.447989 -2.725743
v -3.332285 -0.981936 -0.344111
v -4.036066 -1.424081 -1.024098
v -4.214039 -1.018310 -0.475350
v 3.078895 -1.801831 1.852836
v 3.433160 -0.981936 1.120520
v 3.006427 -1.384905 1.392514
v 0.393642 -7.266914 4.798047
v 3.066018 -6.810812 3.995773
v 3.151376 -7.244524 4.125336
v 0.387771 -6.810812 4.622032
v 2.508600 -6.032869 -4.985650
v 3.655620 -6.379850 -5.074357
v 2.659994 -6.575730 -5.575813
v -11.497166 10.597438 -0.129481
v -10.936666 12.805279 -0.238897
v -11.214820 13.451684 -0.213711
v -10.819697 -2.965930 -0.480110
v -11.427206 -2.974336 -0.134797
v -10.518044 -2.691698 0.187848
v 9.860859 -5.618719 2.083135
v 10.481244 -5.912539 2.167645
v 9.602291 -6.256743 1.487936
v 10.219314 -6.581334 1.543901
v 0.391694 -6.978698 4.633227
v -2.393461 -7.258534 4.233070
v -2.310065 -6.810812 4.094833
v 3.267223 -1.158228 -0.538033
v 4.136941 -1.424081 -1.023817
v 3.192793 -1.558395 -0.940708
v 2.285020 -2.140431 -0.124163
v 2.494056 -2.406284 -0.741189
v 2.295934 -2.993924 -0.407632
v 2.497966 -3.159008 -0.673471
v 2.329506 -3.517197 0.124604
v 3.267223 -1.158228 -0.538033
v 4.314621 -1.018310 -0.475350
v 4.136941 -1.424081 -1.023817
v 9.929977 -4.681296 2.525267
v 9.822523 -5.061874 2.629922
v 10.186863 -4.790418 2.620408
v 2.508600 -6.032869 -4.985650
v 2.659994 -6.575730 -5.575813
v 1.384251 -6.360261 -5.502778
v -2.153361 -2.971534 -0.323963
v -2.034712 -2.711286 0.482509
v -2.147770 -3.433240 0.201838
v 10.852575 -3.125436 0.554983
v 10.604643 -3.094666 -0.381609
v 11.203479 -3.427663 -0.339915
v 1.261959 -7.244524 -4.942838
v 3.911105 -7.266915 -4.006246
v 3.777071 -6.810813 -3.856817
v 2.885256 -2.039689 -1.052919
v 2.747299 -2.588154 -1.047045
v 2.494056 -2.406284 -0.741189
v -3.412598 -0.850424 0.685664
v -4.299103 -0.830836 0.192885
v -4.268320 -0.892402 0.921841
v -9.469806 -6.570152 0.643970
v -10.054084 -6.908752 0.661600
v -10.189798 -6.575729 1.550619
v 9.197374 -6.631718 0.686782
v 9.294767 -6.852764 1.088340
v 8.997865 -6.488997 0.965494
v 2.301805 -3.013512 1.191877
v 2.638444 -2.238371 1.667587
v 2.253676 -2.518208 1.030693
v 3.512913 -0.850424 0.090745
v 4.399698 -0.830836 0.192885
v 4.314621 -1.018310 -0.475350
v 5.506981 -7.636311 -1.957330
v 6.563347 -8.319090 -3.164798
v 6.020473 -7.543949 -3.343329
v 5.998363 -8.344255 -1.751936
v -11.195513 -3.276536 0.550506
v -10.498177 -3.220574 1.460235
v -11.093929 -3.536785 1.415461
v 1.568376 -1.432460 3.398057
v 0.355867 -0.948364 3.385745
v 2.185678 -0.914792 2.939414
v -5.406386 -7.636311 -1.956770
v -6.462751 -8.319090 -3.164798
v -5.897768 -8.344255 -1.751936
v -5.919878 -7.543949 -3.341651
v -10.451168 -5.906961 2.162608
v -9.821269 -5.618719 2.083135
v -9.942440 -6.407844 1.491856
v -3.332285 -0.981936 -0.344111
v -4.214039 -1.018310 -0.475350
v -4.299103 -0.830836 0.192885
v -3.332285 -0.981936 -0.344111
v -2.978299 -1.801831 -1.076427
v -4.036066 -1.424081 -1.024098
v 10.308581 -6.416250 -0.919442
v 9.667220 -6.094435 -0.862636
v 9.524220 -6.522570 -0.069318
v -10.264522 -6.413448 -0.917761
v -9.484630 -6.522570 -0.069598
v -9.626790 -6.094435 -0.862356
v -5.553857 -7.244524 0.459282
v -5.244652 -7.266914 -1.915075
v -5.364408 -6.810812 0.445571
v -3.431345 -1.432461 -1.433768
v -2.545962 -0.951167 -2.127748
v -3.501024 -0.903584 -0.753221
v -3.914614 -8.551345 -9.065852
v -2.324623 -8.537360 -5.220987
v -2.235075 -9.178161 -5.312772
v -3.810243 -9.304095 -9.166030
v 1.759212 -1.432461 -3.105194
v 2.689656 -0.948364 -2.455147
v 0.932045 -0.917568 -3.076650
v -2.704347 -1.186223 -2.235202
v -1.021179 -1.119052 -3.164239
v -0.906720 -0.595780 -2.877971
v 2.424938 -8.537360 -5.220429
v 4.014930 -8.551345 -9.065572
v 2.335671 -9.178161 -5.312772
v 3.910838 -9.301293 -9.166030
v 10.220435 -6.586938 1.554536
v 9.986780 -6.794000 0.645648
v 9.618811 -6.262321 1.494374
v -3.613242 -1.438065 1.262954
v -3.607918 -0.917568 0.504055
v -2.924859 -0.945562 1.989952
v -2.905551 -1.384905 -0.616665
v -2.978299 -1.801831 -1.076427
v -3.332285 -0.981936 -0.344111
v 5.563224 -7.174578 -2.090250
v 6.160111 -7.266914 0.241855
v 5.939319 -6.810812 0.230660
v 2.221212 -6.032868 4.816514
v 2.108167 -6.522569 5.492585
v 3.482130 -6.357485 4.623153
v -3.412598 -0.850424 0.685664
v -4.135687 -1.197404 1.548381
v -3.166627 -1.158228 1.314722
v -4.268320 -0.892402 0.921841
v -2.981942 -1.085480 0.843209
v -3.166627 -1.158228 1.314722
v -10.018550 -4.429454 -1.664347
v -10.293062 -4.513383 -1.757530
v -10.399116 -4.046073 -1.707443
v -10.617386 -2.943540 0.552745
v -10.498177 -3.220574 1.460235
v -11.195513 -3.276536 0.550506
v 0.037988 -1.440867 -3.318985
v 0.981015 -1.099464 -3.287364
v 0.920010 -0.537016 -2.988223
v -7.617884 6.108953 -4.860007
v -8.235747 9.201084 -4.704984
v -7.449985 6.150930 -4.541001
v -6.281135 4.620263 -4.684275
v -1.583907 -1.155426 3.182306
v -3.113187 -1.130260 2.091251
v -2.883441 -0.769270 1.957211
v -1.434756 -0.545395 2.929900
v -2.058223 -2.319525 0.558622
v -2.195619 -2.993924 1.184321
v -2.034712 -2.711286 0.482509
v -4.551505 -7.264112 2.694003
v -5.378405 -6.967516 0.430180
v -4.405156 -6.810812 2.603899
v -1.024808 -1.113448 -3.156683
v 0.037988 -1.440867 -3.318985
v -0.913992 -0.545396 -2.874895
v -0.504885 -1.466059 3.532094
v 0.354466 -0.520230 3.276329
v 0.362031 -1.088282 3.541048
v -1.493239 -0.934380 3.011050
v 3.512913 -0.850424 0.090745
v 4.314621 -1.018310 -0.475350
v 3.267223 -1.158228 -0.538033
v 10.921133 -4.160799 2.037801
v 10.275570 -3.861401 2.107200
v 10.769460 -3.388487 1.410144
v 9.198496 -6.584136 -0.345508
v 9.294487 -6.903148 -0.021466
v 8.952244 -6.626114 0.222544
v 4.368635 -0.892402 0.921841
v 3.512913 -0.850424 0.090745
v 3.433160 -0.981936 1.120520
v 4.399698 -0.830836 0.192885
v -2.744644 -1.605950 1.449880
v -3.092198 -1.558395 1.717398
v -2.784941 -2.039689 1.829328
v 10.706225 5.185514 -0.617507
v 10.679086 7.502504 -0.325922
v 11.519408 10.770927 -0.200001
v 11.472120 1.511346 -1.287699
v 11.281831 0.671864 -1.227814
v 10.552604 4.164135 -0.996394
v 3.406020 -1.432461 -2.138940
v 3.837797 -0.948364 -1.190596
v 2.682931 -0.903584 -2.449553
v -2.101602 -2.294333 0.055208
v -2.034712 -2.711286 0.482509
v -2.153361 -2.971534 -0.323963
v -10.189798 -6.575729 1.550619
v -9.542833 -6.242733 1.495492
v -9.469806 -6.570152 0.643970
v 5.212321 -7.244524 2.490567
v 3.060708 -6.964714 4.007805
v 5.071281 -6.810812 2.417253
v -2.331614 -2.115239 -0.452966
v -2.153361 -2.971534 -0.323963
v -2.538409 -2.238371 -0.891178
v -4.896257 -8.002880 -9.434388
v -4.898499 -7.222161 -8.479049
v -4.278955 -7.773427 -8.831913
v -5.728748 -7.454415 -9.049343
v 4.996572 -8.002880 -9.434108
v 4.998534 -7.222161 -8.479329
v 5.829063 -7.454415 -9.049623
v 4.379550 -7.773427 -8.831913
v -9.726691 -4.720472 -1.753614
v -10.288300 -4.510608 -1.753334
v -10.023861 -4.412668 -1.661829
v 0.037988 -1.440867 -3.318985
v 0.920010 -0.537016 -2.988223
v -0.913992 -0.545396 -2.874895
v -3.412598 -0.850424 0.685664
v -3.332285 -0.981936 -0.344111
v -4.299103 -0.830836 0.192885
v -5.728748 -6.267925 -1.511563
v -5.843487 -6.340673 -2.802137
v -6.215940 -6.642900 -1.628250
v -3.980090 -7.266915 -3.512626
v -3.853048 -6.810813 -3.407130
v -5.227012 -6.656884 -1.391793
v -1.934263 -8.573734 -3.887597
v -1.836043 -9.418820 -3.983299
v -2.324623 -8.537360 -5.220987
v -2.235075 -9.178161 -5.312772
v 3.552930 -0.917568 1.855074
v 2.296775 -1.102266 3.113190
v 2.125233 -0.495038 2.861622
v 3.169843 -1.454850 2.605577
v 2.034565 -8.573734 -3.887040
v 2.424938 -8.537360 -5.220429
v 1.936625 -9.418820 -3.983299
v 2.335671 -9.178161 -5.312772
v 4.990701 -6.032869 -3.529415
v 5.706785 -6.374272 -3.656180
v 4.299797 -6.357486 -4.423472
v -2.704347 -1.186223 -2.235202
v -0.906720 -0.595780 -2.877971
v -2.466489 -0.492236 -2.056391
v -2.058223 -2.319525 0.558622
v -2.034712 -2.711286 0.482509
v -2.101602 -2.294333 0.055208
v -2.393741 -2.406284 1.517598
v -2.195619 -2.993924 1.184321
v 5.598210 1.676456 -5.095066
v 4.490913 0.333263 -4.749754
v 5.403171 1.833161 -4.829227
v 7.480901 4.234080 -4.667486
v 7.306851 4.049408 -4.410323
v 8.144385 8.638609 -4.450897
v 8.353969 8.688993 -4.755632
v 8.215733 11.453706 -4.439982
v 8.313111 11.618816 -4.776618
v -2.331614 -2.115239 -0.452966
v -2.101602 -2.294333 0.055208
v -2.153361 -2.971534 -0.323963
v -2.271730 -8.861950 -1.491974
v -2.608929 -9.360057 -1.078945
v -2.265859 -9.830169 -1.569766
v 4.158197 -1.438065 1.310526
v 3.758604 -1.085480 1.968125
v 3.460020 -0.537016 1.812258
v 2.372605 -8.861950 -1.491974
v 2.366454 -9.830169 -1.569766
v 2.709244 -9.360057 -1.078945
v 5.641856 -7.266914 -2.099764
v 5.471168 -6.810812 -2.038201
v 3.779033 -6.975896 -3.872766
v 4.394374 -1.116250 0.372533
v 4.158197 -1.438065 1.310526
v 4.039268 -0.545395 0.350146
v -1.934263 -8.573734 -3.887597
v -1.654147 -9.046648 -2.795141
v -1.836043 -9.418820 -3.983299
v -1.853950 -9.569921 -2.189311
v -2.271730 -8.861950 -1.491974
v -2.265859 -9.830169 -1.569766
v 1.261959 -7.244524 -4.942838
v 3.777071 -6.810813 -3.856817
v 1.234819 -6.810813 -4.805722
v 7.001835 -6.586938 0.288864
v 6.124565 -6.027265 1.669826
v 6.626861 -6.379849 2.059351
v 6.480511 -6.242733 0.256126
v -2.744644 -1.605950 1.449880
v -2.784941 -2.039689 1.829328
v -2.393741 -2.406284 1.517598
v 1.954265 -9.569921 -2.189311
v 2.366454 -9.830169 -1.569766
v 2.372605 -8.861950 -1.491974
v -10.459841 -4.647724 -1.407465
v -10.345942 -3.634725 -1.127635
v -10.967168 -3.945331 -1.052362
v -10.472437 -2.812028 1.217063
v -10.825302 -3.117030 1.594272
v -10.532322 -3.091864 1.552017
v 3.078895 -1.801831 1.852836
v 3.006427 -1.384905 1.392514
v 2.638444 -2.238371 1.667587
v -2.278174 -1.896995 0.859438
v -2.393741 -2.406284 1.517598
v -2.058223 -2.319525 0.558622
v 10.064011 -4.412668 -1.661829
v 10.338524 -4.510608 -1.768165
v 9.710306 -4.835198 -1.731227
v 2.638444 -2.238371 1.667587
v 2.499927 -1.966941 1.238889
v 2.253676 -2.518208 1.030693
v 3.006427 -1.384905 1.392514
v 2.499927 -1.966941 1.238889
v -3.861441 -1.432460 -0.135918
v -3.384897 -0.948364 -1.068030
v -3.590011 -0.917568 0.507410
v -3.590011 -0.917568 0.507410
v -3.464370 -0.268361 0.498177
v 3.267223 -1.158228 -0.538033
v 3.192793 -1.558395 -0.940708
v 2.844959 -1.603175 -0.672351
v 2.885256 -2.039689 -1.052919
v -3.980090 -7.266915 -3.512626
v -5.227012 -6.656884 -1.391793
v -5.419823 -7.236145 -1.440763
v 5.965619 -6.265123 -2.226249
v 6.807076 -6.150397 -1.165690
v 6.445258 -6.592542 -2.406737
v 2.126915 -2.730874 0.388205
v 2.253676 -2.518208 1.030693
v 2.201624 -2.078865 0.452566
v 2.253676 -2.518208 1.030693
v 2.499927 -1.966941 1.238889
v 3.433160 -0.981936 1.120520
v 3.512913 -0.850424 0.090745
v 3.152216 -0.993144 0.605911
v -5.589123 -6.027265 1.598189
v -6.352776 -6.402239 1.177887
v -5.821658 -6.382651 2.460068
v 4.158197 -1.438065 1.310526
v 3.460020 -0.537016 1.812258
v 4.039268 -0.545395 0.350146
v -2.538409 -2.238371 -0.891178
v -2.646984 -2.588154 -1.047325
v -2.978299 -1.801831 -1.076427
v -2.905551 -1.384905 -0.616665
v -2.331614 -2.115239 -0.452966
v -2.590742 -1.496829 -0.217626
v 2.201624 -2.078865 0.452566
v 2.450677 -1.614357 0.316007
v 2.285020 -2.140431 -0.124163
v 2.285020 -2.140431 -0.124163
v 2.126915 -2.730874 0.388205
v 2.295934 -2.993924 -0.407632
v 2.126915 -2.730874 0.388205
v -2.278174 -1.896995 0.859438
v -2.744644 -1.605950 1.449880
v -2.393741 -2.406284 1.517598
v -1.835483 -6.477790 -5.424146
v -0.085424 -6.024490 -5.307735
v 0.244783 -6.379850 -5.863759
v -1.687452 -6.242733 -5.063445
v -9.233628 -5.839791 -1.187797
v -9.372426 -6.111221 -0.986042
v -9.574738 -6.097238 -1.417819
v -9.552347 -6.337898 -1.096014
v 4.017732 -1.183421 -1.271186
v 4.181708 -0.951166 0.363019
v 3.726140 -0.573390 -1.158975
v 2.844959 -1.603175 -0.672351
v 2.885256 -2.039689 -1.052919
v 2.494056 -2.406284 -0.741189
v 10.632064 -2.946342 -0.465836
v 10.557074 -2.691698 0.188405
v 10.860408 -2.965930 -0.479829
v 10.860408 -2.965930 -0.479829
v 11.206000 -2.862386 -0.131719
v 6.124565 -7.594333 1.669826
v 5.072402 -6.992682 2.426206
v 6.046212 -7.157793 0.225343
v 5.072402 -6.992682 2.426206
v 5.945470 -6.623312 0.222544
v 5.231628 -6.374272 2.509038
v 5.945470 -6.623312 0.222544
v 0.354466 -0.520230 3.276329
v -1.493239 -0.934380 3.011050
v -1.437838 -0.268361 2.919268
v -2.905551 -1.384905 -0.616665
v -2.538409 -2.238371 -0.891178
v -2.978299 -1.801831 -1.076427
v -8.189019 11.529256 -4.734643
v -7.910583 11.657992 -4.450898
v -8.235747 9.201084 -4.704984
v -10.490624 -3.995715 2.033044
v -9.891228 -4.703686 2.359886
v -10.527839 -4.955528 2.281814
v -4.813715 -7.832191 -1.045086
v -5.897768 -8.344255 -1.751936
v -5.256127 -8.472992 -0.846127
v -5.406386 -7.636311 -1.956770
v 5.998363 -8.344255 -1.751936
v 4.914297 -7.832191 -1.045086
v 5.356709 -8.472992 -0.846127
v 5.506981 -7.636311 -1.957330
v -5.963257 -6.032869 -0.510049
v -6.576637 -6.371469 -0.841927
v -6.233846 -6.357486 0.521405
v -9.170101 -6.561746 -0.125844
v -9.372986 -6.849988 -0.163062
v -8.996891 -6.488997 -0.508371
v -10.591086 -2.943540 -0.466676
v -10.819697 -2.965930 -0.480110
v -10.518044 -2.691698 0.187848
v 9.986780 -6.794000 0.645648
v 9.473568 -6.553366 0.641451
v 9.618811 -6.262321 1.494374
v -9.419715 -6.634493 -0.817863
v -9.351156 -6.142017 -0.977646
v -8.996891 -6.488997 -0.508371
v 9.258101 -6.340673 1.658914
v 8.997865 -6.488997 0.965494
v 9.294767 -6.852764 1.088340
v -0.923786 0.291285 -2.931978
v -1.021179 0.582303 -3.164239
v -2.704347 0.649473 -2.235202
v 0.355867 -0.948364 3.385745
v 2.128876 -0.268361 2.853506
v 2.185678 -0.914792 2.939414
v 0.351957 -0.268361 3.269054
v -0.937223 0.249307 -2.926941
v 0.037988 0.906920 -3.318985
v -1.024808 0.579501 -3.156683
v 0.932045 -0.917568 -3.076650
v 2.689656 -0.948364 -2.455147
v 2.600670 -0.268361 -2.356370
v 2.285020 -2.140431 -0.124163
v 2.844959 -1.603175 -0.672351
v 2.494056 -2.406284 -0.741189
v -9.217390 -6.340673 1.659751
v -9.255178 -6.852764 1.087499
v -8.959116 -6.488997 0.962976
v -9.255178 -6.852764 1.087499
v -9.159186 -6.617708 0.681745
v -9.324003 -6.877956 0.688463
v 3.081136 -1.085480 -0.062600
v 3.512913 -0.850424 0.090745
v 3.267223 -1.158228 -0.538033
v -5.244652 -7.266914 -1.915075
v -5.066398 -6.626114 -1.854913
v -5.364408 -6.810812 0.445571
v -10.515523 -4.947122 2.277898
v -9.709892 -5.596329 2.104681
v -10.194562 -5.772621 2.083696
v 9.939491 -5.503993 -1.687855
v 9.308472 -5.705477 -1.273147
v 9.685687 -5.361272 -1.587677
v 9.471621 -6.002100 -1.378923
v -1.535218 -7.185760 -4.724571
v -1.509478 -6.810813 -4.637262
v -3.860334 -6.959111 -3.404892
v 3.006427 -1.384905 1.392514
v 2.713434 -1.452048 0.934711
v 2.499927 -1.966941 1.238889
v -10.459841 -4.647724 -1.407465
v -10.019391 -4.460224 -1.497289
v -10.345942 -3.634725 -1.127635
v -1.493239 0.400434 3.011050
v -0.504885 0.932086 3.532094
v 0.351957 0.478786 3.437790
v -1.434756 -0.545395 2.929900
v -2.883441 -0.769270 1.957211
v -2.827760 0.003069 1.926711
v -2.403255 -1.566774 0.550226
v -2.744644 -1.605950 1.449880
v -2.278174 -1.896995 0.859438
v -3.166627 -1.158228 1.314722
v -3.092198 -1.558395 1.717398
v -9.671837 -5.330503 -1.430132
v -10.275156 -4.566570 -1.413062
v -10.311250 -5.554350 -1.345061
v 0.932045 -0.917568 -3.076650
v 2.600670 -0.268361 -2.356370
v 0.914139 -0.268361 -2.985705
v -2.200930 -1.855017 0.328600
v -2.058223 -2.319525 0.558622
v -2.101602 -2.294333 0.055208
v -2.278174 -1.896995 0.859438
v -2.058223 -2.319525 0.558622
v -1.682128 -6.242733 -5.074917
v -1.820925 -6.494602 -5.440935
v -3.460167 -6.153200 -4.743319
v -2.545962 -0.951167 -2.127748
v -2.461458 -0.268361 -2.058069
v -3.373142 -0.038909 -0.720764
v 10.717421 -4.726076 -1.409143
v 10.064011 -4.446239 -1.497012
v 10.351399 -5.554350 -1.344784
v 0.355867 0.411615 3.385745
v 1.568376 0.895712 3.398057
v 2.185678 0.380846 2.939414
v -2.981942 -1.085480 0.843209
v -3.166627 -1.158228 1.314722
v -2.744644 -1.605950 1.449880
v -2.200930 -1.855017 0.328600
v -2.101602 -2.294333 0.055208
v -2.331614 -2.115239 -0.452966
v -2.545962 -0.951167 -2.127748
v -3.373142 -0.038909 -0.720764
v -3.501024 -0.903584 -0.753221
v -2.924859 -0.945562 1.989952
v -3.473604 -0.036107 0.488103
v -2.827760 -0.268361 1.930067
v -3.051621 -0.993145 0.171055
v -3.332285 -0.981936 -0.344111
v -3.412598 -0.850424 0.685664
v -2.905551 -1.384905 -0.616665
v -3.332285 -0.981936 -0.344111
v 0.940438 0.383621 -3.090643
v 0.037988 0.906920 -3.318985
v -0.937223 0.249307 -2.926941
v -2.924859 -0.945562 1.989952
v -3.607918 -0.917568 0.504055
v -3.473604 -0.036107 0.488103
v 3.433160 -0.981936 1.120520
v 3.152216 -0.993144 0.605911
v 3.006427 -1.384905 1.392514
v 3.488842 -6.365865 4.634625
v 5.010009 -6.354683 4.022916
v 4.634754 -6.016083 3.621922
v 4.634754 -6.016083 3.621922
v 5.785977 -6.360261 2.801180
v 3.552930 -0.917568 1.855074
v 2.125233 -0.495038 2.861622
v 3.459180 -0.268361 1.806384
v -4.294059 -9.057830 -0.444849
v -4.740113 -8.643680 -0.589241
v -4.920329 -9.379644 -0.548107
v -3.792056 -8.369448 -0.665075
v -4.740113 -8.643680 -0.589241
v -4.158904 -7.955297 -0.833814
v -3.734680 -9.309672 -0.498576
v -3.252251 -8.755630 -0.717124
v -4.294059 -9.057830 -0.444849
v 4.840709 -8.643680 -0.589241
v 4.394654 -9.057830 -0.444849
v 5.020644 -9.379644 -0.548107
v 4.840709 -8.643680 -0.589241
v 3.892638 -8.369448 -0.665075
v 4.259220 -7.955297 -0.833814
v 3.352847 -8.755630 -0.716843
v 3.835275 -9.309672 -0.498576
v 4.394654 -9.057830 -0.444849
v 10.423321 -3.536785 -1.258597
v 10.438425 -4.048875 -1.708003
v 10.039953 -3.936951 -1.542623
v 10.075486 -4.429454 -1.664070
v -0.923786 0.291285 -2.931978
v -2.704347 0.649473 -2.235202
v -2.517140 0.207329 -2.095567
v -0.913992 -0.545396 -2.874895
v 0.920010 -0.537016 -2.988223
v -0.937223 0.249307 -2.926941
v 0.940438 0.383621 -3.090643
v -1.437838 -0.268361 2.919268
v 0.351957 0.478786 3.437790
v 0.354466 -0.520230 3.276329
v -1.493239 0.400434 3.011050
v -3.051621 -0.993145 0.171055
v -3.412598 -0.850424 0.685664
v -2.981942 -1.085480 0.843209
v -0.906720 -0.595780 -2.877971
v -0.923786 0.291285 -2.931978
v -2.466489 -0.492236 -2.056391
v -2.466489 -0.492236 -2.056391
v -0.923786 0.291285 -2.931978
v -2.517140 0.207329 -2.095567
v -3.252251 -8.755630 -0.717124
v -3.146199 -9.362859 -0.731114
v -2.608929 -9.360057 -1.078945
v 10.641578 -2.954748 -0.434776
v 10.937639 -2.982716 -0.480110
v 10.387214 -3.111452 -0.936792
v -2.305595 -6.998286 4.110785
v -4.489112 -7.146584 2.644473
v -4.405156 -6.628916 2.598862
v -2.827760 0.003069 1.926711
v -3.042948 0.551534 2.047038
v -1.495481 0.473182 3.036516
v 3.152216 -0.993144 0.605911
v 3.512913 -0.850424 0.090745
v 3.081136 -1.085480 -0.062600
v 3.006427 -1.384905 1.392514
v 3.152216 -0.993144 0.605911
v 2.713434 -1.452048 0.934711
v 3.352847 -8.755630 -0.716843
v 2.709244 -9.360057 -1.078945
v 3.246794 -9.362859 -0.731114
v -2.200930 -1.855017 0.328600
v -2.331614 -2.115239 -0.452966
v -2.590742 -1.496829 -0.217626
v -2.827760 0.003069 1.926711
v -1.495481 0.473182 3.036516
v -1.434756 -0.545395 2.929900
v -2.403255 -1.566774 0.550226
v -2.981942 -1.085480 0.843209
v -2.744644 -1.605950 1.449880
v -2.200930 -1.855017 0.328600
v -2.403255 -1.566774 0.550226
v -2.278174 -1.896995 0.859438
v 2.713434 -1.452048 0.934711
v 2.450677 -1.614357 0.316007
v 2.201624 -2.078865 0.452566
v 2.499927 -1.966941 1.238889
v 2.128876 -0.268361 2.853506
v 0.355867 0.411615 3.385745
v 2.185678 0.380846 2.939414
v 0.351957 -0.268361 3.269054
v -3.473604 -0.036107 0.488103
v -3.847457 0.565517 0.528119
v -3.613242 0.901316 1.262953
v 3.081136 -1.085480 -0.062600
v 3.267223 -1.158228 -0.538033
v 2.844959 -1.603175 -0.672351
v 10.351399 -5.554350 -1.344784
v 10.064011 -4.446239 -1.497012
v 9.711146 -5.330503 -1.440206
v -3.373142 -0.038909 -0.720764
v -3.431345 0.895711 -1.433768
v -3.705858 0.545929 -0.800233
v 2.196593 0.414418 2.965720
v 3.169843 0.918102 2.605577
v 3.552930 0.380846 1.855074
v -3.373142 -0.038909 -0.720764
v -2.545962 0.414417 -2.127748
v -3.431345 0.895711 -1.433768
v 2.450677 -1.614357 0.316007
v 2.844959 -1.603175 -0.672351
v 2.285020 -2.140431 -0.124163
v 3.837797 -0.948364 -1.190596
v 3.724459 -0.268361 -1.149742
v 2.602071 -0.022123 -2.366721
v 4.106158 0.249307 0.352107
v 4.158197 0.904118 1.310526
v 4.394374 0.579501 0.372533
v -3.590011 0.380846 0.507410
v -3.266529 0.008646 -1.028014
v -3.861441 0.895711 -0.135919
v -3.673687 0.565517 -1.157578
v -3.473604 -0.036107 0.488103
v -3.613242 0.901316 1.262953
v -2.924859 0.411615 1.989952
v -2.590742 -1.496829 -0.217626
v -2.905551 -1.384905 -0.616665
v -3.051621 -0.993145 0.171055
v -5.314610 -6.032869 -2.466622
v -5.843487 -6.340673 -2.802137
v -5.728748 -6.267925 -1.511563
v 2.600670 -0.268361 -2.356370
v 0.931765 0.517961 -3.106872
v 0.914139 -0.268361 -2.985705
v 2.600670 -0.268361 -2.356370
v 2.689656 0.411615 -2.455147
v 0.931765 0.517961 -3.106872
v 3.837797 -0.948364 -1.190596
v 2.602071 -0.022123 -2.366721
v 2.682931 -0.903584 -2.449553
v -3.373142 -0.038909 -0.720764
v -2.461458 -0.268361 -2.058069
v -2.545962 0.414417 -2.127748
v 3.081136 -1.085480 -0.062600
v 2.844959 -1.603175 -0.672351
v 2.450677 -1.614357 0.316007
v -9.651128 -6.634493 0.651526
v -9.889267 -6.626114 -0.249807
v -10.062197 -6.894742 0.667754
v -9.651128 -6.634493 0.651526
v -9.214601 -6.447020 -0.287865
v -3.384897 -0.948364 -1.068030
v -3.266529 0.008646 -1.028014
v -3.464370 -0.268361 0.498177
v -3.464370 -0.268361 0.498177
v -3.590011 0.380846 0.507410
v -2.036954 -8.531755 -1.995389
v -2.271730 -8.861950 -1.491974
v -1.853950 -9.569921 -2.189311
v 3.726140 -0.573390 -1.158975
v 4.181708 -0.951166 0.363019
v 4.035078 -0.268361 0.355743
v -2.827760 -0.268361 1.930067
v -3.473604 -0.036107 0.488103
v -2.924859 0.411615 1.989952
v 2.137549 -8.528954 -1.995108
v 1.954265 -9.569921 -2.189311
v 2.372605 -8.861950 -1.491974
v 2.713434 -1.452048 0.934711
v 3.152216 -0.993144 0.605911
v 2.450677 -1.614357 0.316007
v -2.403255 -1.566774 0.550226
v -3.051621 -0.993145 0.171055
v -2.981942 -1.085480 0.843209
v -8.381817 1.754809 -2.497683
v -8.870970 2.521543 -2.966958
v -8.621636 2.653055 -2.738056
v -8.517545 1.567308 -2.777512
v -6.633719 0.078619 -2.059747
v -6.700329 -0.178828 -2.321390
v 10.698673 -2.789638 0.555543
v 10.515656 -2.781258 1.087219
v 11.010120 -2.798044 0.571772
v -9.419715 -6.634493 -0.817863
v -9.556271 -6.340673 -1.099651
v -9.351156 -6.142017 -0.977646
v -0.085424 -6.024490 -5.307735
v 1.379487 -6.332294 -5.474793
v 0.244783 -6.379850 -5.863759
v -2.200930 -1.855017 0.328600
v -2.590742 -1.496829 -0.217626
v -2.403255 -1.566774 0.550226
v 3.152216 -0.993144 0.605911
v 3.081136 -1.085480 -0.062600
v 2.450677 -1.614357 0.316007
v 5.762466 -6.360261 2.784668
v 6.626861 -6.379849 2.059351
v 6.124565 -6.027265 1.669826
v -2.590742 -1.496829 -0.217626
v -3.051621 -0.993145 0.171055
v -2.403255 -1.566774 0.550226
v 2.125233 -0.495038 2.861622
v 2.196593 0.414418 2.965720
v 3.552930 0.380846 1.855074
v -10.018550 -4.429454 -1.664347
v -10.399116 -4.046073 -1.707443
v -10.042048 -3.833407 -1.493092
v 10.154119 -6.791224 -0.281988
v 9.511623 -6.452624 -0.253446
v 9.866449 -6.710070 0.651806
v 9.866449 -6.710070 0.651806
v 9.212213 -6.556141 0.657400
v 2.125233 -0.495038 2.861622
v 3.552930 0.380846 1.855074
v 3.459180 -0.268361 1.806384
v 2.602071 -0.022123 -2.366721
v 3.837797 0.414417 -1.190596
v 3.406020 0.895711 -2.138940
v 2.602071 -0.022123 -2.366721
v 3.406020 0.895711 -2.138940
v 2.813896 0.545929 -2.589468
v 3.565526 0.383621 1.867106
v 4.158197 0.904118 1.310526
v 4.106158 0.249307 0.352107
v 3.724459 -0.268361 -1.149742
v 3.837797 0.414417 -1.190596
v 2.602071 -0.022123 -2.366721
v 4.181708 0.414417 0.363019
v 4.017732 0.649473 -1.271186
v 3.785745 0.277301 -1.184161
v 6.250485 -6.340673 -2.329226
v 5.706785 -6.374272 -3.656180
v 4.990701 -6.032869 -3.529415
v 10.852575 -3.125436 0.554983
v 10.455211 -2.893182 0.008196
v 10.604643 -3.094666 -0.381609
v -9.574738 -6.097238 -1.417819
v -9.634062 -5.352893 -1.607822
v -9.233628 -5.839791 -1.187797
v -4.467843 -6.340673 -3.893475
v -5.843487 -6.340673 -2.802137
v -5.314610 -6.032869 -2.466622
v -5.589123 -6.027265 1.598189
v -6.215660 -6.329492 0.516928
v -6.352776 -6.402239 1.177887
v 10.057859 -6.256743 -0.854800
v 10.390016 -5.562757 -1.345341
v 9.710586 -5.316519 -1.429852
v -5.832852 -6.340673 -2.105922
v -6.576637 -6.371469 -0.841927
v -5.963257 -6.032869 -0.510049
v -10.379527 -2.935160 1.026777
v -10.498177 -3.220574 1.460235
v -10.617386 -2.943540 0.552745
v -10.780802 -3.273761 -0.342433
v -10.424308 -2.870792 0.143911
v -10.812145 -3.125436 0.554983
v -10.550789 -3.077854 -0.395319
v -2.675526 -6.363063 4.718014
v -1.725507 -6.382651 5.363862
v -0.912604 -6.060863 5.182532
v 3.565526 0.383621 1.867106
v 4.106158 0.249307 0.352107
v 3.460020 -0.537016 1.812258
v 4.039268 -0.545395 0.350146
v 4.035078 -0.268361 0.355743
v 3.785745 0.277301 -1.184161
v 3.726140 -0.573390 -1.158975
v 10.571351 -4.949924 2.278178
v 9.750883 -5.596329 2.104962
v 9.943694 -4.698082 2.367442
v -4.244809 -6.265124 -3.713824
v -3.460167 -6.153200 -4.743319
v -4.583129 -6.477790 -3.971547
v -4.740113 -8.643680 -0.589241
v -4.158904 -7.955297 -0.833814
v -4.813715 -7.832191 -1.045086
v -5.256127 -8.472992 -0.846127
v 4.259220 -7.955297 -0.833814
v 4.840709 -8.643680 -0.589241
v 4.914297 -7.832191 -1.045086
v 5.356709 -8.472992 -0.846127
v 10.785699 -3.259750 -0.336275
v 10.300188 -3.290547 -0.861516
v 10.633184 -3.808215 -1.049003
v 10.731685 -3.380080 1.414621
v 10.419397 -2.954748 1.075747
v 10.656976 -2.937962 0.553865
v 4.035078 -0.268361 0.355743
v 4.181708 0.414417 0.363019
v 3.785745 0.277301 -1.184161
v -9.903544 -4.698082 2.368843
v -9.709892 -5.596329 2.104681
v -10.515523 -4.947122 2.277898
v -1.881931 -8.310683 -2.632840
v -2.036954 -8.531755 -1.995389
v -1.654147 -9.046648 -2.795141
v -1.654147 -9.046648 -2.795141
v -1.853950 -9.569921 -2.189311
v 1.754462 -9.046648 -2.794861
v 1.954265 -9.569921 -2.189311
v 2.137549 -8.528954 -1.995108
v 1.982526 -8.310683 -2.632840
v 1.754462 -9.046648 -2.794861
v 9.928016 5.596862 -2.907914
v 8.381950 2.899293 -2.773036
v 9.287202 4.628643 -2.795983
v 8.222737 2.280883 -3.060701
v 7.143702 1.077608 -2.537699
v 7.042973 0.845353 -2.901478
v 0.402889 -6.262321 5.031982
v -0.912604 -6.060863 5.182532
v 0.422477 -6.477789 5.447531
v -6.281135 4.620263 -4.684275
v -7.127063 4.748973 -4.519175
v -7.247393 4.673423 -4.826149
v 10.057859 -6.256743 -0.854800
v 9.710586 -5.316519 -1.429852
v 9.413684 -6.074847 -0.929236
v 10.306353 -3.777445 2.251591
v 10.645220 -3.464036 2.182196
v 10.284523 -3.270958 1.900405
v -9.881714 -4.667312 2.543457
v -9.936275 -5.129018 2.682811
v -9.461679 -5.285722 2.421169
v 4.294473 -6.332294 -4.413678
v 3.655620 -6.379850 -5.074357
v 2.508600 -6.032869 -4.985650
v 5.829063 -7.454415 -9.049623
v 4.998534 -7.222161 -8.479329
v 6.239584 -6.942325 -7.814734
v -5.728748 -7.454415 -9.049343
v -6.140656 -6.942325 -7.813894
v -4.898499 -7.222161 -8.479049
v 10.275570 -3.861401 2.107200
v 10.201127 -3.436042 1.867667
v 10.769460 -3.388487 1.410144
v -9.821269 -5.618719 2.083135
v -9.293513 -6.225947 1.537747
v -9.942440 -6.407844 1.491856
v -1.934263 -8.573734 -3.887597
v -1.881931 -8.310683 -2.632840
v -1.654147 -9.046648 -2.795141
v -5.071709 -6.335096 2.993421
v -5.589123 -6.027265 1.598189
v -5.821658 -6.382651 2.460068
v 2.034565 -8.573734 -3.887040
v 1.754462 -9.046648 -2.794861
v 1.982526 -8.310683 -2.632840
v 10.852575 -3.125436 0.554983
v 10.648863 -2.918374 0.565057
v 10.455211 -2.893182 0.008196
v -10.489503 -4.001293 2.035006
v -10.692936 -3.374476 1.406785
v -10.228415 -3.841813 2.135745
v -10.234018 -3.324118 1.738664
v 10.587857 -3.780247 -1.047602
v 10.013639 -4.015303 -1.414180
v 10.321457 -4.574950 -1.414180
v -9.691985 -5.736247 2.376956
v -9.563542 -5.579543 2.232844
v -9.461679 -5.285722 2.421169
v -10.311810 -3.167414 -0.687742
v -10.593595 -3.808215 -1.049003
v -10.366371 -3.592746 -1.175484
v -10.745268 -3.259750 -0.336275
v -2.271730 -8.861950 -1.491974
v -3.252251 -8.755630 -0.717124
v -2.608929 -9.360057 -1.078945
v -2.970467 -8.254722 -1.087058
v 3.352847 -8.755630 -0.716843
v 2.372605 -8.861950 -1.491974
v 2.709244 -9.360057 -1.078945
v 3.071062 -8.254722 -1.086781
v -10.019391 -4.460224 -1.497289
v -9.958665 -4.060083 -1.432930
v -10.345942 -3.634725 -1.127635
v 10.785699 -3.259750 -0.336275
v 10.593728 -3.069474 -0.379648
v 10.300188 -3.290547 -0.861516
v -7.176873 10.188865 -5.186292
v -6.752929 11.921017 -5.072960
v -7.049831 9.981803 -4.839862
v -6.752088 7.636817 -4.878197
v 10.731685 -3.380080 1.414621
v 10.542530 -3.195409 1.475343
v 10.419397 -2.954748 1.075747
v 10.321457 -4.574950 -1.414180
v 10.013639 -4.015303 -1.414180
v 10.060942 -4.449042 -1.534507
v 6.020473 -7.543949 -3.343329
v 4.908706 -7.068232 -2.708393
v 5.506981 -7.636311 -1.957330
v -4.278955 -7.773427 -8.831913
v -2.489720 -7.739829 -4.273203
v -2.324623 -8.537360 -5.220987
v -3.914614 -8.551345 -9.065852
v -5.919878 -7.543949 -3.341651
v -5.406386 -7.636311 -1.956770
v -4.808391 -7.068232 -2.706995
v 2.590315 -7.739829 -4.272085
v 4.379550 -7.773427 -8.831913
v 2.424938 -8.537360 -5.220429
v 4.014930 -8.551345 -9.065572
v -10.366371 -3.592746 -1.175484
v -10.656562 -3.598351 -1.325193
v -10.348184 -3.108650 -0.935111
v 10.416876 -3.589944 -1.176605
v 10.387214 -3.111452 -0.936792
v 10.696152 -3.598351 -1.324916
v -2.489720 -7.739829 -4.273203
v -1.934263 -8.573734 -3.887597
v -2.324623 -8.537360 -5.220987
v 2.590315 -7.739829 -4.272085
v 2.424938 -8.537360 -5.220429
v 2.034565 -8.573734 -3.887040
v -12.214650 7.586461 0.910088
v -11.056995 9.215068 -0.153546
v -10.936666 12.805279 -0.238897
v -10.558621 6.861704 -0.116611
v -10.884346 3.330230 0.089904
v -12.378920 2.860117 0.588561
v -10.828931 0.904118 0.482508
v -9.684994 0.971261 -0.211192
v -9.560460 -0.220806 0.103337
v -9.935434 -4.060083 2.267543
v -9.891228 -4.703686 2.359886
v -10.490624 -3.995715 2.033044
v 10.171745 -4.801626 2.273421
v 9.953488 -4.104837 2.283772
v 10.518178 -3.990111 2.037244
v -9.671837 -5.330503 -1.430132
v -9.645257 -4.810006 -1.542062
v -10.275156 -4.566570 -1.413062
v 10.064011 -4.446239 -1.497012
v 9.710306 -4.765252 -1.545141
v 9.711146 -5.330503 -1.440206
v 10.587857 -3.780247 -1.047602
v 10.378820 -3.617939 -1.136308
v 10.013639 -4.015303 -1.414180
v -9.651128 -6.634493 0.651526
v -9.173464 -6.536553 0.662717
v -9.214601 -6.447020 -0.287865
v 10.633184 -3.808215 -1.049003
v 10.300188 -3.290547 -0.861516
v 10.416876 -3.589944 -1.176605
v 6.020473 -7.543949 -3.343329
v 6.239584 -6.942325 -7.814734
v 4.908706 -7.068232 -2.708393
v 7.333431 -7.515981 -7.271023
v -5.919878 -7.543949 -3.341651
v -6.140656 -6.942325 -7.813894
v -7.233676 -7.515981 -7.270743
v -4.808391 -7.068232 -2.706995
v -10.980885 -2.806424 0.578210
v -10.655722 -2.881974 0.543511
v -10.518044 -2.691698 0.187848
v -10.264241 -3.830605 2.192827
v -10.539594 -3.833407 2.336102
v -9.921731 -4.118848 2.498123
v -10.348184 -3.108650 -0.935111
v -10.898330 -2.982716 -0.480110
v -10.594715 -3.027496 -0.427780
v 10.171745 -4.801626 2.273421
v 9.922705 -4.700884 2.389548
v 9.953488 -4.104837 2.283772
v 10.518178 -3.990111 2.037244
v 9.953488 -4.104837 2.283772
v 10.283122 -3.833407 2.135464
v -4.405156 -6.628916 2.598862
v -2.347293 -6.463805 4.187176
v -2.305595 -6.998286 4.110785
v -2.473214 -6.239957 4.407965
v -4.141558 -6.192375 4.096511
v -2.699597 -6.340672 4.763068
v -3.252251 -8.755630 -0.717124
v -2.970467 -8.254722 -1.087058
v -3.792056 -8.369448 -0.665075
v 3.071062 -8.254722 -1.086781
v 3.352847 -8.755630 -0.716843
v 3.892638 -8.369448 -0.665075
v -8.996891 -6.488997 -0.508371
v -9.351156 -6.142017 -0.977646
v -9.097353 -6.200782 -0.665075
v -2.489720 -7.739829 -4.273203
v -1.881931 -8.310683 -2.632840
v -1.934263 -8.573734 -3.887597
v 2.590315 -7.739829 -4.272085
v 2.034565 -8.573734 -3.887040
v 1.982526 -8.310683 -2.632840
v -9.520723 -5.059072 2.332186
v -9.709892 -5.596329 2.104681
v -9.903544 -4.698082 2.368843
v 0.721327 11.397744 -5.776171
v 1.456719 13.297782 -6.204872
v 1.430139 13.255804 -5.841934
v 0.745679 11.316590 -6.139393
v -1.393631 9.203886 -5.774773
v -1.439239 9.203886 -6.137992
v -10.275156 -4.566570 -1.413062
v -9.645257 -4.810006 -1.542062
v -10.021899 -4.443438 -1.532829
v -2.310065 -6.810812 4.094833
v 0.397845 -6.491799 4.707383
v 0.391694 -6.978698 4.633227
v -2.393461 -6.365865 4.233070
v -2.631319 4.642654 8.229042
v 0.020349 8.179706 9.981058
v 0.049464 4.810540 8.534058
v -2.552687 8.420340 9.887594
v 10.570230 -3.164612 1.512841
v 10.284523 -3.270958 1.900405
v 10.879436 -3.108650 1.599589
v -5.842366 12.654180 -5.050854
v -3.541321 11.554448 -5.652208
v -4.559338 13.944186 -5.452969
v -10.812145 -3.125436 0.554983
v -10.424308 -2.870792 0.143911
v -10.655722 -2.881974 0.543511
v -4.729479 -6.262321 2.780191
v -5.119838 -6.340673 3.013289
v -4.141558 -6.192375 4.096511
v -7.635510 2.546709 -3.854019
v -7.247393 4.673423 -4.826149
v -7.127063 4.748973 -4.519175
v -3.860334 -6.959111 -3.404892
v -1.535218 -6.435838 -4.724571
v -3.937005 -6.491800 -3.463936
v 1.428457 11.190655 -6.362697
v 1.298053 9.150699 -6.346745
v 2.359449 11.165490 -6.151145
v 1.430139 13.255804 -5.841934
v 2.893929 13.404128 -5.731681
v -1.393631 9.203886 -5.774773
v -2.871126 13.001160 -5.745111
v 0.721327 11.397744 -5.776171
v 7.703375 8.098551 -5.168101
v 4.217241 14.030945 -5.549231
v 2.893929 13.404128 -5.731681
v -1.520393 -6.998287 -4.638663
v 1.244053 -6.992682 -4.809358
v -1.555366 -6.466608 -4.717296
v 1.274555 -6.374272 -4.963544
v -5.402757 -6.284711 -1.969362
v -5.832852 -6.340673 -2.105922
v -5.963257 -6.032869 -0.510049
v -4.559338 13.944186 -5.452969
v -3.541321 11.554448 -5.652208
v -2.871126 13.001160 -5.745111
v 9.602291 -6.256743 1.487936
v 9.261183 -5.789407 1.961131
v 9.860859 -5.618719 2.083135
v -9.205087 -5.853775 1.903484
v -9.293513 -6.225947 1.537747
v -9.821269 -5.618719 2.083135
v -3.984854 -7.353673 -1.434048
v -5.406386 -7.636311 -1.956770
v -4.813715 -7.832191 -1.045086
v -4.808391 -7.068232 -2.706995
v 4.085449 -7.353673 -1.434328
v 5.506981 -7.636311 -1.957330
v 4.908706 -7.068232 -2.708393
v 4.914297 -7.832191 -1.045086
v -8.673128 1.357445 5.756742
v -8.769107 -0.819627 6.552859
v -10.283549 0.898514 3.855300
v -6.911594 1.592501 7.068866
v -5.497895 0.918102 7.985590
v -10.007635 2.286488 3.119065
v -5.253045 4.774166 7.422290
v -2.631319 4.642654 8.229042
v -3.709221 -0.825231 8.992417
v -0.378964 0.954476 8.896436
v 0.049464 4.810540 8.534058
v 3.987229 4.776968 7.996224
v 2.875742 -0.842017 8.752044
v 4.764038 0.948899 8.009094
v 6.415036 4.818946 6.724674
v 7.005478 -0.822429 7.014298
v 8.284290 0.985272 5.697141
v 9.597261 0.663458 3.774149
v 10.114382 -0.903584 3.769112
v 10.490478 0.962882 1.922791
v 9.597261 0.663458 3.774149
v 10.048906 4.790951 1.390836
v 8.061550 4.802160 5.244935
v 11.084270 0.948898 0.071437
v 11.981408 -0.858804 -0.249807
v 11.281831 0.671864 -1.227814
v 10.048906 4.790951 1.390836
v 10.552604 4.164135 -0.996394
v -1.509478 -6.810813 -4.637262
v -1.535218 -6.435838 -4.724571
v -3.860334 -6.959111 -3.404892
v -2.036954 -8.531755 -1.995389
v -2.970467 -8.254722 -1.087058
v -2.271730 -8.861950 -1.491974
v -2.964315 -7.787411 -1.433487
v 9.667220 -6.094435 -0.862636
v 9.092162 -6.301497 -0.474512
v 9.524220 -6.522570 -0.069318
v 10.769460 -3.388487 1.410144
v 10.201127 -3.436042 1.867667
v 10.570230 -3.164612 1.512841
v -1.682128 -6.242733 -5.074917
v -3.460167 -6.153200 -4.743319
v -3.151242 -6.100040 -4.246059
v -4.244809 -6.265124 -3.713824
v -3.460167 -6.153200 -4.743319
v 2.137549 -8.528954 -1.995108
v 3.071062 -8.254722 -1.086781
v 3.065191 -7.787411 -1.433210
v 2.372605 -8.861950 -1.491974
v -4.158904 -7.955297 -0.833814
v -3.984854 -7.353673 -1.434048
v -4.813715 -7.832191 -1.045086
v 4.085449 -7.353673 -1.434328
v 4.259220 -7.955297 -0.833814
v 4.914297 -7.832191 -1.045086
v -9.634062 -5.352893 -1.607822
v -9.659801 -5.319294 -1.457275
v -9.233628 -5.839791 -1.187797
v -9.574738 -6.097238 -1.417819
v -9.826019 -5.464817 -1.665188
v -10.745268 -3.259750 -0.336275
v -10.311810 -3.167414 -0.687742
v -10.594715 -3.027496 -0.427780
v 3.987229 4.776968 7.996224
v 4.635315 8.716962 9.413842
v 6.415036 4.818946 6.724674
v 9.750883 -5.596329 2.104962
v 9.580195 -4.989100 2.346736
v 9.943694 -4.698082 2.367442
v 9.750883 -5.596329 2.104962
v 9.596981 -5.582345 2.237881
v 3.066018 -6.810812 3.995773
v 0.393642 -6.354683 4.798047
v 3.151376 -6.377073 4.125336
v 0.387771 -6.810812 4.622032
v -4.479598 8.809324 9.451338
v -4.135127 11.394943 9.925650
v -2.552687 8.420340 9.887594
v -5.253045 4.774166 7.422290
v -4.479598 8.809324 9.451338
v -2.631319 4.642654 8.229042
v -9.905212 -5.383662 -1.347860
v -9.233628 -5.839791 -1.187797
v -9.659801 -5.319294 -1.457275
v 9.511623 -6.452624 -0.253446
v 9.011289 -6.491800 0.262561
v 9.212213 -6.556141 0.657400
v -1.248669 -6.097237 4.721653
v -2.675526 -6.363063 4.718014
v -0.912604 -6.060863 5.182532
v -2.393461 -6.365865 4.233070
v 9.524220 -6.522570 -0.069318
v 9.092162 -6.301497 -0.474512
v 9.220045 -6.522570 -0.101779
v 3.060708 -6.964714 4.007805
v 3.168162 -6.354683 4.164793
v 5.212321 -6.377074 2.490567
v 6.831414 -6.349080 0.287746
v 6.807076 -6.150397 -1.165690
v 6.160111 -6.354684 0.241855
v 6.139682 -6.100039 -1.167932
v -9.233628 -5.839791 -1.187797
v -9.905212 -5.383662 -1.347860
v -9.661763 -6.114023 -0.857319
v -9.173464 -6.536553 0.662717
v -8.972540 -6.494602 0.314610
v -9.214601 -6.447020 -0.287865
v 2.221212 -6.032868 4.816514
v 3.482130 -6.357485 4.623153
v 3.151376 -6.377073 4.125336
v -3.792056 -8.369448 -0.665075
v -2.964315 -7.787411 -1.433487
v -4.158904 -7.955297 -0.833814
v -2.970467 -8.254722 -1.087058
v 4.259220 -7.955297 -0.833814
v 3.065191 -7.787411 -1.433210
v 3.892638 -8.369448 -0.665075
v 3.071062 -8.254722 -1.086781
v 4.634754 -6.016083 3.621922
v 5.785977 -6.360261 2.801180
v 5.212321 -6.377074 2.490567
v 3.777071 -6.810813 -3.856817
v 1.261959 -6.377074 -4.942838
v 1.234819 -6.810813 -4.805722
v 3.168162 -6.354683 4.164793
v 3.488842 -6.365865 4.634625
v 4.634754 -6.016083 3.621922
v 3.060708 -6.964714 4.007805
v 5.212321 -6.377074 2.490567
v 5.071281 -6.810812 2.417253
v -9.097353 -6.200782 -0.665075
v -9.484630 -6.522570 -0.069598
v -9.170101 -6.561746 -0.125844
v -9.626790 -6.094435 -0.862356
v -9.548438 -5.565559 2.186113
v -9.205087 -5.853775 1.903484
v -9.821269 -5.618719 2.083135
v -5.963257 -6.032869 -0.510049
v -6.233846 -6.357486 0.521405
v -5.553857 -6.377074 0.459281
v 9.602291 -6.256743 1.487936
v 9.319106 -6.248337 1.556494
v 9.261183 -5.789407 1.961131
v -10.532322 -3.153430 1.518999
v -10.234018 -3.324118 1.738664
v -10.692936 -3.374476 1.406785
v -2.653976 -7.476805 -2.163285
v -2.964315 -7.787411 -1.433487
v -2.036954 -8.531755 -1.995389
v -2.653976 -7.476805 -2.163285
v -2.036954 -8.531755 -1.995389
v -1.881931 -8.310683 -2.632840
v 2.754572 -7.476805 -2.163004
v 2.137549 -8.528954 -1.995108
v 3.065191 -7.787411 -1.433210
v -3.980090 -6.354684 -3.512626
v -4.467843 -6.340673 -3.893475
v -5.314610 -6.032869 -2.466622
v -5.378405 -6.967516 0.430180
v -5.580997 -6.374272 0.454525
v -4.551505 -6.357486 2.694003
v 2.754572 -7.476805 -2.163004
v 1.982526 -8.310683 -2.632840
v 2.137549 -8.528954 -1.995108
v 4.217241 14.030945 -5.549231
v 7.703375 8.098551 -5.168101
v 6.913690 11.562828 -5.110735
v 5.231628 -6.374272 2.509038
v 5.762466 -6.360261 2.784668
v 6.124565 -6.027265 1.669826
v -7.910583 11.657992 -4.450898
v -7.049831 9.981803 -4.839862
v -6.752929 11.921017 -5.072960
v -7.572277 9.324190 -4.594451
v -6.752088 7.636817 -4.878197
v -10.264241 -3.830605 2.192827
v -9.935434 -4.060083 2.267543
v -10.490624 -3.995715 2.033044
v 2.508600 -6.032869 -4.985650
v 1.384251 -6.360261 -5.502778
v 1.261959 -6.377074 -4.942838
v 4.990701 -6.032869 -3.529415
v 4.299797 -6.357486 -4.423472
v 3.901311 -6.385454 -3.997573
v 5.641856 -6.354684 -2.099764
v 6.250485 -6.340673 -2.329226
v 4.990701 -6.032869 -3.529415
v -5.253045 4.774166 7.422290
v -6.136747 9.091936 8.518945
v -4.479598 8.809324 9.451338
v 9.860859 -5.618719 2.083135
v 9.261183 -5.789407 1.961131
v 9.590536 -5.571163 2.188631
v -5.253045 4.774166 7.422290
v -7.493084 4.782572 5.737714
v -6.136747 9.091936 8.518945
v 2.899240 13.261408 -6.121483
v 7.833766 8.176903 -5.502499
v 7.703375 8.098551 -5.168101
v 9.667220 -6.094435 -0.862636
v 9.394656 -6.072045 -0.946306
v 9.092162 -6.301497 -0.474512
v -9.372426 -6.111221 -0.986042
v -9.233628 -5.839791 -1.187797
v -9.661763 -6.114023 -0.857319
v -5.580997 -6.374272 0.454525
v -6.215660 -6.329492 0.516928
v -5.589123 -6.027265 1.598189
v -4.551505 -6.357486 2.694003
v -5.589123 -6.027265 1.598189
v -5.071709 -6.335096 2.993421
v 0.393642 -6.354683 4.798047
v 0.407359 -6.340672 5.324128
v 2.221212 -6.032868 4.816514
v -4.898499 -7.222161 -8.479049
v -3.147039 -7.168974 -3.798891
v -2.489720 -7.739829 -4.273203
v -4.278955 -7.773427 -8.831913
v -9.560460 -0.220806 0.103337
v -9.916127 0.971261 -0.510049
v -9.684994 0.971261 -0.211192
v 3.247635 -7.168974 -3.798891
v 4.998534 -7.222161 -8.479329
v 2.590315 -7.739829 -4.272085
v 4.379550 -7.773427 -8.831913
v 3.911105 -6.354684 -4.006246
v 4.294473 -6.332294 -4.413678
v 2.508600 -6.032869 -4.985650
v 3.779033 -6.975896 -3.872766
v 5.641856 -6.354684 -2.099764
v 3.901311 -6.385454 -3.997573
v -4.405156 -6.810812 2.603899
v -5.378405 -6.967516 0.430180
v -4.551505 -6.357486 2.694003
v -5.227012 -6.656884 -1.391793
v -3.853048 -6.810813 -3.407130
v -3.980090 -6.354684 -3.512626
v 1.274555 -6.374272 -4.963544
v 1.379487 -6.332294 -5.474793
v -0.085424 -6.024490 -5.307735
v 4.635315 8.716962 9.413842
v 7.104526 9.360591 7.918429
v 6.415036 4.818946 6.724674
v -4.559338 13.944186 -5.452969
v -7.120071 15.609195 -4.392133
v -5.842366 12.654180 -5.050854
v 3.575881 -6.553365 3.416245
v 0.642135 -6.553366 -4.087957
v 0.082755 -6.553365 4.280359
v 4.358561 -6.553366 -2.652148
v 5.350558 -6.553366 1.382720
v 5.601559 -6.553366 -0.302416
v -3.391329 -6.553366 -3.224400
v -3.369232 -6.553365 3.420444
v -5.176094 -6.553366 1.395874
v -5.401636 -6.553366 -0.709848
v 6.239584 -6.942325 -7.814734
v 4.060817 -6.931116 -3.268056
v 4.908706 -7.068232 -2.708393
v -6.140656 -6.942325 -7.813894
v -4.808391 -7.068232 -2.706995
v -3.960502 -6.931116 -3.266655
v -4.158904 -7.955297 -0.833814
v -2.964315 -7.787411 -1.433487
v -3.984854 -7.353673 -1.434048
v 4.085449 -7.353673 -1.434328
v 3.065191 -7.787411 -1.433210
v 4.259220 -7.955297 -0.833814
v 9.261183 -5.789407 1.961131
v 9.195427 -6.086029 1.971482
v 9.562836 -5.624323 2.319032
v 3.777071 -6.810813 -3.856817
v 3.911105 -6.354684 -4.006246
v 1.261959 -6.377074 -4.942838
v -5.842366 12.654180 -5.050854
v -7.120071 15.609195 -4.392133
v -7.910583 11.657992 -4.450898
v -4.729479 -6.262321 2.780191
v -4.141558 -6.192375 4.096511
v -2.473214 -6.239957 4.407965
v 9.511623 -6.452624 -0.253446
v 9.237672 -6.452624 -0.299337
v 9.011289 -6.491800 0.262561
v -2.489720 -7.739829 -4.273203
v -2.653976 -7.476805 -2.163285
v -1.881931 -8.310683 -2.632840
v 2.590315 -7.739829 -4.272085
v 1.982526 -8.310683 -2.632840
v 2.754572 -7.476805 -2.163004
v -2.871126 13.001160 -5.745111
v 0.659481 16.887993 -5.245614
v -2.502036 16.890795 -5.154112
v 1.430139 13.255804 -5.841934
v -9.274766 -6.231551 1.562372
v -8.959116 -6.488997 0.962976
v -9.542833 -6.242733 1.495492
v -5.358817 0.495571 -4.480278
v -7.247393 4.673423 -4.826149
v -7.635510 2.546709 -3.854019
v -6.705080 0.677441 -3.643308
v -4.799438 -0.324350 -4.397730
v -8.621636 2.653055 -2.738056
v -9.890107 4.452351 -1.248803
v -10.594155 9.139518 -2.262066
v -9.399006 9.083556 -3.760837
v -7.449985 6.150930 -4.541001
v -7.127063 4.748973 -4.519175
v -6.281135 4.620263 -4.684275
v -8.235747 9.201084 -4.704984
v -7.910583 11.657992 -4.450898
v -9.252376 13.434897 -3.559920
v -10.555259 13.395721 -1.885414
v 9.618811 -6.262321 1.494374
v 8.997865 -6.488997 0.965494
v 9.314636 -6.234354 1.562372
v 9.473568 -6.553366 0.641451
v 9.710586 -5.316519 -1.429852
v 9.308472 -5.705477 -1.273147
v 9.413684 -6.074847 -0.929236
v 5.471168 -6.810812 -2.038201
v 5.641856 -6.354684 -2.099764
v 3.779033 -6.975896 -3.872766
v -2.871126 13.001160 -5.745111
v -2.502036 16.890795 -5.154112
v -4.559338 13.944186 -5.452969
v -1.248669 -6.097237 4.721653
v -0.912604 -6.060863 5.182532
v 0.402889 -6.262321 5.031982
v -5.364408 -6.810812 0.445571
v -5.066398 -6.626114 -1.854913
v -5.553857 -6.377074 0.459281
v -9.542833 -6.242733 1.495492
v -8.959116 -6.488997 0.962976
v -9.469806 -6.570152 0.643970
v -5.842366 12.654180 -5.050854
v -6.177604 9.245837 -5.575533
v -3.541321 11.554448 -5.652208
v 0.659481 16.887993 -5.245614
v 2.893929 13.404128 -5.731681
v 4.217241 14.030945 -5.549231
v 1.430139 13.255804 -5.841934
v -11.034885 3.615670 -0.199160
v -10.884346 3.330230 0.089904
v -9.916127 0.971261 -0.510049
v -9.684994 0.971261 -0.211192
v -11.034885 3.615670 -0.199160
v -10.558621 6.861704 -0.116611
v -10.884346 3.330230 0.089904
v -10.843769 6.819726 -0.333757
v -3.147039 -7.168974 -3.798891
v -2.653976 -7.476805 -2.163285
v -2.489720 -7.739829 -4.273203
v 3.247635 -7.168974 -3.798891
v 2.590315 -7.739829 -4.272085
v 2.754572 -7.476805 -2.163004
v 7.703375 8.098551 -5.168101
v 8.199507 11.176672 -4.674762
v 6.913690 11.562828 -5.110735
v 8.199507 11.176672 -4.674762
v 8.215733 11.453706 -4.439982
v 8.144385 8.638609 -4.450897
v 9.535975 11.294200 -3.639950
v 9.351851 8.157315 -3.638271
v 7.306851 4.049408 -4.410323
v 10.492719 10.286804 -2.534060
v 10.621162 13.387342 -1.992031
v 9.287202 4.628643 -2.795983
v 7.125235 2.146569 -3.688919
v 5.403171 1.833161 -4.829227
v 4.490913 0.333263 -4.749754
v 10.123896 4.446774 -1.713318
v 10.984661 10.580625 -1.498971
v 11.150879 12.368739 -0.208954
v 10.875246 6.539889 0.014350
v 10.789888 4.362817 -0.553705
v 8.381950 2.899293 -2.773036
v 8.512355 1.712831 -2.084373
v 7.143702 1.077608 -2.537699
v -3.147039 -7.168974 -3.798891
v -4.898499 -7.222161 -8.479049
v -6.140656 -6.942325 -7.813894
v -3.960502 -6.931116 -3.266655
v -9.185499 4.751776 3.237713
v -7.918149 9.279437 6.907404
v -7.493084 4.782572 5.737714
v -9.264412 10.631009 5.587164
v 4.060817 -6.931116 -3.268056
v 6.239584 -6.942325 -7.814734
v 3.247635 -7.168974 -3.798891
v 4.998534 -7.222161 -8.479329
v -6.136747 9.091936 8.518945
v -7.918149 9.279437 6.907404
v -6.959444 11.394943 8.250307
v -7.493084 4.782572 5.737714
v -8.972540 -6.494602 0.314610
v -9.099861 -6.687680 0.684544
v -8.914336 -6.673669 0.137477
v 4.217241 14.030945 -5.549231
v 6.913690 11.562828 -5.110735
v 7.182878 15.528040 -4.438305
v 8.061550 4.802160 5.244935
v 7.104526 9.360591 7.918429
v 9.399980 10.477107 5.540432
v -9.709892 -5.596329 2.104681
v -9.520723 -5.059072 2.332186
v -9.563542 -5.579543 2.232844
v -9.520723 -5.059072 2.332186
v -9.881714 -4.667312 2.543457
v -9.461679 -5.285722 2.421169
v -9.469806 -6.570152 0.643970
v -8.959116 -6.488997 0.962976
v -9.159186 -6.617708 0.681745
v 0.397845 -6.491799 4.707383
v -1.248669 -6.097237 4.721653
v 0.402889 -6.262321 5.031982
v -2.393461 -6.365865 4.233070
v 8.061550 4.802160 5.244935
v 9.399980 10.477107 5.540432
v 10.514535 8.767345 2.163725
v 10.048906 4.790951 1.390836
v -4.808391 -7.068232 -2.706995
v -3.984854 -7.353673 -1.434048
v -3.960502 -6.931116 -3.266655
v 4.908706 -7.068232 -2.708393
v 4.060817 -6.931116 -3.268056
v 4.085449 -7.353673 -1.434328
v 5.939319 -6.810812 0.230660
v 6.160111 -6.354684 0.241855
v 5.563224 -6.447020 -2.090250
v -9.958665 -4.060083 -1.432930
v -10.018550 -4.429454 -1.664347
v -10.042048 -3.833407 -1.493092
v -4.729479 -6.262321 2.780191
v -2.473214 -6.239957 4.407965
v -4.405156 -6.628916 2.598862
v -2.347293 -6.463805 4.187176
v 0.393642 -6.354683 4.798047
v 2.221212 -6.032868 4.816514
v 3.151376 -6.377073 4.125336
v -9.644977 -5.380860 -1.598588
v -9.726691 -4.720472 -1.753614
v -9.645257 -4.810006 -1.542062
v -1.535218 -6.435838 -4.724571
v -3.151242 -6.100040 -4.246059
v -3.937005 -6.491800 -3.463936
v 10.201127 -3.436042 1.867667
v 10.306353 -3.777445 2.251591
v 10.284523 -3.270958 1.900405
v -3.937005 -6.491800 -3.463936
v -3.151242 -6.100040 -4.246059
v -4.244809 -6.265124 -3.713824
v -4.559338 13.944186 -5.452969
v -6.012507 16.890795 -4.484756
v -7.120071 15.609195 -4.392133
v 9.580195 -4.989100 2.346736
v 9.522258 -5.170996 2.457549
v 9.929977 -4.681296 2.525267
v 9.473568 -6.553366 0.641451
v 9.197374 -6.631718 0.686782
v 8.997865 -6.488997 0.965494
v -9.626790 -6.094435 -0.862356
v -9.097353 -6.200782 -0.665075
v -9.351156 -6.142017 -0.977646
v -1.535218 -6.435838 -4.724571
v -1.682128 -6.242733 -5.074917
v -3.151242 -6.100040 -4.246059
v -3.984854 -7.353673 -1.434048
v -2.964315 -7.787411 -1.433487
v -2.653976 -7.476805 -2.163285
v 4.085449 -7.353673 -1.434328
v 2.754572 -7.476805 -2.163004
v 3.065191 -7.787411 -1.433210
v -9.185499 4.751776 3.237713
v -10.177216 10.810103 3.658579
v -9.264412 10.631009 5.587164
v -1.555366 -6.466608 -4.717296
v -0.085424 -6.024490 -5.307735
v -1.687452 -6.242733 -5.063445
v 1.274555 -6.374272 -4.963544
v -0.085424 -6.024490 -5.307735
v -1.555366 -6.466608 -4.717296
v -10.691815 4.018612 -0.138157
v -9.890107 4.452351 -1.248803
v -10.558621 6.861704 -0.116611
v -10.345395 1.642858 -0.632057
v -10.594155 9.139518 -2.262066
v -8.621636 2.653055 -2.738056
v -8.381817 1.754809 -2.497683
v -6.633719 0.078619 -2.059747
v -11.056995 9.215068 -0.153546
v -10.936666 12.805279 -0.238897
v -10.555259 13.395721 -1.885414
v 5.563224 -6.447020 -2.090250
v 6.139682 -6.100039 -1.167932
v 5.965619 -6.265123 -2.226249
v 4.217241 14.030945 -5.549231
v 7.182878 15.528040 -4.438305
v 4.970273 16.890795 -4.759269
v -9.185499 4.751776 3.237713
v -10.097463 4.790951 0.579607
v -10.859994 10.891258 1.514241
v 3.168162 -6.354683 4.164793
v 4.634754 -6.016083 3.621922
v 5.212321 -6.377074 2.490567
v -7.615922 13.935805 -7.921909
v -5.084024 13.877042 -8.207897
v -7.231154 13.697948 -7.392749
v -4.275311 14.128884 -9.123220
v 10.300188 -3.290547 -0.861516
v 10.387214 -3.111452 -0.936792
v 10.416876 -3.589944 -1.176605
v -9.522965 -5.624323 2.319873
v -9.155837 -6.086029 1.970925
v -9.205087 -5.853775 1.903484
v 4.986218 13.879844 -8.212374
v 7.539385 13.935805 -7.921909
v 7.158259 13.697948 -7.395548
v 4.198774 14.128884 -9.123220
v 4.217241 14.030945 -5.549231
v 4.970273 16.890795 -4.759269
v 0.659481 16.887993 -5.245614
v 6.913690 11.562828 -5.110735
v 8.215733 11.453706 -4.439982
v 7.182878 15.528040 -4.438305
v 3.911105 -6.354684 -4.006246
v 2.508600 -6.032869 -4.985650
v 1.261959 -6.377074 -4.942838
v 5.939319 -6.810812 0.230660
v 5.563224 -6.447020 -2.090250
v 5.466965 -6.810812 -2.049116
v 6.160111 -6.354684 0.241855
v 6.139682 -6.100039 -1.167932
v -5.580997 -6.374272 0.454525
v -5.589123 -6.027265 1.598189
v -4.551505 -6.357486 2.694003
v -3.960502 -6.931116 -3.266655
v -2.653976 -7.476805 -2.163285
v -3.147039 -7.168974 -3.798891
v 4.060817 -6.931116 -3.268056
v 3.247635 -7.168974 -3.798891
v 2.754572 -7.476805 -2.163004
v -10.348184 -3.108650 -0.935111
v -10.594715 -3.027496 -0.427780
v -10.311810 -3.167414 -0.687742
v 9.205501 14.431111 -3.498917
v 7.182878 15.528040 -4.438305
v 8.215733 11.453706 -4.439982
v -2.502036 16.890795 -5.154112
v -6.012507 16.890795 -4.484756
v -4.559338 13.944186 -5.452969
v -10.019391 -4.460224 -1.497289
v -10.018550 -4.429454 -1.664347
v -9.958665 -4.060083 -1.432930
v 8.215733 11.453706 -4.439982
v 9.535975 11.294200 -3.639950
v 9.205501 14.431111 -3.498917
v -5.227012 -6.656884 -1.391793
v -3.980090 -6.354684 -3.512626
v -5.314610 -6.032869 -2.466622
v -5.227012 -6.656884 -1.391793
v -5.314610 -6.032869 -2.466622
v -5.728748 -6.267925 -1.511563
v -10.264241 -3.830605 2.192827
v -9.921731 -4.118848 2.498123
v -9.935434 -4.060083 2.267543
v 4.060817 -6.931116 -3.268056
v 2.754572 -7.476805 -2.163004
v 4.085449 -7.353673 -1.434328
v -3.960502 -6.931116 -3.266655
v -3.984854 -7.353673 -1.434048
v -2.653976 -7.476805 -2.163285
v -5.553857 -6.377074 0.459281
v -5.066398 -6.626114 -1.854913
v -5.963257 -6.032869 -0.510049
v -5.402757 -6.284711 -1.969362
v -10.097463 4.790951 0.579607
v -10.666356 6.998820 -0.368737
v -10.859994 10.891258 1.514241
v -2.871126 13.001160 -5.745111
v -3.541321 11.554448 -5.652208
v -3.570703 11.523652 -6.020184
v -6.177604 9.245837 -5.575533
v -2.861332 13.093522 -6.107492
v 10.275570 -3.861401 2.107200
v 10.306353 -3.777445 2.251591
v 10.201127 -3.436042 1.867667
v 3.901311 -6.385454 -3.997573
v 5.641856 -6.354684 -2.099764
v 4.990701 -6.032869 -3.529415
v -0.038415 5.191119 14.350044
v 2.977872 5.261065 14.063215
v -0.038135 4.886090 15.085715
v 3.160609 4.958865 14.779025
v -0.038135 4.886090 15.085715
v -3.237147 4.958865 14.779025
v -3.054423 5.261065 14.062936
v -0.038415 5.191119 14.350044
v 6.236502 5.174333 13.870978
v 3.160609 4.958865 14.779025
v 5.888948 5.462549 13.205819
v 2.977872 5.261065 14.063215
v 9.220045 -6.522570 -0.101779
v 9.092162 -6.301497 -0.474512
v 9.171636 -6.654081 -0.138437
v 9.054948 -6.416250 -0.654443
v -3.237147 4.958865 14.779025
v -6.313039 5.174333 13.870978
v -5.965765 5.462549 13.205819
v -3.054423 5.261065 14.062936
v -6.313039 5.174333 13.870978
v -9.147711 5.521313 12.396549
v -8.649337 5.792743 11.812264
v -5.965765 5.462549 13.205819
v 9.071454 5.521313 12.396549
v 6.236502 5.174333 13.870978
v 8.572239 5.792743 11.812545
v 5.888948 5.462549 13.205819
v 5.231628 -6.374272 2.509038
v 6.124565 -6.027265 1.669826
v 5.945470 -6.623312 0.222544
v 5.945470 -6.623312 0.222544
v 6.124565 -6.027265 1.669826
v 6.480511 -6.242733 0.256126
v -9.147711 5.521313 12.396549
v -11.632613 5.991426 10.412275
v -11.001874 6.234888 9.936005
v -8.649337 5.792743 11.812264
v 11.556063 5.991426 10.412275
v 9.071454 5.521313 12.396549
v 10.925056 6.234888 9.936565
v 8.572239 5.792743 11.812545
v 12.856438 6.774946 7.649794
v 11.556063 5.991426 10.412275
v 10.925056 6.234888 9.936565
v 13.595471 6.562280 7.994266
v -12.933255 6.774946 7.648953
v -11.001874 6.234888 9.936005
v -11.632613 5.991426 10.412275
v -13.672009 6.562280 7.994266
v 14.292247 7.393383 5.040098
v 13.595471 6.562280 7.994266
v 12.856438 6.774946 7.649794
v 15.110747 7.214289 5.235701
v -13.672009 6.562280 7.994266
v -14.369065 7.393383 5.039260
v -12.933255 6.774946 7.648953
v -15.187291 7.214289 5.235701
v 15.177631 8.062177 2.206540
v 15.110747 7.214289 5.235701
v 14.292247 7.393383 5.040098
v 16.043980 7.922259 2.242077
v -15.187291 7.214289 5.235701
v -15.254169 8.062177 2.206820
v -14.369065 7.393383 5.039260
v -16.120525 7.922259 2.242077
v 15.478163 8.758940 -0.740072
v 16.043980 7.922259 2.242077
v 15.177631 8.062177 2.206540
v 16.359631 8.660999 -0.873549
v -16.120525 7.922259 2.242077
v -15.554700 8.758940 -0.739792
v -15.254169 8.062177 2.206820
v -16.436174 8.660999 -0.873549
v 15.478163 8.758940 -0.740072
v 15.180986 9.209464 -2.641237
v 16.359631 8.660999 -0.873549
v 16.042585 9.136716 -2.888886
v -15.257531 9.209464 -2.641794
v -16.436174 8.660999 -0.873549
v -16.119123 9.136716 -2.888886
v -15.554700 8.758940 -0.739792
v -9.461679 -5.285722 2.421169
v -9.563542 -5.579543 2.232844
v -9.520723 -5.059072 2.332186
v -14.369905 9.696362 -4.699667
v -15.257531 9.209464 -2.641794
v -15.181968 9.648807 -5.066522
v -16.119123 9.136716 -2.888886
v 15.105431 9.648807 -5.066522
v 16.042585 9.136716 -2.888886
v 15.180986 9.209464 -2.641237
v 14.293928 9.696362 -4.699107
v 9.596981 -5.582345 2.237881
v 9.522258 -5.170996 2.457549
v 9.580195 -4.989100 2.346736
v 9.929977 -4.681296 2.525267
v 9.822523 -5.061874 2.629922
v 13.585117 10.121720 -7.071225
v 15.105431 9.648807 -5.066522
v 14.293928 9.696362 -4.699107
v 12.858679 10.141308 -6.589637
v -12.934095 10.141308 -6.590478
v -14.369905 9.696362 -4.699667
v -13.661654 10.121720 -7.071225
v -15.181968 9.648807 -5.066522
v 9.399980 10.477107 5.540432
v 10.789608 11.450904 2.286009
v 10.514535 8.767345 2.163725
v 8.061550 4.802160 5.244935
v 8.284290 0.985272 5.697141
v 6.415036 4.818946 6.724674
v -5.939186 12.771708 -5.393924
v -5.842366 12.654180 -5.050854
v -6.752929 11.921017 -5.072960
v -10.994589 10.535871 -8.252110
v -12.934095 10.141308 -6.590478
v -11.619177 10.533069 -8.825200
v -13.661654 10.121720 -7.071225
v 11.542919 10.533069 -8.825200
v 13.585117 10.121720 -7.071225
v 12.858679 10.141308 -6.589637
v 10.934010 10.533069 -8.238677
v -8.673128 1.357445 5.756742
v -7.493084 4.782572 5.737714
v -6.911594 1.592501 7.068866
v -5.253045 4.774166 7.422290
v -10.234018 -3.324118 1.738664
v -10.532322 -3.153430 1.518999
v -10.276277 -3.256948 1.939581
v 10.048906 4.790951 1.390836
v 10.514535 8.767345 2.163725
v 10.679086 7.502504 -0.325922
v 10.552604 4.164135 -0.996394
v 10.604643 -3.094666 -0.381609
v 10.455211 -2.893182 0.008196
v 10.632064 -2.946342 -0.465836
v 10.455211 -2.893182 0.008196
v 10.557074 -2.691698 0.188405
v 10.632064 -2.946342 -0.465836
v -9.671837 -5.330503 -1.430132
v -9.644977 -5.380860 -1.598588
v -9.645257 -4.810006 -1.542062
v 9.005978 10.882851 -10.275280
v 10.934010 10.533069 -8.238677
v 8.545099 10.880049 -9.629993
v 11.542919 10.533069 -8.825200
v 10.542530 -3.195409 1.475343
v 10.586736 -3.080656 1.556774
v 10.419397 -2.954748 1.075747
v 10.419397 -2.954748 1.075747
v 10.586736 -3.080656 1.556774
v 10.515656 -2.781258 1.087219
v -10.518044 -2.691698 0.187848
v -10.655722 -2.881974 0.543511
v -10.424308 -2.870792 0.143911
v -8.619955 10.882851 -9.629433
v -10.994589 10.535871 -8.252110
v -9.082235 10.882851 -10.275280
v -11.619177 10.533069 -8.825200
v 11.150879 12.368739 -0.208954
v 10.679086 7.502504 -0.325922
v 10.514535 8.767345 2.163725
v 10.789608 11.450904 2.286009
v 10.648863 -2.918374 0.565057
v 10.716300 -2.798044 0.567015
v 10.557074 -2.691698 0.188405
v 9.413684 -6.074847 -0.929236
v 9.308472 -5.705477 -1.273147
v 9.352971 -6.175590 -1.026336
v 8.061550 4.802160 5.244935
v 9.597261 0.663458 3.774149
v 8.284290 0.985272 5.697141
v -10.859994 10.891258 1.514241
v -10.666356 6.998820 -0.368737
v -11.054753 10.731751 -0.231341
v -10.532322 -3.091864 1.552017
v -10.498177 -3.220574 1.460235
v -10.379527 -2.935160 1.026777
v -10.673908 -2.778456 0.561141
v -10.472437 -2.812028 1.217063
v -10.379527 -2.935160 1.026777
v 12.909050 12.911626 0.138036
v 12.062842 13.163467 -1.246842
v 12.660837 13.275392 -1.395154
v -0.038135 14.238006 -9.549119
v 4.198774 14.128884 -9.123220
v 2.484823 14.008554 -8.748526
v -0.038135 14.050531 -8.922023
v -2.561080 14.008554 -8.748526
v -0.038135 14.238006 -9.549119
v -0.038135 14.050531 -8.922023
v -4.275311 14.128884 -9.123220
v -1.705639 13.527262 10.148116
v -3.560069 15.052324 9.208446
v 0.050291 15.217435 9.532488
v -3.621635 16.857224 7.832800
v 0.050291 15.217435 9.532488
v 0.050291 16.854422 8.337055
v 3.047832 12.609400 10.143916
v -1.705639 13.527262 10.148116
v 3.732865 15.113891 9.159475
v 0.050291 11.394943 10.359945
v -1.705639 13.527262 10.148116
v 0.050291 15.217435 9.532488
v 3.737895 16.857224 7.827206
v 0.050291 16.854422 8.337055
v 0.050291 11.394943 10.359945
v -4.135127 11.394943 9.925650
v 0.050291 11.394943 10.359945
v -2.552687 8.420340 9.887594
v 0.020349 8.179706 9.981058
v -6.959444 11.394943 8.250307
v -5.315158 13.191463 9.243145
v 2.708964 8.403554 9.874161
v 3.047832 12.609400 10.143916
v 0.020349 8.179706 9.981058
v 0.049464 4.810540 8.534058
v 0.020349 8.179706 9.981058
v 3.987229 4.776968 7.996224
v -9.264412 10.631009 5.587164
v -8.816957 13.437700 5.910089
v -7.918149 9.279437 6.907404
v -4.135127 11.394943 9.925650
v -6.136747 9.091936 8.518945
v -4.479598 8.809324 9.451338
v -9.173464 -6.536553 0.662717
v -9.099861 -6.687680 0.684544
v -8.972540 -6.494602 0.314610
v 9.212213 -6.556141 0.657400
v 8.952244 -6.626114 0.222544
v 9.152047 -6.679274 0.677268
v 9.011289 -6.491800 0.262561
v -7.493084 4.782572 5.737714
v -10.007635 2.286488 3.119065
v -9.185499 4.751776 3.237713
v -8.673128 1.357445 5.756742
v 9.953488 -4.104837 2.283772
v 9.922705 -4.700884 2.389548
v 9.961601 -4.118848 2.497843
v 9.936129 -4.695280 2.532262
v 9.710306 -4.835198 -1.731227
v 9.711146 -5.330503 -1.440206
v 9.710306 -4.765252 -1.545141
v 9.676173 -5.378058 -1.581519
v 4.198774 14.128884 -9.123220
v 4.986218 13.879844 -8.212374
v 2.484823 14.008554 -8.748526
v -5.084024 13.877042 -8.207897
v -4.275311 14.128884 -9.123220
v -2.561080 14.008554 -8.748526
v -10.379527 -2.935160 1.026777
v -10.472437 -2.812028 1.217063
v -10.532322 -3.091864 1.552017
v -9.205087 -5.853775 1.903484
v -9.155837 -6.086029 1.970925
v -9.227183 -6.346277 1.626173
v 10.910499 4.337625 -0.853403
v 10.554272 2.356433 -0.932873
v 10.789888 4.362817 -0.553705
v 10.351680 2.401213 -1.345342
v -11.993590 -0.897980 1.636807
v -12.315952 0.364033 0.712808
v -11.092261 2.613879 0.365537
v -10.097463 4.790951 0.579607
v -10.007635 2.286488 3.119065
v -9.185499 4.751776 3.237713
v -10.366371 -3.592746 -1.175484
v -10.348184 -3.108650 -0.935111
v -10.311810 -3.167414 -0.687742
v -9.227183 -6.346277 1.626173
v -9.293513 -6.225947 1.537747
v -9.205087 -5.853775 1.903484
v -10.276277 -3.256948 1.939581
v -10.228415 -3.841813 2.135745
v -10.234018 -3.324118 1.738664
v -10.267043 -3.771841 2.266983
v -12.985588 12.911626 0.136358
v -12.739616 13.272590 -1.389556
v -12.139380 13.163467 -1.246842
v -12.411651 12.852861 0.222543
v -12.000302 13.678360 -3.108274
v -12.139380 13.163467 -1.246842
v -11.517874 13.580420 -2.817810
v 9.710306 -4.765252 -1.545141
v 10.064011 -4.412668 -1.661829
v 9.710306 -4.835198 -1.731227
v -9.921731 -4.118848 2.498123
v -9.884784 -4.698082 2.525827
v -9.891228 -4.703686 2.359886
v -9.935434 -4.060083 2.267543
v 6.415036 4.818946 6.724674
v 7.104526 9.360591 7.918429
v 8.061550 4.802160 5.244935
v 7.068993 11.394943 8.251147
v 9.399980 10.477107 5.540432
v 7.111811 13.322975 7.912554
v 9.399980 10.477107 5.540432
v 9.171916 14.072923 5.208277
v 9.171916 14.072923 5.208277
v 6.955387 15.376915 7.005624
v 2.708964 8.403554 9.874161
v 3.047832 12.609400 10.143916
v 4.635315 8.716962 9.413842
v 4.830074 12.729731 9.620358
v 3.047832 12.609400 10.143916
v 3.732865 15.113891 9.159475
v 10.648863 -2.918374 0.565057
v 10.557074 -2.691698 0.188405
v 10.455211 -2.893182 0.008196
v 9.261183 -5.789407 1.961131
v 9.267334 -6.346277 1.626453
v 9.195427 -6.086029 1.971482
v -7.231434 14.649354 -7.205546
v -3.631709 14.934794 -8.428403
v -4.883101 14.696937 -7.583316
v -10.617386 -2.943540 0.552745
v -10.673908 -2.778456 0.561141
v -10.379527 -2.935160 1.026777
v 5.937357 14.778090 -7.760168
v 2.491534 14.817266 -8.095403
v 1.244893 15.004741 -8.728661
v 4.806563 14.696937 -7.583316
v -10.859994 10.891258 1.514241
v -10.453690 13.493662 2.255510
v -10.177216 10.810103 3.658579
v -9.185499 4.751776 3.237713
v -10.453690 13.493662 2.255510
v -8.816957 13.437700 5.910089
v -9.264412 10.631009 5.587164
v 9.319106 -6.248337 1.556494
v 9.267334 -6.346277 1.626453
v 9.261183 -5.789407 1.961131
v -10.550789 -3.077854 -0.395319
v -10.591086 -2.943540 -0.466676
v -10.424308 -2.870792 0.143911
v 9.117074 14.380727 -6.070275
v 6.934679 14.506660 -6.762854
v 5.937357 14.778090 -7.760168
v -10.424308 -2.870792 0.143911
v -10.591086 -2.943540 -0.466676
v -10.518044 -2.691698 0.187848
v 10.283122 -3.833407 2.135464
v 9.953488 -4.104837 2.283772
v 10.311664 -3.777445 2.251034
v 9.961601 -4.118848 2.497843
v 12.660837 13.275392 -1.395154
v 11.441337 13.580420 -2.817810
v 11.923765 13.678360 -3.108274
v 12.062842 13.163467 -1.246842
v 10.727215 14.053335 -4.686794
v 11.441337 13.580420 -2.817810
v 10.316427 13.935806 -4.333650
v 9.261183 -5.789407 1.961131
v 9.562836 -5.624323 2.319032
v 9.590536 -5.571163 2.188631
v 10.201127 -3.436042 1.867667
v 10.284523 -3.270958 1.900405
v 10.570230 -3.164612 1.512841
v -4.883101 14.696937 -7.583316
v -7.011216 14.506660 -6.762854
v -7.231434 14.649354 -7.205546
v -8.871531 14.249215 -5.665361
v -7.231434 14.649354 -7.205546
v -7.011216 14.506660 -6.762854
v -9.193612 14.380727 -6.070275
v 6.934679 14.506660 -6.762854
v 9.117074 14.380727 -6.070275
v 8.794980 14.249215 -5.665361
v -10.042048 -3.833407 -1.493092
v -10.345942 -3.634725 -1.127635
v -9.958665 -4.060083 -1.432930
v -4.883101 14.696937 -7.583316
v -3.631709 14.934794 -8.428403
v -2.568072 14.817266 -8.095403
v -8.871531 14.249215 -5.665361
v -10.392964 13.935806 -4.333650
v -9.193612 14.380727 -6.070275
v -10.803752 14.053335 -4.686794
v -6.012507 16.890795 -4.484756
v -8.410918 16.876812 -2.864822
v -7.120071 15.609195 -4.392133
v -9.225515 15.088697 -3.121985
v -9.252376 13.434897 -3.559920
v -7.120071 15.609195 -4.392133
v -7.910583 11.657992 -4.450898
v 10.621162 13.387342 -1.992031
v 9.205501 14.431111 -3.498917
v 9.535975 11.294200 -3.639950
v 10.515656 -2.781258 1.087219
v 10.698673 -2.789638 0.555543
v 10.419397 -2.954748 1.075747
v 10.656976 -2.937962 0.553865
v 12.335394 12.852861 0.221705
v 12.062842 13.163467 -1.246842
v 12.909050 12.911626 0.138036
v 12.660558 12.332365 2.592706
v 12.335394 12.852861 0.221705
v 12.126357 12.329562 2.477413
v 6.934679 14.506660 -6.762854
v 4.806563 14.696937 -7.583316
v 5.937357 14.778090 -7.760168
v 10.316427 13.935806 -4.333650
v 8.794980 14.249215 -5.665361
v 9.117074 14.380727 -6.070275
v 10.727215 14.053335 -4.686794
v -9.170101 -6.561746 -0.125844
v -8.996891 -6.488997 -0.508371
v -9.097353 -6.200782 -0.665075
v -0.038135 14.884410 -8.279811
v -3.631709 14.934794 -8.428403
v 1.244893 15.004741 -8.728661
v -2.568072 14.817266 -8.095403
v 9.011289 -6.491800 0.262561
v 9.237672 -6.452624 -0.299337
v 8.952244 -6.626114 0.222544
v 9.198496 -6.584136 -0.345508
v -10.345942 -3.634725 -1.127635
v -10.042048 -3.833407 -1.493092
v -10.386239 -3.542389 -1.257756
v 2.468024 10.068562 12.020737
v 4.916539 10.160898 11.775326
v 2.487612 9.990210 12.492531
v 4.786135 10.236448 11.318084
v -4.993076 10.160898 11.775326
v -2.544294 10.068562 12.020737
v -2.564149 9.990210 12.492531
v -4.862685 10.236448 11.318084
v -7.231434 10.435130 10.610953
v -4.862685 10.236448 11.318084
v -4.993076 10.160898 11.775326
v -6.995537 10.502274 10.188690
v -10.392964 13.935806 -4.333650
v -11.517874 13.580420 -2.817810
v -10.803752 14.053335 -4.686794
v -12.000302 13.678360 -3.108274
v 9.943694 -4.698082 2.367442
v 9.580195 -4.989100 2.346736
v 9.929977 -4.681296 2.525267
v 9.117074 10.807302 9.044186
v 6.919280 10.502274 10.188690
v 8.784905 10.863264 8.675650
v 7.154897 10.435130 10.610953
v 7.154897 10.435130 10.610953
v 4.786135 10.236448 11.318084
v 6.919280 10.502274 10.188690
v 4.916539 10.160898 11.775326
v -6.995537 10.502274 10.188690
v -9.193612 10.807302 9.044186
v -8.861176 10.863264 8.675650
v -7.231434 10.435130 10.610953
v -8.861176 10.863264 8.675650
v -10.803752 11.257827 7.134624
v -10.387640 11.297003 6.837445
v -9.193612 10.807302 9.044186
v -11.515913 11.792307 4.744319
v -12.737095 12.332365 2.592706
v -12.202627 12.329562 2.477413
v -12.000302 11.772718 4.956148
v -12.411651 12.852861 0.222543
v -12.737095 12.332365 2.592706
v -12.985588 12.911626 0.136358
v 10.727215 11.257827 7.134624
v 8.784905 10.863264 8.675650
v 10.311103 11.297003 6.837445
v 9.117074 10.807302 9.044186
v -10.387640 11.297003 6.837445
v -12.000302 11.772718 4.956148
v -11.515913 11.792307 4.744319
v -10.803752 11.257827 7.134624
v 10.300188 -3.290547 -0.861516
v 10.641578 -2.954748 -0.434776
v 10.387214 -3.111452 -0.936792
v 10.593728 -3.069474 -0.379648
v 11.439375 11.792307 4.744319
v 12.660558 12.332365 2.592706
v 11.923765 11.772718 4.956148
v 12.126357 12.329562 2.477413
v 10.311103 11.297003 6.837445
v 11.923765 11.772718 4.956148
v 10.727215 11.257827 7.134624
v 11.439375 11.792307 4.744319
v 10.064011 -4.446239 -1.497012
v 10.064011 -4.412668 -1.661829
v 9.710306 -4.765252 -1.545141
v -9.548438 -5.565559 2.186113
v -9.522965 -5.624323 2.319873
v -9.205087 -5.853775 1.903484
v -9.214601 -6.447020 -0.287865
v -8.914336 -6.673669 0.137477
v -9.163670 -6.564548 -0.338793
v 2.491534 14.817266 -8.095403
v -0.038135 14.884410 -8.279811
v 1.244893 15.004741 -8.728661
v 9.092162 -6.301497 -0.474512
v 9.394656 -6.072045 -0.946306
v 9.054948 -6.416250 -0.654443
v 9.365834 -6.178391 -1.040326
v -9.645257 -4.810006 -1.542062
v -9.726691 -4.720472 -1.753614
v -10.023861 -4.412668 -1.661829
v -10.023861 -4.412668 -1.661829
v -10.021899 -4.443438 -1.532829
v -9.645257 -4.810006 -1.542062
v -0.038135 10.034964 12.281259
v 2.487612 9.990210 12.492531
v -0.038135 9.934221 12.734586
v 2.468024 10.068562 12.020737
v -2.564149 9.990210 12.492531
v -0.038135 10.034964 12.281259
v -0.038135 9.934221 12.734586
v -2.544294 10.068562 12.020737
v -9.903544 -4.698082 2.368843
v -9.881714 -4.667312 2.543457
v -9.520723 -5.059072 2.332186
v 9.710586 -5.316519 -1.429852
v 9.685687 -5.361272 -1.587677
v 9.308472 -5.705477 -1.273147
v 10.013639 -4.015303 -1.414180
v 10.075486 -4.429454 -1.664070
v 10.060942 -4.449042 -1.534507
v 10.039953 -3.936951 -1.542623
v 10.013639 -4.015303 -1.414180
v 10.423321 -3.536785 -1.258597
v 10.378820 -3.617939 -1.136308
v -8.914336 -6.673669 0.137477
v -9.214601 -6.447020 -0.287865
v -8.972540 -6.494602 0.314610
v 2.899240 13.261408 -6.121483
v 7.703375 8.098551 -5.168101
v 2.893929 13.404128 -5.731681
v 9.314636 -6.234354 1.562372
v 8.997865 -6.488997 0.965494
v 9.258101 -6.340673 1.658914
v -9.274766 -6.231551 1.562372
v -9.217390 -6.340673 1.659751
v -8.959116 -6.488997 0.962976
v 7.182878 15.528040 -4.438305
v 9.205501 14.431111 -3.498917
v 7.457684 16.885218 -3.786860
v 7.182878 15.528040 -4.438305
v 7.457684 16.885218 -3.786860
v 4.970273 16.890795 -4.759269
v -9.252376 13.434897 -3.559920
v -9.225515 15.088697 -3.121985
v -10.555259 13.395721 -1.885414
v 9.399980 10.477107 5.540432
v 9.171916 14.072923 5.208277
v 10.789608 11.450904 2.286009
v 10.582533 13.530036 2.144136
v -10.859994 10.891258 1.514241
v -10.936666 12.805279 -0.238897
v -10.453690 13.493662 2.255510
v -11.054753 10.731751 -0.231341
v 4.830074 12.729731 9.620358
v 6.955387 15.376915 7.005624
v 7.111811 13.322975 7.912554
v 3.732865 15.113891 9.159475
v 6.955387 15.376915 7.005624
v 3.737895 16.857224 7.827206
v 7.299579 16.868404 5.497059
v 4.635315 8.716962 9.413842
v 7.068993 11.394943 8.251147
v 7.104526 9.360591 7.918429
v 3.987229 4.776968 7.996224
v 2.708964 8.403554 9.874161
v 7.068993 11.394943 8.251147
v 4.830074 12.729731 9.620358
v 7.111811 13.322975 7.912554
v 10.789608 11.450904 2.286009
v 10.582533 13.530036 2.144136
v 11.150879 12.368739 -0.208954
v -4.135127 11.394943 9.925650
v -5.315158 13.191463 9.243145
v -1.705639 13.527262 10.148116
v -3.560069 15.052324 9.208446
v 11.441337 13.580420 -2.817810
v 12.062842 13.163467 -1.246842
v 12.062842 13.510448 -1.164574
v 12.062842 13.163467 -1.246842
v 12.335394 12.852861 0.221705
v -12.411651 12.852861 0.222543
v -12.139380 13.163467 -1.246842
v -12.139380 13.510448 -1.164574
v -11.517874 13.580420 -2.817810
v 9.205501 14.431111 -3.498917
v 10.621162 13.387342 -1.992031
v 10.041354 15.287380 -1.901647
v -8.816957 13.437700 5.910089
v -6.888083 15.488865 6.920277
v -5.315158 13.191463 9.243145
v -6.959444 11.394943 8.250307
v -0.038135 13.622399 11.663116
v 1.715846 18.373907 10.806276
v 2.072073 13.669955 11.460797
v -0.038135 18.334730 10.974453
v -2.148611 13.669955 11.460797
v -1.792384 18.373907 10.806276
v -0.038135 13.622399 11.663116
v -0.038135 18.334730 10.974453
v -7.910583 11.657992 -4.450898
v -6.752929 11.921017 -5.072960
v -5.842366 12.654180 -5.050854
v 2.072073 13.669955 11.460797
v 3.402377 18.491436 10.308456
v 4.101114 13.809874 10.861681
v 1.715846 18.373907 10.806276
v -10.555259 13.395721 -1.885414
v -10.259197 15.223012 -0.961138
v -10.936666 12.805279 -0.238897
v -0.038135 10.034964 12.281259
v 2.072073 13.669955 11.460797
v 2.468024 10.068562 12.020737
v -0.038135 13.622399 11.663116
v -0.038135 10.034964 12.281259
v -2.544294 10.068562 12.020737
v -2.148611 13.669955 11.460797
v -0.038135 13.622399 11.663116
v 4.101114 13.809874 10.861681
v 4.956836 18.684513 9.499750
v 5.971223 14.039326 9.888992
v 3.402377 18.491436 10.308456
v 2.468024 10.068562 12.020737
v 4.101114 13.809874 10.861681
v 4.786135 10.236448 11.318084
v 2.072073 13.669955 11.460797
v -4.862685 10.236448 11.318084
v -4.177652 13.809874 10.861681
v -2.544294 10.068562 12.020737
v -2.148611 13.669955 11.460797
v 4.786135 10.236448 11.318084
v 5.971223 14.039326 9.888992
v 6.919280 10.502274 10.188690
v 4.101114 13.809874 10.861681
v -6.995537 10.502274 10.188690
v -6.047760 14.039326 9.888992
v -4.862685 10.236448 11.318084
v -4.177652 13.809874 10.861681
v -7.687003 14.349958 8.579667
v -6.395594 18.941959 8.411772
v -6.047760 14.039326 9.888992
v -5.033373 18.684513 9.499750
v -10.453690 13.493662 2.255510
v -10.936666 12.805279 -0.238897
v -9.908295 15.376914 1.971203
v -10.259197 15.223012 -0.961138
v 7.457684 16.885218 -3.786860
v 10.041354 15.287380 -1.901647
v 9.195147 16.874010 -1.867228
v 9.205501 14.431111 -3.498917
v 6.919280 10.502274 10.188690
v 7.610465 14.349958 8.579667
v 8.784905 10.863264 8.675650
v 5.971223 14.039326 9.888992
v 10.582533 13.530036 2.144136
v 9.171916 14.072923 5.208277
v 9.960480 15.463672 1.956649
v 6.319324 18.941959 8.411772
v 8.955606 14.727708 6.984638
v 7.610465 14.349958 8.579667
v 7.437255 19.255367 7.085934
v 9.960480 15.463672 1.956649
v 9.551641 16.871206 0.649005
v 10.382463 15.248204 -0.219589
v 10.582533 13.530036 2.144136
v 10.382463 15.248204 -0.219589
v 11.150879 12.368739 -0.208954
v -9.908295 15.376914 1.971203
v -8.912374 16.868404 2.492524
v -8.688233 15.239798 4.834983
v -8.688233 15.239798 4.834983
v -10.453690 13.493662 2.255510
v -8.816957 13.437700 5.910089
v -8.861176 10.863264 8.675650
v -7.687003 14.349958 8.579667
v -6.995537 10.502274 10.188690
v -6.047760 14.039326 9.888992
v 2.072073 17.831047 -6.143310
v 4.101114 17.727503 -5.709295
v 2.563175 21.810217 -3.687803
v -3.478914 18.491436 10.308456
v -2.263337 19.829025 9.626231
v -1.792384 18.373907 10.806276
v -2.148611 13.669955 11.460797
v -1.792384 18.373907 10.806276
v -4.177652 13.809874 10.861681
v -9.032145 14.727708 6.984638
v -6.395594 18.941959 8.411772
v -7.687003 14.349958 8.579667
v -7.513793 19.255367 7.085934
v 10.382463 15.248204 -0.219589
v 9.195147 16.874010 -1.867228
v 10.041354 15.287380 -1.901647
v 10.382463 15.248204 -0.219589
v 10.621162 13.387342 -1.992031
v 11.150879 12.368739 -0.208954
v 7.610465 14.349958 8.579667
v 10.311103 11.297003 6.837445
v 8.784905 10.863264 8.675650
v 8.955606 14.727708 6.984638
v -4.177652 17.727503 -5.709295
v -4.284265 21.695490 -3.209851
v -6.047760 17.562391 -5.004683
v -0.926308 21.894173 -3.895715
v -4.284265 21.695490 -3.209851
v -2.148611 17.831047 -6.143310
v -4.177652 17.727503 -5.709295
v -0.038135 17.864618 -6.289940
v -0.038135 14.884410 -8.279811
v 2.072073 17.831047 -6.143310
v 2.491534 14.817266 -8.095403
v 2.563175 21.810217 -3.687803
v -0.038135 17.864618 -6.289940
v -0.926308 21.894173 -3.895715
v -10.387640 11.297003 6.837445
v -7.687003 14.349958 8.579667
v -8.861176 10.863264 8.675650
v -9.032145 14.727708 6.984638
v -0.038135 17.864618 -6.289940
v -0.926308 21.894173 -3.895715
v -2.148611 17.831047 -6.143310
v -2.568072 14.817266 -8.095403
v -0.038135 14.884410 -8.279811
v -0.038135 17.864618 -6.289940
v 4.956836 18.684513 9.499750
v 4.727090 20.131224 8.345171
v 6.319324 18.941959 8.411772
v 5.971223 14.039326 9.888992
v 4.956836 18.684513 9.499750
v 7.610465 14.349958 8.579667
v -10.259197 15.223012 -0.961138
v -8.410918 16.876812 -2.864822
v -9.440424 16.871206 -0.847527
v -9.225515 15.088697 -3.121985
v -10.555259 13.395721 -1.885414
v -10.259197 15.223012 -0.961138
v 8.955606 14.727708 6.984638
v 11.439375 11.792307 4.744319
v 10.311103 11.297003 6.837445
v 9.955156 15.158644 5.164620
v 7.437255 19.255367 7.085934
v 8.268064 19.610754 5.573173
v 8.955606 14.727708 6.984638
v 5.971223 17.562391 -5.004683
v 7.610465 17.335743 -4.056059
v 5.684955 21.533182 -2.515034
v 2.072073 17.831047 -6.143310
v 2.491534 14.817266 -8.095403
v 4.101114 17.727503 -5.709295
v 4.806563 14.696937 -7.583316
v 9.171916 14.072923 5.208277
v 6.955387 15.376915 7.005624
v 7.299579 16.868404 5.497059
v -2.568072 14.817266 -8.095403
v -2.148611 17.831047 -6.143310
v -4.177652 17.727503 -5.709295
v -4.883101 14.696937 -7.583316
v 8.268064 19.610754 5.573173
v 10.570791 15.623178 3.189860
v 9.955156 15.158644 5.164620
v 8.779875 19.999712 3.931689
v 4.101114 17.727503 -5.709295
v 4.806563 14.696937 -7.583316
v 5.971223 17.562391 -5.004683
v 6.934679 14.506660 -6.762854
v -8.344602 19.610754 5.573173
v -6.744256 20.657326 6.124720
v -7.513793 19.255367 7.085934
v -7.513793 19.255367 7.085934
v -10.031693 15.158644 5.164620
v -9.032145 14.727708 6.984638
v -9.032145 14.727708 6.984638
v -11.515913 11.792307 4.744319
v -10.387640 11.297003 6.837445
v -4.883101 14.696937 -7.583316
v -4.177652 17.727503 -5.709295
v -6.047760 17.562391 -5.004683
v -7.011216 14.506660 -6.762854
v -6.047760 17.562391 -5.004683
v -4.284265 21.695490 -3.209851
v -7.013457 21.323318 -1.632449
v -7.687003 17.335743 -4.056059
v -2.564149 9.990210 12.492531
v -0.038135 4.970047 14.995614
v -3.216158 5.042795 14.691159
v -0.038135 9.934221 12.734586
v 2.487612 9.990210 12.492531
v 3.139900 5.042795 14.691159
v -0.038135 4.970047 14.995614
v -0.038135 9.934221 12.734586
v 3.139900 5.042795 14.691159
v 4.916539 10.160898 11.775326
v 6.195644 5.255461 13.788983
v 2.487612 9.990210 12.492531
v -4.993076 10.160898 11.775326
v -3.216158 5.042795 14.691159
v -6.272182 5.255461 13.788983
v -2.564149 9.990210 12.492531
v -7.687003 17.335743 -4.056059
v -7.013457 21.323318 -1.632449
v -9.032145 17.064312 -2.900359
v 5.684955 21.533182 -2.515034
v 7.610465 17.335743 -4.056059
v 7.437255 21.194582 -1.115605
v 8.955606 17.064312 -2.900359
v 7.154897 10.435130 10.610953
v 9.011848 5.602468 12.324075
v 6.195644 5.255461 13.788983
v 4.916539 10.160898 11.775326
v -3.560069 15.052324 9.208446
v -6.609662 16.868404 6.052803
v -3.621635 16.857224 7.832800
v -6.888083 15.488865 6.920277
v -5.315158 13.191463 9.243145
v -3.560069 15.052324 9.208446
v -10.854964 16.110077 1.136187
v -12.202627 12.329562 2.477413
v -12.411651 12.852861 0.222543
v -10.647328 15.623178 3.189860
v -8.344602 19.610754 5.573173
v -8.856412 19.999712 3.931689
v -10.031693 15.158644 5.164620
v -10.031693 15.158644 5.164620
v -12.202627 12.329562 2.477413
v -11.515913 11.792307 4.744319
v -6.047760 14.039326 9.888992
v -5.033373 18.684513 9.499750
v -4.177652 13.809874 10.861681
v -3.478914 18.491436 10.308456
v -3.478914 18.491436 10.308456
v -4.803641 20.131224 8.345171
v -2.263337 19.829025 9.626231
v -7.231434 10.435130 10.610953
v -6.272182 5.255461 13.788983
v -9.088387 5.602468 12.324075
v -4.993076 10.160898 11.775326
v 5.971223 17.562391 -5.004683
v 6.934679 14.506660 -6.762854
v 7.610465 17.335743 -4.056059
v 8.794980 14.249215 -5.665361
v 8.779875 19.999712 3.931689
v 10.778707 16.110077 1.136187
v 10.570791 15.623178 3.189860
v 8.957568 20.497820 1.703682
v -6.888083 15.488865 6.920277
v -8.688233 15.239798 4.834983
v -6.609662 16.868404 6.052803
v -8.912374 16.868404 2.492524
v -8.816957 13.437700 5.910089
v -8.688233 15.239798 4.834983
v 9.955156 15.158644 5.164620
v 12.126357 12.329562 2.477413
v 11.439375 11.792307 4.744319
v 10.570791 15.623178 3.189860
v 10.778707 16.110077 1.136187
v 12.126357 12.329562 2.477413
v 12.335394 12.852861 0.221705
v -7.011216 14.506660 -6.762854
v -6.047760 17.562391 -5.004683
v -7.687003 17.335743 -4.056059
v -8.871531 14.249215 -5.665361
v 1.244893 15.004741 -8.728661
v -0.038135 14.266000 -9.429633
v 4.189260 14.165257 -8.999534
v 9.117074 10.807302 9.044186
v 11.480513 6.066976 10.352394
v 9.011848 5.602468 12.324075
v 7.154897 10.435130 10.610953
v -9.193612 10.807302 9.044186
v -9.088387 5.602468 12.324075
v -11.557050 6.066976 10.352394
v -7.231434 10.435130 10.610953
v 9.960480 15.463672 1.956649
v 9.171916 14.072923 5.208277
v 7.299579 16.868404 5.497059
v 9.551641 16.871206 0.649005
v 9.955156 16.750877 -1.581520
v 7.437255 21.194582 -1.115605
v 8.955606 17.064312 -2.900359
v 8.268064 20.934361 -0.019510
v -9.908295 15.376914 1.971203
v -9.440424 16.871206 -0.847527
v -8.912374 16.868404 2.492524
v -10.259197 15.223012 -0.961138
v 10.316427 13.935806 -4.333650
v 7.610465 17.335743 -4.056059
v 8.794980 14.249215 -5.665361
v 8.955606 17.064312 -2.900359
v 0.050291 16.854422 8.337055
v -2.502036 16.890795 -5.154112
v 0.659481 16.887993 -5.245614
v 3.737895 16.857224 7.827206
v -3.621635 16.857224 7.832800
v 7.299579 16.868404 5.497059
v -6.609662 16.868404 6.052803
v 4.970273 16.890795 -4.759269
v -8.912374 16.868404 2.492524
v 9.551641 16.871206 0.649005
v 7.457684 16.885218 -3.786860
v 9.195147 16.874010 -1.867228
v -6.012507 16.890795 -4.484756
v -8.410918 16.876812 -2.864822
v -9.440424 16.871206 -0.847527
v -10.031693 16.750877 -1.581520
v -7.013457 21.323318 -1.632449
v -8.344602 20.934361 -0.019510
v -9.032145 17.064312 -2.900359
v 10.727215 11.257827 7.134624
v 13.506205 6.635027 7.950052
v 11.480513 6.066976 10.352394
v 9.117074 10.807302 9.044186
v -10.392964 13.935806 -4.333650
v -7.687003 17.335743 -4.056059
v -9.032145 17.064312 -2.900359
v -8.871531 14.249215 -5.665361
v -10.803752 11.257827 7.134624
v -11.557050 6.066976 10.352394
v -13.582742 6.635027 7.950052
v -9.193612 10.807302 9.044186
v 2.563175 21.810217 -3.687803
v 4.101114 17.727503 -5.709295
v 5.684955 21.533182 -2.515034
v 5.971223 17.562391 -5.004683
v 4.745010 22.473406 -1.564731
v 2.563175 21.810217 -3.687803
v 2.072914 22.702885 -2.535462
v 10.570791 16.415106 -0.150751
v 8.268064 20.934361 -0.019510
v 9.955156 16.750877 -1.581520
v 8.957568 20.497820 1.703682
v 1.244893 15.004741 -8.728661
v -3.631709 14.934794 -8.428403
v -0.038135 14.266000 -9.429633
v -4.265798 14.165257 -8.999534
v 9.195147 16.874010 -1.867228
v 10.382463 15.248204 -0.219589
v 9.551641 16.871206 0.649005
v -10.647328 16.415106 -0.150751
v -8.344602 20.934361 -0.019510
v -9.030463 20.509001 1.733344
v -10.031693 16.750877 -1.581520
v 11.441337 13.580420 -2.817810
v 8.955606 17.064312 -2.900359
v 10.316427 13.935806 -4.333650
v 9.955156 16.750877 -1.581520
v 10.727215 11.257827 7.134624
v 15.011686 7.284235 5.209394
v 13.506205 6.635027 7.950052
v 11.923765 11.772718 4.956148
v -10.803752 11.257827 7.134624
v -13.582742 6.635027 7.950052
v -15.088231 7.284235 5.209394
v -12.000302 11.772718 4.956148
v -11.517874 13.580420 -2.817810
v -9.032145 17.064312 -2.900359
v -10.031693 16.750877 -1.581520
v -10.392964 13.935806 -4.333650
v -3.631709 14.934794 -8.428403
v -7.231434 14.649354 -7.205546
v -4.265798 14.165257 -8.999534
v -7.611453 13.885422 -7.809699
v 5.937357 14.778090 -7.760168
v 4.189260 14.165257 -8.999534
v 7.535195 13.885422 -7.809699
v 9.117074 14.380727 -6.070275
v 5.937357 14.778090 -7.760168
v 5.937357 14.778090 -7.760168
v 1.244893 15.004741 -8.728661
v 4.189260 14.165257 -8.999534
v 12.335394 12.852861 0.221705
v 10.778707 16.110077 1.136187
v 12.062842 13.510448 -1.164574
v 10.570791 16.415106 -0.150751
v 9.955156 16.750877 -1.581520
v 12.062842 13.510448 -1.164574
v 11.441337 13.580420 -2.817810
v 11.923765 11.772718 4.956148
v 15.938768 7.986600 2.235362
v 15.011686 7.284235 5.209394
v 12.660558 12.332365 2.592706
v -12.139380 13.510448 -1.164574
v -10.031693 16.750877 -1.581520
v -10.647328 16.415106 -0.150751
v -11.517874 13.580420 -2.817810
v -16.015032 7.986600 2.235362
v -12.000302 11.772718 4.956148
v -15.088231 7.284235 5.209394
v -12.737095 12.332365 2.592706
v 11.480513 10.577848 -8.728381
v 7.535195 13.885422 -7.809699
v 9.011848 10.916422 -10.156912
v 9.117074 14.380727 -6.070275
v -9.193612 14.380727 -6.070275
v -7.611453 13.885422 -7.809699
v -7.231434 14.649354 -7.205546
v -7.611453 13.885422 -7.809699
v -11.557050 10.577848 -8.728381
v -9.088387 10.916422 -10.156912
v -9.193612 14.380727 -6.070275
v -10.647328 16.415106 -0.150751
v -9.030463 20.509001 1.733344
v -10.854964 16.110077 1.136187
v -12.139380 13.510448 -1.164574
v -10.647328 16.415106 -0.150751
v -12.411651 12.852861 0.222543
v -7.652870 21.631123 1.996945
v -8.856412 19.999712 3.931689
v -7.535622 21.172192 3.938964
v -8.344602 20.934361 -0.019510
v -7.652870 21.631123 1.996945
v -7.100483 21.961317 0.606750
v -8.856412 19.999712 3.931689
v -10.854964 16.110077 1.136187
v -10.647328 15.623178 3.189860
v 12.660558 12.332365 2.592706
v 16.251616 8.716961 -0.857320
v 15.938768 7.986600 2.235362
v 12.909050 12.911626 0.138036
v 12.660837 13.275392 -1.395154
v 16.251616 8.716961 -0.857320
v 15.938768 9.187074 -2.847192
v -16.328159 8.716961 -0.857320
v -12.739616 13.272590 -1.389556
v -12.985588 12.911626 0.136358
v -16.015032 9.187074 -2.847192
v -12.737095 12.332365 2.592706
v -16.328159 8.716961 -0.857320
v -16.015032 7.986600 2.235362
v 15.938768 9.187074 -2.847192
v 11.923765 13.678360 -3.108274
v 15.011686 9.696362 -5.001884
v 12.660837 13.275392 -1.395154
v 11.923765 13.678360 -3.108274
v 13.506205 10.166500 -6.987836
v 10.727215 14.053335 -4.686794
v 10.727215 14.053335 -4.686794
v 11.480513 10.577848 -8.728381
v 9.117074 14.380727 -6.070275
v -15.088231 9.696362 -5.001884
v -13.582742 10.166500 -6.987836
v -12.000302 13.678360 -3.108274
v -10.803752 14.053335 -4.686794
v -11.557050 10.577848 -8.728381
v -10.803752 14.053335 -4.686794
v -9.193612 14.380727 -6.070275
v -16.015032 9.187074 -2.847192
v -12.000302 13.678360 -3.108274
v -12.739616 13.272590 -1.389556
v -15.088231 9.696362 -5.001884
v 1.715846 18.373907 10.806276
v 2.186799 19.829025 9.626231
v 3.402377 18.491436 10.308456
v 1.715846 18.373907 10.806276
v -0.038135 18.334730 10.974453
v -0.038135 19.756277 9.927050
v 2.186799 19.829025 9.626231
v -1.792384 18.373907 10.806276
v -0.038135 19.756277 9.927050
v -0.038135 18.334730 10.974453
v -2.263337 19.829025 9.626231
v -0.926308 21.894173 -3.895715
v 2.072914 22.702885 -2.535462
v -0.794235 22.744837 -2.709516
v 2.563175 21.810217 -3.687803
v -6.395594 18.941959 8.411772
v -4.803641 20.131224 8.345171
v -5.033373 18.684513 9.499750
v -0.794235 22.744837 -2.709516
v -3.554478 22.610523 -2.142861
v -0.926308 21.894173 -3.895715
v -4.284265 21.695490 -3.209851
v 3.402377 18.491436 10.308456
v 4.727090 20.131224 8.345171
v 4.956836 18.684513 9.499750
v 2.186799 19.829025 9.626231
v 10.570791 16.415106 -0.150751
v 10.778707 16.110077 1.136187
v 8.957568 20.497820 1.703682
v 8.268064 20.934361 -0.019510
v 7.599831 21.614336 2.071101
v 6.677793 22.092855 0.047371
v 7.437255 21.194582 -1.115605
v 8.268064 20.934361 -0.019510
v 8.779875 19.999712 3.931689
v 7.599831 21.614336 2.071101
v 7.297057 21.004305 4.653374
v 4.727090 20.131224 8.345171
v 6.317656 20.539797 6.620859
v 6.319324 18.941959 8.411772
v 7.437255 19.255367 7.085934
v -6.744256 20.657326 6.124720
v -4.803641 20.131224 8.345171
v -6.395594 18.941959 8.411772
v -7.513793 19.255367 7.085934
v 7.297057 21.004305 4.653374
v 8.268064 19.610754 5.573173
v 6.317656 20.539797 6.620859
v 7.437255 19.255367 7.085934
v 8.268064 19.610754 5.573173
v 7.297057 21.004305 4.653374
v 8.779875 19.999712 3.931689
v -4.284265 21.695490 -3.209851
v -5.901691 22.299917 -0.824580
v -7.013457 21.323318 -1.632449
v -3.554478 22.610523 -2.142861
v -8.344602 19.610754 5.573173
v -7.535622 21.172192 3.938964
v -6.744256 20.657326 6.124720
v -8.856412 19.999712 3.931689
v 7.437255 21.194582 -1.115605
v 4.745010 22.473406 -1.564731
v 5.684955 21.533182 -2.515034
v 6.677793 22.092855 0.047371
v 2.072914 22.702885 -2.535462
v 6.317656 20.539797 6.620859
v 4.727090 20.131224 8.345171
v 2.186799 19.829025 9.626231
v 4.745010 22.473406 -1.564731
v 7.297057 21.004305 4.653374
v 6.677793 22.092855 0.047371
v 7.599831 21.614336 2.071101
v -0.794235 22.744837 -2.709516
v -0.038135 19.756277 9.927050
v -2.263337 19.829025 9.626231
v -4.803641 20.131224 8.345171
v -3.554478 22.610523 -2.142861
v -6.744256 20.657326 6.124720
v -7.535622 21.172192 3.938964
v -5.901691 22.299917 -0.824580
v -7.100483 21.961317 0.606750
v -7.652870 21.631123 1.996945
v -7.013457 21.323318 -1.632449
v -7.100483 21.961317 0.606750
v -8.344602 20.934361 -0.019510
v -5.901691 22.299917 -0.824580
vn -0.5297 0.8143 -0.2372
vn -0.6114 0.6584 -0.4390
vn -0.7262 0.6394 -0.2526
vn -0.6304 0.7722 0.0788
vn -0.6304 0.7723 0.0788
vn -0.8056 0.5923 0.0158
vn -0.8001 0.5334 0.2746
vn -0.8055 0.5923 0.0158
vn -0.8001 0.5334 0.2745
vn -0.6127 0.7069 0.3534
vn 0.6204 0.6597 -0.4241
vn 0.5747 0.8031 -0.1575
vn 0.7211 0.6427 -0.2587
vn 0.5747 0.8030 -0.1575
vn 0.4418 0.8205 -0.3629
vn -0.0000 0.9737 0.2277
vn -0.0000 0.9737 0.2278
vn -0.3466 0.8192 -0.4569
vn -0.4406 0.6766 -0.5900
vn 0.4885 0.6697 -0.5594
vn 0.4418 0.8204 -0.3629
vn -0.6127 0.7069 0.3535
vn -0.7480 0.4961 0.4409
vn -0.6786 0.4655 0.5681
vn -0.4970 0.6627 0.5601
vn 0.2441 0.8188 -0.5196
vn 0.3141 0.6752 -0.6674
vn 0.8001 0.5334 0.2745
vn 0.6144 0.7089 0.3466
vn 0.7509 0.4901 0.4426
vn 0.6143 0.7089 0.3465
vn 0.5342 0.6677 0.5185
vn 0.7509 0.4901 0.4427
vn 0.6756 0.4635 0.5734
vn -0.1502 0.8140 -0.5611
vn -0.1882 0.6746 -0.7138
vn -0.1883 0.6746 -0.7138
vn -0.4576 0.4102 0.7889
vn -0.3064 0.6285 0.7149
vn -0.4971 0.6627 0.5601
vn -0.5669 0.4331 0.7008
vn 0.5342 0.6677 0.5184
vn 0.5825 0.4251 0.6928
vn 0.6755 0.4635 0.5734
vn 0.4091 0.6373 0.6530
vn -0.5669 0.4330 0.7008
vn 0.3143 0.3928 0.8642
vn 0.1893 0.6153 0.7652
vn 0.4485 0.4091 0.7947
vn 0.0551 0.8109 -0.5826
vn 0.2440 0.8188 -0.5196
vn 0.0631 0.6776 -0.7327
vn 0.0630 0.6776 -0.7327
vn -0.1501 0.8140 -0.5611
vn 0.0078 0.3768 0.9263
vn -0.0632 0.6089 0.7907
vn 0.0079 0.3768 0.9263
vn 0.1496 0.3781 0.9136
vn 0.5826 0.4251 0.6928
vn -0.3071 0.3938 0.8664
vn 0.3143 0.3929 0.8642
vn 0.9160 0.3948 0.0711
vn 0.8001 0.5334 0.2746
vn 0.9007 0.3476 0.2607
vn 0.8082 0.5885 0.0235
vn 0.7211 0.6427 -0.2586
vn 0.6385 0.7647 0.0867
vn 0.8082 0.5885 0.0236
vn 0.6386 0.7647 0.0867
vn -0.7727 0.6308 -0.0710
vn -0.7044 0.6569 -0.2691
vn -0.7112 0.6559 -0.2529
vn -0.7043 0.6569 -0.2691
vn -0.7723 0.6304 -0.0788
vn -0.6164 0.6717 -0.4109
vn -0.6074 0.6705 -0.4260
vn -0.7972 0.5920 0.1184
vn -0.7727 0.6308 -0.0709
vn -0.7810 0.5522 0.2919
vn 0.7727 0.6308 -0.0709
vn 0.7044 0.6569 -0.2691
vn 0.7723 0.6304 -0.0788
vn 0.7727 0.6308 -0.0710
vn 0.7112 0.6559 -0.2529
vn 0.6164 0.6717 -0.4109
vn 0.6074 0.6705 -0.4260
vn 0.5020 0.6746 -0.5412
vn 0.4794 0.6837 -0.5501
vn 0.7810 0.5522 0.2919
vn 0.7972 0.5920 0.1184
vn -0.5020 0.6746 -0.5412
vn -0.4880 0.6769 -0.5510
vn -0.3869 0.6791 -0.6238
vn -0.3541 0.6845 -0.6373
vn -0.4345 0.6714 -0.6003
vn -0.7382 0.5183 0.4319
vn -0.7381 0.5183 0.4319
vn 0.3953 0.6878 -0.6088
vn 0.4345 0.6714 -0.6003
vn 0.4794 0.6837 -0.5502
vn 0.7381 0.5183 0.4319
vn 0.7809 0.5522 0.2919
vn -0.9059 0.4175 0.0709
vn -0.8812 0.4485 -0.1495
vn -0.8750 0.4651 -0.1340
vn -0.9160 0.3948 0.0711
vn 0.3953 0.6879 -0.6088
vn 0.2981 0.6591 -0.6905
vn 0.2981 0.6591 -0.6904
vn 0.1817 0.7032 -0.6874
vn -0.8018 0.4874 -0.3458
vn -0.7970 0.5050 -0.3314
vn -0.8018 0.4874 -0.3459
vn -0.8018 0.4873 -0.3459
vn 0.2982 0.6591 -0.6905
vn 0.0627 0.6273 -0.7763
vn -0.6818 0.5094 -0.5250
vn -0.6845 0.5271 -0.5036
vn -0.6818 0.5094 -0.5251
vn -0.2120 0.6831 -0.6988
vn -0.3540 0.6845 -0.6373
vn -0.1415 0.6760 -0.7232
vn -0.6624 0.4889 0.5677
vn -0.6649 0.4828 0.5699
vn -0.6623 0.4889 0.5677
vn 0.9059 0.4175 0.0709
vn 0.8843 0.4421 -0.1500
vn 0.8750 0.4651 -0.1340
vn -0.0000 0.4783 0.8782
vn 0.2847 0.5852 0.7592
vn -0.0000 0.6063 0.7952
vn 0.2681 0.4652 0.8436
vn -0.2847 0.5852 0.7592
vn -0.2681 0.4652 0.8436
vn 0.8018 0.4874 -0.3459
vn 0.8843 0.4422 -0.1500
vn 0.8018 0.4874 -0.3458
vn 0.7970 0.5050 -0.3314
vn 0.6846 0.5115 -0.5194
vn 0.6846 0.5115 -0.5193
vn 0.6845 0.5272 -0.5036
vn 0.6649 0.4828 0.5699
vn 0.7382 0.5183 0.4319
vn -0.8137 0.4977 0.3002
vn -0.8594 0.4889 -0.1498
vn -0.8842 0.4026 0.2368
vn -0.8594 0.4888 -0.1498
vn -0.9078 0.3947 -0.1421
vn -0.0000 1.0000 -0.0000
vn -0.6845 0.5271 -0.5035
vn -0.5509 0.5194 -0.6532
vn -0.5524 0.5445 -0.6312
vn -0.6845 0.5272 -0.5036
vn -0.5672 0.4569 0.6853
vn -0.5671 0.4569 0.6853
vn -0.3318 -0.7585 -0.5609
vn -0.6003 -0.4581 -0.6556
vn -0.2208 -0.5282 -0.8199
vn 0.6003 -0.4581 -0.6556
vn 0.3318 -0.7584 -0.5609
vn 0.2207 -0.5282 -0.8199
vn -0.0315 0.6537 -0.7561
vn -0.2120 0.6831 -0.6989
vn 0.7108 -0.5766 -0.4028
vn -0.6114 0.6584 -0.4389
vn -0.7108 -0.5766 -0.4028
vn 0.6845 0.5271 -0.5036
vn 0.5509 0.5194 -0.6532
vn 0.6845 0.5272 -0.5035
vn 0.5523 0.5445 -0.6313
vn 0.5671 0.4569 0.6853
vn 0.8137 0.4977 0.3002
vn 0.5824 0.5588 0.5903
vn 0.7779 0.4243 0.4636
vn 0.5825 0.5588 0.5903
vn 0.5900 0.4641 0.6607
vn 0.8055 0.2133 0.5528
vn -0.5824 0.5588 0.5903
vn -0.7779 0.4243 0.4636
vn -0.5825 0.5588 0.5903
vn -0.5899 0.4641 0.6607
vn -0.5900 0.4641 0.6607
vn -0.8055 0.2132 0.5528
vn 0.4954 -0.8571 -0.1416
vn -0.4954 -0.8571 -0.1415
vn -0.3318 -0.7584 -0.5610
vn -0.9007 0.3476 0.2607
vn -0.4405 0.4326 0.7866
vn -0.1258 -0.9509 -0.2829
vn -0.4954 -0.8571 -0.1416
vn 0.3318 -0.7585 -0.5609
vn 0.4954 -0.8571 -0.1415
vn 0.1335 -0.9499 -0.2826
vn -0.8941 0.3640 0.2611
vn -0.8941 0.3639 0.2611
vn -0.8503 0.2992 0.4330
vn -0.8447 0.3237 0.4263
vn 0.4405 0.4326 0.7866
vn -0.5523 0.5445 -0.6313
vn -0.4167 0.5504 -0.7234
vn -0.4168 0.5504 -0.7234
vn -0.4083 0.5261 -0.7460
vn 0.8941 0.3640 0.2611
vn 0.8503 0.2992 0.4330
vn 0.8447 0.3237 0.4263
vn 0.4167 0.5504 -0.7234
vn 0.4083 0.5261 -0.7460
vn 0.3318 -0.7584 -0.5610
vn -0.1105 -0.6948 -0.7106
vn 0.1106 -0.6948 -0.7106
vn -0.1815 0.1578 0.9706
vn -0.1650 0.3771 0.9114
vn -0.3072 0.3938 0.8664
vn -0.3536 0.1729 0.9193
vn -0.1650 0.3771 0.9113
vn -0.3072 0.3938 0.8663
vn -0.0633 0.6089 0.7907
vn -0.3063 0.4163 0.8561
vn 0.3063 0.4163 0.8561
vn -0.1576 0.4098 0.8985
vn -0.1576 0.4098 0.8984
vn 0.1576 0.4098 0.8984
vn 0.1576 0.4098 0.8985
vn 0.2212 -0.8691 -0.4424
vn -0.3318 -0.7584 -0.5609
vn 0.1105 -0.6948 -0.7106
vn -0.1257 -0.9509 -0.2829
vn -0.2212 -0.8691 -0.4425
vn -0.2756 0.5512 -0.7875
vn -0.2756 0.5513 -0.7875
vn -0.2757 0.5277 -0.8034
vn -0.0000 0.4025 0.9154
vn -0.6771 0.4173 -0.6062
vn -0.7146 0.3377 -0.6126
vn -0.7147 0.3377 -0.6125
vn -0.8887 0.1730 -0.4247
vn 0.9078 0.3947 -0.1421
vn 0.6771 0.4173 -0.6062
vn 0.8561 0.4948 -0.1492
vn 0.7146 0.3377 -0.6126
vn 0.8977 0.1811 -0.4016
vn 0.7147 0.3377 -0.6125
vn 0.2756 0.5512 -0.7875
vn 0.4168 0.5504 -0.7234
vn 0.2756 0.5513 -0.7875
vn 0.2684 0.5289 -0.8051
vn -0.7480 0.4960 0.4409
vn 0.5843 0.2685 0.7659
vn 0.4079 0.1412 0.9021
vn 0.5843 0.2684 0.7659
vn 0.6456 -0.0000 0.7637
vn 0.5899 0.4641 0.6608
vn 0.2681 0.4652 0.8437
vn -0.7639 0.2599 0.5907
vn -0.7642 0.2757 0.5830
vn 0.3141 0.6753 -0.6674
vn -0.2681 0.4652 0.8437
vn -0.5843 0.2685 0.7659
vn -0.5843 0.2684 0.7659
vn -0.4079 0.1412 0.9021
vn -0.4079 0.1412 0.9020
vn -0.6456 -0.0000 0.7637
vn 0.7109 -0.5766 -0.4028
vn 0.7843 -0.6196 -0.0314
vn 0.4953 -0.8571 -0.1415
vn -0.7813 -0.6234 -0.0316
vn 0.1421 0.5527 -0.8212
vn 0.2684 0.5289 -0.8052
vn 0.1415 0.5345 -0.8332
vn 0.7639 0.2599 0.5907
vn 0.7642 0.2758 0.5830
vn -0.4405 0.6766 -0.5901
vn -0.1338 0.5351 -0.8341
vn -0.1421 0.5527 -0.8212
vn -0.6786 0.4656 0.5681
vn 0.8205 -0.1972 -0.5365
vn 0.9038 -0.2986 -0.3065
vn -0.8205 -0.1972 -0.5365
vn -0.7109 -0.5766 -0.4028
vn -0.9038 -0.2986 -0.3065
vn -0.0000 0.5364 -0.8440
vn -0.0000 0.5511 -0.8345
vn -0.6522 0.2279 0.7230
vn -0.6548 0.2367 0.7178
vn -0.7642 0.2758 0.5830
vn 0.8859 0.3998 0.2352
vn 0.9394 0.2132 0.2684
vn 0.8056 0.2132 0.5528
vn 0.9394 0.2131 0.2684
vn -0.9419 0.2041 0.2669
vn -0.8842 0.4026 0.2369
vn 0.3140 0.6752 -0.6674
vn 0.1264 -0.3396 -0.9320
vn -0.2207 -0.5282 -0.8199
vn -0.1264 -0.3396 -0.9320
vn -0.1106 -0.6948 -0.7106
vn 0.7642 0.2757 0.5830
vn 0.6522 0.2279 0.7230
vn 0.6547 0.2366 0.7179
vn 0.6522 0.2279 0.7229
vn 0.8205 -0.1973 -0.5365
vn 0.5216 -0.2292 -0.8219
vn 0.6862 -0.1183 -0.7177
vn 0.5215 -0.2292 -0.8219
vn 0.9715 -0.0000 -0.2370
vn 0.9038 -0.2987 -0.3065
vn 0.2208 -0.5282 -0.8199
vn 0.2918 -0.2523 -0.9226
vn 0.0789 -0.1421 -0.9867
vn 0.2917 -0.2523 -0.9226
vn -0.0789 -0.1421 -0.9867
vn -0.2917 -0.2523 -0.9226
vn -0.5216 -0.2292 -0.8219
vn -0.2918 -0.2523 -0.9226
vn -0.8205 -0.1973 -0.5365
vn -0.6862 -0.1183 -0.7177
vn -0.9715 -0.0000 -0.2370
vn 0.9874 0.1580 -0.0079
vn 0.9612 -0.0000 0.2758
vn 0.9863 -0.0474 0.1578
vn -0.6522 0.2279 0.7229
vn -0.5175 0.2038 0.8311
vn -0.5125 0.1971 0.8357
vn -0.6547 0.2366 0.7179
vn 0.7639 0.2599 0.5906
vn -0.0000 0.1580 0.9874
vn 0.5125 0.1971 0.8357
vn 0.5109 0.2122 0.8331
vn 0.6548 0.2367 0.7178
vn 0.7843 -0.6196 -0.0313
vn -0.7812 -0.6234 -0.0316
vn -0.9038 -0.2987 -0.3065
vn -0.4575 0.4102 0.7889
vn -0.5125 0.1971 0.8358
vn -0.3551 0.1894 0.9154
vn -0.5174 0.2038 0.8311
vn -0.0000 0.2202 0.9754
vn -0.0000 0.2203 0.9754
vn 0.1733 0.1260 0.9768
vn -0.1733 0.1261 0.9768
vn 0.3536 0.1729 0.9193
vn 0.3551 0.1894 0.9154
vn 0.5125 0.1971 0.8358
vn 0.5108 0.2122 0.8331
vn -0.1886 0.1729 0.9667
vn 0.1815 0.1578 0.9706
vn 0.1886 0.1729 0.9667
vn -0.9830 0.1809 -0.0314
vn -0.0000 0.1657 0.9862
vn 0.4485 0.4092 0.7947
vn -0.7564 -0.6540 0.0158
vn -0.8481 -0.3377 0.4084
vn -0.9195 -0.3930 0.0079
vn -0.6233 -0.6706 0.4023
vn -0.8481 -0.3377 0.4083
vn -0.9287 -0.1102 -0.3541
vn -0.8111 -0.4016 -0.4252
vn -0.9195 -0.3930 0.0078
vn 0.3860 -0.0394 -0.9217
vn 0.2917 -0.2524 -0.9226
vn -0.3860 -0.0394 -0.9217
vn 0.2902 -0.9570 -0.0000
vn 0.6848 -0.7163 -0.1338
vn 0.5998 -0.7418 0.2999
vn 0.3143 0.3928 0.8643
vn 0.2665 -0.9483 0.1724
vn 0.1334 -0.9499 -0.2826
vn -0.2665 -0.9483 0.1724
vn -0.4953 -0.8571 -0.1415
vn 0.4880 -0.6769 -0.5510
vn 0.1496 0.3780 0.9136
vn 0.6595 -0.6830 0.3140
vn 0.7428 -0.6638 -0.0869
vn 0.8973 -0.4408 0.0236
vn 0.1580 -0.9242 -0.3476
vn -0.4966 -0.6700 0.5518
vn -0.6798 -0.7272 -0.0949
vn -0.2517 -0.9673 0.0315
vn -0.1891 -0.9692 0.1576
vn -0.0785 -0.9966 0.0235
vn 0.0785 -0.9966 0.0235
vn 0.0944 -0.9672 0.2359
vn 0.3716 -0.6721 0.6405
vn 0.5998 -0.7419 0.2999
vn 0.0943 -0.9672 0.2359
vn -0.2523 -0.9383 -0.2366
vn -0.2523 -0.9383 -0.2365
vn -0.3785 -0.6545 -0.6545
vn -0.0551 -0.9210 -0.3857
vn -0.7564 -0.6539 0.0158
vn 0.8697 -0.2846 0.4032
vn 0.9989 -0.0472 -0.0000
vn -0.1101 -0.9127 0.3934
vn 0.0632 -0.6397 -0.7660
vn 0.1580 -0.9243 -0.3476
vn 0.0393 -0.9985 -0.0393
vn -0.6138 -0.7240 0.3148
vn 0.6138 -0.7240 0.3148
vn 0.9507 -0.3064 0.0471
vn 0.8770 -0.2845 -0.3872
vn -0.2516 -0.9673 0.0315
vn -0.0236 -0.9989 -0.0393
vn -0.9507 -0.3064 0.0472
vn -0.4653 -0.7886 -0.4021
vn -0.9696 -0.0079 0.2444
vn -0.4641 -0.5428 -0.7000
vn -0.4653 -0.7885 -0.4022
vn -0.2996 -0.9541 -0.0000
vn -0.6368 -0.7075 -0.3066
vn -0.2516 -0.9673 0.0314
vn 0.8770 -0.2844 -0.3872
vn 0.7429 -0.6638 -0.0869
vn -0.6798 -0.7272 -0.0948
vn -0.4094 -0.3858 -0.8267
vn 0.4095 -0.3858 -0.8267
vn 0.6757 -0.5972 -0.4322
vn 0.9394 0.0474 -0.3395
vn -0.1102 -0.9127 0.3934
vn 0.5207 -0.6705 -0.5285
vn 0.4094 -0.3858 -0.8268
vn 0.5206 -0.6705 -0.5285
vn 0.2212 -0.8691 -0.4425
vn -0.5206 -0.6705 -0.5285
vn -0.2212 -0.8691 -0.4424
vn -0.5207 -0.6705 -0.5285
vn -0.4095 -0.3858 -0.8267
vn -0.0394 -0.6232 0.7810
vn 0.5568 -0.8157 -0.1569
vn -0.4114 -0.9098 0.0554
vn -0.6233 -0.6706 0.4024
vn -0.7564 -0.6539 0.0157
vn -0.7502 -0.0868 -0.6555
vn -0.7886 -0.4652 0.4022
vn -0.9031 0.2748 -0.3299
vn -0.7502 -0.0869 -0.6555
vn -0.5351 -0.3620 -0.7633
vn 0.8511 -0.0709 0.5201
vn 0.8055 0.2132 0.5528
vn 0.5899 0.4641 0.6607
vn -0.7564 -0.6540 0.0157
vn 0.9390 0.0553 0.3393
vn -0.8679 -0.0868 0.4892
vn -0.7649 -0.4968 -0.4100
vn -0.5127 -0.5364 0.6704
vn 0.6462 -0.4413 0.6226
vn 0.6864 -0.3471 -0.6391
vn 0.8576 -0.2518 0.4485
vn 0.6864 -0.3471 -0.6390
vn 0.4410 -0.6616 -0.6065
vn -0.7147 0.3377 -0.6126
vn -0.6475 0.1342 -0.7501
vn -0.7500 -0.2605 0.6079
vn -0.6232 -0.6706 0.4023
vn -0.9304 0.1183 0.3469
vn -0.9170 0.3083 0.2530
vn -0.9300 0.1891 0.3153
vn -0.9195 -0.0079 0.3930
vn -0.9300 0.1892 0.3153
vn 0.3455 -0.9265 -0.1491
vn 0.5917 -0.8047 -0.0473
vn 0.3695 -0.8491 0.3774
vn 0.3695 -0.8492 0.3774
vn 0.6336 -0.7128 0.3010
vn 0.5207 -0.4496 0.7258
vn 0.5206 -0.4497 0.7257
vn 0.7531 -0.4158 0.5099
vn 0.7187 0.0237 0.6950
vn 0.9049 -0.0236 -0.4249
vn 0.6313 -0.1657 -0.7576
vn 0.8243 0.3141 -0.4710
vn 0.2923 -0.9322 0.2133
vn 0.3228 -0.9369 -0.1339
vn 0.5569 -0.8157 -0.1569
vn 0.6336 -0.7128 0.3009
vn -0.3541 -0.9049 -0.2361
vn -0.3455 -0.9265 -0.1491
vn -0.3695 -0.8491 0.3774
vn -0.5919 -0.8050 -0.0395
vn -0.5207 -0.4496 0.7258
vn -0.6305 -0.7093 0.3152
vn 0.8474 0.1177 -0.5178
vn 0.5898 0.0944 -0.8020
vn 0.8349 0.3071 0.4568
vn 0.9594 0.1101 0.2595
vn 0.8825 0.4649 0.0710
vn 0.9696 0.2049 -0.1340
vn 0.8243 0.3140 -0.4711
vn 0.8825 0.4649 0.0709
vn -0.7555 -0.4092 0.5115
vn 0.7633 -0.3620 -0.5351
vn 0.6609 -0.6530 -0.3698
vn 0.4322 -0.6757 -0.5972
vn 0.4322 -0.6758 -0.5971
vn 0.6313 -0.1658 -0.7576
vn 0.8402 -0.0942 0.5340
vn 0.8349 0.3072 0.4568
vn 0.7186 0.0237 0.6950
vn 0.9696 0.2050 -0.1340
vn 0.8243 0.3140 -0.4710
vn -0.7186 0.0237 0.6950
vn -0.7555 -0.4093 0.5116
vn -0.8474 0.1177 -0.5178
vn -0.6862 -0.1183 -0.7178
vn -0.5897 0.0944 -0.8021
vn -0.6305 -0.7093 0.3153
vn -0.5919 -0.8050 -0.0394
vn -0.7187 0.0237 0.6949
vn -0.8973 -0.0236 0.4408
vn -0.8243 0.3140 -0.4711
vn -0.9539 0.1183 -0.2759
vn -0.8825 0.4649 0.0709
vn -0.6313 -0.1657 -0.7576
vn -0.8562 -0.0785 -0.5106
vn -0.8243 0.3141 -0.4710
vn -0.4322 -0.6758 -0.5972
vn -0.7568 -0.3626 -0.5439
vn -0.6583 -0.6427 -0.3919
vn -0.4321 -0.6758 -0.5971
vn -0.7187 0.0237 0.6950
vn -0.8348 0.3072 0.4568
vn -0.8349 0.3071 0.4568
vn -0.9772 0.1812 0.1103
vn -0.9772 0.1813 0.1104
vn -0.9539 0.1183 -0.2760
vn -0.9772 0.1813 0.1103
vn -0.7567 -0.3626 -0.5439
vn -0.9982 -0.0550 0.0236
vn -0.9352 0.0157 0.3537
vn -0.9470 0.2841 -0.1499
vn -0.9314 0.2763 0.2368
vn 0.7479 -0.2519 -0.6141
vn 0.2918 -0.2524 -0.9226
vn -0.7083 -0.3620 -0.6060
vn -0.6367 -0.7075 -0.3066
vn -0.8111 -0.4016 -0.4253
vn 0.8868 -0.1648 0.4317
vn 0.6078 -0.4815 0.6315
vn 0.4872 -0.5894 -0.6444
vn 0.8869 -0.1648 0.4316
vn 0.4872 -0.5893 -0.6444
vn 0.7587 -0.3794 -0.5295
vn 0.6594 -0.6830 0.3140
vn 0.7535 -0.2590 0.6043
vn 0.4641 -0.5899 0.6608
vn 0.3547 -0.5597 -0.7489
vn 0.2445 -0.8280 -0.5047
vn 0.6757 -0.5972 -0.4321
vn -0.5255 -0.8314 -0.1804
vn -0.4409 -0.8975 0.0079
vn -0.9944 0.1026 0.0237
vn 0.4167 -0.7863 0.4561
vn 0.4894 -0.8604 -0.1421
vn -0.4894 -0.8604 -0.1421
vn 0.4018 -0.7249 0.5595
vn 0.8172 -0.1100 -0.5658
vn 0.6984 -0.5650 0.4394
vn 0.8172 -0.1100 -0.5657
vn 0.4019 -0.7249 0.5595
vn 0.5744 -0.4721 -0.6688
vn -0.5179 -0.6748 -0.5257
vn -0.5127 -0.5363 0.6704
vn -0.5584 -0.6134 -0.5584
vn -0.6237 -0.4263 0.6552
vn -0.9091 -0.4154 -0.0313
vn -0.5352 -0.3619 -0.7633
vn -0.4178 -0.7095 0.5676
vn 0.3304 -0.7238 0.6058
vn -0.3304 -0.7238 0.6058
vn 0.4641 -0.5899 0.6607
vn 0.4168 -0.7863 0.4561
vn -0.7500 -0.2606 0.6079
vn 0.8196 0.0788 0.5674
vn 0.6716 -0.7348 -0.0949
vn 0.9395 0.3079 0.1500
vn 0.2918 -0.8913 0.3471
vn 0.9802 0.1098 0.1647
vn 0.9048 0.1967 0.3777
vn 0.4958 -0.8656 -0.0708
vn 0.9803 -0.0554 -0.1897
vn 0.9068 0.1262 -0.4022
vn 0.9768 0.1260 -0.1733
vn 0.9034 -0.0628 -0.4242
vn -0.9213 -0.3859 0.0473
vn -0.7933 -0.0707 -0.6047
vn -0.3455 -0.9265 0.1492
vn -0.9803 -0.0553 -0.1897
vn -0.9068 0.1262 -0.4022
vn -0.9034 -0.0628 -0.4242
vn -0.9768 0.1260 -0.1733
vn -0.7493 0.1420 0.6468
vn 0.6758 -0.5972 -0.4322
vn -0.4179 -0.7334 -0.5362
vn -0.9780 -0.0394 0.2051
vn -0.9280 -0.0472 0.3696
vn 0.9390 0.0552 0.3393
vn 0.6661 0.1175 -0.7366
vn 0.4863 0.1804 -0.8550
vn 0.4710 0.2434 -0.8479
vn 0.4711 0.2434 -0.8479
vn 0.3868 0.3316 -0.8605
vn -0.8875 0.2278 0.4005
vn -0.7230 -0.6522 -0.2279
vn -0.6936 -0.2207 0.6857
vn 0.1420 0.0868 -0.9861
vn -0.1420 0.0868 -0.9861
vn -0.1022 -0.6915 -0.7151
vn -0.8602 -0.5051 0.0710
vn -0.6826 -0.3609 -0.6355
vn -0.8602 -0.5050 0.0710
vn -0.8028 0.2282 0.5509
vn -0.9891 -0.0628 0.1334
vn -0.9918 -0.1259 -0.0236
vn -0.9667 0.0472 0.2515
vn -0.9780 -0.0395 0.2051
vn -0.9830 0.1809 -0.0315
vn 0.3548 -0.9066 -0.2286
vn 0.9260 -0.3767 0.0236
vn 0.7310 -0.0943 0.6759
vn 0.3311 -0.9380 0.1025
vn 0.7255 0.0552 -0.6860
vn 0.9834 -0.0551 -0.1731
vn -0.9287 -0.1102 -0.3542
vn -0.8754 0.0473 -0.4811
vn -0.6462 -0.4414 -0.6226
vn -0.4033 -0.8935 -0.1977
vn -0.7900 -0.4819 0.3792
vn 0.9462 0.0158 -0.3232
vn 0.3231 -0.9143 0.2443
vn 0.6460 -0.1024 -0.7564
vn 0.3232 -0.9142 0.2444
vn 0.9462 0.0158 -0.3233
vn 0.6152 -0.7414 0.2681
vn 0.7868 0.1810 0.5901
vn 0.4876 -0.0157 0.8729
vn -0.6857 -0.7251 0.0631
vn -0.9619 0.1498 0.2287
vn -0.8822 0.1418 -0.4490
vn 0.3220 -0.8718 0.3691
vn -0.3220 -0.8718 0.3691
vn -0.3220 -0.8718 0.3692
vn -0.6771 0.4172 -0.6062
vn -0.4573 0.2287 -0.8594
vn -0.3785 0.3233 -0.8673
vn -0.4573 0.2286 -0.8594
vn -0.4177 0.0631 -0.9064
vn 0.5279 -0.7564 -0.3861
vn 0.6716 -0.7348 -0.0948
vn 0.8736 0.4722 -0.1180
vn 0.8333 -0.4795 0.2752
vn -0.7005 -0.0866 -0.7084
vn -0.3057 -0.9093 0.2822
vn -0.9317 -0.3632 -0.0079
vn -0.8333 -0.4795 0.2751
vn 0.4182 -0.8995 0.1262
vn 0.6446 -0.7389 -0.1965
vn 0.9394 0.0868 0.3316
vn 0.9394 0.0868 0.3315
vn 0.7738 0.2447 0.5843
vn 0.6613 -0.5826 0.4724
vn 0.3958 -0.7441 0.5383
vn 0.6371 -0.3696 -0.6764
vn 0.9359 -0.1416 -0.3225
vn 0.6613 -0.5827 0.4724
vn 0.8197 0.0788 0.5674
vn 0.2758 -0.9611 -0.0158
vn 0.9194 0.3929 0.0157
vn 0.4557 -0.6600 0.5972
vn 0.9462 0.0157 -0.3233
vn 0.4558 -0.6601 0.5971
vn 0.6152 -0.7414 0.2682
vn 0.6469 -0.3156 0.6942
vn 0.4977 -0.7980 0.3398
vn 0.9834 -0.0550 -0.1730
vn -0.3154 -0.6387 0.7018
vn 0.4957 -0.8656 -0.0709
vn 0.5049 -0.7416 -0.4418
vn 0.9027 0.4160 -0.1099
vn -0.2846 -0.9566 -0.0632
vn -0.6857 -0.7251 0.0630
vn 0.5925 -0.3634 0.7189
vn 0.8973 0.2283 -0.3778
vn -0.1660 -0.8852 0.4347
vn -0.0945 -0.9842 0.1496
vn 0.4977 -0.7980 0.3397
vn -0.9315 0.2763 0.2368
vn -0.9692 -0.1576 0.1891
vn -0.6798 -0.7273 -0.0948
vn -0.8267 -0.1732 0.5353
vn -0.6232 -0.6706 0.4024
vn -0.1659 -0.8852 0.4347
vn -0.0157 0.9494 0.3138
vn 0.0079 0.9612 0.2757
vn -0.0000 0.9591 0.2830
vn 0.2444 -0.8280 -0.5047
vn 0.3228 -0.9370 -0.1338
vn 0.1576 -0.9773 0.1419
vn 0.2671 -0.8172 0.5107
vn 0.0631 -0.9544 0.2919
vn 0.2672 -0.8172 0.5107
vn 0.1414 -0.8013 0.5813
vn 0.0631 -0.9544 0.2918
vn 0.7084 0.0866 -0.7005
vn -0.0079 0.9848 0.1733
vn -0.0000 0.9821 0.1886
vn -0.0000 0.9821 0.1885
vn 0.0079 0.9848 0.1733
vn 0.0158 0.9847 0.1733
vn -0.1576 -0.9773 0.1419
vn -0.0709 -0.9539 0.2917
vn -0.2672 -0.8172 0.5107
vn -0.1414 -0.8013 0.5813
vn -0.7229 -0.6522 -0.2279
vn -0.2671 -0.8800 -0.3928
vn -0.3383 -0.8654 0.3697
vn -0.8601 0.3945 0.3235
vn -0.9974 0.0550 0.0471
vn -0.0000 -0.0707 0.9975
vn -0.1733 0.1260 0.9768
vn 0.9623 0.2366 0.1341
vn 0.6910 -0.7224 -0.0236
vn 0.8660 0.2204 -0.4488
vn 0.9518 0.1180 0.2831
vn 0.5999 -0.6868 0.4105
vn 0.7081 -0.6845 -0.1731
vn 0.2372 -0.5534 0.7984
vn 0.3952 -0.5612 0.7272
vn 0.3628 -0.2445 0.8992
vn 0.2372 -0.5534 0.7985
vn 0.2518 0.2125 -0.9442
vn 0.1019 0.2117 -0.9720
vn 0.9391 0.0552 0.3393
vn -0.3952 -0.5612 0.7272
vn -0.2671 -0.8172 0.5107
vn -0.2372 -0.5534 0.7985
vn -0.2372 -0.5534 0.7984
vn -0.3628 -0.2445 0.8992
vn -0.8729 0.4561 0.1730
vn -0.7857 0.1885 0.5892
vn 0.5416 -0.1649 0.8243
vn 0.3629 -0.2445 0.8992
vn 0.9438 -0.1416 0.2988
vn 0.9754 -0.1259 -0.1809
vn 0.9437 -0.1416 0.2989
vn 0.6445 -0.7389 -0.1965
vn 0.5902 -0.5508 -0.5902
vn 0.8817 0.4251 0.2047
vn 0.6445 -0.7389 -0.1966
vn -0.7691 0.2668 0.5808
vn -0.9697 -0.0079 0.2444
vn -0.3629 -0.2445 0.8992
vn -0.5417 -0.1648 0.8243
vn -0.8910 0.4337 -0.1341
vn -0.8880 -0.4400 -0.1336
vn -0.5437 -0.6934 0.4728
vn -0.8779 0.0632 -0.4746
vn -0.7899 -0.4819 0.3792
vn -0.6690 0.0709 0.7399
vn 0.7417 0.1026 0.6628
vn 0.5686 0.0474 -0.8213
vn 0.3866 0.1657 -0.9073
vn 0.7071 0.1807 -0.6836
vn 0.0158 0.9562 0.2924
vn -0.7071 0.1807 -0.6836
vn -0.3708 0.1578 -0.9152
vn -0.5649 0.0471 -0.8238
vn -0.0235 -0.9972 -0.0706
vn -0.1576 -0.9773 0.1418
vn -0.0865 -0.9597 -0.2674
vn 0.0235 -0.9972 -0.0706
vn 0.0865 -0.9597 -0.2675
vn 0.1576 -0.9773 0.1418
vn 0.5897 0.0944 -0.8021
vn 0.8473 0.1177 -0.5178
vn 0.7505 -0.3081 0.5846
vn 0.6910 -0.7225 -0.0235
vn 0.6910 -0.7225 -0.0236
vn 0.3629 -0.9232 -0.1263
vn 0.8332 -0.1415 -0.5345
vn 0.8332 -0.1415 -0.5346
vn 0.9568 0.0157 0.2902
vn 0.9690 0.2127 0.1260
vn 0.9915 0.0315 0.1259
vn 0.5672 -0.3072 -0.7641
vn 0.8928 0.1659 0.4187
vn -0.9507 -0.3064 0.0471
vn -0.9715 -0.0000 -0.2369
vn 0.2757 -0.0236 -0.9610
vn -0.2757 -0.0236 -0.9610
vn -0.6001 -0.0632 0.7974
vn -0.2210 -0.9551 -0.1973
vn -0.4091 -0.6530 0.6373
vn -0.9082 0.4185 -0.0000
vn -0.4656 -0.5682 -0.6786
vn -0.0394 0.9533 0.2994
vn -0.0237 0.9560 0.2924
vn -0.0235 0.9492 0.3138
vn 0.7778 0.1964 -0.5971
vn 0.7479 -0.2520 -0.6141
vn -0.9323 -0.1896 -0.3081
vn -0.7244 -0.1654 -0.6693
vn -0.9227 0.3312 -0.1972
vn -0.3711 -0.7738 -0.5132
vn -0.0630 0.9768 0.2048
vn -0.0630 0.9752 0.2124
vn -0.0629 0.9752 0.2123
vn -0.0708 0.9747 0.2122
vn 0.3398 -0.3951 0.8535
vn 0.0314 0.9513 0.3066
vn -0.0553 0.9803 0.1897
vn -0.0554 0.9803 0.1897
vn -0.0550 0.9820 0.1807
vn 0.0630 0.9768 0.2048
vn 0.0553 0.9803 0.1897
vn 0.0553 0.9803 0.1898
vn 0.0630 0.9752 0.2124
vn 0.0629 0.9752 0.2123
vn 0.0553 0.9638 0.2607
vn 0.0473 0.9622 0.2682
vn -0.0473 0.9622 0.2682
vn -0.0553 0.9638 0.2607
vn -0.0473 0.9622 0.2681
vn 0.7585 -0.1580 0.6322
vn -0.0394 0.9854 0.1655
vn -0.0394 0.9854 0.1656
vn -0.0316 0.9869 0.1579
vn 0.0394 0.9854 0.1656
vn 0.0316 0.9869 0.1579
vn 0.0394 0.9854 0.1655
vn 0.0550 0.9820 0.1807
vn 0.0554 0.9803 0.1897
vn -0.9045 0.0393 0.4247
vn -0.8423 -0.0630 0.5353
vn -0.8056 0.2132 0.5528
vn 0.0316 0.9870 0.1579
vn 0.0157 0.9847 0.1733
vn 0.0393 0.9584 0.2828
vn 0.0473 0.9622 0.2681
vn -0.0393 0.9584 0.2828
vn 0.5417 -0.1649 0.8243
vn 0.6453 0.1573 0.7476
vn 0.4891 0.0868 0.8679
vn 0.9605 -0.2519 -0.1181
vn 0.0395 -0.9795 0.1975
vn 0.8863 -0.4157 -0.2040
vn 0.5522 -0.6863 0.4733
vn -0.0706 0.9654 0.2512
vn -0.0708 0.9672 0.2438
vn -0.4858 0.0862 0.8698
vn -0.6452 0.1574 0.7476
vn -0.5416 -0.1649 0.8243
vn -0.0707 0.9747 0.2122
vn -0.0710 0.9709 0.2289
vn -0.0629 0.9752 0.2124
vn 0.0628 0.9659 0.2513
vn 0.0708 0.9672 0.2438
vn 0.4892 0.0867 0.8679
vn 0.0236 -0.9972 -0.0706
vn 0.8863 -0.4157 -0.2039
vn 0.8905 0.4413 -0.1103
vn 0.0710 0.9709 0.2289
vn 0.0629 0.9752 0.2124
vn 0.0315 0.9536 0.2995
vn -0.5417 -0.1649 0.8243
vn -0.0235 -0.9972 -0.0707
vn -0.0710 -0.9539 0.2917
vn 0.4079 0.1412 0.9020
vn 0.3953 -0.2135 0.8934
vn 0.1655 -0.2522 0.9534
vn -0.3946 -0.2210 0.8919
vn -0.3947 -0.2210 0.8919
vn -0.1655 -0.2522 0.9534
vn -0.8473 0.1177 -0.5178
vn 0.3220 -0.8718 0.3692
vn -0.0947 0.2526 -0.9629
vn -0.2435 0.1493 -0.9583
vn 0.0157 -0.9736 0.2277
vn 0.4722 -0.5352 -0.7004
vn 0.9518 0.1180 0.2832
vn 0.8578 0.4643 0.2204
vn -0.8647 0.4716 0.1729
vn -0.4641 -0.5427 -0.7001
vn -0.0711 0.9708 0.2289
vn -0.6990 0.0236 0.7147
vn -0.7890 0.1341 -0.5996
vn 0.5431 -0.8343 -0.0945
vn 0.9750 -0.2044 0.0865
vn 0.3622 -0.9213 0.1417
vn 0.8120 -0.5834 -0.0158
vn 0.7575 -0.4656 0.4577
vn -0.0394 -0.9992 -0.0000
vn -0.0393 -0.9992 -0.0000
vn 0.0864 -0.9902 -0.1100
vn -0.0237 0.9560 0.2923
vn -0.6144 -0.1969 -0.7640
vn -0.8679 -0.0867 0.4892
vn -0.8408 0.3458 0.4165
vn -0.8679 -0.0868 0.4891
vn -0.7886 -0.4652 0.4021
vn -0.6458 -0.2836 0.7089
vn 0.0079 0.9612 0.2758
vn -0.0157 0.9493 0.3139
vn -0.0157 0.9493 0.3138
vn -0.0236 0.9492 0.3138
vn 0.8389 0.4077 -0.3606
vn -0.7856 0.3378 0.5185
vn -0.8217 0.4108 0.3951
vn -0.8489 0.2044 0.4874
vn -0.8338 0.3619 0.4169
vn -0.8217 0.4108 0.3950
vn -0.7855 0.3378 0.5185
vn -0.7165 0.1968 0.6692
vn -0.8489 0.4559 0.2673
vn -0.8338 0.3618 0.4169
vn -0.9667 0.0471 0.2515
vn -0.6440 -0.4005 0.6518
vn -0.8258 0.3618 -0.4326
vn -0.2761 -0.5601 -0.7810
vn -0.4179 -0.7333 -0.5362
vn -0.3845 -0.2825 -0.8789
vn -0.3302 0.2437 -0.9119
vn 0.3302 0.2437 -0.9119
vn 0.5898 0.0944 -0.8021
vn 0.6453 0.1574 0.7476
vn 0.7340 0.4262 0.5288
vn 0.5924 0.3791 0.7109
vn -0.7491 -0.0079 0.6624
vn -0.7165 0.1968 0.6693
vn 0.8754 0.2681 0.4022
vn 0.7587 -0.3793 -0.5296
vn 0.8754 0.2682 0.4022
vn 0.6067 -0.1891 -0.7721
vn -0.6771 -0.3228 -0.6613
vn -0.0707 -0.9975 -0.0000
vn -0.8944 -0.3530 -0.2746
vn -0.0314 -0.8726 -0.4874
vn -0.0865 -0.9597 -0.2675
vn -0.0862 -0.7989 -0.5953
vn 0.0236 -0.8728 -0.4875
vn 0.0861 -0.7989 -0.5953
vn -0.5924 0.3791 0.7109
vn -0.7340 0.4262 0.5288
vn -0.6453 0.1574 0.7476
vn 0.9437 -0.1416 0.2988
vn 0.7586 -0.1580 0.6321
vn 0.6460 -0.5514 -0.5278
vn 0.5265 -0.8408 -0.1257
vn -0.0711 -0.9955 -0.0632
vn 0.9861 0.0079 0.1657
vn 0.7575 -0.4655 0.4577
vn -0.9049 -0.4013 -0.1416
vn -0.4414 -0.8276 -0.3468
vn -0.0550 -0.9974 0.0471
vn -0.5176 -0.8156 0.2588
vn -0.0550 -0.9974 0.0472
vn -0.7857 0.1886 0.5892
vn 0.7975 -0.0632 0.6001
vn 0.9035 0.1886 0.3849
vn -0.7421 -0.3552 -0.5684
vn 0.5338 -0.8243 0.1884
vn 0.5520 -0.5362 0.6387
vn -0.0158 -0.9998 0.0079
vn 0.4892 0.0868 0.8679
vn 0.5372 -0.3160 -0.7820
vn 0.3392 -0.8993 -0.2761
vn 0.0943 -0.7782 -0.6209
vn -0.6632 -0.5447 0.5132
vn -0.9252 -0.3796 -0.0000
vn -0.0314 -0.9975 -0.0628
vn 0.7692 0.5102 0.3846
vn -0.5924 0.3791 0.7108
vn 0.3853 -0.2752 -0.8808
vn 0.8050 0.0395 0.5919
vn 0.8576 -0.2518 0.4484
vn -0.2435 0.1492 -0.9583
vn -0.9252 -0.3795 -0.0000
vn -0.0314 -0.9816 -0.1885
vn -0.2689 -0.8145 -0.5140
vn 0.9394 0.0474 -0.3394
vn 0.7974 -0.0632 0.6001
vn 0.7536 0.1335 0.6437
vn 0.9035 0.1885 0.3850
vn -0.8880 -0.4401 -0.1336
vn -0.7729 0.3391 -0.5363
vn -0.2358 -0.9195 -0.3144
vn -0.9619 0.1498 0.2286
vn -0.6857 -0.7252 0.0630
vn -0.7001 -0.3225 0.6371
vn -0.5355 0.0552 -0.8427
vn 0.6983 -0.3138 -0.6434
vn 0.6605 -0.5426 -0.5189
vn 0.5431 -0.8343 -0.0944
vn -0.0235 -0.9735 -0.2276
vn 0.0790 -0.1421 -0.9867
vn -0.6983 -0.3138 -0.6434
vn -0.9375 -0.0788 0.3388
vn -0.6632 -0.5448 0.5132
vn -0.6949 -0.3712 -0.6159
vn -0.3075 -0.7806 -0.5441
vn -0.1571 -0.9662 0.2042
vn -0.7648 -0.2366 0.5992
vn -0.0863 -0.9883 -0.1255
vn -0.4019 -0.7643 0.5043
vn -0.5430 0.1495 0.8263
vn -0.5736 -0.0550 0.8173
vn 0.3861 -0.3153 -0.8669
vn 0.6460 -0.5515 -0.5278
vn 0.3862 -0.3152 -0.8669
vn -0.1343 -0.9795 -0.1501
vn -0.8944 -0.3531 -0.2746
vn -0.5856 -0.7993 0.1346
vn -0.9378 0.3467 -0.0158
vn -0.5856 -0.7993 0.1345
vn 0.0552 -0.4179 -0.9068
vn 0.2052 -0.9787 -0.0000
vn -0.0158 -0.9984 0.0550
vn 0.8333 -0.4795 0.2751
vn 0.8283 -0.3234 0.4575
vn 0.9715 -0.0000 -0.2369
vn 0.9936 0.0236 0.1104
vn -0.8283 -0.3234 0.4575
vn -0.9936 0.0236 0.1104
vn 0.9863 -0.0473 0.1578
vn 0.9447 -0.1653 0.2834
vn -0.0157 -0.9984 0.0550
vn -0.1337 -0.9910 -0.0000
vn -0.3225 -0.4012 -0.8574
vn -0.3225 -0.4011 -0.8574
vn 0.3945 -0.7969 0.4576
vn 0.1809 -0.4956 0.8495
vn 0.0472 -0.9989 -0.0000
vn -0.6381 -0.1812 0.7484
vn 0.9495 -0.0000 -0.3139
vn 0.9750 -0.2045 0.0865
vn 0.5431 -0.8344 -0.0944
vn 0.9495 -0.0000 -0.3138
vn 0.6605 -0.5426 -0.5190
vn -0.1025 -0.9699 0.2208
vn 0.7534 -0.2590 0.6043
vn -0.4722 0.0079 0.8814
vn -0.3549 -0.4022 0.8439
vn 0.7485 0.6460 0.1497
vn 0.6624 0.5993 0.4495
vn 0.7238 0.3304 -0.6058
vn 0.5800 -0.1097 0.8072
vn 0.7536 0.1334 0.6437
vn 0.2607 -0.1818 -0.9482
vn -0.6624 0.5993 0.4495
vn -0.7485 0.6460 0.1497
vn -0.7238 0.3304 -0.6058
vn -0.3075 -0.7807 -0.5441
vn -0.2431 -0.2353 -0.9410
vn 0.0943 -0.9744 -0.2043
vn -0.2203 -0.1731 -0.9599
vn 0.0632 -0.6397 -0.7661
vn 0.5371 -0.3160 -0.7821
vn 0.7072 -0.1807 -0.6836
vn 0.0869 -0.7428 0.6638
vn -0.9213 -0.3859 0.0472
vn -0.0314 -0.9975 -0.0629
vn -0.2686 -0.8294 0.4898
vn 0.3716 -0.6721 0.6404
vn 0.2278 -0.1728 0.9583
vn -0.0395 -0.6232 0.7810
vn -0.7948 -0.4407 -0.4171
vn -0.7949 -0.4407 -0.4171
vn -0.3000 -0.4579 0.8368
vn -0.3687 -0.8314 0.4157
vn 0.0079 -0.9006 0.4345
vn 0.5924 0.3791 0.7108
vn 0.0866 -0.9597 -0.2674
vn 0.0236 -0.9972 -0.0707
vn -0.7856 0.1885 0.5893
vn -0.4722 0.0079 0.8815
vn 0.9359 -0.1415 -0.3225
vn 0.8182 0.1652 -0.5507
vn 0.6763 -0.2044 0.7077
vn 0.7575 -0.4656 0.4576
vn 0.1809 -0.4955 0.8495
vn -0.1023 -0.7949 0.5981
vn 0.9096 -0.0000 -0.4155
vn -0.5924 0.3792 0.7109
vn -0.0315 -0.8726 -0.4874
vn -0.0236 -0.9966 -0.0785
vn 0.0158 -0.5121 0.8588
vn -0.7900 -0.4818 0.3792
vn -0.4033 -0.8935 -0.1976
vn 0.2749 -0.3299 0.9031
vn -0.1419 -0.9854 0.0946
vn 0.2748 -0.3298 0.9031
vn -0.0157 -0.9998 0.0079
vn 0.5519 -0.5361 0.6387
vn 0.0630 -0.8040 0.5912
vn 0.9446 -0.1653 0.2834
vn 0.2765 -0.1580 -0.9479
vn 0.4889 -0.1498 -0.8594
vn 0.5363 0.3391 0.7729
vn 0.7986 0.1028 -0.5930
vn 0.4803 0.2441 -0.8425
vn 0.8319 0.0784 -0.5493
vn -0.0394 -0.6233 0.7810
vn -0.2595 -0.1652 0.9515
vn -0.5034 -0.1573 0.8496
vn -0.2443 -0.3232 0.9143
vn 0.1256 -0.9896 0.0707
vn 0.1183 -0.3469 0.9304
vn 0.2282 -0.9682 -0.1023
vn 0.7497 -0.6550 0.0947
vn -0.7497 -0.6550 0.0947
vn -0.7079 0.4955 -0.5034
vn 0.4641 -0.5900 0.6607
vn 0.0631 -0.8040 0.5912
vn -0.6983 -0.3139 -0.6434
vn -0.4560 -0.0550 -0.8883
vn -0.7414 0.2682 -0.6152
vn 0.4559 -0.0550 -0.8883
vn 0.7414 0.2682 -0.6152
vn -0.6202 -0.3062 0.7222
vn 0.6202 -0.3062 0.7222
vn 0.2518 0.2124 -0.9442
vn 0.2668 0.1099 -0.9575
vn -0.8601 -0.5051 0.0711
vn 0.8284 -0.0000 0.5602
vn 0.5519 -0.5362 0.6387
vn 0.5339 -0.8243 0.1884
vn -0.5356 0.0551 -0.8427
vn -0.8779 0.0633 -0.4746
vn -0.6462 -0.4413 -0.6226
vn -0.7900 -0.4819 0.3791
vn -0.9754 -0.0000 0.2203
vn -0.9049 -0.4013 -0.1417
vn 0.7809 0.4417 -0.4417
vn 0.6383 -0.5201 -0.5675
vn 0.6383 -0.5202 -0.5674
vn -0.2054 -0.9715 -0.1185
vn -0.8764 -0.0000 -0.4816
vn -0.2127 -0.0079 -0.9771
vn 0.5362 -0.1183 0.8358
vn -0.6289 0.3223 -0.7075
vn 0.4094 -0.3858 -0.8267
vn 0.5415 -0.0392 -0.8398
vn -0.8495 -0.0944 -0.5191
vn -0.7990 0.0079 -0.6012
vn -0.8176 0.0472 -0.5739
vn -0.7229 -0.2279 -0.6522
vn -0.7393 -0.2595 -0.6214
vn -0.7230 -0.2279 -0.6522
vn -0.7393 -0.2595 -0.6213
vn -0.5523 -0.5445 -0.6313
vn -0.4889 -0.6623 -0.5677
vn -0.9590 -0.0943 -0.2673
vn -0.9781 -0.1893 -0.0867
vn -0.9781 -0.1893 -0.0868
vn -0.9802 0.0079 -0.1976
vn -0.4094 -0.3858 -0.8268
vn -0.5415 -0.0392 -0.8398
vn 0.5886 0.0157 -0.8083
vn -0.0471 0.1884 -0.9810
vn -0.3064 -0.9507 0.0471
vn -0.0236 -0.9735 -0.2277
vn -0.0079 -0.9051 -0.4250
vn -0.5898 0.0943 -0.8021
vn -0.4804 0.4016 -0.7797
vn 0.5898 0.0943 -0.8021
vn 0.4804 0.4016 -0.7797
vn 0.9612 -0.0000 0.2757
vn 0.8511 -0.0709 0.5202
vn 0.7975 -0.0631 0.6001
vn -0.4969 -0.0158 -0.8677
vn -0.6949 -0.3711 -0.6159
vn 0.6781 0.7254 0.1183
vn -0.6781 0.7254 0.1183
vn -0.7485 0.6461 0.1497
vn 0.1499 -0.9228 0.3549
vn -0.1571 -0.9662 0.2043
vn 0.7557 -0.5826 -0.2991
vn -0.0628 0.9891 0.1334
vn -0.7558 -0.5825 -0.2991
vn -0.6690 0.0708 0.7399
vn -0.2678 -0.1418 0.9530
vn 0.0549 0.9885 0.1412
vn -0.5973 0.0236 -0.8017
vn -0.2689 -0.8145 -0.5141
vn 0.6381 -0.1812 0.7484
vn -0.5029 -0.0000 0.8644
vn 0.9507 -0.3065 0.0471
vn 0.9337 -0.1569 0.3217
vn -0.9337 -0.1569 0.3217
vn 0.5799 -0.1097 0.8072
vn -0.3000 -0.4579 0.8369
vn -0.0315 0.9286 0.3698
vn -0.0630 0.9842 0.1653
vn 0.0314 0.9286 0.3699
vn -0.7637 0.6456 0.0079
vn -0.6863 0.5838 0.4338
vn -0.6863 0.5837 0.4339
vn -0.7856 0.1886 0.5892
vn 0.0707 -0.0157 -0.9974
vn -0.0631 -0.7801 -0.6225
vn 0.4783 -0.0000 0.8782
vn -0.4504 0.0079 0.8928
vn -0.4018 -0.7643 0.5043
vn -0.0706 0.9810 0.1805
vn 0.0630 0.9842 0.1653
vn 0.0630 0.9842 0.1654
vn 0.4722 0.0079 0.8815
vn 0.2749 -0.3298 0.9031
vn 0.5519 -0.5362 0.6386
vn -0.0629 -0.0000 0.9980
vn -0.0864 0.9735 0.2119
vn -0.0864 0.9735 0.2120
vn -0.0788 0.9772 0.1970
vn 0.0706 0.9810 0.1805
vn 0.0788 0.9772 0.1970
vn 0.6604 0.7154 -0.2280
vn 0.6785 0.6706 -0.2998
vn 0.6604 0.7155 -0.2280
vn -0.0865 0.9679 0.2360
vn -0.0866 0.9679 0.2361
vn 0.0864 0.9735 0.2120
vn 0.0864 0.9735 0.2119
vn -0.9470 0.2841 -0.1500
vn -0.0787 0.9603 0.2676
vn -0.0869 0.9636 0.2528
vn 0.0866 0.9679 0.2361
vn 0.0869 0.9636 0.2528
vn -0.6604 0.7154 -0.2280
vn -0.6785 0.6706 -0.2998
vn -0.0709 0.9539 0.2917
vn -0.0710 0.9539 0.2917
vn 0.0787 0.9603 0.2676
vn 0.0786 -0.5347 -0.8414
vn 0.0862 -0.7989 -0.5953
vn 0.1264 -0.5057 -0.8534
vn -0.0788 -0.5439 -0.8355
vn -0.0861 -0.7989 -0.5953
vn -0.0788 -0.5438 -0.8355
vn -0.0862 -0.7989 -0.5952
vn -0.1264 -0.5057 -0.8534
vn 0.0079 0.1260 -0.9920
vn -0.0471 0.1883 -0.9810
vn 0.1019 0.2116 -0.9720
vn -0.6541 -0.0000 0.7565
vn -0.0474 0.9476 0.3158
vn -0.0474 0.9476 0.3159
vn -0.0630 0.9522 0.2990
vn 0.0710 0.9539 0.2917
vn 0.0630 0.9522 0.2990
vn 0.0474 0.9476 0.3158
vn 0.0474 0.9476 0.3159
vn 0.0079 0.9463 0.3233
vn -0.0079 0.9463 0.3233
vn -0.0315 0.9458 0.3232
vn -0.0315 0.9458 0.3231
vn 0.0315 0.9458 0.3231
vn 0.0316 0.9458 0.3232
vn 0.0868 0.1420 -0.9861
vn -0.3686 -0.8314 0.4157
vn 0.0314 -0.9121 -0.4088
vn 0.0314 -0.9121 -0.4089
vn 0.0237 -0.7814 -0.6236
vn -0.1335 -0.9346 0.3298
vn -0.1418 -0.8113 0.5671
vn -0.7244 -0.1653 -0.6693
vn -0.4409 -0.1181 -0.8897
vn -0.6381 -0.1812 0.7483
vn -0.5035 -0.1573 0.8496
vn -0.8267 -0.1732 0.5354
vn -0.2203 -0.1731 -0.9600
vn 0.9068 0.1262 -0.4021
vn 0.9034 -0.0629 -0.4242
vn 0.5345 -0.2673 -0.8018
vn 0.8490 -0.3616 -0.3852
vn 0.5345 -0.2672 -0.8018
vn 0.0158 -0.1260 0.9919
vn -0.8490 -0.3616 -0.3852
vn -0.5435 -0.2678 -0.7955
vn -0.9034 -0.0629 -0.4242
vn -0.0946 0.0709 -0.9930
vn 0.3228 -0.9369 -0.1338
vn -0.0235 -0.9966 -0.0785
vn 0.1581 0.3241 -0.9327
vn -0.1581 0.3241 -0.9327
vn -0.1732 -0.8267 -0.5354
vn 0.2669 0.1099 -0.9575
vn -0.0629 0.9205 0.3855
vn -0.0629 0.9206 0.3855
vn 0.0629 0.9205 0.3855
vn 0.0629 0.9206 0.3855
vn -0.2679 -0.9298 -0.2522
vn 0.6446 -0.7389 -0.1966
vn 0.0079 -0.3537 0.9353
vn 0.9125 0.3225 -0.2517
vn -0.9125 0.3225 -0.2517
vn 0.9356 -0.3459 -0.0708
vn 0.9803 -0.0553 -0.1897
vn -0.9356 -0.3460 -0.0708
vn -0.9356 -0.3459 -0.0708
vn 0.0392 -0.9651 0.2589
vn -0.7000 -0.3225 0.6371
vn -0.0158 -0.6623 -0.7491
vn 0.9260 -0.3767 0.0235
vn -0.3228 -0.7637 0.5590
vn -0.1335 -0.9345 0.3298
vn 0.0943 -0.7781 -0.6210
vn -0.0630 -0.7801 -0.6225
vn -0.3064 -0.9507 0.0472
vn -0.5041 -0.8427 0.1890
vn -0.0157 0.9124 0.4090
vn 0.5746 0.5904 -0.5668
vn 0.5203 0.1340 -0.8434
vn 0.1498 -0.1498 0.9773
vn 0.1257 -0.9896 0.0707
vn 0.0157 0.9124 0.4090
vn -0.2051 -0.0395 -0.9780
vn -0.9091 -0.4154 -0.0314
vn 0.5345 -0.8018 0.2672
vn -0.0315 -0.0000 0.9995
vn -0.1023 -0.7948 0.5981
vn 0.2129 0.2444 -0.9460
vn 0.5372 -0.3160 -0.7821
vn 0.0944 -0.7781 -0.6210
vn -0.0157 -0.1337 -0.9909
vn 0.3953 -0.2134 0.8934
vn 0.3146 -0.1573 0.9361
vn 0.1655 -0.2521 0.9534
vn -0.0549 -0.9974 0.0471
vn 0.6145 -0.7879 -0.0394
vn -0.2599 -0.0945 -0.9610
vn -0.2278 -0.2435 -0.9427
vn -0.3534 0.2435 -0.9032
vn 0.4863 0.3687 0.7922
vn 0.2599 -0.0945 -0.9610
vn 0.3534 0.2435 -0.9032
vn 0.2278 -0.2435 -0.9427
vn -0.2901 0.0235 -0.9567
vn -0.2902 0.0235 -0.9567
vn -0.4874 0.3458 0.8018
vn -0.0315 -0.9673 0.2516
vn 0.2278 -0.1728 0.9582
vn -0.2274 -0.7762 -0.5880
vn -0.3859 -0.7876 0.4804
vn -0.3152 -0.7487 -0.5832
vn 0.2825 0.2197 0.9338
vn 0.5999 -0.6867 0.4105
vn 0.5767 -0.8058 -0.1343
vn -0.2202 0.0315 -0.9750
vn -0.2198 0.0628 -0.9735
vn -0.2204 -0.1181 -0.9682
vn -0.2995 0.0315 -0.9536
vn -0.2286 -0.0867 -0.9696
vn -0.1817 -0.1501 -0.9718
vn -0.4566 -0.0000 -0.8897
vn -0.6402 -0.0474 -0.7667
vn -0.4177 0.0630 -0.9064
vn -0.6475 0.1342 -0.7502
vn -0.4566 -0.0000 -0.8896
vn -0.5115 -0.1259 -0.8500
vn -0.6403 -0.0474 -0.7667
vn -0.8414 -0.0786 -0.5347
vn -0.6225 -0.3309 -0.7092
vn -0.5116 -0.1259 -0.8500
vn -0.5105 -0.1414 -0.8482
vn -0.4480 -0.1570 -0.8802
vn -0.6225 -0.3310 -0.7092
vn -0.6199 -0.5963 -0.5100
vn -0.7393 -0.2596 -0.6213
vn -0.5842 -0.6474 -0.4895
vn -0.5512 -0.6930 -0.4647
vn -0.0473 -0.7334 -0.6782
vn -0.5849 0.7904 0.1818
vn 0.0705 -0.5016 0.8622
vn 0.0706 -0.5016 0.8622
vn -0.9214 -0.3859 0.0472
vn 0.0869 -0.7429 0.6638
vn -0.1256 -0.0785 0.9890
vn 0.8892 0.4564 -0.0315
vn 0.9862 0.0079 0.1657
vn -0.0000 -1.0000 -0.0000
vn -0.0001 -1.0000 -0.0000
vn 0.7634 0.4722 0.4407
vn 0.6762 -0.2045 0.7077
vn 0.5803 -0.7842 0.2196
vn 0.6470 0.7575 -0.0868
vn 0.0158 -0.1259 0.9919
vn -0.0395 -0.6233 0.7810
vn 0.1413 0.0393 -0.9892
vn -0.1022 0.0943 -0.9903
vn 0.1491 0.1256 -0.9808
vn -0.4957 -0.7239 0.4799
vn -0.6364 -0.6442 0.4243
vn -0.6135 -0.6607 0.4326
vn -0.7310 -0.5738 0.3694
vn -0.6364 -0.6442 0.4242
vn 0.5415 -0.0393 -0.8398
vn -0.5415 -0.0393 -0.8398
vn 0.5588 0.5981 -0.5745
vn 0.5431 0.5274 -0.6533
vn 0.7557 -0.5826 -0.2992
vn 0.4730 -0.7331 0.4888
vn -0.6604 0.7155 -0.2280
vn -0.5588 0.5981 -0.5745
vn -0.5431 0.5274 -0.6533
vn 0.2283 -0.9682 -0.1023
vn -0.7648 -0.2365 0.5992
vn -0.4491 0.5436 -0.7091
vn -0.2679 -0.9299 -0.2522
vn -0.1815 -0.6548 -0.7337
vn 0.4958 -0.8656 -0.0709
vn -0.2126 -0.8977 -0.3859
vn 0.7165 0.4173 -0.5590
vn -0.3769 -0.1178 0.9187
vn 0.0158 -0.4250 0.9051
vn 0.1413 0.0392 -0.9892
vn 0.2438 -0.1416 -0.9594
vn 0.0631 -0.8041 0.5912
vn -0.5255 0.8079 -0.2667
vn 0.2927 -0.6012 0.7436
vn 0.3778 -0.2833 0.8815
vn 0.5681 -0.4656 0.6786
vn -0.2927 -0.6012 0.7436
vn -0.3845 -0.2825 0.8788
vn -0.5734 -0.4635 0.6755
vn -0.6584 0.1097 0.7446
vn -0.3694 0.1336 0.9196
vn -0.1896 -0.1422 0.9715
vn -0.1889 0.1102 0.9758
vn -0.0237 0.1026 0.9944
vn -0.1895 -0.1422 0.9715
vn 0.0158 0.1104 0.9938
vn 0.1815 0.0947 0.9788
vn 0.1816 0.0947 0.9788
vn 0.3943 0.0868 0.9149
vn 0.3147 -0.1573 0.9361
vn 0.3943 0.0867 0.9149
vn 0.5609 0.1027 0.8215
vn 0.9035 0.1886 0.3850
vn 0.8187 0.3149 0.4802
vn 0.9479 0.2291 0.2212
vn 0.9294 0.2835 0.2363
vn -0.4107 -0.9083 -0.0790
vn -0.3711 -0.7738 -0.5133
vn 0.3470 -0.9304 -0.1183
vn -0.3711 -0.7739 -0.5132
vn 0.4330 -0.8030 -0.4094
vn 0.3469 -0.9304 -0.1183
vn 0.3469 -0.9304 -0.1182
vn 0.4568 -0.8741 0.1654
vn -0.2050 -0.0394 -0.9780
vn -0.0237 -0.2923 -0.9560
vn -0.5584 -0.6135 -0.5584
vn -0.2761 -0.5602 -0.7810
vn 0.4978 -0.7980 0.3397
vn 0.6469 -0.3155 0.6942
vn -0.0947 -0.4734 0.8758
vn 0.2278 -0.2436 -0.9427
vn 0.2278 -0.2435 -0.9428
vn -0.2600 -0.0945 -0.9610
vn -0.2278 -0.2436 -0.9427
vn -0.0946 0.0631 -0.9935
vn -0.0788 0.0867 -0.9931
vn -0.1580 -0.0000 -0.9874
vn -0.0079 -0.0079 -0.9999
vn 0.0471 -0.0471 -0.9978
vn 0.2606 0.0632 -0.9634
vn 0.3928 0.2671 -0.8800
vn 0.3929 0.2671 -0.8799
vn 0.6660 0.1175 -0.7366
vn 0.6677 -0.0942 -0.7384
vn 0.6677 -0.0943 -0.7384
vn 0.5411 -0.0549 -0.8391
vn 0.8338 -0.0393 -0.5506
vn 0.6320 -0.3081 -0.7110
vn 0.5274 -0.1968 -0.8265
vn 0.6280 -0.5808 -0.5180
vn 0.6279 -0.5808 -0.5180
vn 0.6506 -0.5409 -0.5330
vn 0.6222 -0.6301 -0.4647
vn 0.7075 -0.3066 -0.6367
vn 0.7744 -0.1738 -0.6084
vn 0.7075 -0.3066 -0.6368
vn 0.9625 -0.0394 -0.2682
vn 0.9625 -0.0394 -0.2683
vn 0.9625 -0.0395 -0.2683
vn 0.9848 -0.1103 -0.1339
vn 0.9312 -0.1105 -0.3472
vn 0.9312 -0.1105 -0.3473
vn 0.9691 -0.1103 -0.2206
vn 0.9266 -0.1806 -0.3298
vn 0.8172 -0.2514 -0.5186
vn 0.8172 -0.2515 -0.5186
vn 0.5754 -0.3626 -0.7331
vn 0.7743 -0.1738 -0.6084
vn 0.6390 -0.3472 -0.6864
vn 0.6390 -0.3471 -0.6864
vn 0.5204 -0.4100 -0.7491
vn 0.5204 -0.4100 -0.7490
vn -0.7421 -0.3553 -0.5684
vn -0.4935 0.8696 0.0157
vn -0.2048 -0.8192 0.5356
vn 0.2048 -0.8192 0.5357
vn -0.2202 0.0314 -0.9750
vn 0.4169 0.3618 -0.8338
vn 0.4169 0.3619 -0.8338
vn -0.4169 0.3618 -0.8338
vn -0.5432 0.5274 -0.6533
vn -0.5431 0.5274 -0.6534
vn 0.0474 0.4340 -0.8997
vn 0.2607 -0.1817 -0.9481
vn -0.2128 -0.0079 -0.9771
vn 0.3455 -0.9265 -0.1492
vn 0.6609 -0.6531 -0.3698
vn 0.4322 -0.6758 -0.5972
vn 0.0865 -0.9597 -0.2674
vn -0.4321 -0.6758 -0.5972
vn -0.3455 -0.9265 -0.1492
vn -0.6584 -0.6427 -0.3919
vn -0.4321 -0.6757 -0.5972
vn 0.4816 0.8606 0.1658
vn 0.3548 -0.5597 -0.7489
vn -0.5133 0.7739 -0.3711
vn -0.9082 0.4186 -0.0000
vn 0.8284 -0.0000 0.5601
vn 0.9268 0.3613 0.1021
vn 0.9936 0.0237 0.1104
vn -0.9936 0.0237 0.1104
vn -0.9268 0.3613 0.1021
vn -0.1494 -0.4641 0.8731
vn -0.6202 -0.3062 0.7223
vn 0.1495 -0.4641 0.8731
vn 0.8045 -0.5836 -0.1104
vn -0.1337 -0.0236 -0.9907
vn -0.7557 -0.5825 -0.2992
vn -0.8045 -0.5836 -0.1104
vn -0.0946 -0.7570 -0.6465
vn 0.6533 0.5432 -0.5274
vn 0.9096 -0.0000 -0.4156
vn 0.0078 -0.3537 0.9353
vn 0.0157 -0.4250 0.9051
vn -0.1655 -0.2521 0.9534
vn -0.3549 -0.4023 0.8439
vn -0.7555 -0.4092 0.5116
vn 0.4485 0.2518 -0.8576
vn 0.7693 0.5102 0.3846
vn 0.8717 0.0550 0.4869
vn -0.7141 0.5572 -0.4237
vn -0.8717 0.0550 0.4869
vn 0.7789 -0.5743 0.2518
vn 0.9356 -0.3459 -0.0707
vn 0.8507 -0.4569 0.2600
vn 0.7789 -0.5744 0.2518
vn -0.7789 -0.5744 0.2518
vn -0.9356 -0.3459 -0.0707
vn -0.7789 -0.5743 0.2518
vn -0.8507 -0.4569 0.2599
vn -0.5132 0.7738 -0.3711
vn -0.4874 0.3459 0.8018
vn -0.5435 -0.2678 -0.7956
vn -0.2435 -0.1492 -0.9583
vn 0.3934 0.1102 0.9127
vn 0.0627 -0.0627 0.9961
vn -0.2906 0.3377 0.8953
vn 0.5918 -0.8047 -0.0473
vn 0.8934 -0.3953 -0.2135
vn 0.6383 -0.5201 -0.5674
vn 0.6225 0.6619 -0.4176
vn 0.1497 -0.1498 0.9773
vn 0.3958 -0.7441 0.5382
vn 0.6614 -0.5826 0.4724
vn -0.9376 -0.0788 0.3388
vn -0.6540 -0.0000 0.7565
vn -0.8934 -0.3953 -0.2135
vn 0.4877 0.7945 -0.3619
vn 0.7421 -0.4895 0.4579
vn -0.6533 0.5431 0.5274
vn -0.7421 -0.4895 0.4579
vn 0.0158 -0.3795 -0.9251
vn 0.5681 -0.4655 0.6786
vn 0.6237 -0.5448 -0.5606
vn -0.3000 0.4579 0.8369
vn -0.6237 -0.5448 -0.5606
vn 0.8022 -0.4561 0.3854
vn 0.6433 -0.5335 0.5492
vn 0.8022 -0.4561 0.3853
vn 0.8507 -0.4569 0.2599
vn -0.8022 -0.4561 0.3854
vn -0.8507 -0.4569 0.2600
vn -0.8022 -0.4561 0.3853
vn -0.6559 -0.5136 0.5532
vn 0.5602 0.5365 0.6312
vn 0.0472 -0.1732 -0.9838
vn -0.1499 -0.3550 -0.9228
vn -0.5744 0.0236 0.8183
vn -0.6058 -0.1180 0.7868
vn -0.6052 -0.1258 0.7861
vn -0.6052 -0.1258 0.7860
vn -0.6236 -0.2684 0.7342
vn -0.6237 -0.2684 0.7342
vn 0.7531 -0.4157 0.5099
vn 0.5202 0.1340 -0.8434
vn 0.3854 -0.2752 -0.8808
vn 0.3853 -0.2753 -0.8808
vn 0.5917 -0.8047 -0.0474
vn 0.6609 -0.6531 -0.3697
vn -0.2604 -0.6708 0.6944
vn -0.4188 -0.7744 0.4742
vn 0.1886 -0.9192 -0.3457
vn -0.8185 0.5588 -0.1338
vn 0.4863 0.3686 0.7922
vn 0.9594 0.1101 0.2596
vn 0.7399 0.5903 -0.3227
vn -0.7399 0.5903 -0.3227
vn 0.6533 0.0472 0.7556
vn -0.8101 0.5820 0.0708
vn 0.8045 -0.5837 -0.1104
vn -0.6533 0.0472 0.7556
vn -0.8717 0.0549 0.4869
vn -0.4978 -0.8296 -0.2528
vn -0.2126 -0.8977 -0.3858
vn 0.4957 -0.8656 -0.0708
vn -0.6237 -0.5448 -0.5605
vn -0.5279 0.6776 -0.5121
vn -0.4804 0.4017 -0.7797
vn 0.5279 0.6776 -0.5121
vn -0.6451 0.7317 -0.2203
vn -0.7637 0.6456 0.0078
vn -0.6451 0.7316 -0.2203
vn -0.2604 -0.6708 0.6945
vn 0.4978 -0.7980 0.3398
vn 0.9339 0.1177 0.3375
vn 0.9337 -0.1570 0.3217
vn -0.9339 0.1177 0.3375
vn 0.4477 0.5577 -0.6990
vn 0.5118 0.2835 -0.8110
vn 0.5118 0.2834 -0.8110
vn -0.5118 0.2835 -0.8110
vn 0.0870 -0.7428 0.6638
vn 0.4320 -0.7540 0.4948
vn 0.4167 -0.6919 -0.5897
vn 0.4573 -0.8672 -0.1971
vn 0.4167 -0.6919 -0.5896
vn -0.2997 -0.9540 -0.0000
vn -0.4652 -0.7886 -0.4022
vn -0.3146 -0.9437 -0.1022
vn -0.3151 -0.9057 0.2835
vn -0.3383 -0.9363 0.0944
vn 0.6165 -0.4584 0.6402
vn -0.7575 -0.6470 0.0868
vn -0.3150 -0.9057 -0.2835
vn -0.2598 -0.8423 -0.4723
vn -0.7502 -0.0869 -0.6554
vn -0.9031 0.2748 -0.3298
vn -0.3314 0.5050 -0.7970
vn 0.3314 0.5050 -0.7970
vn -0.5492 -0.6433 0.5335
vn -0.6559 -0.5137 0.5531
vn -0.3542 -0.5510 0.7556
vn -0.5968 -0.1649 0.7853
vn -0.6559 -0.5137 0.5532
vn 0.6336 -0.7127 0.3010
vn -0.2684 -0.7342 0.6237
vn -0.2989 -0.8338 0.4641
vn 0.4342 0.6789 0.5921
vn -0.2914 0.5197 -0.8031
vn -0.0078 -0.9051 -0.4250
vn 0.1498 -0.9228 0.3549
vn 0.4107 -0.6082 0.6793
vn 0.5213 -0.8451 -0.1185
vn 0.5734 -0.7934 0.2042
vn 0.2048 -0.8192 0.5356
vn 0.9862 -0.0000 0.1657
vn 0.8350 -0.2206 0.5041
vn 0.9750 -0.2201 -0.0315
vn -0.8977 0.1811 -0.4016
vn 0.3547 -0.9066 -0.2286
vn -0.4024 -0.7179 -0.5681
vn 0.9918 -0.0945 0.0866
vn 0.7875 -0.6064 -0.1102
vn 0.7707 -0.2595 -0.5820
vn 0.5260 -0.7772 -0.3454
vn 0.7875 -0.6064 -0.1103
vn 0.5751 -0.7878 0.2206
vn 0.6433 -0.5335 0.5491
vn 0.4943 -0.6983 0.5178
vn 0.2600 -0.0945 -0.9610
vn -0.4169 0.3619 -0.8338
vn 0.4155 -0.5331 -0.7370
vn -0.3372 0.0314 -0.9409
vn -0.3303 -0.0157 -0.9437
vn -0.5028 -0.0157 -0.8642
vn -0.5270 -0.0236 -0.8495
vn -0.4104 -0.3630 -0.8366
vn -0.4104 -0.3630 -0.8365
vn -0.4499 -0.3867 -0.8050
vn -0.3937 -0.5117 -0.7637
vn 0.1020 -0.9491 -0.2980
vn 0.8350 -0.2205 0.5041
vn -0.0706 -0.9964 -0.0470
vn 0.1020 -0.9491 -0.2981
vn 0.9750 -0.2202 -0.0315
vn 0.5968 -0.1649 0.7852
vn 0.3547 -0.5597 0.7489
vn -0.2524 -0.7336 -0.6310
vn -0.1730 -0.6134 -0.7706
vn 0.3079 -0.9080 0.2842
vn 0.3221 -0.9035 0.2828
vn 0.3240 -0.9405 -0.1027
vn 0.3240 -0.9405 -0.1028
vn 0.3238 -0.9397 -0.1105
vn 0.1412 -0.5254 0.8391
vn 0.1265 -0.6482 0.7509
vn -0.0079 -0.5455 0.8381
vn -0.3845 -0.2825 -0.8788
vn 0.9051 0.0079 -0.4250
vn 0.8023 -0.5663 -0.1888
vn 0.7217 -0.2746 -0.6354
vn -0.9574 0.0475 0.2848
vn 0.3863 0.5597 -0.7332
vn 0.4877 0.7945 -0.3618
vn 0.4578 -0.5130 -0.7261
vn 0.4748 -0.7359 -0.4827
vn -0.5813 -0.7934 0.1807
vn -0.2053 -0.9715 -0.1185
vn -0.2048 -0.8192 0.5357
vn 0.2448 -0.7423 0.6238
vn 0.2759 -0.7253 0.6307
vn 0.1816 0.7186 -0.6712
vn 0.7892 -0.5445 0.2841
vn 0.6285 -0.2671 0.7306
vn -0.0315 -0.9994 0.0157
vn -0.1807 -0.4399 0.8797
vn -0.2205 -0.6064 0.7639
vn 0.6983 -0.3139 -0.6433
vn 0.9112 -0.2357 -0.3378
vn 0.7558 -0.5825 -0.2991
vn -0.4750 0.7601 0.4434
vn -0.1815 0.7733 0.6076
vn 0.6284 -0.2671 0.7306
vn -0.2041 -0.6435 0.7377
vn -0.1180 -0.5508 0.8262
vn -0.6983 -0.3138 -0.6433
vn -0.9112 -0.2357 -0.3378
vn 0.7217 -0.2745 -0.6354
vn -0.0629 -0.9910 -0.1180
vn 0.8353 0.2364 0.4964
vn 0.6845 -0.0866 0.7239
vn -0.1498 -0.3549 -0.9228
vn 0.3069 -0.8263 -0.4722
vn 0.3237 -0.9397 -0.1105
vn -0.6001 -0.0632 0.7975
vn -0.8027 0.2283 0.5509
vn 0.2608 -0.1817 -0.9481
vn -0.7309 -0.5973 -0.3301
vn 0.9539 0.2996 -0.0158
vn -0.3770 -0.5891 -0.7148
vn -0.1807 0.0550 -0.9820
vn -0.4032 -0.8935 -0.1977
vn -0.9692 -0.1891 -0.1576
vn -0.6632 -0.5448 -0.5132
vn -0.1264 -0.9874 0.0948
vn -0.7564 -0.5279 0.3861
vn 0.9667 -0.2515 0.0472
vn -0.9575 -0.1099 0.2668
vn -0.8185 -0.5273 -0.2282
vn -0.0549 -0.9960 -0.0706
vn -0.9667 -0.2515 0.0472
vn 0.1186 0.5062 0.8542
vn 0.1183 -0.3470 0.9304
vn 0.2438 -0.1415 -0.9594
vn 0.1261 -0.3860 -0.9138
vn 0.7707 -0.2595 -0.5819
vn 0.7826 0.1897 -0.5929
vn -0.2668 -0.9261 -0.2669
vn -0.2040 -0.6435 0.7377
vn 0.5588 -0.1338 -0.8185
vn 0.6940 -0.2997 -0.6546
vn -0.0079 -0.9805 -0.1961
vn -0.7565 -0.5279 0.3861
vn -0.9378 0.3468 -0.0158
vn -0.7141 0.5572 -0.4238
vn -0.9425 -0.1650 -0.2906
vn -0.8414 -0.5033 0.1966
vn -0.9859 0.1656 -0.0237
vn -0.9425 -0.1649 -0.2906
vn -0.1491 -0.9888 0.0078
vn -0.9859 0.1656 -0.0236
vn -0.8240 0.2904 -0.4865
vn -0.7108 -0.1501 -0.6872
vn -0.1491 -0.9888 0.0079
vn 0.2837 -0.4098 -0.8669
vn -0.0629 -0.9910 -0.1179
vn 0.9918 -0.0944 0.0866
vn 0.8400 0.5259 0.1334
vn 0.8101 0.5820 -0.0708
vn 0.8400 0.5260 0.1334
vn -0.3150 -0.9057 0.2835
vn 0.3696 -0.8491 0.3774
vn -0.5206 -0.4497 0.7258
vn 0.7071 -0.1807 -0.6836
vn 0.4894 0.7815 -0.3869
vn 0.4477 0.5576 -0.6990
vn 0.4895 0.7815 -0.3868
vn -0.4988 -0.8313 -0.2454
vn 0.5453 -0.8298 0.1185
vn -0.4165 0.7624 0.4952
vn -0.7648 -0.2365 0.5993
vn -0.0237 -0.2684 0.9630
vn 0.3630 -0.9232 -0.1262
vn 0.6910 -0.7224 -0.0235
vn -0.2517 -0.9596 0.1258
vn -0.7108 -0.1501 -0.6871
vn -0.3928 -0.5263 -0.7541
vn 0.6430 0.1411 -0.7528
vn 0.2838 -0.4098 -0.8669
vn 0.6430 0.1412 -0.7528
vn 0.4432 0.1345 -0.8863
vn 0.7934 0.5578 -0.2436
vn 0.9052 0.0079 -0.4250
vn -0.8641 0.0236 -0.5027
vn 0.7557 -0.5825 -0.2991
vn -0.9834 0.1809 0.0157
vn -0.7837 -0.1097 0.6113
vn -0.1814 -0.9462 -0.2681
vn -0.5512 -0.4647 0.6930
vn -0.3770 -0.5891 -0.7147
vn -0.1499 -0.3549 -0.9228
vn 0.1882 -0.4392 0.8784
vn 0.1500 -0.4579 0.8763
vn 0.2448 -0.7422 0.6238
vn -0.7558 -0.5825 -0.2992
vn -0.1965 -0.8722 0.4479
vn -0.0706 -0.9964 -0.0471
vn 0.1413 0.0471 0.9888
vn 0.2134 -0.1581 0.9641
vn 0.5579 -0.5029 0.6601
vn -0.7742 0.2607 0.5767
vn -0.7619 -0.2514 0.5970
vn -0.9575 -0.1099 0.2669
vn -0.7319 -0.1653 -0.6611
vn -0.4090 -0.5348 -0.7394
vn -0.1500 -0.8921 0.4263
vn 0.1260 -0.3860 -0.9138
vn 0.3699 -0.5823 -0.7240
vn 0.4630 -0.8318 -0.3060
vn -0.5197 -0.8425 0.1417
vn -0.6584 -0.6426 -0.3919
vn -0.1964 -0.8722 0.4479
vn -0.9459 0.2837 -0.1576
vn -0.8641 0.0236 -0.5028
vn -0.4630 -0.8318 -0.3061
vn -0.8240 0.2903 -0.4865
vn -0.3855 0.0629 -0.9205
vn 0.3789 0.4420 -0.8130
vn 0.2279 -0.1179 -0.9665
vn 0.4722 -0.0000 0.8815
vn 0.2841 -0.1499 0.9470
vn -0.1102 -0.4880 -0.8658
vn 0.1653 0.4093 0.8973
vn 0.6404 0.2688 0.7195
vn 0.1577 -0.4416 -0.8832
vn 0.0945 -0.5041 -0.8585
vn 0.3528 -0.2196 -0.9096
vn 0.4004 -0.1570 -0.9028
vn -0.1897 -0.1344 0.9726
vn -0.5114 -0.5586 0.6530
vn 0.1021 -0.9823 0.1572
vn 0.4954 0.6449 -0.5820
vn 0.6461 -0.1024 -0.7564
vn 0.0157 0.5419 -0.8403
vn 0.3863 0.5597 -0.7331
vn 0.0552 -0.1973 -0.9788
vn 0.4345 -0.9006 0.0079
vn -0.0394 -0.9913 0.1259
vn 0.2127 -0.0157 0.9770
vn 0.0157 -0.5121 0.8588
vn -0.0236 0.2127 0.9768
vn 0.2127 -0.0158 0.9770
vn -0.6624 -0.0000 0.7491
vn -0.3071 -0.9294 0.2048
vn 0.6285 -0.2671 0.7305
vn -0.3072 -0.9294 0.2048
vn -0.0314 -0.9994 0.0157
vn 0.3548 -0.5597 0.7489
vn 0.1264 -0.6482 0.7509
vn -0.8562 -0.0786 -0.5106
vn -0.0394 -0.1655 -0.9854
vn 0.4410 -0.6616 -0.6064
vn -0.2829 -0.2986 -0.9115
vn -0.0394 -0.1656 -0.9854
vn 0.6864 -0.3472 -0.6390
vn 0.4411 -0.6616 -0.6065
vn -0.0236 0.1733 -0.9846
vn 0.7084 0.0865 -0.7005
vn -0.4970 -0.0079 -0.8677
vn -0.2524 -0.1025 -0.9622
vn -0.4090 -0.5349 -0.7393
vn 0.2440 -0.9444 -0.2204
vn 0.7892 0.5445 0.2841
vn -0.2830 -0.9591 -0.0000
vn -0.0393 -0.9913 0.1258
vn 0.0553 -0.1974 -0.9788
vn -0.3388 -0.1891 -0.9217
vn -0.7619 -0.2513 0.5970
vn -0.4013 -0.5508 0.7318
vn -0.6910 0.6910 -0.2120
vn -0.2679 -0.2522 -0.9298
vn 0.5672 -0.3073 -0.7641
vn -0.4504 -0.0000 0.8928
vn -0.5512 -0.4646 0.6930
vn -0.2528 -0.1501 0.9558
vn -0.5975 0.0079 -0.8019
vn 0.5453 -0.8298 0.1186
vn 0.4630 -0.8318 -0.3061
vn -0.1807 -0.4398 0.8797
vn -0.0631 -0.0868 0.9942
vn -0.1027 -0.2764 0.9555
vn -0.1342 -0.5052 0.8525
vn 0.1261 -0.9858 0.1104
vn 0.1262 -0.9858 0.1104
vn 0.2053 0.2448 0.9476
vn -0.7619 -0.2514 0.5969
vn 0.8660 0.2204 -0.4487
vn 0.5041 0.7561 -0.4174
vn -0.6624 -0.0000 0.7492
vn -0.7619 -0.2513 0.5969
vn 0.0709 -0.1576 0.9850
vn 0.1022 -0.9823 0.1571
vn 0.4092 -0.9048 -0.1180
vn 0.8578 0.4643 0.2203
vn 0.2674 -0.9519 0.1495
vn 0.6453 0.5036 -0.5744
vn 0.5587 -0.1338 -0.8185
vn 0.3552 0.9000 -0.2526
vn 0.4734 -0.8758 0.0947
vn 0.0785 0.0079 -0.9969
vn 0.2279 -0.1178 -0.9665
vn 0.6237 -0.5447 -0.5606
vn -0.4630 -0.8318 -0.3060
vn -0.6237 -0.5447 -0.5606
vn 0.1491 0.0157 -0.9887
vn 0.1816 0.7186 -0.6713
vn 0.3862 -0.3153 -0.8669
vn -0.5607 0.4738 0.6791
vn -0.7320 0.4408 0.5195
vn 0.4477 -0.8483 -0.2828
vn -0.3851 0.6367 -0.6681
vn -0.2128 -0.0000 -0.9771
vn -0.3387 -0.1891 -0.9217
vn 0.2676 -0.0787 -0.9603
vn -0.6530 0.6924 0.3068
vn 0.0237 -0.2684 0.9630
vn -0.2912 0.2597 0.9207
vn -0.5029 -0.0079 0.8643
vn -0.1898 -0.1344 0.9726
vn 0.1105 0.2762 0.9547
vn 0.1022 -0.9823 0.1572
vn 0.0473 0.2050 -0.9776
vn 0.4349 -0.7749 0.4586
vn -0.7636 0.6456 0.0079
vn -0.6863 0.5838 0.4339
vn -0.6313 0.5444 -0.5523
vn -0.3162 0.7589 -0.5692
vn -0.2048 0.5356 -0.8192
vn 0.4345 -0.9007 0.0079
vn 0.3928 0.5263 -0.7541
vn -0.2599 -0.8034 0.5357
vn 0.6591 -0.6905 -0.2982
vn 0.6591 -0.6905 -0.2981
vn -0.8910 0.4337 -0.1340
vn -0.4726 -0.8743 0.1103
vn -0.8924 -0.2448 0.3791
vn -0.9872 -0.1580 -0.0237
vn -0.0706 -0.9975 -0.0000
vn 0.5345 -0.8018 0.2673
vn 0.4730 -0.7331 0.4887
vn -0.7541 0.5263 0.3928
vn -0.0315 -0.9673 0.2517
vn 0.3387 0.8508 0.4018
vn 0.4510 -0.6804 -0.5776
vn 0.1182 -0.7404 -0.6617
vn 0.0472 -0.1731 -0.9838
vn -0.3136 -0.0392 0.9487
vn -0.1495 -0.4641 0.8731
vn 0.3137 -0.0392 0.9487
vn 0.1494 -0.4641 0.8731
vn 0.3136 -0.0392 0.9487
vn -0.4018 0.5043 -0.7643
vn -0.7173 0.2601 -0.6464
vn 0.4247 0.5112 0.7472
vn 0.6845 -0.0865 0.7238
vn -0.2437 -0.9119 -0.3302
vn 0.2757 -0.9611 -0.0157
vn -0.1733 -0.0079 0.9848
vn -0.9091 -0.4153 -0.0314
vn -0.6236 -0.4263 0.6552
vn 0.3939 0.6380 0.6616
vn 0.5362 -0.1182 0.8358
vn -0.1889 0.4328 0.8815
vn -0.5606 0.4738 0.6791
vn 0.5662 0.5033 0.6527
vn -0.4168 -0.7863 0.4561
vn -0.4578 -0.8840 0.0947
vn -0.0236 -0.9972 -0.0706
vn -0.3312 0.2603 -0.9069
vn -0.4424 -0.8531 -0.2765
vn 0.0785 0.0078 -0.9969
vn 0.3939 0.6380 0.6617
vn 0.9178 -0.1961 0.3451
vn 0.9349 -0.1650 0.3143
vn 0.9217 -0.1891 0.3387
vn 0.9349 -0.1650 0.3142
vn 0.9072 -0.2130 0.3629
vn 0.9178 -0.1961 0.3452
vn 0.9072 -0.2130 0.3628
vn -0.8875 0.2277 0.4006
vn -0.2206 0.5751 0.7878
vn -0.2052 0.8522 0.4813
vn -0.2999 0.3393 0.8916
vn -0.8875 0.2278 0.4006
vn -0.3851 0.6366 0.6681
vn 0.7015 0.7015 -0.1261
vn 0.6606 0.6921 0.2910
vn 0.9438 -0.1415 0.2988
vn 0.7414 0.2681 -0.6152
vn -0.4751 0.7601 0.4434
vn -0.4936 0.8696 0.0157
vn -0.8240 0.2904 -0.4866
vn -0.4337 0.5125 -0.7412
vn -0.5975 0.0078 -0.8019
vn -0.4019 0.5043 -0.7643
vn -0.2368 0.2763 -0.9314
vn 0.2841 -0.1500 0.9470
vn -0.2205 -0.6064 0.7640
vn 0.3781 -0.6854 -0.6223
vn 0.2288 -0.5916 -0.7731
vn -0.0236 -0.9972 -0.0707
vn 0.3240 -0.9404 -0.1027
vn 0.0235 -0.9972 -0.0707
vn -0.4090 0.7394 -0.5349
vn 0.0158 -0.3795 -0.9250
vn -0.9459 0.2838 -0.1576
vn -0.2600 0.8035 -0.5356
vn -0.8641 0.0235 -0.5028
vn -0.9872 -0.1579 -0.0236
vn 0.0237 -0.3794 0.9249
vn -0.6459 -0.2835 0.7088
vn -0.7885 -0.4653 0.4022
vn 0.1261 0.7093 0.6935
vn 0.4722 0.0079 0.8814
vn 0.3789 0.4421 -0.8130
vn 0.0316 0.4658 -0.8843
vn -0.1495 -0.4484 -0.8812
vn 0.3557 -0.5455 0.7589
vn 0.3781 -0.6853 -0.6223
vn 0.4557 -0.6601 0.5972
vn -0.1731 0.6845 0.7081
vn -0.2443 -0.3231 0.9143
vn 0.4890 -0.5284 -0.6940
vn 0.5582 -0.3616 -0.7468
vn -0.4013 0.5508 0.7318
vn 0.4321 -0.6758 -0.5972
vn -0.3383 -0.5507 0.7631
vn -0.4322 -0.6757 -0.5972
vn -0.9230 0.3708 -0.1026
vn -0.7959 0.3783 -0.4728
vn -0.8913 0.2918 -0.3471
vn -0.1420 0.5047 0.8516
vn -0.0471 -0.0706 -0.9964
vn -0.0949 -0.3243 -0.9412
vn -0.1495 -0.4485 -0.8812
vn -0.1730 -0.6133 -0.7706
vn 0.0316 0.1579 -0.9869
vn 0.2197 0.1412 -0.9653
vn 0.0631 0.1972 -0.9783
vn 0.0322 0.1579 -0.9869
vn -0.1102 0.1889 -0.9758
vn 0.2197 0.1413 -0.9653
vn 0.1342 0.1974 -0.9711
vn -0.0000 0.6237 0.7816
vn -0.2595 -0.1651 0.9515
vn -0.0157 0.3700 -0.9289
vn 0.1654 0.0551 -0.9847
vn 0.8172 -0.1101 -0.5657
vn 0.5743 -0.4721 -0.6688
vn -0.4424 -0.8532 -0.2765
vn -0.3848 -0.6833 -0.6205
vn -0.3150 -0.9057 -0.2836
vn -0.2524 -0.7335 -0.6310
vn 0.8523 -0.2920 -0.4340
vn -0.2912 0.2597 0.9208
vn -0.5613 0.5692 0.6008
vn -0.5029 -0.0078 0.8643
vn 0.7014 0.7015 -0.1261
vn -0.5351 -0.3619 -0.7633
vn 0.0078 0.3768 -0.9263
vn 0.0315 0.1182 -0.9925
vn 0.0079 0.3768 -0.9263
vn -0.0632 0.9878 -0.1423
vn 0.1579 0.0395 0.9867
vn 0.8576 -0.2517 0.4485
vn 0.0946 -0.8122 0.5756
vn 0.5206 -0.4497 0.7258
vn 0.2684 0.2132 -0.9394
vn 0.3861 0.1733 -0.9060
vn 0.5434 0.2441 -0.8032
vn -0.5447 0.8131 -0.2053
vn -0.0000 1.0000 -0.0079
vn 0.1887 0.9513 -0.2437
vn 0.7586 -0.1581 0.6321
vn 0.6606 0.6920 0.2910
vn 0.8058 0.3081 -0.5056
vn 0.8953 0.2906 -0.3377
vn 0.9308 0.3550 -0.0868
vn 0.6753 0.2356 -0.6989
vn -0.8913 0.2918 -0.3470
vn -0.6613 0.2677 -0.7007
vn -0.6765 0.2281 -0.7002
vn -0.7959 0.3782 -0.4728
vn -0.6766 0.2281 -0.7002
vn -0.8039 0.3152 -0.5044
vn -0.3861 0.1733 -0.9060
vn -0.2596 0.2045 -0.9438
vn -0.5434 0.2441 -0.8032
vn 0.1498 -0.1497 0.9773
vn -0.0394 0.2051 0.9780
vn 0.3698 -0.5823 -0.7240
vn -0.8916 -0.3393 -0.2998
vn -0.5355 0.0551 -0.8427
vn -0.6530 0.6924 0.3069
vn -0.9444 0.3069 0.1181
vn -0.9308 0.3550 -0.0868
vn 0.7814 0.3552 0.5130
vn 0.4635 0.2278 0.8563
vn 0.6685 0.2517 0.6999
vn 0.7935 0.5578 -0.2435
vn -0.0553 0.9871 -0.1501
vn -0.0553 0.9871 -0.1500
vn -0.0552 0.9871 -0.1500
vn 0.4431 0.1345 -0.8863
vn -0.2671 0.9110 -0.3142
vn 0.0550 0.9982 0.0235
vn 0.2760 -0.7253 0.6307
vn -0.8039 0.3153 -0.5044
vn -0.9444 0.3069 0.1180
vn -0.8874 0.3220 0.3298
vn -0.8770 0.3476 0.3318
vn 0.6983 -0.3138 -0.6433
vn -0.2599 -0.8034 0.5356
vn 0.3557 -0.5454 0.7589
vn 0.0394 0.2126 0.9764
vn 0.0316 0.1026 0.9942
vn 0.3698 0.1731 0.9128
vn 0.2513 0.2199 0.9426
vn 0.6231 0.2919 0.7256
vn -0.6682 -0.7389 -0.0865
vn -0.0158 -0.3233 -0.9462
vn -0.0786 0.9434 -0.3223
vn 0.2515 0.3851 -0.8880
vn 0.3946 0.2210 -0.8919
vn 0.3075 0.1577 -0.9384
vn 0.2684 0.2131 -0.9394
vn 0.3076 0.1577 -0.9384
vn 0.3860 0.1733 -0.9060
vn 0.3699 0.1731 0.9128
vn 0.6685 0.2516 0.6999
vn 0.6684 0.2517 0.6999
vn 0.6231 0.2918 0.7256
vn 0.2198 0.1413 -0.9653
vn 0.1265 0.1976 -0.9721
vn 0.6759 0.2751 -0.6837
vn 0.8745 0.3546 -0.3309
vn 0.6759 0.2751 -0.6838
vn 0.6387 0.5441 -0.5441
vn 0.8745 0.3545 -0.3309
vn -0.4728 -0.6934 0.5437
vn 0.4728 -0.6934 0.5437
vn 0.5734 -0.7934 0.2043
vn 0.2051 0.3471 0.9151
vn -0.0945 0.7955 0.5986
vn 0.2052 0.3471 0.9151
vn 0.0550 0.9974 0.0471
vn -0.2525 0.3944 -0.8836
vn -0.3946 0.2210 -0.8919
vn -0.3622 0.1417 -0.9213
vn -0.3860 0.1733 -0.9061
vn -0.3317 0.1896 -0.9241
vn -0.2595 0.2045 -0.9438
vn 0.0864 0.9660 0.2435
vn -0.7921 0.2666 0.5490
vn -0.8874 0.3220 0.3299
vn 0.9429 0.3143 0.1100
vn 0.8723 0.3458 0.3458
vn 0.0473 0.2682 0.9622
vn 0.0627 -0.0628 0.9961
vn 0.3934 0.1101 0.9127
vn 0.0473 0.2681 0.9622
vn 0.3069 0.4722 0.8263
vn 0.8869 -0.1648 0.4317
vn -0.6861 0.0552 0.7255
vn 0.0628 -0.0627 0.9961
vn -0.6607 0.4326 0.6135
vn -0.6860 0.0552 0.7255
vn -0.1420 0.5761 -0.8049
vn -0.1421 0.5761 -0.8050
vn 0.3316 0.5922 -0.7344
vn -0.1420 0.5761 -0.8050
vn -0.0550 0.7940 -0.6054
vn 0.1421 0.5761 -0.8049
vn 0.4804 0.4017 -0.7797
vn 0.1421 0.5761 -0.8050
vn -0.5118 0.2834 -0.8110
vn -0.3386 0.5907 -0.7324
vn -0.3386 0.5906 -0.7324
vn 0.1420 0.5761 -0.8050
vn 0.0550 0.7940 -0.6054
vn 0.0711 -0.0711 0.9949
vn 0.0237 -0.0870 0.9959
vn -0.0316 0.1975 0.9798
vn 0.0711 -0.0710 0.9949
vn -0.0316 0.1976 0.9798
vn -0.1413 0.3690 0.9186
vn 0.0785 0.1728 0.9818
vn -0.0785 0.2121 0.9741
vn 0.2514 0.2199 0.9426
vn 0.4230 0.4935 -0.7599
vn -0.6706 0.2998 0.6785
vn -0.7921 0.2667 0.5490
vn -0.3858 0.2441 0.8897
vn -0.5266 0.2044 0.8252
vn -0.2278 0.1728 0.9583
vn -0.9680 -0.1889 -0.1653
vn -0.3317 -0.4028 0.8531
vn -0.9193 0.0236 0.3929
vn -0.3317 -0.4028 0.8530
vn 0.3958 -0.7440 0.5383
vn 0.1104 0.9939 -0.0000
vn -0.3851 0.6367 0.6681
vn -0.2278 0.2121 0.9503
vn -0.3699 0.4092 0.8341
vn -0.5297 0.2372 0.8143
vn -0.2278 0.2120 0.9503
vn -0.5266 0.2043 0.8252
vn -0.6223 -0.2757 -0.7326
vn -0.1419 -0.9853 0.0946
vn -0.1261 0.8589 0.4965
vn -0.5968 -0.7539 0.2749
vn -0.4337 0.4889 -0.7569
vn -0.3860 0.1733 -0.9060
vn -0.6614 0.2677 -0.7007
vn -0.3947 0.2210 -0.8919
vn -0.6766 0.2281 -0.7001
vn 0.2053 -0.9787 -0.0000
vn 0.0864 -0.2985 0.9505
vn -0.2127 -0.0000 -0.9771
vn -0.2759 0.9539 -0.1182
vn -0.0393 0.9985 0.0393
vn 0.1181 -0.7404 -0.6617
vn 0.1977 -0.9567 -0.2135
vn 0.6237 -0.5448 -0.5605
vn 0.9223 0.3705 0.1104
vn 0.7733 0.6076 -0.1815
vn 0.1264 0.1976 -0.9721
vn -0.6076 0.5208 0.5997
vn -0.7273 0.2846 0.6245
vn 0.8600 0.3945 0.3235
vn 0.8601 0.3945 0.3235
vn 0.1185 -0.2686 -0.9559
vn 0.7082 -0.6845 -0.1731
vn -0.0946 -0.7570 -0.6466
vn 0.4722 -0.5351 -0.7005
vn -0.7885 -0.4653 0.4021
vn -0.1026 -0.2764 0.9555
vn -0.2291 -0.2212 0.9479
vn -0.3851 0.6366 -0.6681
vn -0.6910 0.6911 -0.2120
vn 0.2129 0.4651 0.8593
vn 0.0863 0.2119 0.9735
vn 0.0863 0.2120 0.9735
vn 0.0864 0.2120 0.9735
vn 0.0786 0.1728 0.9818
vn -0.5968 -0.7538 0.2749
vn -0.5990 -0.7960 -0.0867
vn 0.5522 -0.7021 0.4496
vn 0.5902 -0.8026 0.0866
vn 0.7070 0.7070 0.0157
vn -0.4166 0.7624 0.4952
vn -0.5423 0.7467 0.3851
vn -0.0630 0.9136 -0.4017
vn -0.9834 0.1810 0.0158
vn 0.5882 -0.7607 -0.2745
vn 0.4734 -0.8757 0.0947
vn -0.1102 0.1888 -0.9758
vn -0.5197 0.1417 -0.8425
vn -0.5346 0.1808 -0.8255
vn -0.7070 0.7070 0.0157
vn 0.0472 -0.2993 0.9530
vn -0.2600 0.8034 -0.5356
vn -0.9458 0.2837 -0.1577
vn 0.0237 0.9959 0.0870
vn -0.9458 0.2838 -0.1577
vn 0.0550 0.9982 0.0236
vn -0.2827 -0.4005 -0.8716
vn 0.2440 -0.2204 0.9444
vn 0.0237 -0.0869 0.9959
vn 0.9667 -0.2515 0.0471
vn 0.6370 -0.3697 -0.6764
vn 0.2281 0.1101 -0.9674
vn 0.9359 -0.1416 -0.3224
vn -0.0000 1.0000 -0.0078
vn -0.1411 0.4861 0.8624
vn -0.0157 0.5419 -0.8403
vn -0.4873 0.3459 0.8018
vn 0.3938 0.6380 0.6617
vn -0.4656 -0.5681 -0.6786
vn -0.7256 -0.2918 0.6231
vn 0.0629 0.6138 -0.7869
vn 0.0630 0.6138 -0.7869
vn 0.4955 0.6449 -0.5819
vn 0.4888 -0.1498 -0.8594
vn -0.2679 -0.2522 -0.9299
vn -0.0158 -0.6623 -0.7490
vn -0.5508 -0.4013 -0.7318
vn -0.4024 -0.7179 -0.5680
vn -0.9291 -0.3307 -0.1653
vn -0.9286 0.3698 -0.0315
vn 0.2042 -0.9034 0.3771
vn -0.5345 -0.6131 0.5817
vn 0.6690 -0.7399 -0.0708
vn 0.6690 -0.7399 -0.0709
vn -0.0315 0.6147 0.7881
vn 0.0315 0.9750 0.2201
vn -0.1261 0.8589 0.4964
vn 0.7013 0.6698 0.2443
vn 0.7814 0.3552 0.5131
vn 0.8502 0.2755 0.4487
vn -0.0707 0.4710 0.8793
vn -0.2278 0.2120 0.9504
vn -0.0786 0.2121 0.9741
vn -0.0706 0.4711 0.8793
vn -0.3698 0.4092 0.8341
vn -0.1105 0.9156 0.3867
vn -0.5607 -0.6950 -0.4501
vn 0.6684 0.2516 0.6999
vn 0.5448 0.6632 0.5132
vn 0.4955 0.5034 0.7079
vn 0.8723 0.3458 0.3457
vn 0.6231 0.2918 0.7257
vn 0.3446 0.4230 0.8381
vn 0.3154 0.4494 0.8358
vn -0.2051 -0.0394 -0.9779
vn 0.0079 0.2758 -0.9612
vn -0.4630 -0.8319 -0.3060
vn -0.1575 -0.9527 -0.2598
vn -0.9539 0.1182 -0.2760
vn 0.4005 -0.2827 0.8716
vn 0.1807 0.9586 -0.2200
vn -0.0078 -0.9806 -0.1961
vn -0.1418 -0.5197 0.8425
vn -0.5968 -0.7539 0.2748
vn -0.0394 0.9985 0.0393
vn 0.2371 -0.5534 0.7985
vn -0.2684 -0.7342 0.6236
vn 0.4710 -0.4711 0.7458
vn 0.5522 -0.7021 0.4497
vn 0.4711 -0.4711 0.7458
vn -0.5607 -0.6949 -0.4502
vn -0.7870 0.5352 0.3069
vn -0.0550 0.7941 -0.6054
vn -0.1421 0.5761 -0.8049
vn 0.1420 0.5761 -0.8049
vn 0.3446 0.4229 0.8381
vn 0.0314 0.9750 0.2202
vn 0.3781 -0.6853 -0.6224
vn 0.5290 -0.6079 -0.5921
vn -0.3877 0.5222 -0.7596
vn -0.7932 -0.0707 -0.6048
vn 0.5265 0.8408 -0.1257
vn -0.1419 0.5046 0.8516
vn 0.2986 -0.9038 -0.3065
vn -0.4969 -0.0158 -0.8676
vn -0.6312 0.5445 -0.5524
vn 0.1105 0.5366 -0.8365
vn 0.1023 0.3776 -0.9203
vn -0.0866 0.3781 -0.9217
vn -0.0867 0.3781 -0.9217
vn 0.1104 0.0157 0.9938
vn 0.1104 0.0158 0.9938
vn 0.2119 0.1962 -0.9574
vn -0.2599 -0.8035 0.5356
vn -0.1578 -0.9547 0.2524
vn 0.7881 0.3941 0.4729
vn 0.7881 0.3940 0.4729
vn 0.2515 0.3850 -0.8880
vn -0.2911 0.2597 0.9208
vn 0.4230 0.4936 -0.7599
vn -0.7881 0.3940 0.4729
vn -0.7881 0.3941 0.4729
vn -0.1414 -0.7776 0.6127
vn 0.1817 -0.1501 -0.9718
vn -0.9102 -0.1883 -0.3688
vn -0.8371 -0.5449 -0.0474
vn -0.4499 -0.4025 0.7972
vn 0.1262 0.4811 0.8676
vn 0.1577 0.4573 0.8752
vn 0.0394 0.2126 0.9763
vn 0.1022 0.3776 -0.9203
vn 0.0473 0.4340 -0.8997
vn 0.2751 0.8095 -0.5187
vn 0.2607 -0.1817 -0.9482
vn -0.0632 0.9878 -0.1422
vn 0.0472 0.6056 0.7944
vn 0.1818 0.8615 0.4742
vn -0.1807 -0.1336 -0.9744
vn -0.1885 0.1807 -0.9653
vn -0.4409 -0.8975 0.0078
vn -0.1575 -0.9527 -0.2599
vn -0.6161 0.5687 -0.5450
vn -0.4336 0.4889 -0.7569
vn 0.0786 -0.2121 0.9741
vn 0.0710 -0.1972 0.9778
vn 0.2837 -0.1024 0.9534
vn 0.0785 -0.2121 0.9741
vn 0.3629 -0.0395 0.9310
vn 0.3630 -0.0394 0.9310
vn 0.4806 0.0631 0.8747
vn 0.4807 0.0631 0.8746
vn 0.2517 0.0236 0.9675
vn 0.2052 0.0158 0.9786
vn 0.8817 -0.2204 0.4173
vn 0.2053 -0.2448 -0.9476
vn 0.0315 -0.9121 -0.4089
vn 0.0946 -0.8122 0.5757
vn -0.1578 -0.9547 0.2525
vn -0.8206 -0.5444 -0.1736
vn -0.8675 -0.4811 0.1262
vn -0.2997 0.8046 -0.5127
vn -0.4964 0.7959 -0.3467
vn 0.1021 -0.9895 0.1021
vn -0.1024 0.1418 0.9846
vn 0.8206 -0.5445 0.1736
vn 0.2042 -0.9034 0.3770
vn -0.4799 -0.4720 -0.7395
vn 0.0157 0.0158 -0.9998
vn 0.7309 -0.0943 0.6759
vn 0.3553 0.9000 -0.2526
vn 0.5339 0.8243 0.1884
vn -0.0787 0.7792 -0.6218
vn -0.1335 -0.9345 0.3299
vn -0.1578 -0.9546 0.2525
vn 0.7733 0.6075 -0.1815
vn 0.2824 -0.2511 -0.9258
vn 0.1100 0.1494 0.9826
vn -0.3530 0.0627 0.9335
vn -0.3530 0.0628 0.9335
vn -0.8206 -0.5445 -0.1736
vn -0.5607 -0.6950 -0.4502
vn 0.4187 -0.3318 -0.8453
vn -0.6948 0.6790 -0.2369
vn 0.7083 -0.3620 0.6060
vn 0.4710 -0.4710 0.7458
vn -0.7870 0.5352 0.3070
vn -0.7100 0.6863 0.1578
vn -0.9230 0.3708 -0.1025
vn -0.1341 0.5442 -0.8282
vn -0.2524 0.3944 -0.8836
vn 0.0789 0.1421 -0.9867
vn 0.0158 0.0157 -0.9998
vn -0.8304 -0.2429 -0.5014
vn -0.5198 0.8112 0.2678
vn 0.2985 0.8013 0.5185
vn 0.6762 -0.2044 0.7077
vn 0.5902 -0.8026 0.0865
vn -0.4006 0.7147 -0.5734
vn 0.9223 0.3705 0.1103
vn -0.5133 0.7738 -0.3711
vn -0.1573 0.9361 -0.3147
vn 0.3864 0.7964 0.4652
vn 0.7013 0.6698 0.2442
vn 0.5731 0.8165 -0.0707
vn 0.2372 -0.5533 0.7985
vn -0.6948 0.6791 -0.2369
vn 0.9722 -0.0474 -0.2292
vn 0.7881 -0.1970 0.5832
vn 0.0550 -0.7940 0.6054
vn 0.2124 0.9046 -0.3697
vn 0.9810 -0.1805 -0.0706
vn -0.1813 -0.9462 -0.2681
vn 0.2675 -0.9519 0.1495
vn -0.3927 -0.5263 -0.7542
vn 0.7715 -0.5118 0.3779
vn 0.9594 0.1102 0.2595
vn -0.5734 -0.4635 0.6756
vn -0.7881 -0.1970 0.5832
vn 0.0705 -0.5017 0.8622
vn 0.8817 -0.2204 0.4172
vn 0.6531 0.0551 0.7553
vn 0.8817 -0.2205 0.4172
vn 0.0706 -0.5017 0.8622
vn 0.1807 0.6915 0.6994
vn 0.2128 0.4651 0.8593
vn -0.0948 0.0237 -0.9952
vn -0.0948 0.0158 -0.9954
vn 0.0393 -0.4563 -0.8890
vn -0.8895 -0.3070 0.3385
vn -0.9002 -0.3080 0.3080
vn -0.6869 -0.2132 0.6948
vn -0.8411 -0.4559 0.2909
vn -0.6451 -0.2203 0.7316
vn -0.5594 -0.4885 0.6697
vn 0.8668 -0.4964 -0.0472
vn 0.6054 0.5346 0.5897
vn 0.2128 -0.0158 0.9770
vn 0.4422 -0.3948 0.8054
vn -0.4499 -0.4026 0.7972
vn -0.7176 -0.3548 0.5993
vn -0.0789 0.1498 -0.9856
vn -0.0788 0.1498 -0.9856
vn 0.0864 0.2985 -0.9505
vn 0.2359 0.7472 0.6213
vn 0.1262 0.4811 0.8675
vn 0.2359 0.7472 0.6214
vn 0.2671 0.7306 0.6284
vn -0.2524 0.6310 0.7336
vn 0.8317 -0.5100 -0.2197
vn -0.1027 0.6793 -0.7267
vn 0.1105 0.5367 -0.8365
vn 0.1262 -0.9858 0.1105
vn -0.3149 -0.4802 -0.8187
vn -0.7156 -0.3617 -0.5976
vn 0.2360 0.1966 0.9517
vn 0.1101 0.1493 0.9826
vn 0.3708 -0.1578 0.9152
vn -0.2288 0.1894 0.9549
vn -0.2289 0.1894 0.9549
vn -0.3690 -0.1413 0.9186
vn -0.9722 -0.0474 -0.2292
vn -0.9667 -0.2515 0.0471
vn -0.7411 -0.1104 -0.6622
vn -0.7411 -0.1104 -0.6623
vn -0.1814 -0.6548 -0.7337
vn -0.0315 -0.9994 0.0158
vn -0.4247 -0.4483 -0.7866
vn 0.5580 -0.5029 0.6601
vn -0.0631 -0.4337 -0.8989
vn -0.4011 -0.2517 -0.8808
vn 0.0707 0.0157 -0.9974
vn -0.2834 0.1102 -0.9526
vn 0.0079 -0.0000 -1.0000
vn 0.4330 -0.8031 -0.4094
vn 0.9565 -0.2451 -0.1581
vn 0.4567 -0.8741 0.1654
vn 0.9565 -0.2451 -0.1580
vn 0.8206 -0.5444 0.1736
vn -0.0947 0.3077 -0.9468
vn -0.2274 0.7449 0.6272
vn -0.2600 0.7247 0.6381
vn -0.0948 -0.0000 -0.9955
vn -0.9060 -0.2048 0.3703
vn 0.0157 0.9657 -0.2591
vn -0.2992 0.9526 0.0551
vn 0.5731 0.8164 -0.0706
vn 0.5731 0.8164 -0.0707
vn 0.6232 0.7731 0.1183
vn 0.4094 0.7086 -0.5747
vn 0.4098 -0.7014 0.5832
vn 0.4558 -0.6601 0.5972
vn -0.4321 -0.7148 0.5499
vn -0.4717 -0.8727 0.1258
vn 0.8176 -0.4874 0.3066
vn 0.8684 -0.4816 -0.1184
vn 0.7247 -0.3545 -0.5908
vn -0.6534 0.5431 0.5274
vn -0.2686 0.8295 0.4898
vn -0.4868 0.7145 0.5025
vn -0.0078 -0.9805 -0.1961
vn -0.4481 -0.4402 0.7781
vn 0.6465 0.7411 -0.1813
vn -0.5363 0.3391 0.7729
vn -0.6205 0.1021 0.7776
vn -0.9060 -0.2049 0.3703
vn 0.2440 -0.9444 -0.2203
vn -0.1802 0.1959 -0.9639
vn 0.4030 0.5453 -0.7350
vn 0.0864 0.9661 0.2435
vn 0.4729 0.8669 0.1576
vn 0.7248 -0.3545 -0.5908
vn 0.0237 0.4968 0.8675
vn 0.0237 0.4969 0.8675
vn 0.1415 0.6841 -0.7155
vn -0.4006 0.7147 -0.5733
vn -0.4005 0.7147 -0.5734
vn 0.1659 -0.3635 0.9167
vn -0.4801 0.8737 0.0787
vn -0.9227 0.3313 -0.1972
vn 0.7187 0.0237 0.6949
vn -0.8349 0.3072 0.4568
vn -0.7723 -0.4413 0.4570
vn -0.2995 0.0237 -0.9538
vn -0.9539 0.1182 -0.2759
vn 0.2996 0.0158 -0.9539
vn 0.1808 0.6915 0.6994
vn 0.3377 0.8403 -0.4241
vn 0.7069 0.6127 -0.3534
vn 0.0237 0.1104 0.9936
vn -0.0237 0.1104 0.9936
vn 0.6295 -0.4328 0.6453
vn 0.3154 -0.8832 0.3469
vn -0.2129 0.9699 0.1183
vn 0.5919 -0.0395 0.8050
vn -0.8185 -0.5273 -0.2283
vn 0.7324 -0.4489 -0.5119
vn -0.6948 0.6790 -0.2368
vn -0.4503 0.0079 0.8928
vn 0.3228 0.9055 0.2756
vn 0.2671 0.7306 0.6285
vn 0.2360 0.7472 0.6213
vn 0.3001 0.9081 0.2922
vn -0.2599 0.7247 0.6381
vn -0.3228 0.9055 0.2756
vn -0.2274 0.7449 0.6273
vn -0.3228 0.9054 0.2756
vn -0.3001 0.9081 0.2922
vn -0.0707 0.4711 0.8793
vn 0.9114 -0.0943 0.4007
vn 0.4801 -0.8657 0.1417
vn 0.5282 -0.8199 0.2207
vn 0.4801 -0.8657 0.1416
vn -0.9113 -0.0943 0.4007
vn -0.0236 0.5028 0.8641
vn -0.2128 -0.0000 0.9771
vn 0.2127 -0.0000 0.9771
vn 0.4718 -0.8727 0.1258
vn 0.0474 0.4340 -0.8996
vn 0.3628 -0.2446 0.8992
vn 0.3465 -0.6143 -0.7089
vn 0.7346 -0.1421 -0.6635
vn -0.2051 -0.0394 -0.9780
vn 0.6472 0.3472 -0.6787
vn 0.1187 0.5062 0.8542
vn 0.1263 0.8290 -0.5448
vn -0.0788 0.8196 -0.5674
vn -0.4263 -0.6552 0.6237
vn 0.6683 0.4323 0.6054
vn -0.0471 0.4871 -0.8721
vn -0.1960 0.6192 -0.7604
vn 0.0471 0.4871 -0.8721
vn 0.1960 0.6193 -0.7603
vn -0.3686 0.8314 0.4157
vn 0.5021 0.8631 -0.0549
vn -0.4877 0.8730 -0.0000
vn 0.2450 0.7905 -0.5613
vn -0.0472 0.4871 -0.8721
vn 0.9136 -0.1497 0.3780
vn -0.2995 0.0236 -0.9538
vn 0.3774 0.8491 0.3695
vn 0.7013 0.6697 0.2443
vn 0.0315 0.8280 0.5599
vn 0.9113 -0.0943 0.4007
vn -0.2600 -0.3545 0.8982
vn 0.0316 0.8280 0.5599
vn -0.0786 0.9511 0.2987
vn -0.3155 0.8440 0.4338
vn -0.0706 0.4710 0.8793
vn -0.2524 0.6310 0.7335
vn -0.9114 -0.0943 0.4007
vn 0.7738 0.2448 0.5843
vn 0.4559 -0.0551 -0.8883
vn 0.9407 0.0392 -0.3371
vn -0.3779 -0.5117 -0.7716
vn -0.4560 -0.0551 -0.8883
vn -0.9431 0.0393 -0.3301
vn -0.0000 0.9021 0.4315
vn 0.1960 0.6192 -0.7604
vn -0.1960 0.6193 -0.7603
vn 0.2985 0.9505 -0.0864
vn 0.1413 0.0471 0.9889
vn 0.6683 0.4324 0.6054
vn -0.7691 0.2669 0.5807
vn -0.8647 0.4717 0.1729
vn -0.2985 0.9505 -0.0864
vn -0.4239 0.6673 0.6124
vn -0.5035 0.8496 0.1573
vn 0.3388 0.8508 0.4017
vn 0.8735 0.4722 -0.1181
vn 0.2841 0.9549 0.0868
vn 0.3387 0.8508 0.4017
vn 0.8736 0.4722 -0.1181
vn -0.7635 -0.0236 -0.6454
vn -0.4011 -0.2516 -0.8808
vn -0.6008 -0.0395 -0.7984
vn -0.8027 -0.5509 0.2283
vn -0.8027 -0.5509 0.2282
vn -0.2668 -0.9261 -0.2668
vn -0.1261 0.7723 0.6226
vn -0.4876 0.8730 -0.0000
vn 0.5432 0.5274 -0.6533
vn -0.3535 0.2435 -0.9032
vn 0.3145 0.8490 -0.4245
vn 0.2435 0.9583 -0.1492
vn 0.5021 0.8630 -0.0549
vn 0.5022 0.8630 -0.0549
vn 0.3144 0.8491 -0.4245
vn 0.9802 0.1098 0.1646
vn -0.1960 0.6192 -0.7603
vn 0.6060 -0.0315 -0.7948
vn -0.2124 0.9442 -0.2518
vn -0.3307 0.8503 -0.4094
vn -0.4005 0.7147 -0.5733
vn -0.5205 -0.8360 0.1735
vn 0.7485 0.6461 0.1497
vn 0.8348 0.3072 0.4568
vn 0.2363 0.9218 -0.3073
vn 0.3145 0.8491 -0.4245
vn 0.6060 -0.0315 -0.7949
vn -0.5972 -0.0314 0.8015
vn -0.5972 -0.0315 0.8015
vn -0.4338 0.4496 0.7808
vn -0.8348 0.3072 0.4569
vn -0.8348 0.3071 0.4568
vn 0.6455 -0.0158 0.7636
vn 0.3778 -0.2834 0.8815
vn -0.5734 -0.4634 0.6756
vn -0.6455 -0.0158 0.7636
vn 0.1261 0.7723 0.6226
vn 0.2197 0.9572 0.1883
vn 0.7013 0.6697 0.2442
vn -0.6455 -0.0157 0.7636
vn 0.3928 -0.5028 -0.7700
vn 0.3466 -0.6143 -0.7089
vn -0.3537 0.5737 0.7388
vn 0.3789 0.4420 -0.8131
vn -0.1660 0.9167 -0.3635
vn -0.4090 0.7393 -0.5349
vn -0.2125 0.9442 -0.2518
vn -0.4856 -0.8067 0.3368
vn -0.2998 0.3393 0.8916
vn 0.5662 0.4090 0.7156
vn 0.1105 0.5366 0.8365
vn 0.1101 0.1494 0.9826
vn 0.2359 0.1966 0.9517
vn 0.1105 0.5367 0.8365
vn -0.1103 0.5513 0.8270
vn 0.0394 0.8757 -0.4812
vn -0.0000 0.8764 -0.4816
vn -0.4859 0.0862 0.8698
vn -0.0472 0.8805 -0.4717
vn -0.6449 0.0472 -0.7628
vn 0.5925 -0.3635 0.7189
vn -0.2750 -0.3064 0.9113
vn -0.7176 -0.3549 0.5993
vn -0.9045 -0.1652 0.3933
vn 0.5441 0.3075 0.7806
vn 0.5919 -0.0394 0.8050
vn 0.2128 -0.0000 0.9771
vn -0.2127 -0.0000 0.9771
vn -0.1502 0.7666 -0.6243
vn -0.2673 0.8489 -0.4559
vn 0.1502 0.7666 -0.6243
vn 0.2673 0.8489 -0.4559
vn -0.8170 -0.5263 -0.2357
vn -0.0000 -0.0079 -1.0000
vn 0.1335 0.9030 -0.4083
vn 0.5040 0.7561 -0.4174
vn 0.7935 -0.5578 -0.2435
vn 0.6118 0.7295 -0.3059
vn 0.2364 0.9218 -0.3073
vn -0.9388 0.1183 0.3235
vn -0.9996 -0.0236 -0.0158
vn -0.9996 -0.0236 -0.0157
vn -0.1025 0.9064 -0.4099
vn -0.0788 0.8196 -0.5675
vn 0.3385 -0.6534 0.6771
vn 0.3541 -0.6373 0.6845
vn 0.3540 -0.6373 0.6845
vn 0.2210 -0.7499 0.6236
vn 0.1100 -0.7700 0.6285
vn 0.1028 -0.7674 0.6329
vn 0.1100 -0.7700 0.6286
vn 0.0079 0.2757 -0.9612
vn 0.6471 0.3472 -0.6787
vn -0.1726 0.3766 -0.9102
vn 0.1650 0.3771 -0.9113
vn 0.0790 0.1421 -0.9867
vn -0.8822 -0.1418 0.4490
vn -0.5813 -0.7934 0.1806
vn 0.8812 -0.1495 0.4485
vn 0.5735 -0.7934 0.2042
vn 0.1501 0.7666 -0.6244
vn 0.1960 0.6192 -0.7603
vn -0.1501 0.7666 -0.6243
vn 0.2435 0.9583 -0.1493
vn -0.0000 0.9997 0.0236
vn -0.9361 -0.3461 0.0629
vn 0.9415 -0.0554 0.3323
vn 0.9307 -0.3628 0.0473
vn -0.1726 0.3766 -0.9101
vn -0.2756 0.9607 0.0315
vn 0.6682 0.4324 0.6054
vn 0.2133 0.9322 -0.2923
vn -0.2756 0.9608 0.0315
vn 0.9928 0.1103 0.0473
vn -0.2133 0.9322 -0.2923
vn -0.2673 0.8490 -0.4559
vn 0.4250 0.9051 -0.0157
vn 0.5117 0.7637 -0.3936
vn 0.4728 0.8589 -0.1970
vn 0.5597 0.8120 -0.1656
vn 0.5597 0.8120 -0.1655
vn -0.5597 0.8120 -0.1655
vn -0.5597 0.8120 -0.1656
vn 0.9269 -0.1257 -0.3535
vn -0.5587 0.5981 -0.5745
vn 0.5587 0.5981 -0.5745
vn -0.8419 -0.5350 -0.0708
vn -0.9936 0.1025 0.0473
vn -0.0944 -0.7712 0.6296
vn -0.0944 -0.7712 0.6295
vn -1.0000 -0.0000 -0.0000
vn 0.8756 -0.2998 0.3786
vn -0.1102 0.5513 0.8270
vn -0.1884 -0.1805 -0.9654
vn -0.2131 -0.2052 -0.9552
vn 0.1971 0.9384 0.2839
vn 0.2671 0.7305 0.6285
vn -0.1971 0.9384 0.2839
vn -0.2600 0.7248 0.6381
vn -0.9193 0.0236 0.3928
vn 0.5679 0.5285 -0.6310
vn 0.7998 0.5489 0.2431
vn 0.3312 0.9227 0.1972
vn 0.5974 0.6368 -0.4874
vn 0.5975 0.6368 -0.4874
vn -0.5975 0.6368 -0.4874
vn 0.5444 0.7179 -0.4339
vn 0.5511 0.7085 0.4408
vn -0.7499 0.2210 -0.6236
vn -0.7498 0.2211 -0.6236
vn 0.2055 -0.1107 -0.9724
vn 0.2672 0.8489 -0.4559
vn 0.1501 0.7666 -0.6243
vn 0.2203 0.9754 -0.0079
vn 0.2202 0.9754 -0.0079
vn -0.2203 0.9754 -0.0078
vn -0.2202 0.9754 -0.0079
vn -0.2672 0.8489 -0.4559
vn -0.4027 0.9002 0.1658
vn -0.4960 0.8660 0.0630
vn -0.1813 0.9142 0.3625
vn -0.9363 0.2911 -0.1967
vn -0.9930 0.0946 0.0709
vn 0.2276 0.2748 0.9342
vn -0.3152 -0.6305 0.7093
vn -0.5516 0.3152 -0.7722
vn -0.2996 0.0237 -0.9538
vn 0.2202 0.9754 -0.0078
vn -0.2202 0.9754 -0.0078
vn -0.2277 0.2748 0.9342
vn -0.2276 0.2748 0.9342
vn 0.5431 0.5274 -0.6534
vn -0.0236 0.7950 0.6061
vn 0.0158 0.8055 0.5923
vn -0.0236 0.5027 0.8641
vn 0.0158 0.8056 0.5923
vn 0.3452 0.5805 0.7374
vn -0.8109 0.5354 0.2362
vn -0.6990 0.0235 0.7147
vn 0.0945 0.1496 0.9842
vn 0.4338 0.4496 -0.7808
vn 0.2757 -0.9611 -0.0158
vn -0.4968 -0.8201 -0.2839
vn -0.8523 -0.2920 -0.4341
vn -0.5261 0.7460 -0.4083
vn -0.3301 0.7781 0.5344
vn -0.3301 0.7781 0.5345
vn 0.5681 0.6943 -0.4419
vn -0.3001 0.9083 0.2914
vn -0.0000 0.8976 0.4409
vn -0.0237 0.9079 0.4184
vn -0.0000 0.9154 0.4025
vn 0.0237 0.9079 0.4184
vn 0.0712 0.9256 0.3718
vn 0.4250 0.9051 -0.0158
vn 0.0393 0.9118 0.4087
vn -0.0000 0.9125 0.4091
vn -0.0393 0.9118 0.4088
vn -0.0000 0.9156 0.4020
vn -0.0393 0.9118 0.4087
vn -0.9737 -0.0000 0.2277
vn -0.9787 -0.0000 0.2052
vn -0.6623 0.4889 -0.5678
vn -0.0000 0.8975 0.4409
vn 0.0157 0.8895 0.4566
vn -0.0631 0.8911 0.4495
vn 0.4812 -0.0395 0.8757
vn -0.4813 -0.0394 0.8757
vn 0.6720 -0.3716 0.6405
vn 0.5742 -0.4247 0.7000
vn 0.3786 -0.4969 0.7808
vn 0.2757 -0.5277 0.8034
vn 0.3786 -0.4969 0.7809
vn 0.5741 -0.4247 0.7000
vn -0.0630 0.6857 -0.7251
vn 0.0709 0.6854 -0.7247
vn 0.1650 0.3771 -0.9114
vn -0.0629 0.8879 0.4557
vn -0.4027 0.9002 0.1659
vn 0.0237 0.9079 0.4185
vn -0.0157 0.8895 0.4566
vn 0.9930 0.0946 0.0709
vn 0.0709 0.6854 -0.7248
vn -0.0631 0.6857 -0.7251
vn 0.5663 0.5033 0.6527
vn -0.0631 0.4337 -0.8989
vn 0.4637 0.8253 0.3222
vn 0.4646 0.8820 0.0788
vn 0.5510 0.7085 0.4409
vn 0.7783 0.5188 0.3538
vn -0.4336 0.5125 -0.7412
vn 0.0314 0.9750 0.2201
vn -0.4491 0.5437 -0.7091
vn 0.5680 0.6944 -0.4418
vn 0.0551 0.9982 0.0236
vn 0.7891 0.5445 0.2842
vn -0.4417 0.4417 -0.7809
vn 0.0237 0.9959 0.0869
vn -0.7541 0.5263 0.3927
vn 0.8086 0.5024 0.3062
vn 0.0629 0.4557 -0.8879
vn -0.3853 0.8022 -0.4561
vn -0.5426 0.4875 0.6841
vn -0.9974 0.0157 -0.0707
vn 0.8324 0.5183 -0.1963
vn -0.8791 0.4552 -0.1412
vn 0.3001 0.9081 0.2921
vn -0.6000 -0.0632 0.7975
vn -0.0315 0.5119 0.8584
vn -0.7400 0.2362 0.6298
vn -0.8173 0.0550 -0.5736
vn -0.3149 0.4802 -0.8187
vn 0.1105 0.9939 -0.0000
vn 0.5279 0.6775 -0.5121
vn 0.2450 0.9565 -0.1581
vn 0.2451 0.9565 -0.1581
vn -0.2451 0.9565 -0.1581
vn -0.2450 0.9565 -0.1581
vn -0.2758 0.8903 0.3624
vn -0.5041 0.8585 0.0945
vn -0.5040 0.8585 0.0945
vn -0.2436 0.2278 -0.9427
vn -0.1573 0.9361 -0.3146
vn 0.5681 0.6943 -0.4418
vn 0.8146 0.0554 -0.5773
vn 0.8146 0.0554 -0.5774
vn 0.0474 0.9642 0.2608
vn -0.0472 0.9602 0.2755
vn -0.1972 0.9384 0.2839
vn -0.2199 0.2199 -0.9504
vn -0.1891 0.2916 -0.9377
vn -0.1967 0.2911 -0.9363
vn -0.1967 0.2911 -0.9362
vn -0.2832 0.1180 -0.9518
vn -0.3299 0.0550 -0.9424
vn 0.3066 0.9435 -0.1258
vn 0.4637 0.8253 0.3223
vn -0.3541 0.5823 -0.7318
vn 0.1809 0.3855 0.9048
vn 0.3927 0.5263 -0.7541
vn 0.7073 0.2908 -0.6444
vn 0.7021 0.2603 -0.6627
vn 0.7179 0.4023 -0.5680
vn 0.7179 0.4339 -0.5444
vn 0.7179 0.4024 -0.5680
vn 0.9565 -0.2450 -0.1581
vn 0.8667 -0.1339 -0.4806
vn -0.0315 0.8971 -0.4407
vn 0.0158 0.8974 -0.4409
vn 0.0157 0.8974 -0.4408
vn 0.8371 0.1659 0.5212
vn 0.9136 -0.1496 0.3780
vn 0.8371 0.1658 0.5213
vn 0.9136 -0.1496 0.3781
vn -0.7536 -0.1334 0.6437
vn 0.0553 0.9953 -0.0790
vn 0.3389 0.8039 0.4887
vn 0.1105 0.5366 0.8366
vn 0.3389 0.8040 0.4887
vn -0.2203 0.9754 -0.0079
vn -0.0552 0.9940 -0.0947
vn -0.9045 -0.1652 0.3932
vn -0.9045 -0.1651 0.3932
vn 0.9978 -0.0471 0.0471
vn 0.2203 0.9754 -0.0078
vn -0.1105 0.9155 0.3867
vn 0.7536 -0.1334 0.6437
vn -0.9163 -0.1501 -0.3713
vn -0.8278 0.1656 -0.5361
vn -0.7155 -0.3617 -0.5976
vn -0.6055 0.7550 0.2516
vn -0.6054 0.2752 0.7469
vn -0.0315 0.5119 0.8585
vn -0.0316 0.5453 0.8377
vn -0.8027 0.2282 0.5509
vn -0.0552 0.9940 -0.0946
vn -0.0472 0.9601 0.2755
vn -0.8676 -0.4811 0.1262
vn -0.0628 -0.4082 -0.9107
vn 0.0157 0.8974 -0.4409
vn -0.2525 0.8835 0.3945
vn -0.2525 0.8836 0.3944
vn 0.7861 0.0786 0.6131
vn 0.5679 0.5285 -0.6311
vn 0.9351 -0.3536 0.0236
vn 0.9663 -0.2514 0.0550
vn 0.9352 -0.3537 0.0157
vn 0.8845 -0.4659 -0.0237
vn 0.6370 0.7313 0.2438
vn -0.6370 0.7313 0.2438
vn -0.2356 -0.8170 0.5263
vn -0.1963 0.8324 0.5183
vn 0.5662 0.4089 0.7157
vn 0.5511 0.7085 0.4409
vn -0.7890 0.5602 0.2524
vn 0.4812 -0.0394 0.8757
vn 0.4179 0.2129 0.8832
vn 0.6455 -0.0157 0.7636
vn -0.4179 0.2129 0.8832
vn -0.4812 -0.0395 0.8757
vn -0.4812 -0.0394 0.8757
vn 0.2122 0.8331 0.5108
vn 0.9270 -0.1257 -0.3535
vn 0.7472 0.2359 -0.6213
vn -0.9354 -0.3537 -0.0000
vn -0.8424 -0.1102 -0.5275
vn -0.3537 0.5737 0.7387
vn -0.2609 0.5059 0.8222
vn -0.2608 0.5060 0.8222
vn 0.2598 0.8818 -0.3936
vn -0.2524 0.8836 0.3944
vn -0.5258 0.6748 0.5179
vn -0.2274 -0.7762 -0.5881
vn -0.2277 -0.0000 -0.9737
vn -0.0235 0.9966 -0.0785
vn 0.1260 0.0157 0.9919
vn 0.1491 0.6671 -0.7299
vn 0.1262 0.6312 -0.7653
vn 0.0237 -0.7814 -0.6235
vn 0.1809 -0.0314 -0.9830
vn -0.3459 0.8018 -0.4873
vn -0.9115 0.2907 -0.2908
vn -0.8278 0.1655 -0.5361
vn -0.3459 0.8018 -0.4874
vn 0.0158 0.8974 -0.4408
vn -0.5427 0.6056 0.5820
vn -0.0236 0.9966 -0.0785
vn 0.8684 -0.4815 -0.1184
vn -0.8372 -0.5371 -0.1027
vn -0.2517 -0.9596 0.1259
vn -0.3373 -0.0000 0.9414
vn -0.5516 0.3152 -0.7723
vn 0.1969 0.9689 0.1497
vn -0.1887 0.8964 -0.4010
vn -0.7729 0.3392 -0.5363
vn -0.9306 0.2918 -0.2208
vn -0.9388 0.1184 0.3235
vn -0.2047 0.9685 -0.1417
vn 0.5680 0.7179 0.4024
vn 0.5680 0.7180 0.4024
vn 0.1885 -0.9192 -0.3457
vn 0.8614 -0.5058 -0.0474
vn -0.5680 0.7180 0.4024
vn -0.8600 0.3945 0.3235
vn -0.5681 0.7179 0.4024
vn -0.1260 0.6693 -0.7323
vn 0.2598 0.8818 -0.3937
vn 0.1970 0.8589 0.4728
vn -0.1494 0.8966 0.4168
vn 0.9899 -0.0078 0.1414
vn 0.7716 -0.5117 0.3779
vn 0.8980 0.3072 -0.3151
vn -0.1417 -0.5197 0.8425
vn -0.4480 -0.4402 0.7781
vn 0.2439 -0.9444 -0.2204
vn 0.4710 -0.1806 0.8635
vn -0.8980 0.3072 -0.3151
vn -0.4559 -0.0550 -0.8883
vn 0.8905 0.4413 -0.1104
vn 0.2051 0.9151 -0.3471
vn 0.5257 0.6748 -0.5179
vn 0.1970 0.9689 0.1497
vn 0.5646 0.7998 0.2039
vn 0.7228 0.1021 -0.6835
vn 0.0315 0.1181 -0.9925
vn 0.8176 -0.3616 -0.4481
vn 0.8614 -0.5057 -0.0474
vn 0.0868 -0.1420 0.9861
vn 0.7959 0.3782 -0.4728
vn 0.8556 0.1963 -0.4789
vn 0.7886 0.4022 -0.4652
vn 0.6912 0.5734 -0.4399
vn 0.7959 0.3783 -0.4728
vn 0.5579 -0.2671 -0.7857
vn 0.5579 -0.2672 -0.7857
vn 0.5983 -0.1496 -0.7872
vn 0.9754 0.1809 0.1259
vn 0.9124 0.0157 -0.4090
vn 0.0471 -0.1413 0.9889
vn 0.2208 -0.1025 -0.9699
vn 0.4091 -0.9048 -0.1180
vn 0.1021 -0.9823 0.1571
vn -0.8286 -0.4262 -0.3630
vn -0.8304 -0.2428 -0.5014
vn -0.4978 -0.8296 -0.2529
vn -0.9872 -0.1579 -0.0237
vn 0.6766 0.5585 0.4799
vn -0.3069 0.1180 -0.9444
vn -0.2997 -0.0000 -0.9540
vn -0.7722 -0.4413 0.4571
vn 0.9588 0.1886 -0.2122
vn -0.1883 0.9102 -0.3688
vn -0.6198 0.0157 -0.7846
vn 0.8574 0.3225 -0.4012
vn 0.7472 0.2360 -0.6213
vn 0.3316 0.5922 -0.7343
vn 0.3066 0.8805 -0.3616
vn -0.3066 0.8805 -0.3616
vn 0.0550 0.7941 -0.6054
vn 0.6471 0.3473 -0.6787
vn 0.5041 0.6774 -0.5357
vn -0.0629 0.9677 0.2439
vn 0.8246 -0.0157 0.5655
vn 0.7727 0.2839 0.5677
vn 0.9363 0.2911 -0.1967
vn -0.4247 -0.4483 -0.7865
vn -0.3072 -0.9294 0.2047
vn -0.6397 -0.1263 -0.7582
vn -0.0314 0.9980 -0.0550
vn 0.6533 0.5431 -0.5274
vn 0.4710 -0.1805 0.8635
vn 0.4504 -0.1185 0.8849
vn 0.8372 0.1659 0.5212
vn -0.6623 0.4889 -0.5677
vn -0.6453 0.3542 -0.6768
vn -0.6627 0.4970 -0.5602
vn -0.8124 0.2918 -0.5048
vn -0.6627 0.4970 -0.5601
vn -0.7395 0.4799 -0.4720
vn -0.8731 0.0865 -0.4798
vn -0.8124 0.2919 -0.5048
vn -0.8825 0.0709 -0.4649
vn -0.9021 0.0078 -0.4314
vn 0.7743 0.1738 0.6084
vn -0.1964 -0.8723 0.4479
vn -0.9291 -0.1653 -0.3307
vn -0.7744 0.1738 0.6084
vn -0.7341 0.0158 0.6789
vn 0.1019 -0.9491 -0.2980
vn -0.9140 -0.1655 -0.3703
vn 0.7744 0.1738 0.6084
vn -0.3468 -0.0000 0.9379
vn -0.0000 0.9997 -0.0236
vn 0.0471 0.9899 -0.1335
vn 0.6765 0.5586 0.4799
vn -0.7743 0.1738 0.6084
vn 0.1660 -0.3635 0.9167
vn 0.6296 0.1810 0.7555
vn 0.0237 -0.3795 0.9249
vn 0.5665 0.5586 0.6058
vn -0.5257 0.6748 0.5179
vn -0.7400 0.2361 0.6298
vn 0.8581 0.4173 0.2992
vn 0.8372 0.1658 0.5212
vn 0.9754 0.1809 0.1258
vn -0.5343 0.6208 -0.5736
vn -0.7499 0.2211 -0.6236
vn -0.8242 0.4082 0.3925
vn 0.8668 -0.4964 -0.0473
vn 0.9900 -0.0000 0.1414
vn -0.6833 0.5577 -0.4713
vn 0.5346 -0.8018 0.2672
vn 0.7727 0.2838 0.5677
vn -0.9388 0.1183 0.3234
vn -0.9472 0.3157 0.0553
vn -0.2524 0.8836 0.3945
vn -0.4884 0.8666 0.1024
vn 0.7472 0.2359 -0.6214
vn 0.8574 0.3225 -0.4011
vn 0.7329 0.6147 -0.2916
vn -0.9472 0.3157 0.0552
vn -0.8048 0.5917 -0.0473
vn -0.9472 0.3158 0.0552
vn -0.9115 0.2908 -0.2908
vn -0.9115 0.2908 -0.2907
vn -0.2913 0.5197 -0.8031
vn -0.0157 0.9998 0.0157
vn -0.1258 0.9905 -0.0550
vn 0.9728 0.2040 0.1098
vn 0.9203 -0.1022 0.3775
vn 0.9203 -0.1022 0.3776
vn -0.9694 -0.1655 0.1813
vn -0.6833 0.5576 -0.4713
vn -0.4866 0.7456 -0.4552
vn -0.8916 -0.3393 -0.2999
vn -0.8491 0.3774 -0.3695
vn -0.6300 0.7717 -0.0866
vn 0.0394 -0.4563 -0.8890
vn 0.1976 0.0079 -0.9802
vn 0.7187 -0.0237 -0.6950
vn 0.7641 -0.0945 -0.6381
vn -0.3311 0.6308 0.7017
vn -0.3312 0.6308 0.7017
vn 0.3311 0.6308 0.7018
vn 0.5363 0.3392 0.7729
vn 0.3312 0.6308 0.7018
vn 0.0236 0.9982 0.0550
vn -0.8185 0.5587 -0.1338
vn 0.7500 0.2605 0.6080
vn 0.4572 -0.8672 -0.1971
vn 0.4879 0.7711 -0.4091
vn 0.4646 0.8820 0.0787
vn 0.1180 0.9048 -0.4091
vn 0.7026 0.4579 -0.5447
vn 0.4568 0.3072 0.8348
vn -0.1105 0.9155 0.3868
vn 0.0315 0.2756 0.9607
vn -0.4480 -0.4402 0.7782
vn -0.3398 -0.0000 0.9405
vn 0.9316 0.3000 -0.2053
vn 0.8023 0.1888 -0.5663
vn 0.8023 0.1887 -0.5664
vn -0.5681 0.7970 -0.2051
vn -0.2048 0.9685 -0.1417
vn 0.9404 0.3240 0.1028
vn 0.9899 -0.0079 0.1414
vn -0.1803 0.1959 -0.9639
vn 0.2440 0.2204 -0.9444
vn 0.4661 0.0079 0.8847
vn -0.7262 0.6394 0.2526
vn 0.7500 -0.2605 0.6079
vn 0.5579 -0.2671 -0.7858
vn 0.5588 0.1338 -0.8185
vn 0.7641 0.6381 0.0945
vn 0.3452 0.5805 0.7375
vn 0.6766 0.5586 0.4799
vn 0.6611 0.0630 0.7477
vn -0.3468 0.0079 0.9379
vn 0.8879 0.4557 -0.0629
vn 0.9589 0.1886 -0.2122
vn 0.1102 0.9838 -0.1417
vn 0.8247 -0.0078 0.5655
vn 0.7964 0.1262 0.5914
vn -0.4632 0.4789 0.7458
vn 0.8316 -0.5100 -0.2197
vn 0.8832 0.1341 -0.4495
vn 0.9125 -0.0079 -0.4090
vn 0.4944 0.8632 -0.1020
vn 0.1810 0.3855 0.9048
vn 0.0315 0.2756 0.9608
vn 0.5601 0.5365 0.6312
vn 0.0236 0.9997 0.0079
vn -0.6397 -0.1264 -0.7582
vn -0.6199 0.0078 -0.7847
vn -0.0236 0.1104 0.9936
vn 0.2046 0.3540 0.9126
vn 0.2045 0.3540 0.9126
vn 0.0157 0.5121 0.8588
vn 0.2277 0.2747 0.9342
vn 0.0236 0.1104 0.9936
vn -0.2046 0.3540 0.9126
vn -0.2045 0.3540 0.9126
vn -0.0158 0.5121 0.8588
vn -0.0158 0.3700 -0.9289
vn -0.7304 0.4869 -0.4790
vn -0.7303 0.4869 -0.4791
vn 0.4568 0.3072 0.8349
vn 0.4400 0.2436 0.8643
vn 0.4031 0.5453 -0.7350
vn 0.0629 0.4558 -0.8879
vn 0.1969 0.9689 0.1496
vn -0.4339 0.8993 -0.0552
vn 0.5581 -0.3616 -0.7468
vn 0.5441 0.3075 -0.7806
vn 0.2451 0.7905 -0.5613
vn -0.5681 0.7970 -0.2052
vn -0.8047 0.5917 -0.0473
vn -0.6833 0.5577 -0.4712
vn -0.4632 0.4788 0.7458
vn -0.6909 0.1099 0.7145
vn 0.0314 0.9749 0.2202
vn -0.6624 0.4889 -0.5677
vn 0.7783 0.5188 0.3537
vn -0.8047 0.5917 -0.0474
vn -0.7342 -0.0079 0.6789
vn -0.7502 0.1342 0.6475
vn -0.8673 0.3233 -0.3784
vn 0.9818 0.1728 0.0785
vn -0.2599 0.8034 -0.5356
vn 0.0158 0.9946 0.1026
vn -0.0630 0.9678 0.2439
vn -0.2609 0.5060 0.8222
vn 0.8247 -0.0079 0.5655
vn 0.7782 0.5188 0.3538
vn -0.5681 0.7969 -0.2052
vn -0.3539 0.9278 0.1179
vn -0.3538 0.9278 0.1179
vn 0.3535 0.9270 -0.1257
vn 0.9899 -0.0000 0.1414
vn -0.8028 -0.5509 0.2282
vn 0.9125 -0.0079 -0.4091
vn -0.8502 0.2755 0.4487
vn 0.7088 0.2836 -0.6459
vn 0.7641 0.0945 -0.6381
vn 0.7089 0.2835 -0.6458
vn 0.7000 0.3067 -0.6449
vn 0.6158 0.4816 -0.6236
vn 0.6158 0.4816 -0.6237
vn -0.4486 0.8736 -0.1889
vn 0.4167 -0.6918 -0.5897
vn -0.0157 0.9998 0.0158
vn 0.8879 0.4558 -0.0629
vn 0.7069 0.6126 -0.3534
vn 0.2208 0.9699 0.1025
vn -0.3402 0.8703 0.3560
vn -0.5425 0.4875 0.6841
vn -0.2670 0.9111 -0.3141
vn -0.8791 0.4552 -0.1413
vn -0.8673 0.3233 -0.3785
vn -0.7890 0.5602 0.2525
vn -0.0786 0.9433 -0.3224
vn -0.9390 0.2920 0.1815
vn -0.9978 -0.0472 -0.0472
vn 0.7411 0.1813 -0.6465
vn -0.5447 0.8131 -0.2052
vn -0.3877 0.7596 0.5222
vn -0.4964 0.7958 -0.3467
vn 0.9820 0.0078 -0.1886
vn 0.9902 -0.0864 0.1100
vn 0.9902 -0.0864 0.1101
vn 0.9288 -0.3621 -0.0787
vn -0.3687 0.8314 0.4157
vn -0.9291 -0.1654 -0.3307
vn -0.9391 0.2920 0.1815
vn -0.2435 0.2278 -0.9428
vn -0.3774 0.5975 -0.7076
vn -0.1417 0.9760 0.1653
vn 0.0158 0.5121 0.8588
vn -0.4263 -0.6552 0.6236
vn -0.9831 -0.0786 0.1652
vn -0.9918 -0.0866 -0.0945
vn -0.8523 -0.2920 -0.4340
vn 0.4071 0.5716 -0.7125
vn 0.8995 0.4103 0.1499
vn -0.8995 0.4103 0.1499
vn -0.9930 0.0945 0.0709
vn -0.6935 0.3625 -0.6226
vn -0.7722 0.4413 -0.4571
vn -0.5677 0.2839 -0.7727
vn -0.7667 0.5059 -0.3952
vn -0.7723 0.4413 -0.4571
vn -0.7652 0.5206 -0.3787
vn -0.7652 0.5207 -0.3787
vn 0.2050 0.9695 -0.1340
vn -0.0941 -0.9570 0.2745
vn -0.4722 0.4407 0.7634
vn -0.6055 0.7550 0.2517
vn 0.6054 0.5346 0.5896
vn 0.4894 0.7815 -0.3868
vn -0.0551 0.7940 -0.6054
vn -0.9694 0.0237 -0.2443
vn 0.4478 0.5264 -0.7228
vn -0.2686 0.8294 0.4898
vn -0.6533 0.5432 0.5274
vn -0.5206 -0.8360 0.1735
vn -0.9046 -0.2124 0.3697
vn -0.9978 -0.0471 -0.0471
vn 0.3465 -0.6144 -0.7089
vn 0.9263 -0.2198 -0.3061
vn 0.8887 0.1730 -0.4247
vn -0.9034 0.0629 0.4242
vn 0.9271 -0.2043 -0.3143
vn 0.9416 -0.0554 0.3323
vn 0.9125 0.1573 0.3776
vn 0.9559 -0.1185 -0.2686
vn 0.5440 0.3784 0.7489
vn -0.5384 0.3800 0.7522
vn 0.9552 0.0474 0.2921
vn -0.8533 -0.0079 0.5214
vn -0.9831 -0.0787 0.1652
vn 0.9177 -0.0870 -0.3876
vn 0.8815 -0.1889 -0.4329
vn 0.9436 0.0236 -0.3302
vn 0.9529 0.1260 -0.2757
vn 0.9436 0.0236 -0.3303
vn -0.9350 -0.3458 0.0786
vn -0.9918 -0.0866 -0.0944
vn -0.2600 -0.3546 0.8982
vn -0.8817 -0.2047 0.4251
vn 0.2675 0.9362 0.2281
vn 0.5680 0.7179 0.4023
vn 0.7570 0.6230 -0.1971
vn -0.5680 0.7179 0.4024
vn -0.2675 0.9362 0.2281
vn -0.7570 0.6229 -0.1971
vn -0.9019 -0.1177 -0.4157
vn 0.0157 0.5418 -0.8403
vn 0.9362 0.2911 -0.1967
vn 0.5418 0.0236 0.8402
vn 0.6456 0.0079 0.7637
vn 0.6789 -0.0079 0.7342
vn 0.5414 0.0471 0.8395
vn 0.3859 0.0472 0.9213
vn 0.5413 0.0471 0.8395
vn 0.3629 0.0394 0.9310
vn 0.4105 0.1895 0.8920
vn 0.3629 0.0395 0.9310
vn 0.3858 0.0472 0.9214
vn 0.4105 0.1894 0.8920
vn 0.4424 0.2212 0.8691
vn 0.4898 0.2686 0.8295
vn 0.7863 0.4168 -0.4561
vn -0.2131 -0.2053 -0.9552
vn 0.6611 0.0629 0.7477
vn 0.8595 0.3154 0.4022
vn -0.7972 0.4025 0.4499
vn -0.7429 0.2608 0.6165
vn 0.2828 0.9035 0.3221
vn 0.3535 0.9269 -0.1257
vn -0.4320 -0.7148 0.5499
vn 0.2675 0.9362 0.2282
vn 0.6370 0.7313 0.2437
vn 0.7239 0.2439 0.6453
vn 0.5033 0.8335 -0.2280
vn 0.6683 0.4324 0.6053
vn 0.5828 0.6773 0.4489
vn -0.8634 -0.0471 -0.5023
vn -0.8240 0.2903 -0.4866
vn -0.1883 -0.1805 -0.9654
vn -0.6587 0.4156 -0.6273
vn 0.5189 0.4796 -0.7076
vn 0.1974 0.9634 -0.1816
vn -0.5384 0.3800 0.7521
vn 0.9810 -0.1805 -0.0707
vn 0.7327 0.6776 -0.0631
vn -0.9362 0.2911 -0.1967
vn 0.8098 0.4795 -0.3381
vn 0.2440 0.2203 -0.9444
vn 0.4071 0.5715 -0.7125
vn 0.8511 -0.5201 0.0709
vn 0.9344 -0.3455 0.0864
vn 0.8511 -0.5202 0.0709
vn 0.8299 -0.5533 0.0711
vn 0.7057 -0.7057 0.0627
vn 0.7057 -0.7057 0.0628
vn 0.5500 0.5500 0.6285
vn 0.1809 -0.0315 -0.9830
vn 0.1809 0.4956 -0.8495
vn 0.1808 -0.0315 -0.9830
vn 0.0315 0.7561 -0.6537
vn 0.1962 0.1178 -0.9735
vn -0.0078 0.2591 -0.9658
vn -0.0079 0.1657 -0.9861
vn 0.1962 0.1177 -0.9735
vn 0.1578 0.2525 -0.9546
vn -0.6314 0.6078 -0.4815
vn -0.6056 0.7550 0.2516
vn 0.2825 -0.0628 0.9572
vn 0.1972 -0.0631 0.9783
vn 0.2210 -0.0947 0.9707
vn 0.9902 -0.0865 0.1100
vn 0.7240 0.2440 0.6453
vn 0.1258 0.9509 -0.2829
vn -0.4166 0.7624 0.4951
vn 0.9115 -0.2986 -0.2829
vn 0.3998 0.6036 0.6898
vn 0.3385 0.5274 0.7793
vn -0.1727 -0.0863 0.9812
vn -0.2202 0.0236 0.9752
vn -0.1581 -0.1186 0.9803
vn -0.0393 -0.1413 0.9892
vn -0.1727 -0.0864 0.9812
vn -0.0868 -0.1420 0.9861
vn 0.0079 0.0079 0.9999
vn -0.0392 -0.1413 0.9892
vn 0.0789 -0.0789 0.9938
vn -0.0628 0.0549 0.9965
vn -0.2532 -0.0633 0.9653
vn -0.1655 -0.1340 0.9771
vn 0.0315 0.5508 0.8340
vn 0.1415 0.6841 0.7155
vn 0.2917 0.9539 -0.0710
vn -0.7411 0.6465 -0.1813
vn 0.7305 0.6285 -0.2671
vn 0.0786 0.8258 0.5584
vn 0.0787 0.8258 0.5584
vn -0.0787 0.8258 0.5584
vn -0.0786 0.8258 0.5584
vn 0.3312 0.6308 0.7017
vn 0.7104 -0.2763 -0.6473
vn 0.6427 -0.2587 -0.7211
vn 0.7792 -0.3621 -0.5116
vn 0.5356 -0.2048 -0.8192
vn 0.3955 -0.1740 -0.9018
vn 0.5357 -0.2048 -0.8192
vn 0.4335 -0.1813 -0.8827
vn 0.1963 0.1178 -0.9735
vn 0.1977 -0.1740 -0.9647
vn -0.0157 -0.1182 -0.9929
vn 0.1963 0.1177 -0.9735
vn -0.3076 0.1577 -0.9384
vn -0.0079 0.1657 -0.9862
vn -0.0158 -0.1182 -0.9929
vn -0.1817 -0.0869 -0.9795
vn -0.3075 0.1577 -0.9384
vn -0.3946 -0.0789 -0.9155
vn -0.5747 0.1102 -0.8109
vn -0.5518 -0.1025 -0.8277
vn -0.7390 -0.1336 -0.6604
vn -0.8476 -0.2119 -0.4866
vn -0.8333 -0.2751 -0.4795
vn -0.7390 -0.1337 -0.6603
vn -0.9004 -0.2133 -0.3791
vn -0.9495 -0.0000 -0.3139
vn -0.7940 0.0550 -0.6054
vn -0.9377 -0.2915 -0.1891
vn -0.8955 -0.4163 -0.1571
vn -0.9004 -0.2132 -0.3791
vn -0.9434 -0.3223 -0.0786
vn -0.9837 -0.0866 -0.1574
vn -0.9377 -0.2916 -0.1891
vn 0.4004 -0.2827 0.8716
vn 0.5439 0.3784 0.7490
vn 0.5182 0.5889 0.6203
vn -0.6771 0.6613 0.3228
vn -0.3779 -0.5118 -0.7716
vn -0.6315 0.6078 -0.4815
vn -0.3162 0.7590 -0.5692
vn 0.1412 0.9335 0.3295
vn -0.5182 0.5888 0.6203
vn -0.3312 0.6308 0.7018
vn 0.5512 0.6930 0.4646
vn 0.9728 0.2040 0.1099
vn 0.2825 -0.2511 -0.9258
vn 0.9125 0.1574 0.3776
vn -0.3953 0.2135 -0.8934
vn -0.7719 0.5277 -0.3545
vn -0.7719 0.5277 -0.3544
vn -0.2274 0.7762 -0.5880
vn -0.0473 0.7334 -0.6782
vn -0.2278 -0.0000 -0.9737
vn 0.3872 0.2292 -0.8930
vn 0.3068 -0.0000 -0.9518
vn 0.1578 0.2525 -0.9547
vn 0.4569 0.3466 -0.8192
vn 0.1963 0.1178 -0.9734
vn 0.9728 0.2039 0.1098
vn -0.5996 0.7890 0.1341
vn -0.3402 0.8703 0.3561
vn 0.0235 0.9260 -0.3767
vn -0.5972 0.6051 0.5265
vn -0.4743 0.7826 -0.4031
vn -0.3294 0.7449 -0.5802
vn 0.6232 0.7731 0.1184
vn -0.4874 0.8489 0.2044
vn -0.4873 0.8490 0.2044
vn 0.6883 0.7042 0.1741
vn 0.2045 0.3541 0.9126
vn 0.5182 0.5888 0.6203
vn -0.0157 0.5121 0.8588
vn -0.5182 0.5889 0.6202
vn -0.3293 0.7449 -0.5802
vn -0.3383 0.7394 0.5821
vn -0.4743 0.7826 -0.4032
vn 0.1261 0.7093 0.6936
vn 0.7328 0.6776 -0.0630
vn 0.7500 0.2606 0.6079
vn 0.4568 0.8349 -0.3071
vn 0.7306 0.6284 -0.2671
vn -0.1260 0.6693 -0.7322
vn 0.5829 0.7798 0.2284
vn -0.5924 0.4897 -0.6398
vn 0.5443 0.7179 -0.4339
vn 0.6142 0.7165 0.3307
vn 0.8501 0.2755 0.4487
vn -0.6142 0.7166 0.3307
vn -0.8501 0.2755 0.4487
vn 0.5378 0.8067 0.2451
vn 0.5423 0.7467 -0.3851
vn 0.5800 0.7994 -0.1568
vn -0.6142 0.7165 0.3307
vn -0.1655 -0.1339 0.9771
vn -0.3235 -0.1183 0.9388
vn 0.4564 0.0315 0.8892
vn 0.4250 0.0157 0.9051
vn 0.4658 0.0316 0.8843
vn 0.4024 0.0237 0.9152
vn 0.3861 0.0315 0.9219
vn 0.5032 0.8335 -0.2281
vn 0.7864 0.4167 -0.4561
vn 0.2055 -0.1106 -0.9724
vn -0.5735 0.7463 0.3378
vn -0.4016 0.7797 0.4804
vn 0.5743 0.1967 -0.7946
vn -0.7411 0.6465 -0.1814
vn -0.3845 0.8788 -0.2825
vn 0.7303 0.0079 -0.6831
vn -0.6313 -0.6629 -0.4025
vn -0.4888 0.8672 0.0946
vn 0.9203 -0.1023 0.3776
vn 0.5423 0.7467 -0.3852
vn 0.5799 0.7994 -0.1568
vn 0.4555 0.8874 -0.0707
vn 0.7898 -0.0790 -0.6082
vn -0.4555 0.8874 -0.0707
vn -0.7570 0.6230 -0.1971
vn -0.5974 0.6368 -0.4874
vn -0.1337 0.7784 0.6133
vn 0.4894 0.7816 -0.3868
vn -0.7257 -0.2918 0.6231
vn 0.9124 0.0158 -0.4090
vn 0.5378 0.8066 0.2452
vn 0.1416 0.6841 0.7155
vn -0.0158 0.9998 0.0157
vn -0.6381 0.1812 -0.7484
vn 0.2209 -0.0947 0.9707
vn 0.4323 -0.2279 0.8724
vn -0.0000 0.6237 0.7817
vn 0.6606 0.6921 0.2909
vn -0.3852 0.6367 0.6681
vn -0.3852 0.6367 -0.6681
vn -0.6531 0.6924 0.3068
vn -0.1101 0.9908 0.0786
vn -0.2675 0.9362 0.2282
vn 0.1101 0.9908 0.0786
vn -0.7411 0.6464 -0.1813
vn -0.1336 0.7784 0.6133
vn -0.3382 0.7394 0.5821
vn 0.2824 -0.0628 0.9572
vn 0.4323 -0.2279 0.8725
vn 0.4824 -0.1028 0.8699
vn -0.5041 0.8506 -0.1497
vn 0.7570 0.6230 -0.1972
vn -0.0157 -0.1809 0.9834
vn 0.0869 -0.1817 0.9795
vn 0.4778 0.8695 -0.1253
vn 0.9316 0.3000 -0.2052
vn 0.5366 0.4024 0.7417
vn 0.4865 0.2904 0.8240
vn 0.6062 0.2913 0.7400
vn 0.6055 0.3932 0.6920
vn 0.5200 0.4255 0.7406
vn 0.6062 0.2913 0.7401
vn 0.7390 0.2201 0.6368
vn 0.8495 0.0944 0.5191
vn 0.8979 0.0787 0.4332
vn 0.6857 0.0631 0.7251
vn 0.5052 0.1342 0.8525
vn 0.4004 0.1021 0.9106
vn 0.4004 0.1020 0.9107
vn 0.1972 0.0631 0.9783
vn 0.6854 0.0628 0.7254
vn 0.5826 0.0551 0.8109
vn 0.6482 -0.1265 0.7509
vn 0.6857 0.0630 0.7251
vn 0.8979 0.0788 0.4332
vn 0.9045 -0.1652 0.3933
vn -0.9306 0.2918 -0.2209
vn -0.4730 0.8751 -0.1025
vn -0.9286 0.3699 -0.0315
vn 0.0236 0.9260 -0.3767
vn 0.2049 0.9696 -0.1340
vn 0.9404 0.3240 0.1027
vn 0.1735 -0.1656 0.9708
vn -0.0158 -0.1809 0.9834
vn 0.9149 0.3943 -0.0868
vn 0.9077 0.4026 -0.1184
vn 0.7315 0.4326 -0.5270
vn 0.9077 0.4025 -0.1184
vn 0.7110 0.4345 -0.5530
vn 0.7314 -0.0865 -0.6764
vn 0.7315 -0.0865 -0.6764
vn -0.3452 -0.0942 0.9338
vn -0.4094 -0.5747 0.7086
vn -0.4956 -0.1809 0.8495
vn -0.5299 0.0554 0.8462
vn -0.6619 -0.0394 0.7486
vn -0.5299 0.0554 0.8463
vn -0.6829 0.1099 0.7222
vn -0.6223 0.2757 0.7326
vn -0.8178 0.0393 0.5741
vn -0.8179 0.0393 0.5741
vn -0.8977 -0.1811 0.4016
vn -0.7313 0.2438 0.6370
vn -0.6042 0.3374 0.7219
vn -0.5738 0.3694 0.7310
vn -0.5582 0.3773 0.7390
vn -0.8278 0.2286 0.5124
vn -0.9558 0.0316 0.2923
vn -0.8277 0.2286 0.5124
vn -0.9944 -0.1026 0.0237
vn -0.9555 0.0790 0.2843
vn -0.9555 0.0789 0.2843
vn -0.8597 0.0789 0.5047
vn -0.6309 0.3470 0.6940
vn -0.5684 0.3868 0.7262
vn -0.4485 0.4091 0.7946
vn -0.5683 0.3868 0.7262
vn 0.1101 0.9908 0.0787
vn 0.8915 -0.0552 -0.4497
vn 0.7326 0.1891 -0.6538
vn 0.8485 0.0550 -0.5264
vn 0.5744 0.1967 -0.7946
vn 0.7326 0.1891 -0.6539
vn 0.6455 -0.0158 -0.7636
vn 0.7303 0.0078 -0.6831
vn 0.6884 0.7042 0.1741
vn 0.8757 -0.2998 0.3786
vn -0.3234 -0.1183 0.9388
vn -0.3939 -0.2285 0.8903
vn -0.8485 0.0550 -0.5264
vn 0.8098 0.4796 -0.3381
vn 0.2050 0.9696 -0.1340
vn -0.9510 0.1415 -0.2751
vn -0.7941 0.0550 -0.6053
vn -0.7575 0.6470 0.0868
vn 0.9552 0.0473 0.2921
vn 0.1257 0.9509 -0.2829
vn 0.1975 0.9633 -0.1816
vn 0.5441 0.3075 -0.7807
vn 0.7346 -0.1422 -0.6635
vn 0.8595 0.3155 0.4022
vn -0.9694 0.0237 -0.2444
vn -0.6054 0.2751 0.7469
vn -0.6056 0.7550 0.2517
vn 0.3295 -0.2511 0.9102
vn -0.7719 0.5278 -0.3545
vn -0.1495 0.8966 0.4168
vn 0.7327 0.6776 -0.0630
vn 0.1102 0.9838 -0.1416
vn 0.9283 0.0394 -0.3698
vn 0.0314 0.5508 0.8340
vn 0.8018 -0.0157 0.5974
vn 0.9546 0.1578 0.2525
vn 0.7267 0.2291 0.6477
vn 0.9547 0.1578 0.2525
vn 0.5656 0.5341 0.6284
vn 0.4971 0.6627 0.5601
vn 0.5655 0.5341 0.6284
vn 0.9760 0.0787 0.2031
vn 0.9897 -0.1414 0.0236
vn 0.9757 0.0787 0.2046
vn -0.2129 -0.2444 0.9460
vn 0.9420 -0.0628 -0.3297
vn 0.9750 0.0314 -0.2202
vn -0.0631 -0.9386 -0.3391
vn -0.0631 -0.9386 -0.3392
vn -0.9831 -0.0786 0.1651
vn 0.0552 -0.9390 -0.3393
vn 0.0552 -0.9391 -0.3393
vn -0.2128 -0.2444 0.9460
vn -0.0157 -0.1810 0.9834
vn 0.5800 0.7994 -0.1567
vn -0.6522 -0.2279 0.7229
vn 0.3295 -0.2511 0.9101
vn -0.6522 -0.2279 0.7230
vn 0.7728 0.2839 0.5677
vn 0.5378 0.8067 0.2452
vn 0.7728 0.2838 0.5677
vn -0.0629 0.9678 0.2439
vn 0.5032 0.8335 -0.2280
vn 0.7864 0.4168 -0.4560
vn 0.2917 0.9539 -0.0709
vn 0.0236 0.9982 0.0551
vn 0.9405 0.3240 0.1027
vn 0.9674 0.1494 -0.2045
vn 0.9750 0.0315 -0.2201
vn 0.9064 -0.4177 -0.0631
vn 0.8054 -0.5922 -0.0237
vn 0.7988 -0.6011 -0.0237
vn 0.6585 -0.7526 0.0078
vn 0.9064 -0.4177 -0.0630
vn -0.0158 -0.9222 -0.3863
vn 0.0157 -0.9222 -0.3863
vn 0.0158 -0.9223 -0.3863
vn -0.0474 -0.9241 -0.3791
vn -0.0474 -0.9241 -0.3792
vn -0.8372 -0.5449 -0.0474
vn -0.8371 -0.5450 -0.0474
vn 0.0474 -0.9241 -0.3791
vn 0.0474 -0.9241 -0.3792
vn 0.0787 -0.9288 -0.3621
vn -0.0787 -0.9288 -0.3621
vn -0.6300 0.7718 -0.0866
vn 0.0472 0.9899 -0.1335
vn 0.1026 -0.9320 -0.3475
vn -0.1027 -0.9320 -0.3475
vn -0.1184 -0.9388 -0.3234
vn -0.1183 -0.9388 -0.3235
vn 0.1183 -0.9388 -0.3235
vn -0.1338 -0.9448 -0.2992
vn 0.1338 -0.9448 -0.2991
vn 0.1338 -0.9448 -0.2992
vn -0.1418 -0.9530 -0.2678
vn 0.1418 -0.9530 -0.2678
vn -0.1416 -0.9594 -0.2438
vn 0.1416 -0.9594 -0.2438
vn -0.1417 -0.9685 -0.2047
vn -0.1417 -0.9685 -0.2048
vn 0.1417 -0.9685 -0.2048
vn 0.1417 -0.9685 -0.2047
vn 0.1337 -0.9758 -0.1731
vn 0.1339 -0.9758 -0.1731
vn -0.1337 -0.9758 -0.1731
vn -0.1338 -0.9758 -0.1731
vn -0.1179 -0.9829 -0.1415
vn -0.1179 -0.9829 -0.1416
vn 0.1179 -0.9829 -0.1415
vn -0.9633 -0.0000 -0.2685
vn 0.5818 -0.7076 -0.4010
vn 0.1020 -0.9887 -0.1098
vn -0.1020 -0.9887 -0.1098
vn -0.1020 -0.9887 -0.1099
vn 0.7302 0.0079 -0.6831
vn 0.5510 0.7085 0.4408
vn -0.9815 0.1099 -0.1570
vn -0.9815 0.1099 -0.1571
vn -0.4866 0.7456 -0.4553
vn -0.0945 -0.9924 -0.0788
vn -0.9350 -0.3457 0.0786
vn -0.4239 0.6673 0.6123
vn 0.0945 -0.9924 -0.0788
vn -0.9633 -0.0000 -0.2684
vn -0.9045 -0.2124 0.3697
vn -0.4722 0.4408 0.7634
vn -0.9291 -0.3307 -0.1654
vn -0.7940 0.0551 -0.6054
vn -0.8476 -0.2119 -0.4865
vn 0.9919 0.0158 -0.1260
vn 0.9820 0.0078 -0.1885
vn 0.0789 -0.9703 -0.2288
vn 0.0869 -0.9636 -0.2528
vn 0.0079 -0.9591 -0.2830
vn -0.0000 -0.9591 -0.2830
vn 0.0944 -0.2359 -0.9672
vn 0.2681 -0.4652 -0.8437
vn -0.0157 -0.4722 -0.8814
vn 0.2915 -0.5752 -0.7643
vn -0.0157 -0.4721 -0.8814
vn 0.2914 -0.5762 -0.7636
vn -0.0000 -0.5975 -0.8019
vn -0.1581 -0.1186 -0.9803
vn 0.0943 -0.2359 -0.9672
vn -0.2764 -0.4580 -0.8449
vn -0.0000 0.0157 -0.9999
vn -0.2978 -0.5877 -0.7523
vn -0.0000 0.0158 -0.9999
vn -0.0079 0.2591 -0.9658
vn 0.6455 -0.0157 -0.7636
vn 0.4728 -0.2285 -0.8510
vn -0.1658 0.2447 -0.9553
vn -0.1658 0.2448 -0.9553
vn 0.7978 -0.2212 -0.5609
vn 0.3873 0.2292 -0.8930
vn 0.8756 -0.2998 0.3787
vn 0.7302 0.0079 -0.6832
vn -0.6909 0.1100 0.7145
vn -0.7972 0.4026 0.4499
vn 0.0079 -0.9633 -0.2685
vn -0.0079 -0.9633 -0.2685
vn 0.4638 0.8253 0.3222
vn -0.9777 0.1735 0.1183
vn -0.9777 0.1734 0.1183
vn 0.8395 -0.1648 -0.5178
vn 0.8262 -0.3305 -0.4564
vn 0.8389 -0.4077 -0.3606
vn 0.4478 0.5263 -0.7228
vn 0.9263 -0.2198 -0.3062
vn 0.5662 0.4089 0.7156
vn -0.0789 -0.9703 -0.2288
vn -0.0869 -0.9636 -0.2527
vn -0.0869 -0.9636 -0.2528
vn -0.0789 -0.9703 -0.2287
vn -0.0630 -0.9614 -0.2679
vn -0.5344 0.6208 -0.5737
vn 0.7863 0.4167 -0.4561
vn -0.6456 -0.0000 -0.7637
vn -0.6465 -0.2365 -0.7253
vn -0.8201 -0.2839 -0.4968
vn -0.5745 -0.4486 -0.6847
vn -0.1576 -0.1184 -0.9804
vn -0.4103 -0.1499 -0.8995
vn -0.5041 0.8585 0.0946
vn -0.0316 -0.9558 -0.2923
vn -0.0158 -0.9562 -0.2924
vn -0.0237 -0.9538 -0.2995
vn 0.3067 0.9435 -0.1258
vn 0.9820 0.0079 -0.1886
vn 0.0235 -0.9567 -0.2901
vn 0.0157 -0.9517 -0.3067
vn -0.0000 -0.9612 -0.2757
vn 0.0235 -0.9567 -0.2902
vn 0.0236 -0.9515 -0.3067
vn 0.9419 -0.2041 -0.2669
vn 0.9283 0.0393 -0.3697
vn 0.9750 0.0315 -0.2202
vn 0.9283 0.0393 -0.3698
vn 0.7978 -0.2212 -0.5608
vn 0.9283 0.0394 -0.3697
vn 0.4879 0.7711 -0.4092
vn 0.0393 -0.9584 -0.2828
vn 0.0395 -0.9556 -0.2922
vn 0.0630 -0.9614 -0.2679
vn 0.0394 -0.9625 -0.2683
vn 0.0631 -0.9614 -0.2679
vn 0.0395 -0.9625 -0.2682
vn -0.0236 -0.9538 -0.2996
vn -0.0394 -0.9605 -0.2756
vn 0.0395 -0.9555 -0.2922
vn 0.7069 0.6126 -0.3535
vn -0.0000 -0.9563 -0.2924
vn -0.0395 -0.9625 -0.2683
vn -0.0394 -0.9625 -0.2683
vn 0.6684 -0.4089 0.6212
vn 0.6685 -0.4089 0.6212
vn 0.7017 -0.2996 0.6465
vn -0.5034 0.8496 0.1574
vn -0.4486 0.8735 -0.1889
vn 0.0550 -0.9740 -0.2199
vn 0.0395 -0.9625 -0.2683
vn 0.0394 -0.9625 -0.2682
vn 0.7500 0.2605 0.6079
vn -0.0000 -0.9570 -0.2902
vn -0.0000 -0.9612 -0.2758
vn -0.5040 0.8506 -0.1497
vn -0.5041 0.8506 -0.1496
vn 0.3377 0.8403 -0.4240
vn 0.0079 -0.9835 -0.1809
vn 0.0236 -0.9846 -0.1733
vn -0.0236 -0.9846 -0.1733
vn -0.0079 -0.9835 -0.1809
vn -0.0079 -0.9835 -0.1810
vn -0.0393 -0.9827 -0.1808
vn -0.0631 -0.9614 -0.2679
vn 0.0471 -0.9810 -0.1883
vn 0.0393 -0.9827 -0.1808
vn 0.0471 -0.9810 -0.1884
vn -0.0471 -0.9810 -0.1883
vn -0.0474 -0.9792 -0.1974
vn -0.0471 -0.9810 -0.1884
vn -0.0472 -0.9760 -0.2125
vn -0.0550 -0.9740 -0.2199
vn 0.0474 -0.9792 -0.1974
vn -0.4338 0.8993 -0.0552
vn 0.0472 -0.9760 -0.2125
vn -0.4631 0.4789 0.7458
vn 0.4568 0.8348 -0.3072
vn 0.6530 0.0551 0.7553
vn 0.8666 -0.1340 -0.4806
vn 0.0157 -0.9517 -0.3068
vn -0.6771 0.6614 0.3228
vn -0.7411 -0.1103 -0.6623
vn -0.4888 0.8673 0.0946
vn 0.8595 0.3154 0.4021
vn 0.5041 0.6775 -0.5357
vn 0.5041 0.6775 -0.5356
vn -0.0000 -0.9821 -0.1886
vn 0.0079 -0.9835 -0.1810
vn -0.0000 -0.9821 -0.1885
vn 0.4071 0.5715 -0.7124
vn 0.8098 0.4796 -0.3380
vn -0.9034 0.0628 0.4242
vn -0.7304 0.4869 -0.4791
vn -0.3854 0.8021 -0.4561
vn 0.3535 0.9269 -0.1256
vn -0.7354 -0.6405 0.2214
vn -0.8822 -0.1418 0.4489
vn -0.5188 -0.3538 0.7782
vn -0.5188 -0.3537 0.7782
vn 0.9048 -0.1626 0.3936
vn -0.9394 -0.2131 -0.2684
vn 0.9750 0.0314 -0.2201
vn -0.6630 -0.5051 -0.5525
vn -0.9394 -0.2132 -0.2684
vn 0.2681 -0.4652 -0.8436
vn -0.7996 -0.4860 0.3528
vn -0.9634 -0.0632 0.2606
vn -0.9341 -0.2983 0.1962
vn -0.9173 -0.3920 -0.0706
vn 0.9173 -0.3920 -0.0706
vn 0.9634 -0.0632 0.2606
vn 0.9341 -0.2983 0.1962
vn 0.7996 -0.4860 0.3528
vn -0.8491 -0.3774 0.3695
vn 0.5962 -0.4472 -0.6668
vn 0.7981 -0.2198 -0.5610
vn -0.0000 -0.1580 -0.9874
vn -0.1573 -0.3776 -0.9125
vn -0.1815 -0.1578 -0.9706
vn -0.0000 -0.3768 -0.9263
vn 0.1815 -0.1578 -0.9706
vn 0.1573 -0.3776 -0.9125
vn 0.4792 -0.6127 0.6284
vn -0.3143 -0.3928 -0.8643
vn -0.3536 -0.1729 -0.9193
vn -0.3143 -0.3928 -0.8642
vn 0.9109 -0.3848 0.1492
vn -0.0000 -0.1657 -0.9862
vn -0.1886 -0.1729 -0.9667
vn 0.1886 -0.1729 -0.9667
vn -0.4485 -0.4091 -0.7947
vn -0.5125 -0.1971 -0.8358
vn -0.3551 -0.1894 -0.9154
vn 0.3551 -0.1894 -0.9154
vn 0.3536 -0.1729 -0.9193
vn -0.5117 -0.2047 -0.8344
vn 0.5175 -0.2039 -0.8311
vn 0.5125 -0.1971 -0.8357
vn 0.5125 -0.1971 -0.8358
vn 0.6522 -0.2279 -0.7230
vn 0.5806 -0.4315 -0.6904
vn 0.4485 -0.4091 -0.7947
vn 0.9898 -0.1406 0.0226
vn 0.8946 -0.3845 -0.2276
vn -0.7889 -0.4576 0.4102
vn -0.5188 -0.3537 0.7783
vn -0.6522 -0.2279 -0.7230
vn -0.6547 -0.2367 -0.7179
vn -0.6522 -0.2279 -0.7229
vn -0.8735 -0.4013 -0.2754
vn -0.5806 -0.4315 -0.6904
vn -0.7639 -0.2599 -0.5907
vn -0.7639 -0.2599 -0.5906
vn -0.6756 -0.4635 -0.5734
vn -0.8736 -0.4722 -0.1180
vn -0.9312 -0.3630 0.0316
vn -0.8735 -0.4014 -0.2754
vn 0.8263 -0.4722 -0.3069
vn 0.7804 -0.4178 -0.4651
vn 0.7805 -0.4178 -0.4651
vn 0.6547 -0.2366 -0.7179
vn 0.5175 -0.2038 -0.8311
vn -0.1338 -0.5351 0.8341
vn -0.2757 -0.5277 0.8034
vn -0.1893 -0.6703 0.7176
vn 0.3143 -0.3928 -0.8643
vn 0.1891 -0.6067 -0.7721
vn 0.3143 -0.3928 -0.8642
vn 0.7639 -0.2599 -0.5907
vn 0.6706 -0.4576 -0.5838
vn -0.9313 -0.3628 0.0313
vn -0.7642 -0.2757 -0.5830
vn -0.6548 -0.2367 -0.7178
vn -0.7642 -0.2758 -0.5830
vn 0.2684 -0.5289 0.8051
vn 0.3228 -0.6693 0.6692
vn 0.4173 -0.5275 0.7400
vn 0.0630 -0.6694 0.7403
vn 0.1415 -0.5345 0.8332
vn 0.3228 -0.6692 0.6693
vn -0.0000 -0.5364 0.8440
vn -0.0000 -0.5511 0.8345
vn -0.1421 -0.5527 0.8212
vn -0.1892 -0.6703 0.7176
vn 0.7642 -0.2758 -0.5830
vn 0.6522 -0.2279 -0.7229
vn 0.6547 -0.2367 -0.7179
vn 0.7642 -0.2757 -0.5830
vn 0.7639 -0.2599 -0.5906
vn 0.0630 -0.6694 0.7402
vn 0.1421 -0.5527 0.8212
vn -0.3958 -0.6333 -0.6650
vn 0.6684 -0.4089 0.6213
vn 0.8058 -0.4266 0.4108
vn 0.7016 -0.2996 0.6465
vn -0.8447 -0.3237 -0.4263
vn -0.8503 -0.2992 -0.4330
vn -0.7509 -0.4901 -0.4427
vn -0.6755 -0.4635 -0.5734
vn -0.4083 -0.5261 0.7460
vn -0.5509 -0.5194 0.6532
vn -0.4406 -0.6766 0.5900
vn -0.2756 -0.5512 0.7875
vn -0.5745 -0.4486 -0.6846
vn 0.2756 -0.5513 0.7875
vn -0.9007 -0.3476 -0.2607
vn -0.7509 -0.4901 -0.4426
vn -0.8001 -0.5334 -0.2745
vn -0.2755 -0.5519 0.7871
vn -0.4167 -0.5504 0.7234
vn 0.7540 -0.4948 -0.4320
vn 0.5585 -0.6766 -0.4799
vn 0.8503 -0.2992 -0.4330
vn 0.8447 -0.3237 -0.4263
vn 0.2756 -0.5512 0.7875
vn 0.2684 -0.5289 0.8052
vn 0.4168 -0.5504 0.7234
vn 0.3228 -0.6693 0.6693
vn 0.5594 -0.6697 0.4885
vn 0.5509 -0.5194 0.6532
vn 0.1571 -0.4163 -0.8955
vn -0.0000 -0.4156 -0.9096
vn -0.1571 -0.4163 -0.8955
vn -0.3002 -0.4266 -0.8532
vn 0.3002 -0.4266 -0.8532
vn 0.6845 -0.5035 0.5271
vn -0.4405 -0.6766 0.5900
vn -0.6114 -0.6584 0.4389
vn -0.6114 -0.6584 0.4390
vn -0.6818 -0.5094 0.5251
vn -0.4402 -0.4480 -0.7781
vn -0.4402 -0.4480 -0.7782
vn 0.5900 -0.5428 -0.5978
vn 0.5899 -0.5427 -0.5978
vn 0.5962 -0.4471 -0.6668
vn 0.9155 -0.3946 -0.0789
vn 0.8956 -0.3614 -0.2593
vn 0.9173 -0.3920 -0.0705
vn 0.9007 -0.3476 -0.2607
vn 0.7955 -0.5356 -0.2835
vn 0.3938 -0.6380 -0.6617
vn 0.3938 -0.6382 -0.6616
vn 0.4402 -0.4480 -0.7781
vn 0.4402 -0.4480 -0.7782
vn -0.4168 -0.5504 0.7234
vn -0.4167 -0.5506 0.7233
vn -0.5523 -0.5445 0.6313
vn -0.9155 -0.3946 -0.0789
vn -0.8055 -0.5923 -0.0158
vn 0.5899 -0.5428 -0.5978
vn 0.8263 -0.4722 -0.3070
vn -0.8959 -0.3608 -0.2592
vn -0.8956 -0.3614 -0.2593
vn -0.8956 -0.3614 -0.2592
vn 0.5523 -0.5445 0.6313
vn -0.0710 -0.6393 0.7656
vn 0.0392 -0.6745 0.7372
vn -0.1814 -0.7337 0.6548
vn -0.5597 -0.4651 -0.6858
vn -0.5597 -0.4651 -0.6859
vn 0.5597 -0.4651 -0.6858
vn 0.5597 -0.4651 -0.6859
vn -0.8735 -0.4014 -0.2755
vn -0.6630 -0.5052 -0.5525
vn -0.8735 -0.4722 -0.1180
vn -0.7967 -0.4891 0.3550
vn -0.6818 -0.5094 0.5250
vn -0.7262 -0.6394 0.2526
vn 0.8711 -0.4787 -0.1099
vn -0.6845 -0.5272 0.5036
vn -0.6845 -0.5272 0.5035
vn 0.7967 -0.4891 0.3550
vn 0.7195 -0.6404 0.2688
vn -0.6553 -0.4974 -0.5685
vn 0.6845 -0.5272 0.5035
vn 0.6845 -0.5272 0.5036
vn 0.6553 -0.4974 -0.5685
vn -0.4406 -0.6766 0.5901
vn -0.3466 -0.8192 0.4569
vn -0.1495 -0.8104 0.5665
vn -0.8812 -0.4485 0.1495
vn -0.8056 -0.5923 -0.0158
vn -0.0710 -0.6394 0.7656
vn 0.1493 -0.6992 0.6992
vn 0.2120 -0.6988 0.6831
vn -0.8736 -0.4722 -0.1181
vn 0.8812 -0.4485 0.1495
vn 0.8082 -0.5885 -0.0235
vn -0.7315 -0.5270 -0.4326
vn 0.7315 -0.5270 -0.4326
vn 0.6845 -0.5036 0.5272
vn 0.6845 -0.5035 0.5272
vn 0.6845 -0.5271 0.5036
vn 0.3539 -0.6921 0.6291
vn 0.3934 -0.6845 0.6137
vn -0.3085 -0.6566 0.6882
vn -0.1815 -0.7337 0.6548
vn -0.4017 -0.6931 0.5986
vn -0.4789 -0.6908 0.5417
vn -0.7744 -0.5611 -0.2924
vn 0.7744 -0.5611 -0.2924
vn -0.5035 -0.6845 0.5272
vn -0.4319 -0.6831 0.5889
vn 0.4875 -0.6841 0.5426
vn 0.5035 -0.6845 0.5272
vn 0.4319 -0.6831 0.5889
vn 0.6393 -0.7656 -0.0710
vn 0.6393 -0.7656 -0.0711
vn 0.6300 -0.7166 -0.2992
vn 0.5740 -0.8020 0.1651
vn 0.7956 -0.5347 -0.2849
vn 0.8082 -0.5885 -0.0236
vn -0.7905 -0.6008 -0.1186
vn -0.7652 -0.6390 0.0789
vn -0.7660 -0.6397 0.0632
vn 0.7905 -0.6008 -0.1186
vn 0.7652 -0.6390 0.0789
vn 0.7660 -0.6397 0.0632
vn -0.6985 -0.6671 0.2590
vn -0.7089 -0.6617 0.2442
vn -0.6151 -0.6782 0.4022
vn -0.6012 -0.6803 0.4193
vn -0.6012 -0.6803 0.4192
vn 0.7089 -0.6617 0.2442
vn 0.6151 -0.6782 0.4022
vn 0.6985 -0.6671 0.2590
vn 0.6012 -0.6803 0.4193
vn 0.5035 -0.6845 0.5271
vn 0.6012 -0.6803 0.4192
vn -0.1891 -0.6067 -0.7721
vn -0.3143 -0.3929 -0.8642
vn -0.0000 -0.6063 -0.7953
vn -0.0001 -0.6053 -0.7960
vn 0.0551 -0.8109 0.5826
vn 0.4485 -0.4091 -0.7946
vn 0.0550 -0.8115 0.5818
vn 0.2520 -0.8112 0.5277
vn -0.6304 -0.7722 -0.0788
vn -0.6304 -0.7723 -0.0788
vn -0.5297 -0.8143 0.2372
vn -0.6126 -0.7069 -0.3535
vn -0.5285 -0.6705 -0.5206
vn 0.3939 -0.6380 -0.6617
vn 0.5586 -0.6766 -0.4799
vn -0.6127 -0.7069 -0.3534
vn -0.5287 -0.6703 -0.5207
vn -0.6127 -0.7069 -0.3535
vn 0.4405 -0.8181 0.3697
vn -0.0000 -0.9737 -0.2277
vt 0.622857 0.852594
vt 0.618663 0.848243
vt 0.615734 0.852469
vt 0.619680 0.859639
vt 0.613524 0.859078
vt 0.613697 0.867381
vt 0.620645 0.868755
vt 0.674406 0.848880
vt 0.671470 0.855008
vt 0.677239 0.853158
vt 0.667266 0.849975
vt 0.649314 0.842691
vt 0.643497 0.887716
vt 0.654374 0.886669
vt 0.663581 0.881745
vt 0.639032 0.843249
vt 0.659133 0.844990
vt 0.633097 0.884384
vt 0.668664 0.876380
vt 0.625170 0.877606
vt 0.671990 0.869305
vt 0.629552 0.846832
vt 0.673157 0.860253
vt 0.625118 0.842847
vt 0.670491 0.844977
vt 0.615494 0.873603
vt 0.618482 0.879383
vt 0.662697 0.840357
vt 0.678953 0.868052
vt 0.677046 0.874226
vt 0.673939 0.879930
vt 0.636764 0.838001
vt 0.627585 0.888636
vt 0.622564 0.884454
vt 0.669755 0.884928
vt 0.658842 0.892004
vt 0.664656 0.889009
vt 0.650057 0.837155
vt 0.646072 0.894291
vt 0.652548 0.893787
vt 0.633357 0.891751
vt 0.700038 0.860302
vt 0.699220 0.871107
vt 0.679306 0.859779
vt 0.539025 0.843354
vt 0.576670 0.837151
vt 0.543745 0.828141
vt 0.573000 0.848025
vt 0.551552 0.813115
vt 0.582647 0.826504
vt 0.537361 0.856880
vt 0.571684 0.857444
vt 0.572558 0.872454
vt 0.538861 0.878006
vt 0.753640 0.845635
vt 0.716481 0.838710
vt 0.719898 0.849594
vt 0.749318 0.830478
vt 0.741944 0.815406
vt 0.710771 0.827994
vt 0.731528 0.800687
vt 0.702676 0.817694
vt 0.719849 0.873918
vt 0.753245 0.879956
vt 0.754996 0.859036
vt 0.721014 0.858996
vt 0.562413 0.798555
vt 0.591019 0.816342
vt 0.597217 0.802156
vt 0.601936 0.807096
vt 0.576096 0.784813
vt 0.544015 0.898904
vt 0.576358 0.886881
vt 0.696836 0.803396
vt 0.718275 0.786678
vt 0.715821 0.888235
vt 0.747683 0.900512
vt 0.572133 0.857462
vt 0.593803 0.852446
vt 0.573458 0.848130
vt 0.592718 0.859177
vt 0.684533 0.803914
vt 0.675474 0.792496
vt 0.596594 0.844724
vt 0.577154 0.837364
vt 0.655455 0.794599
vt 0.601109 0.837251
vt 0.583066 0.826790
vt 0.618927 0.791751
vt 0.624840 0.796932
vt 0.582841 0.900307
vt 0.553461 0.918508
vt 0.720565 0.859005
vt 0.699096 0.853576
vt 0.719441 0.849689
vt 0.259359 0.942616
vt 0.259316 0.942637
vt 0.259359 0.942637
vt 0.259317 0.942616
vt 0.259402 0.942637
vt 0.259401 0.942616
vt 0.696480 0.845830
vt 0.715997 0.838910
vt 0.692147 0.838289
vt 0.710350 0.828267
vt 0.709082 0.901482
vt 0.738153 0.919943
vt 0.259462 0.942637
vt 0.259570 0.942633
vt 0.259476 0.942616
vt 0.259570 0.942602
vt 0.259282 0.942637
vt 0.271560 0.968728
vt 0.259256 0.942637
vt 0.266572 0.969051
vt 0.263933 0.969051
vt 0.262458 0.969051
vt 0.279424 0.969051
vt 0.259436 0.942637
vt 0.285603 0.969051
vt 0.288242 0.969051
vt 0.607387 0.830293
vt 0.591370 0.816689
vt 0.566621 0.935938
vt 0.591881 0.912222
vt 0.172008 0.969358
vt 0.173056 0.965848
vt 0.176067 0.969710
vt 0.172007 0.969358
vt 0.176066 0.969709
vt 0.647290 0.786844
vt 0.168718 0.962868
vt 0.686048 0.831214
vt 0.702319 0.818029
vt 0.724674 0.936977
vt 0.699884 0.913219
vt 0.259256 0.942616
vt 0.259277 0.942616
vt 0.259255 0.942594
vt 0.259462 0.942616
vt 0.259441 0.942616
vt 0.259463 0.942594
vt 0.162141 0.963994
vt 0.593323 0.870027
vt 0.583059 0.950473
vt 0.603162 0.922118
vt 0.167573 0.974518
vt 0.167573 0.974519
vt 0.573097 0.872369
vt 0.596087 0.880418
vt 0.576863 0.886695
vt 0.708260 0.951300
vt 0.688436 0.922898
vt 0.602211 0.807497
vt 0.615396 0.824232
vt 0.719313 0.873823
vt 0.696264 0.881416
vt 0.715321 0.888040
vt 0.691736 0.808604
vt 0.678203 0.824982
vt 0.177423 0.973646
vt 0.177424 0.973647
vt 0.635191 0.913913
vt 0.639619 0.893668
vt 0.624951 0.910667
vt 0.602162 0.961465
vt 0.616238 0.929590
vt 0.689066 0.962190
vt 0.675225 0.930114
vt 0.623139 0.968396
vt 0.630615 0.934304
vt 0.667817 0.969009
vt 0.660772 0.934539
vt 0.177269 0.980173
vt 0.177267 0.980172
vt 0.843894 0.645057
vt 0.834273 0.676206
vt 0.819660 0.647201
vt 0.813027 0.678086
vt 0.645394 0.971283
vt 0.645682 0.935968
vt 0.290971 0.966516
vt 0.289610 0.966515
vt 0.289609 0.969051
vt 0.291375 0.963764
vt 0.261084 0.966516
vt 0.262565 0.966516
vt 0.260731 0.963764
vt 0.678545 0.801025
vt 0.668785 0.820057
vt 0.259283 0.942594
vt 0.259303 0.942586
vt 0.259276 0.942570
vt 0.600854 0.890014
vt 0.583297 0.900028
vt 0.259435 0.942594
vt 0.259415 0.942586
vt 0.259441 0.942570
vt 0.162175 0.956284
vt 0.738676 0.648480
vt 0.718978 0.678027
vt 0.712383 0.647134
vt 0.742029 0.679207
vt 0.691322 0.890898
vt 0.708633 0.901195
vt 0.822719 0.722155
vt 0.795384 0.724200
vt 0.789975 0.679237
vt 0.793366 0.648514
vt 0.171633 0.960971
vt 0.168810 0.958526
vt 0.766001 0.679615
vt 0.755908 0.724817
vt 0.766020 0.648946
vt 0.607433 0.898463
vt 0.592271 0.911858
vt 0.259242 0.942616
vt 0.259235 0.942594
vt 0.259483 0.942594
vt 0.726887 0.723668
vt 0.179672 0.971577
vt 0.179671 0.971577
vt 0.684595 0.899209
vt 0.699500 0.912850
vt 0.175115 0.966071
vt 0.174243 0.963594
vt 0.169380 0.954983
vt 0.177180 0.968305
vt 0.179520 0.970192
vt 0.179521 0.970192
vt 0.177180 0.968306
vt 0.259248 0.942637
vt 0.259237 0.942616
vt 0.259230 0.942594
vt 0.259232 0.942570
vt 0.259228 0.942563
vt 0.603471 0.921684
vt 0.615572 0.905442
vt 0.645868 0.915032
vt 0.676336 0.906021
vt 0.688135 0.922459
vt 0.616455 0.929103
vt 0.259359 0.942594
vt 0.259326 0.942585
vt 0.259392 0.942585
vt 0.666867 0.911059
vt 0.675019 0.929622
vt 0.630728 0.933782
vt 0.260083 0.963764
vt 0.656568 0.914109
vt 0.660668 0.934015
vt 0.259563 0.942571
vt 0.259578 0.942571
vt 0.645688 0.935186
vt 0.104652 0.968857
vt 0.103106 0.968483
vt 0.103906 0.969410
vt 0.104359 0.966799
vt 0.103901 0.970641
vt 0.104846 0.970331
vt 0.177466 0.966928
vt 0.021797 0.972371
vt 0.022495 0.973624
vt 0.020166 0.973506
vt 0.033347 0.958030
vt 0.030965 0.969354
vt 0.040754 0.961255
vt 0.040753 0.961254
vt 0.025431 0.971666
vt 0.104476 0.967282
vt 0.104633 0.969058
vt 0.103939 0.969260
vt 0.025462 0.969949
vt 0.017321 0.961352
vt 0.021367 0.959445
vt 0.020746 0.960546
vt 0.018575 0.961981
vt 0.031190 0.969449
vt 0.018215 0.970136
vt 0.017296 0.971297
vt 0.024155 0.961680
vt 0.025456 0.961710
vt 0.026164 0.965534
vt 0.103057 0.968675
vt 0.103153 0.969969
vt 0.016768 0.965183
vt 0.027112 0.966778
vt 0.023130 0.968838
vt 0.030779 0.969384
vt 0.163731 0.950857
vt 0.104342 0.970445
vt 0.022756 0.964739
vt 0.270848 0.861780
vt 0.262502 0.861297
vt 0.269921 0.878883
vt 0.269977 0.843764
vt 0.106123 0.969359
vt 0.181756 0.974394
vt 0.181757 0.974395
vt 0.106059 0.970089
vt 0.103387 0.971493
vt 0.027702 0.959222
vt 0.183976 0.980089
vt 0.183973 0.980089
vt 0.015645 0.966232
vt 0.106576 0.968564
vt 0.106770 0.966970
vt 0.270846 0.860896
vt 0.262502 0.861284
vt 0.269531 0.878879
vt 0.269924 0.843773
vt 0.259249 0.942559
vt 0.043324 0.967519
vt 0.101765 0.969259
vt 0.269531 0.859499
vt 0.262502 0.861305
vt 0.269920 0.878883
vt 0.262502 0.843815
vt 0.270428 0.861372
vt 0.262502 0.862994
vt 0.270002 0.843769
vt 0.289609 0.963764
vt 0.101803 0.966916
vt 0.023965 0.986869
vt 0.023278 0.987434
vt 0.020032 0.985092
vt 0.018921 0.984916
vt 0.018354 0.980679
vt 0.017670 0.979772
vt 0.019905 0.976949
vt 0.030262 0.978725
vt 0.029860 0.981733
vt 0.028924 0.977731
vt 0.106533 0.965962
vt 0.107924 0.967456
vt 0.107977 0.968251
vt 0.023279 0.987434
vt 0.172880 0.959677
vt 0.175940 0.964039
vt 0.022271 0.975385
vt 0.022968 0.974474
vt 0.025538 0.975360
vt 0.027547 0.975251
vt 0.030415 0.982812
vt 0.027948 0.986223
vt 0.027848 0.985431
vt 0.019485 0.976110
vt 0.020548 0.975438
vt 0.029061 0.976637
vt 0.030649 0.979796
vt 0.025111 0.974365
vt 0.103135 0.969937
vt 0.101762 0.971754
vt 0.100666 0.970231
vt 0.105628 0.972182
vt 0.106139 0.971808
vt 0.269531 0.859473
vt 0.269531 0.878874
vt 0.261648 0.878804
vt 0.262502 0.858619
vt 0.103418 0.965110
vt 0.108314 0.971387
vt 0.108739 0.969609
vt 0.262502 0.861311
vt 0.262486 0.878808
vt 0.269531 0.859400
vt 0.105055 0.965232
vt 0.031336 0.969663
vt 0.261912 0.843776
vt 0.270425 0.859431
vt 0.262502 0.858617
vt 0.269531 0.843771
vt 0.262502 0.878883
vt 0.269531 0.843778
vt 0.262502 0.843809
vt 0.265952 0.861340
vt 0.261606 0.843804
vt 0.030815 0.969595
vt 0.269531 0.878877
vt 0.262502 0.862969
vt 0.270427 0.861366
vt 0.269939 0.843764
vt 0.262502 0.858601
vt 0.262502 0.843776
vt 0.270829 0.859806
vt 0.015947 0.269912
vt 0.034448 0.371507
vt 0.030869 0.373582
vt 0.025561 0.269534
vt 0.265951 0.861326
vt 0.262502 0.878847
vt 0.269906 0.878880
vt 0.010883 0.020516
vt 0.010656 0.021601
vt 0.010656 0.020512
vt 0.010883 0.021624
vt 0.269879 0.878893
vt 0.108117 0.969857
vt 0.259487 0.942564
vt 0.259480 0.942561
vt 0.262566 0.963764
vt 0.264398 0.963764
vt 0.265002 0.966516
vt 0.270833 0.860902
vt 0.262502 0.862903
vt 0.179732 0.968580
vt 0.276561 0.856714
vt 0.267912 0.856016
vt 0.269531 0.878901
vt 0.261670 0.878803
vt 0.259490 0.942563
vt 0.259481 0.942520
vt 0.259468 0.942494
vt 0.259488 0.942594
vt 0.269901 0.843789
vt 0.265514 0.860159
vt 0.262502 0.843784
vt 0.269904 0.878878
vt 0.261769 0.878851
vt 0.262502 0.858438
vt 0.103799 0.972602
vt 0.261919 0.867898
vt 0.265572 0.878902
vt 0.269531 0.863199
vt 0.269531 0.859479
vt 0.261902 0.843776
vt 0.269937 0.843764
vt 0.262502 0.858620
vt 0.099873 0.968185
vt 0.100392 0.965718
vt 0.262502 0.863583
vt 0.269531 0.867651
vt 0.269531 0.843677
vt 0.030945 0.969652
vt 0.287173 0.966516
vt 0.287777 0.963764
vt 0.262502 0.843816
vt 0.030606 0.969249
vt 0.269915 0.843772
vt 0.261903 0.843773
vt 0.264909 0.861355
vt 0.269531 0.843769
vt 0.269531 0.859495
vt 0.262502 0.858638
vt 0.261899 0.843776
vt 0.269531 0.863951
vt 0.270051 0.878904
vt 0.262502 0.878875
vt 0.262502 0.858892
vt 0.261626 0.878841
vt 0.269924 0.878880
vt 0.261643 0.878804
vt 0.269531 0.843782
vt 0.272028 0.862990
vt 0.103840 0.964526
vt 0.261905 0.843826
vt 0.261646 0.878798
vt 0.269531 0.878875
vt 0.105840 0.964640
vt 0.107518 0.965701
vt 0.015766 0.974889
vt 0.016942 0.977463
vt 0.015595 0.979000
vt 0.016761 0.975598
vt 0.663422 0.796014
vt 0.647192 0.794337
vt 0.022812 0.984002
vt 0.021507 0.982981
vt 0.022676 0.983062
vt 0.022061 0.982295
vt 0.269987 0.878889
vt 0.261908 0.878901
vt 0.269918 0.843773
vt 0.261605 0.843797
vt 0.262502 0.861226
vt 0.259359 0.942560
vt 0.270798 0.866864
vt 0.262502 0.859058
vt 0.269531 0.859501
vt 0.265653 0.878888
vt 0.262502 0.862801
vt 0.021771 0.981398
vt 0.020891 0.981418
vt 0.021799 0.980475
vt 0.268210 0.966516
vt 0.269926 0.843774
vt 0.021067 0.979722
vt 0.026567 0.979045
vt 0.025159 0.977641
vt 0.026562 0.976713
vt 0.025133 0.979666
vt 0.261648 0.878798
vt 0.261899 0.843773
vt 0.261673 0.843853
vt 0.267925 0.866657
vt 0.269531 0.843756
vt 0.262502 0.843897
vt 0.269878 0.843763
vt 0.073288 0.304126
vt 0.099261 0.373650
vt 0.055306 0.373650
vt 0.630916 0.795588
vt 0.452514 0.373650
vt 0.408559 0.373650
vt 0.434532 0.304126
vt 0.023575 0.983575
vt 0.024373 0.984358
vt 0.265509 0.878858
vt 0.100735 0.971703
vt 0.025221 0.981380
vt 0.026423 0.980655
vt 0.259252 0.942494
vt 0.259248 0.942494
vt 0.259246 0.942499
vt 0.269983 0.878900
vt 0.262502 0.878825
vt 0.181701 0.971339
vt 0.261915 0.843808
vt 0.269893 0.843754
vt 0.261604 0.878858
vt 0.269917 0.878884
vt 0.261604 0.843805
vt 0.103823 0.973625
vt 0.023288 0.958892
vt 0.024868 0.959895
vt 0.262502 0.878884
vt 0.102021 0.964631
vt 0.615634 0.800217
vt 0.473372 0.371507
vt 0.025347 0.975514
vt 0.026419 0.975117
vt 0.259458 0.942494
vt 0.259469 0.942559
vt 0.021810 0.978581
vt 0.022109 0.979613
vt 0.276561 0.865863
vt 0.267270 0.866511
vt 0.269531 0.843764
vt 0.261916 0.843831
vt 0.024953 0.961530
vt 0.259304 0.942539
vt 0.259327 0.942535
vt 0.259414 0.942539
vt 0.259391 0.942535
vt 0.283536 0.965330
vt 0.276561 0.865920
vt 0.261914 0.843775
vt 0.270045 0.843756
vt 0.261606 0.878853
vt 0.261666 0.878819
vt 0.269899 0.878881
vt 0.272591 0.859947
vt 0.279870 0.878903
vt 0.269531 0.878904
vt 0.276561 0.843758
vt 0.276561 0.866082
vt 0.266024 0.863428
vt 0.265853 0.843756
vt 0.269939 0.843763
vt 0.102182 0.973208
vt 0.259453 0.942494
vt 0.259462 0.942494
vt 0.259440 0.942494
vt 0.261665 0.843838
vt 0.108615 0.971509
vt 0.107479 0.973094
vt 0.178703 0.966058
vt 0.022944 0.977811
vt 0.022692 0.978910
vt 0.259441 0.942495
vt 0.261905 0.843777
vt 0.280259 0.865898
vt 0.265996 0.858680
vt 0.280210 0.853460
vt 0.024954 0.983651
vt 0.025660 0.984066
vt 0.276561 0.861341
vt 0.272210 0.878903
vt 0.265999 0.858665
vt 0.283590 0.854949
vt 0.279179 0.861307
vt 0.272231 0.878903
vt 0.265996 0.858632
vt 0.272742 0.843758
vt 0.259273 0.942495
vt 0.259256 0.942494
vt 0.265474 0.843786
vt 0.272778 0.843758
vt 0.276561 0.861194
vt 0.266712 0.860047
vt 0.280222 0.869209
vt 0.269531 0.878907
vt 0.272698 0.856777
vt 0.276561 0.854272
vt 0.280469 0.878695
vt 0.265437 0.862795
vt 0.099275 0.969913
vt 0.266192 0.878899
vt 0.272232 0.878903
vt 0.259277 0.942494
vt 0.261910 0.878848
vt 0.269888 0.878902
vt 0.265490 0.878887
vt 0.105807 0.974125
vt 0.188218 0.978676
vt 0.276561 0.843751
vt 0.265801 0.843755
vt 0.188217 0.978676
vt 0.283590 0.863617
vt 0.279339 0.843757
vt 0.272334 0.859792
vt 0.265822 0.843756
vt 0.279157 0.878692
vt 0.265351 0.878924
vt 0.273187 0.861414
vt 0.259425 0.942494
vt 0.279306 0.843757
vt 0.265629 0.843757
vt 0.016619 0.979766
vt 0.272338 0.843756
vt 0.287283 0.843754
vt 0.276561 0.866035
vt 0.266211 0.878901
vt 0.265770 0.862534
vt 0.030710 0.969536
vt 0.165811 0.947611
vt 0.259235 0.942543
vt 0.279049 0.843757
vt 0.272744 0.843758
vt 0.276561 0.861344
vt 0.266007 0.858655
vt 0.259442 0.942545
vt 0.283590 0.856637
vt 0.042749 0.972882
vt 0.265847 0.878900
vt 0.024682 0.977598
vt 0.023525 0.978413
vt 0.174855 0.959851
vt 0.259293 0.942494
vt 0.280016 0.878766
vt 0.279859 0.878903
vt 0.265835 0.878904
vt 0.027385 0.975432
vt 0.028436 0.977178
vt 0.027242 0.980296
vt 0.279932 0.878902
vt 0.279246 0.866014
vt 0.271748 0.843753
vt 0.038056 0.983189
vt 0.037043 0.980916
vt 0.038229 0.977929
vt 0.276561 0.866106
vt 0.272197 0.878901
vt 0.269531 0.858615
vt 0.262502 0.843754
vt 0.280017 0.878766
vt 0.272223 0.878903
vt 0.283590 0.878898
vt 0.108718 0.966565
vt 0.278644 0.879028
vt 0.279342 0.878900
vt 0.265377 0.878901
vt 0.105432 0.964016
vt 0.027489 0.985017
vt 0.028436 0.981885
vt 0.028614 0.984723
vt 0.276561 0.865865
vt 0.259235 0.942525
vt 0.038070 0.974222
vt 0.037043 0.976248
vt 0.036873 0.973627
vt 0.279049 0.843756
vt 0.264901 0.843742
vt 0.279345 0.843757
vt 0.265029 0.843755
vt 0.031010 0.969749
vt 0.102422 0.974167
vt 0.041149 0.975798
vt 0.039588 0.977044
vt 0.037907 0.978317
vt 0.037908 0.978317
vt 0.030760 0.969612
vt 0.267253 0.963764
vt 0.283590 0.843758
vt 0.261849 0.843765
vt 0.265373 0.878882
vt 0.278584 0.878902
vt 0.283590 0.854960
vt 0.036757 0.985473
vt 0.036858 0.983790
vt 0.104054 0.974308
vt 0.184411 0.973847
vt 0.259576 0.942571
vt 0.283590 0.856602
vt 0.278813 0.966516
vt 0.262502 0.858721
vt 0.109442 0.968570
vt 0.178249 0.963269
vt 0.283590 0.859030
vt 0.024577 0.978245
vt 0.262502 0.858635
vt 0.031492 0.969964
vt 0.000000 0.000000
vt 0.031493 0.969964
vt 0.276561 0.856736
vt 0.259276 0.942545
vt 0.283590 0.878906
vt 0.030514 0.969351
vt 0.099907 0.972036
vt 0.098964 0.969940
vt 0.272773 0.843758
vt 0.283590 0.854965
vt 0.283590 0.866014
vt 0.283590 0.858419
vt 0.025663 0.978530
vt 0.026293 0.978219
vt 0.028822 0.986406
vt 0.026239 0.983039
vt 0.026712 0.983317
vt 0.274099 0.963764
vt 0.283590 0.843752
vt 0.272006 0.963764
vt 0.262502 0.863433
vt 0.257602 0.878927
vt 0.262502 0.858581
vt 0.258810 0.878900
vt 0.028760 0.973428
vt 0.028551 0.975141
vt 0.017002 0.973740
vt 0.086095 0.189283
vt 0.050049 0.173923
vt 0.037077 0.978562
vt 0.482259 0.269534
vt 0.457771 0.173923
vt 0.421725 0.189283
vt 0.280169 0.963764
vt 0.182630 0.969420
vt 0.182630 0.969419
vt 0.279186 0.863668
vt 0.278627 0.843627
vt 0.259359 0.942520
vt 0.171613 0.953929
vt 0.030890 0.197579
vt 0.010883 0.019810
vt 0.010656 0.019577
vt 0.255472 0.878608
vt 0.279231 0.856647
vt 0.257505 0.843733
vt 0.258899 0.878901
vt 0.102738 0.974850
vt 0.105528 0.974326
vt 0.279233 0.856676
vt 0.279244 0.865945
vt 0.257876 0.878921
vt 0.286882 0.856810
vt 0.028396 0.979505
vt 0.259317 0.942494
vt 0.258835 0.878900
vt 0.027002 0.981787
vt 0.027400 0.982248
vt 0.027616 0.980742
vt 0.098798 0.967216
vt 0.285544 0.963764
vt 0.255472 0.878605
vt 0.258825 0.878899
vt 0.257871 0.878922
vt 0.257504 0.843734
vt 0.278585 0.878902
vt 0.258249 0.843755
vt 0.280201 0.963764
vt 0.285545 0.963764
vt 0.290971 0.963764
vt 0.291809 0.963764
vt 0.290979 0.963764
vt 0.287636 0.963764
vt 0.257506 0.843731
vt 0.276561 0.879083
vt 0.278649 0.843630
vt 0.279214 0.868676
vt 0.288118 0.843756
vt 0.047618 0.637315
vt 0.026489 0.642233
vt 0.049547 0.630493
vt 0.021457 0.637250
vt 0.032546 0.644795
vt 0.043673 0.642172
vt 0.038986 0.644570
vt 0.048961 0.623140
vt 0.019335 0.633751
vt 0.045818 0.616393
vt 0.017778 0.630915
vt 0.018518 0.633410
vt 0.017537 0.626321
vt 0.018257 0.619275
vt 0.038977 0.610353
vt 0.021306 0.613448
vt 0.031517 0.608402
vt 0.026422 0.609529
vt 0.290620 0.866082
vt 0.257507 0.843731
vt 0.099896 0.973021
vt 0.177104 0.312999
vt 0.298987 0.364237
vt 0.177177 0.373650
vt 0.026560 0.979267
vt 0.027177 0.979206
vt 0.258373 0.843759
vt 0.279181 0.856849
vt 0.023938 0.963373
vt 0.278638 0.878954
vt 0.278637 0.878954
vt 0.288388 0.843752
vt 0.259408 0.942494
vt 0.259359 0.942494
vt 0.134791 0.220951
vt 0.279235 0.856721
vt 0.030863 0.969662
vt 0.030836 0.969691
vt 0.030879 0.969700
vt 0.259388 0.942494
vt 0.259330 0.942494
vt 0.259310 0.942494
vt 0.259265 0.942494
vt 0.259250 0.942494
vt 0.270871 0.861282
vt 0.283590 0.861330
vt 0.288539 0.878954
vt 0.288540 0.843704
vt 0.278653 0.843632
vt 0.111209 0.970750
vt 0.278651 0.843630
vt 0.274047 0.963764
vt 0.280178 0.963764
vt 0.269193 0.963764
vt 0.261204 0.963764
vt 0.264665 0.963764
vt 0.260366 0.963764
vt 0.260183 0.963764
vt 0.260193 0.963764
vt 0.278648 0.843628
vt 0.278639 0.843626
vt 0.278637 0.843626
vt 0.027073 0.980327
vt 0.106240 0.962382
vt 0.290620 0.866035
vt 0.279080 0.878957
vt 0.279217 0.868618
vt 0.168915 0.945853
vt 0.168913 0.945854
vt 0.030804 0.969633
vt 0.069529 0.125060
vt 0.315946 0.274440
vt 0.010212 0.019327
vt 0.253263 0.878718
vt 0.290620 0.861341
vt 0.100769 0.962664
vt 0.030688 0.969574
vt 0.290620 0.859072
vt 0.006196 0.019851
vt 0.005852 0.020410
vt 0.005925 0.020410
vt 0.006156 0.019824
vt 0.009109 0.019851
vt 0.009452 0.020410
vt 0.009379 0.020410
vt 0.110234 0.965653
vt 0.373029 0.220951
vt 0.276561 0.861379
vt 0.278638 0.878952
vt 0.279185 0.856819
vt 0.031114 0.969868
vt 0.255472 0.878632
vt 0.279206 0.868580
vt 0.030932 0.969734
vt 0.290620 0.854272
vt 0.278638 0.879030
vt 0.092662 0.122746
vt 0.290620 0.866106
vt 0.415157 0.122746
vt 0.006130 0.020410
vt 0.006337 0.020395
vt 0.009174 0.020410
vt 0.008967 0.020395
vt 0.290620 0.861194
vt 0.224353 0.194660
vt 0.319820 0.121230
vt 0.108878 0.975044
vt 0.283590 0.866076
vt 0.288574 0.878902
vt 0.252763 0.843755
vt 0.290620 0.861293
vt 0.096580 0.969862
vt 0.175078 0.954129
vt 0.175076 0.954128
vt 0.030746 0.969629
vt 0.290620 0.870198
vt 0.288008 0.865791
vt 0.425990 0.109450
vt 0.178695 0.957913
vt 0.178695 0.957916
vt 0.100665 0.973884
vt 0.101209 0.976237
vt 0.030482 0.969417
vt 0.290620 0.868020
vt 0.185917 0.972082
vt 0.288563 0.878902
vt 0.287186 0.866107
vt 0.287827 0.843753
vt 0.024179 0.981665
vt 0.023939 0.981597
vt 0.024115 0.981489
vt 0.255472 0.843723
vt 0.024291 0.981521
vt 0.024415 0.981641
vt 0.278628 0.879030
vt 0.278636 0.879020
vt 0.008653 0.019694
vt 0.008435 0.020403
vt 0.008719 0.020410
vt 0.023742 0.981435
vt 0.023963 0.981394
vt 0.278034 0.879030
vt 0.290620 0.843758
vt 0.255472 0.878943
vt 0.288586 0.878902
vt 0.287959 0.865939
vt 0.279063 0.843756
vt 0.018356 0.980317
vt 0.017017 0.982015
vt 0.288595 0.843754
vt 0.006737 0.019583
vt 0.006585 0.020410
vt 0.006869 0.020403
vt 0.024465 0.981487
vt 0.024617 0.981546
vt 0.024034 0.981449
vt 0.024202 0.981513
vt 0.007187 0.020410
vt 0.007341 0.019797
vt 0.007652 0.020410
vt 0.279178 0.856836
vt 0.287958 0.856689
vt 0.288578 0.843754
vt 0.287954 0.865914
vt 0.023903 0.981326
vt 0.294447 0.843758
vt 0.104171 0.976773
vt 0.023621 0.981203
vt 0.023856 0.981248
vt 0.031385 0.970106
vt 0.279245 0.865993
vt 0.288569 0.878902
vt 0.008160 0.019780
vt 0.008118 0.020410
vt 0.031385 0.970107
vt 0.024400 0.981587
vt 0.255472 0.843755
vt 0.361436 0.087099
vt 0.252967 0.878903
vt 0.030974 0.969803
vt 0.280913 0.866124
vt 0.271960 0.878900
vt 0.290620 0.843757
vt 0.202489 0.118641
vt 0.265783 0.843839
vt 0.274781 0.878905
vt 0.265985 0.858654
vt 0.272734 0.843758
vt 0.294312 0.878903
vt 0.294590 0.859947
vt 0.295298 0.878906
vt 0.006675 0.019329
vt 0.293994 0.861414
vt 0.030804 0.969660
vt 0.253244 0.843773
vt 0.286699 0.858698
vt 0.287875 0.843757
vt 0.294970 0.878903
vt 0.286711 0.878695
vt 0.023825 0.981162
vt 0.288539 0.878952
vt 0.279165 0.861334
vt 0.265803 0.843841
vt 0.146384 0.087099
vt 0.146469 0.058863
vt 0.008575 0.019306
vt 0.361350 0.058863
vt 0.292360 0.862954
vt 0.280299 0.856810
vt 0.294275 0.878899
vt 0.279398 0.863004
vt 0.267791 0.859808
vt 0.032706 0.984811
vt 0.288553 0.843698
vt 0.287956 0.856718
vt 0.105593 0.976755
vt 0.283590 0.856557
vt 0.289134 0.843618
vt 0.288523 0.879014
vt 0.294403 0.843758
vt 0.271748 0.843754
vt 0.020807 0.979584
vt 0.288535 0.879020
vt 0.129027 0.063757
vt 0.023601 0.980936
vt 0.023811 0.981071
vt 0.290620 0.861344
vt 0.277999 0.843614
vt 0.264901 0.843743
vt 0.283590 0.856643
vt 0.024179 0.981324
vt 0.010656 0.018156
vt 0.294265 0.878900
vt 0.024289 0.981347
vt 0.096987 0.966880
vt 0.032627 0.975313
vt 0.020760 0.976592
vt 0.024086 0.981267
vt 0.097091 0.972381
vt 0.294847 0.859792
vt 0.290620 0.878903
vt 0.295391 0.878901
vt 0.008262 0.019411
vt 0.288559 0.843584
vt 0.297649 0.843769
vt 0.297649 0.859462
vt 0.294439 0.843758
vt 0.283590 0.866045
vt 0.209031 0.058078
vt 0.295070 0.063449
vt 0.030770 0.969646
vt 0.294996 0.878901
vt 0.252892 0.843774
vt 0.253105 0.843765
vt 0.021139 0.974443
vt 0.025112 0.973741
vt 0.294233 0.843757
vt 0.294437 0.843758
vt 0.097443 0.965534
vt 0.032868 0.982787
vt 0.269143 0.963764
vt 0.283590 0.866029
vt 0.288088 0.843703
vt 0.277994 0.879043
vt 0.020991 0.974463
vt 0.021375 0.979047
vt 0.021371 0.976610
vt 0.191565 0.975664
vt 0.191566 0.975664
vt 0.294948 0.878903
vt 0.024396 0.981326
vt 0.024583 0.981499
vt 0.278567 0.843754
vt 0.298642 0.878903
vt 0.253420 0.878893
vt 0.294408 0.843758
vt 0.024614 0.981392
vt 0.024022 0.981178
vt 0.255472 0.878908
vt 0.251940 0.843758
vt 0.295433 0.843753
vt 0.150071 0.825154
vt 0.143917 0.827563
vt 0.152464 0.806389
vt 0.294958 0.878903
vt 0.024767 0.981246
vt 0.024778 0.981391
vt 0.271496 0.834087
vt 0.262779 0.834101
vt 0.271868 0.806249
vt 0.271281 0.848641
vt 0.262973 0.848641
vt 0.033029 0.978564
vt 0.287993 0.858975
vt 0.278630 0.843695
vt 0.251339 0.878898
vt 0.294984 0.878901
vt 0.021137 0.981250
vt 0.288000 0.859009
vt 0.288539 0.843700
vt 0.301744 0.862795
vt 0.253263 0.878700
vt 0.007366 0.019409
vt 0.067531 0.779218
vt 0.059130 0.806732
vt 0.042752 0.779218
vt 0.295220 0.878900
vt 0.301157 0.863428
vt 0.301327 0.843756
vt 0.025472 0.779218
vt 0.027601 0.806421
vt 0.017869 0.779242
vt 0.039535 0.806647
vt 0.138104 0.821621
vt 0.140527 0.806621
vt 0.154620 0.779218
vt 0.120929 0.806716
vt 0.112561 0.779218
vt 0.137340 0.779218
vt 0.288594 0.843754
vt 0.251915 0.878898
vt 0.155478 0.806741
vt 0.162223 0.779244
vt 0.050187 0.669340
vt 0.070671 0.665320
vt 0.053040 0.648983
vt 0.301181 0.858665
vt 0.301552 0.843757
vt 0.300469 0.860047
vt 0.178612 0.648866
vt 0.172665 0.665320
vt 0.174020 0.669166
vt 0.183779 0.619157
vt 0.187081 0.619198
vt 0.023655 0.980737
vt 0.023836 0.980887
vt 0.074621 0.648985
vt 0.084383 0.619157
vt 0.050629 0.619157
vt 0.253098 0.878888
vt 0.301398 0.843839
vt 0.083824 0.821621
vt 0.074249 0.836835
vt 0.060641 0.821621
vt 0.083477 0.806746
vt 0.089094 0.968177
vt 0.089073 0.969885
vt 0.088947 0.968113
vt 0.088996 0.964908
vt 0.041936 0.821621
vt 0.032318 0.825215
vt 0.051279 0.845623
vt 0.290620 0.843574
vt 0.290620 0.843587
vt 0.288016 0.861334
vt 0.301174 0.858655
vt 0.105776 0.836835
vt 0.096211 0.821621
vt 0.119399 0.821621
vt 0.096891 0.807629
vt 0.097131 0.779219
vt 0.262306 0.806249
vt 0.299390 0.859808
vt 0.170658 0.648880
vt 0.029006 0.619196
vt 0.037443 0.648884
vt 0.032243 0.619157
vt 0.283590 0.861302
vt 0.278629 0.843699
vt 0.297253 0.878879
vt 0.296337 0.859829
vt 0.181956 0.964727
vt 0.186698 0.968688
vt 0.184709 0.961912
vt 0.181956 0.964726
vt 0.186699 0.968688
vt 0.184710 0.961913
vt 0.023814 0.980978
vt 0.023905 0.980762
vt 0.101240 0.649131
vt 0.115676 0.619157
vt 0.062344 0.843819
vt 0.170095 0.619157
vt 0.145736 0.619157
vt 0.152954 0.648963
vt 0.128046 0.648898
vt 0.301580 0.878882
vt 0.288529 0.879019
vt 0.297649 0.863951
vt 0.032870 0.974588
vt 0.127159 0.665320
vt 0.135710 0.681883
vt 0.150807 0.665320
vt 0.251424 0.878896
vt 0.301566 0.843757
vt 0.024211 0.981180
vt 0.117672 0.843821
vt 0.251916 0.878898
vt 0.301328 0.843756
vt 0.301411 0.862534
vt 0.201755 0.035573
vt 0.024580 0.806741
vt 0.029390 0.825158
vt 0.045632 0.850170
vt 0.082962 0.779218
vt 0.149796 0.689619
vt 0.164423 0.665320
vt 0.030459 0.969487
vt 0.023210 0.964987
vt 0.024488 0.981268
vt 0.024726 0.981358
vt 0.023994 0.981070
vt 0.021068 0.981648
vt 0.092470 0.689475
vt 0.101555 0.665320
vt 0.024260 0.981199
vt 0.024191 0.981165
vt 0.024234 0.981191
vt 0.174149 0.945469
vt 0.300988 0.878899
vt 0.024285 0.981202
vt 0.105993 0.955637
vt 0.105941 0.951403
vt 0.106312 0.951242
vt 0.106087 0.943310
vt 0.106495 0.943310
vt 0.174143 0.945468
vt 0.251944 0.843758
vt 0.301184 0.858632
vt 0.253337 0.878760
vt 0.023775 0.980565
vt 0.288541 0.843704
vt 0.251717 0.843760
vt 0.032456 0.980212
vt 0.290620 0.856683
vt 0.297649 0.843791
vt 0.301667 0.860159
vt 0.007200 0.019218
vt 0.024173 0.981145
vt 0.301185 0.858680
vt 0.066417 0.703139
vt 0.042638 0.669171
vt 0.042124 0.648800
vt 0.113239 0.689722
vt 0.301378 0.843842
vt 0.024310 0.981200
vt 0.074109 0.704190
vt 0.073695 0.689553
vt 0.253428 0.878697
vt 0.252895 0.843771
vt 0.296316 0.035573
vt 0.251436 0.843760
vt 0.301345 0.878904
vt 0.024160 0.981123
vt 0.160367 0.687863
vt 0.024335 0.981193
vt 0.252902 0.878894
vt 0.252963 0.878903
vt 0.264260 0.877190
vt 0.263480 0.863855
vt 0.270609 0.863855
vt 0.253093 0.843774
vt 0.253022 0.843823
vt 0.008033 0.019135
vt 0.030675 0.969609
vt 0.024539 0.981206
vt 0.296244 0.860321
vt 0.297142 0.843755
vt 0.024155 0.981112
vt 0.023932 0.980722
vt 0.084665 0.836835
vt 0.085581 0.850170
vt 0.287957 0.865921
vt 0.288547 0.843625
vt 0.010737 0.017542
vt 0.125202 0.850170
vt 0.295122 0.862994
vt 0.251905 0.843758
vt 0.024275 0.981148
vt 0.024253 0.981134
vt 0.294950 0.878903
vt 0.007159 0.019103
vt 0.007406 0.019091
vt 0.024010 0.980958
vt 0.024249 0.981140
vt 0.024358 0.981182
vt 0.024800 0.981224
vt 0.290620 0.879069
vt 0.290620 0.856705
vt 0.024379 0.981166
vt 0.127915 0.857126
vt 0.024215 0.981110
vt 0.150941 0.702648
vt 0.094428 0.850170
vt 0.095360 0.836835
vt 0.024571 0.981126
vt 0.297252 0.878880
vt 0.111954 0.861115
vt 0.058087 0.696400
vt 0.253910 0.030763
vt 0.135856 0.850170
vt 0.031065 0.969913
vt 0.030891 0.969742
vt 0.288544 0.878952
vt 0.296056 0.858447
vt 0.098973 0.974972
vt 0.297180 0.843772
vt 0.096976 0.708315
vt 0.257871 0.878923
vt 0.297649 0.843685
vt 0.290620 0.879067
vt 0.024830 0.981069
vt 0.024016 0.980402
vt 0.024089 0.980606
vt 0.124956 0.702538
vt 0.270274 0.877190
vt 0.269543 0.888134
vt 0.024320 0.981141
vt 0.024154 0.981020
vt 0.024147 0.981073
vt 0.024388 0.981157
vt 0.259229 0.942588
vt 0.296351 0.862759
vt 0.295153 0.862990
vt 0.301379 0.843755
vt 0.304679 0.858720
vt 0.068056 0.861114
vt 0.244143 0.843766
vt 0.244142 0.843766
vt 0.024274 0.981140
vt 0.134990 0.708315
vt 0.030741 0.969648
vt 0.069033 0.708315
vt 0.297181 0.843769
vt 0.252770 0.843748
vt 0.302152 0.843755
vt 0.252894 0.843770
vt 0.024069 0.980858
vt 0.086545 0.861114
vt 0.093459 0.861114
vt 0.248443 0.843738
vt 0.253418 0.878885
vt 0.055368 0.861114
vt 0.258387 0.843759
vt 0.024410 0.981124
vt 0.297132 0.878896
vt 0.297649 0.863138
vt 0.030787 0.969671
vt 0.288097 0.878957
vt 0.024203 0.981074
vt 0.258171 0.878899
vt 0.024284 0.980562
vt 0.024296 0.980369
vt 0.030922 0.969779
vt 0.243646 0.843773
vt 0.243749 0.878700
vt 0.030810 0.969686
vt 0.243993 0.878885
vt 0.297178 0.843772
vt 0.295150 0.862953
vt 0.265513 0.896266
vt 0.264759 0.888134
vt 0.268817 0.896266
vt 0.243349 0.878745
vt 0.296335 0.859845
vt 0.024577 0.981012
vt 0.024807 0.980856
vt 0.243357 0.878709
vt 0.081422 0.717168
vt 0.134309 0.717168
vt 0.146964 0.708315
vt 0.304679 0.878940
vt 0.024234 0.981105
vt 0.087946 0.717168
vt 0.105429 0.717168
vt 0.243988 0.843775
vt 0.111647 0.722619
vt 0.124378 0.717168
vt 0.031296 0.970160
vt 0.243798 0.843776
vt 0.297649 0.858615
vt 0.024530 0.980493
vt 0.297194 0.878889
vt 0.296754 0.861367
vt 0.288531 0.843628
vt 0.300819 0.878886
vt 0.024349 0.981117
vt 0.024165 0.980787
vt 0.074960 0.869247
vt 0.079579 0.874254
vt 0.065957 0.869247
vt 0.095401 0.874254
vt 0.092387 0.869247
vt 0.105050 0.869247
vt 0.243745 0.878707
vt 0.087615 0.869247
vt 0.087896 0.874665
vt 0.024215 0.981030
vt 0.030853 0.969724
vt 0.097236 0.722619
vt 0.243464 0.843958
vt 0.304679 0.843894
vt 0.290620 0.843591
vt 0.113853 0.869247
vt 0.297188 0.878885
vt 0.024182 0.980974
vt 0.266330 0.901274
vt 0.267180 0.901274
vt 0.268027 0.901274
vt 0.297236 0.843765
vt 0.243470 0.878718
vt 0.024233 0.981107
vt 0.024212 0.981045
vt 0.024538 0.980901
vt 0.024703 0.980656
vt 0.090958 0.874254
vt 0.091910 0.874631
vt 0.290620 0.843578
vt 0.090850 0.875436
vt 0.089511 0.976064
vt 0.089483 0.976065
vt 0.089392 0.975477
vt 0.024247 0.981089
vt 0.024272 0.981109
vt 0.091167 0.874804
vt 0.260173 0.963764
vt 0.261079 0.963764
vt 0.024423 0.981073
vt 0.297649 0.843764
vt 0.297649 0.843766
vt 0.105157 0.969486
vt 0.104971 0.970942
vt 0.104900 0.970942
vt 0.107999 0.724460
vt 0.297649 0.878876
vt 0.297649 0.867584
vt 0.297649 0.878871
vt 0.121267 0.722619
vt 0.094450 0.722619
vt 0.024455 0.980813
vt 0.102450 0.874254
vt 0.090005 0.875945
vt 0.089049 0.874254
vt 0.090005 0.874254
vt 0.088093 0.874626
vt 0.024303 0.981126
vt 0.090005 0.877127
vt 0.090004 0.875436
vt 0.297649 0.843784
vt 0.243651 0.843780
vt 0.243755 0.878764
vt 0.024284 0.980760
vt 0.304679 0.843735
vt 0.089154 0.875436
vt 0.193960 0.968693
vt 0.193960 0.968690
vt 0.301456 0.843769
vt 0.296346 0.860905
vt 0.296753 0.861372
vt 0.243987 0.843775
vt 0.024375 0.980770
vt 0.031002 0.969934
vt 0.030944 0.969824
vt 0.030765 0.969663
vt 0.290972 0.963764
vt 0.024357 0.981089
vt 0.024227 0.980940
vt 0.024223 0.981016
vt 0.243880 0.878828
vt 0.024363 0.981074
vt 0.243460 0.878692
vt 0.234955 0.843813
vt 0.296348 0.859801
vt 0.297241 0.843764
vt 0.296346 0.859846
vt 0.248443 0.878896
vt 0.248443 0.843761
vt 0.304679 0.878903
vt 0.030831 0.969704
vt 0.024415 0.981019
vt 0.304679 0.843757
vt 0.295106 0.862991
vt 0.296395 0.866848
vt 0.304679 0.878902
vt 0.304679 0.878900
vt 0.297192 0.878888
vt 0.274118 0.963764
vt 0.304679 0.843754
vt 0.243993 0.843771
vt 0.024221 0.981062
vt 0.304679 0.878901
vt 0.184160 0.949808
vt 0.184157 0.949806
vt 0.297200 0.878907
vt 0.296382 0.866864
vt 0.241413 0.878698
vt 0.024282 0.980928
vt 0.297179 0.843772
vt 0.024364 0.981058
vt 0.287557 0.963764
vt 0.297649 0.878882
vt 0.024385 0.980971
vt 0.024225 0.981074
vt 0.024339 0.980939
vt 0.024251 0.981002
vt 0.024268 0.981107
vt 0.024306 0.981126
vt 0.024331 0.981106
vt 0.297649 0.859501
vt 0.297286 0.878873
vt 0.243465 0.878691
vt 0.024265 0.980993
vt 0.297649 0.878872
vt 0.030421 0.969622
vt 0.022104 0.967690
vt 0.022105 0.967687
vt 0.243807 0.843773
vt 0.030819 0.969709
vt 0.243803 0.843773
vt 0.024340 0.981098
vt 0.280165 0.963764
vt 0.297649 0.843783
vt 0.024342 0.981016
vt 0.024245 0.981021
vt 0.248443 0.843755
vt 0.301196 0.858654
vt 0.243673 0.843836
vt 0.243730 0.878724
vt 0.248443 0.878894
vt 0.024348 0.981031
vt 0.024302 0.981086
vt 0.234973 0.843784
vt 0.248443 0.878901
vt 0.024290 0.980990
vt 0.243988 0.878886
vt 0.299911 0.866511
vt 0.024322 0.981000
vt 0.030666 0.969662
vt 0.235132 0.878843
vt 0.243677 0.843836
vt 0.243624 0.878720
vt 0.243630 0.878717
vt 0.248443 0.843748
vt 0.031190 0.970193
vt 0.252286 0.878922
vt 0.243796 0.843776
vt 0.024343 0.981050
vt 0.024280 0.981013
vt 0.297649 0.843785
vt 0.235023 0.843794
vt 0.024271 0.981086
vt 0.248443 0.843757
vt 0.235312 0.878866
vt 0.024239 0.981032
vt 0.024294 0.981092
vt 0.243467 0.843964
vt 0.248443 0.843760
vt 0.024319 0.981089
vt 0.192865 0.960744
vt 0.192865 0.960743
vt 0.248443 0.878897
vt 0.245439 0.843756
vt 0.264748 0.963764
vt 0.264425 0.963764
vt 0.030867 0.969754
vt 0.251938 0.843758
vt 0.248443 0.843759
vt 0.234999 0.878820
vt 0.024264 0.981064
vt 0.297649 0.878877
vt 0.024245 0.981059
vt 0.024341 0.981063
vt 0.024278 0.981079
vt 0.024291 0.981011
vt 0.024317 0.981055
vt 0.024292 0.981056
vt 0.299908 0.856092
vt 0.301739 0.843774
vt 0.252113 0.843741
vt 0.297649 0.843677
vt 0.244948 0.843758
vt 0.238626 0.878900
vt 0.235241 0.878793
vt 0.030742 0.969676
vt 0.301676 0.843812
vt 0.297649 0.843686
vt 0.243627 0.878718
vt 0.301486 0.878888
vt 0.241413 0.878942
vt 0.234384 0.878903
vt 0.234384 0.843841
vt 0.241413 0.843754
vt 0.234384 0.863522
vt 0.234384 0.843756
vt 0.299891 0.866576
vt 0.301769 0.878881
vt 0.024318 0.981025
vt 0.244669 0.878899
vt 0.241413 0.878623
vt 0.297649 0.878888
vt 0.024267 0.981037
vt 0.235326 0.843792
vt 0.239284 0.878927
vt 0.234384 0.863433
vt 0.237269 0.843757
vt 0.244965 0.878902
vt 0.024282 0.981050
vt 0.235132 0.843812
vt 0.024287 0.981072
vt 0.235265 0.878842
vt 0.238060 0.878899
vt 0.234384 0.858638
vt 0.239380 0.843731
vt 0.245547 0.878898
vt 0.024310 0.981017
vt 0.238627 0.878900
vt 0.030793 0.969698
vt 0.030773 0.969695
vt 0.297649 0.859495
vt 0.241413 0.843758
vt 0.297649 0.878875
vt 0.234384 0.878940
vt 0.237983 0.843745
vt 0.234384 0.878899
vt 0.234384 0.863688
vt 0.234954 0.843813
vt 0.234384 0.843757
vt 0.238060 0.878900
vt 0.234384 0.858564
vt 0.239381 0.843734
vt 0.239009 0.878921
vt 0.245169 0.843760
vt 0.241413 0.843755
vt 0.234384 0.863470
vt 0.239378 0.843731
vt 0.234384 0.858588
vt 0.234384 0.878902
vt 0.238636 0.843755
vt 0.239334 0.843871
vt 0.238075 0.878900
vt 0.248443 0.843733
vt 0.234993 0.878820
vt 0.030883 0.969786
vt 0.291117 0.963764
vt 0.291095 0.963764
vt 0.291778 0.963764
vt 0.291825 0.963764
vt 0.243463 0.878749
vt 0.234980 0.843776
vt 0.239014 0.878922
vt 0.234384 0.858631
vt 0.237986 0.878901
vt 0.234384 0.843839
vt 0.241413 0.843723
vt 0.234384 0.859058
vt 0.297649 0.878891
vt 0.235213 0.878800
vt 0.234384 0.861352
vt 0.234384 0.863514
vt 0.234384 0.843838
vt 0.235043 0.843764
vt 0.301358 0.843756
vt 0.234384 0.858620
vt 0.234384 0.862969
vt 0.235045 0.843795
vt 0.030906 0.969826
vt 0.234968 0.843784
vt 0.234384 0.862801
vt 0.235131 0.878844
vt 0.234384 0.878825
vt 0.234384 0.878818
vt 0.234384 0.857004
vt 0.234384 0.858617
vt 0.301665 0.878884
vt 0.234384 0.865639
vt 0.030823 0.969733
vt 0.234384 0.856981
vt 0.234384 0.878820
vt 0.234384 0.878875
vt 0.234384 0.843774
vt 0.030604 0.969762
vt 0.034448 0.979268
vt 0.030948 0.970072
vt 0.034448 0.979267
vt 0.301655 0.843812
vt 0.301674 0.843773
vt 0.234384 0.856973
vt 0.234384 0.858619
vt 0.234384 0.861401
vt 0.234384 0.862994
vt 0.234384 0.878819
vt 0.235329 0.843790
vt 0.234384 0.843776
vt 0.023228 0.974022
vt 0.023219 0.974012
vt 0.301661 0.878884
vt 0.301593 0.843763
vt 0.301501 0.878889
vt 0.234384 0.843775
vt 0.304679 0.865684
vt 0.234384 0.861322
vt 0.276087 0.963764
vt 0.234384 0.878870
vt 0.259359 0.942533
vt 0.259391 0.942536
vt 0.301622 0.843773
vt 0.280158 0.963764
vt 0.282907 0.964521
vt 0.269887 0.964917
vt 0.234384 0.858438
vt 0.234384 0.861301
vt 0.030760 0.969727
vt 0.259415 0.942494
vt 0.259274 0.942495
vt 0.030816 0.969753
vt 0.304679 0.858635
vt 0.304679 0.878818
vt 0.234384 0.858892
vt 0.259414 0.942540
vt 0.259408 0.942570
vt 0.234384 0.859128
vt 0.234384 0.858601
vt 0.304679 0.863433
vt 0.234384 0.856971
vt 0.239380 0.843733
vt 0.234384 0.865684
vt 0.234384 0.843842
vt 0.234384 0.843785
vt 0.234384 0.878876
vt 0.234384 0.843754
vt 0.030833 0.969800
vt 0.238714 0.878899
vt 0.266630 0.963764
vt 0.259435 0.942544
vt 0.234384 0.843788
vt 0.304679 0.878899
vt 0.304679 0.843755
vt 0.029741 0.979383
vt 0.030780 0.970016
vt 0.029746 0.979384
vt 0.238498 0.843759
vt 0.286476 0.966516
vt 0.029031 0.961268
vt 0.039087 0.965779
vt 0.027297 0.965477
vt 0.037432 0.961021
vt 0.031951 0.959109
vt 0.034386 0.959010
vt 0.037414 0.970674
vt 0.028291 0.969871
vt 0.030789 0.972531
vt 0.033762 0.972932
vt 0.030655 0.969901
vt 0.304679 0.858438
vt 0.234384 0.878821
vt 0.274462 0.968086
vt 0.279687 0.969034
vt 0.234384 0.863511
vt 0.291329 0.963764
vt 0.291492 0.963764
vt 0.234384 0.863447
vt 0.234384 0.843835
vt 0.234384 0.859028
vt 0.260724 0.963764
vt 0.259458 0.942495
vt 0.259453 0.942545
vt 0.259469 0.942561
vt 0.304679 0.856971
vt 0.265757 0.966516
vt 0.259249 0.942560
vt 0.304679 0.861322
vt 0.234384 0.878867
vt 0.304679 0.856981
vt 0.234384 0.843735
vt 0.304679 0.861401
vt 0.234384 0.858635
vt 0.304679 0.862801
vt 0.284744 0.969051
vt 0.304679 0.858892
vt 0.234384 0.878868
vt 0.259481 0.942564
vt 0.234384 0.858720
vt 0.234384 0.843755
vt 0.269038 0.969051
vt 0.259488 0.942565
vt 0.304679 0.858620
vt 0.304679 0.861301
vt 0.234384 0.858581
vt 0.304679 0.865639
vt 0.262944 0.965228
vt 0.304679 0.856973
vt 0.304679 0.843776
vt 0.304679 0.858638
vt 0.259233 0.942570
vt 0.304679 0.857004
vt 0.304679 0.843784
vt 0.304679 0.859058
vt 0.304679 0.843785
vt 0.304679 0.878875
vt 0.304679 0.862969
vt 0.304679 0.863514
vt 0.304679 0.878825
vt 0.304679 0.878870
vt 0.304679 0.861352
vt 0.720976 0.858996
vt 0.719863 0.849599
vt 0.259379 0.942594
vt 0.259401 0.942637
vt 0.259316 0.942616
vt 0.259359 0.942570
vt 0.259421 0.942594
vt 0.304679 0.858601
vt 0.304679 0.858619
vt 0.304679 0.878820
vt 0.304679 0.843815
vt 0.304679 0.862994
vt 0.571722 0.857444
vt 0.573030 0.848030
vt 0.573036 0.848030
vt 0.571951 0.857454
vt 0.576687 0.837156
vt 0.576949 0.837273
vt 0.304679 0.878815
vt 0.259276 0.942594
vt 0.259252 0.942602
vt 0.624187 0.797130
vt 0.615542 0.799998
vt 0.304679 0.843786
vt 0.684599 0.803952
vt 0.663473 0.795781
vt 0.655459 0.794600
vt 0.678641 0.800809
vt 0.304679 0.878876
vt 0.304679 0.843838
vt 0.702674 0.817695
vt 0.691872 0.808414
vt 0.304679 0.843775
vt 0.716201 0.838824
vt 0.716464 0.838714
vt 0.710765 0.827997
vt 0.710537 0.828145
vt 0.602078 0.807304
vt 0.591207 0.816527
vt 0.591021 0.816343
vt 0.702485 0.817873
vt 0.630870 0.795353
vt 0.582880 0.826662
vt 0.582653 0.826506
vt 0.288246 0.969052
vt 0.289457 0.966516
vt 0.304679 0.843816
vt 0.720747 0.859001
vt 0.719810 0.873911
vt 0.719529 0.873861
vt 0.647196 0.794011
vt 0.304679 0.878821
vt 0.660714 0.934244
vt 0.675211 0.930078
vt 0.660765 0.934501
vt 0.675108 0.929835
vt 0.616254 0.929555
vt 0.630679 0.934010
vt 0.630623 0.934267
vt 0.616361 0.929314
vt 0.603184 0.922087
vt 0.603338 0.921870
vt 0.699856 0.913192
vt 0.688264 0.922648
vt 0.699663 0.913006
vt 0.688414 0.922866
vt 0.591909 0.912195
vt 0.592106 0.912012
vt 0.582874 0.900287
vt 0.583107 0.900145
vt 0.576656 0.886772
vt 0.572598 0.872448
vt 0.572880 0.872403
vt 0.576395 0.886868
vt 0.709050 0.901461
vt 0.708820 0.901315
vt 0.715526 0.888120
vt 0.715784 0.888221
vt 0.304679 0.878816
vt 0.645686 0.935494
vt 0.645683 0.935920
vt 0.304679 0.843788
vt 0.304679 0.858617
vt 0.304679 0.843774
vt 0.304679 0.878819
vt 0.304679 0.843835
vt 0.265456 0.969051
vt 0.259276 0.942637
vt 0.717716 0.850056
vt 0.575186 0.848538
vt 0.261551 0.966516
vt 0.259569 0.942602
vt 0.262936 0.969051
vt 0.259241 0.942616
vt 0.259250 0.942637
vt 0.736568 0.724164
vt 0.638355 0.886636
vt 0.260938 0.966516
vt 0.813956 0.722930
vt 0.776032 0.724830
vt 0.662840 0.882334
vt 0.668077 0.843340
vt 0.622816 0.874012
vt 0.630572 0.839982
vt 0.620619 0.846381
vt 0.629525 0.881993
vt 0.679305 0.859775
vt 0.675584 0.792534
vt 0.260955 0.957271
vt 0.656545 0.838232
vt 0.663562 0.847219
vt 0.654153 0.843429
vt 0.618816 0.791785
vt 0.613509 0.859169
vt 0.619728 0.859364
vt 0.619898 0.866253
vt 0.621482 0.854446
vt 0.653918 0.886797
vt 0.646123 0.888004
vt 0.643277 0.837075
vt 0.643884 0.842625
vt 0.634024 0.844698
vt 0.673156 0.860248
vt 0.670133 0.853127
vt 0.671990 0.869303
vt 0.625786 0.849511
s 0
usemtl Handle1Mtl.004
f 1/1/1 2/2/2 3/3/3
f 4/3/3 5/4/4 1/1/1
f 5/4/5 4/3/3 6/5/6
f 7/6/7 8/4/4 6/5/8
f 7/6/9 9/7/10 8/4/4
f 10/8/11 11/9/12 12/10/13
f 11/9/14 10/8/11 13/11/15
f 14/12/16 15/13/16 16/14/16
f 17/15/16 14/12/16 16/14/16
f 15/13/17 14/12/17 18/16/17
f 14/12/16 17/15/16 19/17/16
f 15/13/16 18/16/16 20/18/16
f 19/17/16 17/15/16 21/19/16
f 20/18/16 18/16/16 22/20/16
f 19/17/16 21/19/16 23/21/16
f 22/20/16 18/16/16 24/22/16
f 23/21/16 25/11/16 19/17/16
f 25/11/17 23/21/17 26/9/17
f 26/9/16 23/21/16 27/23/16
f 24/22/17 28/7/17 22/20/17
f 28/7/16 24/22/16 29/1/16
f 28/7/16 29/1/16 30/4/16
f 31/2/2 32/22/18 33/24/19
f 32/22/18 31/2/2 34/1/1
f 35/25/20 36/11/21 37/8/11
f 38/7/22 39/6/9 40/26/23
f 41/7/22 42/27/24 43/20/25
f 42/27/24 41/7/22 44/26/23
f 45/17/26 46/25/20 47/28/27
f 46/25/20 45/17/26 48/11/21
f 49/29/28 50/21/29 51/30/30
f 52/21/31 53/19/32 54/30/33
f 53/19/32 55/31/34 54/30/30
f 56/22/18 57/16/35 58/32/36
f 58/32/37 59/24/19 56/22/18
f 60/20/25 61/33/38 62/18/39
f 61/33/38 60/20/40 63/34/41
f 64/19/42 65/35/43 66/31/44
f 65/35/43 64/19/42 67/15/45
f 68/20/25 69/27/24 70/34/46
f 71/36/47 72/15/45 73/14/48
f 72/15/45 71/36/47 74/37/49
f 75/12/50 76/17/51 77/38/52
f 76/17/26 78/28/27 77/38/53
f 79/16/35 80/12/50 81/38/52
f 81/38/53 82/32/37 79/16/54
f 83/39/55 84/14/48 85/13/56
f 84/14/48 83/39/57 86/40/58
f 87/35/59 88/15/45 89/37/49
f 90/18/39 91/33/38 92/41/60
f 93/36/61 94/14/48 95/40/58
f 96/42/62 97/29/63 98/43/64
f 97/29/28 96/42/62 99/44/65
f 100/10/66 101/23/67 99/44/68
f 101/23/67 100/10/13 102/9/12
f 103/29/63 99/44/65 104/23/69
f 105/21/31 103/29/28 104/23/69
f 106/45/70 107/46/71 108/47/72
f 107/46/73 106/45/70 109/48/74
f 110/49/75 111/47/72 112/46/71
f 110/49/75 112/46/71 113/50/76
f 114/51/77 115/48/74 116/45/78
f 115/48/74 114/51/77 117/52/77
f 118/53/79 117/52/77 119/51/77
f 120/54/79 118/53/79 119/51/77
f 121/55/80 122/56/81 123/57/82
f 122/56/81 121/55/83 124/58/84
f 124/58/84 125/59/85 126/56/81
f 125/59/85 127/60/86 126/56/81
f 128/61/87 129/60/86 125/59/85
f 128/61/87 130/62/88 129/60/86
f 131/63/89 132/64/89 133/65/90
f 133/65/90 134/66/90 131/63/89
f 135/65/90 136/57/82 134/66/90
f 136/57/82 135/65/90 137/55/83
f 138/50/76 139/67/91 140/49/75
f 139/67/91 138/50/76 141/68/92
f 142/69/93 143/68/92 144/70/94
f 145/67/91 146/69/93 147/71/95
f 146/69/93 145/67/91 148/68/92
f 149/72/96 150/73/96 151/54/79
f 150/73/97 152/53/79 151/54/79
f 153/74/98 154/61/87 155/75/99
f 154/61/87 153/74/98 156/62/100
f 157/76/101 158/77/101 159/64/102
f 159/64/89 160/63/89 157/76/101
f 161/78/103 162/79/104 163/80/105
f 162/79/104 161/78/103 164/81/106
f 165/62/88 166/74/107 167/82/108
f 167/82/109 168/74/98 169/83/110
f 170/80/105 171/84/111 172/85/112
f 171/84/113 170/80/105 173/79/104
f 174/79/104 175/3/3 171/84/114
f 175/3/3 174/79/104 176/5/8
f 177/82/115 178/83/110 179/86/116
f 180/85/112 181/87/117 182/88/118
f 181/87/119 180/85/112 183/84/113
f 184/89/120 185/70/121 186/90/122
f 185/70/121 184/89/120 187/69/93
f 188/73/97 189/72/97 190/91/123
f 191/92/124 190/91/125 189/72/97
f 192/93/126 193/94/127 194/42/62
f 193/94/127 192/93/126 195/95/128
f 196/96/129 197/97/130 198/98/131
f 197/97/130 196/96/129 199/99/132
f 200/100/133 201/96/129 202/98/131
f 201/96/129 200/100/133 203/101/134
f 204/95/128 205/102/135 206/94/136
f 205/102/137 204/95/128 207/103/138
f 208/10/13 209/94/127 205/102/135
f 209/94/136 208/10/66 210/44/68
f 211/103/138 212/104/139 213/102/135
f 212/104/140 211/103/138 214/105/141
f 215/106/142 216/107/142 217/77/143
f 217/77/101 218/76/101 215/106/142
f 219/108/144 220/109/145 221/110/146
f 221/110/146 220/109/147 222/111/148
f 223/112/149 224/113/149 225/97/149
f 225/97/149 224/113/149 226/98/149
f 227/114/149 224/113/149 223/112/149
f 224/113/149 227/114/149 228/115/149
f 228/115/149 227/114/149 229/116/149
f 229/116/149 227/114/149 230/117/149
f 231/118/149 226/98/149 224/113/149
f 231/118/149 232/100/149 226/98/149
f 232/100/149 231/118/149 233/119/149
f 233/119/149 231/118/149 234/108/149
f 235/120/149 234/108/149 231/118/149
f 236/121/149 234/108/149 235/120/149
f 234/108/149 236/121/149 237/109/149
f 238/88/150 239/122/151 240/123/152
f 239/122/151 238/88/153 241/87/119
f 242/91/125 243/124/154 244/125/154
f 243/124/155 242/91/125 245/92/124
f 246/126/156 247/127/157 248/128/158
f 249/127/159 250/129/160 251/130/161
f 252/131/162 253/89/163 254/90/122
f 254/90/122 255/86/116 252/131/162
f 256/127/159 257/132/164 258/129/160
f 259/84/113 260/2/165 261/87/119
f 260/2/165 259/84/111 262/3/3
f 263/126/156 264/132/166 265/127/157
f 266/105/167 267/133/168 268/104/140
f 267/133/168 266/105/169 269/134/170
f 270/135/171 271/106/142 272/136/171
f 271/106/142 270/135/171 273/107/142
f 274/114/172 275/112/173 276/137/174
f 275/112/175 277/138/176 276/137/174
f 278/139/177 279/137/174 277/138/176
f 280/119/178 281/108/144 282/140/179
f 280/119/180 282/140/179 283/141/181
f 283/141/182 284/140/179 285/142/183
f 286/102/135 287/8/11 288/10/66
f 287/8/11 286/102/135 289/104/140
f 290/94/127 291/44/65 292/42/62
f 293/132/164 294/143/184 295/129/160
f 296/143/185 297/132/166 298/126/186
f 299/5/8 300/79/104 301/81/106
f 302/81/106 303/6/7 299/5/6
f 303/6/9 302/81/106 304/144/187
f 305/125/155 306/145/188 307/146/188
f 306/145/188 305/125/155 308/124/155
f 309/147/189 310/143/190 311/126/186
f 312/129/191 313/143/192 314/148/193
f 315/81/106 316/149/194 317/144/187
f 316/149/195 315/81/106 318/78/103
f 319/149/194 320/150/196 317/144/187
f 320/150/196 319/149/194 321/151/197
f 322/152/198 323/136/171 324/153/198
f 323/136/171 322/152/198 325/135/171
f 326/123/199 327/122/151 328/154/200
f 328/154/201 327/122/151 329/155/202
f 330/156/203 331/157/204 332/158/205
f 331/157/204 330/156/203 333/43/64
f 334/156/203 335/42/62 333/43/64
f 336/93/126 335/42/62 334/156/203
f 337/87/119 338/2/2 339/122/151
f 339/122/151 338/2/2 340/24/19
f 341/159/206 342/133/168 343/134/170
f 342/133/168 341/159/206 344/160/207
f 345/86/116 346/83/110 347/131/162
f 348/130/161 349/129/208 350/161/209
f 351/128/158 352/162/210 353/126/186
f 354/163/211 355/164/212 356/41/213
f 356/41/213 357/165/214 354/163/211
f 358/164/215 359/18/39 356/41/216
f 359/18/39 358/164/212 360/13/217
f 361/146/188 362/166/218 363/167/218
f 362/166/218 361/146/188 364/145/188
f 365/104/140 366/25/20 367/8/11
f 366/25/20 365/104/140 368/133/168
f 369/168/219 370/153/198 371/169/219
f 370/153/198 369/168/219 372/152/198
f 373/167/218 374/170/220 375/171/220
f 374/170/221 373/167/218 376/166/218
f 377/172/222 378/169/219 379/173/223
f 378/169/219 377/172/222 380/168/219
f 381/174/224 382/126/225 383/162/226
f 382/126/186 381/174/224 384/147/227
f 385/175/228 386/129/160 387/148/193
f 386/129/191 385/175/228 388/161/209
f 389/176/200 390/177/202 391/178/229
f 391/178/230 390/177/202 392/179/231
f 393/171/221 394/180/232 395/181/232
f 394/180/232 393/171/221 396/170/221
f 397/182/148 398/121/233 399/183/234
f 398/121/233 397/182/148 400/184/147
f 401/182/148 399/183/235 402/185/236
f 403/180/232 404/173/222 405/181/232
f 404/173/222 403/180/232 406/172/222
f 407/186/237 408/116/238 409/117/239
f 408/116/238 407/186/237 410/187/240
f 411/188/241 410/187/242 412/186/237
f 413/189/243 414/160/207 415/159/244
f 414/160/207 413/189/245 416/190/246
f 417/26/247 418/144/187 419/150/196
f 418/144/187 417/26/23 420/6/9
f 421/138/176 422/99/132 423/191/248
f 422/99/132 424/192/249 423/191/250
f 425/193/251 426/191/250 424/192/249
f 427/112/173 428/99/132 421/138/252
f 428/99/253 427/112/175 429/97/130
f 430/194/254 431/151/197 432/195/255
f 431/151/197 430/194/254 433/150/196
f 434/160/207 435/25/20 436/133/168
f 435/25/20 434/160/207 437/28/256
f 438/119/180 439/101/134 440/100/133
f 439/101/134 438/119/178 441/141/182
f 442/101/257 441/141/182 443/196/258
f 442/101/134 443/196/259 444/197/260
f 444/197/261 445/196/259 446/198/262
f 447/43/64 448/30/33 449/157/204
f 448/30/33 447/43/64 450/29/28
f 451/132/263 452/199/264 453/143/265
f 454/143/185 455/199/266 456/132/166
f 457/24/19 458/155/202 459/122/151
f 460/200/267 461/201/246 462/202/243
f 461/201/268 460/200/267 463/203/269
f 464/158/205 465/204/270 466/205/271
f 465/204/270 464/158/205 467/157/204
f 468/177/202 469/206/272 470/179/231
f 470/179/231 469/206/19 471/207/36
f 472/207/37 473/208/273 474/179/231
f 475/209/274 476/179/231 473/208/273
f 477/178/230 476/179/231 475/209/274
f 478/27/275 479/150/196 480/194/254
f 479/150/196 478/27/275 481/26/23
f 482/127/159 483/210/276 484/132/263
f 484/132/263 483/210/276 485/211/277
f 486/132/166 487/210/278 488/127/157
f 487/210/278 486/132/279 489/211/280
f 490/212/281 491/213/53 492/203/269
f 492/203/269 493/214/282 490/212/281
f 493/214/282 492/203/269 494/200/267
f 495/215/283 496/195/255 497/216/284
f 496/195/285 495/215/283 498/194/254
f 499/209/274 500/208/273 501/214/282
f 501/214/282 500/208/273 502/212/281
f 500/208/273 503/207/37 502/212/281
f 502/212/281 503/207/37 504/213/53
f 505/217/286 506/114/172 507/137/174
f 508/137/174 509/218/287 505/217/286
f 510/139/288 509/218/289 508/137/174
f 511/157/204 512/31/44 513/204/270
f 512/31/44 511/157/204 514/30/30
f 515/108/144 516/110/146 517/140/179
f 518/219/290 519/140/179 516/110/291
f 519/140/179 518/219/290 520/142/183
f 521/203/269 522/220/27 523/201/268
f 522/220/292 521/203/269 524/213/53
f 525/221/293 526/162/210 527/128/294
f 528/222/295 529/130/161 530/161/296
f 531/190/246 532/28/256 533/160/207
f 534/205/297 535/223/298 536/224/299
f 535/223/300 534/205/271 537/204/270
f 538/210/301 539/225/302 540/226/303
f 539/225/304 538/210/276 541/127/159
f 538/210/276 542/227/305 543/211/306
f 544/130/307 545/225/302 541/127/159
f 545/225/302 544/130/307 546/228/308
f 547/229/309 546/228/310 548/222/295
f 549/230/311 550/221/293 551/231/312
f 552/128/294 553/225/313 551/231/314
f 553/225/313 552/128/158 554/127/157
f 555/210/315 556/225/313 554/127/157
f 556/225/313 555/210/315 557/226/316
f 558/211/280 559/227/317 555/210/278
f 560/232/239 561/114/172 562/217/286
f 562/217/286 563/233/237 560/232/239
f 564/217/286 565/234/318 563/233/237
f 565/234/318 564/217/286 566/218/287
f 566/218/289 567/235/319 568/234/318
f 567/235/319 569/236/320 568/234/318
f 570/34/41 571/194/254 572/215/321
f 571/194/254 570/34/41 573/27/275
f 574/237/322 575/238/323 576/215/321
f 576/215/283 577/216/324 574/237/322
f 578/228/308 579/130/161 580/222/295
f 581/231/314 582/221/293 583/128/158
f 584/204/325 585/35/59 586/223/300
f 585/35/43 584/204/270 587/31/34
f 588/13/217 589/164/215 590/39/57
f 589/164/212 591/163/211 592/239/326
f 592/239/326 593/39/57 589/164/212
f 594/240/327 595/241/328 596/223/300
f 595/241/328 597/224/329 596/223/298
f 598/211/277 599/199/330 600/132/164
f 601/199/331 602/211/332 603/132/166
f 604/238/323 605/33/333 606/34/41
f 606/34/46 607/215/321 604/238/334
f 608/242/335 609/165/214 610/238/334
f 610/238/334 611/237/336 608/242/335
f 612/99/132 613/96/129 614/243/337
f 612/99/132 614/243/338 615/244/339
f 616/96/129 617/101/134 614/243/337
f 618/245/340 614/243/338 617/101/134
f 619/246/341 620/247/342 621/240/343
f 620/247/342 622/241/344 621/240/343
f 623/37/49 624/240/327 625/35/59
f 624/240/343 626/223/300 625/35/59
f 627/248/345 628/163/211 629/165/214
f 629/165/214 630/242/335 627/248/345
f 631/188/241 632/186/237 633/249/318
f 634/250/346 635/251/347 636/246/341
f 635/251/347 637/247/342 636/246/341
f 638/165/214 639/41/60 640/33/38
f 640/33/38 641/238/334 638/165/214
f 642/111/148 643/252/236 644/253/348
f 645/239/326 646/163/211 647/254/349
f 646/163/211 648/248/345 647/254/349
f 649/250/346 650/239/326 651/254/349
f 649/250/346 651/254/349 652/251/347
f 653/36/47 654/246/341 655/37/49
f 654/246/341 656/240/343 655/37/350
f 657/255/351 658/256/352 659/257/353
f 660/258/354 658/256/355 657/255/351
f 661/259/356 662/260/357 659/257/358
f 663/261/359 664/225/302 665/228/360
f 666/261/361 667/231/314 668/225/313
f 669/262/362 670/263/363 671/264/364
f 672/40/58 673/250/346 674/36/365
f 673/250/346 675/246/341 674/36/47
f 676/265/265 677/266/366 678/267/367
f 679/266/368 680/265/369 681/268/189
f 682/269/370 683/263/363 684/262/362
f 685/39/57 686/239/326 687/40/371
f 687/40/58 686/239/326 688/250/346
f 689/270/372 690/271/373 691/272/374
f 692/269/370 693/262/362 694/273/375
f 695/274/376 696/275/377 697/276/378
f 697/276/378 698/277/379 695/274/376
f 699/267/367 700/266/366 701/278/380
f 702/278/381 703/266/368 704/268/227
f 705/279/382 706/264/364 707/280/383
f 706/264/384 705/279/385 708/262/362
f 709/276/378 710/275/377 711/281/386
f 711/281/387 712/282/388 713/283/389
f 714/260/357 715/255/390 716/257/353
f 717/272/374 718/284/391 719/270/372
f 718/284/391 720/272/374 721/285/392
f 722/274/376 723/277/379 724/286/393
f 725/287/394 726/273/375 727/283/389
f 728/273/395 729/262/362 730/288/396
f 731/266/368 732/289/397 733/265/190
f 734/265/192 735/289/398 736/266/366
f 737/211/277 738/290/399 739/199/264
f 740/285/392 741/272/374 742/291/400
f 743/276/401 744/281/387 745/292/402
f 746/292/402 747/281/386 748/283/389
f 749/199/266 750/290/403 751/211/332
f 752/293/404 753/294/405 754/295/406
f 753/294/405 755/293/407 756/296/408
f 757/297/409 758/255/351 759/260/357
f 760/292/402 761/283/389 762/288/396
f 762/288/396 761/283/389 763/273/375
f 764/277/379 765/276/410 766/292/402
f 767/291/411 768/272/374 769/271/412
f 770/292/402 771/288/396 772/279/382
f 771/288/396 773/262/362 772/279/385
f 774/281/387 775/275/413 776/282/388
f 777/222/295 778/161/296 779/298/414
f 780/221/293 781/299/415 782/162/210
f 783/291/411 784/271/373 785/300/416
f 786/301/417 787/285/392 783/291/400
f 788/286/418 789/277/379 790/279/382
f 791/277/379 792/292/402 793/279/382
f 794/289/397 795/302/331 796/265/185
f 797/302/264 798/289/398 799/265/192
f 800/303/419 801/162/226 802/299/420
f 801/162/226 800/303/421 803/174/422
f 804/304/423 805/161/209 806/175/424
f 805/161/209 804/304/425 807/298/426
f 808/286/418 809/279/382 810/305/427
f 811/280/383 810/305/427 809/279/382
f 812/306/428 813/271/373 814/270/372
f 815/307/429 816/258/430 817/255/431
f 818/308/432 819/309/433 820/310/434
f 819/309/433 821/308/435 822/311/436
f 823/312/437 824/139/177 825/193/251
f 826/193/251 824/139/438 827/191/248
f 824/139/438 828/138/439 827/191/250
f 829/278/381 830/268/227 831/313/224
f 832/267/193 833/278/380 834/313/424
f 835/307/429 836/255/440 837/297/409
f 838/284/391 839/285/392 840/314/441
f 841/315/442 842/316/443 843/317/444
f 844/318/445 845/319/446 846/320/447
f 845/319/448 844/318/445 847/321/449
f 848/183/450 849/322/451 850/185/236
f 851/323/452 852/256/355 853/258/453
f 854/253/454 855/253/455 856/253/455
f 854/253/454 856/253/455 857/253/456
f 858/253/457 854/253/454 857/253/458
f 854/253/454 858/253/457 859/253/457
f 860/324/459 861/325/460 862/326/461
f 863/326/462 864/327/463 865/328/464
f 866/328/465 867/329/466 868/330/467
f 869/331/468 870/332/469 871/333/470
f 872/270/372 873/334/471 874/306/428
f 873/334/471 875/335/472 874/306/473
f 876/328/464 877/327/474 878/329/466
f 879/336/475 880/307/429 881/297/409
f 882/324/476 883/326/477 884/337/478
f 885/326/477 886/328/479 887/327/480
f 888/338/481 889/210/276 890/226/303
f 891/261/359 890/226/303 892/225/302
f 890/226/303 891/261/359 893/339/482
f 894/340/483 895/341/484 896/342/485
f 897/343/486 898/333/487 899/342/488
f 900/328/479 901/329/489 902/327/480
f 903/344/490 904/345/491 905/346/492
f 905/346/493 906/332/494 903/344/490
f 907/326/461 908/325/460 909/327/474
f 910/330/467 911/329/466 912/347/495
f 913/340/496 914/347/495 915/341/484
f 914/347/495 913/340/496 916/330/497
f 917/342/488 918/341/484 919/343/486
f 920/343/498 921/331/468 922/333/499
f 923/331/468 924/344/490 925/332/469
f 926/328/479 927/330/500 928/329/501
f 929/210/315 930/338/502 931/226/503
f 931/226/316 932/261/361 933/225/313
f 932/261/361 931/226/503 934/339/504
f 935/326/477 936/327/505 937/337/506
f 938/330/507 939/348/508 940/329/501
f 941/333/509 942/349/510 943/342/511
f 944/332/512 945/350/513 946/333/514
f 947/332/512 948/346/515 949/344/516
f 950/345/517 949/344/516 948/346/518
f 951/330/519 952/340/520 953/348/508
f 954/340/521 955/342/511 956/351/522
f 956/351/523 957/348/508 954/340/520
f 958/342/511 959/349/524 960/351/525
f 961/333/514 962/350/513 963/349/510
f 964/332/512 965/344/526 966/350/513
f 967/256/355 968/352/527 969/257/353
f 970/352/527 971/259/356 969/257/353
f 972/314/528 973/352/527 967/256/355
f 974/353/529 973/352/527 975/354/530
f 976/355/531 977/291/411 978/300/416
f 979/261/359 980/228/532 981/229/309
f 982/261/361 983/230/311 984/231/314
f 985/356/533 986/297/534 987/260/535
f 988/357/536 989/358/537 990/359/538
f 988/357/539 990/359/540 991/360/541
f 992/270/542 993/323/543 994/361/544
f 995/287/394 996/269/370 997/273/375
f 998/235/319 999/139/438 1000/312/437
f 999/139/177 998/235/319 1001/218/289
f 1002/362/545 1003/300/416 1004/363/546
f 1005/271/373 1006/306/428 1003/300/547
f 1007/283/389 1008/282/388 1009/287/394
f 1010/364/548 1011/365/549 1012/366/550
f 1013/270/372 1014/367/551 1015/334/471
f 1016/368/552 1017/278/381 1018/313/422
f 1019/313/228 1020/278/380 1021/368/553
f 1022/369/554 1023/370/555 1024/371/556
f 1023/370/557 1022/369/558 1025/372/559
f 1026/316/443 1027/373/560 1028/317/561
f 1029/374/562 1030/375/563 1031/376/564
f 1032/311/565 1033/377/566 1034/309/433
f 1035/289/398 1036/378/567 1037/266/366
f 1038/378/568 1039/289/397 1040/266/368
f 1041/270/542 1042/361/569 1043/367/570
f 1044/314/528 1045/256/355 1046/323/571
f 1047/379/572 1048/380/573 1049/381/574
f 1050/382/575 1051/383/576 1052/384/577
f 1050/382/575 1053/385/578 1051/383/576
f 1054/386/579 1055/387/580 1056/388/581
f 1055/387/580 1054/386/579 1057/389/582
f 1058/390/583 1059/391/584 1060/392/585
f 1061/393/586 1062/394/587 1063/395/588
f 1062/394/587 1061/393/586 1064/396/589
f 1065/366/550 1066/365/549 1067/397/590
f 1068/363/546 1069/300/591 1070/306/473
f 1071/398/592 1072/336/475 1073/297/409
f 1074/305/427 1075/274/376 1076/286/393
f 1077/219/290 1078/399/593 1079/400/594
f 1080/284/391 1081/314/595 1082/323/543
f 1083/401/596 1084/187/240 1085/188/241
f 1086/402/597 1087/403/598 1083/401/596
f 1083/401/596 1087/403/599 1088/187/242
f 1088/187/240 1089/403/598 1090/116/238
f 1090/116/238 1089/403/598 1091/115/600
f 1092/404/601 1093/405/602 1094/310/603
f 1095/261/359 1096/229/309 1097/406/604
f 1098/261/361 1099/406/605 1100/230/311
f 1101/407/606 1102/408/607 1103/409/608
f 1103/409/608 1104/408/609 1105/410/610
f 1106/356/533 1107/398/592 1108/297/409
f 1109/399/593 1110/411/611 1111/412/612
f 1109/399/593 1112/412/612 1113/413/613
f 1114/399/614 1115/414/615 1110/411/611
f 1114/399/593 1116/219/290 1115/414/615
f 1117/110/146 1118/414/615 1116/219/290
f 1118/414/615 1117/110/146 1119/111/148
f 1120/415/616 1121/416/617 1122/417/618
f 1123/418/619 1124/419/620 1125/420/621
f 1126/259/622 1127/356/533 1128/260/357
f 1127/356/533 1126/259/622 1129/421/623
f 1130/422/624 1131/423/625 1132/424/626
f 1133/425/627 1134/426/628 1135/427/629
f 1134/426/630 1133/425/631 1136/428/632
f 1137/323/543 1138/429/633 1139/430/634
f 1140/270/372 1141/284/391 1137/323/543
f 1142/431/635 1143/432/636 1144/433/637
f 1145/434/638 1146/266/368 1147/278/381
f 1145/434/638 1148/378/568 1146/266/368
f 1149/378/567 1150/434/639 1151/266/366
f 1150/434/640 1152/278/380 1151/266/366
f 1153/183/235 1154/121/641 1155/435/642
f 1155/435/642 1154/121/233 1156/120/643
f 1157/435/644 1158/322/451 1153/183/234
f 1157/435/642 1159/436/645 1158/322/451
f 1160/437/646 1161/381/574 1162/380/647
f 1161/381/574 1160/437/646 1163/321/648
f 1164/302/264 1165/438/649 1166/289/398
f 1167/439/650 1168/440/651 1169/441/652
f 1170/301/417 1171/291/411 1172/355/531
f 1173/289/397 1174/438/653 1175/302/331
f 1176/442/654 1177/443/655 1178/444/656
f 1176/442/654 1178/444/657 1179/445/658
f 1180/446/659 1181/447/660 1182/448/661
f 1182/448/661 1183/449/662 1180/446/663
f 1184/379/664 1185/450/665 1186/380/647
f 1187/425/631 1188/451/666 1189/452/667
f 1187/425/668 1189/452/669 1190/428/670
f 1191/453/671 1192/454/672 1193/420/673
f 1194/323/452 1195/258/354 1196/455/674
f 1197/385/675 1198/358/676 1199/452/677
f 1197/385/578 1199/452/677 1200/383/576
f 1201/456/678 1202/431/679 1203/433/637
f 1204/370/555 1205/457/680 1206/371/556
f 1205/457/680 1204/370/555 1207/458/681
f 1208/355/531 1209/300/416 1210/362/545
f 1211/258/430 1212/307/429 1213/459/682
f 1213/459/682 1212/307/429 1214/460/683
f 1215/418/619 1216/420/621 1217/454/684
f 1218/354/685 1219/352/527 1220/314/528
f 1221/461/376 1222/462/686 1223/463/687
f 1222/462/686 1221/461/376 1224/464/688
f 1225/455/674 1226/258/689 1227/459/690
f 1228/465/691 1229/86/692 1230/466/693
f 1231/363/694 1232/306/428 1233/335/695
f 1234/467/696 1235/468/697 1236/469/698
f 1235/468/699 1237/470/700 1236/469/701
f 1238/471/702 1239/320/447 1240/319/448
f 1241/173/703 1242/254/704 1243/181/704
f 1242/254/704 1241/173/703 1244/251/703
f 1245/254/705 1246/171/706 1247/181/704
f 1246/171/706 1245/254/704 1248/248/707
f 1249/353/529 1250/259/356 1251/352/527
f 1249/353/529 1252/421/623 1250/259/622
f 1253/467/708 1254/469/709 1255/468/710
f 1255/468/710 1254/469/709 1256/470/711
f 1257/310/603 1258/405/712 1259/472/713
f 1260/473/714 1261/474/715 1262/475/716
f 1263/244/339 1264/243/338 1265/476/717
f 1265/476/717 1266/243/338 1267/245/718
f 1268/477/719 1269/478/720 1270/433/721
f 1271/479/722 1272/480/723 1273/481/724
f 1274/482/725 1275/483/726 1276/484/727
f 1277/483/726 1274/482/728 1278/470/700
f 1279/468/699 1277/483/726 1278/470/700
f 1280/485/729 1281/113/730 1282/115/600
f 1283/323/543 1284/314/731 1285/429/633
f 1286/470/711 1287/483/732 1288/468/733
f 1287/483/732 1286/470/711 1289/482/734
f 1289/482/735 1290/484/736 1291/483/732
f 1292/405/602 1293/404/601 1294/486/737
f 1295/429/738 1296/314/528 1297/323/452
f 1298/483/726 1299/487/739 1300/484/740
f 1301/488/363 1302/489/741 1303/490/364
f 1304/491/742 1302/489/743 1305/488/363
f 1306/443/744 1307/358/745 1308/492/746
f 1306/443/747 1308/492/746 1309/444/656
f 1310/296/408 1311/493/748 1312/294/749
f 1313/484/750 1314/487/751 1315/483/732
f 1316/494/752 1317/495/753 1318/496/754
f 1319/497/755 1320/424/756 1321/498/757
f 1322/415/758 1323/446/659 1324/449/662
f 1325/499/759 1326/500/760 1327/501/761
f 1328/90/762 1329/466/693 1330/86/692
f 1329/466/693 1328/90/762 1331/502/693
f 1332/503/763 1333/504/764 1334/505/765
f 1335/506/766 1336/467/767 1337/507/768
f 1338/506/769 1339/507/770 1340/467/771
f 1341/339/772 1342/338/773 1343/226/303
f 1344/477/719 1345/508/774 1346/478/775
f 1347/338/502 1348/339/504 1349/226/316
f 1350/433/721 1351/478/776 1352/417/777
f 1353/314/595 1354/285/392 1355/509/666
f 1356/491/742 1357/488/363 1358/510/778
f 1357/488/363 1359/511/370 1358/510/779
f 1360/227/305 1361/290/399 1362/211/306
f 1363/512/780 1364/513/781 1365/514/782
f 1366/416/617 1367/515/783 1368/516/784
f 1369/290/785 1370/227/786 1371/211/332
f 1372/517/787 1373/221/293 1374/230/311
f 1375/517/788 1376/229/309 1377/222/295
f 1378/518/789 1379/408/609 1380/519/790
f 1381/441/652 1382/520/791 1383/521/792
f 1384/486/737 1385/522/793 1386/405/602
f 1387/159/794 1388/82/795 1389/189/796
f 1390/509/666 1391/285/392 1392/301/417
f 1393/523/797 1394/301/417 1395/355/798
f 1396/524/799 1397/282/388 1398/275/413
f 1397/282/388 1396/524/799 1399/525/800
f 1400/475/716 1401/526/801 1402/295/802
f 1403/76/803 1404/156/804 1405/158/803
f 1404/156/805 1403/76/803 1406/63/806
f 1407/499/759 1408/501/761 1409/387/580
f 1410/361/569 1411/323/543 1412/527/807
f 1413/90/762 1414/528/808 1415/502/693
f 1416/106/809 1417/158/803 1418/205/809
f 1417/158/803 1416/106/809 1419/76/803
f 1420/205/810 1421/224/811 1422/136/811
f 1420/205/809 1422/136/811 1423/106/809
f 1424/151/812 1425/91/813 1426/195/814
f 1425/91/813 1424/151/812 1427/73/812
f 1428/149/815 1429/73/812 1430/151/812
f 1429/73/812 1428/149/816 1431/53/816
f 1432/46/817 1433/88/818 1434/50/818
f 1433/88/818 1432/46/817 1435/85/817
f 1436/105/819 1437/56/820 1438/60/819
f 1437/56/820 1436/105/821 1439/103/820
f 1440/503/763 1441/505/765 1442/529/587
f 1443/490/384 1444/530/822 1445/531/383
f 1446/153/823 1447/136/811 1448/224/811
f 1448/224/811 1449/241/824 1446/153/824
f 1450/153/824 1451/247/825 1452/169/825
f 1451/247/825 1450/153/824 1453/241/824
f 1454/169/825 1455/251/703 1456/173/703
f 1455/251/703 1454/169/825 1457/247/825
f 1458/146/826 1459/242/827 1460/237/826
f 1459/242/827 1458/146/828 1461/167/827
f 1462/125/829 1463/146/828 1464/216/829
f 1464/216/829 1463/146/826 1465/237/826
f 1466/125/829 1467/195/813 1468/91/813
f 1467/195/830 1466/125/829 1469/216/829
f 1470/532/831 1471/533/832 1472/400/594
f 1473/142/833 1474/400/594 1471/533/832
f 1473/142/183 1475/219/290 1474/400/594
f 1476/248/707 1477/167/834 1478/171/706
f 1477/167/827 1476/248/835 1479/242/827
f 1480/88/818 1481/68/836 1482/50/818
f 1481/68/836 1480/88/837 1483/123/836
f 1484/134/838 1485/105/819 1486/62/838
f 1486/62/838 1485/105/819 1487/60/819
f 1488/487/839 1489/534/840 1490/535/841
f 1491/249/842 1492/249/842 1493/249/842
f 1494/536/843 1495/537/844 1496/538/845
f 1497/159/794 1498/134/838 1499/62/838
f 1500/103/820 1501/57/846 1502/56/820
f 1501/57/846 1500/103/820 1503/95/847
f 1504/535/848 1505/534/849 1506/487/850
f 1507/63/851 1508/93/852 1509/156/853
f 1508/93/852 1507/63/806 1510/66/852
f 1511/48/854 1512/85/817 1513/46/817
f 1512/85/817 1511/48/854 1514/80/855
f 1515/487/839 1516/535/856 1517/484/727
f 1518/506/857 1519/467/696 1520/469/701
f 1521/538/845 1522/537/858 1523/539/859
f 1524/78/860 1525/53/861 1526/149/861
f 1525/53/816 1524/78/860 1527/52/860
f 1528/70/862 1529/123/836 1530/154/862
f 1529/123/836 1528/70/862 1531/68/836
f 1532/154/862 1533/528/808 1528/70/862
f 1534/535/848 1535/487/863 1536/484/736
f 1537/506/864 1538/469/865 1539/467/708
f 1540/540/399 1541/438/649 1542/302/264
f 1543/438/653 1544/540/785 1545/302/331
f 1546/338/773 1547/227/305 1548/210/276
f 1549/192/866 1550/99/132 1551/244/339
f 1552/541/867 1549/192/249 1553/244/339
f 1553/244/339 1554/542/868 1552/541/867
f 1555/101/134 1556/197/260 1557/245/718
f 1556/197/260 1558/543/869 1559/245/718
f 1558/543/870 1560/544/871 1559/245/718
f 1561/227/786 1562/338/872 1563/210/278
f 1564/434/873 1565/278/381 1566/368/552
f 1567/278/380 1568/434/639 1569/368/553
f 1570/120/643 1571/118/874 1572/545/875
f 1573/496/754 1574/495/753 1575/546/876
f 1576/547/877 1577/479/878 1578/481/724
f 1577/479/878 1576/547/877 1579/548/879
f 1580/294/405 1581/549/880 1582/295/881
f 1583/66/882 1584/57/846 1585/95/847
f 1583/66/852 1585/95/847 1586/93/852
f 1587/78/860 1588/80/855 1589/52/860
f 1590/48/854 1589/52/860 1588/80/855
f 1591/376/564 1592/550/883 1593/551/884
f 1594/552/885 1595/553/886 1596/554/887
f 1597/555/888 1598/556/889 1599/557/890
f 1599/557/891 1600/558/892 1597/555/888
f 1601/62/838 1602/82/893 1603/159/794
f 1604/474/894 1605/315/895 1606/559/896
f 1605/315/897 1604/474/894 1607/316/443
f 1608/309/898 1609/373/899 1610/310/434
f 1611/82/893 1612/86/900 1613/465/901
f 1611/82/893 1613/465/902 1614/189/903
f 1615/509/666 1616/301/417 1617/560/904
f 1618/561/905 1619/413/906 1620/562/907
f 1621/532/908 1619/413/909 1618/561/910
f 1621/532/908 1618/561/905 1622/563/911
f 1623/413/912 1619/413/909 1621/532/913
f 1621/532/913 1624/413/613 1623/413/912
f 1625/532/831 1624/413/914 1621/532/913
f 1626/374/915 1627/564/916 1628/390/583
f 1629/90/762 1630/70/862 1631/528/808
f 1632/565/917 1633/398/918 1634/356/533
f 1635/566/919 1636/565/917 1634/356/533
f 1637/261/361 1638/339/504 1639/567/920
f 1640/261/359 1641/567/921 1642/339/922
f 1643/534/923 1644/568/924 1645/569/925
f 1646/570/926 1647/532/913 1648/563/927
f 1649/442/928 1650/357/536 1651/360/929
f 1649/442/930 1651/360/929 1652/571/931
f 1653/572/932 1654/573/933 1655/574/934
f 1656/575/935 1657/507/936 1658/576/937
f 1659/575/938 1660/576/939 1661/507/770
f 1662/569/940 1663/568/941 1664/534/942
f 1665/490/364 1666/489/943 1667/530/944
f 1668/532/913 1669/570/926 1670/532/831
f 1671/577/945 1672/578/946 1673/579/947
f 1674/580/948 1675/556/949 1676/555/888
f 1677/581/950 1678/582/951 1679/583/952
f 1680/584/953 1681/581/950 1682/583/954
f 1683/354/685 1684/314/528 1685/429/955
f 1686/512/780 1687/585/956 1688/586/957
f 1689/366/550 1690/587/958 1691/364/548
f 1692/588/959 1693/589/960 1694/590/961
f 1695/534/923 1696/569/925 1697/535/962
f 1698/591/963 1699/592/964 1700/593/965
f 1701/594/966 1702/595/967 1703/596/968
f 1704/314/595 1705/509/666 1706/597/969
f 1707/569/970 1708/534/942 1709/535/848
f 1710/566/971 1711/355/798 1712/362/545
f 1713/471/702 1714/448/972 1715/320/973
f 1716/120/643 1717/545/974 1718/435/644
f 1719/595/975 1720/598/976 1721/596/968
f 1722/572/932 1723/599/977 1724/573/933
f 1725/560/904 1726/301/978 1727/523/797
f 1728/261/359 1729/406/604 1730/567/921
f 1731/585/979 1732/600/980 1733/586/981
f 1734/567/920 1735/406/605 1736/261/361
f 1737/495/982 1738/601/983 1739/602/984
f 1740/432/985 1741/431/986 1742/603/987
f 1743/604/988 1744/356/533 1745/421/623
f 1746/299/420 1747/605/989 1748/303/419
f 1749/606/990 1750/552/991 1751/607/992
f 1752/406/604 1753/229/993 1754/517/788
f 1755/298/426 1756/304/423 1757/608/994
f 1758/406/605 1759/517/787 1760/230/311
f 1761/609/995 1762/595/967 1763/594/996
f 1764/610/997 1765/611/998 1766/612/999
f 1767/613/1000 1768/614/1001 1769/615/1002
f 1770/570/926 1771/616/1003 1772/616/1004
f 1773/617/1005 1774/577/1006 1775/579/947
f 1773/617/1007 1775/579/947 1776/618/1008
f 1777/462/686 1778/619/799 1779/463/377
f 1780/574/1009 1781/620/1010 1782/621/1011
f 1780/574/1009 1783/573/933 1784/620/1012
f 1785/622/1013 1786/623/1014 1787/624/1015
f 1788/438/1016 1789/625/1017 1790/289/398
f 1791/227/1018 1792/626/1019 1793/290/399
f 1794/289/397 1795/625/1020 1796/438/653
f 1797/290/785 1798/626/1021 1799/227/317
f 1800/236/1022 1801/235/319 1802/627/1023
f 1803/616/1003 1804/570/926 1805/563/927
f 1806/624/1024 1807/558/1025 1808/628/1026
f 1806/624/1024 1808/628/1027 1809/622/1013
f 1810/629/1028 1811/630/1029 1812/631/1030
f 1813/632/1031 1814/198/262 1815/533/832
f 1816/633/1032 1817/553/1033 1818/552/1034
f 1819/633/1035 1818/552/991 1820/606/1036
f 1821/368/552 1822/313/422 1823/634/421
f 1824/556/949 1825/635/1037 1826/557/891
f 1827/323/1038 1828/430/634 1829/527/807
f 1830/430/1039 1831/323/452 1832/527/1040
f 1833/568/924 1834/636/1041 1835/637/1042
f 1836/339/772 1837/638/1043 1838/338/481
f 1839/313/228 1840/368/553 1841/634/423
f 1842/639/1044 1843/600/1045 1844/585/956
f 1845/640/1046 1846/623/1014 1847/622/1013
f 1848/637/1047 1849/636/1048 1850/568/941
f 1851/339/504 1852/338/502 1853/638/1049
f 1854/197/260 1855/198/262 1856/543/869
f 1855/198/262 1857/632/1031 1856/543/869
f 1858/611/1050 1859/641/1051 1860/642/1052
f 1861/643/388 1862/644/1053 1863/645/1054
f 1864/591/1055 1865/646/1056 1866/592/964
f 1867/647/1057 1868/390/1058 1869/392/585
f 1870/594/996 1871/596/1059 1872/648/1060
f 1873/649/1061 1874/650/1062 1875/651/1063
f 1876/514/782 1877/627/1023 1878/512/780
f 1879/562/1064 1880/413/1065 1881/413/1065
f 1881/413/1064 1882/562/1064 1879/562/1064
f 1883/652/1066 1884/653/1067 1885/654/1068
f 1886/568/924 1887/637/1042 1888/569/1069
f 1889/575/938 1890/507/1070 1891/506/1071
f 1892/429/1072 1893/323/452 1894/430/1073
f 1895/415/758 1896/449/1074 1897/655/1075
f 1898/656/1076 1899/635/1037 1900/556/1077
f 1901/630/1078 1902/657/1079 1903/631/1030
f 1904/658/1080 1905/578/946 1906/577/1006
f 1907/637/1047 1908/568/941 1909/569/1081
f 1910/575/1082 1911/506/864 1912/507/768
f 1913/476/717 1914/245/718 1915/544/871
f 1916/335/472 1917/334/471 1918/659/1083
f 1919/660/1084 1920/424/1085 1921/423/1086
f 1922/590/961 1923/661/1087 1924/662/1088
f 1923/661/1089 1922/590/1090 1925/589/1091
f 1926/334/471 1927/367/570 1928/663/1092
f 1929/236/1022 1930/627/1093 1931/514/782
f 1932/664/370 1933/645/394 1934/665/1094
f 1932/664/370 1934/665/1094 1935/666/1095
f 1936/546/876 1937/495/982 1938/602/984
f 1939/141/181 1940/142/183 1941/196/259
f 1941/196/259 1940/142/183 1942/198/262
f 1940/142/833 1943/533/832 1944/198/262
f 1945/570/926 1943/533/832 1946/532/831
f 1946/532/831 1947/399/593 1948/413/914
f 1946/532/831 1949/400/594 1947/399/593
f 1950/667/1096 1951/480/723 1952/479/878
f 1953/514/1097 1954/513/1098 1955/668/1099
f 1956/669/376 1957/651/1100 1958/670/1101
f 1956/669/376 1958/670/1101 1959/671/1102
f 1960/672/1103 1961/615/1002 1962/673/1104
f 1963/674/1105 1964/654/1068 1965/675/1106
f 1966/676/1107 1967/434/638 1968/368/552
f 1969/368/553 1970/434/639 1971/676/1108
f 1972/677/1109 1973/421/623 1974/353/529
f 1975/367/570 1976/361/1110 1977/663/1111
f 1978/678/1112 1979/679/1113 1980/680/1114
f 1981/679/1115 1982/678/989 1983/681/1116
f 1984/378/568 1985/625/1020 1986/289/397
f 1984/378/568 1987/682/1117 1985/625/1020
f 1988/289/398 1989/625/1017 1990/378/567
f 1991/682/1118 1990/378/567 1989/625/1017
f 1992/485/1119 1993/115/600 1994/403/599
f 1995/403/598 1996/683/1120 1992/485/1119
f 1996/683/1120 1995/403/598 1997/402/597
f 1998/519/790 1999/408/1121 2000/407/606
f 2001/684/1122 2002/589/1123 2003/588/1124
f 2004/604/1125 2005/566/919 2006/356/533
f 2007/497/1126 2008/422/1127 2009/424/1128
f 2010/684/1129 2011/581/1130 2012/584/953
f 2013/453/671 2014/420/621 2015/685/1131
f 2016/537/858 2017/536/843 2018/686/1132
f 2018/686/1133 2017/536/843 2019/687/1134
f 2020/658/1135 2021/582/951 2022/581/950
f 2023/688/1136 2024/622/1013 2025/628/1027
f 2026/649/383 2027/689/944 2028/690/1137
f 2029/691/1138 2030/604/1125 2031/421/623
f 2032/517/787 2033/299/1139 2034/221/293
f 2033/299/1139 2032/517/787 2035/692/1140
f 2036/252/1141 2037/253/1142 2038/253/1143
f 2039/253/1144 2037/253/1142 2036/252/1141
f 2040/252/1145 2039/253/1146 2036/252/1141
f 2040/252/1147 2041/252/1148 2039/253/1146
f 2041/252/1148 2042/693/1149 2039/253/1144
f 2043/252/1150 2036/252/1141 2044/253/1151
f 2044/253/1152 2045/253/1153 2043/252/1150
f 2045/253/1153 2046/252/236 2043/252/1150
f 2046/252/236 2045/253/1153 2047/253/615
f 2048/517/788 2049/222/295 2050/298/414
f 2050/298/1154 2051/692/1155 2048/517/788
f 2052/694/1156 2053/577/1006 2054/617/1007
f 2055/118/874 2056/695/1157 2057/545/875
f 2058/552/885 2059/696/1158 2060/607/1159
f 2061/460/683 2062/336/475 2063/697/1160
f 2062/336/475 2061/460/683 2064/307/429
f 2065/339/1161 2066/698/1162 2067/567/920
f 2068/339/1163 2069/567/921 2070/698/1164
f 2071/235/1165 2072/312/1166 2073/627/1093
f 2074/585/956 2075/512/780 2073/627/1093
f 2076/312/437 2074/585/1167 2073/627/1093
f 2077/699/1168 2078/611/998 2079/610/1169
f 2080/636/1041 2081/700/1170 2082/637/1042
f 2083/700/1171 2084/636/1172 2085/637/1047
f 2086/611/1050 2087/642/1052 2088/701/1173
f 2089/611/998 2088/701/1173 2090/612/1174
f 2091/634/419 2092/702/1175 2093/368/552
f 2094/703/1176 2095/703/1176 2096/703/1176
f 2096/703/1176 2097/703/1176 2094/703/1176
f 2098/634/423 2099/368/553 2100/704/1177
f 2101/498/1178 2102/424/626 2103/705/1179
f 2104/703/1180 2105/703/1180 2106/703/1180
f 2106/703/1180 2105/703/1180 2107/703/1180
f 2108/658/1181 2109/599/1182 2110/572/932
f 2111/312/1166 2112/706/1183 2113/585/1167
f 2114/677/1109 2115/691/1138 2116/421/623
f 2117/707/1184 2118/653/1067 2119/652/1066
f 2120/540/1185 2121/708/1186 2122/438/1016
f 2123/438/653 2124/708/1187 2125/540/785
f 2126/706/1183 2127/639/1188 2128/585/956
f 2129/312/437 2130/193/251 2126/706/1183
f 2131/674/1105 2132/652/1189 2133/654/1068
f 2134/703/1190 2135/703/1190 2136/703/1190
f 2137/703/1191 2138/703/1191 2139/703/1191
f 2139/703/1191 2140/703/1191 2137/703/1191
f 2141/703/1192 2142/703/1192 2143/703/1192
f 2144/709/1193 2145/354/530 2146/710/1194
f 2147/710/1195 2145/354/530 2148/429/1196
f 2149/684/1197 2150/593/965 2151/711/1198
f 2152/684/1199 2153/630/1078 2154/629/1028
f 2155/712/1200 2156/615/1201 2157/672/1103
f 2158/703/1202 2159/703/1202 2160/703/1202
f 2158/703/1202 2160/703/1202 2161/703/1202
f 2162/703/1203 2163/703/1203 2164/703/1203
f 2165/703/1204 2164/703/1204 2163/703/1204
f 2166/713/1205 2167/661/1206 2168/589/1207
f 2169/714/1208 2170/652/1189 2171/674/1105
f 2172/703/1209 2173/703/1209 2174/703/1209
f 2174/703/1210 2173/703/1210 2175/703/1210
f 2176/703/1211 2177/703/1211 2178/703/1211
f 2177/703/1211 2176/703/1211 2179/703/1211
f 2180/703/1212 2181/703/1212 2182/703/1212
f 2183/703/1212 2182/703/1212 2181/703/1212
f 2184/703/1213 2185/703/1213 2186/703/1213
f 2187/703/1213 2186/703/1213 2185/703/1213
f 2188/636/1041 2189/715/1214 2190/700/1170
f 2188/636/1041 2191/716/1215 2189/715/1216
f 2192/666/1095 2193/717/778 2194/664/370
f 2195/703/1217 2196/703/1217 2197/703/1217
f 2196/703/1218 2195/703/1218 2198/703/1218
f 2199/703/1219 2200/703/1219 2201/703/1219
f 2199/703/1220 2201/703/1220 2202/703/1220
f 2203/709/1193 2204/353/1221 2205/354/530
f 2203/709/1193 2206/677/1109 2207/353/529
f 2208/703/1222 2209/703/1222 2210/703/1222
f 2209/703/1222 2208/703/1222 2211/703/1222
f 2212/703/1223 2213/703/1223 2214/703/1223
f 2213/703/1223 2212/703/1223 2215/703/1223
f 2216/703/1224 2217/703/1224 2218/703/1224
f 2218/703/1224 2219/703/1224 2216/703/1224
f 2220/703/1225 2221/703/1225 2222/703/1225
f 2222/703/1225 2223/703/1225 2220/703/1225
f 2224/700/1171 2225/715/1226 2226/636/1048
f 2227/716/1227 2226/636/1172 2225/715/1226
f 2228/708/1186 2229/625/1017 2230/438/1016
f 2231/703/1228 2232/703/1228 2233/703/1228
f 2232/703/1229 2231/703/1229 2234/703/1229
f 2235/703/1230 2236/703/1230 2237/703/1230
f 2237/703/1230 2238/703/1230 2235/703/1230
f 2239/575/938 2240/718/1231 2241/576/939
f 2241/576/1232 2240/718/1231 2242/719/1233
f 2243/718/1234 2244/575/935 2245/576/1235
f 2243/718/1236 2245/576/1237 2246/719/1238
f 2247/625/1020 2248/708/1187 2249/438/653
f 2250/720/1239 2251/695/1240 2252/113/1241
f 2253/699/1168 2254/641/1051 2255/611/998
f 2256/721/1242 2257/594/996 2258/648/1060
f 2259/703/1243 2260/703/1243 2261/703/1243
f 2261/703/1244 2260/703/1244 2262/703/1244
f 2263/703/1245 2264/703/1245 2265/703/1245
f 2265/703/1245 2264/703/1245 2266/703/1245
f 2267/703/1246 2268/703/1246 2269/703/1246
f 2267/703/1246 2269/703/1246 2270/703/1246
f 2271/703/1247 2272/703/1247 2273/703/1247
f 2272/703/1247 2271/703/1247 2274/703/1247
f 2275/703/1248 2276/703/1248 2277/703/1248
f 2276/703/1249 2275/703/1249 2278/703/1249
f 2279/703/1250 2280/703/1250 2281/703/1250
f 2280/703/1250 2279/703/1250 2282/703/1250
f 2283/703/1251 2284/703/1251 2285/703/1251
f 2286/703/1251 2285/703/1251 2284/703/1251
f 2287/703/1252 2288/703/1252 2289/703/1252
f 2290/703/1253 2289/703/1253 2288/703/1253
f 2291/703/1254 2292/703/1254 2293/703/1254
f 2292/703/1255 2291/703/1255 2294/703/1255
f 2295/339/772 2296/698/1164 2297/638/1043
f 2298/339/1161 2299/638/1049 2300/698/1162
f 2301/720/1239 2302/113/1241 2303/722/1256
f 2304/653/1257 2305/723/1258 2306/654/1068
f 2305/723/1259 2304/653/1067 2307/724/1260
f 2308/725/1261 2309/592/964 2310/726/1262
f 2309/592/964 2308/725/1261 2311/593/965
f 2312/643/388 2313/727/1263 2314/728/1264
f 2315/616/1004 2316/632/1031 2317/570/926
f 2317/570/926 2318/632/1265 2319/533/832
f 2320/729/1266 2321/464/1267 2322/461/376
f 2323/643/388 2324/728/1264 2325/644/1268
f 2326/499/759 2327/387/1269 2328/389/1270
f 2329/730/1271 2328/389/1270 2330/731/1272
f 2331/499/759 2328/389/582 2332/730/1273
f 2333/651/427 2334/650/1062 2335/732/1274
f 2336/529/587 2337/505/765 2338/733/588
f 2339/734/1275 2338/733/588 2340/735/1276
f 2338/733/1277 2341/505/765 2342/735/1276
f 2343/695/1157 2344/118/874 2345/113/730
f 2343/695/1157 2346/720/1239 2347/736/1278
f 2348/363/546 2349/335/1279 2350/659/1280
f 2351/737/1281 2352/517/787 2353/406/605
f 2354/406/604 2355/517/788 2356/738/1282
f 2357/739/1283 2358/358/745 2359/443/655
f 2360/722/1256 2361/485/1119 2362/683/1284
f 2360/722/1256 2363/113/1241 2361/485/1119
f 2364/703/1285 2365/703/1285 2366/703/1285
f 2365/703/1286 2364/703/1286 2367/703/1286
f 2368/703/1287 2369/703/1287 2370/703/1287
f 2369/703/1288 2368/703/1288 2371/703/1288
f 2372/740/1289 2373/443/1290 2374/442/654
f 2375/542/868 2376/476/717 2377/741/1291
f 2378/741/1291 2379/476/717 2380/544/871
f 2381/545/974 2382/695/1157 2383/736/1278
f 2384/338/773 2385/742/1292 2386/227/305
f 2387/227/317 2388/742/1293 2389/338/502
f 2390/731/1272 2391/389/582 2392/743/1294
f 2393/386/1295 2392/743/1294 2391/389/582
f 2394/744/1296 2395/393/586 2396/395/1277
f 2396/395/588 2397/745/1275 2394/744/1297
f 2398/746/1298 2399/603/1299 2400/431/986
f 2401/747/1300 2402/515/783 2403/416/1301
f 2404/748/1302 2405/593/965 2406/725/1303
f 2405/593/1304 2404/748/1302 2407/711/1305
f 2408/554/887 2409/696/1158 2410/552/885
f 2409/696/1306 2408/554/887 2411/749/1307
f 2412/703/1308 2413/703/1308 2414/703/1308
f 2415/703/1308 2413/703/1308 2412/703/1308
f 2416/750/1309 2417/523/797 2418/751/1310
f 2417/523/797 2419/355/798 2420/751/1310
f 2421/752/1311 2422/446/659 2423/415/758
f 2424/615/1002 2425/614/1001 2426/673/1312
f 2427/703/1313 2428/703/1313 2429/703/1313
f 2429/703/1313 2430/703/1313 2427/703/1313
f 2431/753/1314 2432/376/1315 2433/551/884
f 2434/573/933 2435/599/977 2436/754/1316
f 2437/658/1317 2438/657/1318 2439/630/1029
f 2440/755/1319 2441/591/1320 2442/593/1304
f 2440/755/1319 2442/593/1321 2443/684/1197
f 2444/756/1322 2445/665/1094 2446/645/394
f 2446/645/394 2447/644/1053 2448/756/1322
f 2449/706/1183 2450/541/867 2451/639/1188
f 2452/639/1044 2450/541/1323 2453/757/1324
f 2454/541/867 2455/542/1325 2453/757/1324
f 2456/193/251 2450/541/867 2457/706/1183
f 2456/193/251 2458/192/249 2450/541/867
f 2459/583/1326 2460/582/951 2461/758/1327
f 2462/759/1328 2463/760/1329 2464/761/1330
f 2465/430/634 2466/429/633 2467/762/1331
f 2468/759/1332 2469/761/1333 2470/760/1334
f 2471/436/645 2472/435/642 2473/763/1335
f 2473/763/1336 2472/435/642 2474/545/875
f 2475/762/1337 2476/429/1196 2477/430/1073
f 2478/508/774 2479/764/1338 2480/478/720
f 2481/649/383 2482/690/1137 2483/650/1339
f 2484/631/1030 2485/657/1318 2486/765/1340
f 2487/579/947 2488/578/946 2489/766/1341
f 2490/588/959 2491/590/961 2492/767/1342
f 2493/543/869 2494/632/1031 2495/616/1004
f 2496/667/1096 2497/768/1343 2498/480/1344
f 2499/596/968 2500/769/1345 2501/648/1060
f 2502/763/1336 2503/770/1346 2504/763/1347
f 2505/436/645 2502/763/1335 2506/771/1348
f 2507/763/1349 2505/436/645 2506/771/1348
f 2508/436/1350 2505/436/645 2507/763/1349
f 2508/436/1350 2507/763/1349 2509/436/1351
f 2510/436/1352 2511/322/1353 2505/436/1354
f 2511/322/1353 2512/322/1355 2505/436/1354
f 2510/436/1356 2513/436/1357 2511/322/1358
f 2514/772/1359 2512/322/1355 2511/322/1353
f 2514/772/1359 2515/185/236 2512/322/1355
f 2515/185/236 2514/772/1359 2516/773/1150
f 2514/772/1359 2517/773/1141 2516/773/1150
f 2514/772/1359 2518/774/1147 2517/773/1141
f 2518/774/1147 2514/772/1359 2511/322/1353
f 2519/322/1360 2511/322/1353 2513/436/1361
f 2518/774/1147 2511/322/1358 2519/322/1360
f 2519/322/1360 2513/436/1361 2520/436/1362
f 2520/436/1362 2521/775/1363 2519/322/1364
f 2522/772/1365 2518/774/1366 2519/322/1364
f 2523/775/1367 2522/772/1365 2519/322/1364
f 2522/772/1365 2523/775/1367 2524/772/1368
f 2525/629/1028 2526/631/1030 2527/776/1369
f 2528/777/1370 2529/432/985 2530/603/1299
f 2531/390/583 2532/778/1371 2533/374/915
f 2532/778/1372 2531/390/1373 2534/647/1374
f 2535/779/1375 2536/315/897 2537/317/561
f 2538/780/1376 2539/580/1377 2540/555/888
f 2541/781/1378 2542/782/1378 2543/783/1378
f 2544/784/1378 2543/783/1378 2542/782/1378
f 2542/782/1378 2541/781/1378 2545/785/1378
f 2546/786/1378 2545/785/1378 2541/781/1378
f 2545/785/1378 2546/786/1378 2547/787/1378
f 2544/784/1378 2548/788/1378 2543/783/1378
f 2548/788/1378 2544/784/1378 2549/789/1378
f 2549/789/1378 2550/790/1378 2548/788/1378
f 2551/791/1378 2550/790/1378 2549/789/1378
f 2551/791/1378 2549/789/1378 2552/792/1378
f 2553/793/1378 2550/790/1378 2551/791/1378
f 2554/794/1378 2550/790/1378 2553/793/1378
f 2554/794/1379 2555/795/1379 2550/790/1379
f 2556/796/1378 2555/795/1378 2554/794/1378
f 2555/795/1378 2556/796/1378 2557/797/1378
f 2557/797/1378 2556/796/1378 2558/798/1378
f 2559/799/1380 2560/656/1381 2561/580/948
f 2562/584/953 2563/583/952 2564/800/1382
f 2565/565/917 2566/697/1160 2567/398/592
f 2568/801/1383 2569/509/666 2570/560/904
f 2571/732/1384 2572/670/1101 2573/651/1385
f 2574/802/1386 2575/803/1387 2576/804/1388
f 2577/253/1389 2578/253/1390 2579/253/1391
f 2578/253/1390 2580/253/1392 2579/253/1391
f 2580/253/1392 2578/253/1393 2581/253/1392
f 2582/692/1394 2583/605/989 2584/299/420
f 2585/692/1395 2586/298/414 2587/608/994
f 2588/716/1215 2589/805/1396 2590/715/1214
f 2589/805/1396 2588/716/1215 2591/806/1397
f 2592/676/1107 2593/368/552 2594/702/1398
f 2595/620/1010 2596/573/933 2597/807/1399
f 2598/715/1400 2599/805/1401 2600/716/1227
f 2600/716/1227 2599/805/1401 2601/806/1402
f 2602/368/553 2603/676/1108 2604/704/1177
f 2605/654/1068 2606/723/1259 2607/675/1403
f 2608/712/1200 2609/613/1404 2610/615/1201
f 2611/439/650 2612/441/652 2613/808/1405
f 2614/809/1019 2615/708/1186 2616/540/399
f 2617/708/1187 2618/809/1021 2619/540/403
f 2620/406/604 2621/738/1282 2622/567/921
f 2623/739/1283 2624/443/655 2625/740/1406
f 2623/739/1283 2626/810/1407 2627/358/745
f 2628/385/1408 2629/811/1409 2630/358/676
f 2631/633/1032 2632/606/1036 2633/812/1410
f 2634/737/1281 2635/406/605 2636/567/920
f 2637/813/1411 2638/543/869 2639/616/1004
f 2640/741/1291 2641/757/1324 2642/542/1325
f 2641/757/1324 2640/741/1291 2643/814/1412
f 2642/542/868 2644/244/339 2645/476/717
f 2646/802/1413 2647/499/759 2648/815/1414
f 2647/499/759 2646/802/1413 2649/500/760
f 2649/500/760 2646/802/1413 2650/804/1388
f 2651/361/1110 2652/527/807 2653/663/1415
f 2654/433/637 2655/432/985 2656/816/1416
f 2657/817/1417 2658/378/568 2659/434/873
f 2660/818/1418 2657/817/1417 2661/819/1419
f 2662/378/567 2663/817/1420 2664/434/639
f 2663/817/1420 2665/818/1421 2666/819/1422
f 1622/563/927 1618/561/910 2667/563/1423
f 2668/616/1003 1622/563/927 2667/563/1423
f 2669/813/1424 2668/616/1003 2667/563/1423
f 2669/813/1424 2670/616/1004 2668/616/1003
f 2670/616/1004 2669/813/1424 2671/813/1411
f 2671/813/1411 2669/813/1424 2672/820/1425
f 2672/820/1425 2669/813/1424 2673/820/1426
f 2674/814/1427 2672/820/1425 2673/820/1426
f 2672/820/1428 2674/814/1427 2675/814/1429
f 2675/814/1429 2674/814/1427 2676/821/1430
f 2675/814/1429 2676/821/1430 2677/757/1324
f 2677/757/1324 2676/821/1431 2678/822/1432
f 2677/757/1433 2678/822/1434 2679/639/1044
f 2679/639/1044 2678/822/1432 2680/639/1435
f 2681/600/1045 2679/639/1188 2680/639/1435
f 2682/586/1436 2681/600/1045 2683/823/1437
f 2684/513/1438 2682/586/957 2685/824/1439
f 2686/512/780 2682/586/1436 2684/513/1438
f 2687/513/781 2686/512/780 2684/513/1438
f 2688/825/1440 2689/475/716 2690/295/1441
f 2689/475/716 2688/825/1440 2691/473/714
f 2692/826/1442 2688/825/1440 2693/295/1441
f 2693/295/1443 2694/827/1444 2692/826/1445
f 2695/826/1445 2696/473/714 2688/825/1440
f 2696/473/714 2695/826/1446 2697/828/1447
f 2698/753/1448 2699/829/1449 2700/374/1450
f 2698/753/1314 2700/374/562 2701/376/564
f 2702/830/517 2703/697/1160 2704/565/1451
f 2705/454/1452 2706/453/1453 2707/831/1454
f 2708/718/1231 2709/760/1455 2710/719/1233
f 2709/760/1456 2708/718/1231 2711/759/1332
f 2712/718/1236 2713/760/1329 2714/759/1457
f 2713/760/1458 2712/718/1236 2715/719/1238
f 2716/832/1459 2717/722/1460 2718/832/1461
f 2716/832/1459 2719/720/1239 2717/722/1460
f 2717/722/1460 2719/720/1239 2720/722/1256
f 2719/720/1239 2721/833/1462 2722/736/1278
f 2719/720/1239 2723/832/1463 2721/833/1462
f 2720/722/1256 2724/683/1120 2725/834/1464
f 2726/402/1465 2725/834/1464 2724/683/1120
f 2727/402/597 2726/402/1466 2724/683/1120
f 2728/401/1467 2729/401/1468 2727/402/597
f 2727/402/597 2729/401/1469 2730/402/1470
f 2728/401/596 2731/835/1471 2729/401/1469
f 2732/188/241 2731/835/1471 2728/401/1467
f 2733/401/1472 2730/402/1470 2729/401/1469
f 2734/402/1473 2730/402/1470 2733/401/1472
f 2734/402/1473 2733/401/1472 2735/836/1474
f 2735/836/1475 2733/401/1472 2736/835/1476
f 2735/836/1475 2736/835/1476 2737/402/1477
f 2738/835/1478 2736/835/1476 2733/401/1472
f 2733/401/1472 2739/835/1479 2738/835/1480
f 2739/835/1479 2733/401/1472 2729/401/1468
f 2729/401/1469 2731/835/1471 2739/835/1479
f 2732/188/241 2740/837/1481 2731/835/1471
f 2741/249/318 2740/837/1482 2732/188/241
f 2740/837/1483 2741/249/318 2742/249/1484
f 2740/837/1483 2743/837/1485 2731/835/1471
f 2742/249/1484 2743/837/1485 2740/837/1481
f 2739/835/1479 2731/835/1471 2743/837/1485
f 2743/837/1486 2742/249/1484 2744/249/1487
f 2744/249/1487 2745/249/1488 2743/837/1485
f 2739/835/1479 2743/837/1485 2746/837/1489
f 2746/837/1490 2743/837/1485 2745/249/1488
f 2746/837/1489 2747/835/1491 2739/835/1492
f 2746/837/1489 2745/249/1488 2748/838/1493
f 2747/835/1491 2746/837/1489 2748/838/1494
f 2749/839/1495 2747/835/1491 2748/838/1494
f 2750/835/1496 2747/835/1491 2749/839/1496
f 2751/587/1497 2752/366/550 2753/840/1498
f 2754/334/471 2755/663/1092 2756/659/1280
f 2757/536/843 2758/538/845 2759/841/1499
f 2760/496/754 2761/546/876 2762/842/1500
f 2763/545/875 2764/736/1278 2765/770/1501
f 2766/750/1309 2767/560/904 2768/523/797
f 2769/843/1502 2770/805/1396 2771/806/1397
f 2769/843/1503 2771/806/1397 2772/761/1333
f 2773/844/480 2774/455/674 2775/459/682
f 2776/805/1401 2777/843/1504 2778/806/1505
f 2778/806/1506 2777/843/1504 2779/761/1330
f 2780/338/481 2781/638/1043 2782/742/1292
f 2783/338/502 2784/742/1293 2785/638/1049
f 2786/845/1507 2787/640/1508 2788/688/1509
f 2789/324/1510 2790/346/492 2791/345/491
f 2789/324/1510 2791/345/1511 2792/325/460
f 2789/324/1510 2793/576/1232 2794/346/1512
f 2793/576/1232 2789/324/1510 2795/507/1513
f 2796/346/1514 2797/324/1515 2798/345/517
f 2798/345/1516 2797/324/1515 2799/337/506
f 2797/324/1515 2800/346/1517 2801/576/1237
f 2802/507/936 2797/324/1515 2801/576/937
f 2803/846/1518 2804/508/774 2805/477/719
f 2806/830/491 2807/362/1519 2808/363/694
f 2809/847/1520 2810/441/652 2811/521/1521
f 2812/713/1205 2813/589/1123 2814/684/1522
f 2815/848/1523 2816/626/1524 2817/742/1292
f 2816/626/1524 2818/227/1018 2817/742/1292
f 2819/626/1525 2820/849/1526 2821/742/1293
f 2819/626/1525 2821/742/1293 2822/227/317
f 2823/378/568 2824/850/1527 2825/682/1528
f 2826/378/567 2827/682/1118 2828/850/1529
f 2829/378/567 2830/850/1529 2831/817/1420
f 2832/378/568 2833/817/1417 2834/850/1527
f 2835/731/1272 2836/743/1294 2837/851/1530
f 2838/852/1531 2839/803/1387 2840/802/1386
f 2841/678/989 2842/702/1398 2843/634/419
f 2844/678/994 2845/634/425 2846/704/1532
f 2847/763/1335 2848/545/875 2849/770/1501
f 2850/853/1533 2851/744/1297 2852/745/1275
f 2853/480/1344 2854/854/1534 2855/481/724
f 2856/855/1535 2857/658/1536 2858/694/1156
f 2859/741/1537 2860/820/1425 2861/814/1538
f 2860/820/1425 2859/741/1291 2862/544/1539
f 2863/813/1411 2862/544/871 2864/543/869
f 2862/544/1539 2863/813/1411 2865/820/1428
f 2866/527/1540 2867/455/674 2868/856/489
f 2867/455/674 2869/844/480 2868/856/1541
f 2866/527/1040 2870/323/452 2871/455/674
f 2872/514/1097 2873/513/1542 2874/513/1098
f 2875/429/633 2876/597/1543 2877/762/1331
f 2878/597/1543 2879/509/666 2880/801/1383
f 2881/708/1186 2882/857/1544 2883/625/1017
f 2884/858/1545 2885/572/932 2886/574/1009
f 2887/625/1020 2888/857/1546 2889/708/1187
f 2890/859/1547 2891/860/1548 2892/861/1549
f 2891/860/1294 2890/859/1550 2893/862/1530
f 2894/863/1551 2895/864/1552 2896/853/1533
f 2895/864/1297 2894/863/1553 2897/865/1554
f 2898/808/1405 2899/441/652 2900/847/1555
f 2901/866/478 2902/460/683 2903/697/1160
f 2904/460/683 2901/866/506 2905/844/505
f 2905/844/480 2906/459/682 2904/460/683
f 2907/710/1195 2908/429/1196 2909/762/1556
f 2910/815/1414 2911/499/759 2912/730/1271
f 2913/735/1557 2914/505/765 2915/867/1558
f 2916/868/1559 2917/869/1560 2918/358/537
f 2919/559/896 2920/315/442 2921/870/1561
f 2922/659/1280 2923/663/1092 2924/844/474
f 2924/844/474 2925/866/1562 2922/659/1280
f 2926/702/1175 2927/871/1563 2928/676/1107
f 2929/686/1564 2930/872/1565 2931/537/844
f 2932/870/1561 2933/315/442 2934/779/1375
f 2935/752/1566 2936/447/1567 2937/446/1568
f 2938/609/1569 2939/594/996 2940/721/1570
f 2941/704/1532 2942/676/1108 2943/871/1571
f 2944/873/1572 2945/451/666 2946/425/631
f 2947/874/1573 2948/434/638 2949/676/1107
f 2950/875/1574 2951/609/1569 2952/721/1570
f 2953/434/639 2954/874/1575 2955/676/1108
f 2956/407/606 2957/409/608 2958/876/1576
f 2959/819/1577 2960/817/1417 2961/874/1573
f 2962/817/1420 2963/819/1422 2964/874/1575
f 2965/730/1271 2966/731/1272 2967/877/1578
f 2968/878/1579 2969/707/1184 2970/714/1208
f 2971/734/1275 2972/735/1557 2973/879/1580
f 2974/859/1550 2975/880/1581 2976/881/1582
f 2975/880/1583 2974/859/1547 2977/861/1584
f 2978/863/1551 2979/882/1585 2980/865/1586
f 2979/882/1587 2978/863/1551 2981/883/1588
f 2982/884/1589 2983/713/1205 2984/684/1122
f 2985/504/764 2986/852/1531 2987/505/765
f 2986/852/1531 2985/504/764 2988/803/1387
f 2989/867/1558 2987/505/765 2990/852/1531
f 2990/852/1531 2991/802/1386 2992/885/1590
f 2993/886/1591 2994/867/1558 2990/852/1531
f 2995/253/1592 2996/253/1593 2997/253/1592
f 2996/253/1593 2995/253/1592 2998/253/1594
f 2998/253/1595 2999/253/1596 2996/253/1593
f 2998/253/1595 3000/253/1597 2999/253/1597
f 3001/527/807 3002/430/634 3003/856/1598
f 3004/856/1541 3005/430/1039 3006/527/1540
f 3007/751/1599 3008/355/531 3009/566/1600
f 3010/362/1519 3011/887/490 3009/566/1601
f 3012/830/491 3011/887/490 3010/362/545
f 3013/866/1602 3014/830/1603 3015/659/1280
f 3015/659/1280 3014/830/491 3016/363/694
f 3017/454/1452 3018/888/1604 3019/418/619
f 3019/418/619 3018/888/1604 3020/889/1605
f 3021/587/958 3022/890/1606 3023/365/549
f 3024/891/1607 3025/581/950 3026/684/1129
f 3024/891/1607 3027/658/1135 3025/581/950
f 3028/314/731 3029/597/969 3030/429/633
f 3029/597/969 3031/801/1383 3032/892/484
f 3033/762/1608 3029/597/1543 3032/892/1609
f 3034/638/1043 3035/893/1610 3036/742/1292
f 3037/638/1049 3038/742/1293 3039/894/1611
f 3040/895/1612 3041/682/1118 3042/857/1544
f 3041/682/1118 3043/625/1017 3042/857/1544
f 3044/896/1613 3045/595/967 3046/609/1569
f 3047/731/1272 3048/851/1614 3049/877/1578
f 3050/324/1510 3051/326/461 3052/467/696
f 3053/467/708 3054/326/477 3055/324/1515
f 3056/682/1117 3057/895/1615 3058/857/1616
f 3056/682/1117 3058/857/1546 3059/625/1020
f 3060/897/1617 3061/811/1618 3062/385/1619
f 3063/898/1533 3064/734/1275 3065/879/1620
f 3066/638/1049 3067/899/1621 3068/698/1622
f 3069/638/1043 3070/698/1164 3071/900/1623
f 3072/901/1624 3073/677/1109 3074/709/1625
f 3075/902/510 3073/677/1109 3076/901/1626
f 3077/888/1627 3078/454/1628 3079/831/1454
f 3080/809/1019 3081/903/1629 3082/708/1630
f 3083/708/1187 3084/903/1631 3085/809/1525
f 3086/904/1632 3087/591/963 3088/755/1319
f 3089/441/652 3090/440/651 3091/520/791
f 3092/517/787 3093/905/1633 3094/692/1140
f 3093/905/1634 3092/517/787 3095/737/1281
f 3096/905/1635 3097/517/788 3098/692/1395
f 3097/517/788 3096/905/1635 3099/738/1282
f 3100/647/1636 3101/392/585 3102/906/1637
f 3103/296/408 3104/907/1638 3105/908/1639
f 3104/907/1640 3103/296/1641 3106/293/1642
f 3107/909/1643 3108/910/1644 3109/911/1645
f 3110/249/1646 3111/249/1646 3112/249/1646
f 3113/696/1306 3114/912/1647 3115/607/1159
f 3116/874/1573 3117/817/1417 3118/434/873
f 3119/913/1648 3120/914/1649 3121/909/1643
f 3122/903/1629 3123/857/1544 3124/708/1186
f 3125/434/639 3126/817/1420 3127/874/1575
f 3128/308/1650 3129/310/1651 3130/915/1652
f 3131/370/555 3132/916/1653 3133/458/681
f 3134/917/1654 3135/883/1655 3136/863/1551
f 3137/857/1546 3138/903/1631 3139/708/1187
f 3140/918/1656 3141/919/1657 3142/883/1658
f 3143/917/1654 3144/918/1656 3142/883/1588
f 3145/663/1415 3146/527/807 3147/856/466
f 3147/856/1598 3148/844/1659 3145/663/1415
f 3149/910/1644 3150/920/1660 3151/921/1661
f 3152/381/574 3153/922/1662 3154/379/572
f 3155/923/1663 3156/688/1509 3157/628/1026
f 3158/707/1184 3159/652/1189 3160/714/1208
f 3161/697/1664 3162/336/475 3163/398/592
f 3164/830/517 3165/866/506 3161/697/1160
f 3166/701/1665 3167/642/1052 3168/924/1666
f 3169/546/876 3170/925/1667 3171/926/1668
f 3170/925/1667 3169/546/876 3172/602/984
f 3173/842/1669 3174/546/876 3171/926/1668
f 3175/580/1670 3176/556/1671 3177/927/1672
f 3178/928/1673 3179/929/800 3180/619/799
f 3181/747/1300 3182/415/1674 3183/930/1675
f 3184/633/1032 3185/553/1676 3186/552/1677
f 3187/633/1032 3186/552/1677 3188/606/1678
f 3189/249/1679 3190/249/1679 3191/249/1679
f 3192/552/1680 3193/553/1676 3194/554/1681
f 3195/859/1550 3196/881/1682 3197/931/1683
f 3198/761/1333 3199/759/1684 3200/843/1502
f 3201/580/1377 3202/656/1076 3203/556/949
f 3204/759/1457 3205/761/1330 3206/843/1685
f 3207/907/1638 3208/293/407 3209/295/881
f 3207/907/1638 3209/295/881 3210/827/1686
f 3211/253/1687 3212/253/1688 3213/253/1689
f 3213/253/1689 3214/253/1690 3211/253/1687
f 3215/253/1690 3214/253/1690 3213/253/1689
f 3211/253/1687 3216/253/1691 3212/253/1688
f 3216/253/1692 3217/253/1693 3212/253/1688
f 3217/253/1693 3216/253/1692 3218/253/1694
f 3219/558/1695 3220/556/1696 3221/557/1697
f 3220/556/1696 3219/558/1698 3222/927/1699
f 3223/881/1582 3224/932/1700 3225/933/1701
f 3226/881/1582 3225/933/1701 3227/931/1683
f 3228/801/1383 3229/560/904 3230/750/1309
f 3231/934/1702 3232/935/1703 3233/914/1649
f 3234/936/1704 3235/910/1705 3236/909/1706
f 3234/936/1704 3236/909/1707 3237/937/1708
f 3238/933/1701 3239/938/1709 3240/939/1710
f 3241/938/1709 3242/940/1711 3243/939/1710
f 3244/887/526 3245/566/1712 3246/604/1125
f 3247/658/1713 3248/578/1714 3249/577/1715
f 3250/887/490 3251/751/1310 3252/566/971
f 3253/763/1716 3254/763/1716 3255/763/1716
f 3256/941/1717 3257/873/1718 3258/425/631
f 3259/519/790 3260/942/1719 3261/943/1720
f 3260/942/1719 3259/519/790 3262/407/606
f 3263/944/1721 3264/687/1722 3265/536/843
f 3263/944/1721 3265/536/843 3266/841/1723
f 3267/945/1724 3268/920/1725 3269/910/1705
f 3269/910/1705 3270/936/1704 3267/945/1724
f 3271/855/1535 3272/694/1156 3273/946/1726
f 3272/694/1156 3274/658/1536 3275/577/945
f 3276/588/1727 3277/589/1728 3278/590/1729
f 3279/947/468 3280/750/1309 3281/751/1310
f 3282/920/1660 3283/948/1730 3284/949/1731
f 3285/678/1732 3286/950/1733 3287/702/1734
f 3288/951/1735 3289/397/590 3290/952/1736
f 3288/951/1735 3291/366/550 3292/397/590
f 3293/684/1522 3294/589/1737 3295/588/1727
f 3296/953/1738 3297/954/1739 3298/918/1656
f 3299/678/1740 3300/704/1177 3301/955/1741
f 3302/577/1742 3303/578/1714 3304/579/1743
f 3305/799/1744 3306/656/1745 3307/580/1670
f 3308/735/1276 3309/867/1558 3310/886/1746
f 3311/956/1747 3312/937/1748 3313/909/1707
f 3314/518/1749 3315/410/1750 3316/408/609
f 3317/688/1509 3318/640/1751 3319/622/1013
f 3320/558/892 3321/557/891 3322/957/1752
f 3323/923/1753 3324/580/1670 3325/927/1672
f 3326/879/1580 3327/735/1557 3328/958/1754
f 3329/959/1755 3330/423/1756 3331/422/1127
f 3332/581/1757 3333/582/1758 3334/583/1759
f 3335/584/1760 3336/581/1757 3334/583/1759
f 3337/960/1761 3338/676/1107 3339/871/1563
f 3340/961/1762 3341/962/1763 3342/596/1764
f 3343/676/1108 3344/960/1765 3345/871/1571
f 3346/638/1043 3347/900/1623 3348/893/1610
f 3349/638/1049 3350/894/1611 3351/899/1621
f 3352/963/1766 3353/714/1208 3354/674/1767
f 3355/815/1768 3356/730/1271 3357/964/1769
f 3358/633/1032 3359/606/1770 3360/812/1771
f 3361/606/1678 3362/552/1677 3363/965/1772
f 3364/953/1773 3365/918/1656 3366/917/1654
f 3367/591/1774 3368/966/1775 3369/967/1776
f 3370/684/1129 3371/581/1757 3372/584/1777
f 3373/621/1778 3374/858/1779 3375/574/1009
f 3376/574/1780 3377/620/1781 3378/621/1782
f 3376/574/1783 3379/573/1784 3380/620/1781
f 3378/621/1785 3381/858/1786 3382/574/1780
f 3383/572/1787 3384/573/1788 3382/574/1783
f 3385/968/1789 3386/577/1742 3387/579/1790
f 3388/553/1791 3389/633/1032 3390/969/1792
f 3389/633/1032 3391/970/1793 3390/969/1794
f 3392/812/1771 3391/970/1793 3393/633/1032
f 3394/910/1795 3395/921/1661 3396/911/1645
f 3397/326/1796 3398/328/464 3399/483/726
f 3397/326/462 3399/483/726 3400/468/697
f 3401/328/1797 3402/326/477 3403/483/732
f 3402/326/477 3404/468/733 3403/483/732
f 3405/646/1798 3406/591/963 3407/971/1799
f 3406/591/963 3408/904/1800 3407/971/1801
f 3409/580/1670 3410/656/1745 3411/556/1671
f 3412/563/1802 3413/561/1802 3414/561/1802
f 3415/972/1803 3416/862/1530 3417/859/1550
f 3418/913/1648 3419/909/1643 3420/911/1645
f 3421/973/1804 3422/613/1805 3423/712/1200
f 3424/850/1529 3425/974/1806 3426/817/1420
f 3427/417/1807 3428/478/1808 3429/975/1809
f 3430/572/1810 3431/599/1811 3432/573/1784
f 3433/976/1812 3434/577/1715 3435/968/1813
f 3433/976/1814 3436/968/1789 3437/977/1815
f 3438/976/1812 3439/658/1713 3434/577/1715
f 3440/976/1812 3441/978/1816 3439/658/1817
f 3442/658/1818 3443/582/1758 3444/581/1757
f 3445/953/1773 3446/940/1711 3447/954/1739
f 3446/940/1711 3445/953/1738 3448/939/1710
f 3449/950/1733 3450/871/1563 3451/702/1819
f 3452/979/1820 3453/962/1763 3454/961/1762
f 3455/613/1821 3456/614/1822 3457/615/1823
f 3458/958/1824 3459/735/1557 3460/886/1825
f 3461/948/1826 3462/920/1725 3463/980/1827
f 3462/920/1725 3464/945/1828 3463/980/1827
f 3465/955/1741 3466/704/1829 3467/871/1571
f 3468/556/1696 3469/635/1830 3470/557/1831
f 3471/779/1375 3472/317/444 3473/981/1832
f 3474/684/1199 3475/982/1833 3476/629/1834
f 3477/979/1820 3478/961/1762 3479/875/1835
f 3480/594/1836 3478/961/1837 3481/596/1764
f 3482/610/1838 3483/611/1839 3484/983/1840
f 3485/964/1841 3486/730/1271 3487/984/1842
f 3488/877/1578 3489/851/1530 3490/985/1843
f 3491/863/1551 3492/853/1533 3493/986/1844
f 3494/887/526 3495/830/1845 3496/565/917
f 3494/887/516 3496/565/917 3497/566/1712
f 3498/656/1745 3499/635/1846 3500/556/1671
f 3501/891/1847 3502/581/1757 3503/684/1129
f 3501/891/1847 3504/658/1848 3502/581/1757
f 3505/987/1849 3506/898/1533 3507/879/1620
f 3508/858/1850 3509/572/1810 3510/574/1783
f 3511/413/1851 3512/413/1851 3513/413/1851
f 3514/988/1852 3515/591/1774 3516/989/1853
f 3517/989/1853 3515/591/1774 3518/967/1776
f 3519/799/1744 3520/580/1670 3521/923/1753
f 3522/713/1854 3523/661/1855 3524/589/1737
f 3525/711/1856 3526/989/1853 3527/967/1776
f 3528/713/1854 3529/589/1737 3530/684/1122
f 3531/990/1857 3528/713/1854 3532/884/1858
f 3532/884/1858 3533/713/1854 3534/684/1522
f 3535/513/1859 3536/824/1860 3537/513/1861
f 3538/513/1862 3535/513/1859 3537/513/1861
f 3539/991/1863 3540/653/1864 3541/992/1865
f 3542/920/1660 3543/949/1731 3544/921/1661
f 3545/666/1095 3546/993/1866 3547/717/778
f 3548/941/1717 3549/427/1867 3550/994/1868
f 3548/941/1869 3551/425/668 3552/427/1867
f 3553/622/1870 3554/623/1871 3555/624/1872
f 3556/705/1179 3557/424/626 3558/660/1084
f 3559/995/1873 3556/705/1179 3560/660/1874
f 3561/943/1875 3562/705/1179 3559/995/1876
f 3562/705/1179 3561/943/1875 3563/498/757
f 3564/875/1835 3565/961/1762 3566/721/1877
f 3567/662/1878 3568/589/1879 3569/661/1855
f 3568/589/1737 3567/662/1880 3570/590/1881
f 3571/933/1882 3572/939/1883 3573/931/1683
f 3574/996/1884 3575/604/988 3576/691/1138
f 3577/997/1885 3578/321/1886 3579/998/1887
f 3577/997/1888 3580/319/1889 3581/321/1890
f 3582/997/1888 3583/471/702 3580/319/1889
f 3582/997/1885 3584/999/1891 3583/471/1892
f 3585/583/952 3586/758/1327 3587/800/1382
f 3588/699/1893 3589/641/1894 3590/611/1895
f 3588/699/1893 3590/611/1839 3591/610/1838
f 3592/611/1839 3589/641/1894 3593/642/1896
f 3594/884/1858 3595/684/1122 3596/1000/1897
f 3597/558/1898 3598/622/1870 3599/624/1899
f 3598/622/1900 3597/558/1898 3600/628/1901
f 3601/594/1902 3602/596/1764 3603/1001/1903
f 3604/1002/1904 3605/928/1673 3606/462/686
f 3607/747/1300 3608/1003/1905 3609/515/1906
f 3610/934/1702 3611/914/1649 3612/913/1648
f 3613/712/1907 3614/615/1908 3615/672/1909
f 3616/658/1910 3617/599/1811 3618/572/1787
f 3619/851/1614 3620/1004/1911 3621/985/1912
f 3622/948/1913 3623/1005/1914 3624/1006/1915
f 3625/982/1833 3626/657/1916 3627/631/1917
f 3628/629/1834 3629/982/1833 3627/631/1918
f 3630/1007/1919 3631/658/1317 3625/982/1833
f 3630/1007/1919 3625/982/1833 3632/684/1199
f 3633/961/1762 3634/594/1920 3635/721/1877
f 3636/972/1803 3637/859/1550 3638/931/1683
f 3639/477/719 3640/433/1921 3641/1008/1922
f 3642/721/1923 3643/594/1924 3644/1001/1903
f 3645/674/1925 3646/992/1926 3647/675/1927
f 3648/667/1096 3649/479/722 3650/548/1928
f 3651/858/1779 3652/658/1181 3653/572/932
f 3654/672/1909 3655/615/1908 3656/1009/1929
f 3657/971/1930 3658/966/1775 3659/591/1774
f 3659/591/1931 3660/988/1852 3657/971/1930
f 3661/917/1654 3662/863/1553 3663/986/1844
f 3664/1010/1932 3665/477/719 3666/1008/1922
f 3667/1011/1933 3668/936/1704 3669/937/1708
f 3670/684/1934 3671/989/1935 3672/711/1856
f 3673/877/1936 3674/985/1843 3675/984/1842
f 3676/986/1844 3677/853/1533 3678/1012/1937
f 3679/987/1849 3680/879/1938 3681/958/1754
f 3682/436/1939 3683/436/1939 3684/436/1939
f 3685/456/678 3686/746/1298 3687/431/635
f 3688/946/1940 3689/694/1156 3690/617/1941
f 3691/658/1317 3692/657/1916 3693/982/1833
f 3694/712/1907 3695/613/1821 3696/615/1908
f 3697/973/1942 3698/1013/1943 3695/613/1821
f 3699/1014/1944 3700/937/1748 3701/956/1747
f 3702/1015/508 3703/710/1194 3704/762/1556
f 3705/1016/1945 3706/728/1264 3707/727/800
f 3708/631/1030 3709/765/1340 3710/776/1369
f 3711/688/1946 3712/622/1900 3713/628/1947
f 3711/688/1946 3714/640/1948 3715/622/1900
f 3716/464/1267 3717/1017/1949 3718/462/686
f 3719/817/1417 3720/818/1418 3721/974/1950
f 3722/850/1527 3719/817/1417 3723/974/1950
f 3724/878/1951 3725/707/1952 3726/991/1953
f 3727/963/1954 3726/991/1953 3728/674/1925
f 3725/707/1952 3729/653/1864 3730/991/1953
f 3731/674/1925 3730/991/1953 3732/992/1955
f 3733/845/1956 3734/640/1948 3735/688/1946
f 3736/1018/1957 3737/945/1724 3738/936/1704
f 3739/1019/522 3740/709/1958 3741/710/1959
f 3742/963/1960 3743/699/1168 3744/610/1169
f 3745/1020/1961 3746/641/1051 3743/699/1168
f 3746/641/1051 3745/1020/1961 3747/1021/1962
f 3748/640/1948 3749/623/1963 3750/622/1870
f 3751/845/1956 3752/1022/1964 3748/640/1948
f 3753/1023/1965 3754/953/1738 3755/917/1654
f 3756/600/1966 3757/639/1966 3758/600/1966
f 3757/639/1966 3756/600/1967 3759/639/1966
f 3760/494/1968 3761/601/983 3762/495/982
f 3763/1024/1969 3764/385/578 3765/382/575
f 3766/1025/1970 3767/1026/1971 3763/1024/1969
f 3768/573/1972 3769/754/1973 3770/807/1974
f 3771/891/1847 3772/684/1129 3773/1027/1975
f 3774/478/776 3775/764/1976 3776/975/1809
f 3777/1028/1977 3778/922/1662 3779/381/574
f 3780/858/1850 3781/658/1910 3782/572/1787
f 3783/586/1978 3784/823/1978 3785/586/1978
f 3784/823/1978 3783/586/1978 3786/823/1978
f 3787/964/1841 3788/1029/1979 3789/1030/606
f 3790/885/1980 3791/815/1414 3787/964/1841
f 3792/802/1386 3791/815/1414 3790/885/1590
f 3789/1030/606 3793/886/1746 3794/964/1841
f 3793/886/1825 3795/885/1980 3794/964/1769
f 3793/886/1825 3796/852/1531 3797/885/1980
f 3798/850/1527 3799/974/1950 3800/1031/1981
f 3801/682/1117 3798/850/1982 3802/1031/1981
f 3803/682/1118 3804/1031/1983 3805/850/1529
f 3805/850/1984 3806/1031/1985 3807/974/1806
f 3808/1020/1986 3809/699/1893 3810/963/1987
f 3811/963/1987 3809/699/1893 3812/610/1838
f 3813/799/1744 3814/1032/1988 3815/656/1989
f 3816/507/770 3817/324/1510 3818/467/771
f 3819/507/936 3820/467/708 3821/324/476
f 3822/1033/1990 3823/380/647 3824/450/1991
f 3823/380/647 3822/1033/1990 3825/437/646
f 3826/1034/1992 3827/376/1993 3828/375/1994
f 3827/376/1315 3826/1034/1992 3829/550/883
f 3830/1035/1995 3831/1036/1996 3832/530/944
f 3833/462/686 3834/928/1673 3835/619/799
f 3836/1037/1997 3837/712/1907 3838/672/1909
f 3839/973/1998 3840/613/1821 3837/712/1907
f 3841/1007/1919 3842/684/1199 3843/1038/1999
f 3844/762/1608 3845/1039/495 3846/430/634
f 3845/1039/495 3847/856/466 3846/430/634
f 3848/921/1661 3849/1018/2000 3850/911/1645
f 3849/1018/2000 3851/1011/2001 3850/911/1645
f 3852/909/1706 3853/506/2002 3854/575/935
f 3854/575/1082 3855/956/1747 3852/909/1706
f 3856/923/2003 3857/688/1946 3858/628/1901
f 3859/1011/2001 3860/1014/2004 3861/911/1645
f 3861/911/1645 3860/1014/2004 3862/913/1648
f 3863/988/1852 3864/989/1853 3865/684/2005
f 3866/914/1649 3867/506/1071 3868/909/1643
f 3867/506/1071 3866/914/1649 3869/575/938
f 3870/1040/2006 3871/650/1062 3872/690/1137
f 3873/402/2007 3874/402/2008 3875/402/2009
f 3875/402/2009 3874/402/2010 3876/402/2010
f 3875/402/2009 3877/1041/2011 3873/402/2012
f 3878/834/2013 3873/402/2007 3877/1041/2011
f 3879/404/2014 3880/1042/2015 3881/1043/2016
f 3880/1042/2015 3882/404/2014 3883/1044/2017
f 3879/404/2018 3884/310/603 3885/1044/2017
f 3886/729/1266 3887/1045/2019 3888/464/1267
f 3889/491/742 3890/1046/2020 3891/489/943
f 3892/1047/2021 3891/489/2022 3890/1046/2020
f 3893/692/1140 3894/1048/2023 3895/605/989
f 3896/366/550 3897/951/2024 3898/840/2025
f 3899/692/1155 3900/608/994 3901/1049/1114
f 3902/858/2026 3903/1050/2027 3904/658/2028
f 3905/1020/2029 3906/1021/2030 3907/699/1893
f 3908/641/1894 3907/699/1893 3906/1021/2030
f 3909/990/1857 3910/661/2031 3911/713/1854
f 3912/948/1730 3913/1006/1915 3914/949/2032
f 3915/1051/2033 3916/956/1747 3917/1052/2034
f 3918/878/1951 3919/991/1953 3920/963/1954
f 3921/910/1705 3922/469/709 3923/506/2035
f 3921/910/1705 3923/506/864 3924/909/2036
f 3925/909/1643 3926/506/2037 3927/910/1795
f 3928/469/698 3927/910/1795 3926/506/2037
f 3929/433/637 3930/816/1416 3931/1053/2038
f 3932/816/1416 3933/432/636 3934/777/1370
f 3935/942/1719 3936/407/606 3937/876/2039
f 3938/891/2040 3939/1054/2041 3940/658/2042
f 3941/897/1617 3942/385/675 3943/1024/1969
f 3944/1026/2043 3941/897/1617 3945/1024/1969
f 3946/1055/2044 3947/373/2045 3948/309/2046
f 3949/990/2047 3950/661/1087 3951/713/2048
f 3952/988/2049 3953/684/2005 3954/1056/2050
f 3955/1057/2051 3956/935/1703 3957/934/1702
f 3958/1058/2052 3959/980/1827 3960/945/1724
f 3961/1051/2053 3962/1014/1944 3963/956/1747
f 3964/428/632 3965/452/2054 3966/426/628
f 3967/1037/2055 3968/712/1200 3969/672/2056
f 3970/1018/1957 3971/936/1704 3972/1011/1933
f 3973/673/1312 3974/614/1001 3975/1059/2057
f 3975/1059/2057 3976/1060/2058 3973/673/1104
f 3977/875/1835 3978/721/1923 3979/1061/2059
f 3980/760/1455 3981/346/2060 3982/719/1233
f 3981/346/492 3980/760/1334 3983/332/469
f 3984/949/1731 3985/1058/2061 3986/921/1661
f 3985/1058/2061 3987/1018/2000 3986/921/1661
f 3988/760/1458 3989/719/1238 3990/346/2062
f 3990/346/2062 3991/332/512 3988/760/1458
f 3992/1062/2063 3993/1063/2064 3994/1064/2065
f 3995/817/1420 3996/974/1806 3997/818/1421
f 3998/973/1942 3999/712/1907 4000/1037/1997
f 4001/1007/1919 4002/1065/2066 4003/658/1317
f 4004/1066/2067 4005/1067/2068 4006/1057/2069
f 4006/1057/2069 4005/1067/2068 4007/935/2070
f 4008/1014/1944 4009/1011/1933 4010/937/1748
f 4011/1068/2071 4012/1069/2072 4013/1070/2073
f 4011/1068/2074 4014/1071/2075 4015/1069/2076
f 4015/1069/2072 4014/1071/2075 4016/1072/2077
f 4017/958/1824 4018/886/1825 4019/1030/606
f 4020/326/461 4021/468/697 4022/467/771
f 4023/468/733 4024/326/477 4025/467/708
f 4026/1052/2034 4027/575/1082 4028/718/1236
f 4029/1073/2078 4030/732/1274 4031/650/1062
f 4030/732/1274 4029/1073/2078 4032/670/2079
f 4033/1074/2080 4034/916/1653 4035/370/557
f 4033/1074/2080 4036/370/555 4037/1075/2081
f 4038/370/2082 4039/372/2083 4037/1075/2081
f 4040/1014/2084 4041/1051/2085 4042/913/2086
f 4042/913/1648 4041/1051/2085 4043/934/2087
f 4044/596/968 4045/598/976 4046/1076/2088
f 4047/878/2089 4048/1077/2090 4049/707/2091
f 4050/510/778 4051/1046/2020 4052/491/742
f 4051/1046/2092 4050/510/778 4053/1078/1866
f 4054/311/2093 4055/1079/2094 4056/1080/2095
f 4055/1079/2096 4054/311/436 4057/308/1650
f 4058/1081/2097 4059/979/1820 4060/875/1835
f 4061/935/1703 4062/718/1231 4063/575/938
f 4064/895/1612 4065/1031/1985 4066/682/1118
f 4067/448/972 4068/1082/2098 4069/320/2099
f 4070/931/1683 4071/939/1710 4072/1083/2100
f 4073/956/1747 4074/575/1082 4075/1052/2034
f 4076/328/2101 4077/330/497 4078/487/839
f 4079/487/863 4080/330/507 4081/328/479
f 4082/1084/2102 4083/1085/2103 4084/1086/2104
f 4085/1031/1981 4086/895/1615 4087/682/1528
f 4088/1087/2105 4089/595/967 4090/896/1613
f 4091/923/1753 4092/1088/2106 4093/799/1744
f 4092/1088/2106 4091/923/1753 4094/1089/2107
f 4095/489/943 4096/1047/2021 4097/530/944
f 4098/1035/2006 4097/530/2108 4096/1047/2109
f 4099/1090/2110 4100/1091/2111 4101/1092/2112
f 4102/1086/2104 4103/1093/2113 4104/1090/2110
f 4105/1064/2114 4106/1094/2115 4107/1095/2116
f 4106/1094/2115 4105/1064/2065 4108/1063/2117
f 4105/1064/2114 4109/1095/2118 4110/1096/2119
f 4111/1097/2120 4112/1098/2121 4113/1099/2122
f 4114/752/2123 4115/415/758 4116/1100/2124
f 4117/964/1841 4118/984/2125 4119/1029/1979
f 4120/557/891 4121/635/1037 4122/1101/2126
f 4123/996/513 4124/887/526 4125/604/2127
f 4126/462/686 4127/1017/2128 4128/1002/1904
f 4129/1102/2129 4130/1064/2114 4131/1103/2130
f 4132/1062/2063 4130/1064/2114 4129/1102/2129
f 4133/1104/2131 4134/1105/2132 4135/1106/2133
f 4136/978/2134 4137/976/1812 4138/1107/2135
f 4139/1107/2136 4137/976/1812 4140/977/1815
f 4139/1107/2137 4140/977/2138 4141/1108/2139
f 4142/1109/2140 4143/884/1858 4144/1000/1897
f 4145/575/938 4146/914/1649 4147/935/1703
f 4148/920/2141 4149/470/711 4150/469/865
f 4150/469/865 4151/910/1705 4148/920/1725
f 4152/1095/2118 4153/1099/2122 4154/1096/2142
f 4155/1110/2143 4156/1111/2144 4157/1112/2063
f 4158/1113/2145 4155/1110/2129 4159/1114/2130
f 4160/679/1115 4161/950/1733 4162/678/2146
f 4163/1023/2147 4164/917/1654 4165/986/1844
f 4166/1058/2148 4167/945/1724 4168/1018/1957
f 4169/910/1795 4170/469/701 4171/920/1660
f 4172/470/700 4171/920/1660 4170/469/698
f 4173/1005/1914 4174/1115/2149 4175/1116/2150
f 4176/1064/2114 4177/1096/2119 4178/1103/2130
f 4179/1117/2151 4180/1118/2152 4181/1119/2153
f 4182/905/1633 4183/1048/2023 4184/692/1140
f 4185/679/1113 4186/678/994 4187/955/1741
f 4188/820/2154 4189/813/2154 4190/813/2154
f 4191/1120/2155 4192/373/560 4193/316/443
f 4194/1121/2156 4195/970/1793 4196/812/1771
f 4197/1122/2077 4198/1123/2157 4199/1124/2158
f 4200/1124/2158 4201/1125/2159 4197/1122/2077
f 4201/1125/2159 4200/1124/2158 4202/1085/2103
f 4203/1084/2160 4204/1125/2161 4202/1085/2162
f 4205/1105/2132 4206/1117/2163 4207/1106/2164
f 4207/1106/2165 4206/1117/2163 4208/1119/2166
f 4209/1126/2167 4210/1127/2077 4211/1128/2159
f 4212/1129/2168 4209/1126/2076 4211/1128/2159
f 4213/1091/2111 4214/1130/2169 4215/1131/2170
f 4214/1130/2169 4213/1091/2111 4216/1093/2113
f 4214/1130/2171 4217/1132/2172 4218/1131/2173
f 4219/905/1635 4220/692/1395 4221/1049/1114
f 4222/1133/2174 4223/944/1721 4224/841/1723
f 4225/1134/2175 4226/842/1669 4227/926/2176
f 4228/1135/2177 4229/630/1078 4230/684/1199
f 4228/1135/2177 4231/658/1317 4229/630/1029
f 4232/1065/2178 4228/1135/2179 4233/1136/2180
f 4234/1137/2181 4235/1138/2075 4236/1139/2182
f 4237/1140/2183 4238/1139/2182 4235/1138/2075
f 4239/1097/2184 4238/1139/2182 4237/1140/2183
f 4239/1097/2184 4240/1140/2183 4241/1098/2121
f 4242/1140/2183 4243/1141/2185 4244/1098/2186
f 4245/1070/2073 4246/1069/2076 4247/1142/2168
f 4248/1143/2187 4249/878/2089 4250/963/1954
f 4251/1144/2188 4252/1111/2189 4253/1110/2143
f 4254/1113/2145 4251/1144/2188 4253/1110/2143
f 4255/1145/2112 4256/1146/2190 4257/1147/2191
f 4258/1148/2192 4259/869/2193 4260/868/2194
f 4258/1148/2195 4260/868/1559 4261/1149/2196
f 4261/1149/2196 4262/868/1559 4263/442/928
f 4263/442/928 4262/868/1559 4264/357/536
f 4265/868/2194 4266/358/537 4264/357/2197
f 4258/1148/2192 4267/1150/2198 4268/869/2199
f 4258/1148/2192 4269/1151/2200 4267/1150/2201
f 4270/698/1622 4271/1152/2202 4272/567/920
f 4273/1152/2203 4274/737/1281 4272/567/920
f 4275/1153/2204 4276/905/1633 4274/737/1281
f 4277/1152/2203 4278/1153/2204 4274/737/1281
f 4278/1153/2204 4277/1152/2205 4279/1154/2206
f 4280/567/921 4281/1155/2207 4282/698/2208
f 4280/567/921 4283/738/1282 4284/1155/2209
f 4283/738/1282 4285/905/2210 4286/1156/2211
f 4287/1156/2212 4288/1155/2213 4283/738/1282
f 4288/1155/2207 4287/1156/2211 4289/1157/2214
f 4290/1005/2215 4291/948/1826 4292/1158/2216
f 4291/948/1826 4293/980/1827 4292/1158/2216
f 4294/1158/2216 4295/1115/2217 4290/1005/2218
f 4295/1115/2219 4294/1158/2216 4296/1159/2220
f 4297/1160/2221 4298/1161/2222 4299/1118/2223
f 4300/1124/2158 4301/1162/2224 4302/1130/2169
f 4303/1130/2171 4304/1085/2103 4300/1124/2158
f 4304/1085/2162 4303/1130/2169 4305/1093/2113
f 4306/1086/2104 4304/1085/2103 4305/1093/2113
f 4307/1163/2225 4308/1144/2226 4309/1113/2145
f 4310/1164/2227 4311/1165/2228 4312/1163/2225
f 4313/1161/2222 4314/1166/2229 4315/1164/2227
f 4316/1167/2230 4317/1168/2231 4318/1169/2232
f 4319/752/2123 4317/1168/2233 4320/447/2234
f 4321/1136/2235 4322/1007/1919 4323/1038/1999
f 4324/670/2079 4325/1170/2019 4326/671/1266
f 4327/670/2079 4328/1073/2078 4325/1170/2236
f 4329/1171/2237 4330/1172/2238 4331/1173/2239
f 4329/1171/2240 4332/1173/2239 4333/1166/2229
f 4332/1173/2239 4334/1165/2228 4333/1166/2229
f 4335/1164/2227 4333/1166/2229 4334/1165/2241
f 4336/1174/2242 4337/767/1342 4338/590/961
f 4336/1174/2242 4338/590/961 4339/662/2243
f 4340/1175/2244 4341/858/1786 4342/621/1782
f 4343/1011/2001 4344/1018/2000 4345/1176/2245
f 4346/464/1267 4347/1045/2019 4348/1017/1949
f 4349/1177/2246 4350/1139/2182 4351/1094/2115
f 4352/1097/2247 4351/1094/2248 4350/1139/2249
f 4353/1095/2250 4351/1094/2115 4352/1097/2120
f 4353/1095/2118 4352/1097/2120 4354/1099/2122
f 4355/624/1015 4356/623/2251 4357/1178/2252
f 4358/845/1956 4359/688/2253 4360/923/2003
f 4361/1179/2254 4358/845/1956 4360/923/2003
f 4358/845/1956 4361/1179/2254 4362/1180/2255
f 4363/984/2125 4364/985/1912 4365/1029/2256
f 4365/1029/1979 4364/985/1843 4366/1181/2257
f 4367/730/1271 4368/877/2258 4363/984/1842
f 4369/1091/2111 4370/1182/2190 4371/1092/2112
f 4370/1182/2190 4372/1091/2111 4373/1183/2259
f 4373/1183/2259 4372/1091/2111 4374/1131/2173
f 4374/1131/2170 4375/1184/2260 4376/1183/2259
f 4377/1185/2261 4378/1125/2159 4379/1084/2160
f 4380/596/968 4381/1076/2088 4382/769/1345
f 4383/371/556 4384/457/680 4385/369/558
f 4386/1173/2239 4387/1186/2262 4388/1187/2263
f 4386/1173/2239 4389/1187/2263 4390/1165/2241
f 4389/1187/2263 4391/1144/2226 4390/1165/2241
f 4392/1163/2225 4390/1165/2241 4391/1144/2226
f 4393/1188/2264 4394/809/1524 4395/1189/1523
f 4394/809/1019 4393/1188/2265 4396/903/1629
f 4397/539/859 4398/537/858 4399/872/1565
f 4400/1190/1789 4401/1052/2034 4402/1191/2266
f 4403/1188/715 4404/809/1525 4405/903/1631
f 4404/809/1021 4403/1188/715 4406/1189/1526
f 4407/481/2267 4408/854/2268 4409/547/2269
f 4410/377/566 4411/1055/2044 4412/309/2270
f 4413/1006/2271 4414/1192/2272 4415/949/1731
f 4414/1192/2272 4416/1058/2061 4415/949/1731
f 4417/1190/1789 4418/1051/2033 4419/1052/2034
f 4420/1193/2273 4421/928/1673 4422/1002/2274
f 4421/928/1673 4420/1193/2273 4423/929/1263
f 4424/1194/2275 4425/1195/2276 4426/1105/2132
f 4427/1195/2277 4428/1117/2163 4426/1105/2132
f 4428/1117/2151 4427/1195/2278 4429/1160/2221
f 4430/1117/2151 4429/1160/2279 4431/1118/2223
f 4432/1005/1914 4433/1116/2150 4434/1006/1915
f 4435/1011/2001 4436/1176/2280 4437/1196/2281
f 4437/1196/2281 4438/1014/2004 4439/1011/2001
f 4440/1197/2282 4441/1018/1957 4442/1011/1933
f 4440/1197/2282 4442/1011/1933 4443/1198/2283
f 4444/848/1523 4445/742/1292 4446/1199/2284
f 4447/893/1610 4446/1199/2284 4445/742/1292
f 4448/973/2285 4449/1013/2286 4450/613/1000
f 4451/1081/2097 4452/1200/2287 4453/979/2288
f 4454/1198/2283 4455/1011/1933 4456/1201/2289
f 4455/1011/2290 4457/1014/1944 4456/1201/2289
f 4458/1202/2291 4459/1203/2292 4460/1204/2183
f 4461/1205/2293 4462/1204/2183 4459/1203/2292
f 4463/1206/2185 4462/1204/2183 4461/1205/2293
f 4464/849/1526 4465/1207/2294 4466/742/1293
f 4465/1207/2294 4467/894/1611 4466/742/1293
f 4468/558/1025 4469/624/1015 4470/1208/2295
f 4471/1054/2296 4472/891/2297 4473/1209/2298
f 4473/1209/2298 4474/891/2299 4475/1027/1975
f 4476/990/1857 4477/884/1858 4478/1109/2300
f 4479/1190/2301 4480/934/1702 4481/1051/2085
f 4480/934/2087 4479/1190/2301 4482/1057/2069
f 4483/1192/2302 4484/1158/2303 4485/980/1827
f 4486/874/1573 4487/676/1107 4488/960/2304
f 4489/448/2305 4490/1210/2306 4491/449/2307
f 4492/1032/1988 4493/799/1744 4494/1088/2308
f 4495/1159/2220 4496/1211/2309 4497/1115/2217
f 4498/676/1108 4499/874/1575 4500/960/1765
f 4501/439/650 4502/808/1405 4503/1212/2310
f 4504/762/2311 4505/430/1073 4506/1015/508
f 4505/430/1039 4507/856/1541 4506/1015/508
f 4508/1191/2266 4509/1052/2034 4510/718/1236
f 4511/1040/2312 4512/1073/2078 4513/650/1062
f 4514/522/2313 4515/472/713 4516/405/602
f 4517/618/1008 4518/579/947 4519/1213/2314
f 4520/756/1322 4521/1214/2315 4522/665/1094
f 4521/1214/2316 4523/756/1322 4524/644/1268
f 4525/1016/2273 4524/644/1268 4526/728/1264
f 4527/993/1866 4528/665/1094 4521/1214/2316
f 4528/665/1094 4527/993/2317 4529/666/2318
f 4530/1003/2319 4531/747/2320 4532/1215/2321
f 4533/930/2322 4532/1215/2321 4531/747/1300
f 4534/1216/2323 4535/1217/2324 4532/1215/2321
f 4531/747/1300 4536/416/1301 4537/415/1674
f 4538/1218/2325 4539/972/1911 4540/931/1683
f 4541/1018/2000 4542/1058/2061 4543/1219/2326
f 4544/822/2327 4545/821/2327 4546/821/2327
f 4544/822/2328 4546/821/2328 4547/822/2328
f 4548/559/896 4549/870/1561 4550/828/2329
f 4551/1220/2330 4552/858/2026 4553/1175/2331
f 4554/1218/2325 4555/931/1683 4556/1083/2100
f 4557/1067/2068 4558/718/1231 4559/935/1703
f 4560/1221/2332 4561/1104/2333 4562/1222/2259
f 4561/1104/2131 4563/1223/2334 4564/1222/2259
f 4563/1223/2334 4565/1146/2190 4564/1222/2259
f 4565/1146/2190 4566/1223/2334 4567/1147/2191
f 4568/1195/2277 4569/1224/2335 4570/1171/2237
f 4568/1195/2278 4571/1171/2336 4572/1160/2279
f 4571/1171/2237 4573/1166/2229 4572/1160/2221
f 4574/1161/2337 4575/1160/2221 4573/1166/2229
f 4571/1171/2237 4576/1224/2338 4577/1172/2339
f 4578/1225/2340 4579/1020/2029 4580/963/1987
f 4581/1226/2341 4582/1051/2085 4583/1014/2084
f 4584/1104/2333 4585/1106/2342 4586/1223/2334
f 4587/1227/2343 4588/1228/2344 4584/1104/2131
f 4589/1106/2342 4590/1147/2345 4586/1223/2334
f 4590/1147/2345 4589/1106/2165 4591/1119/2346
f 4592/416/617 4593/1229/2347 4594/1230/2348
f 4595/753/2349 4596/551/884 4597/952/2350
f 4598/579/947 4599/766/1341 4600/1213/2314
f 4601/719/1233 4602/346/493 4603/576/1232
f 4604/719/1238 4605/576/937 4606/346/2062
f 4607/987/2351 4608/958/1754 4609/1030/606
f 4610/1231/2352 4611/987/2351 4609/1030/606
f 4612/1192/2302 4613/980/1827 4614/1058/2052
f 4615/996/1884 4616/677/1109 4617/902/2353
f 4616/677/1109 4615/996/513 4618/691/1138
f 4619/1016/1945 4620/1214/2316 4621/644/1053
f 4622/701/1173 4623/1232/2354 4624/612/1174
f 4625/1090/2110 4626/1093/2113 4627/1091/2111
f 4628/1233/2355 4629/1021/2030 4630/1020/2029
f 4631/967/2356 4632/966/1775 4633/726/2357
f 4634/1018/2000 4635/1219/2326 4636/1176/2358
f 4637/1191/2266 4638/718/1236 4639/759/1328
f 4640/1180/2359 4641/1022/1964 4642/845/1956
f 4643/482/2360 4644/948/1913 4645/470/700
f 4644/948/1730 4646/920/2361 4645/470/700
f 4647/948/1826 4648/482/735 4649/470/711
f 4649/470/711 4650/920/1725 4647/948/1826
f 4651/1234/2362 4652/1058/2052 4653/1018/1957
f 4653/1018/1957 4654/1197/2363 4651/1234/2364
f 4655/1226/2365 4656/1014/2084 4657/1196/2281
f 4658/1187/2263 4659/1186/2262 4660/1235/2366
f 4658/1187/2263 4660/1235/2366 4661/1111/2144
f 4662/1144/2226 4663/1187/2263 4661/1111/2144
f 4664/899/1621 4665/1154/2367 4666/1152/2205
f 4667/698/1162 4664/899/1621 4668/1152/2368
f 4669/698/1164 4670/1155/2213 4671/900/1623
f 4671/900/1623 4672/1155/2369 4673/1157/2214
f 4674/1067/2068 4675/759/1332 4676/718/1231
f 4677/516/784 4678/1229/2370 4679/416/617
f 4680/1050/2027 4681/858/1786 4682/1220/2371
f 4683/1066/2067 4684/759/1332 4685/1067/2068
f 4686/1051/2372 4687/1236/2373 4688/1014/1944
f 4689/1201/2289 4688/1014/1944 4687/1236/2373
f 4690/390/1058 4691/1237/2374 4692/391/2375
f 4691/1237/2374 4690/390/1058 4693/564/916
f 4694/855/1535 4695/978/2376 4696/658/1536
f 4697/1065/2377 4698/1007/1919 4699/1136/2235
f 4700/1104/2333 4701/1228/2344 4702/1105/2132
f 4703/890/1606 4704/1238/2378 4705/365/549
f 4706/1020/1961 4707/699/2379 4708/963/2380
f 4709/1239/2381 4710/1240/2382 4711/1241/2383
f 4712/1072/2077 4713/1241/2384 4710/1240/2382
f 4714/1071/2075 4713/1241/2383 4712/1072/2077
f 4715/320/447 4716/1242/2385 4717/318/445
f 4716/1242/2386 4715/320/447 4718/1082/2098
f 4719/655/1075 4720/449/1074 4721/1243/2387
f 4722/1023/2388 4723/986/1844 4724/1244/2389
f 4725/1245/2390 4726/903/1629 4727/1188/2265
f 4726/903/1629 4725/1245/2391 4728/857/1544
f 4729/474/894 4730/1120/2155 4731/316/443
f 4732/1124/2158 4733/1123/2392 4734/1162/2224
f 4735/1077/2090 4736/878/2393 4737/1143/2187
f 4738/985/1912 4739/1004/1803 4740/1181/2257
f 4741/1130/2169 4742/1162/2394 4743/1132/2172
f 4744/1111/2144 4745/1235/2366 4746/1112/2063
f 4747/1245/2395 4748/903/1631 4749/857/1546
f 4748/903/1631 4747/1245/2396 4750/1188/715
f 4751/823/2397 4752/600/2397 4753/600/2397
f 4752/600/2397 4751/823/2397 4754/823/2397
f 4755/360/541 4756/359/538 4757/571/931
f 4758/1246/2398 4759/1190/1789 4760/1191/2266
f 4761/1247/2399 4762/740/1289 4763/1248/2400
f 4762/740/1406 4761/1247/2399 4764/739/1283
f 4765/1058/2061 4766/1249/2401 4767/1219/2326
f 4768/1115/2149 4769/1211/2402 4770/1250/2403
f 4770/1250/2403 4771/1116/2150 4768/1115/2404
f 4772/1251/2405 4773/1252/2381 4774/1123/2392
f 4775/1122/2077 4772/1251/2382 4774/1123/2157
f 4776/845/2406 4777/1022/2407 4778/640/2408
f 4779/1061/2059 4780/1081/2409 4781/875/1835
f 4782/1253/2410 4783/768/1343 4784/667/1096
f 4785/667/1096 4786/1254/2411 4782/1253/2410
f 4786/1254/2411 4785/667/1096 4787/548/1928
f 4788/947/468 4789/751/1599 4790/887/490
f 4791/1246/2412 4792/1057/2069 4793/1190/2301
f 4792/1057/2069 4791/1246/2412 4794/1066/2067
f 4795/413/2413 4796/413/2413 4797/413/2413
f 4798/587/1497 4799/365/2414 4800/364/548
f 4801/1255/2415 4802/986/1844 4803/1012/1937
f 4804/761/1333 4805/333/470 4806/332/469
f 4807/1256/2416 4808/1177/2417 4809/1063/2117
f 4810/1173/2239 4811/1172/2339 4812/1186/2262
f 4813/249/2418 4814/249/2419 4815/249/2420
f 4813/249/2421 4815/249/2420 4816/249/2422
f 4816/249/2423 4815/249/2420 4817/249/2424
f 4817/249/2425 4818/249/2426 4816/249/2422
f 4819/249/2427 4816/249/2422 4818/249/2426
f 4818/249/2426 4820/249/2427 4819/249/2427
f 4821/647/1057 4822/906/1637 4823/1257/2428
f 4824/723/1259 4825/1258/2429 4826/675/1403
f 4825/1258/2429 4824/723/2430 4827/724/1260
f 4828/953/1738 4829/1083/2431 4830/939/1710
f 4829/1083/2100 4828/953/1738 4831/1023/2388
f 4829/1083/2100 4831/1023/2388 4832/1244/2432
f 4832/1244/2432 4833/1218/2325 4829/1083/2431
f 4834/761/1330 4835/332/512 4836/333/514
f 4837/1259/2433 4838/1176/2358 4839/1260/2434
f 4840/858/1779 4841/1050/2435 4842/658/1181
f 4843/891/1607 4844/1261/2436 4845/658/1135
f 4846/1262/2257 4847/972/1803 4848/1263/2437
f 4849/1116/2150 4850/1264/2438 4851/1006/1915
f 4850/1264/2438 4852/1192/2272 4851/1006/1915
f 4853/1265/2439 4854/1197/2282 4855/1198/2283
f 4856/1263/2437 4857/972/1911 4858/1218/2440
f 4859/1231/2352 4860/1030/606 4861/1029/2256
f 4862/1266/2441 4863/1051/2085 4864/1226/2341
f 4865/1266/2441 4866/1190/2301 4867/1051/2085
f 4868/1267/2442 4869/1191/2266 4870/759/1457
f 4871/417/2443 4872/416/617 4873/1230/2348
f 4874/1010/2444 4875/846/1518 4876/477/719
f 4877/624/1024 4878/1178/2252 4879/1208/2295
f 4880/884/1589 4881/684/1522 4882/1000/2445
f 4883/755/1319 4884/684/1197 4885/1056/2446
f 4886/725/2447 4887/726/1262 4888/748/1302
f 4889/986/1844 4890/1255/2352 4891/1244/2448
f 4892/1132/2172 4893/1184/2449 4894/1131/2173
f 4895/1063/2117 4896/1177/2246 4897/1094/2115
f 4898/942/1719 4899/876/1576 4900/1268/2450
f 4901/487/863 4902/328/479 4903/483/732
f 4904/1264/2451 4905/1159/2220 4906/1158/2216
f 4907/328/464 4908/487/839 4909/483/726
f 4910/1168/2233 4911/752/1566 4912/1269/2452
f 4913/1100/2124 4912/1269/2453 4911/752/2123
f 4914/1259/2454 4915/1226/2455 4916/1196/2281
f 4917/1236/2373 4918/1190/1789 4919/1270/2456
f 4918/1190/1789 4917/1236/2373 4920/1051/2033
f 4921/1271/2457 4922/1063/2117 4923/1062/2063
f 4924/1272/2458 4925/1234/2459 4926/1197/2363
f 4927/1235/2460 4928/1273/2461 4929/1112/2462
f 4930/1274/2463 4931/1275/2384 4932/1137/2181
f 4932/1137/2464 4931/1275/2384 4933/1138/2075
f 4934/1177/2246 4930/1274/2463 4935/1137/2181
f 4936/1264/2451 4937/1158/2216 4938/1192/2302
f 4939/1246/2398 4940/1267/2442 4941/1276/2465
f 4940/1267/2466 4939/1246/2398 4942/1191/2266
f 4943/1277/2467 4944/811/1618 4945/897/1617
f 4946/891/1607 4947/684/1129 4948/1027/2468
f 4949/1196/2281 4950/1176/2280 4951/1259/2454
f 4952/799/1380 4953/1032/2469 4954/656/2470
f 4955/1201/2289 4956/1265/2439 4957/1198/2471
f 4958/1278/2472 4959/1177/2246 4960/1256/2416
f 4959/1177/2246 4961/1137/2181 4962/1139/2182
f 4963/1279/2260 4964/1221/2332 4965/1222/2473
f 4966/847/2474 4967/521/1521 4968/981/2475
f 4969/1135/2177 4970/684/1199 4971/1038/2476
f 4972/1221/2477 4973/1227/2343 4974/1104/2333
f 4975/896/1613 4976/609/995 4977/875/1574
f 4978/812/1410 4979/970/2478 4980/633/1032
f 4981/1029/2256 4982/1181/2257 4983/1231/2415
f 4984/1280/2437 4983/1231/2352 4982/1181/2257
f 4985/484/727 4986/1005/1914 4987/482/728
f 4986/1005/1914 4988/948/1730 4987/482/2479
f 4989/1005/2215 4990/484/736 4991/482/734
f 4991/482/735 4992/948/1826 4989/1005/2215
f 4993/1281/2461 4994/1271/2480 4995/1062/2063
f 4996/950/1733 4997/1282/2481 4998/871/1563
f 4999/1283/2482 5000/819/1577 5001/874/1573
f 5002/561/2483 5003/562/2483 5004/561/2483
f 5003/562/2483 5002/561/2483 5005/562/2483
f 5006/873/1718 5007/1284/2484 5008/451/666
f 5009/1285/2485 5010/908/1639 5011/907/1640
f 5012/615/1908 5013/614/2486 5014/1009/2487
f 5015/573/1784 5016/599/2488 5017/754/2489
f 5018/762/1331 5019/892/2490 5020/1039/495
f 5021/801/1383 5022/750/1309 5023/1286/498
f 5022/750/1309 5024/947/468 5023/1286/486
f 5025/874/1575 5026/819/2491 5027/1283/2492
f 5028/778/2493 5029/1257/2494 5030/1287/2495
f 5029/1257/2496 5028/778/2497 5031/647/1057
f 5032/1288/2498 5033/1194/2275 5034/1228/2344
f 5035/1228/2344 5033/1194/2499 5036/1105/2132
f 5037/1271/2457 5038/1256/2416 5039/1063/2117
f 5040/412/2500 5041/411/2501 5042/411/2501
f 5043/992/1926 5044/653/1864 5045/724/2502
f 5046/1288/2498 5047/1224/2335 5048/1194/2275
f 5048/1194/2499 5049/1224/2335 5050/1195/2278
f 5051/1123/2392 5052/1252/2381 5053/1162/2224
f 5054/436/2503 5055/436/2504 5056/436/2505
f 5057/436/2506 5055/436/2504 5054/436/2503
f 5054/436/2503 5056/436/2505 5058/436/2507
f 5059/1135/2177 5060/1065/2178 5061/658/1317
f 5062/579/1743 5063/578/1714 5064/1289/2508
f 5065/583/1759 5066/582/1758 5067/758/2509
f 5068/1218/2325 5069/1244/2432 5070/1263/2437
f 5071/1290/2510 5072/943/1875 5073/995/1876
f 5073/995/2511 5074/660/1084 5075/1291/2512
f 5076/1219/2326 5077/1249/2513 5078/1272/2514
f 5079/1276/2515 5080/1066/2067 5081/1246/2412
f 5082/1276/2516 5083/1292/2517 5084/1066/2067
f 5085/1293/2518 5086/1250/2403 5087/1211/2519
f 5086/1250/2403 5085/1293/2520 5088/1294/2521
f 5089/1172/2339 5090/1295/2522 5091/1186/2262
f 5092/596/1764 5093/769/2523 5094/1001/1903
f 5095/1263/2437 5096/1244/2389 5097/1255/2415
f 5098/1296/2463 5099/1297/2524 5100/1239/2525
f 5101/1241/2384 5098/1296/2463 5100/1239/2381
f 5102/631/2526 5103/657/1916 5104/765/2527
f 5105/1298/2528 5106/1266/2441 5107/1226/2341
f 5108/1299/2529 5109/1264/2530 5110/1192/2302
f 5110/1192/2302 5111/1300/2531 5108/1299/2529
f 5112/1192/2302 5113/1234/2459 5111/1300/2531
f 5113/1234/2459 5112/1192/2302 5114/1058/2052
f 5115/1282/2481 5116/960/1761 5117/871/1563
f 5118/1264/2438 5119/1299/2532 5120/1192/2272
f 5119/1299/2533 5121/1300/2534 5120/1192/2272
f 5122/1249/2513 5123/1192/2272 5121/1300/2534
f 5123/1192/2272 5122/1249/2513 5124/1058/2061
f 5125/1282/2535 5126/871/1571 5127/960/2536
f 5128/1277/2537 5129/739/1283 5130/1247/2399
f 5129/739/1283 5128/1277/2538 5131/810/2539
f 5132/588/1727 5133/590/2540 5134/767/2541
f 5135/629/2542 5136/631/1918 5137/776/2543
f 5138/1292/2517 5139/759/1332 5140/1066/2067
f 5141/1301/2544 5142/1190/2301 5143/1266/2441
f 5144/236/2545 5145/668/2546 5146/1302/2547
f 5147/826/1445 5148/827/2548 5149/1303/2549
f 5150/828/2550 5147/826/1445 5151/1303/2551
f 5152/1272/2458 5153/1197/2282 5154/1265/2552
f 5155/1019/523 5156/710/1195 5157/1015/508
f 5158/1292/2553 5159/1267/2442 5160/759/1328
f 5161/330/467 5162/534/923 5163/487/839
f 5164/534/942 5165/330/500 5166/487/863
f 5167/1276/2465 5168/1267/2442 5169/1292/2553
f 5170/1293/2554 5171/1211/2309 5172/1294/2555
f 5171/1211/2309 5173/1159/2220 5172/1294/2555
f 5174/411/2501 5175/253/2556 5176/411/2501
f 5177/889/1605 5178/888/1627 5179/1304/2557
f 5180/1305/2558 5181/1306/2559 5182/970/2560
f 5182/970/2561 5183/553/886 5184/633/1032
f 5183/553/886 5182/970/2560 5185/969/2562
f 5186/1162/2224 5187/1307/2563 5188/1132/2172
f 5189/1292/2553 5190/759/1457 5191/843/1504
f 5192/1292/2517 5193/843/1503 5194/759/1684
f 5195/440/651 5196/1308/2564 5197/520/791
f 5198/426/628 5199/452/2565 5200/1309/2566
f 5201/990/2047 5202/713/2048 5203/884/1589
f 5204/814/2567 5205/821/2567 5206/821/2567
f 5205/821/2567 5204/814/2567 5207/814/2567
f 5208/584/1777 5209/583/1759 5210/800/2568
f 5211/1236/2373 5212/1310/2569 5213/1201/2289
f 5212/1310/2569 5211/1236/2373 5214/1298/2570
f 5215/253/2556 5216/411/2501 5217/414/2556
f 5218/875/2571 5219/721/1570 5220/1061/2572
f 5221/1295/2522 5222/1311/2573 5223/1186/2262
f 5224/857/1544 5225/1312/1096 5226/895/1612
f 5225/1312/1096 5224/857/1544 5227/1245/2390
f 5228/711/1856 5229/967/2574 5230/748/2575
f 5231/1313/2576 5232/1221/2332 5233/1279/2260
f 5234/1312/2577 5235/857/1546 5236/895/1615
f 5235/857/1546 5234/1312/2577 5237/1245/2395
f 5238/831/1454 5239/1314/2578 5240/888/1604
f 5240/888/1604 5239/1314/2578 5241/1304/2579
f 5242/611/1895 5243/642/2580 5244/983/1840
f 5245/497/1126 5246/1315/2581 5247/422/624
f 5248/1316/2582 5249/1143/2583 5250/963/1954
f 5251/1298/2528 5252/1226/2341 5253/1259/2454
f 5254/384/577 5255/383/576 5256/1317/2584
f 5257/1298/2585 5258/1236/2373 5259/1270/2456
f 5260/716/1215 5261/342/488 5262/333/499
f 5263/1250/2403 5264/1318/2586 5265/1116/2150
f 5264/1318/2587 5266/1264/2438 5265/1116/2150
f 5267/1252/2381 5268/1307/2563 5269/1162/2224
f 5268/1307/2563 5267/1252/2525 5270/1319/2588
f 5271/1177/2417 5272/1278/2589 5273/1274/2463
f 5273/1274/2463 5272/1278/2590 5274/1320/2524
f 5275/716/1227 5276/333/509 5277/342/511
f 5278/1235/2366 5279/1186/2262 5280/1273/2461
f 5281/1311/2573 5280/1273/2461 5279/1186/2262
f 5282/1321/2591 5283/1055/2044 5284/377/566
f 5285/1322/2592 5286/526/2593 5287/475/716
f 5288/340/496 5289/568/924 5290/330/2594
f 5290/330/2594 5289/568/924 5291/534/923
f 5292/568/941 5293/340/2595 5294/330/500
f 5294/330/507 5295/534/942 5292/568/941
f 5296/1132/2172 5297/1323/2576 5298/1184/2260
f 5297/1323/2576 5296/1132/2172 5299/1307/2563
f 5300/701/1665 5301/924/1666 5302/1232/2354
f 5303/968/1789 5304/579/1743 5305/1324/2596
f 5306/1301/2544 5307/1246/2412 5308/1190/2301
f 5307/1246/2412 5306/1301/2544 5309/1325/2597
f 5310/1019/523 5311/901/1624 5312/709/1193
f 5310/1019/525 5313/902/2598 5311/901/1624
f 5314/1270/2456 5315/1246/2398 5316/1325/2599
f 5315/1246/2398 5314/1270/2456 5317/1190/1789
f 5318/1227/2343 5319/1288/2600 5320/1228/2344
f 5321/1079/2094 5322/308/435 5323/915/1652
f 5321/1079/2094 5324/1326/2601 5325/1327/2602
f 5326/1031/1985 5327/1328/2603 5328/974/1806
f 5329/1031/1981 5330/974/1950 5331/1328/2604
f 5332/620/1781 5333/573/1788 5334/807/2605
f 5335/813/2606 5336/563/2606 5337/813/2606
f 5338/816/1416 5339/777/1370 5340/1329/2607
f 5341/1300/2531 5342/1272/2458 5343/1330/2608
f 5342/1272/2458 5341/1300/2531 5344/1234/2362
f 5345/962/2609 5346/1331/2610 5347/596/1764
f 5348/1271/2611 5349/1278/2589 5350/1256/2416
f 5351/973/1804 5352/712/2612 5353/1037/2055
f 5354/1293/2518 5355/1332/2613 5356/1294/2614
f 5355/1332/2613 5354/1293/2615 5357/1333/2616
f 5358/1294/2617 5359/1332/2618 5360/1293/2619
f 5360/1293/2619 5359/1332/2620 5361/1333/2621
f 5362/1224/2622 5363/1288/2498 5364/1295/2522
f 5365/1334/2623 5366/874/1573 5367/960/1761
f 5368/746/1298 5369/1335/2624 5370/1336/2625
f 5369/1335/2626 5368/746/1298 5371/456/678
f 5372/960/2536 5373/874/1575 5374/1334/2627
f 5375/1318/2628 5376/1159/2220 5377/1264/2451
f 5378/974/1806 5379/1337/2629 5380/818/1421
f 5381/974/1950 5382/818/1418 5383/1337/2630
f 5384/820/2631 5385/814/2631 5386/814/2631
f 5387/845/2632 5388/688/1509 5389/923/1663
f 5390/535/962 5391/1115/2404 5392/484/2633
f 5391/1115/2404 5393/1005/1914 5392/484/740
f 5394/1115/2217 5395/535/848 5396/484/750
f 5396/484/750 5397/1005/2215 5394/1115/2217
f 5398/801/1383 5399/1286/486 5400/892/1609
f 5401/1338/2634 5402/472/713 5403/522/2313
f 5404/753/1448 5405/1339/2635 5406/829/1449
f 5405/1339/2635 5404/753/2636 5407/1340/2637
f 5408/878/1579 5409/714/1208 5410/963/2638
f 5411/1341/2639 5412/1342/2588 5413/1343/2640
f 5413/1343/2640 5412/1342/2588 5414/1297/2524
f 5414/1297/2524 5415/1342/2588 5416/1239/2525
f 5417/452/2565 5418/1344/2641 5419/1309/2566
f 5420/870/1561 5421/779/1375 5422/1345/2642
f 5423/1346/2643 5424/1292/2553 5425/1347/2644
f 5426/1346/2645 5427/1347/2646 5428/1292/2517
f 5429/1308/2564 5430/1348/569 5431/520/791
f 5432/878/1579 5433/1077/2647 5434/707/1184
f 5435/1349/2648 5436/1221/2332 5437/1313/2576
f 5438/1273/2461 5439/1350/2649 5440/1351/2480
f 5441/1352/2650 5442/1013/1943 5443/973/1942
f 5444/1346/2645 5445/1292/2517 5446/1276/2516
f 5447/1346/2651 5448/1276/2465 5449/1292/2553
f 5450/799/1380 5451/580/1377 5452/780/1376
f 5453/1310/2569 5454/1265/2552 5455/1201/2289
f 5456/1353/2652 5454/1265/2439 5453/1310/2569
f 5457/761/1330 5458/760/1329 5459/332/512
f 5460/761/1333 5461/332/469 5462/760/1334
f 5463/1325/2599 5464/1246/2398 5465/1276/2465
f 5466/1325/2653 5467/1276/2515 5468/1246/2412
f 5469/1354/2654 5470/1227/2343 5471/1221/2655
f 5472/1354/2654 5473/1288/2498 5474/1227/2343
f 5475/1288/2600 5476/1355/2656 5477/1295/2522
f 5478/1283/2482 5479/874/1573 5480/1334/2657
f 5481/369/558 5482/457/680 5483/1356/2658
f 5484/1355/2659 5485/1357/2660 5486/1358/2661
f 5487/1295/2522 5484/1355/2656 5486/1358/2661
f 5488/1224/2662 5487/1295/2663 5489/1172/2339
f 5490/874/1575 5491/1283/2492 5492/1334/2664
f 5493/444/656 5494/492/746 5495/445/2665
f 5496/679/2666 5497/1359/2667 5498/950/1733
f 5499/547/877 5500/854/2268 5501/1360/2668
f 5502/1295/2663 5503/1358/2661 5504/1311/2573
f 5505/679/2669 5506/955/1741 5507/1359/2670
f 5508/1361/2671 5509/878/1579 5510/963/2638
f 5511/1347/2672 5512/843/1503 5513/1292/2517
f 5514/1347/2673 5515/1292/2553 5516/843/1504
f 5517/1333/2616 5518/1362/2674 5519/1332/2613
f 5520/779/1375 5521/981/2675 5522/1345/2676
f 5523/294/405 5524/493/2677 5525/549/2678
f 5526/1362/2679 5527/1333/2621 5528/1332/2620
f 5529/1363/2680 5530/1028/1977 5531/1364/2681
f 5532/1363/2680 5533/922/1662 5530/1028/2682
f 5534/321/2683 5535/1365/2684 5530/1028/2685
f 5530/1028/2685 5536/381/574 5534/321/2686
f 5537/420/621 5538/419/620 5539/685/1131
f 5540/1366/2687 5541/687/1722 5542/944/1721
f 5543/1298/2528 5544/1301/2688 5545/1266/2441
f 5544/1301/2544 5543/1298/2528 5546/1367/2689
f 5547/552/1680 5548/554/1681 5549/749/2690
f 5549/749/2691 5550/965/2692 5547/552/1677
f 5551/1368/2693 5552/1294/2555 5553/1159/2220
f 5553/1159/2220 5554/1318/2628 5551/1368/2693
f 5555/1273/2461 5556/1311/2573 5557/1350/2649
f 5558/1358/2661 5557/1350/2694 5556/1311/2573
f 5559/806/2695 5560/333/499 5561/761/1333
f 5562/806/1402 5563/761/2696 5564/333/509
f 5565/1369/2697 5566/1370/2698 5567/1371/2699
f 5568/1371/2700 5569/1307/2563 5565/1369/2701
f 5569/1307/2563 5568/1371/2699 5570/1323/2576
f 5571/383/2702 5572/452/677 5573/1317/2584
f 5574/1347/2703 5575/843/1685 5576/805/1401
f 5577/1347/2646 5578/805/1396 5579/843/1502
f 5580/1367/2704 5581/1298/2585 5582/1270/2456
f 5583/1372/2705 5584/1373/2640 5585/1374/2706
f 5586/1374/2706 5584/1373/2640 5587/1320/2524
f 5587/1320/2524 5588/1278/2707 5586/1374/2706
f 5589/975/1809 5590/764/1338 5591/1375/2708
f 5592/340/496 5593/636/2709 5594/568/924
f 5593/636/2709 5592/340/2710 5595/342/488
f 5596/1376/2639 5597/1377/2711 5598/1369/2712
f 5596/1376/2639 5599/1369/2697 5600/1319/2588
f 5599/1369/2712 5601/1307/2563 5600/1319/2588
f 5602/1367/2713 5603/1270/2456 5604/1325/2599
f 5605/1300/2534 5606/1330/2714 5607/1249/2513
f 5606/1330/2714 5608/1272/2514 5607/1249/2513
f 5609/1299/2532 5610/1330/2714 5605/1300/2534
f 5610/1330/2715 5609/1299/2533 5611/1378/2716
f 5612/568/941 5613/636/1048 5614/340/2717
f 5614/340/2718 5613/636/1172 5615/342/511
f 5616/1379/2719 5617/819/1577 5618/1283/2482
f 5619/1379/2719 5620/818/2720 5621/819/1577
f 5622/819/2721 5623/818/1421 5624/1379/2722
f 5625/474/715 5626/1322/2592 5627/475/716
f 5628/1294/2614 5629/1368/2723 5630/1250/2403
f 5629/1368/2723 5631/1318/2587 5630/1250/2403
f 5632/1380/2724 5633/1354/2654 5634/1349/2699
f 5634/1349/2699 5633/1354/2654 5635/1221/2725
f 5636/819/1422 5637/1379/2726 5638/1283/2492
f 5639/522/2313 5640/1381/2727 5641/1338/2728
f 5642/1382/2729 5643/988/2730 5644/1056/2050
f 5645/1383/2731 5646/1053/2732 5647/816/1416
f 5648/1372/2733 5649/1374/2706 5650/1384/2694
f 5651/1374/2706 5652/1271/2457 5650/1384/2649
f 5652/1271/2457 5651/1374/2706 5653/1278/2590
f 5654/822/2734 5655/639/2734 5656/822/2734
f 5655/639/2734 5654/822/2734 5657/639/2734
f 5658/1042/2015 5659/1044/2735 5660/1385/2736
f 5661/1315/2581 5662/959/1755 5663/422/1127
f 5664/1386/2737 5665/1318/2628 5666/1264/2738
f 5666/1264/2738 5667/1299/2739 5664/1386/2740
f 5668/1318/2587 5669/1386/2741 5670/1264/2438
f 5669/1386/2741 5671/1299/2533 5670/1264/2438
f 5672/1387/2742 5673/1341/2639 5674/1388/2743
f 5673/1341/2639 5675/1343/2640 5674/1388/2743
f 5676/535/962 5677/1211/2402 5678/1115/2404
f 5679/1211/2309 5680/535/2744 5681/1115/2219
f 5682/1343/2640 5683/1389/2745 5684/1388/2743
f 5685/1367/2689 5686/1325/2597 5687/1301/2688
f 5688/1390/2746 5689/1074/2080 5690/1075/2081
f 5691/457/2747 5692/1391/2748 5693/1356/2658
f 5694/1260/2434 5695/1272/2749 5696/1392/2750
f 5697/1299/2739 5698/1330/2608 5699/1393/2751
f 5698/1330/2752 5697/1299/2529 5700/1300/2531
f 5701/974/1950 5702/1337/2753 5703/1328/2604
f 5704/974/1806 5705/1328/2603 5706/1337/2754
f 5707/1394/2755 5708/1347/2673 5709/1395/2756
f 5710/1394/2757 5711/1395/2758 5712/1347/2646
f 5713/1396/2759 5714/1397/2759 5715/1396/2759
f 5716/1396/2759 5717/1397/2759 5718/1397/2759
f 5719/1359/2667 5720/1282/2481 5721/950/1733
f 5722/535/841 5723/569/925 5724/1211/2519
f 5725/1211/2309 5726/569/940 5727/535/848
f 5728/1359/2670 5729/955/1741 5730/1282/2535
f 5731/236/2545 5732/1302/2547 5733/234/2760
f 5734/1398/2761 5735/1010/2444 5736/1008/2762
f 5737/1399/2763 5738/1396/2763 5739/1399/2763
f 5740/1399/2763 5741/1396/2763 5742/1396/2763
f 5743/1400/2764 5744/1401/2765 5745/1402/2639
f 5746/1392/2750 5747/1403/2766 5748/1404/2767
f 5749/1260/2434 5746/1392/2750 5748/1404/2768
f 5750/1219/2326 5749/1260/2434 5751/1176/2280
f 5749/1260/2434 5750/1219/2326 5752/1272/2514
f 5753/1353/2652 5754/1272/2458 5755/1265/2439
f 5756/1372/2705 5757/1405/2769 5758/1373/2770
f 5759/838/2771 5760/249/2772 5761/249/2773
f 5761/249/2773 5762/1406/2774 5759/838/2771
f 5763/839/2775 5759/838/2771 5762/1406/2774
f 5764/1407/2776 5763/839/2775 5762/1406/2774
f 5763/839/2777 5764/1407/2776 5765/835/2776
f 5766/753/2636 5767/952/2778 5768/1340/2779
f 5769/1408/2780 5770/1276/2515 5771/1325/2597
f 5772/1408/2781 5773/1325/2599 5774/1276/2782
f 5775/1409/2783 5776/944/2784 5777/1133/2174
f 5778/1410/2785 5779/1134/2175 5780/926/2786
f 5781/1394/2787 5782/1347/2788 5783/1346/2645
f 5784/1394/2789 5785/1346/2651 5786/1347/2673
f 5787/1369/2712 5788/1377/2765 5789/1370/2790
f 5790/1411/72 5791/1412/72 5792/1413/72
f 5793/1380/2724 5794/1414/2791 5795/1357/2660
f 5796/1355/2656 5797/1380/2724 5795/1357/2660
f 5797/1380/2724 5796/1355/2659 5798/1354/2654
f 5798/1354/2654 5799/1355/2656 5800/1288/2498
f 5801/1415/2792 5802/889/1605 5803/1304/2579
f 5804/995/1876 5805/1291/2512 5806/1416/2793
f 5807/1257/2494 5808/906/1637 5809/1417/2794
f 5810/1408/2781 5811/1276/2465 5812/1346/2643
f 5813/1408/2795 5814/1346/2645 5815/1276/2515
f 5816/1357/2660 5817/1414/2791 5818/1418/2796
f 5816/1357/2660 5819/1418/2796 5820/1358/2661
f 5819/1418/2796 5821/1350/2649 5820/1358/2661
f 5822/828/2329 5823/870/1561 5824/1345/2797
f 5825/1419/2698 5826/1414/2791 5827/1380/2724
f 5825/1419/2790 5827/1380/2724 5828/1349/2699
f 5829/1420/2798 5830/1362/2674 5831/1395/2758
f 5832/1421/2796 5833/1422/2791 5834/1372/2705
f 5832/1421/2799 5834/1372/2705 5835/1384/2694
f 5836/1402/2800 5837/1400/2800 5838/1400/2800
f 5839/1420/2801 5840/1395/2802 5841/1362/2679
f 5842/1372/2803 5843/1422/2804 5844/1397/2805
f 5845/1422/2806 5846/1423/2807 5847/1424/2807
f 5846/1423/2807 5845/1422/2806 5848/1425/2807
f 5849/1395/2758 5850/805/1396 5851/1347/2672
f 5852/1395/2756 5853/1347/2644 5854/805/1401
f 5855/1377/2765 5856/1422/2791 5857/1370/2698
f 5858/1422/2808 5859/1396/2808 5860/1397/2809
f 5859/1396/2809 5858/1422/2808 5861/1424/2808
f 5862/1426/2810 5863/1310/2569 5864/1298/2570
f 5865/1395/2756 5866/805/2811 5867/715/1226
f 5868/1395/2758 5869/715/1214 5870/805/2812
f 5871/1425/2813 5872/1422/2813 5873/1377/2813
f 5874/1411/2814 5875/1413/2814 5876/1413/2814
f 5877/253/2815 5878/693/2815 5879/253/2815
f 5880/693/2816 5879/253/2816 5878/693/2815
f 5881/1424/2817 5882/1422/2817 5883/1427/2817
f 5883/1427/2817 5884/1428/2817 5881/1424/2817
f 5885/1429/2818 5886/828/2550 5887/1303/2549
f 5888/1299/2532 5889/1386/2819 5890/1378/2716
f 5891/1430/2820 5892/359/538 5893/1431/2821
f 5892/359/538 5891/1430/2820 5894/571/931
f 5895/1294/2521 5896/1432/2822 5897/1368/2723
f 5896/1432/2822 5895/1294/2823 5898/1332/2613
f 5899/1432/2824 5900/1294/2825 5901/1368/2693
f 5900/1294/2825 5899/1432/2824 5902/1332/2618
f 5903/1169/2826 5904/1168/2231 5905/1269/2452
f 5906/1433/2827 5907/973/1942 5908/1037/1997
f 5909/1434/2828 5910/1423/2828 5911/1434/2828
f 5912/1434/2828 5913/1423/2828 5914/1423/2828
f 5915/1396/2829 5916/1372/2803 5917/1397/2805
f 5918/905/1633 5919/1435/2830 5920/1048/1116
f 5919/1435/2831 5918/905/1633 5921/1153/2204
f 5922/1436/2832 5923/905/2210 5924/1049/1114
f 5923/905/1635 5922/1436/2832 5925/1156/2211
f 5926/1216/2323 5927/1215/2321 5928/930/2322
f 5929/1293/2554 5930/637/1047 5931/569/940
f 5932/1293/2615 5933/569/925 5934/637/1042
f 5935/486/737 5936/404/2018 5937/1043/2016
f 5938/1437/2833 5937/1043/2016 5939/1438/2834
f 5940/569/925 5941/1293/2518 5942/1211/2519
f 5943/1293/2619 5944/569/940 5945/1211/2309
f 5946/999/1891 5947/997/1888 5948/1439/2835
f 5949/998/1887 5948/1439/2836 5947/997/1885
f 5950/1440/2837 5951/1120/2155 5952/474/894
f 5953/1420/2798 5954/1395/2838 5955/1394/2839
f 5956/1332/2613 5957/1441/2840 5958/1432/2822
f 5957/1441/2841 5956/1332/2613 5959/1362/2674
f 5960/1432/2824 5961/1441/2842 5962/1332/2618
f 5962/1332/2620 5961/1441/2843 5963/1362/2679
f 5964/1420/2801 5965/1394/2789 5966/1395/2844
f 5967/1423/2845 5968/1425/2846 5969/1377/2847
f 5970/955/1741 5971/871/1571 5972/1282/2535
f 5973/1442/2848 5972/1282/2535 5974/1443/2849
f 5975/1444/2850 5976/895/1612 5977/1312/1096
f 5976/895/1612 5975/1444/2850 5978/1031/1985
f 5979/772/2851 5980/1445/2851 5981/774/2851
f 5982/1446/2852 5983/1325/2853 5984/1367/2689
f 5985/1441/2854 5986/1362/2674 5987/1420/2798
f 5988/1441/2855 5989/1420/2801 5990/1362/2679
f 5991/1444/2856 5992/895/1615 5993/1031/1981
f 5992/895/1615 5991/1444/2857 5994/1312/2577
f 5995/716/1215 5996/333/470 5997/806/2858
f 5998/1368/2723 5999/1447/2859 6000/1318/2586
f 5999/1447/2859 6001/1386/2741 6000/1318/2587
f 6002/1447/2860 6003/1368/2693 6004/1318/2861
f 6004/1318/2861 6005/1386/2737 6002/1447/2862
f 6006/1362/2674 6007/700/1170 6008/715/1214
f 6009/716/1227 6010/806/1506 6011/333/509
f 6012/1362/2679 6013/715/1226 6014/700/1171
f 6015/1448/2863 6016/1386/2737 6017/1299/2529
f 6017/1299/2529 6018/1393/2751 6015/1448/2863
f 6019/1423/2864 6020/1425/2864 6021/1423/2864
f 6022/1423/2864 6023/1425/2864 6024/1425/2864
f 6025/550/2865 6026/1034/1992 6027/1449/2866
f 6028/1446/2852 6029/1408/2795 6030/1325/2853
f 6031/1450/2867 6032/1367/2704 6033/1325/2599
f 6034/450/2868 6035/1451/2869 6036/1033/1990
f 6037/1033/1990 6035/1451/2869 6038/1452/2870
f 6039/1362/2674 6040/715/1214 6041/1395/2758
f 6042/1453/2871 6043/873/1718 6044/941/1869
f 6045/1149/2196 6046/1454/2872 6047/1148/2192
f 6047/1148/2192 6046/1454/2873 6048/1151/2200
f 6049/808/1405 6050/847/2474 6051/1455/2874
f 6052/636/2709 6053/342/488 6054/716/1215
f 6055/1333/2875 6056/700/1171 6057/637/1047
f 6058/1333/2616 6059/637/1042 6060/700/1170
f 6061/636/1048 6062/716/1227 6063/342/511
f 6064/1362/2679 6065/1395/2756 6066/715/1226
f 6067/1424/2876 6068/1434/2877 6069/1428/2878
f 6070/1424/2876 6071/1428/2878 6072/1399/2879
f 6073/1405/2880 6074/1372/2881 6075/1396/2829
f 6076/1428/2878 6077/1399/2882 6078/1399/2879
f 6076/1428/2878 6079/1428/2883 6077/1399/2882
f 6076/1428/2878 6080/1434/2884 6079/1428/2883
f 6076/1428/2885 6081/1434/2877 6080/1434/2886
f 6082/696/1306 6083/749/1307 6084/912/1647
f 6084/912/1647 6085/1456/2887 6086/1457/2888
f 6087/1458/2889 6088/990/1857 6089/1109/2300
f 6090/1424/2890 6091/1423/2891 6092/1434/2877
f 6093/1405/2880 6094/1396/2829 6095/1399/2892
f 6096/818/1418 6097/1459/2893 6098/1337/2753
f 6099/818/1421 6100/1337/2754 6101/1459/2894
f 6102/835/2895 6103/835/2896 6104/835/2897
f 6105/835/2898 6104/835/2899 6103/835/2900
f 6106/1460/2901 6107/1346/2645 6108/1408/2795
f 6109/1460/2902 6110/1408/2903 6111/1346/2643
f 6112/1377/2847 6113/1434/2904 6114/1423/2905
f 6115/1424/2876 6116/1399/2906 6117/1396/2907
f 6118/1282/2481 6119/1443/2908 6120/960/1761
f 6121/1282/2535 6122/960/1765 6123/1443/2849
f 6124/1460/2909 6125/1346/2643 6126/1394/2755
f 6127/1460/2910 6128/1394/2757 6129/1346/2645
f 6130/1136/2235 6131/1038/2911 6132/1461/2912
f 6133/951/2024 6134/952/1736 6135/1462/2913
f 6136/816/1416 6137/1329/2607 6138/1463/2914
f 6139/1438/2915 6140/1043/2016 6141/1042/2015
f 6142/1464/2916 6143/1050/2917 6144/1220/2918
f 6145/1212/2310 6146/808/2919 6147/1455/2920
f 6148/994/1868 6149/1453/2871 6150/941/1717
f 6151/1109/2921 6152/1000/2922 6153/1461/2923
f 6154/1209/2924 6155/1027/2925 6156/1461/2926
f 6157/1465/2927 6158/1077/2090 6159/1143/2583
f 6160/1466/2928 6161/916/1653 6162/1074/2080
f 6163/1464/2929 6164/978/2134 6165/1107/2136
f 6166/1450/2867 6167/1408/2903 6168/1460/2902
f 6166/1450/2867 6169/1325/2599 6167/1408/2903
f 6170/1079/2096 6171/915/1652 6172/1326/2601
f 6173/720/2930 6174/832/2930 6175/1467/2930
f 6176/1468/2931 6177/1081/2409 6178/1061/2059
f 6179/1465/2932 6180/1032/1988 6181/1088/2308
f 6182/1293/2518 6183/637/1042 6184/1333/2933
f 6184/1333/2616 6185/700/1170 6186/1362/2674
f 6187/1293/2619 6188/1333/2621 6189/637/1047
f 6188/1333/2621 6190/1362/2679 6191/700/1171
f 6192/518/2934 6193/1469/2935 6194/410/610
f 6195/1330/2714 6196/1378/2716 6197/1470/2936
f 6198/703/2937 6199/703/2937 6200/703/2937
f 6200/703/2937 6201/703/2937 6198/703/2937
f 6202/1471/2938 6203/1065/2377 6204/1136/2939
f 6205/900/2940 6206/1472/2941 6207/893/1610
f 6206/1472/2942 6208/1199/2284 6207/893/1610
f 6209/899/1621 6210/894/1611 6211/1473/2943
f 6212/1207/2294 6211/1473/2944 6210/894/1611
f 6213/1284/2484 6214/873/1718 6215/1453/2871
f 6216/1474/2945 6217/846/1518 6218/1475/2946
f 6218/1475/2947 6217/846/1518 6219/1010/1932
f 6220/449/662 6221/1210/2306 6222/1243/2387
f 6223/1243/2387 6221/1210/2306 6224/1476/2948
f 6225/847/1555 6226/981/2949 6227/1455/2950
f 6228/703/2951 6229/703/2951 6230/703/2951
f 6229/703/2952 6231/703/2952 6230/703/2952
f 6232/1368/2723 6233/1477/2953 6234/1447/2859
f 6233/1477/2953 6232/1368/2723 6235/1432/2822
f 6236/1477/2954 6237/1368/2693 6238/1447/2860
f 6237/1368/2693 6236/1477/2954 6239/1432/2955
f 6240/249/2956 6241/249/2957 6242/249/2958
f 6243/249/2959 6240/249/2956 6242/249/2959
f 6243/249/2958 6244/249/2960 6240/249/2956
f 6244/249/2960 6245/249/2961 6240/249/2956
f 6246/1478/2962 6247/951/2024 6248/1462/2963
f 6247/951/1735 6246/1478/2962 6249/840/2025
f 6250/1479/2964 6251/1408/2795 6252/1446/2852
f 6253/1471/2965 6254/1022/2966 6255/1180/2255
f 6256/775/2967 6257/436/2968 6258/1480/2969
f 6259/772/2970 6256/775/2967 6258/1480/2971
f 6260/1303/2972 6261/827/1444 6262/1481/2973
f 6263/1482/2974 6264/1394/2755 6265/1420/2801
f 6266/1479/2964 6267/1460/2910 6268/1408/2795
f 6269/1482/2975 6270/1420/2798 6271/1394/2757
f 6272/1482/2976 6273/1394/2839 6274/1460/2910
f 6275/1393/2751 6276/1330/2608 6277/1483/2977
f 6278/1330/2752 6279/1353/2978 6277/1483/2979
f 6279/1353/2980 6278/1330/2608 6280/1272/2458
f 6281/1482/2974 6282/1460/2909 6283/1394/2755
f 6284/703/2981 6285/703/2981 6286/703/2981
f 6285/703/2981 6284/703/2981 6287/703/2981
f 6288/1441/2840 6289/1420/2798 6290/1484/2982
f 6291/1485/2983 6292/1386/2740 6293/1448/2863
f 6292/1386/2984 6291/1485/2985 6294/1447/2860
f 6295/1441/2986 6296/1484/2987 6297/1420/2801
f 6298/1392/2988 6299/1330/2714 6300/1470/2936
f 6299/1330/2714 6298/1392/2989 6301/1272/2749
f 6302/1486/2990 6303/1353/2978 6304/1310/2569
f 6305/1432/2822 6306/1441/2991 6307/1477/2953
f 6308/1441/2843 6309/1432/2955 6310/1477/2954
f 6311/1233/2355 6312/1020/1986 6313/1225/2992
f 6314/703/2993 6315/703/2993 6316/703/2993
f 6317/703/2993 6316/703/2993 6315/703/2993
f 6318/1367/2689 6319/1487/2994 6320/1488/2995
f 6319/1487/2994 6318/1367/2689 6321/1298/2996
f 6322/1489/2997 6323/1253/2410 6324/1254/2411
f 6325/1490/2998 6326/768/1343 6323/1253/2410
f 6327/1469/2999 6328/1491/3000 6329/410/3001
f 6330/1477/2953 6331/1441/2841 6332/1484/2982
f 6333/1484/3002 6334/1441/2843 6335/1477/3003
f 6336/1487/2994 6337/1259/2454 6338/1260/2434
f 6339/1404/2768 6340/1487/2994 6341/1260/3004
f 6342/413/3005 6343/412/3005 6344/413/3005
f 6345/1365/2684 6346/1364/2681 6347/1028/1977
f 6348/1484/2982 6349/1420/2798 6350/1482/3006
f 6351/1386/2741 6352/1492/3007 6353/1378/2716
f 6352/1492/3008 6351/1386/2819 6354/1447/2859
f 6355/1447/2859 6356/1477/2953 6357/1492/3008
f 6358/1484/2987 6359/1482/2974 6360/1420/2801
f 6361/1345/2676 6362/981/2675 6363/1493/3009
f 6364/1352/2650 6365/973/1998 6366/1433/3010
f 6367/722/3011 6368/722/3012 6369/722/3013
f 6370/722/3012 6369/722/3013 6368/722/3012
f 6371/832/3014 6367/722/3011 6369/722/3013
f 6372/1494/3015 6373/1189/1523 6374/1495/2284
f 6373/1189/1523 6372/1494/3015 6375/1188/2265
f 6376/1494/3016 6377/1189/1526 6378/1188/715
f 6377/1189/1526 6376/1494/3016 6379/1496/2294
f 6380/586/3017 6381/586/3017 6382/824/3017
f 6383/493/2677 6384/1497/3018 6385/549/2678
f 6386/1443/2908 6387/1334/2623 6388/960/1761
f 6389/900/1623 6390/1157/2214 6391/1472/2942
f 6392/1042/2015 6393/1385/3019 6394/1438/3020
f 6395/969/1794 6396/970/1793 6397/1458/3021
f 6396/970/1793 6398/1121/2156 6397/1458/3021
f 6399/1337/2753 6400/1459/3022 6401/1498/3023
f 6402/1379/3024 6400/1459/3022 6403/818/1418
f 6404/899/1621 6405/1473/2943 6406/1154/2206
f 6407/1337/2754 6408/1498/3025 6409/1459/3026
f 6410/1379/2726 6411/818/1421 6409/1459/3027
f 6412/445/2665 6413/492/746 6414/1499/3028
f 6415/1367/2713 6416/1426/3029 6417/1298/2585
f 6416/1426/3029 6415/1367/2713 6418/1500/3030
f 6419/1443/2849 6420/960/1765 6421/1334/2627
f 6422/736/3031 6423/833/3031 6424/736/3031
f 6425/1501/3031 6424/736/3031 6423/833/3031
f 6426/1502/3032 6427/1439/2835 6428/998/1887
f 6429/1382/3033 6430/1458/3034 6431/988/1852
f 6431/988/2049 6430/1458/3035 6432/971/1930
f 6433/1503/3036 6434/1460/2902 6435/1482/2974
f 6436/1378/2716 6437/1492/3037 6438/1504/3038
f 6439/765/3039 6440/1505/3040 6441/776/1369
f 6440/1505/3040 6439/765/1340 6442/1456/3040
f 6443/1506/3041 6444/904/1800 6445/755/1319
f 6446/253/3042 6447/253/3042 6448/253/3042
f 6449/1383/2731 6450/816/1416 6451/1463/2914
f 6452/1507/3043 6453/685/1131 6454/1508/3044
f 6454/1508/3044 6453/685/1131 6455/419/620
f 6456/1258/2429 6457/724/3045 6458/1509/3046
f 6459/1510/3047 6460/1460/2910 6461/1479/2964
f 6462/1511/3048 6463/1488/3049 6464/1487/2994
f 6464/1487/2994 6465/1298/2528 6466/1259/2454
f 6467/1510/3050 6468/1482/3051 6469/1460/2901
f 6470/1216/3052 6471/1269/2453 6472/1100/2124
f 6473/1506/3053 6474/755/1319 6475/1056/2446
f 6476/1426/3029 6477/1486/2990 6478/1310/3054
f 6479/1375/2708 6480/1512/3055 6481/975/3056
f 6482/748/1302 6483/726/1262 6484/1513/3057
f 6485/1446/3058 6486/1367/2689 6487/1488/2995
f 6488/1514/3059 6489/1484/2987 6490/1477/2954
f 6491/1515/3060 6492/601/3061 6493/494/1968
f 6494/1366/2687 6495/944/1721 6496/1516/3062
f 6497/1392/2988 6498/1470/2936 6499/1403/3063
f 6500/1517/3064 6501/1484/2982 6502/1482/2976
f 6503/1518/3065 6504/1188/2264 6505/1494/3015
f 6504/1188/2265 6503/1518/3066 6506/1245/2390
f 6507/890/3067 6508/1519/3068 6509/1238/2378
f 6510/631/1917 6511/765/2527 6512/776/2543
f 6513/1518/3069 6514/1188/715 6515/1245/2396
f 6514/1188/3070 6513/1518/3071 6516/1494/3016
f 6517/564/916 6518/1520/3072 6519/1237/2374
f 6520/1503/3073 6521/1482/2974 6522/1484/2987
f 6523/1503/3073 6524/1450/2867 6525/1460/2909
f 6526/492/746 6527/1521/3074 6528/1499/3028
f 6529/549/2678 6530/1497/3018 6531/1522/3075
f 6532/800/1382 6533/758/1327 6534/1523/3076
f 6535/573/1784 6536/754/3077 6537/807/2605
f 6538/681/2023 6539/1524/3078 6540/1359/2667
f 6540/1359/2667 6541/679/1115 6538/681/1116
f 6542/967/2356 6543/726/3079 6544/748/3080
f 6545/983/1840 6546/642/3081 6547/1525/3082
f 6548/1524/3083 6549/680/1114 6550/1359/2670
f 6550/1359/2670 6549/680/1114 6551/679/3084
f 6552/539/3085 6553/872/1565 6554/1526/3086
f 6555/596/1764 6556/1331/2610 6557/769/2523
f 6558/1527/3087 6559/1450/2867 6560/1503/3036
f 6561/912/1647 6562/749/1307 6563/1456/2887
f 6564/1136/2180 6565/1135/2177 6566/1038/2476
f 6567/1514/3088 6568/1447/2860 6569/1485/2983
f 6568/1447/2860 6567/1514/3059 6570/1477/2954
f 6571/1528/3089 6567/1514/3088 6572/1485/2983
f 6573/1529/3090 6574/1080/3091 6575/1079/2094
f 6576/1530/3092 6577/1519/3093 6578/890/3067
f 6579/624/1872 6580/623/1963 6581/1178/3094
f 6582/436/3095 6583/436/3096 6584/436/3097
f 6585/436/3098 6582/436/3099 6584/436/3097
f 6586/1009/2487 6587/614/2486 6588/1059/3100
f 6588/1059/3101 6589/1060/3102 6586/1009/2487
f 6590/1531/3103 6591/1353/2978 6592/1486/2990
f 6593/769/1345 6594/1076/2088 6595/1532/3104
f 6596/558/1898 6597/624/1872 6598/1208/3105
f 6599/992/1955 6600/1258/3106 6601/675/3107
f 6600/1258/3106 6599/992/3108 6602/724/2502
f 6603/1517/3064 6604/1482/3006 6605/1510/3050
f 6606/854/2268 6607/1533/3109 6608/1360/2668
f 6609/1277/3110 6610/897/3111 6611/1026/3112
f 6612/1477/2953 6613/1517/3064 6614/1492/3008
f 6613/1517/3064 6612/1477/2953 6615/1484/2982
f 6616/1534/3113 6617/1448/2863 6618/1393/2751
f 6619/514/3114 6620/668/2546 6621/236/2545
f 6622/513/3115 6623/513/3115 6624/513/3115
f 6625/579/1743 6626/1289/2508 6627/1324/3116
f 6628/1535/3117 6629/1486/2990 6630/1426/3029
f 6631/494/752 6632/1536/3118 6633/1515/3060
f 6634/767/1342 6635/1174/2242 6636/1537/3119
f 6637/1538/3120 6638/1426/3029 6639/1500/3121
f 6640/1153/3122 6641/1539/3123 6642/1435/2831
f 6641/1539/3123 6640/1153/2204 6643/1154/2206
f 6644/1156/2211 6645/1540/3124 6646/1157/3125
f 6645/1540/3124 6644/1156/2211 6647/1436/2832
f 6648/1340/3126 6649/952/2350 6650/1493/3127
f 6651/624/1872 6652/1178/3094 6653/1208/3105
f 6654/1514/3059 6655/1503/3073 6656/1484/2987
f 6657/1175/3128 6658/858/1779 6659/621/1011
f 6660/754/1973 6661/1541/3129 6662/1542/3130
f 6663/1442/3131 6664/1282/2481 6665/1524/3078
f 6664/1282/2481 6666/1359/2667 6665/1524/3078
f 6667/767/3132 6668/662/3133 6669/1174/3134
f 6668/662/1878 6667/767/3132 6670/590/1729
f 6671/1442/2848 6672/1524/3083 6673/1282/2535
f 6673/1282/2535 6672/1524/3083 6674/1359/2670
f 6675/1107/3135 6676/855/3136 6677/946/1726
f 6678/983/1840 6679/1525/3137 6680/1232/3138
f 6681/1531/3103 6682/1486/2990 6683/1535/3117
f 6681/1531/3103 6684/1483/3139 6685/1353/2980
f 6686/836/3140 6687/402/3141 6688/1543/3142
f 6689/402/3143 6686/836/3140 6688/1543/3144
f 6688/1543/3144 6690/1544/3145 6689/402/3143
f 6691/402/3146 6689/402/3147 6690/1544/3145
f 6689/402/3147 6691/402/3146 6692/402/3148
f 6691/402/3146 6693/402/3149 6692/402/3148
f 6694/402/3149 6692/402/3148 6693/402/3149
f 6695/1538/3120 6696/1535/3117 6697/1426/3029
f 6698/1545/3150 6699/1379/3024 6700/1283/2482
f 6701/557/1697 6702/635/3151 6703/1101/3152
f 6704/1545/3153 6705/1283/2492 6706/1379/2726
f 6707/766/1341 6708/1541/3154 6709/1213/2314
f 6710/558/3155 6711/557/1831 6712/1546/3156
f 6713/1442/3131 6714/1443/2908 6715/1282/2481
f 6716/1334/2623 6717/1545/3157 6718/1283/2482
f 6719/748/1302 6720/1513/3057 6721/1547/3158
f 6722/780/1376 6723/1088/3159 6724/799/1380
f 6723/1088/3159 6722/780/1376 6725/1089/3160
f 6726/1534/3161 6727/1393/2751 6728/1483/2977
f 6729/1334/2627 6730/1283/2492 6731/1545/3162
f 6732/1321/3163 6733/1548/3164 6734/1055/3165
f 6735/1462/2963 6736/952/1736 6737/1493/3166
f 6738/1378/2716 6739/1504/3167 6740/1470/3168
f 6741/1549/3169 6742/1483/3170 6743/1531/3171
f 6744/1550/3172 6745/999/1891 6746/1439/3173
f 6747/1470/2936 6748/1551/3174 6749/1403/2766
f 6747/1470/2936 6750/1504/3167 6751/1551/3174
f 6752/583/1759 6753/758/3175 6754/800/2568
f 6755/800/2568 6753/758/3175 6756/1523/3176
f 6757/1510/3050 6758/1479/2964 6759/1552/3177
f 6759/1552/3177 6758/1479/2964 6760/1446/3058
f 6761/754/3178 6762/1542/3179 6763/807/1974
f 6764/1305/2558 6765/970/2478 6766/812/1410
f 6767/1404/2768 6768/1403/3180 6769/1553/3181
f 6770/1403/3063 6771/1551/3174 6769/1553/3181
f 6772/1492/3182 6773/1517/3064 6774/1554/3183
f 6775/1081/3159 6776/896/1613 6777/875/1574
f 6778/557/1697 6779/1101/3152 6780/1546/3156
f 6781/1500/3184 6782/1367/2713 6783/1450/2867
f 6784/1527/3087 6785/1538/3185 6781/1500/3184
f 6785/1538/3120 6784/1527/3087 6786/1555/3186
f 6787/1553/3187 6788/1556/3188 6789/1511/3048
f 6787/1553/3189 6790/1511/3190 6791/1404/2767
f 6790/1511/3191 6792/1487/2994 6793/1404/2768
f 6794/1549/3169 6795/1534/3161 6796/1483/2979
f 6797/923/3192 6798/1180/3193 6799/845/1507
f 6798/1180/3193 6797/923/3192 6800/1179/3194
f 6801/1557/3195 6802/1558/3196 6803/942/1719
f 6804/943/1720 6803/942/1719 6802/1558/3197
f 6805/965/2692 6806/749/2691 6807/1559/3198
f 6808/1552/3199 6809/1446/3058 6810/1488/3049
f 6811/1560/3200 6812/1475/2946 6813/1398/2761
f 6814/1398/2761 6812/1475/2946 6815/1010/2444
f 6816/557/891 6817/1101/3201 6818/957/1752
f 6818/957/1752 6819/1101/2126 6820/1561/3202
f 6819/1101/2126 6821/1562/3203 6822/1561/3202
f 6823/1258/3106 6824/724/3204 6825/1509/3205
f 6826/1527/3087 6827/1500/3030 6828/1450/2867
f 6829/436/3206 6830/436/3206 6831/436/3206
f 6832/1440/2837 6833/1563/3207 6834/1120/2155
f 6835/1564/3208 6836/1245/2396 6837/1312/2577
f 6836/1245/2395 6835/1564/3209 6838/1518/3069
f 6839/1245/2391 6840/1564/3210 6841/1312/3211
f 6840/1564/3212 6839/1245/2391 6842/1518/3065
f 6843/1209/3213 6844/891/3214 6845/1027/2468
f 6846/1565/3215 6847/908/3216 6848/1285/2485
f 6849/1566/3217 6850/1383/2731 6851/1463/3218
f 6852/872/1565 6853/1567/3219 6854/1526/3086
f 6855/907/1638 6856/1568/3220 6857/1285/2485
f 6858/1409/2783 6859/1516/3062 6860/944/1721
f 6861/1569/3221 6862/1570/2355 6863/1571/3222
f 6864/765/2527 6865/1505/3040 6866/776/2543
f 6865/1505/3040 6864/765/2527 6867/1456/3040
f 6868/1572/3223 6869/1573/2359 6870/1574/2254
f 6871/748/3224 6872/726/3079 6873/1513/3225
f 6874/1511/3190 6875/1552/3199 6876/1488/2995
f 6877/1410/2785 6878/926/1668 6879/1575/3226
f 6880/926/1668 6881/1576/3227 6879/1575/3226
f 6881/1576/3228 6880/926/1668 6882/925/1667
f 6883/1577/3229 6884/1517/3230 6885/1510/3047
f 6886/758/1327 6887/1578/3231 6888/1523/3232
f 6889/1315/3233 6890/1579/3234 6891/959/1755
f 6892/1003/2319 6893/1217/2324 6894/1580/1987
f 6893/1217/2324 6892/1003/1905 6895/1215/2321
f 6896/924/1666 6897/1456/3235 6898/1232/2354
f 6899/1504/3167 6900/1581/3236 6901/1551/3174
f 6902/1321/3163 6903/1582/3237 6904/1548/3164
f 6905/1583/2927 6906/1584/2187 6907/1585/2582
f 6908/1060/3102 6909/1059/3238 6910/1586/3239
f 6911/1587/3240 6912/1534/3113 6913/1549/3169
f 6914/1485/2985 6915/1448/3241 6912/1534/3242
f 6916/1588/3243 6917/1449/2866 6918/1034/1992
f 6919/748/3224 6920/1513/3225 6921/1547/3244
f 6922/1589/3245 6923/1531/3103 6924/1535/3246
f 6922/1589/3245 6925/1549/3169 6926/1531/3103
f 6927/1233/3247 6928/1021/1962 6929/1020/1961
f 6930/754/3077 6931/1541/3248 6932/1542/3249
f 6933/1082/2098 6934/1590/3250 6935/1242/2386
f 6936/1591/2938 6937/1592/2939 6938/1593/2912
f 6939/1528/3089 6940/1485/2983 6941/1534/3161
f 6942/1589/3245 6943/1535/3117 6944/1538/3185
f 6945/754/3077 6946/1542/3249 6947/807/2605
f 6948/769/3251 6949/1594/3252 6950/1532/3253
f 6951/1595/3254 6952/1503/3073 6953/1514/3059
f 6951/1595/3254 6954/1527/3087 6955/1503/3036
f 6956/1596/3255 6957/1573/2359 6958/1572/3256
f 6959/769/2523 6960/1331/2610 6961/1594/3252
f 6962/1492/3037 6963/1554/3183 6964/1504/3167
f 6965/990/2047 6966/884/3257 6967/1109/3258
f 6968/1109/3258 6966/884/1589 6969/1000/2445
f 6970/767/3132 6971/1174/3259 6972/1537/3260
f 6973/1328/3261 6974/1444/2856 6975/1031/1981
f 6976/1597/3262 6977/1444/2856 6973/1328/3261
f 6977/1444/2857 6976/1597/3263 6978/1598/3264
f 6979/1337/2753 6980/1498/3023 6976/1597/3262
f 6979/1337/2630 6976/1597/3263 6981/1328/3261
f 6982/1444/3265 6983/1328/3266 6984/1031/1985
f 6985/1444/2850 6986/1597/3267 6983/1328/2603
f 6986/1597/3268 6985/1444/3265 6987/1598/3269
f 6988/1498/3025 6989/1337/2754 6986/1597/3267
f 6989/1337/2754 6990/1328/3266 6986/1597/3268
f 6991/1466/2928 6992/1074/3270 6993/1599/3271
f 6994/1390/2746 6993/1599/3272 6992/1074/2080
f 6995/1569/3273 6996/1571/3222 6997/1600/3274
f 6998/1208/3105 6999/1178/3094 7000/1572/3223
f 7001/1596/3255 7000/1572/3223 6999/1178/3094
f 7002/1509/3205 7003/1585/3275 7004/1258/3106
f 7003/1585/3275 7002/1509/3205 7005/1583/3276
f 7006/1595/3254 7007/1514/3277 7008/1528/3089
f 7009/1525/3082 7010/1569/3273 7011/1232/3138
f 7012/1232/3138 7013/1569/3273 7014/1600/3274
f 7015/1498/3023 7016/1459/3022 7017/1379/2719
f 7018/1601/3278 7019/1284/2484 7020/1453/2871
f 7021/1060/3279 7022/1059/2057 7023/1586/3280
f 7024/1586/3239 7025/1602/3281 7026/1603/2827
f 7027/1554/3183 7028/1517/3064 7029/1577/3282
f 7030/1504/3167 7031/1554/3183 7032/1581/3236
f 7033/1498/3025 7034/1379/2722 7035/1459/2894
f 7036/1589/3245 7037/1538/3185 7038/1555/3186
f 7039/1586/3239 7040/1603/2827 7041/1060/3102
f 7042/1587/3240 7043/1528/3089 7044/1534/3113
f 7045/1589/3245 7046/1587/3240 7047/1549/3169
f 7048/1581/3236 7049/1556/3283 7050/1553/3187
f 7048/1581/3236 7050/1553/3181 7051/1551/3174
f 7052/1505/3040 7053/1591/2938 7054/1593/2912
f 7053/1591/2938 7052/1505/3040 7055/1456/3040
f 7056/1594/3252 7057/1604/2287 7058/1605/2409
f 7059/1577/3282 7060/1510/3050 7061/1552/3284
f 7062/1242/2386 7063/1590/3285 7064/1606/3286
f 7065/1542/3249 7066/1592/3287 7067/1607/2331
f 7068/1608/3288 7069/1609/2300 7070/1610/2923
f 7071/1542/3249 7072/1611/3289 7073/1592/2371
f 7074/1556/3290 7075/1552/3177 7076/1511/3048
f 7077/1289/2508 7078/1541/3291 7079/1612/3292
f 7080/1613/3293 7081/1614/2106 7082/1574/2107
f 7083/1615/2926 7084/1578/3294 7085/1616/2298
f 7085/1616/2298 7084/1578/3294 7086/1617/3295
f 7087/1594/3252 7088/1605/2409 7089/1618/2931
f 7090/1555/3186 7091/1527/3087 7092/1595/3254
f 7093/1220/3296 7094/858/1779 7095/1175/3297
f 7096/1513/3225 7097/1619/2729 7098/1547/3244
f 7099/1513/3225 7100/1620/3298 7101/1619/3033
f 7102/1289/2508 7103/1612/3292 7104/1324/2596
f 7105/1542/3249 7106/1541/3299 7107/1611/3300
f 7108/1577/3301 7109/1552/3177 7110/1556/3283
f 7111/1621/3302 7112/1322/2592 7113/474/3070
f 7114/1621/3303 7115/1622/3304 7112/1322/2592
f 7116/758/3175 7117/1578/3294 7118/1523/3305
f 7119/1523/3305 7117/1578/3294 7120/1615/2926
f 7121/1623/2334 7122/1545/3157 7123/1334/2623
f 7124/1559/3198 7125/749/3306 7126/1456/2887
f 7127/1532/3307 7128/1594/3252 7129/1618/2931
f 7130/1623/3308 7131/1334/2664 7132/1545/3162
f 7133/1581/3236 7134/1554/3183 7135/1556/3283
f 7136/1587/3240 7137/1595/3254 7138/1528/3089
f 7139/1624/3309 7140/774/3310 7141/1445/3310
f 7140/774/3310 7139/1624/3311 7142/1625/3312
f 7143/1626/3313 7142/1625/3312 7139/1624/3311
f 7142/1625/3312 7143/1626/3314 7144/1627/3314
f 7145/1502/3315 7146/1364/2681 7147/1365/2684
f 7148/907/3316 7149/827/1686 7150/1568/3220
f 7151/1180/3317 7152/1022/2407 7153/845/2406
f 7154/1589/3318 7155/1555/3186 7156/1587/3240
f 7157/1554/3183 7158/1577/3301 7159/1556/3188
f 7160/1032/2469 7161/799/1380 7162/1088/3159
f 7163/1555/3186 7164/1595/3254 7165/1587/3240
f 7166/1174/3134 7167/1608/3140 7168/1610/2923
f 7169/1529/3090 7170/1079/2096 7171/1327/3319
f 7172/452/677 7173/1628/3320 7174/1317/2584
f 7175/1317/2584 7173/1628/3320 7176/1629/3321
f 7177/1174/3134 7178/1610/2923 7179/1537/3260
f 7180/1612/3292 7181/1630/3322 7182/1631/2136
f 7183/1612/3292 7184/1631/2136 7185/1607/3323
f 7186/1562/3324 7187/1614/2308 7188/1613/3325
f 7189/1541/3291 7190/1630/2929 7191/1612/3292
f 7192/1632/3326 7193/1633/3327 7194/1634/3328
f 7195/978/2376 7196/855/3136 7197/1107/3135
f 7198/1375/2708 7199/1635/3329 7200/1512/3055
f 7201/942/1719 7202/1636/3330 7203/1557/3195
f 7204/1050/2435 7205/858/1779 7206/1220/3296
f 7207/1081/3159 7208/1087/3331 7209/896/1613
f 7210/1230/2348 7211/1229/2370 7212/1637/3332
f 7213/1261/3333 7214/891/3214 7215/1209/3213
f 7216/1638/3334 7217/1519/3068 7218/1530/3092
f 7219/1335/2624 7220/1639/3335 7221/1336/2625
f 7220/1639/3336 7219/1335/2624 7222/1640/3337
f 7223/1077/3338 7224/878/1579 7225/1361/2671
f 7226/1562/3324 7227/1613/3325 7228/1101/3339
f 7228/1101/3339 7227/1613/3325 7229/1546/3156
f 7230/1456/2887 7231/1634/3340 7232/1559/3198
f 7233/1243/2387 7234/1476/3341 7235/1641/3342
f 7236/1642/3343 7237/1020/1961 7238/963/2380
f 7239/1444/2857 7240/1598/3344 7241/1564/3209
f 7241/1564/3208 7242/1312/2577 7239/1444/2857
f 7243/1598/3269 7244/1444/3265 7245/1564/3212
f 7244/1444/2850 7246/1312/1096 7245/1564/3210
f 7247/1344/3345 7248/1643/3346 7249/1309/2566
f 7250/1451/2869 7251/1644/3347 7252/1452/3348
f 7253/1456/2887 7254/1632/3326 7255/1634/3328
f 7256/1645/3349 7257/1579/3234 7258/1315/3233
f 7259/1646/3350 7260/1623/2334 7261/1443/2908
f 7262/1443/2908 7260/1623/2334 7263/1334/2623
f 7264/1443/2849 7265/1334/2664 7266/1623/3308
f 7267/1646/3351 7268/1443/3352 7266/1623/3308
f 7269/835/3353 7270/835/3354 7271/835/3355
f 7269/835/3353 7272/835/3356 7270/835/3357
f 7272/835/3356 7273/1407/3358 7270/835/3354
f 7273/1407/3359 7272/835/3356 7274/835/3358
f 7275/1316/3360 7276/1361/2671 7277/963/2638
f 7278/436/3361 7279/436/3361 7280/436/3361
f 7281/1230/2348 7282/1637/3332 7283/1647/3362
f 7284/1490/2998 7285/1253/2410 7286/1489/3363
f 7287/1290/3364 7288/995/1876 7289/1416/2793
f 7290/971/3365 7291/904/1632 7292/1506/3053
f 7293/1157/3125 7294/1540/3124 7295/1472/2942
f 7296/1154/3366 7297/1473/2944 7298/1539/3123
f 7299/1533/3109 7300/1648/3367 7301/1360/2668
f 7302/1520/3072 7303/1649/3368 7304/1237/2374
f 7305/1442/3131 7306/1646/3350 7307/1443/2908
f 7308/1061/3369 7309/1081/3159 7310/875/3370
f 7311/1442/2848 7312/1443/2849 7313/1646/3351
f 7314/1375/3371 7315/1650/3372 7316/1635/3373
f 7317/1338/3374 7318/1381/2727 7319/1651/3375
f 7319/1651/3375 7318/1381/2727 7320/1652/3376
f 7321/1391/2748 7322/1653/3377 7323/1356/2658
f 7324/1291/2512 7325/1654/3378 7326/1416/3379
f 7327/1655/3380 7328/1308/2564 7329/1571/3381
f 7328/1308/2564 7327/1655/3380 7330/1348/1110
f 7331/1545/3150 7332/1498/3023 7333/1379/3024
f 7332/1498/3023 7331/1545/3150 7334/1656/3382
f 7335/1498/3025 7336/1545/3153 7337/1379/2726
f 7336/1545/3162 7335/1498/3025 7338/1656/3383
f 7339/1582/3237 7340/1657/3384 7341/1548/3164
f 7342/1344/3345 7343/1658/3385 7344/1643/3386
f 7345/763/3387 7346/771/3388 7347/763/3389
f 7348/436/3390 7345/763/3387 7347/763/3391
f 7349/1451/2869 7350/1659/3392 7351/1644/3393
f 7352/1356/3394 7353/1653/3377 7354/1660/3395
f 7355/1494/3015 7356/1661/3396 7357/1518/3397
f 7358/1662/2831 7359/1663/3398 7360/1524/3078
f 7360/1524/3078 7361/681/2023 7358/1662/2831
f 7362/1494/3016 7363/1518/3399 7364/1661/3400
f 7365/1663/3401 7366/1664/2832 7367/1524/3083
f 7367/1524/3083 7366/1664/2832 7368/680/1114
f 7369/1665/3381 7370/1212/2310 7371/1455/2874
f 7372/1666/3402 7373/1453/2871 7374/994/3403
f 7375/1663/3398 7376/1442/3404 7377/1524/3078
f 7378/1663/3401 7379/1524/3083 7380/1442/2848
f 7381/253/3405 7382/253/3406 7383/253/3407
f 7384/253/3408 7382/253/3406 7381/253/3405
f 7381/253/3405 7385/253/3409 7384/253/3410
f 7386/253/3411 7385/253/3409 7381/253/3405
f 7387/253/3412 7385/253/3409 7386/253/3413
f 7385/253/3414 7387/253/3415 7388/253/3416
f 7387/253/3412 7389/253/3417 7388/253/3416
f 7390/1667/3418 7391/1563/3207 7392/1440/2837
f 7393/1431/3419 7394/1668/1850 7395/1430/2820
f 7396/1588/3420 7397/1669/3421 7398/1449/2866
f 7399/1590/3285 7400/1670/3422 7401/1606/3286
f 7402/1391/2748 7403/1671/3423 7404/1653/3377
f 7405/1621/3303 7406/1672/3424 7407/1622/3425
f 7408/1309/3426 7409/1643/3346 7410/1673/3402
f 7411/1494/3015 7412/1674/2941 7413/1661/3427
f 7412/1674/2942 7411/1494/3428 7414/1495/2284
f 7415/1494/3016 7416/1675/2943 7417/1496/2294
f 7416/1675/2943 7415/1494/3016 7418/1661/3400
f 7419/1329/2607 7420/1676/3429 7421/1463/3218
f 7422/1677/3430 7423/828/2329 7424/1345/3431
f 7425/1455/2950 7426/981/2949 7427/1678/3432
f 7428/1431/2821 7429/1658/3433 7430/1668/3434
f 7431/1430/3435 7432/1668/1786 7433/1679/3436
f 7434/1586/3280 7435/1572/3437 7436/1060/3279
f 7437/1433/3438 7438/973/2285 7439/1037/2055
f 7440/1498/3023 7441/1656/3382 7442/1597/3263
f 7443/1656/3439 7444/1498/3025 7445/1597/3267
f 7446/1285/3440 7447/1568/3220 7448/1680/3441
f 7449/1663/3398 7450/1646/3350 7451/1442/3131
f 7452/1663/3401 7453/1442/3442 7454/1646/3351
f 7455/1681/3443 7456/1579/3444 7457/1645/3445
f 7458/832/3446 7459/720/3447 7460/1467/3447
f 7459/720/3447 7458/832/3448 7461/832/3449
f 7458/832/3446 7462/1682/3450 7461/832/3449
f 7463/1682/3450 7461/832/3449 7462/1682/3451
f 7464/1449/2866 7465/1669/3421 7466/1683/3452
f 7467/1509/3453 7468/1600/3454 7469/1258/2429
f 7468/1600/3454 7467/1509/3455 7470/1583/3456
f 7471/820/3457 7472/1684/3458 7473/814/3459
f 7472/1684/3458 7471/820/3460 7474/1685/3461
f 7475/1686/3462 7476/1489/3463 7477/1254/2411
f 7478/763/3464 7479/1687/3465 7480/1688/3466
f 7481/1336/2625 7482/1639/3467 7483/1683/3468
f 7484/1352/3469 7485/1013/2286 7486/973/3470
f 7487/322/3471 7488/436/3471 7489/436/3471
f 7490/1232/2354 7491/1569/3472 7492/1600/3473
f 7493/832/3474 7494/832/3475 7495/722/3476
f 7495/722/3476 7496/1467/3477 7493/832/3478
f 7496/1467/3477 7495/722/3476 7497/722/3479
f 7498/1501/3480 7496/1467/3481 7499/736/3482
f 7496/1467/3477 7498/1501/3480 7500/832/3483
f 7501/1041/3484 7502/1689/3485 7503/722/3479
f 7504/1208/2295 7505/1178/2252 7506/1572/3486
f 7507/1596/3487 7506/1572/3486 7505/1178/2252
f 7508/1464/3488 7509/1261/3333 7510/1209/3213
f 7511/1688/3466 7512/1687/3465 7513/736/3482
f 7514/1508/3044 7515/1690/3489 7516/1507/3043
f 7517/1691/3490 7518/1649/3368 7519/1520/3072
f 7520/1692/3491 7521/1518/3069 7522/1564/3209
f 7521/1518/3399 7520/1692/3492 7523/1661/3400
f 7524/1692/3493 7525/1518/3065 7526/1661/3396
f 7525/1518/3065 7524/1692/3494 7527/1564/3495
f 7528/563/3496 7529/563/3497 7530/561/3498
f 7531/616/3499 7529/563/3497 7528/563/3496
f 7532/813/3500 7529/563/3497 7531/616/3501
f 7528/563/3496 7530/561/3498 7533/532/3092
f 7532/813/3500 7531/616/3499 7534/1693/3502
f 7535/820/3457 7532/813/3500 7534/1693/3502
f 7535/820/3503 7536/820/3504 7532/813/3500
f 7537/814/3505 7536/820/3504 7535/820/3506
f 7537/814/3505 7535/820/3503 7538/814/3459
f 7539/757/3507 7537/814/3505 7538/814/3508
f 7537/814/3509 7539/757/3507 7540/821/3510
f 7539/757/3511 7541/822/3512 7540/821/3510
f 7542/639/3513 7541/822/3512 7539/757/3507
f 7543/639/3514 7541/822/3512 7542/639/3513
f 7544/600/3515 7543/639/3514 7542/639/3513
f 7545/823/3516 7546/823/3517 7544/600/3518
f 7547/586/3519 7546/823/3517 7545/823/3516
f 7548/823/3516 7549/512/3520 7547/586/3519
f 7550/1694/3521 7549/512/3520 7548/823/3516
f 7551/824/3522 7552/824/3523 7547/586/3524
f 7553/513/3525 7552/824/3523 7551/824/3522
f 7554/512/3520 7551/824/3522 7547/586/3519
f 7555/513/3526 7553/513/3525 7551/824/3527
f 7555/513/3526 7551/824/3522 7554/512/3520
f 7556/1456/3235 7557/1569/3472 7558/1232/3528
f 7559/1623/2334 7560/1656/3382 7561/1545/3150
f 7560/1656/3529 7559/1623/2334 7562/1695/3530
f 7563/1521/3074 7564/1592/3531 7565/1499/3028
f 7566/1360/3532 7567/1648/3367 7568/1660/3533
f 7569/1233/3247 7570/1020/3534 7571/1696/3535
f 7572/1642/3343 7571/1696/3535 7573/1020/1961
f 7574/1623/3308 7575/1656/3439 7576/1695/3536
f 7575/1656/3439 7574/1623/3308 7577/1545/3162
f 7578/1598/3344 7579/1692/3491 7580/1564/3537
f 7581/1692/3493 7582/1598/3269 7583/1564/3210
f 7584/1636/3330 7585/1697/3538 7586/1557/3539
f 7587/942/1719 7588/1268/3540 7584/1636/3330
f 7589/1348/1110 7590/1655/3541 7591/1617/3432
f 7592/757/3511 7593/541/3542 7594/639/3513
f 7595/1476/3341 7596/1698/3543 7597/1641/3342
f 7598/1476/3341 7599/1659/2230 7596/1698/3544
f 7600/1505/3040 7601/1591/3545 7602/1593/3546
f 7601/1591/3545 7600/1505/3547 7603/1456/3040
f 7604/1699/3548 7605/1700/3549 7606/1685/3550
f 7606/1685/3461 7607/1693/3551 7608/1699/3548
f 7607/1693/3551 7606/1685/3461 7609/820/3552
f 7610/1491/3000 7611/1701/3553 7612/1651/3538
f 7613/1628/3320 7614/1702/3554 7615/1629/3555
f 7616/1703/3556 7617/1077/3338 7618/1361/2671
f 7617/1077/2647 7616/1703/3556 7619/1465/3456
f 7620/1499/3028 7621/1592/3531 7622/1673/3557
f 7623/1174/2242 7624/1608/3558 7625/1610/3559
f 7626/969/3560 7627/970/2560 7628/1458/3561
f 7628/1458/3562 7627/970/2561 7629/1306/2559
f 7630/1701/3195 7631/1491/3000 7632/1469/2999
f 7633/1672/3424 7634/1704/3563 7635/1622/3304
f 7636/1136/2180 7637/1038/2476 7638/1461/3546
f 7639/1597/3564 7640/1695/3565 7641/1598/3344
f 7640/1695/3530 7639/1597/3263 7642/1656/3382
f 7643/1598/3566 7644/1695/3536 7645/1597/3267
f 7645/1597/3268 7644/1695/3567 7646/1656/3439
f 7647/1109/3258 7648/1000/2445 7649/1461/3568
f 7650/1513/3057 7651/1705/3569 7652/1547/3158
f 7653/1458/3570 7654/990/3571 7655/1109/3258
f 7656/1174/2242 7657/1610/3559 7658/1537/3119
f 7659/1706/3572 7660/1497/3018 7661/1707/3573
f 7660/1497/3018 7659/1706/3441 7662/1522/3075
f 7663/1708/3574 7664/1691/3575 7665/1520/3576
f 7666/1209/3213 7667/1027/2468 7668/1461/3577
f 7669/1508/3044 7670/1709/3578 7671/1690/3489
f 7672/1710/3579 7673/1652/3376 7674/1381/2727
f 7675/1711/3580 7676/1695/3530 7677/1623/3581
f 7678/1711/3580 7679/1623/3581 7680/1646/3350
f 7681/1711/3582 7682/1623/3583 7683/1695/3536
f 7684/1464/3584 7685/1050/2435 7686/1220/3296
f 7687/1076/2088 7688/1712/3585 7689/1618/3586
f 7690/1711/3587 7691/1646/3351 7692/1623/3308
f 7693/1689/3588 7694/1041/3484 7695/1713/3589
f 7696/1471/3203 7697/1032/2469 7698/1088/3159
f 7699/436/3590 7700/763/3591 7701/771/3592
f 7702/436/3593 7700/763/3591 7699/436/3590
f 7702/436/3593 7703/436/3594 7700/763/3591
f 7704/1710/3595 7705/1667/3596 7706/1440/3597
f 7707/1506/3053 7708/1056/2446 7709/1461/3569
f 7710/1107/3135 7711/946/1940 7712/1461/3598
f 7713/1464/3599 7714/978/2376 7715/1107/3135
f 7716/1693/3551 7717/1714/3600 7718/1699/3548
f 7719/1507/3043 7720/1690/3601 7721/1710/3602
f 7722/1693/3551 7723/570/3603 7724/1714/3600
f 7725/722/3604 7726/834/3604 7727/1041/3604
f 7728/1521/3074 7729/1658/3605 7730/1592/3531
f 7731/1715/3606 7732/1701/3195 7733/1469/2999
f 7734/1716/3607 7735/1087/2105 7736/1081/3159
f 7737/1717/3608 7738/1081/3159 7739/1061/3369
f 7740/1471/3545 7741/1065/2178 7742/1136/2180
f 7743/1718/3123 7744/1719/3609 7745/1663/3398
f 7745/1663/3398 7746/1662/2831 7743/1718/3123
f 7747/253/3610 7748/253/3610 7749/253/3610
f 7750/1719/3611 7751/1720/3124 7752/1663/3612
f 7753/1664/3613 7752/1663/3612 7751/1720/3124
f 7754/1458/3614 7755/971/3615 7756/1506/3041
f 7757/1213/3616 7758/1630/3599 7759/1721/3598
f 7760/1532/3617 7761/1076/2088 7762/1618/3586
f 7763/1542/3179 7764/1541/3129 7765/1611/3618
f 7766/1471/3619 7767/1022/2407 7768/1180/3620
f 7769/541/3542 7770/706/3621 7771/639/3513
f 7772/1688/3622 7773/1722/3623 7774/763/3464
f 7775/1723/2006 7776/1724/2316 7777/1725/3624
f 7776/1724/2316 7775/1723/1995 7778/1726/2317
f 7778/1726/2317 7775/1723/2006 7779/1727/3625
f 7778/1726/2317 7779/1727/2109 7780/1728/2020
f 7781/1729/1945 7777/1725/3624 7776/1724/2316
f 7777/1725/3624 7781/1729/1945 7782/1730/3626
f 7781/1729/3627 7783/1731/2128 7782/1730/2019
f 7783/1731/3628 7781/1729/1945 7784/1732/1904
f 7785/1674/2941 7786/1733/3629 7787/1661/3396
f 7788/1675/2944 7789/1661/3630 7790/1733/3631
f 7791/1598/3264 7792/1695/3565 7793/1692/3491
f 7794/1692/3493 7795/1695/3536 7796/1598/3269
f 7797/1734/3632 7798/1304/2557 7799/1314/2578
f 7800/1513/3057 7801/1620/3633 7802/1705/3634
f 7803/763/3635 7804/1722/3636 7805/436/3637
f 7806/1352/3469 7807/973/2285 7808/1433/3438
f 7809/1628/3320 7810/1735/3638 7811/1702/3554
f 7812/1663/3639 7813/1711/3580 7814/1646/3350
f 7815/1663/3401 7816/1646/3351 7817/1711/3587
f 7818/736/3482 7819/1736/3640 7820/1737/3641
f 7819/1736/3640 7818/736/3482 7821/1467/3481
f 7822/1640/3642 7823/1738/3643 7824/1536/3118
f 7825/1480/3644 7826/436/3645 7827/322/3646
f 7828/772/3647 7829/772/3648 7825/1480/3644
f 7827/322/3649 7828/772/3647 7825/1480/3644
f 7830/1445/3650 7828/772/3647 7827/322/3646
f 7831/773/3651 7830/1445/3650 7832/1739/3652
f 7833/322/3653 7830/1445/3650 7827/322/3649
f 7830/1445/3650 7833/322/3653 7832/1739/3652
f 7833/322/3653 7827/322/3646 7834/436/3654
f 7834/436/3654 7827/322/3649 7835/436/3655
f 7835/436/3656 7836/436/3657 7834/436/3654
f 7833/322/3658 7834/436/3654 7837/436/3659
f 7838/436/3637 7833/322/3653 7837/436/3659
f 7839/322/3660 7833/322/3661 7838/436/3637
f 7839/322/3660 7832/1739/3652 7833/322/3653
f 7832/1739/3662 7839/322/3660 7840/1740/3663
f 7841/1526/3086 7842/1741/3664 7843/1742/3665
f 7842/1741/3062 7841/1526/3086 7844/1567/3219
f 7845/1637/3332 7846/1743/3666 7847/1647/3362
f 7848/1541/3154 7849/1630/3599 7850/1213/3616
f 7851/736/3482 7852/1737/3641 7853/1688/3466
f 7854/1703/3667 7855/1361/2671 7856/1316/3668
f 7857/1523/3232 7858/1578/3669 7859/1615/3577
f 7860/1536/3118 7861/1738/3643 7862/1515/3060
f 7863/763/3464 7864/763/3670 7865/1687/3465
f 7866/1736/3640 7867/722/3479 7868/1689/3485
f 7867/722/3479 7866/1736/3671 7869/1467/3477
f 7870/253/3672 7871/253/3673 7872/253/3674
f 7872/253/3674 7871/253/3675 7873/253/3676
f 7874/253/3677 7875/253/3677 7876/253/3678
f 7875/253/3678 7874/253/3678 7877/253/3678
f 7878/1719/3609 7879/1711/3580 7880/1663/3398
f 7881/1719/3611 7882/1663/3612 7883/1711/3587
f 7884/1041/3484 7885/402/3679 7886/1713/3589
f 7886/1713/3589 7887/402/3680 7888/402/3681
f 7889/402/3682 7890/401/3683 7888/402/3681
f 7890/401/3683 7889/402/3684 7891/401/3685
f 7889/402/3684 7892/1544/3686 7891/401/3685
f 7890/401/3683 7891/401/3685 7893/835/3687
f 7893/835/3688 7894/1744/3689 7890/401/3683
f 7891/401/3685 7892/1544/3686 7895/835/3690
f 7891/401/3685 7895/835/3690 7893/835/3688
f 7896/835/3691 7895/835/3690 7892/1544/3686
f 7896/835/3691 7892/1544/3686 7897/1543/3692
f 7897/1543/3692 7898/402/3693 7896/835/3691
f 7899/837/3694 7893/835/3688 7895/835/3690
f 7893/835/3688 7900/837/3695 7894/1744/3689
f 7899/837/3696 7900/837/3695 7893/835/3688
f 7900/837/3695 7901/249/3697 7894/1744/3689
f 7900/837/3695 7902/249/3698 7901/249/3697
f 7899/837/3696 7902/249/3699 7900/837/3695
f 7899/837/3696 7903/249/3700 7902/249/3698
f 7895/835/3690 7904/835/3701 7899/837/3696
f 7899/837/3696 7905/1406/3702 7903/249/3700
f 7904/835/3701 7905/1406/3702 7899/837/3696
f 7904/835/3701 7906/1407/3703 7905/1406/3704
f 7907/1719/3609 7908/1718/3123 7909/1675/2944
f 7907/1719/3609 7909/1675/2943 7910/1733/3705
f 7911/1745/3706 7912/1746/3707 7913/570/3603
f 7912/1746/3707 7911/1745/3706 7914/1747/3708
f 7915/1733/3629 7916/1674/2941 7917/1719/3611
f 7918/1720/3124 7917/1719/3611 7916/1674/2942
f 7919/1714/3709 7920/1746/3710 7921/198/3711
f 7919/1714/3600 7922/570/3712 7920/1746/3710
f 7923/1748/3713 7924/1429/3714 7925/1303/2549
f 7926/1689/3485 7927/1713/3715 7928/1749/3716
f 7929/1694/3521 7930/706/3621 7931/1750/3717
f 7932/1579/3234 7933/1681/3443 7934/1683/3378
f 7935/1751/3718 7936/1290/2510 7937/1416/2793
f 7938/1515/3060 7939/1738/3226 7940/1752/3227
f 7941/1600/3454 7942/1584/3667 7943/1574/3719
f 7942/1584/3667 7941/1600/3454 7944/1583/3456
f 7945/1694/3521 7946/1750/3717 7947/627/3720
f 7945/1694/3721 7947/627/3720 7948/512/3520
f 7949/1661/3400 7950/1692/3492 7951/1733/3705
f 7952/1661/3396 7953/1733/3629 7954/1692/3494
f 7955/1456/2887 7956/1632/3562 7957/1634/3722
f 7958/1753/3723 7959/1529/3090 7960/1327/2602
f 7961/1602/3724 7962/1754/3725 7963/1586/3726
f 7963/1586/3280 7962/1754/3438 7964/1572/3437
f 7965/1591/3545 7966/1592/2180 7967/1593/3546
f 7968/1339/3727 7969/1340/2779 7970/1755/3728
f 7971/1569/3472 7972/1756/3535 7973/1600/3473
f 7974/1757/3729 7975/1490/3730 7976/1489/3731
f 7977/1600/3473 7978/1756/3535 7979/1574/3343
f 7980/1688/3466 7981/1758/3732 7982/1722/3636
f 7983/1759/3733 7984/1169/2826 7985/1216/3052
f 7986/1567/3219 7987/1760/2687 7988/1741/3062
f 7989/1522/3734 7990/1706/3735 7991/1617/3220
f 7992/1569/3472 7993/1570/3736 7994/1756/3535
f 7995/1692/3492 7996/1695/3530 7997/1711/3580
f 7998/1692/3493 7999/1711/3587 8000/1695/3567
f 8001/1745/3706 8002/1761/3737 8003/1747/3708
f 8004/1572/3486 8005/1573/3193 8006/1574/3194
f 8007/1596/3487 8008/1573/3317 8009/1572/3738
f 8010/253/3739 8011/252/3651 8012/253/3740
f 8013/253/3741 8011/252/3651 8010/253/3739
f 8011/252/3651 8014/252/3652 8012/253/3742
f 8013/253/3741 8015/252/3650 8011/252/3651
f 8013/253/3741 8016/252/3743 8015/252/3650
f 8017/693/3744 8016/252/3745 8013/253/3741
f 8012/253/3742 8014/252/3662 8018/253/3746
f 8014/252/3662 8019/253/3747 8018/253/3748
f 8019/253/3747 8014/252/3662 8020/252/3663
f 8021/1634/3722 8022/1762/2559 8023/1763/2558
f 8024/1689/3485 8025/1749/3716 8026/1764/3749
f 8027/1745/3706 8028/413/3750 8029/1765/3751
f 8030/1608/3570 8031/1609/3258 8032/1610/3568
f 8033/703/3752 8034/703/3752 8035/703/3752
f 8034/703/3753 8033/703/3753 8036/703/3753
f 8037/1766/3754 8038/1453/2871 8039/1666/3402
f 8040/1287/2495 8041/1257/2494 8042/1767/3575
f 8043/703/3755 8044/703/3756 8045/703/3755
f 8044/703/3756 8043/703/3756 8046/703/3756
f 8047/1689/3588 8048/1764/3757 8049/1736/3758
f 8050/1713/3589 8051/402/3681 8052/1749/3716
f 8053/1620/3614 8054/1768/3041 8055/1705/3569
f 8056/1456/2887 8057/1634/3722 8058/1457/2888
f 8059/1632/3562 8060/1762/2559 8057/1634/3722
f 8061/1712/3585 8062/1605/3159 8063/1618/3759
f 8064/1733/3631 8065/1711/3580 8066/1719/3609
f 8067/1733/3629 8068/1719/3611 8069/1711/3587
f 8070/1455/2950 8071/1678/3432 8072/1769/3380
f 8073/1770/3760 8074/1749/3716 8075/402/3681
f 8076/1737/3641 8077/1758/3761 8078/1688/3466
f 8079/1468/3237 8080/1529/3090 8081/1753/3384
f 8082/402/3681 8083/401/3683 8084/1770/3762
f 8085/1542/3763 8086/1611/3764 8087/1592/3296
f 8088/1542/3765 8089/1592/3296 8090/1607/3766
f 8091/1677/3767 8092/1345/2797 8093/1771/3768
f 8094/1733/3629 8095/1711/3587 8096/1692/3493
f 8097/1733/3631 8098/1692/3491 8099/1711/3580
f 8100/1615/3577 8101/1578/3669 8102/1616/3213
f 8103/1617/3769 8102/1616/3770 8101/1578/3771
f 8104/413/3750 8105/412/3772 8106/1765/3773
f 8107/736/3774 8108/1687/3775 8109/770/3776
f 8109/770/3776 8108/1687/3775 8110/763/3777
f 8107/736/3778 8109/770/3776 8111/736/3778
f 8112/1464/3109 8113/1490/2998 8114/1757/3367
f 8115/1721/3598 8116/1630/3599 8117/1631/3135
f 8118/703/3779 8119/703/3779 8120/703/3779
f 8121/703/3779 8120/703/3779 8119/703/3779
f 8122/703/3780 8123/703/3780 8124/703/3780
f 8122/703/3781 8124/703/3781 8125/703/3781
f 8126/703/3782 8127/703/3782 8128/703/3782
f 8127/703/3783 8129/703/3783 8128/703/3783
f 8130/1772/3557 8131/1773/3531 8132/1248/3784
f 8133/1247/2399 8132/1248/3785 8131/1773/3531
f 8134/703/3786 8135/703/3786 8136/703/3786
f 8136/703/3787 8137/703/3787 8134/703/3787
f 8138/703/3788 8139/703/3788 8140/703/3788
f 8140/703/3788 8141/703/3788 8138/703/3788
f 8142/703/3789 8143/703/3789 8144/703/3789
f 8144/703/3789 8143/703/3789 8145/703/3789
f 8146/1562/3790 8147/1614/3159 8148/1561/3202
f 8149/1561/3202 8150/1614/3159 8151/1574/3791
f 8152/703/3792 8153/703/3792 8154/703/3792
f 8154/703/3792 8155/703/3792 8152/703/3792
f 8156/703/3793 8157/703/3793 8158/703/3793
f 8158/703/3793 8157/703/3793 8159/703/3793
f 8160/703/3794 8161/703/3794 8162/703/3794
f 8161/703/3795 8160/703/3795 8163/703/3795
f 8164/703/3796 8165/703/3796 8166/703/3796
f 8164/703/3796 8166/703/3796 8167/703/3796
f 8168/703/3797 8169/703/3797 8170/703/3797
f 8169/703/3797 8168/703/3797 8171/703/3797
f 8172/703/3798 8173/703/3798 8174/703/3798
f 8173/703/3799 8172/703/3799 8175/703/3799
f 8176/703/3800 8177/703/3800 8178/703/3800
f 8177/703/3800 8176/703/3800 8179/703/3800
f 8180/703/3801 8181/703/3801 8182/703/3801
f 8181/703/3801 8180/703/3801 8183/703/3801
f 8184/703/3802 8185/703/3802 8186/703/3802
f 8185/703/3802 8184/703/3802 8187/703/3802
f 8188/703/3803 8189/703/3803 8190/703/3803
f 8189/703/3803 8188/703/3803 8191/703/3803
f 8192/703/3804 8193/703/3804 8194/703/3804
f 8194/703/3805 8193/703/3805 8195/703/3805
f 8196/703/3806 8197/703/3806 8198/703/3806
f 8197/703/3807 8196/703/3807 8199/703/3807
f 8200/1416/2793 8201/1654/3378 8202/1751/3718
f 8203/703/3808 8204/703/3808 8205/703/3808
f 8206/703/3809 8205/703/3809 8204/703/3809
f 8207/703/3810 8208/703/3810 8209/703/3810
f 8207/703/3811 8209/703/3811 8210/703/3811
f 8211/1167/2230 8212/1169/2232 8213/1759/3544
f 8214/1216/3052 8212/1169/2826 8215/1269/2453
f 8216/703/3812 8217/703/3812 8218/703/3812
f 8216/703/3813 8218/703/3813 8219/703/3813
f 8220/703/3814 8221/703/3814 8222/703/3814
f 8223/703/3814 8222/703/3814 8221/703/3814
f 8224/1750/3717 8225/1774/3815 8226/627/3720
f 8227/1694/3521 8228/600/3515 8229/639/3513
f 8230/763/3816 8231/763/3816 8232/771/3816
f 8233/703/3817 8234/703/3817 8235/703/3817
f 8236/703/3817 8235/703/3817 8234/703/3817
f 8237/703/3818 8238/703/3818 8239/703/3818
f 8237/703/3819 8239/703/3819 8240/703/3819
f 8241/563/3496 8242/570/3603 8243/616/3501
f 8242/570/3820 8244/1693/3502 8243/616/3501
f 8245/1775/3376 8246/1437/2833 8247/1438/3821
f 8248/512/3520 8249/627/3720 8250/668/3822
f 8250/668/3823 8251/513/3526 8248/512/3520
f 8252/1776/3055 8253/1777/3373 8254/1560/3824
f 8255/1777/3373 8256/1475/2946 8257/1560/3200
f 8258/1778/3420 8259/1339/3727 8260/1755/3421
f 8261/703/3825 8262/703/3825 8263/703/3825
f 8262/703/3825 8261/703/3825 8264/703/3825
f 8265/1779/3826 8266/1363/2680 8267/1780/3393
f 8268/1780/3347 8269/1363/3827 8270/1364/2681
f 8271/1463/2914 8272/1676/3468 8273/1781/3467
f 8274/703/3828 8275/703/3828 8276/703/3828
f 8276/703/3828 8275/703/3828 8277/703/3828
f 8278/1302/3697 8279/668/3822 8280/627/3720
f 8278/1302/3697 8280/627/3720 8281/1774/3829
f 8282/1782/3830 8283/1474/2945 8284/1475/2947
f 8285/1776/3831 8286/1217/2324 8287/1216/3832
f 8288/1694/3833 8289/823/3834 8290/600/3515
f 8291/1765/3751 8292/412/3772 8293/411/3835
f 8294/1493/3166 8295/1783/3093 8296/1784/3836
f 8297/1478/2962 8298/1462/2963 8299/1784/3836
f 8300/1785/3837 8301/1786/3838 8302/1786/3838
f 8303/703/3839 8304/703/3839 8305/703/3839
f 8305/703/3839 8306/703/3839 8303/703/3839
f 8307/703/3840 8308/703/3840 8309/703/3840
f 8310/703/3840 8308/703/3840 8307/703/3840
f 8311/1787/3841 8312/101/3842 8313/96/3843
f 8314/1788/3844 8315/96/3845 8312/101/3842
f 8315/96/3843 8314/1788/3846 8316/98/3847
f 8313/96/3843 8317/244/3848 8318/1787/3849
f 8317/244/3848 8313/96/3843 8319/1789/3850
f 8320/1790/3851 8321/1787/3841 8317/244/3848
f 8322/96/3843 8323/97/3852 8319/1789/3850
f 8323/97/3852 8322/96/3845 8324/98/3847
f 8325/1790/3851 8326/1700/3549 8321/1787/3841
f 8327/1790/3853 8328/1685/3461 8326/1700/3549
f 8328/1685/3461 8327/1790/3851 8329/1684/3854
f 8330/198/3855 8331/1791/3856 8326/1700/3549
f 8332/542/3857 8325/1790/3851 8333/244/3848
f 8332/542/3857 8334/1684/3854 8325/1790/3851
f 8332/542/3857 8335/814/3459 8336/1684/3458
f 8335/814/3459 8332/542/3858 8337/757/3511
f 8338/1747/3708 8339/142/3859 8330/198/3855
f 8340/1746/3707 8338/1747/3708 8330/198/3711
f 8341/1700/3549 8342/1714/3600 8330/198/3855
f 8342/1714/3600 8341/1700/3549 8343/1699/3860
f 8344/1468/3424 8345/1429/3861 8346/1748/3713
f 8347/1772/3555 8348/1026/1971 8349/1025/1970
f 8348/1026/1971 8347/1772/3555 8350/1792/3554
f 8351/570/3820 8352/532/3092 8353/1745/3706
f 8352/532/3092 8351/570/3862 8354/563/3496
f 8355/1793/1786 8356/1794/3433 8357/1151/2200
f 8358/1150/2201 8357/1151/2200 8356/1794/3433
f 8359/1439/2835 8360/1795/3863 8361/1796/3864
f 8360/1795/3286 8359/1439/3173 8362/1502/3032
f 8363/703/3865 8364/703/3865 8365/703/3865
f 8366/703/3866 8367/703/3866 8368/703/3866
f 8369/1784/3836 8370/1462/3867 8371/1493/3166
f 8372/1767/3575 8373/1257/2494 8374/1417/2794
f 8375/249/3868 8376/249/3868 8377/249/3869
f 8376/249/3868 8375/249/3868 8378/249/3868
f 7530/561/3498 8379/562/3870 8380/413/3871
f 7530/561/3498 8380/413/3871 7533/532/3092
f 8380/413/3871 8381/413/3872 7533/532/3092
f 8382/413/3750 8383/532/3092 8381/413/3872
f 8383/532/3092 8382/413/3750 8384/1745/3706
f 8385/1665/3381 8386/1455/2950 8387/1769/3380
f 8388/1417/2794 8389/1783/3873 8390/1767/3575
f 8391/1438/3020 8392/1697/3874 8393/1775/3376
f 8392/1697/3375 8391/1438/2834 8394/1385/3875
f 8395/1797/3876 8396/1798/3877 8397/1799/3878
f 8395/1797/3879 8397/1799/3878 8398/1800/3879
f 8396/1798/3878 8399/1801/3880 8400/1799/3878
f 8401/1802/3880 8400/1799/3878 8399/1801/3880
f 8402/1796/3422 8403/1550/3881 8404/1439/2835
f 8405/1345/2797 8406/1493/3009 8407/1803/3207
f 8407/1803/3207 8408/1771/3882 8405/1345/2676
f 8409/639/3513 8410/706/3621 8411/1694/3521
f 8410/706/3621 8412/193/3883 8413/1750/3717
f 8414/1804/3884 8415/1750/3717 8412/193/3883
f 8414/1804/3884 8416/1805/3885 8415/1750/3717
f 8417/1805/3885 8414/1804/3884 8418/138/3886
f 8419/542/3857 8420/244/3887 8421/541/3542
f 8421/541/3542 8420/244/3848 8422/192/3888
f 8422/192/3888 8423/244/3848 8424/1789/3850
f 8425/1782/3372 8426/1475/3889 8427/1777/3373
f 8428/1734/3489 8429/1415/2792 8430/1304/2557
f 8431/70/3890 8432/1806/3891 8433/1807/3892
f 8434/1808/3092 8435/1478/3893 8436/1784/3894
f 8437/1809/3895 8438/1810/3896 8439/1811/3897
f 8438/1810/3896 8437/1809/3898 8440/1812/3899
f 8441/1765/3751 8442/219/3900 8443/1761/3901
f 8444/1745/3706 8441/1765/3902 8443/1761/3903
f 8445/219/3900 8446/142/3904 8443/1761/3901
f 8443/1761/3905 8446/142/3904 8447/1747/3708
f 8448/1813/3578 8449/1415/2792 8450/1734/3489
f 8451/1814/3337 8452/1566/3906 8453/1781/3467
f 8454/1815/3907 8455/1816/3908 8456/1809/3895
f 8457/1781/3467 8458/1566/3906 8459/1463/2914
f 8460/1817/3436 8461/1793/2026 8462/1454/2872
f 8463/1151/2200 8462/1454/2872 8461/1793/1786
f 8464/1786/3838 8465/1818/3909 8466/1819/3909
f 8465/1818/3909 8464/1786/3838 8467/1786/3838
f 8468/1820/3910 8466/1819/3911 8469/1818/3911
f 8468/1820/3912 8469/1818/3909 8470/1821/3912
f 8471/1734/3489 8472/1314/2578 8473/1468/3602
f 8474/1757/3367 8475/1489/2997 8476/1686/3533
f 8477/1807/3913 8478/1822/3890 8479/70/3890
f 8480/1823/3914 8481/70/3890 8482/1822/3890
f 8481/70/3890 8480/1823/3914 8483/1824/3914
f 8484/1816/3915 8485/1815/3907 8486/1825/3907
f 8487/1327/3916 8488/1803/3164 8489/1753/3384
f 8490/1807/3892 8491/1806/3891 8492/1826/3917
f 8493/1823/3914 8494/1827/3918 8495/1824/3914
f 8496/1828/3919 8495/1824/3914 8494/1827/3919
f 8497/1758/3761 8498/1829/3920 8499/1722/3636
f 8498/1829/3921 8500/1830/3922 8499/1722/3636
f 8501/322/3660 8502/1722/3636 8500/1830/3922
f 8503/436/3637 8502/1722/3623 8501/322/3660
f 8504/1744/3689 8505/1770/3762 8506/401/3683
f 8507/1364/3923 8508/1502/3924 8509/1780/3347
f 8509/1780/3347 8508/1502/3924 8510/1831/3348
f 8511/1832/3837 8512/1786/3838 8513/1785/3837
f 8514/1833/3925 8515/1832/3837 8513/1785/3837
f 8515/1832/3837 8514/1833/3925 8516/1834/3925
f 8517/1816/3915 8518/1812/3899 8519/1809/3895
f 8520/1821/3926 8521/1825/3907 8522/1815/3907
f 8522/1815/3907 8523/1820/3927 8520/1821/3927
f 8524/1565/3928 8525/1285/2485 8526/1680/3735
f 8527/1835/3929 8528/1806/3891 8529/1811/3930
f 8528/1806/3891 8527/1835/3929 8530/1826/3917
f 8531/1792/3554 8532/1836/3931 8533/1026/1971
f 8534/1277/2467 8533/1026/3112 8532/1836/3932
f 8535/1803/3164 8536/1327/2602 8537/1326/3933
f 8538/1837/3934 8539/1838/3935 8540/1839/3934
f 8539/1838/3935 8538/1837/3934 8541/1840/3935
f 8542/1841/3936 8543/1842/3937 8544/1843/3937
f 8543/1842/3938 8542/1841/3936 8545/1844/3936
f 8546/1845/3939 8547/1844/3936 8548/1841/3936
f 8547/1844/3936 8546/1845/3939 8549/1846/3939
f 8550/1827/3919 8551/1802/3940 8552/1828/3919
f 8553/1801/3940 8552/1828/3919 8551/1802/3940
f 8554/1468/3342 8555/1759/3543 8556/1216/3052
f 8557/1847/3941 8558/1848/3942 8559/1849/3941
f 8558/1848/3942 8557/1847/3943 8560/1850/3942
f 8561/1850/3942 8562/1840/3935 8563/1848/3942
f 8562/1840/3935 8561/1850/3942 8564/1838/3935
f 8565/1846/3939 8566/1851/3944 8567/1852/3944
f 8566/1851/3944 8565/1846/3939 8568/1845/3939
f 8569/1852/3944 8570/1853/3945 8571/1854/3945
f 8570/1853/3945 8569/1852/3946 8572/1851/3946
f 8573/1855/3947 8574/1856/3948 8575/1857/3948
f 8574/1856/3948 8573/1855/3947 8576/1858/3947
f 8577/1800/3876 8575/1857/3948 8578/1856/3948
f 8578/1856/3948 8579/1797/3876 8577/1800/3876
f 8580/1859/3949 8581/1849/3941 8582/1860/3949
f 8581/1849/3941 8580/1859/3949 8583/1847/3941
f 8584/1854/3945 8585/1858/3947 8586/1855/3947
f 8585/1858/3947 8584/1854/3945 8587/1853/3945
f 8588/1766/3754 8589/1601/3950 8590/1453/2871
f 8589/1601/3278 8588/1766/3754 8591/1794/3385
f 8592/1861/3951 8593/1833/3925 8594/1862/3951
f 8593/1833/3925 8592/1861/3951 8595/1834/3925
f 8596/1860/3949 8597/1862/3951 8598/1859/3949
f 8597/1862/3951 8596/1860/3949 8599/1861/3951
f 8600/1779/3952 8601/1550/3172 8602/1796/3422
f 8603/1778/3953 8604/1287/3954 8605/1767/3490
f 8606/1863/3304 8607/1303/2549 8608/1481/3955
f 8609/1810/3956 8610/1835/3929 8611/1811/3930
f 8612/1773/3957 8613/1794/3605 8614/1247/2399
f 8615/1277/3958 8614/1247/2399 8613/1794/3959
f 8616/1755/3960 8617/1340/3126 8618/1493/3961
f 8619/1493/3962 8620/1783/3452 8621/1755/3421
f 8622/1864/3963 8623/1839/3934 8624/1865/3963
f 8623/1839/3964 8622/1864/3963 8625/1837/3964
f 8626/1843/3938 8627/1864/3965 8628/1865/3965
f 8627/1864/3963 8626/1843/3937 8629/1842/3937
f 8630/1866/3966 8631/1290/2510 8632/1751/3967
f 8633/1782/3332 8634/1580/1987 8635/1217/3666
f 8636/1867/3968 8637/1390/2746 8638/1868/3395
f 8637/1390/2746 8636/1867/3968 8639/1599/3271
f 8640/1867/3377 8641/1466/2928 8639/1599/3969
f 8641/1466/3970 8640/1867/3377 8642/1869/3423
f 8643/1303/2549 8644/1863/3971 8645/1748/3713
f 8646/722/3972 8647/1041/3972 8648/722/3972
f 8649/1870/3665 8650/1516/3062 8651/1409/3973
f 8652/1814/3642 8653/1410/2785 8654/1575/3226
f 8655/1749/3716 8656/1770/3762 8657/1871/3974
f 8658/1749/3716 8659/1871/3975 8660/1764/3749
f 8661/322/3660 8662/1830/3922 8663/1740/3976
f 8664/1750/3717 8665/1805/3885 8666/1774/3815
f 8665/1805/3885 8667/218/3977 8666/1774/3829
f 8668/1765/3978 8669/253/3747 8670/219/3900
f 8669/253/3747 8668/1765/3902 8671/411/3835
f 8672/192/3888 8673/138/3886 8674/1804/3884
f 8673/138/3886 8672/192/3888 8675/1789/3850
f 8676/138/3886 8675/1789/3850 8677/97/3852
f 8677/97/3852 8678/1872/3979 8676/138/3886
f 8679/541/3542 8672/192/3888 8680/193/3883
f 8679/541/3542 8680/193/3883 8681/706/3621
f 8682/757/3511 8683/542/3857 8679/541/3542
f 8684/193/3883 8685/192/3888 8686/1804/3884
f 8687/1774/3829 8688/218/3980 8689/1302/3697
f 8690/1700/3549 8691/1791/3856 8692/1787/3849
f 8691/1791/3856 8693/101/3981 8692/1787/3841
f 8694/1818/3982 8695/1786/3983 8696/1873/3984
f 8696/1873/3984 8697/1786/3983 8698/1832/3985
f 8699/1800/3986 8700/1799/3987 8701/1874/3988
f 8701/1874/3988 8700/1799/3987 8702/1802/3989
f 8703/1770/3762 8704/1744/3689 8705/1875/3990
f 8706/142/3904 8707/141/3991 8708/1791/3856
f 8709/198/3711 8706/142/3992 8708/1791/3856
f 8710/239/3993 8711/40/3994 8712/250/3995
f 8711/40/3994 8710/239/3993 8713/39/3996
f 8714/163/3997 8715/164/3998 8716/239/3993
f 8716/239/3993 8715/164/3998 8717/39/3996
f 8718/436/3999 8719/771/3999 8720/763/3999
f 8721/250/3995 8722/36/4000 8723/246/4001
f 8722/36/4002 8721/250/3995 8724/40/3994
f 8725/252/3663 8726/1876/4003 8727/253/3747
f 8728/1864/4004 8729/250/3995 8730/1837/4005
f 8729/250/3995 8728/1864/4004 8731/239/3993
f 8732/1864/4004 8733/1842/4006 8734/163/3997
f 8732/1864/4004 8734/163/3997 8735/239/3993
f 8736/246/4001 8737/37/4007 8738/240/4008
f 8737/37/4007 8736/246/4001 8739/36/4002
f 8740/1837/4005 8741/246/4001 8742/1840/4009
f 8741/246/4001 8740/1837/4005 8743/250/3995
f 8744/1844/4010 8745/165/4011 8746/1842/4006
f 8746/1842/4006 8745/165/4011 8747/163/3997
f 8748/1840/4009 8749/240/4008 8750/1848/4012
f 8749/240/4008 8748/1840/4009 8751/246/4001
f 8752/1846/4013 8753/238/4014 8754/1844/4010
f 8753/238/4015 8755/165/4011 8754/1844/4010
f 8756/215/4016 8757/34/4017 8758/238/4015
f 8757/34/4017 8759/33/4018 8758/238/4015
f 8760/219/3900 8761/253/4019 8762/110/4020
f 8762/110/4020 8761/253/3747 8763/1876/4003
f 8764/1871/3974 8765/1875/3990 8766/1877/4021
f 8765/1875/3990 8764/1871/4022 8767/1770/3762
f 8768/1848/4012 8769/223/4023 8770/1849/4024
f 8769/223/4025 8768/1848/4012 8771/240/4008
f 8772/218/3980 8773/1805/3885 8774/1878/4026
f 8775/35/4027 8776/204/4028 8777/223/4023
f 8776/204/4029 8775/35/4027 8778/31/4030
f 8779/1878/4026 8780/1879/4031 8781/233/4032
f 8782/218/3977 8779/1878/4033 8783/233/4032
f 8783/233/4032 8784/1302/3697 8782/218/3977
f 8785/110/4020 8786/108/4034 8787/140/4035
f 8788/140/4036 8789/219/3900 8785/110/4020
f 8790/142/3859 8789/219/3900 8788/140/4036
f 8791/1852/4037 8792/215/4016 8793/1846/4038
f 8792/215/4016 8794/238/4015 8793/1846/4038
f 8795/203/4039 8796/201/4040 8797/1880/4041
f 8798/41/4042 8799/1881/4043 8800/164/3998
f 8801/163/3997 8798/41/4044 8802/164/3998
f 8803/165/4011 8798/41/4042 8801/163/3997
f 8804/194/4045 8805/34/4017 8806/215/4016
f 8805/34/4017 8804/194/4045 8807/27/4046
f 8808/1882/4032 8809/1877/4021 8810/1875/3990
f 8811/1882/4032 8810/1875/3990 8812/1744/3689
f 8813/249/3697 8811/1882/4047 8812/1744/3689
f 8814/223/4023 8815/1860/4048 8816/1849/4049
f 8815/1860/4050 8814/223/4023 8817/204/4029
f 8818/179/4051 8819/1883/4052 8820/177/4053
f 8821/1884/4054 8822/1883/4052 8823/208/4055
f 8822/1883/4056 8824/179/4051 8823/208/4055
f 8825/212/4057 8826/214/4058 8827/203/4039
f 8827/203/4039 8826/214/4058 8828/200/4059
f 8829/1880/4041 8830/212/4057 8827/203/4039
f 8831/1884/4054 8830/212/4057 8829/1880/4060
f 8832/1854/4061 8833/215/4062 8834/1852/4063
f 8833/215/4016 8832/1854/4064 8835/194/4065
f 8836/212/4057 8837/1884/4066 8838/208/4055
f 8838/208/4055 8839/209/4067 8840/214/4058
f 8841/212/4057 8838/208/4055 8840/214/4058
f 8842/37/4007 8843/1885/4068 8844/35/4027
f 8844/35/4027 8845/240/4008 8846/37/4007
f 8845/240/4008 8844/35/4027 8847/223/4025
f 8848/182/4003 8849/1829/4069 8850/184/4070
f 8849/1829/3920 8848/182/4003 8851/1830/3922
f 8852/1740/3663 8851/1830/4071 8853/182/4003
f 8854/204/4029 8855/1861/4072 8856/1860/4048
f 8855/1861/4072 8854/204/4028 8857/157/4073
f 8857/157/4073 8858/31/4030 8859/30/4074
f 8858/31/4075 8857/157/4073 8860/204/4028
f 8861/160/4076 8862/133/4077 8863/1886/4078
f 8864/203/4039 8865/200/4059 8866/201/4040
f 8866/201/4040 8865/200/4059 8867/202/4079
f 8868/1805/3885 8869/138/4080 8870/1872/3979
f 8871/209/4067 8872/208/4055 8873/179/4051
f 8873/179/4051 8874/178/4081 8871/209/4067
f 8875/30/4074 8876/43/4082 8877/157/4073
f 8876/43/4082 8875/30/4083 8878/29/4084
f 8879/190/4040 8880/1812/4079 8881/160/4076
f 8881/160/4076 8880/1812/4085 8882/1816/4086
f 8883/26/4087 8884/1887/4088 8885/27/4046
f 8886/27/4046 8887/150/4089 8883/26/4087
f 8887/150/4089 8886/27/4046 8888/194/4045
f 8889/194/4045 8890/1855/4090 8887/150/4089
f 8890/1855/4090 8889/194/4065 8891/1854/4064
f 8892/178/4091 8893/179/4092 8894/177/4053
f 8894/177/4053 8895/176/4093 8892/178/4091
f 8896/155/4053 8897/1888/4094 8898/1889/4095
f 8898/1889/4095 8899/122/4096 8896/155/4053
f 8900/1843/4097 8901/180/4098 8902/170/4097
f 8901/180/4098 8900/1843/4097 8903/1865/4098
f 8904/1839/4099 8905/172/4099 8906/180/4098
f 8906/180/4098 8907/1865/4098 8904/1839/4099
f 8908/172/4099 8909/1838/4100 8910/168/4100
f 8909/1838/4100 8908/172/4099 8911/1839/4099
f 8912/1841/4101 8913/170/4097 8914/166/4101
f 8913/170/4097 8912/1841/4101 8915/1843/4097
f 8916/122/4096 8917/1889/4095 8918/87/4102
f 8919/1886/4103 8920/133/4077 8921/8/4104
f 8921/8/4105 8920/133/4077 8922/104/4106
f 8923/1850/4107 8924/152/4107 8925/168/4100
f 8925/168/4100 8926/1838/4100 8923/1850/4108
f 8927/101/3842 8928/119/4109 8929/1788/3844
f 8928/119/4110 8927/101/3981 8930/141/3991
f 8931/1791/3856 8930/141/4111 8932/101/3981
f 8933/81/4112 8934/1857/4113 8935/1800/4114
f 8934/1857/4113 8933/81/4112 8936/144/4115
f 8937/26/4087 8936/144/4115 8938/6/4116
f 8936/144/4115 8937/26/4087 8939/150/4089
f 8940/150/4089 8941/1857/4113 8936/144/4115
f 8941/1857/4113 8940/150/4089 8942/1855/4090
f 8943/238/4015 8944/33/4018 8945/165/4011
f 8944/33/4018 8946/41/4044 8945/165/4011
f 8947/41/4044 8944/33/4018 8948/1890/4117
f 8948/1890/4118 8949/1881/4043 8947/41/4044
f 8950/1845/4119 8951/166/4101 8952/145/4119
f 8951/166/4101 8950/1845/4120 8953/1841/4101
f 8954/160/4076 8955/1816/4121 8956/133/4077
f 8956/133/4077 8955/1816/4122 8957/1825/4123
f 8958/29/4084 8959/42/4124 8960/43/4082
f 8959/42/4124 8958/29/4084 8961/1891/4125
f 8962/141/4111 8963/140/4036 8964/119/4126
f 8965/108/4127 8964/119/4109 8963/140/4036
f 8966/142/3904 8967/140/4036 8962/141/4111
f 8968/157/4073 8969/1834/4128 8970/1861/4072
f 8969/1834/4129 8968/157/4073 8971/43/4082
f 8972/42/4124 8973/1834/4130 8971/43/4082
f 8973/1834/4129 8972/42/4124 8974/1832/3985
f 8975/1822/4093 8976/155/4053 8977/122/4096
f 8977/122/4096 8978/1823/4131 8975/1822/4093
f 8979/1811/4132 8980/131/4133 8981/1892/4134
f 8982/1847/4135 8983/135/4135 8984/152/4108
f 8984/152/4108 8985/1850/4108 8982/1847/4136
f 8986/1851/4137 8987/145/4120 8988/124/4137
f 8987/145/4120 8986/1851/4138 8989/1845/4120
f 8990/1878/4139 8991/1805/3885 8992/1872/3979
f 8992/1872/4140 8993/1893/4141 8990/1878/4026
f 8994/102/4142 8995/8/4104 8996/104/4143
f 8995/8/4104 8994/102/4142 8997/10/4144
f 8998/110/4020 8999/109/4145 9000/108/4034
f 8999/109/4145 8998/110/4020 9001/1876/4003
f 9002/1821/4146 9003/133/4077 9004/1825/4123
f 9003/133/4077 9002/1821/4147 9005/104/4106
f 9006/98/1378 9007/1737/1378 9008/1736/1378
f 9006/98/1378 9008/1736/1378 9009/97/1378
f 9010/1788/1378 9007/1737/1378 9006/98/1378
f 9009/97/1378 9008/1736/1378 9011/1872/1378
f 9007/1737/1378 9010/1788/1378 9012/119/1378
f 9013/1764/1378 9011/1872/1378 9008/1736/1378
f 9007/1737/1378 9012/119/1378 9014/108/1378
f 9011/1872/1378 9013/1764/1378 9015/1893/1378
f 9015/1893/1378 9013/1764/1378 9016/1871/1378
f 9015/1893/1378 9016/1871/1378 9017/1877/1378
f 9014/108/1378 9018/1758/1378 9007/1737/1378
f 9018/1758/1378 9014/108/1378 9019/1829/1378
f 9019/1829/1378 9014/108/1378 9020/109/1378
f 9021/84/4148 9022/1889/4095 9023/3/4149
f 9022/1889/4095 9021/84/4148 9024/87/4102
f 9025/1859/4150 9026/107/4150 9027/135/4136
f 9027/135/4136 9028/1847/4136 9025/1859/4150
f 9029/1827/4151 9030/122/4096 9031/87/4102
f 9030/122/4096 9029/1827/4152 9032/1823/4131
f 9033/1853/4153 9034/124/4138 9035/92/4153
f 9034/124/4138 9033/1853/4153 9036/1851/4138
f 9037/1894/4041 9038/190/4040 9039/1886/4078
f 9039/1886/4154 9038/190/4040 9040/160/4076
f 9041/1895/4155 9042/1894/4060 9039/1886/4078
f 9042/1894/4041 9041/1895/4155 9043/1896/4156
f 9044/94/4157 9045/10/4144 9046/102/4142
f 9045/10/4144 9044/94/4157 9047/1891/4158
f 9048/1811/4159 9049/1806/4160 9050/131/4133
f 9050/131/4133 9049/1806/4160 9051/1897/4161
f 9052/1877/4021 9053/1882/4032 9054/1893/4162
f 9055/79/4163 9056/3/4149 9057/1898/4164
f 9056/3/4149 9055/79/4163 9058/84/4148
f 9059/1818/3982 9060/104/4106 9061/1821/4146
f 9060/104/4143 9059/1818/3982 9062/102/4142
f 9063/1859/4150 9064/77/4165 9065/107/4150
f 9064/77/4165 9063/1859/4150 9066/1862/4165
f 9067/1853/4153 9068/92/4153 9069/72/4166
f 9069/72/4166 9070/1858/4166 9067/1853/4153
f 9071/1802/3989 9072/87/4167 9073/84/4148
f 9072/87/4168 9071/1802/3989 9074/1827/4169
f 9075/1806/4160 9076/70/4170 9077/1897/4161
f 9077/1897/4161 9076/70/4170 9078/69/4171
f 9079/1809/4172 9080/1892/4173 9081/74/4174
f 9082/1815/4175 9083/1809/4172 9081/74/4174
f 9084/1809/4172 9085/1811/4132 9086/1892/4134
f 9087/1832/3985 9088/42/4124 9089/1873/3984
f 9088/42/4124 9090/94/4157 9089/1873/3984
f 9091/102/4142 9092/1873/3984 9090/94/4157
f 9092/1873/3984 9091/102/4142 9093/1818/3982
f 9094/1862/4165 9095/64/4176 9096/77/4165
f 9095/64/4176 9094/1862/4165 9097/1833/4176
f 9098/1874/3988 9099/84/4148 9100/79/4163
f 9099/84/4148 9098/1874/3988 9101/1802/3989
f 9102/54/4177 9103/1858/4166 9104/72/4166
f 9103/1858/4166 9102/54/4177 9105/1856/4177
f 9106/61/4178 9107/74/4174 9108/75/4179
f 9107/74/4174 9106/61/4178 9109/1815/4175
f 9110/1824/4180 9111/69/4171 9112/70/4170
f 9113/69/4171 9114/67/4181 9115/71/4182
f 9114/67/4181 9113/69/4171 9116/1824/4180
f 9117/79/4163 9118/1898/4164 9119/81/4112
f 9119/81/4112 9120/1874/3988 9121/79/4163
f 9120/1874/3988 9119/81/4112 9122/1800/3986
f 9123/1899/4183 9124/6/4116 9118/1898/4164
f 9124/6/4116 9123/1899/4184 9125/1900/4185
f 9126/3/4149 9127/1899/4183 9118/1898/4164
f 9127/1899/4183 9126/3/4149 9128/1901/4186
f 9129/6/4187 9130/81/4112 9118/1898/4188
f 9130/81/4112 9129/6/4116 9131/144/4115
f 9132/1833/4176 9133/65/4189 9134/64/4176
f 9133/65/4189 9132/1833/4176 9135/1785/4189
f 9136/1786/4190 9137/65/4189 9135/1785/4189
f 9137/65/4189 9136/1786/4190 9138/55/4191
f 9139/51/4192 9140/1798/4193 9141/1797/4192
f 9140/1798/4193 9139/51/4192 9142/45/4194
f 9143/1856/4177 9144/51/4192 9141/1797/4192
f 9144/51/4192 9143/1856/4177 9145/54/4177
f 9146/55/4191 9147/1819/4195 9148/58/4196
f 9147/1819/4195 9146/55/4191 9149/1786/4190
f 9148/58/4196 9150/1819/4195 9151/59/4197
f 9151/59/4197 9150/1819/4195 9152/1820/4198
f 9151/59/4197 9153/1820/4198 9154/61/4178
f 9154/61/4178 9153/1820/4199 9155/1815/4175
f 9156/47/4200 9157/49/4201 9158/1801/4202
f 9157/49/4201 9159/1828/4203 9158/1801/4202
f 9160/67/4204 9161/1828/4205 9157/49/4201
f 9160/67/4181 9162/1824/4180 9161/1828/4205
f 9163/45/4194 9164/1801/4202 9165/1798/4193
f 9164/1801/4202 9163/45/4194 9166/47/4200
f 9167/40/3994 9168/1902/4206 9169/36/4207
f 9170/40/3994 9171/39/3996 9172/1903/4208
f 9172/1903/4209 9173/1902/4206 9170/40/3994
f 9174/164/3998 9175/1903/4208 9176/39/3996
f 9175/1903/4208 9174/164/3998 9177/1881/4043
f 9178/1904/4066 9179/1896/4156 9180/1905/4210
f 9179/1896/4156 9178/1904/4054 9181/1894/4041
f 9182/34/4017 9183/1890/4117 9184/33/4211
f 9185/1905/4212 9186/1906/4213 9187/1904/4066
f 9186/1906/4213 9188/1888/4056 9187/1904/4066
f 9189/36/4002 9190/1885/4068 9191/37/4007
f 9190/1885/4068 9189/36/4002 9192/1902/4206
f 9193/94/4157 9194/42/4124 9195/1891/4125
f 9196/10/4144 9195/1891/4125 9197/1907/4214
f 9197/1907/4215 9198/1908/4216 9196/10/4144
f 9199/8/4105 9200/10/4144 9198/1908/4216
f 9201/29/4084 9202/1907/4214 9195/1891/4125
f 9201/29/4084 9203/1909/4217 9202/1907/4215
f 9204/1885/4068 9205/19/4218 9206/35/4027
f 9205/19/4218 9207/31/4030 9206/35/4027
f 9208/1887/4088 9209/1890/4219 9210/34/4017
f 9208/1887/4220 9210/34/4017 9211/27/4046
f 9212/1909/4221 9213/30/4074 9214/19/4222
f 9214/19/4218 9213/30/4083 9215/31/4030
f 9216/30/4074 9217/1909/4223 9218/29/4084
f 9219/1888/4052 9220/1910/4224 9221/1889/4095
f 9222/1906/4213 9220/1910/4224 9219/1888/4056
f 9223/26/4087 9224/1900/4185 9225/1887/4220
f 9224/1900/4185 9223/26/4087 9226/6/4116
f 9227/8/4105 9228/1895/4155 9229/1886/4154
f 9228/1895/4155 9227/8/4104 9230/1908/4216
f 9231/1896/4225 9232/19/4225 9233/1885/4225
f 9234/1902/4225 9231/1896/4225 9233/1885/4225
f 9232/19/4225 9231/1896/4225 9235/1895/4225
f 9232/19/4225 9235/1895/4225 9236/1909/4225
f 9237/1908/4225 9236/1909/4225 9235/1895/4225
f 9236/1909/4225 9237/1908/4225 9238/1907/4225
f 9231/1896/4225 9234/1902/4225 9239/1905/4225
f 9240/1903/4225 9239/1905/4225 9234/1902/4225
f 9241/1881/4225 9239/1905/4225 9240/1903/4225
f 9242/1890/4225 9239/1905/4225 9241/1881/4225
f 9239/1905/4225 9242/1890/4225 9243/1906/4225
f 9243/1906/4225 9242/1890/4225 9244/1887/4225
f 9245/1900/4225 9243/1906/4225 9244/1887/4225
f 9243/1906/4225 9245/1900/4225 9246/1910/4225
f 9246/1910/4225 9245/1900/4225 9247/1901/4225
f 9247/1901/4225 9245/1900/4225 9248/1899/4225
f 9249/1889/4095 9250/1901/4186 9251/3/4149
f 9250/1901/4186 9249/1889/4095 9252/1910/4224
